week,symbol,cluster_id,signal,side,w
2019-04-01,ADA,,0.24561246605492268,1,0.13125
2019-04-01,BNB,,-0.16369897682574974,0,0.0
2019-04-01,BTC,,-0.6025451330406604,-1,-0.13430256465075635
2019-04-01,DASH,,0.16526879941090628,0,0.0
2019-04-01,ETC,,-0.3219212082023954,-1,-0.12209230604773093
2019-04-01,ETH,,-0.1986092126225772,-1,-0.13430256465075635
2019-04-01,FET,,0.15200185946991304,0,0.0
2019-04-01,LINK,,0.5629496366593865,1,0.13125
2019-04-01,LTC,,-0.24084334516011452,-1,-0.13430256465075635
2019-04-01,TRX,,0.25399053634039015,1,0.13125
2019-04-01,VET,,-0.027149810960849646,0,0.0
2019-04-01,XLM,,-0.07814383526305754,0,0.0
2019-04-01,XRP,,0.07018730118583037,0,0.0
2019-04-01,ZEC,,0.18290092295405663,1,0.13125
2019-04-08,ADA,,-0.011322418904350064,0,0.0
2019-04-08,BNB,,-0.07281785306516791,0,0.0
2019-04-08,BTC,,-0.5229617169579464,-1,-0.13612411072090405
2019-04-08,DASH,,0.16544023196764776,1,0.13125
2019-04-08,ETC,,-0.10904326380099821,0,0.0
2019-04-08,ETH,,-0.19427402138565106,-1,-0.13612411072090405
2019-04-08,FET,,0.6630896457981682,1,0.13125
2019-04-08,LINK,,0.21656519628872117,1,0.13125
2019-04-08,LTC,,-0.2911594198769877,-1,-0.11662766783728784
2019-04-08,TRX,,0.03742303944622377,0,0.0
2019-04-08,VET,,-0.002349867433474045,0,0.0
2019-04-08,XLM,,-0.1299534243111912,-1,-0.13612411072090405
2019-04-08,XRP,,0.06968169848952488,0,0.0
2019-04-08,ZEC,,0.18168217374548215,1,0.13125
2019-04-15,ADA,,0.019283490064926086,0,0.0
2019-04-15,BNB,,-0.1485913392437413,0,0.0
2019-04-15,BTC,,-0.5499755848393539,-1,-0.13995103150720373
2019-04-15,DASH,,0.16233528023777502,1,0.13125
2019-04-15,ETC,,-0.1895768559681872,-1,-0.11188826749187047
2019-04-15,ETH,,-0.17682499427981824,-1,-0.13995103150720373
2019-04-15,FET,,0.8053019400197404,1,0.13125
2019-04-15,LINK,,0.1807227614074314,1,0.13125
2019-04-15,LTC,,-0.3732823853702514,-1,-0.1332096694937221
2019-04-15,TRX,,0.02221167888071171,0,0.0
2019-04-15,VET,,0.023297953507009247,0,0.0
2019-04-15,XLM,,-0.09333183275417638,0,0.0
2019-04-15,XRP,,0.13618308116668446,0,0.0
2019-04-15,ZEC,,0.18224680717124883,1,0.13125
2019-04-22,ADA,,0.06556727305413274,0,0.0
2019-04-22,BNB,,-0.11470487910672136,0,0.0
2019-04-22,BTC,,-0.44394756616728887,-1,-0.13792359107693136
2019-04-22,DASH,,0.22715532652706216,1,0.13125
2019-04-22,ETC,,-0.13692402998575454,-1,-0.11570510872249938
2019-04-22,ETH,,-0.13365678178874446,-1,-0.13792359107693136
2019-04-22,FET,,0.43244945019126996,1,0.13125
2019-04-22,LINK,,0.15584243318138277,0,0.0
2019-04-22,LTC,,-0.34354326620185566,-1,-0.13344770912363785
2019-04-22,TRX,,0.06726727753607134,0,0.0
2019-04-22,VET,,0.013592836151036822,0,0.0
2019-04-22,XLM,,-0.11484290310869594,0,0.0
2019-04-22,XRP,,0.16129497653372024,1,0.13125
2019-04-22,ZEC,,0.1644498531843853,1,0.13125
2019-04-29,ADA,,0.14069725804023098,1,0.11543472045874885
2019-04-29,BNB,,-0.6640181493612481,-1,-0.09086941589208457
2019-04-29,BTC,,-0.4187261216902497,-1,-0.14024258501498843
2019-04-29,DASH,,0.20922365530983902,1,0.13125
2019-04-29,ETC,,0.33145681195321264,1,0.10149255940124648
2019-04-29,ETH,,-0.11541892269450116,-1,-0.14024258501498843
2019-04-29,FET,,0.10994658489380928,0,0.015815279541251157
2019-04-29,LINK,,0.022292274598336465,0,0.0
2019-04-29,LTC,,-0.0017586200244388544,0,-0.0160800977061326
2019-04-29,TRX,,0.09314269270627325,0,0.0
2019-04-29,VET,,0.04754280719707272,0,0.0
2019-04-29,XLM,,-0.07824653635786807,-1,-0.12362315531430362
2019-04-29,XRP,,0.11256737551793715,0,0.015815279541251157
2019-04-29,ZEC,,0.211298889911593,1,0.13125
2019-05-06,ADA,,0.13011630121941561,0,0.0
2019-05-06,ATOM,,0.1672652205647795,0,0.0
2019-05-06,BNB,,-0.650453094590944,-1,-0.09492028819923157
2019-05-06,BTC,,-0.5770275430871257,-1,-0.11769840975978073
2019-05-06,DASH,,0.21608554662861784,1,0.12123544997611245
2019-05-06,ETC,,0.3970532819758486,1,0.12123544997611245
2019-05-06,ETH,,-0.18907474071676633,-1,-0.11769840975978073
2019-05-06,FET,,0.2098376705461197,1,0.04005820009555019
2019-05-06,LINK,,-0.16697398995892923,-1,-0.07698448252142616
2019-05-06,LTC,,-0.014247890800097479,0,0.0
2019-05-06,TRX,,0.11684949662475037,0,0.0
2019-05-06,VET,,-0.027880553111978186,0,0.0
2019-05-06,XLM,,-0.035118424990430615,-1,-0.11769840975978073
2019-05-06,XRP,,0.16849651433671764,1,0.12123544997611245
2019-05-06,ZEC,,0.25507220536002534,1,0.12123544997611245
2019-05-13,ADA,,0.12785449907366658,1,0.1084769960222822
2019-05-13,ATOM,,0.1685771266873592,1,0.1084769960222822
2019-05-13,BNB,,-0.4057294263954413,-1,-0.10140481268591511
2019-05-13,BTC,,-0.4207825332975916,-1,-0.11130874953003521
2019-05-13,DASH,,0.12307073766321193,0,0.0
2019-05-13,ETC,,0.3111598945313866,1,0.1084769960222822
2019-05-13,ETH,,-0.16689590194203316,-1,-0.11130874953003521
2019-05-13,FET,,0.034100488139276075,0,0.0
2019-05-13,LINK,,0.19656942192530266,1,0.0910920159108712
2019-05-13,LTC,,-0.0543659184529377,0,0.0
2019-05-13,TRX,,0.07234928256959423,0,0.0
2019-05-13,VET,,-0.07558655883228582,-1,-0.11130874953003521
2019-05-13,XLM,,-0.1610665434920739,-1,-0.08966893872397923
2019-05-13,XRP,,0.07949148843672876,0,0.0
2019-05-13,ZEC,,0.17125394338583746,1,0.1084769960222822
2019-05-20,ADA,,0.0881366125136312,0,0.0
2019-05-20,ATOM,,0.16394306947747747,1,0.09010835159176557
2019-05-20,BNB,,-0.3909054325401126,-1,-0.09584135285695992
2019-05-20,BTC,,-0.5341061220384531,-1,-0.11520735699553483
2019-05-20,DASH,,0.023646346678145923,0,0.0
2019-05-20,ETC,,0.24217221638774675,1,0.09078780043151613
2019-05-20,ETH,,-0.25015763427111953,-1,-0.11520735699553483
2019-05-20,FET,,0.07935077028837972,0,0.0
2019-05-20,LINK,,0.11559480570652056,0,0.0
2019-05-20,LTC,,0.3957316781792568,1,0.12079650981161463
2019-05-20,TRX,,0.12490424673311877,1,0.12079650981161463
2019-05-20,VET,,-0.07254536107960831,-1,-0.11520735699553483
2019-05-20,XLM,,-0.1960030788450062,-1,-0.08353657615643549
2019-05-20,XRP,,0.038430055551816125,0,0.0
2019-05-20,ZEC,,0.17180782725820876,1,0.10251082835348904
2019-05-27,ADA,,0.18398982649966872,1,0.11886280761492063
2019-05-27,ATOM,,0.05133302917601031,0,0.0
2019-05-27,BNB,,-0.4163615984861746,-1,-0.11059972623263989
2019-05-27,BTC,,-0.5492712004636414,-1,-0.11108145062631516
2019-05-27,DASH,,0.008947211523498456,0,0.0
2019-05-27,ETC,,0.2978584486945201,1,0.11886280761492063
2019-05-27,ETH,,-0.34087561283535656,-1,-0.11108145062631516
2019-05-27,FET,,0.3723255068560998,1,0.04954876954031747
2019-05-27,LINK,,-0.12035392832983798,-1,-0.09353110081426824
2019-05-27,LTC,,0.1707795731711419,0,0.0
2019-05-27,TRX,,0.27131458033067707,1,0.11886280761492063
2019-05-27,VET,,-0.08673220877427056,0,0.0
2019-05-27,XLM,,-0.24139259809856017,-1,-0.09870627170046159
2019-05-27,XRP,,0.10986723663159054,0,0.0
2019-05-27,ZEC,,0.2885717341046344,1,0.11886280761492063
2019-06-03,ADA,,0.05544234137422775,0,0.0
2019-06-03,ATOM,,0.20645664953380063,1,0.11106237166425509
2019-06-03,BNB,,-0.44246925203046994,-1,-0.10793501257606924
2019-06-03,BTC,,-0.4724888733706992,-1,-0.10793501257606924
2019-06-03,DASH,,0.04456000741746693,0,0.0
2019-06-03,ETC,,0.1390595635925634,1,0.11106237166425509
2019-06-03,ETH,,-0.25491012117835715,-1,-0.10793501257606924
2019-06-03,FET,,0.49242447499847886,1,0.08075051334297959
2019-06-03,LINK,,-0.05425515394020612,0,0.0
2019-06-03,LTC,,0.10830842399497044,0,0.0
2019-06-03,TRX,,0.1759013210126028,1,0.11106237166425509
2019-06-03,VET,,-0.06256348451409727,-1,-0.10793501257606924
2019-06-03,XLM,,-0.23236367068608724,-1,-0.09325994969572302
2019-06-03,XRP,,0.09432981412760594,0,0.0
2019-06-03,ZEC,,0.20256795966820038,1,0.11106237166425509
2019-06-10,ADA,,0.0009469908099191413,0,0.0
2019-06-10,ATOM,,0.003972476866454823,1,0.07861860982542655
2019-06-10,BNB,,-0.3450836865846919,-1,-0.11807443516250683
2019-06-10,BTC,,-0.48387664082256937,-1,-0.11807443516250683
2019-06-10,DASH,,0.21846983300120226,1,0.11159534754364335
2019-06-10,ETC,,-0.04372142766025388,0,0.0
2019-06-10,ETH,,-0.10834476217121988,-1,-0.11807443516250683
2019-06-10,FET,,0.822647296811181,1,0.11159534754364335
2019-06-10,LINK,,-0.216640974459032,-1,-0.0527022593499727
2019-06-10,LTC,,-0.043166164432915204,0,0.0
2019-06-10,TRX,,-0.016708079311210655,0,0.0
2019-06-10,VET,,-0.06441484745784343,-1,-0.11807443516250683
2019-06-10,XLM,,-0.011555574188270688,0,0.0
2019-06-10,XRP,,0.17884386440022013,1,0.11159534754364335
2019-06-10,ZEC,,0.10863169519902902,1,0.11159534754364335
2019-06-17,ADA,,0.03658838952813697,0,0.0
2019-06-17,ATOM,,0.09711693764389728,0,0.0
2019-06-17,BNB,,-0.18069853724138582,-1,-0.12420573887043904
2019-06-17,BTC,,-0.4131878200713759,-1,-0.09750412216999145
2019-06-17,DASH,,0.328352071692987,1,0.1051816814634175
2019-06-17,ETC,,0.12737699508014078,1,0.10427327414633002
2019-06-17,ETH,,-0.0616685353445288,0,0.0
2019-06-17,FET,,0.32958513875803486,1,0.1051816814634175
2019-06-17,LINK,,-0.42571977883519085,-1,-0.05487866121869146
2019-06-17,LTC,,-0.37674661237965745,-1,-0.12420573887043904
2019-06-17,TRX,,0.04982829020154692,0,0.0
2019-06-17,VET,,-0.10980919847795587,-1,-0.12420573887043904
2019-06-17,XLM,,0.05554222877567308,0,0.0
2019-06-17,XRP,,0.30833993983843017,1,0.1051816814634175
2019-06-17,ZEC,,0.23510049083124882,1,0.1051816814634175
2019-06-24,ADA,,0.006094540405488772,0,0.0
2019-06-24,ALGO,,0.12046488351542099,0,0.0
2019-06-24,ATOM,,0.3840823573384229,1,0.10434492744958386
2019-06-24,BNB,,-0.253488161325828,-1,-0.11825640610495312
2019-06-24,BTC,,-0.5104622019855027,-1,-0.11825640610495312
2019-06-24,DASH,,0.19411494909447616,1,0.10516376813760402
2019-06-24,ETC,,0.3063707574155753,1,0.10516376813760402
2019-06-24,ETH,,-0.15381590389628366,0,0.0
2019-06-24,FET,,0.4092530526737492,1,0.10516376813760402
2019-06-24,LINK,,-0.6987123842510095,-1,-0.05197437558018751
2019-06-24,LTC,,-0.23674008293507678,-1,-0.11825640610495312
2019-06-24,TRX,,0.1613377076972993,0,0.0
2019-06-24,VET,,-0.1728867504810699,-1,-0.11825640610495312
2019-06-24,XLM,,0.11072377649581339,0,0.0
2019-06-24,XRP,,0.22370258024083733,1,0.10516376813760402
2019-06-24,ZEC,,0.10996087999768595,0,0.0
2019-07-01,ADA,,0.01928675623267619,0,0.0
2019-07-01,ALGO,,0.12676936996446575,0,0.0
2019-07-01,ATOM,,0.3521094866875793,1,0.09405659217761861
2019-07-01,BNB,,-0.23851848047845392,-1,-0.1197075265127374
2019-07-01,BTC,,-0.4543852088897355,-1,-0.1197075265127374
2019-07-01,DASH,,0.19191022816087253,0,0.0
2019-07-01,ETC,,0.3703581926408388,1,0.10912710676239368
2019-07-01,ETH,,-0.09416956022199569,0,0.0
2019-07-01,FET,,0.3754735237672488,1,0.10912710676239368
2019-07-01,LINK,,-0.8499218017841454,-1,-0.04616989394905037
2019-07-01,LTC,,-0.2945522823474259,-1,-0.1197075265127374
2019-07-01,TRX,,0.29682185435091657,1,0.10356208753520031
2019-07-01,VET,,-0.34747397928161533,-1,-0.1197075265127374
2019-07-01,XLM,,0.1676185893053616,0,0.0
2019-07-01,XRP,,0.24193125867137194,1,0.10912710676239368
2019-07-01,ZEC,,0.1367420532220409,0,0.0
2019-07-08,ADA,,0.02615583564358006,0,0.0
2019-07-08,ALGO,,0.10573564440538631,0,0.0
2019-07-08,ATOM,,0.35703133863057007,1,0.10500000000000001
2019-07-08,BNB,,-0.4334987957850976,-1,-0.11727790624170122
2019-07-08,BTC,,-0.7228260462987791,-1,-0.11727790624170122
2019-07-08,DASH,,0.1417512155962418,0,0.0
2019-07-08,DOGE,,0.18509493735558924,1,0.10500000000000001
2019-07-08,ETC,,0.42054220224548683,1,0.10500000000000001
2019-07-08,ETH,,-0.10989373294059646,-1,-0.11727790624170122
2019-07-08,FET,,0.41466981603011677,1,0.10500000000000001
2019-07-08,LINK,,-0.6930176072284397,-1,-0.055888375033195145
2019-07-08,LTC,,-0.030585187306891387,0,0.0
2019-07-08,TRX,,0.07449906665294678,0,0.0
2019-07-08,VET,,-0.09666093194006467,-1,-0.11727790624170122
2019-07-08,XLM,,-0.03900445718573734,0,0.0
2019-07-08,XRP,,0.23294579430026288,1,0.10500000000000001
2019-07-08,ZEC,,0.1670609078254262,0,0.0
2019-07-15,ADA,,0.06704137431657671,0,0.0
2019-07-15,ALGO,,0.008283339955913767,0,0.0
2019-07-15,ATOM,,0.3529330291945605,1,0.10500000000000001
2019-07-15,BNB,,-0.44930615479370223,-1,-0.12251045212613873
2019-07-15,BTC,,-0.708183938079554,-1,-0.12251045212613873
2019-07-15,DASH,,0.15476198277816583,0,0.0
2019-07-15,DOGE,,0.18504020183238193,1,0.10500000000000001
2019-07-15,ETC,,0.4055997545004249,1,0.10500000000000001
2019-07-15,ETH,,-0.08797630574225046,-1,-0.12251045212613873
2019-07-15,FET,,0.5218361202600885,1,0.10500000000000001
2019-07-15,LINK,,-0.7185046247104382,-1,-0.0412387799818039
2019-07-15,LTC,,-0.00591023312745761,0,0.0
2019-07-15,TRX,,0.0372594891316773,0,0.0
2019-07-15,VET,,-0.090822734976071,-1,-0.11622986363977994
2019-07-15,XLM,,-0.06181334289023231,0,0.0
2019-07-15,XRP,,0.23597000374943344,1,0.10500000000000001
2019-07-15,ZEC,,0.15379203860048368,0,0.0
2019-07-22,ADA,,0.06550153874460324,0,0.0
2019-07-22,ALGO,,0.24651878378266795,1,0.09468158445664379
2019-07-22,ATOM,,0.17890914591981816,0,0.01633254234980909
2019-07-22,BNB,,-0.5006574036672696,-1,-0.11352164802477409
2019-07-22,BTC,,-0.7889050308925587,-1,-0.11352164802477409
2019-07-22,DASH,,0.20427225569682744,1,0.09468158445664379
2019-07-22,DOGE,,0.18660333549367156,0,0.01633254234980909
2019-07-22,ETC,,0.2815763409954441,1,0.08094349277418847
2019-07-22,ETH,,-0.10446305566204774,0,-0.01905625854899448
2019-07-22,FET,,0.5429308938922407,1,0.1110141268064529
2019-07-22,LINK,,-0.009487852362731121,0,-0.006414610671497824
2019-07-22,LTC,,-0.14658374249818726,-1,-0.09446538947577961
2019-07-22,TRX,,-0.27077192952930423,-1,-0.06547573034783616
2019-07-22,VET,,-0.11808750810488428,-1,-0.11254471490634382
2019-07-22,XLM,,-0.10657890917998272,0,0.0
2019-07-22,XRP,,0.14782377647366063,0,0.01633254234980909
2019-07-22,ZEC,,0.1913993608980335,1,0.09468158445664379
2019-07-29,ADA,,0.016207949164448024,0,0.0
2019-07-29,ALGO,,-0.02967536239629888,0,0.0
2019-07-29,ATOM,,0.2661307626080179,0,0.0
2019-07-29,BNB,,-0.4858853816475205,-1,-0.1094664883880378
2019-07-29,BTC,,-0.8295743202994962,-1,-0.1094664883880378
2019-07-29,DASH,,0.27342749948540856,1,0.11040156087814748
2019-07-29,DOGE,,0.34673969989542636,1,0.11040156087814748
2019-07-29,ETC,,0.2807432958765723,1,0.08339375648741003
2019-07-29,ETH,,-0.05237410340261882,0,0.0
2019-07-29,FET,,0.42923854265840544,1,0.11040156087814748
2019-07-29,LINK,,-0.050390059905242576,0,0.0
2019-07-29,LTC,,-0.1376323313032836,-1,-0.1094664883880378
2019-07-29,TRX,,-0.2752991146544691,-1,-0.08713404644784883
2019-07-29,VET,,-0.12414713132879687,-1,-0.1094664883880378
2019-07-29,XLM,,-0.12236186122529533,0,0.0
2019-07-29,XRP,,0.17149743218567856,0,0.0
2019-07-29,ZEC,,0.3233544842890662,1,0.11040156087814748
2019-08-05,ADA,,0.07599186774303152,0,0.0
2019-08-05,ALGO,,-0.11699611854528388,0,0.0
2019-08-05,ATOM,,0.3656703532309127,1,0.08787398882703944
2019-08-05,BNB,,-0.5491802030727254,-1,-0.10927959603553673
2019-08-05,BTC,,-0.937012548239345,-1,-0.10927959603553673
2019-08-05,DASH,,0.3064688415354062,1,0.10928150279324014
2019-08-05,DOGE,,0.3134879852841021,1,0.10928150279324014
2019-08-05,ETC,,0.3652767590751426,1,0.10928150279324014
2019-08-05,ETH,,-0.016609621771946203,0,0.0
2019-08-05,FET,,0.5614370226645496,1,0.10928150279324014
2019-08-05,LINK,,-0.20721062936945472,-1,-0.10927959603553673
2019-08-05,LTC,,-0.14365552194739667,-1,-0.10927959603553673
2019-08-05,TRX,,-0.20083053451647054,-1,-0.08788161585785313
2019-08-05,VET,,-0.03178809143172239,0,0.0
2019-08-05,XLM,,-0.11665881805520929,0,0.0
2019-08-05,XRP,,0.1921969056960278,0,0.0
2019-08-05,ZEC,,0.13941235172038172,0,0.0
2019-08-12,ADA,,0.045634913304008595,0,0.0
2019-08-12,ALGO,,-0.18626331295628615,-1,-0.06910366263056035
2019-08-12,ATOM,,0.4760300799547923,1,0.08966869242810084
2019-08-12,BNB,,-0.6128605829248142,-1,-0.1139740843423599
2019-08-12,BTC,,-1.041617263810495,-1,-0.1139740843423599
2019-08-12,DASH,,0.17098085673250824,1,0.10883282689297477
2019-08-12,DOGE,,0.0977393980580781,0,0.0
2019-08-12,ETC,,0.5066472321704838,1,0.10883282689297477
2019-08-12,ETH,,-0.11230457336508148,-1,-0.1139740843423599
2019-08-12,FET,,0.5295528142441617,1,0.10883282689297477
2019-08-12,LINK,,-0.14557937518303662,-1,-0.1139740843423599
2019-08-12,LTC,,-0.08684405623407433,0,0.0
2019-08-12,TRX,,0.11217829703986185,0,0.0
2019-08-12,VET,,-0.07279062261071222,0,0.0
2019-08-12,XLM,,-0.08008577629134872,0,0.0
2019-08-12,XRP,,0.26163762067697255,1,0.10883282689297477
2019-08-12,ZEC,,0.1379443511949832,0,0.0
2019-08-19,ADA,,0.08111050382025314,0,0.0
2019-08-19,ALGO,,-0.1981131144295865,-1,-0.06528718318153072
2019-08-19,ATOM,,0.432025570468832,1,0.11624642266757808
2019-08-19,BNB,,-0.6704641515924482,-1,-0.11554319012689877
2019-08-19,BTC,,-0.9814859745567357,-1,-0.11554319012689877
2019-08-19,DASH,,0.167026314863658,0,0.0
2019-08-19,DOGE,,0.10474673158975822,0,0.0
2019-08-19,ETC,,0.2820529029967523,1,0.05989912914049931
2019-08-19,ETH,,-0.09602543303100596,-1,-0.11554319012689877
2019-08-19,FET,,0.4976856067068246,1,0.11628481606397421
2019-08-19,LINK,,-0.20642362601853345,-1,-0.11308324643777297
2019-08-19,LTC,,-0.060778983882860835,0,0.0
2019-08-19,TRX,,0.19865471732406947,0,0.0
2019-08-19,VET,,0.02013365038662844,0,0.0
2019-08-19,XLM,,-0.010302483445453647,0,0.0
2019-08-19,XRP,,0.22716039906455282,1,0.11628481606397421
2019-08-19,ZEC,,0.2129973697352939,1,0.11628481606397421
2019-08-26,ADA,,0.044098148586657615,0,0.0
2019-08-26,ALGO,,-0.06543706176521609,-1,-0.06431337460467565
2019-08-26,ATOM,,0.4770720963837629,1,0.10621151368176988
2019-08-26,BNB,,-0.6207507413046923,-1,-0.10705336980822673
2019-08-26,BTC,,-0.8739110638452021,-1,-0.11787775186236589
2019-08-26,DASH,,0.12818495168435778,1,0.10621151368176988
2019-08-26,DOGE,,0.1112399480030743,0,0.0
2019-08-26,ETC,,0.009469581959257747,0,0.0
2019-08-26,ETH,,-0.04978929190073598,0,0.0
2019-08-26,FET,,0.6171887453754176,1,0.10015394527292049
2019-08-26,LINK,,-0.0860543092842454,-1,-0.11787775186236589
2019-08-26,LTC,,0.026731491560466055,0,0.0
2019-08-26,TRX,,0.1803929079485123,1,0.10621151368176988
2019-08-26,VET,,-0.028479924774286475,0,0.0
2019-08-26,XLM,,-0.09069864702166926,-1,-0.11787775186236589
2019-08-26,XRP,,0.007488417380987721,0,0.0
2019-08-26,ZEC,,0.21325475101355296,1,0.10621151368176988
2019-09-02,ADA,,-0.1478785826586165,0,0.0
2019-09-02,ALGO,,0.4089539589294456,1,0.08449314425664695
2019-09-02,ATOM,,0.058166426237735595,0,0.013616003412777536
2019-09-02,BNB,,-0.24089270216609113,-1,-0.11385172708897849
2019-09-02,BTC,,-0.48996102562956045,-1,-0.11523938100597246
2019-09-02,DASH,,0.09429723759313093,0,0.013616003412777536
2019-09-02,DOGE,,0.09011624548875352,0,0.0
2019-09-02,ETC,,-0.2857476896612411,-1,-0.0571853445798259
2019-09-02,ETH,,-0.24027719259361902,-1,-0.10012780019885321
2019-09-02,FET,,0.58151265725913,1,0.09958426806918923
2019-09-02,LINK,,0.18523619836665076,1,0.0776263487628059
2019-09-02,LTC,,-0.0864119278599394,0,0.0
2019-09-02,TRX,,0.2582081566803026,1,0.10635393298270267
2019-09-02,VET,,-0.23996239192187538,-1,-0.10012780019885321
2019-09-02,XLM,,-0.16997967218403837,0,-0.015111580807119246
2019-09-02,XRP,,0.07080670211345835,0,0.0
2019-09-02,ZEC,,0.15381360200637384,1,0.10635393298270267
2019-09-09,ADA,,-0.1692119902555054,-1,-0.10115606253441192
2019-09-09,ALGO,,0.4110608739764355,1,0.07205402818690508
2019-09-09,ATOM,,0.05043466610657664,0,0.0
2019-09-09,BNB,,-0.29855821829458334,-1,-0.07912507169513464
2019-09-09,BTC,,-0.52824393259557,-1,-0.10115606253441192
2019-09-09,CHZ,,0.22040819249230986,1,0.10372922608377118
2019-09-09,DASH,,0.069194166626972,0,0.0
2019-09-09,DOGE,,0.11442604461806206,1,0.10372922608377118
2019-09-09,ETC,,-0.30516419589362354,-1,-0.041250678167217725
2019-09-09,ETH,,-0.2074080249156068,-1,-0.10115606253441192
2019-09-09,FET,,0.5832039917569849,1,0.05216160700918728
2019-09-09,LINK,,0.1436186442331206,1,0.08959668655259422
2019-09-09,LTC,,-0.0817710480368158,0,0.0
2019-09-09,TRX,,0.3043625054481767,1,0.10372922608377118
2019-09-09,VET,,-0.296557696579154,-1,-0.10115606253441192
2019-09-09,XLM,,-0.13528324279553827,0,0.0
2019-09-09,XRP,,0.038190762228775404,0,0.0
2019-09-09,ZEC,,0.08729850187898373,0,0.0
2019-09-16,ADA,,-0.11732585414384958,0,0.0
2019-09-16,ALGO,,0.537041655880459,1,0.08365489769403162
2019-09-16,ATOM,,-0.237858746529755,-1,-0.03548542016819505
2019-09-16,BNB,,-0.23669560321917263,-1,-0.0894048396099442
2019-09-16,BTC,,-0.6240293096867779,-1,-0.10831413722226418
2019-09-16,CHZ,,0.2233589608339781,1,0.10312445071778313
2019-09-16,DASH,,0.04999734892198873,0,0.0
2019-09-16,DOGE,,0.15631499233031243,1,0.10312445071778313
2019-09-16,ETC,,0.0759738458529545,0,0.0
2019-09-16,ETH,,-0.1876017097122366,0,0.0
2019-09-16,FET,,0.5707535939846927,1,0.05827735235979684
2019-09-16,LINK,,0.2549201190591736,1,0.07369439779282216
2019-09-16,LTC,,0.0027423606819230333,0,0.0
2019-09-16,TRX,,0.089648859933869,1,0.10312445071778313
2019-09-16,VET,,-0.19348205797894139,-1,-0.10831413722226418
2019-09-16,XLM,,-0.23730351401489339,-1,-0.0751673285550682
2019-09-16,XRP,,-0.2088624262770919,-1,-0.10831413722226418
2019-09-16,ZEC,,0.08240748408336668,0,0.0
2019-09-23,ADA,,-0.04898104637628635,0,0.0
2019-09-23,ALGO,,0.32647860404096807,1,0.09467622208093363
2019-09-23,ATOM,,-0.1422207670236017,0,0.0
2019-09-23,BNB,,-0.20607368276783014,-1,-0.08376371932439582
2019-09-23,BTC,,-0.570589391219804,-1,-0.09308739501928216
2019-09-23,CHZ,,0.21333512976072874,1,0.09467622208093363
2019-09-23,DASH,,0.13537805128136376,1,0.08627057500744259
2019-09-23,DOGE,,0.09395959417648626,0,0.0
2019-09-23,ETC,,0.23682418759550578,1,0.09467622208093363
2019-09-23,ETH,,-0.24410944433642578,-1,-0.07961095672624684
2019-09-23,FET,,0.7326365957801709,1,0.06002453666882285
2019-09-23,LINK,,0.33203706130511806,1,0.09467622208093363
2019-09-23,LTC,,-0.027879857121651,0,0.0
2019-09-23,TRX,,-0.013343593054192096,0,0.0
2019-09-23,VET,,-0.2787420665019914,-1,-0.09308739501928216
2019-09-23,XLM,,-0.27992781427310537,-1,-0.08236313889151077
2019-09-23,XRP,,-0.317909416912297,-1,-0.09308739501928216
2019-09-23,ZEC,,0.05912785564684517,0,0.0
2019-09-30,ADA,,-0.0710826841957805,0,0.0
2019-09-30,ALGO,,0.3633604033729105,1,0.09645646909527117
2019-09-30,ATOM,,-0.015481672284764691,0,0.0
2019-09-30,BNB,,-0.08356941416636728,0,0.0
2019-09-30,BTC,,-0.495769521576503,-1,-0.09372821384708813
2019-09-30,CHZ,,0.1758681984104953,1,0.07839144938754164
2019-09-30,DASH,,0.23875753236123573,1,0.09645646909527117
2019-09-30,DOGE,,-0.04734819261122179,0,0.0
2019-09-30,ETC,,0.1942717472607624,1,0.09645646909527117
2019-09-30,ETH,,-0.30184699924974434,-1,-0.08117005571189378
2019-09-30,FET,,0.8468891879118619,1,0.060782674231373644
2019-09-30,HBAR,,0.14609566294914417,1,0.09645646909527117
2019-09-30,LINK,,0.12116047897828136,0,0.0
2019-09-30,LTC,,-0.10370284440834433,-1,-0.08158998189058007
2019-09-30,TRX,,0.002011553974570955,0,0.0
2019-09-30,VET,,-0.3449193802715823,-1,-0.09372821384708813
2019-09-30,XLM,,-0.38596994318042993,-1,-0.08105532085626173
2019-09-30,XRP,,-0.28558700447807667,-1,-0.09372821384708813
2019-09-30,ZEC,,0.04686289120355366,0,0.0
2019-10-07,ADA,,-0.07183746903428029,0,0.0
2019-10-07,ALGO,,0.2707564857111897,1,0.0822720129025696
2019-10-07,ATOM,,0.03310127752557949,0,0.0
2019-10-07,BNB,,-0.2580168739300575,-1,-0.06444342134735545
2019-10-07,BTC,,-0.464304770831275,-1,-0.09350742109927593
2019-10-07,CHZ,,0.057388251716891964,0,0.0
2019-10-07,DASH,,0.2394841466729895,1,0.09374566032819406
2019-10-07,DOGE,,0.015662084351239575,0,0.0
2019-10-07,ETC,,0.15876059753085328,1,0.09374566032819406
2019-10-07,ETH,,-0.28134832303517054,-1,-0.0886696228451416
2019-10-07,FET,,0.8286673353982748,1,0.0677453457846541
2019-10-07,HBAR,,0.150260075985978,1,0.09374566032819406
2019-10-07,LINK,,0.20987963412230334,1,0.09374566032819406
2019-10-07,LTC,,-0.09942443647391958,0,0.0
2019-10-07,TRX,,0.007614637259697236,0,0.0
2019-10-07,VET,,-0.27616475104922317,-1,-0.09350742109927593
2019-10-07,XLM,,-0.408888426982707,-1,-0.09136469250967508
2019-10-07,XRP,,-0.23398541657281297,-1,-0.09350742109927593
2019-10-07,ZEC,,0.12239594163444625,0,0.0
2019-10-14,ADA,,-0.11408417052511714,0,0.0
2019-10-14,ALGO,,0.23966878891904367,1,0.08554841417432862
2019-10-14,ATOM,,0.24792695360799913,1,0.08014473061443586
2019-10-14,BNB,,-0.1398095246407775,-1,-0.05709185987272558
2019-10-14,BTC,,-0.5318905171109993,-1,-0.09358162802545487
2019-10-14,CHZ,,-0.05164529920886569,0,0.0
2019-10-14,DASH,,0.217874367716704,1,0.09578462526742129
2019-10-14,DOGE,,0.05267609928049509,0,0.0
2019-10-14,ETC,,0.08273339983220492,1,0.09578462526742129
2019-10-14,ETH,,-0.22553042051486227,-1,-0.09358162802545487
2019-10-14,FET,,0.9144327612685071,1,0.0719529794089716
2019-10-14,HBAR,,0.15073625078223254,1,0.09578462526742129
2019-10-14,LINK,,0.0580293760098744,0,0.0
2019-10-14,LTC,,-0.12541267217677854,0,0.0
2019-10-14,TRX,,-0.04305324711063218,0,0.0
2019-10-14,VET,,-0.3749408872157478,-1,-0.09358162802545487
2019-10-14,XLM,,-0.14231503793145286,-1,-0.09358162802545487
2019-10-14,XRP,,-0.2739040729356463,-1,-0.09358162802545487
2019-10-14,ZEC,,0.0585078519538186,0,0.0
2019-10-21,ADA,,-0.007039850717099527,0,0.0
2019-10-21,ALGO,,0.07891045123924721,1,0.055599610123123706
2019-10-21,ATOM,,0.36628447241239226,1,0.08837678154717604
2019-10-21,BNB,,-0.17899036786109726,-1,-0.09827248656285711
2019-10-21,BTC,,-0.47409362667584665,-1,-0.10840187980247318
2019-10-21,CHZ,,-0.3182982986748459,-1,-0.021598831495138485
2019-10-21,DASH,,0.3626674510027753,1,0.1007120359615938
2019-10-21,DOGE,,-0.1856515409611039,-1,-0.10840187980247318
2019-10-21,ETC,,0.17140685774910766,1,0.1007120359615938
2019-10-21,ETH,,-0.1576501451162568,0,0.0
2019-10-21,FET,,0.8981323034032729,1,0.07888750044491892
2019-10-21,HBAR,,0.06622254638261828,0,0.0
2019-10-21,LINK,,-0.08820001044635342,0,0.0
2019-10-21,LTC,,0.0012253430550206476,0,0.0
2019-10-21,TRX,,0.038424009443576275,0,0.0
2019-10-21,VET,,-0.34017062895159245,-1,-0.07992304253458492
2019-10-21,XLM,,0.0028654822617702903,0,0.0
2019-10-21,XRP,,-0.3032912172354913,-1,-0.10840187980247318
2019-10-21,ZEC,,0.06724676968990516,1,0.1007120359615938
2019-10-28,ADA,,-0.05353119139437133,0,0.0
2019-10-28,ALGO,,0.250475489180607,1,0.044395709935868714
2019-10-28,ATOM,,0.4473906513733996,1,0.10097895280488928
2019-10-28,BNB,,-0.1473232202405383,0,0.0
2019-10-28,BTC,,-0.6134629826819598,-1,-0.10380918483497671
2019-10-28,CHZ,,-0.31110219001127837,-1,-0.020426054422407913
2019-10-28,DASH,,0.2664601655174548,1,0.10097895280488928
2019-10-28,DOGE,,-0.2574782514072476,-1,-0.10886364133268658
2019-10-28,ETC,,0.18898676137184156,1,0.10097895280488928
2019-10-28,ETH,,-0.20352049947142353,-1,-0.10886364133268658
2019-10-28,FET,,0.9419677410919843,1,0.08052884133577207
2019-10-28,HBAR,,0.12454928185422436,0,0.0
2019-10-28,LINK,,-0.008319086029678499,0,0.0
2019-10-28,LTC,,-0.11071444550987797,0,0.0
2019-10-28,STX,,0.18781002316006773,1,0.09713859031369132
2019-10-28,TRX,,-0.0690988266033348,0,0.0
2019-10-28,VET,,-0.3974811245224887,-1,-0.07417383674455556
2019-10-28,XLM,,0.15796064857047162,0,0.0
2019-10-28,XRP,,-0.4642091640194585,-1,-0.10886364133268658
2019-10-28,ZEC,,0.07064021977160308,0,0.0
2019-11-04,ADA,,-0.008217445215918957,0,0.0
2019-11-04,ALGO,,0.25570600007528466,1,0.04954870372583195
2019-11-04,ATOM,,0.37690734008571436,1,0.06838891249609677
2019-11-04,BNB,,0.0829606386498465,0,0.0
2019-11-04,BTC,,-0.6622596265256743,-1,-0.11813324925538587
2019-11-04,CHZ,,-0.39924348447539953,-1,-0.02124570975051979
2019-11-04,DASH,,0.23176639014256836,1,0.10176559594451783
2019-11-04,DOGE,,-0.11776401973472508,0,0.0
2019-11-04,ETC,,0.19134992088000158,1,0.10176559594451783
2019-11-04,ETH,,-0.13014305478200552,-1,-0.11813324925538587
2019-11-04,FET,,1.020346418034764,1,0.10176559594451783
2019-11-04,HBAR,,-0.11391176908198039,0,0.0
2019-11-04,LINK,,-0.027949282635482825,0,0.0
2019-11-04,LTC,,-0.05539682067040961,0,0.0
2019-11-04,STX,,0.19131719861561747,1,0.10176559594451783
2019-11-04,TRX,,-0.14122067434767197,-1,-0.09055811835993985
2019-11-04,VET,,-0.33591233042642465,-1,-0.058796424123382714
2019-11-04,XLM,,-0.007323797085378054,0,0.0
2019-11-04,XRP,,-0.4761850795791458,-1,-0.11813324925538587
2019-11-04,ZEC,,0.1251734780764186,0,0.0
2019-11-11,ADA,,0.18298092843548666,1,0.10099540680607956
2019-11-11,ALGO,,0.24345518121906606,1,0.06546390617007902
2019-11-11,ATOM,,0.25601083321015494,1,0.05555446660560274
2019-11-11,BNB,,-0.0140760123756154,0,0.0
2019-11-11,BTC,,-0.5687299170864933,-1,-0.10471716763384312
2019-11-11,CHZ,,-0.24574158684256658,-1,-0.03523557254958348
2019-11-11,DASH,,0.2104917444887076,1,0.10099540680607956
2019-11-11,DOGE,,-0.07221437192490275,0,0.0
2019-11-11,ETC,,0.1361568921053534,0,0.0
2019-11-11,ETH,,-0.1426233987423455,0,0.0
2019-11-11,FET,,0.8616534816776682,1,0.10099540680607956
2019-11-11,HBAR,,-0.16080841698164056,-1,-0.10190520330682638
2019-11-11,LINK,,0.055117182193577814,0,0.0
2019-11-11,LTC,,-0.004920157807560036,0,0.0
2019-11-11,STX,,0.18958601641434647,1,0.10099540680607956
2019-11-11,TRX,,-0.005363584345055959,0,0.0
2019-11-11,VET,,-0.2628602110068752,-1,-0.07370772124206076
2019-11-11,XLM,,-0.3840693487596436,-1,-0.10471716763384312
2019-11-11,XRP,,-0.40401941946183073,-1,-0.10471716763384312
2019-11-11,ZEC,,0.12997416559016758,0,0.0
2019-11-18,ADA,,-0.028986806782401158,0,0.022252271655375327
2019-11-18,ALGO,,0.2064794468718168,1,0.07209054858697904
2019-11-18,ATOM,,0.11210624965122347,0,0.012240290144590354
2019-11-18,BNB,,-0.08325283398406225,0,0.0
2019-11-18,BTC,,-0.595948387482209,-1,-0.10725984774957399
2019-11-18,CHZ,,-0.2645509164154366,-1,-0.033615603831720575
2019-11-18,DASH,,0.13281943510346503,0,0.022252271655375327
2019-11-18,DOGE,,-0.25372998788914336,-1,-0.08418756223817501
2019-11-18,ETC,,-0.01750827992624948,0,0.0
2019-11-18,ETH,,-0.10943927995965332,-1,-0.07492620590014284
2019-11-18,FET,,0.2584201242729445,1,0.09473811708898423
2019-11-18,HBAR,,0.24793410680397696,1,0.03926396621142887
2019-11-18,LINK,,0.3566599285316696,1,0.0724858454336089
2019-11-18,LTC,,-0.03376042806211598,0,0.0
2019-11-18,STX,,0.1445619570239486,0,0.022252271655375327
2019-11-18,TRX,,0.33824802734084153,1,0.0724858454336089
2019-11-18,VET,,0.056922214601121346,0,-0.016239988411812442
2019-11-18,XLM,,-0.1619438727493479,-1,-0.0790582174179364
2019-11-18,XRP,,-0.4582993414865617,-1,-0.10725984774957399
2019-11-18,ZEC,,0.15326864453617045,1,0.0724858454336089
2019-11-25,ADA,,-0.07431692556492685,0,0.0
2019-11-25,ALGO,,0.20012595096707855,1,0.06489099794248404
2019-11-25,ATOM,,-0.011911622799274293,0,0.0
2019-11-25,BNB,,-0.07100570034747827,0,0.0
2019-11-25,BTC,,-0.5130829218566301,-1,-0.10294644225228468
2019-11-25,CHZ,,0.1789045533643505,1,0.09424616692455985
2019-11-25,DASH,,0.15317092390378398,1,0.09424616692455985
2019-11-25,DOGE,,-0.28447635190898235,-1,-0.10294644225228468
2019-11-25,ETC,,-0.03248673239204159,0,0.0
2019-11-25,ETH,,-0.0950600731537282,-1,-0.09182437704908791
2019-11-25,FET,,-0.09298701424160405,-1,-0.04404084742579981
2019-11-25,HBAR,,0.3437132133805595,1,0.09424616692455985
2019-11-25,LINK,,0.3056392362708591,1,0.09424616692455985
2019-11-25,LTC,,-0.008403193571244423,0,0.0
2019-11-25,STX,,0.146031946372035,0,0.0
2019-11-25,TRX,,0.2751701286401763,1,0.08312433435927653
2019-11-25,VET,,0.03395115133277658,0,0.0
2019-11-25,XLM,,-0.2090221027117491,-1,-0.08029544876825828
2019-11-25,XRP,,-0.37552849989836984,-1,-0.10294644225228468
2019-11-25,ZEC,,0.13157403421440775,0,0.0
2019-12-02,ADA,,-0.14674801653396402,-1,-0.07447667595985484
2019-12-02,ALGO,,0.12601127773217494,1,0.045173468140825915
2019-12-02,ATOM,,-0.07087909339091132,0,0.0
2019-12-02,BCH,,0.12382405733816212,1,0.0776321648853165
2019-12-02,BNB,,-0.07795099323540194,0,0.0
2019-12-02,BTC,,-0.5222871758814563,-1,-0.09830674730978765
2019-12-02,CHZ,,0.21597948291124422,1,0.07799793639091163
2019-12-02,DASH,,0.10432194707919637,0,0.0
2019-12-02,DOGE,,-0.2502615245663269,-1,-0.09830674730978765
2019-12-02,ETC,,-0.04190059903672542,0,0.0
2019-12-02,ETH,,-0.12256614464169449,-1,-0.08201955302421336
2019-12-02,FET,,-0.1317361711893882,-1,-0.03870236729837411
2019-12-02,HBAR,,0.34404951746331136,1,0.07175493177526203
2019-12-02,LINK,,0.2740803085301882,1,0.08597332979687396
2019-12-02,LTC,,-0.025318346832946412,0,0.0
2019-12-02,STX,,0.47775844832779213,1,0.08622329961974658
2019-12-02,TRX,,0.06447548211350179,0,0.0
2019-12-02,VET,,-0.08409891452926492,-1,-0.03488116178819478
2019-12-02,XLM,,-0.08020800792020964,0,0.0
2019-12-02,XRP,,-0.32080695623584715,-1,-0.09830674730978765
2019-12-02,ZEC,,0.144261422498567,1,0.08024486939106334
2019-12-09,ADA,,-0.17117571319543606,-1,-0.05929527400653793
2019-12-09,ALGO,,-0.004839923743572901,0,0.0
2019-12-09,ATOM,,0.022114669974695363,0,0.0
2019-12-09,BCH,,0.12323761269052462,1,0.07189792044435277
2019-12-09,BNB,,-0.09384700246952182,-1,-0.06566644904293494
2019-12-09,BTC,,-0.571654043884113,-1,-0.07707345798251393
2019-12-09,CHZ,,0.18177238062514403,1,0.08390339970080772
2019-12-09,DASH,,0.1585172851244571,1,0.07469754034070929
2019-12-09,DOGE,,-0.20593205294196115,-1,-0.09037977190253718
2019-12-09,ETC,,-0.016207653688860853,0,0.0
2019-12-09,ETH,,-0.1454650781603124,-1,-0.06422508035435277
2019-12-09,FET,,-0.05847454668812503,0,0.0
2019-12-09,HBAR,,0.2247756859517227,1,0.06398973121206995
2019-12-09,LINK,,0.33757561509959244,1,0.08502075410821575
2019-12-09,LTC,,-0.02231100113567465,0,0.0
2019-12-09,STX,,0.5314580076234404,1,0.08502075410821575
2019-12-09,TRX,,0.11158127123793088,0,0.0
2019-12-09,VET,,-0.08467878132423844,0,0.0
2019-12-09,XLM,,-0.09218843159177934,-1,-0.07798019480858608
2019-12-09,XRP,,-0.37703982751438514,-1,-0.09037977190253718
2019-12-09,ZEC,,0.152781528010473,1,0.060469900085628754
2019-12-16,ADA,,-0.263935893114708,-1,-0.049017311649483364
2019-12-16,ALGO,,-0.014518140444555443,0,0.0
2019-12-16,ATOM,,0.007597165696759012,0,0.0
2019-12-16,BCH,,0.12149680619698164,1,0.1000398530747572
2019-12-16,BNB,,-0.034599293118745725,-1,-0.0850294697299552
2019-12-16,BTC,,-0.4143029160613989,-1,-0.0809844023150874
2019-12-16,CHZ,,0.3179404789352323,1,0.08572201722213432
2019-12-16,DASH,,0.0959401984681889,0,0.0
2019-12-16,DOGE,,-0.25012822473889523,-1,-0.0850294697299552
2019-12-16,ETC,,0.15997405138381346,1,0.1000398530747572
2019-12-16,ETH,,-0.301736209171482,-1,-0.06603952725249963
2019-12-16,FET,,0.0662551825084441,0,0.0
2019-12-16,HBAR,,0.18461027452060966,1,0.06806294071853994
2019-12-16,LINK,,0.23234401941928162,1,0.1000398530747572
2019-12-16,LTC,,0.08393523179211168,0,0.0
2019-12-16,STX,,0.34234855258619723,1,0.03692941481954821
2019-12-16,TRX,,0.08680394210779724,0,0.0
2019-12-16,VET,,0.09716354923438342,1,0.034166068015506
2019-12-16,XLM,,-0.05343697473533572,-1,-0.08209229574062117
2019-12-16,XRP,,-0.4745510016410863,-1,-0.07680752358239802
2019-12-16,ZEC,,0.01079920017640748,0,0.0
2019-12-23,ADA,,-0.1361957817590663,-1,-0.09067630690487861
2019-12-23,ALGO,,0.09053795868501052,0,0.0
2019-12-23,ATOM,,-0.06031538958464447,0,0.0
2019-12-23,BCH,,0.20463545119146662,1,0.09692571470503539
2019-12-23,BNB,,-0.0038436931243454454,0,0.0
2019-12-23,BTC,,-0.538135635693499,-1,-0.09067630690487861
2019-12-23,CHZ,,0.4127926419276593,1,0.09692571470503539
2019-12-23,DASH,,0.15804310168185562,1,0.09692571470503539
2019-12-23,DOGE,,-0.5135996987979171,-1,-0.09067630690487861
2019-12-23,ETC,,-0.05517045309520409,0,0.0
2019-12-23,ETH,,-0.21252072934894017,-1,-0.09067630690487861
2019-12-23,FET,,0.2052951513342976,1,0.0325461368673432
2019-12-23,HBAR,,0.23202295438025225,1,0.04706363460275713
2019-12-23,LINK,,0.30709714289082374,1,0.09692571470503539
2019-12-23,LTC,,0.1375524184472425,0,0.0
2019-12-23,STX,,-0.1138813820479092,-1,-0.021910330622236844
2019-12-23,TRX,,0.0014358589089799962,0,0.0
2019-12-23,VET,,0.38988132695806665,1,0.057687369709758074
2019-12-23,XLM,,0.040056708394272486,0,0.0
2019-12-23,XRP,,-0.4209941358326599,-1,-0.09067630690487861
2019-12-23,ZEC,,-0.12469381551574608,-1,-0.0497081348533701
2019-12-30,ADA,,-0.10768202665860907,-1,-0.09088934089498463
2019-12-30,ALGO,,0.25369941604588786,1,0.09378124133870104
2019-12-30,ATOM,,-0.09298209660971168,0,0.0
2019-12-30,BCH,,0.2397220395656737,1,0.09378124133870104
2019-12-30,BNB,,-0.009124337245184796,0,0.0
2019-12-30,BTC,,-0.5663472499401907,-1,-0.09088934089498463
2019-12-30,CHZ,,0.27583898108661437,1,0.0633624222073244
2019-12-30,DASH,,0.01853953273875133,0,0.0
2019-12-30,DOGE,,-0.35757930029746243,-1,-0.09088934089498463
2019-12-30,ETC,,-0.012714103731829792,0,0.0
2019-12-30,ETH,,-0.1862251156557321,-1,-0.09088934089498463
2019-12-30,FET,,0.3273536022381713,1,0.04768077124246685
2019-12-30,HBAR,,0.3065715999310266,1,0.07542161034025535
2019-12-30,LINK,,0.1621005542314505,1,0.09378124133870104
2019-12-30,LTC,,0.15469655806820562,0,0.0
2019-12-30,STX,,-0.2323805583816023,-1,-0.021587020013077905
2019-12-30,TRX,,-0.01588460331622867,0,0.0
2019-12-30,VET,,0.347371837356946,1,0.05719147219385017
2019-12-30,XLM,,-0.0027640962020520823,0,0.0
2019-12-30,XRP,,-0.4071326157467939,-1,-0.09088934089498463
2019-12-30,ZEC,,-0.09507801747733334,-1,-0.048966275511998954
2020-01-06,ADA,,-0.1504463731814382,-1,-0.09209731831182293
2020-01-06,ALGO,,0.3277517875368767,1,0.09091908017191572
2020-01-06,ATOM,,0.20791994132870326,1,0.09091908017191572
2020-01-06,BCH,,-0.45250096569220655,-1,-0.055715140629181724
2020-01-06,BNB,,0.04207148889066276,0,0.0
2020-01-06,BTC,,-0.40560925149089794,-1,-0.09209731831182293
2020-01-06,CHZ,,0.1626886176166584,1,0.05820976054825864
2020-01-06,DASH,,-0.1361531368713348,0,0.0
2020-01-06,DOGE,,-0.29472769147946404,-1,-0.09209731831182293
2020-01-06,ETC,,0.22321173181665177,1,0.09091908017191572
2020-01-06,ETH,,-0.20104450197928303,-1,-0.09209731831182293
2020-01-06,FET,,0.4984039683326571,1,0.0539087715391179
2020-01-06,HBAR,,0.2822228127198946,1,0.04920514722496059
2020-01-06,LINK,,0.016864120294201496,0,0.0
2020-01-06,LTC,,0.009228500620007872,0,0.0
2020-01-06,STX,,-0.15426548230570084,-1,-0.027259827641871733
2020-01-06,TRX,,0.03714841236737463,0,0.0
2020-01-06,VET,,0.4724305034774357,1,0.09091908017191572
2020-01-06,XLM,,0.008979615622289038,0,0.0
2020-01-06,XRP,,-0.4277727553830116,-1,-0.07363575848165477
2020-01-06,ZEC,,-0.0664013422400733,0,0.0
2020-01-13,ADA,,-0.20430952947953696,-1,-0.0878125357880994
2020-01-13,ALGO,,0.21007392816013812,1,0.09541308780694742
2020-01-13,ATOM,,0.13214374698681233,1,0.09541308780694742
2020-01-13,BCH,,0.08188361701933355,0,0.0
2020-01-13,BNB,,-0.08545408205452487,0,0.0
2020-01-13,BTC,,-0.4891876176122007,-1,-0.0878125357880994
2020-01-13,CHZ,,0.2684103438489224,1,0.06639939198084233
2020-01-13,DASH,,0.06159177032489119,0,0.0
2020-01-13,DOGE,,-0.286484469112482,-1,-0.0878125357880994
2020-01-13,ETC,,-0.3769023652262161,-1,-0.02443143339424341
2020-01-13,ETH,,-0.2595274984264212,-1,-0.08704441560419826
2020-01-13,FET,,0.6141601610372833,1,0.07783773204365987
2020-01-13,HBAR,,0.38707077887832647,1,0.04753221254124087
2020-01-13,LINK,,0.006903889135430979,0,0.0
2020-01-13,LTC,,-0.17433572371011322,-1,-0.06330787558079073
2020-01-13,STX,,0.27342739692551643,1,0.04699140001341461
2020-01-13,TRX,,-0.16038863482780136,0,0.0
2020-01-13,VET,,0.4363226770500928,1,0.09541308780694742
2020-01-13,XLM,,-0.13462852750713467,0,0.0
2020-01-13,XRP,,-0.21471074811059998,-1,-0.08677866805646936
2020-01-13,ZEC,,-0.08605911329971663,0,0.0
2020-01-20,ADA,,0.026249558146971722,0,0.0
2020-01-20,ALGO,,0.26035311245255255,1,0.08979707683148253
2020-01-20,ATOM,,0.08269553513146209,1,0.08979707683148253
2020-01-20,BCH,,-0.03340619468019494,0,0.0
2020-01-20,BNB,,-0.11893244621923901,0,0.0
2020-01-20,BTC,,-0.5229229024330972,-1,-0.09284958409521775
2020-01-20,CHZ,,0.366399354063054,1,0.062366226759671455
2020-01-20,DASH,,0.06097250495230417,0,0.0
2020-01-20,DOGE,,-0.3987155248018236,-1,-0.09284958409521775
2020-01-20,ETC,,-0.38918958105310253,-1,-0.02972757757495308
2020-01-20,ETH,,-0.300129811104964,-1,-0.09284958409521775
2020-01-20,FET,,0.7936293748443128,1,0.0742320949995797
2020-01-20,HBAR,,0.6312544485195173,1,0.06433010907358182
2020-01-20,LINK,,-0.04323541819714663,0,0.0
2020-01-20,LTC,,-0.2761248594988002,-1,-0.06696703413911426
2020-01-20,STX,,0.1483940765440264,1,0.054680338672719535
2020-01-20,TRX,,-0.09705971792011936,0,0.0
2020-01-20,VET,,0.35899289665767375,1,0.08979707683148253
2020-01-20,XLM,,-0.1852320377495889,-1,-0.056907051905061706
2020-01-20,XRP,,-0.28759793973057446,-1,-0.09284958409521775
2020-01-20,ZEC,,-0.0763944279232255,0,0.0
2020-01-27,ADA,,-0.09170213148042008,0,0.0
2020-01-27,ALGO,,0.2936332226925128,1,0.08824037193317241
2020-01-27,ATOM,,-0.08690695290342118,0,0.0
2020-01-27,BCH,,-0.10785214986634907,0,0.0
2020-01-27,BNB,,-0.150602264729902,0,0.0
2020-01-27,BTC,,-0.4500712957139335,-1,-0.09875608246825236
2020-01-27,CHZ,,0.3824710416866712,1,0.050017248695308936
2020-01-27,DASH,,-0.18573649722989657,-1,-0.02709497897576762
2020-01-27,DOGE,,-0.3429372388662667,-1,-0.09875608246825236
2020-01-27,ETC,,-0.41283116641045886,-1,-0.03505717713506225
2020-01-27,ETH,,-0.2372416405142514,-1,-0.09875608246825236
2020-01-27,FET,,0.8244484688190051,1,0.08824037193317241
2020-01-27,HBAR,,0.6657948780135765,1,0.060409294190155303
2020-01-27,LINK,,-0.004114061153857749,0,0.0
2020-01-27,LTC,,-0.18335920951294213,0,0.0
2020-01-27,STX,,0.11429314723832538,1,0.061611969381846064
2020-01-27,TRX,,0.010804903353412505,1,0.08824037193317241
2020-01-27,VET,,0.43370535201199356,1,0.08824037193317241
2020-01-27,XLM,,-0.19074029532555445,-1,-0.06782351401616073
2020-01-27,XRP,,-0.21755731906748144,-1,-0.09875608246825236
2020-01-27,ZEC,,-0.06349879104076497,0,0.0
2020-02-03,ADA,,-0.16454065788821182,-1,-0.0872349078860496
2020-02-03,ALGO,,0.10479052489160186,1,0.08119247860176353
2020-02-03,ATOM,,0.010859594375108288,0,0.0
2020-02-03,BCH,,0.11492891259570905,1,0.08228904280943528
2020-02-03,BNB,,-0.2313025670469989,-1,-0.05530746934335898
2020-02-03,BTC,,-0.40322692864471965,-1,-0.09893504382178572
2020-02-03,CHZ,,0.3365886252978419,1,0.0731512971486688
2020-02-03,DASH,,-0.06797188708810638,0,-0.003210080121336386
2020-02-03,DOGE,,-0.03217477007774453,0,-0.011700135935736128
2020-02-03,ETC,,-0.6420235928038744,-1,-0.038364792543001035
2020-02-03,ETH,,-0.15181480461942448,-1,-0.09893504382178572
2020-02-03,FET,,0.4646411447472766,1,0.09274332897423866
2020-02-03,HBAR,,0.6622634412657377,1,0.05611641089079254
2020-02-03,LINK,,0.295235264198666,1,0.08228904280943528
2020-02-03,LTC,,-0.23040564230208366,-1,-0.07052240588450595
2020-02-03,STX,,0.11166259280417648,1,0.03630982643605914
2020-02-03,TRX,,0.05175584692143079,0,0.010454286164803386
2020-02-03,VET,,0.002600318827636467,0,0.010454286164803386
2020-02-03,XLM,,-0.07622285041389916,0,-0.008035397048920916
2020-02-03,XRP,,-0.06155371501509666,0,-0.011700135935736128
2020-02-03,ZEC,,-0.09408885002502397,-1,-0.04105458765778344
2020-02-10,ADA,,-0.4287364526529764,-1,-0.06748891987098464
2020-02-10,ALGO,,0.06596797959593557,0,0.0
2020-02-10,ATOM,,-0.07558324875042666,0,0.0
2020-02-10,BCH,,0.10541734717272765,0,0.0
2020-02-10,BNB,,-0.291440276700355,-1,-0.04357136138395331
2020-02-10,BTC,,-0.5564123126153495,-1,-0.09203494578103563
2020-02-10,CHZ,,0.4710237846426038,1,0.08912011918846285
2020-02-10,DASH,,0.32485536542582694,1,0.09527556744440595
2020-02-10,DOGE,,0.09026389445424156,0,0.0
2020-02-10,ETC,,0.10764697556002126,0,0.0
2020-02-10,ETH,,-0.3336851104592148,-1,-0.08387581981695992
2020-02-10,FET,,0.419094675564977,1,0.09527556744440595
2020-02-10,HBAR,,0.2932834110767306,1,0.020828306824737682
2020-02-10,LINK,,0.33515946477417236,1,0.09527556744440595
2020-02-10,LTC,,-0.30079632576462584,-1,-0.05526025277853519
2020-02-10,STX,,0.28202368158842117,1,0.03694993100625322
2020-02-10,TRX,,-0.17184538092246263,-1,-0.09073375458749569
2020-02-10,VET,,-0.057461587944097114,0,0.0
2020-02-10,XLM,,-0.11149276239752987,0,0.0
2020-02-10,XRP,,-0.29880381892535135,-1,-0.09203494578103563
2020-02-10,ZEC,,0.13152069727673119,1,0.09227494064732836
2020-02-17,ADA,,-0.43139026659112273,-1,-0.060905503867904394
2020-02-17,ALGO,,0.12452211182131556,0,0.0
2020-02-17,ATOM,,0.12045448626037338,0,0.0
2020-02-17,BCH,,0.1412055250685193,0,0.0
2020-02-17,BNB,,-0.2897431097860591,-1,-0.042670924992711266
2020-02-17,BTC,,-0.5364432628644218,-1,-0.09432921157995094
2020-02-17,CHZ,,0.4377145170575808,1,0.07412590574794997
2020-02-17,DASH,,0.4314713837987548,1,0.08743667734380692
2020-02-17,DOGE,,0.19089772742175812,1,0.06018552042797144
2020-02-17,ETC,,0.3180388890254808,1,0.06968262153126052
2020-02-17,ETH,,-0.2973289748708659,-1,-0.09432921157995094
2020-02-17,FET,,0.3409769120669606,1,0.07914417142415676
2020-02-17,HBAR,,-0.024021669979197864,0,0.0
2020-02-17,LINK,,0.19217932640382604,1,0.08093612073914833
2020-02-17,LTC,,-0.20079584079600205,-1,-0.06322476303770418
2020-02-17,STX,,0.13893834509336353,0,0.0
2020-02-17,TRX,,-0.3271748031794473,-1,-0.07521117336182721
2020-02-17,VET,,-0.1269329757075346,0,0.0
2020-02-17,XLM,,-0.15387667709359706,0,0.0
2020-02-17,XRP,,-0.36379845388971077,-1,-0.09432921157995094
2020-02-17,ZEC,,0.315106810740025,1,0.07348898278570602
2020-02-24,ADA,,-0.14955703303696263,-1,-0.0897216742000074
2020-02-24,ALGO,,0.4233737382691145,1,0.05268715006882461
2020-02-24,ATOM,,0.18820931597055846,1,0.0883647009951308
2020-02-24,BCH,,0.15348669390921452,1,0.09048818456744559
2020-02-24,BNB,,-0.22453502692356783,-1,-0.06609478085139857
2020-02-24,BTC,,-0.6555205583550152,-1,-0.09395520143466954
2020-02-24,CHZ,,0.0830532447655341,0,0.0
2020-02-24,DASH,,0.27318705305368646,1,0.09048818456744559
2020-02-24,DOGE,,-0.06572891309951642,0,0.0
2020-02-24,ETC,,0.04794097801690679,0,0.0
2020-02-24,ETH,,-0.2971065956379827,-1,-0.0769221720305458
2020-02-24,FET,,0.41261017399446825,1,0.0769412704099756
2020-02-24,HBAR,,-0.2132585083560859,-1,-0.01637831415091219
2020-02-24,LINK,,-0.04606675885943628,0,0.0
2020-02-24,LTC,,0.02870946043608567,0,0.0
2020-02-24,STX,,0.5106158094280168,1,0.035542324823732166
2020-02-24,TRX,,-0.19919514850576847,-1,-0.08797265589779693
2020-02-24,VET,,-0.05236040137614834,0,0.0
2020-02-24,XLM,,-0.025849173679023937,0,0.0
2020-02-24,XRP,,-0.34662459217029934,-1,-0.09395520143466954
2020-02-24,ZEC,,0.15461624215622102,1,0.09048818456744559
2020-03-02,ADA,,-0.05242320957912057,0,0.0
2020-03-02,ALGO,,0.35879994329622183,1,0.04088771322935451
2020-03-02,ATOM,,0.19667206462252398,1,0.06672035634645672
2020-03-02,BCH,,0.12857782114985689,1,0.09781615176372092
2020-03-02,BNB,,-0.31644152791067653,-1,-0.09848546242593591
2020-03-02,BTC,,-0.6984646662392209,-1,-0.09848546242593591
2020-03-02,CHZ,,0.23501324130496978,1,0.05634177030279626
2020-03-02,DASH,,0.20001653490230475,1,0.09781615176372092
2020-03-02,DOGE,,-0.1090306499674344,-1,-0.09848546242593591
2020-03-02,ETC,,-0.04848816928080817,0,0.0
2020-03-02,ETH,,-0.3279604185635294,-1,-0.05507019409742714
2020-03-02,FET,,0.46964799091334675,1,0.09781615176372092
2020-03-02,HBAR,,-0.3083910364305117,-1,-0.009767621109846627
2020-03-02,LINK,,-0.09822250845541804,0,0.0
2020-03-02,LTC,,0.0444637249994523,0,0.0
2020-03-02,STX,,0.7913107340661903,1,0.0676017048302298
2020-03-02,TRX,,-0.1602985849105785,-1,-0.08088924915212023
2020-03-02,VET,,-0.0368619366860049,0,0.0
2020-03-02,XLM,,-0.0011246084008701919,0,0.0
2020-03-02,XRP,,-0.3596654367771206,-1,-0.08381654836279827
2020-03-02,ZEC,,0.09287069794642598,0,0.0
2020-03-09,ADA,,-0.1723092683081795,0,0.0
2020-03-09,ALGO,,0.06339992493210422,0,0.0
2020-03-09,ATOM,,-0.0173791178540071,0,0.0
2020-03-09,BCH,,0.13412569088219822,1,0.08967011156533573
2020-03-09,BNB,,-0.12648565314684992,0,0.0
2020-03-09,BTC,,-0.5390461418545593,-1,-0.07994900248030345
2020-03-09,CHZ,,0.6413861074649398,1,0.07845893683175072
2020-03-09,DASH,,0.24705711688666154,1,0.08967011156533573
2020-03-09,DOGE,,-0.12415171750835237,0,0.0
2020-03-09,ETC,,-0.13942468795103646,0,0.0
2020-03-09,ETH,,-0.32951632586811913,-1,-0.06246397955256946
2020-03-09,FET,,0.7142107752666323,1,0.05796638432407343
2020-03-09,HBAR,,-0.25857847480483614,-1,-0.03489645978501648
2020-03-09,LINK,,0.34204327538984575,1,0.06371989924678845
2020-03-09,LTC,,-0.22024824177727334,-1,-0.0706850360456548
2020-03-09,STX,,0.4451845255113326,1,0.06603037752870453
2020-03-09,TRX,,-0.25260783910803164,-1,-0.09233517404548526
2020-03-09,VET,,0.11299196788218878,1,0.07948417893801135
2020-03-09,XLM,,-0.18674293632322866,-1,-0.09233517404548526
2020-03-09,XRP,,-0.43939930188593074,-1,-0.09233517404548526
2020-03-09,ZEC,,0.10549032217450081,0,0.0
2020-03-16,ADA,,-0.17008028855343857,0,0.0
2020-03-16,ALGO,,0.36864421736808556,1,0.07840004279753882
2020-03-16,ATOM,,0.05642150596620959,0,0.0
2020-03-16,BCH,,0.129159229489279,1,0.08289886215999365
2020-03-16,BNB,,-0.10811119002319297,0,0.0
2020-03-16,BTC,,-0.526992027372058,-1,-0.0614868584272043
2020-03-16,CHZ,,0.6978646096643975,1,0.08599350779397161
2020-03-16,DASH,,0.06808631186323831,0,0.0
2020-03-16,DOGE,,-0.08241211196703763,0,0.0
2020-03-16,ETC,,-0.23397920218377463,-1,-0.09981167694750782
2020-03-16,ETH,,-0.26740225040372106,-1,-0.06667958266449538
2020-03-16,FET,,0.6532285416278801,1,0.05956645195422882
2020-03-16,HBAR,,-0.5370980187018193,-1,-0.0322758109184431
2020-03-16,LINK,,0.29727044122982854,1,0.07242571277944836
2020-03-16,LTC,,-0.17256431521050877,-1,-0.08496637419107383
2020-03-16,STX,,0.3573066142234436,1,0.06329778180542205
2020-03-16,TRX,,-0.20506582349506072,-1,-0.0799680199037678
2020-03-16,VET,,0.138363364366464,1,0.08241764070939676
2020-03-16,XLM,,-0.16612117570727528,0,0.0
2020-03-16,XRP,,-0.394143391938316,-1,-0.09981167694750782
2020-03-16,ZEC,,0.0976249597573798,0,0.0
2020-03-23,ADA,,-0.11731409992350791,0,0.0
2020-03-23,ALGO,,0.35303434441371007,1,0.07956941609458242
2020-03-23,ATOM,,0.004480001370794019,0,0.0
2020-03-23,BCH,,0.12100963870903701,1,0.08463477434887097
2020-03-23,BNB,,-0.11927741036598474,0,0.0
2020-03-23,BTC,,-0.5095382774230254,-1,-0.06787046322202621
2020-03-23,CHZ,,0.5515359478994033,1,0.07642159612478551
2020-03-23,DASH,,-0.08830309123847217,0,0.0
2020-03-23,DOGE,,-0.11165608317328977,0,0.0
2020-03-23,ETC,,-0.1401449918860703,-1,-0.08972163342682912
2020-03-23,ETH,,-0.23242005052168593,-1,-0.0680478091230981
2020-03-23,FET,,0.5774209894053735,1,0.05817800090437915
2020-03-23,HBAR,,-0.4078610868355746,-1,-0.039025142541789765
2020-03-23,LINK,,0.2716983906022115,1,0.07426696052216901
2020-03-23,LTC,,-0.14999960490407374,-1,-0.08578888281912912
2020-03-23,STX,,0.36638200639894597,1,0.07404246936024886
2020-03-23,TRX,,-0.13386568748752328,0,0.0
2020-03-23,VET,,0.1771721095067468,1,0.0778867826449642
2020-03-23,XLM,,-0.13392422574052534,-1,-0.08972163342682912
2020-03-23,XRP,,-0.2878096849852868,-1,-0.0848244354402986
2020-03-23,ZEC,,0.009380866178803637,0,0.0
2020-03-30,ADA,,-0.16991780009202045,-1,-0.07459290539391675
2020-03-30,ALGO,,0.2256310388836684,1,0.06772178870241409
2020-03-30,ATOM,,-0.0027255854671384807,0,0.0
2020-03-30,BCH,,0.0933224602574692,1,0.08727717644692466
2020-03-30,BNB,,-0.17487575317747484,-1,-0.06502482814164164
2020-03-30,BTC,,-0.5185206548674632,-1,-0.07732456136035225
2020-03-30,CHZ,,0.42546786716234636,1,0.07592544598978002
2020-03-30,DASH,,-0.3234654287773653,-1,-0.058570432438198636
2020-03-30,DOGE,,-0.028767568136633608,0,0.0
2020-03-30,ETC,,-0.08662976817598672,0,0.0
2020-03-30,ETH,,-0.2651981293538393,-1,-0.07379252777929486
2020-03-30,FET,,0.4363957740715721,1,0.05607081626297041
2020-03-30,HBAR,,0.38139286746215834,1,0.09382755719560809
2020-03-30,LINK,,0.2533453288448297,1,0.07382953684393344
2020-03-30,LTC,,-0.2422906164950504,-1,-0.0878473724432979
2020-03-30,STX,,0.32395861754644434,1,0.07034767855836929
2020-03-30,TRX,,-0.13938600406766916,0,0.0
2020-03-30,VET,,0.06351274008794548,0,0.0
2020-03-30,XLM,,-0.05146533793581475,0,0.0
2020-03-30,XRP,,-0.23417804976939557,-1,-0.0878473724432979
2020-03-30,ZEC,,0.034394001999421144,0,0.0
2020-04-06,ADA,,-0.07610227643274602,0,-0.003989332817535773
2020-04-06,ALGO,,0.30569297483643054,1,0.0713888401245002
2020-04-06,ATOM,,0.13053195616696522,0,0.0
2020-04-06,BCH,,0.08718287526547598,0,0.004667705358611385
2020-04-06,BNB,,-0.17335553463898615,0,-0.0034776186755319793
2020-04-06,BTC,,-0.5384284630524152,-1,-0.08937743221912214
2020-04-06,CHZ,,0.3740815352893849,1,0.07315023955917627
2020-04-06,DASH,,-0.1330596199024701,0,-0.003132428573857683
2020-04-06,DOGE,,-0.0040967043906332545,0,0.0
2020-04-06,ETC,,-0.2535991075290211,-1,-0.0817436874761196
2020-04-06,ETH,,-0.139298263686244,0,-0.003946527504247996
2020-04-06,FET,,0.8569624558835538,1,0.08877816748021819
2020-04-06,HBAR,,0.17092732377913403,1,0.0671000206471288
2020-04-06,LINK,,-0.21045985028188216,-1,-0.018883987479267936
2020-04-06,LTC,,-0.2506483783526074,-1,-0.08994020686054732
2020-04-06,STX,,0.2091324617969024,1,0.05977570885083572
2020-04-06,TRX,,-0.34557206345219305,-1,-0.06899316577695987
2020-04-06,VET,,0.3670940724459803,1,0.08577942187240696
2020-04-06,XLM,,-0.19840284342823727,-1,-0.06762689895552064
2020-04-06,XRP,,-0.3910842359431222,-1,-0.08994020686054732
2020-04-06,ZEC,,0.2125016856267321,1,0.07041138930638072
2020-04-13,ADA,,-0.07780829222701907,0,0.0
2020-04-13,ALGO,,0.3063977622629389,1,0.06249853063468932
2020-04-13,ATOM,,0.03328052635584424,0,0.0
2020-04-13,BCH,,0.05290158146119671,0,0.0
2020-04-13,BNB,,-0.17137447197956276,-1,-0.06731275629692669
2020-04-13,BTC,,-0.5837189850012381,-1,-0.09121317161524842
2020-04-13,CHZ,,0.49616005646857736,1,0.08123792645332635
2020-04-13,DASH,,0.30271730426649873,1,0.08224725028117762
2020-04-13,DOGE,,-0.11934941330295926,0,0.0
2020-04-13,ETC,,0.17547774961191384,0,0.0
2020-04-13,ETH,,-0.0716156134406328,0,0.0
2020-04-13,FET,,0.7500055135939512,1,0.08656247109806796
2020-04-13,HBAR,,0.25244155915684174,1,0.0798220745108099
2020-04-13,LINK,,-0.3196327296327747,-1,-0.026231075905642536
2020-04-13,LTC,,-0.3138654293346243,-1,-0.09281201395931775
2020-04-13,STX,,0.23723103690975392,1,0.052145272076380575
2020-04-13,TRX,,-0.38068917192749646,-1,-0.07501063126870398
2020-04-13,VET,,0.21780740858679817,1,0.08048647494554834
2020-04-13,XLM,,-0.35824243821389506,-1,-0.07960833699484293
2020-04-13,XRP,,-0.4625888491330374,-1,-0.09281201395931775
2020-04-13,ZEC,,0.03446489551892708,0,0.0
2020-04-20,ADA,,-0.29289628831276115,-1,-0.059149459443944334
2020-04-20,ALGO,,0.3934110878519712,1,0.05791514217581863
2020-04-20,ATOM,,0.11890514024078105,0,0.0
2020-04-20,BCH,,0.1049353102772965,0,0.0
2020-04-20,BNB,,-0.2762097618604424,0,0.0
2020-04-20,BTC,,-0.5479794565207671,-1,-0.09767633325938459
2020-04-20,CHZ,,0.5823577217021447,1,0.09096830730451977
2020-04-20,DASH,,0.386100191013632,1,0.09096830730451977
2020-04-20,DOGE,,-0.18862727499368548,0,0.0
2020-04-20,ETC,,-0.17441525135757313,0,0.0
2020-04-20,ETH,,0.14725716927009289,0,0.0
2020-04-20,FET,,0.7323815182111233,1,0.06258122466513742
2020-04-20,HBAR,,0.3679462492442462,1,0.09096830730451977
2020-04-20,LINK,,-0.37053941793028905,-1,-0.029928424459369402
2020-04-20,LTC,,-0.2909081441880904,-1,-0.09767633325938459
2020-04-20,STX,,0.3931735300420504,1,0.04063040394096483
2020-04-20,TRX,,-0.34598373618380907,-1,-0.08287805329766082
2020-04-20,VET,,0.29418600485771756,1,0.09096830730451977
2020-04-20,XLM,,-0.4202300071035445,-1,-0.06001506302087166
2020-04-20,XRP,,-0.4494581182419833,-1,-0.09767633325938459
2020-04-20,ZEC,,-0.1634064660181098,0,0.0
2020-04-27,ADA,,-0.33786942136357095,-1,-0.06721215350964678
2020-04-27,ALGO,,0.17694849891589332,1,0.04820094268893387
2020-04-27,ATOM,,-0.07504532239547601,0,0.0
2020-04-27,BCH,,0.2788469723844741,1,0.08959617205136654
2020-04-27,BNB,,-0.054046432579237184,0,0.0
2020-04-27,BTC,,-0.40299178817101594,-1,-0.09968347419328254
2020-04-27,CHZ,,0.5725459315880866,1,0.08959617205136654
2020-04-27,DASH,,0.14758139568833845,1,0.08959617205136654
2020-04-27,DOGE,,-0.2573070696618076,-1,-0.09968347419328254
2020-04-27,ETC,,-0.15246619121036606,0,0.0
2020-04-27,ETH,,-0.0006858743802379071,0,0.0
2020-04-27,FET,,0.7447067154558831,1,0.07348587362228687
2020-04-27,HBAR,,0.3679625300816194,1,0.08494521683681094
2020-04-27,LINK,,-0.3779445491166043,-1,-0.03271236904518552
2020-04-27,LTC,,-0.12540418874572543,0,0.0
2020-04-27,STX,,0.3617182776229823,1,0.0495794506978688
2020-04-27,TRX,,-0.10754587424762008,0,0.0
2020-04-27,VET,,0.11398023258834208,0,0.0
2020-04-27,XLM,,-0.3595780266435357,-1,-0.06987613167773812
2020-04-27,XRP,,-0.32708744156284336,-1,-0.09968347419328254
2020-04-27,ZEC,,-0.18631837424758,-1,-0.05614892318758197
2020-05-04,ADA,,-0.674952881028103,-1,-0.0641776608797005
2020-05-04,ALGO,,0.01326073298301994,0,0.0
2020-05-04,ATOM,,-0.11878642869900431,0,0.0
2020-05-04,BCH,,0.21679019884722742,1,0.0971515985404387
2020-05-04,BNB,,-0.09973854634615249,0,0.0
2020-05-04,BTC,,-0.6709304723586278,-1,-0.0910401737144149
2020-05-04,CHZ,,0.7927491074728752,1,0.0971515985404387
2020-05-04,DASH,,0.33302093245401576,1,0.07553893684873751
2020-05-04,DOGE,,-0.3225856611413542,-1,-0.0910401737144149
2020-05-04,ETC,,0.006886389604563415,0,0.0
2020-05-04,ETH,,-0.2308411208149137,-1,-0.08315534960980725
2020-05-04,FET,,0.2824007800692581,1,0.04941797553955907
2020-05-04,HBAR,,0.78833895570303,1,0.05882103600995004
2020-05-04,LINK,,0.4217924306596368,1,0.0971515985404387
2020-05-04,LTC,,-0.08027525206370027,0,0.0
2020-05-04,STX,,0.3565046540530323,1,0.049767255980437304
2020-05-04,TRX,,-0.0801252158354452,0,0.0
2020-05-04,VET,,-0.18234893237902716,0,0.0
2020-05-04,XLM,,-0.28072729512495714,-1,-0.05021125599970058
2020-05-04,XRP,,-0.2172777038246114,-1,-0.0910401737144149
2020-05-04,ZEC,,-0.25315467223076316,-1,-0.05433521236754691
2020-05-11,ADA,,-0.6448475931656368,-1,-0.05930316176572349
2020-05-11,ALGO,,0.020957687504264078,0,0.0
2020-05-11,ATOM,,-0.1272753968118762,-1,-0.07080104821607074
2020-05-11,BCH,,0.23064090513639599,1,0.09548796621336508
2020-05-11,BNB,,0.030352066472784434,0,0.0
2020-05-11,BTC,,-0.5975872176532656,-1,-0.08821815051039429
2020-05-11,CHZ,,0.5255936512332408,1,0.09548796621336508
2020-05-11,DASH,,0.4417005405855692,1,0.09548796621336508
2020-05-11,DOGE,,-0.3388858770008758,-1,-0.08821815051039429
2020-05-11,ETC,,0.006343773353632806,0,0.0
2020-05-11,ETH,,-0.15480131861513272,-1,-0.08208847707551187
2020-05-11,FET,,0.22999319365839002,1,0.05199107765525904
2020-05-11,HBAR,,0.5925367664015911,1,0.06674149753305424
2020-05-11,LINK,,0.21691148284217315,0,0.0
2020-05-11,LTC,,-0.06906563251936033,0,0.0
2020-05-11,STX,,0.269805594937416,1,0.03976193873755299
2020-05-11,TRX,,-0.07602232266607617,0,0.0
2020-05-11,VET,,-0.1188662231648913,0,0.0
2020-05-11,XLM,,-0.33446588733898575,-1,-0.04815286141151104
2020-05-11,XRP,,-0.32266897278333695,-1,-0.08821815051039429
2020-05-11,ZEC,,0.21965077959397772,1,0.08004158743403858
2020-05-18,ADA,,-0.2157435058657132,-1,-0.09729628434182955
2020-05-18,ALGO,,0.4048475918128458,1,0.09583399708564977
2020-05-18,ATOM,,0.16903649698783083,1,0.09583399708564977
2020-05-18,BCH,,0.01268587391357126,0,0.0
2020-05-18,BNB,,-0.05341802723072491,0,0.0
2020-05-18,BTC,,-0.6821186124804255,-1,-0.06046238080205137
2020-05-18,CHZ,,0.08020027890698116,0,0.0
2020-05-18,DASH,,0.3446215210376623,1,0.09583399708564977
2020-05-18,DOGE,,-0.17140024336931076,-1,-0.09729628434182955
2020-05-18,ETC,,-0.01060035009984402,0,0.0
2020-05-18,ETH,,-0.2642031121689736,-1,-0.07456245490480351
2020-05-18,FET,,0.2734897103210281,1,0.05055118265420682
2020-05-18,HBAR,,0.5874584456575411,1,0.055175695516063036
2020-05-18,LINK,,0.23438093571878216,1,0.09583399708564977
2020-05-18,LTC,,-0.15440992368141226,0,0.0
2020-05-18,STX,,0.22575957432664834,1,0.0359371334871311
2020-05-18,TRX,,-0.20692441147507423,-1,-0.06874976303477769
2020-05-18,VET,,0.04599294194360944,0,0.0
2020-05-18,XLM,,-0.2782545506487582,-1,-0.05152649059592101
2020-05-18,XRP,,-0.4193840175272187,-1,-0.07510634197878735
2020-05-18,ZEC,,0.07798338392095369,0,0.0
2020-05-25,ADA,,-0.6436798790253089,-1,-0.0412666774406852
2020-05-25,ALGO,,0.26492266490229077,1,0.07697010749445796
2020-05-25,ATOM,,0.06365356703397468,0,0.0
2020-05-25,BCH,,-0.013840200779464578,0,0.0
2020-05-25,BNB,,-0.06988428823272994,0,0.0
2020-05-25,BTC,,-0.4933631457095155,-1,-0.09163650058801752
2020-05-25,CHZ,,0.21787493725548934,1,0.08125550791100197
2020-05-25,DASH,,0.3409719686963637,1,0.09558270334298458
2020-05-25,DOGE,,-0.0612822511744041,0,0.0
2020-05-25,ETC,,0.13734421587091772,0,0.0
2020-05-25,ETH,,-0.261690273544087,-1,-0.07362917958052745
2020-05-25,FET,,0.23428286604919746,1,0.06244877339444177
2020-05-25,HBAR,,0.659520145223263,1,0.0629523302021371
2020-05-25,LINK,,0.1716177606695161,1,0.09558270334298458
2020-05-25,LTC,,-0.09911998996080915,-1,-0.09163650058801752
2020-05-25,STX,,0.23605647315242034,1,0.05020787431199196
2020-05-25,TRX,,-0.08320859818936881,-1,-0.08983092858769445
2020-05-25,VET,,-0.45046219643068475,-1,-0.0453637126270404
2020-05-25,XLM,,-0.01557258590681914,0,0.0
2020-05-25,XRP,,-0.24095518160835339,-1,-0.09163650058801752
2020-05-25,ZEC,,0.10681399170810894,0,0.0
2020-06-01,ADA,,-0.7296975853343732,-1,-0.03444211230495769
2020-06-01,ALGO,,0.07150277373828696,0,0.0
2020-06-01,ATOM,,0.17315313504613283,1,0.09470245278155737
2020-06-01,BCH,,0.048903151718247564,0,0.0
2020-06-01,BNB,,-0.011990681215178715,0,0.0
2020-06-01,BTC,,-0.5189422140756623,-1,-0.07145499034967612
2020-06-01,CHZ,,0.1688685702608469,1,0.061285849927879416
2020-06-01,DASH,,0.3994717943162306,1,0.09470245278155737
2020-06-01,DOGE,,-0.11139362212374966,-1,-0.09977610260229744
2020-06-01,ETC,,0.13536995247548167,1,0.09470245278155737
2020-06-01,ETH,,-0.22700051213487893,-1,-0.08124416092496377
2020-06-01,FET,,0.3916637061708481,1,0.05643693824497901
2020-06-01,HBAR,,0.5578891931352439,1,0.07239775116776144
2020-06-01,LINK,,0.03980214221395675,0,0.0
2020-06-01,LTC,,-0.027563137757755252,-1,-0.09977610260229744
2020-06-01,STX,,0.23968660887896923,1,0.05077210231470806
2020-06-01,TRX,,0.005643928441879988,0,0.0
2020-06-01,VET,,-0.5257299799686863,-1,-0.038530428613510116
2020-06-01,XLM,,0.1048599764624996,0,0.0
2020-06-01,XRP,,-0.22276006514152366,-1,-0.09977610260229744
2020-06-01,ZEC,,0.03826286489318317,0,0.0
2020-06-08,ADA,,-0.4633788486489964,-1,-0.03237265656968322
2020-06-08,ALGO,,0.12065178460463913,1,0.06460373354401061
2020-06-08,ATOM,,-0.060949731909173716,0,0.0
2020-06-08,BCH,,-0.06238799542092043,0,0.0
2020-06-08,BNB,,-0.09006459216412808,0,0.0
2020-06-08,BTC,,-0.44165209092900726,-1,-0.09791896611453461
2020-06-08,CHZ,,-0.02923956450496689,0,0.0
2020-06-08,DASH,,0.3334236770728644,1,0.09222942233398818
2020-06-08,DOGE,,-0.2507927751118322,-1,-0.10117346468216218
2020-06-08,ETC,,0.19827831759727932,1,0.09222942233398818
2020-06-08,ETH,,-0.3011522468758056,-1,-0.08132216272187265
2020-06-08,FET,,0.36706620800603296,1,0.05419106701075911
2020-06-08,HBAR,,0.5393032297299926,1,0.05465968658862935
2020-06-08,LINK,,0.18489797291993268,1,0.07485724585463645
2020-06-08,LTC,,-0.0807123055198412,0,0.0
2020-06-08,STX,,1.0007995802638623,1,0.09222942233398818
2020-06-08,TRX,,-0.18697149985910583,-1,-0.061954329916734205
2020-06-08,VET,,-0.5483311157109385,-1,-0.04908495531285089
2020-06-08,XLM,,-0.03387939334482513,0,0.0
2020-06-08,XRP,,-0.2899241045281503,-1,-0.10117346468216218
2020-06-08,ZEC,,0.09501549433308758,0,0.0
2020-06-15,ADA,,-0.4498895491168207,-1,-0.03075122283588268
2020-06-15,ALGO,,0.10749227036469271,0,0.0
2020-06-15,ATOM,,-0.12406474639497124,0,0.0
2020-06-15,BCH,,-0.08107447825228341,0,0.0
2020-06-15,BNB,,-0.1333189212053686,0,0.0
2020-06-15,BTC,,-0.4089127160155151,-1,-0.10337085947945852
2020-06-15,CHZ,,0.13619943721953126,1,0.05321284050003597
2020-06-15,DASH,,0.31414370588918217,1,0.09171082480238008
2020-06-15,DOGE,,-0.28917530027655597,-1,-0.10337085947945852
2020-06-15,ETC,,0.261708793510594,1,0.09171082480238008
2020-06-15,ETH,,-0.3127332661242306,-1,-0.07900506740378735
2020-06-15,FET,,0.4342893609415263,1,0.07296491458570363
2020-06-15,HBAR,,0.6164528672412063,1,0.05334780860783267
2020-06-15,LINK,,0.29735846416379597,1,0.07034196189928756
2020-06-15,LTC,,-0.08654569643241505,0,0.0
2020-06-15,STX,,0.8084091708995927,1,0.09171082480238008
2020-06-15,TRX,,-0.17925068767910904,-1,-0.06047200217186613
2020-06-15,VET,,-0.6714746069642891,-1,-0.04465912915008835
2020-06-15,XLM,,-0.046354495923555145,0,0.0
2020-06-15,XRP,,-0.27872124833409745,-1,-0.10337085947945852
2020-06-15,ZEC,,0.08546164248908553,0,0.0
2020-06-22,ADA,,-0.08048528719939181,0,0.0
2020-06-22,ALGO,,0.198012529146358,1,0.08781580333844953
2020-06-22,ATOM,,-0.1611974499012338,-1,-0.05996507507871348
2020-06-22,BCH,,-0.0921311349918493,0,0.0
2020-06-22,BNB,,-0.14032949426840874,0,0.0
2020-06-22,BTC,,-0.40201162995786005,-1,-0.09158424465674782
2020-06-22,CHZ,,0.31200501983239454,1,0.027951259930956453
2020-06-22,DASH,,0.33620764350513227,1,0.08781580333844953
2020-06-22,DOGE,,-0.2925670018003434,-1,-0.09158424465674782
2020-06-22,ETC,,0.200739863853112,1,0.08781580333844953
2020-06-22,ETH,,-0.20217249390828643,-1,-0.09158424465674782
2020-06-22,FET,,0.06413677546786695,0,0.0
2020-06-22,HBAR,,0.5358039844034418,1,0.05796972337679591
2020-06-22,LINK,,0.13534871573321217,0,0.0
2020-06-22,LTC,,-0.09269963168979821,0,0.0
2020-06-22,STX,,0.5483358079537426,1,0.08781580333844953
2020-06-22,TRX,,-0.24926959225668596,-1,-0.04747625191441926
2020-06-22,VET,,-0.5211818187465246,-1,-0.05122169437987599
2020-06-22,XLM,,-0.13230545073369077,0,0.0
2020-06-22,XRP,,-0.32338334476054537,-1,-0.09158424465674782
2020-06-22,ZEC,,0.359143990319364,1,0.08781580333844953
2020-06-29,ADA,,0.0942928206718474,0,0.0
2020-06-29,ALGO,,0.3126383804805464,1,0.09411040562179855
2020-06-29,ATOM,,-0.000651096631418075,0,0.0
2020-06-29,BCH,,0.05148871992429999,0,0.0
2020-06-29,BNB,,-0.26585215529273615,-1,-0.08513108378151676
2020-06-29,BTC,,-0.38910389654784444,-1,-0.08513108378151676
2020-06-29,CHZ,,0.4342891093299856,1,0.0395740689125136
2020-06-29,DASH,,0.19813596209847617,1,0.09411040562179855
2020-06-29,DOGE,,-0.14924366097373534,-1,-0.08513108378151676
2020-06-29,ETC,,-0.1013592263671469,0,0.0
2020-06-29,ETH,,-0.32837438315118234,-1,-0.08513108378151676
2020-06-29,FET,,0.43003555486710565,1,0.059060547609904146
2020-06-29,HBAR,,0.6148436929944583,1,0.069755561582871
2020-06-29,LINK,,0.13273744180742203,1,0.07427860502931558
2020-06-29,LTC,,-0.3403827673675333,-1,-0.08513108378151676
2020-06-29,STX,,0.43606171324277365,1,0.09411040562179855
2020-06-29,TRX,,0.04073377626716613,0,0.0
2020-06-29,VET,,-0.751269306505807,-1,-0.01421349731089936
2020-06-29,XLM,,0.020919682126139257,0,0.0
2020-06-29,XRP,,-0.40996258592363855,-1,-0.08513108378151676
2020-06-29,ZEC,,-0.02997777504917826,0,0.0
2020-07-06,ADA,,0.271154133948775,1,0.07278516712269857
2020-07-06,ALGO,,0.2194553047261839,1,0.05877390240681002
2020-07-06,ATOM,,0.023386606689452586,0,0.0
2020-07-06,BCH,,0.060813242257673636,0,0.0
2020-07-06,BNB,,-0.3033481518445855,-1,-0.07161966764614493
2020-07-06,BTC,,-0.33582617230697387,-1,-0.10492818802330282
2020-07-06,CHZ,,0.4120507510828822,1,0.06470396906649328
2020-07-06,DASH,,0.18433826688922086,1,0.10074518644577554
2020-07-06,DOGE,,-0.1823520878625295,-1,-0.02454023585971287
2020-07-06,ETC,,-0.05227722876707218,0,0.0
2020-07-06,ETH,,-0.3094053262839074,-1,-0.10492818802330282
2020-07-06,FET,,0.29380096341313566,1,0.03421940981187511
2020-07-06,HBAR,,0.575606342968601,1,0.10074518644577554
2020-07-06,LINK,,0.010372246184369893,0,0.0
2020-07-06,LTC,,-0.3205706414213662,-1,-0.10492818802330282
2020-07-06,STX,,0.4282841675287256,1,0.09302717870057196
2020-07-06,TRX,,0.1353349921035159,0,0.0
2020-07-06,VET,,-0.6522770706916221,-1,-0.024434113596174603
2020-07-06,XLM,,-0.082512707863799,0,0.0
2020-07-06,XRP,,-0.34612172439499994,-1,-0.08962141882805921
2020-07-06,ZEC,,-0.029905906355678424,0,0.0
2020-07-13,ADA,,0.10139753895033166,1,0.0633578465602702
2020-07-13,ALGO,,0.3534149032427726,1,0.042142467217470156
2020-07-13,ATOM,,0.06309958517860467,0,0.0
2020-07-13,BCH,,-0.04974743989848462,0,0.0
2020-07-13,BNB,,-0.2916586949467246,-1,-0.06505653997954995
2020-07-13,BTC,,-0.5424109008272054,-1,-0.09760551564087513
2020-07-13,CHZ,,0.7147817868370582,1,0.09968939115183711
2020-07-13,DASH,,0.11867062459400261,1,0.09968939115183711
2020-07-13,DOGE,,-0.09685391516633039,0,0.0
2020-07-13,ETC,,-0.12507792013779415,-1,-0.0656397913454786
2020-07-13,ETH,,-0.3482080550667781,-1,-0.09760551564087513
2020-07-13,FET,,0.4304347137051949,1,0.0327446683941072
2020-07-13,HBAR,,0.6325770115292264,1,0.09968939115183711
2020-07-13,LINK,,0.03097293531001861,0,0.0
2020-07-13,LTC,,-0.3806698836309978,-1,-0.09760551564087513
2020-07-13,STX,,0.4424062152427246,1,0.08768684437264117
2020-07-13,TRX,,0.0181650969311948,0,0.0
2020-07-13,VET,,-0.6265874245189037,-1,-0.021274479221684777
2020-07-13,XLM,,-0.045605507469219035,0,0.0
2020-07-13,XRP,,-0.29858767789717255,-1,-0.08021264253066127
2020-07-13,ZEC,,-0.100512991961519,0,0.0
2020-07-20,ADA,,0.19493357103591943,1,0.03147463267212716
2020-07-20,ALGO,,0.04291923725822446,0,0.008153147117345175
2020-07-20,ATOM,,-0.2580269239094347,-1,-0.045038122459940405
2020-07-20,BCH,,0.19706811785351422,1,0.04377273918709508
2020-07-20,BNB,,-0.07341884811804683,0,-0.01258624794465843
2020-07-20,BTC,,0.07003873858515072,0,-0.0188833777666082
2020-07-20,CHZ,,0.5837326903569877,1,0.06428031160916906
2020-07-20,DASH,,0.31174828847204183,1,0.06428031160916906
2020-07-20,DOGE,,-0.5839181024234148,-1,-0.029159651491680053
2020-07-20,ETC,,0.09212428682910018,0,-0.012699087427175425
2020-07-20,ETH,,-0.1306855135243845,-1,-0.0639215002265486
2020-07-20,FET,,-0.08051389749376646,-1,-0.029351138438822
2020-07-20,HBAR,,0.5131662516966544,1,0.06250878690334992
2020-07-20,LINK,,-0.4540097061600442,-1,-0.03337980759680472
2020-07-20,LTC,,0.040163297663555635,0,-0.0188833777666082
2020-07-20,STX,,0.2647353690987186,1,0.03790646310175394
2020-07-20,TRX,,0.330579091919391,1,0.044993774162150356
2020-07-20,VET,,-0.9053955338590577,-1,-0.032911289787411535
2020-07-20,XLM,,-0.2225746961542512,-1,-0.045038122459940405
2020-07-20,XRP,,0.05737446029619009,0,-0.015518442995961806
2020-07-20,ZEC,,0.009959820576952886,0,0.0
2020-07-27,ADA,,-0.1285004290958626,-1,-0.05194202890549191
2020-07-27,ALGO,,-0.10276379356989758,0,0.0
2020-07-27,ATOM,,-0.2849769688139996,-1,-0.04770389712816212
2020-07-27,BCH,,0.20257996970497255,1,0.04267163505400259
2020-07-27,BNB,,-0.05352919416734985,0,0.0
2020-07-27,BTC,,0.04145504663559738,0,0.0
2020-07-27,CHZ,,0.8077135507955827,1,0.05478665584660335
2020-07-27,DASH,,0.3392966112347749,1,0.052067951265922514
2020-07-27,DOGE,,-0.6701938932938951,-1,-0.03111733146091005
2020-07-27,ETC,,0.15653453985616558,1,0.0395679617663389
2020-07-27,ETH,,-0.1989310985563253,-1,-0.0550942738188244
2020-07-27,FET,,-0.05358552367858769,0,0.0
2020-07-27,HBAR,,0.6582029234410881,1,0.052751788667540433
2020-07-27,LINK,,-0.5128618577213552,-1,-0.03613059876312381
2020-07-27,LTC,,0.013908337478840535,0,0.0
2020-07-27,STX,,0.13772988204749034,1,0.028390298939481983
2020-07-27,TRX,,0.37437568895413503,1,0.05478665584660335
2020-07-27,VET,,-0.22710893710133218,-1,-0.0550942738188244
2020-07-27,XLM,,-0.2907140172899444,-1,-0.04794054349115636
2020-07-27,XRP,,-0.1215876042442596,0,0.0
2020-07-27,ZEC,,-0.08704323261583832,0,0.0
2020-08-03,ADA,,-0.06068019199340838,0,0.0
2020-08-03,ALGO,,-0.12117912516813513,-1,-0.028206046999126166
2020-08-03,ATOM,,-0.07702172818194607,0,0.0
2020-08-03,BCH,,0.006744222738417461,0,0.0
2020-08-03,BNB,,0.1139840125767083,1,0.05514477131291899
2020-08-03,BTC,,-0.09718708655986436,0,0.0
2020-08-03,CHZ,,0.7395556313709305,1,0.045798773656613424
2020-08-03,DASH,,0.1818194313135937,1,0.04035258313526442
2020-08-03,DOGE,,0.3199861804533446,1,0.05514477131291899
2020-08-03,ETC,,-0.010505954584963338,0,0.0
2020-08-03,ETH,,-0.5200165722764498,-1,-0.058221422817634524
2020-08-03,FET,,0.32907536349646216,1,0.01828783646382526
2020-08-03,HBAR,,0.5953312130236569,1,0.05514477131291899
2020-08-03,LINK,,-0.6225727765884348,-1,-0.02642644643072671
2020-08-03,LTC,,-0.23701142022384158,-1,-0.058221422817634524
2020-08-03,STX,,-0.06863272735896885,0,0.0
2020-08-03,TRX,,0.08706963641771538,0,0.0
2020-08-03,VET,,-0.21513782142792265,-1,-0.04319742217387551
2020-08-03,XLM,,0.2779558046265995,1,0.05514477131291899
2020-08-03,XRP,,-0.4109702125648543,-1,-0.05252409445074723
2020-08-03,ZEC,,-0.2106058790886383,-1,-0.058221422817634524
2020-08-10,ADA,,-0.020040359583569357,0,0.0
2020-08-10,ALGO,,-0.06523669620807757,0,0.0
2020-08-10,ATOM,,-0.07012830963444235,0,0.0
2020-08-10,BCH,,0.03886949093250846,0,0.0
2020-08-10,BNB,,0.3885305307295227,1,0.05956575985516775
2020-08-10,BTC,,-0.1568808907693169,-1,-0.06449402740148233
2020-08-10,CHZ,,0.3400494315143272,1,0.02052676509141071
2020-08-10,DASH,,-0.031086127904979704,0,0.0
2020-08-10,DOGE,,0.3936802504886673,1,0.05956575985516775
2020-08-10,ETC,,0.17697286260904876,1,0.05956575985516775
2020-08-10,ETH,,-0.3898790337085118,-1,-0.06449402740148233
2020-08-10,FET,,0.18413866290533235,1,0.018106899889896867
2020-08-10,HBAR,,0.6009839761794501,1,0.04810332234392599
2020-08-10,LINK,,-0.602671098685928,-1,-0.022105928348529945
2020-08-10,LTC,,-0.04753626754759012,0,0.0
2020-08-10,STX,,0.05452444097791981,0,0.0
2020-08-10,TRX,,-0.289945157100948,-1,-0.04310990340156745
2020-08-10,VET,,-0.2482975428869556,-1,-0.0336263813314769
2020-08-10,XLM,,0.2843792976190927,1,0.05956575985516775
2020-08-10,XRP,,-0.3626017600825214,-1,-0.04743957084577229
2020-08-10,ZEC,,-0.1778256998430307,-1,-0.04973018801559338
2020-08-17,ADA,,0.18650949209157214,1,0.04925187070809364
2020-08-17,ALGO,,0.013117638014451365,0,0.0
2020-08-17,ATOM,,0.26662463634270306,1,0.028982619838072935
2020-08-17,BCH,,0.03839476195238675,0,0.0
2020-08-17,BNB,,0.04985155582977559,0,0.0
2020-08-17,BTC,,-0.18276964116906333,-1,-0.06413390772307372
2020-08-17,CHZ,,0.04472799748884721,0,0.0
2020-08-17,DASH,,-0.04731533701924907,0,0.0
2020-08-17,DOGE,,0.3232014944089085,1,0.05817979275216445
2020-08-17,ETC,,0.11150956479148334,1,0.05817979275216445
2020-08-17,ETH,,-0.042086371375162815,0,0.0
2020-08-17,FET,,-0.08087058937359168,0,0.0
2020-08-17,HBAR,,0.2607918323987349,1,0.039407139064721
2020-08-17,JST,,0.07324463412595467,1,0.036893427077686974
2020-08-17,LINK,,-0.29285041192996836,-1,-0.020831273851258332
2020-08-17,LTC,,-0.11772670860789519,-1,-0.06413390772307372
2020-08-17,SOL,,0.06883926036046177,0,0.0
2020-08-17,STX,,-0.13815966445354072,-1,-0.047833344534858824
2020-08-17,TRX,,-0.07615563171169917,0,0.0
2020-08-17,VET,,-0.2369831151413647,-1,-0.034516416190646944
2020-08-17,XLM,,0.20209336755316074,1,0.05410544188558926
2020-08-17,XRP,,-0.31101546071558084,-1,-0.04317440627232688
2020-08-17,ZEC,,-0.1129733038613238,-1,-0.050376827783254315
2020-08-24,ADA,,0.14294764975476162,1,0.04698130424673338
2020-08-24,ALGO,,-0.16077984314210986,-1,-0.02946451546434165
2020-08-24,ATOM,,-0.10449264754139244,-1,-0.04233929610681719
2020-08-24,BCH,,0.035447360990035134,0,0.0
2020-08-24,BNB,,0.18061465429293935,1,0.05642368807068514
2020-08-24,BTC,,-0.1560937075787521,-1,-0.07452159369088343
2020-08-24,CHZ,,-0.0996204344359878,-1,-0.03720599685160351
2020-08-24,DASH,,-0.12144739398964748,-1,-0.07452159369088343
2020-08-24,DOGE,,0.1377770396713469,1,0.05642368807068514
2020-08-24,DOT,,0.05253687877829999,0,0.0
2020-08-24,ETC,,0.05019926265692218,0,0.0
2020-08-24,ETH,,0.16749808198160496,1,0.04226625332474026
2020-08-24,FET,,-0.06124653697131442,0,0.0
2020-08-24,HBAR,,0.12164496842207961,1,0.0329212205350367
2020-08-24,JST,,0.06791212605942659,1,0.04539807144720714
2020-08-24,LINK,,-0.18932403646341764,-1,-0.02510922108836246
2020-08-24,LTC,,-0.02952722330597525,0,0.0
2020-08-24,SOL,,0.062017350115400285,1,0.04539807144720714
2020-08-24,STX,,0.054766013355142064,0,0.0
2020-08-24,TRX,,-0.031699218202422205,0,0.0
2020-08-24,VET,,-0.22110948672385372,-1,-0.04265008024940323
2020-08-24,XLM,,0.05809028429722572,0,0.0
2020-08-24,XRP,,-0.006787430900442352,0,0.0
2020-08-24,ZEC,,0.050676288880129636,0,0.0
2020-08-31,ADA,,0.10254636834970234,1,0.05510152492760281
2020-08-31,ALGO,,-0.2873878601822413,-1,-0.025573410227292055
2020-08-31,ATOM,,-0.07648000401989233,0,0.0
2020-08-31,BCH,,0.039773123461146254,0,0.0
2020-08-31,BNB,,-0.09571306385562302,-1,-0.07035240775867042
2020-08-31,BTC,,-0.19508238242061063,-1,-0.07035240775867042
2020-08-31,CHZ,,-0.10784799624781717,-1,-0.028688664317331716
2020-08-31,DASH,,0.1554574420887092,1,0.05510152492760281
2020-08-31,DOGE,,0.10776728151847574,1,0.05510152492760281
2020-08-31,DOT,,0.05191510685072719,0,0.0
2020-08-31,ETC,,0.12799006379327446,1,0.04087688905642546
2020-08-31,ETH,,-0.11341880533221509,-1,-0.0591300260299221
2020-08-31,FET,,-0.09345982901614154,0,0.0
2020-08-31,HBAR,,0.15352098273436396,1,0.028649508440156454
2020-08-31,JST,,0.06493933141466861,0,0.0
2020-08-31,LINK,,-0.1981116812838806,-1,-0.03100981094147033
2020-08-31,LTC,,-0.003517988277531443,0,0.0
2020-08-31,SOL,,0.06293836676917727,0,0.0
2020-08-31,STX,,0.058503956294818575,0,0.0
2020-08-31,TRX,,-0.2644653319734316,-1,-0.03991571092066629
2020-08-31,VET,,0.2900710672350631,1,0.04843155987918121
2020-08-31,XLM,,0.033067513367302605,0,0.0
2020-08-31,XRP,,-0.07170981191071304,0,0.0
2020-08-31,ZEC,,0.2587041506426697,1,0.04175990579545178
2020-09-07,ADA,,0.10945869620322296,0,0.0
2020-09-07,ALGO,,0.2735274637835776,1,0.04741360696401874
2020-09-07,ATOM,,-0.42160826227220766,-1,-0.028223804233026856
2020-09-07,BCH,,0.0611226736202734,0,0.0
2020-09-07,BNB,,-0.5806560293999055,-1,-0.043685160056953255
2020-09-07,BTC,,-0.15484166758701193,-1,-0.06317051396855468
2020-09-07,CHZ,,0.23894259612224478,1,0.03772120820910334
2020-09-07,DASH,,0.13391717363532063,0,0.0
2020-09-07,DOGE,,0.18595244683047799,1,0.05747060496509415
2020-09-07,DOT,,0.05736429830975163,0,0.0
2020-09-07,ETC,,0.16483683833994794,0,0.0
2020-09-07,ETH,,-0.182958512886284,-1,-0.06317051396855468
2020-09-07,FET,,0.19883936900927016,1,0.03786590020090031
2020-09-07,HBAR,,0.3543122748806521,1,0.05747060496509415
2020-09-07,JST,,-0.24432810223388113,-1,-0.03776032044126452
2020-09-07,LINK,,-0.021898324015070962,0,0.0
2020-09-07,LTC,,0.016744765209354043,0,0.0
2020-09-07,SOL,,-0.6049739784871143,-1,-0.02961504586692822
2020-09-07,STX,,0.1394925238784418,0,0.0
2020-09-07,TRX,,-0.27967133844540104,-1,-0.0598513638057966
2020-09-07,VET,,0.23676878700454557,1,0.04555333292451071
2020-09-07,XLM,,0.1376462214435127,0,0.0
2020-09-07,XRP,,0.00024264451248240848,0,0.0
2020-09-07,ZEC,,0.18176744254380162,1,0.041981464112357425
2020-09-14,ADA,,0.08175464108575575,0,0.0
2020-09-14,ALGO,,0.23452085083417848,0,0.0
2020-09-14,ATOM,,0.30506906773952325,1,0.04603241501854791
2020-09-14,BCH,,0.12813592567102453,0,0.0
2020-09-14,BNB,,-0.732247916487384,-1,-0.03832684250828349
2020-09-14,BTC,,-0.1157100243732737,-1,-0.06203380941249568
2020-09-14,CHZ,,0.249239375562218,1,0.04112512133625864
2020-09-14,DASH,,0.07047886692134386,0,0.0
2020-09-14,DOGE,,0.24616050990728572,1,0.05960856500962696
2020-09-14,DOT,,-0.7704839856037419,-1,-0.02687840707149079
2020-09-14,ETC,,0.2345190724973789,0,0.0
2020-09-14,ETH,,-0.1340842915000412,-1,-0.06203380941249568
2020-09-14,FET,,0.24521089663433343,1,0.04111913915695695
2020-09-14,HBAR,,0.30244872768072295,1,0.05960856500962696
2020-09-14,JST,,-0.03770411670760556,0,0.0
2020-09-14,LINK,,-0.13035470973971494,-1,-0.05713634446075499
2020-09-14,LTC,,0.05562447545252716,0,0.0
2020-09-14,SOL,,-0.6074465837766275,-1,-0.028754468523158643
2020-09-14,STX,,0.2754028906272965,1,0.05191555794785771
2020-09-14,TRX,,-0.5046089461793379,-1,-0.06203380941249568
2020-09-14,VET,,0.2432220259505954,1,0.037788127322299817
2020-09-14,XLM,,0.13600742371028487,0,0.0
2020-09-14,XRP,,0.04833135300126181,0,0.0
2020-09-14,ZEC,,0.17651447109199656,0,0.0
2020-09-21,ADA,,-0.0839446460579029,-1,-0.03768179339973297
2020-09-21,ALGO,,0.23685683573782365,1,0.03820673712284742
2020-09-21,ATOM,,0.20610843758339545,1,0.030196100464652226
2020-09-21,BCH,,0.15781598430085492,1,0.05091516528087094
2020-09-21,BNB,,-1.130865561213176,-1,-0.025661963870561345
2020-09-21,BTC,,-0.1668435999062531,-1,-0.05628028415798796
2020-09-21,CHZ,,0.01808424363485185,0,0.0
2020-09-21,DASH,,-0.01808608411376386,0,0.0
2020-09-21,DOGE,,0.26435736591843595,1,0.05544877428063808
2020-09-21,DOT,,-0.11720323345177963,-1,-0.042465993481632214
2020-09-21,ETC,,0.1450892234862815,1,0.03747205964776869
2020-09-21,ETH,,-0.09601940188788487,-1,-0.05628028415798796
2020-09-21,FET,,0.49926715949950934,1,0.044907904723681044
2020-09-21,HBAR,,0.2800535702653223,1,0.04916660128469145
2020-09-21,JST,,0.2208430773596941,1,0.029064623637659957
2020-09-21,LINK,,-0.04674962059950506,0,0.0
2020-09-21,LTC,,0.09106688875086393,0,0.0
2020-09-21,SOL,,0.07738652027066757,0,0.0
2020-09-21,STX,,-0.09321019461563,-1,-0.040318435218994385
2020-09-21,TRX,,-0.48090271617309116,-1,-0.04605095306706034
2020-09-21,UNI,,0.056366934505979724,0,0.0
2020-09-21,VET,,-0.18969780110076867,-1,-0.030638259088852673
2020-09-21,XLM,,0.0660718760007709,0,0.0
2020-09-21,XRP,,0.05196972087257345,0,0.0
2020-09-21,ZEC,,0.05218502093273129,0,0.0
2020-09-28,ADA,,-0.1891270105374389,-1,-0.04207956150962746
2020-09-28,ALGO,,0.32335934481811546,1,0.042363308498215194
2020-09-28,ATOM,,0.217870044455176,1,0.025291797734103286
2020-09-28,AVAX,,0.06250738689315845,0,0.0
2020-09-28,BCH,,0.03613047954095067,0,0.0
2020-09-28,BNB,,-1.1572983504709407,-1,-0.017558987520026274
2020-09-28,BTC,,-0.34803254386866606,-1,-0.059793395087683665
2020-09-28,CHZ,,0.193664391669424,1,0.03292006753629975
2020-09-28,DASH,,-0.014523337396302675,0,0.0
2020-09-28,DOGE,,0.11720944177688063,0,0.0
2020-09-28,DOT,,-0.2237257262216142,-1,-0.03613514437933286
2020-09-28,ETC,,0.08698323471701189,0,0.0
2020-09-28,ETH,,-0.12108947925945397,-1,-0.059793395087683665
2020-09-28,FET,,0.3733886120744624,1,0.051521901565367775
2020-09-28,HBAR,,0.3355455808636432,1,0.051521901565367775
2020-09-28,JST,,0.2702057905747131,1,0.02928899118970713
2020-09-28,LINK,,-0.21068897155744407,-1,-0.028488774968755706
2020-09-28,LTC,,0.24202756187239288,1,0.051521901565367775
2020-09-28,SOL,,-0.035545478428752685,0,0.0
2020-09-28,STX,,0.013869387154351327,0,0.0
2020-09-28,TRX,,-0.1515632366030039,-1,-0.059793395087683665
2020-09-28,UNI,,0.05390868702302225,0,0.0
2020-09-28,VET,,-0.10673285490709085,-1,-0.032309117579003184
2020-09-28,XLM,,0.11996119949520896,1,0.051521901565367775
2020-09-28,XRP,,0.0649865986624084,0,0.0
2020-09-28,ZEC,,0.04670924765979147,0,0.0
2020-10-05,ADA,,-0.32005474611193724,-1,-0.042572002789362524
2020-10-05,ALGO,,0.18769654865597932,1,0.02844332999101092
2020-10-05,ATOM,,0.0030431767355617915,0,0.0
2020-10-05,AVAX,,0.05827768763244539,0,0.0
2020-10-05,BCH,,0.013947098309507591,0,0.0
2020-10-05,BNB,,-0.5888143416913091,-1,-0.03941112609281545
2020-10-05,BTC,,-0.24452859795363494,-1,-0.05882613331531125
2020-10-05,CHZ,,0.5795854647695851,1,0.04582050945026259
2020-10-05,DASH,,0.04348727348140963,0,0.0
2020-10-05,DOGE,,0.2759285276156723,1,0.04582050945026259
2020-10-05,DOT,,0.08973280384649908,0,0.0
2020-10-05,ETC,,0.10520094230944872,1,0.04148538574281998
2020-10-05,ETH,,-0.030395160605165963,0,0.0
2020-10-05,FET,,0.40344482792950426,1,0.03094099292868647
2020-10-05,HBAR,,0.10073843709759481,0,0.0
2020-10-05,JST,,0.06982120566823001,0,0.0
2020-10-05,LINK,,-0.6182131753084908,-1,-0.024298624574019444
2020-10-05,LTC,,0.15259423758222035,1,0.04582050945026259
2020-10-05,SOL,,-0.19828223207817655,-1,-0.03217455273527993
2020-10-05,STX,,0.030967123830037836,0,0.0
2020-10-05,TRX,,-0.15208864747605622,-1,-0.05882613331531125
2020-10-05,UNI,,0.04689134604153433,0,0.0
2020-10-05,VET,,-0.26967924273141675,-1,-0.0379100245111423
2020-10-05,XLM,,0.1662459125764631,1,0.04582050945026259
2020-10-05,XRP,,0.2290084079250939,1,0.04582050945026259
2020-10-05,ZEC,,-0.13455487805059518,-1,-0.03595365858058818
2020-10-12,ADA,,-0.254067856920506,-1,-0.03728452642379081
2020-10-12,ALGO,,0.23115546793663416,1,0.04328994010809363
2020-10-12,ATOM,,-0.010134331856968729,0,0.0
2020-10-12,AVAX,,0.054837623918540995,0,0.0
2020-10-12,BCH,,0.017960788922567198,0,0.0
2020-10-12,BNB,,-0.24979371990377966,-1,-0.05248192123365709
2020-10-12,BTC,,-0.2480617651776933,-1,-0.05508087782146366
2020-10-12,CHZ,,0.4231835951106873,1,0.04328994010809363
2020-10-12,DASH,,-0.091372061737742,0,0.0
2020-10-12,DOGE,,0.16336068531935016,1,0.04328994010809363
2020-10-12,DOT,,0.13708602947188556,1,0.04328994010809363
2020-10-12,ETC,,0.0030604733891797173,0,0.0
2020-10-12,ETH,,-0.07334362432660256,0,0.0
2020-10-12,FET,,0.3398461658577434,1,0.03226691850340833
2020-10-12,HBAR,,-0.01772137305153293,0,0.0
2020-10-12,JST,,0.4930023922352834,1,0.04328994010809363
2020-10-12,LINK,,-0.41803082875304926,-1,-0.0240993700035909
2020-10-12,LTC,,-0.10646359222188516,0,0.0
2020-10-12,SOL,,-0.17640619072566613,-1,-0.024110566056338108
2020-10-12,STX,,-0.08395942381118907,0,0.0
2020-10-12,TRX,,-0.11562282316754281,-1,-0.05508087782146366
2020-10-12,UNI,,0.0730869175800716,0,0.0
2020-10-12,VET,,0.30004675934654734,1,0.03494480780948088
2020-10-12,XLM,,0.17269933955467984,1,0.04328994010809363
2020-10-12,XRP,,-0.14309686841290353,-1,-0.05508087782146366
2020-10-12,ZEC,,-0.4212517785761071,-1,-0.023732349779683096
2020-10-19,AAVE,,0.05393863585264085,0,0.0
2020-10-19,ADA,,-0.1298294494218803,-1,-0.047895910380812944
2020-10-19,ALGO,,0.15752422895838677,1,0.03942654812308766
2020-10-19,ATOM,,-0.22863046237102527,-1,-0.025160879815285676
2020-10-19,AVAX,,0.030077474042619765,0,0.0
2020-10-19,BCH,,-0.015247140462467038,0,0.0
2020-10-19,BNB,,-0.3446092970616282,-1,-0.04720392149956276
2020-10-19,BTC,,-0.4429406304226416,-1,-0.04597533772583357
2020-10-19,CHZ,,0.44682181175399266,1,0.04148449954724934
2020-10-19,DASH,,-0.05648067639973277,0,0.0
2020-10-19,DOGE,,0.23604072485124383,1,0.04148449954724934
2020-10-19,DOT,,0.16898853897106225,1,0.04148449954724934
2020-10-19,ETC,,0.10419099956366422,0,0.0
2020-10-19,ETH,,-0.005353415503452058,0,0.0
2020-10-19,FET,,0.29124005963416644,1,0.024650514361962864
2020-10-19,FIL,,0.032868139269953495,0,0.0
2020-10-19,HBAR,,0.036994832889029924,0,0.0
2020-10-19,JST,,0.3743860944776959,1,0.027539784514596204
2020-10-19,LINK,,-0.41499702418980394,-1,-0.023105291861946393
2020-10-19,LTC,,-0.6258854401173456,-1,-0.02315947693539003
2020-10-19,NEAR,,0.05178725025240919,0,0.0
2020-10-19,SOL,,0.18611427413733067,1,0.025960655264267093
2020-10-19,STX,,-0.05866171509637277,-1,-0.03648120014098652
2020-10-19,TRX,,-0.024388823684582155,0,0.0
2020-10-19,UNI,,-0.05123597990719254,0,0.0
2020-10-19,VET,,0.3968483560325661,1,0.04148449954724934
2020-10-19,XLM,,0.34121257199096033,1,0.04148449954724934
2020-10-19,XRP,,-0.07370620321711868,-1,-0.05289472178436671
2020-10-19,ZEC,,-0.4370677348224757,-1,-0.023123259855975867
2020-10-26,AAVE,,0.054708117384602545,0,0.0
2020-10-26,ADA,,-0.24631159805967462,-1,-0.03757240137558346
2020-10-26,ALGO,,-0.05071673286685666,0,0.0
2020-10-26,ATOM,,-0.42333294323540493,-1,-0.024105428926876504
2020-10-26,AVAX,,0.06670080678012946,0,0.0
2020-10-26,BCH,,-0.03425893159803607,0,0.0
2020-10-26,BNB,,0.10788895300033927,0,0.0
2020-10-26,BTC,,-0.2143513115343537,-1,-0.05257768863950197
2020-10-26,CHZ,,0.13611333489505478,1,0.04234847111207004
2020-10-26,DASH,,-0.0780518668325736,-1,-0.039909051164186006
2020-10-26,DOGE,,0.24096134164860022,1,0.04234847111207004
2020-10-26,DOT,,0.37510899853650065,1,0.04234847111207004
2020-10-26,ETC,,-0.0808708102749989,-1,-0.04437344468805668
2020-10-26,ETH,,-0.11974720840046824,-1,-0.05257768863950197
2020-10-26,FET,,0.050715190915887075,0,0.0
2020-10-26,FIL,,0.03380514939725225,0,0.0
2020-10-26,HBAR,,-0.08145136765189248,-1,-0.030721790802956808
2020-10-26,JST,,0.1435399627409638,1,0.026551306550010024
2020-10-26,LINK,,0.03949660879717863,0,0.0
2020-10-26,LTC,,-0.9822487173838533,-1,-0.019398095092190513
2020-10-26,NEAR,,0.05308198922795739,0,0.0
2020-10-26,SOL,,0.434446891294547,1,0.03331834982697802
2020-10-26,STX,,0.3347735044123457,1,0.02391242875605032
2020-10-26,TRX,,0.23156000046151215,1,0.04234847111207004
2020-10-26,UNI,,0.4549687547518847,1,0.03577553737905936
2020-10-26,VET,,0.12310569362497892,1,0.03604849303962216
2020-10-26,XLM,,-0.03723564549916973,0,0.0
2020-10-26,XRP,,-0.06615591693343544,0,0.0
2020-10-26,ZEC,,-0.46624224759901883,-1,-0.023764410671146128
2020-11-02,AAVE,,0.055743435181883336,0,0.0
2020-11-02,ADA,,-0.04034251447049248,-1,-0.04170626103734306
2020-11-02,ALGO,,0.18657400206184527,1,0.03113847045594128
2020-11-02,ATOM,,0.18520962147712683,1,0.04322992173187873
2020-11-02,AVAX,,0.181180791379361,1,0.0386931065136032
2020-11-02,BCH,,-0.15175152606683384,-1,-0.05242225649818426
2020-11-02,BNB,,0.08369822739580408,0,0.0
2020-11-02,BTC,,-0.25393225199327324,-1,-0.04774992000484016
2020-11-02,CHZ,,0.010422251858037128,0,0.0
2020-11-02,DASH,,-0.03961508076133875,0,0.0
2020-11-02,DOGE,,0.13683878923316736,1,0.04421309291093702
2020-11-02,DOT,,0.3057282148732734,1,0.04421309291093702
2020-11-02,ETC,,-0.1242669853856257,-1,-0.05242225649818426
2020-11-02,ETH,,-0.2821942247438237,-1,-0.03716100940793707
2020-11-02,FET,,0.03846188989884694,0,0.0
2020-11-02,FIL,,0.03394552773542682,0,0.0
2020-11-02,HBAR,,0.2322049334881275,1,0.03507832952475239
2020-11-02,JST,,0.13464533407937196,1,0.028495611043141043
2020-11-02,LINK,,0.3602179455909118,1,0.02938836878392025
2020-11-02,LTC,,-0.7071407508998862,-1,-0.019437558869527742
2020-11-02,NEAR,,0.05120159554123275,0,0.0
2020-11-02,SOL,,-0.5833795569780572,-1,-0.01155896672350569
2020-11-02,STX,,0.07267187175078196,0,0.0
2020-11-02,TRX,,0.08154350370892059,0,0.0
2020-11-02,UNI,,-0.055469651735576414,-1,-0.016450576640077524
2020-11-02,VET,,0.09441469830853116,1,0.030550006124889104
2020-11-02,XLM,,-0.0005527395184266268,0,0.0
2020-11-02,XRP,,-0.09782215983006953,-1,-0.046091194320400264
2020-11-02,ZEC,,0.09176480882075722,0,0.0
2020-11-09,AAVE,,-0.9902666741821451,-1,-0.008039341006156138
2020-11-09,ADA,,-0.10346619655596902,0,0.0
2020-11-09,ALGO,,0.22880876888173424,1,0.03519532243967835
2020-11-09,ATOM,,0.17720660972955948,1,0.03647519236882573
2020-11-09,AVAX,,0.32770800081370877,1,0.04105790181817202
2020-11-09,BCH,,-0.12573429375933656,-1,-0.04097322431580494
2020-11-09,BNB,,-0.1717266109528656,-1,-0.056759419263638006
2020-11-09,BTC,,-0.23965231252849867,-1,-0.056759419263638006
2020-11-09,CHZ,,0.12381323667700134,0,0.0
2020-11-09,DASH,,0.12540862815551684,0,0.0
2020-11-09,DOGE,,0.1895469388387498,1,0.05024585837620784
2020-11-09,DOT,,0.15351450370301534,0,0.0
2020-11-09,ETC,,-0.11310055882157659,-1,-0.056759419263638006
2020-11-09,ETH,,-0.2945488724403672,-1,-0.04246879263792071
2020-11-09,FET,,0.1607593730149477,0,0.0
2020-11-09,FIL,,-0.2524957614353922,-1,-0.020923399476373505
2020-11-09,HBAR,,0.3328463493409497,1,0.043320544316463
2020-11-09,JST,,0.24688101561649833,1,0.018347308952393927
2020-11-09,LINK,,0.13581325980976927,0,0.0
2020-11-09,LTC,,-0.35973289659387087,-1,-0.026962423739896994
2020-11-09,NEAR,,-0.2910728877820664,-1,-0.015354561032933789
2020-11-09,SOL,,-0.024310508997294974,0,0.0
2020-11-09,STX,,0.3400744585774632,1,0.01470469901806039
2020-11-09,TRX,,-0.1072889249161129,0,0.0
2020-11-09,UNI,,0.15080772417666383,0,0.0
2020-11-09,VET,,0.1693616533973566,1,0.035407314333990976
2020-11-09,XLM,,-0.04880867187408805,0,0.0
2020-11-09,XRP,,0.05564883871234748,0,0.0
2020-11-09,ZEC,,0.20400581139430404,1,0.05024585837620784
2020-11-16,AAVE,,-1.010962958259873,-1,-0.017486182173167445
2020-11-16,ADA,,-0.4226266640712307,-1,-0.02830431809778312
2020-11-16,ALGO,,0.2577889987489639,1,0.028885390126137177
2020-11-16,ATOM,,0.2735850201069355,1,0.04295090664257026
2020-11-16,AVAX,,0.43932214966338395,1,0.04019095738307142
2020-11-16,BCH,,0.026603838679951787,0,0.0
2020-11-16,BNB,,0.04146400150411067,0,0.0
2020-11-16,BTC,,-0.005521796095408968,0,0.0
2020-11-16,CHZ,,0.2018068877495362,1,0.043410738387663995
2020-11-16,DASH,,0.1494967900487347,0,0.0
2020-11-16,DOGE,,0.12510547041572756,0,0.0
2020-11-16,DOT,,-0.05817348239778817,-1,-0.0520613676539947
2020-11-16,ETC,,-0.02523220816588265,0,0.0
2020-11-16,ETH,,-0.2863580377789227,-1,-0.052103868588133206
2020-11-16,FET,,0.06797366993784737,0,0.0
2020-11-16,FIL,,0.10731590143313942,0,0.0
2020-11-16,HBAR,,0.42355230717334685,1,0.05054826706453221
2020-11-16,JST,,0.270511232873286,1,0.027201131496056137
2020-11-16,LINK,,0.2642402616142586,1,0.030671509699201176
2020-11-16,LTC,,-0.22294614452175904,-1,-0.0416445586301939
2020-11-16,NEAR,,-0.2635748287923476,-1,-0.026793058547824693
2020-11-16,SOL,,0.08125719296969369,0,0.0
2020-11-16,STX,,-0.08004981072004952,-1,-0.04174035663974992
2020-11-16,TRX,,0.03060787793152497,0,0.0
2020-11-16,UNI,,0.15154850261443534,1,0.01643136894917113
2020-11-16,VET,,0.05516460771284259,0,0.0
2020-11-16,XLM,,-0.1779593264070148,-1,-0.04319486878651503
2020-11-16,XRP,,-0.7012506161017437,-1,-0.021671420882637973
2020-11-16,ZEC,,0.28731116213430324,1,0.044709730251596504
2020-11-23,AAVE,,-0.4566606143669421,-1,-0.018362053354657456
2020-11-23,ADA,,-0.3279330760572728,-1,-0.029159179326285135
2020-11-23,ALGO,,0.3899937314059902,1,0.029208867627346688
2020-11-23,ATOM,,0.23892299510298687,1,0.047862965236765045
2020-11-23,AVAX,,0.20279440975859286,1,0.03357892782209027
2020-11-23,BCH,,-0.020442384466328754,0,0.0
2020-11-23,BNB,,-0.007716565855088245,0,0.0
2020-11-23,BTC,,-0.3479571875298097,-1,-0.05592809943252816
2020-11-23,CHZ,,0.4163430085352686,1,0.047862965236765045
2020-11-23,DASH,,0.1732255719611634,0,0.0
2020-11-23,DOGE,,0.03214315464918914,0,0.0
2020-11-23,DOT,,-0.1704131361230499,-1,-0.044085783656293356
2020-11-23,ETC,,-0.02533448785783556,0,0.0
2020-11-23,ETH,,-0.3393287146946658,-1,-0.05279866966649001
2020-11-23,FET,,-0.06335498740581332,0,0.0
2020-11-23,FIL,,0.562253425500801,1,0.036140426650043
2020-11-23,HBAR,,0.36214469165668745,1,0.047862965236765045
2020-11-23,JST,,0.2362788061993419,1,0.022836817944963398
2020-11-23,LINK,,-0.08043599474904392,-1,-0.048900429670284094
2020-11-23,LTC,,-0.37252343801680937,-1,-0.03814048500883383
2020-11-23,NEAR,,0.34505718171827765,1,0.01301490224909689
2020-11-23,SOL,,0.03811106578303396,0,0.0
2020-11-23,STX,,0.016093227207403166,0,0.0
2020-11-23,TRX,,0.03452502253734657,0,0.0
2020-11-23,UNI,,-0.05651733136432687,0,0.0
2020-11-23,VET,,0.14245349585517955,0,0.0
2020-11-23,XLM,,-0.8292479144059619,-1,-0.015588602335757628
2020-11-23,XRP,,-0.5252708837489584,-1,-0.02203669754887032
2020-11-23,ZEC,,0.43279692877064363,1,0.04663116199616466
2020-11-30,AAVE,,0.6737554078123525,1,0.025293471569762017
2020-11-30,ADA,,-0.5246777336078774,-1,-0.02334954864583175
2020-11-30,ALGO,,0.38107198064542297,1,0.03850734666429909
2020-11-30,ATOM,,0.1018080335061812,0,0.0
2020-11-30,AVAX,,0.2037188466891057,1,0.04819297241675429
2020-11-30,BCH,,-0.07249096144248626,0,0.0
2020-11-30,BNB,,-0.15004354592559332,-1,-0.0660474340429794
2020-11-30,BTC,,-0.3718943814452842,-1,-0.0660474340429794
2020-11-30,CHZ,,0.5952068085704815,1,0.05823066050609897
2020-11-30,DASH,,-0.12281610590539883,0,0.0
2020-11-30,DOGE,,-0.07572906580544161,0,0.0
2020-11-30,DOT,,-0.19318385568397606,-1,-0.03787091651261575
2020-11-30,ETC,,-0.1747853708356696,-1,-0.05062895174030037
2020-11-30,ETH,,-0.4319635758236026,-1,-0.047379199973385265
2020-11-30,FET,,0.015470489285201977,0,0.0
2020-11-30,FIL,,0.5039236319872749,1,0.04692459403455531
2020-11-30,HBAR,,0.5121683283687152,1,0.05823066050609897
2020-11-30,JST,,0.21121924952910384,1,0.016183427212748396
2020-11-30,LINK,,-0.03632757444526106,0,0.0
2020-11-30,LTC,,-0.4127234198454286,-1,-0.033572109184379036
2020-11-30,NEAR,,0.40316735723041447,1,0.019667998557479343
2020-11-30,SOL,,0.4525926930013153,1,0.04545816252537609
2020-11-30,STX,,0.08663705819858267,0,0.0
2020-11-30,TRX,,-0.10123041582307815,0,0.0
2020-11-30,UNI,,-0.1342982710537736,0,0.0
2020-11-30,VET,,0.1393592734006275,0,0.0
2020-11-30,XLM,,-0.9521040391475027,-1,-0.012811353071009808
2020-11-30,XRP,,-0.7107804116018805,-1,-0.018982346779691746
2020-11-30,ZEC,,0.18494957016747254,0,0.0
2020-12-07,AAVE,,0.5339810915559698,1,0.024087668277304863
2020-12-07,ADA,,-0.46130018548584656,-1,-0.027080301170289707
2020-12-07,ALGO,,0.2209696434025186,1,0.03414228195863869
2020-12-07,ATOM,,0.18894920390786682,1,0.05548461328475331
2020-12-07,AVAX,,0.16397076029745591,0,0.0
2020-12-07,BCH,,-0.008644980143148299,0,0.0
2020-12-07,BNB,,-0.10343542152275603,0,0.0
2020-12-07,BTC,,-0.3718934052235181,-1,-0.062334541470011946
2020-12-07,CHZ,,0.391929567637399,1,0.05979230714972531
2020-12-07,DASH,,-0.19028356059976448,-1,-0.043317364101001926
2020-12-07,DOGE,,-0.04859394395029343,0,0.0
2020-12-07,DOT,,-0.1431385594770551,-1,-0.04093931972757013
2020-12-07,ETC,,-0.11521997181933621,0,0.0
2020-12-07,ETH,,-0.40556912948072465,-1,-0.052909958040957404
2020-12-07,FET,,0.10373121886503192,0,0.0
2020-12-07,FIL,,0.6892397821431666,1,0.05979230714972531
2020-12-07,HBAR,,0.3377159515747206,1,0.047604792759022595
2020-12-07,JST,,0.05029322741196105,0,0.0
2020-12-07,LINK,,0.019771045790191382,0,0.0
2020-12-07,LTC,,-0.37119573780375065,-1,-0.03655286681973766
2020-12-07,NEAR,,0.3698966377037961,1,0.019544618470692995
2020-12-07,SOL,,0.33432784417746875,1,0.037567193136535594
2020-12-07,STX,,0.24908320629343148,1,0.01922938388125318
2020-12-07,TRX,,-0.18548655462390035,-1,-0.062334541470011946
2020-12-07,UNI,,0.16111150886018866,0,0.0
2020-12-07,VET,,0.05562034170008181,0,0.0
2020-12-07,XLM,,-0.9056081256763893,-1,-0.014573313966226697
2020-12-07,XRP,,-0.4984127427816482,-1,-0.017202959301844498
2020-12-07,ZEC,,-0.06180871273311915,0,0.0
2020-12-14,AAVE,,0.33321920101251373,1,0.016654983026387606
2020-12-14,ADA,,-0.0668081995400283,0,0.0
2020-12-14,ALGO,,0.2916188331388584,1,0.029959285975549334
2020-12-14,ATOM,,0.0789292574316885,0,0.0
2020-12-14,AVAX,,0.17908647178041434,1,0.04796794829565077
2020-12-14,BCH,,-0.02566681144798058,0,0.0
2020-12-14,BNB,,-0.1298997275627397,-1,-0.05422528229585942
2020-12-14,BTC,,-0.3986774380283285,-1,-0.05422528229585942
2020-12-14,CHZ,,0.10355648351301402,0,0.0
2020-12-14,DASH,,-0.17154081293103837,-1,-0.04986140059886914
2020-12-14,DOGE,,-0.3861903673870623,-1,-0.028591073752099
2020-12-14,DOT,,0.11070147569512012,0,0.0
2020-12-14,ETC,,0.08767360473787295,0,0.0
2020-12-14,ETH,,-0.0987563799978043,0,0.0
2020-12-14,FET,,0.29903703542071775,1,0.034110045982775526
2020-12-14,FIL,,0.39741079083403075,1,0.04796794829565077
2020-12-14,HBAR,,0.23805357867343072,1,0.037146685034517984
2020-12-14,JST,,-0.12221850153062046,-1,-0.02827323467868273
2020-12-14,LINK,,0.1353313275167933,1,0.04796794829565077
2020-12-14,LTC,,-0.4307978371480866,-1,-0.030718466963579244
2020-12-14,NEAR,,0.6650457332638791,1,0.02782436581062121
2020-12-14,SOL,,0.2840598543455215,1,0.03540079116678075
2020-12-14,STX,,-0.16152940878495017,-1,-0.03691815271405034
2020-12-14,TRX,,-0.05745788376537704,0,0.0
2020-12-14,UNI,,0.1165738114883766,0,0.0
2020-12-14,VET,,0.02751080365332763,0,0.0
2020-12-14,XLM,,-1.174802896760671,-1,-0.013824053310603409
2020-12-14,XRP,,-0.13689733528318626,-1,-0.028363055273982012
2020-12-14,ZEC,,0.013435337662313213,0,0.0
2020-12-21,AAVE,,-0.04115646021464738,0,0.0
2020-12-21,ADA,,0.09700027719686828,0,0.0
2020-12-21,ALGO,,0.07854219005811243,0,0.0
2020-12-21,ATOM,,0.05197624988337258,0,0.0
2020-12-21,AVAX,,0.21416754212059028,1,0.05378323059536317
2020-12-21,BCH,,-0.1564058717014638,-1,-0.03802456331558273
2020-12-21,BNB,,-0.20272068947800487,-1,-0.053787148626129176
2020-12-21,BTC,,-0.24440964068855678,-1,-0.053787148626129176
2020-12-21,CHZ,,-0.5778922397858373,-1,-0.023875050057711112
2020-12-21,DASH,,0.04560687958997705,0,0.0
2020-12-21,DOGE,,-0.49156305749708434,-1,-0.024543018014624045
2020-12-21,DOT,,0.24704082479029893,1,0.05378323059536317
2020-12-21,ETC,,0.11063805982802226,0,0.0
2020-12-21,ETH,,0.08255200739348312,0,0.0
2020-12-21,FET,,0.1740988697924288,0,0.0
2020-12-21,FIL,,0.26155176091090293,1,0.02757964017249278
2020-12-21,HBAR,,0.24429887414302154,1,0.02680931386744522
2020-12-21,JST,,-0.36146418512761597,-1,-0.02272192873256154
2020-12-21,LINK,,0.2030072855013218,1,0.05378323059536317
2020-12-21,LTC,,-0.42831429053137043,-1,-0.03082046760358964
2020-12-21,NEAR,,0.1993455221328214,1,0.02979217013028
2020-12-21,SOL,,0.2778971819521535,1,0.035138880207942876
2020-12-21,STX,,-0.36331670680259087,-1,-0.02365352639754342
2020-12-21,TRX,,0.011043895655982018,0,0.0
2020-12-21,UNI,,-0.07958752297874643,-1,-0.053787148626129176
2020-12-21,VET,,0.0013838795195003327,0,0.0
2020-12-21,XLM,,0.2628004960056065,1,0.03318312271297101
2020-12-21,XRP,,0.33360388017998427,1,0.011147181122778625
2020-12-21,ZEC,,0.05027498815147056,0,0.0
2020-12-28,AAVE,,0.24622960046449696,1,0.028397957812938704
2020-12-28,ADA,,-0.0905533920285023,0,0.0
2020-12-28,ALGO,,-0.024666944750682363,0,0.0
2020-12-28,ATOM,,0.034507013223560416,0,0.0
2020-12-28,AVAX,,0.18207646805684008,1,0.028834545347107002
2020-12-28,BCH,,0.04663110914033459,0,0.0
2020-12-28,BNB,,0.11172485831745038,0,0.0
2020-12-28,BTC,,-0.1304301351898639,-1,-0.05621314698526976
2020-12-28,CHZ,,-0.19269660445476017,-1,-0.03204819145175856
2020-12-28,DASH,,0.09661546964300317,0,0.0
2020-12-28,DOGE,,-0.7964552371071203,-1,-0.017582002921529314
2020-12-28,DOT,,-0.6520949218836564,-1,-0.020320284953596574
2020-12-28,ETC,,0.1614055804623589,0,0.0
2020-12-28,ETH,,-0.19797752681709346,-1,-0.050184408806672444
2020-12-28,FET,,0.1997169993741688,1,0.053237497450279454
2020-12-28,FIL,,0.34191379968021157,1,0.03922889939167287
2020-12-28,HBAR,,0.3824288796230693,1,0.043650319301752234
2020-12-28,JST,,0.2627676374835437,1,0.03556382091735302
2020-12-28,LINK,,0.1773339213564454,0,0.0
2020-12-28,LTC,,-0.16285135667060094,-1,-0.055822493581911777
2020-12-28,NEAR,,0.20717866799657947,1,0.03143454309392486
2020-12-28,SOL,,-0.22512678854087928,-1,-0.024918008171054135
2020-12-28,STX,,-0.011136365467890296,0,0.0
2020-12-28,TRX,,0.032219126086972104,0,0.0
2020-12-28,UNI,,-0.45696274962546735,-1,-0.03496318095205286
2020-12-28,VET,,-0.3462255683306321,-1,-0.032948282176154566
2020-12-28,XLM,,0.2423154379404317,1,0.04744590219757424
2020-12-28,XRP,,0.5548186181510901,1,0.01720651448739765
2020-12-28,ZEC,,0.00729440386659153,0,0.0
2021-01-04,AAVE,,0.2796137899016886,1,0.050856980153206756
2021-01-04,ADA,,-0.1339342314041172,0,0.0
2021-01-04,ALGO,,-0.0009436941875879622,0,0.0
2021-01-04,ATOM,,-0.1024301939526792,0,0.0
2021-01-04,AVAX,,0.15054276650784934,1,0.022995509278493594
2021-01-04,BCH,,-0.009338383265598136,0,0.0
2021-01-04,BNB,,-0.350918482802193,-1,-0.0883828068845312
2021-01-04,BTC,,-0.33950308308095944,-1,-0.09962327710123439
2021-01-04,CHZ,,-0.15346200084682549,-1,-0.03343358639383882
2021-01-04,DASH,,0.02676930276951914,0,0.0
2021-01-04,DOGE,,-0.264637440558236,-1,-0.018689495553453513
2021-01-04,DOT,,-0.30514001669432017,-1,-0.020917964366902502
2021-01-04,ETC,,0.024841659413301787,0,0.0
2021-01-04,ETH,,-0.3014262628879469,-1,-0.06023520660849609
2021-01-04,FET,,0.16337037454970693,1,0.08715918706546613
2021-01-04,FIL,,0.43684185313276436,1,0.08172061908896536
2021-01-04,HBAR,,0.40463191231535206,1,0.038330549516407235
2021-01-04,JST,,0.34673768689562334,1,0.09179760343925802
2021-01-04,LINK,,0.1288737800754345,0,0.0
2021-01-04,LTC,,-0.33971178486476283,-1,-0.06812289484939278
2021-01-04,NEAR,,0.568509122912985,1,0.09993713445184552
2021-01-04,SOL,,0.32305103669150764,1,0.024856377045473402
2021-01-04,STX,,-0.14697008155726046,0,0.0
2021-01-04,TRX,,-0.16919824324534222,-1,-0.09962327710123439
2021-01-04,UNI,,-0.11312304951704069,0,0.0
2021-01-04,VET,,-0.3167472622994983,-1,-0.03592811361121277
2021-01-04,XLM,,-0.13039425359527299,0,0.0
2021-01-04,XRP,,0.42812422192196586,1,0.027302662431180572
2021-01-04,ZEC,,-0.10402904232806053,0,0.0
2021-01-11,AAVE,,0.27057412310310114,1,0.026191783195854725
2021-01-11,ADA,,-0.014791548259494419,0,0.0
2021-01-11,ALGO,,0.13509498070092793,1,0.030964010216552543
2021-01-11,ATOM,,0.11533470937533873,0,0.0
2021-01-11,AVAX,,-0.27114843906830116,-1,-0.022127767244694674
2021-01-11,BCH,,0.06504375037311154,0,0.0
2021-01-11,BNB,,0.20651898472985192,1,0.04368571197355084
2021-01-11,BTC,,-0.1252612835792323,0,-0.006434689586360329
2021-01-11,CHZ,,-0.02145999163921738,0,-0.0021594827681135145
2021-01-11,DASH,,-0.16140803809321644,-1,-0.033947121514752855
2021-01-11,DOGE,,-0.7441273182109962,-1,-0.022799910403732852
2021-01-11,DOT,,-0.5382407113585612,-1,-0.024699853788682422
2021-01-11,ETC,,-0.005658869775638235,0,0.0
2021-01-11,ETH,,-0.22292302370108946,-1,-0.054641836285007885
2021-01-11,FET,,0.2021811650838441,1,0.036605798910803636
2021-01-11,FIL,,0.5055532559317468,1,0.04708783204693542
2021-01-11,HBAR,,0.25210103589545285,1,0.023158307752035492
2021-01-11,JST,,0.46746160450798796,1,0.055323604680076265
2021-01-11,LINK,,0.12422183584135722,0,0.0
2021-01-11,LTC,,0.049912602194495406,0,-0.004400072902989022
2021-01-11,NEAR,,0.41006481575471665,1,0.04903408200550203
2021-01-11,SOL,,-0.06175790335824223,0,0.0016054789119878468
2021-01-11,STX,,-0.007508294036087248,0,0.0
2021-01-11,TRX,,0.08672072164709786,0,-0.006434689586360329
2021-01-11,UNI,,-0.2868764535701803,-1,-0.04597414832679185
2021-01-11,VET,,-0.3299771180582969,-1,-0.04751522436012061
2021-01-11,XLM,,-0.47081769267618956,-1,-0.022237628198457902
2021-01-11,XRP,,0.5442735375150716,1,0.017064682777271595
2021-01-11,ZEC,,-0.17310043726935614,-1,-0.03734886750450614
2021-01-18,AAVE,,0.6508908092402104,1,0.0873691359129883
2021-01-18,ADA,,-0.20615131935812742,-1,-0.0377595909072109
2021-01-18,ALGO,,0.025541933734356453,0,0.010823477760310323
2021-01-18,ATOM,,-0.16501480259093917,-1,-0.055003701227579166
2021-01-18,AVAX,,0.3809240406725268,1,0.008265777273781569
2021-01-18,BCH,,-0.04297277556952341,0,0.0
2021-01-18,BNB,,-0.45548347323705507,-1,-0.05090432064588593
2021-01-18,BTC,,-0.7584952425566891,-1,-0.05262171342974819
2021-01-18,CHZ,,0.1209323054128202,0,-0.0007548477587685123
2021-01-18,DASH,,-0.11429847453579967,0,-0.011866225084277471
2021-01-18,DOGE,,-0.0021449593504697276,0,-0.007969714564296052
2021-01-18,DOT,,0.005128403333065454,0,-0.008633840264715094
2021-01-18,ETC,,-0.22241192148114325,-1,-0.0422326549332317
2021-01-18,ETH,,-0.5533919301981481,-1,-0.06388932087760404
2021-01-18,FET,,0.04946021520547396,0,0.012795566454040112
2021-01-18,FIL,,0.18813080189517786,1,0.10565669427668999
2021-01-18,HBAR,,0.585067657697103,1,0.04464852890989301
2021-01-18,JST,,0.521749201770086,1,0.10853551072554005
2021-01-18,LINK,,0.033760540178061044,0,0.0
2021-01-18,LTC,,-0.31172549076831996,-1,-0.050722620282570685
2021-01-18,NEAR,,0.3063377688673791,1,0.06619962397575893
2021-01-18,SOL,,0.37828935910763195,1,0.02409564417962
2021-01-18,STX,,-0.014639927156734407,0,0.0
2021-01-18,TRX,,-0.37416825178379753,-1,-0.08028032031052912
2021-01-18,UNI,,0.29084602293486717,1,0.026334782631752776
2021-01-18,VET,,-0.25375694333514265,-1,-0.04837579321992186
2021-01-18,XLM,,-0.09347100690485528,0,-0.007773168674366124
2021-01-18,XRP,,0.185028599459931,1,0.03711839635301998
2021-01-18,ZEC,,-0.15396114068194963,0,-0.013055306272690113
2021-01-25,AAVE,,0.3436184688571862,1,0.1325175949001731
2021-01-25,ADA,,-0.24831769014034766,-1,-0.03531955967713809
2021-01-25,ALGO,,0.058488285614905274,0,0.0
2021-01-25,ATOM,,-0.247970684652548,-1,-0.05277137289646952
2021-01-25,AVAX,,0.4180293116925911,1,0.03582555812772239
2021-01-25,BCH,,-0.04937904922898282,0,0.0
2021-01-25,BNB,,-0.37883677300462504,-1,-0.11331387350086189
2021-01-25,BTC,,-0.7117713688169913,-1,-0.07843357353103247
2021-01-25,CHZ,,0.18479304964733684,0,0.0
2021-01-25,DASH,,-0.06367094973915455,0,0.0
2021-01-25,DOGE,,0.21378788630252282,1,0.01190511453042483
2021-01-25,DOT,,0.08277167346081582,0,0.0
2021-01-25,ETC,,-0.25184157138764185,-1,-0.042892129270034884
2021-01-25,ETH,,-0.5687732242464041,-1,-0.05752722837615395
2021-01-25,FET,,0.014559981533464753,0,0.0
2021-01-25,FIL,,0.1253750930889367,0,0.0
2021-01-25,HBAR,,0.3151846694685207,1,0.06517464857648417
2021-01-25,JST,,0.4791955436527278,1,0.15050178274679157
2021-01-25,LINK,,-0.12206868961635696,0,0.0
2021-01-25,LTC,,-0.3584693006575055,-1,-0.09618860780354506
2021-01-25,NEAR,,0.21269315665818805,1,0.07707586183434195
2021-01-25,SOL,,0.47014806096837997,1,0.0722855908595455
2021-01-25,STX,,-0.1637662178711505,-1,-0.11331387350086189
2021-01-25,TRX,,-0.36969373500365543,-1,-0.11023978144390217
2021-01-25,UNI,,0.4426040249513372,1,0.10865929532310975
2021-01-25,VET,,-0.09736745765725645,0,0.0
2021-01-25,XLM,,0.0342362310469408,0,0.0
2021-01-25,XRP,,0.36389857629383143,1,0.04605455310140665
2021-01-25,ZEC,,-0.12745730121506713,0,0.0
2021-02-01,AAVE,,0.40432608043629986,1,0.08840180039188292
2021-02-01,ADA,,-0.07098869754725247,0,-7.975735350308766e-05
2021-02-01,ALGO,,-0.00573471882692742,0,0.0
2021-02-01,ATOM,,-0.09904045631787203,0,-0.00011916640754927599
2021-02-01,AVAX,,0.4137292433838834,1,0.03235654232464175
2021-02-01,BCH,,-0.014710388736381802,0,0.0
2021-02-01,BNB,,-0.24288731658335366,-1,-0.03742409682847954
2021-02-01,BTC,,-0.6690713921190358,-1,-0.08422845072177196
2021-02-01,CHZ,,0.15038889695008956,0,0.0
2021-02-01,DASH,,0.04396579336806531,0,0.0
2021-02-01,DOGE,,0.18746536671040978,1,0.010752428289909693
2021-02-01,DOT,,-0.03684213679279063,0,0.0
2021-02-01,ETC,,-0.20202120116354708,-1,-0.10021841727637057
2021-02-01,ETH,,-0.5198052601002868,-1,-0.07684706751183461
2021-02-01,FET,,0.1040942670764623,0,0.0
2021-02-01,FIL,,0.1914096240836898,1,0.14162187822331682
2021-02-01,HBAR,,0.2592953242091813,1,0.06277400213262184
2021-02-01,JST,,0.42169055556817475,1,0.14196173591121292
2021-02-01,LINK,,-0.30036161559117674,-1,-0.04566917577996735
2021-02-01,LTC,,-0.3405660587503748,-1,-0.07309688340557832
2021-02-01,NEAR,,0.30615462873752836,1,0.04805618061562185
2021-02-01,SOL,,0.5331691694725977,1,0.062865492550361
2021-02-01,STX,,-0.23459415042197812,-1,-0.10299693817414261
2021-02-01,TRX,,-0.3500576878570008,-1,-0.10991267521485375
2021-02-01,UNI,,-0.012863007845903517,0,0.0002453704946409896
2021-02-01,VET,,-0.14052280137199652,-1,-0.06940737132594892
2021-02-01,XLM,,0.26527924360329436,1,0.11086057033801121
2021-02-01,XRP,,0.014506952109853827,0,0.00010399872777896307
2021-02-01,ZEC,,-0.05540825568364807,0,0.0
2021-02-08,AAVE,,-0.1559828223642895,-1,-0.031110475708460025
2021-02-08,ADA,,-0.19096825514224575,-1,-0.028704271283217828
2021-02-08,ALGO,,0.04999006905798995,0,0.0
2021-02-08,ATOM,,-0.15357363178285724,0,-2.4098916260711738e-05
2021-02-08,AVAX,,0.6731708204459333,1,0.05091640884379618
2021-02-08,BCH,,0.13322932794467748,0,0.0
2021-02-08,BNB,,0.09587221952148799,0,-0.007568241706282567
2021-02-08,BTC,,-0.7332369713603247,-1,-0.1007752519607257
2021-02-08,CHZ,,0.020852188127617903,0,0.0
2021-02-08,DASH,,0.23972934400890003,1,0.03638718589422814
2021-02-08,DOGE,,-0.1425542535097216,0,0.0021744539781539795
2021-02-08,DOT,,0.23640075859296714,1,0.08888611714866061
2021-02-08,ETC,,0.19243339274681218,1,0.018761997415845152
2021-02-08,ETH,,-0.6462203022687016,-1,-0.10776370055112737
2021-02-08,FET,,0.000582326933017734,0,0.0
2021-02-08,FIL,,0.33393080740486164,1,0.06579172747587445
2021-02-08,HBAR,,-0.026021982144491744,0,0.012694730434986458
2021-02-08,JST,,0.3038761675590119,1,0.12393479588840278
2021-02-08,LINK,,-0.1747577497678819,-1,-0.08254696042925751
2021-02-08,LTC,,-0.3023646638896658,-1,-0.07357326018383632
2021-02-08,NEAR,,0.23903406685554004,1,0.06538064202028135
2021-02-08,SOL,,0.45836031417927803,1,0.08154208778784354
2021-02-08,STX,,-0.23668052120991762,-1,-0.0756826937375973
2021-02-08,TRX,,-0.27896257212937503,-1,-0.07581779556332291
2021-02-08,UNI,,-0.21225138350610437,-1,-0.0642029398319998
2021-02-08,VET,,-0.0034903254888816924,0,-0.014036190767675198
2021-02-08,XLM,,0.23282492634033447,1,0.11531470218177496
2021-02-08,XRP,,0.0014317423071439216,0,2.1031569915619345e-05
2021-02-08,ZEC,,0.04534696253888775,0,0.0
2021-02-15,AAVE,,-0.2297076876680193,-1,-0.05437559372014786
2021-02-15,ADA,,-0.1358150611712001,0,-0.0019053433742352369
2021-02-15,ALGO,,-0.016818861974856287,0,0.0
2021-02-15,ATOM,,-0.1376536591351924,-1,-0.049035432217807824
2021-02-15,AVAX,,0.5350324255593786,1,0.061047296844995144
2021-02-15,BCH,,0.1396982936229864,1,0.07440677958858413
2021-02-15,BNB,,0.26320629163805426,1,0.04753503678070786
2021-02-15,BTC,,-0.5731133465566703,-1,-0.12110797090001316
2021-02-15,CHZ,,0.21310195188171133,1,0.09060717259057241
2021-02-15,DASH,,0.33471660903426914,1,0.05828209868711162
2021-02-15,DOGE,,0.0004045666743378584,0,0.000144336758769327
2021-02-15,DOT,,0.37728832278169244,1,0.10142184977716043
2021-02-15,ETC,,0.1612237369157518,1,0.05258613437121253
2021-02-15,ETH,,-0.6605030858824287,-1,-0.12157185288073044
2021-02-15,FET,,0.014019873927234593,0,0.0
2021-02-15,FIL,,0.103075792163117,0,0.0043671490834514964
2021-02-15,HBAR,,0.11285827976622029,0,0.0008426557944407886
2021-02-15,JST,,0.09881843121034103,0,0.008226592476542852
2021-02-15,LINK,,-0.2285354626951308,-1,-0.08953808021211646
2021-02-15,LTC,,-0.30122037138597857,-1,-0.07769440893214313
2021-02-15,NEAR,,0.23077070299121086,1,0.07519127258222583
2021-02-15,SOL,,0.4142715922460264,1,0.11464819215952171
2021-02-15,STX,,-0.14816425541139128,-1,-0.07001286832748685
2021-02-15,TRX,,-0.3309203647383749,-1,-0.07275192777115727
2021-02-15,UNI,,-0.10853910772386412,0,-0.004261687914259814
2021-02-15,VET,,-0.012580869915581864,0,-0.0009316997743930768
2021-02-15,XLM,,0.05818935928651252,0,0.007654404516529642
2021-02-15,XRP,,-0.23984031204040265,-1,-0.03377410598733474
2021-02-15,ZEC,,0.06673621660025267,0,0.0
2021-02-22,AAVE,,-0.10474695403402194,-1,-0.0618576921375069
2021-02-22,ADA,,-0.22236032436786388,-1,-0.05807877476207614
2021-02-22,ALGO,,-0.060858670160915875,0,0.0
2021-02-22,ATOM,,-0.0921083270334404,0,-0.0049059963355816
2021-02-22,AVAX,,0.6651253346738099,1,0.05186523818831364
2021-02-22,BCH,,0.08839662573550593,0,0.007444400334488191
2021-02-22,BNB,,0.01056993314554705,0,0.00475588173103117
2021-02-22,BTC,,-0.6981797043389323,-1,-0.10356179231475023
2021-02-22,CAKE,,0.24205954580363456,1,0.07811862107006971
2021-02-22,CHZ,,-0.21314802410618558,-1,-0.053789084959351335
2021-02-22,DASH,,0.20469055194742664,1,0.052013651750477424
2021-02-22,DOGE,,0.37800312558874943,1,0.039351842582178546
2021-02-22,DOT,,0.26266611637182463,1,0.10176997720736301
2021-02-22,ETC,,0.13948015613038867,1,0.05049185395723284
2021-02-22,ETH,,-0.5148027074096418,-1,-0.10275940458313998
2021-02-22,FET,,-0.07985975229961177,0,0.0
2021-02-22,FIL,,-0.0022094333814344316,0,0.0004369333853362217
2021-02-22,HBAR,,0.07474591309859752,0,8.430773529883911e-05
2021-02-22,JST,,0.23799591076573393,1,0.07894169187252478
2021-02-22,LINK,,-0.1302766556529691,-1,-0.08498850244239053
2021-02-22,LTC,,-0.3220301665656383,-1,-0.0753991857513754
2021-02-22,NEAR,,0.11753682877695168,0,0.0075228888799750565
2021-02-22,SOL,,0.4058660317698729,1,0.11844699192470062
2021-02-22,STX,,-0.08958727462985876,0,-0.007004789392545979
2021-02-22,TRX,,-0.30303393936530637,-1,-0.06857540408320804
2021-02-22,UNI,,0.14255297536494574,1,0.09819420907597182
2021-02-22,VET,,-0.1047017835985341,0,-9.321658793036305e-05
2021-02-22,XLM,,0.07729103029077906,0,0.0007658233813939144
2021-02-22,XRP,,-0.20167137384597902,-1,-0.06919046972649925
2021-02-22,ZEC,,0.09259501132657201,0,0.0
2021-03-01,AAVE,,0.07994265342115492,0,0.0
2021-03-01,ADA,,-0.26177146975870197,-1,-0.09484685551706037
2021-03-01,ALGO,,-0.12809626164391733,0,0.0
2021-03-01,ATOM,,-0.05451023959301858,0,0.0
2021-03-01,AVAX,,0.6888592521217898,1,0.0454649608788762
2021-03-01,BCH,,0.06284384843360478,0,0.0
2021-03-01,BNB,,-0.04976940611863809,0,0.0
2021-03-01,BTC,,-0.7773045211392572,-1,-0.09317400453100319
2021-03-01,CAKE,,0.24165484171595825,1,0.06667068539116813
2021-03-01,CHZ,,-0.18300262598286998,-1,-0.029369223943036083
2021-03-01,DASH,,0.16691040400389448,1,0.03530489859266826
2021-03-01,DOGE,,0.8020114958850662,1,0.12520358373939758
2021-03-01,DOT,,0.0666320043946378,0,0.0
2021-03-01,ETC,,0.11626533945876867,0,0.0
2021-03-01,ETH,,-0.5099690382636816,-1,-0.0920242341280694
2021-03-01,FET,,0.1810666113937088,1,0.0655650250464537
2021-03-01,FIL,,-0.029622601868127853,0,0.0
2021-03-01,HBAR,,0.07322372296720323,0,0.0
2021-03-01,JST,,0.21000523317171946,1,0.05889942940300613
2021-03-01,LINK,,-0.16168480596956744,-1,-0.07432509972492042
2021-03-01,LTC,,-0.38784649202952365,-1,-0.06780958506726048
2021-03-01,NEAR,,0.21499688784874374,1,0.1211260642959861
2021-03-01,SOL,,0.23191004520788333,1,0.12520358373939758
2021-03-01,STX,,-0.1640359756874675,-1,-0.1185815972141691
2021-03-01,TRX,,-0.2666612037266861,-1,-0.06128687845408499
2021-03-01,UNI,,0.157701074537234,1,0.056561768913046144
2021-03-01,VET,,-0.07602293036417744,0,0.0
2021-03-01,XLM,,-0.05661331854744262,0,0.0
2021-03-01,XRP,,-0.24680296713468605,-1,-0.06858252142039592
2021-03-01,ZEC,,0.059690443266393424,0,0.0
2021-03-08,AAVE,,-0.15188554810747062,0,0.0
2021-03-08,ADA,,-0.44882139701868484,-1,-0.06524623718422826
2021-03-08,ALGO,,0.01317641554920439,0,0.0
2021-03-08,ATOM,,-0.1621876484372586,0,0.0
2021-03-08,AVAX,,0.7239264563671711,1,0.09329865411125182
2021-03-08,BCH,,0.1778788887098643,0,0.0
2021-03-08,BNB,,-0.007000459495257326,0,0.0
2021-03-08,BTC,,-0.724729236560293,-1,-0.07180972765055939
2021-03-08,CAKE,,0.24829599386653473,1,0.09446037306144238
2021-03-08,CHZ,,0.2609233444841629,1,0.006079269875023285
2021-03-08,DASH,,0.33535857062235963,1,0.07035484929229446
2021-03-08,DOGE,,0.5330913917844898,1,0.1192900718301801
2021-03-08,DOT,,-0.05754379087972042,0,0.0
2021-03-08,ETC,,0.3317611525670012,1,0.08559250604818629
2021-03-08,ETH,,-0.5519364906709291,-1,-0.06622310044952161
2021-03-08,FET,,0.20928564540901087,0,0.008449220361454277
2021-03-08,FIL,,0.31450845740906785,1,0.08261491822354491
2021-03-08,HBAR,,0.24403525971451656,1,0.026321306049636527
2021-03-08,JST,,0.17312627786192197,0,0.007590239732804545
2021-03-08,LINK,,-0.1960538837538009,-1,-0.0707283124482617
2021-03-08,LTC,,-0.34151761631469896,-1,-0.06536792488092918
2021-03-08,NEAR,,0.21228575264723287,1,0.0787401435822218
2021-03-08,SOL,,-0.059039935323621104,0,0.016134710057815832
2021-03-08,STX,,-0.48761734160886794,-1,-0.09203662931068596
2021-03-08,TRX,,-0.21921986080782332,-1,-0.07737413013447615
2021-03-08,UNI,,-0.04626583377171749,0,0.007288990574492733
2021-03-08,VET,,0.026726804021222784,0,0.0
2021-03-08,XLM,,-0.21690042956189276,-1,-0.10244425338844354
2021-03-08,XRP,,-0.33769590507247055,-1,-0.0849849373532432
2021-03-08,ZEC,,0.20403496637074645,0,0.0
2021-03-15,AAVE,,-0.1979882823076926,-1,-0.09283207945329257
2021-03-15,ADA,,-0.3070043738820411,-1,-0.08928294526129969
2021-03-15,ALGO,,0.04101314696018024,0,0.0
2021-03-15,ATOM,,-0.07638444428566059,0,0.0
2021-03-15,AVAX,,0.7520911538635183,1,0.07649074305104912
2021-03-15,BCH,,0.14696862108024564,0,0.0
2021-03-15,BNB,,0.21000363882075082,1,0.08929564155887469
2021-03-15,BTC,,-0.7741776891575181,-1,-0.08239840112398043
2021-03-15,CAKE,,0.17439881425556109,1,0.061882790573841946
2021-03-15,CHZ,,0.12205336727657023,0,0.0
2021-03-15,DASH,,0.37000836203041876,1,0.08475488185214575
2021-03-15,DOGE,,0.4781282754727294,1,0.11715889994367355
2021-03-15,DOT,,0.046008245944350275,0,0.0
2021-03-15,ETC,,0.28775869715745456,1,0.08192007793687686
2021-03-15,ETH,,-0.616634006203031,-1,-0.0692036492473898
2021-03-15,FET,,0.03040369015254121,0,0.0
2021-03-15,FIL,,0.38796196876591493,1,0.058964247508266635
2021-03-15,HBAR,,0.11880555792389935,0,0.0
2021-03-15,JST,,0.29964680544745115,1,0.04889111245342831
2021-03-15,LINK,,-0.21657109377624104,-1,-0.07740354836597448
2021-03-15,LTC,,-0.4394325247135478,-1,-0.0706288234171963
2021-03-15,NEAR,,0.07952453888473901,0,0.0
2021-03-15,SOL,,-0.0939819868913283,0,0.0
2021-03-15,STX,,-0.4398115246439536,-1,-0.10154824631434901
2021-03-15,TRX,,-0.1389322599554569,0,0.0
2021-03-15,UNI,,-0.17733311320526526,-1,-0.04154916225415372
2021-03-15,VET,,0.11685238467985785,0,0.0
2021-03-15,XLM,,-0.1413923652108204,0,0.0
2021-03-15,XRP,,-0.2386332610869966,-1,-0.07515314456236401
2021-03-15,ZEC,,0.19664965660337513,1,0.08064160512184308
2021-03-22,AAVE,,-0.1180422291153884,0,0.0
2021-03-22,ADA,,-0.2735550934716297,-1,-0.08467845170172345
2021-03-22,ALGO,,0.20129967868865595,1,0.11655010085630897
2021-03-22,ATOM,,-0.1125721167166257,0,0.0
2021-03-22,AVAX,,0.6478384502810697,1,0.060372173301536915
2021-03-22,BCH,,0.16632645112468747,0,0.0
2021-03-22,BNB,,0.25421497382769526,1,0.10981898355495608
2021-03-22,BTC,,-0.7714724882416736,-1,-0.09674533120283878
2021-03-22,CAKE,,0.31665679073264036,1,0.023271514500086403
2021-03-22,CHZ,,0.1119930313456074,0,0.0
2021-03-22,DASH,,0.3704925024066378,1,0.09173828947503636
2021-03-22,DOGE,,0.44156654711167287,1,0.0853503291815346
2021-03-22,DOT,,-0.03705723496721666,0,0.0
2021-03-22,ETC,,0.34362802154317657,1,0.08591950780191275
2021-03-22,ETH,,-0.5980062481916707,-1,-0.0773123371785116
2021-03-22,FET,,0.03524954840652328,0,0.0
2021-03-22,FIL,,0.40583530217427805,1,0.0391237073414312
2021-03-22,HBAR,,0.09426877046099418,0,0.0
2021-03-22,JST,,0.12897875501126807,0,0.0
2021-03-22,LINK,,-0.2193932852957722,-1,-0.09448993577883909
2021-03-22,LTC,,-0.4060778405806019,-1,-0.07821114555849053
2021-03-22,NEAR,,-0.023147976902822866,0,0.0
2021-03-22,SOL,,0.08421827261684267,0,0.0
2021-03-22,STX,,-0.5945989212183581,-1,-0.06247733534024556
2021-03-22,TRX,,-0.17723624416207506,-1,-0.08019973400486201
2021-03-22,UNI,,-0.16288370875115582,-1,-0.03016668559178006
2021-03-22,VET,,0.00042520081611515086,0,0.0
2021-03-22,XLM,,-0.10456989663914669,0,0.0
2021-03-22,XRP,,-0.20327099112202365,-1,-0.09571904364270886
2021-03-22,ZEC,,0.19889197882829177,1,0.08785539398719669
2021-03-29,AAVE,,-0.05148168676267158,0,0.0
2021-03-29,ADA,,-0.38576266747529936,-1,-0.10083027739702834
2021-03-29,ALGO,,0.1802100110857334,0,0.0
2021-03-29,ATOM,,-0.08950619498849643,0,0.0
2021-03-29,AVAX,,0.6054478539649674,1,0.08543900173093005
2021-03-29,BCH,,0.221737944474578,1,0.10763297928814743
2021-03-29,BNB,,0.28433350191108425,1,0.07059218331332544
2021-03-29,BTC,,-0.7978642010863725,-1,-0.0948124887054212
2021-03-29,CAKE,,0.4121845410438178,1,0.03079902306443771
2021-03-29,CHZ,,0.014714327068009434,0,0.0
2021-03-29,DASH,,0.4198922577166731,1,0.05752443113339334
2021-03-29,DOGE,,0.4463129105412867,1,0.11257343746717435
2021-03-29,DOT,,0.02739584539231391,0,0.0
2021-03-29,ETC,,0.37416294594049637,1,0.07623565781446723
2021-03-29,ETH,,-0.5382744219179617,-1,-0.06328874467306804
2021-03-29,FET,,-0.09011423942695015,0,0.0
2021-03-29,FIL,,0.4680314301926914,1,0.08851934342020064
2021-03-29,HBAR,,0.01669986842950888,0,0.0
2021-03-29,JST,,0.20201918365759514,0,0.0
2021-03-29,LINK,,-0.17395610354278443,-1,-0.08282273715617701
2021-03-29,LTC,,-0.38111166949735364,-1,-0.0778753450757129
2021-03-29,NEAR,,-0.04220217780049483,0,0.0
2021-03-29,SOL,,0.0022514976240344724,0,0.0
2021-03-29,STX,,-0.6789959352395568,-1,-0.10062312428026747
2021-03-29,TRX,,-0.08274161068276328,0,0.0
2021-03-29,UNI,,-0.14747958399335598,-1,-0.06333046377409918
2021-03-29,VET,,-0.11178714276496855,-1,-0.040676760962760364
2021-03-29,XLM,,-0.10655559930473263,0,0.0
2021-03-29,XRP,,-0.2581280508789232,-1,-0.07574005797546539
2021-03-29,ZEC,,0.2605671663198928,1,0.07068394276792378
2021-04-05,AAVE,,-0.1436950769618231,0,0.0
2021-04-05,ADA,,-0.2649984400594203,-1,-0.137811250151192
2021-04-05,ALGO,,0.25942735641945586,0,0.0
2021-04-05,ATOM,,0.018686004868994237,0,0.0
2021-04-05,AVAX,,0.7012594569603844,1,0.09043560147635547
2021-04-05,BCH,,0.2687431502277035,1,0.07766151894760243
2021-04-05,BNB,,0.20701856518474354,0,0.007308461504356989
2021-04-05,BTC,,-0.651664921149674,-1,-0.13718822398980024
2021-04-05,CAKE,,0.3351505488702337,1,0.030043877867435127
2021-04-05,CHZ,,0.8291799068462601,1,0.11564551610068705
2021-04-05,DASH,,0.37158990610521847,1,0.06112559546306269
2021-04-05,DOGE,,0.43700550082239814,1,0.06978935941079271
2021-04-05,DOT,,-0.12546446677581194,0,0.0
2021-04-05,ETC,,0.3332333026142411,1,0.051243574887440406
2021-04-05,ETH,,-0.580564169628692,-1,-0.09676515965828006
2021-04-05,FET,,-0.06579817441623156,0,0.0
2021-04-05,FIL,,-0.047364689365012556,0,0.00916447379033497
2021-04-05,HBAR,,0.4172261546154212,1,0.11564551610068705
2021-04-05,JST,,-0.19747518072249298,-1,-0.023808638401712205
2021-04-05,LINK,,-0.1024995060746306,0,-0.008574699885746911
2021-04-05,LTC,,-0.33178539358441117,-1,-0.0839678560375056
2021-04-05,NEAR,,0.16846850799897284,0,0.0
2021-04-05,SOL,,-0.028794198182028045,0,0.0
2021-04-05,STX,,-0.6963224265713661,-1,-0.04696797657300845
2021-04-05,TRX,,-0.46225817226031257,-1,-0.024148950401056676
2021-04-05,UNI,,-0.16206014373949884,-1,-0.10530588302599278
2021-04-05,VET,,-0.10571372547032021,0,-0.00421129546735733
2021-04-05,XLM,,-0.10922208205000848,0,0.0
2021-04-05,XRP,,-0.5581612510458971,-1,-0.03125006640834768
2021-04-05,ZEC,,0.286853656523602,1,0.071936504451245
2021-04-12,AAVE,,-0.1939842037368018,-1,-0.11501289020610088
2021-04-12,ADA,,-0.24225737261535144,-1,-0.14431585780197384
2021-04-12,ALGO,,0.015498380242873918,0,0.0
2021-04-12,ATOM,,-0.13526633419025286,0,0.0
2021-04-12,AVAX,,0.6577518006077074,1,0.12113740734625415
2021-04-12,BCH,,0.33493275861426325,1,0.06465508042526276
2021-04-12,BNB,,0.14713888228275815,1,0.04610160228584174
2021-04-12,BTC,,-0.8389854417731538,-1,-0.14431585780197384
2021-04-12,CAKE,,0.3953794099487204,1,0.03326476723257342
2021-04-12,CHZ,,0.9768699608891389,1,0.1007353200688781
2021-04-12,DASH,,0.4430688885431814,1,0.08226794034517611
2021-04-12,DOGE,,-0.22156038378271609,-1,-0.007582659600712849
2021-04-12,DOT,,-0.08294274473676548,0,0.0
2021-04-12,ETC,,0.4068312856802851,1,0.03557998527151537
2021-04-12,ETH,,-0.5626089818412706,-1,-0.10301415964430662
2021-04-12,FET,,-0.03722332590929296,0,0.0
2021-04-12,FIL,,-0.02511445411388902,0,0.0
2021-04-12,HBAR,,0.27499204712983755,1,0.12113740734625415
2021-04-12,JST,,0.05367926480089564,0,0.0
2021-04-12,LINK,,-0.0666992092855883,0,0.0
2021-04-12,LTC,,-0.3173770676317183,-1,-0.09902915064150603
2021-04-12,NEAR,,-0.0053861655113730455,0,0.0
2021-04-12,SOL,,0.07097333519281956,0,0.0
2021-04-12,STX,,-0.5882733284472224,-1,-0.037992884033723404
2021-04-12,TRX,,-0.1792187134118934,-1,-0.025173980630121936
2021-04-12,UNI,,-0.10864328382785918,0,0.0
2021-04-12,VET,,0.04649528509039255,0,0.0
2021-04-12,XLM,,-0.17282359830993718,0,0.0
2021-04-12,XRP,,-0.37176339056287716,-1,-0.023562559639580524
2021-04-12,ZEC,,0.32651670066508387,1,0.09512048967824421
2021-04-19,AAVE,,-0.2392996672882275,-1,-0.09343846259094754
2021-04-19,ADA,,-0.2847676397992791,-1,-0.11533416077281522
2021-04-19,ALGO,,0.05757527352076571,0,0.0
2021-04-19,ATOM,,-0.14180445230807573,-1,-0.08945153021494937
2021-04-19,AVAX,,0.5991973310382721,1,0.10897957970030249
2021-04-19,BCH,,0.09868329901045622,0,0.0
2021-04-19,BNB,,-0.042376106820573675,0,0.0
2021-04-19,BTC,,-0.8547452207527247,-1,-0.11533416077281522
2021-04-19,CAKE,,0.21199064932386558,1,0.050956807766482856
2021-04-19,CHZ,,1.0937436507002327,1,0.08487029438422071
2021-04-19,DASH,,0.2921095342823869,1,0.07559033167428826
2021-04-19,DOGE,,-0.09011857636521921,0,0.0
2021-04-19,DOT,,0.10085233531241676,0,0.0
2021-04-19,ETC,,0.1681390110038905,1,0.038391166288771525
2021-04-19,ETH,,-0.6777410514092597,-1,-0.11163539816018334
2021-04-19,FET,,0.23466516967883205,1,0.11866851916808922
2021-04-19,FIL,,0.05915208009142231,0,0.0
2021-04-19,HBAR,,0.32558737613584143,1,0.11866851916808922
2021-04-19,JST,,0.20675683573524123,1,0.03130619807085714
2021-04-19,LINK,,-0.2048049580798668,-1,-0.06535683959817712
2021-04-19,LTC,,-0.4348083057512692,-1,-0.060306617128937534
2021-04-19,NEAR,,0.12368232808687102,0,0.0
2021-04-19,SOL,,0.043848223418463776,0,0.0
2021-04-19,STX,,-0.4779227161270278,-1,-0.031169870058365894
2021-04-19,TRX,,-0.035776693527749794,0,0.0
2021-04-19,UNI,,0.007260286332260118,0,0.0
2021-04-19,VET,,0.05137842318610342,0,0.0
2021-04-19,XLM,,-0.04913512757925548,0,0.0
2021-04-19,XRP,,-0.2811220817809394,-1,-0.017870391471787168
2021-04-19,ZEC,,0.13980079073214702,1,0.0724660145478769
2021-04-26,AAVE,,-0.4372579905026505,-1,-0.06210934291953155
2021-04-26,ADA,,-0.10404917048752285,0,-0.02588709176920466
2021-04-26,ALGO,,0.1285363357422384,0,0.0
2021-04-26,ATOM,,-0.06487598782250795,0,-0.02007765917793876
2021-04-26,AVAX,,0.5183685366477795,1,0.05440347916003115
2021-04-26,BCH,,0.05712348178722593,0,0.0
2021-04-26,BNB,,-0.15310974368595415,-1,-0.03549142738274805
2021-04-26,BTC,,-0.4208581679249131,-1,-0.08540311127505792
2021-04-26,CAKE,,0.07601686235851024,0,0.011437405449327948
2021-04-26,CHZ,,0.6921260294320672,1,0.05145674500036887
2021-04-26,DASH,,0.2486566029297962,1,0.06060357219331891
2021-04-26,DOGE,,-0.9003844933092684,-1,-0.005675786911778853
2021-04-26,DOT,,0.15419275214269246,1,0.048909234493157726
2021-04-26,ETC,,0.006508003041656642,0,0.008617010243841618
2021-04-26,ETH,,-0.23035612351320342,-1,-0.08457291312262749
2021-04-26,FET,,0.2612894472453688,1,0.04477679356290097
2021-04-26,FIL,,0.06925363984062474,0,0.0
2021-04-26,HBAR,,0.269280489369197,1,0.06432270641088582
2021-04-26,JST,,0.35762730658579195,1,0.0398901185203268
2021-04-26,LINK,,-0.05141742836831753,0,-0.014669534967665779
2021-04-26,LTC,,-0.22193914797274533,-1,-0.060890459104742556
2021-04-26,NEAR,,0.14565741543735422,0,0.0
2021-04-26,SOL,,-0.3123627470547847,-1,-0.045965562895176074
2021-04-26,STX,,-0.4335561204426827,-1,-0.035601704981758124
2021-04-26,TRX,,0.2107322842103558,1,0.037101514532218056
2021-04-26,UNI,,0.23144018461300828,1,0.057574431647292854
2021-04-26,VET,,-0.00442827745240339,0,0.0
2021-04-26,XLM,,0.046127188038147436,0,0.0
2021-04-26,XRP,,-0.26295383946018364,-1,-0.019013626910114045
2021-04-26,ZEC,,0.1246126785753267,0,0.016265210204673163
2021-05-03,AAVE,,-0.6946610500260653,-1,-0.039194083065490555
2021-05-03,ADA,,0.005630171578332374,0,0.0
2021-05-03,ALGO,,0.1790100270930429,1,0.04314733296357923
2021-05-03,ATOM,,-0.0011722291122749345,0,0.0
2021-05-03,AVAX,,0.47120801257817035,1,0.029722695986838403
2021-05-03,BCH,,0.15716615296606518,1,0.030120920139634903
2021-05-03,BNB,,0.01674792138450695,0,0.0
2021-05-03,BTC,,-0.2471301920676698,-1,-0.05766117842889864
2021-05-03,CAKE,,-0.14179887071820238,-1,-0.03132958316919692
2021-05-03,CHZ,,0.4171709981134052,1,0.03330038887966938
2021-05-03,DASH,,0.2783752791095154,1,0.03962083933529117
2021-05-03,DOGE,,-1.2056164838249286,-1,-0.005359117194865064
2021-05-03,DOT,,0.16488726646823373,1,0.04890768688629567
2021-05-03,ETC,,-0.17471229083222756,-1,-0.011125420231043058
2021-05-03,ETH,,-0.06252430717368505,-1,-0.055025140134705774
2021-05-03,FET,,0.0716772255842716,0,0.0
2021-05-03,FIL,,-0.07621815863011183,-1,-0.050101067895256465
2021-05-03,HBAR,,0.07837078002818397,0,0.0
2021-05-03,JST,,0.39503046757803667,1,0.036120723015129926
2021-05-03,LINK,,0.08895202527737993,0,0.0
2021-05-03,LTC,,-0.017515474090790347,0,0.0
2021-05-03,NEAR,,0.13519389839286322,0,0.0
2021-05-03,SOL,,-0.2980062578468731,-1,-0.035708133520970055
2021-05-03,STX,,-0.21495848352311117,-1,-0.05766117842889864
2021-05-03,TRX,,0.28659206987561164,1,0.03905783535103787
2021-05-03,UNI,,-0.023868602355123156,0,0.0
2021-05-03,VET,,0.025908457342256185,0,0.0
2021-05-03,XLM,,0.1411417817539454,0,0.0
2021-05-03,XRP,,0.019702715174075673,0,0.0
2021-05-03,ZEC,,0.22541714990317177,1,0.043166479511848564
2021-05-10,AAVE,,-0.6514544530023488,-1,-0.0480242776836167
2021-05-10,ADA,,0.09898601886124916,0,0.0
2021-05-10,ALGO,,0.15974921449102802,0,0.0
2021-05-10,ATOM,,-0.09877953882460801,-1,-0.04709457677876624
2021-05-10,AVAX,,0.34073262847307123,1,0.028426830713115293
2021-05-10,BCH,,-0.11026030325910573,-1,-0.03032309873784321
2021-05-10,BNB,,0.028440349014705348,0,0.0
2021-05-10,BTC,,-0.1693510395467697,-1,-0.056249748394911245
2021-05-10,CAKE,,-0.07665544544118966,0,0.0
2021-05-10,CHZ,,0.4183123841245126,1,0.033063076861870586
2021-05-10,DASH,,0.07434444648699123,0,0.0
2021-05-10,DOGE,,-0.005347326547869424,0,0.0
2021-05-10,DOT,,0.2590231219725219,1,0.049783297811018465
2021-05-10,ETC,,-1.1359638821293956,-1,-0.011967087590597782
2021-05-10,ETH,,-0.2614588604756084,-1,-0.05282153546876645
2021-05-10,FET,,-0.1404210676297438,-1,-0.02074936863250249
2021-05-10,FIL,,0.1513080912478044,0,0.0
2021-05-10,HBAR,,0.17305344374787246,1,0.036715945179442315
2021-05-10,JST,,0.35811382672809405,1,0.03283130663025099
2021-05-10,LINK,,-0.09250763764770113,0,0.0
2021-05-10,LTC,,-0.19551426631238183,-1,-0.032111248195787014
2021-05-10,NEAR,,0.46772930259664475,1,0.05694855032514427
2021-05-10,SOL,,-0.25451821974943994,-1,-0.0433658690756661
2021-05-10,STX,,-0.03197178633422351,0,0.0
2021-05-10,TRX,,0.22794998986376427,1,0.035899279834155445
2021-05-10,UNI,,0.01758431031416119,0,0.0
2021-05-10,VET,,0.21619587766127066,1,0.03134378031299115
2021-05-10,XLM,,0.2001633363862359,1,0.037694742890468785
2021-05-10,XRP,,-0.07325057027039884,0,0.0
2021-05-10,ZEC,,0.10576805520085784,0,0.0
2021-05-17,AAVE,,-0.4789589037155883,-1,-0.035367892094768275
2021-05-17,ADA,,-0.059504568626176514,-1,-0.0345197674752133
2021-05-17,ALGO,,-0.05775260832846587,-1,-0.04264438923619677
2021-05-17,ATOM,,0.07628574952301205,0,0.0
2021-05-17,AVAX,,0.38787562558529864,1,0.027430731828302374
2021-05-17,BCH,,0.007160212027755439,0,0.0
2021-05-17,BNB,,0.23467542960076265,1,0.036689334540348416
2021-05-17,BTC,,-0.531040516354632,-1,-0.05746094873479006
2021-05-17,CAKE,,0.19203370871778178,1,0.031905826116401956
2021-05-17,CHZ,,0.37894169009794365,1,0.03455286668777241
2021-05-17,DASH,,0.18835960646072591,1,0.030193810921711483
2021-05-17,DOGE,,-0.0225922633183418,0,0.0
2021-05-17,DOT,,0.2839891212951331,1,0.03382787837091483
2021-05-17,ETC,,-0.9361200821771446,-1,-0.01331435353478987
2021-05-17,ETH,,-0.18338550492955524,-1,-0.0358182914259798
2021-05-17,FET,,-0.10168643059036735,-1,-0.022289939244056554
2021-05-17,FIL,,-0.054003480876137926,0,0.0
2021-05-17,HBAR,,-0.051970125114049026,0,0.0
2021-05-17,ICP,,0.051318674667723,0,0.0
2021-05-17,JST,,0.05411806357671999,0,0.0
2021-05-17,LINK,,-0.018991076661689702,0,0.0
2021-05-17,LTC,,-0.13669905881866237,-1,-0.028756625056553135
2021-05-17,NEAR,,0.22734785926691237,1,0.037086614968729094
2021-05-17,SHIB,,0.07888319296417498,0,0.0
2021-05-17,SOL,,0.24749562668834374,1,0.05052458483059562
2021-05-17,STX,,-0.14989066027624712,-1,-0.050528211106593036
2021-05-17,TRX,,0.03236423980972042,0,0.0
2021-05-17,UNI,,0.1832383525389861,1,0.037683649615766944
2021-05-17,VET,,0.05194034527845375,0,0.0
2021-05-17,XLM,,0.06001709714188446,0,0.0
2021-05-17,XRP,,-0.13727514649687111,-1,-0.03140241287895126
2021-05-17,ZEC,,0.18382583104259398,1,0.032207532907349
2021-05-24,AAVE,,-0.49713732924398285,-1,-0.035137899267307024
2021-05-24,ADA,,-0.15877221230674415,-1,-0.026543230637612568
2021-05-24,ALGO,,-0.053616176609538664,0,0.0
2021-05-24,ATOM,,0.02562566863486214,0,0.0
2021-05-24,AVAX,,0.36789086961342343,1,0.03250101587423863
2021-05-24,BCH,,-0.06025104392909806,-1,-0.021801442983152394
2021-05-24,BNB,,0.3006589270531513,1,0.03375039256160515
2021-05-24,BTC,,-0.4454505208000335,-1,-0.053779177966777926
2021-05-24,CAKE,,0.28379434898600414,1,0.03357527939156418
2021-05-24,CHZ,,0.4196997020213863,1,0.03608063788957678
2021-05-24,DASH,,0.1620935974091037,0,0.0
2021-05-24,DOGE,,-0.25020431050303843,-1,-0.024522917203466478
2021-05-24,DOT,,0.27684385370724757,1,0.03351641386067598
2021-05-24,ETC,,-1.1991014184168056,-1,-0.010253319601266958
2021-05-24,ETH,,-0.18464957912102695,-1,-0.029652022145112256
2021-05-24,FET,,0.17282879540932544,1,0.02765333980620105
2021-05-24,FIL,,0.014800046628184679,0,0.0
2021-05-24,HBAR,,-0.2911126395211803,-1,-0.053779177966777926
2021-05-24,ICP,,0.040956784109262845,0,0.0
2021-05-24,JST,,0.11659365449788049,0,0.0
2021-05-24,LINK,,0.0019972801320751955,0,0.0
2021-05-24,LTC,,-0.16585494024418612,-1,-0.02204259040284081
2021-05-24,NEAR,,0.18221459675279914,1,0.03387339466838576
2021-05-24,SHIB,,0.06030704492762289,0,0.0
2021-05-24,SOL,,0.24866958149405993,1,0.040616327563634404
2021-05-24,STX,,-0.059758389757056184,-1,-0.047817048820129875
2021-05-24,TRX,,0.10177687282305808,0,0.0
2021-05-24,UNI,,0.1932408063744748,1,0.025692816677593506
2021-05-24,VET,,0.1309846348196099,0,0.0
2021-05-24,XLM,,0.03053201204008867,0,0.0
2021-05-24,XRP,,0.057325951705014956,0,0.0
2021-05-24,ZEC,,0.1770735313140546,1,0.02806920870096881
2021-05-31,AAVE,,-0.4406649592448083,-1,-0.036698322088076024
2021-05-31,ADA,,-0.32453643128735343,-1,-0.03246182324531735
2021-05-31,ALGO,,0.06061967348585224,0,0.0
2021-05-31,ATOM,,0.11277439683304903,1,0.030254906397276956
2021-05-31,AVAX,,0.5610270983321015,1,0.032080378398897415
2021-05-31,BCH,,0.04834729970086923,0,0.0
2021-05-31,BNB,,0.16609691047276245,1,0.0262453033453088
2021-05-31,BTC,,-0.19453089410401447,-1,-0.05500946505712313
2021-05-31,CAKE,,0.09169748462325478,0,0.0
2021-05-31,CHZ,,0.17895434815663253,1,0.030080281784473754
2021-05-31,DASH,,0.10645587460642006,1,0.029605446372811976
2021-05-31,DOGE,,0.16191847797899298,1,0.03677596309223762
2021-05-31,DOT,,0.222443544961766,1,0.027056399603405216
2021-05-31,ETC,,-0.12470827692874391,-1,-0.03408559303659661
2021-05-31,ETH,,0.0635514836293099,0,0.0
2021-05-31,FET,,-0.2772532508930311,-1,-0.024838344544682256
2021-05-31,FIL,,-0.06674339225086694,-1,-0.034550946916680474
2021-05-31,HBAR,,-0.03608596251153958,0,0.0
2021-05-31,ICP,,0.040028833783904,0,0.0
2021-05-31,JST,,0.20062696155939108,1,0.03481460434144591
2021-05-31,LINK,,-0.2843520536199818,-1,-0.028629279642358407
2021-05-31,LTC,,-0.057807854758508095,0,0.0
2021-05-31,NEAR,,0.04101663967939824,0,0.0
2021-05-31,SHIB,,0.05852062800826869,0,0.0
2021-05-31,SOL,,-0.10672773679493583,-1,-0.026489825693012035
2021-05-31,STX,,0.09859826306420155,1,0.04409277146355642
2021-05-31,TRX,,0.13942191342407745,1,0.03438119110177781
2021-05-31,UNI,,-0.4570166467678017,-1,-0.023693873173619425
2021-05-31,VET,,-0.01117358561813756,0,0.0
2021-05-31,XLM,,0.053835258823733995,0,0.0
2021-05-31,XRP,,0.06637482459423125,0,0.0
2021-05-31,ZEC,,-0.09070887093849493,-1,-0.02892977250372621
2021-06-07,AAVE,,-0.460692266986218,-1,-0.037738902529639844
2021-06-07,ADA,,-0.10555262997217381,-1,-0.037233656318562736
2021-06-07,ALGO,,0.02762245488951931,0,0.0
2021-06-07,ATOM,,-0.008795720876154359,0,0.0
2021-06-07,AVAX,,0.5550754707450156,1,0.029995398488792513
2021-06-07,BCH,,0.08818883829235726,0,0.0
2021-06-07,BNB,,0.0878308871782011,0,0.0
2021-06-07,BTC,,-0.09466202471096286,-1,-0.05400476670057822
2021-06-07,CAKE,,0.018558005489027387,0,0.0
2021-06-07,CHZ,,0.2594111819800144,1,0.027000926260996826
2021-06-07,DASH,,0.13309540689267713,1,0.027512304630098117
2021-06-07,DOGE,,0.03747116536750729,0,0.0
2021-06-07,DOT,,0.18918953510963485,1,0.0254694395633263
2021-06-07,ETC,,-0.08711709120493105,-1,-0.03345082006839987
2021-06-07,ETH,,-0.03545496710116742,0,0.0
2021-06-07,FET,,-0.4084440334337678,-1,-0.023350627623596666
2021-06-07,FIL,,-0.18296421260338802,-1,-0.03497133781547279
2021-06-07,HBAR,,0.051641246135419455,0,0.0
2021-06-07,ICP,,0.1866801522176871,1,0.053243092131227764
2021-06-07,JST,,0.12418006808765608,1,0.03303204742199675
2021-06-07,LINK,,-0.30839810327699296,-1,-0.02790632960544236
2021-06-07,LTC,,-0.01102796813361212,0,0.0
2021-06-07,NEAR,,0.16562639008838653,1,0.028278478293194118
2021-06-07,SHIB,,0.15376947478084013,1,0.032287146316717676
2021-06-07,SOL,,-0.291374387472242,-1,-0.024971518510764852
2021-06-07,STX,,0.08263916779535305,0,0.0
2021-06-07,TRX,,0.11060130093692416,1,0.03206896816595524
2021-06-07,UNI,,-0.4356332519472664,-1,-0.022599076994239686
2021-06-07,VET,,-0.07983541631586868,-1,-0.02901885712534903
2021-06-07,XLM,,0.27275027086336756,1,0.036358092019740766
2021-06-07,XRP,,0.04410881531052156,0,0.0
2021-06-07,ZEC,,-0.0784877581253689,0,0.0
2021-06-14,AAVE,,-0.5565104944514749,-1,-0.04043599747750543
2021-06-14,ADA,,-0.11874032440592282,0,0.0
2021-06-14,ALGO,,-0.08361991470536445,0,0.0
2021-06-14,ATOM,,0.0587209054337198,0,0.0
2021-06-14,AVAX,,0.7133156132856832,1,0.039328425937379355
2021-06-14,BCH,,0.16905983533400526,1,0.029801976412744468
2021-06-14,BNB,,0.17711788804199657,1,0.0224625182142117
2021-06-14,BTC,,-0.35052986961465477,-1,-0.05589476611332745
2021-06-14,CAKE,,0.16757040278200225,0,0.0
2021-06-14,CHZ,,0.5325039222409833,1,0.03127978226156843
2021-06-14,DASH,,0.20243205562362235,1,0.027221182621867786
2021-06-14,DOGE,,-0.1479900252257945,-1,-0.03463709736905396
2021-06-14,DOT,,0.352184782307928,1,0.0281850344054912
2021-06-14,ETC,,-0.17609371379761085,-1,-0.031512917809540505
2021-06-14,ETH,,-0.11877177257207333,-1,-0.04471946595798035
2021-06-14,FET,,-0.4240821208652858,-1,-0.02054207653614366
2021-06-14,FIL,,-0.3808250146430903,-1,-0.02942270672546512
2021-06-14,HBAR,,0.006812669261674722,0,0.0
2021-06-14,ICP,,0.02521799665635406,0,0.0
2021-06-14,JST,,0.08846920417899112,0,0.0
2021-06-14,LINK,,-0.29113454011716144,-1,-0.026688250005277196
2021-06-14,LTC,,0.07214777164198227,0,0.0
2021-06-14,NEAR,,0.31954355937050943,1,0.03636176631627039
2021-06-14,SHIB,,0.3357185885518666,1,0.026576737846308113
2021-06-14,SOL,,-0.4203005448382944,-1,-0.022121820294158028
2021-06-14,STX,,-0.02275946936410844,0,0.0
2021-06-14,TRX,,0.2063499876894888,1,0.03710271683716803
2021-06-14,UNI,,-0.5008109949071354,-1,-0.01916782016715336
2021-06-14,VET,,-0.11292092465719873,0,0.0
2021-06-14,XLM,,0.19027699289122654,1,0.04682277760259556
2021-06-14,XRP,,-0.007742003498208665,0,0.0
2021-06-14,ZEC,,0.09538955237134092,0,0.0
2021-06-21,AAVE,,-0.7669453251188216,-1,-0.028425567394872505
2021-06-21,ADA,,0.06414254400858184,0,0.0
2021-06-21,ALGO,,-0.290658370302847,-1,-0.03133007926466203
2021-06-21,ATOM,,-0.1504111338930281,-1,-0.02634081100160965
2021-06-21,AVAX,,0.48798262835338585,1,0.02306008552886259
2021-06-21,BCH,,0.26879046975892146,1,0.04829009212992346
2021-06-21,BNB,,0.0718850038718988,0,0.0
2021-06-21,BTC,,-0.442509974462986,-1,-0.054265110598896535
2021-06-21,CAKE,,0.05728934061034256,0,0.0
2021-06-21,CHZ,,0.42576895809256193,1,0.026341472255982365
2021-06-21,DASH,,0.3140886669345328,1,0.03343448357504314
2021-06-21,DOGE,,-0.22069608367880664,-1,-0.026692069821168576
2021-06-21,DOT,,-0.02718628352867305,0,0.0
2021-06-21,ETC,,0.13260126294307728,0,0.0
2021-06-21,ETH,,-0.1976904412732382,-1,-0.03855954468076857
2021-06-21,FET,,-0.04601434830149254,0,0.0
2021-06-21,FIL,,-0.5118955270500175,-1,-0.022403627653484054
2021-06-21,HBAR,,-0.045668800667139374,0,0.0
2021-06-21,ICP,,-0.039580518794651166,0,0.0
2021-06-21,JST,,-0.04782358561585122,0,0.0
2021-06-21,LINK,,0.17540346523182193,1,0.03161483704584693
2021-06-21,LTC,,0.12797251121138775,0,0.0
2021-06-21,NEAR,,0.054278916444376234,0,0.0
2021-06-21,SHIB,,0.35895204366043176,1,0.01827028229726077
2021-06-21,SOL,,-0.6877272687374982,-1,-0.016247247543509723
2021-06-21,STX,,-0.06367123672738295,-1,-0.054265110598896535
2021-06-21,TRX,,0.2820787306871574,1,0.039088072425014574
2021-06-21,UNI,,0.3623803724236416,1,0.03590031641016828
2021-06-21,VET,,-0.1781657380092284,-1,-0.02648470591533922
2021-06-21,XLM,,0.17658626803042535,1,0.03821304454183401
2021-06-21,XRP,,-0.01065354491867807,0,0.0
2021-06-21,ZEC,,0.3670969988177918,1,0.030801188263271276
2021-06-28,AAVE,,-1.1626491043301659,-1,-0.019465435203346287
2021-06-28,ADA,,0.08060001965446319,0,0.0
2021-06-28,ALGO,,0.029474015446687978,0,0.0
2021-06-28,ATOM,,-0.10056749765687013,0,0.0
2021-06-28,AVAX,,0.4103248352561801,1,0.022319472544568987
2021-06-28,BCH,,0.22381489773763727,1,0.03143820056193912
2021-06-28,BNB,,0.40437082535528057,1,0.03992549900142671
2021-06-28,BTC,,-0.5318955919112435,-1,-0.05574506274085876
2021-06-28,CAKE,,0.24174885040359634,1,0.02894572528050993
2021-06-28,CHZ,,0.3517456004154795,1,0.03201150451201705
2021-06-28,DASH,,0.2672907335602367,1,0.028411121055862496
2021-06-28,DOGE,,0.024566741000706133,0,0.0
2021-06-28,DOT,,0.2058640527347511,0,0.0
2021-06-28,ETC,,-0.3896996654507664,-1,-0.02307309557763549
2021-06-28,ETH,,-0.1769519458056647,-1,-0.039436540648846136
2021-06-28,FET,,-0.599543803184503,-1,-0.016980690322727744
2021-06-28,FIL,,0.018589379431187644,0,0.0
2021-06-28,HBAR,,-0.10376722277753277,-1,-0.05574506274085876
2021-06-28,ICP,,-0.33619278969197797,-1,-0.026100013787707568
2021-06-28,JST,,-0.11555216628705489,-1,-0.03220658801062673
2021-06-28,LINK,,0.14994792394635667,0,0.0
2021-06-28,LTC,,0.10780187209620434,0,0.0
2021-06-28,NEAR,,-0.12095939249489898,-1,-0.02683316205911918
2021-06-28,SHIB,,0.25251531599988,1,0.02194462358714277
2021-06-28,SOL,,0.3543736449979147,1,0.04054712529377763
2021-06-28,STX,,-0.37919115221592115,-1,-0.029466402401725416
2021-06-28,TRX,,0.36193538410784076,1,0.05389710343653411
2021-06-28,UNI,,0.09381173654728174,0,0.0
2021-06-28,VET,,0.021693975683799088,0,0.0
2021-06-28,XLM,,0.19250937695639467,0,0.0
2021-06-28,XRP,,0.006452927077631318,0,0.0
2021-06-28,ZEC,,0.21753822339708465,1,0.0256116782196733
2021-07-05,AAVE,,-1.0196684014003967,-1,-0.016486382362731918
2021-07-05,ADA,,-0.0685758899422654,-1,-0.05411300067981839
2021-07-05,ALGO,,0.08569807008584024,0,0.0
2021-07-05,ATOM,,0.04066123231814321,0,0.0
2021-07-05,AVAX,,0.49312116863858296,1,0.024558305660107586
2021-07-05,BCH,,0.18989348953640703,0,0.0
2021-07-05,BNB,,0.4779264868056286,1,0.03618865576360987
2021-07-05,BTC,,-0.4335414302259394,-1,-0.0574882937757051
2021-07-05,CAKE,,0.32369662584296527,1,0.027722872124346067
2021-07-05,CHZ,,0.5504251828326308,1,0.034496260413507625
2021-07-05,DASH,,0.23055002089022392,1,0.029748799821580747
2021-07-05,DOGE,,-0.01038044696920273,0,0.0
2021-07-05,DOT,,0.3095085611382147,1,0.024679460264728992
2021-07-05,ETC,,-0.42302646068977795,-1,-0.01907267485992789
2021-07-05,ETH,,-0.26554329664053566,-1,-0.033117136751925624
2021-07-05,FET,,-0.4040115023155792,-1,-0.015348673035781513
2021-07-05,FIL,,0.023817153383567855,0,0.0
2021-07-05,HBAR,,-0.26854548573789483,-1,-0.0574882937757051
2021-07-05,ICP,,-0.23886296238192609,-1,-0.0306023613838164
2021-07-05,JST,,-0.10051462705682492,-1,-0.02837422103982003
2021-07-05,LINK,,0.20082354019708645,1,0.04348857279813738
2021-07-05,LTC,,0.06494718272108453,0,0.0
2021-07-05,NEAR,,-0.027795677976050724,0,0.0
2021-07-05,SHIB,,0.24347469748140435,1,0.032477556134623504
2021-07-05,SOL,,0.2814095737417744,1,0.04391952263232843
2021-07-05,STX,,-0.9252780847546249,-1,-0.013070720611337613
2021-07-05,TRX,,0.1631875504983662,0,0.0
2021-07-05,UNI,,0.15936402543624067,0,0.0
2021-07-05,VET,,0.00793723768232277,0,0.0
2021-07-05,XLM,,0.1518041952954464,0,0.0
2021-07-05,XRP,,-0.021520086916091953,0,0.0
2021-07-05,ZEC,,0.20901835848117808,1,0.02788175266359942
2021-07-12,AAVE,,-0.7278967486280203,-1,-0.016167364941651795
2021-07-12,ADA,,-0.14974686807078263,-1,-0.04846880803038413
2021-07-12,ALGO,,-0.03623508675188816,0,0.0
2021-07-12,ATOM,,-0.13495280689356035,-1,-0.020853364521515903
2021-07-12,AVAX,,0.3244629519327449,1,0.025664892536328514
2021-07-12,BCH,,-0.04760915952994509,0,0.0
2021-07-12,BNB,,0.2529740322281377,1,0.041187311045377394
2021-07-12,BTC,,-0.26432351656491937,-1,-0.05949960735654934
2021-07-12,CAKE,,0.0964697981098612,1,0.027580222121997768
2021-07-12,CHZ,,0.43992511551838237,1,0.037870671446729266
2021-07-12,DASH,,0.0889267610174441,0,0.0
2021-07-12,DOGE,,0.06900371621237038,0,0.0
2021-07-12,DOT,,0.3044115185238407,1,0.02596217776519337
2021-07-12,ETC,,-0.32528335477113846,-1,-0.01884011073646144
2021-07-12,ETH,,-0.2665827153185999,-1,-0.03274185069599021
2021-07-12,FET,,-0.32458647855378886,-1,-0.014403927903681217
2021-07-12,FIL,,0.07857917440581076,0,0.0
2021-07-12,HBAR,,0.30033476989545643,1,0.04376710226912818
2021-07-12,ICP,,0.6145884069847445,1,0.03252348359176884
2021-07-12,JST,,-0.08645544549425122,0,0.0
2021-07-12,LINK,,-0.03539283035018583,0,0.0
2021-07-12,LTC,,-0.12346488545362524,-1,-0.04307657295057481
2021-07-12,NEAR,,0.27114886374666336,1,0.019508059128164734
2021-07-12,SHIB,,0.12307718862423177,1,0.03304495558292152
2021-07-12,SOL,,0.14306830549669347,1,0.038117588523732
2021-07-12,STX,,-0.6686764103244413,-1,-0.011675249517983403
2021-07-12,TRX,,-0.09157777574631079,-1,-0.05949960735654934
2021-07-12,UNI,,-0.016437180330941388,0,0.0
2021-07-12,VET,,0.058984975118462755,0,0.0
2021-07-12,XLM,,0.07611052202095636,0,0.0
2021-07-12,XRP,,0.056515501852100546,0,0.0
2021-07-12,ZEC,,0.000639661094497755,0,0.0
2021-07-19,AAVE,,-0.6708470136219067,-1,-0.0234718287585931
2021-07-19,ADA,,-0.15471703155224015,-1,-0.05111181097838365
2021-07-19,ALGO,,0.007452372756780699,0,0.0
2021-07-19,ATOM,,-0.2283968659042126,-1,-0.02669629974964553
2021-07-19,AVAX,,0.34650048383489,1,0.029208247202256902
2021-07-19,BCH,,-0.05459661855612895,0,0.0
2021-07-19,BNB,,0.1595632886070188,1,0.053169561039255
2021-07-19,BTC,,-0.11928770063078149,-1,-0.053722833950497484
2021-07-19,CAKE,,0.09579033829123859,0,0.0
2021-07-19,CHZ,,0.4967018715252067,1,0.048704900186143006
2021-07-19,DASH,,0.09045978569332333,0,0.0
2021-07-19,DOGE,,0.19378909492571866,1,0.02997453019440262
2021-07-19,DOT,,0.3428039232381927,1,0.026897164232945525
2021-07-19,ETC,,-0.3446386771348571,-1,-0.02207571327503824
2021-07-19,ETH,,-0.21003672135959583,-1,-0.03373679291951308
2021-07-19,FET,,-0.3347080961662013,-1,-0.015844791040268966
2021-07-19,FIL,,0.10631822854147925,0,0.0
2021-07-19,HBAR,,0.14707667061270663,1,0.03845130727639843
2021-07-19,ICP,,0.37089029858019584,1,0.014156636396179794
2021-07-19,JST,,-0.18613245305012158,-1,-0.0338800474182677
2021-07-19,LINK,,-0.01416927576070262,0,0.0
2021-07-19,LTC,,-0.07672192086088687,-1,-0.04991221602439942
2021-07-19,NEAR,,0.42149059732384736,1,0.023488557661722143
2021-07-19,SHIB,,-0.021696025641861,0,0.0
2021-07-19,SOL,,0.15586806376801962,1,0.028703459874677328
2021-07-19,STX,,-0.7899245632376767,-1,-0.014562579414477224
2021-07-19,TRX,,-0.03310300964928367,0,0.0
2021-07-19,UNI,,-0.025275879697841865,0,0.0
2021-07-19,VET,,0.10779216106076328,0,0.0
2021-07-19,XLM,,0.12312781952962702,1,0.03226054946510365
2021-07-19,XRP,,0.08081227494577786,0,0.0
2021-07-19,ZEC,,0.017814579589513758,0,0.0
2021-07-26,AAVE,,-0.24718439724396973,-1,-0.03437845924473498
2021-07-26,ADA,,-0.02544373018467386,-1,-0.05206238104365917
2021-07-26,ALGO,,-0.32673753339268125,-1,-0.04677999430623847
2021-07-26,ATOM,,-0.04486210216701238,-1,-0.0303891934061782
2021-07-26,AVAX,,0.4573914536940001,1,0.028216111629765717
2021-07-26,BCH,,-6.869285860720245e-06,0,0.0
2021-07-26,BNB,,0.328531097787657,1,0.04856929031234042
2021-07-26,BTC,,-0.1792064798518417,-1,-0.048441851555394475
2021-07-26,CAKE,,0.13193229639617748,1,0.02612939706836718
2021-07-26,CHZ,,0.5059247174902787,1,0.04827153541132906
2021-07-26,DASH,,0.004483918753716243,0,0.0
2021-07-26,DEXE,,0.07050154240127945,0,0.0
2021-07-26,DOGE,,0.11121632329127944,1,0.027737222612066063
2021-07-26,DOT,,-0.007981385013967219,0,0.0
2021-07-26,ETC,,-0.018207890589219608,0,0.0
2021-07-26,ETH,,-0.17836705596306093,-1,-0.03218064229597484
2021-07-26,FET,,-0.40065104134361396,-1,-0.017256642393782107
2021-07-26,FIL,,0.13350442470245064,1,0.02993057569571497
2021-07-26,HBAR,,0.06104147255870422,0,0.0
2021-07-26,ICP,,0.11038867727364053,1,0.014539442294332166
2021-07-26,JST,,-0.14501866316115375,-1,-0.026294021483958315
2021-07-26,LINK,,-0.34526801089845527,-1,-0.023771603660917136
2021-07-26,LTC,,-0.01598113872730487,0,0.0
2021-07-26,NEAR,,0.5165421459790023,1,0.02697932628674203
2021-07-26,SHIB,,0.23452722425844585,1,0.051819851027798035
2021-07-26,SOL,,0.04641412549340744,0,0.0
2021-07-26,STX,,-1.0077531819643335,-1,-0.013495611093518697
2021-07-26,TRX,,-0.008616653109871131,0,0.0
2021-07-26,UNI,,0.08643289629920077,0,0.0
2021-07-26,VET,,0.11375810965002835,1,0.022857648145900637
2021-07-26,XLM,,-0.013448970676137047,0,0.0
2021-07-26,XRP,,-0.01268488225007086,0,0.0
2021-07-26,ZEC,,0.06482955979395966,0,0.0
2021-08-02,AAVE,,-0.20903385111139086,-1,-0.034744475283691685
2021-08-02,ADA,,0.026001609195209368,0,0.0
2021-08-02,ALGO,,-0.29352578718368,-1,-0.049527569750307164
2021-08-02,ATOM,,0.13194088958739875,1,0.024044247553633862
2021-08-02,AVAX,,0.4588881974714622,1,0.025098494566691113
2021-08-02,BCH,,-0.03855046017329086,0,0.0
2021-08-02,BNB,,0.3048541781470863,1,0.051069350263950555
2021-08-02,BTC,,-0.15754083192568838,-1,-0.052429786299513226
2021-08-02,CAKE,,0.08927059777753064,1,0.026421551665811133
2021-08-02,CHZ,,0.6253999638727217,1,0.049039189172177505
2021-08-02,DASH,,-0.1503539714455624,-1,-0.03741201152607839
2021-08-02,DEXE,,0.06607454294014364,1,0.024983926984339704
2021-08-02,DOGE,,0.08075592829869165,1,0.024063514679299375
2021-08-02,DOT,,-0.18371620454829285,-1,-0.02394665372762183
2021-08-02,ETC,,0.05277745092311986,0,0.0
2021-08-02,ETH,,-0.13273509719388762,-1,-0.0360968142266098
2021-08-02,FET,,-0.8467517849663229,-1,-0.01763735911766338
2021-08-02,FIL,,0.013800313898351886,0,0.0
2021-08-02,HBAR,,0.20603178530036567,1,0.04685620622844227
2021-08-02,ICP,,-0.2935885812448255,-1,-0.01935583142236388
2021-08-02,JST,,-0.2080407928796126,-1,-0.027623526186129708
2021-08-02,LINK,,-0.5763361107827597,-1,-0.026309659941995092
2021-08-02,LTC,,0.029884681624290588,0,0.0
2021-08-02,NEAR,,0.5522264361821739,1,0.029421239646659655
2021-08-02,QNT,,0.06073224914005315,0,0.0
2021-08-02,SHIB,,0.06005752068051376,0,0.0
2021-08-02,SOL,,-0.011181292924540634,0,0.0
2021-08-02,STX,,-0.03574804798791801,0,0.0
2021-08-02,TRX,,0.04912567172951122,0,0.0
2021-08-02,UNI,,0.024583544552995527,0,0.0
2021-08-02,VET,,0.20237510326103966,1,0.024085966720968962
2021-08-02,XLM,,0.016226497691143246,0,0.0
2021-08-02,XRP,,0.029537216548776543,0,0.0
2021-08-02,ZEC,,0.056558435545197495,0,0.0
2021-08-09,AAVE,,0.657623290505181,1,0.04285229617059752
2021-08-09,ADA,,-0.8769238832697628,-1,-0.023074081390035063
2021-08-09,ALGO,,-0.3106697114341221,-1,-0.041546061509003675
2021-08-09,ATOM,,0.30168573992233083,1,0.028303107804763413
2021-08-09,AVAX,,0.47942975084219996,1,0.02450501645820851
2021-08-09,BCH,,-0.10234364026542969,0,0.0
2021-08-09,BNB,,0.05812887088032118,0,0.0
2021-08-09,BTC,,0.014109273901848275,0,0.0
2021-08-09,CAKE,,0.3098342841570419,1,0.03406015709568575
2021-08-09,CHZ,,0.07921228050988018,0,0.0
2021-08-09,DASH,,-0.15344288410849738,0,0.0
2021-08-09,DEXE,,0.062207107878158585,0,0.0
2021-08-09,DOGE,,-0.22787707577297545,-1,-0.031146901818586162
2021-08-09,DOT,,0.1588524014988656,1,0.01711729301370651
2021-08-09,ETC,,0.028859249689406837,0,0.0
2021-08-09,ETH,,0.20469416033021728,1,0.04285229617059752
2021-08-09,FET,,-0.3333113265059494,-1,-0.023262433687955143
2021-08-09,FIL,,0.20128090320753805,1,0.0338734267539653
2021-08-09,HBAR,,-0.0032312911905876865,0,0.0
2021-08-09,ICP,,-0.3101354845083901,-1,-0.029255087555491104
2021-08-09,JST,,0.00046228140969698135,0,0.0
2021-08-09,LINK,,-0.2830238304275775,-1,-0.04214126155882024
2021-08-09,LTC,,-0.028545807208551016,0,0.0
2021-08-09,NEAR,,0.6148731339637149,1,0.02597932693088524
2021-08-09,QNT,,0.061615096336197134,0,0.0
2021-08-09,SHIB,,0.03655629963456481,0,0.0
2021-08-09,SOL,,-0.186806869710826,-1,-0.03252071305580235
2021-08-09,STX,,0.4365864156378897,1,0.03263149507255988
2021-08-09,TRX,,-0.24327994235491762,-1,-0.04776633787153011
2021-08-09,UNI,,0.5787010846315838,1,0.04285229617059752
2021-08-09,VET,,0.03439650901631993,0,0.0
2021-08-09,XLM,,-0.40003576604929836,-1,-0.03562252116669721
2021-08-09,XRP,,-0.9977928070218572,-1,-0.018691312027646213
2021-08-09,ZEC,,0.1383121858757898,0,0.0
2021-08-16,AAVE,,-0.22058906561835584,-1,-0.05625587428529835
2021-08-16,ADA,,-0.27178432114097484,-1,-0.030216983592435156
2021-08-16,ALGO,,-0.02721446189417155,0,0.0
2021-08-16,ATOM,,0.43384810393818446,1,0.020910899701569747
2021-08-16,AVAX,,-0.9616999920559491,-1,-0.011033562314277667
2021-08-16,BCH,,-0.10642877833882447,-1,-0.04740647699726192
2021-08-16,BNB,,0.0192792299428002,0,0.0
2021-08-16,BTC,,-0.06814452872177174,0,0.0
2021-08-16,CAKE,,0.4202321043193826,1,0.053481907791071086
2021-08-16,CHZ,,0.013629166317753686,0,0.0
2021-08-16,DASH,,-0.036667940789955326,0,0.0
2021-08-16,DEXE,,-0.27710001723487787,-1,-0.023593099405358708
2021-08-16,DOGE,,-0.026946659933183424,0,0.0
2021-08-16,DOT,,0.35263534109551503,1,0.026750618095335955
2021-08-16,ETC,,-0.00913562296255363,0,0.0
2021-08-16,ETH,,-0.05794519287357213,0,0.0
2021-08-16,FET,,0.2960369962517521,1,0.020578320959581727
2021-08-16,FIL,,0.3503843716192292,1,0.050504284002002076
2021-08-16,HBAR,,0.07417659943583654,0,0.0
2021-08-16,ICP,,0.08113362218073496,0,0.0
2021-08-16,JST,,0.17805998766738718,1,0.02388020334428006
2021-08-16,LINK,,-0.055447891369807316,0,0.0
2021-08-16,LTC,,-0.09363389636436054,0,0.0
2021-08-16,NEAR,,-0.3707572441662684,-1,-0.022223508144437753
2021-08-16,QNT,,0.05903360799081369,0,0.0
2021-08-16,SHIB,,0.16816315449848807,0,0.0
2021-08-16,SOL,,0.4212568182393713,1,0.02079980507358965
2021-08-16,STX,,0.773357476374784,1,0.053481907791071086
2021-08-16,TRX,,-0.21770878623706535,-1,-0.04429808499186261
2021-08-16,UNI,,0.365774675257943,1,0.02363474417247881
2021-08-16,VET,,-0.23089301813267862,-1,-0.03380030365423608
2021-08-16,XLM,,-0.3973687818811691,-1,-0.03545760049143328
2021-08-16,XRP,,-0.7603726145428253,-1,-0.020848591683406196
2021-08-16,ZEC,,0.1828375591283857,1,0.031111394629027497
2021-08-23,AAVE,,-0.30976669944059976,-1,-0.05369215941713283
2021-08-23,ADA,,-0.3072629365913496,-1,-0.029376529172317756
2021-08-23,ALGO,,-0.1370752555841119,0,0.0
2021-08-23,ATOM,,0.2490101370961826,1,0.02097390026519378
2021-08-23,AVAX,,-0.9528520111401781,-1,-0.010723018966288486
2021-08-23,BCH,,-0.09419456246213591,0,0.0
2021-08-23,BNB,,0.0393484473388793,0,0.0
2021-08-23,BTC,,-0.2071437441713557,-1,-0.06404910170508812
2021-08-23,CAKE,,0.37904893429591857,1,0.05711772269291202
2021-08-23,CHZ,,0.06185127061289018,0,0.0
2021-08-23,DASH,,-0.22261131004819804,-1,-0.03160952703426983
2021-08-23,DEXE,,0.02600170645123526,0,0.0
2021-08-23,DOGE,,-0.04578019112814,0,0.0
2021-08-23,DOT,,0.29764847408872713,1,0.02996824112263127
2021-08-23,ETC,,0.007614219388403075,0,0.0
2021-08-23,ETH,,-0.028744147195099986,0,0.0
2021-08-23,FET,,0.34796946263213274,1,0.024894403409529926
2021-08-23,FIL,,0.1776750660092504,0,0.0
2021-08-23,HBAR,,0.20387984573825338,0,0.0
2021-08-23,ICP,,0.3044473046077406,1,0.026325256551606967
2021-08-23,JST,,0.33890675829569705,1,0.03555439136607354
2021-08-23,LINK,,0.005085595726607119,0,0.0
2021-08-23,LTC,,-0.21236371177953664,-1,-0.04961532846313429
2021-08-23,NEAR,,-0.44587040834446906,-1,-0.020486257246298305
2021-08-23,QNT,,0.3287970889760385,1,0.033737098321514586
2021-08-23,SHIB,,0.07218647244846668,0,0.0
2021-08-23,SOL,,0.5540718619994676,1,0.026702201904598908
2021-08-23,STX,,0.829428768617574,1,0.05711772269291202
2021-08-23,TRX,,-0.18865616174804983,0,0.0
2021-08-23,UNI,,0.3664110245986065,1,0.02665957623757303
2021-08-23,VET,,-0.23217738908882438,-1,-0.029711175195550096
2021-08-23,XLM,,-0.4386994488548084,-1,-0.031186318422779566
2021-08-23,XRP,,-0.7934230456276058,-1,-0.01860109894168679
2021-08-23,ZEC,,0.027238584282391155,0,0.0
2021-08-30,AAVE,,-0.2432645925056536,-1,-0.05390342694990736
2021-08-30,ADA,,-0.40865494473951075,-1,-0.033230324157223504
2021-08-30,ALGO,,-0.08975071734398431,0,0.0
2021-08-30,ATOM,,0.19460841360593495,1,0.020952753992766783
2021-08-30,AVAX,,-1.1438318900013544,-1,-0.012458633774643547
2021-08-30,BCH,,-0.02766767632934975,0,0.0
2021-08-30,BNB,,0.023768885270982698,0,0.0
2021-08-30,BTC,,-0.036987878422676784,0,0.0
2021-08-30,CAKE,,0.0509475961444904,0,0.0
2021-08-30,CHZ,,0.07698355737987918,0,0.0
2021-08-30,DASH,,-0.1450475801609386,-1,-0.040268381974287455
2021-08-30,DEXE,,0.5180424997229025,1,0.01618105152931839
2021-08-30,DOGE,,-0.026878372161097244,0,0.0
2021-08-30,DOT,,0.20561638343419544,1,0.020461661853085927
2021-08-30,ETC,,0.04895428086827773,0,0.0
2021-08-30,ETH,,0.082479962274447,0,0.0
2021-08-30,FET,,0.3152534861438911,1,0.031977474250143155
2021-08-30,FIL,,-0.13742415106556105,0,0.0
2021-08-30,HBAR,,-0.04245085909687519,0,0.0
2021-08-30,ICP,,0.5784700889785176,1,0.0548138651676406
2021-08-30,JST,,0.32145991226400356,1,0.027115391703778333
2021-08-30,LINK,,0.0032637324446500894,0,0.0
2021-08-30,LTC,,-0.19116089484622387,-1,-0.040990734421887366
2021-08-30,NEAR,,-0.5265905686935751,-1,-0.025509786428179373
2021-08-30,QNT,,-0.24431923324426122,-1,-0.025124313926960018
2021-08-30,SHIB,,0.14794502966281411,1,0.02669517922428851
2021-08-30,SOL,,0.7401103460695532,1,0.03862022736548934
2021-08-30,STX,,0.7497686213584318,1,0.0548138651676406
2021-08-30,TRX,,-0.10403861448362525,0,0.0
2021-08-30,UNI,,0.4862485864082753,1,0.03460339641454393
2021-08-30,VET,,-0.1708964933564905,-1,-0.03456914574658518
2021-08-30,XLM,,-0.34533617046473725,-1,-0.03731833376721947
2021-08-30,XRP,,-0.7436925632528383,-1,-0.022861785521802243
2021-08-30,ZEC,,0.08407181813750048,0,0.0
2021-09-06,AAVE,,-0.30390954189980757,-1,-0.05223564539430038
2021-09-06,ADA,,-0.09810330432011752,-1,-0.05181920482968867
2021-09-06,ALGO,,-0.48782091130922983,-1,-0.019923053423134877
2021-09-06,ATOM,,-0.1512952581123484,-1,-0.04140143454438776
2021-09-06,AVAX,,-1.2978472971895354,-1,-0.012575587234617725
2021-09-06,BCH,,0.1152960144982627,0,0.0
2021-09-06,BNB,,0.25217115694098224,1,0.037491179645485394
2021-09-06,BTC,,-0.06156755311649697,0,0.0
2021-09-06,CAKE,,0.10044762463849892,0,0.0
2021-09-06,CHZ,,0.3720350499273046,1,0.03265497933705601
2021-09-06,DASH,,0.15255125129127922,1,0.022045393676131828
2021-09-06,DEXE,,0.3919101080801449,1,0.024533731996390022
2021-09-06,DOGE,,0.37457114012002435,1,0.033925662163661614
2021-09-06,DOT,,-0.06055590989037456,0,0.0
2021-09-06,ETC,,0.2651676425838268,1,0.029267221887811355
2021-09-06,ETH,,0.011272336987436331,0,0.0
2021-09-06,FET,,0.14738620859443585,0,0.0
2021-09-06,FIL,,-0.12024168897357153,-1,-0.022655209931826837
2021-09-06,HBAR,,-0.04763214018614735,0,0.0
2021-09-06,ICP,,0.2723159434555654,1,0.027011386511844836
2021-09-06,JST,,-0.022515835555361068,0,0.0
2021-09-06,LINK,,-0.13194110193846115,-1,-0.040330676461539684
2021-09-06,LTC,,-0.07959143258937988,-1,-0.033678708533913616
2021-09-06,NEAR,,-0.6415564788223067,-1,-0.024736554849808495
2021-09-06,QNT,,-0.23457531702150622,-1,-0.02591441702176966
2021-09-06,SHIB,,0.2514437989546535,1,0.052711385677909624
2021-09-06,SOL,,-0.03599080104093223,0,0.0
2021-09-06,STX,,0.12265348279851754,0,0.0
2021-09-06,TRX,,0.10793198721251944,0,0.0
2021-09-06,UNI,,0.3020739806266677,1,0.03894551834547772
2021-09-06,VET,,0.11072171934923553,0,0.0
2021-09-06,XLM,,0.1164047794355368,0,0.0
2021-09-06,XRP,,0.1054097442977837,0,0.0
2021-09-06,ZEC,,0.2033806021728991,1,0.026684032983219252
2021-09-13,AAVE,,-0.240072037914669,-1,-0.051216142403030296
2021-09-13,ADA,,0.004242049230263077,0,0.0
2021-09-13,ALGO,,-0.9699028184031129,-1,-0.01673258710290174
2021-09-13,ATOM,,-0.12111785860732621,0,0.0
2021-09-13,AVAX,,0.30928096437527725,1,0.04576184100307497
2021-09-13,BCH,,0.08799667711050083,0,0.0
2021-09-13,BNB,,0.3327549771526472,1,0.039503714198051244
2021-09-13,BTC,,0.03917280164937629,0,0.0
2021-09-13,CAKE,,0.2800863033719113,1,0.03536371513370619
2021-09-13,CHZ,,0.38942241257025706,1,0.031432418939970966
2021-09-13,DASH,,0.21132811848417293,0,0.0
2021-09-13,DEXE,,0.40084830431697455,1,0.024288414360889216
2021-09-13,DOGE,,0.3996039609741513,1,0.03254761498327276
2021-09-13,DOT,,-0.2634066318826234,-1,-0.0398627541936715
2021-09-13,ETC,,0.2826879676685658,1,0.028677219765448722
2021-09-13,ETH,,-0.05322505086400818,0,0.0
2021-09-13,FET,,-0.11362519856979206,0,0.0
2021-09-13,FIL,,-0.28888514211380734,-1,-0.02210132057359068
2021-09-13,HBAR,,-0.2785861255390356,-1,-0.038827108680641514
2021-09-13,ICP,,0.31617438722272645,1,0.025921933040301208
2021-09-13,JST,,-0.10396528143029796,0,0.0
2021-09-13,LINK,,-0.27082603291967594,-1,-0.03833710948963641
2021-09-13,LTC,,-0.1732758928013488,-1,-0.03279373806951369
2021-09-13,NEAR,,-0.43953682151447904,-1,-0.03941787316472895
2021-09-13,QNT,,-0.5922719558259514,-1,-0.023356334354954655
2021-09-13,SHIB,,0.255816533182964,1,0.03176434561343683
2021-09-13,SOL,,-0.3522806880544516,-1,-0.02897586249721256
2021-09-13,STX,,0.13965130295628148,0,0.0
2021-09-13,TRX,,-0.022878028747656785,0,0.0
2021-09-13,UNI,,0.3676160674063967,1,0.03635961349172981
2021-09-13,VET,,0.04542454781933948,0,0.0
2021-09-13,XLM,,0.09126699243905403,0,0.0
2021-09-13,XRP,,0.0748012312959752,0,0.0
2021-09-13,ZEC,,0.25567996596139936,0,0.0
2021-09-20,AAVE,,-0.2840041255252009,-1,-0.04588895075464107
2021-09-20,ADA,,0.055212030077619975,0,0.0
2021-09-20,ALGO,,-0.8513367990448687,-1,-0.01590307701066259
2021-09-20,ATOM,,-0.25194465600072813,-1,-0.03593237759488508
2021-09-20,AVAX,,0.07938212657843699,0,0.0
2021-09-20,BCH,,0.025770238370387645,0,0.0
2021-09-20,BNB,,0.22161964926884994,1,0.04102542522208619
2021-09-20,BTC,,-0.1124441947031021,-1,-0.05657932409920927
2021-09-20,CAKE,,0.13229216623757747,0,0.0
2021-09-20,CHZ,,0.33426258378068974,1,0.029812629903631257
2021-09-20,DASH,,0.22624084948003997,1,0.025595550746540418
2021-09-20,DEXE,,0.22385554359315488,1,0.057301816013030776
2021-09-20,DOGE,,0.39739094312075923,1,0.033012216610544584
2021-09-20,DOT,,-0.1652423966932464,-1,-0.03387769038940823
2021-09-20,ETC,,0.2664033018240685,1,0.02764310144439414
2021-09-20,ETH,,-0.059607577195913364,0,0.0
2021-09-20,FET,,-0.03108607334238532,0,0.0
2021-09-20,FIL,,-0.07755538991136968,0,0.0
2021-09-20,HBAR,,-0.2259601154396133,-1,-0.02877534376794294
2021-09-20,ICP,,0.28648598147427723,1,0.02674720702622519
2021-09-20,JST,,0.18584588883691144,1,0.022201747391661683
2021-09-20,LINK,,-0.27440398273076627,-1,-0.03551773904239522
2021-09-20,LTC,,-0.1170582098138842,-1,-0.02952832803273176
2021-09-20,NEAR,,-0.05495071030671398,0,0.0
2021-09-20,QNT,,-0.5933286258805701,-1,-0.019435427156312447
2021-09-20,SHIB,,0.10954749642239668,0,0.0
2021-09-20,SOL,,-0.4167594347919186,-1,-0.023652813181010045
2021-09-20,STX,,0.0437644408472942,0,0.0
2021-09-20,TRX,,-0.019007919999604852,0,0.0
2021-09-20,UNI,,0.5204927307398913,1,0.037097531169400344
2021-09-20,VET,,0.08411382241893478,0,0.0
2021-09-20,XLM,,0.057352240993023794,0,0.0
2021-09-20,XRP,,0.035872357099498396,0,0.0
2021-09-20,ZEC,,0.24878582021606893,1,0.024653845501684115
2021-09-27,AAVE,,-0.31376602703113277,-1,-0.047222972282465595
2021-09-27,ADA,,0.033167831578317375,0,0.0
2021-09-27,ALGO,,-1.2784101352708175,-1,-0.013086345519810416
2021-09-27,ATOM,,-0.7434667101077429,-1,-0.026364430409315263
2021-09-27,AVAX,,-0.2464529770814252,-1,-0.045147524491720686
2021-09-27,BCH,,0.07059602263899577,0,0.0
2021-09-27,BNB,,0.05215393747100137,0,0.0
2021-09-27,BTC,,-0.135152334894972,-1,-0.05249776081626815
2021-09-27,CAKE,,-0.05110949847693236,-1,-0.038582016404179145
2021-09-27,CHZ,,0.3486952301460366,1,0.0335812698427513
2021-09-27,DASH,,0.252055835973037,1,0.03090751813307784
2021-09-27,DEXE,,0.3612143213273514,1,0.05655375547589098
2021-09-27,DOGE,,0.40938622179565537,1,0.036987050866868154
2021-09-27,DOT,,0.11250651371521271,0,0.0
2021-09-27,ETC,,0.27979351676466396,1,0.02927544122167975
2021-09-27,ETH,,0.10157683546826499,0,0.0
2021-09-27,FET,,-0.384017722446956,-1,-0.031192450381512523
2021-09-27,FIL,,0.21609561833943963,1,0.016995738480598505
2021-09-27,HBAR,,-0.3578895922364926,-1,-0.023984703727014254
2021-09-27,ICP,,0.18679232789678274,1,0.023414433740133606
2021-09-27,JST,,0.26057922139661116,1,0.02902417625309624
2021-09-27,LINK,,0.004703347354772662,0,0.0
2021-09-27,LTC,,0.10999248061837273,0,0.0
2021-09-27,NEAR,,-0.3574925571668576,-1,-0.019587560484431422
2021-09-27,QNT,,0.055386965025301306,0,0.0
2021-09-27,SHIB,,-0.012474424747752583,0,0.0
2021-09-27,SOL,,-0.10834157251710974,-1,-0.027364755638474417
2021-09-27,STX,,0.08038709805069066,0,0.0
2021-09-27,TRX,,0.050941043449717976,0,0.0
2021-09-27,UNI,,0.417310343302553,1,0.03798862570632029
2021-09-27,VET,,0.14064946147236412,0,0.0
2021-09-27,XLM,,0.1108342683346891,0,0.0
2021-09-27,XRP,,0.11137940905608522,0,0.0
2021-09-27,ZEC,,0.22237570080226976,1,0.030302510434775155
2021-10-04,AAVE,,-0.39229394370836074,-1,-0.04540805312948768
2021-10-04,ADA,,-0.19798170867104378,-1,-0.057911531078646314
2021-10-04,ALGO,,-0.09616437671061046,0,0.0
2021-10-04,ATOM,,-0.3249558831174887,-1,-0.021142439739924048
2021-10-04,AVAX,,0.01142499276126241,0,0.0
2021-10-04,BCH,,0.058874239967253515,0,0.0
2021-10-04,BNB,,-0.00048044168621557727,0,0.0
2021-10-04,BTC,,-0.17721262662203785,-1,-0.03999618396668046
2021-10-04,CAKE,,-0.023064945461338172,0,0.0
2021-10-04,CHZ,,0.4237023063944635,1,0.03308486361127807
2021-10-04,DASH,,0.315906761955704,1,0.03638648263581076
2021-10-04,DEXE,,-0.19567305727804665,-1,-0.057911531078646314
2021-10-04,DOGE,,0.4249918005825399,1,0.043781375424299905
2021-10-04,DOT,,0.07586845248985306,0,0.0
2021-10-04,ETC,,0.26700302576604706,1,0.0342256994386483
2021-10-04,ETH,,-0.037681898355124914,0,0.0
2021-10-04,FET,,-0.12227538162095096,0,0.0
2021-10-04,FIL,,0.48653889918538645,1,0.01715803741076733
2021-10-04,HBAR,,-0.1542644053146002,-1,-0.024756000767664238
2021-10-04,ICP,,0.21760838771830457,1,0.02496655296749233
2021-10-04,JST,,0.3749628192041871,1,0.020595940069576255
2021-10-04,LINK,,-0.24532552356962495,-1,-0.03965041130159507
2021-10-04,LTC,,0.13697183341463717,0,0.0
2021-10-04,NEAR,,0.24569917724879056,1,0.02167124384046697
2021-10-04,QNT,,-0.014713698093880312,0,0.0
2021-10-04,SHIB,,-1.4827111337370664,-1,-0.00404959739179719
2021-10-04,SOL,,-0.16032750347670757,-1,-0.020018698804235558
2021-10-04,STX,,-0.20839765438358235,-1,-0.014175075328307264
2021-10-04,TRX,,0.03917254742096344,0,0.0
2021-10-04,UNI,,0.1664613400261639,1,0.05380565925620922
2021-10-04,VET,,0.1639727954373258,0,0.0
2021-10-04,XLM,,0.07158427000305381,0,0.0
2021-10-04,XRP,,0.03601775212410224,0,0.0
2021-10-04,ZEC,,0.31676278010663933,1,0.03934366793243503
2021-10-11,AAVE,,-0.08656772530975818,0,0.0
2021-10-11,ADA,,-0.42365650028254825,-1,-0.0854674924805188
2021-10-11,ALGO,,-0.15476226415341668,0,0.0
2021-10-11,ATOM,,-0.1723462745067538,-1,-0.08154921249770018
2021-10-11,AVAX,,0.23878725984773627,1,0.07181927208869651
2021-10-11,BCH,,0.029097433354166785,0,0.0
2021-10-11,BNB,,-0.08757571138301737,0,0.0
2021-10-11,BTC,,-0.6313036981308859,-1,-0.05692552229714134
2021-10-11,CAKE,,0.05870203084985072,0,0.0
2021-10-11,CHZ,,0.514229242961725,1,0.05466364871437215
2021-10-11,DASH,,0.2975400429248297,1,0.058489041980461044
2021-10-11,DEXE,,-0.006681009374729053,0,0.0
2021-10-11,DOGE,,0.4270089397336428,1,0.07290251417424523
2021-10-11,DOT,,0.1650459275730421,0,0.0
2021-10-11,ETC,,0.38078697848332055,1,0.05541350133903157
2021-10-11,ETH,,-0.30600765082037235,-1,-0.06067164424612651
2021-10-11,FET,,-0.09975178602455412,0,0.0
2021-10-11,FIL,,0.44430334423170365,1,0.027287626558507982
2021-10-11,HBAR,,-0.16597588298214735,-1,-0.03590476387980361
2021-10-11,ICP,,0.2092907801780435,1,0.039663779641793705
2021-10-11,JST,,0.29954084142378906,1,0.03260572915431252
2021-10-11,LINK,,-0.2704698729811429,-1,-0.05899326621783423
2021-10-11,LTC,,-0.026698454234990558,0,0.0
2021-10-11,NEAR,,0.3082701087510609,1,0.03825690284303011
2021-10-11,QNT,,0.09894733675031903,0,0.0
2021-10-11,SHIB,,-1.0408659569965717,-1,-0.005955794870424922
2021-10-11,SOL,,-0.20682531329680964,-1,-0.030915095511906347
2021-10-11,STX,,-0.29001849642537686,-1,-0.02210820858094534
2021-10-11,TRX,,-0.07701960404456011,0,0.0
2021-10-11,UNI,,0.19835292438559116,0,0.0
2021-10-11,VET,,0.1732105617687633,0,0.0
2021-10-11,XLM,,0.043493404657051704,0,0.0
2021-10-11,XRP,,-0.17609332502202424,-1,-0.060279785791068526
2021-10-11,ZEC,,0.3360123680950248,1,0.04766876987901897
2021-10-18,AAVE,,-0.28403424947546974,-1,-0.04313554425345812
2021-10-18,ADA,,-0.2893603002478474,-1,-0.05339172272161854
2021-10-18,ALGO,,-0.0441607271747981,0,0.0
2021-10-18,ATOM,,-0.03823823599463377,0,0.0
2021-10-18,AVAX,,0.21328375171976596,0,0.0
2021-10-18,BCH,,0.032875326129883545,0,0.0
2021-10-18,BNB,,-0.01903185450933469,0,0.0
2021-10-18,BTC,,-0.42174851993062207,-1,-0.038917739556044315
2021-10-18,CAKE,,0.12298194313308758,0,0.0
2021-10-18,CHZ,,0.3976539412838901,1,0.05425796519623071
2021-10-18,DASH,,0.464348131535108,1,0.05425796519623071
2021-10-18,DEXE,,-0.19782761938675827,-1,-0.05339172272161854
2021-10-18,DOGE,,0.4977344767185489,1,0.04647740188466298
2021-10-18,DOT,,-0.022717697438297227,0,0.0
2021-10-18,ETC,,0.25878728178195065,1,0.03991830755350749
2021-10-18,ETH,,-0.011723315964811819,0,0.0
2021-10-18,FET,,-0.227870919270585,-1,-0.05339172272161854
2021-10-18,FIL,,0.43393041720927206,1,0.019218573477914908
2021-10-18,HBAR,,-0.10097492508917835,-1,-0.019052470578278243
2021-10-18,ICP,,0.22225104572520968,1,0.025042569742558744
2021-10-18,JST,,0.2628667887756625,1,0.02446529545519436
2021-10-18,LINK,,-0.1363843829123744,-1,-0.02923927294859197
2021-10-18,LTC,,0.14637033472859348,0,0.0
2021-10-18,NEAR,,0.41448487111607846,1,0.020974361861137956
2021-10-18,QNT,,-0.02318736620683731,0,0.0
2021-10-18,SHIB,,-1.7179754017747577,-1,-0.002837129243956428
2021-10-18,SOL,,-0.0492025462868257,0,0.0
2021-10-18,STX,,-0.44409671353794944,-1,-0.011150421005861583
2021-10-18,TRX,,-0.004909483485601184,0,0.0
2021-10-18,UNI,,0.1872596068448722,0,0.0
2021-10-18,VET,,0.2200613572877789,1,0.03169241145488728
2021-10-18,XLM,,-0.06496731917308589,0,0.0
2021-10-18,XRP,,-0.17739165395147627,-1,-0.036833783706550154
2021-10-18,ZEC,,0.4009139578215423,1,0.025036677635271284
2021-10-25,AAVE,,-0.2910417561269792,-1,-0.04707396889118441
2021-10-25,ADA,,-0.43171361927598817,-1,-0.05190250109025786
2021-10-25,ALGO,,0.03746176758069709,0,0.0
2021-10-25,ATOM,,-0.02318803634921289,0,0.0
2021-10-25,AVAX,,0.15920963347955996,0,0.0
2021-10-25,BCH,,-0.023290569698368332,0,0.0
2021-10-25,BNB,,0.14394343631115314,0,0.0
2021-10-25,BTC,,-0.43307446401563154,-1,-0.03394286866978464
2021-10-25,CAKE,,-0.11512108821869493,-1,-0.04218897445811639
2021-10-25,CHZ,,0.3387681613605609,1,0.014671592250173749
2021-10-25,DASH,,0.2289140829797467,0,0.0
2021-10-25,DEXE,,-0.4042944846033133,-1,-0.04929347314490534
2021-10-25,DOGE,,0.3192785399346889,1,0.03219299464719959
2021-10-25,DOT,,-0.11284046233795868,-1,-0.02550182778248
2021-10-25,ETC,,0.3078189684179032,1,0.0423170988884415
2021-10-25,ETH,,0.006632330031710461,0,0.0
2021-10-25,FET,,0.004844219685731809,0,0.0
2021-10-25,FIL,,0.6999940277500246,1,0.04229626957818133
2021-10-25,HBAR,,0.025274634074869004,0,0.0
2021-10-25,ICP,,0.393721435768826,1,0.03517640059689042
2021-10-25,JST,,0.3485073319575448,1,0.01962170139486007
2021-10-25,LINK,,-0.17932372103329705,-1,-0.03275929202013049
2021-10-25,LTC,,0.2518528113170461,1,0.0423170988884415
2021-10-25,NEAR,,0.36879485864895756,1,0.016478083490013395
2021-10-25,QNT,,-0.01883818319792807,0,0.0
2021-10-25,SHIB,,-1.661032664990553,-1,-0.002910961748909472
2021-10-25,SOL,,-0.056312066397585986,0,0.0
2021-10-25,STX,,-0.5117056777170951,-1,-0.00880452880411503
2021-10-25,TRX,,0.26169771885741855,1,0.0423170988884415
2021-10-25,UNI,,0.12796280408613186,0,0.0
2021-10-25,VET,,0.23872541967936,1,0.03857624265922867
2021-10-25,XLM,,-0.0966054789186401,-1,-0.03158618467198814
2021-10-25,XRP,,-0.06064869871934234,0,0.0
2021-10-25,ZEC,,0.1556287896786553,0,0.0
2021-11-01,AAVE,,-0.26312927363794647,-1,-0.051127193566149136
2021-11-01,ADA,,-0.10400830325914423,-1,-0.051127193566149136
2021-11-01,ALGO,,0.3643752087331602,1,0.04126247951704956
2021-11-01,ATOM,,0.0028216596709556164,0,0.0
2021-11-01,AVAX,,0.020778666546199573,0,0.0
2021-11-01,BCH,,0.13740634814951028,1,0.04126247951704956
2021-11-01,BNB,,0.17142287909080936,1,0.02134662551581528
2021-11-01,BTC,,-0.43526442568987395,-1,-0.04210511394684664
2021-11-01,CAKE,,0.0903194113681812,0,0.0
2021-11-01,CHZ,,0.0767648134677289,0,0.0
2021-11-01,DASH,,0.050258367310665235,0,0.0
2021-11-01,DEXE,,-0.21254911788477654,-1,-0.04757428848557629
2021-11-01,DOGE,,-0.14349669600460616,-1,-0.02947528225422702
2021-11-01,DOT,,-0.0574173062021014,0,0.0
2021-11-01,ETC,,0.13261734542622317,1,0.04126247951704956
2021-11-01,ETH,,-0.013302891035291288,0,0.0
2021-11-01,FET,,0.10710080398304742,0,0.0
2021-11-01,FIL,,0.7280022031291064,1,0.04126247951704956
2021-11-01,HBAR,,0.05262217761167068,0,0.0
2021-11-01,ICP,,0.3282577391730731,1,0.02096456193555017
2021-11-01,JST,,0.07178968946270455,0,0.0
2021-11-01,LINK,,-0.09532091505699745,-1,-0.051127193566149136
2021-11-01,LTC,,0.1857934944811828,1,0.04126247951704956
2021-11-01,NEAR,,0.2819523648289801,1,0.021331026025935878
2021-11-01,QNT,,0.0440349817281056,0,0.0
2021-11-01,SHIB,,-1.330724652967755,-1,-0.00588349948267271
2021-11-01,SOL,,0.03808926888300717,0,0.0
2021-11-01,STX,,-0.1971039807270143,-1,-0.016878645339631144
2021-11-01,TRX,,0.5303226773903899,1,0.04126247951704956
2021-11-01,UNI,,-0.0880840085522503,0,0.0
2021-11-01,VET,,0.11957472343325365,1,0.031208960675819842
2021-11-01,XLM,,-0.26142318158628447,-1,-0.0288407392933282
2021-11-01,XRP,,-0.06813391163004039,0,0.0
2021-11-01,ZEC,,-0.2643461596338696,-1,-0.018286901754689167
2021-11-08,AAVE,,-0.3298396830706836,-1,-0.05767810556502569
2021-11-08,ADA,,-0.15210279044480154,-1,-0.05767810556502569
2021-11-08,ALGO,,0.2278645720992402,1,0.04241255850932395
2021-11-08,ATOM,,-0.1500611910121897,-1,-0.03446814384085933
2021-11-08,AVAX,,0.10540161974002238,0,0.0
2021-11-08,BCH,,0.18607316981321453,1,0.02962324905614801
2021-11-08,BNB,,0.030575815577536126,0,0.0
2021-11-08,BTC,,-0.11424916118800647,-1,-0.05767810556502569
2021-11-08,CAKE,,-0.010588714184888971,0,0.0
2021-11-08,CHZ,,0.1551990501291577,1,0.01707339656031324
2021-11-08,DASH,,0.09499277205921859,0,0.0
2021-11-08,DEXE,,-0.09968680081135274,0,0.0
2021-11-08,DOGE,,-0.10159909798281533,0,0.0
2021-11-08,DOT,,-0.18486636382934593,-1,-0.022105825482195824
2021-11-08,ETC,,0.2909698536693379,1,0.04241255850932395
2021-11-08,ETH,,-0.06162693168742757,0,0.0
2021-11-08,FET,,-0.05934524165714797,0,0.0
2021-11-08,FIL,,0.7306585934689175,1,0.04241255850932395
2021-11-08,HBAR,,0.15726176260278354,1,0.029499177096616643
2021-11-08,ICP,,0.07872811049703449,0,0.0
2021-11-08,JST,,0.16460549977993463,1,0.040666175820928505
2021-11-08,LINK,,-0.04465520322908744,0,0.0
2021-11-08,LTC,,-0.3593073447359794,-1,-0.017379348280974986
2021-11-08,NEAR,,0.40352408199092193,1,0.022003445124451366
2021-11-08,QNT,,0.2120310538479508,1,0.04241255850932395
2021-11-08,SHIB,,-1.2017500376641426,-1,-0.006674662447559057
2021-11-08,SOL,,-0.0934438590533239,0,0.0
2021-11-08,STX,,-0.11769042373514899,-1,-0.020533947539071715
2021-11-08,TRX,,0.35269801267037465,1,0.04132702909039959
2021-11-08,UNI,,-0.042637223110004036,0,0.0
2021-11-08,VET,,0.10010358398081665,0,0.0
2021-11-08,XLM,,0.08724304560835092,0,0.0
2021-11-08,XRP,,-0.13799583460498369,-1,-0.05600839363711181
2021-11-08,ZEC,,-0.11648469553348247,-1,-0.01963806886330328
2021-11-15,AAVE,,-0.24606464106510373,-1,-0.04709771031717597
2021-11-15,ADA,,-0.04058059768759614,0,0.0
2021-11-15,ALGO,,0.03815255944069915,0,0.0
2021-11-15,ATOM,,0.17507804853189837,1,0.0385142696964087
2021-11-15,AVAX,,0.3095266920956803,1,0.017090702251731087
2021-11-15,BCH,,0.07783874873019049,0,0.0
2021-11-15,BNB,,-0.14542234450814104,-1,-0.026845594060074363
2021-11-15,BTC,,-0.22074722500912378,-1,-0.05649164017613256
2021-11-15,CAKE,,0.10807573270019133,0,0.0
2021-11-15,CHZ,,0.18441747789428098,1,0.014185828641620215
2021-11-15,DASH,,-0.11497779017546637,0,0.0
2021-11-15,DEXE,,0.0012818452443443895,0,0.0
2021-11-15,DOGE,,0.26217112802463066,1,0.04523270690778107
2021-11-15,DOT,,-0.15460379338986568,-1,-0.02547171351122744
2021-11-15,ETC,,0.08387216603817958,0,0.0
2021-11-15,ETH,,-0.13788466428626897,-1,-0.05649164017613256
2021-11-15,FET,,0.33253376117720673,1,0.05684317350930001
2021-11-15,FIL,,0.2625731157249231,1,0.03937874718396805
2021-11-15,HBAR,,0.14374503400937755,0,0.0
2021-11-15,ICP,,-0.1667738197247573,-1,-0.028071625470701005
2021-11-15,JST,,-0.31173420930193996,-1,-0.054981877992986636
2021-11-15,LINK,,0.029838430567320058,0,0.0
2021-11-15,LTC,,-0.1791403327773492,-1,-0.015984533498940544
2021-11-15,NEAR,,0.19478882834872763,1,0.021970267650496433
2021-11-15,QNT,,0.32052037367220926,1,0.0380190589403921
2021-11-15,SHIB,,-0.9417654933072394,-1,-0.007881133073373004
2021-11-15,SOL,,0.18811531428572434,1,0.023712748191696838
2021-11-15,STX,,0.03286998331640001,0,0.0
2021-11-15,TRX,,0.014424682927878369,0,0.0
2021-11-15,UNI,,0.18965924562876868,1,0.055143989928339646
2021-11-15,VET,,0.11439108526397869,0,0.0
2021-11-15,XLM,,-0.029275703967419315,0,0.0
2021-11-15,XRP,,-0.054570623280406974,0,0.0
2021-11-15,ZEC,,-0.3203330151419277,-1,-0.030774024624990064
2021-11-22,AAVE,,-0.259818365472201,-1,-0.04789794960525879
2021-11-22,ADA,,0.030483066259533398,0,0.0
2021-11-22,ALGO,,0.026807657169172838,0,0.0
2021-11-22,ATOM,,0.2718907393879414,1,0.047041421800039784
2021-11-22,AVAX,,-0.19965423196489426,-1,-0.01604299558482482
2021-11-22,BCH,,0.07665487760039415,1,0.02006308748614179
2021-11-22,BNB,,-0.17429833243709897,-1,-0.026711818316957545
2021-11-22,BTC,,-0.09202985302514724,-1,-0.05630055697583962
2021-11-22,CAKE,,0.008595720796232224,0,0.0
2021-11-22,CHZ,,0.2943060666217475,1,0.014053500160824706
2021-11-22,DASH,,-0.15815978545863166,-1,-0.026848856597637673
2021-11-22,DEXE,,-0.015005651897860357,0,0.0
2021-11-22,DOGE,,0.33197456929623653,1,0.04310258394518342
2021-11-22,DOT,,-0.21328465756372636,-1,-0.02227904906239001
2021-11-22,ETC,,0.09040147458077392,1,0.03867056530418095
2021-11-22,ETH,,0.014227106056447222,0,0.0
2021-11-22,FET,,0.14870214982256919,1,0.0229070685272909
2021-11-22,FIL,,0.3972465831970568,1,0.0263673608325886
2021-11-22,HBAR,,0.04150820697336536,0,0.0
2021-11-22,ICP,,-0.22274501188488685,-1,-0.02756821703291563
2021-11-22,JST,,-0.26851118943922864,-1,-0.05630055697583962
2021-11-22,LINK,,-0.0625468382894125,0,0.0
2021-11-22,LTC,,-0.5055723000946394,-1,-0.01482827150647369
2021-11-22,NEAR,,0.06009220888832066,0,0.0
2021-11-22,QNT,,0.34348092498939287,1,0.029943159449145582
2021-11-22,SHIB,,0.43573793136294825,1,0.047041421800039784
2021-11-22,SOL,,-0.02539473207847652,0,0.0
2021-11-22,STX,,-0.05464338545393366,0,0.0
2021-11-22,TRX,,-0.056170461247917226,0,0.0
2021-11-22,UNI,,0.23937114165238746,1,0.04120611183270522
2021-11-22,VET,,-0.017575628734931167,0,0.0
2021-11-22,XLM,,-0.006153761793611382,0,0.0
2021-11-22,XRP,,-0.07640922534783202,0,0.0
2021-11-22,ZEC,,-0.40350701247009024,-1,-0.035618009480003314
2021-11-29,AAVE,,-0.3515139907186711,-1,-0.04849016752059712
2021-11-29,ADA,,-0.07609252050406166,0,0.0
2021-11-29,ALGO,,-0.10162022758754811,0,0.0
2021-11-29,ATOM,,-0.11093589289332433,-1,-0.05534152396657198
2021-11-29,AVAX,,-0.3576183913230071,-1,-0.01492405345219628
2021-11-29,BCH,,-0.11398985545575974,-1,-0.025053125746889268
2021-11-29,BNB,,0.04703211683694545,0,0.0
2021-11-29,BTC,,-0.20853055781074042,-1,-0.04827894487077025
2021-11-29,CAKE,,0.10361763206316776,0,0.0
2021-11-29,CHZ,,0.22722902007897866,1,0.013255102456700652
2021-11-29,DASH,,-0.09179482310475748,0,0.0
2021-11-29,DEXE,,-0.051487437154429674,0,0.0
2021-11-29,DOGE,,0.19690841531048617,1,0.03533139365489173
2021-11-29,DOT,,0.2300422668105423,1,0.05010117497944179
2021-11-29,ETC,,0.1003273264589947,0,0.0
2021-11-29,ETH,,0.03701991983148855,0,0.0
2021-11-29,FET,,0.021949521460627452,0,0.0
2021-11-29,FIL,,0.3180509475790835,1,0.015164024131052233
2021-11-29,HBAR,,-0.09472179028858219,0,0.0
2021-11-29,ICP,,0.3828428281111006,1,0.024192822986500044
2021-11-29,JST,,-0.11133185266882217,-1,-0.042208983240297364
2021-11-29,LINK,,0.019371521666352996,0,0.0
2021-11-29,LTC,,-0.7704456832250997,-1,-0.013375850519867545
2021-11-29,NEAR,,-0.13172605488142652,-1,-0.02521927242413982
2021-11-29,QNT,,0.0983610563686037,0,0.0
2021-11-29,SHIB,,0.37420144172832015,1,0.05010117497944179
2021-11-29,SOL,,0.3001219799066086,1,0.05010117497944179
2021-11-29,STX,,0.12216199646752313,1,0.02691827984240396
2021-11-29,TRX,,-0.1502869590416608,-1,-0.03389783723219753
2021-11-29,UNI,,0.2317140904470122,1,0.03898060156762365
2021-11-29,VET,,0.10645367989618679,1,0.02119490702561347
2021-11-29,XLM,,-0.03786455268537436,0,0.0
2021-11-29,XRP,,0.07735538827892939,0,0.0
2021-11-29,ZEC,,-0.23480055995768825,-1,-0.01855089762958398
2021-12-06,AAVE,,-0.3546908968169095,-1,-0.053800842398510317
2021-12-06,ADA,,-0.033886582256787895,0,0.0
2021-12-06,ALGO,,-0.1932982509759594,-1,-0.048492362490008795
2021-12-06,ATOM,,-0.08476745168386396,0,0.0
2021-12-06,AVAX,,-0.4651278726574762,-1,-0.01285596268605414
2021-12-06,BCH,,0.09206562914702646,0,0.0
2021-12-06,BNB,,-0.031762299876923195,0,0.0
2021-12-06,BTC,,-0.17926491284135238,-1,-0.04583796660677089
2021-12-06,CAKE,,0.03786927428898402,0,0.0
2021-12-06,CHZ,,0.43645463166362974,1,0.022049758709040954
2021-12-06,DASH,,0.2477730802784407,1,0.026124123491522818
2021-12-06,DEXE,,-0.3228647355444105,-1,-0.02907180231675433
2021-12-06,DOGE,,0.19876143402121094,1,0.0406581306521861
2021-12-06,DOT,,0.16218132944480534,1,0.027618125415017437
2021-12-06,ETC,,0.17399945439518966,1,0.042804878465135136
2021-12-06,ETH,,-0.10173205959761804,-1,-0.053800842398510317
2021-12-06,FET,,-0.02967320284749095,0,0.0
2021-12-06,FIL,,0.28074419868645634,1,0.01761514883110823
2021-12-06,HBAR,,0.08529633647879137,0,0.0
2021-12-06,ICP,,0.33514045683438304,1,0.027376386173271743
2021-12-06,JST,,-0.12396303997933067,-1,-0.029311173958842706
2021-12-06,LINK,,0.05167602638604892,0,0.0
2021-12-06,LTC,,0.053869411106114304,0,0.0
2021-12-06,NEAR,,-0.8526758098412971,-1,-0.010909227070263212
2021-12-06,QNT,,-0.12112276581180542,-1,-0.021560331195422836
2021-12-06,SHIB,,0.27113033958579896,1,0.03933662361030458
2021-12-06,SOL,,0.051781004795184014,0,0.0
2021-12-06,STX,,0.08592489662472266,0,0.0
2021-12-06,TRX,,-0.03053344148965211,0,0.0
2021-12-06,UNI,,0.22617964410908772,1,0.04665933948625412
2021-12-06,VET,,0.23277609898359092,1,0.03491412850308343
2021-12-06,XLM,,0.01649252288552287,0,0.0
2021-12-06,XRP,,0.03424500573435062,0,0.0
2021-12-06,ZEC,,-0.14899745322846067,-1,-0.019516132215787015
2021-12-13,AAVE,,-0.2971273351241072,-1,-0.03274038273871433
2021-12-13,ADA,,-0.020250136669858563,0,0.0
2021-12-13,ALGO,,-0.2381257243313788,-1,-0.0403788563037001
2021-12-13,ATOM,,-0.15425273284013993,-1,-0.053590193068660946
2021-12-13,AVAX,,-0.02778375416620571,0,0.0
2021-12-13,BCH,,0.15403367400837167,1,0.029318274277006742
2021-12-13,BNB,,-0.0626594695289869,0,0.0
2021-12-13,BTC,,-0.17736856420899358,-1,-0.04535233043431028
2021-12-13,CAKE,,0.05498930084295761,0,0.0
2021-12-13,CHZ,,0.4789715407460239,1,0.022360304246917165
2021-12-13,DASH,,0.2679131954008228,1,0.024466491355321186
2021-12-13,DEXE,,-0.3651590427304669,-1,-0.0280749634381917
2021-12-13,DOGE,,0.2836850276900015,1,0.035352115427773216
2021-12-13,DOT,,0.07363635095766406,0,0.0
2021-12-13,ETC,,0.20946883589887264,1,0.041094433848097335
2021-12-13,ETH,,-0.18971391407645216,-1,-0.053590193068660946
2021-12-13,FET,,0.14787270062862456,1,0.05267711379991996
2021-12-13,FIL,,0.3015961544865616,1,0.017237629486829695
2021-12-13,HBAR,,-0.42635728872460515,-1,-0.014645849535075287
2021-12-13,ICP,,0.2920845665467071,1,0.024577197981213324
2021-12-13,JST,,-0.2695451041385925,-1,-0.025016935054681423
2021-12-13,LINK,,0.049700668762622184,0,0.0
2021-12-13,LTC,,0.13167331452083922,0,0.0
2021-12-13,NEAR,,-1.0085093048768863,-1,-0.010248991845224383
2021-12-13,QNT,,-0.15715105811498165,-1,-0.021540846892560424
2021-12-13,SHIB,,0.12911348771677245,0,0.0
2021-12-13,SOL,,0.12421564095154428,0,0.0
2021-12-13,STX,,0.02471357094045964,0,0.0
2021-12-13,TRX,,-0.12902391758644838,0,0.0
2021-12-13,UNI,,0.2983857207183855,1,0.04448633964066954
2021-12-13,VET,,0.2953497601159386,1,0.03360964231603158
2021-12-13,XLM,,0.009475690109686317,0,0.0
2021-12-13,XRP,,0.07409060691489047,0,0.0
2021-12-13,ZEC,,0.12205753916035758,0,0.0
2021-12-20,AAVE,,-0.7145235913862902,-1,-0.017627187513878446
2021-12-20,ADA,,-0.08199404882618692,-1,-0.03782310063886881
2021-12-20,ALGO,,-0.17643714724777396,-1,-0.03395506872126711
2021-12-20,ATOM,,-0.6036491836453238,-1,-0.019135461332378666
2021-12-20,AVAX,,0.2526893210716256,1,0.02472794778109779
2021-12-20,BCH,,0.17706825662572467,1,0.04122641249934201
2021-12-20,BNB,,0.04528711037206075,0,0.0
2021-12-20,BTC,,-0.14520083657633726,-1,-0.051362821504934576
2021-12-20,CAKE,,0.11700068795930832,0,0.0
2021-12-20,CHZ,,0.34016045358145147,1,0.019985095413836928
2021-12-20,DASH,,0.24208422090462037,1,0.026710728779404065
2021-12-20,DEXE,,-0.1623905060833835,-1,-0.04215483631691898
2021-12-20,DOGE,,0.2561646046025058,1,0.03735536316627469
2021-12-20,DOT,,-0.048021236229233495,0,0.0
2021-12-20,ETC,,0.17575689878536216,1,0.03993451222118648
2021-12-20,ETH,,-0.015722617129218526,0,0.0
2021-12-20,FET,,-0.006656273172846823,0,0.0
2021-12-20,FIL,,0.4767134460808328,1,0.02846008290074652
2021-12-20,HBAR,,-0.18191199205230432,-1,-0.026664740076141166
2021-12-20,ICP,,0.18698552806969657,1,0.02258966338823676
2021-12-20,JST,,-0.29118713875204544,-1,-0.03671412150193103
2021-12-20,LINK,,0.002078569131261989,0,0.0
2021-12-20,LTC,,0.14159779113191734,0,0.0
2021-12-20,NEAR,,-1.0101233253795556,-1,-0.010848508084995953
2021-12-20,QNT,,-0.015342714426966034,0,0.0
2021-12-20,SHIB,,0.05522165831152411,0,0.0
2021-12-20,SOL,,0.30217145742586493,1,0.04806749888667196
2021-12-20,STX,,0.140735133216659,0,0.0
2021-12-20,TRX,,-0.05634618717007658,-1,-0.04895964053471471
2021-12-20,UNI,,0.08558000076608148,0,0.0
2021-12-20,VET,,0.1492285856223894,0,0.0
2021-12-20,XLM,,-0.028951056222668185,0,0.0
2021-12-20,XRP,,0.12937031063634485,0,0.0
2021-12-20,ZEC,,0.2625638200049753,1,0.03618818118923224
2021-12-27,AAVE,,-0.6771575184683802,-1,-0.017314404959402712
2021-12-27,ADA,,-0.160811399543131,-1,-0.03699376675113503
2021-12-27,ALGO,,-0.14833716557538967,-1,-0.028077742734073752
2021-12-27,ATOM,,-0.5297260820049781,-1,-0.01755122322294789
2021-12-27,AVAX,,0.3231139964433858,1,0.02639440557882317
2021-12-27,BCH,,0.3609148020764997,1,0.05464958307959027
2021-12-27,BNB,,0.02303147050452899,0,0.0
2021-12-27,BTC,,-0.2804767590644596,-1,-0.05580381027825325
2021-12-27,CAKE,,0.09824400049990407,0,0.0
2021-12-27,CHZ,,0.4409711801824274,1,0.01642145387441956
2021-12-27,DASH,,0.33165760699743635,1,0.0278239055767734
2021-12-27,DEXE,,-0.16651567278300775,-1,-0.047157560386620535
2021-12-27,DOGE,,0.14722402214019512,1,0.033457585113578686
2021-12-27,DOT,,-0.02210037461445803,0,0.0
2021-12-27,ETC,,0.12571506666026774,0,0.0
2021-12-27,ETH,,-0.3031288551741188,-1,-0.058321040209439574
2021-12-27,FET,,0.07492521293955152,0,0.0
2021-12-27,FIL,,0.6691558416981778,1,0.04506754751692854
2021-12-27,HBAR,,-0.1700271445526543,-1,-0.027232209074506058
2021-12-27,ICP,,0.3675099132608793,1,0.017409535813518406
2021-12-27,JST,,-0.1600429410837153,-1,-0.041708257582314
2021-12-27,LINK,,0.03383531809341547,0,0.0
2021-12-27,LTC,,0.20308029314626994,1,0.05464958307959027
2021-12-27,NEAR,,-1.0661495228109579,-1,-0.0090867681304364
2021-12-27,QNT,,0.07274356675241726,0,0.0
2021-12-27,SHIB,,-0.07023930539157608,0,0.0
2021-12-27,SOL,,-0.036716065557610485,0,0.0
2021-12-27,STX,,0.04153592634634012,0,0.0
2021-12-27,TRX,,-0.02362623200931794,0,0.0
2021-12-27,UNI,,0.09985122731148191,0,0.0
2021-12-27,VET,,0.13449016747005882,1,0.022963462017648154
2021-12-27,XLM,,0.019059734594415952,0,0.0
2021-12-27,XRP,,0.03975089862857919,0,0.0
2021-12-27,ZEC,,0.20824479288752196,1,0.040409721678258737
2022-01-03,AAVE,,-0.8294561380520458,-1,-0.016938318922813368
2022-01-03,ADA,,-0.2011413613473868,-1,-0.03465549352741254
2022-01-03,ALGO,,-0.16779986104746006,-1,-0.030109789814728727
2022-01-03,ATOM,,-0.6630113525275302,-1,-0.01995759565337018
2022-01-03,AVAX,,0.18028965281388248,1,0.018032433939879716
2022-01-03,BCH,,0.1764938388286853,1,0.03790255065267357
2022-01-03,BNB,,0.14689682187772266,0,0.0
2022-01-03,BTC,,-0.27402379720769915,-1,-0.052411358776791074
2022-01-03,CAKE,,0.07340188274613704,0,0.0
2022-01-03,CHZ,,0.43548079327960654,1,0.017102207636585442
2022-01-03,DASH,,0.5398157547413859,1,0.030950388580500154
2022-01-03,DEXE,,-0.10842405874024537,0,0.0
2022-01-03,DOGE,,0.10636819611829687,0,0.0
2022-01-03,DOT,,-0.07903673138382467,0,0.0
2022-01-03,ETC,,0.07941385333930438,0,0.0
2022-01-03,ETH,,0.024545382669034117,0,0.0
2022-01-03,FET,,-0.028003024423733067,0,0.0
2022-01-03,FIL,,0.6914272679037688,1,0.038837721423484
2022-01-03,HBAR,,-0.14105342521620132,-1,-0.02821973936619856
2022-01-03,ICP,,0.3543430705205715,1,0.014387594263500362
2022-01-03,JST,,-0.15878295953747337,-1,-0.04982497612474967
2022-01-03,LINK,,0.16434416893644616,0,0.0
2022-01-03,LTC,,0.1877340167209094,1,0.05131118910784682
2022-01-03,NEAR,,-1.0661772195871653,-1,-0.010481148249628973
2022-01-03,QNT,,0.17197951006446902,1,0.04538863189592862
2022-01-03,SHIB,,-0.10467690055677142,0,0.0
2022-01-03,SOL,,0.21811241662841194,1,0.023645844288155055
2022-01-03,STX,,-0.14467120775202472,-1,-0.04180297928924629
2022-01-03,TRX,,0.0621836739482861,0,0.0
2022-01-03,UNI,,-0.010154856558506009,0,0.0
2022-01-03,VET,,0.16647033519581175,0,0.0
2022-01-03,XLM,,-0.21528986914412226,-1,-0.04136788008361625
2022-01-03,XRP,,0.015954196735074533,0,0.0
2022-01-03,ZEC,,0.39644793001438766,1,0.04821071802000187
2022-01-10,AAVE,,-0.8318476726239533,-1,-0.015325707951457775
2022-01-10,ADA,,-0.16358425077468394,-1,-0.02522801550202786
2022-01-10,ALGO,,-0.20051194835749267,-1,-0.03045909223183753
2022-01-10,ATOM,,-0.5310974195799929,-1,-0.021784006377035533
2022-01-10,AVAX,,0.3603334171150819,1,0.02594379878367119
2022-01-10,BCH,,0.1993367519476043,1,0.03472258263789063
2022-01-10,BNB,,0.1671752050339722,0,0.0
2022-01-10,BTC,,-0.23906116682884476,-1,-0.04741061401699096
2022-01-10,CAKE,,0.16863050790059758,1,0.030564791524122364
2022-01-10,CHZ,,0.4089191106207087,1,0.018258447594792684
2022-01-10,DASH,,0.23523205058511334,1,0.02745971229865428
2022-01-10,DEXE,,-0.14936042842477765,-1,-0.04902829170659789
2022-01-10,DOGE,,0.14068079889516735,0,0.0
2022-01-10,DOT,,-0.07308185719837063,0,0.0
2022-01-10,ETC,,0.1451093498308475,0,0.0
2022-01-10,ETH,,0.08506360387070075,0,0.0
2022-01-10,FET,,-0.036800655620049735,0,0.0
2022-01-10,FIL,,0.694832441241396,1,0.037670630829486254
2022-01-10,HBAR,,0.2014836197523106,1,0.04783079997883426
2022-01-10,ICP,,0.08719948874842444,0,0.0
2022-01-10,JST,,-0.14132898108456954,-1,-0.04805439027396538
2022-01-10,LINK,,-0.0925080377400408,0,0.0
2022-01-10,LTC,,0.25028044954408774,1,0.030697890079965522
2022-01-10,NEAR,,-1.188409169691186,-1,-0.009805622387660584
2022-01-10,QNT,,0.11469927862341645,0,0.0
2022-01-10,SHIB,,-0.097132332946149,0,0.0
2022-01-10,SOL,,0.24676467607412672,1,0.023048845546988845
2022-01-10,STX,,-0.17480309812415673,-1,-0.03812229402625057
2022-01-10,TRX,,0.12747777748769137,0,0.0
2022-01-10,UNI,,0.01811087963595846,0,0.0
2022-01-10,VET,,0.14926898125560462,0,0.0
2022-01-10,XLM,,-0.27441678039705314,-1,-0.0410402523368705
2022-01-10,XRP,,0.044582843970033106,0,0.0
2022-01-10,ZEC,,0.34876256725847676,1,0.05006078753628854
2022-01-17,AAVE,,-0.4036594406733644,-1,-0.02489711460697506
2022-01-17,ADA,,-0.22646931186730107,-1,-0.03047291067780241
2022-01-17,ALGO,,0.08094368174664374,0,0.0
2022-01-17,ATOM,,-0.296526828830721,-1,-0.0286434374307519
2022-01-17,AVAX,,0.3114162578728757,1,0.03189182876008715
2022-01-17,BCH,,0.0013479750550807058,0,0.0
2022-01-17,BNB,,0.02793760084930658,0,0.0
2022-01-17,BTC,,-0.24348782513285597,-1,-0.05490400807220107
2022-01-17,CAKE,,0.04424965583889251,0,0.0
2022-01-17,CHZ,,0.33148111518947154,1,0.033477900460990855
2022-01-17,DASH,,-0.012989703520310104,0,0.0
2022-01-17,DEXE,,0.14516041922345482,1,0.037950898818217116
2022-01-17,DOGE,,-0.03733857819489402,0,0.0
2022-01-17,DOT,,0.04966218825481046,0,0.0
2022-01-17,ETC,,0.011862737437287217,0,0.0
2022-01-17,ETH,,0.0029996529201938424,0,0.0
2022-01-17,FET,,0.040886642788242146,0,0.0
2022-01-17,FIL,,0.2922559402856476,1,0.030730842447182785
2022-01-17,HBAR,,0.057560134180735835,0,0.0
2022-01-17,ICP,,-0.3938284560119827,-1,-0.020304904969188946
2022-01-17,JST,,-0.2829444555723716,-1,-0.044136167990936524
2022-01-17,LINK,,-0.27465976096936734,-1,-0.022258234050195853
2022-01-17,LTC,,-0.12477584838950659,-1,-0.03671860653600006
2022-01-17,NEAR,,-0.4462046339498166,-1,-0.014586368536689891
2022-01-17,QNT,,0.2841630422165909,1,0.03271208638910986
2022-01-17,SHIB,,0.2016865810548208,1,0.03445500947521126
2022-01-17,SOL,,0.31322799980495925,1,0.031400205654780855
2022-01-17,STX,,0.10518568505143219,0,0.0
2022-01-17,TRX,,0.06535119700013686,0,0.0
2022-01-17,UNI,,0.21002475615109564,1,0.024063199383873735
2022-01-17,VET,,0.14887569203096201,1,0.0342798582317862
2022-01-17,XLM,,-0.07362446261953723,-1,-0.05232288629618235
2022-01-17,XRP,,-0.02482640060150114,0,0.0
2022-01-17,ZEC,,0.11505675138089579,1,0.038282809545684235
2022-01-24,AAVE,,-0.2364531784837138,-1,-0.036367726385158054
2022-01-24,ADA,,-0.4026432251767155,-1,-0.043225735439033956
2022-01-24,ALGO,,0.09905581538085703,0,0.0
2022-01-24,ATOM,,-0.6241662023819899,-1,-0.036178364234155005
2022-01-24,AVAX,,0.38942024529406366,1,0.03996879074528252
2022-01-24,BCH,,-0.07819600975926275,0,0.0
2022-01-24,BNB,,-0.143178391818964,0,0.0
2022-01-24,BTC,,-0.3648038378416796,-1,-0.07035592508895105
2022-01-24,CAKE,,-0.006803464579488463,0,0.0
2022-01-24,CHZ,,0.5279482347866915,1,0.04467370944030789
2022-01-24,DASH,,0.0074326592759918035,0,0.0
2022-01-24,DEXE,,0.16904489040142845,1,0.04859421825435228
2022-01-24,DOGE,,0.02014827739743731,0,0.0
2022-01-24,DOT,,0.08347597524249194,0,0.0
2022-01-24,ETC,,-0.017966107828470433,0,0.0
2022-01-24,ETH,,-0.18334431307124902,-1,-0.052817279291121476
2022-01-24,FET,,-0.15019234302755896,-1,-0.061207840039936685
2022-01-24,FIL,,0.47781286984513804,1,0.039474100093079105
2022-01-24,HBAR,,0.0408154559145914,0,0.0
2022-01-24,ICP,,-0.3009891494087814,-1,-0.02898318890503861
2022-01-24,JST,,-0.02864091251829343,0,0.0
2022-01-24,LINK,,-0.1720557408190455,-1,-0.030763776390162662
2022-01-24,LTC,,-0.24855080388309483,-1,-0.0523797525778415
2022-01-24,NEAR,,-0.215358918486049,-1,-0.020763338136484243
2022-01-24,QNT,,0.32987219522959776,1,0.04914215554802662
2022-01-24,SHIB,,0.3091294622423352,1,0.04705339351712027
2022-01-24,SOL,,0.304317594712722,1,0.04240343312339747
2022-01-24,STX,,0.16659538156961054,1,0.043026001633359796
2022-01-24,TRX,,-0.002855319898474788,0,0.0
2022-01-24,UNI,,0.1742759543931262,1,0.03423508910693121
2022-01-24,VET,,0.22350620220338333,1,0.04447203502602618
2022-01-24,XLM,,-0.14682330957777445,0,0.0
2022-01-24,XRP,,-0.10899927627882991,0,0.0
2022-01-24,ZEC,,0.1091692909499648,0,0.0
2022-01-31,AAVE,,-0.18793311793347753,-1,-0.03765007538901276
2022-01-31,ADA,,-0.42133121258170253,-1,-0.04964676518796997
2022-01-31,ALGO,,0.1137191279981676,1,0.055012976210570594
2022-01-31,ATOM,,-0.569666540227344,-1,-0.03783090147875903
2022-01-31,AVAX,,0.3483906853075223,1,0.048001500052521864
2022-01-31,BCH,,-0.01720275127743006,0,0.0
2022-01-31,BNB,,-0.06239133059854429,0,0.0
2022-01-31,BTC,,-0.3693575158816892,-1,-0.07176802809138316
2022-01-31,CAKE,,0.06270514993702948,0,0.0
2022-01-31,CHZ,,0.40574270537497004,1,0.039220572805414224
2022-01-31,DASH,,0.09041891906852352,0,0.0
2022-01-31,DEXE,,0.0927754039850076,0,0.0
2022-01-31,DOGE,,0.10268892345350794,0,0.0
2022-01-31,DOT,,0.11405670349221682,1,0.040725561495213024
2022-01-31,ETC,,0.009635565756733983,0,0.0
2022-01-31,ETH,,-0.19646530482617217,-1,-0.0515406644835131
2022-01-31,FET,,-0.04849948117273504,0,0.0
2022-01-31,FIL,,0.39772384506370917,1,0.04450641490208581
2022-01-31,HBAR,,0.05809888303229486,0,0.0
2022-01-31,ICP,,0.06673522171080938,0,0.0
2022-01-31,JST,,-0.40178933239287634,-1,-0.029163820493948677
2022-01-31,LINK,,0.05321198636879048,0,0.0
2022-01-31,LTC,,-0.1787148429027101,-1,-0.049748689108483665
2022-01-31,NEAR,,-0.13668442215756985,-1,-0.022136279365886767
2022-01-31,QNT,,0.03988278845859088,0,0.0
2022-01-31,SHIB,,0.18135546947560136,1,0.036788251654728016
2022-01-31,SOL,,0.24479465081881602,1,0.04032827181077666
2022-01-31,STX,,0.12784767138460748,1,0.049695031684262495
2022-01-31,TRX,,0.02724616605931055,0,0.0
2022-01-31,UNI,,0.17936060341480464,1,0.04312151912133348
2022-01-31,VET,,0.15828602756777999,1,0.046062798719247344
2022-01-31,XLM,,-0.13715685566729247,-1,-0.05969711636494286
2022-01-31,XRP,,-0.04083564974616664,0,0.0
2022-01-31,ZEC,,-0.10664814036308606,-1,-0.034280558492253504
2022-02-07,AAVE,,-0.1263747901557013,-1,-0.03515801482698697
2022-02-07,ADA,,-0.2300441269890517,-1,-0.05800034416917675
2022-02-07,ALGO,,0.11079999509779753,1,0.050816717160414256
2022-02-07,ATOM,,-0.3109633374110484,-1,-0.04241985296679223
2022-02-07,AVAX,,0.3593914707379948,1,0.042771321961703676
2022-02-07,BCH,,0.06574868195259188,0,0.0
2022-02-07,BNB,,0.050280920525242113,0,0.0
2022-02-07,BTC,,-0.36288795373216337,-1,-0.0627766847910114
2022-02-07,CAKE,,0.24973882941925502,1,0.045656651690251515
2022-02-07,CHZ,,0.18165268721410455,1,0.03380406350089075
2022-02-07,DASH,,-0.022205867158999297,0,0.0
2022-02-07,DEXE,,0.24890685150553787,1,0.041946254586360254
2022-02-07,DOGE,,0.2227560768279157,1,0.06706538279738126
2022-02-07,DOT,,0.03887964580416935,0,0.0
2022-02-07,ETC,,0.08196355246486393,0,0.0
2022-02-07,ETH,,-0.22390506969729512,-1,-0.04248844055822001
2022-02-07,FET,,0.06829563673588597,0,0.0
2022-02-07,FIL,,0.344094968433186,1,0.03980718498872291
2022-02-07,HBAR,,-0.12322035267225473,-1,-0.04460376820933236
2022-02-07,ICP,,-0.02176695046873391,0,0.0
2022-02-07,JST,,-0.9005939411927942,-1,-0.021132193582105135
2022-02-07,LINK,,0.05411771899764032,0,0.0
2022-02-07,LTC,,-0.12420648528505081,-1,-0.04420408405211353
2022-02-07,NEAR,,0.15988926616582694,1,0.027295961061235087
2022-02-07,QNT,,-0.07637664059839946,0,0.0
2022-02-07,SHIB,,0.1717820052062758,1,0.032564352629018314
2022-02-07,SOL,,0.05625199146326014,0,0.0
2022-02-07,STX,,0.0695584485410238,0,0.0
2022-02-07,TRX,,-0.00043044309707512265,0,0.0
2022-02-07,UNI,,0.35273109435905736,1,0.04529290373476016
2022-02-07,VET,,0.07763589295112007,0,0.0
2022-02-07,XLM,,-0.19962069372083982,-1,-0.04852296181938848
2022-02-07,XRP,,0.015053429100633887,0,0.0
2022-02-07,ZEC,,-0.2569325113239738,-1,-0.02771444913561137
2022-02-14,AAVE,,-0.08230061202601228,0,0.0
2022-02-14,ADA,,-0.4025725272666473,-1,-0.05667025903590529
2022-02-14,ALGO,,0.1655587355542439,1,0.05475374831820297
2022-02-14,ATOM,,-0.22881636702177358,-1,-0.033880800446945566
2022-02-14,AVAX,,0.449076477990271,1,0.05937308986854475
2022-02-14,BCH,,-0.10609918359787442,0,0.0
2022-02-14,BNB,,-0.1160642724421785,-1,-0.07256672839702111
2022-02-14,BTC,,-0.6149095102302323,-1,-0.06429497360139706
2022-02-14,CAKE,,0.2446971846484577,1,0.04910972795106912
2022-02-14,CHZ,,0.32409803826343964,1,0.02643993557457504
2022-02-14,DASH,,0.024700688539007785,0,0.0
2022-02-14,DEXE,,0.40096120115598355,1,0.061260267722347786
2022-02-14,DOGE,,0.11263490170392688,0,0.0
2022-02-14,DOT,,0.09439496988208732,0,0.0
2022-02-14,ETC,,-0.20317358452679676,-1,-0.03650265949414139
2022-02-14,ETH,,-0.30669221314904577,-1,-0.0474964635777295
2022-02-14,FET,,-0.007675570957273449,0,0.0
2022-02-14,FIL,,0.5321887319485799,1,0.05139182804889304
2022-02-14,HBAR,,-0.07146677932950996,0,0.0
2022-02-14,ICP,,0.10090996271477137,0,0.0
2022-02-14,JST,,-0.7205437711383529,-1,-0.017938716694892606
2022-02-14,LINK,,0.1666908079118885,1,0.05328324588494251
2022-02-14,LTC,,-0.2850245018531859,-1,-0.044990155700139325
2022-02-14,NEAR,,0.31814322967857106,1,0.020537091790698025
2022-02-14,QNT,,0.025862160235101066,0,0.0
2022-02-14,SHIB,,0.10032367446315642,0,0.0
2022-02-14,SOL,,0.22085921582749055,1,0.026597330098732896
2022-02-14,STX,,0.036691796896166896,0,0.0
2022-02-14,TRX,,-0.0407060452560978,0,0.0
2022-02-14,UNI,,0.36314072177110834,1,0.05423496788947294
2022-02-14,VET,,0.057994955508344034,0,0.0
2022-02-14,XLM,,-0.272405230162953,-1,-0.05448640958519052
2022-02-14,XRP,,-0.07981863932739743,0,0.0
2022-02-14,ZEC,,-0.20065864640726855,-1,-0.028154066614116572
2022-02-21,AAVE,,-0.0925093548226397,0,0.0
2022-02-21,ADA,,-0.31081982212298276,-1,-0.05108902451613807
2022-02-21,ALGO,,0.24263653383866607,1,0.051920309487811796
2022-02-21,ATOM,,-0.03866635935843234,0,0.0
2022-02-21,AVAX,,0.4132505674182565,1,0.05116654949850712
2022-02-21,BCH,,0.031524871970707934,0,0.0
2022-02-21,BNB,,-0.04531603616573549,0,0.0
2022-02-21,BTC,,-0.4341968648459232,-1,-0.05876683484785525
2022-02-21,CAKE,,0.06522416642484305,0,0.0
2022-02-21,CHZ,,0.16362931489438776,1,0.023999805849379486
2022-02-21,DASH,,-0.07279570891059375,0,0.0
2022-02-21,DEXE,,0.0956005706433567,0,0.0
2022-02-21,DOGE,,0.0027436952888889284,0,0.0
2022-02-21,DOT,,0.21179130070326957,1,0.029030460832840718
2022-02-21,ETC,,-0.13374032018799084,-1,-0.033175476402139206
2022-02-21,ETH,,-0.10301532327033347,-1,-0.04294091825724763
2022-02-21,FET,,-0.12720825008098546,-1,-0.04401222415896832
2022-02-21,FIL,,0.6614862777578602,1,0.0487295613629661
2022-02-21,HBAR,,-0.03315525369457282,0,0.0
2022-02-21,ICP,,0.06637773657406057,0,0.0
2022-02-21,JST,,-0.9616236021903439,-1,-0.015654425925515466
2022-02-21,LINK,,0.28921234061048623,1,0.06490121767454082
2022-02-21,LTC,,-0.2590146529779474,-1,-0.03915321685894412
2022-02-21,NEAR,,0.23957357141083474,1,0.01984323735019562
2022-02-21,QNT,,-0.05102033072534588,0,0.0
2022-02-21,SHIB,,-0.07724299715168449,0,0.0
2022-02-21,SOL,,0.21263473452602172,1,0.02550067067401635
2022-02-21,STX,,0.09828554664522962,1,0.03601155776355364
2022-02-21,TRX,,-0.07791850357978972,0,0.0
2022-02-21,UNI,,0.6845484686977248,1,0.04647568413368754
2022-02-21,VET,,0.0905141180628128,0,0.0
2022-02-21,XLM,,-0.24101265537619163,-1,-0.04685781153127714
2022-02-21,XRP,,-0.27773415863136974,-1,-0.04057595452811596
2022-02-21,ZEC,,-0.23204362137454423,-1,-0.02535316760129806
2022-02-28,AAVE,,-0.000993533660485997,0,0.0
2022-02-28,ADA,,-0.29498966407014626,-1,-0.05952734520250744
2022-02-28,ALGO,,0.13241356369982188,0,0.0
2022-02-28,ATOM,,-0.3117909652665694,-1,-0.030901882186435532
2022-02-28,AVAX,,0.2459597211071084,1,0.06189109675410862
2022-02-28,BCH,,-0.2183936843629504,-1,-0.05103007436073122
2022-02-28,BNB,,-0.13873559253464798,0,0.0
2022-02-28,BTC,,-0.5434225900497158,-1,-0.05952734520250744
2022-02-28,CAKE,,0.232301931561622,1,0.050281173212013495
2022-02-28,CHZ,,0.04703182075034801,0,0.0
2022-02-28,DASH,,0.015550164314777837,0,0.0
2022-02-28,DEXE,,0.13562403464822295,0,0.0
2022-02-28,DOGE,,0.09946023371496392,0,0.0
2022-02-28,DOT,,0.16276991427597604,0,0.0
2022-02-28,ETC,,-0.2774452451263995,-1,-0.028864365789988352
2022-02-28,ETH,,-0.18999929653345607,-1,-0.05952734520250744
2022-02-28,FET,,-0.45212070073781385,-1,-0.01947477160867107
2022-02-28,FIL,,0.2907300906991577,1,0.05537397533364958
2022-02-28,HBAR,,0.022632057962417167,0,0.0
2022-02-28,ICP,,0.2720162680119329,1,0.05895348178457717
2022-02-28,JST,,-0.1523668530866395,0,0.0
2022-02-28,LINK,,0.15339667437929294,0,0.0
2022-02-28,LTC,,-0.17612069908110126,-1,-0.05952734520250744
2022-02-28,NEAR,,0.2485473242210389,1,0.017624332480630563
2022-02-28,QNT,,0.4529899878735083,1,0.041685830066802404
2022-02-28,SHIB,,0.37978789172951605,1,0.033100438199126815
2022-02-28,SOL,,0.2848393016187417,1,0.036780494019669624
2022-02-28,STX,,0.2367311602433792,1,0.06058861349994703
2022-02-28,TRX,,-0.09801213088795907,0,0.0
2022-02-28,UNI,,0.2034153915161515,1,0.03827329551352589
2022-02-28,VET,,0.13214442876193272,0,0.0
2022-02-28,XLM,,-0.37917275162814656,-1,-0.05952734520250744
2022-02-28,XRP,,-0.6359611938643046,-1,-0.026644910905687796
2022-02-28,ZEC,,0.12118293980042637,0,0.0
2022-03-07,AAVE,,-0.014777251387248277,0,0.0
2022-03-07,ADA,,-0.22549843656414342,-1,-0.05296110026964429
2022-03-07,ALGO,,-0.036797488498386335,0,0.0
2022-03-07,ATOM,,-0.24370555921718326,-1,-0.05138969577595298
2022-03-07,AVAX,,0.2943070679136999,1,0.04963478274436189
2022-03-07,BCH,,-0.1120946172302075,0,0.0
2022-03-07,BNB,,-0.12296516703391125,-1,-0.05296110026964429
2022-03-07,BTC,,-0.5199316675572052,-1,-0.05296110026964429
2022-03-07,CAKE,,0.2453301377102608,1,0.04345848568224471
2022-03-07,CHZ,,-0.2853392512295488,-1,-0.01645918485940689
2022-03-07,DASH,,-0.07795879367152787,0,0.0
2022-03-07,DEXE,,0.13098693967228597,0,0.0
2022-03-07,DOGE,,0.09347552854481611,0,0.0
2022-03-07,DOT,,0.2326171797641646,1,0.04261275728317383
2022-03-07,ETC,,-0.07270007666286847,0,0.0
2022-03-07,ETH,,-0.11275631037354644,0,0.0
2022-03-07,FET,,-0.4163062499293793,-1,-0.01739487749224274
2022-03-07,FIL,,0.29722765473712004,1,0.04726727009606234
2022-03-07,HBAR,,-0.10731005925912064,0,0.0
2022-03-07,ICP,,0.22934153336059881,1,0.04963478274436189
2022-03-07,JST,,-0.022531115158325,0,0.0
2022-03-07,LINK,,0.16522697509174972,0,0.0
2022-03-07,LTC,,-0.1453623221327864,-1,-0.047331107603014407
2022-03-07,NEAR,,0.3512141016621246,1,0.018626833413219603
2022-03-07,QNT,,0.45802580898496104,1,0.03560098504931406
2022-03-07,SHIB,,0.42480738398298906,1,0.03813064178865464
2022-03-07,SOL,,0.34698794758758733,1,0.04963478274436189
2022-03-07,STX,,-0.02935880012609699,0,0.0
2022-03-07,TRX,,-0.020067785067385123,0,0.0
2022-03-07,UNI,,0.26850793979652227,1,0.03209507953241257
2022-03-07,VET,,0.10660628258711581,0,0.0
2022-03-07,XLM,,-0.1704847746737249,-1,-0.05296110026964429
2022-03-07,XRP,,-0.15996618466336965,-1,-0.05124393108732453
2022-03-07,ZEC,,-0.748750570960035,-1,-0.011033203181648864
2022-03-14,AAVE,,-0.4550847511261425,-1,-0.026546324327859763
2022-03-14,ADA,,-0.21408376504292523,0,0.0
2022-03-14,ALGO,,-0.004117781583654037,0,0.0
2022-03-14,ATOM,,0.31015461354056273,1,0.05030999630223289
2022-03-14,AVAX,,-0.19847233177823886,0,0.0
2022-03-14,BCH,,-0.15525786994852392,0,0.0
2022-03-14,BNB,,-0.30696351707084796,-1,-0.07665817145981432
2022-03-14,BTC,,-0.30424505598833956,-1,-0.07665817145981432
2022-03-14,CAKE,,0.12272589748728464,0,0.0
2022-03-14,CHZ,,-0.28614163597645165,-1,-0.03313509516991304
2022-03-14,DASH,,-0.25214320792093703,-1,-0.03456866985290662
2022-03-14,DEXE,,-0.008664635477894169,0,0.0
2022-03-14,DOGE,,0.19983765102747642,1,0.03924259817509339
2022-03-14,DOT,,0.4164749718165867,1,0.05928392159228985
2022-03-14,ETC,,-0.38661817607496424,-1,-0.019236746986939668
2022-03-14,ETH,,-0.23826097972033833,-1,-0.06695685184810356
2022-03-14,FET,,-0.2771333274331821,-1,-0.035687108589582225
2022-03-14,FIL,,-0.03139520782349446,0,0.0
2022-03-14,HBAR,,0.1392217533246526,1,0.05928392159228985
2022-03-14,ICP,,0.25953169363140144,1,0.04706177737172096
2022-03-14,JST,,0.5135281363531934,1,0.04279688962540142
2022-03-14,LINK,,-0.08283473105939858,0,0.0
2022-03-14,LTC,,-0.07946485488681262,0,0.0
2022-03-14,NEAR,,0.5495262882972641,1,0.024824858864786466
2022-03-14,QNT,,0.638453539691588,1,0.05928392159228985
2022-03-14,SHIB,,0.6713149959811883,1,0.03872387008410489
2022-03-14,SOL,,0.4367213083383479,1,0.033269559519035805
2022-03-14,STX,,0.08729710407547711,0,0.0
2022-03-14,TRX,,-0.010947133569618175,0,0.0
2022-03-14,UNI,,0.07390501850892095,0,0.0
2022-03-14,VET,,0.014497032567845609,0,0.0
2022-03-14,XLM,,-0.2801585218433534,-1,-0.06065415340923421
2022-03-14,XRP,,-0.10876966290535944,0,0.0
2022-03-14,ZEC,,-0.7524328574113145,-1,-0.023980021615077722
2022-03-21,AAVE,,-0.6124786872856204,-1,-0.03433342379063445
2022-03-21,ADA,,-0.42563590832029985,-1,-0.034599879703474834
2022-03-21,ALGO,,-0.19559939804715587,-1,-0.037429785039811474
2022-03-21,ATOM,,0.24097046068633468,1,0.04951778837422912
2022-03-21,AVAX,,-0.29222274211449456,-1,-0.045217935278386016
2022-03-21,BCH,,-0.1492705354356622,0,0.0
2022-03-21,BNB,,-0.08431827302898519,0,0.0
2022-03-21,BTC,,-0.15725659671518566,-1,-0.06890036523156114
2022-03-21,CAKE,,0.02739656119732452,0,0.0
2022-03-21,CHZ,,-0.15044057052430754,0,0.0
2022-03-21,DASH,,-0.0787304761402546,0,0.0
2022-03-21,DEXE,,0.12234241884232754,0,0.0
2022-03-21,DOGE,,0.12207598513433368,0,0.0
2022-03-21,DOT,,0.2544360373412503,1,0.0321188395837703
2022-03-21,ETC,,-0.38653617615780117,-1,-0.02428591035791152
2022-03-21,ETH,,-0.13417882077792875,0,0.0
2022-03-21,FET,,-0.09463070227192527,0,0.0
2022-03-21,FIL,,-0.4328349039323449,-1,-0.03169559149907629
2022-03-21,HBAR,,0.0803514029603025,0,0.0
2022-03-21,ICP,,0.0012488920477725686,0,0.0
2022-03-21,JST,,0.5819172438782274,1,0.03822732196771512
2022-03-21,LINK,,0.03614748072697482,0,0.0
2022-03-21,LTC,,0.10579066239285914,0,0.0
2022-03-21,NEAR,,0.7435991637886512,1,0.028092313736232194
2022-03-21,QNT,,0.2790802698977083,1,0.029950059532265913
2022-03-21,SHIB,,0.6689882700454362,1,0.038385568788730326
2022-03-21,SOL,,0.473515218647391,1,0.02589014670645745
2022-03-21,STX,,0.2432634599114521,1,0.03683902094903899
2022-03-21,TRX,,0.183543555865341,1,0.06278114613084308
2022-03-21,UNI,,0.012363991862664816,0,0.0
2022-03-21,VET,,-0.45926175347083886,-1,-0.026213442252675908
2022-03-21,XLM,,-0.18622083028594896,-1,-0.06707645016831414
2022-03-21,XRP,,0.3377419639212555,1,0.06517060266069254
2022-03-21,ZEC,,-0.6751566646388473,-1,-0.03722002510812925
2022-03-28,AAVE,,-0.3327801726064375,-1,-0.02838068034423215
2022-03-28,ADA,,-0.4599874540461846,-1,-0.03256358757831304
2022-03-28,ALGO,,-0.19292459688861371,0,0.0
2022-03-28,ATOM,,0.3156477164658374,1,0.06325698110336277
2022-03-28,AVAX,,-0.128213399237162,0,0.0
2022-03-28,BCH,,-0.15261853354056648,0,0.0
2022-03-28,BNB,,-0.20069282947311987,-1,-0.0754328676040517
2022-03-28,BTC,,-0.43109941438749877,-1,-0.0754328676040517
2022-03-28,CAKE,,0.1868774748827578,1,0.028713847425373716
2022-03-28,CHZ,,-0.0651320254929452,0,0.0
2022-03-28,DASH,,-0.21082392572905695,-1,-0.057164343316506355
2022-03-28,DEXE,,0.17232145756414644,1,0.041743308461238006
2022-03-28,DOGE,,0.14216709292432286,0,0.0
2022-03-28,DOT,,0.2382190529509545,1,0.050417223450842874
2022-03-28,ETC,,-0.4019195252843895,-1,-0.02181010279258074
2022-03-28,ETH,,-0.15191920946189,0,0.0
2022-03-28,FET,,-0.0872117351551467,0,0.0
2022-03-28,FIL,,-0.2769017320518084,-1,-0.03233659836217163
2022-03-28,HBAR,,0.05909660848192713,0,0.0
2022-03-28,ICP,,0.04337486776733349,0,0.0
2022-03-28,JST,,0.5554978010784706,1,0.04135608069387384
2022-03-28,LINK,,0.053783043242644386,0,0.0
2022-03-28,LTC,,-0.08314982650356159,0,0.0
2022-03-28,NEAR,,0.8432689880234719,1,0.03103056576570064
2022-03-28,QNT,,0.05651197312693801,0,0.0
2022-03-28,SHIB,,0.7768878216297773,1,0.050987291092564536
2022-03-28,SOL,,0.4927665132527688,1,0.02872596215018267
2022-03-28,STX,,0.447597760422564,1,0.07169949842218984
2022-03-28,TRX,,-0.05387648742278703,0,0.0
2022-03-28,UNI,,0.17125997566187212,1,0.03825729641667079
2022-03-28,VET,,-0.40104894471502633,-1,-0.02412726737600885
2022-03-28,XLM,,-0.20334272994061436,-1,-0.0754328676040517
2022-03-28,XRP,,-0.11657398358037477,0,0.0
2022-03-28,ZEC,,-0.6050616219586016,-1,-0.023506872400031825
2022-04-04,AAVE,,-0.21646054141005977,-1,-0.019500674130861925
2022-04-04,ADA,,-0.3644532121698487,-1,-0.029859720756665258
2022-04-04,ALGO,,0.014802842073137278,0,0.0
2022-04-04,ATOM,,0.12183094229626251,1,0.04768945798779255
2022-04-04,AVAX,,0.23563992106910897,1,0.03275578692990567
2022-04-04,BCH,,-0.02045716895979162,0,0.0
2022-04-04,BNB,,-0.19938381188053753,-1,-0.07024252626770737
2022-04-04,BTC,,-0.41026132040514407,-1,-0.05972740767060488
2022-04-04,CAKE,,0.03735629712207153,0,0.0
2022-04-04,CHZ,,-0.025407816412642312,0,0.0
2022-04-04,DASH,,-0.09866094081330593,0,0.0
2022-04-04,DEXE,,0.11143572609126995,0,0.0
2022-04-04,DOGE,,0.38104157738681377,1,0.059259531739430514
2022-04-04,DOT,,0.09140439939253761,0,0.0
2022-04-04,ETC,,-0.35803279049447706,-1,-0.021034444446407823
2022-04-04,ETH,,-0.22279966674382767,-1,-0.054833401042245204
2022-04-04,FET,,-0.051869450871228115,0,0.0
2022-04-04,FIL,,-0.07027575862413751,0,0.0
2022-04-04,HBAR,,0.012942519785706572,0,0.0
2022-04-04,ICP,,0.15070145315108938,1,0.025847611572053432
2022-04-04,JST,,0.1575811378576597,1,0.05555257867358823
2022-04-04,LINK,,-0.03817445174222506,0,0.0
2022-04-04,LTC,,-0.09813902554547947,0,0.0
2022-04-04,NEAR,,0.24275047221263163,1,0.037126411489583656
2022-04-04,QNT,,0.10287830209723478,0,0.0
2022-04-04,SHIB,,0.6241886134864322,1,0.06652133884236139
2022-04-04,SOL,,0.20655318860127214,1,0.02769977626380207
2022-04-04,STX,,0.20006693769605993,1,0.03856652692298216
2022-04-04,TRX,,-0.05770804576263299,0,0.0
2022-04-04,UNI,,0.13772950341418652,1,0.03387412695276478
2022-04-04,VET,,-0.20632707053122867,-1,-0.02099402588986858
2022-04-04,XLM,,-0.12615833455522926,-1,-0.04317873703196589
2022-04-04,XRP,,-0.15278531782064275,-1,-0.07024252626770737
2022-04-04,ZEC,,-0.11154910899104202,-1,-0.035279683870230165
2022-04-11,AAVE,,-0.13742881951456257,-1,-0.023254240122473426
2022-04-11,ADA,,-0.40876253358742926,-1,-0.0313612101464295
2022-04-11,ALGO,,0.10875140511501574,0,0.0
2022-04-11,ATOM,,-0.025749146174744088,0,0.0
2022-04-11,AVAX,,0.4424296322319112,1,0.051383585463974014
2022-04-11,BCH,,0.20592737173677816,1,0.04994042078266076
2022-04-11,BNB,,-0.2522287245113706,-1,-0.07320942703450076
2022-04-11,BTC,,-0.4769122852099042,-1,-0.06963399651252555
2022-04-11,CAKE,,0.004379391159207687,0,0.0
2022-04-11,CHZ,,0.009156651935432952,0,0.0
2022-04-11,DASH,,0.03350661953022971,0,0.0
2022-04-11,DEXE,,0.18185261565279318,1,0.061582888061427435
2022-04-11,DOGE,,-0.05913795732320594,0,0.0
2022-04-11,DOT,,0.06304525133943613,0,0.0
2022-04-11,ETC,,0.05050900370068021,0,0.0
2022-04-11,ETH,,-0.34003653457176186,-1,-0.0606804525478878
2022-04-11,FET,,-0.08698047893636561,-1,-0.02792770483948228
2022-04-11,FIL,,-0.04022688690197511,0,0.0
2022-04-11,HBAR,,-0.006636036300579974,0,0.0
2022-04-11,ICP,,0.22145075743309928,1,0.0278720231421087
2022-04-11,JST,,-0.2158715661543478,-1,-0.04440119613104386
2022-04-11,LINK,,-0.12173485155509522,-1,-0.04722073276632574
2022-04-11,LTC,,0.025553995375829745,0,0.0
2022-04-11,NEAR,,0.154011344978249,1,0.03695838753231619
2022-04-11,QNT,,0.1587460287363051,1,0.03545100110262366
2022-04-11,SHIB,,0.6039919078696012,1,0.07126551879356158
2022-04-11,SOL,,0.11745919269995228,1,0.02745290942700172
2022-04-11,STX,,0.20581408949761448,1,0.040963435242224636
2022-04-11,TRX,,-0.04726741319868161,0,0.0
2022-04-11,UNI,,0.14994749566673077,1,0.037458216244943617
2022-04-11,VET,,-0.28970327813716873,-1,-0.022226301311837917
2022-04-11,XLM,,-0.049589220906617035,0,0.0
2022-04-11,XRP,,0.024500643128939403,0,0.0
2022-04-11,ZEC,,-0.20276766480399963,-1,-0.04041312438033544
2022-04-18,AAVE,,-0.570053542149584,-1,-0.011311583811702474
2022-04-18,ADA,,-0.04974820041161417,0,0.0
2022-04-18,ALGO,,0.37887348263366394,1,0.04166998082458307
2022-04-18,ATOM,,-0.04357719835043316,0,0.0
2022-04-18,AVAX,,0.28835006240558336,1,0.03344653461318816
2022-04-18,BCH,,0.043261514398624315,0,0.0
2022-04-18,BNB,,-0.3095928764368721,-1,-0.06662370002429473
2022-04-18,BTC,,-0.3443509299658148,-1,-0.06662370002429473
2022-04-18,CAKE,,-0.18870562721894868,-1,-0.023751756589826242
2022-04-18,CHZ,,0.18923136565439183,0,0.0
2022-04-18,DASH,,0.0825793453755061,0,0.0
2022-04-18,DEXE,,0.22300608845739467,1,0.03772124190378612
2022-04-18,DOGE,,-0.26439399993828117,-1,-0.06662370002429473
2022-04-18,DOT,,0.21956050824988416,1,0.03765496696596337
2022-04-18,ETC,,0.10097766671275156,0,0.0
2022-04-18,ETH,,-0.3201563919954576,-1,-0.047911899649272414
2022-04-18,FET,,0.27075926000718864,1,0.028314604247665826
2022-04-18,FIL,,0.15248503127931465,0,0.0
2022-04-18,HBAR,,0.05998989911205022,0,0.0
2022-04-18,ICP,,0.4372682146667178,1,0.030885947661681252
2022-04-18,JST,,-0.6207668103165069,-1,-0.020555833933651152
2022-04-18,LINK,,-0.10627084079540679,0,0.0
2022-04-18,LTC,,-0.0026832198908038783,0,0.0
2022-04-18,NEAR,,-0.3664577064420678,-1,-0.021445657967086994
2022-04-18,QNT,,0.4053134070100659,1,0.06546938236543688
2022-04-18,SHIB,,0.32814413674478704,1,0.06244106914276723
2022-04-18,SOL,,-0.11986531945166105,0,0.0
2022-04-18,STX,,0.2206148458138853,1,0.03310063897388355
2022-04-18,TRX,,-0.018801758094181564,0,0.0
2022-04-18,UNI,,0.20943969797282347,1,0.04284241299201008
2022-04-18,VET,,0.13173056671895136,0,0.0
2022-04-18,XLM,,-0.0591327841347669,0,0.0
2022-04-18,XRP,,-0.21410811434130553,-1,-0.06662370002429473
2022-04-18,ZEC,,-0.14291977327988117,-1,-0.022075247642247248
2022-04-25,AAVE,,-0.21136999120436167,-1,-0.02331801573357483
2022-04-25,ADA,,-0.001974225757652673,0,0.0
2022-04-25,ALGO,,0.13961750612948154,1,0.028052621597892773
2022-04-25,ATOM,,0.07340966415666794,0,0.0
2022-04-25,AVAX,,0.35556318061038233,1,0.03501540816077737
2022-04-25,BCH,,-0.09829240101250328,-1,-0.03709419826058627
2022-04-25,BNB,,0.025969209546988524,0,0.0
2022-04-25,BTC,,-0.13193767611155663,-1,-0.05243616667414758
2022-04-25,CAKE,,-0.4801369495259813,-1,-0.023473323556713867
2022-04-25,CHZ,,0.1532991533194889,1,0.03817262338370327
2022-04-25,DASH,,0.13615337867851787,0,0.0
2022-04-25,DEXE,,-0.010792308383686717,0,0.0
2022-04-25,DOGE,,-0.03837703660049182,0,0.0
2022-04-25,DOT,,-0.11393819898838903,-1,-0.030805589513403526
2022-04-25,ETC,,0.25913575355007024,1,0.04699282973460104
2022-04-25,ETH,,0.07322532246441153,0,0.0
2022-04-25,FET,,-0.17290164920942722,-1,-0.023089395659624094
2022-04-25,FIL,,0.14927446456987603,1,0.02954451186938847
2022-04-25,HBAR,,0.11094146102541574,0,0.0
2022-04-25,ICP,,0.13685375532720223,1,0.021829304429763927
2022-04-25,JST,,-0.43465422656026426,-1,-0.04432234853127669
2022-04-25,LINK,,-0.0064464388131082045,0,0.0
2022-04-25,LTC,,0.030221109762475572,0,0.0
2022-04-25,NEAR,,0.1399873700317043,1,0.026164906846591087
2022-04-25,QNT,,0.09029492732534598,0,0.0
2022-04-25,SHIB,,0.022421620480224027,0,0.0
2022-04-25,SOL,,0.34311149945066727,1,0.03206026579494215
2022-04-25,STX,,0.11485959637600879,0,0.0
2022-04-25,TRX,,-0.2643041127115038,-1,-0.024624875081224604
2022-04-25,UNI,,0.2350223709302947,1,0.0355008760176172
2022-04-25,VET,,0.24922312018807374,1,0.03170511106967266
2022-04-25,XLM,,0.011739769525317585,0,0.0
2022-04-25,XRP,,-0.18083834649030606,-1,-0.049913961200252537
2022-04-25,ZEC,,-0.7043606720793747,-1,-0.015960584694145838
2022-05-02,AAVE,,-0.06542836937691143,0,0.0
2022-05-02,ADA,,0.025213882742301644,0,0.0
2022-05-02,ALGO,,-0.37312168371723603,-1,-0.013669531972086176
2022-05-02,ATOM,,0.10794309502600516,1,0.030338150970984523
2022-05-02,AVAX,,0.3802391486970448,1,0.033349512923263026
2022-05-02,BCH,,-0.050213743184950844,0,0.0
2022-05-02,BNB,,-0.14924885746966152,-1,-0.04119442815007081
2022-05-02,BTC,,-0.2714878633572094,-1,-0.04119442815007081
2022-05-02,CAKE,,-0.386705034678915,-1,-0.01795699643797097
2022-05-02,CHZ,,0.14838341308636407,1,0.03802583731937825
2022-05-02,DASH,,0.05983749076929158,0,0.0
2022-05-02,DEXE,,0.04858375163673404,0,0.0
2022-05-02,DOGE,,-0.22116592160050857,-1,-0.04119442815007081
2022-05-02,DOT,,-0.09149731684483238,-1,-0.02549208404863875
2022-05-02,ETC,,0.19458188883219762,1,0.033156017858269084
2022-05-02,ETH,,-0.10325996046260158,-1,-0.04119442815007081
2022-05-02,FET,,-0.0330153521677838,0,0.0
2022-05-02,FIL,,0.1871388016766497,1,0.026161782173539122
2022-05-02,HBAR,,0.16507396734251012,1,0.024529430953665176
2022-05-02,ICP,,0.2961328096931258,1,0.024301995829435548
2022-05-02,JST,,-0.20257652775163196,-1,-0.033613446136206364
2022-05-02,LINK,,-0.01488188197668328,0,0.0
2022-05-02,LTC,,-0.027067769187074316,0,0.0
2022-05-02,NEAR,,0.24751332284684266,1,0.0211436472594865
2022-05-02,NEXO,,0.0778073320554466,0,0.0
2022-05-02,QNT,,0.05033522598430835,0,0.0
2022-05-02,SHIB,,0.10702930460669938,0,0.0
2022-05-02,SOL,,0.2519251667853193,1,0.030761462261693993
2022-05-02,STX,,0.08366590681179172,0,0.0
2022-05-02,TRX,,-0.38739599605154273,-1,-0.01798983751023403
2022-05-02,UNI,,0.235906785652,1,0.02527698861214102
2022-05-02,VET,,0.3136705747888202,1,0.03802583731937825
2022-05-02,XLM,,-0.014055746506215726,0,0.0
2022-05-02,XRP,,-0.0930945309696253,-1,-0.03958936494205081
2022-05-02,ZEC,,-0.49676531373006755,-1,-0.011981689833764204
2022-05-09,AAVE,,-0.3250687317246877,-1,-0.023583921441675613
2022-05-09,ADA,,0.001904708809722347,0,0.0
2022-05-09,ALGO,,-0.3524132706181394,-1,-0.011367282585111693
2022-05-09,ATOM,,0.01702806297378878,0,0.0
2022-05-09,AVAX,,0.485089585590202,1,0.028998561765234018
2022-05-09,BCH,,-0.059838719581713204,0,0.0
2022-05-09,BNB,,-0.13594887432414254,-1,-0.0509596613001217
2022-05-09,BTC,,-0.27433660020444933,-1,-0.05135742485541672
2022-05-09,CAKE,,-0.16378661508921302,-1,-0.014287472108786852
2022-05-09,CHZ,,0.10227139506004286,1,0.039246249893823755
2022-05-09,DASH,,0.07951656776676336,0,0.0
2022-05-09,DEXE,,0.0966747443407376,1,0.021126176381793753
2022-05-09,DOGE,,0.01073472683748954,0,0.0
2022-05-09,DOT,,-0.06058799182187872,-1,-0.03174884445629755
2022-05-09,ETC,,0.04602855241809099,0,0.0
2022-05-09,ETH,,-0.0883058951469889,-1,-0.0425432468275257
2022-05-09,FET,,-0.05917702520094773,0,0.0
2022-05-09,FIL,,0.2524863748302028,1,0.026742735724631164
2022-05-09,HBAR,,0.11234735790793357,1,0.03898386602224763
2022-05-09,ICP,,0.10942890228607857,1,0.03001188323120599
2022-05-09,JST,,-0.09267185135613222,-1,-0.01757576725378081
2022-05-09,LINK,,-0.0347084385275346,0,0.0
2022-05-09,LTC,,0.02094106523962946,0,0.0
2022-05-09,NEAR,,0.3859309464955577,1,0.02092302598157766
2022-05-09,NEXO,,0.07836540836478034,0,0.0
2022-05-09,QNT,,0.07835508762810915,0,0.0
2022-05-09,SHIB,,0.393787272484589,1,0.026447329286560798
2022-05-09,SOL,,0.18033347440999994,1,0.032643340190226064
2022-05-09,STX,,0.00628952550465398,0,0.0
2022-05-09,TRX,,-0.6281556652280411,-1,-0.014821090261579026
2022-05-09,UNI,,0.16395424931558664,1,0.027884317794074357
2022-05-09,VET,,0.11554731732471976,1,0.032371635031201544
2022-05-09,XLM,,-0.20234907168172472,-1,-0.05152752354382168
2022-05-09,XRP,,0.05395214718375977,0,0.0
2022-05-09,ZEC,,-0.3136187222668463,-1,-0.015606886668459337
2022-05-16,AAVE,,-0.3976705459626845,-1,-0.019831962266664276
2022-05-16,ADA,,0.010710145793006899,0,0.0
2022-05-16,ALGO,,-0.5183136829547355,-1,-0.010530304974891607
2022-05-16,ATOM,,0.08105637355537487,1,0.03735166503476433
2022-05-16,AVAX,,0.6262732447305249,1,0.02938772291248392
2022-05-16,BCH,,-0.018052418110059875,0,0.0
2022-05-16,BNB,,-0.18953093125290787,-1,-0.03638440907262809
2022-05-16,BTC,,-0.3235575172081104,-1,-0.04713680822384827
2022-05-16,CAKE,,-0.031008672757942547,0,0.0
2022-05-16,CHZ,,0.041632122868516,0,0.0
2022-05-16,DASH,,0.020587225501708745,0,0.0
2022-05-16,DEXE,,0.12335543067433355,1,0.0203171595405801
2022-05-16,DOGE,,-0.07547155884251382,-1,-0.021689265287450563
2022-05-16,DOT,,-0.18062899575652222,-1,-0.04713680822384827
2022-05-16,ETC,,-0.051385560730345746,0,0.0
2022-05-16,ETH,,-0.0844217501995378,-1,-0.04380995399112574
2022-05-16,FET,,0.10806826544828553,1,0.023552105809949157
2022-05-16,FIL,,0.3025955121956747,1,0.023757170945452707
2022-05-16,HBAR,,0.036865053802109166,0,0.0
2022-05-16,ICP,,0.17912414809389507,1,0.03470379039314083
2022-05-16,JST,,-0.26475489515441286,-1,-0.01532982671546362
2022-05-16,LINK,,0.04702251704956337,0,0.0
2022-05-16,LTC,,-0.10348501234740026,-1,-0.022528876737678314
2022-05-16,NEAR,,0.364431924269862,1,0.019277900975855248
2022-05-16,NEXO,,0.07783217496855566,0,0.0
2022-05-16,QNT,,0.07147928002893698,0,0.0
2022-05-16,SHIB,,0.5060371618287884,1,0.024479925551566823
2022-05-16,SOL,,0.3161619719175723,1,0.040491769343744995
2022-05-16,STX,,0.15285268230644203,1,0.045609823095548
2022-05-16,TRX,,-0.7874085659698467,-1,-0.013616285359694636
2022-05-16,UNI,,0.029292224375855908,0,0.0
2022-05-16,VET,,0.10465326508138689,1,0.026202275474055594
2022-05-16,XLM,,-0.22585659362703986,-1,-0.04713680822384827
2022-05-16,XRP,,0.04671312192610397,0,0.0
2022-05-16,ZEC,,0.004802854457565125,0,0.0
2022-05-23,AAVE,,-0.29351012157320566,-1,-0.017259361222268624
2022-05-23,ADA,,-0.02011281802321336,0,0.0
2022-05-23,ALGO,,-0.5242414309398352,-1,-0.01069939302813045
2022-05-23,ATOM,,-0.022696999082564936,0,0.0
2022-05-23,AVAX,,0.5648464536524379,1,0.03156375112296568
2022-05-23,BCH,,-0.01235578625717719,0,0.0
2022-05-23,BNB,,-0.17042252645555148,-1,-0.03841310115253475
2022-05-23,BTC,,-0.2807585519202829,-1,-0.047935480921416626
2022-05-23,CAKE,,0.01955630681419123,0,0.0
2022-05-23,CHZ,,0.05197183460728254,0,0.0
2022-05-23,DASH,,0.04427136146368954,0,0.0
2022-05-23,DEXE,,0.19047535160753884,1,0.025305038234486533
2022-05-23,DOGE,,0.099301758751775,0,0.0
2022-05-23,DOT,,-0.037021744049978524,-1,-0.041899708010640864
2022-05-23,ETC,,-0.2961848580185413,-1,-0.020286380582681167
2022-05-23,ETH,,-0.1478588474115704,-1,-0.047935480921416626
2022-05-23,FET,,0.14272891202992388,1,0.02674748020408969
2022-05-23,FIL,,0.312152123841805,1,0.02414795957139182
2022-05-23,HBAR,,-0.016272612845812745,0,0.0
2022-05-23,ICP,,0.13683470024631977,1,0.040893192604387535
2022-05-23,JST,,-0.3697834122092842,-1,-0.015356308851856562
2022-05-23,LINK,,0.04138292820801902,0,0.0
2022-05-23,LTC,,-0.11077926670379674,-1,-0.023416050804711822
2022-05-23,NEAR,,0.353210171993542,1,0.020832200220272493
2022-05-23,NEXO,,0.10207255936474428,1,0.02505876362064816
2022-05-23,QNT,,0.06235494568797766,0,0.0
2022-05-23,SHIB,,0.43650493719260136,1,0.022162107489026483
2022-05-23,SOL,,0.24017071810405902,1,0.04902171832961338
2022-05-23,STX,,0.10335525743396144,1,0.03305198381512224
2022-05-23,TRX,,-0.734087326439427,-1,-0.013879945432080196
2022-05-23,UNI,,0.04306737289835177,0,0.0
2022-05-23,VET,,0.13215311031919613,1,0.026232496637150302
2022-05-23,XLM,,-0.0813452638430784,-1,-0.047935480921416626
2022-05-23,XRP,,0.06365976115045385,0,0.0
2022-05-23,ZEC,,-0.022638999594549774,0,0.0
2022-05-30,AAVE,,-0.45157685654645746,-1,-0.019675733760642463
2022-05-30,ADA,,-0.5646079739855633,-1,-0.019358006015199766
2022-05-30,ALGO,,0.11986794112074503,1,0.016468363840381577
2022-05-30,ATOM,,0.09154521671630637,0,0.0
2022-05-30,AVAX,,0.6004948360975688,1,0.02694226959383376
2022-05-30,BCH,,0.052278170164931394,0,0.0
2022-05-30,BNB,,-0.09355551114917078,-1,-0.051346756538625055
2022-05-30,BTC,,-0.12826048060811646,-1,-0.053403496720801524
2022-05-30,CAKE,,-0.033424170579589726,0,0.0
2022-05-30,CHZ,,-0.2510608806486637,-1,-0.02209395022981045
2022-05-30,DASH,,0.005654794947134657,0,0.0
2022-05-30,DEXE,,0.22367437135836332,1,0.028934601660954934
2022-05-30,DOGE,,0.11959180570031211,0,0.0
2022-05-30,DOT,,0.008801999177171834,0,0.0
2022-05-30,ETC,,-0.4211956974995611,-1,-0.02579804871659114
2022-05-30,ETH,,-0.006673930571114804,0,0.0
2022-05-30,FET,,0.17941448980228858,1,0.02615121575208586
2022-05-30,FIL,,0.2630797783024958,1,0.020790210004336025
2022-05-30,HBAR,,0.013921084415127793,0,0.0
2022-05-30,ICP,,-0.00409758929574387,0,0.0
2022-05-30,JST,,-0.3630135995037299,-1,-0.019833624929853196
2022-05-30,LINK,,-0.4284858680843512,-1,-0.0217682578528028
2022-05-30,LTC,,-0.05988424936115279,-1,-0.027740451068030896
2022-05-30,NEAR,,0.2104051432936946,1,0.016308185951848284
2022-05-30,NEXO,,0.15235565006810856,1,0.02363001778171766
2022-05-30,QNT,,0.21641443551558526,1,0.049254650620222024
2022-05-30,SHIB,,0.4461096080597508,1,0.0209772884515755
2022-05-30,SOL,,0.28697552783092967,1,0.049254650620222024
2022-05-30,STX,,0.0681212651145911,0,0.0
2022-05-30,TRX,,-0.22300070787144796,-1,-0.027653453471193256
2022-05-30,UNI,,0.06998203318726787,0,0.0
2022-05-30,VET,,0.07128998988892234,0,0.0
2022-05-30,XLM,,-0.34606264680594,-1,-0.03636215583054738
2022-05-30,XRP,,0.016515406161311072,0,0.0
2022-05-30,ZEC,,0.15840661558799687,1,0.04632248085692027
2022-06-06,AAVE,,-0.5913698454546273,-1,-0.017940092262782203
2022-06-06,ADA,,-0.6002452673782098,-1,-0.022595830714178308
2022-06-06,ALGO,,0.39426863723674443,1,0.024010579041297546
2022-06-06,ATOM,,0.054928625510464964,0,0.0
2022-06-06,AVAX,,0.5450843212110088,1,0.024748274605905063
2022-06-06,BCH,,-0.06672606281823729,0,0.0
2022-06-06,BNB,,-0.17506996938489236,-1,-0.04570795927468546
2022-06-06,BTC,,-0.36306671120418643,-1,-0.05344052043059611
2022-06-06,CAKE,,0.4589111080822026,1,0.032793575062295265
2022-06-06,CHZ,,-0.389845622592448,-1,-0.023229920725194426
2022-06-06,DASH,,-0.042456651468698293,0,0.0
2022-06-06,DEXE,,0.3124570097222358,1,0.026857816158756254
2022-06-06,DOGE,,0.07653159336955374,0,0.0
2022-06-06,DOT,,-0.03980038554880098,0,0.0
2022-06-06,ETC,,-0.4679930983873472,-1,-0.02217212219234399
2022-06-06,ETH,,-0.04141640899408155,0,0.0
2022-06-06,FET,,0.15887541830110577,0,0.0
2022-06-06,FIL,,0.3407412886105309,1,0.026206511780372387
2022-06-06,HBAR,,-0.14837876566111263,-1,-0.026364098960685655
2022-06-06,ICP,,-0.0920631943146266,-1,-0.03023350040169375
2022-06-06,JST,,-0.022262829033566706,0,0.0
2022-06-06,LINK,,-0.5210164482700161,-1,-0.024561220763300563
2022-06-06,LTC,,-0.14429343636222133,-1,-0.02898305264018733
2022-06-06,NEAR,,0.20169731925198414,1,0.015888566857192508
2022-06-06,NEXO,,0.2311198713623024,1,0.02598380695847325
2022-06-06,QNT,,0.1475739099596162,0,0.0
2022-06-06,SHIB,,0.5530854970915643,1,0.029123835288184192
2022-06-06,SOL,,0.23800624429673722,1,0.0437856410920557
2022-06-06,STX,,-0.06692815581422819,0,0.0
2022-06-06,TRX,,-0.010171883163807148,0,0.0
2022-06-06,UNI,,0.0210405780141518,0,0.0
2022-06-06,VET,,0.17659925757613776,1,0.03187158625272346
2022-06-06,XLM,,-0.4457826801600885,-1,-0.029827515823663543
2022-06-06,XRP,,0.08000520702384034,0,0.0
2022-06-06,ZEC,,0.23796152939102258,1,0.0437856410920557
2022-06-13,AAVE,,-0.6387539449736902,-1,-0.01894264462569723
2022-06-13,ADA,,-0.5678907431259698,-1,-0.02594580810606187
2022-06-13,ALGO,,0.49484240298953264,1,0.028999046050279587
2022-06-13,ATOM,,0.17273627769261488,1,0.03044255224711979
2022-06-13,AVAX,,0.6701569122320358,1,0.027251228330339064
2022-06-13,BCH,,-0.12229169810841459,-1,-0.04638866348601486
2022-06-13,BNB,,-0.11903101127362374,0,0.0
2022-06-13,BTC,,-0.296932971506864,-1,-0.03463893800202872
2022-06-13,CAKE,,0.3534023319375133,1,0.03285317860039688
2022-06-13,CHZ,,-0.3256989247864843,-1,-0.026131180863078324
2022-06-13,DASH,,0.07471967344578552,0,0.0
2022-06-13,DEXE,,0.007906525683289123,0,0.0
2022-06-13,DOGE,,0.19643656427824693,1,0.03055915679314181
2022-06-13,DOT,,0.02528203536461647,0,0.0
2022-06-13,ETC,,-0.38643955622060233,-1,-0.024738160338463534
2022-06-13,ETH,,-0.10101239620936685,0,0.0
2022-06-13,FET,,0.25406020890736003,1,0.02514522476296141
2022-06-13,FIL,,0.488219701507576,1,0.030470583453726684
2022-06-13,HBAR,,-0.03656386774208473,0,0.0
2022-06-13,ICP,,-0.017145405487184028,0,0.0
2022-06-13,JST,,-0.2411280546788463,-1,-0.029645161427853915
2022-06-13,LINK,,-0.476597289727668,-1,-0.026049360663582797
2022-06-13,LTC,,-0.42299349509583484,-1,-0.023106834854280965
2022-06-13,NEAR,,0.2988935376724581,1,0.020071818758997148
2022-06-13,NEXO,,0.16196056224623043,1,0.024392091557202063
2022-06-13,QNT,,-0.02485309394127684,0,0.0
2022-06-13,SHIB,,0.7109323956494572,1,0.03496191622389007
2022-06-13,SOL,,-0.10559427973181058,0,0.0
2022-06-13,STX,,-0.0697495201542761,0,0.0
2022-06-13,TRX,,-0.18498498073293262,-1,-0.03591438932250707
2022-06-13,UNI,,0.12002320101554988,0,0.0
2022-06-13,VET,,0.20019711056572864,1,0.039886463342653035
2022-06-13,XLM,,-0.39786646029194117,-1,-0.03353211843113828
2022-06-13,XRP,,0.14885510172271318,0,0.0
2022-06-13,ZEC,,0.15690315087816245,0,0.0
2022-06-20,AAVE,,-0.6470961071905422,-1,-0.017715089629593252
2022-06-20,ADA,,-0.2675843148993105,-1,-0.03486246068178057
2022-06-20,ALGO,,0.6195638251685073,1,0.037286718704525226
2022-06-20,ATOM,,-0.21711581386991016,-1,-0.026096799232218512
2022-06-20,AVAX,,0.1435605860016326,1,0.018343784064019104
2022-06-20,BCH,,-0.037033416883507586,0,0.0
2022-06-20,BNB,,-0.15143668501644253,-1,-0.03877787112306463
2022-06-20,BTC,,-0.14231706979729078,-1,-0.03800571176266736
2022-06-20,CAKE,,0.2868787637954735,1,0.027810182617387873
2022-06-20,CHZ,,-0.07612332393280773,0,0.0
2022-06-20,DASH,,0.028780690153159164,0,0.0
2022-06-20,DEXE,,0.20955097903011996,1,0.030710688152629315
2022-06-20,DOGE,,-0.16184736242919578,-1,-0.025794576457902896
2022-06-20,DOT,,0.09981508526852102,0,0.0
2022-06-20,ETC,,0.08256724804276679,0,0.0
2022-06-20,ETH,,-0.07065532343566004,0,0.0
2022-06-20,FET,,0.18746014579134218,1,0.024862090291668467
2022-06-20,FIL,,0.4212596343349407,1,0.03142960778325274
2022-06-20,HBAR,,0.133855886649559,1,0.027794480068705357
2022-06-20,ICP,,0.12846504545944973,0,0.0
2022-06-20,JST,,-0.18881240550117778,-1,-0.025732849922794492
2022-06-20,LINK,,-0.23303273003008126,-1,-0.03336868346158867
2022-06-20,LTC,,-0.16390466915810667,-1,-0.027997608127901683
2022-06-20,NEAR,,0.2010832704050893,1,0.01931186116059236
2022-06-20,NEXO,,0.3076741475286879,1,0.03113417172897926
2022-06-20,QNT,,0.04976211166377907,0,0.0
2022-06-20,SHIB,,-0.10730112170151068,0,0.0
2022-06-20,SOL,,-0.005530783493127634,0,0.0
2022-06-20,STX,,-0.11046886393446004,0,0.0
2022-06-20,TRX,,-0.02116058438492162,0,0.0
2022-06-20,UNI,,-0.3799540176934914,-1,-0.020288671608830855
2022-06-20,VET,,0.2657058572487943,1,0.03931760978936845
2022-06-20,XLM,,-0.20043561911186888,-1,-0.03809240122131825
2022-06-20,XRP,,0.12891191997582607,1,0.03873152886853296
2022-06-20,ZEC,,-0.11308498405422991,0,0.0
2022-06-27,AAVE,,-0.41610652865918973,-1,-0.01893904404263972
2022-06-27,ADA,,0.1107641449122281,1,0.04754646948606352
2022-06-27,ALGO,,0.5716045408132953,1,0.03316669277006948
2022-06-27,ATOM,,-0.18993161348208934,-1,-0.025565810055361352
2022-06-27,AVAX,,0.049102856095880734,0,0.0
2022-06-27,BCH,,0.10609895987747354,1,0.04573752958069236
2022-06-27,BNB,,-0.16059516144353242,-1,-0.038994070404468686
2022-06-27,BTC,,-0.07113768321141171,0,0.0
2022-06-27,CAKE,,0.3485640959245244,1,0.02327749709999014
2022-06-27,CHZ,,0.16709533168028923,1,0.025080420867544997
2022-06-27,DASH,,-0.10454728847234486,0,0.0
2022-06-27,DEXE,,0.05021543828485429,0,0.0
2022-06-27,DOGE,,-0.22277256487271088,-1,-0.024977187868402737
2022-06-27,DOT,,-0.05459941459826748,0,0.0
2022-06-27,ETC,,0.003672493641820844,0,0.0
2022-06-27,ETH,,-0.038179982734026834,0,0.0
2022-06-27,FET,,0.24281092264308202,1,0.02069795409697667
2022-06-27,FIL,,0.35304526188104296,1,0.025795676684711437
2022-06-27,HBAR,,0.1440812246989185,1,0.025296591847225113
2022-06-27,ICP,,0.10526297363992368,0,0.0
2022-06-27,JST,,-0.2341882547319877,-1,-0.027085346105097854
2022-06-27,LINK,,-0.0507776759749072,0,0.0
2022-06-27,LTC,,-0.23685224166309718,-1,-0.026753870044377136
2022-06-27,NEAR,,0.20760135723462714,1,0.016432426836167267
2022-06-27,NEXO,,0.42754852960243567,1,0.029910196369141752
2022-06-27,QNT,,-0.0578066519834615,0,0.0
2022-06-27,SHIB,,-0.14317572483076288,-1,-0.01884336453716598
2022-06-27,SOL,,-0.14318286807269723,-1,-0.02410319786211897
2022-06-27,STX,,-0.05577334349664418,0,0.0
2022-06-27,TRX,,0.09047546131459616,0,0.0
2022-06-27,UNI,,-0.5281070219242623,-1,-0.018509770228274925
2022-06-27,VET,,0.240250117162825,1,0.035016267860917626
2022-06-27,XLM,,-0.14742755308052113,-1,-0.04679771990668451
2022-06-27,XRP,,-0.045776124255588455,0,0.0
2022-06-27,ZEC,,-0.317256011920314,-1,-0.05738834244490844
2022-07-04,AAVE,,-0.2706074692472445,-1,-0.014662035843461024
2022-07-04,ADA,,-0.032914651681902884,0,0.0
2022-07-04,ALGO,,0.05458412299938338,0,0.0
2022-07-04,ATOM,,0.1235560267880343,1,0.027162516107497186
2022-07-04,AVAX,,0.3001143301092673,1,0.015656133603287464
2022-07-04,BCH,,0.04840382874509428,0,0.0
2022-07-04,BNB,,-0.1424349481957788,-1,-0.034568236406543565
2022-07-04,BTC,,-0.13601124624539407,-1,-0.02970576941877098
2022-07-04,CAKE,,-0.06710322861141522,0,0.0
2022-07-04,CHZ,,0.5594930690475053,1,0.052657070372818145
2022-07-04,DASH,,-0.034433004210019456,0,0.0
2022-07-04,DEXE,,0.005528720175841568,0,0.0
2022-07-04,DOGE,,-0.22805990395342463,-1,-0.031032758512099936
2022-07-04,DOT,,0.05728528943803096,1,0.03717393274221157
2022-07-04,ETC,,0.15991023855532124,1,0.03093539806732537
2022-07-04,ETH,,-0.029963792064956567,0,0.0
2022-07-04,FET,,0.27272818430137213,1,0.01718141291392138
2022-07-04,FIL,,0.2950559979046366,1,0.040946349283125134
2022-07-04,HBAR,,0.39566699822845225,1,0.04390552865139417
2022-07-04,ICP,,0.14279963342550248,1,0.02077558417504016
2022-07-04,JST,,-0.6086282635846867,-1,-0.02465164611482545
2022-07-04,LINK,,-0.04538062145511466,0,0.0
2022-07-04,LTC,,0.019354662927895585,0,0.0
2022-07-04,NEAR,,0.3470052268934555,1,0.02060722142168208
2022-07-04,NEXO,,0.30777440415475515,1,0.019179962697000893
2022-07-04,QNT,,-0.2755038195678729,-1,-0.017364521848973424
2022-07-04,SHIB,,-0.24203830375838617,-1,-0.02082662091259612
2022-07-04,SOL,,0.03443681148517642,0,0.0
2022-07-04,STX,,0.04250740802141193,0,0.0
2022-07-04,TRX,,-0.011111912006115453,0,0.0
2022-07-04,UNI,,-0.32477857454589315,-1,-0.018760520035552737
2022-07-04,VET,,-0.03669217322757035,0,0.0
2022-07-04,XLM,,-0.13489982637134418,-1,-0.05448298405878672
2022-07-04,XRP,,-0.3099731298014677,-1,-0.04529620429030948
2022-07-04,ZEC,,-0.23567008467254977,-1,-0.03482981259338402
2022-07-11,AAVE,,-0.010474018602626207,0,0.0
2022-07-11,ADA,,-0.21126081037963032,-1,-0.057107476854552176
2022-07-11,ALGO,,0.11298632633524533,1,0.03329195946150187
2022-07-11,ATOM,,-0.02084634178893239,0,0.0
2022-07-11,AVAX,,0.2998775962682124,1,0.013661108810823771
2022-07-11,BCH,,0.09677116031684226,1,0.04460808081226229
2022-07-11,BNB,,-0.06539379142116954,0,0.0
2022-07-11,BTC,,-0.09757302349648621,-1,-0.04702137742727296
2022-07-11,CAKE,,0.13893304660606867,1,0.03215651051830617
2022-07-11,CHZ,,0.3838543928080896,1,0.044736279060143956
2022-07-11,DASH,,-0.09518066518632959,0,0.0
2022-07-11,DEXE,,0.08044445787426018,0,0.0
2022-07-11,DOGE,,-0.3933463452515522,-1,-0.024070991231425837
2022-07-11,DOT,,0.0562207001355993,0,0.0
2022-07-11,ETC,,-0.10471773392899984,-1,-0.019747996052672294
2022-07-11,ETH,,0.03560350630935174,0,0.0
2022-07-11,FET,,0.5532981823517549,1,0.03244726605539751
2022-07-11,FIL,,0.285326091005314,1,0.03315568780557271
2022-07-11,HBAR,,0.29076407875436605,1,0.036937256248534486
2022-07-11,ICP,,0.08083471376102343,0,0.0
2022-07-11,JST,,-0.42627205738370255,-1,-0.03525647619614524
2022-07-11,LINK,,0.043907817740026604,0,0.0
2022-07-11,LTC,,0.17852699714388992,1,0.02979207664505351
2022-07-11,NEAR,,0.3245117282953566,1,0.019252647580923765
2022-07-11,NEXO,,0.40844564185278126,1,0.030780685257330027
2022-07-11,QNT,,-0.3426690132052035,-1,-0.013911749740051823
2022-07-11,SHIB,,-0.3560404681211967,-1,-0.01651038246366491
2022-07-11,SOL,,-0.011661423546342165,0,0.0
2022-07-11,STX,,-0.050751077371544384,0,0.0
2022-07-11,TRX,,0.08496010825907609,0,0.0
2022-07-11,UNI,,-0.3991556505113882,-1,-0.01549233975038867
2022-07-11,VET,,-0.08457828243608671,0,0.0
2022-07-11,XLM,,-0.1703369458913217,-1,-0.05451158552741864
2022-07-11,XRP,,-0.2977302653007072,-1,-0.035879404203831955
2022-07-11,ZEC,,-0.31727863199404066,-1,-0.03130977880842555
2022-07-18,AAVE,,-0.3150367721931837,-1,-0.01642389447039105
2022-07-18,ADA,,-0.2788082572244371,-1,-0.03490525951823137
2022-07-18,ALGO,,0.019746954360502233,0,0.0
2022-07-18,ATOM,,0.3706587068829891,1,0.041538441416265705
2022-07-18,AVAX,,0.41799349048873247,1,0.015794544579728214
2022-07-18,BCH,,-0.13871603368048963,-1,-0.029524757859811707
2022-07-18,BNB,,-0.011186241854902038,0,0.0
2022-07-18,BTC,,-0.04389102883988479,0,0.0
2022-07-18,CAKE,,0.3049243724516659,1,0.041846009868781814
2022-07-18,CHZ,,0.3618659756271882,1,0.04608096240494982
2022-07-18,DASH,,0.018803128006835253,0,0.0
2022-07-18,DEXE,,-0.04561994551384404,0,0.0
2022-07-18,DOGE,,0.08318029528178847,0,0.0
2022-07-18,DOT,,0.06354435487968352,0,0.0
2022-07-18,ETC,,-0.31567764003999177,-1,-0.015559351095631686
2022-07-18,ETH,,-0.05383761893581324,0,0.0
2022-07-18,FET,,0.5150593293934685,1,0.031210010454029515
2022-07-18,FIL,,0.21332053933811992,1,0.039231889298546714
2022-07-18,HBAR,,0.24079484855494823,1,0.02622623219851898
2022-07-18,ICP,,-0.3683177980774803,-1,-0.020668279618206515
2022-07-18,JST,,-0.18444388681715884,-1,-0.054027288113297
2022-07-18,LINK,,-0.04943383953777443,0,0.0
2022-07-18,LTC,,0.16348449645397364,1,0.030405869150022496
2022-07-18,NEAR,,0.21793587961420022,1,0.015434035475567648
2022-07-18,NEXO,,0.2855539327332581,1,0.02029925422009811
2022-07-18,QNT,,-0.8043709774905496,-1,-0.013037430324995842
2022-07-18,SHIB,,0.17129420190943628,1,0.0235495854429047
2022-07-18,SOL,,0.06663045188035296,0,0.0
2022-07-18,STX,,0.09861472209435791,0,0.0
2022-07-18,TRX,,0.05604392196201695,0,0.0
2022-07-18,UNI,,-0.3669502877479579,-1,-0.01986034626261192
2022-07-18,VET,,-0.031144686835946955,0,0.0
2022-07-18,XLM,,-0.054325668488418716,-1,-0.05097429460395537
2022-07-18,XRP,,-0.18170774293700986,-1,-0.04405240001046033
2022-07-18,ZEC,,-0.4259811756986789,-1,-0.03258353263182091
2022-07-25,AAVE,,-0.04972958317536652,0,0.0
2022-07-25,ADA,,-0.39341311162387527,-1,-0.030693182108220755
2022-07-25,ALGO,,-0.13451556985526988,-1,-0.04667377491416978
2022-07-25,ATOM,,0.14029889159255518,0,0.0
2022-07-25,AVAX,,0.49063519459680344,1,0.023425066384181854
2022-07-25,BCH,,-0.21285407892986805,-1,-0.027955270971501883
2022-07-25,BNB,,0.40491746615460295,1,0.03465849052760989
2022-07-25,BTC,,-0.022690348810005437,0,0.0
2022-07-25,CAKE,,0.12772675433538433,0,0.0
2022-07-25,CHZ,,0.19761089123420936,1,0.03309042200385273
2022-07-25,DASH,,0.2959421070352279,1,0.03465849052760989
2022-07-25,DEXE,,-0.03588956129340536,0,0.0
2022-07-25,DOGE,,0.01438489342780681,0,0.0
2022-07-25,DOT,,-0.0022299161057666265,0,0.0
2022-07-25,ETC,,-0.22851064434375737,-1,-0.013610268472425526
2022-07-25,ETH,,0.01190634565111624,0,0.0
2022-07-25,FET,,0.5572103119613604,1,0.03465849052760989
2022-07-25,FIL,,-1.0629302602268471,-1,-0.006553025758468461
2022-07-25,HBAR,,0.2534237622556808,1,0.03421031789477869
2022-07-25,ICP,,-0.35394875503062356,-1,-0.01249102225217192
2022-07-25,JST,,-0.24209301402063188,-1,-0.04667377491416978
2022-07-25,LINK,,-0.09091515094520305,-1,-0.04296931331751605
2022-07-25,LTC,,0.23325746449012758,1,0.03465849052760989
2022-07-25,NEAR,,0.164972074283646,1,0.014681134662405887
2022-07-25,NEXO,,0.2907468947531945,1,0.02244054114074543
2022-07-25,QNT,,-0.5268210956280025,-1,-0.011159959186667222
2022-07-25,SHIB,,0.14233305020977166,1,0.023936904598888517
2022-07-25,SOL,,0.31567076789289417,1,0.03465849052760989
2022-07-25,STX,,-0.03398174426529601,0,0.0
2022-07-25,TRX,,0.11204549383625179,0,0.0
2022-07-25,UNI,,-0.05937589642720862,0,0.0
2022-07-25,VET,,-0.025364390376297587,0,0.0
2022-07-25,XLM,,-0.06328752525921551,-1,-0.04667377491416978
2022-07-25,XRP,,0.016301169105265547,0,0.0
2022-07-25,ZEC,,-0.23083288649925862,-1,-0.03962347251342142
2022-08-01,AAVE,,0.3327199803216743,1,0.03602291871406607
2022-08-01,ADA,,-0.3034656255130327,-1,-0.03840245101191088
2022-08-01,ALGO,,-0.02794672904857536,0,0.0
2022-08-01,ATOM,,-0.13230412012537718,-1,-0.05792690161651972
2022-08-01,AVAX,,0.3979356125440933,1,0.022185184280672534
2022-08-01,BCH,,-0.10434855387338017,-1,-0.03488384274015831
2022-08-01,BNB,,0.30974719616698704,1,0.03602291871406607
2022-08-01,BTC,,-0.019651538957061086,0,0.0
2022-08-01,CAKE,,0.44182615721906554,1,0.031766164139160225
2022-08-01,CHZ,,-0.3157060965652661,-1,-0.026688463910575045
2022-08-01,DASH,,0.3052749872466942,1,0.03602291871406607
2022-08-01,DEXE,,0.14010431705982548,0,0.0
2022-08-01,DOGE,,-0.18977615085230073,-1,-0.05281557149643421
2022-08-01,DOT,,-0.11958450060232402,-1,-0.03859470052892586
2022-08-01,ETC,,-0.4821101938284493,-1,-0.017659827301127234
2022-08-01,ETH,,-0.020018553163606345,0,0.0
2022-08-01,FET,,0.7133428336728798,1,0.03602291871406607
2022-08-01,FIL,,-1.2714966002758115,-1,-0.007577997812734925
2022-08-01,HBAR,,-0.1420040051864938,-1,-0.05421013394932747
2022-08-01,ICP,,-0.6608176575130613,-1,-0.01364024291501428
2022-08-01,JST,,0.02388933424889572,0,0.0
2022-08-01,LINK,,-0.0260087916927664,0,0.0
2022-08-01,LTC,,-0.04891783269427141,0,0.0
2022-08-01,NEAR,,-0.1524179283946719,-1,-0.022317524469777764
2022-08-01,NEXO,,0.46016663659012025,1,0.02345454913162059
2022-08-01,QNT,,-0.10310409317761099,0,0.0
2022-08-01,SHIB,,0.20091705532413034,1,0.03515132920258981
2022-08-01,SOL,,0.1600734917737752,1,0.03602291871406607
2022-08-01,STX,,0.013874253092326594,0,0.0
2022-08-01,TRX,,0.27243570870063466,1,0.03602291871406607
2022-08-01,UNI,,0.23919406470413954,1,0.03602291871406607
2022-08-01,VET,,0.049192794789198066,0,0.0
2022-08-01,XLM,,0.003903520748568908,0,0.0
2022-08-01,XRP,,-0.06411004973779504,0,0.0
2022-08-01,ZEC,,0.11919107699884551,0,0.0
2022-08-08,AAVE,,0.48961390757544826,1,0.034682472720500734
2022-08-08,ADA,,-0.055355999345027364,0,0.0
2022-08-08,ALGO,,0.1994188361922923,1,0.034682472720500734
2022-08-08,ATOM,,-0.33549985935564364,-1,-0.04819727536282028
2022-08-08,AVAX,,0.5711468016897315,1,0.018513960999654074
2022-08-08,BCH,,-0.32427925403103897,-1,-0.026040009080437628
2022-08-08,BNB,,-0.12703093861977763,0,0.0
2022-08-08,BTC,,-0.07092968239380297,0,0.0
2022-08-08,CAKE,,-0.1599216999162491,-1,-0.029473632967987193
2022-08-08,CHZ,,-0.36027677209561265,-1,-0.025519515136488053
2022-08-08,DASH,,0.6275184804234949,1,0.034682472720500734
2022-08-08,DEXE,,-0.14323458134480277,-1,-0.04287978668682262
2022-08-08,DOGE,,-0.03722815394939449,0,0.0
2022-08-08,DOT,,0.12668779783336429,0,0.0
2022-08-08,ETC,,-0.3455953193634891,-1,-0.013190178320932442
2022-08-08,ETH,,0.07675416499905306,0,0.0
2022-08-08,FET,,-0.006645374413724491,0,0.0
2022-08-08,FIL,,-1.1747640668903718,-1,-0.006078124248126568
2022-08-08,HBAR,,0.07936697609424288,0,0.0
2022-08-08,ICP,,-0.5360712279319927,-1,-0.011232114827168701
2022-08-08,JST,,-0.2677571667485837,-1,-0.04819727536282028
2022-08-08,LINK,,0.1699170478514188,1,0.034682472720500734
2022-08-08,LTC,,0.4253093230916425,1,0.034682472720500734
2022-08-08,NEAR,,0.1671173027233139,1,0.01538404980391607
2022-08-08,NEXO,,0.024340089314321425,0,0.0
2022-08-08,QNT,,-0.11093458232653294,0,0.0
2022-08-08,SHIB,,-0.11488603992935183,0,0.0
2022-08-08,SOL,,0.5757229258622439,1,0.028279403905102477
2022-08-08,STX,,-0.16383593632090782,-1,-0.034912117535833787
2022-08-08,TRX,,-0.2025428730421347,-1,-0.04819727536282028
2022-08-08,UNI,,0.3152138312824182,1,0.028962581140080088
2022-08-08,VET,,0.05549520763265262,0,0.0
2022-08-08,XLM,,0.17626001764382448,1,0.034682472720500734
2022-08-08,XRP,,0.040390636362496055,0,0.0
2022-08-08,ZEC,,0.4165161814464825,1,0.034682472720500734
2022-08-15,AAVE,,0.1363106620611511,1,0.029124274538566943
2022-08-15,ADA,,0.1548934844667873,1,0.0326538852000773
2022-08-15,ALGO,,0.198740634553772,1,0.03988715716359459
2022-08-15,ATOM,,-0.036402388013256126,0,0.0
2022-08-15,AVAX,,0.20162620308281978,1,0.025733001797683116
2022-08-15,BCH,,0.028233386560068272,0,0.0
2022-08-15,BNB,,-0.08333141524657957,-1,-0.039616030214271944
2022-08-15,BTC,,-0.11242394592898287,-1,-0.047117618298592345
2022-08-15,CAKE,,-0.1256241114322374,-1,-0.030872538740438688
2022-08-15,CHZ,,-0.0950009796012004,-1,-0.038150196145637374
2022-08-15,DASH,,0.08699092487873153,0,0.0
2022-08-15,DEXE,,0.1281385737158704,1,0.033576895073680245
2022-08-15,DOGE,,-0.003530618057346693,0,0.0
2022-08-15,DOT,,0.030640358114363827,0,0.0
2022-08-15,ETC,,-0.24985183581712006,-1,-0.013669762965814083
2022-08-15,ETH,,0.11343135658100276,1,0.029921105442723573
2022-08-15,FET,,-0.06451321779537492,0,0.0
2022-08-15,FIL,,-0.741577264784401,-1,-0.00794739428353307
2022-08-15,HBAR,,0.05614262819966341,0,0.0
2022-08-15,ICP,,-0.1681656015950901,-1,-0.014348318450356237
2022-08-15,JST,,-0.4474660481950916,-1,-0.035902576314181506
2022-08-15,LINK,,0.10488644776575712,1,0.028417128805135826
2022-08-15,LTC,,-0.0023991054737331438,0,0.0
2022-08-15,NEAR,,0.2610519877607162,1,0.01989018937550577
2022-08-15,NEXO,,-0.10478792451169193,-1,-0.01890343152632175
2022-08-15,QNT,,-0.0679324513884684,-1,-0.024637247765043623
2022-08-15,SHIB,,0.08832508700696813,0,0.0
2022-08-15,SOL,,0.3359569544984221,1,0.030324885118658464
2022-08-15,STX,,0.16508652118113354,1,0.0293246944039649
2022-08-15,TRX,,-0.07418472639991698,-1,-0.054462684352551693
2022-08-15,UNI,,0.22984516796786833,1,0.02677458213715157
2022-08-15,VET,,0.0739194909302119,0,0.0
2022-08-15,XLM,,-0.05059312229466853,0,0.0
2022-08-15,XRP,,-0.06177890445127229,0,0.0
2022-08-15,ZEC,,0.09534379166111365,0,0.0
2022-08-22,AAVE,,0.16767772516792814,1,0.023626910062762598
2022-08-22,ADA,,0.13654132945069858,1,0.0244408456294931
2022-08-22,ALGO,,0.21025407123970782,1,0.028994579822226932
2022-08-22,ATOM,,0.009221010351891202,0,0.0
2022-08-22,AVAX,,-0.034578071658012376,0,0.0
2022-08-22,BCH,,0.17188169686304555,1,0.041878702222865695
2022-08-22,BNB,,-0.16855567780072425,-1,-0.034469379800966
2022-08-22,BTC,,-0.14960236335246208,-1,-0.044686334772175325
2022-08-22,CAKE,,-0.030734088473886617,0,0.0
2022-08-22,CHZ,,-0.2645862429285723,-1,-0.037378018521767975
2022-08-22,DASH,,0.13452278113472338,1,0.031666178155312114
2022-08-22,DEXE,,0.006977535178280765,0,0.0
2022-08-22,DOGE,,-0.25025512772629344,-1,-0.022560802829157664
2022-08-22,DOT,,0.19337074839060586,1,0.0311010992443727
2022-08-22,ETC,,0.1426302301827621,1,0.022167262732348172
2022-08-22,ETH,,-0.06810910092856541,-1,-0.024868077538864653
2022-08-22,FET,,-0.04349800057542338,0,0.0
2022-08-22,FIL,,0.5407545865923239,1,0.04253346703665303
2022-08-22,HBAR,,0.05296067315522528,0,0.0
2022-08-22,ICP,,0.5089059305484473,1,0.035978717368310174
2022-08-22,JST,,-0.4930907599173426,-1,-0.033332392429264196
2022-08-22,LINK,,0.020101309112386643,0,0.0
2022-08-22,LTC,,0.07200279992543134,0,0.0
2022-08-22,NEAR,,0.04886459874967186,0,0.0
2022-08-22,NEXO,,-0.5417978132345931,-1,-0.01818625101853902
2022-08-22,QNT,,-0.1802305784222661,-1,-0.019663881006437463
2022-08-22,SHIB,,-0.4250038856479793,-1,-0.012636811037314382
2022-08-22,SOL,,0.16939506306295332,1,0.021229122587177435
2022-08-22,STX,,0.09661388338061139,0,0.0
2022-08-22,TRX,,-0.0511947617593809,0,0.0
2022-08-22,UNI,,0.23440061860113995,1,0.021412716536465277
2022-08-22,VET,,-0.062391941565952465,-1,-0.023053875991597996
2022-08-22,XLM,,-0.044672720831444496,0,0.0
2022-08-22,XRP,,-0.10586402838546413,-1,-0.054193776451902556
2022-08-22,ZEC,,-0.0029114278794706724,0,0.0
2022-08-29,AAVE,,0.08520174197790037,0,0.0
2022-08-29,ADA,,-0.0251133812338272,0,0.0
2022-08-29,ALGO,,0.1987568881311052,1,0.028936660840517592
2022-08-29,ATOM,,-0.21694782066720766,-1,-0.025240065145865485
2022-08-29,AVAX,,0.29218690509578105,1,0.027976948059545533
2022-08-29,BCH,,0.16544176606018623,1,0.04120616376684303
2022-08-29,BNB,,0.06748667744683061,0,0.0
2022-08-29,BTC,,-0.14715859024595962,-1,-0.04206200367090103
2022-08-29,CAKE,,0.13728346784137974,0,0.0
2022-08-29,CHZ,,-0.4451383506442546,-1,-0.040729785992446074
2022-08-29,DASH,,0.12069797406722141,0,0.0
2022-08-29,DEXE,,-0.42263747472676993,-1,-0.01726314208822245
2022-08-29,DOGE,,-0.3293989365317713,-1,-0.022638289074531723
2022-08-29,DOT,,0.1442454190613906,1,0.030194196559616086
2022-08-29,ETC,,0.11965744730965663,0,0.0
2022-08-29,ETH,,-0.09900833544390171,-1,-0.022236237820295796
2022-08-29,FET,,0.08916028837155439,0,0.0
2022-08-29,FIL,,0.31633398898871784,1,0.02384704246818528
2022-08-29,HBAR,,0.011411683904166496,0,0.0
2022-08-29,ICP,,0.3607924920664044,1,0.03105997996999003
2022-08-29,JST,,-0.42316124196787136,-1,-0.03951620451685719
2022-08-29,LINK,,-0.03472493707349722,0,0.0
2022-08-29,LTC,,-0.05597788826609413,-1,-0.03108020981571991
2022-08-29,NEAR,,0.1711136122278368,1,0.018098333372432603
2022-08-29,NEXO,,-0.601006719221362,-1,-0.018168863328915333
2022-08-29,QNT,,0.26585240094387874,1,0.042245475552059764
2022-08-29,SHIB,,-0.5391290971617109,-1,-0.012657315583771827
2022-08-29,SOL,,0.10667539133850218,0,0.0
2022-08-29,STX,,0.2704219682231376,1,0.030658044338982622
2022-08-29,TRX,,0.0035933437010173576,0,0.0
2022-08-29,UNI,,0.15045329658028303,1,0.020875734441837216
2022-08-29,VET,,0.1761599669485386,1,0.02998502958621425
2022-08-29,XLM,,0.03052075003115449,0,0.0
2022-08-29,XRP,,-0.046482748056075884,-1,-0.05349149191869718
2022-08-29,ZEC,,0.10243805092366452,0,0.0
2022-09-05,AAVE,,-0.03558328248801065,0,0.0
2022-09-05,ADA,,-0.23326104733643413,-1,-0.022738626897059872
2022-09-05,ALGO,,-0.019027353616633075,0,0.0
2022-09-05,ATOM,,-0.45187859257190244,-1,-0.02221480646902767
2022-09-05,AVAX,,0.22233045729749087,1,0.02087400013719486
2022-09-05,BCH,,0.06641476415796374,0,0.0
2022-09-05,BNB,,0.20169270881193566,1,0.047846707752093605
2022-09-05,BTC,,-0.1050823102793101,-1,-0.03557081109070724
2022-09-05,CAKE,,0.11257140059105926,0,0.0
2022-09-05,CHZ,,-0.4363272811245504,-1,-0.05247381196930425
2022-09-05,DASH,,0.07207168830196867,0,0.0
2022-09-05,DEXE,,-0.6511200590407882,-1,-0.016471575407934924
2022-09-05,DOGE,,0.20067730541991838,1,0.03502433745599854
2022-09-05,DOT,,0.1427034202644719,0,0.0
2022-09-05,ETC,,-0.10311467819281826,-1,-0.02117249791747729
2022-09-05,ETH,,-0.0359492593173033,0,0.0
2022-09-05,FET,,-0.10892097234960012,-1,-0.026306786588968446
2022-09-05,FIL,,0.17906403925283473,1,0.020238262328057553
2022-09-05,HBAR,,0.17005951673915598,1,0.04069963684811671
2022-09-05,ICP,,0.2934891987195479,1,0.02425816640570505
2022-09-05,JST,,-0.27648599691454145,-1,-0.04278121137451904
2022-09-05,LINK,,-0.1664427535092188,-1,-0.020419490527139053
2022-09-05,LTC,,-0.23020412292915599,-1,-0.03161013026063109
2022-09-05,NEAR,,0.0455685659800347,0,0.0
2022-09-05,NEXO,,-0.3116146690121096,-1,-0.03331784806835906
2022-09-05,QNT,,0.09354393344293242,0,0.0
2022-09-05,SHIB,,0.371509493313607,1,0.0230173130151942
2022-09-05,SOL,,0.21210530257621507,1,0.020866163358467135
2022-09-05,STX,,0.2515215895107263,1,0.024020016837312648
2022-09-05,TRX,,0.09482434270505326,0,0.0
2022-09-05,UNI,,0.008669444532805722,0,0.0
2022-09-05,VET,,0.21015776040250717,1,0.0270985971576603
2022-09-05,XLM,,0.04355325936370104,0,0.0
2022-09-05,XRP,,0.0032276328499685958,0,0.0
2022-09-05,ZEC,,0.16925655444848023,1,0.041134395275327314
2022-09-12,AAVE,,-0.13767368004475608,-1,-0.026065980951309676
2022-09-12,ADA,,-0.15502377089383923,-1,-0.02910703289218678
2022-09-12,ALGO,,0.02158243595638932,0,0.0
2022-09-12,ATOM,,-0.5701660726181984,-1,-0.02521199062237121
2022-09-12,AVAX,,0.12170601471987468,1,0.019241143155376565
2022-09-12,BCH,,-0.07377294318374512,0,0.0
2022-09-12,BNB,,0.09262346234763276,0,0.0
2022-09-12,BTC,,-0.1795234269058351,-1,-0.03930229119305662
2022-09-12,CAKE,,0.02227943517631287,0,0.0
2022-09-12,CHZ,,0.022473254399493416,0,0.0
2022-09-12,DASH,,-0.011608685230588667,0,0.0
2022-09-12,DEXE,,-0.42041049047623846,-1,-0.019337403091983493
2022-09-12,DOGE,,0.26547082462681865,1,0.04076519555764753
2022-09-12,DOT,,0.044183770518641516,0,0.0
2022-09-12,ETC,,-0.23214171796208488,-1,-0.020907405207379506
2022-09-12,ETH,,-0.08469560888172309,-1,-0.021189427255825614
2022-09-12,FET,,-0.21316702899597081,-1,-0.02636652203601488
2022-09-12,FIL,,0.18043770428786046,1,0.021073204137729888
2022-09-12,HBAR,,0.15689157752804914,1,0.04069131773193502
2022-09-12,ICP,,0.17485867474898803,1,0.023528875364196334
2022-09-12,JST,,-0.32463122448540166,-1,-0.05140129766997734
2022-09-12,LINK,,-0.00436354551796133,0,0.0
2022-09-12,LTC,,-0.2672738713156003,-1,-0.030699786533801555
2022-09-12,LUNC,,0.07764806054663949,0,0.0
2022-09-12,NEAR,,-0.0031814471918741897,0,0.0
2022-09-12,NEXO,,-0.22071792635906257,-1,-0.03542451875025248
2022-09-12,QNT,,0.11223266744455064,0,0.0
2022-09-12,SHIB,,0.33134653051370805,1,0.022742903661905484
2022-09-12,SOL,,0.2753844521815815,1,0.02267970079214769
2022-09-12,STX,,0.20982157685875627,1,0.02473537697084541
2022-09-12,TRX,,0.1113992878565629,0,0.0
2022-09-12,UNI,,0.02302426519423506,0,0.0
2022-09-12,VET,,0.23382077580947042,1,0.029917127640326332
2022-09-12,XLM,,0.08992941747296654,0,0.0
2022-09-12,XRP,,0.20421510517576474,1,0.0494656239327896
2022-09-12,ZEC,,0.12702214669857564,1,0.03017318725925937
2022-09-19,AAVE,,-0.08662230082346942,-1,-0.02567940058754226
2022-09-19,ADA,,-0.12061217614562847,-1,-0.029713443262604826
2022-09-19,ALGO,,-0.5023532764597055,-1,-0.02024705260622348
2022-09-19,ATOM,,-0.7284875633444475,-1,-0.022562494136303367
2022-09-19,AVAX,,0.23466934292137312,1,0.022608132548528715
2022-09-19,BCH,,-0.08215912028453777,0,0.0
2022-09-19,BNB,,0.11401963258715864,0,0.0
2022-09-19,BTC,,-0.2501482845878329,-1,-0.04214780052909634
2022-09-19,CAKE,,0.061583665201532564,0,0.0
2022-09-19,CHZ,,0.017986888967282396,0,0.0
2022-09-19,DASH,,0.023566129922051014,0,0.0
2022-09-19,DEXE,,0.11160901567513126,0,0.0
2022-09-19,DOGE,,0.26787060604962143,1,0.0404258339213364
2022-09-19,DOT,,0.002017209911965661,0,0.0
2022-09-19,ETC,,-0.22966736669531831,-1,-0.020410701600398668
2022-09-19,ETH,,-0.0708445779905177,0,0.0
2022-09-19,FET,,-0.19614739117932797,-1,-0.02905560078158232
2022-09-19,FIL,,0.2764892079467508,1,0.021251693564866725
2022-09-19,HBAR,,0.17578728473298022,1,0.04419353663097892
2022-09-19,ICP,,0.15524965772482233,1,0.023370628571641152
2022-09-19,JST,,-0.3349005674087939,-1,-0.05164700948288747
2022-09-19,LINK,,0.1259496129171643,0,0.0
2022-09-19,LTC,,-0.2384797982283643,-1,-0.02983681757968921
2022-09-19,LUNC,,0.08043685886501452,0,0.0
2022-09-19,NEAR,,-0.03710082448368133,0,0.0
2022-09-19,NEXO,,-0.14581143503317057,-1,-0.0328680899484424
2022-09-19,QNT,,0.35021766990397335,1,0.033048120105313765
2022-09-19,SHIB,,0.4149693575206988,1,0.023670381178816424
2022-09-19,SOL,,0.4006946756544698,1,0.03172782527919364
2022-09-19,STX,,0.21926741154555113,1,0.026849254533829272
2022-09-19,TRX,,0.03271658432014672,0,0.0
2022-09-19,UNI,,0.23300339473908394,1,0.02361220578973982
2022-09-19,VET,,0.22848466471677914,1,0.03434314676609533
2022-09-19,XLM,,0.10991767647133618,0,0.0
2022-09-19,XRP,,-0.7578985488103815,-1,-0.020932348375569884
2022-09-19,ZEC,,0.14472668318029208,0,0.0
2022-09-26,AAVE,,0.1915786690663623,1,0.024855224244422623
2022-09-26,ADA,,0.2215690751041907,1,0.04370925775943252
2022-09-26,ALGO,,-0.8128863274513632,-1,-0.017198753728005892
2022-09-26,ATOM,,-0.6258691423138028,-1,-0.022775287412665646
2022-09-26,AVAX,,0.1658742045298113,0,0.0
2022-09-26,BCH,,-0.10517072023841692,-1,-0.03371016192963534
2022-09-26,BNB,,0.06604669021450134,0,0.0
2022-09-26,BTC,,-0.275381959673025,-1,-0.04038536026031692
2022-09-26,CAKE,,-0.14017125440625572,-1,-0.043773195222770366
2022-09-26,CHZ,,-0.34662961988466146,-1,-0.02680178894190732
2022-09-26,DASH,,0.11697975290158688,0,0.0
2022-09-26,DEXE,,0.30327634443688106,1,0.033020100484363185
2022-09-26,DOGE,,0.10260945810688565,0,0.0
2022-09-26,DOT,,0.1067542959270043,0,0.0
2022-09-26,ETC,,-0.20644598201540248,-1,-0.019777190943037266
2022-09-26,ETH,,0.038120015642254715,0,0.0
2022-09-26,FET,,-0.2273453180834346,-1,-0.028788863325889518
2022-09-26,FIL,,0.31079364835728046,1,0.02335374765348664
2022-09-26,HBAR,,-0.026405528700773142,0,0.0
2022-09-26,ICP,,0.19616578809188065,1,0.02400149945028112
2022-09-26,JST,,-0.352978953848697,-1,-0.04286922821035577
2022-09-26,LINK,,-0.10410358478933354,-1,-0.03403107929780113
2022-09-26,LTC,,0.07865243555819826,0,0.0
2022-09-26,LUNC,,0.07564712968141762,0,0.0
2022-09-26,NEAR,,0.05247552809614485,0,0.0
2022-09-26,NEXO,,-0.019587888078473743,0,0.0
2022-09-26,QNT,,0.4365580657547017,1,0.03130928883621732
2022-09-26,SHIB,,0.5596551015085787,1,0.02664574800533736
2022-09-26,SOL,,0.33554716004100255,1,0.03137300983759321
2022-09-26,STX,,0.1977275642555836,1,0.027394407017000768
2022-09-26,TRX,,0.09144847892124662,0,0.0
2022-09-26,UNI,,0.44399832001129563,1,0.02402512277079436
2022-09-26,VET,,0.3116227001025824,1,0.037448249128770976
2022-09-26,XLM,,-0.03809518734735721,0,0.0
2022-09-26,XRP,,-1.1874831360218394,-1,-0.01702474591531483
2022-09-26,ZEC,,0.06545417654344306,0,0.0
2022-10-03,AAVE,,0.29790135668157075,1,0.03174200572103331
2022-10-03,ADA,,0.09295204721795355,0,0.0
2022-10-03,ALGO,,-0.5782755549194196,-1,-0.015896504779864727
2022-10-03,ATOM,,-0.030154511510538582,0,0.0
2022-10-03,AVAX,,0.30401065390320703,1,0.0331315479509234
2022-10-03,BCH,,-0.06524832754508728,0,0.0
2022-10-03,BNB,,-0.3649489474921129,-1,-0.05124514158962772
2022-10-03,BTC,,-0.38488173496888306,-1,-0.053730991512177737
2022-10-03,CAKE,,-0.2922801511621865,-1,-0.052273539515773
2022-10-03,CHZ,,-0.3029996030249796,-1,-0.025676952808113024
2022-10-03,DASH,,-0.008211490804986232,0,0.0
2022-10-03,DEXE,,0.20489858594870394,1,0.05438018582797079
2022-10-03,DOGE,,-0.02003719159616626,0,0.0
2022-10-03,DOT,,0.08358320907188609,0,0.0
2022-10-03,ETC,,0.3723242397234843,1,0.03335159997542217
2022-10-03,ETH,,0.16518477194628878,0,0.0
2022-10-03,FET,,0.059672136827560236,0,0.0
2022-10-03,FIL,,0.487514190159183,1,0.03083996135962714
2022-10-03,HBAR,,-0.08824460875075235,0,0.0
2022-10-03,ICP,,0.27472256859305355,1,0.03739842729317968
2022-10-03,JST,,-0.37964472500671237,-1,-0.042161746510667626
2022-10-03,LINK,,0.04480559174077561,0,0.0
2022-10-03,LTC,,-0.09223223305266572,-1,-0.0384097409118469
2022-10-03,LUNC,,-1.0653954169341358,-1,-0.006688169800357153
2022-10-03,NEAR,,0.5850510210715872,1,0.038936817541777836
2022-10-03,NEXO,,-0.04913980356418645,0,0.0
2022-10-03,QNT,,0.4716712898352422,1,0.03352564897079041
2022-10-03,SHIB,,0.5064763606741861,1,0.03485666069377123
2022-10-03,SOL,,0.2954551666189184,1,0.050819510172177555
2022-10-03,STX,,0.14783849023830595,0,0.0
2022-10-03,TRX,,-0.31097916840264545,-1,-0.06452942365154853
2022-10-03,UNI,,0.3892946778486458,1,0.030037630102297014
2022-10-03,VET,,0.171312894252058,0,0.0
2022-10-03,XLM,,-0.18873118292581503,-1,-0.04263803073271149
2022-10-03,XRP,,-0.7248694397006245,-1,-0.015769753796282704
2022-10-03,ZEC,,-0.008395160990711465,0,0.0
2022-10-10,AAVE,,0.4815121871364111,1,0.033760742814763586
2022-10-10,ADA,,-0.1398265704855946,0,0.0
2022-10-10,ALGO,,-0.712287568029646,-1,-0.012205775752085615
2022-10-10,ATOM,,-0.1258764267245571,0,0.0
2022-10-10,AVAX,,0.3857583387925234,1,0.03298444633158159
2022-10-10,BCH,,-0.003122618281590417,0,0.0
2022-10-10,BNB,,-0.11719487964455483,0,0.0
2022-10-10,BTC,,-0.1555935004185441,-1,-0.04719225029446697
2022-10-10,CAKE,,-0.21348171544531647,-1,-0.04719225029446697
2022-10-10,CHZ,,-0.21866606343549239,-1,-0.01834600336531021
2022-10-10,DASH,,0.11601041377086459,0,0.0
2022-10-10,DEXE,,0.34499937015082843,1,0.033760742814763586
2022-10-10,DOGE,,-0.1576689311463077,-1,-0.04095989071932587
2022-10-10,DOT,,0.12041803188762505,0,0.0
2022-10-10,ETC,,0.36981277110723587,1,0.02770609501132366
2022-10-10,ETH,,0.563856354847131,1,0.033760742814763586
2022-10-10,FET,,0.28599122894666024,1,0.033760742814763586
2022-10-10,FIL,,0.31885155099136303,1,0.02507413985402887
2022-10-10,HBAR,,-0.03586515395458708,0,0.0
2022-10-10,ICP,,0.17090968076921825,0,0.0
2022-10-10,JST,,-0.44881609804583517,-1,-0.04719225029446697
2022-10-10,LINK,,-0.21702769379842768,-1,-0.028993352179284514
2022-10-10,LTC,,0.03803167077640017,0,0.0
2022-10-10,LUNC,,-1.3063782120248417,-1,-0.005408181720317345
2022-10-10,NEAR,,0.28878268778524663,1,0.025873038561973354
2022-10-10,NEXO,,0.008850567164019057,0,0.0
2022-10-10,QNT,,0.49642561594533974,1,0.02688067347568837
2022-10-10,SHIB,,0.37888823387105935,1,0.033760742814763586
2022-10-10,SOL,,0.20737349203938793,0,0.0
2022-10-10,STX,,-0.011594165466140668,0,0.0
2022-10-10,TRX,,-0.16635058725103055,-1,-0.04719225029446697
2022-10-10,UNI,,0.3278050040376005,1,0.021361656184724187
2022-10-10,VET,,0.16455677974503818,0,0.0
2022-10-10,XLM,,-0.34379974169558536,-1,-0.023794264075480576
2022-10-10,XRP,,-0.8250676569094675,-1,-0.010207294503465974
2022-10-10,ZEC,,0.12978360299356606,0,0.0
2022-10-17,AAVE,,0.2806832370186597,1,0.02086610016875187
2022-10-17,ADA,,-0.12544760026727347,-1,-0.03822781361126327
2022-10-17,ALGO,,-0.11879072498223885,-1,-0.043877251522556865
2022-10-17,ATOM,,-0.1626517181453989,-1,-0.018830141548449596
2022-10-17,AVAX,,0.4118424016542078,1,0.03448006807559902
2022-10-17,BCH,,0.024356216591867857,0,0.0
2022-10-17,BNB,,0.00934420981419136,0,0.0
2022-10-17,BTC,,0.004304776360537178,0,0.0
2022-10-17,CAKE,,-0.2105744929313911,-1,-0.043877251522556865
2022-10-17,CHZ,,-0.08001736478717135,0,0.0
2022-10-17,DASH,,0.03596917950912639,0,0.0
2022-10-17,DEXE,,0.3471875809338622,1,0.03493661806024876
2022-10-17,DOGE,,-0.08972966016122323,0,0.0
2022-10-17,DOT,,-0.005966703055531321,0,0.0
2022-10-17,ETC,,0.316939792663448,1,0.02446308535311592
2022-10-17,ETH,,0.5720252818287291,1,0.03493661806024876
2022-10-17,FET,,0.016483739871011906,0,0.0
2022-10-17,FIL,,0.35781112088208533,1,0.03493661806024876
2022-10-17,HBAR,,-0.10976949896112934,0,0.0
2022-10-17,ICP,,0.16819546818294134,1,0.023664709298928794
2022-10-17,JST,,-0.31795140204201155,-1,-0.043877251522556865
2022-10-17,LINK,,-0.2974661491639208,-1,-0.030051016129691726
2022-10-17,LTC,,0.1117933917689429,0,0.0
2022-10-17,LUNC,,-0.7785260039213754,-1,-0.00550762976568614
2022-10-17,NEAR,,0.2503200007154385,1,0.02475001356515327
2022-10-17,NEXO,,0.11118891323894328,0,0.0
2022-10-17,QNT,,-0.4608212778534542,-1,-0.014526442408170139
2022-10-17,SHIB,,0.36369482256480495,1,0.03493661806024876
2022-10-17,SOL,,-0.022512603593202663,0,0.0
2022-10-17,STX,,-0.032633524679935896,0,0.0
2022-10-17,TRX,,-0.15435973294722882,-1,-0.043877251522556865
2022-10-17,UNI,,0.12761540691227888,1,0.022120136205862426
2022-10-17,VET,,0.08658641322136512,0,0.0
2022-10-17,XLM,,-0.3278081301453553,-1,-0.026017752929537917
2022-10-17,XRP,,-0.5050771774278561,-1,-0.016357400485628816
2022-10-17,ZEC,,0.2037618113332528,1,0.03493661806024876
2022-10-24,AAVE,,-0.06932418539216055,0,0.0
2022-10-24,ADA,,-0.14607874903703771,-1,-0.025017895585744236
2022-10-24,ALGO,,-0.1571439670025631,-1,-0.02853518725708793
2022-10-24,APT,,0.19992411634485013,1,0.02680847301385123
2022-10-24,ATOM,,-0.05598976343944483,0,0.0
2022-10-24,AVAX,,0.40114524723198003,1,0.026611651835574273
2022-10-24,BCH,,0.08767433492691908,0,0.0
2022-10-24,BNB,,-0.044638670267789275,0,0.0
2022-10-24,BTC,,0.045943396202415894,0,0.0
2022-10-24,CAKE,,-0.0731221867617873,0,0.0
2022-10-24,CHZ,,-0.21010666547912674,-1,-0.016163767815779904
2022-10-24,DASH,,0.020517362073980687,0,0.0
2022-10-24,DEXE,,-0.019854128374686426,0,0.0
2022-10-24,DOGE,,-1.369047153020755,-1,-0.0053244684669818704
2022-10-24,DOT,,0.07477826097566324,0,0.0
2022-10-24,ETC,,0.313687302287878,1,0.024376690288499602
2022-10-24,ETH,,0.468242675021598,1,0.026901554746890054
2022-10-24,FET,,0.05059209672886312,0,0.0
2022-10-24,FIL,,0.40948808552173777,1,0.04087589615684388
2022-10-24,HBAR,,-0.1695836929339476,-1,-0.050398480940231555
2022-10-24,ICP,,0.1710557959465984,0,0.0
2022-10-24,JST,,-0.4409589540112962,-1,-0.050398480940231555
2022-10-24,LINK,,-0.17432766717772955,-1,-0.033530545361800855
2022-10-24,LTC,,0.09391001516867883,0,0.0
2022-10-24,LUNC,,0.7180059242191272,1,0.02631014294435372
2022-10-24,NEAR,,0.2602822752638399,1,0.02465835299602472
2022-10-24,NEXO,,0.24291467203669126,1,0.04087589615684388
2022-10-24,QNT,,-0.5842431898473595,-1,-0.014780309731026049
2022-10-24,SHIB,,0.18222908396401685,1,0.01968308561038597
2022-10-24,SOL,,0.008434079666454243,0,0.0
2022-10-24,STX,,0.012607876755016147,0,0.0
2022-10-24,TRX,,-0.07675007881331337,-1,-0.050398480940231555
2022-10-24,UNI,,0.2634311230940866,1,0.027023466789921062
2022-10-24,VET,,0.20109930955270747,1,0.04087589615684388
2022-10-24,XLM,,-0.32200810871674074,-1,-0.030192819331223766
2022-10-24,XRP,,-0.49275165886877664,-1,-0.020260670325693026
2022-10-24,ZEC,,0.17996578616141248,0,0.0
2022-10-31,AAVE,,0.31832628293423465,1,0.03987664581308856
2022-10-31,ADA,,-0.2541721768330007,-1,-0.039187511036294684
2022-10-31,ALGO,,-0.046425443330310255,0,-0.0031455789951061602
2022-10-31,APT,,0.31183592344129274,1,0.0568107531706348
2022-10-31,ATOM,,0.011057806095477688,0,0.0
2022-10-31,AVAX,,0.3609011071914829,1,0.051930754484192744
2022-10-31,BCH,,-0.08218739192859964,0,0.0
2022-10-31,BNB,,-0.452806897861353,-1,-0.05260291285692251
2022-10-31,BTC,,-0.578022328003741,-1,-0.07311166619439191
2022-10-31,CAKE,,-0.04802549433768228,0,0.0
2022-10-31,CHZ,,-0.19234423212014085,0,-0.0017818144337027556
2022-10-31,DASH,,0.10409667092331203,0,0.0
2022-10-31,DEXE,,-0.11576044124988147,0,0.0
2022-10-31,DOGE,,-0.31793474678665123,-1,-0.008130520668617311
2022-10-31,DOT,,-0.019261902250400018,0,0.0
2022-10-31,ETC,,0.3764280717522579,1,0.04777821433228402
2022-10-31,ETH,,-0.10416238231899311,0,0.002965495364902381
2022-10-31,FET,,0.1784607064886015,1,0.07667665530478424
2022-10-31,FIL,,0.7520215517354985,1,0.06776406806984975
2022-10-31,HBAR,,-0.3099704743320992,-1,-0.07866734738206213
2022-10-31,ICP,,0.30184928064701066,1,0.043952490698849093
2022-10-31,JST,,-0.13361320429760296,0,-0.005555681187670226
2022-10-31,LINK,,-0.25247720325909895,-1,-0.0560638356781849
2022-10-31,LTC,,-0.20662700763923023,-1,-0.03073434213478194
2022-10-31,LUNC,,0.6440122853285081,1,0.05248811500611823
2022-10-31,NEAR,,0.597603492162007,1,0.04993749435303154
2022-10-31,NEXO,,0.15957871171035762,0,0.0045059581771334165
2022-10-31,QNT,,-0.19975854835683138,-1,-0.024974009497874594
2022-10-31,SHIB,,0.38649537806420625,1,0.038708757451978
2022-10-31,SOL,,-0.06793669658910641,0,0.0
2022-10-31,STX,,-0.0005826771339312569,0,0.0
2022-10-31,TRX,,-0.619310241206058,-1,-0.07866734738206213
2022-10-31,UNI,,0.2976096811192582,1,0.05580944955402327
2022-10-31,VET,,0.16370817015603845,0,0.0045059581771334165
2022-10-31,XLM,,-0.48203099913601716,-1,-0.07280572426622214
2022-10-31,XRP,,-0.2829025470451294,-1,-0.06828251824411
2022-10-31,ZEC,,-0.19767208373368755,0,0.0
2022-11-07,AAVE,,-0.02346565442593062,0,0.0028239966789995394
2022-11-07,ADA,,-0.0848993119557506,-1,-0.030986395459163776
2022-11-07,ALGO,,0.06443241772373655,0,-0.00022276458951306366
2022-11-07,APT,,0.19466108794013445,1,0.035169816025884246
2022-11-07,ATOM,,0.03124108570969125,0,0.0
2022-11-07,AVAX,,0.18235173540226865,1,0.028495922820726664
2022-11-07,BCH,,-0.07670480002385754,-1,-0.040634363520780516
2022-11-07,BNB,,-0.03051438231263296,0,-0.0037252494081358514
2022-11-07,BTC,,-0.15039874450386265,-1,-0.03296428904383622
2022-11-07,CAKE,,-0.027538308837138398,0,0.0
2022-11-07,CHZ,,-0.06918674063132237,-1,-0.01552821181692404
2022-11-07,DASH,,0.012719163032927961,0,0.0
2022-11-07,DEXE,,0.04432185354446794,0,0.0
2022-11-07,DOGE,,-0.9732485954437199,-1,-0.007079684529948451
2022-11-07,DOT,,-0.0598603493329575,-1,-0.030561727151511266
2022-11-07,ETC,,0.05978194742242267,0,0.0033835724106617837
2022-11-07,ETH,,-0.04251119412553363,0,0.00021001137109992593
2022-11-07,FET,,0.12719676758059484,1,0.03056051093490792
2022-11-07,FIL,,0.2228557331888502,1,0.03240775417252395
2022-11-07,HBAR,,-0.004832271384659018,0,-0.0055710886214940525
2022-11-07,ICP,,0.08613691209779392,1,0.035990999441504766
2022-11-07,JST,,-0.5666684137827284,-1,-0.02419942231711468
2022-11-07,LINK,,-0.02973688084599888,0,-0.003970346114597324
2022-11-07,LTC,,-0.14722033103330737,-1,-0.023743517027584423
2022-11-07,LUNC,,0.1076814910746781,1,0.03827566096746767
2022-11-07,NEAR,,0.28345835879877657,1,0.026435599316257472
2022-11-07,NEXO,,0.13247339451598655,1,0.023978005138809204
2022-11-07,QNT,,0.21273851203828834,1,0.02894608647494465
2022-11-07,SHIB,,0.03543467447517089,0,0.002741288798585588
2022-11-07,SOL,,0.42265974416770913,1,0.013656665867839212
2022-11-07,STX,,0.08352082536472298,0,0.0
2022-11-07,TRX,,-0.05461641141497142,-1,-0.04119397407053361
2022-11-07,UNI,,0.1406382498209227,1,0.04070537365965505
2022-11-07,VET,,0.047462427208728876,0,0.00031910434462266
2022-11-07,XLM,,-0.12991453816067816,-1,-0.04415515220763618
2022-11-07,XRP,,0.025317313501746968,0,-0.004835652568647084
2022-11-07,ZEC,,-0.04576676639456898,-1,-0.03472852997706971
2022-11-14,AAVE,,0.18618163047182437,1,0.029904164406049115
2022-11-14,ADA,,-0.1546167890853271,-1,-0.034793465312416644
2022-11-14,ALGO,,0.04853455528610137,0,0.0
2022-11-14,APT,,0.19287648036821042,1,0.02845204438126684
2022-11-14,ATOM,,-0.037222592577694995,0,0.0
2022-11-14,AVAX,,0.14055995109892283,1,0.029975273168833375
2022-11-14,BCH,,0.10278309362410837,0,0.0
2022-11-14,BNB,,-0.13801863056274916,-1,-0.030582717121622163
2022-11-14,BTC,,-0.09676494473392648,-1,-0.03516132736285818
2022-11-14,CAKE,,-0.08178858716425577,-1,-0.045207142550142375
2022-11-14,CHZ,,-0.16524797148693288,-1,-0.01893931610514725
2022-11-14,DASH,,0.12194880273842672,0,0.0
2022-11-14,DEXE,,0.15655843813629203,1,0.03865382105877519
2022-11-14,DOGE,,-1.1504496203994563,-1,-0.007878857158144919
2022-11-14,DOT,,-0.2202674475020873,-1,-0.03645059893506439
2022-11-14,ETC,,-0.062302267739379726,0,0.0
2022-11-14,ETH,,-0.11074551719858321,-1,-0.027016884557766737
2022-11-14,FET,,0.12803802965936972,0,0.0
2022-11-14,FIL,,0.19434340810349093,1,0.03237862528170773
2022-11-14,HBAR,,0.13805110322854228,0,0.0
2022-11-14,ICP,,0.021490257752360558,0,0.0
2022-11-14,JST,,-0.5107232178289887,-1,-0.03479101132777326
2022-11-14,LINK,,-0.07416938710020063,-1,-0.028081039224011124
2022-11-14,LTC,,-0.17871735656619073,-1,-0.02653276943964524
2022-11-14,LUNC,,0.09874471777282168,0,0.0
2022-11-14,NEAR,,0.1526008371310415,1,0.0270418329025228
2022-11-14,NEXO,,0.20420467347088375,1,0.029301756989135414
2022-11-14,QNT,,0.3639038222885599,1,0.030190274090046793
2022-11-14,SHIB,,0.024047989058726862,0,0.0
2022-11-14,SOL,,0.4696705017367999,1,0.016104700014519833
2022-11-14,STX,,0.18410531741775316,1,0.030031262541331784
2022-11-14,TRX,,0.01655885130917354,0,0.0
2022-11-14,UNI,,0.024742131824619512,0,0.0
2022-11-14,VET,,-0.024470619661597352,0,0.0
2022-11-14,XLM,,-0.04859265954853394,0,0.0
2022-11-14,XRP,,0.1546204031290384,1,0.03340137426040339
2022-11-14,ZEC,,-0.07046738645116543,0,0.0
2022-11-21,AAVE,,0.06639728182731475,0,0.0
2022-11-21,ADA,,0.0788752895864493,0,0.0
2022-11-21,ALGO,,-0.19061053618515986,-1,-0.023866125158261718
2022-11-21,APT,,-0.21546876559364453,-1,-0.01907100193941875
2022-11-21,ATOM,,0.06762620611355076,0,0.0
2022-11-21,AVAX,,0.24502568587804677,1,0.028463059220437847
2022-11-21,BCH,,0.08427027228398687,0,0.0
2022-11-21,BNB,,-0.15902884079721447,-1,-0.031200081337299238
2022-11-21,BTC,,-0.032038804057529596,-1,-0.04161632432194817
2022-11-21,CAKE,,0.03067052622530694,0,0.0
2022-11-21,CHZ,,-0.6165211384264841,-1,-0.023701495783221203
2022-11-21,DASH,,-0.13682462439637927,-1,-0.027297073416049613
2022-11-21,DEXE,,0.12072810997539794,1,0.031622538441801545
2022-11-21,DOGE,,-0.23940022604083383,-1,-0.020776414653622732
2022-11-21,DOT,,-0.02625980563795091,-1,-0.05282885139467348
2022-11-21,ETC,,0.04059921093142009,0,0.0
2022-11-21,ETH,,0.11908464222387655,1,0.03719638885742775
2022-11-21,FET,,0.03840755432520732,0,0.0
2022-11-21,FIL,,0.1399391794539858,1,0.027241022774391443
2022-11-21,HBAR,,0.08323378101296813,0,0.0
2022-11-21,ICP,,0.10755944147484495,0,0.0
2022-11-21,JST,,-0.5231515309707255,-1,-0.033216026008386586
2022-11-21,LINK,,-0.2576807253727191,-1,-0.025202286292449604
2022-11-21,LTC,,-0.43752002005567336,-1,-0.026227288655708593
2022-11-21,LUNC,,0.24522629564477694,1,0.03572039653935607
2022-11-21,NEAR,,0.22662206435349314,1,0.022973184648560796
2022-11-21,NEXO,,0.25335742008087025,1,0.02719062111173061
2022-11-21,QNT,,0.12195599088032238,1,0.020951769676430056
2022-11-21,SHIB,,0.1975665218284244,1,0.03310963034052206
2022-11-21,SOL,,0.1434767226824589,1,0.013128312175525774
2022-11-21,STX,,0.06572137749442192,0,0.0
2022-11-21,TRX,,0.06325992448581791,0,0.0
2022-11-21,UNI,,0.14129704490590914,1,0.04740604517485575
2022-11-21,VET,,0.05216948994480506,0,0.0
2022-11-21,XLM,,0.02920971095919972,0,0.0
2022-11-21,XRP,,-0.014523358268879457,0,0.0
2022-11-21,ZEC,,0.0867486312303397,0,0.0
2022-11-28,AAVE,,0.011978198187809298,0,0.0
2022-11-28,ADA,,0.12807033675549648,1,0.04270748612188964
2022-11-28,ALGO,,0.17404848310449336,1,0.024604649570760632
2022-11-28,APT,,0.04607241579568866,0,0.0
2022-11-28,ATOM,,0.10107065099749452,0,0.0
2022-11-28,AVAX,,0.21762867629859287,1,0.023698380947068363
2022-11-28,BCH,,-0.04201970176952717,-1,-0.043430968458864634
2022-11-28,BNB,,-0.3514476769815746,-1,-0.02910854461206995
2022-11-28,BTC,,-0.032512742904082716,-1,-0.03508094874506472
2022-11-28,CAKE,,0.05484222953955473,0,0.0
2022-11-28,CHZ,,0.07608672027452826,0,0.0
2022-11-28,DASH,,-0.18425854440177458,-1,-0.023280937040871395
2022-11-28,DEXE,,0.06642679559910405,0,0.0
2022-11-28,DOGE,,-0.34841905336794926,-1,-0.018154103415804947
2022-11-28,DOT,,0.11289292322646041,1,0.04329771359838245
2022-11-28,ETC,,-0.011882553784813772,0,0.0
2022-11-28,ETH,,0.1289262091124786,1,0.029887340058366334
2022-11-28,FET,,0.02911896185278473,0,0.0
2022-11-28,FIL,,0.28944587793347004,1,0.02682118078545975
2022-11-28,HBAR,,-0.04727247772453721,-1,-0.03148757303989049
2022-11-28,ICP,,0.08090121481084071,0,0.0
2022-11-28,JST,,-0.6068630067514622,-1,-0.028834297957376038
2022-11-28,LINK,,-0.3031574857053983,-1,-0.02180157624033143
2022-11-28,LTC,,-0.43974414583475635,-1,-0.027410380132393646
2022-11-28,LUNC,,0.1655963049150052,1,0.02629388420402191
2022-11-28,NEAR,,0.21017061919282448,1,0.019507060325658975
2022-11-28,NEXO,,0.22166471746065572,1,0.02505994620533766
2022-11-28,QNT,,0.05268858859330044,0,0.0
2022-11-28,SHIB,,0.15837408364466857,1,0.03054416878392057
2022-11-28,SOL,,0.006900728378573307,0,0.0
2022-11-28,STX,,0.019860445813483254,0,0.0
2022-11-28,TRX,,0.0037727410651336654,0,0.0
2022-11-28,UNI,,0.07303391250014854,0,0.0
2022-11-28,VET,,0.13596397526855916,1,0.03268280743521879
2022-11-28,XLM,,-0.07642316387898015,-1,-0.041762397573059364
2022-11-28,XRP,,-0.15835284458188512,-1,-0.024752890820358496
2022-11-28,ZEC,,0.03681758736559258,0,0.0
2022-12-05,AAVE,,0.13926518408672747,0,0.0
2022-12-05,ADA,,-0.05153965271056123,0,0.0
2022-12-05,ALGO,,0.23018666415366307,1,0.040193259261201694
2022-12-05,APT,,0.30240752740103893,1,0.016960586880077105
2022-12-05,ATOM,,0.08511895091950751,0,0.0
2022-12-05,AVAX,,0.18950388085784461,1,0.02548923999400917
2022-12-05,BCH,,-0.19762998348539781,-1,-0.048960823033928874
2022-12-05,BNB,,-0.34129274958863287,-1,-0.023798729160273764
2022-12-05,BTC,,0.11541955014631956,0,0.0
2022-12-05,CAKE,,-0.04692314033965949,0,0.0
2022-12-05,CHZ,,-0.05767728462867341,0,0.0
2022-12-05,DASH,,0.04336606055557974,0,0.0
2022-12-05,DEXE,,0.06124182169746321,0,0.0
2022-12-05,DOGE,,-0.36348414916305033,-1,-0.013527234028069924
2022-12-05,DOT,,-0.20100279132332263,-1,-0.03818619100239811
2022-12-05,ETC,,-0.07587176237112218,0,0.0
2022-12-05,ETH,,0.08767771636227441,0,0.0
2022-12-05,FET,,-0.9669136611902581,-1,-0.0077225739765931145
2022-12-05,FIL,,0.23933881609734164,1,0.03465524345896824
2022-12-05,HBAR,,0.058597815178202534,0,0.0
2022-12-05,ICP,,0.00898081863191272,0,0.0
2022-12-05,JST,,-0.46679390397520143,-1,-0.047605796403300836
2022-12-05,LINK,,-0.39118710666791956,-1,-0.018322371306319904
2022-12-05,LTC,,-0.4588566698515873,-1,-0.026224223545540264
2022-12-05,LUNC,,0.14099975848723237,1,0.02833490026633559
2022-12-05,NEAR,,0.26308435754995796,1,0.01725438691739915
2022-12-05,NEXO,,0.3186037455267414,1,0.040193259261201694
2022-12-05,QNT,,0.16409585644476163,1,0.021456315355819832
2022-12-05,SHIB,,0.1904454444747383,1,0.040193259261201694
2022-12-05,SOL,,0.6947404996982914,1,0.020603602065940148
2022-12-05,STX,,0.4905897699920305,1,0.039667478441341414
2022-12-05,TRX,,0.09789139010114128,0,0.0
2022-12-05,UNI,,-0.15289046616116356,-1,-0.023720593449770722
2022-12-05,VET,,0.11182496256971856,0,0.0
2022-12-05,XLM,,-0.16946307252660311,-1,-0.048960823033928874
2022-12-05,XRP,,0.02038109937242973,0,0.0
2022-12-05,ZEC,,-0.11223529632176424,-1,-0.027972172223371332
2022-12-12,AAVE,,0.3263032860334176,1,0.03716057423058173
2022-12-12,ADA,,-0.21348846109365982,-1,-0.04204238471537784
2022-12-12,ALGO,,0.10273661855428773,0,0.0
2022-12-12,APT,,0.4143593280924287,1,0.02166676873461515
2022-12-12,ATOM,,0.1714518416181821,1,0.04519869915375829
2022-12-12,AVAX,,0.25020834411929094,1,0.037155363625842555
2022-12-12,BCH,,-0.14775787478313102,-1,-0.06089750225076993
2022-12-12,BNB,,-0.38519280486643365,-1,-0.02518957328461615
2022-12-12,BTC,,-0.11493034994586315,0,0.0
2022-12-12,CAKE,,-0.17086216652283615,-1,-0.04319658861324218
2022-12-12,CHZ,,-0.16311737254491096,-1,-0.04401084646411827
2022-12-12,DASH,,-0.12731426086407516,0,0.0
2022-12-12,DEXE,,0.0572544678817795,0,0.0
2022-12-12,DOGE,,-0.013515503205962034,0,0.0
2022-12-12,DOT,,-0.1987575562830033,-1,-0.043196150203235355
2022-12-12,ETC,,-0.06871071095650662,0,0.0
2022-12-12,ETH,,-0.03005159097117356,0,0.0
2022-12-12,FET,,-0.6989262073813356,-1,-0.008820726005881394
2022-12-12,FIL,,0.15404123876207948,1,0.019580438987233044
2022-12-12,HBAR,,-0.07137242291358191,0,0.0
2022-12-12,ICP,,0.06232174157720854,0,0.0
2022-12-12,JST,,-0.34432814841809256,-1,-0.04232023332817567
2022-12-12,LINK,,-0.26829672828123713,-1,-0.020470151911987526
2022-12-12,LTC,,-0.5862802685193104,-1,-0.020330086992726603
2022-12-12,LUNC,,0.13058224611469615,1,0.030313044419461366
2022-12-12,NEAR,,0.4131254913111109,1,0.03040349407498666
2022-12-12,NEXO,,0.34809863729057683,1,0.06233356989975484
2022-12-12,QNT,,0.3462067582226596,1,0.028982583893395003
2022-12-12,SHIB,,0.26304062161817227,1,0.06233356989975484
2022-12-12,SOL,,0.8245095163207287,1,0.03122103336496525
2022-12-12,STX,,0.021671878239021065,0,0.0
2022-12-12,TRX,,0.07496293891362099,0,0.0
2022-12-12,UNI,,-0.07071970685711812,0,0.0
2022-12-12,VET,,-0.036610009785327906,0,0.0
2022-12-12,XLM,,-0.2581225757167259,-1,-0.05587489651421789
2022-12-12,XRP,,-0.012833236947510434,0,0.0
2022-12-12,ZEC,,0.020313002188537325,0,0.0
2022-12-19,AAVE,,0.20627108920888504,1,0.034479219083911126
2022-12-19,ADA,,-0.16503030943419789,-1,-0.034518036917625575
2022-12-19,ALGO,,0.07255902961844692,0,0.0
2022-12-19,APT,,0.35434722930847967,1,0.019106660222948425
2022-12-19,ATOM,,0.19911757948809283,1,0.03404738249191605
2022-12-19,AVAX,,0.18030190138015612,1,0.025468570636201757
2022-12-19,BCH,,-0.056362860002448646,0,0.0
2022-12-19,BNB,,-0.07547524307324288,0,0.0
2022-12-19,BTC,,-0.008131981540157084,0,0.0
2022-12-19,CAKE,,-0.15863577815229132,-1,-0.04440897476766979
2022-12-19,CHZ,,-0.030441112139442967,0,0.0
2022-12-19,DASH,,-0.048110837162722866,0,0.0
2022-12-19,DEXE,,0.07955891192572188,0,0.0
2022-12-19,DOGE,,0.15418511241373936,1,0.020779452058706845
2022-12-19,DOT,,-0.24175630272795684,-1,-0.035053753737738086
2022-12-19,ETC,,0.008916146447032113,0,0.0
2022-12-19,ETH,,0.07891082274438267,0,0.0
2022-12-19,FET,,-1.1987908528115347,-1,-0.006864055179230504
2022-12-19,FIL,,0.003871950846468797,0,0.0
2022-12-19,HBAR,,0.04884275275184753,0,0.0
2022-12-19,ICP,,-0.03775452847496372,0,0.0
2022-12-19,JST,,-0.41523987131420187,-1,-0.04474278963228373
2022-12-19,LINK,,-0.08785653890569275,-1,-0.026101843531904
2022-12-19,LTC,,-0.30816692612462904,-1,-0.023501364912738326
2022-12-19,LUNC,,0.03770910486689697,0,0.0
2022-12-19,NEAR,,0.22007504917359955,1,0.019829212981794537
2022-12-19,NEXO,,0.46977867099433124,1,0.03797159782331452
2022-12-19,QNT,,0.21471435811743397,1,0.022423957045917535
2022-12-19,SHIB,,0.12922347380666177,0,0.0
2022-12-19,SOL,,0.7728775201702144,1,0.03797159782331452
2022-12-19,STX,,-0.14354168828565603,-1,-0.018338033521026986
2022-12-19,TRX,,0.3154701607445472,1,0.03797159782331452
2022-12-19,UNI,,-0.2554677667077244,-1,-0.020752421219144782
2022-12-19,VET,,-0.035066711582716896,0,0.0
2022-12-19,XLM,,-0.17223465305085173,-1,-0.04742551408123318
2022-12-19,XRP,,0.1393106357258156,1,0.03797159782331452
2022-12-19,ZEC,,-0.24797753824232516,-1,-0.026314058314059408
2022-12-26,AAVE,,0.18020495474364115,1,0.030860691745665622
2022-12-26,ADA,,-0.10688352119644119,0,0.0
2022-12-26,ALGO,,0.08494884671087574,0,0.0
2022-12-26,APT,,0.5808552893738549,1,0.029843531536294998
2022-12-26,ATOM,,0.15469675081976964,1,0.024991815203911385
2022-12-26,AVAX,,0.1688207174936873,1,0.030860691745665622
2022-12-26,BCH,,-0.2566219930471122,-1,-0.03817915307253857
2022-12-26,BNB,,-0.06229006399814976,0,0.0
2022-12-26,BTC,,-0.10237585438532747,0,0.0
2022-12-26,CAKE,,-0.1721593575489627,-1,-0.03817915307253857
2022-12-26,CHZ,,0.0013016962085631869,0,0.0
2022-12-26,DASH,,-0.11594488932620746,-1,-0.027609599116760336
2022-12-26,DEXE,,0.10495835449633235,0,0.0
2022-12-26,DOGE,,0.2262839707830241,1,0.029977861877570386
2022-12-26,DOT,,-0.14230607470491738,-1,-0.03817915307253857
2022-12-26,ETC,,-0.05561677874732283,0,0.0
2022-12-26,ETH,,0.061342280539599926,0,0.0
2022-12-26,FET,,-1.3084318843324485,-1,-0.005398382774923437
2022-12-26,FIL,,0.025923277676652017,0,0.0
2022-12-26,HBAR,,-0.1856784902023068,-1,-0.03258090232075613
2022-12-26,ICP,,0.06235585926553702,0,0.0
2022-12-26,JST,,-0.5926860074184925,-1,-0.0345443193160401
2022-12-26,LINK,,-0.04503477740558964,0,0.0
2022-12-26,LTC,,-0.3765261278712605,-1,-0.01900691126071535
2022-12-26,LUNC,,0.10759160601506437,0,0.0
2022-12-26,NEAR,,0.3398918090694676,1,0.024162104037597974
2022-12-26,NEXO,,0.38372290304156303,1,0.030860691745665622
2022-12-26,QNT,,0.39546135486197986,1,0.030860691745665622
2022-12-26,SHIB,,0.1335629631120543,1,0.030860691745665622
2022-12-26,SOL,,0.7127312108857055,1,0.030860691745665622
2022-12-26,STX,,-0.21050211098057559,-1,-0.01496427472314578
2022-12-26,TRX,,0.10838771586639091,0,0.0
2022-12-26,UNI,,0.06579783602001871,0,0.0
2022-12-26,VET,,0.0247315055633871,0,0.0
2022-12-26,XLM,,-0.1198350730104227,-1,-0.03817915307253857
2022-12-26,XRP,,0.11159285005367253,1,0.030860691745665622
2022-12-26,ZEC,,-0.18227074842530339,-1,-0.03817915307253857
2023-01-02,AAVE,,-0.11967771942933461,-1,-0.027948288084406202
2023-01-02,ADA,,-0.059070151042046215,0,0.0
2023-01-02,ALGO,,0.052573356619455114,0,0.0
2023-01-02,APT,,0.22349668465804076,1,0.02055746789113151
2023-01-02,ATOM,,0.09607760836655381,0,0.0
2023-01-02,AVAX,,0.048772122470304706,0,0.0
2023-01-02,BCH,,-0.07708648194113964,-1,-0.047189587117935555
2023-01-02,BNB,,0.07705586827668903,0,0.0
2023-01-02,BTC,,-0.1488870398947651,-1,-0.050841275473711624
2023-01-02,CAKE,,0.06376546325546907,0,0.0
2023-01-02,CHZ,,0.09230033719113571,0,0.0
2023-01-02,DASH,,-0.10202694103140045,-1,-0.025270976175130376
2023-01-02,DEXE,,0.011583260384324886,0,0.0
2023-01-02,DOGE,,0.3314851093216621,1,0.02796171854940123
2023-01-02,DOT,,0.013445383910851063,0,0.0
2023-01-02,ETC,,-0.130599968820169,-1,-0.013511855477130115
2023-01-02,ETH,,0.05595479918930199,0,0.0
2023-01-02,FET,,-0.6541684489985048,-1,-0.008480502413875721
2023-01-02,FIL,,0.5274445906612999,1,0.013443467742166237
2023-01-02,HBAR,,-0.08465812345914828,-1,-0.026110426757136866
2023-01-02,ICP,,0.15546922480357586,1,0.027440512018541873
2023-01-02,JST,,-0.6182497907634659,-1,-0.04141989457780577
2023-01-02,LINK,,-0.010214429550498724,0,0.0
2023-01-02,LTC,,0.03167553419605366,0,0.0
2023-01-02,LUNC,,0.26898354153604415,1,0.024104889113274745
2023-01-02,NEAR,,-0.01982731431985696,0,0.0
2023-01-02,NEXO,,0.1827601101396687,1,0.047058828200857064
2023-01-02,QNT,,0.17689455529399598,1,0.03310770022033257
2023-01-02,SHIB,,0.10719259705924646,1,0.043624036746760825
2023-01-02,SOL,,-0.5799485089924951,-1,-0.00938991570213084
2023-01-02,STX,,0.12682838746915331,1,0.02405930031188517
2023-01-02,TRX,,-0.2877920267500491,-1,-0.050841275473711624
2023-01-02,UNI,,0.22888687671281907,1,0.033713682715614174
2023-01-02,VET,,0.1517911901328853,1,0.02992860916177899
2023-01-02,XLM,,-0.018730824275117065,0,0.0
2023-01-02,XRP,,-0.010929906842374784,0,0.0
2023-01-02,ZEC,,-0.10256892553816388,-1,-0.023996215418769718
2023-01-09,AAVE,,-0.26487735982499067,-1,-0.026703113656092573
2023-01-09,ADA,,0.08539265906462176,0,0.0
2023-01-09,ALGO,,0.07894428931312161,0,0.0
2023-01-09,APT,,-0.9027111313984397,-1,-0.00900928020009534
2023-01-09,ATOM,,0.027920859097923446,0,0.0
2023-01-09,AVAX,,-0.18427234729116707,-1,-0.02272193245651489
2023-01-09,BCH,,-0.22039628478557086,-1,-0.04267378714386631
2023-01-09,BNB,,0.09139384033404128,0,0.0
2023-01-09,BTC,,-0.4818336042408865,-1,-0.04379820375244555
2023-01-09,CAKE,,0.09792149423470903,1,0.034636972355203854
2023-01-09,CHZ,,0.09365495350373895,1,0.016232073410701087
2023-01-09,DASH,,-0.05853420326943177,0,0.0
2023-01-09,DEXE,,0.3741635973502192,1,0.05231689668508603
2023-01-09,DOGE,,0.4093219442743488,1,0.024355705005701445
2023-01-09,DOT,,-0.0498398505222742,0,0.0
2023-01-09,ETC,,0.054897145672233146,0,0.0
2023-01-09,ETH,,-0.08740659263375711,0,0.0
2023-01-09,FET,,-0.15103810559196393,-1,-0.01431563399633368
2023-01-09,FIL,,0.7068000752397192,1,0.015457907617439592
2023-01-09,HBAR,,-0.1086281851331299,-1,-0.02937016865980663
2023-01-09,ICP,,0.18467668010968719,1,0.024115220954844165
2023-01-09,JST,,-0.5438642730058667,-1,-0.05106034921241358
2023-01-09,LINK,,0.022592891495143725,0,0.0
2023-01-09,LTC,,0.5066558907931221,1,0.05231689668508603
2023-01-09,LUNC,,0.588327303831423,1,0.05080621252027648
2023-01-09,NEAR,,0.09302966374480054,0,0.0
2023-01-09,NEXO,,0.08584869948768864,0,0.0
2023-01-09,QNT,,0.1344344591342827,1,0.03287011994483381
2023-01-09,SHIB,,-0.08105928084624263,0,0.0
2023-01-09,SOL,,-0.3028423964567626,-1,-0.012969379960269947
2023-01-09,STX,,0.17040425705038184,1,0.022095187978320247
2023-01-09,TRX,,-0.31938347511837556,-1,-0.057807325249956125
2023-01-09,UNI,,0.17851796809521792,1,0.028701067939710476
2023-01-09,VET,,0.07501008423795257,0,0.0
2023-01-09,XLM,,-0.0829345798269868,0,0.0
2023-01-09,XRP,,-0.0409229071534621,0,0.0
2023-01-09,ZEC,,-0.17936417896506676,-1,-0.043475086809408536
2023-01-16,AAVE,,0.03810873284947042,0,-0.010316557510406214
2023-01-16,ADA,,-0.036703372572256594,0,0.0
2023-01-16,ALGO,,0.06380743619946427,0,0.0
2023-01-16,APT,,0.5147895113885532,1,0.004343459642416236
2023-01-16,ATOM,,-0.17858457143842998,-1,-0.03714596359809096
2023-01-16,AVAX,,-0.08246009517797134,0,-0.008778456548332819
2023-01-16,BCH,,-0.27793148314725563,-1,-0.04427908672226953
2023-01-16,BNB,,-0.4523118381518206,-1,-0.04570865196071823
2023-01-16,BTC,,-0.7307760508030561,-1,-0.04574531716771049
2023-01-16,CAKE,,-0.01491992829670795,0,0.013381747233333647
2023-01-16,CHZ,,-0.11368004506628333,0,0.006271145792634032
2023-01-16,DASH,,-0.3082637057337894,-1,-0.03487198924592819
2023-01-16,DEXE,,-0.059120512021922686,0,0.020212259902302646
2023-01-16,DOGE,,0.6835940956300809,1,0.04702816037625385
2023-01-16,DOT,,-0.025994521044918284,0,0.0
2023-01-16,ETC,,-0.04342360038605955,0,0.0
2023-01-16,ETH,,-0.4954148658487245,-1,-0.03157921236143921
2023-01-16,FET,,0.19837088504067735,1,0.006637785512552639
2023-01-16,FIL,,0.9826375161413391,1,0.03363814225831849
2023-01-16,HBAR,,0.02309043618502059,0,-0.011346955189253487
2023-01-16,ICP,,0.3247127921682885,1,0.04700078613679402
2023-01-16,JST,,-0.0581295757537615,0,-0.019726801748121317
2023-01-16,LINK,,-0.1496311877694491,-1,-0.03815113094297776
2023-01-16,LTC,,-0.31397427959713425,-1,-0.031267542112417085
2023-01-16,LUNC,,0.41852132856855756,1,0.08391353674144308
2023-01-16,NEAR,,0.2437725004978527,1,0.02016134797278154
2023-01-16,NEXO,,0.22476303663376948,1,0.0688973764680956
2023-01-16,QNT,,0.33332712553548643,1,0.07831360814625754
2023-01-16,SHIB,,0.25242089422395836,1,0.035424242317540634
2023-01-16,SOL,,0.08823530804373522,0,-0.005010627448080653
2023-01-16,STX,,0.013700066075959107,0,0.008536318289218256
2023-01-16,TRX,,-0.6852343397958043,-1,-0.06047140894321512
2023-01-16,UNI,,0.1332658484181119,1,0.06329853162156494
2023-01-16,VET,,0.07265322746951255,0,0.0
2023-01-16,XLM,,-0.3284051627551779,-1,-0.044413768186573596
2023-01-16,XRP,,-0.23471304055727651,-1,-0.05144868900801919
2023-01-16,ZEC,,-0.020098565152044928,0,-0.016796289717953286
2023-01-23,AAVE,,-0.040508790045657134,0,0.0
2023-01-23,ADA,,-0.008569370601323574,0,0.0
2023-01-23,ALGO,,0.05266388360341256,0,0.0
2023-01-23,APT,,0.42484074456625603,1,0.015220865070005358
2023-01-23,ATOM,,-0.2700880180580763,-1,-0.05214924722969947
2023-01-23,AVAX,,0.05102030670964644,0,0.0
2023-01-23,BCH,,-0.24308307839706006,-1,-0.055685737442777515
2023-01-23,BNB,,-0.3836010618302074,-1,-0.0780538788422992
2023-01-23,BTC,,-0.7910534821437423,-1,-0.0498347862217822
2023-01-23,CAKE,,0.22509343655461922,1,0.11344862094782376
2023-01-23,CHZ,,-0.06508833902957059,0,0.0
2023-01-23,DASH,,-0.09486281918700196,-1,-0.07138737920644635
2023-01-23,DEXE,,0.06373608254695914,0,0.0
2023-01-23,DOGE,,0.7010839672274276,1,0.0844371158657476
2023-01-23,DOT,,-0.033420957979094404,0,0.0
2023-01-23,ETC,,-0.07479277031471328,0,0.0
2023-01-23,ETH,,-0.5762642631304501,-1,-0.050889058148434786
2023-01-23,FET,,0.12040950119866325,1,0.022247183925208185
2023-01-23,FIL,,0.6592801527194905,1,0.03957822426659242
2023-01-23,HBAR,,-0.09656310699382946,-1,-0.029815882700973753
2023-01-23,ICP,,0.2611319955267628,1,0.0606037738471163
2023-01-23,JST,,0.07841701215290056,0,0.0
2023-01-23,LINK,,-0.0001813792121098759,0,0.0
2023-01-23,LTC,,-0.1766941420221534,-1,-0.08360460082194845
2023-01-23,LUNC,,0.29241721069438353,1,0.07967824836041955
2023-01-23,NEAR,,0.2434132228320747,1,0.03948960514336548
2023-01-23,NEXO,,0.044011700224658994,0,0.0
2023-01-23,QNT,,0.5172966912608299,1,0.11344862094782376
2023-01-23,SHIB,,0.0984753158728043,1,0.06074223385394687
2023-01-23,SOL,,0.08952957788027807,0,0.0
2023-01-23,STX,,0.08903122651361497,0,0.0
2023-01-23,TRX,,-0.6528092640910517,-1,-0.05828889983567199
2023-01-23,UNI,,-0.008620975609280886,0,0.0
2023-01-23,VET,,0.11304558418848534,1,0.07108928670903562
2023-01-23,XLM,,-0.32610142597864616,-1,-0.08513715424352566
2023-01-23,XRP,,-0.248437867932611,-1,-0.08513715424352566
2023-01-23,ZEC,,-0.03415649971668977,0,0.0
2023-01-30,AAVE,,-0.03405821768761636,0,0.0
2023-01-30,ADA,,-0.03711609856335233,0,0.0
2023-01-30,ALGO,,0.042982478595470094,0,0.0
2023-01-30,APT,,0.32544246795765114,1,0.01173187437420854
2023-01-30,ATOM,,-0.1741953319370252,-1,-0.0547414471747661
2023-01-30,AVAX,,-0.019929865012036564,0,0.0
2023-01-30,BCH,,-0.25841670881783363,-1,-0.04768195125433321
2023-01-30,BNB,,-0.26709194460415603,-1,-0.09022488812314136
2023-01-30,BTC,,-0.7967921814148269,-1,-0.04271102811969188
2023-01-30,CAKE,,0.30666157531816474,1,0.11324195815103885
2023-01-30,CHZ,,-0.02940773067041453,0,0.0
2023-01-30,DASH,,-0.004237630938000874,0,0.0
2023-01-30,DEXE,,0.14886547318401938,1,0.11324195815103885
2023-01-30,DOGE,,0.7629992780639911,1,0.07974677808550758
2023-01-30,DOT,,-0.05377611362045462,0,0.0
2023-01-30,ETC,,0.199916251653289,1,0.11324195815103885
2023-01-30,ETH,,-0.5382433893874806,-1,-0.04675980306878274
2023-01-30,FET,,0.34238691152181894,1,0.021557622308370803
2023-01-30,FIL,,0.6961380950693602,1,0.03270368777552635
2023-01-30,HBAR,,-0.10262991705538552,0,0.0
2023-01-30,ICP,,0.13908677350337612,1,0.04029816462647159
2023-01-30,JST,,-0.1960102967444051,-1,-0.06427145771128126
2023-01-30,LINK,,-0.19536829494655908,-1,-0.06254090001299811
2023-01-30,LTC,,-0.17950327632543608,-1,-0.08781758512931971
2023-01-30,LUNC,,0.4293030210428772,1,0.07924455026831739
2023-01-30,NEAR,,0.20906443884825063,1,0.03224391419888359
2023-01-30,NEXO,,0.008586279340042073,0,0.0
2023-01-30,QNT,,0.04321049758546257,0,0.0
2023-01-30,SHIB,,0.255645256035969,1,0.05950125619147767
2023-01-30,SOL,,0.1356053550799935,0,0.0
2023-01-30,STX,,0.11037666469389143,0,0.0
2023-01-30,TRX,,-0.5857670921531735,-1,-0.06403819174272743
2023-01-30,UNI,,0.035806317498237726,0,0.0
2023-01-30,VET,,0.04173392309793221,0,0.0
2023-01-30,XLM,,-0.405699238116779,-1,-0.06250261906052886
2023-01-30,XRP,,-0.31834541424339535,-1,-0.0734638508843096
2023-01-30,ZEC,,-0.03722231585146568,0,0.0
2023-02-06,AAVE,,0.20139941748718007,1,0.06963971028468928
2023-02-06,ADA,,-0.13893693732699586,-1,-0.04902595942973909
2023-02-06,ALGO,,0.14036415634382277,0,0.0
2023-02-06,APT,,0.5752592089085931,1,0.01320996300699546
2023-02-06,ATOM,,-0.12465503076135216,-1,-0.052382612703151414
2023-02-06,AVAX,,0.19910523726799684,1,0.037070351671079624
2023-02-06,BCH,,-0.10281196483903342,0,-0.002720059013072783
2023-02-06,BNB,,-0.510278025390632,-1,-0.07057737635886246
2023-02-06,BTC,,-0.6927789925091001,-1,-0.05236115912602975
2023-02-06,CAKE,,-0.09739797590334097,0,0.0064599874968152005
2023-02-06,CHZ,,-0.06818837415657482,0,0.0
2023-02-06,DASH,,-0.021185490523845378,0,0.0
2023-02-06,DEXE,,-0.12037158882358194,0,0.0064599874968152005
2023-02-06,DOGE,,0.7043983195513496,1,0.08425797766037335
2023-02-06,DOT,,-0.05081696669668713,0,0.0
2023-02-06,ETC,,0.009453388616277172,0,0.0064599874968152005
2023-02-06,ETH,,-0.4740398550783907,-1,-0.0680978722017137
2023-02-06,FET,,0.19263668660081656,0,0.0012297736002356667
2023-02-06,FIL,,0.43442710767541637,1,0.054188182139790465
2023-02-06,HBAR,,0.15415145326178117,0,0.0
2023-02-06,ICP,,0.26718351962000547,1,0.05397016432409063
2023-02-06,JST,,-0.27390842156078643,-1,-0.06418598406304607
2023-02-06,LINK,,-0.23113591889234605,-1,-0.06595128156069044
2023-02-06,LTC,,-0.49842414901907545,-1,-0.06795099664257259
2023-02-06,LUNC,,0.3197983509479393,1,0.10492420362747575
2023-02-06,NEAR,,0.2303767611404668,1,0.06650616435033474
2023-02-06,NEXO,,0.06471662177027593,0,0.0
2023-02-06,QNT,,0.1446721612503001,0,0.0
2023-02-06,SHIB,,0.24572428474237182,1,0.04391889642296657
2023-02-06,SOL,,0.589672545884725,1,0.05597665112129418
2023-02-06,STX,,0.06780543884155393,0,0.0
2023-02-06,TRX,,-0.49982617307590266,-1,-0.06908353314065582
2023-02-06,UNI,,0.04083680487304378,0,0.0
2023-02-06,VET,,-0.10736098247026774,0,0.0
2023-02-06,XLM,,-0.4284787437000007,-1,-0.06777661610658287
2023-02-06,XRP,,-0.33491709012173626,-1,-0.06962122818936427
2023-02-06,ZEC,,0.19353121606573845,1,0.09546267783571002
2023-02-13,AAVE,,0.10197593425168648,0,0.02123109305592906
2023-02-13,ADA,,0.023153647293066473,0,-0.014946568596478443
2023-02-13,ALGO,,-0.11052052184012207,-1,-0.024642907664420594
2023-02-13,APT,,0.4125108982427863,1,0.010681986727390631
2023-02-13,ATOM,,0.009435407029684208,0,-0.015969913146778418
2023-02-13,AVAX,,0.25378150552078105,1,0.022683521957343824
2023-02-13,BCH,,0.09246086623199737,0,-0.0008292657420325808
2023-02-13,BNB,,-0.2120948711952292,-1,-0.05805990184929806
2023-02-13,BTC,,-0.22525693240939101,-1,-0.039976516976601095
2023-02-13,CAKE,,-0.13870931268833242,-1,-0.025741031312959524
2023-02-13,CHZ,,0.16288926967378578,1,0.032105755997228015
2023-02-13,DASH,,0.2748655479012898,1,0.03360771092147995
2023-02-13,DEXE,,-0.008965971838404141,0,0.0019694595960313118
2023-02-13,DOGE,,0.4061290457517154,1,0.048797548232270276
2023-02-13,DOT,,-0.00306222738292793,0,0.0
2023-02-13,ETC,,0.11243912841928298,0,0.0019694595960313118
2023-02-13,ETH,,0.02193510098573834,0,-0.02076103211393191
2023-02-13,FET,,-0.23756761785107194,-1,-0.00594866452629483
2023-02-13,FIL,,-0.4251828312791713,-1,0.011684370811548328
2023-02-13,HBAR,,0.21917401167588224,1,0.014292697184273399
2023-02-13,ICP,,0.10156459986048534,0,0.016453910797794805
2023-02-13,JST,,-0.6159474943052934,-1,-0.050168911597759824
2023-02-13,LINK,,-0.07427697076304592,0,-0.02010659995925692
2023-02-13,LTC,,-0.23248197523454547,-1,-0.05460549623637043
2023-02-13,LUNC,,0.20485796450777072,1,0.06261545568405821
2023-02-13,NEAR,,0.0765524632727642,0,0.020275767350877466
2023-02-13,NEXO,,0.20481125494532257,1,0.02636066826026285
2023-02-13,QNT,,0.12753135286390221,0,0.0
2023-02-13,SHIB,,0.0916106594942166,0,0.013389575761556798
2023-02-13,SOL,,0.4886959590250312,1,0.030537396090390922
2023-02-13,STX,,-0.8852624541767348,-1,-0.003058434824847977
2023-02-13,TRX,,-0.1687326560340983,-1,-0.05760447312555613
2023-02-13,UNI,,0.21776439271777825,1,0.018815717464369122
2023-02-13,VET,,-0.22086974005363672,-1,-0.015875293714983463
2023-02-13,XLM,,-0.08787651260435356,0,-0.020663090608681177
2023-02-13,XRP,,-0.0965240876191362,0,-0.02122545841034955
2023-02-13,ZEC,,0.13919316761052686,1,0.06271146491776466
2023-02-20,AAVE,,0.1642904740297033,1,0.052828896866655664
2023-02-20,ADA,,-0.19680418485891432,-1,-0.04529110626565662
2023-02-20,ALGO,,-0.06884783695648959,0,-0.002674039647251651
2023-02-20,APT,,1.024982527914626,1,0.05751303518876386
2023-02-20,ATOM,,-0.17854462494355303,-1,-0.04586723808237523
2023-02-20,AVAX,,0.26315851478659164,1,0.06399798393650953
2023-02-20,BCH,,-7.169497099654269e-05,0,-8.998489555290135e-05
2023-02-20,BNB,,-0.49654460908296205,-1,-0.07682845661623247
2023-02-20,BTC,,-0.6088842322524626,-1,-0.050386362114170566
2023-02-20,CAKE,,-0.14016638654640778,0,-0.002793198725951497
2023-02-20,CHZ,,-0.10942936463881689,0,0.003483844747977055
2023-02-20,DASH,,-0.027271907554176057,0,0.0036468241768061113
2023-02-20,DEXE,,0.07677045285092358,0,0.00021370907667083404
2023-02-20,DOGE,,0.5325837095401674,1,0.08710098464939556
2023-02-20,DOT,,-0.008874233499053377,0,0.0
2023-02-20,ETC,,-0.021193211868724526,0,0.00021370907667083404
2023-02-20,ETH,,-0.4006875890163827,-1,-0.04859729336886853
2023-02-20,FET,,0.1740352663418923,1,0.020298195766927388
2023-02-20,FIL,,0.45526158642650305,1,0.016063154897972703
2023-02-20,HBAR,,-0.08481346633057792,0,0.0015509224583952
2023-02-20,ICP,,0.2674093129594384,1,0.029807694581025387
2023-02-20,JST,,-0.18070332747343038,-1,-0.0759721931802762
2023-02-20,LINK,,-0.2651377617670324,-1,-0.03325535237788896
2023-02-20,LTC,,-0.45816082841524547,-1,-0.0764536137733161
2023-02-20,LUNC,,0.3385084199217297,1,0.10879507717073536
2023-02-20,NEAR,,0.22077262430007746,1,0.0573370344958293
2023-02-20,NEXO,,0.2250370656037638,1,0.10486101466909797
2023-02-20,QNT,,0.11436906702304907,0,0.0
2023-02-20,SHIB,,0.15762788508240416,0,0.0014529233698333723
2023-02-20,SOL,,0.5044171194161474,1,0.05423480010593859
2023-02-20,STX,,0.07890643896771737,0,-0.00033187544633730796
2023-02-20,TRX,,-0.4813198463823477,-1,-0.07259067841361778
2023-02-20,UNI,,0.0032108472885254737,0,0.0020417223152546897
2023-02-20,VET,,-0.13119396377968612,0,-0.001722652431430471
2023-02-20,XLM,,-0.3359846294790106,-1,-0.06656090454937606
2023-02-20,XRP,,-0.29808303554045684,-1,-0.07283149475274237
2023-02-20,ZEC,,-0.10862457709653425,0,0.006804917090585401
2023-02-27,AAVE,,-0.11724486586730544,-1,-0.007575025371323631
2023-02-27,ADA,,-0.06281766349521059,0,-0.007038746561316575
2023-02-27,ALGO,,0.048690934707761244,0,-0.0004155757923314193
2023-02-27,APT,,0.5923722205911948,1,0.032334977473267204
2023-02-27,ATOM,,-0.09189122950825084,0,-0.0071282839159576145
2023-02-27,AVAX,,0.26567548623998416,1,0.031180782809694364
2023-02-27,BCH,,0.01831160773869301,0,-1.3984663355942273e-05
2023-02-27,BNB,,-0.1605585358701655,-1,-0.05218251486000676
2023-02-27,BTC,,-0.26575566840769943,-1,-0.033338220040368856
2023-02-27,CAKE,,-0.18019443923152317,-1,-0.040676604321306736
2023-02-27,CHZ,,0.03045975840718289,0,0.0005414285996051902
2023-02-27,DASH,,0.09825884661281879,0,0.0005667574332068044
2023-02-27,DEXE,,0.05060532187772008,0,3.3212790602105775e-05
2023-02-27,DOGE,,0.2514030480873745,1,0.04510630862082597
2023-02-27,DOT,,-0.022180631608480772,0,0.0
2023-02-27,ETC,,-0.02906985767393905,0,3.3212790602105775e-05
2023-02-27,ETH,,-0.01068810041444536,0,-0.00755256516771808
2023-02-27,FET,,0.5133092394650899,1,0.03471448364495343
2023-02-27,FIL,,-0.10902894010906379,-1,-0.002245993351727822
2023-02-27,HBAR,,0.07800554903222469,0,0.0002410307678701077
2023-02-27,ICP,,0.0869898570989126,0,0.004632450497065052
2023-02-27,JST,,-0.5804355762849458,-1,-0.037592886327769755
2023-02-27,LINK,,-0.16179730758487848,-1,-0.022263861129483673
2023-02-27,LTC,,-0.214924663091339,-1,-0.052124260072496466
2023-02-27,LUNC,,0.15224481104424756,1,0.05607794855178777
2023-02-27,NEAR,,0.21647902091696736,1,0.027308114695073722
2023-02-27,NEXO,,0.09147907601085105,0,0.016296579334781236
2023-02-27,QNT,,0.0825080392285418,0,0.0
2023-02-27,SHIB,,0.21966732246316628,1,0.030789089765376088
2023-02-27,SOL,,0.21067014769609255,1,0.028110458661672114
2023-02-27,STX,,-1.218600394125069,-1,-0.0034420280555404214
2023-02-27,TRX,,-0.1427878015694917,-1,-0.044713994950703106
2023-02-27,UNI,,0.13555509578955677,1,0.023118145732514864
2023-02-27,VET,,0.1433277756002002,1,0.015513597803640767
2023-02-27,XLM,,-0.13167126463614426,-1,-0.04289998231501245
2023-02-27,XRP,,-0.06152549473370634,0,-0.011318832228108734
2023-02-27,ZEC,,0.2751592756030755,1,0.025924779151989125
2023-03-06,AAVE,,-0.12306134318596534,-1,-0.020787692515292937
2023-03-06,ADA,,-0.019692035225565625,0,0.0
2023-03-06,ALGO,,-0.02958638227095001,0,0.0
2023-03-06,APT,,0.7538260119790132,1,0.0239681326661298
2023-03-06,ATOM,,-0.03013433959519945,-1,-0.0432648762321899
2023-03-06,AVAX,,0.33785621550097517,1,0.02420760340238149
2023-03-06,BCH,,-0.01309268970236863,0,0.0
2023-03-06,BNB,,0.012595604527724534,0,0.0
2023-03-06,BTC,,-0.2761279712558451,-1,-0.033480150086317564
2023-03-06,CAKE,,-0.13974944695056052,-1,-0.04965063693643611
2023-03-06,CHZ,,0.005609924645101136,0,0.0
2023-03-06,DASH,,0.19077980461792707,1,0.017329190182817124
2023-03-06,DEXE,,0.05083475195072675,0,0.0
2023-03-06,DOGE,,0.20174513623789858,1,0.038315868952532826
2023-03-06,DOT,,-0.004354622476748654,0,0.0
2023-03-06,ETC,,-0.06935274918524549,-1,-0.03809228449668655
2023-03-06,ETH,,0.035390015993129645,0,0.0
2023-03-06,FET,,0.15592438405582393,1,0.03228514856875252
2023-03-06,FIL,,-0.20893869489400216,-1,-0.005855379334071452
2023-03-06,HBAR,,0.278583073577958,1,0.032012329446721874
2023-03-06,ICP,,0.06809128438300913,0,0.0
2023-03-06,JST,,-0.7050483432851389,-1,-0.02657759088895698
2023-03-06,LINK,,-0.21702190323987713,-1,-0.020474839783681635
2023-03-06,LTC,,0.041792071496202135,0,0.0
2023-03-06,LUNC,,0.11261817973882808,0,0.0
2023-03-06,NEAR,,0.2138256075584318,1,0.019613815502430403
2023-03-06,NEXO,,0.04971451570338437,0,0.0
2023-03-06,QNT,,0.17292448695426701,1,0.0498786566375188
2023-03-06,SHIB,,0.26630460524904737,1,0.03475445621410283
2023-03-06,SOL,,0.1958423830589805,1,0.021900625506409907
2023-03-06,STX,,-1.3348918710011042,-1,-0.004189334791890836
2023-03-06,TRX,,-0.2082979541489955,-1,-0.037616715204317835
2023-03-06,UNI,,0.05457227406077372,0,0.0
2023-03-06,VET,,0.04417567122400115,0,0.0
2023-03-06,XLM,,-0.08213208900260587,-1,-0.04501502687569559
2023-03-06,XRP,,0.05664643685554811,0,0.0
2023-03-06,ZEC,,0.16182999605141815,1,0.0307387000657398
2023-03-13,AAVE,,-0.0988963071636277,-1,-0.033499137437933015
2023-03-13,ADA,,0.03314705846338557,0,0.0
2023-03-13,ALGO,,-0.06950556986901203,-1,-0.02886766641272229
2023-03-13,APT,,0.48993219701136814,1,0.02011005391756051
2023-03-13,ATOM,,-0.004371713719907088,0,0.0
2023-03-13,AVAX,,0.26900997976897356,1,0.02468102127869435
2023-03-13,BCH,,-0.07034834874495631,-1,-0.030686852890700743
2023-03-13,BNB,,-0.17029489317516636,-1,-0.028124226025330178
2023-03-13,BTC,,-0.7261394078267551,-1,-0.01863520435471182
2023-03-13,CAKE,,0.07553883517290642,0,0.0
2023-03-13,CHZ,,0.07208910222446523,0,0.0
2023-03-13,DASH,,0.00853859982246808,0,0.0
2023-03-13,DEXE,,0.0008482924378663638,0,0.0
2023-03-13,DOGE,,0.2793651139858637,1,0.034695694053089914
2023-03-13,DOT,,0.00812488054828469,0,0.0
2023-03-13,ETC,,-0.1427152574833283,-1,-0.030504731316742334
2023-03-13,ETH,,0.0065935682465909935,0,0.0
2023-03-13,FET,,0.06253231407236691,0,0.0
2023-03-13,FIL,,0.34058454015361944,1,0.018499827402650014
2023-03-13,HBAR,,0.14072944475705218,0,0.0
2023-03-13,ICP,,0.2405052831149288,1,0.02416684394599093
2023-03-13,JST,,-0.8401324707555757,-1,-0.0252631967956835
2023-03-13,LINK,,-0.12306516548916199,-1,-0.03876356216026594
2023-03-13,LTC,,-0.04627477322825128,-1,-0.02714651017442364
2023-03-13,LUNC,,0.16112776282412097,1,0.029260545536296756
2023-03-13,NEAR,,0.15607628249900582,1,0.021657927500795593
2023-03-13,NEXO,,0.11508309344944674,0,0.0
2023-03-13,QNT,,0.24652685140810943,1,0.04446559552952426
2023-03-13,SHIB,,0.2607757494202612,1,0.03462050003233667
2023-03-13,SOL,,0.24515713486094884,1,0.02837664065386969
2023-03-13,STX,,-1.2268071865822174,-1,-0.010847887260080494
2023-03-13,TRX,,-0.04068765027799858,-1,-0.05266127055173896
2023-03-13,UNI,,0.045651930335750115,0,0.0
2023-03-13,VET,,0.023403667012999882,0,0.0
2023-03-13,XLM,,-0.010104860982275199,0,0.0
2023-03-13,XRP,,0.17113267264859533,1,0.04446559552952426
2023-03-13,ZEC,,0.11686925105885625,0,0.0
2023-03-20,AAVE,,-0.15054783932351573,-1,-0.03769083368266515
2023-03-20,ADA,,0.07579241969694991,0,0.0
2023-03-20,ALGO,,-0.01240876689652759,0,0.0
2023-03-20,APT,,0.5213762243108382,1,0.027334161571788324
2023-03-20,ATOM,,-0.15910623982984132,-1,-0.05183643052830684
2023-03-20,AVAX,,0.28329003794035984,1,0.034258323640979894
2023-03-20,BCH,,-0.2432862316917574,-1,-0.03096801864940388
2023-03-20,BNB,,-0.3662967649883576,-1,-0.03058731126417013
2023-03-20,BTC,,-0.7800362354581091,-1,-0.021206052842065157
2023-03-20,CAKE,,-0.029412478525032454,0,0.0
2023-03-20,CHZ,,0.1218529794752631,0,0.0
2023-03-20,DASH,,0.2401207864109649,1,0.023659473215317712
2023-03-20,DEXE,,0.0009708996769986278,0,0.0
2023-03-20,DOGE,,0.4217328481185091,1,0.04555986181415948
2023-03-20,DOT,,-0.02334352126409641,0,0.0
2023-03-20,ETC,,-0.18522382535287463,-1,-0.03433968636810807
2023-03-20,ETH,,-0.1932644223199612,-1,-0.04239152793199928
2023-03-20,FET,,0.04890341989261611,0,0.0
2023-03-20,FIL,,0.5352304819316396,1,0.030204290153185934
2023-03-20,HBAR,,0.22941928841251602,1,0.03653723213385601
2023-03-20,ICP,,0.3274676916314853,1,0.038171816994286394
2023-03-20,JST,,-0.7293793972791834,-1,-0.027768668941551573
2023-03-20,LINK,,-0.06911390940927516,0,0.0
2023-03-20,LTC,,0.05305088651403478,0,0.0
2023-03-20,LUNC,,0.27544089774673225,1,0.039149670647988646
2023-03-20,NEAR,,0.17009429604872034,0,0.0
2023-03-20,NEXO,,0.018037216727274014,0,0.0
2023-03-20,QNT,,0.037105540349265886,0,0.0
2023-03-20,SHIB,,0.35096327918676945,1,0.045244150495096606
2023-03-20,SOL,,0.2729495906054648,1,0.038692133468356524
2023-03-20,STX,,-0.801256321580488,-1,-0.010593080490397677
2023-03-20,TRX,,-0.23594620833378593,-1,-0.06218848134762133
2023-03-20,UNI,,0.012252582262209332,0,0.0
2023-03-20,VET,,-0.034480364138008736,0,0.0
2023-03-20,XLM,,-0.054890209446409245,0,0.0
2023-03-20,XRP,,-0.12113288516391793,-1,-0.03838724675845671
2023-03-20,ZEC,,0.1930742540625312,1,0.029146224669730318
2023-03-27,AAVE,,-0.20609047707275593,-1,-0.03074680908406361
2023-03-27,ADA,,0.25603568004105537,1,0.033651110998430676
2023-03-27,ALGO,,0.001993496773623855,0,0.0
2023-03-27,APT,,0.4740883872521302,1,0.020802934723593024
2023-03-27,ARB,,0.16538350071435104,0,0.0
2023-03-27,ATOM,,-0.11006709854392278,-1,-0.04148829421451649
2023-03-27,AVAX,,0.3653730398907735,1,0.033651110998430676
2023-03-27,BCH,,-0.2406837775931903,-1,-0.02497509047676507
2023-03-27,BNB,,-0.4239110691143389,-1,-0.022977676115084764
2023-03-27,BTC,,-0.8379586945434161,-1,-0.016257807742930924
2023-03-27,CAKE,,0.018794888283831756,0,0.0
2023-03-27,CHZ,,0.1012623287168276,0,0.0
2023-03-27,DASH,,0.18639784981221563,1,0.014615871201501695
2023-03-27,DEXE,,0.17761192658979277,1,0.033651110998430676
2023-03-27,DOGE,,0.4179099481185101,1,0.03001798594122564
2023-03-27,DOT,,0.06216713921515644,0,0.0
2023-03-27,ETC,,-0.2024916063624393,-1,-0.028178252001112965
2023-03-27,ETH,,-0.15194807688952064,-1,-0.036981691110154515
2023-03-27,FET,,-0.058103662119410086,0,0.0
2023-03-27,FIL,,0.44171916647191495,1,0.01949961863115634
2023-03-27,HBAR,,0.16137704058337135,0,0.0
2023-03-27,ICP,,0.4399726052800817,1,0.033651110998430676
2023-03-27,JST,,-0.8875806429302454,-1,-0.02074796886931628
2023-03-27,LINK,,-0.10098708698442938,-1,-0.03931223270147255
2023-03-27,LTC,,-0.031606649968751094,0,0.0
2023-03-27,LUNC,,0.22464104874019689,1,0.024522500115744347
2023-03-27,NEAR,,0.16281266331300523,0,0.0
2023-03-27,NEXO,,-0.17760363008745297,-1,-0.01632667640308613
2023-03-27,QNT,,0.02797771810091924,0,0.0
2023-03-27,SHIB,,0.5118856725457647,1,0.033651110998430676
2023-03-27,SOL,,0.1875217493759643,1,0.02884782748950304
2023-03-27,STX,,-1.1475844422710584,-1,-0.007170800381725789
2023-03-27,TRX,,-0.06853257469495169,-1,-0.04497474966212056
2023-03-27,UNI,,0.04969224232867589,0,0.0
2023-03-27,VET,,0.031411164006979866,0,0.0
2023-03-27,XLM,,-0.03868149022319084,0,0.0
2023-03-27,XRP,,-0.05959291252053272,0,0.0
2023-03-27,ZEC,,0.2773946357644621,1,0.023575755667472116
2023-04-03,AAVE,,-0.16871504782872568,-1,-0.03433943679754586
2023-04-03,ADA,,0.3135897561639011,1,0.02992334650125817
2023-04-03,ALGO,,0.11693937020522245,0,0.0
2023-04-03,APT,,0.13840080881856628,0,0.0
2023-04-03,ARB,,0.16527015152560937,0,0.0
2023-04-03,ATOM,,-0.07286740712786177,0,0.0
2023-04-03,AVAX,,0.387756189482484,1,0.02992334650125817
2023-04-03,BCH,,-0.18418747268866614,-1,-0.028910418510666086
2023-04-03,BNB,,-0.4056687416183951,-1,-0.02588325213963329
2023-04-03,BTC,,-0.8481147246486064,-1,-0.018948173277805295
2023-04-03,CAKE,,-0.09572613852520218,0,0.0
2023-04-03,CHZ,,0.22073786662080502,1,0.02639522437987288
2023-04-03,DASH,,0.30448152032448167,1,0.028084804284222706
2023-04-03,DEXE,,0.07618354622493553,0,0.0
2023-04-03,DOGE,,0.5827439898314821,1,0.02992334650125817
2023-04-03,DOT,,0.02352089203306365,0,0.0
2023-04-03,ETC,,-0.16698495688302728,-1,-0.03670432046389133
2023-04-03,ETH,,-0.20935262411234462,-1,-0.04337924872431722
2023-04-03,FET,,0.006818717269618413,0,0.0
2023-04-03,FIL,,0.5121790122781493,1,0.017964979361734634
2023-04-03,HBAR,,-0.19099795090448635,-1,-0.01971130989443879
2023-04-03,ICP,,0.4216833632672524,1,0.02992334650125817
2023-04-03,JST,,-0.7987474464458133,-1,-0.02978920951454111
2023-04-03,LINK,,-0.10477152917768978,0,0.0
2023-04-03,LTC,,0.04375878993380862,0,0.0
2023-04-03,LUNC,,0.3484307225295664,1,0.02879846740260967
2023-04-03,NEAR,,0.24471784263806687,1,0.019136029717329098
2023-04-03,NEXO,,-0.14643801999478345,-1,-0.01926248560190602
2023-04-03,QNT,,-0.11951332021048579,0,0.0
2023-04-03,SHIB,,0.5905037736766234,1,0.02992334650125817
2023-04-03,SOL,,0.1919778749168985,1,0.027246316367912367
2023-04-03,STX,,-1.1485125510320415,-1,-0.008093032636841033
2023-04-03,TRX,,0.051862118317494744,0,0.0
2023-04-03,UNI,,0.0666762476115149,0,0.0
2023-04-03,VET,,0.16418513638757476,0,0.0
2023-04-03,XLM,,-0.2889546160086675,-1,-0.034391182282638086
2023-04-03,XRP,,-0.5497652892439427,-1,-0.027753830677006208
2023-04-03,ZEC,,0.5269001463936217,1,0.02992334650125817
2023-04-10,AAVE,,-0.18980137789727458,-1,-0.03237232859074511
2023-04-10,ADA,,-0.04763051430872313,0,0.0
2023-04-10,ALGO,,0.23452577216990522,1,0.0314756455418094
2023-04-10,APT,,-0.011665388760996744,0,0.0
2023-04-10,ARB,,0.17146155170700114,1,0.0250281493369358
2023-04-10,ATOM,,-0.3655178051414638,-1,-0.02490148709135795
2023-04-10,AVAX,,0.19471046839639955,1,0.021091679671624206
2023-04-10,BCH,,0.021228016056507835,0,0.0
2023-04-10,BNB,,-0.1491680237964986,-1,-0.03451563053409178
2023-04-10,BTC,,0.012692899900661987,0,0.0
2023-04-10,CAKE,,0.09745047312170649,0,0.0
2023-04-10,CHZ,,0.116665806495087,0,0.0
2023-04-10,DASH,,0.42592965946018113,1,0.02766853267206442
2023-04-10,DEXE,,0.03909399237106159,0,0.0
2023-04-10,DOGE,,0.5007257980517509,1,0.03237694270427681
2023-04-10,DOT,,0.043296316027371926,0,0.0
2023-04-10,ETC,,0.08572417116871386,0,0.0
2023-04-10,ETH,,-0.1907904863842335,-1,-0.037360787574557616
2023-04-10,FET,,-0.3167421318786473,-1,-0.01895382362616606
2023-04-10,FIL,,0.46850123926523474,1,0.01913929499079865
2023-04-10,HBAR,,-0.43433704535762846,-1,-0.018434821372226608
2023-04-10,ICP,,-0.19931199900955177,-1,-0.019550188076199453
2023-04-10,JST,,-0.5457969141257231,-1,-0.04621530232773598
2023-04-10,LINK,,-0.13271661954286737,0,0.0
2023-04-10,LTC,,0.1081466439708104,0,0.0
2023-04-10,LUNC,,0.4424262073518192,1,0.03237694270427681
2023-04-10,NEAR,,-0.011071178137637108,0,0.0
2023-04-10,NEXO,,-0.36883621601423555,-1,-0.01821151749476639
2023-04-10,QNT,,-0.10973604696147309,0,0.0
2023-04-10,SHIB,,0.5711758661902712,1,0.03237694270427681
2023-04-10,SOL,,-0.46214294621492197,-1,-0.01755462080027818
2023-04-10,STX,,0.38200544294321825,1,0.023400002102756473
2023-04-10,TRX,,0.018282114406278034,0,0.0
2023-04-10,UNI,,0.13756787890556915,1,0.02147898964171959
2023-04-10,VET,,0.27448309616184374,1,0.02700980559603955
2023-04-10,XLM,,-0.5223694385555189,-1,-0.03165624777648811
2023-04-10,XRP,,-0.7864406376637325,-1,-0.026073115106242068
2023-04-10,ZEC,,0.49798135562973284,1,0.03237694270427681
2023-04-17,AAVE,,-0.06284685441331406,0,0.0
2023-04-17,ADA,,-0.15588180312227531,-1,-0.021214196658533125
2023-04-17,ALGO,,0.1769877343898669,1,0.018718303928274317
2023-04-17,APT,,0.39264798871654477,1,0.016172849050683034
2023-04-17,ARB,,-0.9131666733308968,-1,-0.009551403675550778
2023-04-17,ATOM,,-0.08941007592585547,-1,-0.022073055295801915
2023-04-17,AVAX,,0.1361531626053184,1,0.01768398935426742
2023-04-17,BCH,,-0.010117192340286048,0,0.0
2023-04-17,BNB,,-0.07739162193923328,0,0.0
2023-04-17,BTC,,-0.13399809609274937,-1,-0.040387667154962975
2023-04-17,CAKE,,-0.06272911873210803,0,0.0
2023-04-17,CHZ,,-0.047161762058076456,0,0.0
2023-04-17,DASH,,0.11732678490143099,0,0.0
2023-04-17,DEXE,,0.3561179705952611,1,0.04568666140727145
2023-04-17,DOGE,,0.15914194451308972,1,0.02302068080908068
2023-04-17,DOT,,0.01868059843938953,0,0.0
2023-04-17,ETC,,-0.0058708389357911795,0,0.0
2023-04-17,ETH,,-0.0873962928170318,-1,-0.024763292611919667
2023-04-17,FET,,0.020070849722412753,0,0.0
2023-04-17,FIL,,0.2395396809945412,1,0.019729250117741827
2023-04-17,HBAR,,-0.19774786780392026,-1,-0.017654366937024615
2023-04-17,ICP,,-0.041398522068345475,0,0.0
2023-04-17,JST,,-0.6246306957652552,-1,-0.04959314598065501
2023-04-17,LINK,,-0.09843561600677593,-1,-0.025010885914150044
2023-04-17,LTC,,0.004767676247152733,0,0.0
2023-04-17,LUNC,,0.2698962339603607,1,0.03042548284726115
2023-04-17,NEAR,,0.035142311468626446,0,0.0
2023-04-17,NEXO,,0.2590225611246552,1,0.023850649989391653
2023-04-17,QNT,,-0.09034925463593255,-1,-0.05215785980236445
2023-04-17,SHIB,,0.20798510876936158,1,0.03208281668508564
2023-04-17,SOL,,-0.09917333230422451,-1,-0.015778290019112965
2023-04-17,STX,,0.4196043373645176,1,0.026638469791789073
2023-04-17,TRX,,0.23048896621189285,1,0.04568666140727145
2023-04-17,UNI,,0.20352623399147088,1,0.025312334513248807
2023-04-17,VET,,0.05656444536826708,0,0.0
2023-04-17,XLM,,-0.3029574835458719,-1,-0.022872211030887553
2023-04-17,XRP,,-0.29564846316054394,-1,-0.023951774820403327
2023-04-17,ZEC,,0.09264697561432252,0,0.0
2023-04-24,AAVE,,-0.07382402174213058,-1,-0.024797723204554624
2023-04-24,ADA,,-0.1991073439892249,-1,-0.022017528936598516
2023-04-24,ALGO,,0.11211645170990665,1,0.018650808517884362
2023-04-24,APT,,0.3602467982745253,1,0.015982471941219396
2023-04-24,ARB,,-1.00441560299435,-1,-0.00988011704775714
2023-04-24,ATOM,,-0.08755167016433592,-1,-0.021508380858191213
2023-04-24,AVAX,,0.09117576820870792,1,0.017229856653653047
2023-04-24,BCH,,-0.052211146535571434,0,0.0
2023-04-24,BNB,,-0.1771793061236461,-1,-0.039729558057282385
2023-04-24,BTC,,-0.03376171405852116,0,0.0
2023-04-24,CAKE,,0.10905624929178032,1,0.02499955620871544
2023-04-24,CHZ,,0.014253226968676851,0,0.0
2023-04-24,DASH,,0.08093461033311206,0,0.0
2023-04-24,DEXE,,-0.13109411972235568,-1,-0.05239533280986007
2023-04-24,DOGE,,0.14182141408012808,1,0.023518702783701308
2023-04-24,DOT,,-0.010897052627459582,0,0.0
2023-04-24,ETC,,-0.05069893216887246,0,0.0
2023-04-24,ETH,,-0.1493301741650192,-1,-0.024943022826064927
2023-04-24,FET,,-0.07180808646675717,-1,-0.018600799716271217
2023-04-24,FIL,,0.24468709017475287,1,0.01902999066742263
2023-04-24,HBAR,,0.058653052286198576,0,0.0
2023-04-24,ICP,,-0.22113441313519808,-1,-0.017535774905538405
2023-04-24,JST,,-0.6852030949748509,-1,-0.05239533280986007
2023-04-24,LINK,,-0.16631933212883124,-1,-0.025224512981245784
2023-04-24,LTC,,-0.013110567015592954,0,0.0
2023-04-24,LUNC,,0.32064830017640317,1,0.029338289753725242
2023-04-24,NEAR,,-0.01997134608731415,0,0.0
2023-04-24,NEXO,,0.45694311852345204,1,0.035807538280340015
2023-04-24,QNT,,0.15204264807786633,1,0.04457074018410825
2023-04-24,SHIB,,0.02212261004257094,0,0.0
2023-04-24,SOL,,-0.1559409869268087,-1,-0.01601728396584588
2023-04-24,STX,,0.5185572043785741,1,0.02583264140127698
2023-04-24,TRX,,0.274981491299466,1,0.04457074018410825
2023-04-24,UNI,,0.21579390691165684,1,0.025514031542915386
2023-04-24,VET,,0.052093712515642425,0,0.0
2023-04-24,XLM,,0.045732468262906306,0,0.0
2023-04-24,XRP,,0.05942422163215019,0,0.0
2023-04-24,ZEC,,-0.027725432121638197,0,0.0
2023-05-01,AAVE,,0.014129678000289077,0,0.0
2023-05-01,ADA,,-0.20821430963500792,-1,-0.02235395643280207
2023-05-01,ALGO,,0.21785771994070482,1,0.019949847468833572
2023-05-01,APT,,0.32545869698399077,1,0.01617586228597329
2023-05-01,ARB,,-0.7059724932111499,-1,-0.00990872647008011
2023-05-01,ATOM,,-0.1282701907254691,-1,-0.021857223825815748
2023-05-01,AVAX,,0.11295469616122977,0,0.0
2023-05-01,BCH,,0.04733481905214997,0,0.0
2023-05-01,BNB,,-0.2841284703014928,-1,-0.036908657071761976
2023-05-01,BTC,,-0.09683089564409271,-1,-0.037106288159359686
2023-05-01,CAKE,,0.18520156513853167,1,0.021164384231415714
2023-05-01,CHZ,,0.17839367062265712,1,0.02623673244252602
2023-05-01,DASH,,0.04402503818792434,0,0.0
2023-05-01,DEXE,,-0.1729678084265982,-1,-0.04027927447515647
2023-05-01,DOGE,,0.17333592265288386,1,0.02547902113812456
2023-05-01,DOT,,0.022536651870454075,0,0.0
2023-05-01,ETC,,0.0007012237006414577,0,0.0
2023-05-01,ETH,,-0.07105734889645259,0,0.0
2023-05-01,FET,,-0.11968861231664578,-1,-0.018238832700504595
2023-05-01,FIL,,0.220510157121538,1,0.01947848683058931
2023-05-01,HBAR,,-0.05389246615017209,0,0.0
2023-05-01,ICP,,-0.4119034543578464,-1,-0.015275881006898086
2023-05-01,JST,,-0.7958998602511838,-1,-0.052577788341882065
2023-05-01,LINK,,-0.1037609634391066,-1,-0.02637176986206619
2023-05-01,LTC,,-0.11477721709615873,-1,-0.027807427960133
2023-05-01,LUNC,,0.18548949475568938,1,0.027245731610491524
2023-05-01,NEAR,,-0.0638371703444899,0,0.0
2023-05-01,NEXO,,0.3167351726506682,1,0.03435914687951521
2023-05-01,QNT,,-0.006672331438791375,0,0.0
2023-05-01,SHIB,,0.012270534339573142,0,0.0
2023-05-01,SOL,,-0.18179404316956257,-1,-0.01635521461696447
2023-05-01,STX,,0.6361705128095828,1,0.025685444790843042
2023-05-01,TRX,,0.35733779859225695,1,0.04602105052920854
2023-05-01,UNI,,0.2770397895128079,1,0.026419390950831585
2023-05-01,VET,,0.018052274884168662,0,0.0
2023-05-01,XLM,,0.11308021746469772,1,0.03682594176507215
2023-05-01,XRP,,0.04844911247050926,0,0.0
2023-05-01,ZEC,,0.012602888491268033,0,0.0
2023-05-08,AAVE,,-0.07722686240643578,-1,-0.024692799366219483
2023-05-08,ADA,,0.021393800543142046,0,0.0
2023-05-08,ALGO,,0.3427321456623838,1,0.023417684651417442
2023-05-08,APT,,0.4177079340929474,1,0.021714529941287326
2023-05-08,ARB,,0.26649491425117017,1,0.018046125612362792
2023-05-08,ATOM,,-0.19934945141687638,-1,-0.019694545799004023
2023-05-08,AVAX,,0.16233775973119996,1,0.023391611615766788
2023-05-08,BCH,,0.17643347407396004,1,0.03564165527465325
2023-05-08,BNB,,-0.16653842592979934,-1,-0.03465792022124212
2023-05-08,BTC,,-0.4107520465089729,-1,-0.027300949553049285
2023-05-08,CAKE,,0.47136617508371137,1,0.02295476176041315
2023-05-08,CHZ,,-0.38238325724027994,-1,-0.018021881373974417
2023-05-08,DASH,,0.08731120195139783,0,0.0
2023-05-08,DEXE,,-0.19147997634874878,-1,-0.03465792022124212
2023-05-08,DOGE,,0.15061571969483592,1,0.03101908892878994
2023-05-08,DOT,,0.12009806475006243,0,0.0
2023-05-08,ETC,,0.1566277849151385,1,0.03564165527465325
2023-05-08,ETH,,0.0794541857496324,0,0.0
2023-05-08,FET,,0.0822276554078715,0,0.0
2023-05-08,FIL,,0.04828369679631956,0,0.0
2023-05-08,HBAR,,-0.3249602467683053,-1,-0.020745171869293456
2023-05-08,ICP,,-0.9755213674868617,-1,-0.011956201967676133
2023-05-08,JST,,-0.7262348801750346,-1,-0.03465792022124212
2023-05-08,LINK,,0.06441948187201502,0,0.0
2023-05-08,LTC,,-0.012990378729327791,0,0.0
2023-05-08,LUNC,,0.15735536457506477,1,0.0268799476442174
2023-05-08,NEAR,,0.13806206580708735,1,0.022416329506709652
2023-05-08,NEXO,,-0.01001994184240453,0,0.0
2023-05-08,PEPE,,0.0762419920126039,0,0.0
2023-05-08,QNT,,-0.1349149172212451,-1,-0.03465792022124212
2023-05-08,SHIB,,0.08730798050922789,0,0.0
2023-05-08,SOL,,0.030418238859506366,0,0.0
2023-05-08,STX,,0.05298751632112335,0,0.0
2023-05-08,SUI,,0.06007171703998097,0,0.0
2023-05-08,TRX,,0.14317387849790503,1,0.03564165527465325
2023-05-08,UNI,,0.28085886486043327,1,0.02824859909178955
2023-05-08,VET,,0.07292445194183325,0,0.0
2023-05-08,XLM,,0.02273629316574927,0,0.0
2023-05-08,XRP,,-0.09968747387460222,-1,-0.03465792022124212
2023-05-08,ZEC,,-0.05758313221740974,-1,-0.02931249354128643
2023-05-15,AAVE,,-0.020805635292820215,0,0.0
2023-05-15,ADA,,0.05347141420012956,0,0.0
2023-05-15,ALGO,,0.42537546433896106,1,0.029762611411363566
2023-05-15,APT,,0.5155670170075566,1,0.028868391478888353
2023-05-15,ARB,,0.41576242148383746,1,0.028072723104921687
2023-05-15,ATOM,,-0.1614327951078844,-1,-0.031165717810718068
2023-05-15,AVAX,,0.20710858083464595,1,0.029762611411363566
2023-05-15,BCH,,0.18070041318167213,1,0.029762611411363566
2023-05-15,BNB,,-0.2260057766982992,-1,-0.031917055066832525
2023-05-15,BTC,,-0.3893022382495537,-1,-0.031917055066832525
2023-05-15,CAKE,,0.19807973233350656,1,0.01519868905674328
2023-05-15,CHZ,,-0.3228078941633884,-1,-0.019251929260592715
2023-05-15,DASH,,-0.06168217295060144,0,0.0
2023-05-15,DEXE,,-0.1249081958682485,-1,-0.031917055066832525
2023-05-15,DOGE,,0.252008556721515,1,0.029762611411363566
2023-05-15,DOT,,0.168495340555152,0,0.0
2023-05-15,ETC,,0.1141173760917589,0,0.0
2023-05-15,ETH,,0.1975196662381785,1,0.029762611411363566
2023-05-15,FET,,0.0720364032779963,0,0.0
2023-05-15,FIL,,0.15363288130167027,0,0.0
2023-05-15,HBAR,,-0.27302287153768556,-1,-0.02035318307061068
2023-05-15,ICP,,-0.9681318494350937,-1,-0.011730740853542164
2023-05-15,JST,,-0.7681551703512033,-1,-0.031917055066832525
2023-05-15,LINK,,0.07281907973487058,0,0.0
2023-05-15,LTC,,-0.21279121114580138,-1,-0.02432030509087044
2023-05-15,LUNC,,0.17085585147862792,1,0.025331809643405027
2023-05-15,NEAR,,0.2302585398394777,1,0.029762611411363566
2023-05-15,NEXO,,-0.015254755450221171,0,0.0
2023-05-15,PEPE,,0.07700777646275486,0,0.0
2023-05-15,QNT,,-0.30292908684426767,-1,-0.031917055066832525
2023-05-15,SHIB,,0.06996241871430856,0,0.0
2023-05-15,SOL,,0.02359396319168484,0,0.0
2023-05-15,STX,,0.18815881227810427,1,0.019191274981951844
2023-05-15,SUI,,0.06015704419091509,0,0.0
2023-05-15,TRX,,-0.3528226224071843,-1,-0.031917055066832525
2023-05-15,UNI,,0.40257058503403303,1,0.029762611411363566
2023-05-15,VET,,0.1494634184275343,0,0.0
2023-05-15,XLM,,0.07015995734984637,0,0.0
2023-05-15,XRP,,-0.2416945803468416,-1,-0.026676961658125928
2023-05-15,ZEC,,-0.027135858419646764,0,0.0
2023-05-22,AAVE,,-0.24548898661414217,-1,-0.022644417796499946
2023-05-22,ADA,,-0.03217018713640034,0,0.0
2023-05-22,ALGO,,0.2585393182973697,1,0.030436834781265097
2023-05-22,APT,,0.42562602618614287,1,0.02314503774020079
2023-05-22,ARB,,-0.016298268227703503,0,0.0
2023-05-22,ATOM,,0.07570494441247065,0,0.0
2023-05-22,AVAX,,0.23924252554290007,1,0.028943844799850498
2023-05-22,BCH,,0.3483605883441061,1,0.030436834781265097
2023-05-22,BNB,,-0.10263726743048243,0,0.0
2023-05-22,BTC,,-0.18311111872194633,-1,-0.033223074652948714
2023-05-22,CAKE,,0.14937586586848506,1,0.01662569354463404
2023-05-22,CHZ,,-0.0075038425048932645,0,0.0
2023-05-22,DASH,,-0.16533370316785667,-1,-0.02237996602784232
2023-05-22,DEXE,,-0.14126880120532354,-1,-0.033223074652948714
2023-05-22,DOGE,,0.30638240943053474,1,0.030436834781265097
2023-05-22,DOT,,0.11313362384247462,0,0.0
2023-05-22,ETC,,0.1436210840091132,1,0.030436834781265097
2023-05-22,ETH,,0.10361522731983412,0,0.0
2023-05-22,FET,,-0.47761159681102794,-1,-0.013670040610815245
2023-05-22,FIL,,0.034450726745515706,0,0.0
2023-05-22,HBAR,,-0.07189440391089211,0,0.0
2023-05-22,ICP,,0.10538444562240923,0,0.0
2023-05-22,JST,,-0.8491435960782759,-1,-0.033223074652948714
2023-05-22,LINK,,0.11139895436629489,0,0.0
2023-05-22,LTC,,-0.43772235831287615,-1,-0.024876841458046663
2023-05-22,LUNC,,0.18006562376839708,1,0.026178126538328097
2023-05-22,NEAR,,0.1748839969895744,1,0.02720059161848568
2023-05-22,NEXO,,0.05692912925912723,0,0.0
2023-05-22,PEPE,,0.07019140034066434,0,0.0
2023-05-22,QNT,,-0.212768227474882,-1,-0.033223074652948714
2023-05-22,SHIB,,-0.010997209459201065,0,0.0
2023-05-22,SOL,,0.1426060376849256,0,0.0
2023-05-22,STX,,0.17502452445424554,1,0.02029127044527572
2023-05-22,SUI,,0.05987132566178947,0,0.0
2023-05-22,TRX,,-0.3579612142672029,-1,-0.033223074652948714
2023-05-22,UNI,,0.5031989100388838,1,0.030436834781265097
2023-05-22,VET,,-0.18111098681292784,-1,-0.022961446305123916
2023-05-22,XLM,,0.18770364039112694,1,0.030436834781265097
2023-05-22,XRP,,-0.30632677175601397,-1,-0.02500745182534188
2023-05-22,ZEC,,-0.165961788684337,-1,-0.027350036085951913
2023-05-29,AAVE,,-0.43140266437873825,-1,-0.020661327301998152
2023-05-29,ADA,,0.02379862412259407,0,0.0
2023-05-29,ALGO,,0.4167213930250384,1,0.030180779668058096
2023-05-29,APT,,0.48593044867861424,1,0.02095241971166285
2023-05-29,ARB,,0.21393238744305984,1,0.02101033772664835
2023-05-29,ATOM,,0.11788934588950273,0,0.0
2023-05-29,AVAX,,0.29317562659782215,1,0.028111739285509092
2023-05-29,BCH,,0.23291898505871078,1,0.030180779668058096
2023-05-29,BNB,,-0.1569359733939217,-1,-0.03561085967834997
2023-05-29,BTC,,-0.2667940717948517,-1,-0.03561085967834997
2023-05-29,CAKE,,0.40624406821587644,1,0.027024050017858074
2023-05-29,CHZ,,0.07392106006689157,0,0.0
2023-05-29,DASH,,-0.055554658810180395,0,0.0
2023-05-29,DEXE,,-0.14764360544556157,0,0.0
2023-05-29,DOGE,,0.27359093306411336,1,0.030180779668058096
2023-05-29,DOT,,0.04948644306381021,0,0.0
2023-05-29,ETC,,0.09278922618108483,0,0.0
2023-05-29,ETH,,0.03413063327170059,0,0.0
2023-05-29,FET,,-0.23457158519898047,-1,-0.015806903925614364
2023-05-29,FIL,,0.14374243155053457,0,0.0
2023-05-29,HBAR,,-0.03320235599423978,0,0.0
2023-05-29,ICP,,0.20888718073407386,1,0.030180779668058096
2023-05-29,JST,,-0.8615549389281145,-1,-0.03561085967834997
2023-05-29,LINK,,0.03948765817899123,0,0.0
2023-05-29,LTC,,-0.18671812449894884,-1,-0.03505875899525101
2023-05-29,LUNC,,-0.6913400652108286,-1,-0.013289086787322256
2023-05-29,NEAR,,0.2963244930725202,1,0.030180779668058096
2023-05-29,NEXO,,-0.10319810138960962,0,0.0
2023-05-29,PEPE,,-0.30297349636437526,-1,-0.013499594975081032
2023-05-29,QNT,,-0.23042702436910908,-1,-0.030418503481433674
2023-05-29,SHIB,,0.038763351564558526,0,0.0
2023-05-29,SOL,,0.2695463444086868,1,0.02472883278471693
2023-05-29,STX,,0.28369215595869457,1,0.0220947025609663
2023-05-29,SUI,,0.05399427756347052,0,0.0
2023-05-29,TRX,,-0.3324532836200634,-1,-0.03561085967834997
2023-05-29,UNI,,0.3476557863125735,1,0.030180779668058096
2023-05-29,VET,,-0.039722624363326776,0,0.0
2023-05-29,XLM,,0.1692270013822867,0,0.0
2023-05-29,XRP,,-0.2717237451376386,-1,-0.02515850433696765
2023-05-29,ZEC,,-0.21963353650671857,-1,-0.02867064157864213
2023-06-05,AAVE,,-0.29683207505084125,-1,-0.030716646857526907
2023-06-05,ADA,,-0.09727123612657168,-1,-0.023226995831062813
2023-06-05,ALGO,,0.15241957962687608,1,0.022853538569402195
2023-06-05,APT,,0.27821199366896054,1,0.015867653788821573
2023-06-05,ARB,,0.03895003440167691,0,0.0
2023-06-05,ATOM,,-0.04766009198048637,0,0.0
2023-06-05,AVAX,,0.16101249943186807,1,0.02552236523054406
2023-06-05,BCH,,0.021052602509127688,0,0.0
2023-06-05,BNB,,0.06791414358751208,0,0.0
2023-06-05,BTC,,-0.0250840092013163,0,0.0
2023-06-05,CAKE,,0.1311056686851851,1,0.029407460599806597
2023-06-05,CHZ,,0.20209354272030972,1,0.018643857661050492
2023-06-05,DASH,,-0.08612947818248391,-1,-0.02048162946915257
2023-06-05,DEXE,,0.024001732160537623,0,0.0
2023-06-05,DOGE,,0.1594241901428595,1,0.03660050011362033
2023-06-05,DOT,,-0.0333824573213269,0,0.0
2023-06-05,ETC,,0.0034752217504822164,0,0.0
2023-06-05,ETH,,0.07080972123206089,0,0.0
2023-06-05,FET,,-0.0534379135814288,-1,-0.018368438931410665
2023-06-05,FIL,,0.10847474004849103,1,0.019798091970769933
2023-06-05,HBAR,,0.040793936267412186,0,0.0
2023-06-05,ICP,,0.21373857851382336,1,0.026938284881338315
2023-06-05,JST,,-0.7773814311243845,-1,-0.02937251295699968
2023-06-05,LINK,,-0.038273994843152304,0,0.0
2023-06-05,LTC,,-0.2687052430655118,-1,-0.029153705578191025
2023-06-05,LUNC,,-0.4840186253998673,-1,-0.018959816221677892
2023-06-05,NEAR,,0.07054218039324113,0,0.0
2023-06-05,NEXO,,0.03193841659425978,0,0.0
2023-06-05,PEPE,,0.1368362409216325,1,0.03465517556203565
2023-06-05,QNT,,-0.06302145073249227,-1,-0.039399062881226694
2023-06-05,SHIB,,0.0768896041745845,0,0.0
2023-06-05,SOL,,0.14197100281500571,1,0.017732788046262684
2023-06-05,STX,,0.3353690131187924,1,0.04591230656675549
2023-06-05,SUI,,-0.14261431539165448,-1,-0.02169232981706303
2023-06-05,TRX,,-0.13871481501442232,-1,-0.03520413379656416
2023-06-05,UNI,,0.20551882283560877,1,0.031082792267232054
2023-06-05,VET,,-0.14495693254340206,-1,-0.029749764287370223
2023-06-05,XLM,,0.04774784520772639,0,0.0
2023-06-05,XRP,,0.09829702694451843,0,0.0
2023-06-05,ZEC,,-0.12110426819320873,-1,-0.028689778629393706
2023-06-12,AAVE,,-0.27807042549684935,-1,-0.023500737387363472
2023-06-12,ADA,,-0.14819451338126347,-1,-0.01676028961420891
2023-06-12,ALGO,,0.09383474195017684,0,0.0
2023-06-12,APT,,0.29671691125715804,1,0.014137278020253434
2023-06-12,ARB,,-0.01563844220496882,0,0.0
2023-06-12,ATOM,,-0.0003176826428593618,0,0.0
2023-06-12,AVAX,,0.14278796240156316,1,0.024067973042989407
2023-06-12,BCH,,0.16402997478942347,1,0.040966797492175404
2023-06-12,BNB,,0.11934519255287294,1,0.02225769669320523
2023-06-12,BTC,,0.05318917402002335,0,0.0
2023-06-12,CAKE,,0.12707016988664369,1,0.026941370956686996
2023-06-12,CHZ,,0.1851833756625501,1,0.017771126386213757
2023-06-12,DASH,,0.04926842296719911,0,0.0
2023-06-12,DEXE,,0.11713233580153343,0,0.0
2023-06-12,DOGE,,0.24148651210169,1,0.034422441690016396
2023-06-12,DOT,,0.03276404398233278,0,0.0
2023-06-12,ETC,,0.06567216655474124,0,0.0
2023-06-12,ETH,,-0.09830782247259491,-1,-0.04634794046127916
2023-06-12,FET,,-0.06488060611173903,-1,-0.01323015740495842
2023-06-12,FIL,,0.1524541805737572,1,0.01725598226226129
2023-06-12,HBAR,,0.16485935385121728,1,0.042299858094815894
2023-06-12,ICP,,0.09931874316353793,0,0.0
2023-06-12,JST,,-0.8279385302603158,-1,-0.022064950533960025
2023-06-12,LINK,,-0.002801114778908217,0,0.0
2023-06-12,LTC,,-0.04378032287100838,0,0.0
2023-06-12,LUNC,,-0.5446050334939587,-1,-0.013652834358564717
2023-06-12,NEAR,,0.11603967761782533,0,0.0
2023-06-12,NEXO,,-0.08477148279192721,-1,-0.049450025865341384
2023-06-12,PEPE,,0.4800502101005395,1,0.022681557795743865
2023-06-12,QNT,,-0.13341798948044165,-1,-0.02933260558225817
2023-06-12,SHIB,,0.07690273286891125,0,0.0
2023-06-12,SOL,,0.11612165909922273,0,0.0
2023-06-12,STX,,0.3910483712125418,1,0.039881761477367675
2023-06-12,SUI,,-0.21970709277108755,-1,-0.01065443487196844
2023-06-12,TRX,,-0.025960243281306743,0,0.0
2023-06-12,UNI,,0.14278988357428526,1,0.022368181109274885
2023-06-12,VET,,-0.2322297041613472,-1,-0.02162347518729755
2023-06-12,XLM,,-0.24863132055441298,-1,-0.047476477060964715
2023-06-12,XRP,,-0.42200721629658006,-1,-0.030958096692839276
2023-06-12,ZEC,,-0.03680625293817878,0,0.0
2023-06-19,AAVE,,-0.35323628799342616,-1,-0.01643792020641428
2023-06-19,ADA,,0.04542444913827038,0,0.0
2023-06-19,ALGO,,0.07093293126379935,0,0.0
2023-06-19,APT,,0.4681335338111667,1,0.020204261706365672
2023-06-19,ARB,,0.2643110627912613,1,0.03405933032665254
2023-06-19,ATOM,,0.058683536573465436,0,0.0
2023-06-19,AVAX,,0.17037918697378587,1,0.025437774774047496
2023-06-19,BCH,,-0.9301063901864441,-1,-0.008881987073617498
2023-06-19,BNB,,0.0555383551798913,0,0.0
2023-06-19,BTC,,-0.08269155959127066,-1,-0.04093139263435484
2023-06-19,CAKE,,0.1487025641757278,1,0.02933256385535285
2023-06-19,CHZ,,0.09296770595893392,0,0.0
2023-06-19,DASH,,0.08560082866481906,0,0.0
2023-06-19,DEXE,,0.0835458930615295,0,0.0
2023-06-19,DOGE,,0.19646554451517695,1,0.044009332502651065
2023-06-19,DOT,,0.046090269254887975,0,0.0
2023-06-19,ETC,,-0.006810954280833654,0,0.0
2023-06-19,ETH,,0.017888377307320905,0,0.0
2023-06-19,FET,,0.14853633428003718,0,0.0
2023-06-19,FIL,,0.27350432437672645,1,0.024364018442446428
2023-06-19,HBAR,,0.027809583873350453,0,0.0
2023-06-19,ICP,,0.18883897019542623,1,0.027153562280036937
2023-06-19,JST,,-0.6861655494858436,-1,-0.02784311342552909
2023-06-19,LINK,,-0.029522302866197454,-1,-0.02354332225189892
2023-06-19,LTC,,-0.040830015565669855,-1,-0.02871056240124891
2023-06-19,LUNC,,-0.1457048439606444,-1,-0.020894376300221
2023-06-19,NEAR,,0.1503866005132052,1,0.025819468473322175
2023-06-19,NEXO,,0.03423122724439858,0,0.0
2023-06-19,PEPE,,-0.48248766424333966,-1,-0.008604702506368347
2023-06-19,QNT,,-0.021327822250170592,-1,-0.04288055262397282
2023-06-19,SHIB,,0.16556607439398138,1,0.028588465905029795
2023-06-19,SOL,,0.2870439495153473,1,0.024255987940736853
2023-06-19,STX,,0.030694752987807546,0,0.0
2023-06-19,SUI,,0.15863572897410147,1,0.017639783559882015
2023-06-19,TRX,,-0.003148137436953396,0,0.0
2023-06-19,UNI,,0.16145716702171592,1,0.024137680720744355
2023-06-19,VET,,-0.10338616402325534,-1,-0.02070335267002456
2023-06-19,XLM,,-0.14864680597286278,-1,-0.03601487470205945
2023-06-19,XRP,,-0.4183345257318844,-1,-0.049556073691558504
2023-06-19,ZEC,,0.021030071542663953,0,0.0
2023-06-26,AAVE,,-0.12063529482268942,0,0.0
2023-06-26,ADA,,-0.10299234881135172,0,0.0
2023-06-26,ALGO,,-0.08766361462367607,0,0.0
2023-06-26,APT,,0.8621931144195141,1,0.037204817151875014
2023-06-26,ARB,,0.3961225955199527,1,0.05887267129176104
2023-06-26,ATOM,,-0.09279246596568197,0,0.0
2023-06-26,AVAX,,0.11005493866973999,1,0.04491837641429712
2023-06-26,BCH,,-0.20267115083650003,-1,-0.010614113968897727
2023-06-26,BNB,,-0.2276782593171694,-1,-0.03666712861806892
2023-06-26,BTC,,-0.5067029584865382,-1,-0.05318840637713161
2023-06-26,CAKE,,-0.09125326795475186,0,0.0
2023-06-26,CHZ,,0.0731816379039116,0,0.0
2023-06-26,DASH,,0.013461251653169767,0,0.0
2023-06-26,DEXE,,-0.07810664419890193,0,0.0
2023-06-26,DOGE,,0.22974479321478458,1,0.07593545745957539
2023-06-26,DOT,,0.01741915010243893,0,0.0
2023-06-26,ETC,,-0.060523290345707206,0,0.0
2023-06-26,ETH,,-0.44851947094654115,-1,-0.061882608414462546
2023-06-26,FET,,0.4004435429896371,1,0.03144616045074487
2023-06-26,FIL,,0.4892330831691234,1,0.04303077951312309
2023-06-26,HBAR,,-0.17757193891735834,-1,-0.04159108191680487
2023-06-26,ICP,,0.19373854136273955,1,0.04799905968761861
2023-06-26,JST,,-0.3626298360754573,-1,-0.03633638900640475
2023-06-26,LINK,,-0.1662816765012776,-1,-0.02804136536826377
2023-06-26,LTC,,-0.2326808328986308,-1,-0.02304605365614474
2023-06-26,LUNC,,0.27080429756303714,1,0.06900263927094853
2023-06-26,NEAR,,0.24172985147502765,1,0.0442354704145809
2023-06-26,NEXO,,-0.12355793151804544,-1,-0.09013063502320603
2023-06-26,PEPE,,-0.05739381834406221,0,0.0
2023-06-26,QNT,,0.012540478281410895,0,0.0
2023-06-26,SHIB,,0.09186251934068104,0,0.0
2023-06-26,SOL,,0.42232484850997365,1,0.037994726047056795
2023-06-26,STX,,0.2425282282735452,1,0.03852475054960166
2023-06-26,SUI,,0.3145992883369635,1,0.03124912190577383
2023-06-26,TRX,,-0.32015088758400273,-1,-0.05436248772666268
2023-06-26,UNI,,-0.011743137721791842,0,0.0
2023-06-26,VET,,-0.07542336112903332,0,0.0
2023-06-26,XLM,,-0.27246824779120066,-1,-0.03442312505770311
2023-06-26,XRP,,-0.4873150416641312,-1,-0.09013063502320603
2023-06-26,ZEC,,-0.07522668433114969,0,0.0
2023-07-03,AAVE,,-0.05194029747108583,0,0.0
2023-07-03,ADA,,-0.1017026540505888,0,0.0
2023-07-03,ALGO,,-0.06112293423509072,0,0.0
2023-07-03,APT,,1.108897384476863,1,0.05016497467743728
2023-07-03,ARB,,0.45611274060021206,1,0.06191201676424532
2023-07-03,ATOM,,-0.07534357998467091,0,0.0
2023-07-03,AVAX,,0.23637685070976563,1,0.03935726318122584
2023-07-03,BCH,,-0.29558842333134083,-1,-0.01050879750280114
2023-07-03,BNB,,-0.33325224266848164,-1,-0.09072969372694194
2023-07-03,BTC,,-0.591505768248591,-1,-0.05794738406896178
2023-07-03,CAKE,,-0.13397104331873735,0,0.0
2023-07-03,CHZ,,0.13675605543146546,0,0.0
2023-07-03,DASH,,-0.07308350804171561,0,0.0
2023-07-03,DEXE,,0.12616542489543403,0,0.0
2023-07-03,DOGE,,0.215862699580538,1,0.07701027952505782
2023-07-03,DOT,,-0.07953580000394878,0,0.0
2023-07-03,ETC,,-0.2291354044208379,-1,-0.03609139560641237
2023-07-03,ETH,,-0.6128177811039112,-1,-0.0723730665480394
2023-07-03,FET,,0.4228035092396127,1,0.027982194173387508
2023-07-03,FIL,,0.8275335262596646,1,0.07599118042989923
2023-07-03,HBAR,,-0.1849479140360136,0,0.0
2023-07-03,ICP,,0.30406374242342293,1,0.054140223410991534
2023-07-03,JST,,-0.22641756847419936,-1,-0.07569510184783432
2023-07-03,LINK,,-0.24058953223600021,-1,-0.04151962366824432
2023-07-03,LTC,,-0.5132467220195599,-1,-0.023409545604061954
2023-07-03,LUNC,,0.3101792599764542,1,0.07701027952505782
2023-07-03,NEAR,,0.19452015898685765,0,0.0
2023-07-03,NEXO,,-0.17124640108523914,0,0.0
2023-07-03,PEPE,,-0.15735106226837128,0,0.0
2023-07-03,QNT,,-0.23580806456249573,-1,-0.07759738063394785
2023-07-03,SHIB,,0.241113180380538,1,0.06898749072895083
2023-07-03,SOL,,0.691181950065009,1,0.05975007569273355
2023-07-03,STX,,0.35846704265955653,1,0.021415020404191507
2023-07-03,SUI,,0.46431762952447864,1,0.032545689966552785
2023-07-03,TRX,,-0.1957208509508011,0,0.0
2023-07-03,UNI,,-0.07055942124312956,0,0.0
2023-07-03,VET,,-0.15711785750605914,0,0.0
2023-07-03,XLM,,-0.5149161587095833,-1,-0.034798092251934844
2023-07-03,XRP,,-0.5659740409404624,-1,-0.09072969372694194
2023-07-03,ZEC,,-0.22145612429895511,-1,-0.03486691329360904
2023-07-10,AAVE,,-0.2729204068559326,-1,-0.021528170927872157
2023-07-10,ADA,,0.21913022988855624,0,0.0
2023-07-10,ALGO,,0.025218290501462536,0,0.0
2023-07-10,APT,,0.7618499816551497,1,0.030594177781874062
2023-07-10,ARB,,0.4560160099273952,1,0.030241635185866554
2023-07-10,ATOM,,0.001128222390391339,0,0.0
2023-07-10,AVAX,,0.22866783540664942,1,0.025075719312836607
2023-07-10,BCH,,-0.9397711447350473,-1,-0.007454206660796023
2023-07-10,BNB,,0.11141227951805996,0,0.0
2023-07-10,BTC,,-0.5050134759479479,-1,-0.04244946124481522
2023-07-10,CAKE,,-0.0546248185901108,0,0.0
2023-07-10,CHZ,,0.22263065467436333,0,0.0
2023-07-10,DASH,,0.0490105153028962,0,0.0
2023-07-10,DEXE,,0.010456926289016228,0,0.0
2023-07-10,DOGE,,0.2564418329746897,1,0.04292743137905804
2023-07-10,DOT,,-0.0725990625674665,0,0.0
2023-07-10,ETC,,-0.20157858178805227,-1,-0.026996123976356597
2023-07-10,ETH,,-0.31221515535101546,-1,-0.05831799981268139
2023-07-10,FET,,0.2857744824387645,1,0.016502086881107738
2023-07-10,FIL,,0.531526398659644,1,0.03908813711503375
2023-07-10,HBAR,,-0.14106046703237557,0,0.0
2023-07-10,ICP,,0.2899840649610554,1,0.03662697160953587
2023-07-10,JST,,-0.40277447879435085,-1,-0.06505560151739792
2023-07-10,LINK,,-0.08039692166802645,0,0.0
2023-07-10,LTC,,-0.4940450076839248,-1,-0.01732394087934566
2023-07-10,LUNC,,0.3280769325902512,1,0.02590106571323717
2023-07-10,NEAR,,0.2174749145949675,0,0.0
2023-07-10,NEXO,,-0.14397010227130388,-1,-0.06505560151739792
2023-07-10,PEPE,,-0.542176448403212,-1,-0.009406519546611678
2023-07-10,QNT,,-0.21809391447044532,-1,-0.05776047361713069
2023-07-10,SHIB,,0.23770491724333948,1,0.04417299047911124
2023-07-10,SOL,,0.6136139880681849,1,0.024698481856392684
2023-07-10,STX,,-0.013181371116090239,0,0.0
2023-07-10,SUI,,0.6353014063808127,1,0.04289967438358981
2023-07-10,TRX,,0.26145804678386253,1,0.04417299047911124
2023-07-10,UNI,,0.05160454036910721,0,0.0
2023-07-10,VET,,-0.14114583668577718,0,0.0
2023-07-10,XLM,,-0.38316461198288726,-1,-0.02041154084749289
2023-07-10,XRP,,-0.8076602402888977,-1,-0.01114172162885662
2023-07-10,ZEC,,-0.06809042438575306,0,0.0
2023-07-17,AAVE,,-0.14083192641892073,-1,-0.047584726919026675
2023-07-17,ADA,,0.08478492334033798,0,0.0
2023-07-17,ALGO,,0.14294278831134172,0,0.0
2023-07-17,APT,,0.7907484233185944,1,0.03660681601363493
2023-07-17,ARB,,0.20262909149805797,1,0.02586845121361599
2023-07-17,ATOM,,-0.028568142751447728,0,0.0
2023-07-17,AVAX,,0.1407986771875156,0,0.0
2023-07-17,BCH,,-0.7704587653491507,-1,-0.008450727162717463
2023-07-17,BNB,,0.011901071014426067,0,0.0
2023-07-17,BTC,,-0.4436712874898638,-1,-0.051072629021884156
2023-07-17,CAKE,,0.059381860354447105,0,0.0
2023-07-17,CHZ,,0.3766007135927558,1,0.03660681601363493
2023-07-17,DASH,,0.14557382314019374,0,0.0
2023-07-17,DEXE,,-0.02829215088094646,0,0.0
2023-07-17,DOGE,,0.19726267893747867,1,0.03660681601363493
2023-07-17,DOT,,-0.051919693448757215,0,0.0
2023-07-17,ETC,,-0.18129813831862657,-1,-0.03167024932545134
2023-07-17,ETH,,-0.4039492942309061,-1,-0.051072629021884156
2023-07-17,FET,,0.3112513490890172,1,0.02376648628904595
2023-07-17,FIL,,0.6222969690368623,1,0.03660681601363493
2023-07-17,HBAR,,-0.12928673034482144,-1,-0.03869609863164276
2023-07-17,ICP,,0.379495792131983,1,0.03660681601363493
2023-07-17,JST,,-0.39507788003569805,-1,-0.051072629021884156
2023-07-17,LINK,,-0.07887541446927479,0,0.0
2023-07-17,LTC,,-0.6418496069841833,-1,-0.013513414704997156
2023-07-17,LUNC,,0.0675058619429279,0,0.0
2023-07-17,NEAR,,0.1566978225316915,0,0.0
2023-07-17,NEXO,,-0.09874948815831212,-1,-0.051072629021884156
2023-07-17,PEPE,,0.28185052130028204,1,0.03660681601363493
2023-07-17,QNT,,-0.17899252889009684,-1,-0.0479877801519831
2023-07-17,SHIB,,0.23177613900499971,1,0.03660681601363493
2023-07-17,SOL,,-0.050754894449723455,0,0.0
2023-07-17,STX,,0.33930724274679,1,0.03660681601363493
2023-07-17,SUI,,0.6234576867882853,1,0.03660681601363493
2023-07-17,TRX,,0.23458194914448866,1,0.03660681601363493
2023-07-17,UNI,,0.169636059901661,0,0.0
2023-07-17,VET,,-0.07745936199362673,0,0.0
2023-07-17,XLM,,-0.5899664270131111,-1,-0.015206948631698207
2023-07-17,XRP,,-1.2415774595015048,-1,-0.008302636023957843
2023-07-17,ZEC,,-0.038902253585163346,0,0.0
2023-07-24,AAVE,,-0.04249595385327117,0,0.0
2023-07-24,ADA,,-0.012527309407380022,0,0.0
2023-07-24,ALGO,,0.10857898173206555,0,0.0
2023-07-24,APT,,0.6510490041964625,1,0.04384397693877664
2023-07-24,ARB,,0.15055129342589385,0,0.0
2023-07-24,ATOM,,-0.18243063378825575,-1,-0.05887176838313651
2023-07-24,AVAX,,0.1291291876662614,0,0.0
2023-07-24,BCH,,0.3413447496346818,1,0.0404934943022531
2023-07-24,BNB,,-0.0896871548890247,0,0.0
2023-07-24,BTC,,-0.6320077964292062,-1,-0.05887176838313651
2023-07-24,CAKE,,-0.017520770146241392,0,0.0
2023-07-24,CHZ,,0.29952612636534937,1,0.0467245173540449
2023-07-24,DASH,,0.19567449203943746,1,0.036270002347778114
2023-07-24,DEXE,,-0.016263775925255464,0,0.0
2023-07-24,DOGE,,0.2614354661600198,1,0.04275398833093937
2023-07-24,DOT,,-0.07800648281506763,0,0.0
2023-07-24,ETC,,-0.04808340046197755,0,0.0
2023-07-24,ETH,,-0.5248996049870407,-1,-0.05887176838313651
2023-07-24,FET,,0.325656666863896,1,0.030736731150116926
2023-07-24,FIL,,0.5022117590104207,1,0.046525303871110424
2023-07-24,HBAR,,-0.18681804479926867,-1,-0.04786640318442865
2023-07-24,ICP,,0.42180838286877165,1,0.0467245173540449
2023-07-24,JST,,-0.22430876392411597,-1,-0.05887176838313651
2023-07-24,LINK,,-0.2637208022166885,-1,-0.024977083120267665
2023-07-24,LTC,,-0.1925655423731546,-1,-0.03640246960571704
2023-07-24,LUNC,,0.11979001240182663,0,0.0
2023-07-24,NEAR,,0.13325179703563156,0,0.0
2023-07-24,NEXO,,-0.0678669263346119,0,0.0
2023-07-24,PEPE,,0.22225154542087158,1,0.03490605879834846
2023-07-24,QNT,,-0.14988277341147013,-1,-0.04833410329193479
2023-07-24,SHIB,,0.39365838932589264,1,0.0467245173540449
2023-07-24,SOL,,-0.07506383000510299,0,0.0
2023-07-24,STX,,0.4894429250828242,1,0.0467245173540449
2023-07-24,SUI,,0.5339141451025895,1,0.0467245173540449
2023-07-24,TRX,,-0.3981019350562477,-1,-0.05887176838313651
2023-07-24,UNI,,0.13004005730070572,0,0.0
2023-07-24,VET,,-0.02859589468490706,0,0.0
2023-07-24,XLM,,-0.7571706316262209,-1,-0.016193864346692826
2023-07-24,XRP,,-1.3257722705330173,-1,-0.009393300310780558
2023-07-24,ZEC,,-0.09552468396607681,-1,-0.03162607673404338
2023-07-31,AAVE,,-0.017111804234272138,0,0.0
2023-07-31,ADA,,-0.26288587459332335,-1,-0.034675110234247956
2023-07-31,ALGO,,0.2155104356287718,1,0.04393954846630887
2023-07-31,APT,,0.38684782386212163,1,0.039852151669809696
2023-07-31,ARB,,0.22772713601959174,1,0.02513883048939651
2023-07-31,ATOM,,-0.27616011420766473,-1,-0.051424645687887745
2023-07-31,AVAX,,-0.0008830494469495545,0,0.0
2023-07-31,BCH,,0.5598766210925543,1,0.03650614947206045
2023-07-31,BNB,,-0.18398571084633256,-1,-0.051424645687887745
2023-07-31,BTC,,-0.43722172930609027,-1,-0.051424645687887745
2023-07-31,CAKE,,0.054410441555167804,0,0.0
2023-07-31,CHZ,,-0.1724977693471982,-1,-0.051424645687887745
2023-07-31,DASH,,0.3172943688810638,1,0.04393954846630887
2023-07-31,DEXE,,-0.17612149494141818,-1,-0.051424645687887745
2023-07-31,DOGE,,0.08148772531095734,0,0.0
2023-07-31,DOT,,0.027820000699030088,0,0.0
2023-07-31,ETC,,-0.030192110655521475,0,0.0
2023-07-31,ETH,,-0.40681787672727304,-1,-0.051424645687887745
2023-07-31,FET,,0.0942051730219246,0,0.0
2023-07-31,FIL,,0.2204640419571047,1,0.04393954846630887
2023-07-31,HBAR,,0.12659113506937614,0,0.0
2023-07-31,ICP,,0.007547398317241111,0,0.0
2023-07-31,JST,,-0.5701366268537327,-1,-0.051424645687887745
2023-07-31,LINK,,-0.37470477396845947,-1,-0.021800200373730427
2023-07-31,LTC,,0.21000799861384303,1,0.03615062155290496
2023-07-31,LUNC,,0.11845286496301384,0,0.0
2023-07-31,NEAR,,0.14114544997187012,1,0.035734991545930815
2023-07-31,NEXO,,-0.0784178830829901,0,0.0
2023-07-31,PEPE,,0.7593616796594669,1,0.0302385436591707
2023-07-31,QNT,,-0.08761637565177453,0,0.0
2023-07-31,SHIB,,0.024128062053293604,0,0.0
2023-07-31,SOL,,-0.12828975926978692,-1,-0.01487371220927373
2023-07-31,STX,,0.5596371020914344,1,0.04393954846630887
2023-07-31,SUI,,0.26921406824307537,1,0.04393954846630887
2023-07-31,TRX,,-0.451820170437053,-1,-0.051424645687887745
2023-07-31,UNI,,-0.0025718926030171042,0,0.0
2023-07-31,VET,,0.021633026335015466,0,0.0
2023-07-31,WLD,,0.2139448917524824,1,0.04393954846630887
2023-07-31,XLM,,-0.38380366675528943,-1,-0.013316535679646888
2023-07-31,XRP,,-0.8083247671101231,-1,-0.0078097191043825
2023-07-31,ZEC,,0.21225600493987115,1,0.03661386391725726
2023-08-07,AAVE,,0.0711556295085402,0,0.0
2023-08-07,ADA,,-0.16139441061424759,-1,-0.04247036203778606
2023-08-07,ALGO,,0.21849354363264326,1,0.041856510311549286
2023-08-07,APT,,0.38809343747785663,1,0.03655194700029338
2023-08-07,ARB,,0.4059229432224082,1,0.041856510311549286
2023-08-07,ATOM,,-0.1602612123543655,0,0.0
2023-08-07,AVAX,,-0.06402661248896696,0,0.0
2023-08-07,BCH,,0.5254473618761331,1,0.031731681382661324
2023-08-07,BNB,,-0.28905120286827407,-1,-0.04247036203778606
2023-08-07,BTC,,-0.2996620506932195,-1,-0.04247036203778606
2023-08-07,CAKE,,0.020828794515143814,0,0.0
2023-08-07,CHZ,,-0.23019979831150517,-1,-0.04247036203778606
2023-08-07,DASH,,0.25439448287860017,1,0.041856510311549286
2023-08-07,DEXE,,-0.06374538592522278,0,0.0
2023-08-07,DOGE,,-0.08400592604230708,0,0.0
2023-08-07,DOT,,0.0829903398715053,0,0.0
2023-08-07,ETC,,-0.03228725096220737,0,0.0
2023-08-07,ETH,,-0.27807922228635523,-1,-0.04247036203778606
2023-08-07,FET,,-0.012142129356926403,0,0.0
2023-08-07,FIL,,0.13810525141937624,0,0.0
2023-08-07,HBAR,,-0.18423429782412318,-1,-0.04064689258045119
2023-08-07,ICP,,-0.08555032317679134,0,0.0
2023-08-07,JST,,-0.7128184987052477,-1,-0.04247036203778606
2023-08-07,LINK,,-0.6680581352760276,-1,-0.018313316541661524
2023-08-07,LTC,,0.21353718157941476,1,0.033714825538169256
2023-08-07,LUNC,,0.27044805246279713,1,0.041856510311549286
2023-08-07,NEAR,,0.2687817067659158,1,0.041856510311549286
2023-08-07,NEXO,,-0.33551000641565576,-1,-0.04247036203778606
2023-08-07,PEPE,,0.3214570344664314,1,0.014280402157929344
2023-08-07,QNT,,-0.20335549911014555,-1,-0.03341656987873301
2023-08-07,SHIB,,-0.26481495177210296,-1,-0.03757138090983586
2023-08-07,SOL,,0.22103138520612245,1,0.03573898089658858
2023-08-07,STX,,0.7094482618846731,1,0.041856510311549286
2023-08-07,SUI,,0.31521769446954917,1,0.041856510311549286
2023-08-07,TRX,,-0.44050392958209894,-1,-0.04247036203778606
2023-08-07,UNI,,-0.06748447405661546,0,0.0
2023-08-07,VET,,0.12177730329030971,0,0.0
2023-08-07,WLD,,0.20630665868109216,0,0.0
2023-08-07,XLM,,-0.5098095474437891,-1,-0.017158863255066065
2023-08-07,XRP,,0.08528510281146488,0,0.0
2023-08-07,ZEC,,0.30827269924621886,1,0.041856510311549286
2023-08-14,AAVE,,0.019719876755768036,0,0.0
2023-08-14,ADA,,-0.064731874544196,-1,-0.033510193282005774
2023-08-14,ALGO,,-0.06509654320696615,-1,-0.016896230437992998
2023-08-14,APT,,0.23952862111052203,1,0.0204831298260779
2023-08-14,ARB,,0.21602918220917178,1,0.032415592485281836
2023-08-14,ATOM,,-0.1231289066923006,-1,-0.033510193282005774
2023-08-14,AVAX,,0.2177132003941657,1,0.032415592485281836
2023-08-14,BCH,,0.2557141194758778,1,0.016602123752188478
2023-08-14,BNB,,-0.0055087549552153125,0,0.0
2023-08-14,BTC,,-0.08306220056143657,-1,-0.032991441720941164
2023-08-14,CAKE,,-0.004237161035533538,0,0.0
2023-08-14,CHZ,,0.09287324566855824,1,0.02651977399319972
2023-08-14,DASH,,0.057153396226070706,0,0.0
2023-08-14,DEXE,,-0.08380023374716142,-1,-0.033510193282005774
2023-08-14,DOGE,,-0.08704088612583237,-1,-0.017113254542669876
2023-08-14,DOT,,0.012468373668435952,0,0.0
2023-08-14,ETC,,-0.02296477568552149,0,0.0
2023-08-14,ETH,,-0.05028970011163264,-1,-0.033510193282005774
2023-08-14,FET,,-0.27034615515166693,-1,-0.019306022671946043
2023-08-14,FIL,,0.21116787239651968,1,0.032415592485281836
2023-08-14,HBAR,,-0.04258606616598321,0,0.0
2023-08-14,ICP,,0.029256658775885853,0,0.0
2023-08-14,JST,,-0.8253060540893059,-1,-0.033510193282005774
2023-08-14,LINK,,-0.007326869834032175,0,0.0
2023-08-14,LTC,,0.09841831539074936,1,0.016158393777209266
2023-08-14,LUNC,,0.23899840943710368,1,0.032328932675110736
2023-08-14,NEAR,,0.10998841788308297,1,0.02980997892365401
2023-08-14,NEXO,,-0.15139426037512033,-1,-0.033510193282005774
2023-08-14,PEPE,,-0.3980446992724859,-1,-0.010151370203875935
2023-08-14,QNT,,-0.08351546804484021,-1,-0.02922758862687075
2023-08-14,SHIB,,-0.3638279885885032,-1,-0.011661487372165321
2023-08-14,SOL,,0.06748536677022662,0,0.0
2023-08-14,STX,,0.2955409707926768,1,0.022328797281052856
2023-08-14,SUI,,0.08052156025593724,0,0.0
2023-08-14,TRX,,0.025784118059950192,0,0.0
2023-08-14,UNI,,0.15456665735866895,1,0.014872475194788466
2023-08-14,VET,,-0.029493969924518738,0,0.0
2023-08-14,WLD,,0.0852688191015742,1,0.030323243983917156
2023-08-14,XLM,,0.10594201891664572,1,0.03173492840545258
2023-08-14,XRP,,0.0731809481183382,0,0.0
2023-08-14,ZEC,,0.07438241934632327,0,0.0
2023-08-21,AAVE,,-0.008680687377125237,0,0.0
2023-08-21,ADA,,-0.0579799966337226,-1,-0.03349197099953737
2023-08-21,ALGO,,-0.09271570482893723,-1,-0.016936190010767502
2023-08-21,APT,,0.1543345283323349,1,0.02010137977932164
2023-08-21,ARB,,0.1246024069787916,1,0.031445399185683946
2023-08-21,ATOM,,-0.14224720938192875,-1,-0.03349197099953737
2023-08-21,AVAX,,0.2305306946402823,1,0.031445399185683946
2023-08-21,BCH,,0.16098979668314806,1,0.014654640592986675
2023-08-21,BNB,,0.06719623405545694,0,0.0
2023-08-21,BTC,,-0.03821040870646095,-1,-0.03156943786531421
2023-08-21,CAKE,,0.03351589370776955,0,0.0
2023-08-21,CHZ,,0.10908146737789297,0,0.0
2023-08-21,DASH,,0.07416777063781077,0,0.0
2023-08-21,DEXE,,-0.11463988187446418,-1,-0.03349197099953737
2023-08-21,DOGE,,0.23828468005533493,1,0.022917957055945907
2023-08-21,DOT,,0.07253507513558119,0,0.0
2023-08-21,ETC,,0.009404432246132903,0,0.0
2023-08-21,ETH,,-0.0089704067251557,0,0.0
2023-08-21,FET,,-0.36047432132497165,-1,-0.020013746564166133
2023-08-21,FIL,,0.18675999038427143,1,0.031445399185683946
2023-08-21,HBAR,,-0.4236986833834967,-1,-0.023951274503060498
2023-08-21,ICP,,0.1729678905125181,1,0.031445399185683946
2023-08-21,JST,,-0.6527109665658256,-1,-0.03349197099953737
2023-08-21,LINK,,-0.018562322225677434,-1,-0.02085076087526711
2023-08-21,LTC,,0.1804737416569599,1,0.01601268862427002
2023-08-21,LUNC,,0.18871995916066628,1,0.030589736705462733
2023-08-21,NEAR,,0.12709631579202052,1,0.024953471053614777
2023-08-21,NEXO,,-0.002385554154266162,0,0.0
2023-08-21,PEPE,,-0.5782084357444536,-1,-0.009509736905542049
2023-08-21,QNT,,0.02856709853406832,0,0.0
2023-08-21,SHIB,,-0.4222269667927088,-1,-0.011645663339454026
2023-08-21,SOL,,-0.01712813612138179,0,0.0
2023-08-21,STX,,0.2821228401374903,1,0.021609174586655757
2023-08-21,SUI,,-0.09300803259074984,-1,-0.023491087003834933
2023-08-21,TRX,,-0.007105571921298841,0,0.0
2023-08-21,UNI,,0.26513627981531335,1,0.01736170773841604
2023-08-21,VET,,-0.05149962744236217,-1,-0.03349197099953737
2023-08-21,WLD,,0.18240970044623975,1,0.031445399185683946
2023-08-21,XLM,,0.031240754819311885,0,0.0
2023-08-21,XRP,,0.0812358598807718,0,0.0
2023-08-21,ZEC,,0.08907950280481947,0,0.0
2023-08-28,AAVE,,-0.08032326057260994,-1,-0.02465584123847745
2023-08-28,ADA,,-0.07694979732411851,-1,-0.03311524876926031
2023-08-28,ALGO,,-0.04423523610126275,0,0.0
2023-08-28,APT,,0.18421529580189117,1,0.020645083578033126
2023-08-28,ARB,,0.12839927763752126,1,0.032319563106581385
2023-08-28,ATOM,,-0.1265905146136024,-1,-0.03311524876926031
2023-08-28,AVAX,,0.2764573490376966,1,0.032319563106581385
2023-08-28,BCH,,0.20792659213418438,1,0.016239738503933933
2023-08-28,BNB,,0.05449809608006578,0,0.0
2023-08-28,BTC,,-0.02848620460209116,0,0.0
2023-08-28,CAKE,,0.055449764150004494,0,0.0
2023-08-28,CHZ,,0.16793171640978283,1,0.03090847375935578
2023-08-28,DASH,,0.1871466951508777,1,0.023449123618617014
2023-08-28,DEXE,,-0.17667970924999396,-1,-0.03311524876926031
2023-08-28,DOGE,,0.24568864412014485,1,0.022145751141900587
2023-08-28,DOT,,-0.007266681803041601,0,0.0
2023-08-28,ETC,,-0.04827635021036552,0,0.0
2023-08-28,ETH,,7.731465746654972e-05,0,0.0
2023-08-28,FET,,-0.7683557221103937,-1,-0.013096787031950972
2023-08-28,FIL,,0.2187146536801697,1,0.032319563106581385
2023-08-28,HBAR,,-0.2383682686004574,-1,-0.016417612085362458
2023-08-28,ICP,,0.09526837227611261,0,0.0
2023-08-28,JST,,-0.7017186959168006,-1,-0.03311524876926031
2023-08-28,LINK,,0.015379761177003858,0,0.0
2023-08-28,LTC,,0.19798145794352184,1,0.01655912904868412
2023-08-28,LUNC,,0.23797221482958839,1,0.032319563106581385
2023-08-28,NEAR,,0.07686534144253102,0,0.0
2023-08-28,NEXO,,-0.044104529255253544,0,0.0
2023-08-28,PEPE,,-0.4825457216157902,-1,-0.009418950866521374
2023-08-28,QNT,,-0.0554832442808789,-1,-0.03311524876926031
2023-08-28,SHIB,,-0.1360723864322533,-1,-0.01448301272003753
2023-08-28,SOL,,-0.039693431887731896,0,0.0
2023-08-28,STX,,0.30672425182857843,1,0.021995932095065132
2023-08-28,SUI,,-0.12753526472570212,-1,-0.015289783747266222
2023-08-28,TRX,,-0.06425583440427388,-1,-0.03311524876926031
2023-08-28,UNI,,0.2793334964669235,1,0.017793229222324514
2023-08-28,VET,,-0.05428208467123953,-1,-0.03311524876926031
2023-08-28,WLD,,0.061132216331038644,0,0.0
2023-08-28,XLM,,0.09783455975757933,0,0.0
2023-08-28,XRP,,0.10810608837474917,1,0.026154015680198428
2023-08-28,ZEC,,0.09811977909042778,0,0.0
2023-09-04,AAVE,,-0.13569344141306156,-1,-0.023732632450427286
2023-09-04,ADA,,-0.10955235555175644,-1,-0.03105996586485753
2023-09-04,ALGO,,0.11142204576058043,1,0.019237098818873883
2023-09-04,APT,,0.4245080901900745,1,0.02912478853929831
2023-09-04,ARB,,0.06543309305821024,0,0.0
2023-09-04,ATOM,,-0.060513916587048786,0,0.0
2023-09-04,AVAX,,0.22600583109181357,1,0.02912478853929831
2023-09-04,BCH,,0.07800768697376094,0,0.0
2023-09-04,BNB,,-0.032933302776030224,0,0.0
2023-09-04,BTC,,-0.07591356366514034,-1,-0.030505120146064615
2023-09-04,CAKE,,0.016071612701059702,0,0.0
2023-09-04,CHZ,,0.160426633759648,1,0.02912478853929831
2023-09-04,DASH,,0.07380334952385469,0,0.0
2023-09-04,DEXE,,-0.15310815310612394,-1,-0.03105996586485753
2023-09-04,DOGE,,0.15634215981108507,1,0.021531488237132468
2023-09-04,DOT,,-0.04388343448220538,0,0.0
2023-09-04,ETC,,-0.14968087887473863,-1,-0.026573681848294346
2023-09-04,ETH,,-0.012524950448568915,0,0.0
2023-09-04,FET,,-1.0864419471057751,-1,-0.010249785374748702
2023-09-04,FIL,,0.2022182145759398,1,0.02912478853929831
2023-09-04,HBAR,,-0.2850399918162341,-1,-0.015385053783953924
2023-09-04,ICP,,0.040676056041693755,0,0.0
2023-09-04,JST,,-0.7662508956787037,-1,-0.03105996586485753
2023-09-04,LINK,,0.0608361082916095,0,0.0
2023-09-04,LTC,,0.07272373530332794,0,0.0
2023-09-04,LUNC,,0.1965202047303738,1,0.027795530108462297
2023-09-04,NEAR,,-0.0206705767052902,0,0.0
2023-09-04,NEXO,,-0.16424147496598482,-1,-0.03105996586485753
2023-09-04,PEPE,,0.5568060975495708,1,0.02912478853929831
2023-09-04,QNT,,-0.10226721552412812,-1,-0.03105996586485753
2023-09-04,SHIB,,0.22460446247329716,1,0.019627970083268095
2023-09-04,SOL,,0.07503628431525496,0,0.0
2023-09-04,STX,,0.2973383056508776,1,0.021177851962955928
2023-09-04,SUI,,-0.21640278856280928,-1,-0.01523759775676657
2023-09-04,TRX,,-0.07001965359977305,-1,-0.03105996586485753
2023-09-04,UNI,,0.40446691193018824,1,0.01990980519910709
2023-09-04,VET,,0.017304262163211508,0,0.0
2023-09-04,WLD,,0.2818698831958238,1,0.024871902450028117
2023-09-04,XLM,,-0.4213798579043419,-1,-0.017212816834703947
2023-09-04,XRP,,0.1047054634966411,1,0.02548089382778514
2023-09-04,ZEC,,0.05939190617981953,0,0.0
2023-09-11,AAVE,,-0.2329564963828697,-1,-0.02421617788037472
2023-09-11,ADA,,-0.1309864220892042,-1,-0.032509658111093846
2023-09-11,ALGO,,0.28860933282002144,1,0.02501975587542444
2023-09-11,APT,,0.39174998181466575,1,0.02501975587542444
2023-09-11,ARB,,-0.12030593560308094,0,0.0
2023-09-11,ATOM,,-0.307682997676899,-1,-0.029518267334245504
2023-09-11,AVAX,,0.19318344946522922,0,0.0
2023-09-11,BCH,,0.1981368358789305,0,0.0
2023-09-11,BNB,,0.06306108248334219,0,0.0
2023-09-11,BTC,,0.01599487757896372,0,0.0
2023-09-11,CAKE,,0.002284830128986646,0,0.0
2023-09-11,CHZ,,0.1876524034634825,0,0.0
2023-09-11,DASH,,0.2658797521744527,1,0.02501975587542444
2023-09-11,DEXE,,-0.20210452970752626,-1,-0.032509658111093846
2023-09-11,DOGE,,0.36552984727779336,1,0.02501975587542444
2023-09-11,DOT,,-0.009028103942333485,0,0.0
2023-09-11,ETC,,-0.021682742138111527,0,0.0
2023-09-11,ETH,,0.03138859662026393,0,0.0
2023-09-11,FET,,-0.9938853944705273,-1,-0.011209815979128327
2023-09-11,FIL,,-0.04029334806157878,0,0.0
2023-09-11,HBAR,,-0.06897912221428695,0,0.0
2023-09-11,ICP,,0.04467039101767814,0,0.0
2023-09-11,JST,,-0.8591446297709622,-1,-0.032509658111093846
2023-09-11,LINK,,0.2604342083669271,1,0.02501975587542444
2023-09-11,LTC,,0.3218253557389382,1,0.02501975587542444
2023-09-11,LUNC,,0.22322133025387386,1,0.02501975587542444
2023-09-11,NEAR,,0.02366815019574974,0,0.0
2023-09-11,NEXO,,-0.1688671697424726,-1,-0.032509658111093846
2023-09-11,PEPE,,0.627625118106484,1,0.02501975587542444
2023-09-11,QNT,,-0.29371422646535744,-1,-0.032509658111093846
2023-09-11,SHIB,,0.4017966434948618,1,0.02501975587542444
2023-09-11,SOL,,0.0012062234703156703,0,0.0
2023-09-11,STX,,0.448245877854183,1,0.02501975587542444
2023-09-11,SUI,,-0.15442780985810473,-1,-0.016241958240307306
2023-09-11,TRX,,-0.3334690089818304,-1,-0.032509658111093846
2023-09-11,UNI,,0.4935170937498323,1,0.02501975587542444
2023-09-11,VET,,-0.45765708230943736,-1,-0.02198167241018046
2023-09-11,WLD,,-0.4156573547172598,-1,-0.012287489734226916
2023-09-11,XLM,,-0.605328560124287,-1,-0.014743496135491386
2023-09-11,XRP,,0.23427812945397294,1,0.02501975587542444
2023-09-11,ZEC,,0.33221142284718164,1,0.02501975587542444
2023-09-18,AAVE,,-0.1652466262834697,-1,-0.02266687418624346
2023-09-18,ADA,,-0.1397942822934028,-1,-0.031161528463306012
2023-09-18,ALGO,,0.2256999723115893,1,0.026466289697498483
2023-09-18,APT,,0.4320579541893768,1,0.026466289697498483
2023-09-18,ARB,,0.1732674296837771,0,0.0
2023-09-18,ATOM,,-0.18489228485368617,-1,-0.031161528463306012
2023-09-18,AVAX,,-0.09378200577355898,-1,-0.031161528463306012
2023-09-18,BCH,,0.19138218109167052,1,0.021127417970534627
2023-09-18,BNB,,-0.0391975648294734,0,0.0
2023-09-18,BTC,,-0.03107169599429339,0,0.0
2023-09-18,CAKE,,-0.028990467336386997,0,0.0
2023-09-18,CHZ,,0.22628013143272802,1,0.026466289697498483
2023-09-18,DASH,,0.38447504189948983,1,0.026466289697498483
2023-09-18,DEXE,,-0.23644700711406574,-1,-0.031161528463306012
2023-09-18,DOGE,,0.3698806243367423,1,0.026466289697498483
2023-09-18,DOT,,0.034244539891315984,0,0.0
2023-09-18,ETC,,0.015603254450812945,0,0.0
2023-09-18,ETH,,-0.05875411133629949,0,0.0
2023-09-18,FET,,-0.8826946122013737,-1,-0.010371881926146758
2023-09-18,FIL,,0.007282199566963326,0,0.0
2023-09-18,HBAR,,-0.020351871492376626,0,0.0
2023-09-18,ICP,,0.09483869028494096,0,0.0
2023-09-18,JST,,-0.8207296993209307,-1,-0.031161528463306012
2023-09-18,LINK,,-0.05820800275392565,0,0.0
2023-09-18,LTC,,0.35691268200150195,1,0.026466289697498483
2023-09-18,LUNC,,0.14992561023390216,0,0.0
2023-09-18,NEAR,,0.09020562778252401,0,0.0
2023-09-18,NEXO,,-0.22665306133773971,-1,-0.031161528463306012
2023-09-18,PEPE,,0.1881540641049006,1,0.013380231458468657
2023-09-18,QNT,,-0.1496189488615266,-1,-0.031161528463306012
2023-09-18,SHIB,,0.4231762115703107,1,0.026466289697498483
2023-09-18,SOL,,0.0373150515546893,0,0.0
2023-09-18,STX,,0.47608067284278843,1,0.026466289697498483
2023-09-18,SUI,,0.1870169986881606,0,0.0
2023-09-18,TRX,,-0.3664473384596885,-1,-0.031161528463306012
2023-09-18,UNI,,0.5204073341424647,1,0.026466289697498483
2023-09-18,VET,,-0.44705033242372644,-1,-0.020473868933157443
2023-09-18,WLD,,-0.7440940307242717,-1,-0.008262297051125881
2023-09-18,XLM,,-0.48871437505359194,-1,-0.014569686298364803
2023-09-18,XRP,,0.2381829908803216,1,0.026466289697498483
2023-09-18,ZEC,,0.3603490555028216,1,0.026466289697498483
2023-09-25,AAVE,,-0.08799229217817972,0,0.0
2023-09-25,ADA,,-0.3004817557354274,-1,-0.033266583204046934
2023-09-25,ALGO,,0.3693926299149382,1,0.02546723309043494
2023-09-25,APT,,0.4323362219705965,1,0.02546723309043494
2023-09-25,ARB,,-0.40837448020657957,-1,-0.0152867288637344
2023-09-25,ATOM,,-0.06824701050892476,0,0.0
2023-09-25,AVAX,,-0.04503168257323168,0,0.0
2023-09-25,BCH,,-0.005995258245328539,0,0.0
2023-09-25,BNB,,0.011804716189516435,0,0.0
2023-09-25,BTC,,0.044436000416089874,0,0.0
2023-09-25,CAKE,,-0.012889009379044393,0,0.0
2023-09-25,CHZ,,-0.04981096245784887,0,0.0
2023-09-25,DASH,,0.45795813130730717,1,0.02546723309043494
2023-09-25,DEXE,,0.01713735460032873,0,0.0
2023-09-25,DOGE,,0.4117754046301303,1,0.02546723309043494
2023-09-25,DOT,,-0.020245175581975007,0,0.0
2023-09-25,ETC,,-0.08051442059182382,0,0.0
2023-09-25,ETH,,-0.14915235453604786,-1,-0.03431296878876131
2023-09-25,FET,,-0.22245299736274385,-1,-0.02287142246022358
2023-09-25,FIL,,0.08654195071757341,0,0.0
2023-09-25,HBAR,,0.39623449068747396,1,0.02546723309043494
2023-09-25,ICP,,-0.23271950505925412,-1,-0.021986613464626003
2023-09-25,JST,,-0.5955016575696811,-1,-0.03797575675748852
2023-09-25,LINK,,0.059625614083568285,0,0.0
2023-09-25,LTC,,0.36207240103875393,1,0.025275419476879123
2023-09-25,LUNC,,0.20196683702351675,1,0.02546723309043494
2023-09-25,NEAR,,0.1524961573307796,1,0.02546723309043494
2023-09-25,NEXO,,-0.06996226725259345,0,0.0
2023-09-25,PEPE,,-0.32827974325475956,-1,-0.01133069208907292
2023-09-25,QNT,,-0.2288848438824627,-1,-0.03797575675748852
2023-09-25,SHIB,,0.4606379027966739,1,0.02546723309043494
2023-09-25,SOL,,-0.5184402388785777,-1,-0.015010078250461469
2023-09-25,STX,,0.42879493769897087,1,0.02500431414625299
2023-09-25,SUI,,-0.025176269353696004,0,0.0
2023-09-25,TRX,,-0.24277681004160206,-1,-0.03797575675748852
2023-09-25,UNI,,0.40132125695636933,1,0.020953240701457983
2023-09-25,VET,,-0.414123815348042,-1,-0.025816985621412276
2023-09-25,WLD,,-0.4527635035023502,-1,-0.014509339130918042
2023-09-25,XLM,,-0.5476659933551273,-1,-0.017586623083217012
2023-09-25,XRP,,0.3885995258414117,1,0.02546723309043494
2023-09-25,ZEC,,0.42435051365130505,1,0.02546723309043494
2023-10-02,AAVE,,-0.3101568919112512,-1,-0.02031923028904595
2023-10-02,ADA,,-0.22372119881730643,-1,-0.037017263141521636
2023-10-02,ALGO,,0.24463873432329467,1,0.027319532557062383
2023-10-02,APT,,0.2759851493742451,1,0.021915442226634985
2023-10-02,ARB,,-0.36021418396381216,-1,-0.01555125056691161
2023-10-02,ATOM,,-0.3067055541056079,-1,-0.030975867120087163
2023-10-02,AVAX,,0.3428603412085414,1,0.019369367012209832
2023-10-02,BCH,,0.05737101284353439,0,0.0
2023-10-02,BNB,,0.10412959069951742,0,0.0
2023-10-02,BTC,,0.2341742795556512,1,0.027319532557062383
2023-10-02,CAKE,,0.243748550258071,1,0.027319532557062383
2023-10-02,CHZ,,-0.0818037180909823,0,0.0
2023-10-02,DASH,,0.16967633499887882,0,0.0
2023-10-02,DEXE,,-0.1597418341118691,0,0.0
2023-10-02,DOGE,,0.4163530214365208,1,0.027319532557062383
2023-10-02,DOT,,-0.07595731368211596,0,0.0
2023-10-02,ETC,,-0.17277124978062347,-1,-0.028886509906420235
2023-10-02,ETH,,-0.1914449860781703,-1,-0.0328372038220985
2023-10-02,FET,,-0.06390712377331383,0,0.0
2023-10-02,FIL,,0.2769221956289927,1,0.02289426336536834
2023-10-02,HBAR,,0.24044418172046397,1,0.027319532557062383
2023-10-02,ICP,,-0.17971725766992047,-1,-0.02441676830219122
2023-10-02,JST,,-0.9581499818892121,-1,-0.03093517711270988
2023-10-02,LINK,,-0.0657771788342797,0,0.0
2023-10-02,LTC,,0.4195992289549822,1,0.027319532557062383
2023-10-02,LUNC,,-0.0786748382082786,0,0.0
2023-10-02,NEAR,,0.10135823439857489,0,0.0
2023-10-02,NEXO,,-0.033921188728761285,0,0.0
2023-10-02,PEPE,,-0.27649383192673804,-1,-0.012883942569046816
2023-10-02,QNT,,-0.13550409399734,0,0.0
2023-10-02,SHIB,,0.4317764563257971,1,0.027319532557062383
2023-10-02,SOL,,-0.29261664238388607,-1,-0.019201274115195805
2023-10-02,STX,,0.4978562880227776,1,0.02573780079979097
2023-10-02,SUI,,-0.1881056166099802,-1,-0.017944111473149157
2023-10-02,TRX,,-0.2623849925321233,-1,-0.04385489237727932
2023-10-02,UNI,,0.3646893440651226,1,0.019721073901438277
2023-10-02,VET,,-0.16092032473788767,0,0.0
2023-10-02,WLD,,-0.5932794485728499,-1,-0.013370716966284103
2023-10-02,XLM,,0.14834967674352587,0,0.0
2023-10-02,XRP,,0.47056547448346786,1,0.027319532557062383
2023-10-02,ZEC,,0.13147135536434995,0,0.0
2023-10-09,AAVE,,-0.2036727791876951,-1,-0.017999019555801746
2023-10-09,ADA,,-0.17770076933487988,-1,-0.03142528427883303
2023-10-09,ALGO,,-0.06056519257957048,0,0.0
2023-10-09,APT,,0.3066280865819879,1,0.023807717682726465
2023-10-09,ARB,,-0.04299034060670041,0,0.0
2023-10-09,ATOM,,-0.03240291642480973,0,0.0
2023-10-09,AVAX,,0.11534397958258671,1,0.018363281492616013
2023-10-09,BCH,,-0.22398607823446443,-1,-0.01707637019955576
2023-10-09,BNB,,0.16117362794437598,1,0.03207461322039246
2023-10-09,BTC,,-0.06088541612334634,-1,-0.03971794654064875
2023-10-09,CAKE,,0.038451556521389256,0,0.0
2023-10-09,CHZ,,-0.19311632622613564,-1,-0.021636929740372526
2023-10-09,DASH,,-0.006949526603698432,0,0.0
2023-10-09,DEXE,,-0.03824226641971352,0,0.0
2023-10-09,DOGE,,0.14739331978698306,1,0.03207461322039246
2023-10-09,DOT,,-0.04767797931514975,0,0.0
2023-10-09,ETC,,-0.061011923687256955,-1,-0.025480177793421727
2023-10-09,ETH,,-0.0970723800653994,-1,-0.027834342205235882
2023-10-09,FET,,0.24425964609600967,1,0.0224967576850755
2023-10-09,FIL,,0.1428895932982471,1,0.027355430735341628
2023-10-09,HBAR,,0.6335872497054124,1,0.03207461322039246
2023-10-09,ICP,,0.06279271606481766,0,0.0
2023-10-09,JST,,-0.7128191001208743,-1,-0.027190942404511306
2023-10-09,LINK,,-0.3433461562888006,-1,-0.01853127894840384
2023-10-09,LTC,,-0.10025976963825674,-1,-0.034286365895720775
2023-10-09,LUNC,,0.25500721620887074,1,0.021351376230526933
2023-10-09,NEAR,,-0.020773761108120282,0,0.0
2023-10-09,NEXO,,-0.07335087879048276,-1,-0.03971794654064875
2023-10-09,PEPE,,0.09862721608795627,1,0.010004906978861201
2023-10-09,QNT,,0.09330377213985205,1,0.03207461322039246
2023-10-09,SHIB,,0.05914989711492503,0,0.0
2023-10-09,SOL,,-0.356726235357601,-1,-0.015245504413872797
2023-10-09,STX,,0.30026390756592297,1,0.031024746114848026
2023-10-09,SUI,,0.15018464504988469,1,0.012900409605646373
2023-10-09,TRX,,-0.02519591358777734,0,0.0
2023-10-09,UNI,,0.02366760590908772,0,0.0
2023-10-09,VET,,-0.0004060608790679727,0,0.0
2023-10-09,WLD,,-0.3630474673285181,-1,-0.011535584110577552
2023-10-09,XLM,,0.3773328852612587,1,0.03207461322039246
2023-10-09,XRP,,0.06495991381313523,0,0.0
2023-10-09,ZEC,,-0.032817596824382816,0,0.0
2023-10-16,AAVE,,-0.2730093661240567,-1,-0.013188459797700829
2023-10-16,ADA,,-0.1561028448237545,-1,-0.03002873450987296
2023-10-16,ALGO,,-0.03910617572598688,0,0.0
2023-10-16,APT,,-0.03757962404972734,0,0.0
2023-10-16,ARB,,0.03402726761056487,0,0.0
2023-10-16,ATOM,,-0.03973855164062244,0,0.0
2023-10-16,AVAX,,0.1808326956114999,1,0.01750401910104121
2023-10-16,BCH,,-0.14153802928470036,-1,-0.016306307357918957
2023-10-16,BNB,,0.1557429029674848,1,0.03248608007513502
2023-10-16,BTC,,-0.08627727786129696,-1,-0.0337853705691004
2023-10-16,CAKE,,-0.14801446814033759,-1,-0.04115443416424211
2023-10-16,CHZ,,-0.1162223340608265,-1,-0.018864402378710843
2023-10-16,DASH,,-0.015941394398929817,0,0.0
2023-10-16,DEXE,,-0.09392379768356135,-1,-0.04115443416424211
2023-10-16,DOGE,,0.20161656756333765,1,0.03248608007513502
2023-10-16,DOT,,0.03264419063391596,0,0.0
2023-10-16,ETC,,-0.02617469105556606,0,0.0
2023-10-16,ETH,,-0.0520147223090957,-1,-0.026142170291362933
2023-10-16,FET,,0.3085856645570369,1,0.019260440289351536
2023-10-16,FIL,,0.10077609717920559,1,0.025970937449571064
2023-10-16,HBAR,,0.7108534506486816,1,0.0301054910958131
2023-10-16,ICP,,-0.040543864963193524,0,0.0
2023-10-16,JST,,-0.6965614279489138,-1,-0.026659306928463956
2023-10-16,LINK,,-0.7965162005915463,-1,-0.01045801871418958
2023-10-16,LTC,,-0.035317785035105215,0,0.0
2023-10-16,LUNC,,0.2653652659519876,1,0.024666986867082154
2023-10-16,NEAR,,0.027563411538404484,0,0.0
2023-10-16,NEXO,,0.07334175773630512,0,0.0
2023-10-16,PEPE,,-0.04501560309546141,0,0.0
2023-10-16,QNT,,0.0861639299353556,1,0.02260339341203637
2023-10-16,SHIB,,0.09620577276167865,1,0.03248608007513502
2023-10-16,SOL,,-0.498434276116035,-1,-0.010888671256218977
2023-10-16,STX,,-0.14320497500715226,-1,-0.018281330218682453
2023-10-16,SUI,,0.17827697844237678,1,0.013132437900056885
2023-10-16,TRX,,-0.0711054003592625,-1,-0.04115443416424211
2023-10-16,UNI,,0.03838928755119862,0,0.0
2023-10-16,VET,,0.04778003028311028,0,0.0
2023-10-16,WLD,,0.37235031532409957,1,0.016950986661113727
2023-10-16,XLM,,0.5481413676998735,1,0.03248608007513502
2023-10-16,XRP,,0.12306955755155619,1,0.027927061438342025
2023-10-16,ZEC,,-0.029383701272540516,0,0.0
2023-10-23,AAVE,,-0.15929418488900943,-1,-0.020911064308582025
2023-10-23,ADA,,-0.09252233601398088,-1,-0.03854942011444302
2023-10-23,ALGO,,-0.021654970685284547,0,0.0
2023-10-23,APT,,0.09585291348868989,1,0.012974202765486243
2023-10-23,ARB,,0.524045141400962,1,0.01838848910313101
2023-10-23,ATOM,,0.08562758027485595,0,0.0
2023-10-23,AVAX,,0.36035625207645233,1,0.02036883221624992
2023-10-23,BCH,,0.035804932961704145,0,0.0
2023-10-23,BNB,,0.12458873060487383,1,0.039628398177864385
2023-10-23,BTC,,-0.1300093412008611,-1,-0.03500033010910447
2023-10-23,CAKE,,-0.0792917923751107,-1,-0.04530386503157804
2023-10-23,CHZ,,0.013227816300033765,0,0.0
2023-10-23,DASH,,0.04005814680383085,0,0.0
2023-10-23,DEXE,,-0.10663247608896398,-1,-0.04758732326575951
2023-10-23,DOGE,,-0.06987399944340887,0,0.0
2023-10-23,DOT,,0.08671433490584259,1,0.025254136072615976
2023-10-23,ETC,,0.11971235663144975,1,0.030313609426055287
2023-10-23,ETH,,0.06342414384576144,0,0.0
2023-10-23,FET,,-0.5615660494521774,-1,-0.010060761345354498
2023-10-23,FIL,,0.1732970816360626,1,0.02714028924151725
2023-10-23,HBAR,,0.05606305332261279,0,0.0
2023-10-23,ICP,,-0.09360571657898069,-1,-0.02254617492672697
2023-10-23,JST,,-0.8712461595378195,-1,-0.019779860616051297
2023-10-23,LINK,,-0.6521060913642585,-1,-0.015322190994285013
2023-10-23,LTC,,0.025481753289594632,0,0.0
2023-10-23,LUNC,,0.276099737451886,1,0.023992034573294612
2023-10-23,NEAR,,-0.12748315224804677,-1,-0.023580623840945506
2023-10-23,NEXO,,-0.004809898059186438,0,0.0
2023-10-23,PEPE,,-0.30287651782770525,-1,-0.009807949828978741
2023-10-23,QNT,,0.10695541679879371,1,0.022957486897344566
2023-10-23,SHIB,,-0.031296067920991634,0,0.0
2023-10-23,SOL,,-0.2227953398859955,-1,-0.01707601140739686
2023-10-23,STX,,-0.3894873038930658,-1,-0.02550889465538965
2023-10-23,SUI,,0.37883143359419014,1,0.018374617009888326
2023-10-23,TRX,,0.012285261794048024,0,0.0
2023-10-23,UNI,,0.07704292574892554,0,0.0
2023-10-23,VET,,0.05537346287814246,0,0.0
2023-10-23,WLD,,0.3893386419588472,1,0.020388159625099565
2023-10-23,XLM,,0.5826037283507786,1,0.039628398177864385
2023-10-23,XRP,,0.1502078701925702,1,0.03162581715818413
2023-10-23,ZEC,,0.08355868115393998,0,0.0
2023-10-30,AAVE,,0.08012282632232394,0,-0.002068944902674237
2023-10-30,ADA,,-0.2019616951808074,-1,-0.04013140782689821
2023-10-30,ALGO,,0.007547537004927671,0,0.0
2023-10-30,APT,,0.3362163851786298,1,0.024556266296354885
2023-10-30,ARB,,0.7888253939829756,1,0.03639050651286828
2023-10-30,ATOM,,0.01820922981182441,0,0.0
2023-10-30,AVAX,,0.2510128247826707,1,0.03225665645042156
2023-10-30,BCH,,0.21204189300080192,1,0.03580408984172963
2023-10-30,BNB,,-0.21201670511821477,-1,-0.056745643592705494
2023-10-30,BTC,,-0.6038460813033667,-1,-0.04059031891209331
2023-10-30,CAKE,,-0.29480146815138514,-1,-0.011199233398877052
2023-10-30,CHZ,,0.11587752882496807,1,0.027619188642338845
2023-10-30,DASH,,0.007345386926608134,0,0.0
2023-10-30,DEXE,,-0.23855917776603794,-1,-0.057273865870471896
2023-10-30,DOGE,,-0.3100783777992832,-1,-0.04841231882360363
2023-10-30,DOT,,0.08641198149061667,0,0.0024986492953128596
2023-10-30,ETC,,0.09032242377774928,1,0.06155274863542417
2023-10-30,ETH,,-0.313309849821051,-1,-0.052854794747163425
2023-10-30,FET,,-0.27014521114424944,-1,-0.01175545566161837
2023-10-30,FIL,,0.22313369907783395,1,0.04568785992075811
2023-10-30,HBAR,,-0.025740142281902183,0,0.0
2023-10-30,ICP,,-0.03319679267996581,0,-0.0022307230756451434
2023-10-30,JST,,-0.43030339744884905,-1,-0.025787303383022105
2023-10-30,LINK,,-0.3842685685433145,-1,-0.019243726180732508
2023-10-30,LTC,,-0.1882377434720095,-1,-0.05558954867616871
2023-10-30,LUNC,,0.29446812677445666,1,0.062409584100299245
2023-10-30,NEAR,,0.07246977181971459,0,-0.0023330716589867843
2023-10-30,NEXO,,-0.0884292753565574,0,0.0
2023-10-30,PEPE,,0.6587859214256123,1,0.009874661741115684
2023-10-30,QNT,,-0.3156087764847069,-1,-0.033410893193714555
2023-10-30,SHIB,,-0.17847254021084125,0,0.0
2023-10-30,SOL,,-0.0070874836978658965,0,-0.0016895039983613608
2023-10-30,STX,,-0.16283240776918997,0,-0.0025238551606606985
2023-10-30,SUI,,0.5992199089299357,1,0.03540045436116506
2023-10-30,TRX,,-0.4283577813149074,-1,-0.06066648526777933
2023-10-30,UNI,,0.11013300523542506,1,0.034143770957817315
2023-10-30,VET,,-0.08065274255772026,0,0.0
2023-10-30,WLD,,0.564116249086575,1,0.05177024385601485
2023-10-30,XLM,,0.33679082137837574,1,0.06141334901788645
2023-10-30,XRP,,-0.04826647253068231,0,0.003129064701669862
2023-10-30,ZEC,,-0.03687822419911924,0,0.0
2023-11-06,AAVE,,0.20765954917589688,1,0.04753474562428487
2023-11-06,ADA,,-0.2716336484101931,-1,-0.06539751234071552
2023-11-06,ALGO,,-0.028052500062922085,0,0.0
2023-11-06,APT,,0.5367949327194812,1,0.04380854963325574
2023-11-06,ARB,,0.6371805830372174,1,0.083217578049645
2023-11-06,ATOM,,-0.054592278133593956,0,0.0
2023-11-06,AVAX,,0.13358960899065928,1,0.02084781434592039
2023-11-06,BCH,,0.42136829651732355,1,0.057787338004127234
2023-11-06,BNB,,-0.5756528177948519,-1,-0.06655297865760912
2023-11-06,BTC,,-0.6268375998649924,-1,-0.055861769152394825
2023-11-06,CAKE,,-0.06587883878246434,0,-0.0007788704307461411
2023-11-06,CHZ,,-0.008643359677534669,0,0.0019208251662006064
2023-11-06,DASH,,-0.08461799138054477,0,0.0
2023-11-06,DEXE,,-0.06342082324988563,0,-0.003983211974625346
2023-11-06,DOGE,,-0.3289100868429037,-1,-0.06597342289505946
2023-11-06,DOT,,0.021682699499708954,0,0.0001737729703105398
2023-11-06,ETC,,0.034473166092651435,0,0.00428079442009744
2023-11-06,ETH,,-0.23041875544367701,-1,-0.06628238271515834
2023-11-06,FET,,-0.13687552650123783,-1,-0.013199181704054772
2023-11-06,FIL,,0.16035204122360008,1,0.05018894949024645
2023-11-06,HBAR,,-0.10554323809891822,0,0.0
2023-11-06,ICP,,-0.011368308730633787,0,-0.00015513956901526014
2023-11-06,JST,,-0.3714300416619246,-1,-0.02794190027888212
2023-11-06,LINK,,-0.17193826778426638,-1,-0.02301862629139166
2023-11-06,LTC,,-0.06944583978759475,0,-0.003866073165930496
2023-11-06,LUNC,,0.23323216421546247,1,0.03449419112003053
2023-11-06,NEAR,,-0.02738745343287333,0,-0.00016225758168223
2023-11-06,NEXO,,-0.05325830583511224,0,0.0
2023-11-06,PEPE,,0.8326829285834882,1,0.01720131475470829
2023-11-06,QNT,,-0.31297804122306705,-1,-0.045728960670667604
2023-11-06,SHIB,,-0.17727358436085974,-1,-0.05539775001171825
2023-11-06,SOL,,0.26247843019684525,1,0.03872287998516636
2023-11-06,STX,,0.039681860629220765,0,-0.00017552595665358463
2023-11-06,SUI,,0.47844913421464663,1,0.04181379984975238
2023-11-06,TRX,,-0.532886078268043,-1,-0.06682566050426644
2023-11-06,UNI,,0.05727558975460052,1,0.05259110491762268
2023-11-06,VET,,0.2613542767111893,1,0.080686736118483
2023-11-06,WLD,,0.611278301154261,1,0.08428718899733899
2023-11-06,XLM,,-0.37047811182361495,-1,-0.05833540320459911
2023-11-06,XRP,,-0.1879000098600254,-1,-0.03992095634202028
2023-11-06,ZEC,,-0.06211205570452151,0,0.0
2023-11-13,AAVE,,0.22590936148084476,1,0.046518435875143316
2023-11-13,ADA,,-0.3159360504775563,-1,-0.041729557886233705
2023-11-13,ALGO,,-0.03259146295305371,0,0.0
2023-11-13,APT,,0.5336767455023542,1,0.04330445800497876
2023-11-13,ARB,,0.5732249556377306,1,0.03764661071811197
2023-11-13,ATOM,,0.022003626001797293,0,0.0
2023-11-13,AVAX,,0.28715643160765547,1,0.019744356849973155
2023-11-13,BCH,,0.3616405455559852,1,0.08088503344214218
2023-11-13,BNB,,-0.46815658212164607,-1,-0.05664129989519239
2023-11-13,BTC,,-0.4869276058584674,-1,-0.04284267724934916
2023-11-13,CAKE,,-0.1958513924405664,-1,-0.006458071454543972
2023-11-13,CHZ,,-0.08036294057202961,0,0.0
2023-11-13,DASH,,-0.015523916593779533,0,0.0
2023-11-13,DEXE,,-0.14750022657277795,0,0.0
2023-11-13,DOGE,,-0.16074939435722416,0,0.0
2023-11-13,DOT,,-0.04060234324061028,0,0.0
2023-11-13,ETC,,0.01664243271367906,0,0.0
2023-11-13,ETH,,-0.2560840098065544,-1,-0.05664129989519239
2023-11-13,FET,,-0.11975531533006203,0,0.0
2023-11-13,FIL,,0.03604042134701785,0,0.0
2023-11-13,HBAR,,-0.04149220440596413,0,0.0
2023-11-13,ICP,,0.0013615307035254095,0,0.0
2023-11-13,JST,,-0.47181452205887825,-1,-0.021628444078213897
2023-11-13,LINK,,-0.09370906886150321,0,0.0
2023-11-13,LTC,,-0.27130881349826674,-1,-0.053717110734069144
2023-11-13,LUNC,,0.23374213088970255,1,0.02529694065179367
2023-11-13,NEAR,,0.1610962200587513,1,0.039914849057074785
2023-11-13,NEXO,,-0.04621551654390993,0,0.0
2023-11-13,PEPE,,0.6791864294231572,1,0.015052664330164844
2023-11-13,QNT,,-0.24126838428773711,-1,-0.04087893913257747
2023-11-13,SHIB,,-0.17150224129556776,-1,-0.03919490556385039
2023-11-13,SOL,,0.22399050619491664,1,0.031777415316558005
2023-11-13,STX,,0.19004174675394087,1,0.08088503344214218
2023-11-13,SUI,,0.5007323758392619,1,0.030126024669717335
2023-11-13,TRX,,-0.3967479341584195,-1,-0.04489631016164911
2023-11-13,UNI,,0.07536535454980983,1,0.0419500198395674
2023-11-13,VET,,-0.21673025356060205,-1,-0.04746991834967119
2023-11-13,WLD,,0.7688148875290113,1,0.04177864535856008
2023-11-13,XLM,,-0.33874120129456664,-1,-0.05554267130288077
2023-11-13,XRP,,-0.17567592587030034,-1,-0.02723928185250412
2023-11-13,ZEC,,-0.10537839562910098,0,0.0
2023-11-20,AAVE,,0.3121451003275841,1,0.03956480772275988
2023-11-20,ADA,,-0.36822927494633334,-1,-0.034882024106599824
2023-11-20,ALGO,,-0.14250714072925855,0,0.0
2023-11-20,APT,,0.536731634147316,1,0.03947229816182866
2023-11-20,ARB,,0.5227350849674407,1,0.03337262720036869
2023-11-20,ATOM,,0.009228363559826952,1,0.04539604323275447
2023-11-20,AVAX,,-0.0703672836661542,0,0.0
2023-11-20,BCH,,0.3700778788538254,1,0.0691297433719176
2023-11-20,BNB,,-0.5013576872293118,-1,-0.04987170152154114
2023-11-20,BTC,,-0.40540623698347045,-1,-0.05510204961415312
2023-11-20,CAKE,,-0.355854328156165,-1,-0.005866091115998159
2023-11-20,CHZ,,-0.10361359550426318,0,0.0
2023-11-20,DASH,,-0.022288916239663496,0,0.0
2023-11-20,DEXE,,-0.23011853943187063,-1,-0.01356773862632422
2023-11-20,DOGE,,-0.3804534865693591,-1,-0.05510204961415312
2023-11-20,DOT,,-0.1331356436385372,0,0.0
2023-11-20,ETC,,-0.0992818449680505,0,0.0
2023-11-20,ETH,,-0.26446312121152066,-1,-0.05510204961415312
2023-11-20,FET,,0.37870650527749355,1,0.041442674854510954
2023-11-20,FIL,,-0.0402107621010495,0,0.0
2023-11-20,HBAR,,-0.15024399656313117,0,0.0
2023-11-20,ICP,,0.08999918148625011,1,0.04541141240533632
2023-11-20,JST,,-0.08660275623208301,0,0.0
2023-11-20,LINK,,-0.16120645263303768,0,0.0
2023-11-20,LTC,,-0.2515300746134575,-1,-0.05510204961415312
2023-11-20,LUNC,,0.2811415356193107,1,0.018052806308717157
2023-11-20,NEAR,,-0.0293688090444274,0,0.0
2023-11-20,NEXO,,-0.0022202957534687923,0,0.0
2023-11-20,PEPE,,1.0300365374456555,1,0.04818075923347351
2023-11-20,QNT,,-0.1756962958850043,-1,-0.05510204961415312
2023-11-20,SHIB,,-0.23097535454943668,-1,-0.04281426423305293
2023-11-20,SOL,,-0.028062968970268554,0,0.0
2023-11-20,STX,,0.3887476699120061,1,0.0691297433719176
2023-11-20,SUI,,0.4911327420233721,1,0.02564414750234038
2023-11-20,TRX,,-0.3570611712390533,-1,-0.04405861927016596
2023-11-20,UNI,,0.22217231199726487,1,0.03589600129207247
2023-11-20,VET,,-0.11337838276190192,0,0.0
2023-11-20,WLD,,0.641935162458924,1,0.03569803990823962
2023-11-20,XLM,,-0.3127746920327654,-1,-0.054302897500086954
2023-11-20,XRP,,-0.18718516020168274,-1,-0.025517520121702535
2023-11-20,ZEC,,-0.07119543622154617,0,0.0
2023-11-27,AAVE,,0.33973226878477514,1,0.026101982255743915
2023-11-27,ADA,,-0.19791362765425316,-1,-0.03923731092105259
2023-11-27,ALGO,,0.014378293076241265,0,0.0
2023-11-27,APT,,0.39474759989443475,1,0.025931748612970665
2023-11-27,ARB,,0.6449776108008635,1,0.02648027324454307
2023-11-27,ATOM,,-0.17053507713913382,-1,-0.00381714781429493
2023-11-27,AVAX,,-0.25870428783021654,-1,-0.005785138617287967
2023-11-27,BCH,,0.3798754533373464,1,0.04554440603255244
2023-11-27,BNB,,0.00650024616682315,0,-0.016833842802079793
2023-11-27,BTC,,-0.001623934629411422,0,-0.018599310089237778
2023-11-27,CAKE,,0.33378087038121723,1,0.007913939031887562
2023-11-27,CHZ,,0.22037312610313123,1,0.0212866814842391
2023-11-27,DASH,,0.28622884879705357,1,0.013773186766168472
2023-11-27,DEXE,,-0.5802415540509822,-1,-0.01229899776856756
2023-11-27,DOGE,,-0.13063949766061186,0,-0.018599310089237778
2023-11-27,DOT,,-0.04395077505273885,0,0.0
2023-11-27,ETC,,-0.1564044748156032,-1,-0.023420878513418206
2023-11-27,ETH,,0.1855276685412332,1,0.003610836285694363
2023-11-27,FET,,-0.07845189750853823,0,0.013988684013462229
2023-11-27,FIL,,-0.19620643688734826,-1,-0.01051767567169177
2023-11-27,HBAR,,-0.28567862533653654,-1,-0.028355142012190995
2023-11-27,ICP,,-0.304393631298632,-1,-0.005084481180315202
2023-11-27,JST,,-0.7084748631285858,-1,-0.030879581270375753
2023-11-27,LINK,,-0.19206110892447972,-1,-0.009253336910559424
2023-11-27,LTC,,0.11176411725953611,0,-0.018599310089237778
2023-11-27,LUNC,,-0.7504187002309871,-1,0.0025512959310077556
2023-11-27,NEAR,,0.17925780297909796,1,0.01083962974983176
2023-11-27,NEXO,,0.3426704790234787,1,0.022210146374932137
2023-11-27,PEPE,,0.395252756934363,1,0.029791358688753832
2023-11-27,QNT,,-0.01417062529398915,0,-0.018599310089237778
2023-11-27,SHIB,,-0.025670922918655838,0,-0.014451654381084537
2023-11-27,SOL,,-0.20556169417568457,-1,-0.008686303153328412
2023-11-27,STX,,0.12769869361305736,0,0.0233342596576203
2023-11-27,SUI,,0.089869283986049,0,0.008656001994663948
2023-11-27,TRX,,-0.15232948261892862,-1,-0.035863146938397976
2023-11-27,UNI,,0.01586499771109844,0,0.01211644328423403
2023-11-27,VET,,-0.051172766612666086,0,0.0
2023-11-27,WLD,,-0.002165687434908838,0,0.01204962280860047
2023-11-27,XLM,,0.07249875816215978,0,-0.018329561902336054
2023-11-27,XRP,,0.22463167867509234,1,0.01359688656381242
2023-11-27,ZEC,,0.14113911697584314,1,0.017434057433213843
2023-12-04,AAVE,,0.12324054660320649,1,0.056544491602477126
2023-12-04,ADA,,-0.5555943077025834,-1,-0.01766144416160055
2023-12-04,ALGO,,-0.12471482509285128,0,0.0
2023-12-04,APT,,0.5772171827103086,1,0.04426442190764914
2023-12-04,ARB,,0.5546905299913497,1,0.058463234291268526
2023-12-04,ATOM,,-0.23457232120367594,-1,-0.039641205815104004
2023-12-04,AVAX,,0.17377380571090875,1,0.010505165450264978
2023-12-04,BCH,,0.46243197342882103,1,0.07972010677520375
2023-12-04,BNB,,-0.4426887215738682,-1,-0.05947128437489736
2023-12-04,BTC,,-0.41515417796852255,-1,-0.059751190134843375
2023-12-04,CAKE,,0.5600561489993163,1,0.040984810151851306
2023-12-04,CHZ,,0.03960856912865604,0,0.003374893888385924
2023-12-04,DASH,,0.029207247330710697,0,0.0021836679369283754
2023-12-04,DEXE,,0.004784222381222747,0,-0.001949942851972657
2023-12-04,DOGE,,-0.28550927843553664,-1,-0.0345062428174439
2023-12-04,DOT,,-0.018060109659749603,0,0.0
2023-12-04,ETC,,-0.16698761524260983,0,-0.003713259852837495
2023-12-04,ETH,,-0.35448856999458583,-1,-0.056229885636703815
2023-12-04,FET,,-0.17210880893539365,-1,-0.02983348793040039
2023-12-04,FIL,,0.20720522187030993,1,0.043585462559499986
2023-12-04,HBAR,,-0.34585516401872135,-1,-0.03221408881033535
2023-12-04,ICP,,-0.04392898506090744,0,-0.0008061183455844992
2023-12-04,JST,,-0.2663967152122839,-1,-0.05355669444046991
2023-12-04,LINK,,0.1189715099232293,0,-0.0014670689844138085
2023-12-04,LTC,,-0.15750545604480326,0,-0.002948824972781188
2023-12-04,LUNC,,-0.21947586021766177,-1,-0.005609719224509233
2023-12-04,NEAR,,0.20309378663191763,1,0.027759610665286684
2023-12-04,NEXO,,-0.03283382966770251,0,0.0035213044981395603
2023-12-04,PEPE,,0.8228654397072162,1,0.026082802430314588
2023-12-04,QNT,,-0.09168352092062171,0,-0.002948824972781188
2023-12-04,SHIB,,-0.07975508395759331,0,-0.002291235488439087
2023-12-04,SOL,,0.3036820066495947,1,0.0366849218748812
2023-12-04,STX,,0.3747495144727828,1,0.03746441305171333
2023-12-04,SUI,,0.24279822405295592,1,0.03660017673090335
2023-12-04,TRX,,-0.4495613419602715,-1,-0.0610618212853341
2023-12-04,UNI,,-0.16909922734922586,0,0.0019209997772181055
2023-12-04,VET,,-0.1913359159172018,-1,-0.024473273087491244
2023-12-04,WLD,,0.17446594216058395,1,0.03212737066204399
2023-12-04,XLM,,-0.22492446618031423,-1,-0.056572037668668966
2023-12-04,XRP,,0.08101576644557076,0,0.0021557164464204165
2023-12-04,ZEC,,-0.011623335881980936,0,0.0027640801561618217
2023-12-11,AAVE,,0.19111980378404844,1,0.0899114170973833
2023-12-11,ADA,,-0.38873730073096774,-1,-0.014532209147863432
2023-12-11,ALGO,,-0.13830544306950832,0,0.0
2023-12-11,APT,,0.4587330698015102,1,0.05235334987456268
2023-12-11,ARB,,0.4035127464362814,1,0.09084272650061974
2023-12-11,ATOM,,-0.17697209993792243,-1,-0.05622468576722332
2023-12-11,AVAX,,0.15503676677259748,1,0.013184971755766805
2023-12-11,BCH,,0.4772983067466258,1,0.057266384256201765
2023-12-11,BNB,,-0.486832293120033,-1,-0.07356777682985646
2023-12-11,BTC,,-0.4138623055908984,-1,-0.05447049075825927
2023-12-11,CAKE,,0.5330021052254194,1,0.0603716448998957
2023-12-11,CHZ,,-0.0097266061288626,0,0.0
2023-12-11,DASH,,-0.18530778847770146,-1,-0.04647573564752691
2023-12-11,DEXE,,0.4931356926307171,1,0.019258550981077156
2023-12-11,DOGE,,-0.24588475911743576,-1,-0.03018267213017179
2023-12-11,DOT,,-0.006988613001556117,0,0.0
2023-12-11,ETC,,-0.10840967105926055,0,0.0
2023-12-11,ETH,,-0.417881593104556,-1,-0.05799651684320797
2023-12-11,FET,,0.03453670511145968,0,0.0
2023-12-11,FIL,,0.2367870754741307,1,0.05854532068058072
2023-12-11,HBAR,,-0.27425527984828457,-1,-0.03751122160981169
2023-12-11,ICP,,-0.33453786161137433,-1,-0.008874273453898964
2023-12-11,JST,,-0.3029441745673475,-1,-0.04942597843645241
2023-12-11,LINK,,0.1089020603092988,0,0.0
2023-12-11,LTC,,-0.28813700676602516,-1,-0.05906330757096048
2023-12-11,LUNC,,0.19772280318339358,1,0.008977425099893663
2023-12-11,NEAR,,0.07260405500509005,0,0.0
2023-12-11,NEXO,,-0.05731165169723459,0,0.0
2023-12-11,PEPE,,0.9713948904928681,1,0.02082458819317998
2023-12-11,QNT,,-0.14282961335093058,0,0.0
2023-12-11,SHIB,,-0.14835413658705415,0,0.0
2023-12-11,SOL,,0.12444693705626023,1,0.03780465547571615
2023-12-11,STX,,0.41993117344173875,1,0.06051129539024223
2023-12-11,SUI,,0.1944805564320519,1,0.037418192086761136
2023-12-11,TRX,,-0.4801290760524168,-1,-0.0685795470185553
2023-12-11,UNI,,-0.030621422043523767,0,0.0
2023-12-11,VET,,-0.155516287822617,0,0.0
2023-12-11,WLD,,0.04866029051996157,0,0.0
2023-12-11,XLM,,-0.21797265501130061,-1,-0.05036610707809288
2023-12-11,XRP,,-0.028957759213077347,0,0.0
2023-12-11,ZEC,,-0.08082964051356473,0,0.0
2023-12-18,AAVE,,0.020394870358080356,0,0.0
2023-12-18,ADA,,-0.38925327702575213,-1,-0.016699616052494464
2023-12-18,ALGO,,-0.030274506338287127,0,0.0
2023-12-18,APT,,0.5705061694064039,1,0.07658173564615663
2023-12-18,ARB,,0.4752716342619298,1,0.07232688316259805
2023-12-18,ATOM,,-0.3360571385973228,-1,-0.0632186065555734
2023-12-18,AVAX,,0.27060135229086163,1,0.026758158496084854
2023-12-18,BCH,,0.170557519183477,0,0.0
2023-12-18,BNB,,-0.4770654503392249,-1,-0.07411520132198798
2023-12-18,BONK,,0.3568404558341933,1,0.07658173564615663
2023-12-18,BTC,,-0.4966716136927912,-1,-0.0641708710749233
2023-12-18,CAKE,,0.6194076196660742,1,0.05134737336728115
2023-12-18,CHZ,,-0.06284670228274836,0,0.0
2023-12-18,DASH,,-0.20808977309103668,0,0.0
2023-12-18,DEXE,,0.3559855879161947,1,0.0331319440477797
2023-12-18,DOGE,,-0.3620898190276594,-1,-0.034872095755276264
2023-12-18,DOT,,0.13128028677704126,0,0.0
2023-12-18,ETC,,-0.17806460056766654,0,0.0
2023-12-18,ETH,,-0.49683399015309954,-1,-0.06609195180421606
2023-12-18,FET,,-0.011862082896184754,0,0.0
2023-12-18,FIL,,0.26829094537240256,1,0.11585159953291765
2023-12-18,HBAR,,-0.2766211713674335,-1,-0.04329689771663752
2023-12-18,ICP,,-0.3475721381974362,-1,-0.009683666917986156
2023-12-18,JST,,-0.28039355755373585,-1,-0.05767864394940295
2023-12-18,LINK,,0.13292948661041668,0,0.0
2023-12-18,LTC,,-0.3797613925184129,-1,-0.06773546851982956
2023-12-18,LUNC,,0.25192234952846265,1,0.015204913172112856
2023-12-18,NEAR,,0.2568398973764497,1,0.024125948088087025
2023-12-18,NEXO,,0.017573615537731017,0,0.0
2023-12-18,PEPE,,0.8027676739378736,1,0.03891169601193502
2023-12-18,QNT,,-0.02323841537726344,0,0.0
2023-12-18,SHIB,,-0.20923314390014922,-1,-0.06510751991361229
2023-12-18,SOL,,0.25644083692623193,1,0.029288914589909537
2023-12-18,STX,,0.4722379501496785,1,0.07876420958246973
2023-12-18,SUI,,0.30992911437485965,1,0.05966454611771807
2023-12-18,TRX,,-0.5137999359868894,-1,-0.07851022907783904
2023-12-18,UNI,,0.012624611013148025,0,0.0
2023-12-18,VET,,-0.1723476229361645,0,0.0
2023-12-18,WLD,,-0.012767560757723978,0,0.0
2023-12-18,XLM,,-0.294530432053817,-1,-0.05735888880142801
2023-12-18,XRP,,-0.00030055991390698714,0,0.0
2023-12-18,ZEC,,-0.1927270919468063,0,0.0
2023-12-25,AAVE,,0.16743604626002465,0,0.0
2023-12-25,ADA,,-0.5519170470023519,-1,-0.014646274305981304
2023-12-25,ALGO,,-0.2361832474479042,-1,-0.01965274052697494
2023-12-25,APT,,0.4245929387198109,1,0.04906865029549093
2023-12-25,ARB,,0.4468545361973361,1,0.04372978725058029
2023-12-25,ATOM,,-0.3208691272038741,-1,-0.05067755647675929
2023-12-25,AVAX,,0.21514634443090533,1,0.013821048519016627
2023-12-25,BCH,,0.29559029518111957,1,0.04940060054870764
2023-12-25,BNB,,-0.17703441111190338,0,0.0
2023-12-25,BONK,,0.28784901085265685,1,0.04906865029549093
2023-12-25,BTC,,-0.37148280549424506,-1,-0.0565590963067229
2023-12-25,CAKE,,0.5410409014989501,1,0.030011612394164985
2023-12-25,CHZ,,-0.011624105752912098,0,0.0
2023-12-25,DASH,,-0.21873240993832288,-1,-0.03633322622513571
2023-12-25,DEXE,,0.47900122103844806,1,0.02104655856438936
2023-12-25,DOGE,,-0.2572566631964957,-1,-0.031110135415774537
2023-12-25,DOT,,-0.09144447341613865,0,0.0
2023-12-25,ETC,,-0.017993185327714514,0,0.0
2023-12-25,ETH,,-0.2711370766495058,-1,-0.06384857775043293
2023-12-25,FET,,-0.21401085315136115,0,0.0
2023-12-25,FIL,,0.29349883951296,1,0.058080753663680616
2023-12-25,HBAR,,-0.30743257493252035,-1,-0.033275022037918
2023-12-25,ICP,,-0.5141084458190408,-1,-0.009228351965042568
2023-12-25,JST,,-0.35254643777290534,-1,-0.05573579023659233
2023-12-25,LINK,,0.2115012623958797,1,0.05048493321484252
2023-12-25,LTC,,-0.18072508778972723,0,0.0
2023-12-25,LUNC,,0.8051280300849657,1,0.055522809546461646
2023-12-25,NEAR,,-0.11801534808904504,0,0.0
2023-12-25,NEXO,,-0.08840021381852478,0,0.0
2023-12-25,PEPE,,0.6012354370491663,1,0.023660922769004174
2023-12-25,QNT,,-0.08680368891591622,0,0.0
2023-12-25,SHIB,,-0.25129804385337773,-1,-0.04861296518131397
2023-12-25,SOL,,-0.05516249166525641,0,0.0
2023-12-25,STX,,0.18311056426276706,1,0.0437479569580659
2023-12-25,SUI,,0.3209602203804253,1,0.03999420669862019
2023-12-25,TRX,,-0.284623330186121,-1,-0.07437225419705545
2023-12-25,UNI,,0.09275012532823555,0,0.0
2023-12-25,VET,,-0.3098145054036559,-1,-0.033586500092811736
2023-12-25,WLD,,0.0751721763729202,0,0.0
2023-12-25,XLM,,-0.11454453141474223,0,0.0
2023-12-25,XRP,,0.10282241261397164,0,0.0
2023-12-25,ZEC,,-0.14053025682698317,0,0.0
2024-01-01,AAVE,,0.007217959957791806,0,0.0
2024-01-01,ADA,,0.11434194463301277,1,0.05846053680939015
2024-01-01,ALGO,,0.11904867169366051,1,0.029259707761086353
2024-01-01,APT,,0.3510481742976334,1,0.04531119564971146
2024-01-01,ARB,,0.305523182531505,1,0.04425246207825451
2024-01-01,ATOM,,-0.23002398406740068,-1,-0.044171687180975125
2024-01-01,AVAX,,0.532933394863478,1,0.02868682592126392
2024-01-01,BCH,,0.0800993262181875,0,0.0
2024-01-01,BNB,,-0.491444404726556,-1,-0.03075627170597426
2024-01-01,BONK,,0.292528947552697,1,0.04707925826926982
2024-01-01,BTC,,-0.3081173018763849,-1,-0.06005535624632498
2024-01-01,CAKE,,0.4331605428531154,1,0.022213841505894536
2024-01-01,CHZ,,-0.051923931020177706,0,0.0
2024-01-01,DASH,,-0.21388492562444042,-1,-0.031086811923819582
2024-01-01,DEXE,,0.5791079054435391,1,0.04159892007061519
2024-01-01,DOGE,,-0.22252735392551776,-1,-0.05599441414429423
2024-01-01,DOT,,0.0710208237344343,0,0.0
2024-01-01,ETC,,-0.19670000512302876,-1,-0.03345223313488393
2024-01-01,ETH,,-0.3595735650918615,-1,-0.06005535624632498
2024-01-01,FET,,-0.1982247677430532,-1,-0.022199349821630816
2024-01-01,FIL,,0.25220738815341115,1,0.02925316699480079
2024-01-01,HBAR,,-0.18894584354179625,0,0.0
2024-01-01,ICP,,-0.464126285142233,-1,-0.00632834092905396
2024-01-01,JST,,-0.4147719854948249,-1,-0.060039033584678554
2024-01-01,LINK,,0.02523084643308883,0,0.0
2024-01-01,LTC,,-0.28897810138448327,-1,-0.04555525275659942
2024-01-01,LUNC,,0.6402262863162876,1,0.0669826413089503
2024-01-01,NEAR,,-0.1877514850418724,0,0.0
2024-01-01,NEXO,,-0.04397470854641009,0,0.0
2024-01-01,PEPE,,0.7082116496739047,1,0.05415732880166638
2024-01-01,QNT,,-0.001673257169894367,0,0.0
2024-01-01,SHIB,,-0.09561938044732722,0,0.0
2024-01-01,SOL,,-0.049731797610863694,0,0.0
2024-01-01,STX,,0.09896954806335681,1,0.04299851692924688
2024-01-01,SUI,,0.17946007825228108,1,0.04127649947873211
2024-01-01,TRX,,-0.44511057668001114,-1,-0.06005535624632498
2024-01-01,UNI,,0.06384747304618452,0,0.0
2024-01-01,VET,,-0.12800731468043225,0,0.0
2024-01-01,WLD,,0.05044507651342445,0,0.0
2024-01-01,XLM,,-0.23171637507229284,-1,-0.041781437657997564
2024-01-01,XRP,,0.015864458313249046,0,0.0
2024-01-01,ZEC,,-0.10766632853337565,0,0.0
2024-01-08,AAVE,,0.01871483561080435,0,0.0
2024-01-08,ADA,,0.2358951399263547,1,0.026712898014358895
2024-01-08,ALGO,,0.04878322860185451,0,0.0034506504282236956
2024-01-08,APT,,0.16375919421005014,1,0.02197078704895845
2024-01-08,ARB,,0.42523720994166103,1,0.04473353516087229
2024-01-08,ATOM,,0.05592516468308281,0,-0.005209247219109474
2024-01-08,AVAX,,0.30770039482696526,1,0.01540251196838048
2024-01-08,BCH,,0.06173173979510295,0,0.0
2024-01-08,BNB,,-0.2787894072703705,-1,-0.03111457419721714
2024-01-08,BONK,,-0.3915946244544884,-1,-0.003292791274391964
2024-01-08,BTC,,-0.18817669201430903,-1,-0.05416158862327046
2024-01-08,CAKE,,0.03405508039992444,0,0.002619718635971855
2024-01-08,CHZ,,0.07357318368899915,0,0.0
2024-01-08,DASH,,0.04419740402721514,0,-0.0036661241374290054
2024-01-08,DEXE,,0.5688558886276205,1,0.043531660114060435
2024-01-08,DOGE,,0.09840630311704565,0,-0.006603522862320278
2024-01-08,DOT,,-0.1069023105293981,-1,-0.014898329565275174
2024-01-08,ETC,,-0.2590668733847522,-1,-0.017052596199377466
2024-01-08,ETH,,0.10210578062827531,0,-0.007082437133022611
2024-01-08,FET,,-0.07319453483199327,-1,-0.033597716074343524
2024-01-08,FIL,,0.07808397741231479,0,0.003449879063787367
2024-01-08,HBAR,,-0.06483296915287566,0,0.0
2024-01-08,ICP,,-0.23072732898161613,-1,-0.01282133017274997
2024-01-08,JST,,-0.618075571981467,-1,-0.053083631267425956
2024-01-08,LINK,,0.14537104083752367,1,0.018176097123024454
2024-01-08,LTC,,0.041334860056089474,0,-0.00537241361793294
2024-01-08,LUNC,,0.4982922596370937,1,0.026967348703078535
2024-01-08,NEAR,,-0.9227213767311098,-1,-0.007455052940654345
2024-01-08,NEXO,,-0.0803800786361575,-1,-0.0415064316319186
2024-01-08,PEPE,,0.4414165377065684,1,0.02808414202867077
2024-01-08,QNT,,-0.017946334278608995,0,0.0
2024-01-08,SHIB,,0.1185898301006176,1,0.02354349544044523
2024-01-08,SOL,,-0.6903119968966367,-1,-0.008243102642078769
2024-01-08,STX,,-0.38423927706739,-1,-0.01288676850183109
2024-01-08,SUI,,-0.2917638826175836,-1,-0.006446281917615877
2024-01-08,TRX,,0.015542144883247427,0,-0.007082437133022611
2024-01-08,UNI,,0.19876780566492433,1,0.01556092353635963
2024-01-08,VET,,-0.03905554750686014,0,0.0
2024-01-08,WLD,,0.4528854367678164,1,0.01180039086231923
2024-01-08,XLM,,0.04317306501153158,0,-0.004927360755739074
2024-01-08,XRP,,0.1480316934188035,1,0.031300295490928796
2024-01-08,ZEC,,0.21734960675412832,1,0.019199404247286195
2024-01-15,AAVE,,-0.05469854529154964,0,0.0
2024-01-15,ADA,,0.18653839797940824,1,0.02519994789767907
2024-01-15,ALGO,,0.2666519961894854,1,0.02517052332080485
2024-01-15,APT,,-0.024163422907089185,0,0.0
2024-01-15,ARB,,-0.10720539377809236,-1,-0.01764719831859234
2024-01-15,ATOM,,-0.02633659034529463,0,0.0
2024-01-15,AVAX,,0.45273672832959555,1,0.02409681142491625
2024-01-15,BCH,,-0.04640000723139162,0,0.0
2024-01-15,BNB,,-0.38123317511182125,-1,-0.02413072406300968
2024-01-15,BONK,,-0.6758766209223196,-1,-0.007431136504542461
2024-01-15,BTC,,-0.23579687199254237,-1,-0.045579934083740316
2024-01-15,CAKE,,0.057156830344305874,0,0.0
2024-01-15,CHZ,,0.07674091187310862,0,0.0
2024-01-15,DASH,,0.13815929331744337,0,0.0
2024-01-15,DEXE,,0.42189703743367013,1,0.04593720726591717
2024-01-15,DOGE,,0.14462620250257063,0,0.0
2024-01-15,DOT,,0.16671430028595033,1,0.0271949272809121
2024-01-15,ETC,,-0.5860144807942812,-1,-0.010193828177410467
2024-01-15,ETH,,-0.07428515739919356,-1,-0.03653425869681319
2024-01-15,FET,,-0.1408857302200586,-1,-0.03689548127097173
2024-01-15,FIL,,-0.060389939229018336,0,0.0
2024-01-15,HBAR,,0.09770851714864041,0,0.0
2024-01-15,ICP,,-0.4835838875765046,-1,-0.00965177083623014
2024-01-15,JST,,-0.6883610047107918,-1,-0.03746950991191348
2024-01-15,LINK,,0.1748451533077156,1,0.023993083852360597
2024-01-15,LTC,,0.036099703752276995,0,0.0
2024-01-15,LUNC,,0.42241738559184655,1,0.02395584347834201
2024-01-15,NEAR,,0.03384119913444954,0,0.0
2024-01-15,NEXO,,-0.18021068047956992,-1,-0.045579934083740316
2024-01-15,PEPE,,0.41561046113700606,1,0.02970959324035499
2024-01-15,QNT,,0.2712698995474458,1,0.024817378363038926
2024-01-15,SHIB,,0.07893182257797847,0,0.0
2024-01-15,SOL,,0.2741868763145912,1,0.032350967020781746
2024-01-15,STX,,-0.20001507796630535,-1,-0.024140596779928913
2024-01-15,SUI,,-0.7794285184945963,-1,-0.007485783825830394
2024-01-15,TRX,,-0.1559886019212448,-1,-0.041413048638651605
2024-01-15,UNI,,0.29445290762188064,1,0.023161960753094023
2024-01-15,VET,,0.14940594693164683,0,0.0
2024-01-15,WLD,,0.44495311803862747,1,0.015877435157294822
2024-01-15,XLM,,0.01614227246911988,0,0.0
2024-01-15,XRP,,0.025745042097410367,0,0.0
2024-01-15,ZEC,,0.25404170244549357,1,0.022687526135878537
2024-01-22,AAVE,,-0.07511916795732937,-1,-0.030640642250361852
2024-01-22,ADA,,0.12885513654003466,0,0.0
2024-01-22,ALGO,,0.23371534008894676,1,0.022027856343228153
2024-01-22,APT,,-0.03028413452742866,0,0.0
2024-01-22,ARB,,-0.1686139579323925,-1,-0.01757146564727295
2024-01-22,ATOM,,-0.07329575891880495,-1,-0.030793396784620074
2024-01-22,AVAX,,0.5333038956561895,1,0.022312990413144617
2024-01-22,BCH,,0.10547129121049648,0,0.0
2024-01-22,BNB,,-0.1840537811148675,-1,-0.04394073217812028
2024-01-22,BONK,,-0.30312382349532774,-1,-0.007832990535387706
2024-01-22,BTC,,-0.05857348744497427,0,0.0
2024-01-22,CAKE,,0.3800677078948475,1,0.02947144960830345
2024-01-22,CHZ,,-0.058853031898258315,0,0.0
2024-01-22,DASH,,0.04544070770534537,0,0.0
2024-01-22,DEXE,,0.26481334206453105,1,0.04292255825523615
2024-01-22,DOGE,,-0.09441319707524463,-1,-0.024610998894302804
2024-01-22,DOT,,0.15786646121420073,1,0.02244321122123744
2024-01-22,ETC,,-0.8008371645598855,-1,-0.009587650088306298
2024-01-22,ETH,,-0.2956519258419198,-1,-0.02678067081653381
2024-01-22,FET,,-0.0335271923423703,0,0.0
2024-01-22,FIL,,0.2801737745176148,1,0.022990363513866987
2024-01-22,HBAR,,0.046193587811803084,0,0.0
2024-01-22,ICP,,0.03986331534716704,0,0.0
2024-01-22,JST,,-0.7249204735781876,-1,-0.03655421410934901
2024-01-22,LINK,,-0.07062109757756345,0,0.0
2024-01-22,LTC,,-0.13884693485611305,-1,-0.024793191681434113
2024-01-22,LUNC,,0.2856788730356271,1,0.021267932703450596
2024-01-22,NEAR,,0.0962597621688077,0,0.0
2024-01-22,NEXO,,-0.04461855925176233,0,0.0
2024-01-22,PEPE,,0.2555286290632003,1,0.02590492418684962
2024-01-22,QNT,,0.19910328529074492,1,0.02448661751469302
2024-01-22,SHIB,,-0.015344841945157669,0,0.0
2024-01-22,SOL,,0.3117484589216294,1,0.02620112317850698
2024-01-22,STX,,-0.08331415536052368,-1,-0.02585190323409152
2024-01-22,SUI,,-0.9363596661468644,-1,-0.007141855182263975
2024-01-22,TRX,,-0.10584611872139502,-1,-0.03905519350268843
2024-01-22,UNI,,0.16994534317841029,1,0.022113051201546316
2024-01-22,VET,,0.1736021785017482,1,0.02555197029435098
2024-01-22,WLD,,0.4649353985441911,1,0.017460856470318465
2024-01-22,XLM,,0.01698586739179449,0,0.0
2024-01-22,XRP,,-0.02765420558599692,0,0.0
2024-01-22,ZEC,,0.13432031998503832,0,0.0
2024-01-29,AAVE,,-0.1796796841440038,-1,-0.03565080199311928
2024-01-29,ADA,,0.240055015440417,1,0.026481377381516055
2024-01-29,ALGO,,0.30497083094767785,1,0.026481377381516055
2024-01-29,APT,,-0.051589467760969725,0,0.0
2024-01-29,ARB,,-0.21196796241584331,-1,-0.016751572759632623
2024-01-29,ATOM,,-0.13747625254517884,-1,-0.04080573437026445
2024-01-29,AVAX,,0.5249030651541203,1,0.020164150602448232
2024-01-29,BCH,,0.10547648186233045,0,0.0
2024-01-29,BNB,,-0.2698619258299421,-1,-0.04080573437026445
2024-01-29,BONK,,-0.2973559263739973,-1,-0.007893696680403751
2024-01-29,BTC,,-0.09710155030602532,0,0.0
2024-01-29,CAKE,,0.34629884788348875,1,0.026481377381516055
2024-01-29,CHZ,,-0.1632505871364708,-1,-0.025356903116434397
2024-01-29,DASH,,0.030385786390653383,0,0.0
2024-01-29,DEXE,,0.32104040747299245,1,0.026481377381516055
2024-01-29,DOGE,,-0.0776323318052308,0,0.0
2024-01-29,DOT,,0.17508623541900128,1,0.023968626495689798
2024-01-29,ETC,,-0.722492884190857,-1,-0.009965653137263128
2024-01-29,ETH,,-0.2596035469928211,-1,-0.025435125736779533
2024-01-29,FET,,-0.1396750629565025,-1,-0.024423507914925712
2024-01-29,FIL,,0.29898256184889466,1,0.026481377381516055
2024-01-29,HBAR,,-0.07770116487833342,0,0.0
2024-01-29,ICP,,0.0730550476586463,0,0.0
2024-01-29,JST,,-0.7764103924824176,-1,-0.04080573437026445
2024-01-29,LINK,,-0.16777680911922685,-1,-0.015449156272398103
2024-01-29,LTC,,-0.14815219132983642,-1,-0.03483680568474836
2024-01-29,LUNC,,0.4426792254520254,1,0.01611514805993009
2024-01-29,NEAR,,0.08466774232450443,0,0.0
2024-01-29,NEXO,,0.04179910488108944,0,0.0
2024-01-29,PEPE,,0.0842098681077343,0,0.0
2024-01-29,QNT,,0.19527645576422403,1,0.026481377381516055
2024-01-29,SHIB,,0.021004225366138753,0,0.0
2024-01-29,SOL,,0.3054120711965102,1,0.026481377381516055
2024-01-29,STX,,0.08551004812071675,0,0.0
2024-01-29,SUI,,-0.9684702864122415,-1,-0.0068231336720870365
2024-01-29,TRX,,-0.07573460304999295,0,0.0
2024-01-29,UNI,,0.2874458478040585,1,0.026423238486872683
2024-01-29,VET,,0.24031371404244262,1,0.026481377381516055
2024-01-29,WLD,,0.5924900096959463,1,0.026481377381516055
2024-01-29,XLM,,-0.09363298709032078,0,0.0
2024-01-29,XRP,,-0.05101976332429927,0,0.0
2024-01-29,ZEC,,0.16552278731090234,0,0.0
2024-02-05,AAVE,,-0.04879333081802811,0,0.0
2024-02-05,ADA,,0.2819384182119724,1,0.025581435680213527
2024-02-05,ALGO,,0.1454747572333617,0,0.0
2024-02-05,APT,,0.07592825295614532,0,0.0
2024-02-05,ARB,,-0.06925285050249386,0,0.0
2024-02-05,ATOM,,-0.03785780821603966,0,0.0
2024-02-05,AVAX,,0.3481450153829769,1,0.017089661854735518
2024-02-05,BCH,,-0.17102770901010486,-1,-0.022981760404787915
2024-02-05,BNB,,-0.1638860603687937,-1,-0.04528504345089316
2024-02-05,BONK,,-0.20002822865616388,-1,-0.01197035630857623
2024-02-05,BTC,,-0.24241267819131973,-1,-0.035283780584874296
2024-02-05,CAKE,,0.5142114079295939,1,0.03177597758728256
2024-02-05,CHZ,,-0.39064806626539544,-1,-0.026530240141079017
2024-02-05,DASH,,0.2573273531185032,1,0.03177597758728256
2024-02-05,DEXE,,-0.05283795373692599,0,0.0
2024-02-05,DOGE,,-0.03212266985041843,0,0.0
2024-02-05,DOT,,0.27322471351221794,1,0.027906096376370548
2024-02-05,ETC,,0.059937196801809686,0,0.0
2024-02-05,ETH,,-0.1282167201210772,-1,-0.031212570978849268
2024-02-05,FET,,-0.5598207928073917,-1,-0.015238968773654606
2024-02-05,FIL,,0.33715582333424804,1,0.023339116281697023
2024-02-05,HBAR,,-0.21151358271835966,-1,-0.024090847577553965
2024-02-05,ICP,,-0.06590384990958806,0,0.0
2024-02-05,JST,,-0.6546873414150636,-1,-0.04528504345089316
2024-02-05,JUP,,0.20975206467416266,0,0.0
2024-02-05,LINK,,-0.5291496463435916,-1,-0.017255873073074156
2024-02-05,LTC,,0.052605824935460586,0,0.0
2024-02-05,LUNC,,0.35984849597765317,1,0.017107230203793816
2024-02-05,NEAR,,-0.144093272388546,-1,-0.02145103182323889
2024-02-05,NEXO,,-0.04589196972360628,0,0.0
2024-02-05,PEPE,,-0.07592649608717275,0,0.0
2024-02-05,QNT,,0.39089552103601943,1,0.03177597758728256
2024-02-05,SHIB,,0.2217249079190235,1,0.03177597758728256
2024-02-05,SOL,,0.21399507861569436,1,0.023084755479912317
2024-02-05,STX,,-0.6298696247008365,-1,-0.015373026419310879
2024-02-05,SUI,,-0.5911784676351042,-1,-0.013043837156505455
2024-02-05,TRX,,0.05580678269188273,0,0.0
2024-02-05,UNI,,0.2506102818357228,1,0.020800136815474518
2024-02-05,VET,,0.2264010602657396,1,0.02668394365113162
2024-02-05,WLD,,0.4436626181040954,1,0.01630609345083191
2024-02-05,XLM,,0.12515052139130425,0,0.0
2024-02-05,XRP,,0.12234803692911135,0,0.0
2024-02-05,ZEC,,0.07897498660932552,0,0.0
2024-02-12,AAVE,,-0.13144761209390704,-1,-0.028937326561991036
2024-02-12,ADA,,0.2532739916359668,1,0.022517967192418643
2024-02-12,ALGO,,0.2713222226105737,1,0.020542957315813508
2024-02-12,APT,,0.33399284908383103,1,0.03542268694063666
2024-02-12,ARB,,0.06884099843873753,0,0.0
2024-02-12,ATOM,,-0.06111166343436525,0,0.0
2024-02-12,AVAX,,0.41804336604781006,1,0.028224614822452972
2024-02-12,BCH,,-0.20578344496043305,-1,-0.024620055231828756
2024-02-12,BNB,,-0.25376466527515684,-1,-0.0404658834204101
2024-02-12,BONK,,0.38454183886406407,1,0.012052655531357407
2024-02-12,BTC,,-0.24236662522212873,-1,-0.039991926391738264
2024-02-12,CAKE,,0.378630418066816,1,0.023243394022767667
2024-02-12,CHZ,,-0.020736991146432904,0,0.0
2024-02-12,DASH,,0.05996401650396547,0,0.0
2024-02-12,DEXE,,-0.06386382960374241,0,0.0
2024-02-12,DOGE,,-0.06446889628460958,0,0.0
2024-02-12,DOT,,0.2813294907078162,1,0.02920815489454756
2024-02-12,ETC,,-0.03495455858168423,0,0.0
2024-02-12,ETH,,-0.18914498724085177,-1,-0.02356275945016049
2024-02-12,FET,,-0.20398318693322276,-1,-0.012226489678911958
2024-02-12,FIL,,0.1853408362466706,0,0.0
2024-02-12,HBAR,,-0.0629435109166797,0,0.0
2024-02-12,ICP,,0.21932531639560224,1,0.03542268694063666
2024-02-12,JST,,-0.7207998731011818,-1,-0.046072407889876266
2024-02-12,JUP,,0.21199667078198142,1,0.02287493073398564
2024-02-12,LINK,,-0.3998756561455328,-1,-0.01716180984239462
2024-02-12,LTC,,-0.21947970762344998,-1,-0.04732893159319493
2024-02-12,LUNC,,0.41786572836415986,1,0.018275419200853127
2024-02-12,NEAR,,0.10554964734560923,0,0.0
2024-02-12,NEXO,,-0.18124509185856247,-1,-0.023266199352979293
2024-02-12,PEPE,,0.10945523091116954,0,0.0
2024-02-12,QNT,,0.22986416782041247,1,0.029419218235735657
2024-02-12,SHIB,,0.02918494298731157,0,0.0
2024-02-12,SOL,,0.21515692120514737,1,0.032938422755538266
2024-02-12,STX,,-0.3689977274950993,-1,-0.011290232576166898
2024-02-12,SUI,,0.07552034988080782,0,0.0
2024-02-12,TRX,,0.15350060338286253,0,0.0
2024-02-12,UNI,,0.23058886394890163,1,0.01784074956313432
2024-02-12,VET,,-0.22462851986957957,-1,-0.009703570284078207
2024-02-12,WLD,,-0.90524023692826,-1,-0.003356265876147274
2024-02-12,XLM,,-0.044917119134672154,0,0.0
2024-02-12,XRP,,0.004433291895853361,0,0.0
2024-02-12,ZEC,,-0.03796785927651655,0,0.0
2024-02-19,AAVE,,-0.008554778042574703,0,-0.008073626175211904
2024-02-19,ADA,,0.06051050061254243,0,0.006282600051107319
2024-02-19,ALGO,,0.2644282633869738,1,0.05830255174827237
2024-02-19,APT,,0.11358527350864786,0,0.009883066836447366
2024-02-19,ARB,,0.023558691506681245,0,0.0
2024-02-19,ATOM,,-0.3216795495088425,-1,-0.034226628226208713
2024-02-19,AVAX,,0.373044097584665,1,0.050660629705440156
2024-02-19,BCH,,-0.07965853242290896,0,-0.0068690907547742305
2024-02-19,BNB,,-0.6166945338659549,-1,-0.06011556004041496
2024-02-19,BONK,,0.3755809586312638,1,0.026474407671860448
2024-02-19,BTC,,-0.7318064278316058,-1,-0.04885461502413826
2024-02-19,CAKE,,0.7361497527825749,1,0.054661448436748805
2024-02-19,CHZ,,-0.10611024219235421,0,0.0
2024-02-19,DASH,,-0.16389948268941443,0,0.0
2024-02-19,DEXE,,0.29339680758512454,1,0.027535765021088173
2024-02-19,DOGE,,-0.2500533017022329,-1,-0.048825421855527386
2024-02-19,DOT,,0.2819448242566579,1,0.06951275064863188
2024-02-19,ETC,,0.011577047751315411,0,0.0
2024-02-19,ETH,,-0.4627575911359501,-1,-0.05066310326359179
2024-02-19,FET,,-0.056078483941419885,0,-0.0034112379694494453
2024-02-19,FIL,,0.18003439997033038,1,0.02526205341483496
2024-02-19,HBAR,,-0.051010411106988084,0,0.0
2024-02-19,ICP,,0.05748873630119022,0,0.009883066836447366
2024-02-19,JST,,-0.32406663158383325,-1,-0.05728337046427971
2024-02-19,JUP,,0.3577227696209527,1,0.053755634409411876
2024-02-19,LINK,,-0.3964474022768998,-1,-0.02207855735085404
2024-02-19,LTC,,-0.5209585575654412,-1,-0.06203037705887153
2024-02-19,LUNC,,0.8070726368057668,1,0.07319201843568056
2024-02-19,NEAR,,0.43836047867025363,1,0.04486439624714439
2024-02-19,NEXO,,-0.2465155955693581,-1,-0.029174950710838823
2024-02-19,PEPE,,0.8112681328773989,1,0.021581894056782482
2024-02-19,QNT,,0.12889666867441188,0,0.008208075818389084
2024-02-19,SHIB,,-0.20026171500718323,-1,-0.048825421855527386
2024-02-19,SOL,,0.15763800750229842,0,0.009189947508095292
2024-02-19,STX,,-0.28373689723020024,-1,-0.014273964597264849
2024-02-19,SUI,,0.19689743818925268,1,0.035978071590105694
2024-02-19,TRX,,-0.6211028638098002,-1,-0.048825421855527386
2024-02-19,UNI,,0.09525916246214747,0,0.004977638219265095
2024-02-19,VET,,-0.09430856376250393,0,-0.0027073336878827353
2024-02-19,WLD,,0.33527894903123007,1,0.004858086090137005
2024-02-19,XLM,,-0.3382856357505551,-1,-0.048825421855527386
2024-02-19,XRP,,-0.14522756259842035,0,0.0
2024-02-19,ZEC,,-0.08047883811723441,0,0.0
2024-02-26,AAVE,,0.1780464978835355,1,0.0719050503123456
2024-02-26,ADA,,-0.23622340490132668,-1,-0.02321275778775931
2024-02-26,ALGO,,0.025305893353898937,0,0.02085390550055824
2024-02-26,APT,,0.21308955252984624,1,0.04953027038342607
2024-02-26,ARB,,0.1517917156957377,0,0.0
2024-02-26,ATOM,,-0.2731908739041007,-1,-0.049573242842038893
2024-02-26,AVAX,,0.12172218117298918,0,0.018120510214329144
2024-02-26,BCH,,-0.023899068089858175,0,-0.002456965693256553
2024-02-26,BNB,,-0.3998432392353427,-1,-0.08022802339013163
2024-02-26,BONK,,0.38442727183128894,1,0.016220246806678877
2024-02-26,BTC,,-0.46836084446403675,-1,-0.048154670876951924
2024-02-26,CAKE,,0.37644539138236244,1,0.09434439950544617
2024-02-26,CHZ,,-0.2358146604370136,0,0.0
2024-02-26,DASH,,-0.25321060160429654,-1,-0.03182889544247732
2024-02-26,DEXE,,0.44472145753184195,1,0.02503131662110718
2024-02-26,DOGE,,0.17020627835737825,1,-0.006307341578696481
2024-02-26,DOT,,0.04172214251572152,0,0.02486361727989707
2024-02-26,ETC,,-0.11845232202969048,0,0.0
2024-02-26,ETH,,-0.22260881010263267,0,-0.01812139496716409
2024-02-26,FET,,0.2830916650676774,1,0.023314724910961336
2024-02-26,FIL,,0.1195818525621446,0,0.009035839064773586
2024-02-26,HBAR,,-0.24889924079608775,-1,-0.03855483916489168
2024-02-26,ICP,,0.17002548233385967,1,0.06680172250313285
2024-02-26,JST,,-0.24976230420166745,-1,-0.057400739574979494
2024-02-26,JUP,,0.36115762582393046,1,0.04613657456217949
2024-02-26,LINK,,-0.3090706203466491,-1,-0.04261886897979471
2024-02-26,LTC,,-0.37120682461624793,-1,-0.042714639286003525
2024-02-26,LUNC,,0.5055933828142495,1,0.05265440592429262
2024-02-26,NEAR,,0.394160907035745,1,0.08672190068285153
2024-02-26,NEXO,,-0.011579801114652998,0,-0.010435420866897235
2024-02-26,PEPE,,1.0009334855309213,1,0.010360468094447729
2024-02-26,QNT,,0.002679157765114376,0,0.0029358995845867996
2024-02-26,SHIB,,0.35345979889521595,1,-0.011031893369956497
2024-02-26,SOL,,-0.013287244429430842,0,0.0032870996404473635
2024-02-26,STX,,-0.1594735290155336,0,-0.005105572567644873
2024-02-26,SUI,,0.13737682363833373,0,0.012868790173572734
2024-02-26,TRX,,-0.638549792966329,-1,-0.07618971858638234
2024-02-26,UNI,,-0.09940661521482512,0,0.001780422879065447
2024-02-26,VET,,-0.3576451170267055,-1,-0.013757070842596062
2024-02-26,WLD,,-0.03435383382748185,0,0.0017376609633607608
2024-02-26,XLM,,-0.3027044243624951,-1,-0.05808480632483339
2024-02-26,XRP,,-0.13932216571183773,0,0.0
2024-02-26,ZEC,,-0.2686732253235495,-1,-0.022727963465004816
2024-03-04,AAVE,,0.24584997231908293,1,0.11410490045143602
2024-03-04,ADA,,-0.28540140211996384,-1,-0.03718848632108801
2024-03-04,ALGO,,-0.08141423437381876,0,0.0
2024-03-04,APT,,0.2326343897085835,1,0.07497591943632465
2024-03-04,ARB,,0.21134360629598625,0,0.0
2024-03-04,ATOM,,-0.2583289238542677,-1,-0.06202959299028598
2024-03-04,AVAX,,0.12812744717572477,0,0.0
2024-03-04,BCH,,0.06619100636863806,0,0.0
2024-03-04,BNB,,-0.40160497660590294,-1,-0.051340769671683294
2024-03-04,BONK,,0.3543512572008168,1,0.010129264668984117
2024-03-04,BTC,,-0.5747837656449352,-1,-0.05191430978910989
2024-03-04,CAKE,,0.4553889713606345,1,0.10402977345952114
2024-03-04,CHZ,,-0.3634512175498631,-1,-0.04895404299076066
2024-03-04,DASH,,-0.2902838921223276,-1,-0.05690001811928968
2024-03-04,DEXE,,0.47404459513265157,1,0.025739862161432873
2024-03-04,DOGE,,0.1531842014688539,0,0.0
2024-03-04,DOT,,0.0013950430746600406,0,0.0
2024-03-04,ETC,,-0.1330269953717928,0,0.0
2024-03-04,ETH,,-0.18487188741376714,0,0.0
2024-03-04,FET,,0.37346237229119966,1,0.04179807418295836
2024-03-04,FIL,,-0.06644312661540787,0,0.0
2024-03-04,HBAR,,-0.1975902369526307,0,0.0
2024-03-04,ICP,,0.27209190184028836,1,0.08657098415641146
2024-03-04,JST,,-0.24881970802174655,-1,-0.06129781743796049
2024-03-04,JUP,,0.43445791457697197,1,0.03955616309575127
2024-03-04,LINK,,-0.2339756311931646,-1,-0.0678082525652024
2024-03-04,LTC,,-0.4319912777376209,-1,-0.031230526083203262
2024-03-04,LUNC,,0.4619094135485884,1,0.03825818467729416
2024-03-04,NEAR,,0.35257201765368223,1,0.051559733968943866
2024-03-04,NEXO,,-0.041749068489640065,0,0.0
2024-03-04,PEPE,,0.9805700433674988,1,0.004133153822514263
2024-03-04,QNT,,-0.06369138914428654,0,0.0
2024-03-04,SHIB,,0.34317844885992044,1,0.010261214585377739
2024-03-04,SOL,,0.006772452092489648,0,0.0
2024-03-04,STX,,-0.17094648344173133,0,0.0
2024-03-04,SUI,,0.24875887679478056,1,0.09888277133305001
2024-03-04,TRX,,-0.6219660387430186,-1,-0.08706173333978383
2024-03-04,UNI,,-0.11555476066307906,0,0.0
2024-03-04,VET,,-0.3284226462465446,-1,-0.01957950611736848
2024-03-04,WLD,,0.028821355863074855,0,0.0
2024-03-04,XLM,,-0.3183381312138373,-1,-0.0691374242819402
2024-03-04,XRP,,-0.19400664724217204,0,0.0
2024-03-04,ZEC,,-0.21844284623260443,-1,-0.055557520292323914
2024-03-11,AAVE,,0.042230654247014006,0,0.0
2024-03-11,ADA,,-0.2709080366768041,-1,-0.040963748287779156
2024-03-11,ALGO,,-0.16035823806695304,0,0.0
2024-03-11,APT,,-0.021646225227757422,0,0.0
2024-03-11,ARB,,0.2278624863689221,1,0.0897514878980106
2024-03-11,ATOM,,-0.2875473371221998,-1,-0.051400136872985704
2024-03-11,AVAX,,0.15631446716165182,1,0.04411146444965572
2024-03-11,BCH,,0.08435315721886705,0,0.0
2024-03-11,BNB,,-0.38739808949735066,-1,-0.05701471766944186
2024-03-11,BONK,,0.5450183693332451,1,0.013836082117853433
2024-03-11,BTC,,-0.6299176046031955,-1,-0.050919640257873974
2024-03-11,CAKE,,0.4302566425209254,1,0.12041679805199952
2024-03-11,CHZ,,-0.2684378322234678,-1,-0.042304159704038086
2024-03-11,DASH,,-0.25405519231418455,-1,-0.04350748286010479
2024-03-11,DEXE,,0.3902080344857172,1,0.03522498955251174
2024-03-11,DOGE,,0.15293934499317785,0,0.0
2024-03-11,DOT,,-0.11341571857712758,0,0.0
2024-03-11,ETC,,-0.12522550013752848,0,0.0
2024-03-11,ETH,,-0.4827785323902466,-1,-0.06553831747485735
2024-03-11,FET,,0.09178547880126012,0,0.0
2024-03-11,FIL,,0.02577941930828996,0,0.0
2024-03-11,HBAR,,-0.24070486566316052,-1,-0.04429321522878597
2024-03-11,ICP,,0.15737518089264954,1,0.09605796162256383
2024-03-11,JST,,-0.2018337163030516,-1,-0.04825572914108618
2024-03-11,JUP,,0.37533879188683333,1,0.024480329923380548
2024-03-11,LINK,,-0.17075164508783183,-1,-0.05049456964824097
2024-03-11,LTC,,-0.39914988120192124,-1,-0.03506269313720146
2024-03-11,LUNC,,0.6447483199445834,1,0.03762756133474739
2024-03-11,NEAR,,0.23855101141272858,1,0.0597794839899133
2024-03-11,NEXO,,-0.042335984831556636,0,0.0
2024-03-11,PEPE,,0.8575066487004394,1,0.00566296318654898
2024-03-11,QNT,,0.03206715427575712,0,0.0
2024-03-11,SHIB,,0.4313590588947328,1,0.01386600917590977
2024-03-11,SOL,,0.06564014493366369,0,0.0
2024-03-11,STX,,-0.16789895321123366,0,0.0
2024-03-11,SUI,,0.20633998019260416,1,0.12041679805199952
2024-03-11,TRX,,-0.5986174969230503,-1,-0.11021083637352436
2024-03-11,UNI,,-0.02637177996399637,0,0.0
2024-03-11,VET,,-0.07831139300985385,0,0.0
2024-03-11,WLD,,0.3563425437411614,1,0.03858482747017081
2024-03-11,XLM,,-0.3293678319744712,-1,-0.05985151016934518
2024-03-11,XRP,,-0.16347854750325877,0,0.0
2024-03-11,ZEC,,-0.09150648680401925,0,0.0
2024-03-18,AAVE,,-0.04130944102945534,0,0.0
2024-03-18,ADA,,-0.27380239366469156,-1,-0.041185980445561265
2024-03-18,ALGO,,-0.18413931954579282,-1,-0.04889160320447776
2024-03-18,APT,,0.23457677578672587,1,0.12469870902367439
2024-03-18,ARB,,0.2597720501328157,1,0.08334596530178756
2024-03-18,ATOM,,-0.31785354164129326,-1,-0.048679446289341614
2024-03-18,AVAX,,0.06099496315970539,0,0.0
2024-03-18,BCH,,0.12496537282595907,0,0.0
2024-03-18,BNB,,-0.6029384536117637,-1,-0.04622115049762789
2024-03-18,BONK,,0.568880154979064,1,0.012377662255570151
2024-03-18,BTC,,-0.6370767133317299,-1,-0.05046292228895292
2024-03-18,CAKE,,0.24155118353225014,1,0.09283871577443058
2024-03-18,CHZ,,-0.24256466021751807,-1,-0.04363961850880188
2024-03-18,DASH,,-0.23809413904267626,-1,-0.04260374073906595
2024-03-18,DEXE,,0.3566816030517257,1,0.0321583760529382
2024-03-18,DOGE,,0.17171537224380132,0,0.0
2024-03-18,DOT,,-0.07029697469789957,0,0.0
2024-03-18,ETC,,-0.11280126594267237,0,0.0
2024-03-18,ETH,,-0.5798870329538636,-1,-0.056036423861292685
2024-03-18,FET,,-0.013744986692542857,0,0.0
2024-03-18,FIL,,0.03582484821513461,0,0.0
2024-03-18,HBAR,,-0.2719274048263113,-1,-0.06363184911168819
2024-03-18,ICP,,0.2834164277181758,1,0.06433848321437674
2024-03-18,JST,,-0.1925169749480575,-1,-0.04856198393573627
2024-03-18,JUP,,0.27578549155490784,1,0.021804778527439322
2024-03-18,LINK,,-0.13166506547670062,0,0.0
2024-03-18,LTC,,-0.38089836196559496,-1,-0.03678289105092572
2024-03-18,LUNC,,0.6939290193704581,1,0.03455680849625134
2024-03-18,NEAR,,0.17801150615173725,1,0.03392328935246297
2024-03-18,NEXO,,-0.046464392937612516,0,0.0
2024-03-18,PEPE,,0.8573541409560557,1,0.005092121865454886
2024-03-18,QNT,,0.04516682144189535,0,0.0
2024-03-18,SHIB,,0.41887435671917295,1,0.012449963802906852
2024-03-18,SOL,,-0.05231793263552396,0,0.0
2024-03-18,STX,,-0.031715346804733015,0,0.0
2024-03-18,SUI,,0.2667253690080047,1,0.12469870902367439
2024-03-18,TRX,,-0.6325982835558275,-1,-0.11171071256551925
2024-03-18,UNI,,0.0320686119787979,0,0.0
2024-03-18,VET,,-0.003992292973216598,0,0.0
2024-03-18,WLD,,0.3996956588001663,1,0.057703332361828855
2024-03-18,XLM,,-0.2879694919346804,-1,-0.061578592553804816
2024-03-18,XRP,,-0.11065543156298643,0,0.0
2024-03-18,ZEC,,-0.0487598256334087,0,0.0
2024-03-25,AAVE,,-0.18296397249343893,-1,-0.05847437450964403
2024-03-25,ADA,,-0.1762938750604702,-1,-0.0830988669938017
2024-03-25,ALGO,,-0.07205286777072115,0,-0.010181632692993006
2024-03-25,APT,,0.02714329269582344,0,0.025968394762174316
2024-03-25,ARB,,0.30386302720239305,1,0.0824253946087182
2024-03-25,ATOM,,-0.22126041372459412,-1,-0.05833642677627196
2024-03-25,AVAX,,-0.23044519946173658,-1,-0.017716921457069313
2024-03-25,BCH,,0.11714293339795541,1,0.02176393825232239
2024-03-25,BNB,,-0.6874012546382994,-1,-0.04050535360106534
2024-03-25,BONK,,0.8443230803394224,1,0.034548444441050326
2024-03-25,BTC,,-0.5009976006603211,-1,-0.08040104457318481
2024-03-25,CAKE,,0.1829679309257313,1,0.07633267088859141
2024-03-25,CHZ,,-0.09051598068586753,0,-0.009087911571659536
2024-03-25,DASH,,-0.1027661868939419,0,-0.00887219095145042
2024-03-25,DEXE,,0.04433594941462417,0,0.006696953086295435
2024-03-25,DOGE,,0.3462623581290553,1,0.03564119343407668
2024-03-25,DOT,,0.03569244436432086,0,0.0
2024-03-25,ETC,,-0.015980689470531245,0,0.0
2024-03-25,ETH,,-0.5154660116038651,-1,-0.05602313480076583
2024-03-25,FET,,-0.3707640013960436,-1,-0.013151867323227845
2024-03-25,FIL,,0.13563243104891384,1,0.04712429198327448
2024-03-25,HBAR,,-0.2068233747000742,-1,-0.05444036811403911
2024-03-25,ICP,,0.19614790643273752,1,0.04530794339077716
2024-03-25,JST,,-0.07607639798668929,0,-0.010112989774722914
2024-03-25,JUP,,-0.17017444858851305,0,0.004540825650366797
2024-03-25,LINK,,-0.08484681017544334,0,0.0
2024-03-25,LTC,,-0.2441425800061213,-1,-0.04744850441652043
2024-03-25,LUNC,,0.695401391282926,1,0.04751184165999819
2024-03-25,NEAR,,-0.07934048221375767,0,0.007064494704343536
2024-03-25,NEXO,,-0.04608032917455785,0,0.0
2024-03-25,PEPE,,1.2809189744086158,1,0.023075265489885907
2024-03-25,QNT,,-0.09673308157057205,0,0.0
2024-03-25,SHIB,,0.42110497653098844,1,0.022592936270007847
2024-03-25,SOL,,-0.2698004274428022,-1,-0.018546015840806302
2024-03-25,STX,,-0.3051818925893725,-1,-0.021008179325399622
2024-03-25,SUI,,0.3284506210785841,1,0.10915580564596879
2024-03-25,TRX,,-0.43186931785784755,-1,-0.09778557945880377
2024-03-25,UNI,,0.058946474908808666,0,0.0
2024-03-25,VET,,0.07825917699495186,1,0.05917581776889289
2024-03-25,WLD,,0.30591999026848155,1,0.04908883703652192
2024-03-25,XLM,,-0.12842930755090143,0,-0.01282368689184022
2024-03-25,XRP,,-0.07031576243227587,0,0.0
2024-03-25,ZEC,,-0.02579069327556999,0,0.0
2024-04-01,AAVE,,-0.16906148768773335,0,-0.0009592804553715875
2024-04-01,ADA,,-0.2087162900107579,-1,-0.06589291748713841
2024-04-01,ALGO,,-0.05514375962375736,0,-0.00016703113676828918
2024-04-01,APT,,0.1293978099146849,1,0.02531103615799419
2024-04-01,ARB,,0.31835441394855607,1,0.06086440322100069
2024-04-01,ATOM,,-0.19433305123585248,-1,-0.04791475765577377
2024-04-01,AVAX,,-0.23782365565539806,-1,-0.014713290699835202
2024-04-01,BCH,,-0.0025791413059877803,0,0.0003570405117189167
2024-04-01,BNB,,-0.3635359071405134,-1,-0.05663113141189274
2024-04-01,BONK,,0.6241804179512347,1,0.026776666117807157
2024-04-01,BTC,,-0.40184518081533865,-1,-0.0658486593254759
2024-04-01,CAKE,,0.32492332264306384,1,0.037095939863833055
2024-04-01,CHZ,,-0.06110610902632542,0,-0.00014908848575029103
2024-04-01,DASH,,-0.16047965538956493,0,-0.0001455495582025814
2024-04-01,DEXE,,0.06419256821711333,1,0.029820336929010753
2024-04-01,DOGE,,0.08351517050372895,1,0.023739498024276814
2024-04-01,DOT,,-0.01731347104149524,0,0.0
2024-04-01,ETC,,0.06491551198949778,1,0.04832204927038606
2024-04-01,ETH,,-0.3688535406295944,-1,-0.05944419160399902
2024-04-01,FET,,-0.017365864082928024,0,-0.00021575825958996576
2024-04-01,FIL,,0.05656528027116077,0,0.0007730807324039593
2024-04-01,HBAR,,-0.17294051692385773,0,-0.0008931020049888563
2024-04-01,ICP,,-0.011099846413109835,0,0.0007432832746365955
2024-04-01,JST,,-0.33132486179211523,-1,-0.04086800943057331
2024-04-01,JUP,,-0.27217122169161756,-1,-0.006850661239833451
2024-04-01,LINK,,-0.016976825944079104,0,0.0
2024-04-01,LTC,,-0.3160238301059928,-1,-0.03521844846886368
2024-04-01,LUNC,,0.557153003378605,1,0.03151606057301861
2024-04-01,NEAR,,-0.08535559577640452,0,0.00011589404339562657
2024-04-01,NEXO,,0.2088491545837425,1,0.07976436650257938
2024-04-01,PEPE,,1.2616862503050976,1,0.03365995022364435
2024-04-01,QNT,,-0.07209639938856433,0,0.0
2024-04-01,SHIB,,0.5782085641095239,1,0.045138132307869554
2024-04-01,SOL,,-0.2879417826817402,-1,-0.013964005457025384
2024-04-01,STX,,-0.3269767150535686,-1,-0.017267660091627814
2024-04-01,SUI,,0.1173540810050707,1,0.03574438818172923
2024-04-01,TRX,,-0.28129774053679757,-1,-0.06613385510022933
2024-04-01,UNI,,0.054237675797924295,0,0.0
2024-04-01,VET,,0.02896373693661801,0,0.0009707877321024974
2024-04-01,WLD,,0.30314967799406556,1,0.06568267683099015
2024-04-01,XLM,,-0.201991432843101,-1,-0.05311819262545813
2024-04-01,XRP,,-0.14284500513774379,0,0.0
2024-04-01,ZEC,,0.001552248384250888,0,0.0
2024-04-08,AAVE,,0.012934588371134786,0,0.0
2024-04-08,ADA,,0.05540073553867278,0,0.0
2024-04-08,ALGO,,0.045723902002766936,0,0.0
2024-04-08,APT,,0.01040983873784767,0,0.0
2024-04-08,ARB,,0.22967353345722738,1,0.027482750877302353
2024-04-08,ATOM,,0.018293846870792357,0,0.0
2024-04-08,AVAX,,0.31604759185565623,1,0.02765589198374197
2024-04-08,BCH,,-0.4841595314275643,-1,-0.010263274867634821
2024-04-08,BNB,,0.01824301609424654,0,0.0
2024-04-08,BONK,,0.13058366146686434,1,0.013578014330294175
2024-04-08,BTC,,-0.10709236477282197,-1,-0.05311240401633853
2024-04-08,CAKE,,0.1668308378945558,1,0.016055979984128457
2024-04-08,CHZ,,0.07048269969513503,0,0.0
2024-04-08,DASH,,-0.029038182063189467,0,0.0
2024-04-08,DEXE,,-0.23302150178412115,-1,-0.01358429280268165
2024-04-08,DOGE,,-0.23054654549184858,-1,-0.013763059244994694
2024-04-08,DOT,,0.07409620229348912,0,0.0
2024-04-08,ENA,,0.14934636142575822,1,0.023017164384765667
2024-04-08,ETC,,0.025425533533901975,0,0.0
2024-04-08,ETH,,-0.04703810407664247,-1,-0.04505996564064516
2024-04-08,FET,,-0.1698781617291344,-1,-0.017611113028306
2024-04-08,FIL,,0.05182027503750195,0,0.0
2024-04-08,HBAR,,0.013759386502806248,0,0.0
2024-04-08,ICP,,-0.20847376154062036,-1,-0.011807231374125052
2024-04-08,JST,,-0.7647502481735337,-1,-0.037146715853569046
2024-04-08,JUP,,-0.34885038059421597,-1,-0.01055074044501149
2024-04-08,LINK,,0.044975848765730485,0,0.0
2024-04-08,LTC,,-0.1565227055991146,-1,-0.017274870057208375
2024-04-08,LUNC,,0.16113786793496054,1,0.01947666550123041
2024-04-08,NEAR,,0.09008368798135044,1,0.027438928315757134
2024-04-08,NEXO,,0.13510379783300402,1,0.052605241626795106
2024-04-08,PEPE,,0.3498298960617372,1,0.015696994022158944
2024-04-08,QNT,,-0.027310578165407683,0,0.0
2024-04-08,SHIB,,0.19163963380735194,1,0.022703426423200057
2024-04-08,SOL,,0.03239344776764705,0,0.0
2024-04-08,STX,,-0.47339204342362456,-1,-0.012838920456848235
2024-04-08,SUI,,-0.0007709778541804312,0,0.0
2024-04-08,TRX,,-0.037667707322195015,-1,-0.05311240401633853
2024-04-08,UNI,,0.2457582107029882,1,0.015333859186374399
2024-04-08,VET,,0.25059497168377737,1,0.04100808880716383
2024-04-08,WLD,,0.3414794567203144,1,0.0251801898638217
2024-04-08,XLM,,-0.04175794850413391,-1,-0.031108203503032544
2024-04-08,XRP,,0.06380861985817511,0,0.0
2024-04-08,ZEC,,0.0643932926269502,0,0.0
2024-04-15,AAVE,,-0.014868679408235073,0,0.0
2024-04-15,ADA,,0.10645306864642454,1,0.025739709515621538
2024-04-15,ALGO,,0.10254995186150165,0,0.0
2024-04-15,APT,,0.25174076717768346,1,0.017779867707635937
2024-04-15,ARB,,0.25390520779740783,1,0.02852478180564726
2024-04-15,ATOM,,0.05624693480479455,0,0.0
2024-04-15,AVAX,,0.326575611048548,1,0.02864395868172272
2024-04-15,BCH,,-0.6820806806064701,-1,-0.008963894906938599
2024-04-15,BNB,,0.03358260217743509,0,0.0
2024-04-15,BONK,,-0.06690807640347415,-1,-0.008610576988921278
2024-04-15,BTC,,-0.2224037926373904,-1,-0.04754960021958947
2024-04-15,CAKE,,0.1659045961164851,1,0.017611335575537325
2024-04-15,CHZ,,0.07178057356075203,0,0.0
2024-04-15,DASH,,-0.03993296020784124,-1,-0.019818941390224436
2024-04-15,DEXE,,-0.16872098887442558,-1,-0.014016534689378175
2024-04-15,DOGE,,-0.33755118647034676,-1,-0.012781397000040084
2024-04-15,DOT,,0.13479657957020474,1,0.025863512830767748
2024-04-15,ENA,,0.14607310029182552,1,0.02395483634719198
2024-04-15,ETC,,-0.018018953163255694,0,0.0
2024-04-15,ETH,,-0.07234715463688603,-1,-0.03852763187938207
2024-04-15,FET,,-0.16254217537168658,-1,-0.014169775945234251
2024-04-15,FIL,,0.04196260570887127,0,0.0
2024-04-15,HBAR,,0.06966970915253869,0,0.0
2024-04-15,ICP,,-0.16114387145974784,-1,-0.010446917292287925
2024-04-15,JST,,-0.9460866952662443,-1,-0.03139049286013637
2024-04-15,JUP,,-0.4278318869307698,-1,-0.009054591019399942
2024-04-15,LINK,,0.0744283838187616,0,0.0
2024-04-15,LTC,,-0.1852234747274492,-1,-0.014675492792890342
2024-04-15,LUNC,,0.2809611414103995,1,0.023855272080108698
2024-04-15,NEAR,,0.10466759077710651,1,0.0240890386439772
2024-04-15,NEXO,,-0.2046673238542651,-1,-0.04754960021958947
2024-04-15,PEPE,,0.3581538879912093,1,0.01615520088755234
2024-04-15,QNT,,0.0822200074477534,0,0.0
2024-04-15,SHIB,,0.18525456963877127,1,0.01919415156197087
2024-04-15,SOL,,-0.025588390760828663,0,0.0
2024-04-15,STX,,0.10160208363302088,0,0.0
2024-04-15,SUI,,0.022264733335247172,0,0.0
2024-04-15,TAO,,0.06489153718690928,0,0.0
2024-04-15,TRX,,-0.11458387448551866,-1,-0.04754960021958947
2024-04-15,UNI,,0.23792039526420755,1,0.016579373862397762
2024-04-15,VET,,-0.007961715113596352,0,0.0
2024-04-15,WLD,,0.31719848087519736,1,0.020119666484007252
2024-04-15,XLM,,0.019001042886999227,0,0.0
2024-04-15,XRP,,0.14499155244645714,1,0.03699434143946332
2024-04-15,ZEC,,0.10366516575192122,0,0.0
2024-04-22,AAVE,,-0.06674958140023776,-1,-0.017158268732490066
2024-04-22,ADA,,-0.07734270477114762,-1,-0.021730056695750788
2024-04-22,ALGO,,0.07050332804956147,0,0.0
2024-04-22,APT,,0.1837652485957202,1,0.01724818283937744
2024-04-22,ARB,,0.22320445271779887,1,0.025542946558947666
2024-04-22,ATOM,,-0.007302518354271732,0,0.0
2024-04-22,AVAX,,0.3146517454421738,1,0.02499698382723417
2024-04-22,BCH,,0.16979003457946956,1,0.024140334835125274
2024-04-22,BNB,,0.07862199868642177,0,0.0
2024-04-22,BONK,,-0.4150518436475946,-1,-0.00860342669725434
2024-04-22,BTC,,-0.2356433798232332,-1,-0.04911426067430257
2024-04-22,CAKE,,0.2704469915285452,1,0.018825100324381096
2024-04-22,CHZ,,-0.044235382304728364,0,0.0
2024-04-22,DASH,,0.04690040294246318,0,0.0
2024-04-22,DEXE,,-0.09822478230095731,-1,-0.022308791078050488
2024-04-22,DOGE,,0.2096155516624574,1,0.03737915883895732
2024-04-22,DOT,,0.050353630277434794,0,0.0
2024-04-22,ENA,,0.140268126170571,1,0.022275535594377522
2024-04-22,ETC,,0.11563433238128862,1,0.023618844199348253
2024-04-22,ETH,,0.044365227560891965,0,0.0
2024-04-22,FET,,-0.18351362471188268,-1,-0.02145744752140447
2024-04-22,FIL,,0.0899099230187294,1,0.01718107405148113
2024-04-22,HBAR,,-0.23425016886446412,-1,-0.014927268591559085
2024-04-22,ICP,,-0.2653323809621037,-1,-0.014072868397092441
2024-04-22,JST,,-0.6882723819204105,-1,-0.04911426067430257
2024-04-22,JUP,,0.12862160702000913,1,0.021113450597350068
2024-04-22,LINK,,-0.11118918649306274,-1,-0.021091105545409605
2024-04-22,LTC,,-0.006786969380444565,0,0.0
2024-04-22,LUNC,,0.18705238466468505,1,0.019703037952605244
2024-04-22,NEAR,,-0.10062569349703916,-1,-0.017770723638803984
2024-04-22,NEXO,,-0.04942280898448706,0,0.0
2024-04-22,PEPE,,0.014292642803719512,0,0.0
2024-04-22,QNT,,0.012998708333069634,0,0.0
2024-04-22,SHIB,,-0.13366878441845254,-1,-0.016633662621100682
2024-04-22,SOL,,0.15965970487523476,1,0.04187495360412533
2024-04-22,STX,,-0.05558646853043532,0,0.0
2024-04-22,SUI,,-0.19544082463762877,-1,-0.014171862420571085
2024-04-22,TAO,,0.06586681590978113,0,0.0
2024-04-22,TRX,,-0.07657877785863376,-1,-0.037373846794053284
2024-04-22,UNI,,0.31783240243283506,1,0.014797500399282413
2024-04-22,VET,,-0.053476650085587066,0,0.0
2024-04-22,WLD,,0.09442656130853416,1,0.01683074645955245
2024-04-22,XLM,,0.0017674980645148112,0,0.0
2024-04-22,XRP,,0.0391700237996549,0,0.0
2024-04-22,ZEC,,0.06897557012124123,0,0.0
2024-04-29,AAVE,,-0.041366462001446926,0,0.0
2024-04-29,ADA,,-0.04987299839408394,0,0.0
2024-04-29,ALGO,,0.08221828837265972,0,0.0
2024-04-29,APT,,0.23465193739967183,1,0.016346976907355
2024-04-29,ARB,,0.2429713979346159,1,0.024727857863180658
2024-04-29,ATOM,,-0.14814592276219712,-1,-0.01439654926988398
2024-04-29,AVAX,,0.16793641138969856,1,0.017720702192726964
2024-04-29,BCH,,0.2897181159717362,1,0.025573333596806625
2024-04-29,BNB,,-0.03975053614321185,0,0.0
2024-04-29,BONK,,-0.38467778399856384,-1,-0.009133978967853382
2024-04-29,BTC,,-0.04375104524150166,0,0.0
2024-04-29,CAKE,,0.29533061399020905,1,0.018296720390264747
2024-04-29,CHZ,,-0.023027477363026676,0,0.0
2024-04-29,DASH,,0.06857393135590893,0,0.0
2024-04-29,DEXE,,-0.015169932384504184,0,0.0
2024-04-29,DOGE,,0.07707092003240947,0,0.0
2024-04-29,DOT,,0.019854579607805123,0,0.0
2024-04-29,ENA,,0.16892571405180973,1,0.028038222237668987
2024-04-29,ETC,,0.10306569723851268,1,0.02418720554906078
2024-04-29,ETH,,-0.07999797706838606,-1,-0.04562980404966478
2024-04-29,FET,,-0.10846661025166403,-1,-0.0174683166273386
2024-04-29,FIL,,0.11946428766597773,1,0.015526391702564781
2024-04-29,HBAR,,-0.2207315410949888,-1,-0.014912563533416641
2024-04-29,ICP,,-0.26943647714963104,-1,-0.013784514948758996
2024-04-29,JST,,-0.7578993974325311,-1,-0.047992826715603634
2024-04-29,JUP,,0.1932869630224651,1,0.018874969854861968
2024-04-29,LINK,,-0.05904882210772452,-1,-0.018446317622422184
2024-04-29,LTC,,-0.044657130305120016,0,0.0
2024-04-29,LUNC,,0.21185090682838228,1,0.01869375573424247
2024-04-29,NEAR,,-0.09831397884536498,-1,-0.017637299932513596
2024-04-29,NEXO,,0.1329656004862322,1,0.05157048628057974
2024-04-29,PEPE,,0.08573109130141073,0,0.0
2024-04-29,QNT,,0.05913206917245766,0,0.0
2024-04-29,SHIB,,-0.10229578443604856,-1,-0.016128472432305797
2024-04-29,SOL,,0.15430802388009107,1,0.028569319340769603
2024-04-29,STX,,-0.05853901599877966,0,0.0
2024-04-29,SUI,,-0.22683644484916307,-1,-0.014052731192540939
2024-04-29,TAO,,0.06424992404119213,0,0.0
2024-04-29,TRX,,-0.13737993932756754,-1,-0.03708479700442265
2024-04-29,UNI,,0.2954215928406716,1,0.014871681316697066
2024-04-29,VET,,-0.12884794838851255,-1,-0.047992826715603634
2024-04-29,WLD,,-0.20377039733392824,-1,-0.010585410318693337
2024-04-29,XLM,,-0.0011223955965156563,0,0.0
2024-04-29,XRP,,0.08578534867494723,0,0.0
2024-04-29,ZEC,,0.09059260321560143,1,0.022248786364242774
2024-05-06,AAVE,,0.05749630860392044,0,0.0
2024-05-06,ADA,,0.024548817539061796,0,0.0
2024-05-06,ALGO,,0.059743940385677034,0,0.0
2024-05-06,APT,,0.30487663100181916,1,0.018036646624419818
2024-05-06,ARB,,0.30402227888281547,1,0.028240000254668548
2024-05-06,ATOM,,-0.2199260149715453,-1,-0.01858704679866411
2024-05-06,AVAX,,0.06561516624876178,0,0.0
2024-05-06,BCH,,0.2964275401416177,1,0.028240000254668548
2024-05-06,BNB,,-0.03217283163947104,0,0.0
2024-05-06,BONK,,-0.49715895893508333,-1,-0.010647172588635125
2024-05-06,BTC,,-0.1988386128130126,-1,-0.03952824065132032
2024-05-06,CAKE,,0.4886612657031623,1,0.028240000254668548
2024-05-06,CHZ,,0.3156709944314725,1,0.02375484445873731
2024-05-06,DASH,,0.1317731604759496,0,0.0
2024-05-06,DEXE,,-0.08281603329083985,0,0.0
2024-05-06,DOGE,,-0.14019513054898805,-1,-0.020953578172321657
2024-05-06,DOT,,-0.06682327068212444,0,0.0
2024-05-06,ENA,,0.20329171637153215,1,0.014971026143312414
2024-05-06,ETC,,0.20399798299685373,1,0.028240000254668548
2024-05-06,ETH,,-0.19930999584127954,-1,-0.03952824065132032
2024-05-06,FET,,-0.23794391613337387,-1,-0.018434415802919917
2024-05-06,FIL,,0.20692128243617816,1,0.017767410806878922
2024-05-06,HBAR,,-0.135641115270771,0,0.0
2024-05-06,ICP,,-0.30026343695458874,-1,-0.015349954669921591
2024-05-06,JST,,-0.7392049990415788,-1,-0.03952824065132032
2024-05-06,JUP,,0.22720565950764968,1,0.015598674399977627
2024-05-06,LINK,,-0.0368069000457458,0,0.0
2024-05-06,LTC,,0.18298028558345672,1,0.028240000254668548
2024-05-06,LUNC,,0.22131596736757897,1,0.020919063265188526
2024-05-06,NEAR,,-0.23156240967982758,-1,-0.021671084109868382
2024-05-06,NEXO,,-0.11821450721654707,0,0.0
2024-05-06,PEPE,,0.35532135323294156,1,0.016620228813338987
2024-05-06,QNT,,-0.010121903436246119,0,0.0
2024-05-06,SHIB,,-0.20445589811898904,-1,-0.017025180913044127
2024-05-06,SOL,,0.17744203867095634,0,0.0
2024-05-06,STX,,-0.1172691356526298,0,0.0
2024-05-06,SUI,,-0.1965793360406918,-1,-0.016250455063103884
2024-05-06,TAO,,-0.26436201347002747,-1,-0.015365863097027602
2024-05-06,TRX,,-0.10646158612813358,0,0.0
2024-05-06,UNI,,0.5193580162747079,1,0.028240000254668548
2024-05-06,VET,,-0.2801958479947418,-1,-0.03952824065132032
2024-05-06,WLD,,-0.18006959388149651,-1,-0.012950182473745723
2024-05-06,XLM,,-0.028466529579537728,0,0.0
2024-05-06,XRP,,0.040109711044002704,0,0.0
2024-05-06,ZEC,,0.23807986046716367,1,0.028240000254668548
2024-05-13,AAVE,,0.153380413696515,1,0.026936999899461585
2024-05-13,ADA,,0.11631753761945304,0,0.0
2024-05-13,ALGO,,0.090603955968939,0,0.0
2024-05-13,APT,,0.3317615159888518,1,0.02187843151727322
2024-05-13,ARB,,0.31602679020642466,1,0.026936999899461585
2024-05-13,ATOM,,-0.30895335784665207,-1,-0.01793824222998537
2024-05-13,AVAX,,0.03969864662046129,0,0.0
2024-05-13,BCH,,0.060560335841791844,0,0.0
2024-05-13,BNB,,-0.2484308141723562,-1,-0.03709577861564807
2024-05-13,BONK,,-0.1337691674279154,0,0.0
2024-05-13,BTC,,-0.265474255186088,-1,-0.03491329860355419
2024-05-13,CAKE,,0.5787235505876126,1,0.026936999899461585
2024-05-13,CHZ,,-0.07007677709991232,0,0.0
2024-05-13,DASH,,0.18918847433132055,1,0.026936999899461585
2024-05-13,DEXE,,-0.05532059568366233,0,0.0
2024-05-13,DOGE,,-0.16162793479415427,-1,-0.01782385295687901
2024-05-13,DOT,,-0.059053574337330314,0,0.0
2024-05-13,ENA,,-0.038431863586613636,0,0.0
2024-05-13,ETC,,0.29690997288940635,1,0.026936999899461585
2024-05-13,ETH,,-0.14231591324970463,-1,-0.03299787105337169
2024-05-13,FET,,-0.21321444401685452,-1,-0.020129820589952756
2024-05-13,FIL,,0.23767189767636326,1,0.020741628175615607
2024-05-13,HBAR,,-0.2082012742763461,-1,-0.023879652668628692
2024-05-13,ICP,,0.1485982571054611,0,0.0
2024-05-13,JST,,-0.8060432513424015,-1,-0.03709577861564807
2024-05-13,JUP,,0.1146992325911049,0,0.0
2024-05-13,LINK,,-0.4752330106357853,-1,-0.013384225334092092
2024-05-13,LTC,,0.3940588166318355,1,0.026936999899461585
2024-05-13,LUNC,,0.19762138525531656,1,0.022330796065269564
2024-05-13,NEAR,,-0.1373729949844889,-1,-0.020182053132083787
2024-05-13,NEXO,,-0.09794374703995946,0,0.0
2024-05-13,PEPE,,0.22624585825285629,1,0.014258182860034328
2024-05-13,QNT,,0.049073428262317746,0,0.0
2024-05-13,SHIB,,0.17455144551919743,1,0.01698858684019712
2024-05-13,SOL,,-0.23032282885334734,-1,-0.016701228622222498
2024-05-13,STX,,0.011694828704317461,0,0.0
2024-05-13,SUI,,0.30753419974865487,1,0.021755541285391138
2024-05-13,TAO,,-0.249382907983738,-1,-0.015023667796327063
2024-05-13,TRX,,-0.38262101978159896,-1,-0.030683426795059806
2024-05-13,UNI,,0.5113077993379883,1,0.020854767381952997
2024-05-13,VET,,-0.10402874662145473,0,0.0
2024-05-13,WLD,,-0.6280216382168229,-1,-0.009518036408511968
2024-05-13,XLM,,0.07540122615923844,0,0.0
2024-05-13,XRP,,0.08528709946744262,0,0.0
2024-05-13,ZEC,,0.30892344867432114,1,0.026936999899461585
2024-05-20,AAVE,,-0.22055487618475655,-1,-0.013472190375381806
2024-05-20,ADA,,0.10600393986761214,0,0.0
2024-05-20,ALGO,,0.15196554028725107,1,0.02138916185342906
2024-05-20,APT,,0.3753736244289886,1,0.018363017087553297
2024-05-20,ARB,,0.01391585975506713,0,0.0
2024-05-20,ATOM,,-0.053540229999767104,0,0.0
2024-05-20,AVAX,,0.25018548359082426,1,0.017130569008939927
2024-05-20,BCH,,0.1539904972084204,1,0.0199805374213536
2024-05-20,BNB,,-0.16162773419513218,-1,-0.04240571461163126
2024-05-20,BONK,,0.030098000963849632,0,0.0
2024-05-20,BTC,,-0.24265341970473445,-1,-0.04240571461163126
2024-05-20,CAKE,,0.4486425506959505,1,0.020255424252208373
2024-05-20,CHZ,,0.04839527105161325,0,0.0
2024-05-20,DASH,,0.20107808359885573,1,0.032554763494769025
2024-05-20,DEXE,,0.006550540470952896,0,0.0
2024-05-20,DOGE,,0.04789043469423693,0,0.0
2024-05-20,DOT,,0.11772854046914276,0,0.0
2024-05-20,ENA,,-0.24282705162995472,-1,-0.011432795584615301
2024-05-20,ETC,,0.09031734427877641,0,0.0
2024-05-20,ETH,,-0.42085428912887957,-1,-0.01502609127759074
2024-05-20,FET,,-0.010305537261789566,0,0.0
2024-05-20,FIL,,0.37270256327110407,1,0.024867414441875065
2024-05-20,HBAR,,0.015553771795284431,0,0.0
2024-05-20,ICP,,0.17600727693510604,1,0.022120554553293884
2024-05-20,JST,,-1.0373790690744502,-1,-0.04240571461163126
2024-05-20,JUP,,0.2334390468507597,1,0.022961633688455066
2024-05-20,LINK,,-0.15789415989177066,-1,-0.018154688172098317
2024-05-20,LTC,,0.27600661648560065,1,0.032554763494769025
2024-05-20,LUNC,,0.33440533959190144,1,0.022842519145046782
2024-05-20,NEAR,,-0.05085348692991688,0,0.0
2024-05-20,NEXO,,-0.10243370690198006,0,0.0
2024-05-20,PEPE,,-0.6025322581764679,-1,-0.006239510155514944
2024-05-20,QNT,,-0.043226696944500986,0,0.0
2024-05-20,SHIB,,0.276016301495544,1,0.02301527638016519
2024-05-20,SOL,,-0.12973186009868037,-1,-0.021101366234622238
2024-05-20,STX,,0.024679211536270403,0,0.0
2024-05-20,SUI,,0.3299596750939035,1,0.025234357280465077
2024-05-20,TAO,,-0.14835614139408163,-1,-0.012749924598107865
2024-05-20,TRX,,-0.42075864894487247,-1,-0.03988506340047766
2024-05-20,UNI,,-0.1569944660488518,-1,-0.008756019793545846
2024-05-20,VET,,-0.12065617444120823,-1,-0.040096935845543455
2024-05-20,WLD,,-0.12615069336071127,-1,-0.011886586672307041
2024-05-20,XLM,,0.06757964402858978,0,0.0
2024-05-20,XRP,,0.1365407040851216,0,0.0
2024-05-20,ZEC,,0.16430463778177978,1,0.022748323842375604
2024-05-27,AAVE,,-0.21444268776139172,-1,-0.016566931251426394
2024-05-27,ADA,,-0.029431246947658758,0,0.0
2024-05-27,ALGO,,0.00549355878603437,0,0.0
2024-05-27,APT,,0.22825249125757235,1,0.03585709744997643
2024-05-27,ARB,,-0.04050169784732049,0,0.0
2024-05-27,ATOM,,0.007859160175459021,0,0.0
2024-05-27,AVAX,,0.20645435970593337,1,0.03743283810648363
2024-05-27,BCH,,0.16735781576600797,1,0.03574872719907963
2024-05-27,BNB,,-0.4270796632132481,-1,-0.05527565174660112
2024-05-27,BONK,,0.3432324564972391,1,0.0145328738941735
2024-05-27,BTC,,-0.5223704583050827,-1,-0.05371078108018798
2024-05-27,CAKE,,0.3175117075423744,1,0.029115535090314035
2024-05-27,CHZ,,-0.05720244494611952,0,0.0
2024-05-27,DASH,,-0.04707857652281568,0,0.0
2024-05-27,DEXE,,0.3159225534544337,1,0.0555700277139967
2024-05-27,DOGE,,0.13072871112430104,0,0.0
2024-05-27,DOT,,0.002660752317456781,0,0.0
2024-05-27,ENA,,0.032557176205415504,0,0.0
2024-05-27,ETC,,-0.19063174374364758,-1,-0.026939256732720747
2024-05-27,ETH,,-0.6211460918838866,-1,-0.020298098318170758
2024-05-27,FET,,0.06095600608548875,0,0.0
2024-05-27,FIL,,0.24997782904801444,1,0.053248719694667886
2024-05-27,HBAR,,-0.1098768076900361,-1,-0.05527565174660112
2024-05-27,ICP,,0.21331672727077303,1,0.04301333705356484
2024-05-27,JST,,-0.970041357735612,-1,-0.05527565174660112
2024-05-27,JUP,,0.2930802441191584,1,0.04306495227385481
2024-05-27,LINK,,-0.2755966623504417,-1,-0.02378989619775715
2024-05-27,LTC,,-0.023224592046786,0,0.0
2024-05-27,LUNC,,0.5273967484709764,1,0.04758617411275869
2024-05-27,NEAR,,-0.0503444125893122,0,0.0
2024-05-27,NEXO,,-0.12058832750414446,-1,-0.03841637354465294
2024-05-27,PEPE,,0.40418560137073617,1,0.008202328697683043
2024-05-27,QNT,,0.013414407743563221,0,0.0
2024-05-27,SHIB,,0.5984449852835905,1,0.04463025927336922
2024-05-27,SOL,,-0.16186711405010917,-1,-0.026887220903458107
2024-05-27,STX,,-0.022260395127921166,0,0.0
2024-05-27,SUI,,0.30766197147390684,1,0.0626661504528508
2024-05-27,TAO,,0.04177333110412566,0,0.0
2024-05-27,TRX,,-0.46335250205821227,-1,-0.05005608369409525
2024-05-27,UNI,,-0.235668916404309,-1,-0.01012869788880285
2024-05-27,VET,,-0.20169892949613052,-1,-0.04999948031957697
2024-05-27,WLD,,0.5429807154970273,1,0.027226405904480357
2024-05-27,XLM,,-0.15839533011249535,-1,-0.05527565174660112
2024-05-27,XRP,,0.010432177036436998,0,0.0
2024-05-27,ZEC,,-0.07885152899934443,0,0.0
2024-06-03,AAVE,,-0.5110945364940016,-1,-0.01411592701970306
2024-06-03,ADA,,0.01167747677552072,0,0.0
2024-06-03,ALGO,,-0.025048150172229455,0,0.0
2024-06-03,APT,,0.1282418120990585,0,0.0
2024-06-03,ARB,,-0.07728388641925919,0,0.0
2024-06-03,ATOM,,-0.03191102267307891,0,0.0
2024-06-03,AVAX,,0.21464002031686005,1,0.033131403952094025
2024-06-03,BCH,,0.08552979245694063,0,0.0
2024-06-03,BNB,,-0.14712819566601096,-1,-0.037517938567083804
2024-06-03,BONK,,0.04933386749689658,0,0.0
2024-06-03,BTC,,-0.2532838828369041,-1,-0.04822259289708667
2024-06-03,CAKE,,0.2500014286175502,1,0.01993151946273675
2024-06-03,CHZ,,-0.22837890935802338,-1,-0.01905934005544109
2024-06-03,DASH,,-0.0583651197268312,0,0.0
2024-06-03,DEXE,,0.3372336077077568,1,0.04218800785698388
2024-06-03,DOGE,,0.2111182404905205,1,0.024102909865602592
2024-06-03,DOT,,-0.03517736263886034,0,0.0
2024-06-03,ENA,,0.2343494015483992,1,0.010838435853804321
2024-06-03,ETC,,-0.20514689356192475,-1,-0.022127474787549072
2024-06-03,ETH,,-0.40981103740726327,-1,-0.019451399610392314
2024-06-03,FET,,0.29870063364090843,1,0.024336342537276352
2024-06-03,FIL,,0.20622984902217273,1,0.04218800785698388
2024-06-03,HBAR,,-0.13073124857829896,-1,-0.04822259289708667
2024-06-03,ICP,,0.14015273797721026,1,0.03299879823402887
2024-06-03,JST,,-1.0154133687368283,-1,-0.04822259289708667
2024-06-03,JUP,,0.4041678821723301,1,0.027240577581007397
2024-06-03,LINK,,-0.3023013781236934,-1,-0.018363834254967317
2024-06-03,LTC,,-0.23888805647997166,-1,-0.04822259289708667
2024-06-03,LUNC,,0.23544091035627135,1,0.03360801150021378
2024-06-03,NEAR,,-0.07407855518331011,0,0.0
2024-06-03,NEXO,,0.01016243942964105,0,0.0
2024-06-03,PEPE,,-0.27833228814914707,-1,-0.005880783074205228
2024-06-03,QNT,,-0.0028274916389411865,0,0.0
2024-06-03,SHIB,,0.4662924611965294,1,0.04218800785698388
2024-06-03,SOL,,-0.09770119512766312,0,0.0
2024-06-03,STX,,0.01760044617424281,0,0.0
2024-06-03,SUI,,0.36564407900470053,1,0.04218800785698388
2024-06-03,TAO,,0.402035755767199,1,0.015516218788449549
2024-06-03,TRX,,-0.04980620076188148,0,0.0
2024-06-03,UNI,,-0.29398644306246474,-1,-0.009347647333852996
2024-06-03,VET,,0.00940168966252522,0,0.0
2024-06-03,WLD,,0.7058545725441475,1,0.020556552803261137
2024-06-03,XLM,,-0.16689834702912273,-1,-0.04822259289708667
2024-06-03,XRP,,-0.011311187095489932,0,0.0
2024-06-03,ZEC,,-0.13890434753617745,-1,-0.02403549281778201
2024-06-10,AAVE,,-0.6047469965342335,-1,-0.011453950746475322
2024-06-10,ADA,,-0.005836774888396649,0,0.0
2024-06-10,ALGO,,-0.03512316184309209,0,0.0
2024-06-10,APT,,0.09767144190105144,0,0.0
2024-06-10,ARB,,-0.0641696512131649,-1,-0.013243999696537154
2024-06-10,ATOM,,-0.04379159299095302,0,0.0
2024-06-10,AVAX,,0.23934376260078172,1,0.035935561313503624
2024-06-10,BCH,,0.13512323250000424,0,0.0
2024-06-10,BNB,,0.01077414569970035,0,0.0
2024-06-10,BONK,,-0.12392317819532113,-1,-0.009403670349198926
2024-06-10,BTC,,-0.17735277901132215,-1,-0.04165419346852696
2024-06-10,CAKE,,0.16933220203867289,1,0.016323812260145412
2024-06-10,CHZ,,0.14891155281759438,1,0.010796583994499927
2024-06-10,DASH,,-0.0022935170773994333,0,0.0
2024-06-10,DEXE,,0.2064229798291881,1,0.0343531248943007
2024-06-10,DOGE,,0.164716353329591,1,0.02081132826753121
2024-06-10,DOT,,0.027408633406121638,0,0.0
2024-06-10,ENA,,0.20390582722224157,1,0.010260386778859754
2024-06-10,ETC,,-0.16285519511482147,-1,-0.018783223846219416
2024-06-10,ETH,,-0.30851265721497734,-1,-0.01577931321915498
2024-06-10,FET,,0.25555470124695445,1,0.021780166713017832
2024-06-10,FIL,,0.1631394876474077,1,0.019579435361994232
2024-06-10,HBAR,,-0.18103308552541553,-1,-0.04165419346852696
2024-06-10,ICP,,0.2025952429379523,1,0.036895393070967925
2024-06-10,JST,,-0.9518907629895087,-1,-0.04165419346852696
2024-06-10,JUP,,0.2776317557419786,1,0.036895393070967925
2024-06-10,LINK,,-0.06442122965419643,-1,-0.02643717925250528
2024-06-10,LTC,,-0.17235644781000325,-1,-0.04165419346852696
2024-06-10,LUNC,,0.13508811752193145,0,0.0
2024-06-10,NEAR,,0.20423532350686865,1,0.030181078704120925
2024-06-10,NEXO,,-0.049081640089501076,0,0.0
2024-06-10,PEPE,,-0.6940104240917884,-1,-0.004977136887534342
2024-06-10,QNT,,-0.08698798831916142,-1,-0.04165419346852696
2024-06-10,SHIB,,0.3019712570780042,1,0.031059914731933702
2024-06-10,SOL,,0.0998781757737926,0,0.0
2024-06-10,STX,,-0.04315760951279755,0,0.0
2024-06-10,SUI,,0.13492420792127144,0,0.0
2024-06-10,TAO,,0.2746933440011167,1,0.011687613910903132
2024-06-10,TRX,,0.0957149440593609,0,0.0
2024-06-10,UNI,,-0.2261871880812882,-1,-0.00793134720998442
2024-06-10,VET,,-0.0051398541847303735,0,0.0
2024-06-10,WLD,,0.5522047533015125,1,0.020080949941514218
2024-06-10,XLM,,-0.04425483162508608,0,0.0
2024-06-10,XRP,,0.03579986431010611,0,0.0
2024-06-10,ZEC,,-0.08991474042604368,-1,-0.020359954464015843
2024-06-17,AAVE,,-0.31810119700179146,-1,-0.03238957766808597
2024-06-17,ADA,,-0.08921811943719167,-1,-0.03238957766808597
2024-06-17,ALGO,,0.05169899665697,0,0.0
2024-06-17,APT,,0.1523989962142692,0,0.0
2024-06-17,ARB,,0.2376829639118135,1,0.030478664527275715
2024-06-17,ATOM,,-0.11677083251326573,-1,-0.03238957766808597
2024-06-17,AVAX,,0.29184953646961914,1,0.02855798701716478
2024-06-17,BCH,,-0.07600877921412688,0,0.0
2024-06-17,BNB,,-0.3282514916349186,-1,-0.017782466525788115
2024-06-17,BONK,,0.46851655765519723,1,0.024766797909468785
2024-06-17,BTC,,-0.2866723368474579,-1,-0.03238957766808597
2024-06-17,CAKE,,0.03902563526137798,0,0.0
2024-06-17,CHZ,,-0.08776230957359629,0,0.0
2024-06-17,DASH,,-0.08429189171218138,0,0.0
2024-06-17,DEXE,,-0.0962741822766076,-1,-0.01891025136303554
2024-06-17,DOGE,,0.09208473128149446,0,0.0
2024-06-17,DOT,,0.013457322019956896,0,0.0
2024-06-17,ENA,,0.3676758434558397,1,0.01401825319486955
2024-06-17,ETC,,-0.06396012378267044,0,0.0
2024-06-17,ETH,,-0.08229095721675427,0,0.0
2024-06-17,FET,,0.2791289083241603,1,0.025674312984215557
2024-06-17,FIL,,-0.1267667654921374,-1,-0.014474456751459674
2024-06-17,HBAR,,-0.05847379141227065,0,0.0
2024-06-17,ICP,,0.1714594910699536,1,0.021436696835764414
2024-06-17,JST,,-0.8988329809288779,-1,-0.03238957766808597
2024-06-17,JUP,,0.4567344301875969,1,0.020097390675878492
2024-06-17,LINK,,-0.2494374781737254,-1,-0.018957919071255946
2024-06-17,LTC,,-0.14549012330207356,-1,-0.03238957766808597
2024-06-17,LUNC,,0.26298721951781184,1,0.010920204936199818
2024-06-17,NEAR,,0.20688638006790774,1,0.030478664527275715
2024-06-17,NEXO,,-0.07128256713088192,0,0.0
2024-06-17,PEPE,,0.47964114670459207,1,0.030478664527275715
2024-06-17,QNT,,-0.029447387113438986,0,0.0
2024-06-17,SHIB,,0.2200222620474918,1,0.020079720803488833
2024-06-17,SOL,,0.12289751556632353,0,0.0
2024-06-17,STX,,-0.8010924964569381,-1,-0.008412271611411873
2024-06-17,SUI,,-0.18561001360440957,-1,-0.018988934104801736
2024-06-17,TAO,,0.40261398176384416,1,0.030478664527275715
2024-06-17,TRX,,0.30809165580626874,1,0.030478664527275715
2024-06-17,UNI,,-0.5280621159535394,-1,-0.008568617229801671
2024-06-17,VET,,0.11298450608226614,0,0.0
2024-06-17,WLD,,0.19801225706728046,1,0.014877273340727483
2024-06-17,XLM,,-0.07235844884182485,0,0.0
2024-06-17,XRP,,-0.1268421751410379,-1,-0.03238957766808597
2024-06-17,ZEC,,-0.012551772370317514,0,0.0
2024-06-24,AAVE,,-0.7610862936612229,-1,-0.014921209809758331
2024-06-24,ADA,,-0.005929350482031014,0,0.0
2024-06-24,ALGO,,-0.10604901991500623,-1,-0.020853183199971377
2024-06-24,APT,,0.1504320247678459,0,0.0
2024-06-24,ARB,,0.18540268220865685,1,0.023262384349999353
2024-06-24,ATOM,,0.01328303785358178,0,0.0
2024-06-24,AVAX,,-0.15904742890716028,-1,-0.014797660510925705
2024-06-24,BCH,,0.02492733498773788,0,0.0
2024-06-24,BNB,,-0.2569619233339483,-1,-0.023400175579193855
2024-06-24,BONK,,0.046831513265048336,0,0.0
2024-06-24,BTC,,-0.2017155121705073,-1,-0.04269914525083282
2024-06-24,CAKE,,0.10337336823829785,0,0.0
2024-06-24,CHZ,,0.17547584764793042,1,0.014676889490416794
2024-06-24,DASH,,-0.09830831875504646,-1,-0.03104717824791702
2024-06-24,DEXE,,0.09796213024728588,0,0.0
2024-06-24,DOGE,,0.1887455033700457,1,0.03364001034037552
2024-06-24,DOT,,-0.13252679984863527,-1,-0.023125757954283607
2024-06-24,ENA,,0.5470688896495597,1,0.01956092088064461
2024-06-24,ETC,,-0.014603138433460438,0,0.0
2024-06-24,ETH,,0.05977468929935911,0,0.0
2024-06-24,FET,,0.1670673036022654,1,0.020117642406869873
2024-06-24,FIL,,-0.05520419001868365,0,0.0
2024-06-24,HBAR,,0.03515326224595508,0,0.0
2024-06-24,ICP,,0.17259283254743402,1,0.01934828280322546
2024-06-24,JST,,-0.786380953113123,-1,-0.04269914525083282
2024-06-24,JUP,,0.16355283370682927,1,0.013484200046665422
2024-06-24,LINK,,-0.14293014936745083,-1,-0.022702080212725597
2024-06-24,LTC,,-0.05471831502739417,0,0.0
2024-06-24,LUNC,,0.20573269824972126,1,0.01133478372569038
2024-06-24,NEAR,,0.1654769474906072,1,0.026233405647833552
2024-06-24,NEXO,,0.01654562477861062,0,0.0
2024-06-24,PEPE,,0.23096224316106279,1,0.017786037106520235
2024-06-24,QNT,,0.020621172228681536,0,0.0
2024-06-24,SHIB,,0.3675727781220093,1,0.0272107742464004
2024-06-24,SOL,,-0.10298106112637427,-1,-0.017532663941710613
2024-06-24,STX,,-0.7548235137041873,-1,-0.01076634256117833
2024-06-24,SUI,,-0.19916080262997712,-1,-0.024881511535800982
2024-06-24,TAO,,0.42358670657571384,1,0.02679134331817858
2024-06-24,TRX,,0.38184453516128253,1,0.03584793098901814
2024-06-24,UNI,,-0.4844796491158884,-1,-0.012576838702488774
2024-06-24,VET,,0.011327049836303905,0,0.0
2024-06-24,WLD,,0.3969014624736317,1,0.03584793098901814
2024-06-24,XLM,,0.0012098937865377022,0,0.0
2024-06-24,XRP,,0.029783105831415937,0,0.0
2024-06-24,ZEC,,-0.06630105172331276,-1,-0.023139643583236596
2024-07-01,AAVE,,-0.7767067660484428,-1,-0.01286315823307605
2024-07-01,ADA,,-0.06016355685358949,0,0.0
2024-07-01,ALGO,,-0.20983006559426373,-1,-0.02018389936499
2024-07-01,APT,,0.12624406692031945,1,0.017517900502872535
2024-07-01,ARB,,0.13862175101432508,1,0.02038539452215587
2024-07-01,ATOM,,-0.026012946567670635,0,0.0
2024-07-01,AVAX,,-0.27311072293659105,-1,-0.014517804673142762
2024-07-01,BCH,,0.12560235833837713,1,0.01973523073898211
2024-07-01,BNB,,0.08971846477763161,0,0.0
2024-07-01,BONK,,0.02869584909857553,0,0.0
2024-07-01,BTC,,-0.09923204593125329,-1,-0.04392726824807997
2024-07-01,CAKE,,0.26954903456864215,1,0.024042025620007488
2024-07-01,CHZ,,0.18413537135758432,1,0.01669128993382296
2024-07-01,DASH,,-0.15071877920800425,-1,-0.02814835556366928
2024-07-01,DEXE,,0.11259678159463894,0,0.0
2024-07-01,DOGE,,0.11561216547981804,1,0.025388825773443476
2024-07-01,DOT,,-0.14832546360257257,-1,-0.024347640922870274
2024-07-01,ENA,,0.4789228464719228,1,0.0161966950103636
2024-07-01,ETC,,-0.05803273306459149,0,0.0
2024-07-01,ETH,,0.05851445792154145,0,0.0
2024-07-01,FET,,0.1105634238115807,0,0.0
2024-07-01,FIL,,-0.04429847133430184,0,0.0
2024-07-01,HBAR,,4.459225950507415e-06,0,0.0
2024-07-01,ICP,,0.09454327164889822,0,0.0
2024-07-01,JST,,-0.8351372183769765,-1,-0.039519421122664294
2024-07-01,JUP,,0.04887281972806251,0,0.0
2024-07-01,LINK,,-0.2490743467658808,-1,-0.02167796650671713
2024-07-01,LTC,,-0.04684877161685487,0,0.0
2024-07-01,LUNC,,0.12088663219972137,1,0.01173290031705798
2024-07-01,NEAR,,0.054550666187553935,0,0.0
2024-07-01,NEXO,,0.0799149231875496,0,0.0
2024-07-01,PEPE,,0.33809486244782216,1,0.011992105470262904
2024-07-01,QNT,,-0.09386912115681037,-1,-0.030788930973260322
2024-07-01,SHIB,,0.3985438507474243,1,0.03189604811386287
2024-07-01,SOL,,-0.19423951566783307,-1,-0.0172582366841226
2024-07-01,STX,,-0.08689280095687577,-1,-0.01601018352448388
2024-07-01,SUI,,0.3267387264467103,1,0.02925523677992897
2024-07-01,TAO,,0.22647167951310285,1,0.02246654428794926
2024-07-01,TRX,,0.21948319471749403,1,0.038969220596405105
2024-07-01,UNI,,-0.5911580737882003,-1,-0.011619327938299381
2024-07-01,VET,,-0.1325464510715987,-1,-0.02090965481169857
2024-07-01,WLD,,0.46091768936311134,1,0.038969220596405105
2024-07-01,XLM,,-0.05533357537332323,0,0.0
2024-07-01,XRP,,0.05148549884112148,0,0.0
2024-07-01,ZEC,,-0.1277534196938431,-1,-0.023466789696445684
2024-07-08,AAVE,,-0.5527976231393663,-1,-0.016140300594907505
2024-07-08,ADA,,-0.23968143849215312,-1,-0.023794845343786397
2024-07-08,ALGO,,-0.17265350243752703,-1,-0.023119140742124778
2024-07-08,APT,,0.08905927629278093,0,0.0
2024-07-08,ARB,,0.1651612380575484,1,0.02171519893122145
2024-07-08,ATOM,,0.047761242228519976,0,0.0
2024-07-08,AVAX,,-0.03791571664907282,0,0.0
2024-07-08,BCH,,0.04181640147942364,0,0.0
2024-07-08,BNB,,0.13568920936737233,0,0.0
2024-07-08,BONK,,0.28842259702801404,1,0.018165355339969907
2024-07-08,BTC,,-0.018240876887414284,0,0.0
2024-07-08,CAKE,,0.2267920116911419,1,0.02150784542527363
2024-07-08,CHZ,,0.198000269643601,1,0.01974798724315195
2024-07-08,DASH,,-0.23224245024347706,-1,-0.024165679437299994
2024-07-08,DEXE,,0.1297521264632315,0,0.0
2024-07-08,DOGE,,0.1609870511235797,1,0.025125712612354762
2024-07-08,DOT,,0.02356472215019461,0,0.0
2024-07-08,ENA,,0.4053216521477048,1,0.01850803132594847
2024-07-08,ETC,,-0.018295562694118854,0,0.0
2024-07-08,ETH,,0.10680342673993448,0,0.0
2024-07-08,FET,,0.1893370888154431,1,0.021525622297304814
2024-07-08,FIL,,-0.08052697343419099,-1,-0.02196225705802395
2024-07-08,HBAR,,0.005660462578829814,0,0.0
2024-07-08,ICP,,-0.10853137180169775,-1,-0.01986409540940523
2024-07-08,JST,,-0.6840862047252666,-1,-0.052524909315231204
2024-07-08,JUP,,0.15910834139398863,1,0.015645129072802463
2024-07-08,LINK,,-0.07542554652713422,-1,-0.031208707112358115
2024-07-08,LTC,,0.008593537723166605,0,0.0
2024-07-08,LUNC,,0.34347577759721015,1,0.015772757358715344
2024-07-08,NEAR,,-0.07219942973161529,0,0.0
2024-07-08,NEXO,,0.021596844737464125,0,0.0
2024-07-08,PEPE,,0.5965955363643672,1,0.016406353024684798
2024-07-08,QNT,,0.016319313262027554,0,0.0
2024-07-08,SHIB,,0.2948071171726302,1,0.02361039402957357
2024-07-08,SOL,,0.053012140286797675,0,0.0
2024-07-08,STX,,-0.27461883667526144,-1,-0.015838770867968553
2024-07-08,SUI,,-0.06717449529833883,0,0.0
2024-07-08,TAO,,-0.07317131661932424,-1,-0.01864460905350161
2024-07-08,TRX,,0.3924837754432869,1,0.05334073442658021
2024-07-08,UNI,,0.18966633917141087,1,0.022865396415908994
2024-07-08,VET,,-0.534808218984433,-1,-0.015614121335409594
2024-07-08,WLD,,0.4556201185984655,1,0.03119014208952048
2024-07-08,XLM,,-0.2985951933787412,-1,-0.02475485784515273
2024-07-08,XRP,,-0.23309293139278425,-1,-0.025616168772736748
2024-07-08,ZEC,,-0.9713499284462226,-1,-0.01187819670510443
2024-07-15,AAVE,,-0.7650262532456146,-1,-0.014006074763302302
2024-07-15,ADA,,-0.271376953180609,-1,-0.02282793497666362
2024-07-15,ALGO,,-0.0841460440478215,-1,-0.025205365290325438
2024-07-15,APT,,0.1846647975263173,1,0.019546830985559933
2024-07-15,ARB,,0.2661015548472335,1,0.024414494634442983
2024-07-15,ATOM,,0.0752960350415034,0,0.0
2024-07-15,AVAX,,0.10115708529607458,0,0.0
2024-07-15,BCH,,0.06659830235830551,0,0.0
2024-07-15,BNB,,0.17085850001928998,1,0.027568076088721787
2024-07-15,BONK,,0.32992919930227754,1,0.020098700867702973
2024-07-15,BTC,,-0.007837457541447101,0,0.0
2024-07-15,CAKE,,0.28503974312513064,1,0.024045734470650486
2024-07-15,CHZ,,0.40451998224993946,1,0.028586720873175476
2024-07-15,DASH,,-0.2311953411475125,-1,-0.023536344608815245
2024-07-15,DEXE,,0.13020292376470236,0,0.0
2024-07-15,DOGE,,0.09649549130252146,0,0.0
2024-07-15,DOT,,0.10846933359090026,0,0.0
2024-07-15,ENA,,0.26221927739703416,1,0.015699324584148775
2024-07-15,ETC,,0.035302946350528774,0,0.0
2024-07-15,ETH,,0.13648763438923714,1,0.029678925851015506
2024-07-15,FET,,0.13100962355596965,0,0.0
2024-07-15,FIL,,0.060962586984380104,0,0.0
2024-07-15,HBAR,,0.025240105003687053,0,0.0
2024-07-15,ICP,,0.07325305268857166,0,0.0
2024-07-15,JST,,-0.7426634753463858,-1,-0.05366086350573312
2024-07-15,JUP,,0.21967874464536452,1,0.01695767575990052
2024-07-15,LINK,,0.06478068364280422,0,0.0
2024-07-15,LTC,,0.017856398077927122,0,0.0
2024-07-15,LUNC,,0.5147466439209893,1,0.020913577388309946
2024-07-15,NEAR,,-0.009833711894109573,-1,-0.019062551406475864
2024-07-15,NEXO,,0.06897995601736763,0,0.0
2024-07-15,PEPE,,0.27926038620090204,1,0.0127977399779176
2024-07-15,QNT,,0.07427750957048763,0,0.0
2024-07-15,SHIB,,0.38093874084644774,1,0.034513894292664105
2024-07-15,SOL,,0.17195058401278462,1,0.02341465730702615
2024-07-15,STX,,-0.16478557641066485,-1,-0.015028352209003828
2024-07-15,SUI,,-0.09539528459009079,-1,-0.016646887351654493
2024-07-15,TAO,,-0.003639425030735505,0,0.0
2024-07-15,TRX,,-0.22744178731081605,-1,-0.05366086350573312
2024-07-15,UNI,,0.14430660575537,1,0.030239144856786845
2024-07-15,VET,,-0.5801340990912418,-1,-0.015114835120196303
2024-07-15,WLD,,-0.20279419395820972,-1,-0.012539226542262399
2024-07-15,XLM,,-0.38154259788266837,-1,-0.02432276616746367
2024-07-15,XRP,,-0.21911699018857295,-1,-0.021204048431894967
2024-07-15,ZEC,,-0.8936552366175519,-1,-0.011659384058498645
2024-07-22,AAVE,,-0.4751693947767844,-1,-0.018538581476700178
2024-07-22,ADA,,-0.3294026880189997,-1,-0.025376887513193443
2024-07-22,ALGO,,-0.22395676128755537,-1,-0.02674090727343893
2024-07-22,APT,,0.15670166176832023,1,0.02008648414279798
2024-07-22,ARB,,0.1851949922005094,1,0.024335121213923464
2024-07-22,ATOM,,0.12299239836390219,0,0.0
2024-07-22,AVAX,,-0.057362183402665225,0,0.0
2024-07-22,BCH,,0.27073445400032115,1,0.021955122456484125
2024-07-22,BNB,,0.22545977176480747,1,0.029393630156210188
2024-07-22,BONK,,-0.017274101758388564,0,0.0
2024-07-22,BTC,,0.08630580571461266,0,0.0
2024-07-22,CAKE,,0.3219129093126088,1,0.025445251051508685
2024-07-22,CHZ,,0.3474759963465896,1,0.02875527273494337
2024-07-22,DASH,,-0.2464999300354977,-1,-0.026967323362507685
2024-07-22,DEXE,,0.18783781381241263,1,0.020914593343575007
2024-07-22,DOGE,,0.04748421675056118,0,0.0
2024-07-22,DOT,,-0.062476947495496746,0,0.0
2024-07-22,ENA,,0.3401908078747088,1,0.01689355577321541
2024-07-22,ETC,,0.05122267182785913,0,0.0
2024-07-22,ETH,,0.08555332290220843,0,0.0
2024-07-22,FET,,-0.025754621373313552,0,0.0
2024-07-22,FIL,,0.0486299590032868,0,0.0
2024-07-22,HBAR,,-0.01596471472878988,0,0.0
2024-07-22,ICP,,-0.15725340772313556,-1,-0.01879839614113742
2024-07-22,JST,,-0.5509628359423732,-1,-0.05595804610797481
2024-07-22,JUP,,0.27305998049990077,1,0.017996671849717236
2024-07-22,LINK,,-0.0463740121747187,0,0.0
2024-07-22,LTC,,0.1037077188449482,0,0.0
2024-07-22,LUNC,,0.4552269313710836,1,0.021255074837443818
2024-07-22,NEAR,,-0.21189259635813903,-1,-0.020199179529596285
2024-07-22,NEXO,,0.07801047065295723,0,0.0
2024-07-22,PEPE,,0.3632764867523288,1,0.01364798148664741
2024-07-22,QNT,,0.07867815242329501,0,0.0
2024-07-22,SHIB,,0.31511802066416844,1,0.03385260899247929
2024-07-22,SOL,,0.1901701187988051,1,0.024715457246699397
2024-07-22,STX,,-0.1101968658941416,-1,-0.018050610852274045
2024-07-22,SUI,,-0.11031904729237253,-1,-0.01960001255308543
2024-07-22,TAO,,-0.012525232123068742,0,0.0
2024-07-22,TRX,,0.06719741381974208,0,0.0
2024-07-22,UNI,,0.25217898598344923,1,0.03250379414257382
2024-07-22,VET,,-0.5740996803009071,-1,-0.0172631050288291
2024-07-22,WLD,,-0.0751600620763129,-1,-0.015726246223800006
2024-07-22,XLM,,-0.35273468172289957,-1,-0.028226080232574845
2024-07-22,XRP,,-0.16313323043283168,-1,-0.02638781200212655
2024-07-22,ZEC,,-0.8358080665350015,-1,-0.013917431130980495
2024-07-29,AAVE,,-0.06719787046959019,-1,-0.02394056929396224
2024-07-29,ADA,,-0.18236608229846482,-1,-0.02460434597263307
2024-07-29,ALGO,,-0.13522221106208374,-1,-0.02521339091406776
2024-07-29,APT,,0.10267990921456538,0,0.0
2024-07-29,ARB,,0.14302537904901194,1,0.023896309812141768
2024-07-29,ATOM,,0.04344031144673827,0,0.0
2024-07-29,AVAX,,0.028745357089205493,0,0.0
2024-07-29,BCH,,0.11314048145509586,1,0.022739957330747847
2024-07-29,BNB,,0.11072546156597442,1,0.030960554226399654
2024-07-29,BONK,,-0.03302932901192361,0,0.0
2024-07-29,BTC,,-0.0520139989987299,0,0.0
2024-07-29,CAKE,,0.2006324949938805,1,0.02679982194141976
2024-07-29,CHZ,,0.20212801237581365,1,0.026776567204476465
2024-07-29,DASH,,-0.140983775745472,-1,-0.025382010048601654
2024-07-29,DEXE,,0.20765488529887297,1,0.02392316755524266
2024-07-29,DOGE,,0.01711594743538762,0,0.0
2024-07-29,DOT,,0.03951030198833909,0,0.0
2024-07-29,ENA,,0.23066839510560336,1,0.01568028510113348
2024-07-29,ETC,,-0.020166448862143967,0,0.0
2024-07-29,ETH,,0.055994107119809594,0,0.0
2024-07-29,FET,,0.007249136513274056,0,0.0
2024-07-29,FIL,,-0.003994410088526334,0,0.0
2024-07-29,HBAR,,-0.01695440164702014,0,0.0
2024-07-29,ICP,,-0.11205716666780878,-1,-0.01781339539891235
2024-07-29,JST,,-0.6303290842809196,-1,-0.05254867557859751
2024-07-29,JUP,,0.11733612419792146,1,0.015213852786885416
2024-07-29,LINK,,-0.008028283069342244,0,0.0
2024-07-29,LTC,,0.10373665771206411,1,0.03530159669230209
2024-07-29,LUNC,,0.3284178901156293,1,0.020721916990541468
2024-07-29,NEAR,,-0.0715196604100164,-1,-0.01877585339491867
2024-07-29,NEXO,,0.024100500763192506,0,0.0
2024-07-29,PEPE,,0.22120809443402187,1,0.01369525253438813
2024-07-29,QNT,,0.0635171967881245,0,0.0
2024-07-29,RENDER,,0.06910974555655108,0,0.0
2024-07-29,SHIB,,0.2634709175630178,1,0.025967880129419866
2024-07-29,SOL,,0.09415804647318142,0,0.0
2024-07-29,STX,,-0.12078827212240777,-1,-0.017304471431875634
2024-07-29,SUI,,-0.08505098141311206,-1,-0.019971685045502282
2024-07-29,TAO,,0.10390863146688852,1,0.012853927475463342
2024-07-29,TRX,,0.09724016126074354,0,0.0
2024-07-29,UNI,,0.15993522680338787,1,0.03259058529560491
2024-07-29,VET,,-0.3939877976897329,-1,-0.01735060592237432
2024-07-29,WLD,,-0.06887454701903184,-1,-0.015130252578853942
2024-07-29,XLM,,-0.22695007742475531,-1,-0.027221087467079092
2024-07-29,XRP,,-0.1945432779739551,-1,-0.026552993790267345
2024-07-29,ZEC,,-0.5847916975312571,-1,-0.015312338238520998
2024-08-05,AAVE,,-0.05082129994316305,0,0.0
2024-08-05,ADA,,-0.05265477482943158,0,0.0
2024-08-05,ALGO,,0.02420925469112082,0,0.0
2024-08-05,APT,,0.17264912934401094,1,0.01938175443016092
2024-08-05,ARB,,0.08652021132288669,1,0.022599665151932305
2024-08-05,ATOM,,-0.017202081887502618,0,0.0
2024-08-05,AVAX,,-0.06989569829468406,-1,-0.01486804969094314
2024-08-05,BCH,,0.150799275270569,1,0.025325161046143282
2024-08-05,BNB,,-0.0031519844946164208,0,0.0
2024-08-05,BONK,,-0.10029846990768007,-1,-0.011094766217124939
2024-08-05,BTC,,-0.21017901545845954,-1,-0.027606650200623674
2024-08-05,CAKE,,0.1540743860543568,1,0.027711022500437377
2024-08-05,CHZ,,0.131902160485406,1,0.024835846969806938
2024-08-05,DASH,,0.04443050057504546,0,0.0
2024-08-05,DEXE,,0.3592311670008233,1,0.031216655639610423
2024-08-05,DOGE,,-0.11294959469994068,-1,-0.01742857415784276
2024-08-05,DOT,,0.03735685340503077,0,0.0
2024-08-05,ENA,,0.19875547359565837,1,0.012797062305089786
2024-08-05,ETC,,-0.05471474406694028,-1,-0.03149327513348717
2024-08-05,ETH,,-0.049481366258814344,0,0.0
2024-08-05,FET,,-0.09071669987909467,-1,-0.015534741063909882
2024-08-05,FIL,,-0.005016729402962023,0,0.0
2024-08-05,HBAR,,-0.029642709919095334,0,0.0
2024-08-05,ICP,,-0.1866936166014335,-1,-0.015247155792447356
2024-08-05,JST,,-0.6863325980324826,-1,-0.05055933238548111
2024-08-05,JUP,,-0.03598797393611167,0,0.0
2024-08-05,LINK,,-0.1524761799968536,-1,-0.0254221126399427
2024-08-05,LTC,,-0.036215109323465465,0,0.0
2024-08-05,LUNC,,0.2821568255465541,1,0.015463768888296568
2024-08-05,NEAR,,-0.04874720589069819,0,0.0
2024-08-05,NEXO,,0.075252007280113,0,0.0
2024-08-05,PEPE,,0.13675034692894364,1,0.01107572540822768
2024-08-05,QNT,,0.07957408116137733,0,0.0
2024-08-05,RENDER,,0.06867425910218387,0,0.0
2024-08-05,SHIB,,0.35098937724941853,1,0.028478659038827726
2024-08-05,SOL,,0.0008477940044403238,0,0.0
2024-08-05,STX,,0.12654697146693739,1,0.017865789131238423
2024-08-05,SUI,,-0.46888824542656204,-1,-0.00927300483212804
2024-08-05,TAO,,0.12162216164213974,1,0.010018815503075793
2024-08-05,TRX,,-0.0604326458755585,-1,-0.05304668093147407
2024-08-05,UNI,,0.20932145760353216,1,0.0443197618358197
2024-08-05,VET,,0.14646575335009027,1,0.03531650505599144
2024-08-05,WLD,,-0.1442207517521423,-1,-0.01063604816363322
2024-08-05,XLM,,-0.03645024546213304,0,0.0
2024-08-05,XRP,,-0.18922456090160364,-1,-0.026049369928291273
2024-08-05,ZEC,,-0.06573514483920526,-1,-0.01814643176732909
2024-08-12,AAVE,,-0.18575461087037598,-1,-0.01910443890501187
2024-08-12,ADA,,-0.03842652929583805,0,0.0
2024-08-12,ALGO,,-0.040123604999287896,0,0.0
2024-08-12,APT,,0.08963569266329975,0,0.0
2024-08-12,ARB,,0.1452407042355255,1,0.030165138123187704
2024-08-12,ATOM,,-0.12415651344652365,-1,-0.03376278824179913
2024-08-12,AVAX,,0.20614035490839586,1,0.023445079361930722
2024-08-12,BCH,,0.07551520361846527,0,0.0
2024-08-12,BNB,,0.03196005389193153,0,0.0
2024-08-12,BONK,,0.4307354005871636,1,0.02347529675385709
2024-08-12,BTC,,-0.16926561785506455,-1,-0.03210453356216116
2024-08-12,CAKE,,0.16982477010802716,1,0.02492819715499591
2024-08-12,CHZ,,0.006197330001400262,0,0.0
2024-08-12,DASH,,-0.10937277462966817,-1,-0.020278085455564747
2024-08-12,DEXE,,0.28500524829782675,1,0.026674511909088178
2024-08-12,DOGE,,0.15513231730051671,1,0.029875431472540615
2024-08-12,DOT,,-0.0009833236050452226,0,0.0
2024-08-12,ENA,,0.3694718703275381,1,0.01592125082970522
2024-08-12,ETC,,-0.019344675418370903,0,0.0
2024-08-12,ETH,,0.004828792051478153,0,0.0
2024-08-12,FET,,0.14604525532162468,1,0.024311356278986472
2024-08-12,FIL,,0.06080361361901886,0,0.0
2024-08-12,HBAR,,-0.0292703713370699,0,0.0
2024-08-12,ICP,,0.10405542207130261,0,0.0
2024-08-12,JST,,-0.7447683967335724,-1,-0.03370909332560206
2024-08-12,JUP,,0.2928888839656428,1,0.02051795743116276
2024-08-12,LINK,,-0.052568008122943106,-1,-0.03072086352382484
2024-08-12,LTC,,-0.04487454098488547,0,0.0
2024-08-12,LUNC,,-0.12262533777211185,-1,-0.015680238409505706
2024-08-12,NEAR,,0.13441010751191226,1,0.024476623048579962
2024-08-12,NEXO,,-0.02333855486936338,0,0.0
2024-08-12,PEPE,,0.6419932027483187,1,0.020362695591526068
2024-08-12,QNT,,-0.18186812456576307,-1,-0.024117890291296015
2024-08-12,RENDER,,0.06995628459994957,0,0.0
2024-08-12,SHIB,,0.2864285670280336,1,0.02733753718173705
2024-08-12,SOL,,0.19264108572670918,1,0.019872662047928282
2024-08-12,STX,,0.12184702116298587,0,0.0
2024-08-12,SUI,,-1.1596289677317453,-1,-0.007241526481939904
2024-08-12,TAO,,-0.25080197619496153,-1,-0.00897780432325084
2024-08-12,TON,,0.04914917430859121,0,0.0
2024-08-12,TRX,,-0.08054333520774125,-1,-0.037825457743431684
2024-08-12,UNI,,0.12110635053147897,0,0.0
2024-08-12,VET,,0.019259022283748657,0,0.0
2024-08-12,WLD,,0.3473664537988591,1,0.020793001510065873
2024-08-12,XLM,,-0.3812688501062896,-1,-0.024979574297989155
2024-08-12,XRP,,-0.15508569084343035,-1,-0.029500069891355656
2024-08-12,ZEC,,-0.6435683780796834,-1,-0.014154374242559217
2024-08-19,AAVE,,0.08762424394766988,0,0.0
2024-08-19,ADA,,-0.011057172086055668,0,0.0
2024-08-19,ALGO,,-0.03156299164624424,-1,-0.021615964339507306
2024-08-19,APT,,0.036650673553764876,0,0.0
2024-08-19,ARB,,0.1679489670704633,1,0.026565442692375
2024-08-19,ATOM,,-0.035205181547599586,-1,-0.026645739377570428
2024-08-19,AVAX,,0.029746971649747683,0,0.0
2024-08-19,BCH,,0.21500292163892942,1,0.029571865663094797
2024-08-19,BNB,,0.12451682098661328,1,0.03378297660096757
2024-08-19,BONK,,0.30181940589010514,1,0.017651211619820584
2024-08-19,BTC,,-0.08035311852237778,-1,-0.031871484477435014
2024-08-19,CAKE,,0.17341088436995972,1,0.020952742178094105
2024-08-19,CHZ,,0.03222338068498081,0,0.0
2024-08-19,DASH,,-0.08191633058172777,-1,-0.02804391486522723
2024-08-19,DEXE,,0.30681983397707513,1,0.024933525515292283
2024-08-19,DOGE,,0.19523304657795698,1,0.028169253881812857
2024-08-19,DOT,,0.05665452018437503,0,0.0
2024-08-19,ENA,,0.3373854371131252,1,0.015385908462152167
2024-08-19,ETC,,0.0528226239964092,0,0.0
2024-08-19,ETH,,0.10039379670837519,0,0.0
2024-08-19,FET,,-0.832323989949217,-1,-0.007911483272562995
2024-08-19,FIL,,0.04167590302344836,0,0.0
2024-08-19,HBAR,,0.030186476290902035,0,0.0
2024-08-19,ICP,,0.10426795666039247,0,0.0
2024-08-19,JST,,-0.7979927678558691,-1,-0.025332006742960395
2024-08-19,JUP,,0.3579275107984333,1,0.020042020940246996
2024-08-19,LINK,,-0.09702705291595913,-1,-0.0201066344248173
2024-08-19,LTC,,-0.08279917400278076,-1,-0.03380618831497421
2024-08-19,LUNC,,0.04833095497915774,0,0.0
2024-08-19,NEAR,,-0.020593038195474766,0,0.0
2024-08-19,NEXO,,0.03182593112426827,0,0.0
2024-08-19,PEPE,,0.42630901107313895,1,0.015086860442488673
2024-08-19,QNT,,-0.0297254083531571,0,0.0
2024-08-19,RENDER,,-0.36939344817417247,-1,-0.011596977489448827
2024-08-19,SHIB,,0.2850643526410615,1,0.024383326466933055
2024-08-19,SOL,,0.2630195528158885,1,0.022085016288861618
2024-08-19,STX,,-0.029322015168336962,0,0.0
2024-08-19,SUI,,-0.7399174480807722,-1,-0.010036743240475134
2024-08-19,TAO,,0.023012668855405306,0,0.0
2024-08-19,TON,,0.046861354028064316,0,0.0
2024-08-19,TRX,,-0.10187391233498892,-1,-0.024344444035641902
2024-08-19,UNI,,0.20851004286113972,1,0.03009021721115011
2024-08-19,VET,,0.0626247882968806,0,0.0
2024-08-19,WLD,,0.22715366048149538,1,0.01636059864298557
2024-08-19,XLM,,-0.21412451488552545,-1,-0.030379171463831883
2024-08-19,XRP,,-0.05220355716804599,-1,-0.035732316872936806
2024-08-19,ZEC,,-0.7676325708109105,-1,-0.017637897688885983
2024-08-26,AAVE,,-0.3651513836201567,-1,-0.01929630423604599
2024-08-26,ADA,,-0.07042279350398259,-1,-0.027805093571751816
2024-08-26,ALGO,,-0.09443877395389474,-1,-0.02352843690819097
2024-08-26,APT,,0.1241633076396553,1,0.018648973086951477
2024-08-26,ARB,,0.11163061437607089,0,0.0
2024-08-26,ATOM,,-0.027619599203355043,0,0.0
2024-08-26,AVAX,,0.014763948887074238,0,0.0
2024-08-26,BCH,,0.2109520678212393,1,0.041003694221760055
2024-08-26,BNB,,0.06483170671494574,0,0.0
2024-08-26,BONK,,0.34500321419857644,1,0.01951767834021291
2024-08-26,BTC,,-0.09699683972576878,-1,-0.04028307744835394
2024-08-26,CAKE,,0.12007620326109812,1,0.02152698126645994
2024-08-26,CHZ,,-0.028336248229795153,0,0.0
2024-08-26,DASH,,-0.08352526184402609,-1,-0.03328360147321639
2024-08-26,DEXE,,0.02236416127671971,0,0.0
2024-08-26,DOGE,,0.20567586984293276,1,0.035160370130289303
2024-08-26,DOT,,-0.015853996768660936,0,0.0
2024-08-26,ENA,,0.18519274321679538,1,0.014215927890828671
2024-08-26,ETC,,0.0038625039878723345,0,0.0
2024-08-26,ETH,,0.07556187279312057,0,0.0
2024-08-26,FET,,-0.6346698199400661,-1,-0.00878662682281198
2024-08-26,FIL,,-0.03563637340052691,0,0.0
2024-08-26,HBAR,,-0.09487907363309568,-1,-0.02776877250416338
2024-08-26,ICP,,0.1546449714732934,1,0.02194386794511838
2024-08-26,JST,,-0.8422094400655439,-1,-0.027466926282445736
2024-08-26,JUP,,0.39835307203597703,1,0.02183492610698308
2024-08-26,LINK,,-0.06773955718884446,-1,-0.02289613438139348
2024-08-26,LTC,,0.03013265855868513,0,0.0
2024-08-26,LUNC,,0.026704738051829078,0,0.0
2024-08-26,NEAR,,-0.03680213727438675,0,0.0
2024-08-26,NEXO,,0.10852069308398193,0,0.0
2024-08-26,PEPE,,0.45372468177735903,1,0.016693382532100978
2024-08-26,QNT,,0.03398730797625235,0,0.0
2024-08-26,RENDER,,-0.34693751131912653,-1,-0.012811935559375369
2024-08-26,SHIB,,0.33580670680536573,1,0.029722704971646023
2024-08-26,SOL,,0.2529760837625698,1,0.02544813481927236
2024-08-26,STX,,0.001390406493617896,0,0.0
2024-08-26,SUI,,-0.5404256802529975,-1,-0.010423363575408722
2024-08-26,TAO,,0.21513644446975058,1,0.0129905996378357
2024-08-26,TON,,0.04635975263408617,0,0.0
2024-08-26,TRX,,-0.08198914262886495,-1,-0.02711641444682555
2024-08-26,UNI,,0.13705344201350228,1,0.03231118293963324
2024-08-26,VET,,-0.011864176563492633,0,0.0
2024-08-26,WLD,,0.27105997381519786,1,0.017398067867302847
2024-08-26,XLM,,-0.14319435312008522,-1,-0.03324939045966484
2024-08-26,XRP,,-0.03349774807894361,0,0.0
2024-08-26,ZEC,,-0.2977392366519533,-1,-0.013700414086746758
2024-09-02,AAVE,,-0.3992258903984934,-1,-0.018018734138772162
2024-09-02,ADA,,-0.0660275139741139,0,0.0
2024-09-02,ALGO,,-0.0849427326801622,-1,-0.01951775182626291
2024-09-02,APT,,-0.05488406594386641,0,0.0
2024-09-02,ARB,,0.21572977318411604,1,0.02499895272119301
2024-09-02,ATOM,,-0.22099401531991322,-1,-0.024798276382164062
2024-09-02,AVAX,,-0.02576356438586467,0,0.0
2024-09-02,BCH,,0.22782531905233547,1,0.03882330963215862
2024-09-02,BNB,,0.031908054060871986,0,0.0
2024-09-02,BONK,,0.3035747306597946,1,0.018466963164164223
2024-09-02,BTC,,-0.20450252096815094,-1,-0.03292056477279019
2024-09-02,CAKE,,-0.007739240779809118,0,0.0
2024-09-02,CHZ,,0.03787879940138431,0,0.0
2024-09-02,DASH,,0.17519902926767936,0,0.0
2024-09-02,DEXE,,0.05334521465395937,0,0.0
2024-09-02,DOGE,,0.2617602954037902,1,0.0331237540063063
2024-09-02,DOT,,0.07715037040227249,0,0.0
2024-09-02,ENA,,0.1918382802386644,1,0.013534329631458938
2024-09-02,ETC,,0.09369758383543503,0,0.0
2024-09-02,ETH,,0.024962943533022666,0,0.0
2024-09-02,FET,,-1.0097590968979433,-1,-0.0076037604270781985
2024-09-02,FIL,,-0.03913476905372123,0,0.0
2024-09-02,HBAR,,0.001754292444597909,0,0.0
2024-09-02,ICP,,0.135237708266905,0,0.0
2024-09-02,JST,,-1.093250515478388,-1,-0.021588397316502018
2024-09-02,JUP,,0.39239563952225837,1,0.02063325068942144
2024-09-02,LINK,,-0.1503752286204715,-1,-0.020284150962265646
2024-09-02,LTC,,-0.11412486136149719,-1,-0.04081173100508439
2024-09-02,LUNC,,0.04841622495933202,0,0.0
2024-09-02,NEAR,,-0.16182621546094403,-1,-0.01448900441625529
2024-09-02,NEXO,,0.10203975486379349,0,0.0
2024-09-02,PEPE,,0.3370834684945622,1,0.015885718045100722
2024-09-02,QNT,,0.19439735801602476,1,0.025838910230277876
2024-09-02,RENDER,,-0.308237906157345,-1,-0.010742600525465025
2024-09-02,SHIB,,0.2610943288125861,1,0.02814247887519439
2024-09-02,SOL,,0.3156025422353814,1,0.024261654579560116
2024-09-02,STX,,-0.1310279358455358,-1,-0.013628300389443408
2024-09-02,SUI,,0.05071126537385144,0,0.0
2024-09-02,TAO,,0.21770720233011956,1,0.015421399925918889
2024-09-02,TON,,0.12181643393263603,0,0.0
2024-09-02,TRX,,-0.3457848065806269,-1,-0.021956483990522073
2024-09-02,UNI,,0.3331011706461278,1,0.02527669378157069
2024-09-02,VET,,-0.006653063145564241,0,0.0
2024-09-02,WLD,,0.21174667737463054,1,0.016450839149071996
2024-09-02,XLM,,-0.07775111883362565,-1,-0.03607512056870467
2024-09-02,XRP,,-0.10563151619053354,-1,-0.043116207858165084
2024-09-02,ZEC,,0.18966211711044373,1,0.024692830148077903
2024-09-09,AAVE,,-0.25371911999491126,-1,-0.02719307478871618
2024-09-09,ADA,,-0.17677441243291225,-1,-0.03184841669074843
2024-09-09,ALGO,,-0.20204756224542034,-1,-0.026010322007000628
2024-09-09,APT,,-0.1996537544840301,-1,-0.021130451923713715
2024-09-09,ARB,,0.13564597794639044,0,0.0
2024-09-09,ATOM,,-0.09603901028562545,-1,-0.02949497730703526
2024-09-09,AVAX,,-0.14473191316068473,-1,-0.01859309130886851
2024-09-09,BCH,,0.30554822698465806,1,0.03381451029830665
2024-09-09,BNB,,0.17560183274942692,0,0.0
2024-09-09,BONK,,0.24477714326441466,1,0.017066963987917953
2024-09-09,BTC,,-0.07007609007001478,0,0.0
2024-09-09,CAKE,,0.04707455565284405,0,0.0
2024-09-09,CHZ,,-0.04301359137515516,0,0.0
2024-09-09,DASH,,0.06824221288165888,0,0.0
2024-09-09,DEXE,,0.014467547871537331,0,0.0
2024-09-09,DOGE,,0.330058511610834,1,0.02798282891834079
2024-09-09,DOT,,0.10612307172267986,0,0.0
2024-09-09,ENA,,0.12365257205251162,0,0.0
2024-09-09,ETC,,-0.009024035772047889,0,0.0
2024-09-09,ETH,,0.08506725168988091,0,0.0
2024-09-09,FET,,-0.9956049453041698,-1,-0.010352270206581658
2024-09-09,FIL,,-0.10049728711200437,-1,-0.025484495259263214
2024-09-09,HBAR,,-0.055049418736690926,0,0.0
2024-09-09,ICP,,0.19469013017898462,1,0.018957729113623322
2024-09-09,JST,,-1.2010942586371585,-1,-0.02896974440215496
2024-09-09,JUP,,0.3640321410761065,1,0.018692766925642288
2024-09-09,LINK,,-0.1746656923283864,-1,-0.02698310325202868
2024-09-09,LTC,,0.15977785281128035,0,0.0
2024-09-09,LUNC,,0.04567700812084058,0,0.0
2024-09-09,NEAR,,-0.16696609354320766,-1,-0.019107571574189946
2024-09-09,NEXO,,0.24893879989800485,1,0.05241029911884317
2024-09-09,PEPE,,0.30884221980187343,1,0.014675979367596303
2024-09-09,QNT,,0.10975680025967377,0,0.0
2024-09-09,RENDER,,-0.40872004343422935,-1,-0.014374424333264097
2024-09-09,SHIB,,0.23082214053650596,1,0.02565145149821646
2024-09-09,SOL,,0.26812128266939117,1,0.022140744896264046
2024-09-09,STX,,-0.12478696202689182,-1,-0.01792946646047243
2024-09-09,SUI,,0.052928571803991534,0,0.0
2024-09-09,TAO,,0.2999511582707575,1,0.011985423454133006
2024-09-09,TON,,0.24634038693230578,1,0.022226824092356774
2024-09-09,TRX,,-0.5531142776141837,-1,-0.028094920511269605
2024-09-09,UNI,,0.20775597296273132,1,0.02322744504825758
2024-09-09,VET,,0.0006279072790824823,0,0.0
2024-09-09,WLD,,0.20865957872258467,1,0.014943292941057338
2024-09-09,XLM,,0.012509527675384465,0,0.0
2024-09-09,XRP,,0.06630644469646492,0,0.0
2024-09-09,ZEC,,0.313581640434926,1,0.021790070364751637
2024-09-16,AAVE,,-0.23349162897655218,-1,-0.018877708427417855
2024-09-16,ADA,,-0.062127994098344366,0,0.0
2024-09-16,ALGO,,-0.07284619257259893,-1,-0.02114949151321247
2024-09-16,APT,,-0.26832981086502444,-1,-0.009820259511050216
2024-09-16,ARB,,0.003088117016357763,0,0.0
2024-09-16,ATOM,,-0.12940788786997698,-1,-0.015834377760980053
2024-09-16,AVAX,,0.09275179576101387,1,0.016569819757574156
2024-09-16,BCH,,0.22874459045987586,1,0.028692615806929837
2024-09-16,BNB,,-0.016150582368999168,0,0.0
2024-09-16,BONK,,0.4311702840411228,1,0.02174655847731124
2024-09-16,BTC,,-0.12328780362756045,-1,-0.02371223262203133
2024-09-16,CAKE,,0.1751233276074476,1,0.02148830621399259
2024-09-16,CHZ,,-0.04728266256124107,0,0.0
2024-09-16,DASH,,-0.06955499709761605,0,0.0
2024-09-16,DEXE,,-0.021282668558652577,0,0.0
2024-09-16,DOGE,,0.16683892857363306,1,0.028682231529104655
2024-09-16,DOT,,-0.12723867267165012,-1,-0.023309384665644948
2024-09-16,ENA,,-0.03837301841172369,0,0.0
2024-09-16,ETC,,-0.0144805394039333,0,0.0
2024-09-16,ETH,,0.022803731492259303,0,0.0
2024-09-16,FET,,0.056115767265288025,0,0.0
2024-09-16,FIL,,0.008952197418626283,0,0.0
2024-09-16,HBAR,,-0.09288859817482217,-1,-0.018878682246084313
2024-09-16,ICP,,0.012599489317531815,0,0.0
2024-09-16,JST,,-0.8857066751862596,-1,-0.03799103740115472
2024-09-16,JUP,,0.3786704130415921,1,0.018166114315483088
2024-09-16,LINK,,0.004560120477899756,0,0.0
2024-09-16,LTC,,0.0673706946970154,0,0.0
2024-09-16,LUNC,,0.05563925338548885,0,0.0
2024-09-16,NEAR,,0.06625964918352854,0,0.0
2024-09-16,NEXO,,0.13869175118270616,1,0.0326657857023424
2024-09-16,PEPE,,0.575365392782886,1,0.018727096489100217
2024-09-16,POL,,0.15748000852549493,1,0.02190781353131428
2024-09-16,QNT,,-0.26130109798248957,-1,-0.020048572569748218
2024-09-16,RENDER,,0.1706105354990848,1,0.01615085711873513
2024-09-16,SHIB,,0.32644880378905355,1,0.028214821412477636
2024-09-16,SOL,,0.23226076531684536,1,0.020523543652977275
2024-09-16,STX,,0.15991817682947784,1,0.0167692883536384
2024-09-16,SUI,,-0.5380307239134381,-1,-0.0073652996639316
2024-09-16,TAO,,-0.38494160064556504,-1,-0.006187058362018919
2024-09-16,TON,,-0.07281590336776017,0,0.0
2024-09-16,TRX,,-0.1266403542353378,-1,-0.0433726605583034
2024-09-16,UNI,,-0.11161715970720396,-1,-0.018463387837263093
2024-09-16,VET,,-0.006665078272203059,0,0.0
2024-09-16,WLD,,0.3875801788693059,1,0.017853979017454513
2024-09-16,XLM,,-0.18905374423919408,-1,-0.030742935101742707
2024-09-16,XRP,,-0.1266512861697796,-1,-0.030069927706946154
2024-09-16,ZEC,,0.10112270844438889,1,0.017664184569094615
2024-09-23,AAVE,,-0.3883455391486861,-1,-0.023968628399404373
2024-09-23,ADA,,0.053156731326131586,0,0.0
2024-09-23,ALGO,,0.3957728066504745,1,0.02484240007325841
2024-09-23,APT,,-0.5550032248064393,-1,-0.009005357401519469
2024-09-23,ARB,,0.14216499283471565,0,0.0
2024-09-23,ATOM,,-0.25645317966068726,-1,-0.015130207659329426
2024-09-23,AVAX,,0.43312702510072115,1,0.024210100400299316
2024-09-23,BCH,,0.05631070756683351,0,0.0
2024-09-23,BNB,,-0.19062246806368655,-1,-0.031312999353469075
2024-09-23,BONK,,-0.1101203296247936,0,0.0
2024-09-23,BTC,,-0.2670873110490066,-1,-0.029432251987447866
2024-09-23,CAKE,,0.2988960270327944,1,0.02232009251730005
2024-09-23,CHZ,,-0.004133972642114243,0,0.0
2024-09-23,DASH,,0.07391421212825341,0,0.0
2024-09-23,DEXE,,0.24261110695708818,1,0.02394153279036214
2024-09-23,DOGE,,0.033333965342456244,0,0.0
2024-09-23,DOT,,0.0545896160711984,0,0.0
2024-09-23,ENA,,0.11028555733558305,0,0.0
2024-09-23,ETC,,0.10521671204778027,0,0.0
2024-09-23,ETH,,-0.19936613381104856,-1,-0.023861496600651348
2024-09-23,FET,,-0.33698717573833376,-1,-0.012640741217088552
2024-09-23,FIL,,0.36654930849214384,1,0.02484240007325841
2024-09-23,HBAR,,0.19745106210402172,1,0.020823675109048607
2024-09-23,ICP,,0.041344733496215966,0,0.0
2024-09-23,JST,,-0.826433048336145,-1,-0.033025570863041864
2024-09-23,JUP,,0.5743472192664144,1,0.02097957203651904
2024-09-23,LINK,,0.07282198651373036,0,0.0
2024-09-23,LTC,,-0.4476079960655881,-1,-0.030924871787067102
2024-09-23,LUNC,,0.3399096424831899,1,0.018028071194899648
2024-09-23,NEAR,,0.1467601890216933,0,0.0
2024-09-23,NEXO,,-0.22684756845596551,-1,-0.03085537853929186
2024-09-23,PEPE,,-0.10591264404495339,0,0.0
2024-09-23,POL,,0.15607952987278437,1,0.02097957203651904
2024-09-23,QNT,,-0.23133806291163614,-1,-0.029237420740814937
2024-09-23,RENDER,,0.3522304617156046,1,0.014140387470814543
2024-09-23,SHIB,,-0.33455526682407427,-1,-0.010739435668950201
2024-09-23,SOL,,0.42033067755433584,1,0.024647313583569398
2024-09-23,STX,,0.3214757238337851,1,0.01881319613333233
2024-09-23,SUI,,-0.2634190346078505,-1,-0.010239424527150478
2024-09-23,TAO,,-0.606769616215531,-1,-0.006473970859795449
2024-09-23,TON,,-0.07759649347042065,0,0.0
2024-09-23,TRX,,-0.08293321292464051,0,0.0
2024-09-23,UNI,,0.1486670515084576,1,0.020467969353542507
2024-09-23,VET,,0.21262883859700327,1,0.023925912099186947
2024-09-23,WLD,,0.09893041168054847,0,0.0
2024-09-23,XLM,,0.009112275682840362,0,0.0
2024-09-23,XRP,,-0.2082348856801929,-1,-0.029372608692171284
2024-09-23,ZEC,,0.2617485918649961,1,0.023258169425282783
2024-09-30,AAVE,,-0.32257086165781995,-1,-0.019842927331522393
2024-09-30,ADA,,-0.09098125176032963,-1,-0.021298006523322397
2024-09-30,ALGO,,0.026007218763424586,0,0.0
2024-09-30,APT,,-0.14374041873706686,-1,-0.011892710819120508
2024-09-30,ARB,,-0.05197267872407016,0,0.0
2024-09-30,ATOM,,-0.06373362404458392,0,0.0
2024-09-30,AVAX,,0.29639749878782795,1,0.021999123208369695
2024-09-30,BCH,,-0.00332922574099837,0,0.0
2024-09-30,BNB,,-0.06494101883679695,0,0.0
2024-09-30,BONK,,0.12260787913999248,1,0.011521390337975198
2024-09-30,BTC,,-0.14252940986319776,-1,-0.036342391270503364
2024-09-30,CAKE,,0.0918154324089962,1,0.01920969482995477
2024-09-30,CHZ,,-0.05594768065382946,0,0.0
2024-09-30,DASH,,0.06000901992118761,0,0.0
2024-09-30,DEXE,,0.13851935362920723,1,0.022238007998796553
2024-09-30,DOGE,,-0.08781996837865887,-1,-0.01808978632909758
2024-09-30,DOT,,-0.08179489037298947,0,0.0
2024-09-30,ENA,,-0.1439261360804705,-1,-0.006790468102433052
2024-09-30,ETC,,-0.06326848338227888,0,0.0
2024-09-30,ETH,,-0.1745228596351495,-1,-0.025286996418799466
2024-09-30,FET,,-0.2075052695072761,-1,-0.013467538457261896
2024-09-30,FIL,,0.14159332780177647,1,0.02309609863317053
2024-09-30,HBAR,,-0.04677829264850225,0,0.0
2024-09-30,ICP,,-0.00356856343507751,0,0.0
2024-09-30,JST,,-0.6450062696427042,-1,-0.04076871908064119
2024-09-30,JUP,,0.2833883007016066,1,0.016371732638776015
2024-09-30,LINK,,-0.07178581346861249,0,0.0
2024-09-30,LTC,,-0.2891478513318187,-1,-0.04076871908064119
2024-09-30,LUNC,,0.2504377900370616,1,0.017900686386932745
2024-09-30,NEAR,,0.08827574760788143,1,0.014979683313184123
2024-09-30,NEXO,,-0.14479157211293922,-1,-0.033039485591629704
2024-09-30,PEPE,,0.021528249848921332,0,0.0
2024-09-30,POL,,0.1606622547603928,1,0.02157321751443657
2024-09-30,QNT,,-0.08371735857212415,0,0.0
2024-09-30,RENDER,,0.024701413457745715,0,0.0
2024-09-30,SHIB,,-0.1919388453979621,-1,-0.01200986467345661
2024-09-30,SOL,,0.27735778406443357,1,0.02398679279085401
2024-09-30,STX,,0.27766704676325016,1,0.02214207364932111
2024-09-30,SUI,,-0.10064036858957119,-1,-0.01081777673025517
2024-09-30,TAO,,0.02881792836734961,0,0.0
2024-09-30,TON,,0.045593011436427605,0,0.0
2024-09-30,TRX,,0.10117578519095946,1,0.040031420935983615
2024-09-30,UNI,,0.2500398618856023,1,0.02798154728442981
2024-09-30,VET,,0.030303753042115397,0,0.0
2024-09-30,WLD,,0.264398831555698,1,0.013054610116197126
2024-09-30,XLM,,-0.17124087519419937,-1,-0.02872974131849044
2024-09-30,XRP,,-0.2240764691079993,-1,-0.016972368847190517
2024-09-30,ZEC,,0.6899785677051692,1,0.040031420935983615
2024-10-07,AAVE,,-0.21252513275037682,-1,-0.024360981683895618
2024-10-07,ADA,,-0.1218635711823523,-1,-0.020868930279727298
2024-10-07,ALGO,,0.013950633870654518,0,0.0
2024-10-07,APT,,-0.023775096011535664,0,0.0
2024-10-07,ARB,,-0.07099262091409134,0,0.0
2024-10-07,ATOM,,-0.19352561236920748,-1,-0.01907779880031357
2024-10-07,AVAX,,0.4161837914135162,1,0.019678720052146836
2024-10-07,BCH,,0.05336804854320065,0,0.0
2024-10-07,BNB,,0.08183293740907806,1,0.03610683745038426
2024-10-07,BONK,,-0.08865408758866139,0,0.0
2024-10-07,BTC,,-0.0901322937355844,0,0.0
2024-10-07,CAKE,,0.07204227401430965,1,0.017662170946890137
2024-10-07,CHZ,,0.02998170985648537,0,0.0
2024-10-07,DASH,,0.0664363103304901,0,0.0
2024-10-07,DEXE,,0.2430454919084235,1,0.020020375865411142
2024-10-07,DOGE,,-0.11463279825667569,-1,-0.01812929961414444
2024-10-07,DOT,,-0.027615554406712373,0,0.0
2024-10-07,ENA,,-0.0021420633979613614,0,0.0
2024-10-07,ETC,,-0.053306064574104764,0,0.0
2024-10-07,ETH,,-0.07045774920599465,0,0.0
2024-10-07,FET,,-0.13987635436836884,-1,-0.01569088933900003
2024-10-07,FIL,,0.1000359152381456,1,0.01965432397456084
2024-10-07,HBAR,,-0.1136655121842216,-1,-0.01705730205222763
2024-10-07,ICP,,-0.08391341773268315,0,0.0
2024-10-07,JST,,-0.509470581393837,-1,-0.04085744754567217
2024-10-07,JUP,,0.3320384756912898,1,0.014682246869483627
2024-10-07,LINK,,-0.13548955011907557,-1,-0.02178033410894815
2024-10-07,LTC,,-0.3505446373642447,-1,-0.036465443829585914
2024-10-07,LUNC,,0.17167852545027076,1,0.01588894556553544
2024-10-07,NEAR,,-0.0483999464984602,0,0.0
2024-10-07,NEXO,,-0.0828975366060583,0,0.0
2024-10-07,PEPE,,-0.1892387270536134,-1,-0.008990498338186662
2024-10-07,POL,,0.29258582326893573,1,0.02742104943086782
2024-10-07,QNT,,-0.09571367138360068,-1,-0.03526985895098603
2024-10-07,RENDER,,0.04701697942882757,0,0.0
2024-10-07,SHIB,,-0.3758859296512778,-1,-0.01146144945821658
2024-10-07,SOL,,0.2985481154604583,1,0.021616422902507895
2024-10-07,STX,,0.10767556321022825,1,0.016772443942602376
2024-10-07,SUI,,-0.047030467101892265,0,0.0
2024-10-07,TAO,,-0.38833358261068673,-1,-0.008707898156642488
2024-10-07,TON,,0.22343034742910178,1,0.03186389355242188
2024-10-07,TRX,,0.26948559789119425,1,0.03610683745038426
2024-10-07,UNI,,0.29501156108299237,1,0.02352393195056813
2024-10-07,VET,,0.010934638924290379,0,0.0
2024-10-07,WLD,,0.1763040319300068,1,0.01187390269307628
2024-10-07,XLM,,-0.1138273710953856,-1,-0.032348759288629
2024-10-07,XRP,,-0.10219313204056268,-1,-0.018424537670158784
2024-10-07,ZEC,,0.5445162892453296,1,0.016619326469493358
2024-10-14,AAVE,,-0.018755678127313154,0,0.0
2024-10-14,ADA,,-0.1597309430476081,-1,-0.024654561110907247
2024-10-14,ALGO,,0.05092647891754833,0,0.0
2024-10-14,APT,,0.12982321473538888,1,0.019574899300097474
2024-10-14,ARB,,0.038240543990733414,0,0.0
2024-10-14,ATOM,,-0.07705567443902527,0,0.0
2024-10-14,AVAX,,0.4192950787607811,1,0.023490439714073982
2024-10-14,BCH,,0.042444132212393036,0,0.0
2024-10-14,BNB,,0.24222405308956935,1,0.03257366688953157
2024-10-14,BONK,,-0.19286518099829855,-1,-0.013324135279367412
2024-10-14,BTC,,0.025570391327123656,0,0.0
2024-10-14,CAKE,,0.11058003366092453,0,0.0
2024-10-14,CHZ,,-0.26706041010931647,-1,-0.0177662988934303
2024-10-14,DASH,,0.19220713639858866,1,0.03257366688953157
2024-10-14,DEXE,,0.41139146271794697,1,0.027044021592081302
2024-10-14,DOGE,,-0.323213419627984,-1,-0.014336600461107313
2024-10-14,DOT,,-0.020617440331228826,0,0.0
2024-10-14,ENA,,-0.13105399911835874,-1,-0.008906981448358768
2024-10-14,ETC,,0.002128891574697784,0,0.0
2024-10-14,ETH,,0.058889446523862424,0,0.0
2024-10-14,FET,,0.25266771027943935,1,0.03048809406871793
2024-10-14,FIL,,0.12763718211936745,1,0.015909835699627374
2024-10-14,HBAR,,-0.12135278127493974,0,0.0
2024-10-14,ICP,,-0.14750483408814027,-1,-0.02024366142212233
2024-10-14,JST,,-0.5796965454928588,-1,-0.048671164182852535
2024-10-14,JUP,,0.19859783544772724,1,0.01041806792308337
2024-10-14,LINK,,-0.13192760355234648,-1,-0.02206469728894523
2024-10-14,LTC,,-0.32100140751897327,-1,-0.028605348985396385
2024-10-14,LUNC,,0.106715676254126,0,0.0
2024-10-14,NEAR,,-0.12451907787395092,-1,-0.01734506860971667
2024-10-14,NEXO,,0.11907277838104514,1,0.03257366688953157
2024-10-14,PEPE,,-0.3792543220207751,-1,-0.010705428297945853
2024-10-14,POL,,0.3383293515106693,1,0.022942000612033775
2024-10-14,QNT,,-0.03907770541063589,0,0.0
2024-10-14,RENDER,,-0.03263338278013473,0,0.0
2024-10-14,SHIB,,-0.5314826536241352,-1,-0.013654309555782907
2024-10-14,SOL,,0.3465963230188853,1,0.017459518017992715
2024-10-14,STX,,0.1484199011386784,1,0.015178457989363014
2024-10-14,SUI,,-0.14197515085540863,-1,-0.016078222075914
2024-10-14,TAO,,0.04239447681851796,0,0.0
2024-10-14,TON,,0.05728376522088342,0,0.0
2024-10-14,TRX,,-0.16639091836134562,-1,-0.048671164182852535
2024-10-14,UNI,,0.1296351017066565,1,0.02102386684954019
2024-10-14,VET,,0.10103954652550282,0,0.0
2024-10-14,WLD,,0.11983055644136778,1,0.010637281993167838
2024-10-14,XLM,,-0.07658811711689066,0,0.0
2024-10-14,XRP,,-0.14846314502908364,-1,-0.02191483152840309
2024-10-14,ZEC,,0.32027932202633186,1,0.015054988894729018
2024-10-21,AAVE,,-0.1367957376239875,-1,-0.03549929552323813
2024-10-21,ADA,,0.1332297505368938,1,0.025036523117826698
2024-10-21,ALGO,,-0.025321802179361835,0,0.0
2024-10-21,APT,,-0.25971165212965025,-1,-0.018358280574044893
2024-10-21,ARB,,-0.09924632084656514,-1,-0.014223291647934167
2024-10-21,ATOM,,0.11050590267601326,0,0.0
2024-10-21,AVAX,,0.11817319289252427,1,0.01922644182849067
2024-10-21,BCH,,-0.12992541809116487,-1,-0.019681812818418985
2024-10-21,BNB,,0.07996780791165342,0,0.0
2024-10-21,BONK,,0.025989964142639925,0,0.0
2024-10-21,BTC,,-0.14294272562784965,-1,-0.03304801915148174
2024-10-21,CAKE,,0.09795294903558449,0,0.0
2024-10-21,CHZ,,-0.28844030372204615,-1,-0.013843785395387304
2024-10-21,DASH,,0.051379840812747234,0,0.0
2024-10-21,DEXE,,0.1186703138115834,1,0.020988916371252414
2024-10-21,DOGE,,-0.44243631378971227,-1,-0.012492551776469915
2024-10-21,DOT,,-0.03278609938863499,0,0.0
2024-10-21,ENA,,-0.05068322780681665,0,0.0
2024-10-21,ETC,,-0.08542602991228533,0,0.0
2024-10-21,ETH,,-0.1316133045755891,-1,-0.02142664222406099
2024-10-21,FET,,0.19189047304941476,1,0.022820775048701444
2024-10-21,FIL,,-0.12178067145174545,-1,-0.01969064224921163
2024-10-21,HBAR,,-0.0636509938069231,0,0.0
2024-10-21,ICP,,0.23987818237387587,1,0.022867668475539685
2024-10-21,JST,,-0.6417254308935275,-1,-0.04035550166995329
2024-10-21,JUP,,0.0815443234971559,0,0.0
2024-10-21,LINK,,-0.14994814021186006,-1,-0.0208290236718907
2024-10-21,LTC,,-0.36471391619945176,-1,-0.022016900938404353
2024-10-21,LUNC,,0.34818368343331685,1,0.02489105998572734
2024-10-21,NEAR,,0.14033661296474725,1,0.01893418170785319
2024-10-21,NEXO,,0.03731785559537465,0,0.0
2024-10-21,PEPE,,0.3125907112349705,1,0.015232723621141574
2024-10-21,POL,,0.3164919316822826,1,0.019382416198484596
2024-10-21,QNT,,0.05015223359342193,0,0.0
2024-10-21,RENDER,,0.4965283718247104,1,0.016581445105073714
2024-10-21,SHIB,,0.1644814418337909,1,0.0210604412393072
2024-10-21,SOL,,0.18783488508813698,1,0.018290692582811255
2024-10-21,STX,,-0.09883273531177686,-1,-0.021451565217569146
2024-10-21,SUI,,-0.5472808646253545,-1,-0.010298211534534973
2024-10-21,TAO,,-0.031098301011630688,0,0.0
2024-10-21,TON,,0.22249099777075687,1,0.029506888456100278
2024-10-21,TRX,,0.18243081262135524,1,0.0319363989174512
2024-10-21,UNI,,0.016654180059182226,0,0.0
2024-10-21,VET,,-0.03332731065252495,0,0.0
2024-10-21,WLD,,-0.01881178802139038,0,0.0
2024-10-21,XLM,,0.09136487339906142,0,0.0
2024-10-21,XRP,,0.32400641735018293,1,0.01839809009542699
2024-10-21,ZEC,,-0.2435486213115338,-1,-0.021939138358588003
2024-10-28,AAVE,,-0.17584364799971064,-1,-0.032410584395301964
2024-10-28,ADA,,0.24375978832753922,1,0.027941371838500022
2024-10-28,ALGO,,0.01392131501679603,0,0.0
2024-10-28,APT,,-0.2022948754762492,-1,-0.017361418943776522
2024-10-28,ARB,,-0.04982496447332654,0,0.0
2024-10-28,ATOM,,-0.10785797988026884,-1,-0.026677681729209975
2024-10-28,AVAX,,0.13311847548201214,0,0.0
2024-10-28,BCH,,-0.13243825530731373,-1,-0.023605966923622653
2024-10-28,BNB,,-0.01767552117889503,0,0.0
2024-10-28,BONK,,0.0005859762499027133,0,0.0
2024-10-28,BTC,,-0.08576558124611997,0,0.0
2024-10-28,CAKE,,-0.06032789736921769,0,0.0
2024-10-28,CHZ,,-0.2601562539049613,-1,-0.014497131487991543
2024-10-28,DASH,,0.15873017049875024,1,0.024796929829206022
2024-10-28,DEXE,,0.12882971533317583,0,0.0
2024-10-28,DOGE,,-0.29002791757183227,-1,-0.016860632984105922
2024-10-28,DOT,,-0.04490893260829965,0,0.0
2024-10-28,ENA,,0.18397867440508175,1,0.008511519812657877
2024-10-28,ETC,,-0.03230213865242551,0,0.0
2024-10-28,ETH,,-0.04945769251412593,0,0.0
2024-10-28,FET,,0.16224532397903255,1,0.019356153626795203
2024-10-28,FIL,,-0.11594435717119372,-1,-0.022484334356050323
2024-10-28,HBAR,,-0.13645914249145105,-1,-0.021061484705469372
2024-10-28,ICP,,0.1696367388090513,1,0.022165845807624682
2024-10-28,JST,,-0.766938590882302,-1,-0.04360071224335579
2024-10-28,JUP,,-0.1105427863239643,-1,-0.014690239085897474
2024-10-28,LINK,,-0.08006756582180519,0,0.0
2024-10-28,LTC,,-0.40836337262421524,-1,-0.022583176365663076
2024-10-28,LUNC,,0.14699541843660038,1,0.021848746734617414
2024-10-28,NEAR,,0.07595085760798181,0,0.0
2024-10-28,NEXO,,0.14831411394037072,1,0.027941371838500022
2024-10-28,PEPE,,0.27458703396730977,1,0.013023124731250274
2024-10-28,POL,,0.3205721511776106,1,0.016955236710495307
2024-10-28,QNT,,-0.017370774349961652,0,0.0
2024-10-28,RENDER,,0.5525320714415919,1,0.02137240958691411
2024-10-28,SHIB,,0.2430737921396945,1,0.019456121365333236
2024-10-28,SOL,,-0.03465512448159353,0,0.0
2024-10-28,STX,,-0.06100473106744101,0,0.0
2024-10-28,SUI,,-0.3499560823985879,-1,-0.010803576474468139
2024-10-28,TAO,,0.26649799006795255,1,0.01788830631946632
2024-10-28,TON,,0.25598887084261085,1,0.027941371838500022
2024-10-28,TRX,,0.24720504558106687,1,0.027941371838500022
2024-10-28,UNI,,-0.0008561523272453044,0,0.0
2024-10-28,VET,,-0.08846185087576929,-1,-0.023899700781652686
2024-10-28,WLD,,-0.1665256200161998,-1,-0.01323477009610112
2024-10-28,XLM,,0.07654983729823897,0,0.0
2024-10-28,XRP,,0.4842394867676964,1,0.027941371838500022
2024-10-28,ZEC,,-0.44128503835558947,-1,-0.021309843144193985
2024-11-04,AAVE,,-0.4530144248291922,-1,-0.014133315752313353
2024-11-04,ADA,,-0.6867073957174072,-1,-0.008834580030998644
2024-11-04,ALGO,,-0.05413480282935218,-1,-0.017730145182157916
2024-11-04,APT,,0.013559883591686231,0,0.0
2024-11-04,ARB,,0.1553184663977084,1,0.01485764932845673
2024-11-04,ATOM,,-0.11442796471890823,-1,-0.01804490754821946
2024-11-04,AVAX,,0.020181458905892007,0,0.0
2024-11-04,BCH,,0.017002557679037692,0,0.0
2024-11-04,BNB,,0.05263376666059806,0,0.0
2024-11-04,BONK,,0.044769250278348,0,0.0
2024-11-04,BTC,,0.03904399688600637,0,0.0
2024-11-04,CAKE,,0.007648240729558841,0,0.0
2024-11-04,CHZ,,0.17053704990633606,1,0.018802681684972976
2024-11-04,DASH,,0.1285539266575055,1,0.025716022412644157
2024-11-04,DEXE,,0.13970380406615482,1,0.022277686142403802
2024-11-04,DOGE,,-0.5742738728526897,-1,-0.00915146466549961
2024-11-04,DOT,,-0.10626576511485038,-1,-0.015406077153864129
2024-11-04,ENA,,0.17664447619269386,1,0.008876133157354048
2024-11-04,ETC,,-0.04766589077948185,-1,-0.020488300477179235
2024-11-04,ETH,,0.0019776817409420623,0,0.0
2024-11-04,FET,,0.07433911221797809,0,0.0
2024-11-04,FIL,,-0.021932767258910687,0,0.0
2024-11-04,HBAR,,-0.07213657196419161,-1,-0.017632784347663036
2024-11-04,ICP,,0.1394821594737732,1,0.020224266881523675
2024-11-04,JST,,-0.7204430264072298,-1,-0.05621831239333766
2024-11-04,JUP,,0.17055552467247126,1,0.01320671728447221
2024-11-04,LINK,,-0.06151249331839919,-1,-0.01923411275025585
2024-11-04,LTC,,-0.15039792083255024,-1,-0.030381219874954908
2024-11-04,LUNC,,0.16326875050220602,1,0.02204029163607096
2024-11-04,NEAR,,0.041431630369702155,0,0.0
2024-11-04,NEXO,,0.11323867756187808,1,0.030038344631256934
2024-11-04,PEPE,,0.03503843993185468,0,0.0
2024-11-04,POL,,0.16280100863664188,1,0.013961252127921712
2024-11-04,QNT,,-0.008115423706864747,0,0.0
2024-11-04,RENDER,,0.43163724468836306,1,0.017860724009542295
2024-11-04,SHIB,,-0.22358476657557205,-1,-0.012092474946741174
2024-11-04,SOL,,0.07954302277167154,0,0.0
2024-11-04,STX,,0.08155102431557477,0,0.0
2024-11-04,SUI,,-0.06271496931485142,-1,-0.010575334380765992
2024-11-04,TAO,,0.100247196734272,0,0.0
2024-11-04,TON,,0.24530507266916504,1,0.043005881774538124
2024-11-04,TRX,,-0.18284454662291688,-1,-0.05621831239333766
2024-11-04,UNI,,-0.03449230556747298,0,0.0
2024-11-04,VET,,-0.05053179914254058,-1,-0.018981183520985895
2024-11-04,WLD,,0.18545790561634315,1,0.015140732612089165
2024-11-04,XLM,,0.13531091526040578,1,0.02822586417028874
2024-11-04,XRP,,0.46316099370775077,1,0.030888277564739053
2024-11-04,ZEC,,0.03525346873086183,0,0.0
2024-11-11,AAVE,,-0.40934135915726166,-1,-0.01720350282038447
2024-11-11,ADA,,-0.433286008925903,-1,-0.012157666129551407
2024-11-11,ALGO,,0.051783492328369506,0,0.0
2024-11-11,APT,,0.11208897474552604,0,0.0
2024-11-11,ARB,,0.26695218829106326,1,0.022000003574920594
2024-11-11,ATOM,,-0.06394676853277159,0,0.0
2024-11-11,AVAX,,0.10861305471407925,0,0.0
2024-11-11,BCH,,-0.09690822307423932,-1,-0.028003986039231876
2024-11-11,BNB,,-0.11709327945157691,-1,-0.05817874288743346
2024-11-11,BONK,,-0.27347661406330886,-1,-0.008447971952325366
2024-11-11,BTC,,-0.09010243424890527,0,0.0
2024-11-11,CAKE,,-0.040210114500745596,0,0.0
2024-11-11,CHZ,,0.21106760929718196,1,0.026278953635039976
2024-11-11,DASH,,0.06437142496573112,0,0.0
2024-11-11,DEXE,,0.14076424837473836,1,0.03159792221325048
2024-11-11,DOGE,,-0.3310141444609855,-1,-0.01227244086904756
2024-11-11,DOT,,-0.07815200805678052,0,0.0
2024-11-11,ENA,,0.32776927004458106,1,0.012274837124745846
2024-11-11,ETC,,-0.03988676441137799,0,0.0
2024-11-11,ETH,,-0.18659510991788492,-1,-0.026799446181274333
2024-11-11,FET,,-0.03281329694727017,0,0.0
2024-11-11,FIL,,-0.026840248363271785,0,0.0
2024-11-11,HBAR,,-0.16875465597867023,-1,-0.012535067810732296
2024-11-11,ICP,,0.10966312568859271,0,0.0
2024-11-11,JST,,-0.6050756001075497,-1,-0.05856337140428718
2024-11-11,JUP,,0.19803649857300668,1,0.018324839007479235
2024-11-11,LINK,,-0.2136263636784284,-1,-0.024880333720959477
2024-11-11,LTC,,-0.03894238269288616,0,0.0
2024-11-11,LUNC,,0.21191375141685062,1,0.03128610235892316
2024-11-11,NEAR,,0.22154831732935906,1,0.0196828111585287
2024-11-11,NEXO,,0.011314172527845695,0,0.0
2024-11-11,PEPE,,0.15713249552560965,1,0.010099219623785878
2024-11-11,POL,,0.21422175528277376,1,0.01961302110734885
2024-11-11,QNT,,0.08270271728766915,0,0.0
2024-11-11,RENDER,,0.5947068467407339,1,0.020943463679896024
2024-11-11,SHIB,,-0.226157131058756,-1,-0.015461523011261575
2024-11-11,SOL,,0.12292977471915409,1,0.028330324757806533
2024-11-11,STX,,0.19234120434174454,1,0.026225991298480484
2024-11-11,SUI,,0.1747278249725883,1,0.014436794154763259
2024-11-11,TAO,,0.11770399737390426,0,0.0
2024-11-11,TON,,0.20630939602192994,1,0.05868680185288848
2024-11-11,TRX,,-0.046160689401215635,0,0.0
2024-11-11,UNI,,-0.19370096985239743,-1,-0.026091640710708307
2024-11-11,VET,,0.056000007821982535,0,0.0
2024-11-11,WLD,,0.43456229509366073,1,0.023837787901201227
2024-11-11,XLM,,-0.37855916911665805,-1,-0.011627924411470366
2024-11-11,XRP,,-0.091431611153677,-1,-0.011780043841900014
2024-11-11,ZEC,,-0.20714949632615617,-1,-0.03961521165849097
2024-11-18,AAVE,,-0.28143427207121796,-1,-0.019007359956573447
2024-11-18,ADA,,-0.07976720597075096,0,-0.0016553920818238223
2024-11-18,ALGO,,0.10737168759449388,1,0.03371586710274591
2024-11-18,APT,,-0.039157822007863025,0,0.0
2024-11-18,ARB,,0.3192615279969962,1,0.049997075569730834
2024-11-18,ATOM,,-0.02343886276128377,0,0.0
2024-11-18,AVAX,,0.08947065974050464,0,0.0
2024-11-18,BCH,,-0.08289641980249664,-1,-0.030783266522976326
2024-11-18,BNB,,-0.6034211656682346,-1,-0.06268371213101775
2024-11-18,BONK,,0.16222174399368772,1,0.014409260968934037
2024-11-18,BTC,,-0.6264000430880587,-1,-0.06642679959458235
2024-11-18,CAKE,,0.012606270417899076,0,0.0
2024-11-18,CHZ,,0.09291340072734694,0,0.0035781515385030285
2024-11-18,DASH,,-0.07163037576564411,0,0.0
2024-11-18,DEXE,,-0.0653272813815968,0,0.004302384164569087
2024-11-18,DOGE,,-0.13009035463259638,-1,-0.014334375004741487
2024-11-18,DOT,,0.03745873820314876,0,0.0
2024-11-18,ENA,,0.6534309579255367,1,0.027616981220181767
2024-11-18,ETC,,-0.2602329566611438,-1,-0.03277678921126715
2024-11-18,ETH,,-0.5678397428846322,-1,-0.03241527462927505
2024-11-18,FET,,0.050446751616563,0,0.0
2024-11-18,FIL,,-0.011503976233023983,0,0.0
2024-11-18,HBAR,,0.20713187320663895,1,0.0214013383094215
2024-11-18,ICP,,0.21080811134274383,1,0.045268720096195265
2024-11-18,JST,,-0.5059510057366806,-1,-0.07269297902171815
2024-11-18,JUP,,0.20245523908965646,1,0.03619996595629019
2024-11-18,LINK,,-0.2386285571040409,-1,-0.025695507787831175
2024-11-18,LTC,,-0.44032265352326494,-1,-0.04527319753626834
2024-11-18,LUNC,,0.33145794461837375,1,0.06282353905708402
2024-11-18,NEAR,,0.22650120955722083,1,0.04659045363812283
2024-11-18,NEXO,,-0.12606857091198012,-1,-0.05518846628720598
2024-11-18,PEPE,,0.5953864521986798,1,0.021823051017101455
2024-11-18,POL,,0.3609513741014263,1,0.03450017389756391
2024-11-18,QNT,,-0.017070520019573102,0,0.0
2024-11-18,RENDER,,0.6598586501677398,1,0.05382713663378919
2024-11-18,SHIB,,0.042544337191225565,0,-0.002105246392937724
2024-11-18,SOL,,-0.21336268547941512,-1,-0.024452428871306064
2024-11-18,STX,,0.0363000674025221,0,0.0035709401681922118
2024-11-18,SUI,,0.09744945225438711,1,0.03219088460961477
2024-11-18,TAO,,0.2584104858746636,1,0.04110342548577742
2024-11-18,TON,,0.08934133282680365,0,0.007990815511761375
2024-11-18,TRX,,-0.5762368748944121,-1,-0.04249396499341491
2024-11-18,UNI,,-0.26811843950206654,-1,-0.026049459930645242
2024-11-18,VET,,0.028928439262458805,0,0.0
2024-11-18,WLD,,0.6201321786645816,1,0.05464588344804054
2024-11-18,XLM,,-0.030996163978517097,0,-0.0015832622637996577
2024-11-18,XRP,,0.04148410013132611,0,-0.00160397489876935
2024-11-18,ZEC,,-0.2744270360281381,-1,-0.038334591277465364
2024-11-25,AAVE,,-0.14438993895560762,0,0.0
2024-11-25,ADA,,-0.20274174201045939,-1,-0.016891073109304086
2024-11-25,ALGO,,0.3051739793509722,1,0.030600680475024487
2024-11-25,APT,,0.029666427576568705,0,0.0
2024-11-25,ARB,,0.3569727251813626,1,0.054959190742512515
2024-11-25,ATOM,,-0.11408313485612728,0,0.0
2024-11-25,AVAX,,0.10314679818985825,0,0.0
2024-11-25,BCH,,-0.18745297927091187,-1,-0.03402949537723316
2024-11-25,BNB,,-0.6191133251906872,-1,-0.0756607121608623
2024-11-25,BONK,,0.1628808591045891,1,0.012369130900190603
2024-11-25,BTC,,-0.861167262669456,-1,-0.06673087879493113
2024-11-25,CAKE,,0.01564655887257939,0,0.0
2024-11-25,CHZ,,0.07246122643672,0,0.0
2024-11-25,DASH,,0.03429257246160403,0,0.0
2024-11-25,DEXE,,0.09611054901521296,0,0.0
2024-11-25,DOGE,,-0.457642185551363,-1,-0.01398844662292935
2024-11-25,DOT,,-0.10134348097069447,0,0.0
2024-11-25,ENA,,0.4101608121423265,1,0.023117949692498425
2024-11-25,ETC,,-0.1530203789697641,0,0.0
2024-11-25,ETH,,-0.4987426789432092,-1,-0.036379342287638755
2024-11-25,FET,,0.14929167054592724,0,0.0
2024-11-25,FIL,,0.05953910976266834,0,0.0
2024-11-25,HBAR,,0.36138301920016536,1,0.0358984520147155
2024-11-25,ICP,,0.144806593510121,0,0.0
2024-11-25,JST,,-0.38146955350793244,-1,-0.09870252189122422
2024-11-25,JUP,,0.3050055521864796,1,0.028676279667189185
2024-11-25,LINK,,-0.3022026624849928,-1,-0.027807430160962942
2024-11-25,LTC,,-0.2050898415762704,-1,-0.09329505876632004
2024-11-25,LUNC,,0.09291279981917837,0,0.0
2024-11-25,NEAR,,0.1939615920313702,1,0.05314976240826638
2024-11-25,NEXO,,-0.09421833973529666,0,0.0
2024-11-25,PEPE,,0.6536221358200744,1,0.017629091018741647
2024-11-25,POL,,0.3253699970594684,1,0.028060425747293206
2024-11-25,QNT,,0.17974649881364482,1,0.10634893683289162
2024-11-25,RENDER,,0.4976774931529326,1,0.06944440395512182
2024-11-25,SHIB,,0.16686194499476273,1,0.02395565087834644
2024-11-25,SOL,,-0.2662225400401034,-1,-0.03335026275568359
2024-11-25,STX,,0.21194788447484142,1,0.07421595409485254
2024-11-25,SUI,,0.1298756336905902,0,0.0
2024-11-25,TAO,,0.3943765276270763,1,0.034822264710373585
2024-11-25,TON,,0.09992419839171672,0,0.0
2024-11-25,TRX,,-0.6583153906165549,-1,-0.04676051771551548
2024-11-25,UNI,,-0.1955421788925729,-1,-0.031500823044555815
2024-11-25,VET,,-0.08439295343402126,0,0.0
2024-11-25,WLD,,0.7969108570455553,1,0.05253011071134622
2024-11-25,XLM,,-0.4038069904281381,-1,-0.006451843096359561
2024-11-25,XRP,,-0.20221911525712521,-1,-0.018119268541058033
2024-11-25,ZEC,,-0.21654934309707863,-1,-0.04611060952478573
2024-12-02,AAVE,,-0.028866376263377607,0,0.0
2024-12-02,ADA,,-0.17935164990565075,-1,-0.023726233374049423
2024-12-02,ALGO,,-0.13250559552661625,0,0.0
2024-12-02,APT,,0.6475268028691006,1,0.06545735267765974
2024-12-02,ARB,,0.38360041421077384,1,0.03646081638795138
2024-12-02,ATOM,,-0.17714624623222608,-1,-0.018140935747029567
2024-12-02,AVAX,,0.1569060581914285,0,0.0
2024-12-02,BCH,,-0.16350547759754647,0,0.0
2024-12-02,BNB,,-0.47111311113922444,-1,-0.0629329711658889
2024-12-02,BONK,,0.009857967984470844,0,0.0
2024-12-02,BTC,,-0.790388639059049,-1,-0.07732741142621494
2024-12-02,CAKE,,0.005431205673015136,0,0.0
2024-12-02,CHZ,,0.11436581717345984,0,0.0
2024-12-02,DASH,,-0.05247293377733611,0,0.0
2024-12-02,DEXE,,0.14056643832362867,0,0.0
2024-12-02,DOGE,,-0.4115564271341421,-1,-0.03184892002178518
2024-12-02,DOT,,-0.20270602401578092,-1,-0.015175342261311607
2024-12-02,ENA,,0.557488791246377,1,0.02813716413765177
2024-12-02,ETC,,0.16293115229575253,1,0.06545735267765974
2024-12-02,ETH,,-0.29288265996961693,-1,-0.0672588136111247
2024-12-02,FET,,0.09205191653974856,0,0.0
2024-12-02,FIL,,-0.027935924521359092,0,0.0
2024-12-02,HBAR,,0.4630853173387042,1,0.03162240325292846
2024-12-02,ICP,,0.029299241526816656,0,0.0
2024-12-02,JST,,-0.6761897954517243,-1,-0.03735093087820331
2024-12-02,JUP,,0.47808084143678936,1,0.03997283382339947
2024-12-02,LINK,,-0.26916274154142167,-1,-0.02186561011167532
2024-12-02,LTC,,-0.3471135939715572,-1,-0.07793944598106943
2024-12-02,LUNC,,0.10758626950978674,0,0.0
2024-12-02,NEAR,,0.2528347374378584,1,0.03464132333096514
2024-12-02,NEXO,,-0.08029338950947898,0,0.0
2024-12-02,PEPE,,0.4824075120350707,1,0.009771953482996148
2024-12-02,POL,,0.29818313062686946,1,0.01634340706823981
2024-12-02,QNT,,-0.0005168603098761257,0,0.0
2024-12-02,RENDER,,0.45841310869706,1,0.04484926540985067
2024-12-02,SHIB,,0.25500363062411585,1,0.031721385929805584
2024-12-02,SOL,,-0.16313825179479047,0,0.0
2024-12-02,STX,,0.3022422521124366,1,0.05637582575863591
2024-12-02,SUI,,0.37838928827467083,1,0.01975224617181523
2024-12-02,TAO,,0.3769073340968807,1,0.02344199989636725
2024-12-02,TON,,-0.13450806980404573,0,0.0
2024-12-02,TRX,,-0.4789315648776804,-1,-0.017463367067283294
2024-12-02,UNI,,-0.23856393083566954,-1,-0.02183401475695722
2024-12-02,VET,,-0.09861438097845125,0,0.0
2024-12-02,WLD,,0.5892847904626752,1,0.02720896960364567
2024-12-02,XLM,,-0.5533003870680224,-1,-0.005048488987456469
2024-12-02,XRP,,-0.46074060155208185,-1,-0.014926108235187018
2024-12-02,ZEC,,-0.3109393858507667,-1,-0.03837570598433546
2024-12-09,AAVE,,-0.04910912026571661,0,0.0
2024-12-09,ADA,,-0.1113783434430989,0,-0.004416099256274956
2024-12-09,ALGO,,-0.11443577430254023,0,0.0
2024-12-09,APT,,0.04268854716219936,0,0.012183398937384939
2024-12-09,ARB,,0.16852834627142319,1,0.0344381917489841
2024-12-09,ATOM,,-0.22176589320075776,-1,-0.01667095620988367
2024-12-09,AVAX,,-0.04389293032137178,0,0.0
2024-12-09,BCH,,-0.03302357785287275,0,0.0
2024-12-09,BNB,,-0.673911790854967,-1,-0.06212568201370518
2024-12-09,BONK,,0.7328891482217481,1,0.05639005535559578
2024-12-09,BTC,,-0.8438365619616961,-1,-0.08827686755988656
2024-12-09,CAKE,,0.1411860434535401,1,0.01737990609267129
2024-12-09,CHZ,,-0.09235380800119106,0,0.0
2024-12-09,DASH,,-0.06375853523627426,0,0.0
2024-12-09,DEXE,,0.3271503722175764,1,0.0247620953484904
2024-12-09,DOGE,,0.16847674071379012,1,0.03263121197788433
2024-12-09,DOT,,-0.11888618829269883,0,-0.00282454516135691
2024-12-09,ENA,,1.155911572106549,1,0.09201551795496868
2024-12-09,ETC,,-0.3231534363861548,-1,-0.021364505299287503
2024-12-09,ETH,,-0.49681381621949344,-1,-0.08296068508018828
2024-12-09,FET,,0.016841775532135565,0,0.0
2024-12-09,FIL,,-0.05861778234292959,0,0.0
2024-12-09,HBAR,,0.07790499645500053,0,0.005885791869501878
2024-12-09,ICP,,-0.1272978448876021,0,0.0
2024-12-09,JST,,-0.4426317542903821,-1,-0.027247296050129426
2024-12-09,JUP,,0.4636635647859261,1,0.04529388753479104
2024-12-09,LINK,,-0.3118361665718974,-1,-0.028615249860746133
2024-12-09,LTC,,-0.5266295388980989,-1,-0.040743445842823495
2024-12-09,LUNC,,0.16696424815358507,1,0.027381443800914413
2024-12-09,NEAR,,0.11247432068867513,0,0.006447695248820107
2024-12-09,NEXO,,-0.2311559907403871,-1,-0.07156439728303496
2024-12-09,PEPE,,0.9107213446704966,1,0.03923191403924596
2024-12-09,POL,,0.3577935001238071,1,0.023355392712320015
2024-12-09,QNT,,-0.08399328167292042,0,0.0
2024-12-09,RENDER,,0.3926589752849743,1,0.048491481004436274
2024-12-09,SHIB,,0.3272303083825736,1,0.041051182489441465
2024-12-09,SOL,,-0.19860689160655787,-1,-0.06295385458400164
2024-12-09,STX,,0.0322883591315021,0,0.01049307904376006
2024-12-09,SUI,,0.2947871116590991,1,0.038266127820514965
2024-12-09,TAO,,0.3863027524281105,1,0.03198721541117153
2024-12-09,TON,,-0.20270709003062687,-1,-0.03877135315219929
2024-12-09,TRX,,-0.43710982304383816,-1,-0.016198424561065683
2024-12-09,UNI,,-0.25893046399182895,-1,-0.021680414880509622
2024-12-09,VET,,-0.07343125072831494,0,0.0
2024-12-09,WLD,,0.5965056428646522,1,0.026646087803966566
2024-12-09,XLM,,-0.3832306161607835,-1,-0.005033902141506668
2024-12-09,XRP,,-0.36567872443189897,-1,-0.015741231527829264
2024-12-09,ZEC,,0.015209325429536551,0,-0.007142765730434448
2024-12-16,AAVE,,-0.2857954292136738,-1,-0.02176241849315957
2024-12-16,ADA,,0.13393407237750957,0,-0.0004066656599383848
2024-12-16,ALGO,,-0.6831938340811652,-1,-0.011508005373794124
2024-12-16,APT,,0.4198662316179465,1,0.020218166800897133
2024-12-16,ARB,,0.18982818760094217,1,0.019977411433564584
2024-12-16,ATOM,,0.23790394478330848,1,0.017940002725850796
2024-12-16,AVAX,,0.22847166599589572,1,0.017673275740104844
2024-12-16,BCH,,0.012972341493585301,0,0.0
2024-12-16,BNB,,-0.14419817336146556,-1,-0.05574997132829228
2024-12-16,BONK,,0.33106769757715016,1,0.04443908670306923
2024-12-16,BTC,,-0.1879407521842838,-1,-0.06442767971256999
2024-12-16,CAKE,,-0.06954611842802046,-1,-0.013479937351426122
2024-12-16,CHZ,,-0.005550265480316427,0,0.0
2024-12-16,DASH,,-0.20319869573289473,-1,-0.015600251962109832
2024-12-16,DEXE,,0.3426233316130622,1,0.019606441708959206
2024-12-16,DOGE,,0.23229098491653988,1,0.02966842332027757
2024-12-16,DOT,,0.19349822843992318,1,0.021452704773792568
2024-12-16,ENA,,0.17755565924821898,0,0.00847343983053804
2024-12-16,ETC,,0.009040865591081698,0,-0.0019673947849896158
2024-12-16,ETH,,-0.0050482045964250115,0,-0.00763960676362449
2024-12-16,FET,,0.1852002783914391,0,0.0
2024-12-16,FIL,,0.09466384338999058,0,0.0
2024-12-16,HBAR,,-0.6259613943016367,-1,-0.012676571125555092
2024-12-16,ICP,,0.12783470671297517,0,0.0
2024-12-16,JST,,-0.9954513140527302,-1,-0.024740467039432522
2024-12-16,JUP,,0.40926197280007914,1,0.023834525577486585
2024-12-16,LINK,,-0.15101451636274402,-1,-0.021279648641047255
2024-12-16,LTC,,-0.23786278951489004,-1,-0.028649625692823998
2024-12-16,LUNC,,-0.04999012602248348,0,0.002521477047315566
2024-12-16,NEAR,,0.17039279519976502,0,0.0005937493908718793
2024-12-16,NEXO,,-0.012018878563367119,0,-0.006590155963511285
2024-12-16,PEPE,,0.4688695674538237,1,0.02162346464705217
2024-12-16,POL,,0.31382778855422583,1,0.022528259416615817
2024-12-16,QNT,,-0.21795943823640676,-1,-0.01536005271857448
2024-12-16,RENDER,,0.24621067855825743,1,0.023597202761217843
2024-12-16,SHIB,,0.1892078984911852,1,0.022790059479315304
2024-12-16,SOL,,0.12914049920801915,0,-0.0057972362789832504
2024-12-16,STX,,0.23086712833164583,1,0.016560211865654602
2024-12-16,SUI,,0.011229284154765408,0,0.0035238157523983446
2024-12-16,TAO,,0.06004853353318771,0,0.0029456090793909956
2024-12-16,TON,,0.04114923244052255,0,-0.0035703404750107373
2024-12-16,TRX,,-0.5115674510239804,-1,-0.01664046600957475
2024-12-16,UNI,,-0.2562395548173883,-1,-0.019305208930586588
2024-12-16,VET,,-0.2906751384901289,-1,-0.015482660382974278
2024-12-16,WLD,,0.12040940973999115,0,0.002453760265052684
2024-12-16,XLM,,0.2694301051400312,1,0.037221853637581286
2024-12-16,XRP,,-0.6924274037757395,-1,-0.01635082087113378
2024-12-16,ZEC,,0.04884254488467479,0,-0.0006577563978945921
2024-12-23,AAVE,,-0.5222060603413036,-1,-0.017942185612237996
2024-12-23,ADA,,0.18581900347031569,0,0.0
2024-12-23,ALGO,,0.12565775528778514,0,0.0
2024-12-23,APT,,0.4153999717286135,1,0.01851364108494934
2024-12-23,ARB,,0.14194701476848792,0,0.0
2024-12-23,ATOM,,0.21329210232900025,1,0.017414504497679926
2024-12-23,AVAX,,0.1745174065655486,0,0.0
2024-12-23,BCH,,-0.033020152188810846,0,0.0
2024-12-23,BNB,,0.01055553435531175,0,0.0
2024-12-23,BONK,,0.3887237883734041,1,0.032451536558133584
2024-12-23,BTC,,-0.19510179770502684,-1,-0.05433351475621563
2024-12-23,CAKE,,-0.15607882470944062,-1,-0.013352195429800609
2024-12-23,CHZ,,-0.06434757652012874,0,0.0
2024-12-23,DASH,,-0.06184806042908614,0,0.0
2024-12-23,DEXE,,0.28646793377700575,1,0.014001629747339829
2024-12-23,DOGE,,0.2787459663093008,1,0.024015972140721462
2024-12-23,DOT,,0.19219440791121403,1,0.020025741296919846
2024-12-23,ENA,,-0.18552440527387942,-1,-0.019147582886119913
2024-12-23,ETC,,0.07454689741446656,0,0.0
2024-12-23,ETH,,0.12078402129664519,0,0.0
2024-12-23,FET,,0.3082237959979878,1,0.016940746807729026
2024-12-23,FIL,,0.17975276205030896,0,0.0
2024-12-23,HBAR,,-0.9136329339728888,-1,-0.012272369858184463
2024-12-23,ICP,,0.13923836748611898,0,0.0
2024-12-23,JST,,-1.1959383150431542,-1,-0.01924926950879436
2024-12-23,JUP,,0.4378042886171777,1,0.02063830819489575
2024-12-23,LINK,,-0.3840086566754975,-1,-0.015431320583314928
2024-12-23,LTC,,-0.09350314799271897,-1,-0.03120324362553803
2024-12-23,LUNC,,-0.11207830580357545,-1,-0.020961205481491132
2024-12-23,NEAR,,0.17910982849306817,0,0.0
2024-12-23,NEXO,,0.06340788890671993,0,0.0
2024-12-23,PENGU,,0.07057565310955771,0,0.0
2024-12-23,PEPE,,0.33794504192922314,1,0.016900840624046162
2024-12-23,POL,,0.23486829637335294,1,0.01858655864089786
2024-12-23,QNT,,-0.3632828052998676,-1,-0.013245995724577847
2024-12-23,RENDER,,0.13798796995681908,0,0.0
2024-12-23,SHIB,,0.34501454405691084,1,0.025708582801166384
2024-12-23,SOL,,0.32551157635353095,1,0.029539989003648723
2024-12-23,STX,,0.23120113619306287,1,0.016202812236698238
2024-12-23,SUI,,-0.3076082761584065,-1,-0.027466172952985844
2024-12-23,TAO,,0.15137905712877636,0,0.0
2024-12-23,TON,,0.24773043812450693,1,0.0361623843889598
2024-12-23,TRX,,-0.6823565032071074,-1,-0.01309646299436072
2024-12-23,UNI,,-0.47857217454147494,-1,-0.014989888250689358
2024-12-23,VET,,-0.5314186488615372,-1,-0.013188176756112668
2024-12-23,WLD,,0.2849561339510886,1,0.018071038855558295
2024-12-23,XLM,,0.1909594837943205,0,0.0
2024-12-23,XRP,,-0.18807263626317397,-1,-0.03929470245892071
2024-12-23,ZEC,,-0.00571878512255174,0,0.0
2024-12-30,AAVE,,-0.8035280606494263,-1,-0.018920688584349685
2024-12-30,ADA,,-0.22644803662665688,-1,-0.01726846562793886
2024-12-30,ALGO,,-0.2354518569978864,-1,-0.017557617844550483
2024-12-30,APT,,0.24138095686243718,1,0.015084578514977257
2024-12-30,ARB,,-0.018958127722892085,0,0.0
2024-12-30,ATOM,,0.08414791668764496,0,0.0
2024-12-30,AVAX,,0.08735652835122906,0,0.0
2024-12-30,BCH,,0.1383568934483921,0,0.0
2024-12-30,BNB,,0.06580697082680836,0,0.0
2024-12-30,BONK,,0.190884729557913,1,0.02026725271092826
2024-12-30,BTC,,-0.06106745739846995,-1,-0.05246265244910638
2024-12-30,CAKE,,0.13064913949198367,0,0.0
2024-12-30,CHZ,,0.10463755558518803,0,0.0
2024-12-30,DASH,,-0.006124513865707258,0,0.0
2024-12-30,DEXE,,-0.2867690922382833,-1,-0.013097763782755808
2024-12-30,DOGE,,-0.05115142895394241,-1,-0.0177631296595076
2024-12-30,DOT,,0.1565895278704196,1,0.018270519787889475
2024-12-30,ENA,,-0.4768840298897215,-1,-0.014054682600076867
2024-12-30,ETC,,0.08818363201815389,0,0.0
2024-12-30,ETH,,0.14859615637916662,1,0.02636708826374984
2024-12-30,FET,,-0.05529621984860038,-1,-0.014762778927032053
2024-12-30,FIL,,-0.012719491380585052,0,0.0
2024-12-30,HBAR,,0.14133450525237387,0,0.0
2024-12-30,ICP,,-0.014440944216389718,0,0.0
2024-12-30,JST,,-0.7335026754389925,-1,-0.033612761583886756
2024-12-30,JUP,,0.18547325175993667,1,0.014715103365712552
2024-12-30,LINK,,-0.07093259768332054,-1,-0.019527513111256493
2024-12-30,LTC,,-0.15142962776757632,-1,-0.02265379769398756
2024-12-30,LUNC,,0.056548190272832914,0,0.0
2024-12-30,NEAR,,0.0706127080371155,0,0.0
2024-12-30,NEXO,,0.14212765825036508,1,0.04430234039911924
2024-12-30,PENGU,,0.06978606284705584,0,0.0
2024-12-30,PEPE,,0.32911921112620773,1,0.016372071246921166
2024-12-30,POL,,0.3046956456353792,1,0.01963845693376372
2024-12-30,QNT,,0.16641305571782256,1,0.018337922771361693
2024-12-30,RENDER,,0.030505266735320426,0,0.0
2024-12-30,SHIB,,0.20973129703025425,1,0.018912188498014404
2024-12-30,SOL,,0.17789231514672205,1,0.020665999198376354
2024-12-30,STX,,0.16795195622736103,1,0.015260491172460762
2024-12-30,SUI,,-0.39791341296569327,-1,-0.01967929718077206
2024-12-30,TAO,,-0.15223435235554908,-1,-0.016541549589950664
2024-12-30,TON,,0.14630147805323995,1,0.03141700373832013
2024-12-30,TRX,,0.1715800337326846,1,0.029883684394186785
2024-12-30,UNI,,0.017880643775676667,0,0.0
2024-12-30,VET,,0.08600591366919218,0,0.0
2024-12-30,WLD,,0.17023151649899446,1,0.015553131257145402
2024-12-30,XLM,,-0.29802493036696215,-1,-0.01589855159324445
2024-12-30,XRP,,-0.06760567241920393,-1,-0.031246582024511343
2024-12-30,ZEC,,0.0397018119379805,0,0.0
2025-01-06,AAVE,,-0.22045954399745663,-1,-0.036011276143388476
2025-01-06,ADA,,-0.2986625384198903,-1,-0.018607302979637072
2025-01-06,ALGO,,-0.22493524101508364,-1,-0.019659345852354328
2025-01-06,APT,,0.30665897577916584,1,0.014914486562788211
2025-01-06,ARB,,-0.17726522452209756,-1,-0.016810558794235212
2025-01-06,ATOM,,0.10314292136481942,0,0.0
2025-01-06,AVAX,,0.030682176961590875,0,0.0
2025-01-06,BCH,,0.27888170700568754,1,0.026811957653262098
2025-01-06,BNB,,0.1271062340742334,1,0.040663042185575766
2025-01-06,BONK,,0.0495665524085388,0,0.0
2025-01-06,BTC,,0.00743637794427755,0,0.0
2025-01-06,CAKE,,0.062567568696225,0,0.0
2025-01-06,CHZ,,0.1305169974830993,1,0.018663278154804352
2025-01-06,DASH,,-0.04783002701891547,0,0.0
2025-01-06,DEXE,,-0.0669842189374915,-1,-0.022170465364962533
2025-01-06,DOGE,,-0.09460897009168001,-1,-0.01970777235793175
2025-01-06,DOT,,0.1281648144088785,1,0.018130063911317364
2025-01-06,ENA,,-0.41420654381507727,-1,-0.01358116390152338
2025-01-06,ETC,,0.09657693474378783,0,0.0
2025-01-06,ETH,,0.06620440524603606,0,0.0
2025-01-06,FET,,-0.19156606087788192,-1,-0.015541966488945923
2025-01-06,FIL,,-0.04893844094294861,-1,-0.01840508566559632
2025-01-06,HBAR,,0.07536598410269293,0,0.0
2025-01-06,ICP,,-0.14153327386181289,-1,-0.019334962925675665
2025-01-06,JST,,-0.5610209694029453,-1,-0.04354550760135869
2025-01-06,JUP,,0.1679136256719101,1,0.01484922822449416
2025-01-06,LINK,,-0.005382747724537326,0,0.0
2025-01-06,LTC,,-0.2236660198885252,-1,-0.024623691557254045
2025-01-06,LUNC,,-0.0398827395751806,0,0.0
2025-01-06,NEAR,,-0.010954625127204996,0,0.0
2025-01-06,NEXO,,0.022365972611709597,0,0.0
2025-01-06,PENGU,,0.07500756813053967,0,0.0
2025-01-06,PEPE,,0.2618282394545609,1,0.01572275492745787
2025-01-06,POL,,0.29599132294677244,1,0.019459686421210966
2025-01-06,QNT,,0.18586472898894463,1,0.018371697179952635
2025-01-06,RENDER,,-0.033776597864157806,0,0.0
2025-01-06,SHIB,,0.2485230855037124,1,0.01942982695722872
2025-01-06,SOL,,0.05603420780734092,0,0.0
2025-01-06,STX,,0.21296386393950237,1,0.015038574609122208
2025-01-06,SUI,,-0.5031604110819321,-1,-0.020669090984539742
2025-01-06,TAO,,-0.31189550048082065,-1,-0.017880959822376002
2025-01-06,TON,,0.17638269315850652,1,0.030822536659950005
2025-01-06,TRX,,0.11387225413111038,1,0.029242595230100914
2025-01-06,UNI,,0.030385685694659055,0,0.0
2025-01-06,VET,,0.06439902518825967,0,0.0
2025-01-06,WLD,,0.2888047293938639,1,0.016574520647356997
2025-01-06,XLM,,-0.20194727536202794,-1,-0.018511782746920967
2025-01-06,XRP,,0.17283916148905515,1,0.02636668386207786
2025-01-06,ZEC,,-0.01737084432181239,0,0.0
2025-01-13,AAVE,,-0.09248256831290096,-1,-0.03110358233301678
2025-01-13,ADA,,-0.28939184021712555,-1,-0.019797039121211463
2025-01-13,ALGO,,-0.18891062520824053,-1,-0.019934939179489304
2025-01-13,APT,,0.4419048610518252,1,0.019492990071180546
2025-01-13,ARB,,-0.11919584158404564,-1,-0.018028225638240608
2025-01-13,ATOM,,0.139343950433477,0,0.0
2025-01-13,AVAX,,0.11237351607905365,0,0.0
2025-01-13,BCH,,0.21061800390098614,1,0.03782109699921609
2025-01-13,BNB,,0.05001604834643826,0,0.0
2025-01-13,BONK,,0.02089961761513629,0,0.0
2025-01-13,BTC,,0.04637101585544443,0,0.0
2025-01-13,CAKE,,0.19258669579137908,1,0.015340263983270224
2025-01-13,CHZ,,0.16959336413322681,1,0.02225538422911376
2025-01-13,DASH,,0.06973988825168584,0,0.0
2025-01-13,DEXE,,-0.2848008456480814,-1,-0.01847142534109435
2025-01-13,DOGE,,0.01581346863546797,0,0.0
2025-01-13,DOT,,0.1686539377582579,1,0.01999564902269476
2025-01-13,ENA,,-0.42467848494874766,-1,-0.012198354111788358
2025-01-13,ETC,,0.1990943561743178,1,0.025515733881465517
2025-01-13,ETH,,0.09582700782921222,0,0.0
2025-01-13,FET,,-0.13864121174609123,-1,-0.01734876104442258
2025-01-13,FIL,,0.0614138174918455,0,0.0
2025-01-13,HBAR,,0.025279877657083998,0,0.0
2025-01-13,ICP,,-0.08395621509326426,0,0.0
2025-01-13,JST,,-0.7443626971260292,-1,-0.05301517705369917
2025-01-13,JUP,,0.2748154727442533,1,0.012610252321307478
2025-01-13,LINK,,-0.08615566854396016,0,0.0
2025-01-13,LTC,,-0.14523099896134609,-1,-0.024490369214058033
2025-01-13,LUNC,,-0.15299511453302156,-1,-0.02453001696393763
2025-01-13,NEAR,,0.11583049127259265,0,0.0
2025-01-13,NEXO,,0.1359784510503436,0,0.0
2025-01-13,PENGU,,-0.6199100629023715,-1,-0.012614289176292426
2025-01-13,PEPE,,0.25583852672814733,1,0.016016619633396956
2025-01-13,POL,,0.37726775187245554,1,0.02206415152189269
2025-01-13,QNT,,0.34619882714563216,1,0.024172280434412812
2025-01-13,RENDER,,-0.03164282772139941,0,0.0
2025-01-13,SHIB,,0.24816161761559666,1,0.022488641144384498
2025-01-13,SOL,,-0.2702027563538835,-1,-0.017250950030032446
2025-01-13,STX,,0.3298247357679112,1,0.019360889278974974
2025-01-13,SUI,,-0.6882941965525508,-1,-0.018568488321289985
2025-01-13,TAO,,-0.27981871213018805,-1,-0.01807240528693368
2025-01-13,TON,,0.06761342969484534,0,0.0
2025-01-13,TRX,,0.17135621889478483,1,0.029832160194961682
2025-01-13,UNI,,-0.0076550172906925135,0,0.0
2025-01-13,VET,,0.15310378186742996,1,0.02027860829054979
2025-01-13,WLD,,0.244902838713366,1,0.017769831999109517
2025-01-13,XLM,,-0.2652795777315863,-1,-0.01959053019042448
2025-01-13,XRP,,0.02120271259828932,0,0.0
2025-01-13,ZEC,,0.15198097963504048,0,0.0
2025-01-20,AAVE,,-0.15059412498664107,-1,-0.033806840348609826
2025-01-20,ADA,,-0.20134162385377466,-1,-0.020772466231124657
2025-01-20,ALGO,,-0.11257885500188611,0,0.0
2025-01-20,APT,,0.2622980696552961,1,0.03450564520994678
2025-01-20,ARB,,0.033912507794238884,0,0.0
2025-01-20,ATOM,,0.21922782245535022,1,0.03015235157173689
2025-01-20,AVAX,,0.09950359541462946,1,0.026817582278355682
2025-01-20,BCH,,0.07753112891419822,0,0.0
2025-01-20,BNB,,-0.5251048897538716,-1,-0.06910057563620077
2025-01-20,BONK,,0.07429363010484344,0,0.0
2025-01-20,BTC,,-0.48846480481931265,-1,-0.06910057563620077
2025-01-20,CAKE,,0.22625332316478494,1,0.03128864965557535
2025-01-20,CHZ,,0.04893897663493587,0,0.0
2025-01-20,DASH,,0.036186660475243035,0,0.0
2025-01-20,DEXE,,-0.16518595708732564,-1,-0.020301923746517053
2025-01-20,DOGE,,-0.008632369253286786,0,0.0
2025-01-20,DOT,,0.22506217982770518,1,0.037120536510511656
2025-01-20,ENA,,0.027000601878861098,0,0.0
2025-01-20,ETC,,0.009446497970239715,0,0.0
2025-01-20,ETH,,-0.2582156217134807,-1,-0.045502897602049897
2025-01-20,FET,,0.03110872987757653,0,0.0
2025-01-20,FIL,,0.048816676236818964,0,0.0
2025-01-20,HBAR,,-0.060283476653564774,0,0.0
2025-01-20,ICP,,-0.16200555977399864,-1,-0.022261278337092304
2025-01-20,JST,,-0.45316186485759685,-1,-0.06086385869452161
2025-01-20,JUP,,0.4233168390585191,1,0.024066091144934413
2025-01-20,LINK,,-0.14287736177006427,-1,-0.021011013226951387
2025-01-20,LTC,,-0.3865668367532215,-1,-0.026600504466319935
2025-01-20,LUNC,,-0.11124809049727868,0,0.0
2025-01-20,NEAR,,0.05743558939375221,0,0.0
2025-01-20,NEXO,,-0.032295070587568184,0,0.0
2025-01-20,PENGU,,-0.13267663101280397,-1,-0.01587957076306573
2025-01-20,PEPE,,0.5355815300647556,1,0.027838699858059274
2025-01-20,POL,,0.39933810683631116,1,0.040590065176152386
2025-01-20,QNT,,0.3981187977720732,1,0.055509098073974514
2025-01-20,RENDER,,0.12439734048851858,1,0.026287217376046917
2025-01-20,SHIB,,0.2669144410201729,1,0.040108554877477984
2025-01-20,SOL,,-0.5045339678898745,-1,-0.017011597870619285
2025-01-20,STX,,0.22562561708596884,1,0.03546817420703327
2025-01-20,SUI,,-0.5209899064966088,-1,-0.01795844352953567
2025-01-20,TAO,,-0.02502934854540141,0,0.0
2025-01-20,TON,,0.07545813589355113,0,0.0
2025-01-20,TRUMP,,0.1783972613864344,1,0.03128864965557535
2025-01-20,TRX,,0.06000217380383557,0,0.0
2025-01-20,UNI,,-0.2647464796752432,-1,-0.025474038359086962
2025-01-20,VET,,0.13626931682327406,1,0.037602722656555086
2025-01-20,WLD,,0.5355610850963766,1,0.031600395600294255
2025-01-20,XLM,,-0.019810516835354945,0,0.0
2025-01-20,XRP,,-0.12834799947922707,-1,-0.04459884940433401
2025-01-20,ZEC,,0.018694722169115625,0,0.0
2025-01-27,AAVE,,-0.4393792942565319,-1,-0.016939887600997305
2025-01-27,ADA,,0.01685850431564437,0,0.0
2025-01-27,ALGO,,-0.19761644422386157,-1,-0.016297344224787062
2025-01-27,APT,,0.4020304851920459,1,0.026534575601359658
2025-01-27,ARB,,0.15922478596034617,1,0.01703769367720394
2025-01-27,ATOM,,0.18036750018128606,1,0.02055532207647565
2025-01-27,AVAX,,0.21126630182871614,1,0.018532599109506217
2025-01-27,BCH,,0.024335686498625757,0,0.0
2025-01-27,BNB,,-0.19233959589809016,-1,-0.04364812408644837
2025-01-27,BONK,,-0.23222282332719657,-1,-0.01056015166424995
2025-01-27,BTC,,-0.3644538022597663,-1,-0.03958649559519647
2025-01-27,CAKE,,0.31677999582556327,1,0.030119063436896867
2025-01-27,CHZ,,0.1401576894975506,0,0.0
2025-01-27,DASH,,0.09926303423149813,0,0.0
2025-01-27,DEXE,,0.28880577326853485,1,0.027387113381053495
2025-01-27,DOGE,,-0.04745427361988537,0,0.0
2025-01-27,DOT,,0.2033643579134869,1,0.028309069609782137
2025-01-27,ENA,,0.27621029822457943,1,0.015404524554168483
2025-01-27,ETC,,0.0003352264786613856,0,0.0
2025-01-27,ETH,,-0.01953343923633297,0,0.0
2025-01-27,FET,,0.09048284731997992,0,0.0
2025-01-27,FIL,,0.09440459807426228,0,0.0
2025-01-27,HBAR,,-0.3398612481580125,-1,-0.013489577596489673
2025-01-27,ICP,,0.14021209769916015,0,0.0
2025-01-27,JST,,-0.7989462273264399,-1,-0.038479369469388174
2025-01-27,JUP,,-0.07076976268112808,-1,-0.012483717947527933
2025-01-27,LINK,,-0.5272269365475304,-1,-0.011569400711938224
2025-01-27,LTC,,-0.30968397317199026,-1,-0.020354605050185104
2025-01-27,LUNC,,0.022683840260021324,0,0.0
2025-01-27,NEAR,,0.07769967326917494,0,0.0
2025-01-27,NEXO,,-0.2161956108842813,-1,-0.025673445575046902
2025-01-27,PENGU,,0.42531511262253674,1,0.010766754361042973
2025-01-27,PEPE,,0.4441013106914166,1,0.0345486081183664
2025-01-27,POL,,0.21338505030050148,1,0.01939739745472148
2025-01-27,QNT,,0.18960467891799432,1,0.024650961657893353
2025-01-27,RENDER,,0.12953303720633422,0,0.0
2025-01-27,SHIB,,0.2546467923326836,1,0.033023332838599234
2025-01-27,SOL,,-0.8427980992949466,-1,-0.009622280521747467
2025-01-27,STX,,0.32372323108588175,1,0.026276484223532508
2025-01-27,SUI,,-0.10474814874786557,-1,-0.04364812408644837
2025-01-27,TAO,,0.02241706742852934,0,0.0
2025-01-27,TON,,-0.05460874912124965,-1,-0.02810799289865835
2025-01-27,TRUMP,,0.07964701137966422,0,0.0
2025-01-27,TRX,,-0.01789918869751532,0,0.0
2025-01-27,UNI,,0.028892222930386634,0,0.0
2025-01-27,VET,,0.06311583089835722,0,0.0
2025-01-27,WLD,,0.16828461860300795,1,0.014159916994284023
2025-01-27,XLM,,0.14590290075112147,0,0.0
2025-01-27,XRP,,-0.4651019760538144,-1,-0.016242900065777114
2025-01-27,ZEC,,0.007788032318887141,0,0.0
2025-02-03,AAVE,,-0.3636683902610902,-1,-0.023236278417651173
2025-02-03,ADA,,-0.06455679439382911,0,0.0
2025-02-03,ALGO,,-0.06396060995848081,0,0.0
2025-02-03,APT,,0.3720258573480849,1,0.03687923871382044
2025-02-03,ARB,,0.23833642287138562,1,0.02777500580637324
2025-02-03,ATOM,,0.16468709489283245,0,0.0
2025-02-03,AVAX,,0.13717978723055146,0,0.0
2025-02-03,BCH,,-0.1030812348944134,0,0.0
2025-02-03,BNB,,-0.42144228118768234,-1,-0.05260080607168683
2025-02-03,BONK,,0.12460704071787376,0,0.0
2025-02-03,BTC,,-0.665325020174232,-1,-0.052150544336404606
2025-02-03,CAKE,,0.33795602751809983,1,0.03231881139492117
2025-02-03,CHZ,,0.11116057890205584,0,0.0
2025-02-03,DASH,,0.07978810523753709,0,0.0
2025-02-03,DEXE,,-0.40117607913134506,-1,-0.03972351082491511
2025-02-03,DOGE,,0.0412259411875394,0,0.0
2025-02-03,DOT,,0.1899645682546306,1,0.047111004363431505
2025-02-03,ENA,,0.38463036281030816,1,0.03129915910919289
2025-02-03,ETC,,-0.23157908669551966,-1,-0.0315805526784324
2025-02-03,ETH,,-0.400712026819591,-1,-0.04727114979247887
2025-02-03,FET,,0.15783896823908272,0,0.0
2025-02-03,FIL,,0.10198864596313456,0,0.0
2025-02-03,HBAR,,-0.1635351192632663,-1,-0.016062644767954982
2025-02-03,ICP,,0.06530170937217139,0,0.0
2025-02-03,JST,,-0.5159972197370429,-1,-0.042269859463945354
2025-02-03,JUP,,0.03803228302355442,0,0.0
2025-02-03,LINK,,-0.4755730484961633,-1,-0.014800417000611717
2025-02-03,LTC,,-0.4149342090699496,-1,-0.03139907419126098
2025-02-03,LUNC,,-0.00497999745143335,0,0.0
2025-02-03,NEAR,,-0.007185976513330795,0,0.0
2025-02-03,NEXO,,-0.2801864583191578,-1,-0.040727622339503194
2025-02-03,PENGU,,0.5599122695394194,1,0.016545397682711915
2025-02-03,PEPE,,0.7007501952223328,1,0.05033679380925186
2025-02-03,POL,,0.29993461020173895,1,0.030082760016923116
2025-02-03,QNT,,0.20741897021271835,1,0.041210892896737975
2025-02-03,RENDER,,0.25941004008125446,1,0.0230540529373781
2025-02-03,SHIB,,0.37730458164519665,1,0.037022572353930965
2025-02-03,SOL,,-0.7376523976615897,-1,-0.012295533385400728
2025-02-03,STX,,0.1840987587769052,1,0.04044321455990373
2025-02-03,SUI,,-0.10427140115260529,-1,-0.05260080607168683
2025-02-03,TAO,,0.18981390192997824,1,0.029424970791275252
2025-02-03,TON,,-0.1990680625078106,-1,-0.0336401290812672
2025-02-03,TRUMP,,0.17387871351947856,0,0.0
2025-02-03,TRX,,-0.06210004818285781,0,0.0
2025-02-03,UNI,,0.04881649236669562,0,0.0
2025-02-03,VET,,-0.03398353764991274,0,0.0
2025-02-03,WLD,,0.3735017501476165,1,0.021586647255301787
2025-02-03,XLM,,0.2397732244284912,1,0.04387320483536956
2025-02-03,XRP,,-0.4468229882241451,-1,-0.018604798103323477
2025-02-03,ZEC,,0.0024550861047845244,0,0.0
2025-02-10,AAVE,,-0.20367820637828463,-1,-0.0202503778370706
2025-02-10,ADA,,-0.16315343143234096,-1,-0.01588605266870595
2025-02-10,ALGO,,0.16752697475051012,1,0.029077672247660422
2025-02-10,APT,,0.22906049997060549,1,0.030838064530032475
2025-02-10,ARB,,0.18981299571147828,1,0.01968348446951955
2025-02-10,ATOM,,0.040334274166133756,0,0.0
2025-02-10,AVAX,,0.17992567613276314,1,0.025032656095965333
2025-02-10,BCH,,0.004016028497101267,0,0.0
2025-02-10,BNB,,-0.10190739227047652,-1,-0.03071943792728048
2025-02-10,BONK,,0.38866166630007876,1,0.021457822715016544
2025-02-10,BTC,,-0.3241024909856756,-1,-0.04301308932126743
2025-02-10,CAKE,,-1.120254840198087,-1,-0.0060754162476329985
2025-02-10,CHZ,,0.06729031770939632,0,0.0
2025-02-10,DASH,,0.06071944497927646,0,0.0
2025-02-10,DEXE,,-0.46692011447914084,-1,-0.02259467173391873
2025-02-10,DOGE,,0.10351110088650425,0,0.0
2025-02-10,DOT,,0.09323397414291994,0,0.0
2025-02-10,ENA,,0.34975739855309784,1,0.029902989527048816
2025-02-10,ETC,,-0.18335766015597701,-1,-0.02521876158233613
2025-02-10,ETH,,-0.12236496341992344,-1,-0.03400923772605705
2025-02-10,FET,,0.19398744043702276,1,0.018377045904118924
2025-02-10,FIL,,0.11436012906488444,0,0.0
2025-02-10,HBAR,,0.1327472634876904,1,0.029586062987966368
2025-02-10,ICP,,0.02275507148068546,0,0.0
2025-02-10,JST,,-0.7054571408236581,-1,-0.03334727776271979
2025-02-10,JUP,,0.06968715086594257,0,0.0
2025-02-10,LINK,,-0.07908055125994204,-1,-0.021565652700196135
2025-02-10,LTC,,-0.2310638999419192,-1,-0.020679485862489258
2025-02-10,LUNC,,-0.017722230644327472,0,0.0
2025-02-10,NEAR,,-0.0486755875552471,0,0.0
2025-02-10,NEXO,,-0.15072179839851746,-1,-0.03491589977234468
2025-02-10,PENGU,,0.470620470889619,1,0.01285194562929044
2025-02-10,PEPE,,0.43042786846669745,1,0.026626774952557483
2025-02-10,POL,,0.25278193815471794,1,0.021056049458214342
2025-02-10,QNT,,0.024173197785334295,0,0.0
2025-02-10,RENDER,,0.18818523374659415,1,0.017201244692392086
2025-02-10,SHIB,,0.25195156159602317,1,0.028360087312547768
2025-02-10,SOL,,-0.011301681302014064,0,0.0
2025-02-10,STX,,0.020148575715088032,0,0.0
2025-02-10,SUI,,-0.07519965704671845,-1,-0.01926643937060978
2025-02-10,TAO,,0.13068523372555182,1,0.025856663469769225
2025-02-10,TON,,-0.032731178388283266,0,0.0
2025-02-10,TRUMP,,-0.49081457953713714,-1,-0.008536373669019735
2025-02-10,TRX,,0.10188215700741535,0,0.0
2025-02-10,UNI,,0.12417004472899765,0,0.0
2025-02-10,VET,,-0.04114847101284092,0,0.0
2025-02-10,WLD,,0.13734356774822437,1,0.017540464026870383
2025-02-10,XLM,,0.09047915984633023,0,0.0
2025-02-10,XRP,,-0.14543751931933202,-1,-0.01737085383732144
2025-02-10,ZEC,,0.08485697800315911,0,0.0
2025-02-17,AAVE,,-0.23051971117468503,-1,-0.027865703378201424
2025-02-17,ADA,,-0.0756294732072173,0,0.0
2025-02-17,ALGO,,0.16968640821255512,1,0.04190702278811499
2025-02-17,APT,,0.13514263976821603,0,0.0
2025-02-17,ARB,,0.2652324560209568,1,0.026479450736746957
2025-02-17,ATOM,,0.09802894712984758,0,0.0
2025-02-17,AVAX,,0.16541409802515886,1,0.035427500850274275
2025-02-17,BCH,,0.026430015395294743,0,0.0
2025-02-17,BNB,,-0.5338200375976843,-1,-0.039329429490920484
2025-02-17,BONK,,0.48138026563437736,1,0.030218795252494955
2025-02-17,BTC,,-0.5882076332749812,-1,-0.05496400485407098
2025-02-17,CAKE,,-0.9293998822291042,-1,-0.007627969285714362
2025-02-17,CHZ,,-0.1856985752755972,-1,-0.025384262849220733
2025-02-17,DASH,,0.016166656318203007,0,0.0
2025-02-17,DEXE,,-0.19435066526260827,-1,-0.03531689618138298
2025-02-17,DOGE,,0.03392146866756206,0,0.0
2025-02-17,DOT,,0.16965546817469274,1,0.042702101008076844
2025-02-17,ENA,,0.5377519769220185,1,0.03491851912622958
2025-02-17,ETC,,-0.19678747984035388,-1,-0.03403815584099544
2025-02-17,ETH,,-0.29149190710505707,-1,-0.03400750740260418
2025-02-17,FET,,0.19828423173567775,1,0.026945238077638992
2025-02-17,FIL,,0.12397177329554941,0,0.0
2025-02-17,HBAR,,0.27701672433556124,1,0.04575019133426905
2025-02-17,ICP,,0.006478990107123028,0,0.0
2025-02-17,JST,,-0.5243117887220771,-1,-0.04491858165940545
2025-02-17,JUP,,0.0179824108591328,0,0.0
2025-02-17,LINK,,-0.18412091619097437,-1,-0.03243791064102635
2025-02-17,LTC,,-0.42807937046254063,-1,-0.026495124888067018
2025-02-17,LUNC,,-0.13309296491639033,0,0.0
2025-02-17,NEAR,,-0.019845527336772896,0,0.0
2025-02-17,NEXO,,-0.1951383643447563,-1,-0.05496400485407098
2025-02-17,PENGU,,0.6929325634102456,1,0.019862495192947176
2025-02-17,PEPE,,0.6738970283989892,1,0.03535898323708565
2025-02-17,POL,,0.2432972443416709,1,0.030440934670420857
2025-02-17,QNT,,-0.004572227535964781,0,0.0
2025-02-17,RENDER,,0.26113076712056493,1,0.02589075624330365
2025-02-17,SHIB,,0.2606443217471272,1,0.0397366955250527
2025-02-17,SOL,,-0.3783333518092938,-1,-0.04590454969099761
2025-02-17,STX,,-0.022073812639920993,0,0.0
2025-02-17,SUI,,0.019001840636310358,0,0.0
2025-02-17,TAO,,0.06427405324440001,0,0.0
2025-02-17,TON,,-0.031828028440112004,0,0.0
2025-02-17,TRUMP,,-0.18460795371761035,-1,-0.013830686086572088
2025-02-17,TRX,,-0.019082182574132835,0,0.0
2025-02-17,UNI,,-0.019096110623750155,0,0.0
2025-02-17,VET,,0.02353875310572601,0,0.0
2025-02-17,WLD,,0.3406116880890866,1,0.026082726756356846
2025-02-17,XLM,,0.25460752813128223,1,0.037820070920925965
2025-02-17,XRP,,-0.24320308885173242,-1,-0.02245669461668857
2025-02-17,ZEC,,0.05681073430599076,0,0.0
2025-02-24,AAVE,,-0.37012720202589133,-1,-0.03008979949363256
2025-02-24,ADA,,-0.7705281311375111,-1,-0.007303693906198859
2025-02-24,ALGO,,0.15567639256779692,0,0.0
2025-02-24,APT,,0.32953527516568065,1,0.022859941213217123
2025-02-24,ARB,,0.29550246385623385,1,0.024393490965981618
2025-02-24,ATOM,,0.20458082084600113,0,0.0
2025-02-24,AVAX,,0.3386506392811869,1,0.02992826024552256
2025-02-24,BCH,,0.02344087799146624,0,0.0
2025-02-24,BNB,,-0.40634896065887555,-1,-0.031186220721185504
2025-02-24,BONK,,0.44748278338577524,1,0.0261065654186239
2025-02-24,BTC,,-0.5136663575687239,-1,-0.039154557654090115
2025-02-24,CAKE,,-1.3272293980172258,-1,-0.005505126433409944
2025-02-24,CHZ,,-0.005768773177121648,0,0.0
2025-02-24,DASH,,0.21253573117476532,1,0.03024342920596705
2025-02-24,DEXE,,-0.20670820853185118,-1,-0.02685188941297849
2025-02-24,DOGE,,0.07286235128178352,0,0.0
2025-02-24,DOT,,0.22903195999804682,1,0.02741172392648693
2025-02-24,ENA,,0.3542829716673853,1,0.014446069495110089
2025-02-24,ETC,,-0.07793585452712568,0,0.0
2025-02-24,ETH,,-0.3124092874903093,-1,-0.02476397757428353
2025-02-24,FET,,0.38878009302454775,1,0.03024342920596705
2025-02-24,FIL,,0.3048164513450032,1,0.02730834588862898
2025-02-24,HBAR,,-0.09815396578926934,-1,-0.012494736833569949
2025-02-24,ICP,,0.10995919324323052,0,0.0
2025-02-24,JST,,-0.7832373860434898,-1,-0.039154557654090115
2025-02-24,JUP,,0.10797671331504334,0,0.0
2025-02-24,LINK,,-0.04570342932433413,0,0.0
2025-02-24,LTC,,-0.4564254297357336,-1,-0.021905572346384305
2025-02-24,LUNC,,-0.101630027627914,-1,-0.025804353898686558
2025-02-24,NEAR,,0.008459421969770228,0,0.0
2025-02-24,NEXO,,-0.3111444554784988,-1,-0.039154557654090115
2025-02-24,PENGU,,0.6534646735900544,1,0.012063269756613081
2025-02-24,PEPE,,0.22299429860816716,1,0.027783246788097238
2025-02-24,POL,,0.27514235913583934,1,0.01816814510885574
2025-02-24,QNT,,0.10180761535483038,0,0.0
2025-02-24,RENDER,,0.3505519386079332,1,0.018387179926960373
2025-02-24,SHIB,,0.12278128076713542,0,0.0
2025-02-24,SOL,,-0.01929004810286757,0,0.0
2025-02-24,STX,,0.03100978158559658,0,0.0
2025-02-24,SUI,,-0.1464352870562017,-1,-0.023284823509695025
2025-02-24,TAO,,-0.3273918245518296,-1,-0.012121432346727721
2025-02-24,TON,,-0.07078384993385378,0,0.0
2025-02-24,TRUMP,,0.18292232698784688,0,0.0
2025-02-24,TRX,,0.12437216868714379,0,0.0
2025-02-24,UNI,,0.006703541183676,0,0.0
2025-02-24,VET,,0.015156355085830228,0,0.0
2025-02-24,WLD,,0.388689800034229,1,0.02462167662441678
2025-02-24,XLM,,0.13714078224566797,0,0.0
2025-02-24,XRP,,-0.15231347195465308,-1,-0.0165331171984588
2025-02-24,ZEC,,0.30692028674561966,1,0.021343642867033042
2025-03-03,AAVE,,-0.3501679507531399,-1,-0.02997495732832385
2025-03-03,ADA,,-0.1751647557025556,-1,-0.009332529179822446
2025-03-03,ALGO,,0.20057646617890404,1,0.02622253239988977
2025-03-03,APT,,0.028202311945270505,0,0.0
2025-03-03,ARB,,0.16779513791746056,1,0.035717470458755826
2025-03-03,ATOM,,0.024650004217502682,0,0.0
2025-03-03,AVAX,,0.11980406626875417,0,0.0
2025-03-03,BCH,,0.3258530648326105,1,0.0835906958623886
2025-03-03,BNB,,-0.6339461882205832,-1,-0.03773554847913076
2025-03-03,BONK,,0.5296232277031345,1,0.02862693798850386
2025-03-03,BTC,,-0.671410954449091,-1,-0.04715648716027357
2025-03-03,CAKE,,-0.5831522936114648,-1,-0.008007512297457739
2025-03-03,CHZ,,-0.08986051817312254,0,0.0
2025-03-03,DASH,,-0.09568066467065796,0,0.0
2025-03-03,DEXE,,-0.27181702672277236,-1,-0.04418525712747304
2025-03-03,DOGE,,0.1980872030938929,1,0.030392975697990963
2025-03-03,DOT,,0.15662664746381585,1,0.03654512032587069
2025-03-03,ENA,,0.40970641928691515,1,0.0589760451063087
2025-03-03,ETC,,-0.32445703313749774,-1,-0.04044707754128316
2025-03-03,ETH,,-0.3817751948144923,-1,-0.027779737816861997
2025-03-03,FET,,0.11780135650645365,0,0.0
2025-03-03,FIL,,0.020306360843231567,0,0.0
2025-03-03,HBAR,,0.04672307032269067,0,0.0
2025-03-03,ICP,,-0.0077872625055412075,0,0.0
2025-03-03,JST,,-0.578247200107601,-1,-0.06474772307317804
2025-03-03,JUP,,0.4848798242617138,1,0.02099082976619185
2025-03-03,LINK,,-0.1759047895579769,-1,-0.03185022120576687
2025-03-03,LTC,,-0.4355127699188926,-1,-0.01794951603241978
2025-03-03,LUNC,,-0.14447977374597964,-1,-0.02580503416559272
2025-03-03,NEAR,,-0.002183117278940508,0,0.0
2025-03-03,NEXO,,-0.33711620655932234,-1,-0.043987170346993856
2025-03-03,PENGU,,0.5740040810833665,1,0.023477140225911828
2025-03-03,PEPE,,0.41565394796554955,1,0.030029549349824252
2025-03-03,POL,,0.3020871379443662,1,0.03093513684022935
2025-03-03,QNT,,0.002706846476500475,0,0.0
2025-03-03,RENDER,,0.22869730591923762,1,0.02697049916473085
2025-03-03,SHIB,,0.07661170804390763,0,0.0
2025-03-03,SOL,,-0.05632222128876011,0,0.0
2025-03-03,STX,,-0.030455152653022816,0,0.0
2025-03-03,SUI,,0.07885208068264199,0,0.0
2025-03-03,TAO,,0.005338302798461198,0,0.0
2025-03-03,TON,,-0.10980398029973594,0,0.0
2025-03-03,TRUMP,,0.3156836083783467,1,0.019852729294746626
2025-03-03,TRX,,-0.11123881033718376,-1,-0.06474772307317804
2025-03-03,UNI,,-0.016321261049953486,0,0.0
2025-03-03,VET,,0.08673745240782478,0,0.0
2025-03-03,WLD,,0.2783270395032849,1,0.02777289740661232
2025-03-03,XLM,,0.5114370075889638,1,0.03097390646177967
2025-03-03,XRP,,-0.006847021075833331,0,0.0
2025-03-03,ZEC,,-0.11711953300068301,-1,-0.017367971521979223
2025-03-10,AAVE,,-0.36524674436880356,-1,-0.030035433210964718
2025-03-10,ADA,,-0.7392858892549005,-1,-0.006436317158620347
2025-03-10,ALGO,,-0.0126118418111977,0,0.0
2025-03-10,APT,,-0.04398110989703365,0,0.0
2025-03-10,ARB,,0.22997468844143037,1,0.02836053950025073
2025-03-10,ATOM,,-0.14580998171324103,-1,-0.012410867893421813
2025-03-10,AVAX,,0.22553758447999425,1,0.02360577838994405
2025-03-10,BCH,,-0.02462017851143487,0,0.0
2025-03-10,BNB,,-0.08848747042844204,-1,-0.026897034491667127
2025-03-10,BONK,,0.36207027859475066,1,0.019868077590478667
2025-03-10,BTC,,-0.21287112176311876,-1,-0.029777051083363596
2025-03-10,CAKE,,-0.04649042320329699,0,0.0
2025-03-10,CHZ,,0.00353067810133587,0,0.0
2025-03-10,DASH,,0.04052980045694826,0,0.0
2025-03-10,DEXE,,-0.1549908043978597,-1,-0.04438710902333649
2025-03-10,DOGE,,0.24802803943974902,1,0.024616533454409617
2025-03-10,DOT,,0.10696894441051712,0,0.0
2025-03-10,ENA,,0.010612784904306713,0,0.0
2025-03-10,ETC,,-0.14715774661830291,-1,-0.02936450766118364
2025-03-10,ETH,,-0.1260663917301284,-1,-0.020787448760036954
2025-03-10,FET,,0.1802428847198988,1,0.025381803060121718
2025-03-10,FIL,,0.08510273541029956,0,0.0
2025-03-10,HBAR,,-0.34117679437990905,-1,-0.010788161906562893
2025-03-10,ICP,,0.05943001088765548,0,0.0
2025-03-10,JST,,-0.8492215499489053,-1,-0.04438710902333649
2025-03-10,JUP,,0.28071315997480484,1,0.015754181864899762
2025-03-10,LINK,,-0.000688794989080207,0,0.0
2025-03-10,LTC,,-0.12281876234452503,-1,-0.017140072916620258
2025-03-10,LUNC,,0.017877740609854698,0,0.0
2025-03-10,NEAR,,0.0360693513364657,0,0.0
2025-03-10,NEXO,,-0.07266229168572091,0,0.0
2025-03-10,PENGU,,0.2847656434331132,1,0.013788734099192996
2025-03-10,PEPE,,0.18795293136970498,1,0.017828861084879664
2025-03-10,POL,,0.28792064131291134,1,0.026875581285597586
2025-03-10,QNT,,0.062046120090353575,0,0.0
2025-03-10,RENDER,,0.13504899476918147,1,0.01985808827779262
2025-03-10,SHIB,,0.033964166330609974,0,0.0
2025-03-10,SOL,,0.08041640485906865,0,0.0
2025-03-10,STX,,0.11688813971730622,0,0.0
2025-03-10,SUI,,0.11700365559181765,0,0.0
2025-03-10,TAO,,-0.20668411248666851,-1,-0.00990889683472465
2025-03-10,TON,,-0.3428967461038511,-1,-0.0097909189252093
2025-03-10,TRUMP,,0.33029112030495034,1,0.017028247586801503
2025-03-10,TRX,,-0.11735966920814027,-1,-0.04438710902333649
2025-03-10,UNI,,0.2121058531359651,1,0.04000712263365476
2025-03-10,VET,,0.13980554383729557,1,0.03101159968298445
2025-03-10,WLD,,0.19284419378764697,1,0.018777584557179396
2025-03-10,XLM,,0.2963795363303617,1,0.02525324447008096
2025-03-10,XRP,,-0.06619326110981712,0,0.0
2025-03-10,ZEC,,-0.13679994068392204,-1,-0.011517939625883758
2025-03-17,AAVE,,-0.29411316197757303,-1,-0.02552804332454697
2025-03-17,ADA,,-0.38616630149763814,-1,-0.010048363833515558
2025-03-17,ALGO,,0.13357631530267608,0,0.0
2025-03-17,APT,,-0.006029703899370128,0,0.0
2025-03-17,ARB,,0.23563139720546883,1,0.04278085868005041
2025-03-17,ATOM,,-0.12871618801990525,0,0.0
2025-03-17,AVAX,,0.10611440485683152,0,0.0
2025-03-17,BCH,,-0.4236359993009311,-1,-0.05857967860457305
2025-03-17,BNB,,-0.5157099863299979,-1,-0.03931667813342622
2025-03-17,BONK,,0.3060539795346698,1,0.020055001468957393
2025-03-17,BTC,,-0.5573627946500985,-1,-0.04146952460709339
2025-03-17,CAKE,,-0.1544250379034108,-1,-0.01030304787158754
2025-03-17,CHZ,,-0.053406921769570605,0,0.0
2025-03-17,DASH,,-0.034719648078876175,0,0.0
2025-03-17,DEXE,,-0.33182683166940197,-1,-0.06925740235165925
2025-03-17,DOGE,,0.281423059545027,1,0.03716666628976564
2025-03-17,DOT,,0.17722145153504876,1,0.03966760981133517
2025-03-17,ENA,,0.18883440952828975,1,0.05160370718969962
2025-03-17,ETC,,-0.30947916995629826,-1,-0.045239169616087684
2025-03-17,ETH,,-0.2905974167268532,-1,-0.031973394865075784
2025-03-17,FET,,0.12664706427722539,0,0.0
2025-03-17,FIL,,0.0549134909760275,0,0.0
2025-03-17,HBAR,,-0.14785016290760375,-1,-0.016806447295108017
2025-03-17,ICP,,0.029454658946546756,0,0.0
2025-03-17,JST,,-0.5106978909978579,-1,-0.05913181453076928
2025-03-17,JUP,,0.34950309337993857,1,0.023236108873356285
2025-03-17,LINK,,-0.11792404672947979,0,0.0
2025-03-17,LTC,,-0.2641115928372119,-1,-0.027790702325241654
2025-03-17,LUNC,,-0.053973147551803005,0,0.0
2025-03-17,NEAR,,0.009674045287924562,0,0.0
2025-03-17,NEXO,,-0.2044102165552879,-1,-0.035942550194471116
2025-03-17,PENGU,,0.6880008218117791,1,0.02297722362395461
2025-03-17,PEPE,,0.40783554001612754,1,0.026308108294683476
2025-03-17,POL,,0.34931112716980883,1,0.0408915718248064
2025-03-17,QNT,,0.03862048631964757,0,0.0
2025-03-17,RENDER,,0.23245954653360956,1,0.02882695656216803
2025-03-17,SHIB,,-0.021006666464892115,0,0.0
2025-03-17,SOL,,-0.05892474843359404,0,0.0
2025-03-17,STX,,0.01263170138932382,0,0.0
2025-03-17,SUI,,0.16804509618126517,1,0.04118759424279742
2025-03-17,TAO,,0.2040424867121314,1,0.03312803121325796
2025-03-17,TON,,-0.2689379857755014,-1,-0.01506887330542977
2025-03-17,TRUMP,,0.36890782691697305,1,0.02746713965431667
2025-03-17,TRX,,-0.1207511755409643,0,0.0
2025-03-17,UNI,,0.07068922356719397,0,0.0
2025-03-17,VET,,0.13121713728760442,0,0.0
2025-03-17,WLD,,0.2569175757569738,1,0.03187943156863482
2025-03-17,XLM,,0.5670452093640229,1,0.037353706237161326
2025-03-17,XRP,,0.003697556868288992,0,0.0
2025-03-17,ZEC,,-0.2436919106963036,-1,-0.018074024676360045
2025-03-24,AAVE,,-0.552249601538321,-1,-0.01916489554797769
2025-03-24,ADA,,0.3200790706161652,1,0.017369448753122393
2025-03-24,ALGO,,0.27796825069857095,1,0.02066231804906046
2025-03-24,APT,,-0.02241926569114918,0,0.0
2025-03-24,ARB,,0.07099936692682454,0,0.0
2025-03-24,ATOM,,-0.36790294636866844,-1,-0.013990240870341352
2025-03-24,AVAX,,0.17732292179451445,1,0.018744331975733677
2025-03-24,BCH,,-0.42628077186542906,-1,-0.038590670517927694
2025-03-24,BNB,,-0.21177930459020253,-1,-0.03074626677517104
2025-03-24,BONK,,-0.3504909900038123,-1,-0.008832672465876433
2025-03-24,BTC,,-0.2501786045569343,-1,-0.03140386090809699
2025-03-24,CAKE,,-0.9596995510293089,-1,-0.007386837676946747
2025-03-24,CHZ,,-0.044160210477865794,0,0.0
2025-03-24,DASH,,0.0056107343599897915,0,0.0
2025-03-24,DEXE,,0.2740114016519194,1,0.056453069925795775
2025-03-24,DOGE,,0.29721061503222646,1,0.019873440730454554
2025-03-24,DOT,,0.0034492517711866445,0,0.0
2025-03-24,ENA,,0.2241697606712877,1,0.034169311361642855
2025-03-24,ETC,,-0.18224057013345374,-1,-0.037248846737292805
2025-03-24,ETH,,-0.09460815528290452,-1,-0.02447508104324549
2025-03-24,FET,,0.14080205620809852,0,0.0
2025-03-24,FIL,,-0.07170310175471413,-1,-0.02074834384228595
2025-03-24,HBAR,,0.1616274985222118,0,0.0
2025-03-24,ICP,,-0.007432901709974156,0,0.0
2025-03-24,JST,,-0.5707632261959907,-1,-0.04364748802934819
2025-03-24,JUP,,0.24343064296725297,1,0.013153633253170541
2025-03-24,LINK,,-0.08458905090329154,-1,-0.022037811920805218
2025-03-24,LTC,,0.006606885717063593,0,0.0
2025-03-24,LUNC,,-0.0232640528874786,0,0.0
2025-03-24,NEAR,,-0.002308573858558732,0,0.0
2025-03-24,NEXO,,-0.17642576023249357,-1,-0.02720018210032108
2025-03-24,PENGU,,0.2184427942274998,1,0.012735532265339277
2025-03-24,PEPE,,0.13684797925034375,0,0.0
2025-03-24,POL,,0.4207219425930787,1,0.02357962140537038
2025-03-24,QNT,,0.05224484030809376,0,0.0
2025-03-24,RENDER,,0.14797701529105367,0,0.0
2025-03-24,SHIB,,-0.059117794496365866,0,0.0
2025-03-24,SOL,,0.16702977099457209,1,0.019602494753739836
2025-03-24,STX,,0.14551767488366232,0,0.0
2025-03-24,SUI,,0.3038723443176744,1,0.020062014112749674
2025-03-24,TAO,,0.0924119442666005,0,0.0
2025-03-24,TON,,-0.3649973138699018,-1,-0.011802644820493497
2025-03-24,TRUMP,,0.22981108539150247,1,0.01553061532937192
2025-03-24,TRX,,0.1838829623006056,1,0.03959315837948556
2025-03-24,UNI,,-0.007221079067309314,0,0.0
2025-03-24,VET,,0.076351263951925,0,0.0
2025-03-24,WLD,,0.2098340135794854,1,0.01712160422400267
2025-03-24,XLM,,0.33069419801456773,1,0.021193815354208004
2025-03-24,XRP,,-0.02879923374485428,0,0.0
2025-03-24,ZEC,,-0.06029622604899145,-1,-0.01256856661711747
2025-03-31,AAVE,,-0.4947235289710931,-1,-0.019938005637732324
2025-03-31,ADA,,0.4078882329466054,1,0.04992901114098672
2025-03-31,ALGO,,0.3834699538697573,1,0.05543215640858168
2025-03-31,APT,,-0.17027144225081864,-1,-0.023216492487563987
2025-03-31,ARB,,0.08344149992785721,0,0.0
2025-03-31,ATOM,,-0.03625850480654691,0,0.0
2025-03-31,AVAX,,0.08745891412071882,0,0.0
2025-03-31,BCH,,-0.5933836252443081,-1,-0.056233035544538394
2025-03-31,BNB,,-0.5905989713236177,-1,-0.03872599111734187
2025-03-31,BONK,,0.15230827064567323,0,0.0
2025-03-31,BTC,,-0.5767278103469721,-1,-0.056233035544538394
2025-03-31,CAKE,,-0.5379731975208135,-1,-0.0084747110586255
2025-03-31,CHZ,,-0.097103633993432,0,0.0
2025-03-31,DASH,,-0.0619392640706462,0,0.0
2025-03-31,DEXE,,-0.2980410153859282,-1,-0.032436906650283294
2025-03-31,DOGE,,0.3764854467218583,1,0.054160475507515175
2025-03-31,DOT,,0.1804843562247868,1,0.034109782704859926
2025-03-31,ENA,,0.15149973346260687,0,0.0
2025-03-31,ETC,,-0.4060248621296728,-1,-0.04081974390126765
2025-03-31,ETH,,-0.3436475941766165,-1,-0.03364937595142843
2025-03-31,FET,,0.10970562382211442,0,0.0
2025-03-31,FIL,,-0.10595626531835473,-1,-0.02966273249662187
2025-03-31,HBAR,,0.19153445511014375,1,0.04314183221533286
2025-03-31,ICP,,0.004837058859808365,0,0.0
2025-03-31,JST,,-0.43542737465157966,-1,-0.056233035544538394
2025-03-31,JUP,,0.3068939932273435,1,0.017329107551304738
2025-03-31,LINK,,-0.23268772370639462,-1,-0.02805687915175155
2025-03-31,LTC,,-0.2696652925982345,-1,-0.03464225793400513
2025-03-31,LUNC,,-0.0757055715128095,0,0.0
2025-03-31,NEAR,,-0.04036284611288182,0,0.0
2025-03-31,NEXO,,-0.3136540418341243,-1,-0.036217901726027506
2025-03-31,PENGU,,0.5469999656973344,1,0.0155882328839309
2025-03-31,PEPE,,0.47493871600934984,1,0.02763012107687602
2025-03-31,POL,,0.40023677271805175,1,0.04205285937000065
2025-03-31,QNT,,0.13299239276264258,0,0.0
2025-03-31,RENDER,,0.20465253730536476,1,0.02415237958734552
2025-03-31,SHIB,,0.06368028130099977,0,0.0
2025-03-31,SOL,,-0.01010086207302014,0,0.0
2025-03-31,STX,,0.053359924390628886,0,0.0
2025-03-31,SUI,,0.20264748936881355,1,0.030796583072597965
2025-03-31,TAO,,0.18778434995141505,1,0.026837078050544205
2025-03-31,TON,,-0.4354577494324307,-1,-0.012453281297472718
2025-03-31,TRUMP,,0.40294057665869465,1,0.02401978105917843
2025-03-31,TRX,,-0.06786108597778026,0,0.0
2025-03-31,UNI,,-0.0023717500513223376,0,0.0
2025-03-31,VET,,0.10126341629991754,0,0.0
2025-03-31,WLD,,0.30601823410317064,1,0.030311574546755485
2025-03-31,XLM,,0.5402837689288572,1,0.03150241086792669
2025-03-31,XRP,,0.12100993195684238,0,0.0
2025-03-31,ZEC,,0.021128117098041264,0,0.0
2025-04-07,AAVE,,-0.6219972098689597,-1,-0.017658777475715953
2025-04-07,ADA,,0.4349908384427608,1,0.02124568337738907
2025-04-07,ALGO,,0.384219912656263,1,0.022372152918292792
2025-04-07,APT,,-0.08412048826812284,0,0.0
2025-04-07,ARB,,0.029802018526377184,0,0.0
2025-04-07,ATOM,,0.0660484046455733,0,0.0
2025-04-07,AVAX,,0.06374991693964101,0,0.0
2025-04-07,BCH,,-0.5447575354037975,-1,-0.017046440411610627
2025-04-07,BNB,,-0.11988074254283135,0,0.0
2025-04-07,BONK,,-0.1636786368184108,-1,-0.010312946702185733
2025-04-07,BTC,,-0.1404909275234712,-1,-0.04748637909295233
2025-04-07,CAKE,,-0.8644611554940871,-1,-0.00849643184948811
2025-04-07,CHZ,,-0.054505202352033676,0,0.0
2025-04-07,DASH,,0.08403047193582426,0,0.0
2025-04-07,DEXE,,-0.19225178509593008,-1,-0.03137418006531143
2025-04-07,DOGE,,0.41443393183816263,1,0.02714039558833537
2025-04-07,DOT,,0.1612031122965552,1,0.03157436180806531
2025-04-07,ENA,,-0.062265503369080884,0,0.0
2025-04-07,ETC,,-0.20912839249741008,-1,-0.029162051129661918
2025-04-07,ETH,,-0.07271239507913255,0,0.0
2025-04-07,FET,,-0.18870955401165226,-1,-0.013764675865612192
2025-04-07,FIL,,-0.012066543257500421,0,0.0
2025-04-07,HBAR,,0.013969948436233214,0,0.0
2025-04-07,ICP,,0.08725609350416814,0,0.0
2025-04-07,JST,,-0.5380679259471809,-1,-0.055847202680858125
2025-04-07,JUP,,0.24642552874434157,1,0.010921726682406317
2025-04-07,LINK,,-0.14143825284431963,-1,-0.02147480673999374
2025-04-07,LTC,,-0.08130964683310418,0,0.0
2025-04-07,LUNC,,0.0758459426687011,0,0.0
2025-04-07,NEAR,,-0.0701514937538146,0,0.0
2025-04-07,NEXO,,-0.17049224480165737,-1,-0.03321766345796702
2025-04-07,PENGU,,0.16985134471238145,1,0.00996537311288361
2025-04-07,PEPE,,0.4247711055350603,1,0.01893978918917523
2025-04-07,POL,,0.38723356144606824,1,0.023073433981421202
2025-04-07,QNT,,0.23315347072341802,1,0.035171685410176574
2025-04-07,RENDER,,-0.21448949204666926,-1,-0.012273237957608528
2025-04-07,SHIB,,0.2717081268777127,1,0.0350722995002985
2025-04-07,SOL,,0.04988818120761019,0,0.0
2025-04-07,STX,,0.1229141633725491,0,0.0
2025-04-07,SUI,,0.07407527777935521,0,0.0
2025-04-07,TAO,,-0.18487433196399247,-1,-0.012662298960446426
2025-04-07,TON,,-0.19075492124185864,-1,-0.01889110746927226
2025-04-07,TRUMP,,0.37417264958394464,1,0.017904246802250404
2025-04-07,TRX,,0.23543989637208554,1,0.03975179873988429
2025-04-07,UNI,,0.09547846880779726,0,0.0
2025-04-07,VET,,0.042823708513293625,0,0.0
2025-04-07,WLD,,0.1800243182296098,1,0.014840045099003251
2025-04-07,XLM,,0.3319596566890439,1,0.02117783472706686
2025-04-07,XRP,,0.18406833614657223,1,0.019612620155972562
2025-04-07,ZEC,,-0.3169340056160916,-1,-0.01909524723393681
2025-04-14,AAVE,,-0.3749669357626405,-1,-0.02187225152320887
2025-04-14,ADA,,0.32525670331606754,1,0.031479763277619414
2025-04-14,ALGO,,0.4035962840263334,1,0.03156398553709796
2025-04-14,APT,,-0.07072025061271887,0,0.0
2025-04-14,ARB,,0.05278760113091162,0,0.0
2025-04-14,ATOM,,0.010077578364013125,0,0.0
2025-04-14,AVAX,,-0.10985160673812581,-1,-0.018153336579960395
2025-04-14,BCH,,-0.7837866831724672,-1,-0.017296103879784946
2025-04-14,BNB,,-0.4931395289195162,-1,-0.05036262261062134
2025-04-14,BONK,,0.18741697246484226,1,0.015662404283184227
2025-04-14,BTC,,-0.5426865198749651,-1,-0.05178289772191256
2025-04-14,CAKE,,0.020609126161209034,0,0.0
2025-04-14,CHZ,,-0.0040354078113872946,0,0.0
2025-04-14,DASH,,0.0588399747438851,0,0.0
2025-04-14,DEXE,,-0.26125959908551644,-1,-0.0311221067776857
2025-04-14,DOGE,,0.2440667107953874,1,0.040314095513347456
2025-04-14,DOT,,0.2999894463323326,1,0.04360746684133537
2025-04-14,ENA,,-0.017475417760779863,0,0.0
2025-04-14,ETC,,-0.30841881364303525,-1,-0.02738241960117359
2025-04-14,ETH,,-0.2560473194990245,-1,-0.04227272075436014
2025-04-14,FET,,-0.11587767142673308,-1,-0.012417448160495486
2025-04-14,FIL,,0.03346463496446783,0,0.0
2025-04-14,HBAR,,0.04682712302515983,0,0.0
2025-04-14,ICP,,-0.04284105903836334,0,0.0
2025-04-14,JST,,-0.7332277366621075,-1,-0.05687150093566431
2025-04-14,JUP,,0.32297570400826003,1,0.01747690241358152
2025-04-14,LINK,,-0.17874692253568722,-1,-0.022837118306330794
2025-04-14,LTC,,-0.29236818049769336,-1,-0.0241554918037362
2025-04-14,LUNC,,0.016477596658890394,0,0.0
2025-04-14,NEAR,,0.10339388579025623,0,0.0
2025-04-14,NEXO,,-0.23909157321994054,-1,-0.04653918530704321
2025-04-14,ONDO,,0.23781676959914078,1,0.031318848919314766
2025-04-14,PENGU,,0.4436788122895913,1,0.014487038244272454
2025-04-14,PEPE,,0.4912003194650004,1,0.031159571278845725
2025-04-14,POL,,0.45676115896227965,1,0.03179751828388586
2025-04-14,QNT,,0.1240433490418924,1,0.05222023728421055
2025-04-14,RENDER,,-0.07089489903101531,0,0.0
2025-04-14,SHIB,,0.226024738731266,1,0.04805168562204587
2025-04-14,SOL,,-0.14254879499757797,-1,-0.017902429214825353
2025-04-14,STX,,-0.014787967108029442,0,0.0
2025-04-14,SUI,,-0.031217910244937815,0,0.0
2025-04-14,TAO,,-0.059374592628526374,0,0.0
2025-04-14,TON,,-0.08950657832703071,0,0.0
2025-04-14,TRUMP,,0.5578419070411551,1,0.027821476720645017
2025-04-14,TRX,,-0.323771798863903,-1,-0.04432642441403082
2025-04-14,UNI,,0.08427843403614636,0,0.0
2025-04-14,VET,,0.035792116502682,0,0.0
2025-04-14,VIRTUAL,,0.20811725611566592,1,0.031318848919314766
2025-04-14,WLD,,0.20626876210396777,1,0.021090720943004904
2025-04-14,XLM,,0.6471242687827521,1,0.03572391526579682
2025-04-14,XRP,,0.06390006179331675,0,0.0
2025-04-14,ZEC,,-0.3519835287851439,-1,-0.0198004217566689
2025-04-21,AAVE,,-0.3572278851226081,-1,-0.0177866776857108
2025-04-21,ADA,,0.34109210496554515,1,0.03440557167232067
2025-04-21,ALGO,,0.39159427291937166,1,0.03908279992591558
2025-04-21,APT,,-0.11033385313009902,-1,-0.0230172206546727
2025-04-21,ARB,,0.0715788720778759,0,0.0
2025-04-21,ATOM,,0.07389279665967685,0,0.0
2025-04-21,AVAX,,-0.008781209199634578,0,0.0
2025-04-21,BCH,,-0.6719997231945956,-1,-0.019609253258896252
2025-04-21,BNB,,-0.6436874158933209,-1,-0.053571103910519495
2025-04-21,BONK,,0.4570781880806012,1,0.014827598871185647
2025-04-21,BTC,,-0.5579553281432217,-1,-0.04576006208397363
2025-04-21,CAKE,,0.08324800912060959,0,0.0
2025-04-21,CHZ,,-0.06828159743917503,0,0.0
2025-04-21,DASH,,-0.16335941899111178,-1,-0.04959921738303767
2025-04-21,DEXE,,-0.5816905942079111,-1,-0.03202420525632697
2025-04-21,DOGE,,0.2793245774589285,1,0.036210324482040396
2025-04-21,DOT,,0.22777305341772724,1,0.06290381133016448
2025-04-21,ENA,,0.08790584579432514,0,0.0
2025-04-21,ETC,,-0.42426637475210977,-1,-0.0298546199053084
2025-04-21,ETH,,-0.2899554874577584,-1,-0.028546873340786455
2025-04-21,FET,,0.07873532079637183,0,0.0
2025-04-21,FIL,,-0.11868945611710785,-1,-0.03207310962935556
2025-04-21,HBAR,,0.12686132449308773,0,0.0
2025-04-21,ICP,,-0.0840717176560406,0,0.0
2025-04-21,JST,,-0.5964940910530878,-1,-0.022324498363818987
2025-04-21,JUP,,0.42586568189462104,1,0.019970921659014026
2025-04-21,LINK,,-0.19978099535420446,-1,-0.023358292157016677
2025-04-21,LTC,,-0.2751302656618338,-1,-0.02248346901201449
2025-04-21,LUNC,,-0.10735785615367217,-1,-0.03895610696216149
2025-04-21,NEAR,,0.06120142570300149,0,0.0
2025-04-21,NEXO,,-0.2484433671731198,-1,-0.04013041304362779
2025-04-21,ONDO,,0.24542070110516157,1,0.0339550546136701
2025-04-21,PENGU,,0.12184251838677744,0,0.0
2025-04-21,PEPE,,0.5386172106228843,1,0.03743487715520479
2025-04-21,POL,,0.3824746745878506,1,0.025152658788063234
2025-04-21,QNT,,0.12856311260037528,1,0.055948068254362965
2025-04-21,RENDER,,0.010022166150384397,0,0.0
2025-04-21,SHIB,,0.15658153514909998,1,0.05464924553256759
2025-04-21,SOL,,-0.09563082285311619,0,0.0
2025-04-21,STX,,0.030673808489271648,0,0.0
2025-04-21,SUI,,-0.04396802376292372,0,0.0
2025-04-21,TAO,,0.1656381838796642,1,0.018248340586759646
2025-04-21,TON,,-0.044053925277261506,0,0.0
2025-04-21,TRUMP,,0.35199981054767654,1,0.0094689307913737
2025-04-21,TRX,,-0.3822942727157493,-1,-0.04620220674184446
2025-04-21,UNI,,0.045123538560910295,0,0.0
2025-04-21,VET,,0.06585250766355584,0,0.0
2025-04-21,VIRTUAL,,0.21020563599505093,1,0.0339550546136701
2025-04-21,WLD,,0.26827150030641866,1,0.016354049651093848
2025-04-21,XLM,,0.5457201475627597,1,0.032730021461665065
2025-04-21,XRP,,0.08436460744861805,0,0.0
2025-04-21,ZEC,,0.015930548871457142,0,0.0
2025-04-28,AAVE,,0.057996260130290835,0,-0.002419651327899475
2025-04-28,ADA,,0.0923042990886227,0,0.004680440532801186
2025-04-28,ALGO,,0.05530016118962205,0,0.005316717962160114
2025-04-28,APT,,0.040541656609477575,0,-0.003131200188463322
2025-04-28,ARB,,0.16379649442823432,1,0.04722986128975956
2025-04-28,ATOM,,-0.10297195999397737,0,0.0
2025-04-28,AVAX,,-0.14476508258174273,-1,-0.020577855330610878
2025-04-28,BCH,,-0.3971729084675142,-1,-0.024567871507829096
2025-04-28,BNB,,-0.7626803905508475,-1,-0.06215834566424462
2025-04-28,BONK,,0.36660068399583096,1,0.01669362176178242
2025-04-28,BTC,,-0.7907503472973254,-1,-0.06109575274712757
2025-04-28,CAKE,,0.29871020762052974,1,0.05134814085068396
2025-04-28,CHZ,,-0.1602794152432582,-1,-0.04651937904317901
2025-04-28,DASH,,0.08890151621295991,0,-0.006747342832892057
2025-04-28,DEXE,,-0.2026541792575867,-1,-0.032675829038865435
2025-04-28,DOGE,,0.11497694850339774,1,0.04680131789376908
2025-04-28,DOT,,0.11744440580860932,1,0.09349944725647932
2025-04-28,ENA,,0.31889692637351785,1,0.025072047929455034
2025-04-28,ETC,,-0.32225282003748335,-1,-0.058932019588610086
2025-04-28,ETH,,-0.3728274560073192,-1,-0.0478513570869008
2025-04-28,FET,,-0.034256432973951825,0,0.0
2025-04-28,FIL,,-0.11090345809015406,-1,-0.05923381690576923
2025-04-28,HBAR,,0.20843394822251163,1,0.03551542135184366
2025-04-28,ICP,,-0.16345561852251678,-1,-0.03653216533449591
2025-04-28,JST,,-0.3710459319724483,-1,-0.02090948642887393
2025-04-28,JUP,,0.36946983159353863,1,0.03937710453509566
2025-04-28,LINK,,-0.1766120526820148,-1,-0.04026757584520305
2025-04-28,LTC,,-0.2891524298410578,-1,-0.04942180564209482
2025-04-28,LUNC,,-0.19386019838847388,-1,-0.048389271481238054
2025-04-28,NEAR,,-0.09430194741782802,0,0.0
2025-04-28,NEXO,,0.02374977500853064,0,-0.005459232405621003
2025-04-28,ONDO,,0.28028019211595645,1,0.05124934077280354
2025-04-28,PENGU,,0.5176812182274515,1,0.0053742329833967204
2025-04-28,PEPE,,0.19448422612456182,1,0.04343063074061192
2025-04-28,POL,,0.3357431093802674,1,0.03643273416622636
2025-04-28,QNT,,0.196430267479582,1,0.05159405869535999
2025-04-28,RENDER,,0.0849598258435238,0,0.0
2025-04-28,SHIB,,-0.02790688616354498,0,0.007434334947656489
2025-04-28,SOL,,-0.2989846949393923,-1,-0.027899598263429526
2025-04-28,STX,,-0.28041743590148,-1,-0.01515914374766166
2025-04-28,SUI,,-0.021286435120724864,0,0.0
2025-04-28,TAO,,0.10302270771854721,0,0.002482454695189488
2025-04-28,TON,,0.06602831760618194,0,0.0
2025-04-28,TRUMP,,0.4319153583807978,1,0.010404298402019035
2025-04-28,TRX,,-0.10784793619328722,0,-0.006285222730752063
2025-04-28,UNI,,-0.05408529531090304,0,0.0
2025-04-28,VET,,0.0406967458233673,0,0.0
2025-04-28,VIRTUAL,,0.3157731662751746,1,0.05124934077280354
2025-04-28,WLD,,0.060671073783005944,0,0.0022247605007535056
2025-04-28,XLM,,0.6495699464468198,1,0.04882361510111109
2025-04-28,XRP,,-0.04931328841244744,0,0.0
2025-04-28,ZEC,,-0.06459466862363905,0,0.0
2025-05-05,AAVE,,0.01866874905507855,0,-7.696208731708138e-05
2025-05-05,ADA,,0.007699570129221682,0,0.00014887123149291085
2025-05-05,ALGO,,0.097040514219276,0,0.00016910937015015247
2025-05-05,APT,,0.09807729760080443,0,-9.959439177584977e-05
2025-05-05,ARB,,0.2184075279657631,1,0.031282094991444034
2025-05-05,ATOM,,-0.0757642398253095,0,0.0
2025-05-05,AVAX,,-0.07792008259251904,0,-0.0006545218645727692
2025-05-05,BCH,,-0.22408388654572295,-1,-0.058697253837506125
2025-05-05,BNB,,-0.6435592647709246,-1,-0.07135104147688763
2025-05-05,BONK,,0.33226250257895384,1,0.023431523195851754
2025-05-05,BTC,,-0.7816920315591186,-1,-0.07927207296390787
2025-05-05,CAKE,,0.43102727280549735,1,0.05468117065539289
2025-05-05,CHZ,,-0.09531166544073563,-1,-0.03546850494242248
2025-05-05,DASH,,0.04311873429290939,0,-0.0002146133958540724
2025-05-05,DEXE,,-0.4270652758071124,-1,-0.04272471476968826
2025-05-05,DOGE,,-0.03976350556881248,0,0.0014886141126050634
2025-05-05,DOT,,0.12141478145360456,1,0.05025223081376773
2025-05-05,ENA,,0.2552059259213551,1,0.02632734980839182
2025-05-05,ETC,,-0.2402535170462186,-1,-0.035828083216482356
2025-05-05,ETH,,-0.37995061229856064,-1,-0.023835634126202314
2025-05-05,FET,,0.07019505372356424,0,0.0
2025-05-05,FIL,,-0.015507026158117679,0,-0.0018840558291443252
2025-05-05,HBAR,,0.28489252066513854,1,0.05976080604736306
2025-05-05,ICP,,-0.08942888672402206,-1,-0.029069620727922386
2025-05-05,JST,,-0.5168750386745544,-1,-0.02740102407851984
2025-05-05,JUP,,0.3808531457133447,1,0.04131310490112219
2025-05-05,LINK,,-0.12435204904134552,-1,-0.03624653951745591
2025-05-05,LTC,,-0.2236768310420779,-1,-0.04856719275875032
2025-05-05,LUNC,,-0.11022026719936383,-1,-0.04091045155919348
2025-05-05,NEAR,,-0.03868178173597632,0,0.0
2025-05-05,NEXO,,-0.214713962729329,-1,-0.08195861028257977
2025-05-05,ONDO,,0.2954232256346409,1,0.05266745621357479
2025-05-05,PENGU,,0.2677704563556707,1,0.008968822893168514
2025-05-05,PEPE,,0.05875986499018884,0,0.001381402335433414
2025-05-05,POL,,0.22224789689382274,1,0.054579871642838826
2025-05-05,QNT,,0.06388010523876599,0,0.0016410572897715761
2025-05-05,RENDER,,0.309863573605033,1,0.06207116468356581
2025-05-05,SHIB,,-0.06961146291963421,0,0.0002364646214885295
2025-05-05,SOL,,-0.17336028027327655,-1,-0.04420259688394935
2025-05-05,STX,,-0.2251458520777392,-1,-0.019775564015587783
2025-05-05,SUI,,-0.20239738110302022,-1,-0.011536168982747246
2025-05-05,TAO,,0.20465918952947904,1,0.03914256080303373
2025-05-05,TON,,0.12567583843799038,1,0.07589703114387174
2025-05-05,TRUMP,,0.2627551997991968,1,0.015255998726453406
2025-05-05,TRX,,-0.05912588233243111,0,-0.0001999146964002333
2025-05-05,UNI,,-0.0324959301843339,0,0.0
2025-05-05,VET,,0.10976119300465027,0,0.0
2025-05-05,VIRTUAL,,-0.055425216178479085,0,0.001630092812968803
2025-05-05,WLD,,0.11667343701639138,1,0.024015509909812653
2025-05-05,XLM,,0.7411413841680506,1,0.06363242820130399
2025-05-05,XRP,,0.02027353403887691,0,0.0
2025-05-05,ZEC,,-0.021366565008534854,0,0.0
2025-05-12,AAVE,,0.1677916810723948,1,0.059495283386846134
2025-05-12,ADA,,-0.019153694296648913,0,0.0
2025-05-12,ALGO,,0.11733837239898319,0,0.0
2025-05-12,APT,,-0.09095824388427423,0,0.0
2025-05-12,ARB,,0.15528108490416925,1,0.028126064743823537
2025-05-12,ATOM,,-0.09785922222369409,0,0.0
2025-05-12,AVAX,,-0.08893411636725228,0,0.0
2025-05-12,BCH,,-0.21766106063864205,-1,-0.06441824755752922
2025-05-12,BNB,,-0.5902220807505316,-1,-0.07056115677398535
2025-05-12,BONK,,0.309409249052489,1,0.02351271895055267
2025-05-12,BTC,,-0.6771167001368332,-1,-0.08274733903442928
2025-05-12,CAKE,,0.4162601435804927,1,0.05052628577768716
2025-05-12,CHZ,,-0.14398832259284744,-1,-0.03126487165632717
2025-05-12,DASH,,-0.09852784864871268,0,0.0
2025-05-12,DEXE,,-0.4282677030942636,-1,-0.042784272584355666
2025-05-12,DOGE,,0.0219470216656162,0,0.0
2025-05-12,DOT,,0.08561206134693461,0,0.0
2025-05-12,ENA,,0.3488125356164856,1,0.02781916229203289
2025-05-12,ETC,,-0.3229071670773234,-1,-0.03055479929510959
2025-05-12,ETH,,-0.357635090098764,-1,-0.023271828859508407
2025-05-12,FET,,0.0496766805066923,0,0.0
2025-05-12,FIL,,-0.12543514847634343,-1,-0.036538969951962645
2025-05-12,HBAR,,0.26118020582616014,1,0.05717773417078156
2025-05-12,ICP,,-0.09216449723200902,0,0.0
2025-05-12,JST,,-0.42338744786963234,-1,-0.02671962038242947
2025-05-12,JUP,,0.35659912224507356,1,0.03740654184175885
2025-05-12,LINK,,-0.17775569741859312,-1,-0.030104657183102543
2025-05-12,LTC,,-0.18035531547283942,-1,-0.05033100503060321
2025-05-12,LUNC,,-0.1856776974326989,-1,-0.03455576533467068
2025-05-12,NEAR,,-0.11152036710059078,0,0.0
2025-05-12,NEXO,,-0.1234198406030607,-1,-0.08531652330332179
2025-05-12,ONDO,,0.27657609270978184,1,0.04919351673792653
2025-05-12,PENGU,,0.4346814107239753,1,0.009236162394302277
2025-05-12,PEPE,,0.058358190913073364,0,0.0
2025-05-12,POL,,0.2881360510862588,1,0.049608866394750276
2025-05-12,QNT,,-0.0326351418155082,0,0.0
2025-05-12,RENDER,,0.13638272495108772,1,0.05544958160892554
2025-05-12,SHIB,,-0.08663415997166692,0,0.0
2025-05-12,SOL,,-0.15975356939567453,-1,-0.04145030147171935
2025-05-12,STX,,-0.23536260215239668,-1,-0.017324716862203347
2025-05-12,SUI,,-0.07406199550860622,0,0.0
2025-05-12,TAO,,0.19038612967443072,1,0.03906672503564534
2025-05-12,TON,,0.07094351235742562,0,0.0
2025-05-12,TRUMP,,0.43216781082055467,1,0.01579097209877145
2025-05-12,TRX,,0.09919839084108485,0,0.0
2025-05-12,UNI,,-0.052370984660202874,0,0.0
2025-05-12,VET,,0.05331275864503574,0,0.0
2025-05-12,VIRTUAL,,0.016890024011229157,0,0.0
2025-05-12,WLD,,0.19604132129747434,1,0.023806541276302662
2025-05-12,XLM,,0.7128825140142504,1,0.05887983597348662
2025-05-12,XRP,,0.15835305248053497,1,0.1120489682765954
2025-05-12,ZEC,,-0.22045242782207533,-1,-0.02920088567893131
2025-05-19,AAVE,,0.2902468667139506,1,0.04630901637831456
2025-05-19,ADA,,-0.026302623797156012,0,0.0
2025-05-19,ALGO,,0.04982263287485679,0,0.0
2025-05-19,APT,,0.1112487104272388,0,0.0
2025-05-19,ARB,,0.014866803120436676,0,0.0
2025-05-19,ATOM,,-0.32975293179624904,-1,-0.0277482677898896
2025-05-19,AVAX,,-0.05447890861396759,0,0.0
2025-05-19,BCH,,-0.13093386106698549,0,0.0
2025-05-19,BNB,,-0.46237657268260984,-1,-0.08121963910208063
2025-05-19,BONK,,0.3043576578822854,1,0.026458538726857765
2025-05-19,BTC,,-0.5926172755552751,-1,-0.09789562298746844
2025-05-19,CAKE,,0.3118484385260201,1,0.038608431045732
2025-05-19,CHZ,,-0.22885623677434713,-1,-0.0351018693779135
2025-05-19,DASH,,-0.060564338445147525,0,0.0
2025-05-19,DEXE,,-0.2299084828447826,-1,-0.06348582266524212
2025-05-19,DOGE,,-0.16335730003179139,-1,-0.025184277196486655
2025-05-19,DOT,,-0.1561952695167898,0,0.0
2025-05-19,ENA,,0.171440061883648,1,0.02153328561868461
2025-05-19,ETC,,-0.3288044601503554,-1,-0.034062272364641696
2025-05-19,ETH,,-0.4718432326021754,-1,-0.02558297130421071
2025-05-19,FET,,0.12598610677945724,0,0.0
2025-05-19,FIL,,-0.13481489162394658,0,0.0
2025-05-19,HBAR,,0.16559987576946486,1,0.048708889502021374
2025-05-19,ICP,,-0.1361779429140886,0,0.0
2025-05-19,JST,,-0.11938666322037891,0,0.0
2025-05-19,JUP,,0.46405013989194843,1,0.030156469743101634
2025-05-19,LINK,,-0.19900631642510916,-1,-0.03451156253564996
2025-05-19,LTC,,-0.30348092901583973,-1,-0.0488258130691038
2025-05-19,LUNC,,-0.14210577922224557,0,0.0
2025-05-19,NEAR,,-0.2080765782454977,-1,-0.02358578482521679
2025-05-19,NEXO,,-0.18926271522187288,-1,-0.09789562298746844
2025-05-19,ONDO,,0.19252637681824067,1,0.04047318014478333
2025-05-19,PENGU,,1.0814235687966889,1,0.024527145696378733
2025-05-19,PEPE,,-0.2743236535464078,-1,-0.01375000323657091
2025-05-19,POL,,0.36578850178957756,1,0.07209519915018375
2025-05-19,QNT,,-0.09065323623226043,0,0.0
2025-05-19,RENDER,,0.26021496687205653,1,0.04345438791427855
2025-05-19,SHIB,,-0.12066456492542067,0,0.0
2025-05-19,SOL,,-0.15383376684317962,0,0.0
2025-05-19,STX,,-0.22319148897354277,-1,-0.02449484145651563
2025-05-19,SUI,,0.1863351894227429,1,0.038188002108943825
2025-05-19,TAO,,0.18635044375509435,1,0.030075531899520228
2025-05-19,TON,,0.12503337451743626,0,0.0
2025-05-19,TRUMP,,0.7094060694984228,1,0.026679107966550014
2025-05-19,TRX,,0.20407697491732946,1,0.10855833070061392
2025-05-19,UNI,,-0.15905518322115153,-1,-0.020835020599217616
2025-05-19,VET,,-0.09297978062456314,0,0.0
2025-05-19,VIRTUAL,,-0.24798588044127273,-1,-0.02024977968715912
2025-05-19,WLD,,0.3194178044399231,1,0.022600213878225313
2025-05-19,XLM,,0.3910537100366431,1,0.056003440710646064
2025-05-19,XRP,,-0.02433700199335062,0,0.0
2025-05-19,ZEC,,0.024233591834288137,0,0.0
2025-05-26,AAVE,,-0.19308880301223938,-1,-0.014301794512429057
2025-05-26,ADA,,-0.03480967277428063,0,0.0
2025-05-26,ALGO,,0.058079722194709325,0,0.0
2025-05-26,APT,,0.1473648268498023,1,0.028204730522574953
2025-05-26,ARB,,-0.05708751186085722,0,0.0
2025-05-26,ATOM,,-0.1871939961833114,-1,-0.021236336213784075
2025-05-26,AVAX,,-0.03839143385362034,0,0.0
2025-05-26,BCH,,-0.23267817062406643,-1,-0.03896864055159754
2025-05-26,BNB,,-0.3906754692909937,-1,-0.0680093331460163
2025-05-26,BONK,,0.4474721184820628,1,0.018160600083370712
2025-05-26,BTC,,-0.5857574764351117,-1,-0.06995146447450268
2025-05-26,CAKE,,0.16110464505113534,1,0.030188065755990007
2025-05-26,CHZ,,-0.13587255680551374,-1,-0.026043487307193094
2025-05-26,DASH,,-0.1107556436070226,0,0.0
2025-05-26,DEXE,,0.28288202609254426,1,0.03215007209457417
2025-05-26,DOGE,,-0.03783329848357474,0,-0.003118128726400427
2025-05-26,DOT,,-0.05172080611545361,0,0.0
2025-05-26,ENA,,0.07404604131590764,0,0.002666090272814045
2025-05-26,ETC,,-0.3534458877805837,-1,-0.025733554770311216
2025-05-26,ETH,,-0.6188407586702885,-1,-0.01980360470276856
2025-05-26,FET,,-0.03170204413153172,0,0.0
2025-05-26,FIL,,-0.1361883180697796,-1,-0.02458668650893982
2025-05-26,HBAR,,0.0802024526962171,0,0.006030770166733437
2025-05-26,ICP,,-0.11376985707348501,0,0.0
2025-05-26,JST,,-0.2643952197789685,-1,-0.04883777364572909
2025-05-26,JUP,,0.10983915280909592,1,0.023261271735410836
2025-05-26,LINK,,-0.19050086664415852,-1,-0.02557452983105385
2025-05-26,LTC,,-0.37651829738444753,-1,-0.03427669887416825
2025-05-26,LUNC,,-0.004946074396176229,0,0.0
2025-05-26,NEAR,,-0.18712304317206058,-1,-0.01769368903730913
2025-05-26,NEXO,,-0.23873717820299528,-1,-0.07661050153787273
2025-05-26,ONDO,,0.26193725554491853,1,0.029115774003485202
2025-05-26,PENGU,,0.7252805128543331,1,0.01849262784692508
2025-05-26,PEPE,,-0.22765091550738253,-1,-0.010442431132148728
2025-05-26,POL,,0.27970650380414785,1,0.048435430546037064
2025-05-26,QNT,,0.24102962358525581,1,0.045994617847123984
2025-05-26,RENDER,,0.28748047675252714,1,0.02585957787426174
2025-05-26,SHIB,,-0.025909284059730905,0,0.0
2025-05-26,SOL,,-0.15502080640814417,-1,-0.025305624517968903
2025-05-26,STX,,-0.08202807165864352,0,-0.0030327679527304696
2025-05-26,SUI,,0.10516852252891676,0,0.00472815262676466
2025-05-26,TAO,,-0.013273989530597049,0,0.003723727278174542
2025-05-26,TON,,0.1678575002087758,1,0.03555803809149255
2025-05-26,TRUMP,,0.8809353430817014,1,0.02489495323580727
2025-05-26,TRX,,0.24265299413706318,1,0.08303358066552907
2025-05-26,UNI,,0.0012770601073450877,0,-0.00257963632383415
2025-05-26,VET,,-0.02108860685275329,0,0.0
2025-05-26,VIRTUAL,,0.1440875568315063,1,0.03776953428949226
2025-05-26,WLD,,0.23527431301859242,1,0.01672033328237012
2025-05-26,XLM,,0.26806873124298075,1,0.04111873554782626
2025-05-26,XRP,,-0.11328512367401257,0,0.0
2025-05-26,ZEC,,0.008541802852247945,0,0.0
2025-06-02,AAVE,,-0.5338541922271074,-1,-0.01970656856224206
2025-06-02,ADA,,0.005354796035552155,0,0.0
2025-06-02,ALGO,,0.15279586677781057,1,0.03312999588323965
2025-06-02,APT,,0.10345407765474254,0,0.004081474998854237
2025-06-02,ARB,,0.26772965981413344,1,0.022869701959398782
2025-06-02,ATOM,,-0.01789333578440569,0,-0.003073086454573562
2025-06-02,AVAX,,0.05079226501369116,0,0.0
2025-06-02,BCH,,-0.28005950006704233,-1,-0.04117881770149708
2025-06-02,BNB,,-0.5306451448885751,-1,-0.045381263836504884
2025-06-02,BONK,,0.583675641221492,1,0.02218566089575534
2025-06-02,BTC,,-0.633301722583911,-1,-0.04566230748822012
2025-06-02,CAKE,,0.04910219916286698,0,0.004368481221553339
2025-06-02,CHZ,,-0.09295660280932794,0,-0.0037687239111257424
2025-06-02,DASH,,-0.21883948124124286,-1,-0.03553970932485863
2025-06-02,DEXE,,-0.1528582418692884,-1,-0.0055836663285571755
2025-06-02,DOGE,,0.15241206599801535,1,0.02672371803726632
2025-06-02,DOT,,0.14759670401390365,1,0.03312999588323965
2025-06-02,ENA,,0.3294992868398556,1,0.021417622639040915
2025-06-02,ETC,,-0.22002901509526748,-1,-0.039263583245320484
2025-06-02,ETH,,-0.337762197421973,-1,-0.0384054668053936
2025-06-02,FET,,-0.11694610944914935,-1,-0.02046590268423145
2025-06-02,FIL,,-0.095998571968806,0,-0.003557911897459364
2025-06-02,HBAR,,0.08086903857981037,0,0.0008727060036846385
2025-06-02,ICP,,-0.173317335667788,-1,-0.019394829353711153
2025-06-02,JST,,-0.35856932077961917,-1,-0.03993219841764628
2025-06-02,JUP,,0.05236767092885553,0,0.0033661126084379434
2025-06-02,LINK,,-0.11854524485168998,-1,-0.039240570924275485
2025-06-02,LTC,,-0.32437998986131,-1,-0.04049985207063661
2025-06-02,LUNC,,0.025128247464508008,0,0.0
2025-06-02,NEAR,,0.06463222509954812,0,-0.0025604339451311842
2025-06-02,NEXO,,-0.23813815695009077,-1,-0.04662592929162061
2025-06-02,ONDO,,0.3223002475796908,1,0.037343306964953395
2025-06-02,PENGU,,0.7730382803881796,1,0.029014427987108703
2025-06-02,PEPE,,0.36494808813892116,1,0.023368181021573956
2025-06-02,POL,,0.26504333794946217,1,0.040139032848658
2025-06-02,QNT,,-0.2590266840550907,-1,-0.015038113058643263
2025-06-02,RENDER,,0.27862236147580377,1,0.02228282918416384
2025-06-02,SHIB,,0.09719308542097528,0,0.0
2025-06-02,SOL,,-0.11143111090148101,0,-0.003661948612407928
2025-06-02,STX,,-0.03610982132311335,0,-0.0004388684574202304
2025-06-02,SUI,,0.15759442551488517,1,0.033814201560066134
2025-06-02,TAO,,0.016957170642896018,0,0.000538856408369379
2025-06-02,TON,,-0.07645123226868182,0,0.0051455639103721515
2025-06-02,TRUMP,,0.8198886765149432,1,0.036732516713859395
2025-06-02,TRX,,0.1719238767385871,1,0.04514569244451152
2025-06-02,UNI,,0.15447509072053223,1,0.025543680311345098
2025-06-02,VET,,0.07181594500784214,0,0.0
2025-06-02,VIRTUAL,,0.13759741226653233,0,0.005465587050992926
2025-06-02,WLD,,-0.08007347220363717,0,0.002419580722811095
2025-06-02,XLM,,0.32389624971641157,1,0.039080242101285426
2025-06-02,XRP,,-0.10480017836958794,0,0.0
2025-06-02,ZEC,,-0.9087173300422591,-1,-0.009199416989064938
2025-06-09,AAVE,,-0.4172975911173881,-1,-0.01895582695185068
2025-06-09,ADA,,-0.026906265523356503,0,0.0
2025-06-09,ALGO,,0.09953624826049794,0,0.0
2025-06-09,APT,,0.12392111351271419,1,0.03811168208589587
2025-06-09,ARB,,0.2815392995260511,1,0.03153243486653974
2025-06-09,ATOM,,-0.031411517899113464,0,0.0
2025-06-09,AVAX,,-0.040878932320690474,0,0.0
2025-06-09,BCH,,-0.33528153327630617,-1,-0.02853021833469061
2025-06-09,BNB,,-0.5187556534230162,-1,-0.03918362889168588
2025-06-09,BONK,,0.6284911699357378,1,0.022063745862882057
2025-06-09,BTC,,-0.6082806765246176,-1,-0.03918362889168588
2025-06-09,CAKE,,0.09808733980142159,0,0.0
2025-06-09,CHZ,,-0.09562272735901432,0,0.0
2025-06-09,DASH,,-0.3033891849321893,-1,-0.03918362889168588
2025-06-09,DEXE,,-0.12657657770389313,0,0.0
2025-06-09,DOGE,,0.24067444682565786,1,0.03811168208589587
2025-06-09,DOT,,0.10743886313972913,1,0.03811168208589587
2025-06-09,ENA,,0.33974561036539835,1,0.024194484585493337
2025-06-09,ETC,,-0.19916594846628743,-1,-0.03918362889168588
2025-06-09,ETH,,-0.22175990825521288,-1,-0.03918362889168588
2025-06-09,FET,,-0.11928322953452367,0,0.0
2025-06-09,FIL,,-0.05945328977590437,0,0.0
2025-06-09,HBAR,,-0.03710247504196768,0,0.0
2025-06-09,ICP,,-0.1901367283223888,-1,-0.024394351973031983
2025-06-09,JST,,-0.4163441346492398,-1,-0.03854471559481754
2025-06-09,JUP,,0.07230756496092373,0,0.0
2025-06-09,LINK,,-0.08790437187052923,0,0.0
2025-06-09,LTC,,-0.250552109388327,-1,-0.03918362889168588
2025-06-09,LUNC,,0.09451533635161959,0,0.0
2025-06-09,NEAR,,-0.0002603751883986276,0,0.0
2025-06-09,NEXO,,-0.19815786360696908,-1,-0.03918362889168588
2025-06-09,ONDO,,0.30835092403461256,1,0.03811168208589587
2025-06-09,PENGU,,0.8631711664520434,1,0.026438653124411442
2025-06-09,PEPE,,0.4091688113947452,1,0.033825448704168495
2025-06-09,POL,,0.21660009657023613,1,0.03811168208589587
2025-06-09,QNT,,-0.29428410403982813,-1,-0.017480592517459443
2025-06-09,RENDER,,0.2561639105701168,1,0.02133443903791157
2025-06-09,SHIB,,0.1337000990658099,1,0.03811168208589587
2025-06-09,SOL,,-0.028481986028865466,0,0.0
2025-06-09,STX,,0.06580562781644231,0,0.0
2025-06-09,SUI,,0.0518154784418558,0,0.0
2025-06-09,TAO,,0.016099108668244013,0,0.0
2025-06-09,TON,,-0.18289782280177946,-1,-0.034632239047225316
2025-06-09,TRUMP,,0.9068110761689063,1,0.03811168208589587
2025-06-09,TRX,,-0.12842360598590982,-1,-0.03918362889168588
2025-06-09,UNI,,0.18960908365979862,1,0.030284650548461113
2025-06-09,VET,,-0.010011108999297243,0,0.0
2025-06-09,VIRTUAL,,0.26417249299619955,1,0.03050674315916583
2025-06-09,WLD,,-0.08713213913165839,0,0.0
2025-06-09,XLM,,0.27453544226591486,1,0.03811168208589587
2025-06-09,XRP,,-0.1844374577167163,-1,-0.03918362889168588
2025-06-09,ZEC,,-0.8420709919012899,-1,-0.009883452131952014
2025-06-16,AAVE,,-0.36436019649249674,-1,-0.017835841968733984
2025-06-16,ADA,,0.0002070747410330867,0,0.0
2025-06-16,ALGO,,0.036402436501542616,0,0.0
2025-06-16,APT,,0.04830832866459887,0,0.0
2025-06-16,ARB,,0.2385373210390468,1,0.02704581166629865
2025-06-16,ATOM,,-0.14535665419343313,0,0.0
2025-06-16,AVAX,,-0.05762590699974979,0,0.0
2025-06-16,BCH,,-0.5188409852223045,-1,-0.028503444918986934
2025-06-16,BNB,,-0.5434874913916102,-1,-0.04095299738770064
2025-06-16,BONK,,0.6088138285928515,1,0.028508560152749718
2025-06-16,BTC,,-0.6674528861689712,-1,-0.04095299738770064
2025-06-16,CAKE,,0.08299030107319721,0,0.0
2025-06-16,CHZ,,-0.13769253322595557,0,0.0
2025-06-16,DASH,,-0.3317537821493957,-1,-0.04095299738770064
2025-06-16,DEXE,,-0.172932676877624,0,0.0
2025-06-16,DOGE,,0.13425692924223068,0,0.0
2025-06-16,DOT,,0.13758205393714704,1,0.031487869722162214
2025-06-16,ENA,,0.23495308537104023,1,0.021128944091689906
2025-06-16,ETC,,-0.2911464038707598,-1,-0.04095299738770064
2025-06-16,ETH,,-0.1882703224611739,-1,-0.032200001792923
2025-06-16,FET,,0.09581995210874163,0,0.0
2025-06-16,FIL,,-0.04833664127605714,0,0.0
2025-06-16,HBAR,,-0.038733533226670114,0,0.0
2025-06-16,ICP,,-0.2811029507262127,-1,-0.01644627688511842
2025-06-16,JST,,-0.3117788526513479,-1,-0.03980760665005356
2025-06-16,JUP,,0.36857882659179875,1,0.031457615354093325
2025-06-16,LINK,,-0.15078531017760316,0,0.0
2025-06-16,LTC,,-0.3679390920547673,-1,-0.04095299738770064
2025-06-16,LUNC,,-0.06724672812245797,0,0.0
2025-06-16,NEAR,,-0.03384126595792412,0,0.0
2025-06-16,NEXO,,-0.2327401042539794,-1,-0.04095299738770064
2025-06-16,ONDO,,0.2829581059540247,1,0.03631638088026199
2025-06-16,PENGU,,1.0008920809489577,1,0.03383161167981889
2025-06-16,PEPE,,0.40685363129995694,1,0.026041300185169338
2025-06-16,POL,,0.23691749290373773,1,0.04469762183087431
2025-06-16,QNT,,-0.41274344773484545,-1,-0.013940008897797795
2025-06-16,RENDER,,0.24096383530330004,1,0.02782901359637742
2025-06-16,SHIB,,0.048117799648206366,0,0.0
2025-06-16,SOL,,-0.08982825068633468,0,0.0
2025-06-16,STX,,0.10460766635303446,0,0.0
2025-06-16,SUI,,0.3405509597404351,1,0.03269588200465483
2025-06-16,TAO,,0.2675546199427925,1,0.037434895534025944
2025-06-16,TON,,-0.25724904411521116,-1,-0.031229746024648397
2025-06-16,TRUMP,,0.7794668915830962,1,0.04469762183087431
2025-06-16,TRX,,-0.1993234616740889,-1,-0.04095299738770064
2025-06-16,UNI,,-0.21171521400872617,-1,-0.01895636927119246
2025-06-16,VET,,-0.05669085889711925,0,0.0
2025-06-16,VIRTUAL,,0.3835268348743642,1,0.01751773013617941
2025-06-16,WLD,,0.3348111256297397,1,0.03968993318392093
2025-06-16,XLM,,0.2360685935878687,1,0.04469762183087431
2025-06-16,XRP,,-0.2873982180268005,-1,-0.03948813555666637
2025-06-16,ZEC,,-0.18336696298912714,0,0.0
2025-06-23,AAVE,,-0.18856439878335432,-1,-0.015720150411398907
2025-06-23,ADA,,-0.030745039271268034,0,0.0
2025-06-23,ALGO,,0.0611966015341194,0,0.0
2025-06-23,APT,,-0.026742802383684816,0,0.0
2025-06-23,ARB,,0.05896015790639259,0,0.0
2025-06-23,ATOM,,-0.09154762859642226,0,0.0
2025-06-23,AVAX,,-0.019677075507204128,0,0.0
2025-06-23,BCH,,-0.2141473861239717,-1,-0.03896083965816459
2025-06-23,BNB,,-0.43221587132812805,-1,-0.05129744029439845
2025-06-23,BONK,,0.45472394163298646,1,0.024627548769393236
2025-06-23,BTC,,-0.5505851955427379,-1,-0.05129744029439845
2025-06-23,CAKE,,0.09678313952130718,0,0.0
2025-06-23,CHZ,,-0.10005967196267554,-1,-0.024399355899484138
2025-06-23,DASH,,-0.1897805463663187,-1,-0.028339877377468167
2025-06-23,DEXE,,0.17276983666708898,1,0.032340899903007043
2025-06-23,DOGE,,0.07747227626861973,0,0.0
2025-06-23,DOT,,0.13535170800246812,1,0.035451079686335034
2025-06-23,ENA,,0.2565152375284224,1,0.027551318472019786
2025-06-23,ETC,,-0.23842754974166516,-1,-0.030028766740157208
2025-06-23,ETH,,-0.16781250812424875,-1,-0.02519919183761951
2025-06-23,FET,,0.019048833749074134,0,0.0
2025-06-23,FIL,,-0.07545966581691856,0,0.0
2025-06-23,HBAR,,-0.0006754635958985289,0,0.0
2025-06-23,ICP,,-0.048044662676961856,0,0.0
2025-06-23,JST,,-0.32838995869957577,-1,-0.05129744029439845
2025-06-23,JUP,,0.10254952516921245,1,0.01767215539876482
2025-06-23,LINK,,-0.16586159371155787,-1,-0.020301539509432708
2025-06-23,LTC,,-0.31486637445566656,-1,-0.0367618904571733
2025-06-23,LUNC,,-0.03445874519525419,0,0.0
2025-06-23,NEAR,,-0.05443190283908821,0,0.0
2025-06-23,NEXO,,-0.18438261014971677,-1,-0.0316726634041581
2025-06-23,ONDO,,0.25979070021987627,1,0.03178632447643836
2025-06-23,PENGU,,0.21288179654855338,1,0.011638490302288747
2025-06-23,PEPE,,0.3596616303324355,1,0.028299513285320873
2025-06-23,POL,,0.2230539534666796,1,0.052485327411962365
2025-06-23,QNT,,-0.1440152511031722,-1,-0.014291789643845552
2025-06-23,RENDER,,0.1773921542487767,1,0.0255498504190465
2025-06-23,SHIB,,0.036456972630305035,0,0.0
2025-06-23,SOL,,-0.0911874751394125,0,0.0
2025-06-23,STX,,-0.0633631045595806,0,0.0
2025-06-23,SUI,,0.2548431446584451,1,0.028046386554112877
2025-06-23,TAO,,0.1877711224036892,1,0.03462022421502291
2025-06-23,TON,,-0.1032397449155414,-1,-0.038742396235507466
2025-06-23,TRUMP,,0.2983989164036388,1,0.05518983108274405
2025-06-23,TRX,,-0.08599896424104121,0,0.0
2025-06-23,UNI,,0.012058388781304791,0,0.0
2025-06-23,VET,,-0.0261380122343854,0,0.0
2025-06-23,VIRTUAL,,0.3645795705289556,1,0.023403528330325687
2025-06-23,WLD,,0.2628213550660028,1,0.033729446997085494
2025-06-23,XLM,,0.22960908254509532,1,0.06263012511669364
2025-06-23,XRP,,-0.16017731142573977,-1,-0.034092156945361635
2025-06-23,ZEC,,-0.18369353132225613,-1,-0.03261911141759476
2025-06-30,AAVE,,-0.1198662259420252,-1,-0.017352553746941127
2025-06-30,ADA,,0.10873212385822392,0,0.0
2025-06-30,ALGO,,-0.0797578965470058,0,0.0
2025-06-30,APT,,-0.21903733371872983,-1,-0.015771771302543567
2025-06-30,ARB,,-0.08578255829559539,0,0.0
2025-06-30,ATOM,,-0.19153749567878148,-1,-0.029486808652290107
2025-06-30,AVAX,,-0.040888318569572105,0,0.0
2025-06-30,BCH,,-0.46401240843556196,-1,-0.0364974971653803
2025-06-30,BNB,,-0.3823982636281368,-1,-0.0566227345275255
2025-06-30,BONK,,0.4045587170332598,1,0.013905494644667617
2025-06-30,BTC,,-0.5777467990517302,-1,-0.0566227345275255
2025-06-30,CAKE,,0.09143646895583113,0,0.0
2025-06-30,CHZ,,-0.149422588142001,-1,-0.027103043138316397
2025-06-30,DASH,,-0.23396797688263682,-1,-0.03138752852695293
2025-06-30,DEXE,,0.21397236840929554,1,0.057591809378344544
2025-06-30,DOGE,,0.14949784124328544,1,0.03741007269505766
2025-06-30,DOT,,0.14511697100504703,1,0.03318317074873426
2025-06-30,ENA,,0.23459566126415482,1,0.025778962728736414
2025-06-30,ETC,,-0.3043540741783484,-1,-0.03294639158552877
2025-06-30,ETH,,-0.08063337542533898,0,0.0
2025-06-30,FET,,-0.04898265148403833,0,0.0
2025-06-30,FIL,,-0.13907146703731163,-1,-0.022806544138140775
2025-06-30,HBAR,,0.09431370507220721,0,0.0
2025-06-30,ICP,,-0.002420278371744525,0,0.0
2025-06-30,JST,,-0.22396598038105864,-1,-0.0566227345275255
2025-06-30,JUP,,0.08007035782525554,0,0.0
2025-06-30,LINK,,-0.21210179667762905,-1,-0.02247868228210291
2025-06-30,LTC,,-0.37026412649934837,-1,-0.04080006209763668
2025-06-30,LUNC,,0.0033517827419757653,0,0.0
2025-06-30,NEAR,,-0.10877345011495557,0,0.0
2025-06-30,NEXO,,-0.1019333652786699,0,0.0
2025-06-30,ONDO,,0.28098532630214557,1,0.029597241273294512
2025-06-30,PENGU,,0.3007291620224673,1,0.011517529988323187
2025-06-30,PEPE,,0.38191502815766387,1,0.026391921615369445
2025-06-30,POL,,0.32168549430610044,1,0.048096629378365625
2025-06-30,QNT,,-0.13163626182176733,-1,-0.017004816351016
2025-06-30,RENDER,,0.15126155431523916,1,0.02380127122443784
2025-06-30,SHIB,,0.05223738985997356,0,0.0
2025-06-30,SOL,,-0.10072746889522748,0,0.0
2025-06-30,STX,,-0.13167378351395878,-1,-0.01880314420793103
2025-06-30,SUI,,0.2937286471558824,1,0.026069857303316298
2025-06-30,TAO,,0.1525873853222286,1,0.03263207364085129
2025-06-30,TON,,-0.12883013343640304,-1,-0.04326097917294582
2025-06-30,TRUMP,,0.24336220039971507,1,0.053117326271591735
2025-06-30,TRX,,0.07772680345155306,0,0.0
2025-06-30,UNI,,0.0022175689340762756,0,0.0
2025-06-30,VET,,-0.07162490811528813,0,0.0
2025-06-30,VIRTUAL,,0.4167817801145926,1,0.022511387799590204
2025-06-30,WLD,,0.2358499769530392,1,0.03143160659302026
2025-06-30,XLM,,0.43849229629316044,1,0.05253167066660205
2025-06-30,XRP,,-0.08659002682327467,0,0.0
2025-06-30,ZEC,,-0.08720559805024304,0,0.0
2025-07-07,AAVE,,-0.1964894795934319,-1,-0.020692828829635104
2025-07-07,ADA,,0.0328737158419614,0,0.0
2025-07-07,ALGO,,-0.1656991885634265,-1,-0.012597545249589266
2025-07-07,APT,,-0.12907127332002455,-1,-0.01815134762811362
2025-07-07,ARB,,0.0779363940986195,0,0.0
2025-07-07,ATOM,,-0.13160099696226135,-1,-0.028374702269482372
2025-07-07,AVAX,,0.00032910017381124115,0,0.0
2025-07-07,BCH,,-0.47221407306442215,-1,-0.05510824839440581
2025-07-07,BNB,,-0.48848261234107937,-1,-0.06695675361418563
2025-07-07,BONK,,0.38444956867242963,1,0.019396699664786726
2025-07-07,BTC,,-0.6103689038600438,-1,-0.05416811560253738
2025-07-07,CAKE,,0.03351359156059216,0,0.0
2025-07-07,CHZ,,-0.09586596231931793,0,0.0
2025-07-07,DASH,,-0.20050257767962074,-1,-0.03343519063990606
2025-07-07,DEXE,,0.2536915542800838,1,0.08368995761389479
2025-07-07,DOGE,,0.1473010052394487,1,0.04002776241413227
2025-07-07,DOT,,0.19674415226752529,1,0.03309193453006632
2025-07-07,ENA,,0.2822026792058268,1,0.022577477324968263
2025-07-07,ETC,,-0.2770114989626913,-1,-0.03330287221886866
2025-07-07,ETH,,-0.11585575981712144,0,0.0
2025-07-07,FET,,-0.03759492396155215,0,0.0
2025-07-07,FIL,,-0.09426147661137993,0,0.0
2025-07-07,HBAR,,-0.12030629387199195,0,0.0
2025-07-07,ICP,,0.04691136000287402,0,0.0
2025-07-07,JST,,0.04299861662731156,0,0.0
2025-07-07,JUP,,0.16382384840478073,1,0.02237028658755243
2025-07-07,LINK,,-0.17020371444357682,-1,-0.023100787088154908
2025-07-07,LTC,,-0.3890671419932123,-1,-0.042435716695058336
2025-07-07,LUNC,,0.009077526500651164,0,0.0
2025-07-07,NEAR,,-0.040648268534310805,0,0.0
2025-07-07,NEXO,,-0.23708618308999224,-1,-0.040131412129096856
2025-07-07,ONDO,,0.2910463166241035,1,0.03563305090144479
2025-07-07,PENGU,,0.34938949116023404,1,0.011196722632750691
2025-07-07,PEPE,,0.42543323102849306,1,0.026654723677272858
2025-07-07,POL,,0.254163287618519,1,0.031474282923165196
2025-07-07,QNT,,-0.12731322199082898,0,0.0
2025-07-07,RENDER,,0.22558229711333688,1,0.02826132787809822
2025-07-07,SHIB,,0.0751980708715205,0,0.0
2025-07-07,SOL,,-0.15174908878400561,-1,-0.026304093286406774
2025-07-07,STX,,-0.04018570725941241,0,0.0
2025-07-07,SUI,,0.3374855079412953,1,0.028825554099514827
2025-07-07,TAO,,0.20182403275392916,1,0.03130087977210598
2025-07-07,TON,,-0.1273070516629489,0,0.0
2025-07-07,TRUMP,,0.3258373625621981,1,0.04919301454979198
2025-07-07,TRX,,-0.01018715621505822,0,0.0
2025-07-07,UNI,,0.041659462908574904,0,0.0
2025-07-07,VET,,0.007742403026958656,0,0.0
2025-07-07,VIRTUAL,,0.5422891918007239,1,0.027462305616292496
2025-07-07,WLD,,0.302781996794955,1,0.034037653202392076
2025-07-07,XLM,,-0.32254723066754026,-1,-0.007445721970680328
2025-07-07,XRP,,-0.1519685081318528,-1,-0.025128195068216116
2025-07-07,ZEC,,-0.14869747137965508,-1,-0.037860102703892666
2025-07-14,AAVE,,-0.1636174933445111,0,0.0
2025-07-14,ADA,,-0.0024644041516336114,0,0.0
2025-07-14,ALGO,,-0.2310479732263499,-1,-0.016304349320814454
2025-07-14,APT,,-0.16760481482090278,-1,-0.025155254151218366
2025-07-14,ARB,,0.16581494652317436,1,0.02447939595074084
2025-07-14,ATOM,,-0.13361245437987238,0,0.0
2025-07-14,AVAX,,-0.010490483359060988,0,0.0
2025-07-14,BCH,,-0.4882959678655493,-1,-0.06304442455155866
2025-07-14,BNB,,-0.5845735605925502,-1,-0.07394211784704215
2025-07-14,BONK,,0.6352928603514114,1,0.038165163011528794
2025-07-14,BTC,,-1.0073869317882784,-1,-0.07276832910494253
2025-07-14,CAKE,,0.15024727903265211,0,0.0
2025-07-14,CHZ,,-0.0808785263673559,0,0.0
2025-07-14,DASH,,-0.19691083537239218,-1,-0.05488144329074356
2025-07-14,DEXE,,-0.13812447465784344,0,0.0
2025-07-14,DOGE,,0.06443853742978943,0,0.0
2025-07-14,DOT,,0.19537626870696367,1,0.050129129228075775
2025-07-14,ENA,,0.3397738083873959,1,0.022258537521268155
2025-07-14,ETC,,-0.38054782127232245,-1,-0.024927019568659586
2025-07-14,ETH,,-0.210422706348609,-1,-0.03796399456702234
2025-07-14,FET,,-0.010205483347556178,0,0.0
2025-07-14,FIL,,-0.09718160402127782,0,0.0
2025-07-14,HBAR,,-0.21027945069857076,-1,-0.017564684321859373
2025-07-14,ICP,,-0.008964488007066498,0,0.0
2025-07-14,JST,,-0.12197334611658277,0,0.0
2025-07-14,JUP,,0.18527930322991812,1,0.029281614621174776
2025-07-14,LINK,,-0.16554411897644009,-1,-0.034576718933351965
2025-07-14,LTC,,-0.4959312775255585,-1,-0.037476672383309095
2025-07-14,LUNC,,0.027123870576148172,0,0.0
2025-07-14,NEAR,,0.01635142623749597,0,0.0
2025-07-14,NEXO,,-0.25479598094991157,-1,-0.07394211784704215
2025-07-14,ONDO,,0.4352949230835022,1,0.06092502142672084
2025-07-14,PENGU,,0.5826214735799408,1,0.011417883496939774
2025-07-14,PEPE,,0.5469336757718838,1,0.04118220925358028
2025-07-14,POL,,0.19151734261826775,1,0.04047100346006308
2025-07-14,QNT,,-0.2450941062581127,-1,-0.035192739716434024
2025-07-14,RENDER,,0.2963230204122813,1,0.041990418420125776
2025-07-14,SHIB,,0.148119106705232,0,0.0
2025-07-14,SOL,,-0.19515301539602742,-1,-0.048514205447241575
2025-07-14,STX,,-0.07871804829948138,0,0.0
2025-07-14,SUI,,0.4253332398656688,1,0.05257053423052294
2025-07-14,TAO,,0.175481527199335,1,0.04344407684733149
2025-07-14,TON,,-0.06542952426499789,0,0.0
2025-07-14,TRUMP,,0.6490932564197286,1,0.05409320280215054
2025-07-14,TRX,,0.21804522357436468,1,0.09400969895314368
2025-07-14,UNI,,0.06235624293609238,0,0.0
2025-07-14,VET,,0.01652582536994658,0,0.0
2025-07-14,VIRTUAL,,0.5548982898251679,1,0.050083010159173935
2025-07-14,WLD,,0.3911197917301915,1,0.044336040804837634
2025-07-14,XLM,,-0.38642198325152416,-1,-0.008640751289096311
2025-07-14,XRP,,-0.15239440479664584,0,0.0
2025-07-14,ZEC,,-0.18929596010957217,-1,-0.07394211784704215
2025-07-21,AAVE,,-0.07539179816533403,0,0.0
2025-07-21,ADA,,-0.08997661995533042,0,0.0
2025-07-21,ALGO,,-0.2678829688796865,-1,-0.01539906902162917
2025-07-21,APT,,-0.03249300231522166,0,0.0
2025-07-21,ARB,,0.2822187030660802,1,0.03137306289825053
2025-07-21,ATOM,,-0.21614779835448406,-1,-0.03796460351658867
2025-07-21,AVAX,,-0.013777353717946896,0,0.0
2025-07-21,BCH,,-0.32476824456573095,-1,-0.07625057052965661
2025-07-21,BNB,,-0.4588494685899659,-1,-0.07625057052965661
2025-07-21,BONK,,0.533271418645723,1,0.02754144249311934
2025-07-21,BTC,,-0.8884773060550851,-1,-0.07625057052965661
2025-07-21,CAKE,,0.3419355810602136,1,0.06951270897048172
2025-07-21,CHZ,,-0.13735461746165786,0,0.0
2025-07-21,DASH,,-0.352135134129503,-1,-0.03756454180054025
2025-07-21,DEXE,,0.039213875047655423,0,0.0
2025-07-21,DOGE,,-0.10451665530752151,0,0.0
2025-07-21,DOT,,0.12429761210897972,1,0.043043356159257196
2025-07-21,ENA,,0.45783146901533106,1,0.02257360898848593
2025-07-21,ETC,,-0.4547629277791402,-1,-0.02140409152819031
2025-07-21,ETH,,-0.28548534188153446,-1,-0.03366690359383983
2025-07-21,FET,,0.08650766766591889,0,0.0
2025-07-21,FIL,,-0.13189272501190064,0,0.0
2025-07-21,HBAR,,-0.16855846479954503,-1,-0.017374300332456842
2025-07-21,ICP,,-0.04194613317782063,0,0.0
2025-07-21,JST,,-0.38436068369714255,-1,-0.07625057052965661
2025-07-21,JUP,,0.5238010838090201,1,0.06257021774665054
2025-07-21,LINK,,-0.22807053731013904,-1,-0.03131470425026982
2025-07-21,LTC,,-0.5614334641107742,-1,-0.03315340687371996
2025-07-21,LUNC,,-0.13369346525002396,0,0.0
2025-07-21,NEAR,,-0.0015334902040208464,0,0.0
2025-07-21,NEXO,,-0.24625905524581249,-1,-0.07625057052965661
2025-07-21,ONDO,,0.4230381541206694,1,0.06359434875940195
2025-07-21,PENGU,,0.6814432653734301,1,0.013009241606451848
2025-07-21,PEPE,,0.44027825739390597,1,0.03355033776178219
2025-07-21,POL,,0.15745030140611446,1,0.03544410246730748
2025-07-21,QNT,,0.11537380450355715,0,0.0
2025-07-21,RENDER,,0.32513675836702666,1,0.04587102825573252
2025-07-21,SHIB,,-0.03829860361548202,0,0.0
2025-07-21,SOL,,-0.06312671094731175,0,0.0
2025-07-21,STX,,-0.06206715926159068,0,0.0
2025-07-21,SUI,,0.5380354542386102,1,0.06158634714684102
2025-07-21,TAO,,0.25147503482020206,1,0.04774001690788719
2025-07-21,TON,,-0.009615349724660681,0,0.0
2025-07-21,TRUMP,,0.6000860193815373,1,0.050190218353640466
2025-07-21,TRX,,0.02501134339174945,0,0.0
2025-07-21,UNI,,0.017828222474923126,0,0.0
2025-07-21,VET,,-0.08108474180848226,0,0.0
2025-07-21,VIRTUAL,,0.5463274988919415,1,0.04808403348553225
2025-07-21,WLD,,0.31408619230943946,1,0.04287019923878034
2025-07-21,XLM,,-0.3258985226506075,-1,-0.008604904846332116
2025-07-21,XRP,,-0.3199343772992382,-1,-0.025493280177120457
2025-07-21,ZEC,,-0.3248549958193345,-1,-0.05536161265063199
2025-07-28,AAVE,,-0.10101668141813375,0,0.0
2025-07-28,ADA,0.0,-0.05559094264690735,0,0.0
2025-07-28,ALGO,1.0,-0.07115543103625654,0,0.0
2025-07-28,APT,2.0,-0.09109707354846745,0,0.0
2025-07-28,ARB,1.0,0.30370348894210836,1,0.03567773751301148
2025-07-28,ATOM,1.0,-0.18153194159310868,-1,-0.032023309168791626
2025-07-28,AVAX,3.0,-0.02471600878335603,0,0.0
2025-07-28,BCH,4.0,-0.40154443586592875,-1,-0.05644771948691839
2025-07-28,BNB,3.0,-0.6033117414891942,-1,-0.04074734381432289
2025-07-28,BONK,0.0,0.8277779526868091,1,0.031304323830119975
2025-07-28,BTC,6.0,-0.8723509060471362,-1,-0.07155234051421677
2025-07-28,CAKE,5.0,0.1571802887858676,1,0.04753230027678882
2025-07-28,CHZ,1.0,-0.15096123624780994,0,0.0
2025-07-28,DASH,6.0,-0.34602963262725456,-1,-0.03297282628003297
2025-07-28,DEXE,0.0,-0.42140474373306747,-1,-0.08277796548910023
2025-07-28,DOGE,0.0,0.018527624499891895,0,0.0
2025-07-28,DOT,7.0,0.11946234409971862,0,0.0
2025-07-28,ENA,,0.37257496999504336,1,0.027096852673580057
2025-07-28,ETC,7.0,-0.32419360543604664,-1,-0.01940931642267325
2025-07-28,ETH,0.0,-0.283031595147675,-1,-0.026510150768451722
2025-07-28,FET,2.0,-0.009580319432211094,0,0.0
2025-07-28,FIL,6.0,-0.18649360091522135,-1,-0.030847193597092436
2025-07-28,HBAR,1.0,-0.060083439838390686,0,0.0
2025-07-28,ICP,7.0,-0.05880488711279946,0,0.0
2025-07-28,JST,5.0,-0.3693476710518384,-1,-0.051579439428117456
2025-07-28,JUP,3.0,0.3983749156177046,1,0.042472884776728684
2025-07-28,LINK,5.0,-0.21096722627262846,-1,-0.024097559986118715
2025-07-28,LTC,1.0,-0.5423193486500761,-1,-0.03363406264891715
2025-07-28,LUNC,7.0,-0.13577125127540088,0,0.0
2025-07-28,NEAR,2.0,-0.0011286666333302536,0,0.0
2025-07-28,NEXO,1.0,-0.21187947183692882,-1,-0.08277796548910023
2025-07-28,ONDO,1.0,0.3224279300388931,1,0.04924790913869257
2025-07-28,PENGU,0.0,0.898809493939458,1,0.014298611182457347
2025-07-28,PEPE,6.0,0.4821081127002081,1,0.03481569995045304
2025-07-28,POL,,0.21627856642051088,1,0.036389714031888294
2025-07-28,QNT,3.0,-0.12599982132983945,0,0.0
2025-07-28,RENDER,5.0,0.25644861262641955,1,0.041422610539210425
2025-07-28,SHIB,2.0,-0.0086629958187195,0,0.0
2025-07-28,SOL,0.0,-0.2226941904509755,-1,-0.036150368188047746
2025-07-28,STX,3.0,0.009383754168529362,0,0.0
2025-07-28,SUI,0.0,0.4171486344782357,1,0.037595975539305354
2025-07-28,TAO,0.0,0.2471380672547408,1,0.04226899805698435
2025-07-28,TON,2.0,0.21111577746568386,1,0.11282136401254286
2025-07-28,TRUMP,3.0,0.5741688651937158,1,0.05202121085132215
2025-07-28,TRX,0.0,0.15246883063745809,0,0.0
2025-07-28,UNI,7.0,0.024000143389993903,0,0.0
2025-07-28,VET,2.0,-0.07105507250094802,0,0.0
2025-07-28,VIRTUAL,6.0,0.5521943197044805,1,0.041521563652860284
2025-07-28,WLD,5.0,0.32567412575546234,1,0.03803424301985745
2025-07-28,XLM,7.0,-0.14087542056615124,0,0.0
2025-07-28,XRP,7.0,-0.2339479474448908,-1,-0.02306477111243988
2025-07-28,ZEC,6.0,-0.3694195116502448,-1,-0.039929666651461866
2025-08-04,AAVE,,-0.14208169604132811,-1,-0.02789295454355026
2025-08-04,ADA,0.0,-0.041883530701892796,0,0.0
2025-08-04,ALGO,0.0,0.20151873613006654,1,0.04039474233788343
2025-08-04,APT,1.0,0.01870415966402358,0,0.0
2025-08-04,ARB,6.0,0.20086565754791325,1,0.025597558991743256
2025-08-04,ATOM,6.0,-0.10880871075906089,0,-0.00013255730818088202
2025-08-04,AVAX,3.0,-0.06351461635686999,0,0.0
2025-08-04,BCH,4.0,-0.3455587245227846,-1,-0.05353532137529834
2025-08-04,BNB,6.0,-0.49919826752446556,-1,-0.03829963670724843
2025-08-04,BONK,0.0,0.45731793199060794,1,0.024331783523080908
2025-08-04,BTC,7.0,-0.5949461412323236,-1,-0.07926271048293564
2025-08-04,CAKE,3.0,0.08691944561259685,0,0.00019675523672852552
2025-08-04,CHZ,6.0,-0.07886823075999276,0,0.0
2025-08-04,DASH,8.0,-0.27948934053616814,-1,-0.031164414698702618
2025-08-04,DEXE,6.0,-0.13340336578842876,0,-0.00034265116775060445
2025-08-04,DOGE,5.0,-0.3160109003706705,-1,-0.015192839284478349
2025-08-04,DOT,2.0,0.16025674370033796,0,0.0
2025-08-04,ENA,,0.005173760819496134,0,0.00011216473074819253
2025-08-04,ETC,1.0,-0.538434187600831,-1,-0.018071301085427104
2025-08-04,ETH,6.0,-0.32782313669182933,-1,-0.02373366414788479
2025-08-04,FET,1.0,0.019643419136637818,0,0.0
2025-08-04,FIL,8.0,-0.14648713229917545,-1,-0.029462240451155287
2025-08-04,HBAR,0.0,0.13068764769104263,0,0.0
2025-08-04,ICP,2.0,0.05861969660755846,0,0.0
2025-08-04,JST,4.0,-0.36756812381313997,-1,-0.048803413175565274
2025-08-04,JUP,5.0,0.3523382459797388,1,0.030108824137283358
2025-08-04,LINK,3.0,-0.414095260520768,-1,-0.01745653409825252
2025-08-04,LTC,0.0,-0.5783778758395297,-1,-0.03140330273938916
2025-08-04,LUNC,2.0,-0.04559432265852726,0,0.0
2025-08-04,NEAR,1.0,-0.06305836360443216,0,0.0
2025-08-04,NEXO,6.0,-0.015613733860552505,0,-0.00034265116775060445
2025-08-04,ONDO,6.0,0.26420995441180956,1,0.036114894781364905
2025-08-04,PENGU,5.0,0.7130472196668322,1,0.01976221276219179
2025-08-04,PEPE,8.0,0.42453710367273023,1,0.028135523994075762
2025-08-04,POL,,0.23788715371509206,1,0.03098375734685872
2025-08-04,QNT,6.0,-0.1519386069902028,-1,-0.03403975009386513
2025-08-04,RENDER,3.0,0.18786975982394152,1,0.03211729928108094
2025-08-04,SHIB,1.0,-0.05439795305663967,0,0.0
2025-08-04,SOL,5.0,-0.1324888316229598,0,-0.00014964085914723202
2025-08-04,STX,5.0,0.07770892119845835,0,0.0
2025-08-04,SUI,0.0,0.36440717409263174,1,0.029489258733807405
2025-08-04,TAO,6.0,0.2891240135458688,1,0.03608044131303241
2025-08-04,TON,5.0,-0.21289069795831664,-1,-0.05755378451314502
2025-08-04,TRUMP,5.0,0.45565046814751176,1,0.04024660663965808
2025-08-04,TRX,2.0,0.5753775209754304,1,0.0914263053381495
2025-08-04,UNI,2.0,-0.08016552528137155,0,0.0
2025-08-04,VET,1.0,-0.07765810537858335,0,0.0
2025-08-04,VIRTUAL,8.0,0.3772536586977663,1,0.024641391230909398
2025-08-04,WLD,4.0,0.22722824788131912,1,0.02926937609656767
2025-08-04,XLM,2.0,0.5148203744631273,1,0.05218141391622834
2025-08-04,XRP,1.0,-0.3219724744798667,-1,-0.02787732088227591
2025-08-04,ZEC,8.0,-0.2688391589218325,-1,-0.0364736216093895
2025-08-11,AAVE,,-0.34445498085492743,-1,-0.018125636654671942
2025-08-11,ADA,0.0,-0.08077437576673724,0,0.0
2025-08-11,ALGO,1.0,0.22498028407333134,1,0.029475864987009964
2025-08-11,APT,2.0,0.0966388161462691,0,0.0
2025-08-11,ARB,0.0,0.08060308500156639,0,0.0
2025-08-11,ATOM,0.0,-0.008418490121184886,0,0.0
2025-08-11,AVAX,3.0,0.1811881222593535,1,0.022365276710067893
2025-08-11,BCH,2.0,-0.11987500748007712,-1,-0.03704339287392074
2025-08-11,BNB,5.0,-0.18164997374539882,-1,-0.025014467006021494
2025-08-11,BONK,1.0,0.4666320475740297,1,0.020990373266058432
2025-08-11,BTC,7.0,-0.4086608473602933,-1,-0.04970415640161501
2025-08-11,CAKE,6.0,0.06121853020693237,0,0.0
2025-08-11,CHZ,0.0,-0.07659112769256322,0,0.0
2025-08-11,DASH,0.0,-0.16162641809500836,-1,-0.024562695349375174
2025-08-11,DEXE,5.0,-0.26774567565431234,-1,-0.03964491188841667
2025-08-11,DOGE,1.0,0.03677279991383375,0,0.0
2025-08-11,DOT,7.0,0.10419595620846665,0,0.0
2025-08-11,ENA,,-0.7153637906753698,-1,-0.009256328341355313
2025-08-11,ETC,6.0,-0.15878412344955117,-1,-0.018722731530244216
2025-08-11,ETH,5.0,-0.19402593161097148,-1,-0.019370014217387592
2025-08-11,FET,2.0,0.036552716939151846,0,0.0
2025-08-11,FIL,7.0,-0.06667936954238567,0,0.0
2025-08-11,HBAR,1.0,0.20227679173711466,1,0.029010998718610258
2025-08-11,ICP,6.0,-0.05339010610816776,0,0.0
2025-08-11,JST,1.0,-0.5085148029949466,-1,-0.03297739750443246
2025-08-11,JUP,5.0,0.28501441342343614,1,0.01974697122271161
2025-08-11,LINK,3.0,-0.45680419972889763,-1,-0.011425855825907771
2025-08-11,LTC,2.0,-0.35833354819006114,-1,-0.033511642331319404
2025-08-11,LUNC,7.0,-0.049114321041736055,0,0.0
2025-08-11,NEAR,2.0,0.047905446291281385,0,0.0
2025-08-11,NEXO,0.0,-0.19421894130234613,-1,-0.04970415640161501
2025-08-11,ONDO,1.0,0.2795076710884778,1,0.02772864883091277
2025-08-11,PENGU,1.0,-0.09123316023163136,-1,-0.00890839390724503
2025-08-11,PEPE,7.0,0.1582235151437997,1,0.020047121039531456
2025-08-11,POL,,0.1256080320481536,1,0.019615502195371826
2025-08-11,QNT,5.0,-0.09343075588782904,-1,-0.021244105754633355
2025-08-11,RENDER,2.0,0.22504172204190995,1,0.024685553377945223
2025-08-11,SHIB,6.0,0.02771409926543556,0,0.0
2025-08-11,SOL,3.0,0.029859921894961006,0,0.0
2025-08-11,STX,3.0,0.10559035376636434,1,0.02319466383617343
2025-08-11,SUI,0.0,0.23757671763360008,1,0.018842796831888418
2025-08-11,TAO,5.0,0.18092559928497653,1,0.0226578358086905
2025-08-11,TON,4.0,-0.002608155316637343,0,0.0
2025-08-11,TRUMP,1.0,0.4930582488422263,1,0.034821479899616876
2025-08-11,TRX,1.0,0.5578757591518586,1,0.057616717326155927
2025-08-11,UNI,6.0,0.03778726836982867,0,0.0
2025-08-11,VET,1.0,0.04897776929142434,0,0.0
2025-08-11,VIRTUAL,7.0,0.09166237508015214,0,0.0
2025-08-11,WLD,2.0,0.20256798014163002,1,0.022493899294057523
2025-08-11,XLM,7.0,0.1911617709333803,1,0.03138521780997896
2025-08-11,XRP,6.0,-0.025355189470222604,0,0.0
2025-08-11,ZEC,0.0,-0.19946452143168963,-1,-0.025463035166619914
2025-08-18,AAVE,,-0.4124051802189184,-1,-0.014171408242989793
2025-08-18,ADA,0.0,-0.29761306226142814,-1,-0.014512677596417051
2025-08-18,ALGO,0.0,0.18368254033062553,1,0.018855130904532114
2025-08-18,APT,0.0,0.09597332544807315,0,0.0
2025-08-18,ARB,2.0,-0.07740965070440094,-1,-0.012647032896809244
2025-08-18,ATOM,2.0,0.11395025599934581,0,0.0
2025-08-18,AVAX,3.0,0.22335796606732142,1,0.014768368540854363
2025-08-18,BCH,4.0,0.16923468936961178,1,0.034990481014986995
2025-08-18,BFUSD,,0.06957153301586823,0,0.0
2025-08-18,BNB,6.0,0.19191417901550664,1,0.02248331678060986
2025-08-18,BONK,7.0,0.34152234936709286,1,0.015494969826331088
2025-08-18,BTC,0.0,-0.18346940746052437,-1,-0.04280938799377242
2025-08-18,CAKE,8.0,0.20881402139546804,1,0.018392878575024123
2025-08-18,CHZ,2.0,-0.05450202024991336,0,0.0
2025-08-18,DASH,0.0,-0.06359555261666913,0,0.0
2025-08-18,DEXE,3.0,-0.21296490020393094,-1,-0.030188550453482923
2025-08-18,DOGE,3.0,-0.07158275405229066,-1,-0.014928382928150628
2025-08-18,DOT,1.0,0.07781745765320802,0,0.0
2025-08-18,ENA,,-0.93161316066259,-1,-0.00988417633310779
2025-08-18,ETC,1.0,-0.16408999844439048,-1,-0.016099237295450423
2025-08-18,ETH,3.0,-0.18733743656859567,-1,-0.016752674352788807
2025-08-18,FET,0.0,-0.05282658185586174,0,0.0
2025-08-18,FIL,1.0,-0.07820864533374479,-1,-0.019271909374902654
2025-08-18,HBAR,7.0,0.2925676646672156,1,0.023632693820051093
2025-08-18,ICP,8.0,-0.04994710167172166,0,0.0
2025-08-18,JST,2.0,-0.533395959419536,-1,-0.026352323907337195
2025-08-18,JUP,3.0,0.2307338856923093,1,0.013494687546348706
2025-08-18,LINK,3.0,-0.7648758901604172,-1,-0.009894062595861142
2025-08-18,LTC,7.0,-0.3347135132812624,-1,-0.02860254421008003
2025-08-18,LUNC,8.0,0.05943092015129004,0,0.0
2025-08-18,NEAR,7.0,0.012556289672998457,0,0.0
2025-08-18,NEXO,7.0,-0.09576858193607395,-1,-0.04280938799377242
2025-08-18,ONDO,7.0,0.16877915573441163,1,0.018350053222633837
2025-08-18,PENGU,7.0,0.1699744576426544,1,0.01163903898971559
2025-08-18,PEPE,1.0,-0.009515104034402483,0,0.0
2025-08-18,POL,,0.003807292010984213,0,0.0
2025-08-18,QNT,8.0,0.2813525574980506,1,0.024218004249708602
2025-08-18,RENDER,7.0,0.10060540868153182,0,0.0
2025-08-18,SHIB,1.0,0.03895560769258598,0,0.0
2025-08-18,SOL,3.0,0.1686672033479226,1,0.01607643922934157
2025-08-18,STX,3.0,0.09903820189399604,0,0.0
2025-08-18,SUI,6.0,0.1749052652715526,1,0.01410454820751424
2025-08-18,TAO,6.0,0.1318497241094061,0,0.0
2025-08-18,TON,5.0,-0.045214014322092884,0,0.0
2025-08-18,TRUMP,6.0,0.3117806111711584,1,0.02257746308553033
2025-08-18,TRX,0.0,0.7181323086999906,1,0.03781477409424987
2025-08-18,UNI,8.0,-0.06876626571059469,0,0.0
2025-08-18,VET,0.0,0.13770312440351762,1,0.019996996067663576
2025-08-18,VIRTUAL,1.0,-0.10751876296899406,-1,-0.011937979233679822
2025-08-18,WLD,6.0,0.13735889297112677,0,0.0
2025-08-18,XLM,8.0,0.021152226811030884,0,0.0
2025-08-18,XRP,8.0,0.000642705437591662,0,0.0
2025-08-18,ZEC,2.0,-0.13849827708508905,-1,-0.01602810874649367
2025-08-25,AAVE,,-0.5576777783628502,-1,-0.013637688011076975
2025-08-25,ADA,0.0,-0.4403644908395201,-1,-0.012554886898138296
2025-08-25,ALGO,0.0,-0.03482709627096767,0,0.0
2025-08-25,APT,1.0,0.09525696342634672,0,0.0
2025-08-25,ARB,2.0,-0.20002497769515765,-1,-0.011287610415479935
2025-08-25,ATOM,2.0,0.073437279539441,0,0.0
2025-08-25,AVAX,0.0,0.24161395411882836,1,0.01584239987400758
2025-08-25,BCH,3.0,-0.06814578409767173,0,0.0
2025-08-25,BFUSD,,0.0689981739817734,0,0.0
2025-08-25,BNB,3.0,0.2592505326485602,1,0.027766097197294372
2025-08-25,BONK,4.0,0.5835231639156416,1,0.016407557482372298
2025-08-25,BTC,0.0,-0.2981309221818362,-1,-0.0354107427284671
2025-08-25,CAKE,5.0,0.1703778776810804,1,0.019165448290717462
2025-08-25,CHZ,2.0,0.070656313134445,0,0.0
2025-08-25,DASH,6.0,0.16919608503328348,1,0.02423720483168258
2025-08-25,DEXE,6.0,-0.09410593806968663,-1,-0.021694702030767624
2025-08-25,DOGE,2.0,-0.010973807315164463,0,0.0
2025-08-25,DOT,2.0,0.06354065684337683,0,0.0
2025-08-25,ENA,,-0.9961207415096706,-1,-0.008440486740174072
2025-08-25,ETC,2.0,-0.22766815295416262,-1,-0.014878691355821743
2025-08-25,ETH,3.0,-0.3435482796942111,-1,-0.01458112010270609
2025-08-25,FET,1.0,-0.06807556776215196,0,0.0
2025-08-25,FIL,5.0,-0.02507208580416011,0,0.0
2025-08-25,HBAR,4.0,0.12025414896118984,1,0.020904041361654756
2025-08-25,ICP,5.0,-0.15557944891798187,-1,-0.021118586162149275
2025-08-25,JST,2.0,-0.07376634352156247,-1,-0.0354107427284671
2025-08-25,JUP,1.0,0.44338702811985026,1,0.017039674353075254
2025-08-25,LINK,3.0,-0.7972604374830156,-1,-0.008957751880108202
2025-08-25,LTC,4.0,-0.37018941126109045,-1,-0.020734088565266155
2025-08-25,LUNC,5.0,0.029652347719927093,0,0.0
2025-08-25,NEAR,4.0,-0.012457773212676056,0,0.0
2025-08-25,NEXO,4.0,-0.17373500270369907,-1,-0.0354107427284671
2025-08-25,ONDO,4.0,0.1474161593072937,1,0.016885387229473036
2025-08-25,PENGU,4.0,0.035030944082535,0,0.0
2025-08-25,PEPE,5.0,0.02540641049450582,0,0.0
2025-08-25,POL,,0.4645614748849011,1,0.017502728267524276
2025-08-25,QNT,1.0,0.42509838840505865,1,0.027766097197294372
2025-08-25,RENDER,4.0,0.11631603698751801,0,0.0
2025-08-25,SHIB,2.0,0.07962723114465164,0,0.0
2025-08-25,SOL,1.0,0.3116901577443388,1,0.021518668888392333
2025-08-25,STX,0.0,0.18843028607895432,1,0.01693669742976386
2025-08-25,SUI,4.0,0.17151375282560224,1,0.013872631786324013
2025-08-25,TAO,4.0,0.07566917102439674,0,0.0
2025-08-25,TON,3.0,-0.11640883731457266,-1,-0.03335749716014402
2025-08-25,TRUMP,0.0,0.48013638307904083,1,0.027766097197294372
2025-08-25,TRX,0.0,0.16262524141738235,1,0.027766097197294372
2025-08-25,UNI,5.0,-0.12734114322658824,-1,-0.013486732628796294
2025-08-25,VET,0.0,0.08172770076540764,0,0.0
2025-08-25,VIRTUAL,5.0,0.07127771242146798,0,0.0
2025-08-25,WLD,4.0,0.20751878265073767,1,0.015428896901730037
2025-08-25,XLM,5.0,-0.03997053773678532,0,0.0
2025-08-25,XRP,5.0,-0.13068527557418705,-1,-0.02584365534986496
2025-08-25,ZEC,2.0,-0.07106052492817427,0,0.0
2025-09-01,AAVE,,-0.8897629088289846,-1,-0.01429687472531553
2025-09-01,ADA,5.0,-0.8010571792177317,-1,-0.011285141636636438
2025-09-01,ALGO,1.0,-0.06830166889742721,0,0.0
2025-09-01,APT,6.0,0.2123723420789832,0,0.0
2025-09-01,ARB,3.0,-0.34949083195667957,-1,-0.01208438804400853
2025-09-01,ATOM,3.0,0.009549749118047396,0,0.0
2025-09-01,AVAX,5.0,0.2304956224842161,1,0.015658304835709666
2025-09-01,BCH,7.0,-0.3618896919622564,-1,-0.020948447856880097
2025-09-01,BFUSD,,0.07190779548320017,0,0.0
2025-09-01,BNB,2.0,0.0999363349380664,0,0.0
2025-09-01,BONK,0.0,0.49103047572533226,1,0.019965850487247257
2025-09-01,BTC,1.0,-0.3175333521303836,-1,-0.030231743904337003
2025-09-01,CAKE,0.0,0.2237036257844301,0,0.0
2025-09-01,CHZ,5.0,0.30188450444268555,1,0.022136327375623054
2025-09-01,DASH,1.0,0.38952911941067636,1,0.022136327375623054
2025-09-01,DEXE,4.0,-0.43858950971907906,-1,-0.023182752695073642
2025-09-01,DOGE,5.0,0.23798431394257064,1,0.018156663029168626
2025-09-01,DOT,3.0,0.09402665049746517,0,0.0
2025-09-01,ENA,,-0.4748560719308095,-1,-0.012912772624702269
2025-09-01,ETC,1.0,-0.09767066296506742,0,0.0
2025-09-01,ETH,2.0,-0.2406549310045434,-1,-0.021866517395342826
2025-09-01,FET,6.0,0.12583227792057103,0,0.0
2025-09-01,FIL,3.0,0.0947437659962495,0,0.0
2025-09-01,HBAR,0.0,0.10080450568137891,0,0.0
2025-09-01,ICP,5.0,-0.03406720143591106,0,0.0
2025-09-01,JST,4.0,-0.8523686280304569,-1,-0.02596446432779814
2025-09-01,JUP,6.0,0.6927431684528469,1,0.022136327375623054
2025-09-01,LINK,2.0,-0.5122336744202969,-1,-0.013548703135044606
2025-09-01,LTC,0.0,-0.2874841420845098,-1,-0.02746194057482662
2025-09-01,LUNC,3.0,0.07743337962431698,0,0.0
2025-09-01,NEAR,0.0,0.1275964186763115,0,0.0
2025-09-01,NEXO,0.0,-0.23099862276436406,-1,-0.030231743904337003
2025-09-01,ONDO,0.0,0.32811309694668583,1,0.022136327375623054
2025-09-01,PENGU,6.0,0.010982369085631136,0,0.0
2025-09-01,PEPE,5.0,0.30269608225046146,1,0.01889098592166212
2025-09-01,POL,,0.35438359872672237,1,0.022136327375623054
2025-09-01,QNT,6.0,0.2879761141009402,1,0.022136327375623054
2025-09-01,RENDER,7.0,0.2729995521132245,1,0.022136327375623054
2025-09-01,SHIB,3.0,0.23129403584871325,1,0.022136327375623054
2025-09-01,SOL,6.0,0.2163186239730756,0,0.0
2025-09-01,STX,1.0,0.3379327938520505,1,0.022136327375623054
2025-09-01,SUI,7.0,0.30038274033121837,1,0.016605767091311553
2025-09-01,TAO,7.0,0.1959879825637284,0,0.0
2025-09-01,TON,2.0,-0.4180342059519264,-1,-0.030231743904337003
2025-09-01,TRUMP,7.0,0.406465680477235,1,0.022136327375623054
2025-09-01,TRX,2.0,-0.18725884953136543,-1,-0.030231743904337003
2025-09-01,UNI,0.0,0.22098236858746334,0,0.0
2025-09-01,VET,1.0,-0.09548877057198514,0,0.0
2025-09-01,VIRTUAL,5.0,0.51333722408971,1,0.01779217775153404
2025-09-01,WLD,7.0,-0.2206371255318522,-1,-0.012705180280946294
2025-09-01,XLM,5.0,0.08717421764577064,0,0.0
2025-09-01,XRP,1.0,-0.10333355777864192,0,0.0
2025-09-01,ZEC,3.0,-0.6668889441357094,-1,-0.011248863958940782
2025-09-08,AAVE,,-0.7177495634208478,-1,-0.013616689025305488
2025-09-08,ADA,0.0,-0.02381911721954478,0,0.0
2025-09-08,ALGO,1.0,-0.021868268980095324,0,0.0
2025-09-08,APT,2.0,0.20838942826542797,1,0.022007767909577373
2025-09-08,ARB,3.0,0.07597483349887862,0,0.0
2025-09-08,ATOM,4.0,0.07233540752071344,0,0.0
2025-09-08,AVAX,4.0,0.04317007673355887,0,0.0
2025-09-08,BCH,5.0,-0.36002681677934756,-1,-0.0198181542956903
2025-09-08,BFUSD,,0.502181207874916,1,0.02590441197217193
2025-09-08,BNB,6.0,0.30357205277290006,1,0.02590441197217193
2025-09-08,BONK,7.0,0.19437158660474776,1,0.011992327155731598
2025-09-08,BTC,1.0,-0.30143828931745564,-1,-0.028781125437958213
2025-09-08,CAKE,6.0,0.19254835520791092,1,0.023609598704676545
2025-09-08,CHZ,8.0,0.2789049163637421,1,0.02590441197217193
2025-09-08,DASH,0.0,-0.00520511126003273,0,0.0
2025-09-08,DEXE,2.0,-0.5027170766384154,-1,-0.023115512977966008
2025-09-08,DOGE,4.0,-0.10458908030409732,-1,-0.01139273051428724
2025-09-08,DOT,4.0,0.14493812481513352,0,0.0
2025-09-08,ENA,,-0.2959804971296801,-1,-0.01465655203306697
2025-09-08,ETC,1.0,-0.03933075689635894,0,0.0
2025-09-08,ETH,6.0,-0.10288755395481974,-1,-0.01960340992241947
2025-09-08,FET,2.0,0.0880714440075324,0,0.0
2025-09-08,FIL,8.0,0.1043789675320007,0,0.0
2025-09-08,HBAR,7.0,-0.041736729238021214,-1,-0.01636241625010911
2025-09-08,ICP,8.0,-0.056688752846751,-1,-0.027644377474617423
2025-09-08,JST,8.0,-0.8228717114884527,-1,-0.025259693700808657
2025-09-08,JUP,5.0,0.6923126933623995,1,0.02590441197217193
2025-09-08,LINK,6.0,0.03306254624173592,0,0.0
2025-09-08,LTC,7.0,-0.3137195454366478,-1,-0.025954633035987728
2025-09-08,LUNC,8.0,0.0401075564786151,0,0.0
2025-09-08,NEAR,7.0,0.058285240124437226,0,0.0
2025-09-08,NEXO,7.0,-0.2617092711091162,-1,-0.028781125437958213
2025-09-08,ONDO,4.0,0.025853832841620007,0,0.0
2025-09-08,PENGU,5.0,0.14574246453249612,1,0.010709704229866952
2025-09-08,PEPE,8.0,0.00503011473188455,0,0.0
2025-09-08,POL,,0.10685069949369158,0,0.0
2025-09-08,QNT,5.0,0.2627921910130342,1,0.02590441197217193
2025-09-08,RENDER,4.0,0.07424212592490709,0,0.0
2025-09-08,SHIB,4.0,0.14067972273574877,0,0.0
2025-09-08,SOL,2.0,0.15439040871294757,1,0.016226957972099013
2025-09-08,STX,1.0,0.2632736663734685,1,0.018895965156891764
2025-09-08,SUI,7.0,0.2793947112647132,1,0.014630332230733087
2025-09-08,TAO,7.0,0.16235485861936758,1,0.01483137748215154
2025-09-08,TON,0.0,-0.19578146942160626,-1,-0.028781125437958213
2025-09-08,TRUMP,7.0,0.3444718253741726,1,0.02590441197217193
2025-09-08,TRX,0.0,-0.0314056934471274,0,0.0
2025-09-08,UNI,6.0,0.23483809332121097,1,0.02321420617525854
2025-09-08,VET,0.0,0.0060792606210186406,0,0.0
2025-09-08,VIRTUAL,8.0,0.3821686032933214,1,0.013848771589532414
2025-09-08,WLD,7.0,-1.0870603703632973,-1,-0.005158560350509045
2025-09-08,WLFI,,0.05801948864074873,0,0.0
2025-09-08,XLM,8.0,0.016368727149636487,0,0.0
2025-09-08,XRP,1.0,-0.09727910852873227,-1,-0.023479327963346043
2025-09-08,ZEC,3.0,-0.3112904482681917,-1,-0.012988046581562267
2025-09-15,AAVE,,-0.2542212220664969,-1,-0.025810106472776217
2025-09-15,ADA,0.0,0.002540586073445185,0,0.0
2025-09-15,ALGO,0.0,0.06744039401266323,0,0.0
2025-09-15,APT,1.0,0.2584094310755667,1,0.022993876426308867
2025-09-15,ARB,2.0,0.20651314398166243,1,0.017227106078351956
2025-09-15,ATOM,2.0,-0.013948643766158526,0,0.0
2025-09-15,AVAX,3.0,0.22319789425881933,1,0.01096241696562991
2025-09-15,BCH,5.0,-0.3451511938064399,-1,-0.017536634097364102
2025-09-15,BFUSD,,0.3411766600684575,1,0.026846641918714186
2025-09-15,BNB,6.0,0.16484689414093417,1,0.021044975136940293
2025-09-15,BONK,6.0,0.2566451994926548,1,0.011616633166648812
2025-09-15,BTC,7.0,-0.32492140142330395,-1,-0.025810106472776217
2025-09-15,CAKE,6.0,0.18621753924641193,1,0.013438020701870194
2025-09-15,CHZ,2.0,0.21225524313075173,1,0.026846641918714186
2025-09-15,DASH,0.0,-0.1692322552090503,-1,-0.025810106472776217
2025-09-15,DEXE,3.0,-1.4624826895150655,-1,-0.003964641961834422
2025-09-15,DOGE,8.0,-0.08467212103385387,-1,-0.009457897756856048
2025-09-15,DOT,3.0,0.13528377427121965,0,0.0
2025-09-15,ENA,,-0.32926636274135296,-1,-0.010289383741005756
2025-09-15,ETC,0.0,0.0034267715328594236,0,0.0
2025-09-15,ETH,4.0,-0.07280341460165127,-1,-0.02050242025464356
2025-09-15,FET,1.0,0.06465554229064148,0,0.0
2025-09-15,FIL,7.0,0.036254240369093464,0,0.0
2025-09-15,HBAR,6.0,0.019144234341978116,0,0.0
2025-09-15,ICP,2.0,-0.05159427608899704,-1,-0.024943300236127203
2025-09-15,JST,3.0,-0.722522933256527,-1,-0.02276613835579745
2025-09-15,JUP,4.0,0.5212240558825276,1,0.026846641918714186
2025-09-15,LINK,4.0,0.019201868455349318,0,0.0
2025-09-15,LTC,8.0,-0.2840576954504936,-1,-0.02344796154826466
2025-09-15,LUNC,7.0,-0.05239900973638911,-1,-0.025810106472776217
2025-09-15,NEAR,6.0,0.13250650890516302,0,0.0
2025-09-15,NEXO,8.0,-0.27622185234210517,-1,-0.025810106472776217
2025-09-15,ONDO,8.0,0.02910644386456436,0,0.0
2025-09-15,PENGU,6.0,0.28691140670774445,1,0.011029929878546289
2025-09-15,PEPE,2.0,0.005198313266621439,0,0.0
2025-09-15,POL,,0.06192495367833874,0,0.0
2025-09-15,PUMP,0.0,0.24167620186930042,1,0.01850696888627196
2025-09-15,QNT,5.0,0.05059321204569399,0,0.0
2025-09-15,RENDER,4.0,0.17852850981616472,1,0.01563412495419405
2025-09-15,SHIB,8.0,-0.009260626744553113,0,0.0
2025-09-15,SOL,4.0,0.06526392878881246,0,0.0
2025-09-15,STX,0.0,0.2668747805047148,1,0.020382113952250838
2025-09-15,SUI,5.0,0.32248023565409556,1,0.015178110355817023
2025-09-15,TAO,5.0,0.15054498395903543,0,0.0
2025-09-15,TON,4.0,-0.26128911701357366,-1,-0.025810106472776217
2025-09-15,TRUMP,5.0,0.25378135097559446,1,0.026846641918714186
2025-09-15,TRX,8.0,-0.022012654777091654,0,0.0
2025-09-15,UNI,4.0,0.26887900011590554,1,0.025574253971443656
2025-09-15,VET,0.0,0.11247584868321663,0,0.0
2025-09-15,VIRTUAL,3.0,0.4620624235785238,1,0.0148124477610274
2025-09-15,WLD,5.0,-0.712447819827112,-1,-0.004478519456238809
2025-09-15,WLFI,,0.055858061934635266,0,0.0
2025-09-15,XLM,7.0,0.07902310213953992,0,0.0
2025-09-15,XRP,7.0,-0.11907613884661818,-1,-0.02108475136791467
2025-09-15,ZEC,2.0,-0.17454131086587094,-1,-0.012455258297453933
2025-09-22,AAVE,,-0.34739700693470527,-1,-0.024512279236305886
2025-09-22,ADA,0.0,0.0885036711494289,0,0.0
2025-09-22,ALGO,0.0,0.2979238222422663,1,0.021976326821756733
2025-09-22,APT,1.0,0.09934376671587498,1,0.021227819140789125
2025-09-22,ARB,2.0,0.3024750039789485,1,0.020269081739716508
2025-09-22,ATOM,3.0,-0.07920926253473067,-1,-0.024512279236305886
2025-09-22,AVAX,1.0,-0.024453779229167475,0,0.0
2025-09-22,BCH,6.0,-0.18318728276727578,-1,-0.016972684144873334
2025-09-22,BFUSD,,-0.058760766575796236,-1,-0.024512279236305886
2025-09-22,BNB,1.0,-0.10530024797931535,-1,-0.01621606459187848
2025-09-22,BONK,6.0,0.10908083943875489,1,0.009561326051467506
2025-09-22,BTC,6.0,-0.2025229946595171,-1,-0.024512279236305886
2025-09-22,CAKE,1.0,0.006070853904559671,0,0.0
2025-09-22,CHZ,3.0,-0.13474932134370404,-1,-0.024512279236305886
2025-09-22,DASH,8.0,-0.1332363241662939,-1,-0.024152927617425782
2025-09-22,DEXE,7.0,-0.774796049352933,-1,-0.0033125237106460077
2025-09-22,DOGE,4.0,-0.243745370227766,-1,-0.00876880539969694
2025-09-22,DOT,1.0,0.07052864904543087,0,0.0
2025-09-22,ENA,,0.06126898621553744,0,0.0
2025-09-22,ETC,0.0,0.05264914697639487,0,0.0
2025-09-22,ETH,4.0,0.011831118940058324,0,0.0
2025-09-22,FET,1.0,-0.024452475618684803,0,0.0
2025-09-22,FIL,3.0,-0.11486679034069956,-1,-0.018334448386132404
2025-09-22,HBAR,4.0,0.13529912293828514,1,0.017343410237801168
2025-09-22,ICP,3.0,0.0036646120556107983,0,0.0
2025-09-22,JST,8.0,-0.6351080723724389,-1,-0.024512279236305886
2025-09-22,JUP,4.0,0.27248375791381024,1,0.014864038525622398
2025-09-22,LINK,2.0,0.018407070664774025,0,0.0
2025-09-22,LTC,0.0,-0.12322600930492868,-1,-0.024512279236305886
2025-09-22,LUNC,3.0,-0.06757630832186516,-1,-0.024512279236305886
2025-09-22,NEAR,1.0,-0.012530957169462894,0,0.0
2025-09-22,NEXO,0.0,-0.1238199103265212,-1,-0.024512279236305886
2025-09-22,ONDO,4.0,-0.0037407301252932023,0,0.0
2025-09-22,PENGU,4.0,0.542873153925306,1,0.010730412359860388
2025-09-22,PEPE,3.0,-0.03612712376155687,0,0.0
2025-09-22,POL,,0.21596483357746366,1,0.02537934229765529
2025-09-22,PUMP,8.0,0.2344199505200596,1,0.019940903259436572
2025-09-22,QNT,6.0,0.09105409252032534,1,0.02537934229765529
2025-09-22,RENDER,4.0,0.047042184744358596,0,0.0
2025-09-22,SHIB,4.0,-0.10271942592057182,-1,-0.01592792037904681
2025-09-22,SKY,,-0.013288896369078703,0,0.0
2025-09-22,SOL,4.0,-0.010578966859991388,0,0.0
2025-09-22,STX,0.0,-0.04320094393118392,0,0.0
2025-09-22,SUI,6.0,0.1798827402449444,1,0.01632981339103011
2025-09-22,TAO,6.0,0.1881753092290384,1,0.017932243989975085
2025-09-22,TON,5.0,0.028433976483846796,0,0.0
2025-09-22,TRUMP,6.0,0.10716385975219374,1,0.02537934229765529
2025-09-22,TRX,4.0,0.1785014588141893,1,0.02537934229765529
2025-09-22,UNI,4.0,0.29045952583406637,1,0.019940903259436572
2025-09-22,VET,8.0,0.022146943939375587,0,0.0
2025-09-22,VIRTUAL,1.0,0.18552175612210137,1,0.011979268368187171
2025-09-22,WLD,6.0,-0.8898785081844434,-1,-0.004250105788319374
2025-09-22,WLFI,,0.05528153045302278,0,0.0
2025-09-22,XLM,3.0,0.47083528109525363,1,0.02493307680907164
2025-09-22,XRP,3.0,0.08426080600586296,0,0.0
2025-09-22,ZEC,2.0,0.0369256989367808,0,0.0
2025-09-29,AAVE,,-0.29828405612787445,-1,-0.02897621806932405
2025-09-29,ADA,0.0,0.08107125818604122,0,0.0
2025-09-29,ALGO,3.0,0.33968977821105156,1,0.021626797351569825
2025-09-29,APT,0.0,0.06844356202724683,0,0.0
2025-09-29,ARB,3.0,0.2857627537765961,1,0.023752803280643796
2025-09-29,ATOM,3.0,-0.17844228277033666,-1,-0.02897621806932405
2025-09-29,AVAX,7.0,-0.020717679192785735,0,0.0
2025-09-29,BCH,1.0,-0.04281943115368424,0,0.0
2025-09-29,BFUSD,,-0.12082497207783821,-1,-0.02897621806932405
2025-09-29,BNB,8.0,-0.0434438387171781,0,0.0
2025-09-29,BONK,5.0,0.17257351144658298,1,0.011442009391775006
2025-09-29,BTC,1.0,-0.1470506487392784,-1,-0.026183531114253096
2025-09-29,CAKE,8.0,0.08746334424603602,1,0.011139376742974695
2025-09-29,CHZ,6.0,-0.0826683657755401,-1,-0.02355401079649686
2025-09-29,DASH,0.0,-0.5577920040275514,-1,-0.004081754453116919
2025-09-29,DEXE,2.0,-0.1051453259186643,-1,-0.004039490669199403
2025-09-29,DOGE,4.0,-0.0879355729142496,-1,-0.010398134929627614
2025-09-29,DOT,7.0,0.07036686862808897,0,0.0
2025-09-29,ENA,,0.19403591761295003,1,0.024393161006607326
2025-09-29,ETC,3.0,0.10909494797924744,1,0.025332154092074337
2025-09-29,ETH,5.0,0.08403205855807495,0,0.0
2025-09-29,FET,0.0,-0.08016632283725529,-1,-0.024650432574325008
2025-09-29,FIL,3.0,-0.058209629479667055,-1,-0.021888729453330764
2025-09-29,HBAR,8.0,0.09049031287789185,1,0.02061866694461776
2025-09-29,ICP,6.0,0.05610830810177825,0,0.0
2025-09-29,JST,5.0,-0.7188728762624568,-1,-0.02897621806932405
2025-09-29,JUP,5.0,0.24803496689211202,1,0.018492121229046345
2025-09-29,LINK,3.0,-0.01094334603869675,0,0.0
2025-09-29,LTC,6.0,-0.040380428159492866,0,0.0
2025-09-29,LUNC,7.0,-0.1607720894318813,-1,-0.02897621806932405
2025-09-29,NEAR,8.0,0.01993079436552604,0,0.0
2025-09-29,NEXO,7.0,-0.12976343116756317,-1,-0.02897621806932405
2025-09-29,ONDO,4.0,0.040634667263989524,0,0.0
2025-09-29,PENGU,8.0,0.6524419586236673,1,0.012275350635834908
2025-09-29,PEPE,4.0,0.07372195466423237,0,0.0
2025-09-29,POL,,0.26045615513162007,1,0.02494250406626116
2025-09-29,PUMP,1.0,0.19352361003152016,1,0.021702193046183507
2025-09-29,QNT,4.0,-0.039114480388972785,0,0.0
2025-09-29,RENDER,4.0,0.0534853152347875,0,0.0
2025-09-29,SHIB,4.0,-0.08352064977948076,-1,-0.018484796761980622
2025-09-29,SKY,,-0.020147298194563363,0,0.0
2025-09-29,SOL,4.0,0.09691945613256579,1,0.012872065337748703
2025-09-29,STX,3.0,-0.037150669328911895,0,0.0
2025-09-29,SUI,4.0,0.262230975272687,1,0.01725623570868348
2025-09-29,TAO,4.0,0.2002236761704615,1,0.021778116271289796
2025-09-29,TON,1.0,0.04139628011122576,0,0.0
2025-09-29,TRUMP,4.0,0.08547386804843946,0,0.0
2025-09-29,TRX,5.0,0.0873509640193851,0,0.0
2025-09-29,UNI,5.0,0.3103337965325662,1,0.019152821262097348
2025-09-29,VET,0.0,0.0031582455127068614,0,0.0
2025-09-29,VIRTUAL,7.0,0.23688025646611655,1,0.014243889276417307
2025-09-29,WLD,4.0,-0.4525155994914977,-1,-0.00480931626352862
2025-09-29,WLFI,,-0.15970920386670365,-1,-0.011858088601604066
2025-09-29,XLM,7.0,0.5193780096216432,1,0.024562961554456166
2025-09-29,XRP,7.0,0.07465595560100777,0,0.0
2025-09-29,ZEC,6.0,-1.4229733255057226,-1,-0.0017776331648741866
2025-10-06,AAVE,,-0.23083817335710902,-1,-0.04135428444029126
2025-10-06,ADA,4.0,-0.16858829500897096,0,0.0
2025-10-06,ALGO,3.0,0.07383547346557226,0,0.007987836816489347
2025-10-06,APT,4.0,0.06655650762520879,0,0.0
2025-10-06,ARB,3.0,0.21702852304362077,1,0.03501674259331868
2025-10-06,ATOM,3.0,-0.17630343510035587,0,-0.01070233829513225
2025-10-06,AVAX,1.0,-0.06310427180213468,0,0.0
2025-10-06,BCH,6.0,-0.4344356521872961,-1,-0.0293090960818196
2025-10-06,BFUSD,,0.32590726727251634,1,0.039997538687894484
2025-10-06,BNB,1.0,-0.5033968452415052,-1,-0.020358360602494966
2025-10-06,BONK,0.0,0.5044300985576015,1,0.03110451286726812
2025-10-06,BTC,3.0,-0.7691469482695493,-1,-0.037806322935487406
2025-10-06,CAKE,1.0,0.015558701438095781,0,0.004114318094066743
2025-10-06,CHZ,3.0,-0.046796418469799206,0,-0.008699651250146302
2025-10-06,DASH,4.0,-0.3034197726458697,-1,-0.006882075800690571
2025-10-06,DEXE,1.0,-0.08286084204190033,0,-0.0014919819963520407
2025-10-06,DOGE,7.0,0.0994422874468911,0,-0.003840541142707583
2025-10-06,DOT,1.0,0.09578612360907825,0,0.0
2025-10-06,ENA,,0.4583759266610812,1,0.030444085629513003
2025-10-06,ETC,3.0,-0.26635511694131714,-1,-0.01708476887898408
2025-10-06,ETH,2.0,-0.3513870614615767,-1,-0.026106614610584684
2025-10-06,FET,4.0,-0.020766489290985644,0,-0.009104613580026398
2025-10-06,FIL,7.0,-0.09275158172532517,0,-0.008084581186534252
2025-10-06,HBAR,2.0,-0.04602532463396373,0,0.0076154848195863194
2025-10-06,ICP,3.0,-0.1261143752093979,0,0.0
2025-10-06,JST,0.0,-0.3637296638968738,-1,-0.05134518190377706
2025-10-06,JUP,2.0,0.14128382557035804,1,0.03585117569370598
2025-10-06,LINK,3.0,-0.27515536296712806,-1,-0.03275372529978239
2025-10-06,LTC,3.0,-0.46388021470250834,-1,-0.017502707412440522
2025-10-06,LUNC,7.0,-0.08620839289450061,0,-0.01070233829513225
2025-10-06,MORPHO,3.0,0.15259124946386793,1,0.025488242971541133
2025-10-06,NEAR,1.0,-0.06628063215207004,0,0.0
2025-10-06,NEXO,3.0,-0.4121487384463095,-1,-0.05134518190377706
2025-10-06,ONDO,7.0,0.09187951745913998,0,0.0
2025-10-06,PENGU,2.0,1.1337194693141692,1,0.025343248730593952
2025-10-06,PEPE,7.0,0.4682826118244416,1,0.022580239681010892
2025-10-06,POL,,0.16599105473981693,1,0.03946345879744244
2025-10-06,PUMP,4.0,0.2957021516528552,1,0.02312669065317309
2025-10-06,QNT,0.0,-0.2669263820076415,-1,-0.031722306372993114
2025-10-06,RENDER,2.0,0.10143652957181852,0,0.0
2025-10-06,SHIB,7.0,-0.006368502852955125,0,-0.006827341918471999
2025-10-06,SKY,,0.23607512359843724,1,0.025488242971541133
2025-10-06,SOL,2.0,-0.27967102710252784,-1,-0.015532779463556332
2025-10-06,STX,7.0,-0.006012418720257398,0,0.0
2025-10-06,SUI,6.0,0.3697983210886574,1,0.02651957284793617
2025-10-06,TAO,6.0,0.1257405898380885,0,0.008043726314056717
2025-10-06,TON,4.0,-0.22995436900537544,-1,-0.02196736365611612
2025-10-06,TRUMP,6.0,0.477289530998244,1,0.027318489083947742
2025-10-06,TRX,2.0,-0.20630029045452628,-1,-0.040642843608644806
2025-10-06,UNI,2.0,-0.027560616061706553,0,0.007074076125558002
2025-10-06,VET,4.0,-0.08233819722214342,0,0.0
2025-10-06,VIRTUAL,1.0,0.6396562764215782,1,0.0244347021020502
2025-10-06,WLD,6.0,0.2993223649888227,1,0.03656211506093188
2025-10-06,WLFI,,0.13730203076711417,1,0.009342240424223257
2025-10-06,XLM,1.0,0.2881373599717572,1,0.037823663806254765
2025-10-06,XRP,7.0,-0.22488149072922353,-1,-0.026241143983859357
2025-10-06,ZEC,5.0,-0.3014220137860313,-1,-0.0033322601523016497
2025-10-13,AAVE,,-0.3454404880543233,-1,-0.04415544062906577
2025-10-13,ADA,0.0,-0.17930984973687383,-1,-0.03969516970100158
2025-10-13,ALGO,1.0,-0.0033586281009377757,0,0.0
2025-10-13,APT,2.0,-0.0004804307915378947,0,0.0
2025-10-13,ARB,3.0,0.27724698585825136,1,0.0388314826132523
2025-10-13,ASTER,,0.23426287039131172,1,0.039574213650255166
2025-10-13,ATOM,3.0,-0.1627381260662116,-1,-0.05062968102118841
2025-10-13,AVAX,4.0,-0.067267685019797,0,0.0
2025-10-13,BCH,5.0,-0.45609236170374656,-1,-0.038495255051458
2025-10-13,BFUSD,,0.20611486927227557,1,0.07622099778867067
2025-10-13,BNB,2.0,-0.6290671640262253,-1,-0.021778186106486814
2025-10-13,BONK,1.0,0.5134918259962485,1,0.03883156527017531
2025-10-13,BTC,4.0,-0.799224338582976,-1,-0.04189180333860879
2025-10-13,CAKE,6.0,-0.10288184021572142,0,0.0
2025-10-13,CHZ,1.0,-0.0566717020747219,0,0.0
2025-10-13,DASH,1.0,-0.3319234953886565,-1,-0.0078018636489760864
2025-10-13,DEXE,6.0,0.09291266981289326,0,0.0
2025-10-13,DOGE,6.0,0.07833444579783272,0,0.0
2025-10-13,DOT,8.0,0.09795271761494545,0,0.0
2025-10-13,ENA,,0.5529988021807267,1,0.02009720537118786
2025-10-13,ETC,3.0,-0.25421130015192506,-1,-0.042307803198796075
2025-10-13,ETH,5.0,-0.36250304914511355,-1,-0.04155918718389888
2025-10-13,FET,2.0,-0.06153416732014635,0,0.0
2025-10-13,FIL,8.0,-0.06514135721171205,0,0.0
2025-10-13,HBAR,6.0,-0.0825379961174745,0,0.0
2025-10-13,ICP,8.0,-0.13470129360589744,0,0.0
2025-10-13,JST,5.0,-0.17779040513016603,-1,-0.06500238921395249
2025-10-13,JUP,5.0,0.17300108620814772,1,0.04615868253197643
2025-10-13,LINK,3.0,-0.31144809830955256,-1,-0.05106752046219152
2025-10-13,LTC,4.0,-0.46127550441345766,-1,-0.028139681989484713
2025-10-13,LUNC,1.0,0.007039965672475347,0,0.0
2025-10-13,MORPHO,3.0,0.20399610550362707,1,0.039574213650255166
2025-10-13,NEAR,4.0,-0.08243867982777742,0,0.0
2025-10-13,NEXO,4.0,-0.4382885367697711,-1,-0.06500238921395249
2025-10-13,ONDO,6.0,-0.020316470534007886,0,0.0
2025-10-13,PENGU,6.0,1.052013625698571,1,0.031419444992517885
2025-10-13,PEPE,6.0,0.46743006668054593,1,0.0336456437599661
2025-10-13,POL,,0.20305393555934573,1,0.04514032100695123
2025-10-13,PUMP,0.0,0.18391444381225686,1,0.023206038386734195
2025-10-13,QNT,6.0,-0.2804948979793512,-1,-0.047619770159549095
2025-10-13,RENDER,5.0,0.08171154623217175,0,0.0
2025-10-13,SHIB,6.0,-0.002687623164900528,0,0.0
2025-10-13,SKY,,0.0967690115060878,0,0.0
2025-10-13,SOL,5.0,-0.30760052458742104,-1,-0.033047089587475105
2025-10-13,STX,1.0,0.0412296613095318,0,0.0
2025-10-13,SUI,8.0,0.34327389231060296,1,0.03091707848618601
2025-10-13,TAO,1.0,0.17967479391396568,1,0.029295686597642204
2025-10-13,TON,0.0,-0.1630977281099653,-1,-0.034663111247838524
2025-10-13,TRUMP,1.0,0.5429086940249985,1,0.04080099692695664
2025-10-13,TRX,3.0,-0.14209934054435516,0,0.0
2025-10-13,UNI,5.0,0.004831156480738329,0,0.0
2025-10-13,VET,5.0,-0.10592925005374275,0,0.0
2025-10-13,VIRTUAL,6.0,0.6955736374928759,1,0.027149824955016576
2025-10-13,WLD,8.0,0.21236251105709247,1,0.06008400690837782
2025-10-13,WLFI,,0.3926565186660794,1,0.03651500386092368
2025-10-13,XLM,8.0,0.27235469177851873,1,0.04225264177990699
2025-10-13,XRP,8.0,-0.21700636901703974,-1,-0.04276007986427816
2025-10-13,ZEC,5.0,-0.40155182907662323,-1,-0.0040986269187498385
2025-10-20,AAVE,,-0.2329739692544421,-1,-0.03483307229519305
2025-10-20,ADA,0.0,-0.13718763366711653,0,0.0
2025-10-20,ALGO,9.0,0.024225582854816116,0,0.0
2025-10-20,APT,2.0,0.026564431220658956,0,0.0
2025-10-20,ARB,1.0,0.38171248534986335,1,0.036561093587314804
2025-10-20,ASTER,,0.22248558421998846,1,0.039174017203331794
2025-10-20,ATOM,1.0,-0.10939905893935506,0,0.0
2025-10-20,AVAX,4.0,-0.07683717608666721,0,0.0
2025-10-20,BCH,0.0,-0.36111006051528294,-1,-0.025311832634779215
2025-10-20,BFUSD,,0.23001375521494902,1,0.08935141864393542
2025-10-20,BNB,4.0,-0.745845087548994,-1,-0.025772592655839328
2025-10-20,BONK,6.0,0.5054135821036828,1,0.03783046955711087
2025-10-20,BTC,0.0,-0.8284580055301678,-1,-0.043773429386977286
2025-10-20,CAKE,4.0,-0.22206010328030648,-1,-0.022959892762076422
2025-10-20,CHZ,5.0,-0.07990300615935149,0,0.0
2025-10-20,DASH,5.0,-0.3482249829468427,-1,-0.00964159455653443
2025-10-20,DEXE,4.0,-0.007449658722655926,0,0.0
2025-10-20,DOGE,8.0,0.1627951496001508,0,0.0
2025-10-20,DOT,9.0,0.16330520609501942,1,0.035462433582316995
2025-10-20,ENA,,0.5551787628245236,1,0.022659737536429844
2025-10-20,ETC,1.0,-0.1444850646295255,-1,-0.03907471511903513
2025-10-20,ETH,5.0,-0.30756809306548155,-1,-0.04681744591898195
2025-10-20,FET,2.0,-0.12532118692841432,0,0.0
2025-10-20,FIL,6.0,-0.024594635178755896,0,0.0
2025-10-20,HBAR,8.0,0.040144767685578106,0,0.0
2025-10-20,ICP,9.0,-0.06383728750524907,0,0.0
2025-10-20,JST,2.0,-0.22604826718480758,-1,-0.07269580223142881
2025-10-20,JUP,9.0,0.2791123674569454,1,0.025377377673607232
2025-10-20,LINK,1.0,-0.16151183751928283,-1,-0.03802492124200471
2025-10-20,LTC,0.0,-0.43758042669708774,-1,-0.028593381502235
2025-10-20,LUNC,9.0,0.040330984145873994,0,0.0
2025-10-20,MORPHO,1.0,0.23291761863678345,1,0.039174017203331794
2025-10-20,NEAR,4.0,-0.03755567812507493,0,0.0
2025-10-20,NEXO,4.0,-0.6291562810176338,-1,-0.07269580223142881
2025-10-20,ONDO,9.0,0.12064935797214144,0,0.0
2025-10-20,PENGU,9.0,0.813823502403247,1,0.03611810823328877
2025-10-20,PEPE,8.0,0.5697560229820976,1,0.033894760449918154
2025-10-20,POL,,0.16315801532434088,0,0.0
2025-10-20,PUMP,3.0,0.38224038427420143,1,0.01899449438360825
2025-10-20,QNT,8.0,-0.34542063631484177,-1,-0.06175821302993377
2025-10-20,RENDER,9.0,0.13937938412054976,0,0.0
2025-10-20,SHIB,8.0,0.07647852800386706,0,0.0
2025-10-20,SKY,,0.2254874217691003,1,0.08935141864393542
2025-10-20,SOL,5.0,-0.24968855004407275,-1,-0.03509989294819876
2025-10-20,STX,6.0,0.046631049101933796,0,0.0
2025-10-20,SUI,6.0,0.2337680766653131,1,0.03347684899220713
2025-10-20,TAO,5.0,-0.19251916741057826,-1,-0.028097639294561105
2025-10-20,TON,5.0,-0.2396463670310327,-1,-0.03739561999458288
2025-10-20,TRUMP,6.0,0.39769890106807376,1,0.03938682467962767
2025-10-20,TRX,5.0,-0.47595588407407396,-1,-0.07269580223142881
2025-10-20,UNI,9.0,0.11035834762564249,0,0.0
2025-10-20,VET,5.0,-0.08219903957578781,0,0.0
2025-10-20,VIRTUAL,8.0,0.286409108420789,1,0.00870711248741563
2025-10-20,WLD,6.0,0.26468654644294587,1,0.04440525457235284
2025-10-20,WLFI,,0.3920392802736891,1,0.024952193358184577
2025-10-20,XLM,6.0,0.3243375529675971,1,0.04512241921208271
2025-10-20,XRP,6.0,-0.13176866370486182,0,0.0
2025-10-20,ZEC,2.0,-0.38679594816661794,-1,-0.0047583499647805534
2025-10-27,AAVE,,-0.4935706184907592,-1,-0.02226469796395299
2025-10-27,ADA,0.0,-0.0388683805816294,-1,-0.0134686009451082
2025-10-27,ALGO,1.0,-0.0428062715031857,-1,-0.019692699382891227
2025-10-27,APT,2.0,0.25526769878849664,1,0.008546319461553176
2025-10-27,ARB,3.0,0.1914831788638169,1,0.02323146600059256
2025-10-27,ASTER,,0.0391449942622135,0,0.011069237289843954
2025-10-27,ATOM,3.0,0.03712720178984408,0,0.0
2025-10-27,AVAX,4.0,0.2607306237261774,1,0.013751073385596918
2025-10-27,BCH,2.0,-0.211781558344176,-1,-0.015603796633280074
2025-10-27,BFUSD,,0.13388828679282225,1,0.05511534527769073
2025-10-27,BNB,4.0,-0.029724984474157168,-1,-0.01777332603472699
2025-10-27,BONK,8.0,0.21428425822114103,1,0.02422228344827604
2025-10-27,BTC,4.0,-0.23082114354276048,-1,-0.033512853869731345
2025-10-27,CAKE,4.0,-0.07033193222909875,-1,-0.019075114942809203
2025-10-27,CHZ,1.0,0.12121636400453155,1,0.01676632572486895
2025-10-27,DASH,7.0,-0.7416515936298058,-1,-0.005481270459796567
2025-10-27,DEXE,8.0,0.3575890647620124,1,0.0052048536562249335
2025-10-27,DOGE,6.0,0.06281510755466636,0,0.0
2025-10-27,DOT,1.0,0.12762110384233374,1,0.02317193274886576
2025-10-27,ENA,,-0.06538454218813601,-1,0.001331447751214885
2025-10-27,ETC,3.0,0.023269902693637753,0,-0.011041177917511764
2025-10-27,ETH,5.0,-0.000227096084084521,0,-0.013229008796615614
2025-10-27,FET,2.0,0.23937898657819623,1,0.011079829715830498
2025-10-27,FIL,2.0,0.16916404270467286,1,0.009385728873227863
2025-10-27,HBAR,7.0,0.11350205132181686,1,0.01387584434106302
2025-10-27,ICP,7.0,-0.11732709322782488,-1,-0.005053181754653436
2025-10-27,JST,8.0,-0.5573438430522653,-1,-0.044016481386530956
2025-10-27,JUP,6.0,0.0026200362252531487,0,0.007170778881448365
2025-10-27,LINK,3.0,-0.06219444838995534,-1,-0.023825716768875654
2025-10-27,LTC,2.0,-0.021825588165424726,0,-0.008079511557991421
2025-10-27,LUNC,6.0,0.00026974884995787187,0,0.0
2025-10-27,MORPHO,3.0,0.06794293022095076,0,0.011069237289843954
2025-10-27,NEAR,4.0,-0.0004056089083779163,0,0.0
2025-10-27,NEXO,4.0,-0.177161460314017,-1,-0.044016481386530956
2025-10-27,ONDO,1.0,0.06899343507847941,0,0.0
2025-10-27,PENGU,1.0,0.1500696153872156,1,0.026224271354947707
2025-10-27,PEPE,1.0,0.2293650849006056,1,0.022426177027240465
2025-10-27,POL,,0.24485318931767408,1,0.018239631047101072
2025-10-27,PUMP,7.0,0.12990430241785134,1,0.01199392794137234
2025-10-27,QNT,1.0,-0.07516170445434903,-1,-0.04092589280528415
2025-10-27,RENDER,6.0,0.09148938239640818,0,0.0
2025-10-27,SHIB,1.0,0.0731070296778532,0,0.0
2025-10-27,SKY,,-0.20598945260913237,-1,0.0017725203060654782
2025-10-27,SOL,5.0,0.09144047654477919,0,-0.009918029133317675
2025-10-27,STX,6.0,0.046151885264133635,0,0.0
2025-10-27,SUI,6.0,0.11033770971691972,0,0.009459412428590483
2025-10-27,TAO,7.0,-0.13572236636343274,-1,-0.01649821351608975
2025-10-27,TON,7.0,0.11200092772157881,0,-0.010566723069842954
2025-10-27,TRUMP,7.0,0.13991327255809657,1,0.019893319335614147
2025-10-27,TRX,5.0,0.09186798982108416,0,-0.020541347105111636
2025-10-27,UNI,6.0,0.11447071535132136,1,0.014278387107313821
2025-10-27,VET,5.0,0.010968197307530412,0,0.0
2025-10-27,VIRTUAL,7.0,-0.821477833540573,-1,0.00014823765435841366
2025-10-27,WLD,6.0,0.06893911514225705,0,0.012547406032575495
2025-10-27,WLFI,,0.15718385300600657,1,0.01537847881006998
2025-10-27,XLM,6.0,0.10097115252024313,0,0.012750052228697052
2025-10-27,XRP,6.0,-0.028845172223972832,0,0.0
2025-10-27,ZEC,2.0,-0.32072022301546105,-1,-0.0055193996894355715
2025-11-03,AAVE,,-0.3402600013769407,-1,-0.02981173236864317
2025-11-03,ADA,5.0,-0.27130919568301426,-1,-0.03812159632405261
2025-11-03,ALGO,1.0,0.12358532703421955,0,-0.0031499967894783876
2025-11-03,APT,2.0,0.15242367742687812,0,0.0013670486885681964
2025-11-03,ARB,3.0,0.3367368775728121,1,0.04974797687483544
2025-11-03,ASTER,,0.17551444061217647,0,0.0017706085512723489
2025-11-03,ATOM,3.0,-0.11555250613500957,0,0.0
2025-11-03,AVAX,3.0,-0.09071785976105191,0,0.002199588597495389
2025-11-03,BCH,6.0,-0.48364760424445125,-1,-0.019254958834602712
2025-11-03,BFUSD,,0.205804741106479,1,0.06281152282568395
2025-11-03,BNB,3.0,-0.6516034593945036,-1,-0.03419155055101769
2025-11-03,BONK,0.0,0.4402184236348548,1,0.046573395661727184
2025-11-03,BTC,5.0,-0.90716470188376,-1,-0.04897023199901383
2025-11-03,CAKE,4.0,-0.05681372854160255,0,-0.0030512094690778
2025-11-03,CHZ,1.0,0.0703018344403825,0,0.0026819011034398942
2025-11-03,DASH,2.0,-0.4350029689984188,-1,-0.005986605930249813
2025-11-03,DEXE,4.0,0.1908159158292818,1,0.029725998690914867
2025-11-03,DOGE,8.0,-0.07988596393627401,0,0.0
2025-11-03,DOT,1.0,0.21716113632841713,1,0.03669012081254965
2025-11-03,ENA,,0.3622543418250967,1,0.01423694122782351
2025-11-03,ETC,3.0,-0.15212244674013595,-1,-0.046919602694997106
2025-11-03,ETH,3.0,-0.4562164052612697,-1,-0.042815472472381294
2025-11-03,FET,2.0,-0.14860268665690146,-1,-0.006143780588918991
2025-11-03,FIL,2.0,-0.03630164111630303,0,0.0015013185974528265
2025-11-03,HBAR,6.0,0.09159504277304906,0,0.0022195466591859985
2025-11-03,ICP,2.0,-0.10033822333390331,0,-0.0008082947895725265
2025-11-03,JST,6.0,-0.13357690976869274,0,-0.0070407704071371105
2025-11-03,JUP,5.0,0.10026625363098265,0,0.0011470205285439893
2025-11-03,LINK,3.0,-0.21376104737798168,-1,-0.03272588987167996
2025-11-03,LTC,2.0,-0.3073731017091655,-1,-0.031335525462773114
2025-11-03,LUNC,5.0,-0.11933179042557503,0,0.0
2025-11-03,MORPHO,3.0,0.2801734440602864,1,0.051017290244173355
2025-11-03,NEAR,1.0,-0.13135487669810486,0,0.0
2025-11-03,NEXO,4.0,-0.5848939571743186,-1,-0.05219425286051625
2025-11-03,ONDO,8.0,0.1341529914301784,0,0.0
2025-11-03,PENGU,3.0,0.9337219738955337,1,0.035227891934481476
2025-11-03,PEPE,8.0,0.3645471444381923,1,0.04458877781883128
2025-11-03,POL,,0.1304344295762156,0,0.0029175674762777683
2025-11-03,PUMP,7.0,0.32954107349737494,1,0.01969918711316645
2025-11-03,QNT,2.0,-0.15131524224245452,-1,-0.048212906000623716
2025-11-03,RENDER,1.0,0.25950800885970876,1,0.03607527980800337
2025-11-03,SHIB,8.0,-0.1431718639461285,-1,-0.04515348245337914
2025-11-03,SKY,,0.12337572986055868,0,0.00028352808138849286
2025-11-03,SOL,3.0,-0.35837855289280696,-1,-0.03037878127084096
2025-11-03,STX,5.0,0.016117467094393954,0,0.0
2025-11-03,SUI,5.0,0.2158595022148188,1,0.0407845577704921
2025-11-03,TAO,6.0,-0.1149220495947128,0,-0.0026390145199170593
2025-11-03,TON,6.0,-0.2516666007438017,-1,-0.044124614873754464
2025-11-03,TRUMP,6.0,0.35346578349363955,1,0.02920427078299108
2025-11-03,TRX,3.0,-0.22926845882425242,-1,-0.04843922688965881
2025-11-03,UNI,1.0,0.08423476602557405,0,0.002283936431083872
2025-11-03,VET,1.0,0.026369566382859214,0,0.0
2025-11-03,VIRTUAL,6.0,0.2543417914009276,1,0.005795509866284565
2025-11-03,WLD,5.0,0.2591982796237951,1,0.04117141983322713
2025-11-03,WLFI,,0.3194726325249698,1,0.026424671234935207
2025-11-03,XLM,5.0,0.352236615721338,1,0.05125153211549831
2025-11-03,XRP,5.0,-0.18015507073081788,-1,-0.027904611581369827
2025-11-03,ZEC,2.0,0.3412797028773618,1,0.009975699673328804
2025-11-10,AAVE,,-0.2903688509771258,-1,-0.02545067543429496
2025-11-10,ADA,0.0,-0.2804870745663076,-1,-0.03223182448651959
2025-11-10,ALGO,1.0,0.06810701868888455,0,0.0
2025-11-10,APT,2.0,0.1535974845338399,0,0.0
2025-11-10,ARB,3.0,0.2881443521473827,1,0.036725609498104744
2025-11-10,ASTER,4.0,0.3773233292011854,1,0.035169973340991895
2025-11-10,ATOM,6.0,-0.14375753634758684,-1,-0.05648157112275887
2025-11-10,AVAX,0.0,-0.11023281155161527,0,0.0
2025-11-10,BCH,7.0,-0.4354423365707452,-1,-0.02436582559764781
2025-11-10,BFUSD,,-0.16246013777144708,-1,-0.05648157112275887
2025-11-10,BNB,2.0,-0.6825965756307734,-1,-0.05648157112275887
2025-11-10,BONK,8.0,0.28305079567547115,1,0.04332743987832081
2025-11-10,BTC,2.0,-0.8987315346798586,-1,-0.0437265017662953
2025-11-10,CAKE,1.0,-0.06203009526756497,0,0.0
2025-11-10,CHZ,1.0,0.010447629255851975,0,0.0
2025-11-10,DASH,6.0,-0.390713668810246,-1,-0.0071702727811979745
2025-11-10,DEXE,7.0,0.28979041518352744,1,0.03693270343030918
2025-11-10,DOGE,6.0,-0.09013466785093013,0,0.0
2025-11-10,DOT,1.0,0.1720416126393111,1,0.039086118014846245
2025-11-10,ENA,,0.4589755088105402,1,0.03061807349624609
2025-11-10,ETC,6.0,-0.18250045295027476,-1,-0.04894709785492828
2025-11-10,ETH,6.0,-0.42300823243374003,-1,-0.03732805003468542
2025-11-10,FET,4.0,-0.09542116522660356,0,0.0
2025-11-10,FIL,4.0,-0.0036420662813580282,0,0.0
2025-11-10,HBAR,7.0,0.07187261354947035,0,0.0
2025-11-10,ICP,4.0,0.09261309671249392,0,0.0
2025-11-10,JST,8.0,-0.2604028912511447,-1,-0.05648157112275887
2025-11-10,JUP,0.0,0.14686840070042834,0,0.0
2025-11-10,LINK,6.0,-0.23675045366532715,-1,-0.03108782002901481
2025-11-10,LTC,6.0,-0.38665636515770346,-1,-0.02651848763911169
2025-11-10,LUNC,0.0,-0.058361188562703184,0,0.0
2025-11-10,MORPHO,5.0,0.20849381483689686,1,0.07704623677571973
2025-11-10,NEAR,1.0,-0.05716434344355728,0,0.0
2025-11-10,NEXO,0.0,-0.4934665918121439,-1,-0.05648157112275887
2025-11-10,ONDO,3.0,0.1422976253146948,0,0.0
2025-11-10,PENGU,0.0,0.8777695931411363,1,0.04427289992301678
2025-11-10,PEPE,3.0,0.3039872342028853,1,0.04120890616815722
2025-11-10,POL,,0.13511297842259173,0,0.0
2025-11-10,PUMP,7.0,0.3318028485798814,1,0.024148619580357605
2025-11-10,QNT,4.0,-0.11785556635002373,0,0.0
2025-11-10,RENDER,1.0,0.20108302055121913,1,0.04061715592333449
2025-11-10,SHIB,3.0,-0.1989513964563425,-1,-0.043509432458862546
2025-11-10,SKY,,0.09723261798843942,0,0.0
2025-11-10,SOL,0.0,-0.3164520772781495,-1,-0.028073195633544296
2025-11-10,STX,3.0,-0.022146519502855646,0,0.0
2025-11-10,SUI,0.0,0.21870283469998497,1,0.03935774041964405
2025-11-10,TAO,7.0,-0.13370612497459905,0,0.0
2025-11-10,TON,7.0,-0.24310995211566,-1,-0.035003003934395795
2025-11-10,TRUMP,3.0,0.30228352523781943,1,0.03481861355380541
2025-11-10,TRX,5.0,-0.08889539671352907,0,0.0
2025-11-10,UNI,5.0,0.15710820672305492,0,0.0
2025-11-10,VET,1.0,-0.008905695594924838,0,0.0
2025-11-10,VIRTUAL,7.0,0.27118239914846237,1,0.007937855646760411
2025-11-10,WLD,3.0,0.21581828715936857,1,0.043445948915317105
2025-11-10,WLFI,,0.49315881705697057,1,0.03305875307413527
2025-11-10,XLM,0.0,0.3892973650629392,1,0.06351513179220335
2025-11-10,XRP,6.0,-0.2590601108089005,-1,-0.034179956735707076
2025-11-10,ZEC,6.0,0.37524845537900625,1,0.028712220568729616
2025-11-17,AAVE,,-0.16969514326770482,0,0.0
2025-11-17,ADA,0.0,-0.2867218894543377,-1,-0.0433146899707462
2025-11-17,ALGO,1.0,0.09815664428334318,0,0.0
2025-11-17,APT,2.0,0.2229394290980464,1,0.04885098814610702
2025-11-17,ARB,3.0,0.3212930601439391,1,0.03713502120433286
2025-11-17,ASTER,4.0,0.23859254085592768,1,0.02160405993986237
2025-11-17,ATOM,3.0,-0.3253140591768723,-1,-0.045142717054597874
2025-11-17,AVAX,2.0,-0.0816172440113283,0,0.0
2025-11-17,BCH,5.0,-0.3508977253936379,-1,-0.0274557436299656
2025-11-17,BFUSD,,-0.23437301605369062,-1,-0.045142717054597874
2025-11-17,BNB,2.0,-0.7699580406404238,-1,-0.045142717054597874
2025-11-17,BONK,8.0,0.3133348263697686,1,0.055520399079747054
2025-11-17,BTC,2.0,-0.9024225785535714,-1,-0.045142717054597874
2025-11-17,CAKE,8.0,-0.06762736349520253,0,0.0
2025-11-17,CHZ,1.0,-0.13322225380842406,0,0.0
2025-11-17,DASH,9.0,-0.2297920564385915,-1,-0.004609439353023343
2025-11-17,DEXE,2.0,0.2800470079248249,1,0.02636439792537869
2025-11-17,DOGE,3.0,-0.08589136666410234,0,0.0
2025-11-17,DOT,1.0,-0.11133494231971694,0,0.0
2025-11-17,ENA,,0.5449529860525331,1,0.047379507078759285
2025-11-17,ETC,8.0,-0.1746585685221303,-1,-0.045142717054597874
2025-11-17,ETH,6.0,-0.3948407791716596,-1,-0.045142717054597874
2025-11-17,FET,4.0,-0.10057726067661871,0,0.0
2025-11-17,FIL,4.0,-0.07005251240924128,0,0.0
2025-11-17,HBAR,6.0,0.12036343845050462,0,0.0
2025-11-17,ICP,4.0,0.01751830561480007,0,0.0
2025-11-17,JST,5.0,-0.24130088752696927,-1,-0.045142717054597874
2025-11-17,JUP,3.0,0.2546748810221043,1,0.04813678878399938
2025-11-17,LINK,6.0,-0.19249979956210422,-1,-0.045142717054597874
2025-11-17,LTC,8.0,-0.4019609018492848,-1,-0.01943016446703577
2025-11-17,LUNC,3.0,-0.14790186981716985,0,0.0
2025-11-17,MORPHO,9.0,0.3120003628332779,1,0.024567446567626976
2025-11-17,NEAR,1.0,-0.08999850770405592,0,0.0
2025-11-17,NEXO,2.0,-0.43212847208162997,-1,-0.045142717054597874
2025-11-17,ONDO,3.0,0.17598225272359042,0,0.0
2025-11-17,PENGU,0.0,0.7887310137922079,1,0.05978606408359076
2025-11-17,PEPE,3.0,0.34471939225594556,1,0.05849599777779874
2025-11-17,POL,,0.11185903468094527,0,0.0
2025-11-17,PUMP,2.0,0.40836333033217115,1,0.03250477779796315
2025-11-17,QNT,4.0,-0.18990517018899486,-1,-0.045142717054597874
2025-11-17,RENDER,8.0,0.19444006176717732,0,0.0
2025-11-17,SHIB,8.0,-0.1904375301904808,-1,-0.04467017789243199
2025-11-17,SKY,,0.1428675129778842,0,0.0
2025-11-17,SOL,0.0,-0.2158347531350353,-1,-0.04093505645332633
2025-11-17,STX,3.0,0.024355148914629754,0,0.0
2025-11-17,SUI,0.0,0.2737498879052617,1,0.05101624144716101
2025-11-17,TAO,5.0,-0.16825868086892407,0,0.0
2025-11-17,TON,6.0,-0.21775416813422835,-1,-0.02301484063289423
2025-11-17,TRUMP,6.0,0.27711989969885076,1,0.020945587101792694
2025-11-17,TRX,9.0,-0.15673993199573402,0,0.0
2025-11-17,UNI,9.0,0.033324147745200636,0,0.0
2025-11-17,VET,1.0,-0.11375432093377935,0,0.0
2025-11-17,VIRTUAL,5.0,0.7924601116774106,1,0.019149941974289198
2025-11-17,WLD,3.0,0.2729336518597848,1,0.050001861752673245
2025-11-17,WLFI,,0.4576278694491907,1,0.02791596798292708
2025-11-17,XLM,0.0,0.3423293178269958,1,0.05978606408359076
2025-11-17,XRP,0.0,-0.40935611454822285,-1,-0.045142717054597874
2025-11-17,ZEC,9.0,0.29209179233755006,1,0.01083888727239958
2025-11-24,AAVE,,-0.19948294538806063,-1,-0.0318919787742932
2025-11-24,ADA,6.0,-0.24885674571486516,-1,-0.03799406283379378
2025-11-24,ALGO,1.0,-0.07701267276644444,0,0.0
2025-11-24,APT,2.0,0.08538219654495034,0,0.0
2025-11-24,ARB,5.0,0.3296083322733496,1,0.03349579391873751
2025-11-24,ASTER,4.0,0.20696844333411948,1,0.029783989913644726
2025-11-24,ATOM,8.0,-0.354323246207861,-1,-0.06529298729204804
2025-11-24,AVAX,6.0,0.004982973829690996,0,0.0
2025-11-24,BCH,5.0,-0.3728907182662747,-1,-0.041264745167242385
2025-11-24,BFUSD,,-0.4101512465965979,-1,-0.06529298729204804
2025-11-24,BNB,10.0,-0.5809087264494247,-1,-0.05506790971926476
2025-11-24,BONK,1.0,0.31105788755820357,1,0.03685466298237259
2025-11-24,BTC,10.0,-0.8101249870420345,-1,-0.0526718392180831
2025-11-24,CAKE,8.0,0.033281637097873296,0,0.0
2025-11-24,CHZ,0.0,-0.08175118441999332,0,0.0
2025-11-24,DASH,8.0,0.18246039081332935,1,0.023882590663794157
2025-11-24,DEXE,2.0,0.016699428341973847,0,0.0
2025-11-24,DOGE,1.0,-0.02952556593566183,0,0.0
2025-11-24,DOT,0.0,-0.14354862892043202,0,0.0
2025-11-24,ENA,,0.5101197243004777,1,0.03332313705293927
2025-11-24,ETC,1.0,-0.10719674900593469,0,0.0
2025-11-24,ETH,6.0,-0.2926335770493456,-1,-0.03667338395419261
2025-11-24,FET,0.0,-0.1613236824603929,0,0.0
2025-11-24,FIL,0.0,-0.2133409750577807,-1,-0.007549492540485183
2025-11-24,HBAR,9.0,0.13612032853527972,0,0.0
2025-11-24,ICP,0.0,-0.16265854367699026,-1,-0.006584769529813866
2025-11-24,JST,5.0,-0.2555037014635764,-1,-0.05426287788969666
2025-11-24,JUP,3.0,0.23943543587481667,1,0.036429587220901144
2025-11-24,LINK,3.0,-0.1350195438527076,0,0.0
2025-11-24,LTC,2.0,-0.45981899765561085,-1,-0.02816206219614596
2025-11-24,LUNC,3.0,-0.016118718197099074,0,0.0
2025-11-24,MORPHO,8.0,0.24182017010677112,1,0.03312196922849295
2025-11-24,NEAR,0.0,-0.21620791015730134,-1,-0.010896793966041563
2025-11-24,NEXO,10.0,-0.36562980125792505,-1,-0.06529298729204804
2025-11-24,ONDO,1.0,0.1740472008924649,1,0.037057326626564385
2025-11-24,PENGU,6.0,0.9660522346477836,1,0.03834206047086628
2025-11-24,PEPE,5.0,0.3555849351492974,1,0.03175397261762229
2025-11-24,POL,,0.13362260918085742,0,0.0
2025-11-24,PUMP,9.0,0.3001993961236619,1,0.021317366492503948
2025-11-24,QNT,0.0,-0.2139603314087195,-1,-0.019975714973562396
2025-11-24,RENDER,8.0,0.18749617211820804,1,0.03718419123437951
2025-11-24,SHIB,1.0,-0.15621886641900845,0,0.0
2025-11-24,SKY,,0.07220067960249874,0,0.0
2025-11-24,SOL,6.0,-0.22446439234258095,-1,-0.03920661414471017
2025-11-24,STX,1.0,0.04008559172928769,0,0.0
2025-11-24,SUI,6.0,0.26138152466396025,1,0.028170124430014796
2025-11-24,TAO,9.0,-0.040915859142809166,0,0.0
2025-11-24,TON,9.0,-0.17580912640898094,-1,-0.027318107008433488
2025-11-24,TRUMP,2.0,0.32969772853309515,1,0.06908348236363665
2025-11-24,TRX,4.0,-0.0802096099772798,0,0.0
2025-11-24,UNI,8.0,0.010252920593457605,0,0.0
2025-11-24,VET,0.0,-0.11037662694766161,0,0.0
2025-11-24,VIRTUAL,9.0,0.7613845672667049,1,0.033251327886238746
2025-11-24,WLD,5.0,0.30555562957106625,1,0.04735895383437586
2025-11-24,WLFI,,0.43823289186644987,1,0.05083462646621195
2025-11-24,XLM,6.0,0.3810081633668039,1,0.07875483659670314
2025-11-24,XRP,3.0,-0.40833175538313726,-1,-0.05460068620809685
2025-11-24,ZEC,8.0,0.0895762416560588,0,0.0
2025-12-01,AAVE,,-0.19253581857263757,-1,-0.024711233378316814
2025-12-01,ADA,0.0,-0.17350560974730525,0,0.0
2025-12-01,ALGO,1.0,0.0420288814635848,0,0.0
2025-12-01,APT,2.0,-0.20542703328894044,-1,-0.056863295085729626
2025-12-01,ARB,2.0,0.36767218783133293,1,0.03385751006590323
2025-12-01,ASTER,3.0,0.21132059090304767,1,0.02863416411586388
2025-12-01,ATOM,3.0,-0.44605236805988074,-1,-0.056863295085729626
2025-12-01,AVAX,2.0,-0.0706416183737516,0,0.0
2025-12-01,BCH,0.0,-0.34277294605707653,-1,-0.03692817124868053
2025-12-01,BFUSD,,-0.28762647043969736,-1,-0.056863295085729626
2025-12-01,BNB,2.0,-0.5071816703846859,-1,-0.04436172185824655
2025-12-01,BONK,2.0,0.3078635071412173,1,0.03517395236514236
2025-12-01,BTC,2.0,-0.7721264908113364,-1,-0.043012179074832894
2025-12-01,CAKE,3.0,0.01972899118960779,0,0.0
2025-12-01,CHZ,6.0,-0.19369276496358612,-1,-0.0316993280084915
2025-12-01,DASH,3.0,0.16701297575789106,0,0.0
2025-12-01,DEXE,2.0,-0.0460711240354704,0,0.0
2025-12-01,DOGE,1.0,-0.07605439711946962,0,0.0
2025-12-01,DOT,6.0,-0.01878663395190946,0,0.0
2025-12-01,ENA,,0.5350327987752241,1,0.03164341874803988
2025-12-01,ETC,1.0,-0.15955450273302627,0,0.0
2025-12-01,ETH,0.0,-0.25455564522919544,-1,-0.029604362609378654
2025-12-01,FET,6.0,0.08844786235991339,0,0.0
2025-12-01,FIL,6.0,0.48288745409128336,1,0.032990726323021115
2025-12-01,HBAR,8.0,0.06892953597469337,0,0.0
2025-12-01,ICP,6.0,0.6768122775144182,1,0.028884301099141352
2025-12-01,JST,7.0,-0.5163582053338718,-1,-0.02941931294175882
2025-12-01,JUP,2.0,0.24107204804488586,1,0.03675114284763001
2025-12-01,LINK,0.0,-0.11211952058354814,0,0.0
2025-12-01,LTC,1.0,-0.3422200227933697,-1,-0.04033601805171098
2025-12-01,LUNC,0.0,-0.5087970011879831,-1,-0.005942653562480945
2025-12-01,MORPHO,3.0,0.23478015570703414,1,0.03184139971713237
2025-12-01,NEAR,6.0,0.2332780734888249,1,0.033833243934711626
2025-12-01,NEXO,4.0,-0.3177072585357438,-1,-0.04572619728856928
2025-12-01,ONDO,7.0,0.18545121948351392,0,0.0
2025-12-01,PENGU,4.0,1.0561332443186564,1,0.032967422843587356
2025-12-01,PEPE,2.0,0.3513396751639693,1,0.031145290648044645
2025-12-01,POL,,0.15265693419209492,0,0.0
2025-12-01,PUMP,8.0,0.1991779855706632,0,0.0
2025-12-01,QNT,3.0,-0.3957833497106897,-1,-0.014457611646833339
2025-12-01,RENDER,3.0,0.2122830027953191,1,0.053720911556310404
2025-12-01,SHIB,1.0,-0.15504113817264067,0,0.0
2025-12-01,SKY,,-0.02685602463625648,0,0.0
2025-12-01,SOL,0.0,-0.17359371728319387,0,0.0
2025-12-01,STX,1.0,0.027559461572732372,0,0.0
2025-12-01,SUI,4.0,0.32843275586327697,1,0.024577044233361215
2025-12-01,TAO,8.0,0.0007520158946728354,0,0.0
2025-12-01,TON,8.0,-0.16105082474301746,0,0.0
2025-12-01,TRUMP,1.0,0.2111462059129064,1,0.07920001130934282
2025-12-01,TRX,4.0,-0.6905488337887635,-1,-0.056863295085729626
2025-12-01,UNI,3.0,-0.019080753807658217,0,0.0
2025-12-01,VET,6.0,-0.18889511684120527,-1,-0.04206660661279859
2025-12-01,VIRTUAL,8.0,0.6788828732954444,1,0.03259670746372207
2025-12-01,WLD,7.0,0.2848329665355487,1,0.050442076563421714
2025-12-01,WLFI,,-0.19765273991180596,-1,-0.035542480029707765
2025-12-01,XLM,2.0,0.37331168810190624,1,0.07920001130934282
2025-12-01,XRP,7.0,-0.5063424829907344,-1,-0.048738943345274816
2025-12-01,ZEC,3.0,0.3198047151447874,1,0.022540664856281162
2025-12-08,AAVE,,-0.08280566880833559,0,0.0
2025-12-08,ADA,0.0,-0.16944953075388564,-1,-0.03195006130945543
2025-12-08,ALGO,1.0,-0.16538307315670864,-1,-0.05054028394820963
2025-12-08,APT,1.0,0.07065913846823436,0,0.0
2025-12-08,ARB,2.0,0.4152815287561345,1,0.03803753792138751
2025-12-08,ASTER,3.0,0.30770496180492773,1,0.04657899001616436
2025-12-08,ATOM,4.0,-0.36901534698803223,-1,-0.05054028394820963
2025-12-08,AVAX,2.0,-0.08939703288340659,0,0.0
2025-12-08,BCH,1.0,-0.4510580245734039,-1,-0.0288364190820825
2025-12-08,BFUSD,,-0.18276054173768455,-1,-0.05054028394820963
2025-12-08,BNB,2.0,-0.5626547504219376,-1,-0.04452852531709868
2025-12-08,BONK,9.0,0.3581213331555819,1,0.034984212445710094
2025-12-08,BTC,2.0,-0.7441064977960267,-1,-0.050539480400919025
2025-12-08,CAKE,8.0,-0.07583357022154301,0,0.0
2025-12-08,CHZ,8.0,-0.14505826095685065,0,0.0
2025-12-08,DASH,4.0,0.2181441571196463,1,0.024841673592233576
2025-12-08,DEXE,1.0,-0.08036518082023875,0,0.0
2025-12-08,DOGE,0.0,-0.10575041676071845,0,0.0
2025-12-08,DOT,8.0,-0.08294442882130865,0,0.0
2025-12-08,ENA,,0.4521785633565369,1,0.027824020515712023
2025-12-08,ETC,1.0,-0.17835569040718155,-1,-0.05054028394820963
2025-12-08,ETH,9.0,-0.17168865270160674,-1,-0.036929339456996294
2025-12-08,FET,8.0,0.014986486963609933,0,0.0
2025-12-08,FIL,8.0,0.2690480543006252,1,0.05016691352645176
2025-12-08,HBAR,7.0,-0.061860223383149504,0,0.0
2025-12-08,ICP,8.0,0.24706846384162287,1,0.06414036735098058
2025-12-08,JST,1.0,-0.4793227306164641,-1,-0.026056542527148372
2025-12-08,JUP,2.0,0.19691420783855626,0,0.0
2025-12-08,LINK,0.0,-0.05201476812508895,0,0.0
2025-12-08,LTC,1.0,-0.3560742579010116,-1,-0.0430591137450524
2025-12-08,LUNC,5.0,-0.2893448482653041,-1,-0.0052985298693757265
2025-12-08,MORPHO,4.0,0.2625989331830971,1,0.031190502412108204
2025-12-08,NEAR,8.0,0.1324192124565634,0,0.0
2025-12-08,NEXO,9.0,-0.334305885552917,-1,-0.05054028394820963
2025-12-08,ONDO,0.0,0.20555226185360093,1,0.035807813857793594
2025-12-08,PENGU,9.0,1.0834667214217881,1,0.033474671055647526
2025-12-08,PEPE,2.0,0.3643612857896273,1,0.03339319575817552
2025-12-08,POL,,0.16314086074178408,0,0.0
2025-12-08,PUMP,7.0,0.631136635788935,1,0.018034806591537524
2025-12-08,QNT,3.0,-0.46732565722447295,-1,-0.01202068577014199
2025-12-08,RENDER,4.0,0.1547325559967718,0,0.0
2025-12-08,SHIB,2.0,-0.16518106276647232,0,0.0
2025-12-08,SKY,,0.04714179758918219,0,0.0
2025-12-08,SOL,9.0,-0.13610625118747985,0,0.0
2025-12-08,STX,0.0,-0.00952135900957683,0,0.0
2025-12-08,SUI,9.0,0.4026195682519127,1,0.025870372078992548
2025-12-08,TAO,7.0,0.137867169584484,0,0.0
2025-12-08,TON,7.0,-0.13896096450386797,0,0.0
2025-12-08,TRUMP,1.0,0.20617302723323191,1,0.06414036735098058
2025-12-08,TRX,5.0,-0.7440896207161659,-1,-0.05054028394820963
2025-12-08,UNI,4.0,0.06891950254111241,0,0.0
2025-12-08,VET,8.0,-0.2956177856047886,-1,-0.040565952509028766
2025-12-08,VIRTUAL,7.0,0.7162573488305074,1,0.034039214981865934
2025-12-08,WLD,2.0,0.31962806999210946,1,0.05710297163632671
2025-12-08,WLFI,,-0.2185128026460874,-1,-0.03110029188720215
2025-12-08,XLM,2.0,0.24037191992959192,1,0.06414036735098058
2025-12-08,XRP,0.0,-0.5157410424306857,-1,-0.045873354436240875
2025-12-08,ZEC,4.0,0.2341121609526315,1,0.016232001556951398
2025-12-15,AAVE,,-0.31889165066755387,-1,-0.02736466274500095
2025-12-15,ADA,0.0,-0.20741263228224194,-1,-0.04714876795014359
2025-12-15,ALGO,1.0,-0.0520277729709885,0,0.0
2025-12-15,APT,1.0,0.1725242293249546,1,0.04218740313923874
2025-12-15,ARB,2.0,0.3916617462995093,1,0.04481295613528907
2025-12-15,ASTER,3.0,0.3028530487881106,1,0.024678078516499873
2025-12-15,ATOM,3.0,-0.3456463485126502,-1,-0.04714876795014359
2025-12-15,AVAX,0.0,-0.09234210882302504,0,0.0
2025-12-15,BCH,4.0,-0.3762616547090116,-1,-0.03150143760301092
2025-12-15,BFUSD,,-0.21623649870878933,-1,-0.04714876795014359
2025-12-15,BNB,0.0,-0.5860674240535828,-1,-0.04714876795014359
2025-12-15,BONK,0.0,0.2966495313149478,1,0.03951198753361834
2025-12-15,BTC,0.0,-0.6987797790770471,-1,-0.04714876795014359
2025-12-15,CAKE,3.0,-0.03169747061958041,0,0.0
2025-12-15,CHZ,4.0,-0.03342284084517318,0,0.0
2025-12-15,DASH,1.0,0.1813429042622125,1,0.05184835213951289
2025-12-15,DEXE,1.0,-0.053007385900426585,0,0.0
2025-12-15,DOGE,3.0,-0.05800430875994151,0,0.0
2025-12-15,DOT,8.0,-0.16569615949863734,-1,-0.04714876795014359
2025-12-15,ENA,,0.4414608635628713,1,0.025073390301681476
2025-12-15,ETC,1.0,-0.15632726549328183,0,0.0
2025-12-15,ETH,0.0,-0.18479987422803762,-1,-0.04714876795014359
2025-12-15,FET,8.0,-0.01546515192583064,0,0.0
2025-12-15,FIL,8.0,0.41447828557980454,1,0.0525922383181079
2025-12-15,HBAR,7.0,0.02013890115072049,0,0.0
2025-12-15,ICP,8.0,0.5359374831526504,1,0.0525922383181079
2025-12-15,JST,4.0,-0.41287239421783656,-1,-0.024191226189699343
2025-12-15,JUP,5.0,0.31052277164732434,1,0.03556514470011841
2025-12-15,LINK,5.0,-0.09498641541183693,0,0.0
2025-12-15,LTC,1.0,-0.48090095891832113,-1,-0.04714876795014359
2025-12-15,LUNC,5.0,-0.3566049348034851,-1,-0.005168437057567123
2025-12-15,MORPHO,4.0,0.23998520373934548,1,0.022772123417242676
2025-12-15,NEAR,8.0,0.12065877005552757,0,0.0
2025-12-15,NEXO,6.0,-0.33364096786197683,-1,-0.04714876795014359
2025-12-15,ONDO,3.0,0.18975061038163937,1,0.033247614747558225
2025-12-15,PENGU,6.0,1.0653170652903112,1,0.034287290286339624
2025-12-15,PEPE,5.0,0.4173541627359607,1,0.040201021191604125
2025-12-15,POL,,0.15321914193030275,0,0.0
2025-12-15,PUMP,3.0,0.5690330812802642,1,0.015060706426693481
2025-12-15,QNT,1.0,-0.45299543723618885,-1,-0.011342396919372178
2025-12-15,RENDER,3.0,0.10449736691537828,0,0.0
2025-12-15,SHIB,3.0,-0.18770465630126018,-1,-0.034646624083626315
2025-12-15,SKY,,-0.04529455274472763,0,0.0
2025-12-15,SOL,0.0,-0.13789828828109588,0,0.0
2025-12-15,STX,3.0,0.01089764957508002,0,0.0
2025-12-15,SUI,6.0,0.3958394001913195,1,0.03556016814103247
2025-12-15,TAO,7.0,-0.03741297877404175,0,0.0
2025-12-15,TON,7.0,-0.1192441420567267,0,0.0
2025-12-15,TRUMP,1.0,-0.04294973384491178,0,0.0
2025-12-15,TRX,5.0,-0.6507364600765699,-1,-0.04714876795014359
2025-12-15,UNI,4.0,-0.058815874515803876,0,0.0
2025-12-15,VET,8.0,-0.2583395908805091,-1,-0.04714876795014359
2025-12-15,VIRTUAL,7.0,0.7340913965888306,1,0.049376051135553586
2025-12-15,WLD,2.0,0.3021164799895697,1,0.04804099723369334
2025-12-15,WLFI,,-0.09983860630046532,0,0.0
2025-12-15,XLM,0.0,0.3304644292060475,1,0.0525922383181079
2025-12-15,XRP,3.0,-0.4959229544461332,-1,-0.04714876795014359
2025-12-15,ZEC,1.0,0.15745075078500512,0,0.0
2025-12-22,AAVE,,-0.5116632428850887,-1,-0.021904596342886554
2025-12-22,ADA,0.0,-0.08221991328099927,0,0.0
2025-12-22,ALGO,1.0,-0.08247277968397013,0,0.0
2025-12-22,APT,7.0,0.06694692783440155,0,0.0
2025-12-22,ARB,5.0,0.3518887722098281,1,0.031747624094113296
2025-12-22,ASTER,4.0,0.1431993239453976,0,0.0
2025-12-22,ATOM,4.0,-0.30785167090076904,-1,-0.02519049252286227
2025-12-22,AVAX,5.0,0.0397557089421517,0,0.0
2025-12-22,BCH,3.0,-0.4077933508179653,-1,-0.023694623361981856
2025-12-22,BFUSD,,-0.1513907372495604,-1,-0.0350734832014992
2025-12-22,BNB,5.0,-0.41154274344834635,-1,-0.0350734832014992
2025-12-22,BONK,0.0,0.26111280378715823,1,0.03715884640527177
2025-12-22,BTC,5.0,-0.5568252451325327,-1,-0.0350734832014992
2025-12-22,CAKE,4.0,-0.06937366572229811,0,0.0
2025-12-22,CHZ,0.0,-0.15665591469821216,-1,-0.030625575103942884
2025-12-22,DASH,7.0,0.2894698689906353,1,0.013916955133526518
2025-12-22,DEXE,2.0,-0.02833963451070031,0,0.0
2025-12-22,DOGE,4.0,-0.3195429654651617,-1,-0.0350734832014992
2025-12-22,DOT,1.0,-0.004426618114379959,0,0.0
2025-12-22,ENA,,0.2069878374256832,1,0.02507651074433052
2025-12-22,ETC,2.0,-0.1753460606419438,-1,-0.0350734832014992
2025-12-22,ETH,0.0,-0.12445810338830399,0,0.0
2025-12-22,FET,1.0,-0.02296358255221012,0,0.0
2025-12-22,FIL,3.0,0.5337689604116742,1,0.02988721526617886
2025-12-22,HBAR,2.0,0.10254682821610511,0,0.0
2025-12-22,ICP,3.0,0.7116821914503162,1,0.03191974414659942
2025-12-22,JST,3.0,-0.47718134551409835,-1,-0.03014745829049572
2025-12-22,JUP,0.0,0.30637252872076154,1,0.024656427003141683
2025-12-22,LINK,6.0,-0.10166004716506855,0,0.0
2025-12-22,LTC,7.0,-0.20738757203042166,-1,-0.0350734832014992
2025-12-22,LUNC,6.0,-0.7140114551647548,-1,-0.003799617957783257
2025-12-22,MORPHO,2.0,0.10103699270417639,0,0.0
2025-12-22,NEAR,1.0,0.28660391094685117,1,0.03475750119249507
2025-12-22,NEXO,8.0,-0.360992922500389,-1,-0.0350734832014992
2025-12-22,ONDO,4.0,0.19609248944721394,1,0.036183605349221035
2025-12-22,PENGU,8.0,0.712326134120608,1,0.025146625230219943
2025-12-22,PEPE,0.0,0.47929738067569233,1,0.03715884640527177
2025-12-22,POL,,0.19749838590128624,1,0.03715884640527177
2025-12-22,PUMP,2.0,0.5159846306035888,1,0.017360327468382158
2025-12-22,QNT,1.0,-0.18031762592825876,-1,-0.02632639675624955
2025-12-22,RENDER,4.0,0.03884383789475528,0,0.0
2025-12-22,SHIB,2.0,-0.14714163238031094,-1,-0.0350734832014992
2025-12-22,SKY,,-0.11579384220237718,0,0.0
2025-12-22,SOL,0.0,-0.07135157230482064,0,0.0
2025-12-22,STX,4.0,0.007437888769455316,0,0.0
2025-12-22,SUI,8.0,0.4116059781855422,1,0.035162512581529276
2025-12-22,TAO,2.0,-0.02653774825128251,0,0.0
2025-12-22,TON,5.0,0.007923447608167196,0,0.0
2025-12-22,TRUMP,7.0,-0.02842718073455526,0,0.0
2025-12-22,TRX,6.0,-0.5616023639237643,-1,-0.0350734832014992
2025-12-22,UNI,2.0,-0.06585260818109566,0,0.0
2025-12-22,VET,1.0,-0.187500488661444,-1,-0.026421655640442073
2025-12-22,VIRTUAL,2.0,0.6687723501305747,1,0.03715884640527177
2025-12-22,WLD,5.0,0.2214125761920802,1,0.03715884640527177
2025-12-22,WLFI,,-0.13088644917807365,0,0.0
2025-12-22,XLM,0.0,0.3021027911692342,1,0.03715884640527177
2025-12-22,XRP,4.0,-0.6297067318628466,-1,-0.0350734832014992
2025-12-22,ZEC,7.0,0.25854726819266693,1,0.010077121350267736
2025-12-29,AAVE,,-0.37356161500075785,-1,-0.03263677407880339
2025-12-29,ADA,0.0,-0.1250624025385989,0,0.0
2025-12-29,ALGO,1.0,-0.011108630505272043,0,0.0
2025-12-29,APT,2.0,0.24362135300618298,1,0.04381842824011235
2025-12-29,ARB,3.0,0.3945000671243729,1,0.0459625996179035
2025-12-29,ASTER,1.0,0.1755832797144612,1,0.027391767447988696
2025-12-29,ATOM,4.0,-0.20728330470579887,-1,-0.029469493399014873
2025-12-29,AVAX,3.0,-0.031032130831947828,0,0.0
2025-12-29,BCH,8.0,-0.38661912323270337,-1,-0.047378141568920534
2025-12-29,BFUSD,,0.019495214701582716,0,0.0
2025-12-29,BNB,5.0,-0.4914762988471819,-1,-0.05528893552871942
2025-12-29,BONK,0.0,0.021686761211967193,0,0.0
2025-12-29,BTC,5.0,-0.661335298335448,-1,-0.05528893552871942
2025-12-29,CAKE,4.0,-0.06288023857926428,0,0.0
2025-12-29,CHZ,7.0,-0.06426797558027131,0,0.0
2025-12-29,DASH,1.0,0.09072851251322424,0,0.0
2025-12-29,DEXE,9.0,-0.03563115860053481,0,0.0
2025-12-29,DOGE,8.0,-0.17695222408608607,-1,-0.022589305478737855
2025-12-29,DOT,1.0,-0.043728775083719,0,0.0
2025-12-29,ENA,,0.2728525185342181,1,0.025875144652147217
2025-12-29,ETC,2.0,-0.08549515127464184,0,0.0
2025-12-29,ETH,0.0,-0.12909796440399832,0,0.0
2025-12-29,FET,1.0,-0.07461651983180795,0,0.0
2025-12-29,FIL,6.0,0.4467479638658665,1,0.04179303159224507
2025-12-29,HBAR,9.0,0.06594212583227614,0,0.0
2025-12-29,ICP,6.0,0.5239476118057353,1,0.05230472920317811
2025-12-29,JST,6.0,-0.37034644911032527,-1,-0.05528893552871942
2025-12-29,JUP,0.0,0.24558594858981056,1,0.042647337956748924
2025-12-29,LINK,5.0,-0.059543936178095246,0,0.0
2025-12-29,LTC,1.0,-0.26489199818015025,-1,-0.05528893552871942
2025-12-29,LUNC,5.0,0.5656776788930166,1,0.03652526054415022
2025-12-29,MORPHO,9.0,-0.17384241930535854,-1,-0.03587376709305963
2025-12-29,NEAR,1.0,0.24367415259234299,1,0.050602590758272455
2025-12-29,NEXO,7.0,-0.33250313707503265,-1,-0.05528893552871942
2025-12-29,ONDO,8.0,0.16150366607651054,0,0.0
2025-12-29,PENGU,7.0,0.7339792521798579,1,0.018377265589777352
2025-12-29,PEPE,0.0,0.04348285137124353,0,0.0
2025-12-29,POL,,0.20326809681209496,1,0.042381414275915866
2025-12-29,PUMP,8.0,0.43669058763045654,1,0.018409711695337415
2025-12-29,QNT,1.0,-0.3341861032319576,-1,-0.034881657772166286
2025-12-29,RENDER,4.0,-0.07622314486382628,0,0.0
2025-12-29,SHIB,8.0,-0.1897395189018697,-1,-0.019943873095763315
2025-12-29,SKY,,-0.25234499673015265,-1,-0.031422254578364346
2025-12-29,SOL,0.0,-0.097695378284622,0,0.0
2025-12-29,STX,4.0,-0.08034917646924804,0,0.0
2025-12-29,SUI,7.0,0.450190423068139,1,0.037326312896576425
2025-12-29,TAO,8.0,-0.1770237249968339,-1,-0.01680414893606822
2025-12-29,TON,3.0,0.055008919988221903,0,0.0
2025-12-29,TRUMP,2.0,0.21561589868313616,1,0.052662892441392245
2025-12-29,TRX,5.0,-0.7093236476501226,-1,-0.05528893552871942
2025-12-29,UNI,9.0,-0.3369481587807854,-1,-0.02955298074744254
2025-12-29,VET,1.0,-0.19663787491493137,-1,-0.03109095348468146
2025-12-29,VIRTUAL,9.0,0.5961567793340753,1,0.021681443944345107
2025-12-29,WLD,3.0,0.24397711176994988,1,0.032484910801803484
2025-12-29,WLFI,,-0.008914325209289597,0,0.0
2025-12-29,XLM,0.0,0.46349987073210897,1,0.07607008979495224
2025-12-29,XRP,8.0,-0.5124258780420768,-1,-0.03662303659466079
2025-12-29,ZEC,1.0,0.2196720333318492,1,0.03368506854715331
2026-01-05,AAVE,,-0.27567886910322553,-1,-0.02785386969840827
2026-01-05,ADA,6.0,-0.17528268696748292,-1,-0.035819673924919346
2026-01-05,ALGO,1.0,-0.14200491942279145,0,0.0
2026-01-05,APT,0.0,0.1904555243441435,1,0.03631500079449029
2026-01-05,ARB,2.0,0.2263965888756431,1,0.03955209547172
2026-01-05,ASTER,8.0,-0.008355794205747738,0,0.0
2026-01-05,ATOM,1.0,-0.10625918806884008,0,0.0
2026-01-05,AVAX,2.0,-0.07507414319480492,0,0.0
2026-01-05,BCH,0.0,-0.216400301719348,-1,-0.048722003596736105
2026-01-05,BFUSD,,0.04298923093706085,0,0.0
2026-01-05,BNB,5.0,-0.441805425297007,-1,-0.048722003596736105
2026-01-05,BONK,6.0,-0.0046218045792534275,0,0.0
2026-01-05,BTC,4.0,-0.7069375996025798,-1,-0.048722003596736105
2026-01-05,CAKE,1.0,0.010271655894274633,0,0.0
2026-01-05,CHZ,5.0,0.03151036207883471,0,0.0
2026-01-05,DASH,2.0,0.1343907599113723,0,0.0
2026-01-05,DEXE,0.0,0.2544721736432639,1,0.04813743133605281
2026-01-05,DOGE,4.0,-0.1829314229019022,-1,-0.018609746423182222
2026-01-05,DOT,1.0,-0.018080055652204385,0,0.0
2026-01-05,ENA,,0.24732238829652234,1,0.02581214273764823
2026-01-05,ETC,2.0,-0.1297399137943653,0,0.0
2026-01-05,ETH,4.0,-0.19599239031045618,-1,-0.048722003596736105
2026-01-05,FET,1.0,-0.05871604908399908,0,0.0
2026-01-05,FIL,2.0,0.37616822149496754,1,0.05257394585085863
2026-01-05,HBAR,0.0,-0.2384551864245251,-1,-0.03405757148245563
2026-01-05,ICP,2.0,0.29584032359994716,1,0.0731268557291356
2026-01-05,JST,2.0,-0.35660763843613513,-1,-0.048722003596736105
2026-01-05,JUP,6.0,0.21147771019307682,1,0.06738896346449827
2026-01-05,LINK,6.0,-0.15433604608054186,-1,-0.04256239839607696
2026-01-05,LTC,2.0,-0.35834802892578255,-1,-0.048722003596736105
2026-01-05,LUNC,6.0,0.32706709349777285,1,0.04790017335006467
2026-01-05,MORPHO,8.0,0.22571377488678854,1,0.04585400417936701
2026-01-05,NEAR,1.0,0.22803085999259098,1,0.05694472107035831
2026-01-05,NEXO,5.0,-0.3197020627655301,-1,-0.048722003596736105
2026-01-05,ONDO,2.0,0.130045180213737,0,0.0
2026-01-05,PENGU,5.0,0.5050181886660394,1,0.017477155964889295
2026-01-05,PEPE,6.0,0.08771646343400197,0,0.0
2026-01-05,POL,,0.07718931721886112,0,0.0
2026-01-05,PUMP,0.0,0.5876975533479192,1,0.017578540941343757
2026-01-05,QNT,2.0,-0.24151030918969343,-1,-0.04538270788176905
2026-01-05,RENDER,1.0,0.2218475077235836,1,0.012897675714880987
2026-01-05,SHIB,6.0,-0.2211564611401118,-1,-0.01689620776316748
2026-01-05,SKY,,-0.12700360416150963,0,0.0
2026-01-05,SOL,5.0,-0.13265718338875757,0,0.0
2026-01-05,STX,1.0,-0.08964857423513117,0,0.0
2026-01-05,SUI,5.0,0.49911708415447276,1,0.03603984612422658
2026-01-05,TAO,0.0,-0.08683255113692949,0,0.0
2026-01-05,TON,2.0,-0.0024200302478086574,0,0.0
2026-01-05,TRUMP,0.0,0.2985969579366285,1,0.05213122620951309
2026-01-05,TRX,3.0,-0.5260380873684982,-1,-0.048722003596736105
2026-01-05,UNI,8.0,-0.18389583513688534,-1,-0.023868170646375458
2026-01-05,VET,1.0,-0.24929177712058184,-1,-0.03138717084555868
2026-01-05,VIRTUAL,0.0,0.8703678674954874,1,0.02186303201072268
2026-01-05,WLD,2.0,0.16093410696062566,1,0.029244368016070704
2026-01-05,WLFI,,-0.044958143490652386,0,0.0
2026-01-05,XLM,4.0,0.006282595896377306,0,0.0
2026-01-05,XRP,4.0,-0.5078480501983649,-1,-0.033786454164198065
2026-01-05,ZEC,2.0,0.33167064265745894,1,0.01916282103415904
2026-01-12,AAVE,,-0.1517939370510226,0,0.0
2026-01-12,ADA,0.0,-0.3179659232896911,-1,-0.042149326119979756
2026-01-12,ALGO,4.0,-0.07059152592224648,0,0.0
2026-01-12,APT,3.0,0.26945295923532725,1,0.03816415451845034
2026-01-12,ARB,5.0,0.2111975340059946,1,0.05555991318200659
2026-01-12,ASTER,1.0,0.09915419855316773,0,0.0
2026-01-12,ATOM,4.0,-0.15477094733472166,0,0.0
2026-01-12,AVAX,5.0,-0.1900806474706246,0,0.0
2026-01-12,BCH,2.0,-0.38661179519087946,-1,-0.03783805161193097
2026-01-12,BFUSD,,-0.24159696511547926,-1,-0.04717854740144329
2026-01-12,BNB,8.0,-0.40326818523079855,-1,-0.04717854740144329
2026-01-12,BONK,0.0,0.14714208923456565,0,0.0
2026-01-12,BTC,8.0,-0.6475333770095991,-1,-0.04717854740144329
2026-01-12,CAKE,5.0,0.1902802543752255,1,0.06797131310626162
2026-01-12,CHZ,0.0,0.03342949067373691,0,0.0
2026-01-12,DASH,5.0,-0.5405396279569372,-1,-0.004127020411751976
2026-01-12,DEXE,9.0,0.23112708216877967,1,0.042227280678336844
2026-01-12,DOGE,8.0,-0.20805228810257545,-1,-0.01765785407001418
2026-01-12,DOT,4.0,-0.10815170840002793,0,0.0
2026-01-12,ENA,,0.19956632272190572,1,0.027000821441649153
2026-01-12,ETC,3.0,-0.22344197490728462,-1,-0.04717854740144329
2026-01-12,ETH,8.0,-0.26959105792659915,-1,-0.04717854740144329
2026-01-12,FET,4.0,-0.037264777859023726,0,0.0
2026-01-12,FIL,3.0,0.33959771711158326,1,0.06010411392382402
2026-01-12,HBAR,9.0,-0.15796644100757098,0,0.0
2026-01-12,ICP,3.0,0.36785155841271505,1,0.03167097392631333
2026-01-12,JST,7.0,-0.24716850215217348,-1,-0.04717854740144329
2026-01-12,JUP,2.0,0.25194810869894874,1,0.0675709740586541
2026-01-12,LINK,7.0,-0.140408468678205,0,0.0
2026-01-12,LTC,4.0,-0.5071772393430762,-1,-0.03989377209874824
2026-01-12,LUNC,7.0,0.4878743890386921,1,0.04750591149983604
2026-01-12,MORPHO,1.0,0.24217821492517935,1,0.05663235092452876
2026-01-12,NEAR,4.0,-0.020378775974085387,0,0.0
2026-01-12,NEXO,0.0,-0.29628295620224054,-1,-0.04717854740144329
2026-01-12,ONDO,5.0,0.0779779664546367,0,0.0
2026-01-12,PENGU,0.0,0.5688698169763335,1,0.01881248745271459
2026-01-12,PEPE,7.0,0.3783728491047697,1,0.009454970038072488
2026-01-12,POL,,0.10047867932693764,0,0.0
2026-01-12,PUMP,2.0,0.8109967845591425,1,0.030086463543698122
2026-01-12,QNT,5.0,-0.020948716497417686,0,0.0
2026-01-12,RENDER,4.0,0.3822305165660995,1,0.0126029785480995
2026-01-12,SHIB,9.0,-0.1468020806807779,0,0.0
2026-01-12,SKY,,0.06841790900818853,0,0.0
2026-01-12,SOL,8.0,-0.3065999236222345,-1,-0.04717854740144329
2026-01-12,STX,4.0,0.029016050431473882,0,0.0
2026-01-12,SUI,0.0,0.28490388794982974,1,0.039869519066395694
2026-01-12,TAO,9.0,-0.010332592891175588,0,0.0
2026-01-12,TON,5.0,-0.19858511597269118,-1,-0.021866301646947698
2026-01-12,TRUMP,3.0,0.17834394090304673,1,0.054350120843668935
2026-01-12,TRX,2.0,-0.4243373121052702,-1,-0.04717854740144329
2026-01-12,UNI,1.0,-0.25380869831500014,-1,-0.04717854740144329
2026-01-12,VET,4.0,-0.2726479235934384,-1,-0.03305134458008275
2026-01-12,VIRTUAL,9.0,0.876841959327221,1,0.019140540975991455
2026-01-12,WLD,9.0,0.1663610304709354,0,0.0
2026-01-12,WLFI,,0.03662331741829014,0,0.0
2026-01-12,XLM,6.0,0.07875280940635945,0,0.0
2026-01-12,XRP,8.0,-0.5711061157457975,-1,-0.03163085544611152
2026-01-12,ZEC,5.0,0.41681816448958653,1,0.02127511227149838
2026-01-19,AAVE,,-0.2829314680762257,-1,-0.032993472153709714
2026-01-19,ADA,0.0,-0.29892970886954423,-1,-0.03538813191838965
2026-01-19,ALGO,1.0,-0.09412325671963445,0,0.0
2026-01-19,APT,1.0,0.20537778342168955,1,0.0436612861232974
2026-01-19,ARB,2.0,0.3115850400868942,1,0.03989035873651882
2026-01-19,ASTER,3.0,0.18962891900382736,1,0.05491702772770847
2026-01-19,ATOM,1.0,-0.22058431857851613,-1,-0.025654033551177027
2026-01-19,AVAX,2.0,-0.11840125134941913,0,0.0
2026-01-19,BCH,4.0,-0.41893858153480024,-1,-0.051531665807356214
2026-01-19,BFUSD,,-0.17808547487074014,0,0.0
2026-01-19,BNB,5.0,-0.5871317196590516,-1,-0.053076778972768315
2026-01-19,BONK,6.0,0.14936830707092671,0,0.0
2026-01-19,BTC,5.0,-0.753733700179779,-1,-0.05236569921629263
2026-01-19,CAKE,7.0,0.13011171228575064,0,0.0
2026-01-19,CHZ,7.0,0.05054133600559619,0,0.0
2026-01-19,DASH,3.0,-0.20156955544133873,-1,-0.004290059768594207
2026-01-19,DEXE,8.0,0.1263239135040554,0,0.0
2026-01-19,DOGE,6.0,-0.20186334954717355,-1,-0.01935621311224461
2026-01-19,DOT,7.0,-0.07821887375478469,0,0.0
2026-01-19,ENA,,0.30941383794626853,1,0.02829607410218386
2026-01-19,ETC,7.0,-0.20703148443191094,-1,-0.04664457136081018
2026-01-19,ETH,5.0,-0.24436030065122996,-1,-0.028693551346200608
2026-01-19,FET,7.0,-0.035236537467081955,0,0.0
2026-01-19,FIL,7.0,0.28960389757658017,1,0.04736060026028313
2026-01-19,HBAR,9.0,-0.1720985260692066,0,0.0
2026-01-19,ICP,7.0,0.32776770810908734,1,0.0289393113454282
2026-01-19,JST,0.0,-0.19973734573649815,-1,-0.05086491799594078
2026-01-19,JUP,9.0,0.1845068150386855,1,0.060030478188397275
2026-01-19,LINK,9.0,-0.1126501483846267,0,0.0
2026-01-19,LTC,7.0,-0.5251311067832816,-1,-0.04756203286361958
2026-01-19,LUNC,9.0,0.47748020104757166,1,0.05509000531900134
2026-01-19,MORPHO,9.0,0.024650051590578717,0,0.0
2026-01-19,NEAR,7.0,0.0377785451634817,0,0.0
2026-01-19,NEXO,0.0,-0.4085607551412881,-1,-0.054422678655489644
2026-01-19,ONDO,2.0,0.10711648268205408,0,0.0
2026-01-19,PENGU,6.0,0.5998942137799357,1,0.021768881631123175
2026-01-19,PEPE,9.0,0.38072590826113184,1,0.011588364656425744
2026-01-19,POL,,0.07704111256035326,0,0.0
2026-01-19,PUMP,0.0,0.9103004872479303,1,0.038634901542279214
2026-01-19,QNT,3.0,-0.0868439121674936,0,0.0
2026-01-19,RENDER,1.0,0.3958282528659418,1,0.015050148086329188
2026-01-19,SHIB,6.0,-0.15640555025852698,0,0.0
2026-01-19,SKY,,0.01673946653293923,0,0.0
2026-01-19,SOL,5.0,-0.23054959872671876,-1,-0.029486507649907918
2026-01-19,STX,1.0,0.10151335019545592,0,0.0
2026-01-19,SUI,6.0,0.3837020324474468,1,0.03348239991186132
2026-01-19,TAO,6.0,0.03127510375093866,0,0.0
2026-01-19,TON,2.0,-0.15730450037791002,0,0.0
2026-01-19,TRUMP,1.0,0.21564552597564252,1,0.063894817179206
2026-01-19,TRX,7.0,-0.6761694055018451,-1,-0.048432705618906106
2026-01-19,U,,0.3933848455173886,1,0.05127168872004443
2026-01-19,UNI,9.0,-0.7316433076399717,-1,-0.054422678655489644
2026-01-19,VET,7.0,-0.2750227704906572,-1,-0.03331873980684253
2026-01-19,VIRTUAL,6.0,0.8495880544920635,1,0.022491732784895913
2026-01-19,WLD,2.0,0.23936095210240996,1,0.03376178404906039
2026-01-19,WLFI,,0.031435657611690815,0,0.0
2026-01-19,XLM,8.0,0.08498094690069617,0,0.0
2026-01-19,XRP,6.0,-0.572015970186528,-1,-0.031495561546260625
2026-01-19,ZEC,3.0,0.5926020178207754,1,0.04987013963595602
2026-01-26,AAVE,,-0.3951834481317681,-1,-0.021844924758561
2026-01-26,ADA,0.0,-0.1783581034962611,-1,-0.030919291607982066
2026-01-26,ALGO,0.0,-0.17486652114778592,0,0.0
2026-01-26,APT,1.0,0.16398521401104724,0,0.006120597218552917
2026-01-26,ARB,2.0,0.20636333413275504,1,0.024275746596453422
2026-01-26,ASTER,3.0,0.23504568634786543,1,0.04502823239916938
2026-01-26,ATOM,1.0,-0.14510555586494195,0,-0.003596275335421544
2026-01-26,AVAX,4.0,-0.11289319809643616,0,0.0
2026-01-26,BCH,0.0,-0.41325084152803054,-1,-0.036994528065568834
2026-01-26,BFUSD,,-0.28636270816413556,-1,-0.03153952345334185
2026-01-26,BNB,0.0,-0.3970469744332233,-1,-0.029306243695526132
2026-01-26,BONK,5.0,0.20713305758611034,1,0.03732976455715013
2026-01-26,BTC,2.0,-0.6154172721063094,-1,-0.03191544814576856
2026-01-26,CAKE,6.0,0.10888065405120756,0,0.0
2026-01-26,CHZ,6.0,-0.04611642750327828,0,0.0
2026-01-26,DASH,3.0,-0.5052457455474305,-1,-0.002960211884470379
2026-01-26,DEXE,2.0,0.22176617762547368,1,0.0183037033310825
2026-01-26,DOGE,6.0,-0.22506163156322936,-1,-0.03425294751057103
2026-01-26,DOT,4.0,0.018124104034700505,0,0.0
2026-01-26,ENA,,0.26179736465161535,1,0.03953663927242314
2026-01-26,ETC,6.0,-0.14426699012041855,0,-0.0065388049478283874
2026-01-26,ETH,2.0,-0.05335140049431298,0,-0.00402236594826853
2026-01-26,FET,1.0,-0.005785218808911933,0,0.0
2026-01-26,FIL,8.0,0.2628456210258044,1,0.0292331756526639
2026-01-26,HBAR,8.0,-0.15692545640964828,0,0.0
2026-01-26,ICP,8.0,0.19393115845498607,1,0.013587554375159046
2026-01-26,JST,0.0,-0.5419806003280413,-1,-0.030971374584191524
2026-01-26,JUP,8.0,0.03299302007898553,0,0.008415289847182296
2026-01-26,LINK,0.0,-0.024879202540914233,0,0.0
2026-01-26,LTC,4.0,-0.46046768497487595,-1,-0.0382069414774403
2026-01-26,LUNC,8.0,0.4367952426802315,1,0.045052481024396525
2026-01-26,MORPHO,3.0,-0.21226336637880536,-1,-0.015683905604693973
2026-01-26,NEAR,4.0,0.0827563871690506,0,0.0
2026-01-26,NEXO,0.0,-0.32670189291127,-1,-0.033839244579102076
2026-01-26,ONDO,4.0,-0.04936792596731158,0,0.0
2026-01-26,PENGU,5.0,0.5709008630041223,1,0.03494107356830051
2026-01-26,PEPE,8.0,0.6327070770617677,1,0.03501583336752416
2026-01-26,POL,,-0.0548273266190101,0,0.0
2026-01-26,PUMP,0.0,0.975675146596928,1,0.039825371597934374
2026-01-26,QNT,3.0,-0.20222568230384178,-1,-0.024013355286544646
2026-01-26,RENDER,1.0,0.3391189632304728,1,0.010009116094557464
2026-01-26,RLUSD,,0.16665651911701282,0,0.0
2026-01-26,SHIB,5.0,-0.21544779408888423,-1,-0.03153952345334185
2026-01-26,SKY,,-0.2531609277178514,-1,-0.025863439638366376
2026-01-26,SOL,6.0,-0.15735268070208427,0,-0.004133525434803106
2026-01-26,STX,5.0,0.1484453465850446,0,0.0
2026-01-26,SUI,5.0,0.35829725655781974,1,0.019703563919218195
2026-01-26,TAO,5.0,0.11791118928690966,0,0.0
2026-01-26,TON,4.0,-0.2882978814795517,-1,-0.03153952345334185
2026-01-26,TRUMP,1.0,0.17640351921983238,1,0.04233705725692626
2026-01-26,TRX,8.0,-0.568553449471588,-1,-0.03391491180208599
2026-01-26,U,,0.2740265418402119,1,0.03742243924076649
2026-01-26,UNI,3.0,-0.0875870711076686,0,-0.007629168198672216
2026-01-26,VET,8.0,-0.13708919407354841,0,-0.004670741617907419
2026-01-26,VIRTUAL,5.0,0.6739124097890893,1,0.014716079195582304
2026-01-26,WLD,2.0,0.05790523100860242,0,0.004732849164372194
2026-01-26,WLFI,,0.31499943644517386,1,0.017651612979700543
2026-01-26,XLM,2.0,0.08117839529314617,0,0.0
2026-01-26,XRP,6.0,-0.3933199285529935,-1,-0.03363591332055089
2026-01-26,ZEC,3.0,0.508205185748396,1,0.02629395314523465
2026-02-02,AAVE,,-0.4480595432132741,-1,-0.02630953580735198
2026-02-02,ADA,0.0,-0.13879402594189538,0,0.0
2026-02-02,ALGO,1.0,-0.0938497234082199,0,0.0
2026-02-02,APT,2.0,0.13468350688307984,0,0.0
2026-02-02,ARB,5.0,0.13912079236124616,0,0.0
2026-02-02,ASTER,4.0,0.26508868851625284,1,0.014315760234884895
2026-02-02,ATOM,4.0,-0.05862833247500616,0,0.0
2026-02-02,AVAX,5.0,-0.12998624363929723,0,0.0
2026-02-02,BCH,4.0,-0.3334405336203446,-1,-0.0338654137725134
2026-02-02,BFUSD,,-0.3682431307061968,-1,-0.03738643134263036
2026-02-02,BNB,0.0,-0.32440407219950734,-1,-0.02277391518660247
2026-02-02,BONK,7.0,0.23647718429506936,1,0.038457789889311894
2026-02-02,BTC,6.0,-0.5947831361193354,-1,-0.03011203974590602
2026-02-02,CAKE,8.0,0.07884052129254537,0,0.0
2026-02-02,CHZ,8.0,-0.15135509020605037,-1,-0.010771619537285912
2026-02-02,DASH,2.0,-0.6152068524169019,-1,-0.002789244780210284
2026-02-02,DEXE,8.0,0.19719847122927123,1,0.029477897041008005
2026-02-02,DOGE,5.0,-0.214015377207577,-1,-0.03738643134263036
2026-02-02,DOT,2.0,-0.0267508473158998,0,0.0
2026-02-02,ENA,,0.19670644656474304,1,0.038457789889311894
2026-02-02,ETC,8.0,-0.15616441703153672,-1,-0.033041296516485956
2026-02-02,ETH,6.0,-0.08728620774790595,0,0.0
2026-02-02,FET,2.0,-0.08190671146837232,0,0.0
2026-02-02,FIL,3.0,0.22147364791733287,1,0.026583219270820673
2026-02-02,HBAR,1.0,-0.0445681045084578,0,0.0
2026-02-02,ICP,3.0,0.15973227953192318,0,0.0
2026-02-02,JST,0.0,-0.5018100013966941,-1,-0.029417579909732417
2026-02-02,JUP,3.0,-0.020181661978103227,0,0.0
2026-02-02,LINK,5.0,-0.07651998896353845,0,0.0
2026-02-02,LTC,4.0,-0.4122699405655427,-1,-0.03738643134263036
2026-02-02,LUNC,0.0,0.17175650662348085,0,0.0
2026-02-02,MORPHO,3.0,-0.01965172020377344,0,0.0
2026-02-02,NEAR,2.0,0.05317265730960824,0,0.0
2026-02-02,NEXO,0.0,-0.22459230583929876,-1,-0.03017108495450084
2026-02-02,ONDO,5.0,0.08601780067799743,0,0.0
2026-02-02,PENGU,7.0,0.36290221999902517,1,0.038457789889311894
2026-02-02,PEPE,5.0,0.45432765670253233,1,0.038457789889311894
2026-02-02,POL,,0.18535663850935058,1,0.038457789889311894
2026-02-02,PUMP,0.0,0.7306550184084794,1,0.016514676322184597
2026-02-02,QNT,1.0,-0.34216814026906395,-1,-0.028686828533736317
2026-02-02,RENDER,7.0,0.47203995428869455,1,0.03324439313068332
2026-02-02,RLUSD,,0.1633413631205674,0,0.0
2026-02-02,SHIB,7.0,-0.18089264783678405,-1,-0.03738643134263036
2026-02-02,SKY,,-0.17943568888529068,-1,-0.027811010529416393
2026-02-02,SOL,8.0,-0.17775962740576529,-1,-0.028780178809998683
2026-02-02,STX,4.0,0.17959952493120787,1,0.019600448477561986
2026-02-02,SUI,7.0,0.34473639693335184,1,0.027986116552382284
2026-02-02,TAO,7.0,-0.0010014769496704333,0,0.0
2026-02-02,TON,5.0,-0.11692571181205265,0,0.0
2026-02-02,TRUMP,2.0,0.34753740262620797,1,0.0321926095585088
2026-02-02,TRX,3.0,-0.5042674442121661,-1,-0.03353809520310764
2026-02-02,U,,0.28120677400039495,1,0.030831322478206497
2026-02-02,UNI,5.0,-0.08218533829116251,0,0.0
2026-02-02,VET,1.0,-0.07286792093950643,0,0.0
2026-02-02,VIRTUAL,4.0,0.728893453182873,1,0.030145243520781247
2026-02-02,WLD,5.0,0.17617996602424388,1,0.03340755137264363
2026-02-02,WLFI,,0.2507634741009966,1,0.016114091942910712
2026-02-02,XLM,0.0,0.11231912916463728,0,0.0
2026-02-02,XRP,8.0,-0.418642793094218,-1,-0.03738643134263036
2026-02-02,ZEC,2.0,0.4684872826732958,1,0.02229772065086397
2026-02-09,AAVE,,-0.5928764209604311,-1,-0.01686614431825697
2026-02-09,ADA,0.0,-0.13937844766416616,0,0.0
2026-02-09,ALGO,1.0,-0.0033302885990694826,0,0.0
2026-02-09,APT,2.0,0.007744586754032081,0,0.0
2026-02-09,ARB,3.0,0.2248170004458599,1,0.031948136511259294
2026-02-09,ASTER,1.0,-0.34383429869935245,-1,-0.012877858043754077
2026-02-09,ATOM,1.0,-0.2040049357139497,-1,-0.019771404676170484
2026-02-09,AVAX,2.0,-0.028627679060342717,0,0.0
2026-02-09,BCH,5.0,-0.2829792412048233,-1,-0.03238936630330961
2026-02-09,BFUSD,,-0.5587232743625064,-1,-0.042188173206908104
2026-02-09,BNB,7.0,-0.21345146031233803,-1,-0.040064775424193455
2026-02-09,BONK,1.0,0.2379101601368673,1,0.02802156418781633
2026-02-09,BTC,3.0,-0.47308959667968126,-1,-0.042188173206908104
2026-02-09,CAKE,6.0,0.12844558715284352,0,0.0
2026-02-09,CHZ,6.0,0.1138772895684719,0,0.0
2026-02-09,DASH,2.0,0.5394399492280308,1,0.020915565696933536
2026-02-09,DEXE,6.0,-0.05499522529186257,0,0.0
2026-02-09,DOGE,6.0,-0.16344034705481295,-1,-0.025343747524071696
2026-02-09,DOT,2.0,0.03792166044142633,0,0.0
2026-02-09,ENA,,0.22763436446921037,1,0.02816369261976627
2026-02-09,ETC,6.0,-0.08007527693016567,0,0.0
2026-02-09,ETH,3.0,0.06382096713756226,0,0.0
2026-02-09,FET,1.0,-0.10064322219273086,0,0.0
2026-02-09,FIL,9.0,0.25280377709329827,1,0.029462685021514164
2026-02-09,HBAR,4.0,-0.1560577379722431,0,0.0
2026-02-09,ICP,9.0,0.4108860803534682,1,0.03071540304201971
2026-02-09,JST,8.0,-0.6457133495690948,-1,-0.03167445239873322
2026-02-09,JUP,9.0,0.10520775239037497,0,0.0
2026-02-09,LINK,2.0,-0.006631287028420177,0,0.0
2026-02-09,LTC,2.0,-0.26695617093676316,-1,-0.03652941569748198
2026-02-09,LUNC,8.0,0.26060729884551276,1,0.05238243639907794
2026-02-09,MORPHO,9.0,-0.2410924818257038,-1,-0.017769807694358975
2026-02-09,NEAR,2.0,0.11240220102007616,0,0.0
2026-02-09,NEXO,0.0,-0.215171714463558,-1,-0.0306330256651594
2026-02-09,ONDO,5.0,0.09953394239233163,0,0.0
2026-02-09,PENGU,5.0,0.3609037276895674,1,0.021314864002254776
2026-02-09,PEPE,2.0,0.23292375464771836,1,0.01819486315409391
2026-02-09,POL,,-0.00017835230207184822,0,0.0
2026-02-09,PUMP,0.0,0.4202748874742583,1,0.024136396516154186
2026-02-09,QNT,4.0,-0.2769781294282285,-1,-0.03044044912415028
2026-02-09,RENDER,5.0,0.3120532398574549,1,0.024132537742357706
2026-02-09,RLUSD,,0.17099979097647838,1,0.031118731481508847
2026-02-09,SHIB,5.0,-0.1646853336329761,-1,-0.02565601269205628
2026-02-09,SKY,,-0.3666842603542407,-1,-0.03366896718376784
2026-02-09,SOL,6.0,-0.11103076203003341,0,0.0
2026-02-09,STX,1.0,0.031962685549813644,0,0.0
2026-02-09,SUI,5.0,0.3473406029656049,1,0.027903598337387685
2026-02-09,TAO,5.0,-0.32792224390467595,-1,-0.01515325387328398
2026-02-09,TON,5.0,-0.09007079499003667,0,0.0
2026-02-09,TRUMP,5.0,0.36359806929680577,1,0.029255786026578808
2026-02-09,TRX,9.0,-0.35886900416462203,-1,-0.042188173206908104
2026-02-09,U,,0.7115054984012497,1,0.05238243639907794
2026-02-09,UNI,9.0,0.03976507232532574,0,0.0
2026-02-09,VET,4.0,-0.09152875538068142,0,0.0
2026-02-09,VIRTUAL,1.0,0.5069153041411688,1,0.020799115011647606
2026-02-09,WLD,5.0,0.16685139769268936,1,0.030681676082109758
2026-02-09,WLFI,,0.2537136699287773,1,0.023470511768441484
2026-02-09,XLM,0.0,0.11173023931108117,0,0.0
2026-02-09,XRP,6.0,-0.3561842678952332,-1,-0.02959679976052753
2026-02-09,ZEC,3.0,0.06161380291745513,0,0.0
2026-02-16,AAVE,,-0.5969012158217972,-1,-0.017542824811393028
2026-02-16,ADA,0.0,-0.12867878293597743,0,0.0
2026-02-16,ALGO,1.0,-0.11057411693181618,0,0.0
2026-02-16,APT,2.0,0.1220659291071182,1,0.04658786426455906
2026-02-16,ARB,3.0,0.10261539376576032,0,0.0
2026-02-16,ASTER,4.0,-0.27785267763199556,-1,-0.014221184796466205
2026-02-16,ATOM,5.0,-0.15094175614072816,0,0.0
2026-02-16,AVAX,2.0,-0.019128208999036427,0,0.0
2026-02-16,BCH,6.0,-0.22294612868503721,-1,-0.031142311105656267
2026-02-16,BFUSD,,-0.6430486490094778,-1,-0.04178981697539001
2026-02-16,BNB,3.0,-0.22815698443267288,-1,-0.028801998628664543
2026-02-16,BONK,0.0,0.25912519708567566,1,0.025785203728487513
2026-02-16,BTC,3.0,-0.4500535471163295,-1,-0.04178981697539001
2026-02-16,CAKE,3.0,0.08528399993479803,0,0.0
2026-02-16,CHZ,3.0,-0.0907568299660621,0,0.0
2026-02-16,DASH,8.0,0.35398621918660933,1,0.02136277421022665
2026-02-16,DEXE,9.0,0.021579884689054554,0,0.0
2026-02-16,DOGE,0.0,-0.17504195534187036,-1,-0.025880711619070434
2026-02-16,DOT,2.0,0.049019523067772984,0,0.0
2026-02-16,ENA,,0.10275055235645093,0,0.0
2026-02-16,ETC,7.0,-0.07466587974677968,0,0.0
2026-02-16,ETH,3.0,0.004820880194878547,0,0.0
2026-02-16,FET,5.0,-0.09224853488883686,0,0.0
2026-02-16,FIL,9.0,0.26472119024826535,1,0.02673321162574729
2026-02-16,HBAR,1.0,-0.1334052576690718,0,0.0
2026-02-16,ICP,0.0,0.2982232520434192,1,0.030747914360381316
2026-02-16,JST,6.0,-0.403994606614812,-1,-0.04178981697539001
2026-02-16,JUP,9.0,0.016667538168646877,0,0.0
2026-02-16,LINK,0.0,0.0021166169953900187,0,0.0
2026-02-16,LTC,5.0,-0.2405299878046437,-1,-0.03477436449619431
2026-02-16,LUNC,6.0,0.3641447674448374,1,0.04658786426455906
2026-02-16,MORPHO,9.0,-0.06463512875612344,0,0.0
2026-02-16,NEAR,2.0,0.11927512460311293,1,0.02625251635794775
2026-02-16,NEXO,7.0,-0.17330352654532732,-1,-0.029622002088946147
2026-02-16,ONDO,4.0,0.1231622402356591,1,0.026122814882002212
2026-02-16,PENGU,0.0,0.41458745066987457,1,0.019604853819729633
2026-02-16,PEPE,1.0,0.2948371386698007,1,0.017398682240390383
2026-02-16,POL,,0.038173820525314664,0,0.0
2026-02-16,PUMP,7.0,0.35446330810164645,1,0.020945611442010015
2026-02-16,QNT,1.0,-0.3369997927560867,-1,-0.028193226434164186
2026-02-16,RENDER,5.0,0.36328757312964943,1,0.02055747307646811
2026-02-16,RLUSD,,0.317119266225551,1,0.04658786426455906
2026-02-16,SHIB,0.0,-0.1628494733912285,-1,-0.0257778181151163
2026-02-16,SKY,,-0.4448214187389692,-1,-0.030929903596048035
2026-02-16,SOL,3.0,-0.10991604315619422,0,0.0
2026-02-16,STX,5.0,0.06110529740006579,0,0.0
2026-02-16,SUI,0.0,0.37867181204096256,1,0.025056417336958618
2026-02-16,TAO,0.0,-0.2681345726659158,-1,-0.01584206959776745
2026-02-16,TON,4.0,-0.15722848202183887,-1,-0.02423373604356401
2026-02-16,TRUMP,7.0,0.42518727575086324,1,0.02353252787535247
2026-02-16,TRX,9.0,-0.3064401192963176,-1,-0.04178981697539001
2026-02-16,U,,0.5506760988764416,1,0.04658786426455906
2026-02-16,UNI,9.0,0.07002420779186655,0,0.0
2026-02-16,VET,1.0,-0.15241599217264348,-1,-0.021583056511378113
2026-02-16,VIRTUAL,5.0,0.6080418259507566,1,0.01888621456278655
2026-02-16,WLD,4.0,0.2084033168466676,1,0.03566232742327534
2026-02-16,WLFI,,0.08409854013981578,0,0.0
2026-02-16,XLM,7.0,0.05527980968050701,0,0.0
2026-02-16,XRP,7.0,-0.3587673015870497,-1,-0.029295524254010986
2026-02-16,ZEC,8.0,0.06092191989741319,0,0.0
2026-02-23,AAVE,,-0.5986414118695763,-1,-0.021157418168597068
2026-02-23,ADA,8.0,-0.1404847868918608,0,0.0
2026-02-23,ALGO,1.0,-0.04594141069082241,0,0.0
2026-02-23,APT,8.0,0.07835727287344552,0,0.0
2026-02-23,ARB,9.0,0.0866238043534265,0,0.0
2026-02-23,ASTER,4.0,-0.16615901440312061,-1,-0.018387249705491573
2026-02-23,ATOM,5.0,-0.2099235932753388,-1,-0.015092273799382988
2026-02-23,AVAX,8.0,0.06731570765662011,0,0.0
2026-02-23,BCH,3.0,-0.22140322142083235,-1,-0.015264719201288678
2026-02-23,BFUSD,,-0.498370144603796,-1,-0.039882044306099144
2026-02-23,BNB,6.0,-0.22934045488148008,-1,-0.026567537367391227
2026-02-23,BONK,5.0,0.2626486829288329,1,0.030815309617241944
2026-02-23,BTC,9.0,-0.4676091133895371,-1,-0.039882044306099144
2026-02-23,CAKE,6.0,0.16358088273989424,1,0.04026721270846139
2026-02-23,CHZ,5.0,-0.03856626763240504,0,0.0
2026-02-23,DASH,9.0,0.3745938546379658,1,0.026982080596417
2026-02-23,DEXE,2.0,-0.1191760375818966,0,0.0
2026-02-23,DOGE,5.0,-0.18616217900894996,-1,-0.03143592631338416
2026-02-23,DOT,8.0,-0.10624346347947329,0,0.0
2026-02-23,ENA,,0.1510588557171874,1,0.019648855618785852
2026-02-23,ETC,9.0,-0.011182414851087282,0,0.0
2026-02-23,ETH,9.0,0.08772237130640698,0,0.0
2026-02-23,FET,5.0,-0.07300485276623878,0,0.0
2026-02-23,FIL,7.0,0.3835697888467932,1,0.03187944187302353
2026-02-23,HBAR,3.0,-0.0515748650373887,0,0.0
2026-02-23,ICP,7.0,0.2419326369220289,1,0.022167445455104542
2026-02-23,JST,2.0,-0.42021124086237943,-1,-0.03361931819750357
2026-02-23,JUP,7.0,0.014737292567705017,0,0.0
2026-02-23,LINK,8.0,0.12046850124892952,1,0.04026721270846139
2026-02-23,LTC,8.0,-0.17734510592715372,-1,-0.039882044306099144
2026-02-23,LUNC,3.0,0.05883028963185077,0,0.0
2026-02-23,MORPHO,2.0,0.12290415657701081,1,0.029023212589412796
2026-02-23,NEAR,8.0,0.06266647928383602,0,0.0
2026-02-23,NEXO,9.0,-0.16324562661417505,-1,-0.039882044306099144
2026-02-23,ONDO,4.0,0.11874945664719501,0,0.0
2026-02-23,PENGU,4.0,0.47194010883010923,1,0.020092721921451204
2026-02-23,PEPE,3.0,0.15308592380768538,1,0.014226862609496634
2026-02-23,POL,,0.07332521929092757,0,0.0
2026-02-23,PUMP,8.0,0.3026912429017365,1,0.020510153653244795
2026-02-23,QNT,3.0,-0.3543287199033413,-1,-0.02879226150084106
2026-02-23,RENDER,5.0,0.3805543533249309,1,0.029301568413310542
2026-02-23,RLUSD,,0.21842902263590158,1,0.04026721270846139
2026-02-23,SHIB,5.0,-0.2731723052677256,-1,-0.02570247377976745
2026-02-23,SKY,,-0.3066366698221458,-1,-0.032253060999292
2026-02-23,SOL,9.0,-0.07015393679704741,0,0.0
2026-02-23,STX,1.0,0.18323185378605672,1,0.03266894683582024
2026-02-23,SUI,5.0,0.41556328016754973,1,0.04026721270846139
2026-02-23,TAO,4.0,-0.2023074438535348,-1,-0.017408153902266785
2026-02-23,TON,3.0,-0.23220312256850967,-1,-0.02365711379465687
2026-02-23,TRUMP,8.0,0.4195075742775678,1,0.02051841220357009
2026-02-23,TRX,7.0,-0.4384386098874685,-1,-0.039882044306099144
2026-02-23,U,,-0.026844039382522302,0,0.0
2026-02-23,UNI,2.0,0.09951643520302865,0,0.0
2026-02-23,VET,3.0,-0.1249693151402841,0,0.0
2026-02-23,VIRTUAL,4.0,0.8009978826640419,1,0.02582892507081395
2026-02-23,WLD,4.0,0.2759725924366544,1,0.04026721270846139
2026-02-23,WLFI,,0.07756888312365848,0,0.0
2026-02-23,XLM,5.0,0.09393973798118639,0,0.0
2026-02-23,XRP,9.0,-0.3547982409419513,-1,-0.036252271739640865
2026-02-23,ZEC,0.0,-0.053646535618119856,0,0.0
2026-03-02,AAVE,,-0.6547359072121168,-1,-0.021799996146740816
2026-03-02,ADA,0.0,-0.22929351360334613,-1,-0.034105561671827
2026-03-02,ALGO,1.0,-0.023372295567929732,0,0.0
2026-03-02,APT,2.0,0.06896681187951355,0,0.0
2026-03-02,ARB,3.0,0.08267323308147888,0,0.0
2026-03-02,ASTER,0.0,-0.19204715747601805,-1,-0.019541552978828168
2026-03-02,ATOM,1.0,-0.2590750458475146,-1,-0.014765579343569488
2026-03-02,AVAX,2.0,0.06182462311084781,0,0.0
2026-03-02,BCH,5.0,-0.25655183052693453,-1,-0.015045477061246235
2026-03-02,BFUSD,,-0.4218547366606429,-1,-0.038688164538849865
2026-03-02,BNB,4.0,-0.18337536912050645,-1,-0.038688164538849865
2026-03-02,BONK,1.0,0.27854310458820897,1,0.03430632734594523
2026-03-02,BTC,6.0,-0.4143372325670549,-1,-0.038688164538849865
2026-03-02,CAKE,4.0,0.21938765900490548,1,0.034573155363623605
2026-03-02,CHZ,1.0,-0.12037483016325465,0,0.0
2026-03-02,DASH,3.0,0.43263321963958834,1,0.032555972021756203
2026-03-02,DEXE,2.0,0.38246592674753843,1,0.021785108855546215
2026-03-02,DOGE,1.0,-0.16006914327557142,-1,-0.03401863575023772
2026-03-02,DOT,0.0,-0.12944194338942927,0,0.0
2026-03-02,ENA,,0.11910641989415226,1,0.018155550200868762
2026-03-02,ETC,4.0,-0.127406589051541,0,0.0
2026-03-02,ETH,6.0,0.1061713190348434,1,0.034573155363623605
2026-03-02,FET,8.0,-0.08532616521752327,0,0.0
2026-03-02,FIL,3.0,0.3749230926945515,1,0.034573155363623605
2026-03-02,HBAR,0.0,-0.09398664304630311,0,0.0
2026-03-02,ICP,3.0,0.28196124219111873,1,0.0202080340877489
2026-03-02,JST,5.0,-0.4609897798272019,-1,-0.03381787012255262
2026-03-02,JUP,6.0,0.02098181705531444,0,0.0
2026-03-02,LINK,3.0,-0.039729454532444426,0,0.0
2026-03-02,LTC,2.0,-0.15743366471301123,-1,-0.038688164538849865
2026-03-02,LUNC,0.0,-0.02254424330501758,0,0.0
2026-03-02,MORPHO,8.0,0.02766540199259466,0,0.0
2026-03-02,NEAR,2.0,0.20328821550702808,1,0.026078854473329194
2026-03-02,NEXO,4.0,-0.08855331144028994,0,0.0
2026-03-02,ONDO,2.0,0.10582510479979994,1,0.03142908475145833
2026-03-02,PENGU,8.0,0.5269274695743106,1,0.025489059065024425
2026-03-02,PEPE,0.0,-0.009276149441875456,0,0.0
2026-03-02,POL,,-0.02952819722342236,0,0.0
2026-03-02,PUMP,6.0,0.32830975725873385,1,0.028983097540987306
2026-03-02,QNT,3.0,-0.29681015450018927,-1,-0.02761670940759578
2026-03-02,RENDER,1.0,0.483861669214269,1,0.034573155363623605
2026-03-02,RLUSD,,0.0050820802365245995,0,0.0
2026-03-02,SHIB,0.0,-0.2656545402565089,-1,-0.026131561021582476
2026-03-02,SKY,,-0.1583606963072703,-1,-0.036195944800129574
2026-03-02,SOL,4.0,-0.023141820984907156,0,0.0
2026-03-02,STX,1.0,0.24288758647103845,1,0.034573155363623605
2026-03-02,SUI,1.0,0.49031936403919574,1,0.034573155363623605
2026-03-02,TAO,8.0,-0.09026960245787245,0,0.0
2026-03-02,TON,0.0,-0.18724862477963639,-1,-0.01958263097673536
2026-03-02,TRUMP,8.0,0.3373921587004621,1,0.024609518021717337
2026-03-02,TRX,4.0,-0.40456463046487007,-1,-0.038688164538849865
2026-03-02,U,,0.09598551240910329,0,0.0
2026-03-02,UNI,8.0,0.08406026634306615,0,0.0
2026-03-02,VET,0.0,-0.11923648769898829,0,0.0
2026-03-02,VIRTUAL,8.0,0.6331239631416368,1,0.019387306090252937
2026-03-02,WLD,0.0,0.16760993565626328,1,0.034573155363623605
2026-03-02,WLFI,,-0.11348750494846062,0,0.0
2026-03-02,XLM,8.0,0.09708146531995912,0,0.0
2026-03-02,XRP,1.0,-0.2600257304050208,-1,-0.038688164538849865
2026-03-02,ZEC,3.0,-0.18095542357337518,-1,-0.010249493485855635
2026-03-09,AAVE,,-0.4317570818830542,-1,-0.025904390650422663
2026-03-09,ADA,0.0,-0.18827065488855724,-1,-0.02886274753761597
2026-03-09,ALGO,1.0,-0.15920523573723244,-1,-0.021562764453062613
2026-03-09,APT,2.0,0.10133792739236583,0,0.0
2026-03-09,ARB,2.0,0.08857487517772104,0,0.0
2026-03-09,ASTER,2.0,0.1299999234207111,1,0.04181607277798994
2026-03-09,ATOM,1.0,-0.11867840892900457,0,0.0
2026-03-09,AVAX,2.0,-0.010404572447258223,0,0.0
2026-03-09,BCH,3.0,-0.20809334378313232,-1,-0.016063106219520153
2026-03-09,BFUSD,,-0.6096479245263988,-1,-0.042023759063094475
2026-03-09,BNB,0.0,-0.14937307990481352,-1,-0.0406430118250782
2026-03-09,BONK,1.0,0.3106297328240334,1,0.028379780668398556
2026-03-09,BTC,6.0,-0.44449609757995934,-1,-0.03489738911683156
2026-03-09,CAKE,0.0,0.10638455607204016,0,0.0
2026-03-09,CHZ,1.0,-0.14896207279596035,0,0.0
2026-03-09,DASH,6.0,0.40962441610438277,1,0.021676606388000962
2026-03-09,DEXE,7.0,0.589286969186963,1,0.020149658131044804
2026-03-09,DOGE,1.0,-0.12455760433287692,0,0.0
2026-03-09,DOT,4.0,-0.15241062970077165,-1,-0.020705071288451966
2026-03-09,ENA,,0.09001548872844063,0,0.0
2026-03-09,ETC,0.0,-0.0627199724222865,0,0.0
2026-03-09,ETH,6.0,0.06102065584467922,0,0.0
2026-03-09,FET,1.0,-0.402681745556059,-1,-0.009070241964735267
2026-03-09,FIL,4.0,0.17365246745897464,1,0.04181607277798994
2026-03-09,HBAR,4.0,0.08566327831681102,0,0.0
2026-03-09,ICP,6.0,0.3302631233855706,1,0.02128146999731535
2026-03-09,JST,7.0,-0.262700502150529,-1,-0.042023759063094475
2026-03-09,JUP,4.0,-0.02370505678465755,0,0.0
2026-03-09,LINK,0.0,0.04936597554823935,0,0.0
2026-03-09,LTC,2.0,-0.14668118996693807,0,0.0
2026-03-09,LUNC,2.0,-0.05489696192747653,0,0.0
2026-03-09,MORPHO,0.0,-0.03826593018894453,0,0.0
2026-03-09,NEAR,2.0,0.28043409645431083,1,0.029006456219982633
2026-03-09,NEXO,0.0,-0.0482911808535435,0,0.0
2026-03-09,ONDO,2.0,0.17162608762262044,1,0.027887741132483913
2026-03-09,PENGU,7.0,0.5875793039415724,1,0.02179286607121541
2026-03-09,PEPE,3.0,0.2897160823185536,1,0.021334803067316558
2026-03-09,POL,,0.17657188081803046,1,0.04181607277798994
2026-03-09,PUMP,1.0,0.32834892666055404,1,0.04181607277798994
2026-03-09,QNT,6.0,-0.20018416525098923,-1,-0.029973879087400717
2026-03-09,RENDER,1.0,0.09673326764414676,0,0.0
2026-03-09,RLUSD,,-0.17725745306961288,-1,-0.042023759063094475
2026-03-09,SHIB,3.0,-0.2138590335485349,-1,-0.021227468756046353
2026-03-09,SKY,,-0.2953924362732241,-1,-0.042023759063094475
2026-03-09,SOL,0.0,-0.061820243902516024,0,0.0
2026-03-09,STX,4.0,0.15973351310234762,1,0.03900206816513257
2026-03-09,SUI,1.0,0.3612230691340469,1,0.02090817192628138
2026-03-09,TAO,7.0,-0.4987328498977972,-1,-0.007373996326145603
2026-03-09,TON,3.0,-0.2778832812406049,-1,-0.02320973294647179
2026-03-09,TRUMP,7.0,0.028531160638858154,0,0.0
2026-03-09,TRX,0.0,-0.38210826362314687,-1,-0.042023759063094475
2026-03-09,U,,-0.10143517456169768,0,0.0
2026-03-09,UNI,7.0,0.15532449343451896,1,0.03393502999063615
2026-03-09,VET,3.0,-0.1041040424599321,0,0.0
2026-03-09,VIRTUAL,7.0,0.6485732052915638,1,0.016602680345700407
2026-03-09,WLD,4.0,0.11707893358183023,1,0.04181607277798994
2026-03-09,WLFI,,0.043257651971071516,0,0.0
2026-03-09,XLM,1.0,0.07224382014520915,0,0.0
2026-03-09,XRP,1.0,-0.2196478937546968,-1,-0.03538740451274471
2026-03-09,ZEC,6.0,0.27542920172203705,1,0.013962304006541668
2026-03-16,AAVE,,-0.4512355542036764,-1,-0.023253515539426225
2026-03-16,ADA,2.0,-0.1940666100811076,-1,-0.025264226910507472
2026-03-16,ALGO,7.0,-0.11979810232623356,-1,-0.02177364523717552
2026-03-16,APT,2.0,0.29166383518161043,1,0.040394692616281785
2026-03-16,ARB,3.0,0.16431032081486446,1,0.02184870006972696
2026-03-16,ASTER,4.0,0.0036485177326686354,0,0.0
2026-03-16,ATOM,7.0,-0.03664581475236091,0,0.0
2026-03-16,AVAX,6.0,-0.08732576674073532,0,0.0
2026-03-16,BCH,7.0,-0.12571298511702123,-1,-0.01591115017522832
2026-03-16,BFUSD,,-0.5287612082951559,-1,-0.040125312672334865
2026-03-16,BNB,5.0,-0.2654475711768967,-1,-0.028293312737148545
2026-03-16,BONK,7.0,0.3128794566271935,1,0.02854443737992058
2026-03-16,BTC,5.0,-0.5263145154778254,-1,-0.027356247775002816
2026-03-16,CAKE,5.0,-0.09208149379821222,0,0.0
2026-03-16,CHZ,4.0,-0.18586005293679625,-1,-0.025387155255517144
2026-03-16,DASH,5.0,0.4504452376186634,1,0.026819200161376275
2026-03-16,DEXE,0.0,0.7960739993497866,1,0.02746353537023564
2026-03-16,DOGE,7.0,-0.16218364829932574,-1,-0.02766400387085919
2026-03-16,DOT,2.0,-0.04482709283691562,0,0.0
2026-03-16,ENA,,0.024914069239928536,0,0.0
2026-03-16,ETC,3.0,-0.06417284182444995,0,0.0
2026-03-16,ETH,5.0,-0.018897136106983084,0,0.0
2026-03-16,FET,0.0,-0.28485475390328713,-1,-0.009281602857523738
2026-03-16,FIL,2.0,0.2741810908314041,1,0.04185487669263574
2026-03-16,HBAR,2.0,-0.045147622536743065,0,0.0
2026-03-16,ICP,3.0,0.2980011872886452,1,0.01987497546294926
2026-03-16,JST,0.0,-0.11128748139606026,0,0.0
2026-03-16,JUP,2.0,-0.03692664896379194,0,0.0
2026-03-16,LINK,3.0,-0.0645955430712897,0,0.0
2026-03-16,LTC,0.0,-0.20915641066057902,-1,-0.040125312672334865
2026-03-16,LUNC,4.0,0.06376588021373025,0,0.0
2026-03-16,MORPHO,1.0,-0.08852639297900222,0,0.0
2026-03-16,NEAR,3.0,0.19172724005052885,1,0.02518327333602259
2026-03-16,NEXO,1.0,-0.19335648817992768,-1,-0.040125312672334865
2026-03-16,NIGHT,6.0,0.16853857860166416,1,0.026417175676133598
2026-03-16,ONDO,6.0,0.08505371611273904,1,0.02433110343512024
2026-03-16,PENGU,6.0,0.48436837576864517,1,0.019293455444975103
2026-03-16,PEPE,7.0,0.3139402393902493,1,0.021671392632908428
2026-03-16,POL,,0.25079094709303396,1,0.04185487669263574
2026-03-16,PUMP,5.0,0.2674891640347101,1,0.04185487669263574
2026-03-16,QNT,5.0,-0.06481976310938037,0,0.0
2026-03-16,RENDER,7.0,0.04720373541853823,0,0.0
2026-03-16,RLUSD,,-0.005035607137163867,0,0.0
2026-03-16,SHIB,7.0,-0.17822397994165415,-1,-0.020557960846957074
2026-03-16,SKY,,-0.28270528794333744,-1,-0.039985354720548115
2026-03-16,SOL,3.0,-0.1138226144629114,0,0.0
2026-03-16,STX,4.0,-0.13138569854360985,-1,-0.03298483612621876
2026-03-16,SUI,7.0,0.29256440596832084,1,0.017696411342352378
2026-03-16,TAO,0.0,-0.4773732935815972,-1,-0.006964825805104416
2026-03-16,TON,8.0,-0.23145514951531182,-1,-0.024106708210995993
2026-03-16,TRUMP,7.0,0.06701151030409198,0,0.0
2026-03-16,TRX,3.0,-0.41515994184611305,-1,-0.040125312672334865
2026-03-16,U,,0.15903881194612673,1,0.04185487669263574
2026-03-16,UNI,5.0,-0.050721627567957596,0,0.0
2026-03-16,VET,7.0,-0.09050643428514121,0,0.0
2026-03-16,VIRTUAL,6.0,0.5351375221410057,1,0.01349766968091489
2026-03-16,WLD,4.0,0.07037961206540419,0,0.0
2026-03-16,WLFI,,0.19962596571594102,1,0.02800522647732748
2026-03-16,XLM,0.0,0.08074912845775767,0,0.0
2026-03-16,XRP,0.0,-0.23916928737279944,-1,-0.03571420324244726
2026-03-16,ZEC,5.0,0.3240578730040968,1,0.01653924414321191
2026-03-23,AAVE,,-0.569452416531398,-1,-0.021402176289987612
2026-03-23,ADA,0.0,-0.3197232828098386,-1,-0.026138280903455435
2026-03-23,ALGO,1.0,-0.13742660342593932,-1,-0.02138670495654817
2026-03-23,APT,2.0,0.42201437720485896,1,0.039831035760900094
2026-03-23,ARB,2.0,0.2775987644978885,1,0.02222612708237723
2026-03-23,ASTER,3.0,-0.024632814901061943,0,0.0
2026-03-23,ATOM,4.0,0.0758933046346941,0,0.0
2026-03-23,AVAX,2.0,-0.15669164518381953,-1,-0.021359484955463106
2026-03-23,BCH,3.0,0.08200529918495476,0,0.0
2026-03-23,BFUSD,,-0.36670352575374526,-1,-0.040895755685542406
2026-03-23,BNB,5.0,-0.19426085853577854,-1,-0.027784525809365412
2026-03-23,BONK,6.0,0.2519157012476592,1,0.028364540159234737
2026-03-23,BTC,5.0,-0.5349934148977943,-1,-0.027900625896764956
2026-03-23,CAKE,5.0,-0.25023300469445964,-1,-0.018346283396154264
2026-03-23,CHZ,6.0,-0.05810668689400413,0,0.0
2026-03-23,DASH,6.0,0.26287388789056376,1,0.026466727826707077
2026-03-23,DEXE,1.0,0.26500421122730256,1,0.011995147340676691
2026-03-23,DOGE,6.0,-0.20684571930966916,-1,-0.028992177482672705
2026-03-23,DOT,0.0,-0.01626690185999447,0,0.0
2026-03-23,ENA,,0.1546954575680998,1,0.018744965664429784
2026-03-23,ETC,4.0,-0.13247943122765565,0,0.0
2026-03-23,ETH,5.0,-0.30814265719500694,-1,-0.02526978400292961
2026-03-23,FET,6.0,-0.3185598539076472,-1,-0.010427273189898214
2026-03-23,FIL,0.0,0.05184957265430903,0,0.0
2026-03-23,HBAR,0.0,-0.11838503362474372,0,0.0
2026-03-23,ICP,2.0,0.21132780521179334,1,0.020234411677552105
2026-03-23,JST,5.0,-0.42156252079818046,-1,-0.0381716604339605
2026-03-23,JUP,0.0,0.13420244167549375,0,0.0
2026-03-23,LINK,2.0,-0.28672468162546433,-1,-0.023992003905884896
2026-03-23,LTC,1.0,-0.32219404606546304,-1,-0.040895755685542406
2026-03-23,LUNC,3.0,0.4308045720818932,1,0.03938073200923219
2026-03-23,MORPHO,7.0,-0.06135215605897931,0,0.0
2026-03-23,NEAR,2.0,0.011948123186552462,0,0.0
2026-03-23,NEXO,4.0,-0.37605162074960535,-1,-0.040895755685542406
2026-03-23,NIGHT,1.0,0.134832217283682,1,0.026906517165739337
2026-03-23,ONDO,6.0,0.05408215147946371,0,0.0
2026-03-23,PENGU,1.0,0.4622948744200159,1,0.017507447433838082
2026-03-23,PEPE,6.0,0.49720299650752703,1,0.028860600854443422
2026-03-23,POL,,0.24221945134757297,1,0.03969222826169993
2026-03-23,PUMP,7.0,0.416209477083303,1,0.039831035760900094
2026-03-23,QNT,3.0,-0.057413222337863126,0,0.0
2026-03-23,RENDER,4.0,-0.0039165372118282245,0,0.0
2026-03-23,RLUSD,,0.1311802681915664,0,0.0
2026-03-23,SHIB,6.0,-0.08062350477650687,0,0.0
2026-03-23,SKY,,-0.16798911618092838,-1,-0.040895755685542406
2026-03-23,SOL,2.0,-0.10161268450774624,0,0.0
2026-03-23,STX,7.0,-0.015852040595885134,0,0.0
2026-03-23,SUI,2.0,0.07882794964494169,0,0.0
2026-03-23,TAO,6.0,-0.40645712796047817,-1,-0.007327027358668801
2026-03-23,TON,3.0,-0.10580417026819694,0,0.0
2026-03-23,TRUMP,7.0,0.12757701151559125,0,0.0
2026-03-23,TRX,4.0,0.1387045565178097,1,0.039831035760900094
2026-03-23,U,,0.24992135631919188,1,0.039831035760900094
2026-03-23,UNI,2.0,-0.040032862173490516,0,0.0
2026-03-23,VET,3.0,-0.18410654599844303,-1,-0.027953629609822922
2026-03-23,VIRTUAL,1.0,0.41697439592135077,1,0.013595902189387105
2026-03-23,WLD,7.0,0.19307591288886547,1,0.026753635231526456
2026-03-23,WLFI,,0.2491010716085482,1,0.02619993369955173
2026-03-23,XLM,6.0,0.047099947732430154,0,0.0
2026-03-23,XRP,1.0,-0.27160120195503634,-1,-0.034965339066253785
2026-03-23,ZEC,6.0,0.5447607332887292,1,0.018746940360003794
2026-03-30,AAVE,,-0.5199227745124122,-1,-0.02338728076664909
2026-03-30,ADA,0.0,-0.2041031110391924,-1,-0.029723454348968573
2026-03-30,ALGO,1.0,-0.37775710219101094,-1,-0.008269593505063429
2026-03-30,APT,1.0,0.11218054843634807,0,0.0
2026-03-30,ARB,1.0,0.40166466858979294,1,0.0225519628433147
2026-03-30,ASTER,2.0,0.05242800386506476,0,0.0
2026-03-30,ATOM,3.0,0.2407402304770404,1,0.033158686333698874
2026-03-30,AVAX,4.0,-0.04509870423233236,0,0.0
2026-03-30,BCH,2.0,0.07824967875902324,0,0.0
2026-03-30,BFUSD,,-0.27224893889381535,-1,-0.043687298534535776
2026-03-30,BNB,5.0,-0.46523870834772,-1,-0.02970429087018709
2026-03-30,BONK,6.0,0.19850587436773276,1,0.03368591073285056
2026-03-30,BTC,5.0,-0.4936564177850296,-1,-0.028600654310787985
2026-03-30,CAKE,5.0,-0.1626878553974154,-1,-0.019399854234730254
2026-03-30,CHZ,6.0,0.010281614629596257,0,0.0
2026-03-30,DASH,8.0,0.03485991075042292,0,0.0
2026-03-30,DEXE,8.0,-0.21111471881196273,-1,-0.013210285591428526
2026-03-30,DOGE,6.0,-0.10108384953889457,0,0.0
2026-03-30,DOT,0.0,-0.11196651793807416,0,0.0
2026-03-30,ENA,,0.10016643875978345,0,0.0
2026-03-30,ETC,3.0,-0.09084869844640041,0,0.0
2026-03-30,ETH,5.0,-0.25657857779581045,-1,-0.025770176638952095
2026-03-30,FET,8.0,-0.19699302045382175,-1,-0.012767632996001312
2026-03-30,FIL,0.0,0.13267073196700704,1,0.04244160919225294
2026-03-30,HBAR,0.0,-0.046436626209835595,0,0.0
2026-03-30,ICP,1.0,0.2604361549406296,1,0.02168719697934699
2026-03-30,JST,5.0,-0.26921267926195197,-1,-0.04045882376508348
2026-03-30,JUP,0.0,0.15310953249255954,1,0.021622791260208128
2026-03-30,LINK,4.0,-0.16986736809468117,-1,-0.024786146595334263
2026-03-30,LTC,8.0,-0.28854218994735126,-1,-0.043687298534535776
2026-03-30,LUNC,7.0,0.4353137916620998,1,0.03638380409420779
2026-03-30,MORPHO,7.0,-0.1683949287152813,-1,-0.025018615760531382
2026-03-30,NEAR,1.0,-0.004239324015141673,0,0.0
2026-03-30,NEXO,3.0,-0.3956633728596893,-1,-0.043687298534535776
2026-03-30,NIGHT,8.0,0.13251595310679212,1,0.029937949374679196
2026-03-30,ONDO,8.0,0.15357698848600143,1,0.026043742898629967
2026-03-30,PENGU,0.0,0.3903151948167098,1,0.01941777242584898
2026-03-30,PEPE,6.0,0.728767907309534,1,0.03658926173264985
2026-03-30,POL,,0.2957006854085559,1,0.04401675557512244
2026-03-30,PUMP,3.0,0.21691368341433598,1,0.0407076070200336
2026-03-30,QNT,0.0,0.10287422911551763,0,0.0
2026-03-30,RENDER,3.0,0.19830974457450018,1,0.0094476926383683
2026-03-30,RLUSD,,0.02265133628575552,0,0.0
2026-03-30,SHIB,6.0,0.09444573641812114,0,0.0
2026-03-30,SKY,,0.1273615405557121,0,0.0
2026-03-30,SOL,0.0,-0.29230413684064677,-1,-0.024113248901426916
2026-03-30,STX,7.0,0.011284842809998148,0,0.0
2026-03-30,SUI,4.0,0.1528189558152552,1,0.017936695774949538
2026-03-30,TAO,8.0,-0.4711986531265336,-1,-0.00760573743699657
2026-03-30,TON,2.0,0.17856969441105106,1,0.04401675557512244
2026-03-30,TRUMP,4.0,0.2297917598571632,1,0.008824342620457169
2026-03-30,TRX,3.0,-0.37005958664297933,-1,-0.043687298534535776
2026-03-30,U,,0.09855970866560744,0,0.0
2026-03-30,UNI,4.0,-0.06003199237970188,0,0.0
2026-03-30,VET,1.0,-0.04622995230872677,0,0.0
2026-03-30,VIRTUAL,8.0,0.47336614076699335,1,0.0159560986185235
2026-03-30,WLD,7.0,0.10395889885953617,0,0.0
2026-03-30,WLFI,,0.062415118711238324,0,0.0
2026-03-30,XLM,8.0,0.12241656736654453,0,0.0
2026-03-30,XRP,0.0,-0.37425399932483133,-1,-0.03743501013971589
2026-03-30,ZEC,6.0,0.35851193865922215,1,0.020573364309735005
2026-04-06,AAVE,,-0.45323359484918696,-1,-0.03587428414172461
2026-04-06,ADA,0.0,-0.2633685805800064,-1,-0.03362157186586615
2026-04-06,ALGO,1.0,-0.3980335621930293,-1,-0.005975908089895927
2026-04-06,APT,5.0,-0.021061254245332617,0,0.0
2026-04-06,ARB,5.0,0.3202165340678027,1,0.016081571963825595
2026-04-06,ASTER,10.0,-0.046406625967682774,0,0.0
2026-04-06,ATOM,6.0,0.274814751775113,1,0.040819163467926495
2026-04-06,AVAX,5.0,-0.016976438817502174,0,0.0
2026-04-06,BCH,4.0,-0.00027651851088994744,0,0.0
2026-04-06,BFUSD,,-0.34396111671601365,-1,-0.03587428414172461
2026-04-06,BNB,6.0,-0.34960536058619396,-1,-0.03587428414172461
2026-04-06,BONK,7.0,0.29666253021653594,1,0.040819163467926495
2026-04-06,BTC,9.0,-0.4299255854755514,-1,-0.03488801074420031
2026-04-06,CAKE,9.0,0.09678822651788327,1,0.03114596601742089
2026-04-06,CHZ,7.0,-0.22542025656205714,-1,-0.01586292513708642
2026-04-06,DASH,7.0,-0.08714797545563499,0,0.0
2026-04-06,DEXE,1.0,-0.3334861602479886,-1,-0.01170574757159366
2026-04-06,DOGE,7.0,-0.096237971194022,0,0.0
2026-04-06,DOT,2.0,-0.030888673425827403,0,0.0
2026-04-06,ENA,,0.22086314956282385,1,0.017104315399298096
2026-04-06,ETC,0.0,-0.2694600066291339,-1,-0.023840661567447925
2026-04-06,ETH,9.0,-0.18747294671674328,-1,-0.031287949210741815
2026-04-06,FET,1.0,0.056316094225568804,0,0.0
2026-04-06,FIL,2.0,0.08681194763046626,1,0.03844438362268602
2026-04-06,HBAR,2.0,-0.11571325127825044,0,0.0
2026-04-06,ICP,5.0,0.3170102018245844,1,0.02410609290380684
2026-04-06,JST,9.0,-0.4532012989293686,-1,-0.016721486304781884
2026-04-06,JUP,2.0,0.01859981050111052,0,0.0
2026-04-06,LINK,5.0,-0.12661918046709733,-1,-0.03247974337538009
2026-04-06,LTC,3.0,-0.310323889879518,-1,-0.03587428414172461
2026-04-06,LUNC,10.0,0.34649104240592704,1,0.02306275601332613
2026-04-06,MORPHO,10.0,-0.20065180933235222,-1,-0.014622177447565379
2026-04-06,NEAR,5.0,0.06283892017055542,0,0.0
2026-04-06,NEXO,6.0,-0.2785111147758494,-1,-0.03587428414172461
2026-04-06,NIGHT,2.0,-0.1177280748050217,0,0.0
2026-04-06,ONDO,7.0,0.05466164483932803,0,0.0
2026-04-06,PENGU,0.0,0.6045503342001197,1,0.0342544501187585
2026-04-06,PEPE,7.0,0.6708529668591269,1,0.040819163467926495
2026-04-06,POL,,0.08344137908628074,1,0.040819163467926495
2026-04-06,PUMP,8.0,0.17206864328831895,1,0.030677371033464074
2026-04-06,QNT,3.0,-0.07557606771618168,0,0.0
2026-04-06,RENDER,6.0,0.4966759384946064,1,0.016392273550801358
2026-04-06,RLUSD,,-0.06185270077243709,0,0.0
2026-04-06,SHIB,7.0,0.056444774215000756,0,0.0
2026-04-06,SKY,,-0.09092841977484845,0,0.0
2026-04-06,SOL,3.0,-0.16240823829653847,-1,-0.03587428414172461
2026-04-06,STX,10.0,0.04233230933607431,0,0.0
2026-04-06,SUI,5.0,0.3440787764503978,1,0.02777898601355856
2026-04-06,TAO,1.0,0.17358951728275232,1,0.012987930063354549
2026-04-06,TON,10.0,-0.006185312329154488,0,0.0
2026-04-06,TRUMP,6.0,0.7120660575349557,1,0.02147231472603157
2026-04-06,TRX,1.0,-0.49423360941918365,-1,-0.03587428414172461
2026-04-06,U,,0.05427573981719884,0,0.0
2026-04-06,UNI,6.0,0.022614076261882707,0,0.0
2026-04-06,VET,1.0,-0.23618921639015128,-1,-0.01699954555164357
2026-04-06,VIRTUAL,0.0,0.7172228435344424,1,0.033459909242605015
2026-04-06,WLD,10.0,0.07049612299223625,1,0.014214697524041314
2026-04-06,WLFI,,0.08758565737065593,1,0.020540327935315524
2026-04-06,XLM,1.0,0.047867851366696,0,0.0
2026-04-06,XRP,3.0,-0.26926238960788706,-1,-0.03587428414172461
2026-04-06,ZEC,7.0,0.04410936011818785,0,0.0
2026-04-13,AAVE,,-0.419285064994029,-1,-0.035890595683925094
2026-04-13,ADA,0.0,-0.23681685379023007,-1,-0.03497800691063613
2026-04-13,ALGO,1.0,-0.4131520851008965,-1,-0.006150165117767756
2026-04-13,APT,1.0,0.009864561517584303,0,0.0
2026-04-13,ARB,2.0,0.28703589532870316,1,0.01751866102369692
2026-04-13,ASTER,3.0,0.021977664008420418,0,0.0
2026-04-13,ATOM,4.0,0.2583265693383677,1,0.032228009168859574
2026-04-13,AVAX,0.0,-0.05844157160570053,0,0.0
2026-04-13,BCH,4.0,0.1130319279188704,1,0.032228009168859574
2026-04-13,BFUSD,,-0.4266646441898641,-1,-0.035890595683925094
2026-04-13,BNB,4.0,-0.2836373221507087,-1,-0.035890595683925094
2026-04-13,BONK,1.0,0.4085488161826472,1,0.032228009168859574
2026-04-13,BTC,2.0,-0.34409777975925177,-1,-0.035890595683925094
2026-04-13,CAKE,2.0,0.08882943000949357,1,0.032228009168859574
2026-04-13,CHZ,1.0,-0.2714133313997762,-1,-0.015124005656381433
2026-04-13,DASH,6.0,-0.011118841267761755,0,0.0
2026-04-13,DEXE,1.0,-0.41712209185475563,-1,-0.007997845014269606
2026-04-13,DOGE,1.0,-0.009402940634553034,0,0.0
2026-04-13,DOT,7.0,-0.03203447039041331,0,0.0
2026-04-13,ENA,,0.11630915857842686,1,0.010150475790857559
2026-04-13,ETC,0.0,-0.2773569418390093,-1,-0.0259479911660904
2026-04-13,ETH,2.0,-0.1462197239632173,-1,-0.035890595683925094
2026-04-13,FET,6.0,-0.13472716876594648,0,0.0
2026-04-13,FIL,7.0,0.16197954839541528,1,0.03115740831221578
2026-04-13,HBAR,7.0,-0.021861997908436053,0,0.0
2026-04-13,ICP,0.0,0.29401746777227045,1,0.03085082050798915
2026-04-13,JST,2.0,-0.525452223721243,-1,-0.012759054588167814
2026-04-13,JUP,7.0,0.03575905769031663,0,0.0
2026-04-13,LINK,2.0,-0.056453406698903516,0,0.0
2026-04-13,LTC,5.0,-0.257946932348044,-1,-0.035890595683925094
2026-04-13,LUNC,3.0,0.4443304941637177,1,0.03101754640603801
2026-04-13,MORPHO,3.0,-0.08120348185738392,0,0.0
2026-04-13,NEAR,0.0,-0.036880734132093654,0,0.0
2026-04-13,NEXO,4.0,-0.23598164814307518,-1,-0.035890595683925094
2026-04-13,NIGHT,7.0,-0.04025243006442154,0,0.0
2026-04-13,ONDO,1.0,0.1305323715199815,1,0.032228009168859574
2026-04-13,PENGU,5.0,0.6389267707052604,1,0.02652744179834945
2026-04-13,PEPE,1.0,0.7756874523773364,1,0.032228009168859574
2026-04-13,POL,,0.20300994501729905,1,0.023291828756049
2026-04-13,PUMP,4.0,0.14357249526965107,1,0.032228009168859574
2026-04-13,QNT,6.0,-0.3319427591439316,-1,-0.029575935880467596
2026-04-13,RENDER,2.0,0.3408082793929045,1,0.016466385355063805
2026-04-13,RLUSD,,-0.09237878713203983,0,0.0
2026-04-13,SHIB,1.0,0.07325491626248515,0,0.0
2026-04-13,SKY,,-0.0040699100207097026,0,0.0
2026-04-13,SOL,5.0,-0.12879120173564593,0,0.0
2026-04-13,STX,3.0,0.07245181293172966,0,0.0
2026-04-13,SUI,0.0,0.36899920996289,1,0.032228009168859574
2026-04-13,TAO,6.0,0.08716551432516398,0,0.0
2026-04-13,TON,0.0,-0.1979227409693645,-1,-0.01584192175037815
2026-04-13,TRUMP,5.0,0.6651174280321882,1,0.032228009168859574
2026-04-13,TRX,6.0,-0.4103743091811481,-1,-0.035890595683925094
2026-04-13,U,,-0.2843622584525034,-1,-0.035890595683925094
2026-04-13,UNI,5.0,0.06818233946814867,0,0.0
2026-04-13,VET,1.0,-0.2881915078972773,-1,-0.017719117076590168
2026-04-13,VIRTUAL,5.0,0.86895448340924,1,0.032228009168859574
2026-04-13,WLD,0.0,0.01672534839704588,0,0.0
2026-04-13,WLFI,,0.14375932671352035,1,0.015739340361144574
2026-04-13,XLM,1.0,0.061940163139155284,0,0.0
2026-04-13,XRP,5.0,-0.28036019328954703,-1,-0.035890595683925094
2026-04-13,ZEC,6.0,-0.1431810934263562,0,0.0
2026-04-20,AAVE,,-0.2566507102629058,-1,-0.034543860701523404
2026-04-20,ADA,7.0,-0.1801026471360714,-1,-0.034543860701523404
2026-04-20,ALGO,0.0,-0.20906940646063163,-1,-0.006107549640121109
2026-04-20,APT,2.0,-0.03640621701616024,0,0.0
2026-04-20,ARB,8.0,0.34026776041837464,1,0.031194980400839387
2026-04-20,ASTER,1.0,-0.10225607116763179,0,0.0
2026-04-20,ATOM,8.0,-0.15354616554624623,0,0.0
2026-04-20,AVAX,7.0,0.08767852017386976,0,0.0
2026-04-20,BCH,1.0,-0.51873613724433,-1,-0.034543860701523404
2026-04-20,BFUSD,,-0.5791070453272835,-1,-0.034543860701523404
2026-04-20,BNB,6.0,-0.2559321733564568,-1,-0.034543860701523404
2026-04-20,BONK,0.0,0.3712968039416681,1,0.03323193177220608
2026-04-20,BTC,6.0,-0.18221968204320857,-1,-0.034543860701523404
2026-04-20,CAKE,8.0,0.04996365490111298,0,0.0
2026-04-20,CHZ,0.0,-0.2389388524207391,-1,-0.012014762649628058
2026-04-20,DASH,3.0,0.0033381513330770054,0,0.0
2026-04-20,DEXE,0.0,-0.3187119508996522,-1,-0.00681840425498292
2026-04-20,DOGE,0.0,0.0012530503885949517,0,0.0
2026-04-20,DOT,4.0,0.05801292038027513,0,0.0
2026-04-20,ENA,,0.0038752375171981048,0,0.0
2026-04-20,ETC,0.0,-0.22044953177425186,-1,-0.025013827720061797
2026-04-20,ETH,8.0,0.07647136988692183,0,0.0
2026-04-20,FET,3.0,-0.01849786246249405,0,0.0
2026-04-20,FIL,4.0,0.28887754299383944,1,0.03323193177220608
2026-04-20,HBAR,5.0,-0.0020087697034009023,0,0.0
2026-04-20,ICP,7.0,0.3668276891172843,1,0.03323193177220608
2026-04-20,JST,6.0,-0.5869565465450491,-1,-0.012958525565067564
2026-04-20,JUP,4.0,0.12390412558513914,1,0.024311420456133253
2026-04-20,LINK,8.0,0.01392310615560139,0,0.0
2026-04-20,LTC,5.0,-0.2429888166794823,-1,-0.034543860701523404
2026-04-20,LUNC,2.0,-0.05157789311141711,0,0.0
2026-04-20,MORPHO,7.0,-0.09719561667757284,0,0.0
2026-04-20,NEAR,7.0,0.058779381766467326,0,0.0
2026-04-20,NEXO,8.0,-0.3002366041684484,-1,-0.034543860701523404
2026-04-20,NIGHT,4.0,0.453214905616132,1,0.031851964425726825
2026-04-20,ONDO,0.0,0.17918185997550856,1,0.0302392098425635
2026-04-20,PENGU,5.0,0.3734308066157245,1,0.012822180126132246
2026-04-20,PEPE,0.0,0.5845210600164683,1,0.03323193177220608
2026-04-20,POL,,0.23879929935071464,1,0.02181042580880273
2026-04-20,PUMP,8.0,0.09566371173956272,1,0.03323193177220608
2026-04-20,QNT,5.0,-0.4135978112606358,-1,-0.02963750089772427
2026-04-20,RENDER,7.0,0.4824086416483297,1,0.01671786949962423
2026-04-20,RLUSD,,-0.2688770305781147,-1,-0.034543860701523404
2026-04-20,SHIB,0.0,-0.07971098590096355,0,0.0
2026-04-20,SKY,,-0.1636030139204157,0,0.0
2026-04-20,SOL,5.0,-0.0402523833040276,0,0.0
2026-04-20,STX,1.0,0.16997752734867005,1,0.03323193177220608
2026-04-20,SUI,8.0,0.6166244784884154,1,0.03323193177220608
2026-04-20,TAO,3.0,0.40652389032389935,1,0.018424758517249288
2026-04-20,TON,1.0,-0.1597555688521195,0,0.0
2026-04-20,TRUMP,7.0,0.4655946101701027,1,0.03323193177220608
2026-04-20,TRX,5.0,-0.6383650463453318,-1,-0.034543860701523404
2026-04-20,U,,-0.24300789333206654,-1,-0.034543860701523404
2026-04-20,UNI,7.0,0.0886753702155496,0,0.0
2026-04-20,VET,0.0,-0.205588050715337,-1,-0.017923100854133428
2026-04-20,VIRTUAL,7.0,0.7275186910631337,1,0.03323193177220608
2026-04-20,WLD,1.0,0.07810321811728212,0,0.0
2026-04-20,WLFI,,0.2332363222953848,1,0.01711030998436653
2026-04-20,XLM,0.0,0.11515095559255019,1,0.021429494988707325
2026-04-20,XRP,5.0,-0.30228837922396645,-1,-0.034543860701523404
2026-04-20,ZEC,3.0,-0.08645979970045489,0,0.0
2026-04-27,AAVE,,-0.35049002844459376,-1,-0.028663722968418185
2026-04-27,ADA,3.0,-0.2084401497961861,-1,-0.030796929176649227
2026-04-27,ALGO,1.0,0.23244838381820304,1,0.012532114765059275
2026-04-27,APT,2.0,0.028695026687732363,0,0.0
2026-04-27,ARB,3.0,0.13461128154216534,1,0.015832284724152514
2026-04-27,ASTER,5.0,0.01706632021835746,0,0.0
2026-04-27,ATOM,6.0,-0.22280277212948804,-1,-0.018609833697727184
2026-04-27,AVAX,3.0,0.013775946343602387,0,0.0
2026-04-27,BCH,7.0,-0.5344199016935688,-1,-0.030796929176649227
2026-04-27,BFUSD,,-0.4397130733937112,-1,-0.030796929176649227
2026-04-27,BNB,3.0,-0.3472360407463009,-1,-0.030796929176649227
2026-04-27,BONK,8.0,0.3090202756747706,1,0.03610837270126938
2026-04-27,BTC,3.0,-0.37383064664619825,-1,-0.030796929176649227
2026-04-27,CAKE,6.0,-0.06649221766960425,0,0.0
2026-04-27,CHZ,7.0,-0.08061896960094692,0,0.0
2026-04-27,DASH,0.0,0.06942514508825527,0,0.0
2026-04-27,DEXE,7.0,-0.01379410314928313,0,0.0
2026-04-27,DOGE,1.0,0.0665093194187323,0,0.0
2026-04-27,DOT,4.0,-0.03942593553856946,0,0.0
2026-04-27,ENA,,-0.028899013054169878,0,0.0
2026-04-27,ETC,1.0,-0.10506925350909858,-1,-0.030796929176649227
2026-04-27,ETH,6.0,-0.15071256697704216,-1,-0.030796929176649227
2026-04-27,FET,0.0,-0.00017819500428908636,0,0.0
2026-04-27,FIL,4.0,0.149397138244797,1,0.03610837270126938
2026-04-27,HBAR,8.0,-0.0917875207659788,0,0.0
2026-04-27,ICP,3.0,0.31147598812335997,1,0.03610837270126938
2026-04-27,JST,2.0,-0.4864921338227231,-1,-0.011385966415499037
2026-04-27,JUP,6.0,0.1553843079373121,1,0.033116664589683466
2026-04-27,LINK,3.0,-0.10757061425092115,-1,-0.030796929176649227
2026-04-27,LTC,2.0,-0.3088156732212183,-1,-0.030796929176649227
2026-04-27,LUNC,2.0,0.07576030500896994,0,0.0
2026-04-27,MORPHO,5.0,-0.11806448909059723,-1,-0.02126439250212434
2026-04-27,NEAR,3.0,-0.019126275176640686,0,0.0
2026-04-27,NEXO,6.0,-0.32613797580441944,-1,-0.030796929176649227
2026-04-27,NIGHT,5.0,0.3178411219510474,1,0.030969341551747864
2026-04-27,ONDO,1.0,0.21672506130447405,1,0.028598998395224944
2026-04-27,PENGU,8.0,0.48508444130479383,1,0.015590838649717553
2026-04-27,PEPE,8.0,0.4752361289923946,1,0.03610837270126938
2026-04-27,POL,,0.2816464722707647,1,0.0234633270758206
2026-04-27,PUMP,6.0,0.24064987677963168,1,0.03610837270126938
2026-04-27,QNT,2.0,-0.4702801298514754,-1,-0.030796929176649227
2026-04-27,RENDER,0.0,0.6548266264616563,1,0.0318259689143785
2026-04-27,RLUSD,,-0.07625379510458788,0,0.0
2026-04-27,SHIB,1.0,-0.09976215626857235,0,0.0
2026-04-27,SKY,,-0.10010400054030977,-1,-0.01391907594314212
2026-04-27,SOL,2.0,-0.17364036729091004,-1,-0.030796929176649227
2026-04-27,STX,8.0,0.06149326725804244,0,0.0
2026-04-27,SUI,6.0,0.17316581477437598,1,0.03610837270126938
2026-04-27,TAO,0.0,0.2926780105858854,1,0.012998522627118338
2026-04-27,TON,0.0,-0.09733365828696958,0,0.0
2026-04-27,TRUMP,5.0,0.41186116568258047,1,0.03610837270126938
2026-04-27,TRX,2.0,-0.4701127368922976,-1,-0.030796929176649227
2026-04-27,U,,-0.07502586451899149,0,0.0
2026-04-27,UNI,5.0,0.06901712769559497,0,0.0
2026-04-27,VET,1.0,-0.0722741089550177,0,0.0
2026-04-27,VIRTUAL,3.0,0.8846802495303437,1,0.03610837270126938
2026-04-27,WLD,3.0,0.11722859795507679,1,0.014877126604942581
2026-04-27,WLFI,,0.18062611618370464,1,0.016327830491999415
2026-04-27,XLM,7.0,0.025392036746289193,0,0.0
2026-04-27,XRP,2.0,-0.3790656768850611,-1,-0.030796929176649227
2026-04-27,ZEC,0.0,-0.017751509503176922,0,0.0
2026-05-04,AAVE,,-0.32555233164258435,-1,-0.02529514789580484
2026-05-04,ADA,0.0,-0.16609101676701812,-1,-0.02751403807088141
2026-05-04,ALGO,1.0,0.17143932782760446,1,0.02433259053003946
2026-05-04,APT,1.0,0.2232405747503284,1,0.03911451848803929
2026-05-04,ARB,0.0,0.16402890045993326,1,0.020775793285905675
2026-05-04,ASTER,2.0,0.07469279819855987,0,0.0
2026-05-04,ATOM,3.0,-0.34005899498261466,-1,-0.019587377652493847
2026-05-04,AVAX,0.0,-0.00460712070647141,0,0.0
2026-05-04,BCH,4.0,-0.4612801766592961,-1,-0.03330255835549279
2026-05-04,BFUSD,,-0.3783340875863019,-1,-0.03330255835549279
2026-05-04,BNB,3.0,-0.2817578045582605,-1,-0.03330255835549279
2026-05-04,BONK,6.0,0.23700768525155247,1,0.025969046980830076
2026-05-04,BTC,3.0,-0.3795110836969839,-1,-0.03330255835549279
2026-05-04,CAKE,3.0,-0.0689717601045438,0,0.0
2026-05-04,CHZ,4.0,-0.08614419089498458,0,0.0
2026-05-04,DASH,6.0,0.3360725176795295,1,0.016666190406412273
2026-05-04,DEXE,4.0,-0.029846536790540473,0,0.0
2026-05-04,DOGE,1.0,0.0619966944056956,0,0.0
2026-05-04,DOT,8.0,-0.05696234230591135,0,0.0
2026-05-04,ENA,,0.07940020331714538,0,0.0
2026-05-04,ETC,1.0,-0.13258506331642572,0,0.0
2026-05-04,ETH,3.0,-0.32507822353552573,-1,-0.03330255835549279
2026-05-04,FET,6.0,-0.11203651347264458,0,0.0
2026-05-04,FIL,8.0,0.04259128841474012,0,0.0
2026-05-04,HBAR,7.0,-0.047253943532453595,0,0.0
2026-05-04,ICP,5.0,0.024400589147510306,0,0.0
2026-05-04,JST,9.0,-0.4308347260350527,-1,-0.0203323814022336
2026-05-04,JUP,8.0,-0.028335612864374225,0,0.0
2026-05-04,LINK,0.0,-0.11989613821642499,0,0.0
2026-05-04,LTC,7.0,-0.2806117763467081,-1,-0.03330255835549279
2026-05-04,LUNC,2.0,0.24089440956089408,1,0.01301111830401935
2026-05-04,MORPHO,2.0,0.03642107718712634,0,0.0
2026-05-04,NEAR,5.0,-0.12142044731798057,0,0.0
2026-05-04,NEXO,3.0,-0.33985499780312123,-1,-0.03330255835549279
2026-05-04,NIGHT,2.0,0.35526131485853085,1,0.026763999126924967
2026-05-04,ONDO,6.0,0.14804690990208288,1,0.013152953561280455
2026-05-04,PENGU,1.0,0.4431092043279938,1,0.02744523664327662
2026-05-04,PEPE,3.0,0.4748001966819963,1,0.05504425178231884
2026-05-04,POL,,0.6261548302758851,1,0.05504425178231884
2026-05-04,PUMP,3.0,0.16356476634860073,1,0.02542772720626084
2026-05-04,QNT,9.0,-0.2565491694578226,-1,-0.025371300331954606
2026-05-04,RENDER,6.0,0.5025980763423699,1,0.03449267981408618
2026-05-04,RLUSD,,-0.17766891517785394,-1,-0.03330255835549279
2026-05-04,SHIB,1.0,-0.06996147985408993,0,0.0
2026-05-04,SKY,,-0.25918223682316877,-1,-0.01509411471070934
2026-05-04,SOL,7.0,-0.15824943758872612,-1,-0.021629552433674346
2026-05-04,STX,1.0,0.03184685966366905,0,0.0
2026-05-04,SUI,3.0,-0.014982731502634104,0,0.0
2026-05-04,TAO,6.0,0.41847071056555535,1,0.027786707915302793
2026-05-04,TON,6.0,-0.13758708792563681,-1,-0.003847945591827452
2026-05-04,TRUMP,2.0,0.4278651647030148,1,0.03603765596766156
2026-05-04,TRX,9.0,-0.4661385312763775,-1,-0.03330255835549279
2026-05-04,U,,-0.2739252584823376,-1,-0.03330255835549279
2026-05-04,UNI,2.0,0.07936901906765258,0,0.0
2026-05-04,VET,1.0,-0.06046169867131313,0,0.0
2026-05-04,VIRTUAL,0.0,0.740526504571161,1,0.03604530989509855
2026-05-04,WLD,5.0,0.20819840609588844,1,0.019956523379447904
2026-05-04,WLFI,,0.16334498309795176,1,0.016793375110580093
2026-05-04,XLM,4.0,0.03138423003770892,0,0.0
2026-05-04,XRP,7.0,-0.33106977482709526,-1,-0.03330255835549279
2026-05-04,ZEC,6.0,0.21607396798259296,1,0.011140069820196226
2026-05-11,AAVE,,-0.44460199020519103,-1,-0.017982500363275495
2026-05-11,ADA,,-0.23566169754495475,-1,-0.019100007948980525
2026-05-11,ALGO,,0.08388850222254034,0,0.0
2026-05-11,APT,,0.18093950934666803,1,0.023384162419724616
2026-05-11,ARB,,0.14640002516079914,0,0.0
2026-05-11,ASTER,,-0.05869219133743949,0,0.0
2026-05-11,ATOM,,-0.18644332639164618,-1,-0.022191525896310096
2026-05-11,AVAX,,-0.07527449088084616,0,0.0
2026-05-11,BCH,,-0.4007810715084046,-1,-0.023072653254727172
2026-05-11,BFUSD,,-0.3710603023068122,-1,-0.038144192782618845
2026-05-11,BNB,,-0.32343680093401667,-1,-0.038144192782618845
2026-05-11,BONK,,0.35983300611256874,1,0.019171713352863547
2026-05-11,BTC,,-0.5566765296283382,-1,-0.034605178408884725
2026-05-11,CAKE,,-0.19766674897685158,-1,-0.023874464170651165
2026-05-11,CHZ,,0.010353046739367381,0,0.0
2026-05-11,DASH,,0.23854007288573933,1,0.02436240618931037
2026-05-11,DEXE,,0.3463328027321542,1,0.017443897676777263
2026-05-11,DOGE,,-0.24221697184851207,-1,-0.03608834733551445
2026-05-11,DOT,,-0.1400360080955901,-1,-0.018546959328063026
2026-05-11,ENA,,0.11483086925766825,0,0.0
2026-05-11,ETC,,-0.1302982679610755,-1,-0.01598502838623612
2026-05-11,ETH,,-0.3298895422669315,-1,-0.029443856204294263
2026-05-11,FET,,0.07605823547748256,0,0.0
2026-05-11,FIL,,0.13583171880624118,0,0.0
2026-05-11,HBAR,,-0.07295701549352404,0,0.0
2026-05-11,ICP,,0.13862403198024528,0,0.0
2026-05-11,JST,,-0.17517407467336546,-1,-0.038144192782618845
2026-05-11,JUP,,0.24732115143728706,1,0.011371511177907242
2026-05-11,LINK,,-0.17579814744018343,-1,-0.015767452352590302
2026-05-11,LTC,,-0.29312583736133363,-1,-0.02338949742828625
2026-05-11,LUNC,,0.049782534013700606,0,0.0
2026-05-11,MORPHO,,-0.12814808243357462,0,0.0
2026-05-11,NEAR,,-0.0793432355010724,0,0.0
2026-05-11,NEXO,,-0.3127597527454489,-1,-0.03792874719909703
2026-05-11,NIGHT,,0.34246250412767365,1,0.034956774269743966
2026-05-11,ONDO,,0.17184213297702425,1,0.013274900799671967
2026-05-11,PENGU,,0.37244969647134957,1,0.017423176163037256
2026-05-11,PEPE,,0.40371377708007666,1,0.029134906382675792
2026-05-11,POL,,0.1853651878697218,1,0.0363666593704851
2026-05-11,PUMP,,0.2338457546362182,1,0.020115384366438505
2026-05-11,QNT,,-0.062466951624883846,0,0.0
2026-05-11,RENDER,,0.2995076056541397,1,0.039297201001064014
2026-05-11,RLUSD,,0.15713142845027886,0,0.0
2026-05-11,SHIB,,-0.05391743471450146,0,0.0
2026-05-11,SKY,,-0.11934256122474642,0,0.0
2026-05-11,SOL,,-0.1494655943644011,-1,-0.016839558326280507
2026-05-11,STX,,-0.0415623444719037,0,0.0
2026-05-11,SUI,,0.06843472236206125,0,0.0
2026-05-11,TAO,,0.23864589437787345,1,0.02457065388779477
2026-05-11,TON,,0.06664954842650118,0,0.0
2026-05-11,TRUMP,,0.22921693369431081,1,0.037151363719383455
2026-05-11,TRX,,-0.31190641263795665,-1,-0.038144192782618845
2026-05-11,U,,0.1734304089780828,1,0.07228230821647423
2026-05-11,UNI,,-0.10898737596381357,0,0.0
2026-05-11,VET,,-0.11278475098432561,0,0.0
2026-05-11,VIRTUAL,,0.5235785729621828,1,0.020006307082384534
2026-05-11,WLD,,0.16607888009128918,1,0.023033706863498406
2026-05-11,WLFI,,0.1638982356889362,1,0.02102902317549767
2026-05-11,XLM,,0.16197475948954423,1,0.04062394388526733
2026-05-11,XRP,,-0.31941024158363934,-1,-0.03760745226633358
2026-05-11,ZEC,,0.12292420359555989,0,0.0
2026-05-18,AAVE,,-0.46266363384245224,-1,-0.020601730025211495
2026-05-18,ADA,,-0.2994282873753205,-1,-0.019730740528571156
2026-05-18,ALGO,,0.17131148557703277,0,0.0
2026-05-18,APT,,0.20803576363027304,1,0.02747311281931464
2026-05-18,ARB,,0.0891857839131809,0,0.0
2026-05-18,ASTER,,0.037583121711955644,0,0.0
2026-05-18,ATOM,,-0.24285743158364653,-1,-0.03540818070349686
2026-05-18,AVAX,,-0.10148228714472339,0,0.0
2026-05-18,BCH,,-0.4193690260757239,-1,-0.02208848760915527
2026-05-18,BFUSD,,-0.4015734760058812,-1,-0.03970379404665733
2026-05-18,BNB,,-0.4217331215672633,-1,-0.03970379404665733
2026-05-18,BONK,,0.3687001095742828,1,0.02198086755805778
2026-05-18,BTC,,-0.5574700702763878,-1,-0.03970379404665733
2026-05-18,CAKE,,-0.20130387976665318,-1,-0.025255707599139466
2026-05-18,CHZ,,-0.10573027366866783,0,0.0
2026-05-18,DASH,,0.24080761395969852,1,0.026844973903979476
2026-05-18,DEXE,,0.2449435496832166,1,0.019121761593477435
2026-05-18,DOGE,,-0.3065089392290303,-1,-0.02880016355226899
2026-05-18,DOT,,-0.22616994076910624,-1,-0.019341020041470508
2026-05-18,ENA,,0.06645526622073132,0,0.0
2026-05-18,ETC,,-0.16395729134230191,-1,-0.016648614256404213
2026-05-18,ETH,,-0.264830133430377,-1,-0.038403796510752784
2026-05-18,FET,,0.17752746525832447,1,0.025013825805365444
2026-05-18,FIL,,0.1200229734836321,0,0.0
2026-05-18,HBAR,,-0.11429754269352453,0,0.0
2026-05-18,ICP,,0.12240943133267386,0,0.0
2026-05-18,JST,,0.018703366176595387,0,0.0
2026-05-18,JUP,,0.2452715174330933,1,0.012848908450407488
2026-05-18,LINK,,-0.22695622962094764,-1,-0.016514353691027866
2026-05-18,LTC,,-0.34221683345566656,-1,-0.025140655097297796
2026-05-18,LUNC,,0.19588032776622885,1,0.01629843381743411
2026-05-18,MORPHO,,-0.04745414077752051,0,0.0
2026-05-18,NEAR,,-0.32341982803792835,-1,-0.006433810882762615
2026-05-18,NEXO,,-0.2760859686131972,-1,-0.03970379404665733
2026-05-18,NIGHT,,0.3249406403613144,1,0.03601581207560849
2026-05-18,ONDO,,0.2086602155935198,1,0.014546785387704939
2026-05-18,PENGU,,0.6057415349358973,1,0.02730082875208703
2026-05-18,PEPE,,0.4176139849744441,1,0.034759262082411126
2026-05-18,POL,,0.2026874672049689,1,0.04274784145588487
2026-05-18,PUMP,,0.23933779620890883,1,0.022754429816894205
2026-05-18,QNT,,-0.12433982842545252,0,0.0
2026-05-18,RENDER,,0.38093116095686597,1,0.03765646714786514
2026-05-18,RLUSD,,0.1282287994391289,0,0.0
2026-05-18,SHIB,,-0.038374138246463615,0,0.0
2026-05-18,SKY,,0.02024621332361553,0,0.0
2026-05-18,SOL,,-0.16244746344765,0,0.0
2026-05-18,STX,,-0.04695373286429795,0,0.0
2026-05-18,SUI,,0.02218248615607931,0,0.0
2026-05-18,TAO,,0.30917321625429817,1,0.027808087427876417
2026-05-18,TON,,-0.021751111057188122,0,0.0
2026-05-18,TRUMP,,0.297013256787413,1,0.040394812757957144
2026-05-18,TRX,,-0.27878766412439326,-1,-0.03970379404665733
2026-05-18,U,,0.11298822122886414,0,0.0
2026-05-18,UNI,,-0.16624970536196854,-1,-0.012796392422878331
2026-05-18,VET,,-0.08072981435559312,0,0.0
2026-05-18,VIRTUAL,,0.5630210196286065,1,0.022698859404974056
2026-05-18,WLD,,0.21579036857461723,1,0.02000438326763552
2026-05-18,WLFI,,0.1764443573569107,0,0.0
2026-05-18,XLM,,0.19737654236907895,1,0.048730546475064744
2026-05-18,XRP,,-0.41884265125505604,-1,-0.03931737684627609
2026-05-18,ZEC,,0.114769387338933,0,0.0
2026-05-25,AAVE,,-0.45324622121983693,-1,-0.02028328251863516
2026-05-25,ADA,,-0.28412133830143754,-1,-0.019244216308620606
2026-05-25,ALGO,,0.2226523169606819,1,0.029448173768064523
2026-05-25,APT,,0.22497521239049595,1,0.024589740019487223
2026-05-25,ARB,,0.1435853673642611,0,0.0
2026-05-25,ASTER,,-0.05686957491071441,0,0.0
2026-05-25,ATOM,,-0.3197964220488336,-1,-0.03963744792477651
2026-05-25,AVAX,,-0.12212861068328375,0,0.0
2026-05-25,BCH,,-0.41230542395030406,-1,-0.021264187389849934
2026-05-25,BFUSD,,-0.20076124018330882,-1,-0.03963744792477651
2026-05-25,BNB,,-0.47645087197302166,-1,-0.03963744792477651
2026-05-25,BONK,,0.3703365874821766,1,0.01906525762988947
2026-05-25,BTC,,-0.62340985085726,-1,-0.03963744792477651
2026-05-25,CAKE,,-0.15405191168150348,0,0.0
2026-05-25,CHZ,,-0.05888519968966959,0,0.0
2026-05-25,DASH,,0.13757946819137673,0,0.0
2026-05-25,DEXE,,0.6464760333439672,1,0.04263249749102855
2026-05-25,DOGE,,-0.2860563097498347,-1,-0.03963744792477651
2026-05-25,DOT,,-0.23574531643907642,-1,-0.019035626410112208
2026-05-25,ENA,,0.03969968464973285,0,0.0
2026-05-25,ETC,,-0.20684659579807124,-1,-0.014906223763821535
2026-05-25,ETH,,-0.27565269148384597,-1,-0.037703158866208016
2026-05-25,FET,,0.25102572838770354,1,0.0221761298697763
2026-05-25,FIL,,0.1560683726884819,0,0.0
2026-05-25,HBAR,,-0.051362298958516635,0,0.0
2026-05-25,ICP,,0.18483265270458163,1,0.01310942775021992
2026-05-25,JST,,-0.011980441982041566,0,0.0
2026-05-25,JUP,,0.25079640691020255,1,0.011256028379538164
2026-05-25,LINK,,-0.22783185107075507,-1,-0.01592139285420949
2026-05-25,LTC,,-0.3068700224185592,-1,-0.024992501064653123
2026-05-25,LUNC,,0.44687845464915604,1,0.021882486767292406
2026-05-25,MORPHO,,-0.11817745765187884,0,0.0
2026-05-25,NEAR,,-0.37515121910611166,-1,-0.006969240813445656
2026-05-25,NEXO,,-0.29768675666034206,-1,-0.03963744792477651
2026-05-25,NIGHT,,0.4642177175788633,1,0.05672250229820184
2026-05-25,ONDO,,0.07523608699020844,0,0.0
2026-05-25,PENGU,,0.5710960333055527,1,0.024634583973456768
2026-05-25,PEPE,,0.4381111111390538,1,0.03140900825641824
2026-05-25,POL,,0.2256538291582499,1,0.03984428514521927
2026-05-25,PUMP,,0.2537478760408461,1,0.020537922622725295
2026-05-25,QNT,,-0.14027532876550824,0,0.0
2026-05-25,RENDER,,0.32870946484201513,1,0.03298324242223259
2026-05-25,RLUSD,,0.013305490050118675,0,0.0
2026-05-25,SHIB,,-0.01945868310395374,0,0.0
2026-05-25,SKY,,-0.03135394634378212,0,0.0
2026-05-25,SOL,,-0.17082278556514718,-1,-0.017419570285122955
2026-05-25,STX,,-0.06194996789611919,0,0.0
2026-05-25,SUI,,0.015553532391120957,0,0.0
2026-05-25,TAO,,0.324876347656215,1,0.028453144888163525
2026-05-25,TON,,0.03465677226555812,0,0.0
2026-05-25,TRUMP,,0.29365944224178187,1,0.03802367757866524
2026-05-25,TRX,,-0.5411406172216122,-1,-0.03963744792477651
2026-05-25,U,,0.003156119305338899,0,0.0
2026-05-25,UNI,,-0.17817481972814303,-1,-0.011555081646307745
2026-05-25,VET,,-0.13930360269813216,0,0.0
2026-05-25,VIRTUAL,,0.5828543049363453,1,0.020458789098369755
2026-05-25,WLD,,0.21949425433269004,1,0.019680469223212954
2026-05-25,WLFI,,0.21518834460946287,1,0.02809263281803801
2026-05-25,XLM,,0.06416214023521953,0,0.0
2026-05-25,XRP,,-0.40793584389015397,-1,-0.038243382605578025
2026-05-25,ZEC,,0.04721806922930182,0,0.0
