week,symbol,cluster_id,signal,side,w
2019-04-01,ADA,,0.45399926343346825,1,0.1416666666666667
2019-04-01,BNB,,0.284589009579889,0,0.0
2019-04-01,BTC,,-0.404845485272722,-1,-0.1416666666666667
2019-04-01,DASH,,0.11138663333945921,0,0.0
2019-04-01,ETC,,-0.6123454699060419,-1,-0.1416666666666667
2019-04-01,ETH,,-0.1282445190680329,0,0.0
2019-04-01,FET,,-0.002870922990520785,0,0.0
2019-04-01,LINK,,0.34410828611092537,1,0.1416666666666667
2019-04-01,LTC,,-0.5553327700116245,-1,-0.1416666666666667
2019-04-01,TRX,,0.11476599553707385,0,0.0
2019-04-01,VET,,0.3237358668548125,1,0.1416666666666667
2019-04-01,XLM,,-0.07379253063099839,0,0.0
2019-04-01,XRP,,-0.011925122445308422,0,0.0
2019-04-01,ZEC,,0.15677176546962268,0,0.0
2019-04-08,ADA,,0.009901455541532145,0,0.029166666666666688
2019-04-08,BNB,,0.6156770182288103,1,0.1125
2019-04-08,BTC,,-0.15997266050289616,0,-0.029166666666666688
2019-04-08,DASH,,0.11176763351190797,0,0.0
2019-04-08,ETC,,-0.5100573427776584,-1,-0.1416666666666667
2019-04-08,ETH,,-0.035275247332611,0,0.0
2019-04-08,FET,,0.35427056738982915,1,0.1125
2019-04-08,LINK,,0.1362268983397697,0,0.029166666666666688
2019-04-08,LTC,,-0.46914485025903063,-1,-0.1416666666666667
2019-04-08,TRX,,0.05151230608296006,0,0.0
2019-04-08,VET,,0.026825331998522564,0,0.029166666666666688
2019-04-08,XLM,,-0.2031085351287243,-1,-0.1125
2019-04-08,XRP,,-0.08296158563046914,0,0.0
2019-04-08,ZEC,,0.15433901053806168,1,0.1125
2019-04-15,ADA,,-0.2013724002590009,-1,-0.1416666666666667
2019-04-15,BNB,,0.6385844868850189,1,0.1416666666666667
2019-04-15,BTC,,-0.08877855633034243,0,0.0
2019-04-15,DASH,,0.08023370743434784,0,0.0
2019-04-15,ETC,,-1.0213102868737192,-1,-0.1416666666666667
2019-04-15,ETH,,0.08082977200459232,0,0.0
2019-04-15,FET,,0.7331914859098535,1,0.1416666666666667
2019-04-15,LINK,,0.3147636711219509,1,0.1416666666666667
2019-04-15,LTC,,-0.870972150506203,-1,-0.1416666666666667
2019-04-15,TRX,,0.009038421659282486,0,0.0
2019-04-15,VET,,0.08128427856689867,0,0.0
2019-04-15,XLM,,-0.055144591460386916,0,0.0
2019-04-15,XRP,,0.17965962106943595,0,0.0
2019-04-15,ZEC,,0.11999254077826862,0,0.0
2019-04-22,ADA,,-0.024618688427018972,0,0.0
2019-04-22,BNB,,0.4816986363881875,1,0.1416666666666667
2019-04-22,BTC,,0.149768662336857,0,0.0
2019-04-22,DASH,,0.21587268508966992,0,0.0
2019-04-22,ETC,,-0.6786950743984856,-1,-0.1416666666666667
2019-04-22,ETH,,0.0833123842153559,0,0.0
2019-04-22,FET,,-0.2367459151191911,-1,-0.1416666666666667
2019-04-22,LINK,,0.2662846677142681,1,0.1416666666666667
2019-04-22,LTC,,-0.6725070214333129,-1,-0.1416666666666667
2019-04-22,TRX,,0.13243951307091992,0,0.0
2019-04-22,VET,,0.06959116221086169,0,0.0
2019-04-22,XLM,,-0.09050130673205939,0,0.0
2019-04-22,XRP,,0.22060289970931715,1,0.1416666666666667
2019-04-22,ZEC,,0.08349739537463267,0,0.0
2019-04-29,ADA,,0.06903191290410683,0,0.0
2019-04-29,BNB,,-0.6577339306902728,-1,-0.0396431216852253
2019-04-29,BTC,,0.27034294838378364,1,0.08738042329621606
2019-04-29,DASH,,0.20506273491512972,1,0.08738042329621606
2019-04-29,ETC,,0.2634392193820105,1,0.03309417992576544
2019-04-29,ETH,,0.12205961707993618,0,0.0
2019-04-29,FET,,-0.9173183181037742,-1,-0.12856878314774695
2019-04-29,LINK,,0.06462915286610496,0,0.054286243370450626
2019-04-29,LTC,,0.05560070448228133,0,-0.054286243370450626
2019-04-29,TRX,,0.16021199382005927,0,0.0
2019-04-29,VET,,0.159669916356007,0,0.0
2019-04-29,XLM,,-0.048539178370230036,-1,-0.09392936505567591
2019-04-29,XRP,,0.10716215463471512,0,0.054286243370450626
2019-04-29,ZEC,,0.14638107234014042,0,0.0
2019-05-06,ADA,,0.11585183660292227,0,0.0
2019-05-06,ATOM,,0.09332109802747364,0,0.0
2019-05-06,BNB,,-0.8348645049748354,-1,-0.14104899107615249
2019-05-06,BTC,,0.006444265621573153,0,0.0005290225365986861
2019-05-06,DASH,,0.3129793886461963,1,0.14133800442074354
2019-05-06,ETC,,0.38592529425124367,1,0.14100934217482042
2019-05-06,ETH,,0.0642708038274035,0,0.0
2019-05-06,FET,,-0.7506255921051856,-1,-0.14158736886400256
2019-05-06,LINK,,-0.24829159837579506,-1,-0.14048031963822172
2019-05-06,LTC,,0.06735395041009092,0,-0.00032866224592314336
2019-05-06,TRX,,0.2387415835201735,0,0.0
2019-05-06,VET,,-0.04539307462302834,0,0.0
2019-05-06,XLM,,0.059129409876566466,0,-0.0005686714379307539
2019-05-06,XRP,,0.25977303287993503,0,0.00032866224592314336
2019-05-06,ZEC,,0.2753841064152694,1,0.14080898188414487
2019-05-13,ADA,,0.21649928551091313,0,0.0
2019-05-13,ATOM,,0.10316219988934361,0,0.0
2019-05-13,BNB,,-0.3505126337334548,-1,-0.1416666666666667
2019-05-13,BTC,,0.3142172291481477,1,0.1416666666666667
2019-05-13,DASH,,0.13258263821443034,0,0.0
2019-05-13,ETC,,0.2776991523715904,1,0.1416666666666667
2019-05-13,ETH,,0.03434771893317244,0,0.0
2019-05-13,FET,,-0.9631837549969083,-1,-0.1416666666666667
2019-05-13,LINK,,0.16871544131485727,0,0.0
2019-05-13,LTC,,0.022290448001099195,0,0.0
2019-05-13,TRX,,0.25766277570493706,1,0.1416666666666667
2019-05-13,VET,,-0.04741191340058815,0,0.0
2019-05-13,XLM,,-0.3040087552032166,-1,-0.1416666666666667
2019-05-13,XRP,,0.010598425031216366,0,0.0
2019-05-13,ZEC,,0.1273417432144601,0,0.0
2019-05-20,ADA,,0.1411588545540676,1,0.1416666666666667
2019-05-20,ATOM,,0.09684018749336468,0,0.0
2019-05-20,BNB,,-0.22094937152255437,-1,-0.1416666666666667
2019-05-20,BTC,,0.04942184281141301,0,0.0
2019-05-20,DASH,,-0.11243182685586614,0,0.0
2019-05-20,ETC,,0.08034992826816406,0,0.0
2019-05-20,ETH,,-0.1993077296198701,0,0.0
2019-05-20,FET,,-0.8885082453371611,-1,-0.1416666666666667
2019-05-20,LINK,,-0.017351218421231898,0,0.0
2019-05-20,LTC,,1.131429056623343,1,0.1416666666666667
2019-05-20,TRX,,0.4129544698269419,1,0.1416666666666667
2019-05-20,VET,,-0.015569744603269675,0,0.0
2019-05-20,XLM,,-0.4338560977213833,-1,-0.1416666666666667
2019-05-20,XRP,,-0.15199493625143445,0,0.0
2019-05-20,ZEC,,0.1278148307554785,0,0.0
2019-05-27,ADA,,0.4447025112024731,1,0.1416666666666667
2019-05-27,ATOM,,-0.11848500011241903,0,0.0
2019-05-27,BNB,,-0.3309568237071421,0,0.0
2019-05-27,BTC,,-0.09339057407035149,0,0.0
2019-05-27,DASH,,-0.13998941567117068,0,0.0
2019-05-27,ETC,,0.3360607627440824,0,0.0
2019-05-27,ETH,,-0.3013607347774925,0,0.0
2019-05-27,FET,,-0.7309132167225509,-1,-0.1416666666666667
2019-05-27,LINK,,-0.4052289892811208,-1,-0.1416666666666667
2019-05-27,LTC,,0.6291931852363633,1,0.1416666666666667
2019-05-27,TRX,,0.7934807965738162,1,0.1416666666666667
2019-05-27,VET,,-0.004100245324574583,0,0.0
2019-05-27,XLM,,-0.4498721852086945,-1,-0.1416666666666667
2019-05-27,XRP,,-0.031148403748021802,0,0.0
2019-05-27,ZEC,,0.4020083328668035,0,0.0
2019-06-03,ADA,,0.054700267559561394,0,0.0
2019-06-03,ATOM,,0.22948737610821357,1,0.1416666666666667
2019-06-03,BNB,,-0.24214210077370177,0,0.0
2019-06-03,BTC,,-0.23274393552565215,0,0.0
2019-06-03,DASH,,-0.08439468728532046,0,0.0
2019-06-03,ETC,,0.14544697946828758,0,0.0
2019-06-03,ETH,,-0.31122452158314595,-1,-0.1416666666666667
2019-06-03,FET,,-0.2992846104685297,-1,-0.1416666666666667
2019-06-03,LINK,,-0.01850152777626131,0,0.0
2019-06-03,LTC,,0.6594846027560455,1,0.1416666666666667
2019-06-03,TRX,,0.04799324013440679,0,0.0
2019-06-03,VET,,0.20551674774155737,0,0.0
2019-06-03,XLM,,-0.3632249745481146,-1,-0.1416666666666667
2019-06-03,XRP,,-0.06884978733036697,0,0.0
2019-06-03,ZEC,,0.2777369315230196,1,0.1416666666666667
2019-06-10,ADA,,-0.010125205345323421,0,0.0
2019-06-10,ATOM,,-0.4155053613014899,-1,-0.03833333333333333
2019-06-10,BNB,,-0.04535534977733899,0,0.0
2019-06-10,BTC,,-0.1878006573258452,0,0.0
2019-06-10,DASH,,0.257995748180905,1,0.09000000000000001
2019-06-10,ETC,,-0.1953591140275326,0,0.0
2019-06-10,ETH,,0.005071532342279922,0,-0.05166666666666668
2019-06-10,FET,,0.3302220185690135,1,0.03833333333333333
2019-06-10,LINK,,-0.33308996469356117,-1,-0.09000000000000001
2019-06-10,LTC,,0.40437474138110246,1,0.1416666666666667
2019-06-10,TRX,,-0.2933316362144016,-1,-0.09000000000000001
2019-06-10,VET,,0.18314596993314736,0,0.0
2019-06-10,XLM,,0.07932189095207699,0,-0.05166666666666668
2019-06-10,XRP,,0.09099570817878908,0,0.0
2019-06-10,ZEC,,0.129439679148177,0,0.05166666666666668
2019-06-17,ADA,,0.01346594764036543,0,0.0
2019-06-17,ATOM,,-0.4092830584696216,-1,-0.1358857808857809
2019-06-17,BNB,,0.23149335517602276,0,0.0
2019-06-17,BTC,,-0.14040161671066825,-1,-0.13374125874125878
2019-06-17,DASH,,0.4080193000372954,1,0.13877622377622378
2019-06-17,ETC,,-0.0470086475561666,0,0.0
2019-06-17,ETH,,0.0886734797041505,0,-0.002890442890442893
2019-06-17,FET,,-0.09544996768370853,0,0.002144522144522147
2019-06-17,LINK,,-0.7151392410668554,-1,-0.13877622377622378
2019-06-17,LTC,,-0.028644592092316727,0,0.007925407925407912
2019-06-17,TRX,,-0.1385544017698036,0,-0.005034965034965033
2019-06-17,VET,,0.22627830151883568,0,0.0
2019-06-17,XLM,,0.057569078003755506,0,-0.002890442890442893
2019-06-17,XRP,,0.2556553361542012,1,0.13374125874125878
2019-06-17,ZEC,,0.29332672711451624,1,0.13663170163170166
2019-06-24,ADA,,-0.047242253070102706,0,0.0
2019-06-24,ALGO,,0.002182694128181846,0,0.0
2019-06-24,ATOM,,0.09634489482247736,0,-0.023353073890542614
2019-06-24,BNB,,-0.08951699419087854,-1,-0.09629656790122383
2019-06-24,BTC,,-0.24124874713112526,-1,-0.11928108826265933
2019-06-24,DASH,,0.20470862306508544,1,0.11183989544215042
2019-06-24,ETC,,0.20014592968613595,1,0.08799007549063735
2019-06-24,ETH,,-0.04504236070030264,0,-0.000496746060970458
2019-06-24,FET,,0.18730955670610797,1,0.08835862901974448
2019-06-24,LINK,,-0.7108015985955924,-1,-0.08692041821039097
2019-06-24,LTC,,-0.12916975114421894,-1,-0.0949345222501758
2019-06-24,TRX,,0.03172431923745691,0,-0.0008652995900775709
2019-06-24,VET,,0.4442692603048844,1,0.08799007549063735
2019-06-24,XLM,,-0.046808850095500135,0,-0.000496746060970458
2019-06-24,XRP,,0.0034843249979821444,0,0.0229845203614355
2019-06-24,ZEC,,0.13966095197940784,0,0.023481266422405958
2019-07-01,ADA,,-0.04546425899906301,0,0.0
2019-07-01,ALGO,,0.016159209900836802,0,0.0
2019-07-01,ATOM,,0.13934151507962578,0,0.0
2019-07-01,BNB,,-0.05096475119570214,0,0.0
2019-07-01,BTC,,-0.13143483929802113,-1,-0.12189933205886973
2019-07-01,DASH,,0.2031705270882167,1,0.10625
2019-07-01,ETC,,0.31811969780811344,1,0.10625
2019-07-01,ETH,,0.0735162252396265,0,0.0
2019-07-01,FET,,0.11116530331663882,0,0.0
2019-07-01,LINK,,-0.9585757413736634,-1,-0.05930200382339081
2019-07-01,LTC,,-0.2031056028235289,-1,-0.12189933205886973
2019-07-01,TRX,,0.29431307055543704,1,0.10625
2019-07-01,VET,,-0.07426093452153935,-1,-0.12189933205886973
2019-07-01,XLM,,0.06346885240334736,0,0.0
2019-07-01,XRP,,0.03546245201607146,0,0.0
2019-07-01,ZEC,,0.20908927480360498,1,0.10625
2019-07-08,ADA,,0.0007623689394846552,0,0.0
2019-07-08,ALGO,,-0.0002332817968925859,0,0.0
2019-07-08,ATOM,,0.16283837900856735,1,0.10625
2019-07-08,BNB,,0.03522623687564083,0,0.0
2019-07-08,BTC,,-0.17614825696711692,-1,-0.11915774416031963
2019-07-08,DASH,,0.1508209058994839,0,0.0
2019-07-08,DOGE,,0.15468144499632708,1,0.10625
2019-07-08,ETC,,0.22845531897903557,1,0.10625
2019-07-08,ETH,,-0.09384353469755502,-1,-0.11915774416031963
2019-07-08,FET,,0.009802761272695509,0,0.0
2019-07-08,LINK,,-0.7302336252222433,-1,-0.0675267675190411
2019-07-08,LTC,,-0.10179714648961216,-1,-0.11915774416031963
2019-07-08,TRX,,0.08515684139839963,0,0.0
2019-07-08,VET,,-0.008816083723433902,0,0.0
2019-07-08,XLM,,0.039295143431928005,0,0.0
2019-07-08,XRP,,0.05415667601466775,0,0.0
2019-07-08,ZEC,,0.18987585208062513,1,0.10625
2019-07-15,ADA,,0.12787167150560283,0,0.0
2019-07-15,ALGO,,-0.36586954330598515,-1,-0.12879244520270974
2019-07-15,ATOM,,0.23201337026645213,1,0.10625
2019-07-15,BNB,,-0.014261092004766931,0,0.0
2019-07-15,BTC,,-0.23360978636594754,-1,-0.12879244520270974
2019-07-15,DASH,,0.14166409138139457,0,0.0
2019-07-15,DOGE,,0.15843192437240627,1,0.10625
2019-07-15,ETC,,0.27089072094288436,1,0.10625
2019-07-15,ETH,,-0.07515513698632945,-1,-0.12879244520270974
2019-07-15,FET,,0.34523559394587294,1,0.10625
2019-07-15,LINK,,-1.041769054253052,-1,-0.03862266439187078
2019-07-15,LTC,,0.06795947377018338,0,0.0
2019-07-15,TRX,,0.05405876203779361,0,0.0
2019-07-15,VET,,0.06856804604944831,0,0.0
2019-07-15,XLM,,0.060220210453785415,0,0.0
2019-07-15,XRP,,0.10760342155364824,0,0.0
2019-07-15,ZEC,,0.09614732663660958,0,0.0
2019-07-22,ADA,,0.19672605910160496,1,0.07548233849636213
2019-07-22,ALGO,,0.04357012584340405,0,-0.037295457489155776
2019-07-22,ATOM,,-0.059259159442826524,0,0.03076766150363787
2019-07-22,BNB,,-0.13211640440489628,-1,-0.07837636947453498
2019-07-22,BTC,,-0.3951990013835478,-1,-0.11567182696369076
2019-07-22,DASH,,0.2511386008727364,1,0.07548233849636213
2019-07-22,DOGE,,0.1582068833348843,0,0.03076766150363787
2019-07-22,ETC,,0.089410283305397,0,0.03076766150363787
2019-07-22,ETH,,-0.05626268709558533,0,-0.037295457489155776
2019-07-22,FET,,0.39404683729495105,1,0.10625
2019-07-22,LINK,,-0.03537345830370177,0,-0.011184273547084119
2019-07-22,LTC,,-0.16906648757553672,-1,-0.07837636947453498
2019-07-22,TRX,,-0.5203481650486018,-1,-0.06680024556184361
2019-07-22,VET,,0.05209179681883644,0,0.0
2019-07-22,XLM,,-0.008244604371914318,0,0.0
2019-07-22,XRP,,-0.001875966689003884,0,0.0
2019-07-22,ZEC,,0.19255534774380115,1,0.07548233849636213
2019-07-29,ADA,,0.06304324270944585,0,0.0
2019-07-29,ALGO,,-0.2585480781002377,-1,-0.10625
2019-07-29,ATOM,,-0.0673937602501671,0,0.0
2019-07-29,BNB,,-0.14756746360195055,0,0.0
2019-07-29,BTC,,-0.25896065242275873,-1,-0.10625
2019-07-29,DASH,,0.3403981341461695,1,0.10625
2019-07-29,DOGE,,0.45584706564605604,1,0.10625
2019-07-29,ETC,,0.09127497297630047,0,0.0
2019-07-29,ETH,,0.07550822451013525,0,0.0
2019-07-29,FET,,0.0712769128492694,0,0.0
2019-07-29,LINK,,0.13402035101781476,1,0.10625
2019-07-29,LTC,,-0.16191689626120662,-1,-0.10625
2019-07-29,TRX,,-0.5464911872270747,-1,-0.10625
2019-07-29,VET,,-0.08537776683583029,0,0.0
2019-07-29,XLM,,-0.06902236711616816,0,0.0
2019-07-29,XRP,,0.020585283014027865,0,0.0
2019-07-29,ZEC,,0.34332398494617694,1,0.10625
2019-08-05,ADA,,0.1288983456951425,0,0.0
2019-08-05,ALGO,,-0.37758210798448205,-1,-0.10625
2019-08-05,ATOM,,0.13799586657238366,0,0.0
2019-08-05,BNB,,-0.056330179518173075,0,0.0
2019-08-05,BTC,,-0.45267009855556073,-1,-0.10625
2019-08-05,DASH,,0.449607911329355,1,0.10625
2019-08-05,DOGE,,0.39127852795029067,1,0.10625
2019-08-05,ETC,,0.17383366872772513,1,0.10625
2019-08-05,ETH,,0.10784594911524649,0,0.0
2019-08-05,FET,,0.394288972633607,1,0.10625
2019-08-05,LINK,,-0.17030366830172744,-1,-0.10625
2019-08-05,LTC,,-0.11719526542813034,0,0.0
2019-08-05,TRX,,-0.4051350700529347,-1,-0.10625
2019-08-05,VET,,0.029409330710109906,0,0.0
2019-08-05,XLM,,-0.07496815628474429,0,0.0
2019-08-05,XRP,,-0.007083715582859672,0,0.0
2019-08-05,ZEC,,-0.15189031102524841,0,0.0
2019-08-12,ADA,,0.04722970494608138,0,0.0
2019-08-12,ALGO,,-0.5546143730294634,-1,-0.07780960405714904
2019-08-12,ATOM,,0.2725500251032307,1,0.10625
2019-08-12,BNB,,-0.19115419316388893,-1,-0.11573013198095031
2019-08-12,BTC,,-0.6958062631317496,-1,-0.11573013198095031
2019-08-12,DASH,,0.2077226952820108,0,0.0
2019-08-12,DOGE,,0.24457500223036566,1,0.10625
2019-08-12,ETC,,0.4116406275354527,1,0.10625
2019-08-12,ETH,,-0.08203653043065015,0,0.0
2019-08-12,FET,,0.3723740391890641,1,0.10625
2019-08-12,LINK,,0.0022730047334201357,0,0.0
2019-08-12,LTC,,-0.07606958532164394,0,0.0
2019-08-12,TRX,,0.08259356357221372,0,0.0
2019-08-12,VET,,-0.009127509085067577,0,0.0
2019-08-12,XLM,,-0.09000401052407367,-1,-0.11573013198095031
2019-08-12,XRP,,0.10556181743267315,0,0.0
2019-08-12,ZEC,,-0.04770801533797453,0,0.0
2019-08-19,ADA,,0.1672664741557228,0,0.0
2019-08-19,ALGO,,-0.6844530426705598,-1,-0.09270795061454973
2019-08-19,ATOM,,0.13534536539864264,0,0.0
2019-08-19,BNB,,-0.3440809561703471,-1,-0.11076401646181673
2019-08-19,BTC,,-0.6209223563828148,-1,-0.11076401646181673
2019-08-19,DASH,,0.19545231353163076,0,0.0
2019-08-19,DOGE,,0.24199802748020863,1,0.10625
2019-08-19,ETC,,0.18816593767793452,0,0.0
2019-08-19,ETH,,-0.06395925314864347,0,0.0
2019-08-19,FET,,0.30583221286650863,1,0.10625
2019-08-19,LINK,,-0.30647518215586284,-1,-0.11076401646181673
2019-08-19,LTC,,-0.042730973389508764,0,0.0
2019-08-19,TRX,,0.22663581373802266,1,0.10625
2019-08-19,VET,,0.2702519127885527,1,0.10625
2019-08-19,XLM,,0.10993320524478462,0,0.0
2019-08-19,XRP,,0.04110082785537002,0,0.0
2019-08-19,ZEC,,0.18063967318035876,0,0.0
2019-08-26,ADA,,0.1594601112422393,0,0.0
2019-08-26,ALGO,,-0.5432682322636371,-1,-0.10160769595088077
2019-08-26,ATOM,,0.22796834780521766,0,0.0
2019-08-26,BNB,,-0.43392512241782244,-1,-0.10779743468303972
2019-08-26,BTC,,-0.34841257466681064,-1,-0.10779743468303972
2019-08-26,DASH,,0.16338486115572018,0,0.0
2019-08-26,DOGE,,0.28359719905621295,1,0.10625
2019-08-26,ETC,,-0.40282849044890817,-1,-0.10779743468303972
2019-08-26,ETH,,0.05696395674597448,0,0.0
2019-08-26,FET,,0.32254476522283887,1,0.10625
2019-08-26,LINK,,-0.08275379194188205,0,0.0
2019-08-26,LTC,,0.16953058643838376,0,0.0
2019-08-26,TRX,,0.2244680006317111,0,0.0
2019-08-26,VET,,0.23084174483286926,1,0.10625
2019-08-26,XLM,,0.051291099537688706,0,0.0
2019-08-26,XRP,,-0.3267723391912654,0,0.0
2019-08-26,ZEC,,0.24790987826147023,1,0.10625
2019-09-02,ADA,,0.116430794705559,0,0.0
2019-09-02,ALGO,,-0.035260483168603377,0,0.0
2019-09-02,ATOM,,-0.416588289218045,-1,-0.08242506403995291
2019-09-02,BNB,,-0.11826554242383826,-1,-0.11950433407185457
2019-09-02,BTC,,-0.08385400813133995,0,0.0
2019-09-02,DASH,,0.11707855529757426,0,0.0
2019-09-02,DOGE,,0.2300557297708804,1,0.10625
2019-09-02,ETC,,-0.6120072702625623,-1,-0.10356626781633796
2019-09-02,ETH,,0.017955852710405364,0,0.0
2019-09-02,FET,,0.17942492834861337,0,0.0
2019-09-02,LINK,,0.03146756490658544,0,0.0
2019-09-02,LTC,,0.056138078296969984,0,0.0
2019-09-02,TRX,,0.18414598069074498,1,0.10625
2019-09-02,VET,,-0.04018480806905565,0,0.0
2019-09-02,XLM,,-0.10838912231543588,-1,-0.11950433407185457
2019-09-02,XRP,,0.2235616938977353,1,0.10625
2019-09-02,ZEC,,0.25829034496381237,1,0.10625
2019-09-09,ADA,,0.09641030769411738,0,0.0
2019-09-09,ALGO,,-0.05196665078880018,0,0.0
2019-09-09,ATOM,,-0.2851490512505169,-1,-0.07644304511678689
2019-09-09,BNB,,-0.2638091595940014,-1,-0.1215679422589466
2019-09-09,BTC,,-0.1706883606931872,0,0.0
2019-09-09,CHZ,,0.20477932892062195,1,0.11580706396917496
2019-09-09,DASH,,0.11098991371999982,0,0.0
2019-09-09,DOGE,,0.2803250005364605,1,0.11580706396917496
2019-09-09,ETC,,-0.5857033173743934,-1,-0.10542107036531988
2019-09-09,ETH,,0.10416521927932443,0,0.0
2019-09-09,FET,,0.2890542569451354,1,0.0775788080924751
2019-09-09,LINK,,-0.0947011168517689,0,0.0
2019-09-09,LTC,,0.07233273764125153,0,0.0
2019-09-09,TRX,,0.2688055519496095,1,0.11580706396917496
2019-09-09,VET,,-0.20548017055407947,-1,-0.1215679422589466
2019-09-09,XLM,,-0.07656204314114783,0,0.0
2019-09-09,XRP,,0.17360990633291976,0,0.0
2019-09-09,ZEC,,0.13358764722845462,0,0.0
2019-09-16,ADA,,0.18443000859313635,0,0.0
2019-09-16,ALGO,,0.04043554604162873,0,0.0
2019-09-16,ATOM,,-1.0220020523414295,-1,-0.06915746103088398
2019-09-16,BNB,,-0.15825729011471218,-1,-0.11861417965637201
2019-09-16,BTC,,-0.3508207232603249,-1,-0.11861417965637201
2019-09-16,CHZ,,0.20699336688347225,1,0.10625
2019-09-16,DASH,,0.017747080175573256,0,0.0
2019-09-16,DOGE,,0.4826199098132464,1,0.10625
2019-09-16,ETC,,-0.0382961176254792,0,0.0
2019-09-16,ETH,,0.09167296140728846,0,0.0
2019-09-16,FET,,-0.088748708429034,0,0.0
2019-09-16,LINK,,-0.01825163183324818,0,0.0
2019-09-16,LTC,,0.15342883617772698,0,0.0
2019-09-16,TRX,,0.23303045116100915,1,0.10625
2019-09-16,VET,,0.12079392454010422,0,0.0
2019-09-16,XLM,,-0.18512603263497146,-1,-0.11861417965637201
2019-09-16,XRP,,0.22869753305066984,1,0.10625
2019-09-16,ZEC,,0.10165293839534262,0,0.0
2019-09-23,ADA,,-0.0011301783513994025,0,0.0
2019-09-23,ALGO,,0.016699948201500364,0,0.0
2019-09-23,ATOM,,-0.6831067680668976,-1,-0.09284886365738673
2019-09-23,BNB,,-0.13864794626497942,-1,-0.11071704544753774
2019-09-23,BTC,,-0.3356194888999416,-1,-0.11071704544753774
2019-09-23,CHZ,,0.19222103573424976,1,0.10625
2019-09-23,DASH,,-0.019852106215366882,0,0.0
2019-09-23,DOGE,,0.3137636737118127,1,0.10625
2019-09-23,ETC,,0.0342383997060966,0,0.0
2019-09-23,ETH,,-0.1279761536631711,-1,-0.11071704544753774
2019-09-23,FET,,-0.039174816593321,0,0.0
2019-09-23,LINK,,0.5875571939901316,1,0.10625
2019-09-23,LTC,,-0.09519803384033745,0,0.0
2019-09-23,TRX,,0.045862498593240854,0,0.0
2019-09-23,VET,,0.08607132168970073,0,0.0
2019-09-23,XLM,,-0.050510464690372826,0,0.0
2019-09-23,XRP,,0.08005767863671101,0,0.0
2019-09-23,ZEC,,0.13474420632234632,1,0.10625
2019-09-30,ADA,,0.013876331246659232,0,0.0
2019-09-30,ALGO,,0.093839744748215,0,0.0
2019-09-30,ATOM,,-0.3727291615076392,-1,-0.09198217773553688
2019-09-30,BNB,,-0.04088084770601237,0,0.0
2019-09-30,BTC,,-0.2743076949517313,-1,-0.11100594075482104
2019-09-30,CHZ,,0.1462787000658207,1,0.10625
2019-09-30,DASH,,0.1384960316975234,0,0.0
2019-09-30,DOGE,,0.2632601644298334,1,0.10625
2019-09-30,ETC,,0.15720617341560056,1,0.10625
2019-09-30,ETH,,-0.27929543288787373,-1,-0.11100594075482104
2019-09-30,FET,,0.13762723351703673,0,0.0
2019-09-30,HBAR,,0.056647401665143184,0,0.0
2019-09-30,LINK,,0.158625981089951,1,0.10625
2019-09-30,LTC,,-0.07687197789999474,0,0.0
2019-09-30,TRX,,0.09839375092243707,0,0.0
2019-09-30,VET,,-0.06074128585586136,0,0.0
2019-09-30,XLM,,-0.30574910958470963,-1,-0.11100594075482104
2019-09-30,XRP,,0.11791276459193338,0,0.0
2019-09-30,ZEC,,0.028411233003670384,0,0.0
2019-10-07,ADA,,-0.0431179470316892,0,0.0
2019-10-07,ALGO,,0.03606464117049307,0,0.0
2019-10-07,ATOM,,-0.3337861258690628,-1,-0.10625
2019-10-07,BNB,,-0.1785770112744164,0,0.0
2019-10-07,BTC,,-0.21099994368952218,-1,-0.10625
2019-10-07,CHZ,,-0.04804579572189779,0,0.0
2019-10-07,DASH,,0.028963566506603394,0,0.0
2019-10-07,DOGE,,0.35244419945473476,1,0.10625
2019-10-07,ETC,,0.1057034796880081,0,0.0
2019-10-07,ETH,,-0.2694686428303024,-1,-0.10625
2019-10-07,FET,,0.15169488722847968,0,0.0
2019-10-07,HBAR,,0.06501455295656612,0,0.0
2019-10-07,LINK,,0.36418311223202404,1,0.10625
2019-10-07,LTC,,-0.1494831922959167,0,0.0
2019-10-07,TRX,,0.09610405750928915,0,0.0
2019-10-07,VET,,0.04486785188478074,0,0.0
2019-10-07,XLM,,-0.39590347362992884,-1,-0.10625
2019-10-07,XRP,,0.2093600098834702,1,0.10625
2019-10-07,ZEC,,0.17498177382828223,1,0.10625
2019-10-14,ADA,,-0.12092659460285411,0,0.0
2019-10-14,ALGO,,-0.14784934449341003,-1,-0.10625
2019-10-14,ATOM,,0.04779905232565518,0,0.0
2019-10-14,BNB,,-0.043775170979925296,0,0.0
2019-10-14,BTC,,-0.2823035071026962,-1,-0.10625
2019-10-14,CHZ,,-0.14203557908153377,0,0.0
2019-10-14,DASH,,0.085236900391624,0,0.0
2019-10-14,DOGE,,0.5235910676970196,1,0.10992441938398213
2019-10-14,ETC,,-0.03310834724653363,0,0.0
2019-10-14,ETH,,-0.18540294286665548,-1,-0.10625
2019-10-14,FET,,0.23547397508865528,1,0.09522674184805358
2019-10-14,HBAR,,0.0654792782264299,0,0.0
2019-10-14,LINK,,-0.03578079269156393,0,0.0
2019-10-14,LTC,,-0.12673441685732154,0,0.0
2019-10-14,TRX,,-0.05839309176715742,0,0.0
2019-10-14,VET,,-0.201703224569701,-1,-0.10625
2019-10-14,XLM,,0.14028793985560944,1,0.10992441938398213
2019-10-14,XRP,,0.16857781412758954,1,0.10992441938398213
2019-10-14,ZEC,,0.11156698454676871,0,0.0
2019-10-21,ADA,,0.11617210137898995,0,0.0
2019-10-21,ALGO,,-0.35827865402806447,-1,-0.11875263501088767
2019-10-21,ATOM,,0.2705581512870113,1,0.075
2019-10-21,BNB,,-0.22155669166144895,-1,-0.08750263501088767
2019-10-21,BTC,,-0.09981184752203826,0,-0.03125
2019-10-21,CHZ,,-0.8970833632133789,-1,-0.037492094967336964
2019-10-21,DASH,,0.424838313692615,1,0.075
2019-10-21,DOGE,,-0.09828190625128615,0,0.03233071158352416
2019-10-21,ETC,,0.16453729320857277,0,0.0
2019-10-21,ETH,,-0.049000554954469665,0,-0.03125
2019-10-21,FET,,0.17661468012922696,0,0.028007865249427513
2019-10-21,HBAR,,-0.22057750333622048,-1,-0.08750263501088767
2019-10-21,LINK,,-0.19337603023941982,0,0.0
2019-10-21,LTC,,0.21356579272190057,1,0.075
2019-10-21,TRX,,0.1975882642544432,0,0.0
2019-10-21,VET,,0.0005840489504621568,0,-0.03125
2019-10-21,XLM,,0.4611275119176841,1,0.10733071158352415
2019-10-21,XRP,,-0.0023100876776626835,0,0.03233071158352416
2019-10-21,ZEC,,0.11469048134308091,0,0.0
2019-10-28,ADA,,-0.01754701101924723,0,0.0
2019-10-28,ALGO,,0.05261427356022315,0,-0.025328365713370646
2019-10-28,ATOM,,0.5903051907170054,1,0.09958478849989086
2019-10-28,BNB,,-0.12699156569074965,0,-0.018663154213261493
2019-10-28,BTC,,-0.4855354925424135,-1,-0.1080397607600665
2019-10-28,CHZ,,-0.7922614101858222,-1,-0.038226043579906895
2019-10-28,DASH,,0.17504014678263088,0,0.01599650760026195
2019-10-28,DOGE,,-0.2130554985950072,-1,-0.0944788362790544
2019-10-28,ETC,,0.21932586695080036,1,0.0835882808996289
2019-10-28,ETH,,-0.173416835083629,0,-0.006665211500109146
2019-10-28,FET,,0.3497264410493838,1,0.08956198795735663
2019-10-28,HBAR,,0.06944773154024504,0,-0.018663154213261493
2019-10-28,LINK,,-0.06373600133849838,0,0.0
2019-10-28,LTC,,-0.10751257688867584,0,0.01599650760026195
2019-10-28,STX,,0.14810425573656433,0,0.0
2019-10-28,TRX,,-0.06287756166483302,0,0.0
2019-10-28,VET,,-0.15691275020891218,0,-0.006665211500109146
2019-10-28,XLM,,0.8859938133081456,1,0.1064805014807938
2019-10-28,XRP,,-0.3993162941735795,-1,-0.0944788362790544
2019-10-28,ZEC,,0.10860527774636448,0,0.0
2019-11-04,ADA,,0.10990444106266921,0,0.0
2019-11-04,ALGO,,0.0014556003542791354,0,0.0
2019-11-04,ATOM,,0.4834344837889235,1,0.10171057116949443
2019-11-04,BNB,,0.3204011284043412,1,0.10776314294350184
2019-11-04,BTC,,-0.6272055337562173,-1,-0.12916741764021283
2019-11-04,CHZ,,-1.0944323316688458,-1,-0.03749774707936155
2019-11-04,DASH,,0.10891496656629085,0,0.0
2019-11-04,DOGE,,0.05679504050906937,0,0.0
2019-11-04,ETC,,0.22860016188850865,0,0.0
2019-11-04,ETH,,-0.0019500719465001537,0,0.0
2019-11-04,FET,,0.5260304664877071,1,0.10776314294350184
2019-11-04,HBAR,,-0.14681482395993792,0,0.0
2019-11-04,LINK,,0.07395192452030325,0,0.0
2019-11-04,LTC,,0.0811699632450254,0,0.0
2019-11-04,STX,,0.15679881462869216,0,0.0
2019-11-04,TRX,,-0.2843950351360724,-1,-0.12916741764021283
2019-11-04,VET,,-0.0843462221251345,0,0.0
2019-11-04,XLM,,0.40881777015895926,1,0.10776314294350184
2019-11-04,XRP,,-0.5328195662104173,-1,-0.12916741764021283
2019-11-04,ZEC,,0.21568882318835533,0,0.0
2019-11-11,ADA,,0.44051336343145736,1,0.11373246677927461
2019-11-11,ALGO,,0.003602731118488017,0,0.0
2019-11-11,ATOM,,0.0017278942000859584,0,0.0020086246609714586
2019-11-11,BNB,,0.11493891343042549,0,0.0021281534846500777
2019-11-11,BTC,,-0.5146149290957547,-1,-0.12296166196128079
2019-11-11,CHZ,,-0.7241711390991546,-1,-0.056115014116157595
2019-11-11,DASH,,0.08083284369078224,0,0.0
2019-11-11,DOGE,,0.0848074710750521,0,0.0
2019-11-11,ETC,,0.0297157677964913,0,0.0
2019-11-11,ETH,,-0.02866169852033484,0,0.0
2019-11-11,FET,,0.804348267800788,1,0.1158606202639247
2019-11-11,HBAR,,-0.22834874991690143,0,0.0
2019-11-11,LINK,,0.4022150965239277,1,0.11373246677927461
2019-11-11,LTC,,-0.04447550063486633,0,0.0
2019-11-11,STX,,0.1585042742316285,0,0.0
2019-11-11,TRX,,-0.1741494957577256,0,-0.0025508544243033893
2019-11-11,VET,,0.19224817218686258,1,0.07540951454725445
2019-11-11,XLM,,-0.291354930058317,-1,-0.1182826540523273
2019-11-11,XRP,,-0.41239619456398496,-1,-0.12296166196128079
2019-11-11,ZEC,,0.10471784216104996,0,0.0
2019-11-18,ADA,,0.10270102768925327,0,0.0
2019-11-18,ALGO,,0.08288005148339737,0,0.0
2019-11-18,ATOM,,0.08828941856505301,0,0.0
2019-11-18,BNB,,-0.02154522961179015,0,0.0
2019-11-18,BTC,,-0.4870251879531044,-1,-0.12350713537100759
2019-11-18,CHZ,,-0.2975794023564681,-1,-0.05447859388697719
2019-11-18,DASH,,0.07464253446506064,0,0.0
2019-11-18,DOGE,,0.0588010311608429,0,0.0
2019-11-18,ETC,,0.0659320144360385,0,0.0
2019-11-18,ETH,,-0.11308941402429039,-1,-0.12350713537100759
2019-11-18,FET,,0.41710888111663363,1,0.10625
2019-11-18,HBAR,,0.08012041672596225,0,0.0
2019-11-18,LINK,,0.24102570061681441,1,0.10625
2019-11-18,LTC,,-0.06773591149411638,0,0.0
2019-11-18,STX,,0.0744125881164289,0,0.0
2019-11-18,TRX,,0.1351936020754456,1,0.10625
2019-11-18,VET,,-0.049203177248778276,0,0.0
2019-11-18,XLM,,-0.10399604297710438,0,0.0
2019-11-18,XRP,,-0.4086970130915365,-1,-0.12350713537100759
2019-11-18,ZEC,,0.12776411230625745,1,0.10625
2019-11-25,ADA,,0.06192782335563624,0,0.0
2019-11-25,ALGO,,0.011609004445121678,0,0.0
2019-11-25,ATOM,,-0.018732116400734584,0,0.0
2019-11-25,BNB,,-0.011503065815326655,0,0.0
2019-11-25,BTC,,-0.22964882975982237,-1,-0.11457991359656552
2019-11-25,CHZ,,0.2577801114653648,1,0.05982019371523439
2019-11-25,DASH,,0.15578501490537025,1,0.0755574716921539
2019-11-25,DOGE,,0.022885445112437775,0,0.0
2019-11-25,ETC,,0.1424498595237731,0,0.0
2019-11-25,ETH,,-0.057575343136374295,0,-0.03567761175148827
2019-11-25,FET,,-0.18868682280129656,-1,-0.04584143548368798
2019-11-25,HBAR,,0.20849505386765615,1,0.0755574716921539
2019-11-25,LINK,,0.06563292357550049,0,0.030692528307846093
2019-11-25,LTC,,-0.011896867640972225,0,0.0
2019-11-25,STX,,-0.11692843199477251,0,0.0
2019-11-25,TRX,,0.14148623275457292,0,0.030692528307846093
2019-11-25,VET,,-0.2706818410558661,-1,-0.0678913192869271
2019-11-25,XLM,,-0.20937412305109263,-1,-0.07890230184507725
2019-11-25,XRP,,-0.12706046261211704,0,-0.03567761175148827
2019-11-25,ZEC,,0.17403643526294071,1,0.10625
2019-12-02,ADA,,-0.051916548338431075,0,0.0
2019-12-02,ALGO,,-0.009838613110183973,0,0.0
2019-12-02,ATOM,,-0.027608902963723973,0,0.0
2019-12-02,BCH,,0.013680976735265936,0,0.0
2019-12-02,BNB,,0.06755493551994089,0,0.0
2019-12-02,BTC,,-0.19338509238707632,-1,-0.0955509241481986
2019-12-02,CHZ,,-0.06285125693570336,-1,-0.0955509241481986
2019-12-02,DASH,,0.12752420010880486,1,0.085
2019-12-02,DOGE,,0.03746070296457166,0,0.0
2019-12-02,ETC,,0.14109866637154828,1,0.085
2019-12-02,ETH,,-0.05521338563102061,0,0.0
2019-12-02,FET,,-0.1873386655220498,-1,-0.07276581161609878
2019-12-02,HBAR,,0.2908199448411057,1,0.085
2019-12-02,LINK,,0.02423383144177259,0,0.0
2019-12-02,LTC,,-0.05421407992364677,0,0.0
2019-12-02,STX,,0.18412625801188645,1,0.085
2019-12-02,TRX,,-0.14758778865969577,-1,-0.0955509241481986
2019-12-02,VET,,-0.4195679778493479,-1,-0.06558141593930543
2019-12-02,XLM,,-0.01926627755926985,0,0.0
2019-12-02,XRP,,0.022112910006753524,0,0.0
2019-12-02,ZEC,,0.3201761628784996,1,0.085
2019-12-09,ADA,,-0.07547793011680679,0,0.0
2019-12-09,ALGO,,-0.2620240559979095,-1,-0.08776303992008426
2019-12-09,ATOM,,0.23090151346264878,1,0.07495160425435574
2019-12-09,BCH,,0.012529077340530458,0,0.0
2019-12-09,BNB,,0.012544935917126798,0,0.0
2019-12-09,BTC,,-0.29702039434394034,-1,-0.1036949407677745
2019-12-09,CHZ,,-0.06560377475930275,0,0.0
2019-12-09,DASH,,0.2632986550723196,1,0.08751209893641106
2019-12-09,DOGE,,0.13852151767788204,0,0.0
2019-12-09,ETC,,0.19788820299898122,0,0.0
2019-12-09,ETH,,-0.0778867901931035,0,0.0
2019-12-09,FET,,-0.6603200586882275,-1,-0.05884884653459799
2019-12-09,HBAR,,0.05782348098053205,0,0.0
2019-12-09,LINK,,0.3677500459699744,1,0.08751209893641106
2019-12-09,LTC,,0.008402919778058895,0,0.0
2019-12-09,STX,,0.375386026168447,1,0.08751209893641106
2019-12-09,TRX,,-0.027603634555430415,0,0.0
2019-12-09,VET,,-0.5156895928303357,-1,-0.07099823200976875
2019-12-09,XLM,,-0.08475830480480295,0,0.0
2019-12-09,XRP,,-0.1022813093810525,-1,-0.1036949407677745
2019-12-09,ZEC,,0.5036194703044101,1,0.08751209893641106
2019-12-16,ADA,,-0.0943975682737885,0,0.0
2019-12-16,ALGO,,-0.24910334018584313,-1,-0.08386328763585517
2019-12-16,ATOM,,0.04892529936318461,0,0.0
2019-12-16,BCH,,0.006790280274520039,0,0.0
2019-12-16,BNB,,0.02478274783739561,0,0.0
2019-12-16,BTC,,-0.040072689311423035,0,0.0
2019-12-16,CHZ,,0.29785974861586517,1,0.09328136182429067
2019-12-16,DASH,,0.04250706827895031,0,0.0
2019-12-16,DOGE,,0.008609027485915226,0,0.0
2019-12-16,ETC,,0.5390407925894468,1,0.09328136182429067
2019-12-16,ETH,,-0.2065006880313103,-1,-0.11318033297693829
2019-12-16,FET,,-0.4227620859209101,-1,-0.04864312058907513
2019-12-16,HBAR,,-0.024959676991711012,0,0.0
2019-12-16,LINK,,0.10275060379727825,0,0.0
2019-12-16,LTC,,0.10008795242421847,0,0.0
2019-12-16,STX,,0.23026317909148883,1,0.0518745527028373
2019-12-16,TRX,,0.1991022277263379,1,0.09328136182429067
2019-12-16,VET,,-0.22215218947832735,-1,-0.06613292582119307
2019-12-16,XLM,,-0.10750257817390717,0,0.0
2019-12-16,XRP,,-0.3408330813528845,-1,-0.11318033297693829
2019-12-16,ZEC,,0.10756497023550446,1,0.09328136182429067
2019-12-23,ADA,,0.1560242361271097,0,0.0
2019-12-23,ALGO,,-0.09139908691627185,0,-0.02098910941972293
2019-12-23,ATOM,,-0.10290915362705257,0,0.0
2019-12-23,BCH,,0.19579075056428014,0,0.0
2019-12-23,BNB,,0.17322353623412856,0,0.0
2019-12-23,BTC,,-0.22306543217136748,-1,-0.0824618087906645
2019-12-23,CHZ,,0.4223949987472613,1,0.09167956983301574
2019-12-23,DASH,,0.2245526172143133,1,0.068333326615695
2019-12-23,DOGE,,-0.5572501699680121,-1,-0.0824618087906645
2019-12-23,ETC,,0.16809291992898653,0,0.023346243217320747
2019-12-23,ETH,,0.020239799515925302,0,-0.028326511635563184
2019-12-23,FET,,-0.2888373326044858,-1,-0.05048961688167259
2019-12-23,HBAR,,-0.10378057521290934,0,0.0
2019-12-23,LINK,,0.267191344417283,1,0.068333326615695
2019-12-23,LTC,,0.26360812287061086,1,0.068333326615695
2019-12-23,STX,,-0.673264722018864,-1,-0.0199481856110515
2019-12-23,TRX,,0.008101910944244846,0,0.023346243217320747
2019-12-23,VET,,0.23492896540945135,1,0.028747082223503972
2019-12-23,XLM,,0.14875165468911744,0,0.0
2019-12-23,XRP,,-0.13326064507943547,-1,-0.11078832042622769
2019-12-23,ZEC,,-0.10913373906431653,0,0.023346243217320747
2019-12-30,ADA,,0.1935102196486742,0,0.0
2019-12-30,ALGO,,0.14282551215073744,0,0.0
2019-12-30,ATOM,,-0.2024276083869035,-1,-0.10139482780057803
2019-12-30,BCH,,0.2812983964703654,1,0.08887925367049203
2019-12-30,BNB,,0.1258898269365605,0,0.0
2019-12-30,BTC,,-0.32434450904133055,-1,-0.10139482780057803
2019-12-30,CHZ,,0.23925959770713504,1,0.06948298531803183
2019-12-30,DASH,,0.046509650383637885,0,0.0
2019-12-30,DOGE,,0.21193649445528906,1,0.08887925367049203
2019-12-30,ETC,,0.25679521716370163,1,0.08887925367049203
2019-12-30,ETH,,0.037372566986009444,0,0.0
2019-12-30,FET,,-0.132848316917567,-1,-0.07759981618042001
2019-12-30,HBAR,,-0.06568213963321752,0,0.0
2019-12-30,LINK,,-0.04832325916096032,0,0.0
2019-12-30,LTC,,0.2586566712179475,1,0.08887925367049203
2019-12-30,STX,,-0.921929643892903,-1,-0.04321570041784591
2019-12-30,TRX,,-0.08542629614871645,0,0.0
2019-12-30,VET,,0.11411177757682175,0,0.0
2019-12-30,XLM,,0.04887739717045967,0,0.0
2019-12-30,XRP,,-0.1328414613061909,-1,-0.10139482780057803
2019-12-30,ZEC,,-0.04322009337955042,0,0.0
2020-01-06,ADA,,0.09737707685020948,0,0.0
2020-01-06,ALGO,,0.16353201606330597,0,0.0
2020-01-06,ATOM,,0.22521987451850853,1,0.052435411416193664
2020-01-06,BCH,,-0.2324812906228225,-1,-0.060005379046773374
2020-01-06,BNB,,0.17556811769105746,1,0.07014985602183671
2020-01-06,BTC,,-0.11804871668601381,0,-0.01771444460564303
2020-01-06,CHZ,,-0.12196634906446921,0,0.012139203953004461
2020-01-06,DASH,,-0.35006705028080415,-1,-0.06856151112771348
2020-01-06,DOGE,,0.20644415449162284,1,0.08567773500628971
2020-01-06,ETC,,0.7290719675860414,1,0.08567773500628971
2020-01-06,ETH,,-0.030749670723500173,0,0.0
2020-01-06,FET,,0.13040806396173082,0,-0.013557275799508745
2020-01-06,HBAR,,-0.04668856728506235,0,0.0
2020-01-06,LINK,,-0.278699141813819,-1,-0.07553325803122636
2020-01-06,LTC,,-0.01445509036283694,0,0.015527878984453
2020-01-06,STX,,-0.7548575635126117,-1,-0.0631381051621696
2020-01-06,TRX,,0.036561155795989564,0,0.0
2020-01-06,VET,,0.37498242097601076,1,0.07014985602183671
2020-01-06,XLM,,0.05740766286608917,0,0.0
2020-01-06,XRP,,-0.23052936178354305,-1,-0.0932477026368694
2020-01-06,ZEC,,-0.018029708665079986,0,0.0
2020-01-13,ADA,,0.18439110215974214,1,0.07458034332459956
2020-01-13,ALGO,,0.09805718358469068,0,0.0
2020-01-13,ATOM,,0.30665246684881653,1,0.08330126814201269
2020-01-13,BCH,,0.25725272368834695,1,0.04601376048865896
2020-01-13,BNB,,0.2178460811617819,1,0.08624748970136777
2020-01-13,BTC,,-0.23895040815828847,-1,-0.08684042874150066
2020-01-13,CHZ,,-0.14059991381458894,0,0.0020189616550753686
2020-01-13,DASH,,-0.29702616371890833,-1,-0.06687145630931308
2020-01-13,DOGE,,0.18357804786963625,0,0.014249703880178627
2020-01-13,ETC,,-0.4209764807485443,-1,-0.04857512519746905
2020-01-13,ETH,,0.10854834506358155,0,0.0
2020-01-13,FET,,-0.03428128403299008,0,-0.0022548117728687558
2020-01-13,HBAR,,-0.15816517496954435,-1,-0.0838942071821456
2020-01-13,LINK,,-0.14902991804271823,0,-0.01256250016379501
2020-01-13,LTC,,0.012642560376280202,0,0.0025825575034104323
2020-01-13,STX,,0.0021147151215817304,0,-0.010500969733273718
2020-01-13,TRX,,-0.0632202267703966,0,0.0
2020-01-13,VET,,0.4276549289844283,1,0.08624748970136777
2020-01-13,XLM,,-0.08712085499259851,0,0.0
2020-01-13,XRP,,0.016827391673685094,0,-0.015508721723150085
2020-01-13,ZEC,,-0.22619512128399175,-1,-0.06823335357315534
2020-01-20,ADA,,0.7621843237398586,1,0.08659468207206879
2020-01-20,ALGO,,0.22643071624014643,1,0.08629426622669889
2020-01-20,ATOM,,0.19391475643912717,1,0.08662981068484585
2020-01-20,BCH,,-0.022395963075533917,0,0.00018534726631231485
2020-01-20,BNB,,0.09401434690088369,0,0.00034741208440002
2020-01-20,BTC,,-0.3292880979790366,-1,-0.09917305411077523
2020-01-20,CHZ,,0.12029021237182269,0,8.132545994579948e-06
2020-01-20,DASH,,-0.34089809304101193,-1,-0.06257929938743245
2020-01-20,DOGE,,-0.2178535374194865,0,5.739899612425964e-05
2020-01-20,ETC,,-0.4480356238993995,-1,-0.06470403276056777
2020-01-20,ETH,,-0.018003499655507377,0,0.0
2020-01-20,FET,,0.44672549791288413,1,0.08628518365675217
2020-01-20,HBAR,,0.50718450942116,1,0.07777306676812737
2020-01-20,LINK,,-0.26199478127380893,-1,-0.09887385641723717
2020-01-20,LTC,,-0.25921509067538767,-1,-0.09881285086135676
2020-01-20,STX,,-0.11942065495368938,0,-4.229878221255999e-05
2020-01-20,TRX,,0.13578780244090197,0,0.0
2020-01-20,VET,,0.19092477859170312,0,0.00034741208440002
2020-01-20,XLM,,-0.23834553589556357,0,0.0
2020-01-20,XRP,,-0.19252281136637114,0,-6.247042503932689e-05
2020-01-20,ZEC,,-0.22948325482369344,0,-0.00027484964110296994
2020-01-27,ADA,,0.46467066554619996,1,0.0825665607653659
2020-01-27,ALGO,,0.3794447409418499,0,0.0045793138537971595
2020-01-27,ATOM,,-0.21871991775811947,0,0.004597119942810313
2020-01-27,BCH,,-0.24421177043394462,-1,-0.08646525427900933
2020-01-27,BNB,,-0.0026856938944787834,0,1.8435859537760868e-05
2020-01-27,BTC,,-0.12335347517437409,0,-0.005262742943080254
2020-01-27,CHZ,,0.2777605261848051,0,4.3156378943865726e-07
2020-01-27,DASH,,-0.9117778174613483,-1,-0.06567051950596374
2020-01-27,DOGE,,-0.05689800876934786,0,3.0459499760431173e-06
2020-01-27,ETC,,-0.5759524107589962,-1,-0.08410550089083388
2020-01-27,ETH,,0.1353762907807401,0,0.0
2020-01-27,FET,,0.47466661117109593,1,0.08705976234403853
2020-01-27,HBAR,,0.533073861207608,1,0.08115986937067118
2020-01-27,LINK,,-0.1949926501863767,0,-0.0052468656408798525
2020-01-27,LTC,,-0.014734607647889333,0,-0.005243628304270859
2020-01-27,STX,,-0.19085929900599094,0,-2.2446381185497075e-06
2020-01-27,TRX,,0.4171724740743745,1,0.0824809304682476
2020-01-27,VET,,0.4367847715170739,1,0.08249936632778536
2020-01-27,XLM,,-0.28100315450062036,-1,-0.08647508996498825
2020-01-27,XRP,,-0.017768411425126952,0,-3.3150717347044104e-06
2020-01-27,ZEC,,-0.2859927244071366,-1,-0.08648967520713988
2020-02-03,ADA,,0.20776325469588508,0,0.0
2020-02-03,ALGO,,0.029808312868855574,0,0.0
2020-02-03,ATOM,,0.11651219930811212,0,0.0
2020-02-03,BCH,,0.10126873599651709,0,0.0
2020-02-03,BNB,,-0.025021914914361083,0,0.0
2020-02-03,BTC,,0.08949595446180642,0,0.0
2020-02-03,CHZ,,0.25615189164847685,1,0.061987178470608216
2020-02-03,DASH,,-0.7598126166431783,-1,-0.08801013333115544
2020-02-03,DOGE,,0.0557953760873153,0,0.0
2020-02-03,ETC,,-0.9036476699308026,-1,-0.09279093590146327
2020-02-03,ETH,,0.24852604830321398,0,0.0
2020-02-03,FET,,0.24918124429854158,1,0.07777133621714571
2020-02-03,HBAR,,0.14090343410850048,0,0.0
2020-02-03,LINK,,0.30380781465718304,1,0.09508049510408202
2020-02-03,LTC,,-0.12435908070257654,-1,-0.09279093590146327
2020-02-03,STX,,-0.5463326876308586,-1,-0.05861705896445472
2020-02-03,TRX,,0.5246857316400502,1,0.09508049510408202
2020-02-03,VET,,0.3581637344833499,1,0.09508049510408202
2020-02-03,XLM,,-0.06968275501729575,0,0.0
2020-02-03,XRP,,0.21738301329884224,0,0.0
2020-02-03,ZEC,,-0.47059002101757463,-1,-0.09279093590146327
2020-02-10,ADA,,-0.16505022852707268,0,0.0
2020-02-10,ALGO,,0.02586667877319161,0,0.0
2020-02-10,ATOM,,-0.14605946759761387,0,0.0
2020-02-10,BCH,,-0.09549787012265402,0,0.0
2020-02-10,BNB,,-0.18246146443624547,0,0.0
2020-02-10,BTC,,-0.3062439023303452,-1,-0.10168361779210872
2020-02-10,CHZ,,0.6581014077596656,1,0.06816408328432827
2020-02-10,DASH,,-0.0661368102083894,0,0.0
2020-02-10,DOGE,,-0.12257961345321955,0,0.0
2020-02-10,ETC,,-0.26116785318802377,-1,-0.09670381096108613
2020-02-10,ETH,,0.2613438949791336,1,0.09345233157949011
2020-02-10,FET,,0.18219121143183073,1,0.08430485954492861
2020-02-10,HBAR,,-0.2983968223450039,-1,-0.023245335662587633
2020-02-10,LINK,,0.5634761721972521,1,0.08562639401176286
2020-02-10,LTC,,-0.22025392766959873,-1,-0.10168361779210872
2020-02-10,STX,,-0.1645128353169312,0,0.0
2020-02-10,TRX,,0.08047536138409499,0,0.0
2020-02-10,VET,,0.30316993617309707,1,0.09345233157949011
2020-02-10,XLM,,0.0738946222223075,0,0.0
2020-02-10,XRP,,0.06411267870447464,0,0.0
2020-02-10,ZEC,,-0.18427116842994956,-1,-0.10168361779210872
2020-02-17,ADA,,-0.1523911145388061,0,0.0
2020-02-17,ALGO,,0.5541690756029354,1,0.057997206968388455
2020-02-17,ATOM,,0.39961157021825977,1,0.07567366545526166
2020-02-17,BCH,,-0.08989887117804751,0,0.0
2020-02-17,BNB,,-0.23735707983466947,-1,-0.06385748209903343
2020-02-17,BTC,,-0.2733059540023187,-1,-0.10743928651785696
2020-02-17,CHZ,,0.3963028690074267,1,0.07783419668864551
2020-02-17,DASH,,0.05364344939442515,0,0.0
2020-02-17,DOGE,,-0.04951270195208058,0,0.0
2020-02-17,ETC,,0.04244283284773021,0,-0.02027830473734163
2020-02-17,ETH,,0.3933439703034765,1,0.09527015125401235
2020-02-17,FET,,0.027592278463641217,0,0.017678306735799454
2020-02-17,HBAR,,-0.7821870394337862,-1,-0.018546353610054044
2020-02-17,LINK,,0.11246180861661666,0,0.017955425893493762
2020-02-17,LTC,,0.06112441631346085,0,-0.021322545284316624
2020-02-17,STX,,-0.17180776131880035,0,0.0
2020-02-17,TRX,,-0.18762308071122433,-1,-0.08611674123354034
2020-02-17,VET,,0.06791315399442453,0,0.019596485798750674
2020-02-17,XLM,,-0.08381744192288969,0,0.0
2020-02-17,XRP,,-0.23038506215718713,-1,-0.08611674123354034
2020-02-17,ZEC,,0.1496806822874111,1,0.04167201592133146
2020-02-24,ADA,,-0.19962666418495006,-1,-0.10046223969435443
2020-02-24,ALGO,,0.3504790025659785,1,0.09059733586266777
2020-02-24,ATOM,,0.037179840571668114,0,0.0
2020-02-24,BCH,,-0.011337424958728077,0,0.0
2020-02-24,BNB,,0.04293200594419513,0,0.0
2020-02-24,BTC,,-0.4199681155777024,-1,-0.10046223969435443
2020-02-24,CHZ,,0.45588260454102775,1,0.09059733586266777
2020-02-24,DASH,,0.04922680228163476,0,0.0
2020-02-24,DOGE,,0.24294192778093665,1,0.09059733586266777
2020-02-24,ETC,,-0.01918053595877535,0,0.0
2020-02-24,ETH,,-0.07093660206039641,0,0.0
2020-02-24,FET,,0.18525324210179384,0,0.0
2020-02-24,HBAR,,-0.4801240172855533,-1,-0.023151041222582304
2020-02-24,LINK,,0.2691301715599919,1,0.09059733586266777
2020-02-24,LTC,,-0.0792242936385288,0,0.0
2020-02-24,STX,,0.2505295507867764,1,0.06261065654932893
2020-02-24,TRX,,-0.18397854618827342,-1,-0.10046223969435443
2020-02-24,VET,,-0.10623965417814128,0,0.0
2020-02-24,XLM,,-0.1386359834579253,0,0.0
2020-02-24,XRP,,-0.30393790265338044,-1,-0.10046223969435443
2020-02-24,ZEC,,0.1296345920083523,0,0.0
2020-03-02,ADA,,0.10593810054689684,0,0.0
2020-03-02,ALGO,,0.19286412055503893,0,0.0
2020-03-02,ATOM,,0.1994035329199006,1,0.08587342116697154
2020-03-02,BCH,,-0.17530678048059598,-1,-0.10275275530008836
2020-03-02,BNB,,-0.32733672062789304,-1,-0.10275275530008836
2020-03-02,BTC,,-0.4135375040214734,-1,-0.10275275530008836
2020-03-02,CHZ,,0.28655210730041025,1,0.0815063153321138
2020-03-02,DASH,,-0.12079590464961483,0,0.0
2020-03-02,DOGE,,0.06986538002791894,0,0.0
2020-03-02,ETC,,-0.17166495310154323,0,0.0
2020-03-02,ETH,,-0.09511587516275792,0,0.0
2020-03-02,FET,,0.2928467488956284,1,0.08587342116697154
2020-03-02,HBAR,,-0.4804121621840443,-1,-0.013988978799646593
2020-03-02,LINK,,0.32623917826858284,1,0.08587342116697154
2020-03-02,LTC,,0.01902585186379222,0,0.0
2020-03-02,STX,,0.6440083081836075,1,0.08587342116697154
2020-03-02,TRX,,-0.09530071798382732,0,0.0
2020-03-02,VET,,-0.020252315453033114,0,0.0
2020-03-02,XLM,,-0.0517748165869726,0,0.0
2020-03-02,XRP,,-0.2390828443647769,-1,-0.10275275530008836
2020-03-02,ZEC,,0.053837266054756736,0,0.0
2020-03-09,ADA,,-0.009362393742924474,0,0.0
2020-03-09,ALGO,,-0.25520727643366364,-1,-0.04904978552193534
2020-03-09,ATOM,,0.05066640830272253,0,0.0
2020-03-09,BCH,,-0.01917186297888687,0,0.0
2020-03-09,BNB,,-0.09628450602390098,0,0.0
2020-03-09,BTC,,-0.32266970924539295,-1,-0.09425227565838624
2020-03-09,CHZ,,0.32335078140768525,1,0.09039913999715923
2020-03-09,DASH,,0.08474033271821027,0,0.0
2020-03-09,DOGE,,0.08920159673337612,1,0.09039913999715923
2020-03-09,ETC,,0.03812787520291355,0,0.0
2020-03-09,ETH,,-0.2092818216242143,-1,-0.09319338750290594
2020-03-09,FET,,0.31219168192348073,1,0.07540881385558483
2020-03-09,HBAR,,-0.08321935065446676,0,0.0
2020-03-09,LINK,,0.09813333121632538,1,0.08289359561110587
2020-03-09,LTC,,-0.009250249143505399,0,0.0
2020-03-09,STX,,0.3437839757760703,1,0.08589931053899078
2020-03-09,TRX,,-0.11033346753367353,-1,-0.09425227565838624
2020-03-09,VET,,0.02501154329906455,0,0.0
2020-03-09,XLM,,-0.044301562247853754,0,0.0
2020-03-09,XRP,,-0.27027047388448555,-1,-0.09425227565838624
2020-03-09,ZEC,,0.06414514693312155,0,0.0
2020-03-16,ADA,,0.008178673954869703,0,0.0
2020-03-16,ALGO,,0.12869450423401516,1,0.09112729033336277
2020-03-16,ATOM,,0.11352127214233436,0,0.0
2020-03-16,BCH,,0.08352820620040229,0,0.0
2020-03-16,BNB,,0.0061109242447158554,0,0.0
2020-03-16,BTC,,-0.251636131200958,-1,-0.08504085387716691
2020-03-16,CHZ,,0.41062764972504723,1,0.09112729033336277
2020-03-16,DASH,,-0.06115333031410338,0,0.0
2020-03-16,DOGE,,0.22620210397827786,1,0.09112729033336277
2020-03-16,ETC,,-0.2636645421088218,-1,-0.1015482742334953
2020-03-16,ETH,,-0.12884642958980436,-1,-0.0922227739554338
2020-03-16,FET,,0.2555719824848859,1,0.0735067783365711
2020-03-16,HBAR,,-0.8370917451087755,-1,-0.044639823700408685
2020-03-16,LINK,,-0.006012470817716454,0,0.0
2020-03-16,LTC,,0.010752889429517555,0,0.0
2020-03-16,STX,,0.18441127858583703,1,0.07811135066334068
2020-03-16,TRX,,0.04272091452398702,0,0.0
2020-03-16,VET,,0.11826324372201591,0,0.0
2020-03-16,XLM,,0.013240053063596232,0,0.0
2020-03-16,XRP,,-0.15230904239426452,-1,-0.1015482742334953
2020-03-16,ZEC,,0.09888999524494473,0,0.0
2020-03-23,ADA,,0.10264604032622933,0,0.0
2020-03-23,ALGO,,0.10709438761120849,0,0.0
2020-03-23,ATOM,,0.04274675925037411,0,0.0
2020-03-23,BCH,,0.025116785987394044,0,0.0
2020-03-23,BNB,,-0.00990997482514588,0,0.0
2020-03-23,BTC,,-0.24068716872692605,-1,-0.08685707936465993
2020-03-23,CHZ,,0.33034185880861866,1,0.0778715433181177
2020-03-23,DASH,,-0.41048774041374997,-1,-0.08685707936465993
2020-03-23,DOGE,,0.2195725403721817,1,0.09594888145866066
2020-03-23,ETC,,0.1808086291637533,1,0.09594888145866066
2020-03-23,ETH,,-0.06060388658705138,-1,-0.08685707936465993
2020-03-23,FET,,0.18415600535808294,1,0.05928181230590029
2020-03-23,HBAR,,-1.2403327490370841,-1,-0.07757168254136028
2020-03-23,LINK,,-0.03954713092125163,0,0.0
2020-03-23,LTC,,0.1566072081416392,0,0.0
2020-03-23,STX,,0.12263633391485687,0,0.0
2020-03-23,TRX,,0.18423203755938533,1,0.09594888145866066
2020-03-23,VET,,0.16689594067462027,0,0.0
2020-03-23,XLM,,0.16839525208828526,0,0.0
2020-03-23,XRP,,0.13817556393746644,0,0.0
2020-03-23,ZEC,,-0.12785669268288158,-1,-0.08685707936465993
2020-03-30,ADA,,0.005526441194457208,0,0.0
2020-03-30,ALGO,,-0.15658276429745058,-1,-0.085
2020-03-30,ATOM,,0.024100071612752152,0,0.0
2020-03-30,BCH,,-0.027930567880913918,0,0.0
2020-03-30,BNB,,-0.15927968374562662,-1,-0.085
2020-03-30,BTC,,-0.2795766619538653,-1,-0.085
2020-03-30,CHZ,,0.10931758515461291,0,0.0
2020-03-30,DASH,,-0.8950411331123991,-1,-0.085
2020-03-30,DOGE,,0.36585722769636675,1,0.085
2020-03-30,ETC,,0.3313112916326196,1,0.085
2020-03-30,ETH,,-0.15145803561347598,-1,-0.085
2020-03-30,FET,,-0.08098068805526025,0,0.0
2020-03-30,HBAR,,0.30521388159796026,1,0.085
2020-03-30,LINK,,-0.05284076783729425,0,0.0
2020-03-30,LTC,,0.1392610887730616,0,0.0
2020-03-30,STX,,0.04347022355514021,0,0.0
2020-03-30,TRX,,0.14733359867735238,0,0.0
2020-03-30,VET,,-0.07884562793471794,0,0.0
2020-03-30,XLM,,0.307725307237395,1,0.085
2020-03-30,XRP,,0.209026386074619,1,0.085
2020-03-30,ZEC,,-0.10560717277533184,0,0.0
2020-04-06,ADA,,0.1705524916397862,0,0.0
2020-04-06,ALGO,,-0.01153492915609807,0,-0.020714285714285713
2020-04-06,ATOM,,0.2927315586551612,1,0.06574932364686166
2020-04-06,BCH,,-0.04406322721170303,0,0.0
2020-04-06,BNB,,-0.15945689399859816,0,-0.020714285714285713
2020-04-06,BTC,,-0.3437339377731533,-1,-0.09289413892967167
2020-04-06,CHZ,,-0.0023731845757536656,0,0.0
2020-04-06,DASH,,-0.5015210595792992,-1,-0.08719123390555028
2020-04-06,DOGE,,0.446266586410834,1,0.08646360936114737
2020-04-06,ETC,,0.027519160573496113,0,0.020714285714285713
2020-04-06,ETH,,0.08241910074272459,0,-0.020714285714285713
2020-04-06,FET,,0.6954391440674235,1,0.06574932364686166
2020-04-06,HBAR,,-0.09433482092485983,0,0.020714285714285713
2020-04-06,LINK,,-0.8963786292984443,-1,-0.03841206359114903
2020-04-06,LTC,,0.11697110838578617,0,0.0
2020-04-06,STX,,-0.18425664330499666,-1,-0.07217985321538596
2020-04-06,TRX,,-0.2619970230440835,-1,-0.07217985321538596
2020-04-06,VET,,0.4917190784172516,1,0.06574932364686166
2020-04-06,XLM,,0.03509077090212103,0,0.020714285714285713
2020-04-06,XRP,,-0.09435452060312506,0,0.020714285714285713
2020-04-06,ZEC,,0.23529586967553606,1,0.05843127684112479
2020-04-13,ADA,,0.16044397795189816,0,0.0
2020-04-13,ALGO,,0.01027405227967679,0,-0.004070373568337397
2020-04-13,ATOM,,0.08464339982889231,0,0.012919794232811907
2020-04-13,BCH,,-0.11284723191677505,0,0.0
2020-04-13,BNB,,-0.13585878625276995,0,-0.004070373568337397
2020-04-13,BTC,,-0.4484681732777182,-1,-0.0955520452760065
2020-04-13,CHZ,,0.32605238399178704,1,0.06829743259889137
2020-04-13,DASH,,0.3180250777972024,1,0.05116428599779396
2020-04-13,DOGE,,0.1872501050144332,0,0.016990167801149314
2020-04-13,ETC,,0.8483504506119707,1,0.07236780616722877
2020-04-13,ETH,,0.20164366224489677,1,0.06422705903055398
2020-04-13,FET,,0.4972157189862589,1,0.08121722683170328
2020-04-13,HBAR,,0.025930639012750112,0,0.004070373568337397
2020-04-13,LINK,,-1.0367747499059918,-1,-0.03984207068701908
2020-04-13,LTC,,-0.04879951612291517,0,0.0
2020-04-13,STX,,-0.09105291270576746,0,-0.014183398392142492
2020-04-13,TRX,,-0.3334310148771337,-1,-0.0914816717076691
2020-04-13,VET,,0.19542775745429103,0,0.012919794232811907
2020-04-13,XLM,,-0.3097173226627601,-1,-0.07322789974718921
2020-04-13,XRP,,-0.2777286119450382,-1,-0.07322789974718921
2020-04-13,ZEC,,-0.06057890550718496,0,0.011481792232608527
2020-04-20,ADA,,-0.2712831847797204,0,0.0
2020-04-20,ALGO,,0.16200679781624255,0,0.0
2020-04-20,ATOM,,0.26064978358163915,0,0.0
2020-04-20,BCH,,0.007184507392965853,0,0.0
2020-04-20,BNB,,-0.3403440452713478,-1,-0.09354333387997842
2020-04-20,BTC,,-0.3615947176431761,-1,-0.09354333387997842
2020-04-20,CHZ,,0.4799841868130158,1,0.08795191518276571
2020-04-20,DASH,,0.480105938129816,1,0.08795191518276571
2020-04-20,DOGE,,0.07155589610353406,0,0.0
2020-04-20,ETC,,0.18214532194522184,0,0.0
2020-04-20,ETH,,0.6406357998752377,1,0.08795191518276571
2020-04-20,FET,,0.46560747759202303,1,0.0731923392689371
2020-04-20,HBAR,,0.24652109605289113,0,0.0
2020-04-20,LINK,,-1.161834284615299,-1,-0.05320248565297849
2020-04-20,LTC,,0.038179121784987856,0,0.0
2020-04-20,STX,,0.061787614956190916,0,0.0
2020-04-20,TRX,,-0.2291541749865937,0,0.0
2020-04-20,VET,,0.3662971590474847,1,0.08795191518276571
2020-04-20,XLM,,-0.40939469356081865,-1,-0.09354333387997842
2020-04-20,XRP,,-0.23214634129916648,0,0.0
2020-04-20,ZEC,,-0.45690925893512896,-1,-0.0911675127070862
2020-04-27,ADA,,-0.40601054700054134,-1,-0.09041370979243338
2020-04-27,ALGO,,-0.2799776462426505,-1,-0.09041370979243338
2020-04-27,ATOM,,-0.11553253571755226,0,0.0
2020-04-27,BCH,,0.37733366327073087,1,0.08694180421098727
2020-04-27,BNB,,0.08943063361832014,0,0.0
2020-04-27,BTC,,-0.0460038758964054,0,0.0
2020-04-27,CHZ,,0.5407954871987753,1,0.08694180421098727
2020-04-27,DASH,,0.020847401108529375,0,0.0
2020-04-27,DOGE,,-0.043955359840827476,0,0.0
2020-04-27,ETC,,0.26383642573653765,0,0.0
2020-04-27,ETH,,0.343394183267588,1,0.08694180421098727
2020-04-27,FET,,0.4214967043433041,1,0.07723278315605094
2020-04-27,HBAR,,0.30577520024930893,0,0.0
2020-04-27,LINK,,-1.3085005213789207,-1,-0.06334516083026646
2020-04-27,LTC,,0.4149218910248583,1,0.08694180421098727
2020-04-27,STX,,-0.05362638265916641,0,0.0
2020-04-27,TRX,,0.2507531038770775,0,0.0
2020-04-27,VET,,-0.013326946495910727,0,0.0
2020-04-27,XLM,,-0.3007794422605992,-1,-0.09041370979243338
2020-04-27,XRP,,0.08242207514925574,0,0.0
2020-04-27,ZEC,,-0.5432935113517147,-1,-0.09041370979243338
2020-05-04,ADA,,-0.626323135523347,-1,-0.08760698657005893
2020-05-04,ALGO,,-0.2499754211181553,-1,-0.08760698657005893
2020-05-04,ATOM,,-0.16447866350671958,0,0.0
2020-05-04,BCH,,0.2555839844011776,1,0.09133870606430379
2020-05-04,BNB,,-0.037059605472072994,0,0.0
2020-05-04,BTC,,-0.22474564358418825,-1,-0.08760698657005893
2020-05-04,CHZ,,1.300766169861713,1,0.09133870606430379
2020-05-04,DASH,,0.21747083748035145,1,0.0848851162317384
2020-05-04,DOGE,,-0.048768039194311275,0,0.0
2020-05-04,ETC,,-0.10014261972213853,0,0.0
2020-05-04,ETH,,-0.20064105995487558,0,0.0
2020-05-04,FET,,-0.007465013405824057,0,0.0
2020-05-04,HBAR,,0.3020500566393436,1,0.06609876557535015
2020-05-04,LINK,,0.7364662819286987,1,0.09133870606430379
2020-05-04,LTC,,0.05620399685194843,0,0.0
2020-05-04,STX,,-0.007471647115679105,0,0.0
2020-05-04,TRX,,0.010763632688959702,0,0.0
2020-05-04,VET,,-0.0011375287531276378,0,0.0
2020-05-04,XLM,,-0.6039094794485731,-1,-0.07789085023104604
2020-05-04,XRP,,-0.09706110885127171,0,0.0
2020-05-04,ZEC,,-0.5101259942019108,-1,-0.08428819005877713
2020-05-11,ADA,,-0.6247049293153221,-1,-0.08642963071765071
2020-05-11,ALGO,,-0.27510836927410026,-1,-0.08642963071765071
2020-05-11,ATOM,,-0.24435298068007888,-1,-0.08642963071765071
2020-05-11,BCH,,0.2248229250928774,1,0.0876126398645477
2020-05-11,BNB,,0.17970814641937694,0,0.0
2020-05-11,BTC,,-0.20608515508401018,0,0.0
2020-05-11,CHZ,,1.0266073487510534,1,0.0876126398645477
2020-05-11,DASH,,0.3564127054154923,1,0.0876126398645477
2020-05-11,DOGE,,-0.1741228702372637,0,0.0
2020-05-11,ETC,,-0.13918246151851507,0,0.0
2020-05-11,ETH,,-0.049377140652235495,0,0.0
2020-05-11,FET,,0.07007191989520525,0,0.0
2020-05-11,HBAR,,0.14620781222883725,0,0.0
2020-05-11,LINK,,0.46773441307737224,1,0.0876126398645477
2020-05-11,LTC,,-0.01465857711498317,0,0.0
2020-05-11,STX,,-0.09306248474994135,0,0.0
2020-05-11,TRX,,-0.06378785676837188,0,0.0
2020-05-11,VET,,0.031211005022890558,0,0.0
2020-05-11,XLM,,-0.6342757337368954,-1,-0.07928147712939716
2020-05-11,XRP,,-0.27941661146570057,-1,-0.08642963071765071
2020-05-11,ZEC,,0.29535889469431287,1,0.07454944054180919
2020-05-18,ADA,,0.20728205197063174,0,-0.021355048758718076
2020-05-18,ALGO,,0.41346436814106236,1,0.04756309373762062
2020-05-18,ATOM,,0.2609296565193722,1,0.04756309373762062
2020-05-18,BCH,,-0.19096796451929948,0,0.021647346872272724
2020-05-18,BNB,,0.07481960386661465,0,0.0
2020-05-18,BTC,,-0.8157231247906362,-1,-0.06432395812873001
2020-05-18,CHZ,,0.09159468310338628,0,0.021647346872272724
2020-05-18,DASH,,0.19440075364631498,0,0.021647346872272724
2020-05-18,DOGE,,-0.000456411785575175,0,0.0
2020-05-18,ETC,,-0.13438053961100183,0,0.0
2020-05-18,ETH,,-0.22185603634285264,-1,-0.06432395812873001
2020-05-18,FET,,0.13917574360088336,0,0.0
2020-05-18,HBAR,,0.22815568454331303,1,0.044318353299919636
2020-05-18,LINK,,0.64061936121066,1,0.09056548936861143
2020-05-18,LTC,,-0.13266355893996665,0,0.0
2020-05-18,STX,,-0.06336731762675413,0,0.0
2020-05-18,TRX,,-0.26163294956672783,-1,-0.06432395812873001
2020-05-18,VET,,0.46684817419890684,1,0.06891814249633871
2020-05-18,XLM,,-0.5432155271376414,-1,-0.08228397245020767
2020-05-18,XRP,,-0.4499244700567708,-1,-0.08567900688744808
2020-05-18,ZEC,,0.09689781957608253,0,0.01841968922563461
2020-05-25,ADA,,-0.5630934537207624,-1,-0.0742694252210164
2020-05-25,ALGO,,0.26942434260309794,1,0.0823448310918861
2020-05-25,ATOM,,0.19895619622577188,0,0.00033507275329937997
2020-05-25,BCH,,-0.05947853481922345,0,0.00015250135237485432
2020-05-25,BNB,,0.008761940611961288,0,0.0
2020-05-25,BTC,,-0.5342848271319383,-1,-0.0892562551664518
2020-05-25,CHZ,,0.3488861368118147,1,0.0867282485402062
2020-05-25,DASH,,0.17833020869498578,0,0.00015250135237485432
2020-05-25,DOGE,,0.23926645822991272,1,0.0931731454991445
2020-05-25,ETC,,0.015331294483258994,0,0.0
2020-05-25,ETH,,-0.23212123150183006,-1,-0.0892562551664518
2020-05-25,FET,,0.08174176033382825,0,0.0
2020-05-25,HBAR,,0.3237685518937748,1,0.06738637524532132
2020-05-25,LINK,,0.5976261253341141,1,0.09381116177378064
2020-05-25,LTC,,-0.058095271013451584,0,0.0
2020-05-25,STX,,-0.22809558603494332,-1,-0.08880310538035495
2020-05-25,TRX,,-0.028220220988972977,0,-0.0004531497860968542
2020-05-25,VET,,-0.3242784730862148,-1,-0.08099214346723979
2020-05-25,XLM,,-0.1513547641402884,0,-0.0005796745971445028
2020-05-25,XRP,,-0.19235656406427432,0,-0.0006035919550587548
2020-05-25,ZEC,,0.10928591127937724,0,0.00012976313142705476
2020-06-01,ADA,,-0.7233527892614656,-1,-0.06310897334360913
2020-06-01,ALGO,,-0.17279695640709386,0,0.0
2020-06-01,ATOM,,0.46018637945098306,1,0.09300318354610133
2020-06-01,BCH,,0.09649037804769514,0,0.0
2020-06-01,BNB,,0.10501267542390769,0,0.0
2020-06-01,BTC,,-0.580902029868244,-1,-0.09709698310735214
2020-06-01,CHZ,,0.30454197556983403,1,0.07600184220362687
2020-06-01,DASH,,0.2906655935513551,1,0.09300318354610133
2020-06-01,DOGE,,0.14102980197063833,0,0.0
2020-06-01,ETC,,-0.06830122008902402,0,0.0
2020-06-01,ETH,,-0.17352647021413967,0,0.0
2020-06-01,FET,,0.4640033507343693,1,0.0699886071580691
2020-06-01,HBAR,,0.05727091644299384,0,0.0
2020-06-01,LINK,,0.3578219292820036,1,0.09300318354610133
2020-06-01,LTC,,0.05018371979992238,0,0.0
2020-06-01,STX,,-0.23265665386669934,-1,-0.09709698310735214
2020-06-01,TRX,,0.2131791724634809,0,0.0
2020-06-01,VET,,-0.4706083771872969,-1,-0.07060007733433443
2020-06-01,XLM,,0.12891808333453855,0,0.0
2020-06-01,XRP,,-0.19062853929631607,-1,-0.09709698310735214
2020-06-01,ZEC,,-0.056530939881443136,0,0.0
2020-06-08,ADA,,-0.8656571236330239,-1,-0.04918483918015134
2020-06-08,ALGO,,0.051228423578672924,0,0.0
2020-06-08,ATOM,,-0.008330777303958767,0,0.0
2020-06-08,BCH,,-0.016461467657161465,0,0.0
2020-06-08,BNB,,0.013720599283710048,0,0.0
2020-06-08,BTC,,-0.34834445916298246,-1,-0.10041292595890251
2020-06-08,CHZ,,0.1022117393121921,1,0.07450243935977201
2020-06-08,DASH,,0.19765926157075542,1,0.09092626746123676
2020-06-08,DOGE,,0.07878778828129743,0,0.0
2020-06-08,ETC,,0.060899506146713536,0,0.0
2020-06-08,ETH,,-0.2911641500124999,-1,-0.10041292595890251
2020-06-08,FET,,0.4434009131774013,1,0.07771875825651767
2020-06-08,HBAR,,0.07074607560088216,0,0.0
2020-06-08,LINK,,-0.0018409739128473607,0,0.0
2020-06-08,LTC,,-0.0279299669187095,0,0.0
2020-06-08,STX,,1.2818697538637447,1,0.09092626746123676
2020-06-08,TRX,,-0.2110278943630137,0,0.0
2020-06-08,VET,,-0.26577953285760475,-1,-0.07457638294314106
2020-06-08,XLM,,-0.1679469914099478,0,0.0
2020-06-08,XRP,,-0.23215388722139868,-1,-0.10041292595890251
2020-06-08,ZEC,,0.1361131636377808,1,0.09092626746123676
2020-06-15,ADA,,-0.7935852302717086,-1,-0.04569323076600579
2020-06-15,ALGO,,0.04435876356681483,0,0.0
2020-06-15,ATOM,,-0.15951960476542967,0,0.0
2020-06-15,BCH,,-0.09116088087224639,0,0.0
2020-06-15,BNB,,-0.10127142783104857,0,0.0
2020-06-15,BTC,,-0.2988341100198222,-1,-0.10431592852062713
2020-06-15,CHZ,,0.5568740958993655,1,0.08012571968712318
2020-06-15,DASH,,0.1434340879423558,0,0.0
2020-06-15,DOGE,,-0.038741178441481144,0,0.0
2020-06-15,ETC,,0.1573928688918118,0,0.0
2020-06-15,ETH,,-0.3141531318174603,-1,-0.10431592852062713
2020-06-15,FET,,0.587394694254664,1,0.08818177705567636
2020-06-15,HBAR,,0.30246482344052766,1,0.08032894914584776
2020-06-15,LINK,,0.2853977920406078,1,0.08818177705567636
2020-06-15,LTC,,-0.06832705201352021,0,0.0
2020-06-15,STX,,0.8265512185135065,1,0.08818177705567636
2020-06-15,TRX,,-0.22300120289969136,0,0.0
2020-06-15,VET,,-0.49566114312732534,-1,-0.06635898367211286
2020-06-15,XLM,,-0.2065480634806513,0,0.0
2020-06-15,XRP,,-0.23298895661326396,-1,-0.10431592852062713
2020-06-15,ZEC,,0.11992363760399329,0,0.0
2020-06-22,ADA,,-0.09012248972501875,0,0.0
2020-06-22,ALGO,,0.021778447958985408,0,0.0
2020-06-22,ATOM,,-0.09633879055880587,0,0.0
2020-06-22,BCH,,-0.024871691179979807,0,0.0
2020-06-22,BNB,,-0.057309247830286736,0,0.0
2020-06-22,BTC,,-0.2146344985623635,-1,-0.0943158379685325
2020-06-22,CHZ,,-0.11867050534098791,0,0.0
2020-06-22,DASH,,0.2595715980364302,1,0.08822124474958337
2020-06-22,DOGE,,-0.1044185096940653,0,0.0
2020-06-22,ETC,,0.040249296023193826,0,0.0
2020-06-22,ETH,,-0.04333399072764341,0,0.0
2020-06-22,FET,,-0.24079501538509152,-1,-0.05690847976275568
2020-06-22,HBAR,,0.13699073253780913,1,0.08145341175199218
2020-06-22,LINK,,0.37576426796445217,1,0.07888285399925764
2020-06-22,LTC,,-0.019487525485619595,0,0.0
2020-06-22,STX,,0.3754665377869862,1,0.08822124474958337
2020-06-22,TRX,,-0.18185573500641808,0,0.0
2020-06-22,VET,,-0.2333445353175349,-1,-0.08743044231228847
2020-06-22,XLM,,-0.24329421069578142,-1,-0.09202940198789081
2020-06-22,XRP,,-0.2671398743570396,-1,-0.0943158379685325
2020-06-22,ZEC,,0.7257957395587845,1,0.08822124474958337
2020-06-29,ADA,,0.18137461840505104,1,0.05561244724081697
2020-06-29,ALGO,,0.17711405755921084,1,0.07221693190205819
2020-06-29,ATOM,,0.1746257667764123,0,0.0
2020-06-29,BCH,,-0.013124589193164688,0,0.0
2020-06-29,BNB,,-0.045837853741440754,0,0.0
2020-06-29,BTC,,-0.38121190160081553,-1,-0.09897768414656917
2020-06-29,CHZ,,-0.024403255931835743,0,0.0
2020-06-29,DASH,,0.0935542063212149,0,0.016714256945495637
2020-06-29,DOGE,,-0.127242105733125,-1,-0.08110875524729483
2020-06-29,ETC,,-0.17414979867070507,-1,-0.08110875524729483
2020-06-29,ETH,,-0.06183515088433449,0,0.0
2020-06-29,FET,,0.26443593276817917,1,0.061435141690049995
2020-06-29,HBAR,,0.2023401906307031,1,0.08764896595433765
2020-06-29,LINK,,0.17141076832884777,0,0.014945020262183917
2020-06-29,LTC,,-0.11276363113809727,0,0.0
2020-06-29,STX,,0.13580762283199693,0,0.016714256945495637
2020-06-29,TRX,,0.2052151452508614,1,0.07221693190205819
2020-06-29,VET,,-0.5424502428782122,-1,-0.036609586631295626
2020-06-29,XLM,,0.05689870391455832,0,-0.017435744368968192
2020-06-29,XRP,,-0.297472888923038,-1,-0.09897768414656917
2020-06-29,ZEC,,0.11771440590773462,0,0.016714256945495637
2020-07-06,ADA,,0.48000011572505374,1,0.06175464831119595
2020-07-06,ALGO,,0.0726099056386562,0,0.0
2020-07-06,ATOM,,0.09056414496315089,0,0.0
2020-07-06,BCH,,0.06534297990788102,0,0.0
2020-07-06,BNB,,-0.038842396160153864,0,0.0
2020-07-06,BTC,,-0.2680247005506255,-1,-0.11055840337205827
2020-07-06,CHZ,,-0.2200831582975126,-1,-0.11055840337205827
2020-07-06,DASH,,0.1758385429067839,1,0.09477211609288105
2020-07-06,DOGE,,-0.3063619475243863,-1,-0.06069631605138265
2020-07-06,ETC,,0.007529550755689372,0,0.0
2020-07-06,ETH,,0.021665288155758716,0,0.0
2020-07-06,FET,,0.015150610472152406,0,0.0
2020-07-06,HBAR,,0.08837646721411144,0,0.0
2020-07-06,LINK,,-0.06805469614519007,0,0.0
2020-07-06,LTC,,-0.04222850621125629,0,0.0
2020-07-06,STX,,0.2965220426254319,1,0.07892900341016083
2020-07-06,TRX,,0.34429013041634854,1,0.09477211609288105
2020-07-06,VET,,-0.6036805905528089,-1,-0.06043383974575018
2020-07-06,XLM,,-0.18070239437658597,-1,-0.08275303745875065
2020-07-06,XRP,,-0.1629841070459834,0,0.0
2020-07-06,ZEC,,0.23307271808348856,1,0.09477211609288105
2020-07-13,ADA,,0.019358207651591887,0,0.005291647633010231
2020-07-13,ALGO,,0.5769359700143531,1,0.06194504182767664
2020-07-13,ATOM,,0.1319447002973307,0,0.0
2020-07-13,BCH,,-0.13342150793356705,-1,-0.10710644260436078
2020-07-13,BNB,,-0.03773799398671595,0,0.0
2020-07-13,BTC,,-0.31191502294704654,-1,-0.1165799985149217
2020-07-13,CHZ,,0.3367190031831226,1,0.08336184317911452
2020-07-13,DASH,,0.11486159286951417,0,0.008120856607766375
2020-07-13,DOGE,,-0.367354756472913,-1,-0.038560626935756195
2020-07-13,ETC,,-0.11787982707011364,0,0.0
2020-07-13,ETH,,-0.10062327764708918,0,0.0
2020-07-13,FET,,0.37232614143008275,1,0.0481312554112995
2020-07-13,HBAR,,0.10651348880952388,0,0.0
2020-07-13,LINK,,0.010719262132988775,0,0.0
2020-07-13,LTC,,-0.2617443776558599,-1,-0.10710644260436078
2020-07-13,STX,,0.3043079685173619,1,0.09959868712536352
2020-07-13,TRX,,-0.021384079262214282,0,0.008120856607766375
2020-07-13,VET,,-0.6478719745962093,-1,-0.039081970615607864
2020-07-13,XLM,,-0.06865930290304825,0,-0.007090962814431806
2020-07-13,XRP,,-0.09059721406717375,0,0.0
2020-07-13,ZEC,,0.18550299963608102,1,0.10095625569744186
2020-07-20,ADA,,0.23617571415862676,0,0.0007863879149247075
2020-07-20,ALGO,,-0.4851974244404859,-1,-0.03336612625079188
2020-07-20,ATOM,,-0.5451708351383592,-1,-0.04257173396716951
2020-07-20,BCH,,0.45399435636166025,1,0.0281222069637439
2020-07-20,BNB,,0.18351079016795027,0,0.0
2020-07-20,BTC,,0.5959010410438935,1,0.026714348694241052
2020-07-20,CHZ,,0.2038161684450823,0,0.01238834302438474
2020-07-20,DASH,,0.5672330321948204,1,0.045246052286430895
2020-07-20,DOGE,,-1.0088497700858332,-1,-0.04830220075506271
2020-07-20,ETC,,0.20871333771578787,0,0.0
2020-07-20,ETH,,0.2362419979612792,0,0.0
2020-07-20,FET,,-0.4814959912121395,0,0.007152750940838615
2020-07-20,HBAR,,0.2751733027356953,0,0.0
2020-07-20,LINK,,-0.8377949545070301,-1,-0.04257173396716951
2020-07-20,LTC,,0.40124295262920245,0,-0.01591701071500337
2020-07-20,STX,,0.4140125780675678,0,0.014801288621177064
2020-07-20,TRX,,0.44349943681917753,1,0.045246052286430895
2020-07-20,VET,,-1.1484190606756617,-1,-0.04837967726101905
2020-07-20,XLM,,-0.47542772897631574,0,-0.001053782838385543
2020-07-20,XRP,,0.3312776160348588,0,0.0
2020-07-20,ZEC,,0.43156344070022423,1,0.05170483502242973
2020-07-27,ADA,,-0.43559672320896636,0,0.0
2020-07-27,ALGO,,-0.7753810736155703,-1,-0.050175030241848884
2020-07-27,ATOM,,-0.5633592808551333,-1,-0.050175030241848884
2020-07-27,BCH,,0.535805981738815,1,0.04981088190731789
2020-07-27,BNB,,0.22367442191776152,0,0.0
2020-07-27,BTC,,0.5793200901783084,1,0.05005229926396587
2020-07-27,CHZ,,0.7081461411734484,1,0.05005229926396587
2020-07-27,DASH,,0.684699562453578,1,0.05005229926396587
2020-07-27,DOGE,,-1.113635787930123,-1,-0.04931995799578588
2020-07-27,ETC,,0.34743362379429304,0,0.0
2020-07-27,ETH,,0.09734459808201622,0,0.0
2020-07-27,FET,,-0.40375853648934007,0,0.0
2020-07-27,HBAR,,0.5743677018403406,1,0.05005229926396587
2020-07-27,LINK,,-0.907144831471196,-1,-0.050175030241848884
2020-07-27,LTC,,0.4145366073063973,0,0.0
2020-07-27,STX,,0.08464222560851292,0,0.0
2020-07-27,TRX,,0.49702689439570313,0,0.0
2020-07-27,VET,,-0.4444152594240188,0,0.0
2020-07-27,XLM,,-0.5877969626343452,-1,-0.050175030241848884
2020-07-27,XRP,,0.11130988036513524,0,0.0
2020-07-27,ZEC,,0.3727807267743826,0,0.0
2020-08-03,ADA,,-0.30905993945475846,0,0.0
2020-08-03,ALGO,,-0.6981051592682154,-1,-0.04539812411488588
2020-08-03,ATOM,,-0.1797581783560343,0,0.0
2020-08-03,BCH,,0.15818266607101894,0,0.0
2020-08-03,BNB,,0.49316447600876384,1,0.05064751977547295
2020-08-03,BTC,,0.2831087171157256,0,0.0
2020-08-03,CHZ,,0.6642846968972971,1,0.05064751977547295
2020-08-03,DASH,,0.5330374806765309,1,0.04742591459206492
2020-08-03,DOGE,,0.3223771941466317,0,0.0
2020-08-03,ETC,,-0.17761209560510807,0,0.0
2020-08-03,ETH,,-0.48350935661942546,-1,-0.054028014529088515
2020-08-03,FET,,0.2700182630417188,0,0.0
2020-08-03,HBAR,,0.42746727515797456,1,0.05064751977547295
2020-08-03,LINK,,-0.9077828004035652,-1,-0.0425338259918053
2020-08-03,LTC,,-0.20972105217384224,0,0.0
2020-08-03,STX,,-0.15730416826774413,0,0.0
2020-08-03,TRX,,0.4058826997838304,0,0.0
2020-08-03,VET,,-0.34518490111907485,-1,-0.054028014529088515
2020-08-03,XLM,,0.46507809644256104,1,0.05064751977547295
2020-08-03,XRP,,-0.5371299943795292,-1,-0.054028014529088515
2020-08-03,ZEC,,-0.017433919694754985,0,0.0
2020-08-10,ADA,,-0.20555825591597707,0,0.0
2020-08-10,ALGO,,-0.5734649858067719,-1,-0.04240115305032206
2020-08-10,ATOM,,-0.19349130768485576,0,0.0
2020-08-10,BCH,,0.19633633263660233,0,0.0
2020-08-10,BNB,,1.0874442558597786,1,0.05100922252463136
2020-08-10,BTC,,0.14436749127462,0,0.0
2020-08-10,CHZ,,0.075715567683211,0,0.0
2020-08-10,DASH,,0.03670576029550109,0,0.0
2020-08-10,DOGE,,0.4721037302550871,1,0.05100922252463136
2020-08-10,ETC,,0.24457722430056406,1,0.05100922252463136
2020-08-10,ETH,,-0.21193811083381894,0,0.0
2020-08-10,FET,,-0.012302251740676864,0,0.0
2020-08-10,HBAR,,0.5806926673914985,1,0.04596313330414109
2020-08-10,LINK,,-0.9239882217928694,-1,-0.0433434599108238
2020-08-10,LTC,,0.19226866454481137,0,0.0
2020-08-10,STX,,0.035034335435452,0,0.0
2020-08-10,TRX,,-0.13518818826243678,0,0.0
2020-08-10,VET,,-0.560458567637271,-1,-0.05475180348050687
2020-08-10,XLM,,0.5584859390549811,1,0.05100922252463136
2020-08-10,XRP,,-0.44365227603956486,-1,-0.05475180348050687
2020-08-10,ZEC,,-0.3636898030178681,-1,-0.05475180348050687
2020-08-17,ADA,,0.059353727310143385,0,0.0
2020-08-17,ALGO,,-0.3309771983380383,-1,-0.05162713748283693
2020-08-17,ATOM,,0.6672110395828179,1,0.03482013938448424
2020-08-17,BCH,,0.11652168496464627,0,0.0
2020-08-17,BNB,,0.2332442738529735,1,0.055945208788829574
2020-08-17,BTC,,0.19307521937640862,0,0.0
2020-08-17,CHZ,,-0.1867703583822223,0,0.0
2020-08-17,DASH,,0.1363467312131534,0,0.0
2020-08-17,DOGE,,0.4431372246443566,1,0.055945208788829574
2020-08-17,ETC,,0.2782116019815105,1,0.055945208788829574
2020-08-17,ETH,,-0.0013501968410354528,0,0.0
2020-08-17,FET,,-0.3729830802862348,-1,-0.05162713748283693
2020-08-17,HBAR,,0.23251462654672975,1,0.04734430781770813
2020-08-17,JST,,0.04604414110634791,0,0.0
2020-08-17,LINK,,-0.9770399897900732,-1,-0.04349152363733344
2020-08-17,LTC,,0.14322515303174052,0,0.0
2020-08-17,SOL,,0.03689529702544116,0,0.0
2020-08-17,STX,,0.10274992270476016,0,0.0
2020-08-17,TRX,,-0.2469185356484852,0,0.0
2020-08-17,VET,,-0.42023825258126274,-1,-0.05162713748283693
2020-08-17,XLM,,0.20638027288090502,0,0.0
2020-08-17,XRP,,-0.2922821862871556,-1,-0.05162713748283693
2020-08-17,ZEC,,-0.0663511180674263,0,0.0
2020-08-24,ADA,,0.09562318411346674,0,0.0
2020-08-24,ALGO,,-0.6642976999336667,-1,-0.05091158027886509
2020-08-24,ATOM,,-0.14163040467134888,0,0.0
2020-08-24,BCH,,0.15752547857278157,0,0.0
2020-08-24,BNB,,0.6212762913846002,1,0.05182778396562726
2020-08-24,BTC,,0.3058694175320672,1,0.05182778396562726
2020-08-24,CHZ,,-0.4365569862265304,-1,-0.05091158027886509
2020-08-24,DASH,,0.07754994808142623,0,0.0
2020-08-24,DOGE,,0.19695643965369836,0,0.0
2020-08-24,DOT,,0.010328256201489739,0,0.0
2020-08-24,ETC,,0.23813440389874302,1,0.05182778396562726
2020-08-24,ETH,,0.4634909735622816,1,0.04339962413699895
2020-08-24,FET,,-0.3152035557310011,-1,-0.05091158027886509
2020-08-24,HBAR,,0.04236244400186585,0,0.0
2020-08-24,JST,,0.043864368315727834,0,0.0
2020-08-24,LINK,,-0.7990305102683196,-1,-0.0470644388840476
2020-08-24,LTC,,0.3679254457183532,1,0.05182778396562726
2020-08-24,SOL,,0.03147481589942561,0,0.0
2020-08-24,STX,,-0.27293182745708844,0,0.0
2020-08-24,TRX,,-0.11755712213031974,0,0.0
2020-08-24,VET,,-0.3399100550987525,-1,-0.05091158027886509
2020-08-24,XLM,,0.026828833981070985,0,0.0
2020-08-24,XRP,,0.19114737339345175,0,0.0
2020-08-24,ZEC,,0.2167604872065773,0,0.0
2020-08-31,ADA,,0.21871250598476197,0,0.0
2020-08-31,ALGO,,-0.7752807471824684,-1,-0.05000392664195407
2020-08-31,ATOM,,-0.5375824025388057,-1,-0.05000392664195407
2020-08-31,BCH,,0.21441914006203755,0,0.0
2020-08-31,BNB,,0.57268842678086,1,0.0509547967360842
2020-08-31,BTC,,0.2047162497298701,0,0.0
2020-08-31,CHZ,,-0.510222341009386,-1,-0.05000392664195407
2020-08-31,DASH,,0.26703382054668234,1,0.0509547967360842
2020-08-31,DOGE,,0.2953905834576521,1,0.0509547967360842
2020-08-31,DOT,,0.009651416966219056,0,0.0
2020-08-31,ETC,,0.19095570456099487,0,0.0
2020-08-31,ETH,,0.10632914971168238,0,0.0
2020-08-31,FET,,-0.6397726643711998,-1,-0.05000392664195407
2020-08-31,HBAR,,0.020922326690836653,0,0.0
2020-08-31,JST,,0.0382855417099257,0,0.0
2020-08-31,LINK,,-0.4432631415142205,-1,-0.05000392664195407
2020-08-31,LTC,,0.055923902397209395,0,0.0
2020-08-31,SOL,,0.030749057179931545,0,0.0
2020-08-31,STX,,-0.05417745196213289,0,0.0
2020-08-31,TRX,,-0.007177602744454435,0,0.0
2020-08-31,VET,,0.22625230835625246,1,0.0509547967360842
2020-08-31,XLM,,0.09708046850099301,0,0.0
2020-08-31,XRP,,0.195378669478713,0,0.0
2020-08-31,ZEC,,0.22298707920804675,1,0.046200446265433584
2020-09-07,ADA,,0.2684844479170539,0,0.0
2020-09-07,ALGO,,0.1917512251593078,0,0.0
2020-09-07,ATOM,,-1.2123687518886832,-1,-0.046496949578767335
2020-09-07,BCH,,0.28989974163830157,1,0.051024900832209445
2020-09-07,BNB,,-0.3011135983800351,-1,-0.05171041648142205
2020-09-07,BTC,,0.3327485737673591,1,0.051024900832209445
2020-09-07,CHZ,,0.078793875484726,0,0.0
2020-09-07,DASH,,0.269265697376559,0,0.0
2020-09-07,DOGE,,0.4464529841581954,1,0.051024900832209445
2020-09-07,DOT,,0.013352040187931277,0,0.0
2020-09-07,ETC,,0.26068548486460963,0,0.0
2020-09-07,ETH,,-0.0006513976006472836,0,0.0
2020-09-07,FET,,-0.15913544154856524,0,0.0
2020-09-07,HBAR,,0.3516554936681436,1,0.04631752871960615
2020-09-07,JST,,-0.5253061172729353,-1,-0.05171041648142205
2020-09-07,LINK,,-0.16174500204146608,-1,-0.05171041648142205
2020-09-07,LTC,,0.09534014496171093,0,0.0
2020-09-07,SOL,,-1.1829732005139708,-1,-0.04878893302541045
2020-09-07,STX,,0.08831087578976647,0,0.0
2020-09-07,TRX,,-0.061345397146153606,0,0.0
2020-09-07,VET,,0.17432116031507727,0,0.0
2020-09-07,XLM,,0.27623554657636656,0,0.0
2020-09-07,XRP,,0.34798425566015756,1,0.051024900832209445
2020-09-07,ZEC,,0.11935735886719065,0,0.0
2020-09-14,ADA,,0.24128987764047582,0,0.0
2020-09-14,ALGO,,0.09770157532601025,0,0.0
2020-09-14,ATOM,,0.06986095422156881,0,0.0
2020-09-14,BCH,,0.45112952740898526,1,0.05270415104092782
2020-09-14,BNB,,-0.8641587277890396,-1,-0.05637827372008795
2020-09-14,BTC,,0.5019630760425349,1,0.05270415104092782
2020-09-14,CHZ,,0.08014882816539923,0,0.0
2020-09-14,DASH,,0.17750334314115962,0,0.0
2020-09-14,DOGE,,0.5897172420682105,1,0.05270415104092782
2020-09-14,DOT,,-1.4976492085861506,-1,-0.04422556179406113
2020-09-14,ETC,,0.4107540120540188,1,0.04985620028731686
2020-09-14,ETH,,0.14761635289991495,0,0.0
2020-09-14,FET,,-0.12935693106581783,0,0.0
2020-09-14,HBAR,,0.24812897699602343,0,0.0
2020-09-14,JST,,-0.1644324791278409,0,0.0
2020-09-14,LINK,,-0.3691139180565353,-1,-0.05637827372008795
2020-09-14,LTC,,0.19435177290767394,0,0.0
2020-09-14,SOL,,-1.1980485617218632,-1,-0.04731242149670315
2020-09-14,STX,,0.3373552462657967,0,0.0
2020-09-14,TRX,,-0.4048277319812537,-1,-0.05637827372008795
2020-09-14,VET,,0.18672942621284971,0,0.0
2020-09-14,XLM,,0.2917395381480525,0,0.0
2020-09-14,XRP,,0.4982687431028987,1,0.05270415104092782
2020-09-14,ZEC,,0.10332906572692543,0,0.0
2020-09-21,ADA,,-0.013180631717750043,0,0.0
2020-09-21,ALGO,,0.16254120041911088,0,0.0
2020-09-21,ATOM,,-0.03125486244230209,0,0.0
2020-09-21,BCH,,0.5345962639630203,1,0.05205897519684181
2020-09-21,BNB,,-1.564998743829605,-1,-0.04612263409315666
2020-09-21,BTC,,0.4086218196355891,1,0.05205897519684181
2020-09-21,CHZ,,-0.2810909675966888,0,0.0
2020-09-21,DASH,,0.047959250587454906,0,0.0
2020-09-21,DOGE,,0.6381852202367342,1,0.05205897519684181
2020-09-21,DOT,,-0.3014212025528263,-1,-0.053239521636075475
2020-09-21,ETC,,0.2896394264754779,0,0.0
2020-09-21,ETH,,0.23338121112441762,0,0.0
2020-09-21,FET,,0.39663697214252125,1,0.05084481985009131
2020-09-21,HBAR,,0.25517544908405204,0,0.0
2020-09-21,JST,,-0.12618905949907316,0,0.0
2020-09-21,LINK,,-0.15840607244666235,0,0.0
2020-09-21,LTC,,0.2952467389947217,0,0.0
2020-09-21,SOL,,-0.26261921263469606,0,0.0
2020-09-21,STX,,-0.289783414863368,-1,-0.053239521636075475
2020-09-21,TRX,,-0.3516055203079678,-1,-0.053239521636075475
2020-09-21,UNI,,0.009285548571989445,0,0.0
2020-09-21,VET,,-0.5402081776276408,-1,-0.053239521636075475
2020-09-21,XLM,,0.19738664810815057,0,0.0
2020-09-21,XRP,,0.5151869517398856,1,0.05205897519684181
2020-09-21,ZEC,,-0.06308483556454457,0,0.0
2020-09-28,ADA,,-0.2236921851592572,-1,-0.04752972541798261
2020-09-28,ALGO,,0.3222406443709796,1,0.038948520964465105
2020-09-28,ATOM,,-0.03418668195514598,0,0.0
2020-09-28,AVAX,,0.02462257177334331,0,0.0
2020-09-28,BCH,,0.32718521601467676,1,0.04412685577057136
2020-09-28,BNB,,-1.6479386295414162,-1,-0.02860738003126985
2020-09-28,BTC,,0.09891723903050466,0,0.0
2020-09-28,CHZ,,0.01598080529028061,0,0.0
2020-09-28,DASH,,0.05385670916979298,0,0.0
2020-09-28,DOGE,,0.3931290353704452,1,0.04412685577057136
2020-09-28,DOT,,-0.3232885681785443,-1,-0.04752972541798261
2020-09-28,ETC,,0.1736202722424935,0,0.0
2020-09-28,ETH,,0.19938508539805855,0,0.0
2020-09-28,FET,,0.1899445196028704,0,0.0
2020-09-28,HBAR,,0.36163961683027,1,0.04412685577057136
2020-09-28,JST,,-0.05201523892012112,0,0.0
2020-09-28,LINK,,-0.48367897415353,-1,-0.04641436251532247
2020-09-28,LTC,,0.5740393418465934,1,0.04412685577057136
2020-09-28,SOL,,-0.495484705049048,-1,-0.04197188101678175
2020-09-28,STX,,-0.09916403828330236,0,0.0
2020-09-28,TRX,,0.2558918226116236,0,0.0
2020-09-28,UNI,,0.010461333635485261,0,0.0
2020-09-28,VET,,-0.41649189203069176,-1,-0.04752972541798261
2020-09-28,XLM,,0.3063368656391232,0,0.0
2020-09-28,XRP,,0.552770287666706,1,0.04412685577057136
2020-09-28,ZEC,,-0.08408045322218972,0,0.0
2020-10-05,ADA,,-0.4719549997291892,-1,-0.04481156402068527
2020-10-05,ALGO,,0.07017734749255967,0,0.0
2020-10-05,ATOM,,-0.4474968193615503,-1,-0.04481156402068527
2020-10-05,AVAX,,0.022375169135623416,0,0.0
2020-10-05,BCH,,0.27989649301484365,0,0.0
2020-10-05,BNB,,-0.5946301837716295,-1,-0.04481156402068527
2020-10-05,BTC,,0.2760301985192199,0,0.0
2020-10-05,CHZ,,0.7427637202403943,1,0.04239178732076691
2020-10-05,DASH,,0.16266486547584516,0,0.0
2020-10-05,DOGE,,0.7013942796934689,1,0.04239178732076691
2020-10-05,DOT,,0.27442660188321116,0,0.0
2020-10-05,ETC,,0.20904659531601516,0,0.0
2020-10-05,ETH,,0.3574070302022172,1,0.04239178732076691
2020-10-05,FET,,0.2230320644665229,0,0.0
2020-10-05,HBAR,,-0.0696090686167597,0,0.0
2020-10-05,JST,,-0.3972961843904659,0,0.0
2020-10-05,LINK,,-1.2397895508733003,-1,-0.032315080448295806
2020-10-05,LTC,,0.3929471500393466,1,0.04239178732076691
2020-10-05,SOL,,-0.7848410039762426,-1,-0.04278938739356461
2020-10-05,STX,,-0.06924970382652128,0,0.0
2020-10-05,TRX,,0.25950712918898616,0,0.0
2020-10-05,UNI,,0.007557614113131559,0,0.0
2020-10-05,VET,,-0.7124669029351001,-1,-0.04481156402068527
2020-10-05,XLM,,0.39285064541327547,1,0.04239178732076691
2020-10-05,XRP,,0.8518823664622174,1,0.04239178732076691
2020-10-05,ZEC,,-0.4366248531761156,0,0.0
2020-10-12,ADA,,-0.3537655143889049,-1,-0.044662680865917376
2020-10-12,ALGO,,0.15964763737894344,0,0.0
2020-10-12,ATOM,,-0.4481898530780272,-1,-0.044662680865917376
2020-10-12,AVAX,,0.02041352939561382,0,0.0
2020-10-12,BCH,,0.2727583689091115,0,0.0
2020-10-12,BNB,,0.010822965333786152,0,0.0
2020-10-12,BTC,,0.24780666492533202,0,0.0
2020-10-12,CHZ,,0.5340369637116064,1,0.04195124101521161
2020-10-12,DASH,,-0.0896585531401449,0,0.0
2020-10-12,DOGE,,0.47165698825245883,1,0.04195124101521161
2020-10-12,DOT,,0.35280008422088627,1,0.04195124101521161
2020-10-12,ETC,,0.007860200974271604,0,0.0
2020-10-12,ETH,,0.2626696058855531,0,0.0
2020-10-12,FET,,0.10329647303583657,0,0.0
2020-10-12,HBAR,,-0.28483911804266393,0,0.0
2020-10-12,JST,,0.3883404634073588,1,0.04195124101521161
2020-10-12,LINK,,-0.864687806126337,-1,-0.04000339767271176
2020-10-12,LTC,,-0.08341019646625482,0,0.0
2020-10-12,SOL,,-0.7535315168667486,-1,-0.04002198239714001
2020-10-12,STX,,-0.3044632007004731,-1,-0.04296253648340834
2020-10-12,TRX,,0.3923969387588893,1,0.04195124101521161
2020-10-12,UNI,,0.040489484462005204,0,0.0
2020-10-12,VET,,0.321968638464881,0,0.0
2020-10-12,XLM,,0.38952912598353867,1,0.04195124101521161
2020-10-12,XRP,,0.15838870246413125,0,0.0
2020-10-12,ZEC,,-0.9523370767546477,-1,-0.03939416780617483
2020-10-19,AAVE,,0.029316373434121155,0,0.0
2020-10-19,ADA,,-0.09738302816303435,0,0.0
2020-10-19,ALGO,,0.04813139435874647,0,0.0
2020-10-19,ATOM,,-0.8464085581641125,-1,-0.04274464024836328
2020-10-19,AVAX,,-0.028765678598169253,0,0.0
2020-10-19,BCH,,0.22954464643257125,0,0.0
2020-10-19,BNB,,-0.1521033724839313,0,0.0
2020-10-19,BTC,,-0.10148686732873922,0,0.0
2020-10-19,CHZ,,0.5964775433459136,1,0.041666666666688064
2020-10-19,DASH,,-0.02173313346703665,0,0.0
2020-10-19,DOGE,,0.6195384234552271,1,0.041666666666688064
2020-10-19,DOT,,0.42772608104724913,1,0.041666666666688064
2020-10-19,ETC,,0.199680940777678,0,0.0
2020-10-19,ETH,,0.39450135832244343,0,0.0
2020-10-19,FET,,0.007434548229918214,0,0.0
2020-10-19,FIL,,-0.007066829461636484,0,0.0
2020-10-19,HBAR,,-0.1671028262109477,0,0.0
2020-10-19,JST,,0.14736876418911485,0,0.0
2020-10-19,LINK,,-0.8588705596852314,-1,-0.039252498152800415
2020-10-19,LTC,,-1.0609899348775012,-1,-0.039344550636186644
2020-10-19,NEAR,,0.025601496639781424,0,0.0
2020-10-19,SOL,,-0.07450566378980265,0,0.0
2020-10-19,STX,,-0.221792650698398,-1,-0.044687643913247414
2020-10-19,TRX,,0.5571821619391158,1,0.041666666666688064
2020-10-19,UNI,,-0.17792806901364966,-1,-0.044687643913247414
2020-10-19,VET,,0.5060271096294815,1,0.041666666666688064
2020-10-19,XLM,,0.7251453933968557,1,0.041666666666688064
2020-10-19,XRP,,0.2862963398007384,0,0.0
2020-10-19,ZEC,,-0.9838354030567623,-1,-0.039283023136283235
2020-10-26,AAVE,,0.03160666571758346,0,0.0
2020-10-26,ADA,,-0.23079681523260528,0,0.0
2020-10-26,ALGO,,-0.32044166401571583,-1,-0.04435507229708329
2020-10-26,ATOM,,-0.8253326514925707,-1,-0.04190351786908359
2020-10-26,AVAX,,0.028187462195282998,0,0.0
2020-10-26,BCH,,0.3727709873559944,1,0.041666666666666664
2020-10-26,BNB,,0.1384968416288539,0,0.0
2020-10-26,BTC,,0.3682980793391299,1,0.041666666666666664
2020-10-26,CHZ,,0.24869765381243322,0,0.0
2020-10-26,DASH,,0.06536773349971704,0,0.0
2020-10-26,DOGE,,0.6493391660133114,1,0.041666666666666664
2020-10-26,DOT,,0.558884995363505,1,0.041666666666666664
2020-10-26,ETC,,0.11909547289367602,0,0.0
2020-10-26,ETH,,0.30883338257543863,1,0.041666666666666664
2020-10-26,FET,,-0.12066561859646995,0,0.0
2020-10-26,FIL,,-0.005619837292384619,0,0.0
2020-10-26,HBAR,,-0.3177025788476018,-1,-0.04435507229708329
2020-10-26,JST,,-0.10553948694688191,0,0.0
2020-10-26,LINK,,-0.35575198771940564,-1,-0.04435507229708329
2020-10-26,LTC,,-1.354241986972371,-1,-0.033720554269644105
2020-10-26,NEAR,,0.02871066239620927,0,0.0
2020-10-26,SOL,,0.2282733114059643,0,0.0
2020-10-26,STX,,0.10642751732002001,0,0.0
2020-10-26,TRX,,0.47669705722870237,1,0.041666666666666664
2020-10-26,UNI,,0.13511076108858747,0,0.0
2020-10-26,VET,,0.1458206669241453,0,0.0
2020-10-26,XLM,,0.21311755706927743,0,0.0
2020-10-26,XRP,,0.21128953132017322,0,0.0
2020-10-26,ZEC,,-0.7989328780320004,-1,-0.0413107109700224
2020-11-02,AAVE,,0.03118261639892613,0,0.0
2020-11-02,ADA,,0.15033925007718313,0,0.0
2020-11-02,ALGO,,0.09548862810875841,0,0.0
2020-11-02,ATOM,,0.2243517002775572,1,0.04280014119818886
2020-11-02,AVAX,,0.004823363107655543,0,0.0
2020-11-02,BCH,,0.13277446621557443,0,0.0
2020-11-02,BNB,,0.07056335241543181,0,0.0
2020-11-02,BTC,,0.30117563239907524,1,0.04116162522092522
2020-11-02,CHZ,,0.06960119997763001,0,0.0
2020-11-02,DASH,,0.10246092212071693,0,0.0
2020-11-02,DOGE,,0.4665689804384037,1,0.04280014119818886
2020-11-02,DOT,,0.41644932030475673,1,0.04280014119818886
2020-11-02,ETC,,0.01633474033686516,0,0.0
2020-11-02,ETH,,0.06256508047187934,0,0.0
2020-11-02,FET,,-0.16897992470941686,-1,-0.04994947409937038
2020-11-02,FIL,,-0.00509551121690842,0,0.0
2020-11-02,HBAR,,0.22399485710599265,1,0.037637809986319326
2020-11-02,JST,,-0.15431406682772772,-1,-0.04994947409937038
2020-11-02,LINK,,0.21700991668262465,0,0.0
2020-11-02,LTC,,-0.8318332128577729,-1,-0.043343298191312864
2020-11-02,NEAR,,0.026069149214791462,0,0.0
2020-11-02,SOL,,-1.4121072097839789,-1,-0.02577503403813702
2020-11-02,STX,,-0.2687665512207763,-1,-0.04430001401624033
2020-11-02,TRX,,0.16379771192714165,0,0.0
2020-11-02,UNI,,-0.6582174278360592,-1,-0.036682705555569045
2020-11-02,VET,,0.11492675530227793,0,0.0
2020-11-02,XLM,,0.26498341670446646,1,0.04280014119818886
2020-11-02,XRP,,0.16179053042772307,0,0.0
2020-11-02,ZEC,,0.18206231443721624,0,0.0
2020-11-09,AAVE,,-1.6005172241623995,-1,-0.02300704941074936
2020-11-09,ADA,,-0.06439056929312569,0,0.0
2020-11-09,ALGO,,0.10123113662035249,0,0.0
2020-11-09,ATOM,,0.2830227377775041,0,0.0
2020-11-09,AVAX,,0.24345355724244008,0,0.0
2020-11-09,BCH,,-0.30209574427000985,-1,-0.05177409036093033
2020-11-09,BNB,,-0.06462814447405303,0,0.0
2020-11-09,BTC,,0.2645952722264932,0,0.0
2020-11-09,CHZ,,0.22004163037088223,0,0.0
2020-11-09,DASH,,0.43595439591579255,1,0.03869799265757932
2020-11-09,DOGE,,0.5372568459014847,1,0.04258927897293469
2020-11-09,DOT,,0.29436530931013216,1,0.04258927897293469
2020-11-09,ETC,,-0.038039555328022556,0,0.0
2020-11-09,ETH,,-0.052214439034313796,0,0.0
2020-11-09,FET,,0.10085236909661373,0,0.0
2020-11-09,FIL,,-0.544072467906748,-1,-0.05177409036093033
2020-11-09,HBAR,,0.40408912292358734,1,0.04094489145068191
2020-11-09,JST,,0.07993561342789463,0,0.0
2020-11-09,LINK,,-0.009785683825576982,0,0.0
2020-11-09,LTC,,-0.2710137528690579,0,0.0
2020-11-09,NEAR,,-0.5251033744836467,-1,-0.04394180369940305
2020-11-09,SOL,,-0.5760326600444435,-1,-0.04100643181403315
2020-11-09,STX,,0.18640974379966427,0,0.0
2020-11-09,TRX,,0.11073246559999271,0,0.0
2020-11-09,UNI,,-0.27934006123328065,-1,-0.03849653435395384
2020-11-09,VET,,0.18449905154925578,0,0.0
2020-11-09,XLM,,0.10900771769037891,0,0.0
2020-11-09,XRP,,0.433034673922858,1,0.04258927897293469
2020-11-09,ZEC,,0.3387520335493513,1,0.04258927897293469
2020-11-16,AAVE,,-1.766370253608441,-1,-0.030823948367254654
2020-11-16,ADA,,-0.5594899731725195,-1,-0.045243632617677276
2020-11-16,ALGO,,0.1511746799099355,0,0.0
2020-11-16,ATOM,,0.42776938817926047,1,0.044206024841267816
2020-11-16,AVAX,,0.41352497132598576,0,0.0
2020-11-16,BCH,,-0.004174653361034314,0,0.0
2020-11-16,BNB,,0.3668273472613854,0,0.0
2020-11-16,BTC,,0.7100289905401244,1,0.04472908087242889
2020-11-16,CHZ,,0.27069276222811517,0,0.0
2020-11-16,DASH,,0.4809161362567704,1,0.034225349352528404
2020-11-16,DOGE,,0.44324271450667724,1,0.03738138318891711
2020-11-16,DOT,,0.14937768073444674,0,0.0
2020-11-16,ETC,,0.1720300685744128,0,0.0
2020-11-16,ETH,,0.025613949169565355,0,0.0
2020-11-16,FET,,-0.010140152747818551,0,0.0
2020-11-16,FIL,,-0.018380221422807617,0,0.0
2020-11-16,HBAR,,0.529415597722173,1,0.04472908087242889
2020-11-16,JST,,0.020269253839824773,0,0.0
2020-11-16,LINK,,0.21090507673561126,0,0.0
2020-11-16,LTC,,-0.04401853697342348,0,0.0
2020-11-16,NEAR,,-0.5262897710543638,-1,-0.045243632617677276
2020-11-16,SOL,,-0.49980892378090735,-1,-0.045243632617677276
2020-11-16,STX,,-0.39403803215629424,0,0.0
2020-11-16,TRX,,0.386940140521951,0,0.0
2020-11-16,UNI,,-0.4586147766179723,-1,-0.045243632617677276
2020-11-16,VET,,0.05512114830419753,0,0.0
2020-11-16,XLM,,-0.05966075081917325,0,0.0
2020-11-16,XRP,,-0.9447610763655325,-1,-0.03820152116203625
2020-11-16,ZEC,,0.47189721626985526,1,0.04472908087242889
2020-11-23,AAVE,,-1.1988412069830765,-1,-0.03473784316120377
2020-11-23,ADA,,-0.3316748280185057,0,0.0
2020-11-23,ALGO,,0.47502628302777145,1,0.03798469377847101
2020-11-23,ATOM,,0.370748118873894,0,0.0
2020-11-23,AVAX,,0.1370139768782083,0,0.0
2020-11-23,BCH,,-0.05518258095925531,0,0.0
2020-11-23,BNB,,0.3031997747269533,0,0.0
2020-11-23,BTC,,-0.009974039814835425,0,0.0
2020-11-23,CHZ,,0.7732919215101831,1,0.04539284361299859
2020-11-23,DASH,,0.588052072795466,1,0.03084902247988965
2020-11-23,DOGE,,0.26969221452399267,0,0.0
2020-11-23,DOT,,-0.22255179122203045,0,0.0
2020-11-23,ETC,,0.20980621716026165,0,0.0
2020-11-23,ETH,,-0.06708021931445352,0,0.0
2020-11-23,FET,,-0.2595379209445794,0,0.0
2020-11-23,FIL,,0.4856414693785111,1,0.04539284361299859
2020-11-23,HBAR,,0.43604376631419745,0,0.0
2020-11-23,JST,,-0.0451879227467005,0,0.0
2020-11-23,LINK,,-0.18184873897243073,0,0.0
2020-11-23,LTC,,-0.3561048558626894,-1,-0.04802718940210645
2020-11-23,NEAR,,-0.15771702386036768,0,0.0
2020-11-23,SOL,,-0.47984674824373724,-1,-0.04802718940210645
2020-11-23,STX,,-0.1532187406924826,0,0.0
2020-11-23,TRX,,0.44491405429673025,1,0.04498775290264354
2020-11-23,UNI,,-0.4621376704009643,-1,-0.04802718940210645
2020-11-23,VET,,0.28081591746751106,0,0.0
2020-11-23,XLM,,-1.0787479943456402,-1,-0.02949095139757724
2020-11-23,XRP,,-0.56718709376068,-1,-0.04168963723489961
2020-11-23,ZEC,,0.852593589188749,1,0.04539284361299859
2020-11-30,AAVE,,0.5777861535372393,1,0.028655997925612433
2020-11-30,ADA,,-0.7245386968215564,-1,-0.04966296854033391
2020-11-30,ALGO,,0.4483149965641975,1,0.0436265319724704
2020-11-30,ATOM,,0.11379082015945029,0,0.0
2020-11-30,AVAX,,0.1442692215788304,0,0.0
2020-11-30,BCH,,-0.10452810119368977,0,0.0
2020-11-30,BNB,,0.10609607241510353,0,0.0
2020-11-30,BTC,,0.07912637216939143,0,0.0
2020-11-30,CHZ,,1.207253793623584,1,0.05136139199301611
2020-11-30,DASH,,-0.03131228292274412,0,0.0
2020-11-30,DOGE,,0.0180648473377183,0,0.0
2020-11-30,DOT,,-0.2805271517033505,-1,-0.05348066712925432
2020-11-30,ETC,,-0.06606678768634064,0,0.0
2020-11-30,ETH,,-0.17706380385262666,0,0.0
2020-11-30,FET,,-0.12611833199869077,0,0.0
2020-11-30,FIL,,0.3702028061875405,1,0.05136139199301611
2020-11-30,HBAR,,0.7626323128615703,1,0.05136139199301611
2020-11-30,JST,,0.08362451965974954,0,0.0
2020-11-30,LINK,,-0.11439047271819137,0,0.0
2020-11-30,LTC,,-0.3696930062779359,-1,-0.05348066712925432
2020-11-30,NEAR,,-0.049236231960176506,0,0.0
2020-11-30,SOL,,0.18132075017245006,0,0.0
2020-11-30,STX,,0.031422223029131356,0,0.0
2020-11-30,TRX,,0.2349624191821631,0,0.0
2020-11-30,UNI,,-0.343718142528534,-1,-0.05348066712925432
2020-11-30,VET,,0.30305219189638677,0,0.0
2020-11-30,XLM,,-1.6248462728373332,-1,-0.02724891320921745
2020-11-30,XRP,,-1.008776743008226,-1,-0.040374214732832946
2020-11-30,ZEC,,0.35889652513488685,1,0.05136139199301611
2020-12-07,AAVE,,0.3321757627947113,1,0.029646453179156117
2020-12-07,ADA,,-0.5812451155057696,-1,-0.05297237611006631
2020-12-07,ALGO,,0.13029456474516207,0,0.0
2020-12-07,ATOM,,0.32844751792553323,1,0.05562066801132765
2020-12-07,AVAX,,0.09596202217168992,0,0.0
2020-12-07,BCH,,0.04822530979291129,0,0.0
2020-12-07,BNB,,0.227348695816798,0,0.0
2020-12-07,BTC,,0.09751865925867546,0,0.0
2020-12-07,CHZ,,0.7866708067952405,1,0.05562066801132765
2020-12-07,DASH,,-0.12180384623557847,0,0.0
2020-12-07,DOGE,,0.04781530376679447,0,0.0
2020-12-07,DOT,,-0.16211566378272002,-1,-0.05297237611006631
2020-12-07,ETC,,0.07380355774967548,0,0.0
2020-12-07,ETH,,-0.1153574421180049,0,0.0
2020-12-07,FET,,0.07611195498313279,0,0.0
2020-12-07,FIL,,0.791588549595931,1,0.05562066801132765
2020-12-07,HBAR,,0.41274894437531984,1,0.05562066801132765
2020-12-07,JST,,-0.211108390362147,-1,-0.05297237611006631
2020-12-07,LINK,,0.013980709751441535,0,0.0
2020-12-07,LTC,,-0.24419563834631883,-1,-0.05297237611006631
2020-12-07,NEAR,,-0.04458825329571541,0,0.0
2020-12-07,SOL,,-0.01073775045754077,0,0.0
2020-12-07,STX,,0.48616905192726023,1,0.023667007629655786
2020-12-07,TRX,,0.029857002584679708,0,0.0
2020-12-07,UNI,,0.08695916233069222,0,0.0
2020-12-07,VET,,0.12491368874957992,0,0.0
2020-12-07,XLM,,-1.5295926628320209,-1,-0.02930901784929977
2020-12-07,XRP,,-1.1697784907740825,-1,-0.034597610564557485
2020-12-07,ZEC,,-6.801140533214977e-05,0,0.0
2020-12-14,AAVE,,-0.11291771752406285,0,0.0
2020-12-14,ADA,,0.049856090686935035,0,0.0
2020-12-14,ALGO,,0.2821936346923953,0,0.0
2020-12-14,ATOM,,0.043637986025315045,0,0.0
2020-12-14,AVAX,,0.10033064259571914,0,0.0
2020-12-14,BCH,,0.03100170551155478,0,0.0
2020-12-14,BNB,,0.2015891658126975,0,0.0
2020-12-14,BTC,,0.0005604016779847708,0,0.0
2020-12-14,CHZ,,0.28927608979528224,1,0.027957953220443522
2020-12-14,DASH,,-0.05561532256311104,0,0.0
2020-12-14,DOGE,,-0.3821378221117289,-1,-0.045303515848496664
2020-12-14,DOT,,0.3089422582453475,1,0.04698651325309844
2020-12-14,ETC,,0.4087672105339891,1,0.04698651325309844
2020-12-14,ETH,,0.3904937105537203,1,0.04698651325309844
2020-12-14,FET,,0.4291950855103744,1,0.04465575782789672
2020-12-14,FIL,,0.1765406139625127,0,0.0
2020-12-14,HBAR,,0.26658884406369815,0,0.0
2020-12-14,JST,,-0.5376457959006642,-1,-0.045303515848496664
2020-12-14,LINK,,0.2232365604254481,0,0.0
2020-12-14,LTC,,-0.3536547964527978,-1,-0.045303515848496664
2020-12-14,NEAR,,0.42243563511942867,1,0.03642675069923217
2020-12-14,SOL,,0.11843462046298218,0,0.0
2020-12-14,STX,,-0.33369860405262736,-1,-0.045303515848496664
2020-12-14,TRX,,0.23088247346537713,0,0.0
2020-12-14,UNI,,0.20065407716933745,0,0.0
2020-12-14,VET,,0.00025120016348231566,0,0.0
2020-12-14,XLM,,-1.9584676357008073,-1,-0.02348242226438441
2020-12-14,XRP,,-0.5924953150264892,-1,-0.045303515848496664
2020-12-14,ZEC,,0.15176500285870573,0,0.0
2020-12-21,AAVE,,-0.3497643896707853,0,0.0
2020-12-21,ADA,,0.2862014399694203,1,0.044947998540109134
2020-12-21,ALGO,,0.13762929160699705,0,0.0
2020-12-21,ATOM,,0.1454917105195216,0,0.0
2020-12-21,AVAX,,0.16719923648674898,0,0.0
2020-12-21,BCH,,-0.20359543696058466,0,0.0
2020-12-21,BNB,,0.019934443567318307,0,0.0
2020-12-21,BTC,,0.1077883129876582,0,0.0
2020-12-21,CHZ,,-0.5460611794378103,-1,-0.042577980062010065
2020-12-21,DASH,,0.20928926413394439,0,0.0
2020-12-21,DOGE,,-0.6856740739416708,-1,-0.042577980062010065
2020-12-21,DOT,,0.44999094037164394,1,0.044947998540109134
2020-12-21,ETC,,0.15610732784653725,0,0.0
2020-12-21,ETH,,0.5754798719881061,1,0.044947998540109134
2020-12-21,FET,,0.2885825194092682,1,0.04292397695584875
2020-12-21,FIL,,-0.010811824825426692,0,0.0
2020-12-21,HBAR,,0.04814499974863062,0,0.0
2020-12-21,JST,,-0.7725144179234636,-1,-0.04116857485493465
2020-12-21,LINK,,0.24661931049933805,1,0.044947998540109134
2020-12-21,LTC,,-0.40231841053834894,-1,-0.042577980062010065
2020-12-21,NEAR,,0.3928844460418596,1,0.027284028883714718
2020-12-21,SOL,,0.1472270940722655,0,0.0
2020-12-21,STX,,-0.5416082019587051,-1,-0.042577980062010065
2020-12-21,TRX,,0.16221621991077612,0,0.0
2020-12-21,UNI,,0.08094499042316596,0,0.0
2020-12-21,VET,,0.1777071668120077,0,0.0
2020-12-21,XLM,,0.07936393586931757,0,0.0
2020-12-21,XRP,,-0.49727271178328525,-1,-0.0385195048970251
2020-12-21,ZEC,,0.1308181247755561,0,0.0
2020-12-28,AAVE,,0.26836044672510506,0,0.0
2020-12-28,ADA,,0.08429969267856231,0,0.0
2020-12-28,ALGO,,0.05697319857904455,0,0.0
2020-12-28,ATOM,,0.30178807822077663,1,0.03800787343027405
2020-12-28,AVAX,,0.22606576268664197,0,0.0
2020-12-28,BCH,,0.131803581493761,0,0.0
2020-12-28,BNB,,0.29569218619348725,0,0.0
2020-12-28,BTC,,0.2885302538860916,0,0.0
2020-12-28,CHZ,,-0.49047105486820936,-1,-0.04619355936658234
2020-12-28,DASH,,-0.06324938751506366,0,0.0
2020-12-28,DOGE,,-1.2219827923601554,-1,-0.031183788782609283
2020-12-28,DOT,,-0.9699713022465721,-1,-0.036040460055859876
2020-12-28,ETC,,0.30637985502724985,1,0.04341997220844005
2020-12-28,ETH,,0.025705541885026672,0,0.0
2020-12-28,FET,,0.39649548621895303,1,0.04480086683803784
2020-12-28,FIL,,0.11922627019183069,0,0.0
2020-12-28,HBAR,,0.30111812549291306,1,0.04480086683803784
2020-12-28,JST,,0.2138785019810233,0,0.0
2020-12-28,LINK,,0.34554159766547204,1,0.04480086683803784
2020-12-28,LTC,,0.03149163276294813,0,0.0
2020-12-28,NEAR,,0.42586791545299224,1,0.03416955384717235
2020-12-28,SOL,,-0.5588789634398811,-1,-0.0441950730617838
2020-12-28,STX,,0.02064105968095936,0,0.0
2020-12-28,TRX,,0.20176231757693003,0,0.0
2020-12-28,UNI,,-0.30654447856917155,-1,-0.04619355936658234
2020-12-28,VET,,-0.31295923036606094,-1,-0.04619355936658234
2020-12-28,XLM,,0.06793797799457373,0,0.0
2020-12-28,XRP,,-0.13997308131647918,0,0.0
2020-12-28,ZEC,,-0.04552919171275009,0,0.0
2021-01-04,AAVE,,0.29090658588830676,1,0.04332053362325959
2021-01-04,ADA,,0.04752704901292652,0,0.0
2021-01-04,ALGO,,0.06018004209214112,0,0.0
2021-01-04,ATOM,,0.2030246043312176,0,0.0
2021-01-04,AVAX,,-0.24808931422233943,-1,-0.0758749299624257
2021-01-04,BCH,,0.19719802865265215,0,0.0
2021-01-04,BNB,,-0.03593077805261511,0,0.0
2021-01-04,BTC,,0.2838971610140505,0,0.0
2021-01-04,CHZ,,-0.2916971205933329,-1,-0.07945615282406689
2021-01-04,DASH,,-0.15233242452074447,0,0.0
2021-01-04,DOGE,,-0.8137959183017804,-1,-0.062121976948701384
2021-01-04,DOT,,-0.7978970581061751,-1,-0.06952917998765111
2021-01-04,ETC,,0.21795776912636808,0,0.0
2021-01-04,ETH,,-0.015682184972937857,0,0.0
2021-01-04,FET,,0.4516284815847869,1,0.07424315172609433
2021-01-04,FIL,,0.28557817196563906,1,0.0696105198596596
2021-01-04,HBAR,,0.1742237343745563,0,0.0
2021-01-04,JST,,0.4219921819185598,1,0.07819420567924297
2021-01-04,LINK,,0.29928113407704804,1,0.07752839875393486
2021-01-04,LTC,,-0.14731951806160423,0,0.0
2021-01-04,NEAR,,1.026641919636187,1,0.08206523501931795
2021-01-04,SOL,,-0.023380306890205427,0,0.0
2021-01-04,STX,,-0.14123815323036087,0,0.0
2021-01-04,TRX,,0.23206608087456462,0,0.0
2021-01-04,UNI,,-0.15601988517342427,0,0.0
2021-01-04,VET,,-0.32602990848603114,-1,-0.07945615282406689
2021-01-04,XLM,,-0.7319522038786462,-1,-0.058523652114597355
2021-01-04,XRP,,-0.13719285998327285,0,0.0
2021-01-04,ZEC,,-0.17354531007554028,0,0.0
2021-01-11,AAVE,,0.3917741592279894,0,0.0
2021-01-11,ADA,,0.2653094202630146,0,0.0
2021-01-11,ALGO,,0.35816937094323353,0,0.0
2021-01-11,ATOM,,0.5054017169997322,1,0.03902809340990105
2021-01-11,AVAX,,-0.501600442183205,-1,-0.040664189965579155
2021-01-11,BCH,,-0.1454691394747951,0,0.0
2021-01-11,BNB,,0.43705207107328226,1,0.044322207345640956
2021-01-11,BTC,,0.08504076649140667,0,0.0
2021-01-11,CHZ,,-0.19164901490827346,0,0.0
2021-01-11,DASH,,-0.4226330651390803,-1,-0.04682309136141843
2021-01-11,DOGE,,-1.2970035978472845,-1,-0.037185017317647596
2021-01-11,DOT,,-0.8615865705746785,-1,-0.040209046753344226
2021-01-11,ETC,,0.0040674139701132395,0,0.0
2021-01-11,ETH,,-0.056093608218543894,0,0.0
2021-01-11,FET,,0.5362257453338705,1,0.0336830772075351
2021-01-11,FIL,,0.5244003765368899,1,0.044322207345640956
2021-01-11,HBAR,,0.1967542956485141,0,0.0
2021-01-11,JST,,0.6292666633908854,1,0.044322207345640956
2021-01-11,LINK,,0.36914261922417296,0,0.0
2021-01-11,LTC,,0.00551166592687742,0,0.0
2021-01-11,NEAR,,0.8331418379083018,1,0.044322207345640956
2021-01-11,SOL,,-0.3237273470523083,0,0.0
2021-01-11,STX,,0.053754365640265755,0,0.0
2021-01-11,TRX,,0.30942060185172054,0,0.0
2021-01-11,UNI,,-0.021257705402427024,0,0.0
2021-01-11,VET,,-0.3339529804164243,-1,-0.04682309136141843
2021-01-11,XLM,,-1.014154073658532,-1,-0.038295563240592176
2021-01-11,XRP,,-0.08378999472422846,0,0.0
2021-01-11,ZEC,,-0.25151555083048655,0,0.0
2021-01-18,AAVE,,0.9915522076698299,1,0.08103228880106886
2021-01-18,ADA,,-0.19066093457039238,0,0.0
2021-01-18,ALGO,,0.05426564226534304,0,0.0
2021-01-18,ATOM,,0.055730007102976944,0,0.009419738493496334
2021-01-18,AVAX,,-0.2533454083572911,0,-0.009814623315123002
2021-01-18,BCH,,-0.17868547055032996,0,0.0
2021-01-18,BNB,,-0.1686234470953648,0,0.010697514691930698
2021-01-18,BTC,,-0.5842510299197441,-1,-0.09084619795257054
2021-01-18,CHZ,,0.47500115474247206,1,0.08480564569530294
2021-01-18,DASH,,-0.2622558833277728,-1,-0.08742417700817606
2021-01-18,DOGE,,-0.5272559033532741,-1,-0.05904436801117399
2021-01-18,DOT,,-0.4525289254338371,-1,-0.06573757859878383
2021-01-18,ETC,,-0.03004256201449752,0,0.0
2021-01-18,ETH,,-0.3498533874480308,-1,-0.09084619795257054
2021-01-18,FET,,0.18236067490811236,0,0.0081296766311094
2021-01-18,FIL,,0.1504677528619868,0,0.010697514691930698
2021-01-18,HBAR,,0.514203852714175,1,0.03787077281919308
2021-01-18,JST,,0.8824728227322578,1,0.09550316038723364
2021-01-18,LINK,,0.0637616357990491,0,0.0
2021-01-18,LTC,,-0.14902891399345758,0,0.0
2021-01-18,NEAR,,0.25367470729119534,0,0.010697514691930698
2021-01-18,SOL,,-0.00456280025521931,0,0.0
2021-01-18,STX,,0.3056973445352967,1,0.08480564569530294
2021-01-18,TRX,,0.00813687083354272,0,0.0
2021-01-18,UNI,,0.3794086408223098,1,0.043933158730706606
2021-01-18,VET,,-0.15559447035850252,0,-0.011301122795041682
2021-01-18,XLM,,-0.6884871698366184,-1,-0.06257836569576614
2021-01-18,XRP,,-0.09965700777056603,0,0.0
2021-01-18,ZEC,,-0.22189999999365664,0,0.0
2021-01-25,AAVE,,0.4271142045322827,1,0.09056962798425118
2021-01-25,ADA,,-0.2174522748485275,0,0.0
2021-01-25,ALGO,,0.17889387260786713,0,0.0
2021-01-25,ATOM,,-0.07398271714927515,0,0.0
2021-01-25,AVAX,,-0.05204212426701979,0,0.0
2021-01-25,BCH,,-0.146002378764658,0,0.0
2021-01-25,BNB,,-0.04430526337263363,0,0.0
2021-01-25,BTC,,-0.49605213480874993,-1,-0.13906037300265273
2021-01-25,CHZ,,0.6553495404566729,1,0.13147263634062997
2021-01-25,DASH,,-0.09859675448506636,0,0.0
2021-01-25,DOGE,,-0.6866236340543195,-1,-0.017162056412937672
2021-01-25,DOT,,-0.23685473148989303,-1,-0.06305989007596523
2021-01-25,ETC,,-0.04716703051772599,0,0.0
2021-01-25,ETH,,-0.3874242740717953,-1,-0.13906037300265273
2021-01-25,FET,,0.20094332318045005,1,0.07281766453414332
2021-01-25,FIL,,0.028669314240584165,0,0.0
2021-01-25,HBAR,,0.1119382689083661,0,0.0
2021-01-25,JST,,0.8469562477679641,1,0.13147263634062997
2021-01-25,LINK,,-0.20176447886172508,0,0.0
2021-01-25,LTC,,-0.2212936495901534,-1,-0.13906037300265273
2021-01-25,NEAR,,0.004163317572370618,0,0.0
2021-01-25,SOL,,0.25324842027427746,1,0.04940384767549287
2021-01-25,STX,,-0.08041141899607354,0,0.0
2021-01-25,TRX,,0.03552312898860627,0,0.0
2021-01-25,UNI,,0.6396879424360106,1,0.07426358712485262
2021-01-25,VET,,-0.08029666603671998,0,0.0
2021-01-25,XLM,,-0.3216856166220963,-1,-0.052596934503139
2021-01-25,XRP,,0.11888188745464685,0,0.0
2021-01-25,ZEC,,-0.10941432048366917,0,0.0
2021-02-01,AAVE,,0.5414184587505708,1,0.08484394243748003
2021-02-01,ADA,,-0.13623108531252012,0,0.0
2021-02-01,ALGO,,0.2143087364428604,1,0.10362220259704093
2021-02-01,ATOM,,0.01999442497755962,0,0.0
2021-02-01,AVAX,,0.014088052579875053,0,0.0
2021-02-01,BCH,,-0.08011808821247762,0,0.0
2021-02-01,BNB,,-0.03678165223253736,0,0.0
2021-02-01,BTC,,-0.42603308501118164,-1,-0.1284724847800852
2021-02-01,CHZ,,0.5936781188455297,1,0.13062157178962105
2021-02-01,DASH,,0.10103222575516888,0,0.0
2021-02-01,DOGE,,-0.696622839806875,-1,-0.02011899368081959
2021-02-01,DOT,,-0.3781294210947951,-1,-0.07592751911284105
2021-02-01,ETC,,0.03578877609843472,0,0.0
2021-02-01,ETH,,-0.28418706669688676,-1,-0.1284724847800852
2021-02-01,FET,,0.20806178260416244,1,0.03990759323247812
2021-02-01,FIL,,0.13143990124478339,0,0.0
2021-02-01,HBAR,,-0.06833821150228367,0,0.0
2021-02-01,JST,,0.6931410257883248,1,0.13062157178962105
2021-02-01,LINK,,-0.4056630997338914,-1,-0.1284724847800852
2021-02-01,LTC,,-0.17992800654379665,0,0.0
2021-02-01,NEAR,,0.11065601152642164,0,0.0
2021-02-01,SOL,,0.4530730916541857,1,0.06038311815375885
2021-02-01,STX,,-0.03516524290402426,0,0.0
2021-02-01,TRX,,0.03739083837869714,0,0.0
2021-02-01,UNI,,-0.08617108038409371,0,0.0
2021-02-01,VET,,-0.09227813899131435,0,0.0
2021-02-01,XLM,,0.19239015922841823,0,0.0
2021-02-01,XRP,,-0.4763630283745952,-1,-0.06853603286608378
2021-02-01,ZEC,,0.03554844292629014,0,0.0
2021-02-08,AAVE,,-0.25625466212455045,0,0.007314841102584624
2021-02-08,ADA,,-0.32378425691147894,-1,-0.06472348782887616
2021-02-08,ALGO,,0.1702306750700009,0,0.008933813362759849
2021-02-08,ATOM,,-0.0039489586159689,0,0.0
2021-02-08,AVAX,,0.3971941054298168,1,0.05136082965767389
2021-02-08,BCH,,0.07036503864917568,0,0.0
2021-02-08,BNB,,0.05511172406766874,0,0.0
2021-02-08,BTC,,-0.37175398976596785,-1,-0.12837830168819053
2021-02-08,CHZ,,0.3792219500249794,1,0.102040814866666
2021-02-08,DASH,,0.09943835839728662,0,0.0
2021-02-08,DOGE,,-1.45722147835556,-1,-0.020302407227303438
2021-02-08,DOT,,0.2424994161451192,1,0.08704506373683828
2021-02-08,ETC,,0.11348514345902568,0,0.0
2021-02-08,ETH,,-0.29474875584080734,-1,-0.12837830168819053
2021-02-08,FET,,0.07663945745152968,0,0.0034406428425608343
2021-02-08,FIL,,0.030374870770744026,0,0.0
2021-02-08,HBAR,,-0.021263522843709123,0,0.0
2021-02-08,JST,,0.7014940661877214,1,0.10485274377184084
2021-02-08,LINK,,0.03161272894577422,0,-0.011076286476350797
2021-02-08,LTC,,0.006774767887159152,0,0.0
2021-02-08,NEAR,,0.1110502580859945,0,0.0
2021-02-08,SOL,,0.363399508088431,1,0.08487396792184966
2021-02-08,STX,,0.1592176997646373,0,0.0
2021-02-08,TRX,,0.09937488321923253,0,0.0
2021-02-08,UNI,,-0.2965873608495389,-1,-0.11730201521183974
2021-02-08,VET,,0.04025193211851577,0,0.0
2021-02-08,XLM,,0.2093725407122051,1,0.09359117323703217
2021-02-08,XRP,,-0.4397850197716813,-1,-0.07329309037905511
2021-02-08,ZEC,,0.10823888060424781,0,0.0
2021-02-15,AAVE,,-0.22682410013276136,-1,-0.12078882273697714
2021-02-15,ADA,,-0.23261631511811318,-1,-0.10093121764774646
2021-02-15,ALGO,,-0.17197345646737447,0,0.0002771068664925488
2021-02-15,ATOM,,-0.0663384563977654,0,0.0
2021-02-15,AVAX,,0.04139943808943901,0,0.0015930978171340357
2021-02-15,BCH,,-0.031020077063732922,0,0.0
2021-02-15,BNB,,0.20085623602863592,0,0.0
2021-02-15,BTC,,-0.08091669692635549,0,-0.00398200717453312
2021-02-15,CHZ,,0.5988372927004345,1,0.07868878833435922
2021-02-15,DASH,,0.16946418646237602,0,0.0
2021-02-15,DOGE,,-1.2610862830137741,-1,-0.025026042568397647
2021-02-15,DOT,,0.35548998032849166,1,0.08232008200753879
2021-02-15,ETC,,-0.045149895813952824,0,0.0
2021-02-15,ETH,,-0.28502715488901426,-1,-0.1249977198872151
2021-02-15,FET,,0.06918147326359717,0,0.00010672102920756751
2021-02-15,FIL,,-0.19141998536320498,-1,-0.08117193273266934
2021-02-15,HBAR,,0.2670340378006656,1,0.09772818571308292
2021-02-15,JST,,0.6938773502937479,1,0.10098048281063333
2021-02-15,LINK,,-0.08779232802416079,0,-0.00034356158039182405
2021-02-15,LTC,,-0.07682515331821116,0,0.0
2021-02-15,NEAR,,0.018601646681811676,0,0.0
2021-02-15,SOL,,0.4725417858419683,1,0.10036078596368267
2021-02-15,STX,,0.2546983923052986,1,0.08461182541679388
2021-02-15,TRX,,-0.034925857427428264,0,0.0
2021-02-15,UNI,,0.146122566566082,0,-0.0036384455941412958
2021-02-15,VET,,-0.07931347676325537,0,0.0
2021-02-15,XLM,,-0.045274471698768026,0,0.002902988420956168
2021-02-15,XRP,,-0.4371526641972172,-1,-0.08869031445780932
2021-02-15,ZEC,,0.06555198625255138,0,0.0
2021-02-22,AAVE,,-0.035657998798158785,0,0.0
2021-02-22,ADA,,-0.07873327527471782,0,0.0
2021-02-22,ALGO,,-0.20736338241437538,0,0.0
2021-02-22,ATOM,,-0.07046123541908979,0,0.0
2021-02-22,AVAX,,0.009327971070879232,0,0.0
2021-02-22,BCH,,-0.11031682860949545,0,0.0
2021-02-22,BNB,,-0.5217700017244005,-1,-0.06979914942098081
2021-02-22,BTC,,-0.37205747433423014,-1,-0.11862767906477385
2021-02-22,CAKE,,0.15406847458689155,0,0.0
2021-02-22,CHZ,,0.3456173783353456,1,0.0770374586549558
2021-02-22,DASH,,-0.175213895747394,0,0.0
2021-02-22,DOGE,,-0.2778904194362239,-1,-0.07235776341963847
2021-02-22,DOT,,0.22750883387488238,1,0.08771768954896046
2021-02-22,ETC,,-0.20878812336322225,-1,-0.08319781228863865
2021-02-22,ETH,,-0.24848744229905095,-1,-0.11862767906477385
2021-02-22,FET,,-0.054878474564712176,0,0.0
2021-02-22,FIL,,-0.32940993099889315,-1,-0.08738991674119435
2021-02-22,HBAR,,0.24448989377348532,1,0.10348523493576546
2021-02-22,JST,,0.3732938146040661,1,0.07478914698878737
2021-02-22,LINK,,-0.052618122455862296,0,0.0
2021-02-22,LTC,,-0.11616820717830459,0,0.0
2021-02-22,NEAR,,0.16882525393989123,0,0.0
2021-02-22,SOL,,0.7905049162986365,1,0.10348523493576546
2021-02-22,STX,,0.7538995901136443,1,0.10348523493576546
2021-02-22,TRX,,-0.08249036209716634,0,0.0
2021-02-22,UNI,,0.178957098381661,0,0.0
2021-02-22,VET,,-0.2013153151189056,0,0.0
2021-02-22,XLM,,0.05797453628782512,0,0.0
2021-02-22,XRP,,-0.1504046546278737,0,0.0
2021-02-22,ZEC,,-0.01044261680512092,0,0.0
2021-03-01,AAVE,,0.34925536141913505,0,0.0
2021-03-01,ADA,,-0.2021045449686776,0,0.0
2021-03-01,ALGO,,-0.3008646366597654,-1,-0.0985502806916361
2021-03-01,ATOM,,0.0706911661652681,0,0.0
2021-03-01,AVAX,,0.07134677714176706,0,0.0
2021-03-01,BCH,,-0.15127954219022943,0,0.0
2021-03-01,BNB,,-0.6827214053222299,-1,-0.06846410722040103
2021-03-01,BTC,,-0.5191227953920353,-1,-0.10867357354231705
2021-03-01,CAKE,,0.16044355932706378,0,0.0
2021-03-01,CHZ,,-0.14557944611592077,0,0.006574121322988305
2021-03-01,DASH,,-0.2315875572680068,-1,-0.08018391465765082
2021-03-01,DOGE,,0.5925365836764767,1,0.0933178464582899
2021-03-01,DOT,,-0.11008338536876944,0,0.00748553681982074
2021-03-01,ETC,,-0.22386741403540117,-1,-0.08639905271145583
2021-03-01,ETH,,-0.22133825377133323,0,-0.010123292850680948
2021-03-01,FET,,0.4276505781597612,1,0.05536129800419717
2021-03-01,FIL,,-0.37485163395888965,-1,-0.09143100667988063
2021-03-01,HBAR,,0.2848964406010289,0,0.008831086869736784
2021-03-01,JST,,0.3657147651681618,1,0.05611531082671363
2021-03-01,LINK,,-0.08820548159214535,0,0.0
2021-03-01,LTC,,-0.17968619099157915,0,0.0
2021-03-01,NEAR,,0.3805200929334892,1,0.09949261810426745
2021-03-01,SOL,,0.5073443283022463,1,0.10832370497400422
2021-03-01,STX,,0.7489879633413171,1,0.10832370497400422
2021-03-01,TRX,,-0.1208766408844406,0,0.0
2021-03-01,UNI,,0.132714898741345,0,0.0
2021-03-01,VET,,-0.14306560783973343,0,0.0
2021-03-01,XLM,,-0.139119941777646,0,0.0
2021-03-01,XRP,,-0.2237630782656653,0,0.0
2021-03-01,ZEC,,-0.033984958574602,0,0.0
2021-03-08,AAVE,,-0.07575207183665206,0,0.0
2021-03-08,ADA,,-0.4434152920183912,-1,-0.08602450328764871
2021-03-08,ALGO,,0.020885611292009696,0,-0.028281494802234367
2021-03-08,ATOM,,-0.060947734503762147,0,0.0
2021-03-08,AVAX,,0.34039791853662565,1,0.0761656778926742
2021-03-08,BCH,,0.11369471602797862,0,0.0
2021-03-08,BNB,,-0.41575302647128404,-1,-0.05545818822550428
2021-03-08,BTC,,-0.5395616097632813,-1,-0.11721113293200361
2021-03-08,CAKE,,0.17763215442595376,0,0.0
2021-03-08,CHZ,,-0.3575812182109278,-1,-0.010368288641792373
2021-03-08,DASH,,0.22298475815228236,0,-0.023010801691259068
2021-03-08,DOGE,,0.3967845685047397,1,0.10294559339412052
2021-03-08,DOT,,-0.210794910167223,0,0.0021481640557078725
2021-03-08,ETC,,0.3441052383162789,1,0.051371285192538654
2021-03-08,ETH,,-0.39759198386732375,-1,-0.08892963812976924
2021-03-08,FET,,0.4060926937034585,1,0.057736973547275375
2021-03-08,FIL,,0.2817687394521274,0,-0.026238439119936022
2021-03-08,HBAR,,0.08503393243308949,0,0.0025343036635890343
2021-03-08,JST,,0.3615493451948868,1,0.0745354871405014
2021-03-08,LINK,,-0.16223195149914388,0,0.0
2021-03-08,LTC,,-0.0682002562740892,0,0.0
2021-03-08,NEAR,,0.3326683532336731,1,0.0919370532062767
2021-03-08,SOL,,0.09367529428093364,0,0.031086226012556367
2021-03-08,STX,,-0.00904302038630274,0,0.031086226012556367
2021-03-08,TRX,,-0.026949353164293408,0,0.0
2021-03-08,UNI,,-0.22218964969790728,0,0.0
2021-03-08,VET,,0.12390464547100873,0,0.0
2021-03-08,XLM,,-0.30478602823370615,0,0.0
2021-03-08,XRP,,-0.30804250705322916,-1,-0.08602450328764871
2021-03-08,ZEC,,0.30166264412247024,0,0.0
2021-03-15,AAVE,,-0.13791960266757233,0,0.0
2021-03-15,ADA,,-0.1175081349352267,0,-0.02214011664823956
2021-03-15,ALGO,,0.10352240292096627,0,-0.007278805107590228
2021-03-15,ATOM,,0.15505526950439888,0,0.0
2021-03-15,AVAX,,0.42668565650272944,1,0.09898047528068797
2021-03-15,BCH,,0.015261106669263343,0,0.0
2021-03-15,BNB,,-0.0019875825511769286,0,-0.01427326760966005
2021-03-15,BTC,,-0.658225667955629,-1,-0.1215862490458002
2021-03-15,CAKE,,0.0157907369888706,0,0.0
2021-03-15,CHZ,,-0.9375505945670706,-1,-0.016640557678421354
2021-03-15,DASH,,0.240072354290015,0,-0.005922287419788355
2021-03-15,DOGE,,0.28225433849795856,1,0.10587281909404829
2021-03-15,DOT,,-0.00605088911716212,0,0.0005528727392228533
2021-03-15,ETC,,0.22633088856446898,0,0.013221421839887441
2021-03-15,ETH,,-0.5180566178453838,-1,-0.11430744393820998
2021-03-15,FET,,0.017936553000826718,0,0.01485975832930541
2021-03-15,FIL,,0.4746345390620049,1,0.05591665103716317
2021-03-15,HBAR,,-0.21757613937241072,-1,-0.037825494219834666
2021-03-15,JST,,0.567969863424641,1,0.07114668144491529
2021-03-15,LINK,,-0.1648006226087278,0,0.0
2021-03-15,LTC,,-0.2694228939017873,-1,-0.09141963306535698
2021-03-15,NEAR,,0.03239249428769085,0,0.023661828949782818
2021-03-15,SOL,,0.046880181908376936,0,0.008000658460882451
2021-03-15,STX,,0.11038081735374763,0,0.008000658460882451
2021-03-15,TRX,,0.2007013803177201,0,0.0
2021-03-15,UNI,,-0.2662950669172301,-1,-0.08173784314981901
2021-03-15,VET,,0.30127035702062344,1,0.055680265488704805
2021-03-15,XLM,,-0.11887187297602038,0,0.0
2021-03-15,XRP,,-0.0768078397490865,0,-0.02214011664823956
2021-03-15,ZEC,,0.27393458485019134,1,0.079377723405477
2021-03-22,AAVE,,-0.006223979556493647,0,0.0
2021-03-22,ADA,,-0.10057632121369052,0,-0.004595476685145233
2021-03-22,ALGO,,0.42662301437267863,1,0.09025417030943553
2021-03-22,ATOM,,0.05131623192497223,0,0.0
2021-03-22,AVAX,,0.22880219311086003,0,0.020544718605769563
2021-03-22,BCH,,0.050907219340259234,0,0.0
2021-03-22,BNB,,0.08942356318419976,0,-0.0029626071787768517
2021-03-22,BTC,,-0.6652683048956557,-1,-0.1375005748823377
2021-03-22,CAKE,,0.313712920596917,1,0.030150312966436194
2021-03-22,CHZ,,-0.9935958182917822,-1,-0.013211935930068
2021-03-22,DASH,,0.24083342749192357,0,-0.001229249790900733
2021-03-22,DOGE,,0.17796042815475988,0,0.021975316547213603
2021-03-22,DOT,,-0.2131200837627061,-1,-0.11214897012682176
2021-03-22,ETC,,0.3235792649079895,1,0.0945092660017525
2021-03-22,ETH,,-0.48223988779998256,-1,-0.1359897617416894
2021-03-22,FET,,0.04176384873299949,0,0.0030843411547538304
2021-03-22,FIL,,0.5638293083540762,1,0.06229448324099569
2021-03-22,HBAR,,-0.28843913478772465,-1,-0.03656890381036631
2021-03-22,JST,,0.2110859463484366,0,0.01476744323438605
2021-03-22,LINK,,-0.20084355025396272,0,0.0
2021-03-22,LTC,,-0.20596126786088678,0,-0.01897536489943405
2021-03-22,NEAR,,-0.06216765463704088,0,0.004911328381608484
2021-03-22,SOL,,0.3774026137438678,1,0.08136730392698452
2021-03-22,STX,,-0.014302662937777672,0,0.0016606434377444308
2021-03-22,TRX,,0.1090801377729684,0,0.0
2021-03-22,UNI,,-0.24741789119467436,-1,-0.07753907756150369
2021-03-22,VET,,0.06825745471016392,0,0.011557182192912498
2021-03-22,XLM,,-0.06319503601330266,0,0.0
2021-03-22,XRP,,-0.0113865450716109,0,-0.004595476685145233
2021-03-22,ZEC,,0.2801605655302098,1,0.10824088929219608
2021-03-29,AAVE,,0.13883118188835453,0,0.0
2021-03-29,ADA,,-0.2620443625942257,-1,-0.12693071600818873
2021-03-29,ALGO,,0.40769423918381725,1,0.10878530436240391
2021-03-29,ATOM,,0.1038844666353922,0,0.0
2021-03-29,AVAX,,0.1990063096953096,0,0.0003618232710867475
2021-03-29,BCH,,0.2121753285074055,0,0.0
2021-03-29,BNB,,0.1621052789925464,0,-5.2175950468802846e-05
2021-03-29,BTC,,-0.6406550512823923,-1,-0.1292713738821938
2021-03-29,CAKE,,0.12201314825402727,0,0.0005309921771691518
2021-03-29,CHZ,,-1.2160557868036421,-1,-0.00857284856834244
2021-03-29,DASH,,0.38335488172114035,1,0.06397434644643446
2021-03-29,DOGE,,0.25740038043827784,1,0.10758281146443047
2021-03-29,DOT,,-0.03369690080288154,0,-0.0019751113655507163
2021-03-29,ETC,,0.43242453090923627,1,0.08647670619443448
2021-03-29,ETH,,-0.30660826571463096,-1,-0.12924476619955577
2021-03-29,FET,,-0.16289960888491045,0,5.4319868145923794e-05
2021-03-29,FIL,,0.6265979309089573,1,0.09957496988614109
2021-03-29,HBAR,,-0.42103948253122414,-1,-0.02521841156165789
2021-03-29,JST,,0.19003128692961485,0,0.00026007679731144574
2021-03-29,LINK,,-0.03564647236747416,0,0.0
2021-03-29,LTC,,-0.09823514417985796,0,-0.0003341846013919028
2021-03-29,NEAR,,-0.09701277853112192,0,8.649585007777707e-05
2021-03-29,SOL,,0.2288901219754048,0,0.001433000112160382
2021-03-29,STX,,-0.18511286616315187,-1,-0.12682053636101945
2021-03-29,TRX,,-0.09741340816816056,0,0.0
2021-03-29,UNI,,-0.09508727964346675,0,-0.0013655793110971814
2021-03-29,VET,,-0.10422833713709577,0,0.0002035392913296366
2021-03-29,XLM,,-0.01999683247747799,0,0.0
2021-03-29,XRP,,-0.08520768580984683,0,-8.093322855028985e-05
2021-03-29,ZEC,,0.3965311770520656,1,0.08054225131689156
2021-04-05,AAVE,,-0.023470694727947536,0,0.0
2021-04-05,ADA,,-0.011968209103971084,0,-0.039459746498750545
2021-04-05,ALGO,,0.570079350288512,1,0.11408116320896676
2021-04-05,ATOM,,0.304819020138087,0,0.0
2021-04-05,AVAX,,0.3804315171736311,1,0.059609720963145575
2021-04-05,BCH,,0.3089178716323475,0,0.0
2021-04-05,BNB,,0.019097443220885454,0,-1.6220264436998073e-05
2021-04-05,BTC,,-0.3100012593678851,0,-0.04018740146874683
2021-04-05,CAKE,,-0.03658891961339829,0,0.00016507286307722893
2021-04-05,CHZ,,0.3552882626019428,1,0.07759729933546515
2021-04-05,DASH,,0.2719307513666382,0,0.019888105673623466
2021-04-05,DOGE,,0.33730641128580907,0,0.033444942260748206
2021-04-05,DOT,,-0.3069240371768677,0,-0.0006140152379381857
2021-04-05,ETC,,0.35432144236897517,1,0.05849593530129947
2021-04-05,ETH,,-0.3627699346335088,-1,-0.11943359626312068
2021-04-05,FET,,-0.10014855924475403,0,1.6886757550043495e-05
2021-04-05,FIL,,-0.3748363151863185,-1,-0.04829897208539133
2021-04-05,HBAR,,0.35550291126224726,1,0.07242258893673995
2021-04-05,JST,,-0.5401176884927548,-1,-0.048568021745151554
2021-04-05,LINK,,0.09615667377787837,0,0.0
2021-04-05,LTC,,0.006274847412944095,0,-0.00010389005962796081
2021-04-05,NEAR,,0.31551565043158186,0,2.68895065323891e-05
2021-04-05,SOL,,0.1835904197026256,0,0.0004454857180107754
2021-04-05,STX,,-0.3114517345618446,-1,-0.11410995263626277
2021-04-05,TRX,,-0.8151357526338924,-1,-0.04934424271279463
2021-04-05,UNI,,-0.08917447744071108,0,-0.0004245261914094683
2021-04-05,VET,,-0.10719412909712141,0,6.327553401561724e-05
2021-04-05,XLM,,-0.016027349879725268,0,0.0
2021-04-05,XRP,,-0.8808761268345492,-1,-0.04785670871853091
2021-04-05,ZEC,,0.42745261533113904,1,0.07215992782298727
2021-04-12,AAVE,,0.030584848276434914,0,0.0
2021-04-12,ADA,,0.028565589789871497,0,-0.006528447208602094
2021-04-12,ALGO,,0.07722804375863404,0,0.0188742431867686
2021-04-12,ATOM,,0.0030895222810077795,0,0.0
2021-04-12,AVAX,,0.29872274459236187,0,0.00986217477194689
2021-04-12,BCH,,0.407188153295926,1,0.06672064694683341
2021-04-12,BNB,,-0.10645028799073139,0,-2.6835737550888934e-06
2021-04-12,BTC,,-0.700311184177513,-1,-0.14506051472769121
2021-04-12,CAKE,,0.09205600781211035,0,2.7310603026976208e-05
2021-04-12,CHZ,,0.6659549808255034,1,0.10306191756330367
2021-04-12,DASH,,0.3977021427058256,1,0.0881865957425682
2021-04-12,DOGE,,-1.0162492309840765,-1,-0.009383838760154382
2021-04-12,DOT,,-0.2190066517090053,0,-0.00010158620928504001
2021-04-12,ETC,,0.44581136307507263,1,0.04639457960919381
2021-04-12,ETH,,-0.35652086484341616,-1,-0.15817146056749912
2021-04-12,FET,,0.018794834540833024,0,2.793842205585698e-06
2021-04-12,FIL,,-0.2688496722735375,-1,-0.0793770923875883
2021-04-12,HBAR,,0.06651669771456371,0,0.011982009276181427
2021-04-12,JST,,-0.013592770339924882,0,-0.008035372604319697
2021-04-12,LINK,,0.14217531549760165,0,0.0
2021-04-12,LTC,,0.0487043947315503,0,-1.7188168449109057e-05
2021-04-12,NEAR,,-0.033675560557295425,0,4.448754476099379e-06
2021-04-12,SOL,,0.4241932649314265,1,0.09029747818036421
2021-04-12,STX,,-0.0955777289410023,0,-0.01887900627505336
2021-04-12,TRX,,-0.28684700187564033,-1,-0.057687889755277395
2021-04-12,UNI,,0.003764877598994295,0,-7.023605256494431e-05
2021-04-12,VET,,0.13423889387535576,0,1.0468667948237914e-05
2021-04-12,XLM,,-0.17087636684834298,0,0.0
2021-04-12,XRP,,-0.5099860280535277,-1,-0.054271678430046454
2021-04-12,ZEC,,0.4926516732909342,1,0.10216232757546903
2021-04-19,AAVE,,0.07538507609809934,0,0.0
2021-04-19,ADA,,-0.15303798735484742,-1,-0.14991673522812446
2021-04-19,ALGO,,0.029259553960505728,0,0.0
2021-04-19,ATOM,,0.04570967628180033,0,0.0
2021-04-19,AVAX,,0.24310895289423415,1,0.11024986953585889
2021-04-19,BCH,,0.08650206738267321,0,0.0
2021-04-19,BNB,,-0.071206386135783,0,0.0
2021-04-19,BTC,,-0.6303360091873003,-1,-0.14991673522812446
2021-04-19,CAKE,,0.22983230165494503,1,0.05155077147175841
2021-04-19,CHZ,,0.5630717757819343,1,0.08585956111284486
2021-04-19,DASH,,0.25823761769656817,1,0.07647142912627192
2021-04-19,DOGE,,-1.0411570033559712,-1,-0.014937845878182922
2021-04-19,DOT,,-0.03179573579648532,0,0.0
2021-04-19,ETC,,0.12233843818761214,0,0.0
2021-04-19,ETH,,-0.22016393889982128,-1,-0.14991673522812446
2021-04-19,FET,,0.12039284222856718,0,0.0
2021-04-19,FIL,,-0.07495924052267096,0,0.0
2021-04-19,HBAR,,0.117952396012169,0,0.0
2021-04-19,JST,,0.10089696859180534,0,0.0
2021-04-19,LINK,,-0.0643994882366995,0,0.0
2021-04-19,LTC,,-0.13377180356870066,0,0.0
2021-04-19,NEAR,,0.17240353258150368,0,0.0
2021-04-19,SOL,,0.5752224156692887,1,0.11289315728453195
2021-04-19,STX,,-0.06672428453122697,0,0.0
2021-04-19,TRX,,-0.1746812873350786,-1,-0.044061636113057405
2021-04-19,UNI,,0.38759921862508895,1,0.11289315728453195
2021-04-19,VET,,-0.081073727752541,0,0.0
2021-04-19,XLM,,-0.123529402995844,0,0.0
2021-04-19,XRP,,-0.48294077079158476,-1,-0.04116825814018431
2021-04-19,ZEC,,0.22186423281776366,0,0.0
2021-04-26,AAVE,,0.08924128504534046,0,0.0
2021-04-26,ADA,,0.10203926452707836,0,-0.010390488727880148
2021-04-26,ALGO,,0.0986399924459998,0,0.0
2021-04-26,ATOM,,0.17789098604705292,0,0.0
2021-04-26,AVAX,,0.26538820340709735,1,0.049925547151548434
2021-04-26,BCH,,-0.0028562262616346557,0,0.0
2021-04-26,BNB,,-0.0907064114934489,0,0.0
2021-04-26,BTC,,-0.14935076218834994,-1,-0.08642953006887932
2021-04-26,CAKE,,0.22918726549191193,1,0.04523077461618557
2021-04-26,CHZ,,0.34823262452772497,1,0.05171563220835971
2021-04-26,DASH,,0.2519035972443611,1,0.06692331111034183
2021-04-26,DOGE,,-1.993158090548889,-1,-0.01533452151409602
2021-04-26,DOT,,0.12637922778435268,0,0.0
2021-04-26,ETC,,-0.09484031006724247,0,0.0
2021-04-26,ETH,,0.3538331081383381,1,0.05554353933718495
2021-04-26,FET,,0.06455098119220135,0,0.0
2021-04-26,FIL,,0.1290624423768447,0,0.0
2021-04-26,HBAR,,0.2150969181885249,0,0.0
2021-04-26,JST,,0.17943244702840627,0,0.0
2021-04-26,LINK,,0.06194011057128308,0,0.0
2021-04-26,LTC,,-0.03928419776682736,0,0.0
2021-04-26,NEAR,,0.15808724264362023,0,0.0
2021-04-26,SOL,,-0.12579907169741936,-1,-0.06821459748264816
2021-04-26,STX,,-0.2795042617522228,-1,-0.07206690129114492
2021-04-26,TRX,,0.09913641925302953,0,-0.003053841405150831
2021-04-26,UNI,,0.6284360766779433,1,0.07375847192341609
2021-04-26,VET,,-0.3356214268959452,-1,-0.04695761678434755
2021-04-26,XLM,,-0.031436921866808167,0,0.0
2021-04-26,XRP,,-0.5793882907173289,-1,-0.04064977907288965
2021-04-26,ZEC,,0.14346777866500476,0,0.0
2021-05-03,AAVE,,-0.2274443851558129,-1,-0.05843181584421494
2021-05-03,ADA,,0.2734250483744011,1,0.04562507913329662
2021-05-03,ALGO,,0.18730242013668094,0,0.0
2021-05-03,ATOM,,0.28045307772725736,1,0.04562507913329662
2021-05-03,AVAX,,0.26133580832614606,0,0.0
2021-05-03,BCH,,0.22359074876276508,0,0.0
2021-05-03,BNB,,0.21962515597466126,0,0.0
2021-05-03,BTC,,0.023931200350618735,0,0.0
2021-05-03,CAKE,,-0.11224353865786485,0,0.0
2021-05-03,CHZ,,0.09408703857825097,0,0.0
2021-05-03,DASH,,0.37150088110163976,1,0.0406958627034249
2021-05-03,DOGE,,-2.3237967707400644,-1,-0.0155486542712504
2021-05-03,DOT,,0.20876766666492894,0,0.0
2021-05-03,ETC,,-0.39861339642542226,-1,-0.03227869563304424
2021-05-03,ETH,,0.43784008349957687,1,0.04562507913329662
2021-05-03,FET,,-0.2963587356962416,-1,-0.04887268673364904
2021-05-03,FIL,,-0.06614995351637275,0,0.0
2021-05-03,HBAR,,-0.04353519344898859,0,0.0
2021-05-03,JST,,0.23151898865055257,0,0.0
2021-05-03,LINK,,0.28780424262932014,1,0.04283641372832116
2021-05-03,LTC,,0.22240295193721174,0,0.0
2021-05-03,NEAR,,0.11917631256687117,0,0.0
2021-05-03,SOL,,-0.2963889519700076,-1,-0.05843181584421494
2021-05-03,STX,,-0.011067506537258121,0,0.0
2021-05-03,TRX,,0.22414514371913394,0,0.0
2021-05-03,UNI,,0.043644835073090776,0,0.0
2021-05-03,VET,,-0.30470145836981816,-1,-0.05118155144678352
2021-05-03,XLM,,0.1402501113248757,0,0.0
2021-05-03,XRP,,-0.11621751966811232,0,0.0
2021-05-03,ZEC,,0.3457156947879842,1,0.04433770594152114
2021-05-10,AAVE,,0.0019003687166714977,0,0.0
2021-05-10,ADA,,0.5894183294852279,1,0.04444986202557802
2021-05-10,ALGO,,0.19325026448053045,1,0.043881985176511026
2021-05-10,ATOM,,0.08926306375754828,0,0.0
2021-05-10,AVAX,,0.07841271962843521,0,0.0
2021-05-10,BCH,,-0.19050707641919565,-1,-0.04976753885281249
2021-05-10,BNB,,0.12169249271361213,0,0.0
2021-05-10,BTC,,-0.04003214363861543,0,0.0
2021-05-10,CAKE,,-0.18349782189829125,0,0.0
2021-05-10,CHZ,,0.14177906133166884,0,0.0
2021-05-10,DASH,,0.054054435218727805,0,0.0
2021-05-10,DOGE,,-0.2050904688631501,-1,-0.04976753885281249
2021-05-10,DOT,,0.45221083262230394,1,0.04800973382937145
2021-05-10,ETC,,-1.9465644911554658,-1,-0.024265907216090534
2021-05-10,ETH,,0.06916354922933562,0,0.0
2021-05-10,FET,,-0.6318380179514246,-1,-0.0420739173351044
2021-05-10,FIL,,-0.009611386442018043,0,0.0
2021-05-10,HBAR,,0.22823188106876252,1,0.03999620997179082
2021-05-10,JST,,0.13793273347710064,0,0.0
2021-05-10,LINK,,-0.09607716011138806,0,0.0
2021-05-10,LTC,,-0.22504127671609067,-1,-0.04976753885281249
2021-05-10,NEAR,,0.7944046342659933,1,0.04800973382937145
2021-05-10,SOL,,-0.056387827254674776,0,0.0
2021-05-10,STX,,0.04549666186709772,0,0.0
2021-05-10,TRX,,0.13742277301766775,0,0.0
2021-05-10,UNI,,0.17248673378757542,0,0.0
2021-05-10,VET,,0.004629849008191331,0,0.0
2021-05-10,XLM,,0.3253925649810921,1,0.041062455129822116
2021-05-10,XRP,,-0.22746174041423506,-1,-0.04976753885281249
2021-05-10,ZEC,,0.17496646220700468,0,0.0
2021-05-17,AAVE,,-0.02006097483756481,0,0.0
2021-05-17,ADA,,0.1883638872247471,1,0.03441894049062018
2021-05-17,ALGO,,0.12251114086738478,1,0.042519831468547015
2021-05-17,ATOM,,0.0754481934389389,0,0.0
2021-05-17,AVAX,,0.03751287652060007,0,0.0
2021-05-17,BCH,,-0.10710722619038991,-1,-0.0424849571004534
2021-05-17,BNB,,0.06809618190747962,0,0.0
2021-05-17,BTC,,0.007848019316246967,0,0.0
2021-05-17,CAKE,,0.016925658972676037,0,0.0
2021-05-17,CHZ,,0.17107410269168677,1,0.0350780948835667
2021-05-17,DASH,,0.07631448290499591,0,0.0
2021-05-17,DOGE,,-0.04343542981094657,-1,-0.04205773974881276
2021-05-17,DOT,,0.12034972012807242,1,0.034342086227671105
2021-05-17,ETC,,-1.562222898284555,-1,-0.020545433391555748
2021-05-17,ETH,,0.006985554948316243,0,0.0
2021-05-17,FET,,-0.33631483930502776,-1,-0.034395696407186926
2021-05-17,FIL,,0.052121828248546824,0,0.0
2021-05-17,HBAR,,0.37295555066449076,1,0.04483075585103146
2021-05-17,ICP,,-0.012729403979782703,0,0.0
2021-05-17,JST,,0.11843187531557434,0,0.0
2021-05-17,LINK,,-0.036264197790616105,-1,-0.04490626516848957
2021-05-17,LTC,,-0.14788593109819884,-1,-0.044374465731405875
2021-05-17,NEAR,,0.21611888256796982,1,0.0376503579439259
2021-05-17,SHIB,,0.04035677761411646,0,0.0
2021-05-17,SOL,,0.23197920967118624,1,0.04483075585103146
2021-05-17,STX,,0.07403317216017676,0,0.0
2021-05-17,TRX,,0.07975390886929495,0,0.0
2021-05-17,UNI,,0.08361396410762598,0,0.0
2021-05-17,VET,,0.018846292753570602,0,0.0
2021-05-17,XLM,,0.09724362213861187,0,0.0
2021-05-17,XRP,,-0.09799731479239472,-1,-0.04490626516848957
2021-05-17,ZEC,,0.08713331305716497,0,0.0
2021-05-24,AAVE,,-0.05673739856154738,-1,-0.04625996981281005
2021-05-24,ADA,,-0.02419594527429269,0,0.0
2021-05-24,ALGO,,0.057215888000118766,0,0.0
2021-05-24,ATOM,,-0.036401861419854395,0,0.0
2021-05-24,AVAX,,0.025578129635056374,0,0.0
2021-05-24,BCH,,-0.18727363174753323,-1,-0.031767635650438365
2021-05-24,BNB,,0.2056111056419664,1,0.03356069654106135
2021-05-24,BTC,,0.012966131478436806,0,0.0
2021-05-24,CAKE,,0.22333538354927976,1,0.03338656760465384
2021-05-24,CHZ,,0.353306947616973,1,0.035877844591281315
2021-05-24,DASH,,0.07216617398096196,0,0.0
2021-05-24,DOGE,,-0.3928302997907186,-1,-0.03573318974379855
2021-05-24,DOT,,0.12057550890696414,0,0.0
2021-05-24,ETC,,-1.837053166260202,-1,-0.014940466167870531
2021-05-24,ETH,,-0.06906124476978459,-1,-0.0432069857271645
2021-05-24,FET,,0.1880832766028902,1,0.027497912620979226
2021-05-24,FIL,,0.13016176989173167,0,0.0
2021-05-24,HBAR,,-0.16602095518932353,-1,-0.04625996981281005
2021-05-24,ICP,,-0.0045888446805100735,0,0.0
2021-05-24,JST,,0.2090407580807435,1,0.04050917336549173
2021-05-24,LINK,,0.03625922982662124,0,0.0
2021-05-24,LTC,,-0.209472865924658,-1,-0.03211901988553807
2021-05-24,NEAR,,0.14236374879600025,0,0.0
2021-05-24,SHIB,,0.034096075641871504,0,0.0
2021-05-24,SOL,,0.24869508103352356,1,0.040388041160924815
2021-05-24,STX,,0.14776262151306555,0,0.0
2021-05-24,TRX,,0.17842570325157658,1,0.039067000916037854
2021-05-24,UNI,,0.14855813800718554,0,0.0
2021-05-24,VET,,0.17735067147434272,0,0.0
2021-05-24,XLM,,-0.022991777658298046,0,0.0
2021-05-24,XRP,,0.17028576114417907,0,0.0
2021-05-24,ZEC,,0.12478988720323496,0,0.0
2021-05-31,AAVE,,0.046872317930409024,0,-0.0003174903423249567
2021-05-31,ADA,,-0.32124193194869327,-1,-0.040352043895803304
2021-05-31,ALGO,,0.3273437582306749,1,0.03410875251548825
2021-05-31,ATOM,,0.15239409555709307,0,0.0
2021-05-31,AVAX,,0.31574382836847537,1,0.029811420533885895
2021-05-31,BCH,,-0.07807677845517337,0,-0.0002180268936258431
2021-05-31,BNB,,0.022213858160621512,0,0.00023033298717231587
2021-05-31,BTC,,0.38655868873723426,1,0.042919789098710345
2021-05-31,CAKE,,-0.05586917934816159,0,0.00022913790953062174
2021-05-31,CHZ,,-0.08339413129692975,0,0.0002462359834487643
2021-05-31,DASH,,-0.05790816301678924,0,0.0
2021-05-31,DOGE,,0.3166140145285239,1,0.03392965610810193
2021-05-31,DOT,,0.06924732293551658,0,0.0
2021-05-31,ETC,,-0.23145637908554842,-1,-0.04045458295359616
2021-05-31,ETH,,0.3396616553582136,1,0.03398284746925476
2021-05-31,FET,,-0.5483118722256012,-1,-0.031269541035695306
2021-05-31,FIL,,0.1175769739661572,0,0.0
2021-05-31,HBAR,,0.2762151042207323,0,-0.0003174903423249567
2021-05-31,ICP,,-0.004387578586988329,0,0.0
2021-05-31,JST,,0.3643610416280378,1,0.03263028372678319
2021-05-31,LINK,,-0.4718998614083372,-1,-0.0362595597863802
2021-05-31,LTC,,-0.08324920641367127,0,-0.000220438505685705
2021-05-31,NEAR,,-0.11401345219742692,0,0.0
2021-05-31,SHIB,,0.03276350572570327,0,0.0
2021-05-31,SOL,,-0.1862277689643976,-1,-0.03327270797264367
2021-05-31,STX,,0.4034324309380373,1,0.040974209725960754
2021-05-31,TRX,,0.2315441803492058,0,0.00026812372650981964
2021-05-31,UNI,,-0.9423110686025551,-1,-0.030008768004020615
2021-05-31,VET,,-0.03110108605096667,0,0.0
2021-05-31,XLM,,-0.007735949129342737,0,0.0
2021-05-31,XRP,,0.16935786071843945,0,0.0
2021-05-31,ZEC,,-0.35471623062249175,-1,-0.03664014005274589
2021-06-07,AAVE,,0.00975317509428354,0,0.0
2021-06-07,ADA,,0.047863620821451236,0,0.0
2021-06-07,ALGO,,0.302844347579773,1,0.031207905018086096
2021-06-07,ATOM,,-0.07432360439267523,0,0.0
2021-06-07,AVAX,,0.32975232361148066,1,0.027844505438273742
2021-06-07,BCH,,0.024428325831416617,0,0.0
2021-06-07,BNB,,-0.14344836298178487,0,0.0
2021-06-07,BTC,,0.7264129032545315,1,0.04384409911360962
2021-06-07,CAKE,,-0.1900320803122648,-1,-0.03714734437171864
2021-06-07,CHZ,,0.09332880410515518,0,0.0
2021-06-07,DASH,,0.007211786564749834,0,0.0
2021-06-07,DOGE,,0.09896901609445731,0,0.0
2021-06-07,DOT,,-0.00012482128933060613,0,0.0
2021-06-07,ETC,,-0.14795519827979098,0,0.0
2021-06-07,ETH,,0.18186898067017884,0,0.0
2021-06-07,FET,,-0.8466091844666772,-1,-0.03197639060438878
2021-06-07,FIL,,-0.1170224694608156,0,0.0
2021-06-07,HBAR,,0.4726990766194975,1,0.04384409911360962
2021-06-07,ICP,,0.06614441088055634,0,0.0
2021-06-07,JST,,0.24380519592219613,1,0.030663404069219635
2021-06-07,LINK,,-0.53343820470787,-1,-0.03821497692407623
2021-06-07,LTC,,0.027007933531438436,0,0.0
2021-06-07,NEAR,,0.1298600830160668,0,0.0
2021-06-07,SHIB,,0.16288003938716528,0,0.0
2021-06-07,SOL,,-0.5863870200361149,-1,-0.03419604144078891
2021-06-07,STX,,0.42443674720107766,1,0.03906019597331068
2021-06-07,TRX,,0.20526240295257484,0,0.0
2021-06-07,UNI,,-0.9698738535863712,-1,-0.03094721584854591
2021-06-07,VET,,-0.18580765525322215,-1,-0.039738474069768284
2021-06-07,XLM,,0.4047670998208948,1,0.033750946544257185
2021-06-07,XRP,,0.17303922119303156,0,0.0
2021-06-07,ZEC,,-0.3373130393850634,-1,-0.03799471201107984
2021-06-14,AAVE,,-0.192870448161652,0,0.0
2021-06-14,ADA,,0.008041144108833666,0,0.0
2021-06-14,ALGO,,0.06921831352936877,0,0.0
2021-06-14,ATOM,,0.06010225712944373,0,0.0
2021-06-14,AVAX,,0.5729652533272576,1,0.04124060486112193
2021-06-14,BCH,,0.15220377387894077,0,0.0
2021-06-14,BNB,,0.021584944009486733,0,0.0
2021-06-14,BTC,,0.19402308365437304,0,0.0
2021-06-14,CAKE,,0.07622564359175701,0,0.0
2021-06-14,CHZ,,0.5946514660022019,1,0.03280062981532165
2021-06-14,DASH,,0.12106456773530756,0,0.0
2021-06-14,DOGE,,-0.22178825622987364,0,0.0
2021-06-14,DOT,,0.26690226500170877,1,0.02955541289053287
2021-06-14,ETC,,-0.2708864706653984,-1,-0.04112420302672761
2021-06-14,ETH,,0.0022558070796423963,0,0.0
2021-06-14,FET,,-0.7724920896262114,-1,-0.029414357684012526
2021-06-14,FIL,,-0.4395005027926921,-1,-0.04112420302672761
2021-06-14,HBAR,,0.38239997522821373,1,0.04162308072535082
2021-06-14,ICP,,-0.1915366090457762,0,0.0
2021-06-14,JST,,0.1570133898181203,0,0.0
2021-06-14,LINK,,-0.4422183240014745,-1,-0.038215110835281854
2021-06-14,LTC,,0.14405143020178696,0,0.0
2021-06-14,NEAR,,0.35753915446732215,1,0.038129703921775726
2021-06-14,SHIB,,0.5548659376387904,1,0.027868919690871616
2021-06-14,SOL,,-0.752230681538843,-1,-0.03167640494420855
2021-06-14,STX,,0.17108320421700207,0,0.0
2021-06-14,TRX,,0.34419669406339076,1,0.03890668003830368
2021-06-14,UNI,,-0.9723210527215351,-1,-0.02744654939959254
2021-06-14,VET,,-0.22554130781141069,-1,-0.04112420302672761
2021-06-14,XLM,,0.16930827564416503,0,0.0
2021-06-14,XRP,,0.04311615274528182,0,0.0
2021-06-14,ZEC,,0.018573009522469583,0,0.0
2021-06-21,AAVE,,-0.49476605542694096,-1,-0.040243154186135686
2021-06-21,ADA,,0.326344876875306,1,0.041245006166532074
2021-06-21,ALGO,,-0.22338786684677303,0,0.0
2021-06-21,ATOM,,-0.27220556546587843,-1,-0.038688724408894634
2021-06-21,AVAX,,0.21848580369955076,0,0.0
2021-06-21,BCH,,0.23624292901506774,0,0.0
2021-06-21,BNB,,-0.16560072526735903,0,0.0
2021-06-21,BTC,,0.15135854861589926,0,0.0
2021-06-21,CAKE,,-0.15032119427856344,0,0.0
2021-06-21,CHZ,,0.3189505494404399,1,0.03048216280775747
2021-06-21,DASH,,0.24448711592866243,0,0.0
2021-06-21,DOGE,,-0.2798221587130205,-1,-0.039204644577991866
2021-06-21,DOT,,-0.3708324495645672,-1,-0.03620606973679707
2021-06-21,ETC,,0.12355993460546841,0,0.0
2021-06-21,ETH,,-0.08356370020103342,0,0.0
2021-06-21,FET,,-0.2545098817698592,0,0.0
2021-06-21,FIL,,-0.6073165259591952,-1,-0.03290588797710778
2021-06-21,HBAR,,0.4074571655678157,1,0.03900977022736672
2021-06-21,ICP,,0.16880731462546134,0,0.0
2021-06-21,JST,,-0.02887835143978439,0,0.0
2021-06-21,LINK,,0.23175569812596,0,0.0
2021-06-21,LTC,,0.1968907474628253,0,0.0
2021-06-21,NEAR,,-0.10285219370319877,0,0.0
2021-06-21,SHIB,,0.4150045894575708,1,0.02114223966362819
2021-06-21,SOL,,-1.2042449418066312,-1,-0.023863550844183425
2021-06-21,STX,,0.1623555249224527,0,0.0
2021-06-21,TRX,,0.5098376239677825,1,0.041245006166532074
2021-06-21,UNI,,0.24682108905338393,1,0.041245006166532074
2021-06-21,VET,,-0.3463900554234659,-1,-0.038900073659332846
2021-06-21,XLM,,0.21365533838426556,0,0.0
2021-06-21,XRP,,0.05492159329591435,0,0.0
2021-06-21,ZEC,,0.35775522282244077,1,0.035642914192094734
2021-06-28,AAVE,,-1.1084324383872166,-1,-0.029082695942923745
2021-06-28,ADA,,0.3681507345896071,1,0.03592695274429824
2021-06-28,ALGO,,0.25424676243708505,1,0.036703470950676435
2021-06-28,ATOM,,-0.18920941328282906,-1,-0.04101697406746681
2021-06-28,AVAX,,0.09541913638056475,0,0.0
2021-06-28,BCH,,0.24633262583433724,1,0.02813191946513244
2021-06-28,BNB,,0.32710066491367523,1,0.03572662882853254
2021-06-28,BTC,,-0.049849905022461616,0,0.0
2021-06-28,CAKE,,0.18013885292363427,0,0.0
2021-06-28,CHZ,,0.14752709972055789,0,0.0
2021-06-28,DASH,,0.21185041442923808,0,0.0
2021-06-28,DOGE,,-0.07196239442181805,0,0.0
2021-06-28,DOT,,-0.019539246482252044,0,0.0
2021-06-28,ETC,,-0.5840989638668478,-1,-0.034472788105504866
2021-06-28,ETH,,-0.03335041314417338,0,0.0
2021-06-28,FET,,-1.1105119262442003,-1,-0.02537031658413382
2021-06-28,FIL,,0.18555627460529425,0,0.0
2021-06-28,HBAR,,0.27953039765350723,1,0.034675380019267676
2021-06-28,ICP,,-0.3224632884428352,-1,-0.03899521162329458
2021-06-28,JST,,-0.11686393309617653,0,0.0
2021-06-28,LINK,,0.18493411315849734,0,0.0
2021-06-28,LTC,,0.20101435715451127,0,0.0
2021-06-28,NEAR,,-0.3633508988796356,-1,-0.04009058545058402
2021-06-28,SHIB,,0.1811917007394913,0,0.0
2021-06-28,SOL,,0.4186776583433218,1,0.03628288015593824
2021-06-28,STX,,-0.2723186108209226,-1,-0.04101697406746681
2021-06-28,TRX,,0.6069621160359567,1,0.0425983136775291
2021-06-28,UNI,,-0.09444547673372578,0,0.0
2021-06-28,VET,,-0.02926934059700182,0,0.0
2021-06-28,XLM,,0.2457669569178193,0,0.0
2021-06-28,XRP,,0.09137414791208896,0,0.0
2021-06-28,ZEC,,0.13989223567290401,0,0.0
2021-07-05,AAVE,,-0.8427409857452495,-1,-0.030567694520470916
2021-07-05,ADA,,0.0644488083442926,0,0.0
2021-07-05,ALGO,,0.36184125277233775,1,0.04145625167759949
2021-07-05,ATOM,,0.08192412372348576,0,0.0
2021-07-05,AVAX,,0.2764391936698327,1,0.02511884524093144
2021-07-05,BCH,,0.18951975483540903,0,0.0
2021-07-05,BNB,,0.499237214449172,1,0.03701465631157372
2021-07-05,BTC,,0.06435120575650045,0,0.0
2021-07-05,CAKE,,0.39223696241002765,1,0.02835564245202616
2021-07-05,CHZ,,0.5458544482808961,1,0.03528363229574575
2021-07-05,DASH,,0.16080132075845574,0,0.0
2021-07-05,DOGE,,-0.16796701289323698,0,0.0
2021-07-05,DOT,,0.18843284129901214,0,0.0
2021-07-05,ETC,,-0.6542302811284028,-1,-0.03536298540087556
2021-07-05,ETH,,-0.2049484007212823,-1,-0.044640604265984256
2021-07-05,FET,,-0.7575030371854256,-1,-0.028458247438985923
2021-07-05,FIL,,0.17024964293032377,0,0.0
2021-07-05,HBAR,,-0.06552591120439703,0,0.0
2021-07-05,ICP,,-0.21444363853197268,-1,-0.044640604265984256
2021-07-05,JST,,-0.10038546368263068,0,0.0
2021-07-05,LINK,,0.27943147185879963,1,0.04145625167759949
2021-07-05,LTC,,0.1148720429199699,0,0.0
2021-07-05,NEAR,,-0.1789168413390167,-1,-0.04223674007375066
2021-07-05,SHIB,,0.11397196763132306,0,0.0
2021-07-05,SOL,,0.271325672025786,1,0.04145625167759949
2021-07-05,STX,,-1.0722548445275553,-1,-0.02423465536702401
2021-07-05,TRX,,0.21477242017479872,0,0.0
2021-07-05,UNI,,-0.01339076647478167,0,0.0
2021-07-05,VET,,-0.06623686973383963,0,0.0
2021-07-05,XLM,,0.17843999338884614,0,0.0
2021-07-05,XRP,,0.03404861427549564,0,0.0
2021-07-05,ZEC,,0.13634510166302463,0,0.0
2021-07-12,AAVE,,-0.7358918819438438,-1,-0.032074103498381364
2021-07-12,ADA,,0.018131089386018526,0,0.0
2021-07-12,ALGO,,0.23442231026238447,1,0.04061032765878317
2021-07-12,ATOM,,-0.26006265456408983,-1,-0.041370561892211444
2021-07-12,AVAX,,0.1766162236910888,0,0.0
2021-07-12,BCH,,0.09734153909098776,0,0.0
2021-07-12,BNB,,0.4442482751985263,1,0.03550016345414335
2021-07-12,BTC,,0.04175637699730979,0,0.0
2021-07-12,CAKE,,0.19215732781366604,0,0.0
2021-07-12,CHZ,,0.5097537804897134,1,0.032641485747779524
2021-07-12,DASH,,0.19722422438740725,0,0.0
2021-07-12,DOGE,,-0.1104124350449873,0,0.0
2021-07-12,DOT,,0.16658489077906333,0,0.0
2021-07-12,ETC,,-0.5405134654763397,-1,-0.0373765090268626
2021-07-12,ETH,,-0.146957089633786,-1,-0.04381951110102594
2021-07-12,FET,,-0.7810209965028326,-1,-0.028575656950482226
2021-07-12,FIL,,0.11927394896488792,0,0.0
2021-07-12,HBAR,,0.6101159535809829,1,0.03772373687508888
2021-07-12,ICP,,0.21371494105118427,1,0.028032638069863194
2021-07-12,JST,,-0.11577640325586297,0,0.0
2021-07-12,LINK,,0.08742594143218138,0,0.0
2021-07-12,LTC,,0.08042450927217136,0,0.0
2021-07-12,NEAR,,0.041576596256487096,0,0.0
2021-07-12,SHIB,,0.07714531658775255,0,0.0
2021-07-12,SOL,,0.09503200345251064,0,0.0
2021-07-12,STX,,-1.243463878666893,-1,-0.023162287902865113
2021-07-12,TRX,,0.13276065635079495,0,0.0
2021-07-12,UNI,,-0.20262971896547305,-1,-0.04381951110102594
2021-07-12,VET,,0.04915911146607908,0,0.0
2021-07-12,XLM,,0.2926244179391353,1,0.04146790156010455
2021-07-12,XRP,,0.20615650445520942,1,0.03422188810709195
2021-07-12,ZEC,,0.05308258514856506,0,0.0
2021-07-19,AAVE,,-0.7000373911573318,-1,-0.03789599646126749
2021-07-19,ADA,,0.009642452442846606,0,0.0
2021-07-19,ALGO,,0.34445533309251186,1,0.03423939179341569
2021-07-19,ATOM,,-0.46478077114115135,-1,-0.042460492334197734
2021-07-19,AVAX,,0.16637257820653667,0,0.0
2021-07-19,BCH,,0.06732094107361393,0,0.0
2021-07-19,BNB,,0.22123493545356046,0,0.0
2021-07-19,BTC,,0.38706937272572683,1,0.040616039368323135
2021-07-19,CAKE,,0.19841663477445637,0,0.0
2021-07-19,CHZ,,0.5828178420110955,1,0.04143930978638339
2021-07-19,DASH,,0.25145301768921247,0,0.0
2021-07-19,DOGE,,0.21535399829347837,0,0.0
2021-07-19,DOT,,0.20664720306027645,0,0.0
2021-07-19,ETC,,-0.5780109287590248,-1,-0.035641924655935894
2021-07-19,ETH,,-0.0315510249099541,0,0.0
2021-07-19,FET,,-0.7719887940487279,-1,-0.02558190720319258
2021-07-19,FIL,,0.17501214847060242,0,0.0
2021-07-19,HBAR,,0.30252623272171847,1,0.03766700892124496
2021-07-19,ICP,,-0.11969459768725604,0,0.0
2021-07-19,JST,,-0.33406806082291124,-1,-0.042460492334197734
2021-07-19,LINK,,0.1409568780747256,0,0.0
2021-07-19,LTC,,0.16327496906402156,0,0.0
2021-07-19,NEAR,,0.27061848197921445,1,0.02300945725021744
2021-07-19,SHIB,,-0.21523995527520262,0,0.0
2021-07-19,SOL,,0.11846413812253212,0,0.0
2021-07-19,STX,,-1.4966544803413409,-1,-0.02351173671356634
2021-07-19,TRX,,0.25383921175627,1,0.04143930978638339
2021-07-19,UNI,,-0.2370986585190562,-1,-0.042460492334197734
2021-07-19,VET,,0.13219339881847159,0,0.0
2021-07-19,XLM,,0.4408465729475033,1,0.03160252513058749
2021-07-19,XRP,,0.23074068883988727,0,0.0
2021-07-19,ZEC,,0.06986763304369539,0,0.0
2021-07-26,AAVE,,0.016976527602768975,0,0.0
2021-07-26,ADA,,0.21983296550250872,0,0.0
2021-07-26,ALGO,,-0.3360287541066127,-1,-0.04515841867892
2021-07-26,ATOM,,-0.15860200392968632,0,0.0
2021-07-26,AVAX,,0.39157205857056543,1,0.03059580463540679
2021-07-26,BCH,,0.18881231238818869,0,0.0
2021-07-26,BNB,,0.5373444089119077,1,0.043036641220128125
2021-07-26,BTC,,0.2630895884655081,1,0.03607811367386317
2021-07-26,CAKE,,0.26088164707190054,1,0.028333100550303254
2021-07-26,CHZ,,0.5624137273205622,1,0.043036641220128125
2021-07-26,DASH,,0.08349653900667443,0,0.0
2021-07-26,DEXE,,0.052743694048058794,0,0.0
2021-07-26,DOGE,,0.07645550372902175,0,0.0
2021-07-26,DOT,,-0.30062132987777246,-1,-0.03624314336908362
2021-07-26,ETC,,-0.07791912668554435,0,0.0
2021-07-26,ETH,,0.017050021886780124,0,0.0
2021-07-26,FET,,-0.9062382946044103,-1,-0.02853523080574158
2021-07-26,FIL,,0.2363416692952335,0,0.0
2021-07-26,HBAR,,0.16471559630169566,0,0.0
2021-07-26,ICP,,-0.6050246590528553,-1,-0.03500374123004518
2021-07-26,JST,,-0.19468112135369608,-1,-0.043479255971962866
2021-07-26,LINK,,-0.3513682160364223,-1,-0.039308237466362306
2021-07-26,LTC,,0.25673529551268276,0,0.0
2021-07-26,NEAR,,0.42607671956515286,1,0.02925471117690315
2021-07-26,SHIB,,0.17256121646165556,0,0.0
2021-07-26,SOL,,-0.006108756049851825,0,0.0
2021-07-26,STX,,-1.8569086304600786,-1,-0.02231606639521263
2021-07-26,TRX,,0.2981481023562336,1,0.03970908144059556
2021-07-26,UNI,,-0.01265188859491553,0,0.0
2021-07-26,VET,,0.1498585026463838,0,0.0
2021-07-26,XLM,,0.1492577764244449,0,0.0
2021-07-26,XRP,,0.11443171864517822,0,0.0
2021-07-26,ZEC,,0.16735718903873958,0,0.0
2021-08-02,AAVE,,0.050200847408422504,0,0.0
2021-08-02,ADA,,0.3336691734692345,1,0.03496600427637027
2021-08-02,ALGO,,-0.2717665735306744,-1,-0.0443352885456839
2021-08-02,ATOM,,0.11145420316505583,0,0.0
2021-08-02,AVAX,,0.39626904971466353,1,0.02473910446218547
2021-08-02,BCH,,0.0891982788983772,0,0.0
2021-08-02,BNB,,0.474672896282302,1,0.04269551658811436
2021-08-02,BTC,,0.294111425527145,0,0.0
2021-08-02,CAKE,,0.1624297536938561,0,0.0
2021-08-02,CHZ,,0.7493037597339083,1,0.04269551658811436
2021-08-02,DASH,,-0.27028318514593896,0,0.0
2021-08-02,DEXE,,0.04928195914540731,0,0.0
2021-08-02,DOGE,,0.08696635942358266,0,0.0
2021-08-02,DOT,,-0.6923484731853625,-1,-0.03450152670527826
2021-08-02,ETC,,0.03940096324052646,0,0.0
2021-08-02,ETH,,0.09953826563621641,0,0.0
2021-08-02,FET,,-1.7437829153732227,-1,-0.025411308967429515
2021-08-02,FIL,,0.10719691910413322,0,0.0
2021-08-02,HBAR,,0.47238053554907006,1,0.04269551658811436
2021-08-02,ICP,,-0.847453186253158,-1,-0.027887225593914836
2021-08-02,JST,,-0.31208634376474137,-1,-0.03979903986774507
2021-08-02,LINK,,-0.7779471058137413,-1,-0.037906065933901174
2021-08-02,LTC,,0.30704184233307075,0,0.0
2021-08-02,NEAR,,0.3849000445768228,1,0.02899995133539451
2021-08-02,QNT,,0.03687793270409869,0,0.0
2021-08-02,SHIB,,0.14016029856984677,0,0.0
2021-08-02,SOL,,-0.1264703382224698,0,0.0
2021-08-02,STX,,-0.33103060062601775,-1,-0.04023274323169747
2021-08-02,TRX,,0.4424589003682734,1,0.033281589007356824
2021-08-02,UNI,,-0.13328654654369013,0,0.0
2021-08-02,VET,,0.281991962454912,0,0.0
2021-08-02,XLM,,0.1570137613958412,0,0.0
2021-08-02,XRP,,0.1354804953543169,0,0.0
2021-08-02,ZEC,,0.10445564070993928,0,0.0
2021-08-09,AAVE,,1.5470756656738334,1,0.040370289609203365
2021-08-09,ADA,,-1.162349309465914,-1,-0.030817945845774568
2021-08-09,ALGO,,-0.20126201698285812,0,0.0
2021-08-09,ATOM,,0.3853904922420568,0,0.0
2021-08-09,AVAX,,0.3935688513962251,0,0.0
2021-08-09,BCH,,-0.0024817231083071336,0,0.0
2021-08-09,BNB,,0.11453424360785328,0,0.0
2021-08-09,BTC,,0.6783548655925012,1,0.040370289609203365
2021-08-09,CAKE,,0.5291825213364666,1,0.03254263748926865
2021-08-09,CHZ,,-0.173036776879339,0,0.0
2021-08-09,DASH,,-0.23252578111592342,0,0.0
2021-08-09,DEXE,,0.045445073397320374,0,0.0
2021-08-09,DOGE,,-0.4930782772851337,-1,-0.04136605877670863
2021-08-09,DOT,,-0.2116303304990124,0,0.0
2021-08-09,ETC,,0.002119284563445457,0,0.0
2021-08-09,ETH,,0.6337072391774281,1,0.040370289609203365
2021-08-09,FET,,-0.9660515488961268,-1,-0.031069510829840847
2021-08-09,FIL,,0.3990593934624745,0,0.0
2021-08-09,HBAR,,0.11932025877452135,0,0.0
2021-08-09,ICP,,-0.6263739772094034,-1,-0.03907335198999003
2021-08-09,JST,,-0.036306083524611656,0,0.0
2021-08-09,LINK,,-0.329759665182631,0,0.0
2021-08-09,LTC,,0.22626284033065797,0,0.0
2021-08-09,NEAR,,0.459027439348245,1,0.02482184143049887
2021-08-09,QNT,,0.036667221103181394,0,0.0
2021-08-09,SHIB,,0.09051526640833435,0,0.0
2021-08-09,SOL,,-0.45555174122214626,-1,-0.04136605877670863
2021-08-09,STX,,0.4118078435797982,1,0.031177628215158185
2021-08-09,TRX,,-0.06175145077570602,0,0.0
2021-08-09,UNI,,0.7119375582563005,1,0.040370289609203365
2021-08-09,VET,,-0.041531544593287326,0,0.0
2021-08-09,XLM,,-0.4449754395870767,-1,-0.04136605877670863
2021-08-09,XRP,,-1.5916008718100898,-1,-0.02496428057600782
2021-08-09,ZEC,,0.24629047988692573,0,0.0
2021-08-16,AAVE,,0.13511393799768256,0,0.0
2021-08-16,ADA,,-0.2478300649698701,0,0.0
2021-08-16,ALGO,,0.1722186131105456,0,0.0
2021-08-16,ATOM,,0.45631436124617725,1,0.020315390632170794
2021-08-16,AVAX,,-1.7527589988849825,-1,-0.01697901845160185
2021-08-16,BCH,,-0.07977340138888504,0,0.0
2021-08-16,BNB,,0.3174890661584135,0,0.0
2021-08-16,BTC,,0.4029246457023358,1,0.04590135294645765
2021-08-16,CAKE,,0.8076078326415542,1,0.04590135294645765
2021-08-16,CHZ,,-0.02997465812994944,0,0.0
2021-08-16,DASH,,0.1866822935237153,0,0.0
2021-08-16,DEXE,,-0.5344414159757969,-1,-0.03630628610450616
2021-08-16,DOGE,,-0.3297754545969316,-1,-0.04351672589905464
2021-08-16,DOT,,0.36481296197913066,1,0.02598880316077317
2021-08-16,ETC,,-0.19255015531883016,0,0.0
2021-08-16,ETH,,0.00612242623975024,0,0.0
2021-08-16,FET,,0.24145392420118694,0,0.0
2021-08-16,FIL,,0.48281052690792664,1,0.04590135294645765
2021-08-16,HBAR,,0.09370181577610252,0,0.0
2021-08-16,ICP,,-0.14025374219749073,0,0.0
2021-08-16,JST,,0.1121531057754873,0,0.0
2021-08-16,LINK,,-0.10348131831042659,0,0.0
2021-08-16,LTC,,0.09946581577192706,0,0.0
2021-08-16,NEAR,,-0.43910434858857894,-1,-0.03419868797545604
2021-08-16,QNT,,0.03609429212302848,0,0.0
2021-08-16,SHIB,,0.13584461524682834,0,0.0
2021-08-16,SOL,,0.46424538866690956,1,0.020207459801993174
2021-08-16,STX,,0.7610886971311875,1,0.04590135294645765
2021-08-16,TRX,,-0.16471657429809197,0,0.0
2021-08-16,UNI,,0.11666371015475482,0,0.0
2021-08-16,VET,,-0.3247355669000457,-1,-0.04351672589905464
2021-08-16,XLM,,-0.37571804409997767,-1,-0.04351672589905464
2021-08-16,XRP,,-0.9669323199455647,-1,-0.03208289515203968
2021-08-16,ZEC,,0.28923803325077374,0,0.0
2021-08-23,AAVE,,-0.05324922173516622,0,0.0
2021-08-23,ADA,,-0.29962158156759244,-1,-0.04486742894848302
2021-08-23,ALGO,,-0.08098100755862889,0,0.0
2021-08-23,ATOM,,0.12907027349431702,0,0.0
2021-08-23,AVAX,,-1.7138521539189588,-1,-0.01814233601352449
2021-08-23,BCH,,-0.044892144581710876,0,0.0
2021-08-23,BNB,,0.3934309487452708,1,0.04643019965709817
2021-08-23,BTC,,0.18798119851749026,0,0.0
2021-08-23,CAKE,,0.7310609411773923,1,0.04774450480411266
2021-08-23,CHZ,,-0.006415080560250369,0,0.0
2021-08-23,DASH,,-0.24216522364202175,0,0.0
2021-08-23,DEXE,,0.026089654424170525,0,0.0
2021-08-23,DOGE,,-0.3869574430116718,-1,-0.04341185127894908
2021-08-23,DOT,,0.2229049349780063,0,0.0
2021-08-23,ETC,,-0.16471163800306612,0,0.0
2021-08-23,ETH,,0.10538238638322171,0,0.0
2021-08-23,FET,,0.3358221398039033,1,0.024787585262139533
2021-08-23,FIL,,0.16998790774374778,0,0.0
2021-08-23,HBAR,,0.3321779267382892,0,0.0
2021-08-23,ICP,,0.26770700296561967,0,0.0
2021-08-23,JST,,0.396824825982491,1,0.035401832810849715
2021-08-23,LINK,,-0.012031206284444786,0,0.0
2021-08-23,LTC,,-0.09087061887125711,0,0.0
2021-08-23,NEAR,,-0.5736474751800309,-1,-0.034660813693448964
2021-08-23,QNT,,0.47428356978235975,1,0.033592337497897015
2021-08-23,SHIB,,-0.04353310768661271,0,0.0
2021-08-23,SOL,,0.758795092595443,1,0.026587626765288624
2021-08-23,STX,,0.8653873953300089,1,0.04774450480411266
2021-08-23,TRX,,-0.09451981301445501,0,0.0
2021-08-23,UNI,,0.1432107125688189,0,0.0
2021-08-23,VET,,-0.3113353000542324,-1,-0.04486742894848302
2021-08-23,XLM,,-0.4348157854187157,-1,-0.04486742894848302
2021-08-23,XRP,,-1.004067342441957,-1,-0.03147130377012685
2021-08-23,ZEC,,0.01754923230022303,0,0.0
2021-08-30,AAVE,,0.17028303953452661,0,0.0
2021-08-30,ADA,,-0.5438717678190838,-1,-0.04287377876485272
2021-08-30,ALGO,,0.008683064154072443,0,0.0
2021-08-30,ATOM,,0.0868593341444528,0,0.0
2021-08-30,AVAX,,-2.1671515427233152,-1,-0.017736691575827027
2021-08-30,BCH,,0.07163854354020825,0,0.0
2021-08-30,BNB,,0.26387196322174633,0,0.0
2021-08-30,BTC,,0.43745539486051577,1,0.04546921756594382
2021-08-30,CAKE,,0.13218060480445593,0,0.0
2021-08-30,CHZ,,0.03404208139633137,0,0.0
2021-08-30,DASH,,-0.13061371034624597,0,0.0
2021-08-30,DEXE,,0.09397800063598155,0,0.0
2021-08-30,DOGE,,-0.3195917113022042,-1,-0.04287377876485272
2021-08-30,DOT,,0.15252947243344211,0,0.0
2021-08-30,ETC,,-0.060605656845742026,0,0.0
2021-08-30,ETH,,0.2915155064165525,0,0.0
2021-08-30,FET,,0.3144611075917554,1,0.02769163787040868
2021-08-30,FIL,,-0.28136089030728956,0,0.0
2021-08-30,HBAR,,0.25879648500182895,0,0.0
2021-08-30,ICP,,0.78238422978095,1,0.04546921756594382
2021-08-30,JST,,0.4244254937830292,1,0.023481204359720557
2021-08-30,LINK,,0.04641206937599885,0,0.0
2021-08-30,LTC,,-0.04819879326757131,0,0.0
2021-08-30,NEAR,,-0.7922819122600561,-1,-0.03631692063721337
2021-08-30,QNT,,-0.45052322366812814,-1,-0.035768144022637435
2021-08-30,SHIB,,0.1399052861338037,0,0.0
2021-08-30,SOL,,1.0833435581245392,1,0.03344408449248272
2021-08-30,STX,,0.8743855273346468,1,0.04546921756594382
2021-08-30,TRX,,0.020550316025554943,0,0.0
2021-08-30,UNI,,0.44008616498853753,1,0.029965616267940823
2021-08-30,VET,,-0.20435640423509469,0,0.0
2021-08-30,XLM,,-0.30603534011431394,-1,-0.04287377876485272
2021-08-30,XRP,,-0.9706325635075489,-1,-0.03254710315814831
2021-08-30,ZEC,,0.14743627311365787,0,0.0
2021-09-06,AAVE,,-0.03785411799336629,0,0.0
2021-09-06,ADA,,-0.06717928670577555,0,0.0
2021-09-06,ALGO,,-0.5919442713581526,-1,-0.03052106115631682
2021-09-06,ATOM,,0.14944586496127443,0,0.0
2021-09-06,AVAX,,-1.8891488495539224,-1,-0.019265132653746152
2021-09-06,BCH,,0.13367501190390327,0,0.0
2021-09-06,BNB,,0.1610520329068655,0,0.0
2021-09-06,BTC,,0.10384870515746955,0,0.0
2021-09-06,CAKE,,0.10773755234648753,0,0.0
2021-09-06,CHZ,,0.2155419410641283,1,0.028875961881718638
2021-09-06,DASH,,0.012660380462391492,0,0.0
2021-09-06,DEXE,,0.14000960091789655,0,0.0
2021-09-06,DOGE,,0.188647131867625,0,0.0
2021-09-06,DOT,,0.04178486620562783,0,0.0
2021-09-06,ETC,,0.1263034788881725,0,0.0
2021-09-06,ETH,,0.009810552197475614,0,0.0
2021-09-06,FET,,0.5866343791342797,1,0.03877318313315277
2021-09-06,FIL,,-0.5144641453327279,-1,-0.03470658001827926
2021-09-06,HBAR,,0.20076843311253117,0,0.0
2021-09-06,ICP,,0.08773717516544058,0,0.0
2021-09-06,JST,,0.23506056699506347,1,0.03357126132314281
2021-09-06,LINK,,-0.10300265868154154,-1,-0.044074532600991714
2021-09-06,LTC,,-0.18947173007387608,-1,-0.044074532600991714
2021-09-06,NEAR,,-0.555469409407736,-1,-0.03789509004131325
2021-09-06,QNT,,-0.3585129861392123,-1,-0.039699512416770714
2021-09-06,SHIB,,0.34705254819663095,1,0.041453821561290106
2021-09-06,SOL,,0.3825900976806041,1,0.03401630826032548
2021-09-06,STX,,0.1970266276407869,0,0.0
2021-09-06,TRX,,0.3949549606436821,1,0.03910738091263874
2021-09-06,UNI,,0.2101948508041937,1,0.03443852441614116
2021-09-06,VET,,-0.02549783579335978,0,0.0
2021-09-06,XLM,,0.09873485282478514,0,0.0
2021-09-06,XRP,,0.11102618531916228,0,0.0
2021-09-06,ZEC,,0.09024749464319134,0,0.0
2021-09-13,AAVE,,0.10422787350483718,0,0.0
2021-09-13,ADA,,0.10896611597096031,0,0.0
2021-09-13,ALGO,,-1.5683818632229645,-1,-0.022741715409791696
2021-09-13,ATOM,,0.3165241435117609,1,0.02642001084254471
2021-09-13,AVAX,,0.8117111624877295,1,0.04365707939961131
2021-09-13,BCH,,0.12557124201932146,0,0.0
2021-09-13,BNB,,0.3487080172989666,1,0.03924566755883723
2021-09-13,BTC,,0.38275695881498945,1,0.04365707939961131
2021-09-13,CAKE,,0.49043176777037417,1,0.03513271184640454
2021-09-13,CHZ,,0.2567052244752552,0,0.0
2021-09-13,DASH,,0.10861000575919724,0,0.0
2021-09-13,DEXE,,0.111027002901951,0,0.0
2021-09-13,DOGE,,0.23343694755325967,0,0.0
2021-09-13,DOT,,-0.25511039567175053,-1,-0.043961723114850464
2021-09-13,ETC,,0.16378894691936835,0,0.0
2021-09-13,ETH,,-0.03341930000464905,0,0.0
2021-09-13,FET,,-0.11189675574881106,0,0.0
2021-09-13,FIL,,-0.8216180695838441,-1,-0.03003850746893823
2021-09-13,HBAR,,-0.2226349715146495,0,0.0
2021-09-13,ICP,,0.17281376119897524,0,0.0
2021-09-13,JST,,0.0728888574872455,0,0.0
2021-09-13,LINK,,-0.29130713443016837,-1,-0.043961723114850464
2021-09-13,LTC,,-0.331674113243146,-1,-0.043961723114850464
2021-09-13,NEAR,,-0.13676625992331537,0,0.0
2021-09-13,QNT,,-0.9586079505682518,-1,-0.031744230921959826
2021-09-13,SHIB,,0.4850314529520038,1,0.031556854171207224
2021-09-13,SOL,,-0.6301949776784311,-1,-0.03938188485811548
2021-09-13,STX,,0.28500661407449973,0,0.0
2021-09-13,TRX,,0.14232481515700374,0,0.0
2021-09-13,UNI,,0.3816064183816867,1,0.03612210478514028
2021-09-13,VET,,-0.135144271150035,0,0.0
2021-09-13,XLM,,0.09374616005451648,0,0.0
2021-09-13,XRP,,0.0986815946856987,0,0.0
2021-09-13,ZEC,,0.20219097976041414,0,0.0
2021-09-20,AAVE,,0.09430126017439153,0,0.0
2021-09-20,ADA,,0.36910901729007944,1,0.04410180227869258
2021-09-20,ALGO,,-1.3001995333560503,-1,-0.025956631389940015
2021-09-20,ATOM,,0.0072920507956078726,0,0.0
2021-09-20,AVAX,,0.43738269351787934,1,0.03185211546886056
2021-09-20,BCH,,0.04621428458875068,0,0.0
2021-09-20,BNB,,0.2211449005122232,0,0.0
2021-09-20,BTC,,0.27081982944254696,1,0.04410180227869258
2021-09-20,CAKE,,0.2338316978968915,0,0.0
2021-09-20,CHZ,,0.21624184512637337,0,0.0
2021-09-20,DASH,,0.153689220045251,0,0.0
2021-09-20,DEXE,,0.1527974276382957,0,0.0
2021-09-20,DOGE,,0.30610701106334276,1,0.030765404028334324
2021-09-20,DOT,,-0.19885785490150387,-1,-0.04270749712832516
2021-09-20,ETC,,0.19138858217630317,0,0.0
2021-09-20,ETH,,0.0916095243970296,0,0.0
2021-09-20,FET,,0.2081829829829452,0,0.0
2021-09-20,FIL,,-0.7797629518460192,-1,-0.029341951595681513
2021-09-20,HBAR,,-0.31375720365568655,-1,-0.04270749712832516
2021-09-20,ICP,,0.09399080508251284,0,0.0
2021-09-20,JST,,-0.05918428122381867,0,0.0
2021-09-20,LINK,,-0.14422795195377347,0,0.0
2021-09-20,LTC,,-0.19488393885649652,0,0.0
2021-09-20,NEAR,,-0.4408976901991578,-1,-0.03903483203594899
2021-09-20,QNT,,-0.9047130667742469,-1,-0.0317220509128009
2021-09-20,SHIB,,0.3488174420514234,1,0.031110211115916015
2021-09-20,SOL,,-0.5901502732038079,-1,-0.03860557002037762
2021-09-20,STX,,0.23726014436164897,1,0.03357202310115324
2021-09-20,TRX,,0.027251551764394474,0,0.0
2021-09-20,UNI,,0.744277435513893,1,0.034572671939750124
2021-09-20,VET,,-0.02919356535667406,0,0.0
2021-09-20,XLM,,0.14256254898988502,0,0.0
2021-09-20,XRP,,0.16947248689464753,0,0.0
2021-09-20,ZEC,,0.19208356902091353,0,0.0
2021-09-27,AAVE,,-0.0005612187145110706,0,0.0
2021-09-27,ADA,,0.3121856704296825,1,0.04547129249794084
2021-09-27,ALGO,,-1.9865291984157922,-1,-0.02000236908467466
2021-09-27,ATOM,,-0.8955742557666344,-1,-0.0402978101836015
2021-09-27,AVAX,,-0.1778664880508404,-1,-0.044449904072260925
2021-09-27,BCH,,0.14571236342533903,0,0.0
2021-09-27,BNB,,0.047487899662152985,0,0.0
2021-09-27,BTC,,0.27111127267023455,0,0.0
2021-09-27,CAKE,,-0.12407737496933824,0,0.0
2021-09-27,CHZ,,0.23280414469967012,0,0.0
2021-09-27,DASH,,0.1928298012248697,0,0.0
2021-09-27,DEXE,,0.4340750117468148,1,0.04547129249794084
2021-09-27,DOGE,,0.32013738417394505,1,0.030335683860553683
2021-09-27,DOT,,0.2514860676617702,0,0.0
2021-09-27,ETC,,0.23622161275015757,0,0.0
2021-09-27,ETH,,0.3739065572399364,1,0.03328392541181277
2021-09-27,FET,,-0.44187726873739497,-1,-0.044449904072260925
2021-09-27,FIL,,-0.29008856476356726,-1,-0.034226872077808036
2021-09-27,HBAR,,-0.5070032913330595,-1,-0.03666041796069443
2021-09-27,ICP,,-0.04131159021987911,0,0.0
2021-09-27,JST,,0.06890073841479084,0,0.0
2021-09-27,LINK,,0.3228412717859337,1,0.03270190591181283
2021-09-27,LTC,,0.16897736330959334,0,0.0
2021-09-27,NEAR,,-0.9521497092861115,-1,-0.029939421489740863
2021-09-27,QNT,,0.08642052610837422,0,0.0
2021-09-27,SHIB,,0.17623830269709562,0,0.0
2021-09-27,SOL,,-0.025323884529393093,0,0.0
2021-09-27,STX,,0.27841474887457607,0,0.0
2021-09-27,TRX,,0.15265935282873183,0,0.0
2021-09-27,UNI,,0.5648393924876803,1,0.031157145885240857
2021-09-27,VET,,0.10630684578223665,0,0.0
2021-09-27,XLM,,0.2651688967550358,0,0.0
2021-09-27,XRP,,0.3230663643088636,1,0.0316054528757395
2021-09-27,ZEC,,0.11057125574903376,0,0.0
2021-10-04,AAVE,,-0.11627599114913441,-1,-0.045689805939139634
2021-10-04,ADA,,-0.02346366277610187,0,0.0
2021-10-04,ALGO,,-0.1260310762102184,-1,-0.045689805939139634
2021-10-04,ATOM,,-0.44377342490510485,-1,-0.03464341726407519
2021-10-04,AVAX,,-0.26810521263864706,-1,-0.04399190729828704
2021-10-04,BCH,,0.15493484764992474,0,0.0
2021-10-04,BNB,,-0.08181722668732803,0,0.0
2021-10-04,BTC,,0.2736412932617056,1,0.04028214828085902
2021-10-04,CAKE,,-0.027982636384221264,0,0.0
2021-10-04,CHZ,,0.406821808743738,1,0.033375080837079
2021-10-04,DASH,,0.31985767211716004,1,0.036705661344578935
2021-10-04,DEXE,,-0.01597856053044682,0,0.0
2021-10-04,DOGE,,0.3783745144395987,1,0.04057689670208033
2021-10-04,DOT,,0.24144050917793403,0,0.0
2021-10-04,ETC,,0.20919556921820212,0,0.0
2021-10-04,ETH,,0.13737459592836615,0,0.0
2021-10-04,FET,,-0.014989448268057206,0,0.0
2021-10-04,FIL,,0.11345790214996376,0,0.0
2021-10-04,HBAR,,-0.21927331745281703,-1,-0.04056449846535255
2021-10-04,ICP,,-0.0142829058264517,0,0.0
2021-10-04,JST,,0.3207919946523626,1,0.020776605665178624
2021-10-04,LINK,,-0.10764648076353668,0,0.0
2021-10-04,LTC,,0.2265887523517942,0,0.0
2021-10-04,NEAR,,0.0030219103017613547,0,0.0
2021-10-04,QNT,,-0.0053744525808241215,0,0.0
2021-10-04,SHIB,,-2.1594158816971416,-1,-0.006635558332968652
2021-10-04,SOL,,-0.28535190985462533,-1,-0.0328020864332598
2021-10-04,STX,,-0.05839364545922946,0,0.0
2021-10-04,TRX,,0.1927269554635981,0,0.0
2021-10-04,UNI,,0.07817468943530236,0,0.0
2021-10-04,VET,,0.11970559631266024,0,0.0
2021-10-04,XLM,,0.2272613515192612,0,0.0
2021-10-04,XRP,,0.2636472961241652,1,0.038611900057646344
2021-10-04,ZEC,,0.30113857433638636,1,0.039688786784800256
2021-10-11,AAVE,,0.1337215394756079,0,0.0
2021-10-11,ADA,,-0.3538574033359496,-1,-0.08337213185294119
2021-10-11,ALGO,,-0.14550745112754623,0,0.0
2021-10-11,ATOM,,-0.14662300012049473,-1,-0.08337213185294119
2021-10-11,AVAX,,-0.03491414552071201,0,0.0
2021-10-11,BCH,,0.08954998718545672,0,0.0
2021-10-11,BNB,,-0.052425391042185694,0,0.0
2021-10-11,BTC,,-0.07133846679130482,0,0.0
2021-10-11,CAKE,,0.13554597995911377,0,0.0
2021-10-11,CHZ,,0.3490782230633203,1,0.056804344580396085
2021-10-11,DASH,,0.2630797641242696,1,0.06077954496224158
2021-10-11,DEXE,,0.22444834189985222,0,0.0
2021-10-11,DOGE,,0.2994888635327017,1,0.06949506346681959
2021-10-11,DOT,,0.30457765597520725,1,0.04305829166948346
2021-10-11,ETC,,0.16880059537423672,0,0.0
2021-10-11,ETH,,0.03121867092433311,0,0.0
2021-10-11,FET,,-0.15926793392642608,-1,-0.08337213185294119
2021-10-11,FIL,,-0.0629014124417692,0,0.0
2021-10-11,HBAR,,-0.14993852271195485,-1,-0.04099801437280106
2021-10-11,ICP,,-0.05777113050409663,0,0.0
2021-10-11,JST,,0.10996834869522754,0,0.0
2021-10-11,LINK,,-0.10740944825716568,0,0.0
2021-10-11,LTC,,0.09752903441575927,0,0.0
2021-10-11,NEAR,,0.13930963184969639,0,0.0
2021-10-11,QNT,,0.08198450904587465,0,0.0
2021-10-11,SHIB,,-1.7318695593809381,-1,-0.006800650869521089
2021-10-11,SOL,,-0.2378073149347396,-1,-0.03530053934838985
2021-10-11,STX,,-0.11954509583213546,0,0.0
2021-10-11,TRX,,0.04541965496566781,0,0.0
2021-10-11,UNI,,0.2652308063452592,1,0.06949506346681959
2021-10-11,VET,,0.16928171067656717,0,0.0
2021-10-11,XLM,,0.25705446003139176,1,0.05287849592049401
2021-10-11,XRP,,-0.18173119036831706,-1,-0.06883074158417538
2021-10-11,ZEC,,0.44761968875619285,1,0.049535537667456636
2021-10-18,AAVE,,0.04415288506507132,0,0.0
2021-10-18,ADA,,-0.21366158279790462,-1,-0.053147238125694815
2021-10-18,ALGO,,-0.020686750663324305,0,0.0
2021-10-18,ATOM,,0.06546574428722612,0,0.0
2021-10-18,AVAX,,0.12656732982827165,0,0.0
2021-10-18,BCH,,0.08744562281297938,0,0.0
2021-10-18,BNB,,-0.11971724124059016,-1,-0.028899266700431858
2021-10-18,BTC,,-0.17815653865009012,-1,-0.053147238125694815
2021-10-18,CAKE,,0.1624059255140101,0,0.0
2021-10-18,CHZ,,0.30872698951385164,1,0.0462147639318723
2021-10-18,DASH,,0.605263477156024,1,0.0462147639318723
2021-10-18,DEXE,,0.20321319800810209,0,0.0
2021-10-18,DOGE,,0.6290885301440792,1,0.0462147639318723
2021-10-18,DOT,,0.032773097159051676,0,0.0
2021-10-18,ETC,,0.18241578714201442,0,0.0
2021-10-18,ETH,,0.2284594585102881,0,0.0
2021-10-18,FET,,-0.2824756343176841,-1,-0.053147238125694815
2021-10-18,FIL,,-0.0368697546002985,0,0.0
2021-10-18,HBAR,,-0.11742548222771115,0,0.0
2021-10-18,ICP,,-0.02192420106791742,0,0.0
2021-10-18,JST,,0.07917775267523862,0,0.0
2021-10-18,LINK,,0.11699917300764243,0,0.0
2021-10-18,LTC,,0.2504778877450663,1,0.0462147639318723
2021-10-18,NEAR,,0.3375318302897488,1,0.02111232666813408
2021-10-18,QNT,,-0.043356964614319995,0,0.0
2021-10-18,SHIB,,-2.6213804942360714,-1,-0.004378220607489337
2021-10-18,SOL,,-0.06396174985139415,0,0.0
2021-10-18,STX,,-0.5341963663725658,-1,-0.017207183329429915
2021-10-18,TRX,,0.09602951421643915,0,0.0
2021-10-18,UNI,,0.12725870130316327,0,0.0
2021-10-18,VET,,0.2509721733992047,1,0.031900877269416615
2021-10-18,XLM,,-0.044702718629042425,0,0.0
2021-10-18,XRP,,-0.17012467057521402,-1,-0.053147238125694815
2021-10-18,ZEC,,0.534215072066656,1,0.02520136347509053
2021-10-25,AAVE,,0.05643365670075013,0,0.0
2021-10-25,ADA,,-0.5449583461569761,-1,-0.052004140651584305
2021-10-25,ALGO,,0.11042784902301944,0,0.0
2021-10-25,ATOM,,0.11458509898148192,0,0.0
2021-10-25,AVAX,,0.03383735717120284,0,0.0
2021-10-25,BCH,,-0.0594295841852378,0,0.0
2021-10-25,BNB,,0.15249870742515642,0,0.0
2021-10-25,BTC,,-0.23871642982044616,-1,-0.052004140651584305
2021-10-25,CAKE,,-0.21648317957893978,-1,-0.052004140651584305
2021-10-25,CHZ,,0.34506256439547106,1,0.015153446066763039
2021-10-25,DASH,,0.12118569876862671,0,0.0
2021-10-25,DEXE,,-0.2545820297830289,-1,-0.052004140651584305
2021-10-25,DOGE,,0.3154892045855085,1,0.03325029756795163
2021-10-25,DOT,,-0.118596516092111,0,0.0
2021-10-25,ETC,,0.2675736945177632,0,0.0
2021-10-25,ETH,,0.21881492831024918,0,0.0
2021-10-25,FET,,0.2772526384626715,1,0.041526645302892275
2021-10-25,FIL,,0.41884985155689464,1,0.041526645302892275
2021-10-25,HBAR,,0.14110668157231912,0,0.0
2021-10-25,ICP,,0.2899390091852594,1,0.03633168644402026
2021-10-25,JST,,0.26359469582032136,0,0.0
2021-10-25,LINK,,0.02928918791392428,0,0.0
2021-10-25,LTC,,0.40901390963072504,1,0.041526645302892275
2021-10-25,NEAR,,0.23676954473205125,0,0.0
2021-10-25,QNT,,-0.06561952023960087,0,0.0
2021-10-25,SHIB,,-2.3499255245771473,-1,-0.004632519988133741
2021-10-25,SOL,,-0.133363736736175,-1,-0.024181354793688114
2021-10-25,STX,,-0.7246042805528765,-1,-0.014011573902144941
2021-10-25,TRX,,0.6314199670020101,1,0.041526645302892275
2021-10-25,UNI,,0.007466120094001541,0,0.0
2021-10-25,VET,,0.2522946693064946,0,0.0
2021-10-25,XLM,,-0.10225223323551288,0,0.0
2021-10-25,XRP,,0.07311828242044777,0,0.0
2021-10-25,ZEC,,0.042508063381700066,0,0.0
2021-11-01,AAVE,,0.22064957580829322,0,0.0
2021-11-01,ADA,,0.0083677328696679,0,0.0
2021-11-01,ALGO,,0.5861800058455001,1,0.03971528925515688
2021-11-01,ATOM,,-0.0170846672099619,0,0.0
2021-11-01,AVAX,,-0.27531686836896563,-1,-0.03021011186916336
2021-11-01,BCH,,0.12359802612048885,0,0.0
2021-11-01,BNB,,0.18915524657520613,0,0.0
2021-11-01,BTC,,-0.22258910407050023,-1,-0.05064965549277145
2021-11-01,CAKE,,0.036497919127317494,0,0.0
2021-11-01,CHZ,,-0.09136920257892275,0,0.0
2021-11-01,DASH,,0.015326832635965647,0,0.0
2021-11-01,DEXE,,0.02022609570329128,0,0.0
2021-11-01,DOGE,,-0.28066626768167674,-1,-0.05064965549277145
2021-11-01,DOT,,-0.10257895599034036,0,0.0
2021-11-01,ETC,,0.14100091508527987,0,0.0
2021-11-01,ETH,,0.33901874451235137,1,0.03971528925515688
2021-11-01,FET,,0.301786638909268,1,0.03663139459280234
2021-11-01,FIL,,0.31333245986628067,1,0.03971528925515688
2021-11-01,HBAR,,0.006053611535838945,0,0.0
2021-11-01,ICP,,0.1988402912654578,0,0.0
2021-11-01,JST,,0.01873976960753954,0,0.0
2021-11-01,LINK,,0.16512861416710936,0,0.0
2021-11-01,LTC,,0.5437121509011801,1,0.03971528925515688
2021-11-01,NEAR,,-0.0628819035505919,0,0.0
2021-11-01,QNT,,-0.14616491667426226,0,0.0
2021-11-01,SHIB,,-2.159138848080799,-1,-0.011908809578007142
2021-11-01,SOL,,-0.1014156093042079,0,0.0
2021-11-01,STX,,-0.296053819002228,-1,-0.03416411845983102
2021-11-01,TRX,,0.8414369775350016,1,0.03971528925515688
2021-11-01,UNI,,0.013244124638643636,0,0.0
2021-11-01,VET,,0.2855792324015716,1,0.03003874016055807
2021-11-01,XLM,,-0.30936650926383136,-1,-0.05064965549277145
2021-11-01,XRP,,0.16393932984453408,0,0.0
2021-11-01,ZEC,,-0.4671876231794939,-1,-0.03701457464382894
2021-11-08,AAVE,,-0.01472512060418061,0,0.0
2021-11-08,ADA,,0.05929025066875454,0,0.0
2021-11-08,ALGO,,0.6474189591543726,1,0.040721338932226195
2021-11-08,ATOM,,-0.339135631222358,-1,-0.04875427764444036
2021-11-08,AVAX,,-0.16755903514438403,0,0.0
2021-11-08,BCH,,0.30049221633383283,1,0.028442008864519717
2021-11-08,BNB,,-0.1278097644095006,0,0.0
2021-11-08,BTC,,0.3455858217636133,1,0.040721338932226195
2021-11-08,CAKE,,-0.19531996739983515,0,0.0
2021-11-08,CHZ,,0.002417414345941937,0,0.0
2021-11-08,DASH,,0.17751559814424173,0,0.0
2021-11-08,DEXE,,0.2093893517794014,0,0.0
2021-11-08,DOGE,,-0.2511878820720107,-1,-0.04875427764444036
2021-11-08,DOT,,-0.43075542935144606,-1,-0.04237006059877517
2021-11-08,ETC,,0.4611070329410704,1,0.040721338932226195
2021-11-08,ETH,,0.15522910402364576,0,0.0
2021-11-08,FET,,0.33857813577835577,1,0.040721338932226195
2021-11-08,FIL,,0.34342541938949106,1,0.040721338932226195
2021-11-08,HBAR,,0.22077976034865207,0,0.0
2021-11-08,ICP,,-0.2402577931596899,-1,-0.04834404476863893
2021-11-08,JST,,0.16683602797151822,0,0.0
2021-11-08,LINK,,0.2201926281632421,0,0.0
2021-11-08,LTC,,-0.31010108773803174,-1,-0.03331085918619965
2021-11-08,NEAR,,0.20776255972182311,0,0.0
2021-11-08,QNT,,0.17185494475412036,0,0.0
2021-11-08,SHIB,,-2.1128714487739555,-1,-0.012793272642418165
2021-11-08,SOL,,-0.40368829932487754,-1,-0.037401006520963946
2021-11-08,STX,,-0.17246499804699494,0,0.0
2021-11-08,TRX,,0.53709032366895,1,0.03967909548022592
2021-11-08,UNI,,-0.04293838705593024,0,0.0
2021-11-08,VET,,0.2111696136376017,0,0.0
2021-11-08,XLM,,0.257054697263237,0,0.0
2021-11-08,XRP,,-0.06299886826681593,0,0.0
2021-11-08,ZEC,,-0.16137614728185537,0,0.0
2021-11-15,AAVE,,-0.03661870781054563,0,0.0
2021-11-15,ADA,,0.06588465789571872,0,0.0
2021-11-15,ALGO,,0.17601984391549205,1,0.046717695065629866
2021-11-15,ATOM,,0.18550601698356114,1,0.036965255544808374
2021-11-15,AVAX,,0.15693961954951258,1,0.016403327420080376
2021-11-15,BCH,,0.018711317162230706,0,0.0
2021-11-15,BNB,,-0.22933577767332403,-1,-0.047333323695770146
2021-11-15,BTC,,-0.0492750505859489,0,0.0
2021-11-15,CAKE,,-0.05527072864005842,0,0.0
2021-11-15,CHZ,,-0.2675725038090101,-1,-0.03535558281442185
2021-11-15,DASH,,0.0066551454136160705,0,0.0
2021-11-15,DEXE,,0.4827490746212004,1,0.04193071901837626
2021-11-15,DOGE,,0.12654137800835835,0,0.0
2021-11-15,DOT,,-0.24903984706930857,-1,-0.047333323695770146
2021-11-15,ETC,,0.16505795019328687,1,0.046717695065629866
2021-11-15,ETH,,-0.0034331917024487853,0,0.0
2021-11-15,FET,,1.2201131318959164,1,0.046717695065629866
2021-11-15,FIL,,0.13059714197756084,0,0.0
2021-11-15,HBAR,,0.08389610215567704,0,0.0
2021-11-15,ICP,,-0.1965679682389946,-1,-0.047333323695770146
2021-11-15,JST,,0.05549336307584492,0,0.0
2021-11-15,LINK,,0.025025315732807953,0,0.0
2021-11-15,LTC,,-0.5091812278425778,-1,-0.03164900899330126
2021-11-15,NEAR,,-0.006248697161188003,0,0.0
2021-11-15,QNT,,0.17387714908485305,1,0.03648996178254866
2021-11-15,SHIB,,-1.7890023157023431,-1,-0.015604462371899589
2021-11-15,SOL,,-0.020311795707219638,0,0.0
2021-11-15,STX,,-0.03954193604820941,0,0.0
2021-11-15,TRX,,0.12294229533762763,0,0.0
2021-11-15,UNI,,0.12200051974952149,0,0.0
2021-11-15,VET,,-0.07769561258535318,-1,-0.047333323695770146
2021-11-15,XLM,,0.10750858259198182,0,0.0
2021-11-15,XRP,,-0.03662565284505506,0,0.0
2021-11-15,ZEC,,0.14020240807681975,0,0.0
2021-11-22,AAVE,,0.03194756320939039,0,0.0
2021-11-22,ADA,,0.05006820876061943,0,0.0
2021-11-22,ALGO,,0.20765900884952898,0,0.0
2021-11-22,ATOM,,0.22739124754233278,0,0.0
2021-11-22,AVAX,,-0.7425503406422429,-1,-0.027093622593339525
2021-11-22,BCH,,0.1003509580351639,0,0.0
2021-11-22,BNB,,-0.15520004974535792,0,0.0
2021-11-22,BTC,,0.23168642328813943,0,0.0
2021-11-22,CAKE,,-0.1292696577034776,0,0.0
2021-11-22,CHZ,,-0.0245058820258297,0,0.0
2021-11-22,DASH,,-0.25613743712678877,-1,-0.04153813470508405
2021-11-22,DEXE,,0.46195685469812403,1,0.04118640936586541
2021-11-22,DOGE,,0.2844330613763428,1,0.04118640936586541
2021-11-22,DOT,,-0.4649076121610241,-1,-0.037625151976346485
2021-11-22,ETC,,0.2783848078922335,1,0.038495629555616154
2021-11-22,ETH,,0.3587666022912342,1,0.036776260798691666
2021-11-22,FET,,0.13586408619912374,0,0.0
2021-11-22,FIL,,0.5411934772819121,1,0.026248081634866915
2021-11-22,HBAR,,-0.07944557218619899,0,0.0
2021-11-22,ICP,,-0.17776790421065689,0,0.0
2021-11-22,JST,,0.1787049253683528,0,0.0
2021-11-22,LINK,,-0.10616107791843875,0,0.0
2021-11-22,LTC,,-1.0492419152611228,-1,-0.025042180544385853
2021-11-22,NEAR,,-0.20444223464703545,-1,-0.04153813470508405
2021-11-22,QNT,,0.2793657386707868,1,0.029807704252888992
2021-11-22,SHIB,,0.17575856905650947,0,0.0
2021-11-22,SOL,,-0.34104992903759973,-1,-0.04096221723783244
2021-11-22,STX,,-0.18605447601342084,0,0.0
2021-11-22,TRX,,-0.030676400985259103,0,0.0
2021-11-22,UNI,,0.3030528425249181,1,0.04101970592003759
2021-11-22,VET,,-0.2556918264679298,-1,-0.04092075913175973
2021-11-22,XLM,,0.21734755924117954,0,0.0
2021-11-22,XRP,,0.00586888462682124,0,0.0
2021-11-22,ZEC,,0.13330149721967072,0,0.0
2021-11-29,AAVE,,-0.038900650465192296,0,0.0
2021-11-29,ADA,,0.05646857423167509,0,0.0
2021-11-29,ALGO,,0.33521185313608365,1,0.03284958049474991
2021-11-29,ATOM,,0.07986090994247239,0,0.0
2021-11-29,AVAX,,-0.9429487119677618,-1,-0.028312907544446302
2021-11-29,BCH,,-0.21903766307020783,-1,-0.041899564158583785
2021-11-29,BNB,,0.26292700056076895,1,0.03198517841916853
2021-11-29,BTC,,0.003703298361705136,0,0.0
2021-11-29,CAKE,,0.10745166412337584,0,0.0
2021-11-29,CHZ,,-0.21893260047487215,-1,-0.038088251450060714
2021-11-29,DASH,,-0.3922807365222075,-1,-0.0395284411372432
2021-11-29,DEXE,,0.5153468673531527,1,0.03512603054879805
2021-11-29,DOGE,,0.17672022901380133,0,0.0
2021-11-29,DOT,,0.0714142875165149,0,0.0
2021-11-29,ETC,,0.09941651073016974,0,0.0
2021-11-29,ETH,,0.4623983274720317,1,0.04191114316337989
2021-11-29,FET,,-0.04793162273135913,0,0.0
2021-11-29,FIL,,-0.0676603285385328,0,0.0
2021-11-29,HBAR,,-0.16310857981264698,0,0.0
2021-11-29,ICP,,0.1751547559049241,0,0.0
2021-11-29,JST,,0.04820084108321225,0,0.0
2021-11-29,LINK,,-0.048050276578335736,0,0.0
2021-11-29,LTC,,-1.2228668135298335,-1,-0.025375761371426303
2021-11-29,NEAR,,-0.22220553977947047,-1,-0.041899564158583785
2021-11-29,QNT,,0.12132961898916679,0,0.0
2021-11-29,SHIB,,0.4424733678533674,1,0.04191114316337989
2021-11-29,SOL,,0.45258837892706305,1,0.04191114316337989
2021-11-29,STX,,0.3803295202461027,1,0.024603782545483507
2021-11-29,TRX,,-0.07605188503612081,0,0.0
2021-11-29,UNI,,0.21707839694556796,0,0.0
2021-11-29,VET,,-0.014207440072508452,0,0.0
2021-11-29,XLM,,0.09132046003787728,0,0.0
2021-11-29,XRP,,0.10492471551706892,0,0.0
2021-11-29,ZEC,,-0.5301367293670548,-1,-0.03519351167799552
2021-12-06,AAVE,,-0.045521650840470676,0,0.0
2021-12-06,ADA,,0.1435083356706757,0,0.0
2021-12-06,ALGO,,-0.09258087095326867,0,0.0
2021-12-06,ATOM,,0.22651330673199682,1,0.04168822445913656
2021-12-06,AVAX,,-1.1100806180029263,-1,-0.024850735344940734
2021-12-06,BCH,,0.09707027479302044,0,0.0
2021-12-06,BNB,,0.17365121192749827,0,0.0
2021-12-06,BTC,,0.07446092149238584,0,0.0
2021-12-06,CAKE,,0.13398977064976786,0,0.0
2021-12-06,CHZ,,0.0572937677971381,0,0.0
2021-12-06,DASH,,0.1321214443810273,0,0.0
2021-12-06,DEXE,,-0.21300021147410886,-1,-0.04392475228715932
2021-12-06,DOGE,,0.21429047308628027,1,0.03323922280714536
2021-12-06,DOT,,0.10178587068647764,0,0.0
2021-12-06,ETC,,0.20743002969193192,1,0.034994252556933635
2021-12-06,ETH,,0.24362640167301167,1,0.04168822445913656
2021-12-06,FET,,-0.151287290483445,-1,-0.04392475228715932
2021-12-06,FIL,,-0.15208914612352673,-1,-0.03694783817671678
2021-12-06,HBAR,,0.016528850108229805,0,0.0
2021-12-06,ICP,,0.08586965374651716,0,0.0
2021-12-06,JST,,0.05030858762068748,0,0.0
2021-12-06,LINK,,0.04406923108747386,0,0.0
2021-12-06,LTC,,0.0535714554852825,0,0.0
2021-12-06,NEAR,,-1.2848088088062517,-1,-0.021087671251182143
2021-12-06,QNT,,-0.13918272841547172,-1,-0.04167638764757272
2021-12-06,SHIB,,0.3462895548846423,1,0.0321588517644607
2021-12-06,SOL,,0.008461642778809654,0,0.0
2021-12-06,STX,,0.3290674730468647,1,0.02822289831195158
2021-12-06,TRX,,0.1861050740474706,0,0.0
2021-12-06,UNI,,0.225988469084253,1,0.03814538829847669
2021-12-06,VET,,0.1653627914713836,0,0.0
2021-12-06,XLM,,0.18652559348137168,0,0.0
2021-12-06,XRP,,0.12288955808455516,0,0.0
2021-12-06,ZEC,,-0.43822841840928306,-1,-0.037724925662510005
2021-12-13,AAVE,,0.144323511920801,0,0.0
2021-12-13,ADA,,0.19585053847771716,0,0.0
2021-12-13,ALGO,,-0.15091446185987242,-1,-0.04563585851130233
2021-12-13,ATOM,,0.1062784923696759,0,0.0
2021-12-13,AVAX,,-0.40081018695638015,-1,-0.027813618871882446
2021-12-13,BCH,,0.20206138770003973,1,0.030188683267081913
2021-12-13,BNB,,0.11271705344639892,0,0.0
2021-12-13,BTC,,0.09117269718316665,0,0.0
2021-12-13,CAKE,,0.17443012880253617,0,0.0
2021-12-13,CHZ,,0.1074048384654296,0,0.0
2021-12-13,DASH,,0.1603833332981085,0,0.0
2021-12-13,DEXE,,-0.30385116168795,-1,-0.04563585851130233
2021-12-13,DOGE,,0.4019202704909764,1,0.036401658753406174
2021-12-13,DOT,,-0.08040183701019704,0,0.0
2021-12-13,ETC,,0.2905067031390877,1,0.041003468909615266
2021-12-13,ETH,,0.08344162225559042,0,0.0
2021-12-13,FET,,0.07167371326030458,0,0.0
2021-12-13,FIL,,-0.14477441379257164,0,0.0
2021-12-13,HBAR,,-0.6369694876353498,-1,-0.026946546009741192
2021-12-13,ICP,,0.00787147270872204,0,0.0
2021-12-13,JST,,-0.1911526140858485,-1,-0.04563585851130233
2021-12-13,LINK,,0.0281881628398178,0,0.0
2021-12-13,LTC,,0.19386452046513425,0,0.0
2021-12-13,NEAR,,-1.6782490508120584,-1,-0.0188568733858279
2021-12-13,QNT,,-0.24959081195745397,-1,-0.039632485673777355
2021-12-13,SHIB,,0.048678805354814135,0,0.0
2021-12-13,SOL,,0.23485698750080267,1,0.035613110845029904
2021-12-13,STX,,0.19641361494766063,0,0.0
2021-12-13,TRX,,-0.08177730422170278,0,0.0
2021-12-13,UNI,,0.3794280571015043,1,0.041003468909615266
2021-12-13,VET,,0.29363833439819864,1,0.034607454620694665
2021-12-13,XLM,,0.196226736109459,0,0.0
2021-12-13,XRP,,0.20769427610167002,1,0.03133925416969268
2021-12-13,ZEC,,-0.010533928318230952,0,0.0
2021-12-20,AAVE,,-0.6920222456094113,-1,-0.03165980414597866
2021-12-20,ADA,,0.11692456254821987,0,0.0
2021-12-20,ALGO,,-0.008383017737275419,0,0.0
2021-12-20,ATOM,,-0.6385927610719824,-1,-0.03436878160790377
2021-12-20,AVAX,,0.0014832636641440326,0,0.0
2021-12-20,BCH,,0.22700184231335016,0,0.0
2021-12-20,BNB,,0.274946808299202,1,0.04455227734209784
2021-12-20,BTC,,0.1494835153979059,0,0.0
2021-12-20,CAKE,,0.2677336495099548,1,0.028098403353967454
2021-12-20,CHZ,,-0.13620840579519022,-1,-0.03986929369288842
2021-12-20,DASH,,0.10364901790446894,0,0.0
2021-12-20,DEXE,,0.02159300966613414,0,0.0
2021-12-20,DOGE,,0.3386599474376824,1,0.026611462354464974
2021-12-20,DOT,,-0.2809497361223348,-1,-0.04161071793029296
2021-12-20,ETC,,0.2467788836661037,0,0.0
2021-12-20,ETH,,0.4156394278879103,1,0.04455227734209784
2021-12-20,FET,,-0.09483286007545615,0,0.0
2021-12-20,FIL,,0.12056022926801219,0,0.0
2021-12-20,HBAR,,-0.31441144827262124,-1,-0.04161071793029296
2021-12-20,ICP,,-0.15918180947503285,-1,-0.04161071793029296
2021-12-20,JST,,-0.09665310783316047,0,0.0
2021-12-20,LINK,,-0.06460071135617197,0,0.0
2021-12-20,LTC,,0.1868502803179354,0,0.0
2021-12-20,NEAR,,-1.817175617559201,-1,-0.019484766981494896
2021-12-20,QNT,,-0.05459562487740407,0,0.0
2021-12-20,SHIB,,-0.048531277905376896,0,0.0
2021-12-20,SOL,,0.5206553785439082,1,0.03424264492898308
2021-12-20,STX,,0.6695218158713194,1,0.04455227734209784
2021-12-20,TRX,,0.009519627446819882,0,0.0
2021-12-20,UNI,,0.02183912863311325,0,0.0
2021-12-20,VET,,0.05906723903084893,0,0.0
2021-12-20,XLM,,0.15918245765312306,0,0.0
2021-12-20,XRP,,0.27166290710410607,1,0.027605457555435652
2021-12-20,ZEC,,0.22338563152635094,0,0.0
2021-12-27,AAVE,,-0.6844484767900746,-1,-0.032396599588718294
2021-12-27,ADA,,-0.03019425020592634,0,0.0
2021-12-27,ALGO,,0.059611650477339066,0,0.0
2021-12-27,ATOM,,-0.489204957714512,-1,-0.03283970499588404
2021-12-27,AVAX,,0.11728317979364167,0,0.0
2021-12-27,BCH,,0.5691672495649952,1,0.044781250113170926
2021-12-27,BNB,,0.2602009911931604,1,0.044781250113170926
2021-12-27,BTC,,-0.07378091307086222,0,0.0
2021-12-27,CAKE,,0.23504803265349622,0,0.0
2021-12-27,CHZ,,0.020503083847142563,0,0.0
2021-12-27,DASH,,0.2638657292872061,1,0.025221682276082402
2021-12-27,DEXE,,0.033230749864968205,0,0.0
2021-12-27,DOGE,,0.09298983871839199,0,0.0
2021-12-27,DOT,,-0.22477621117319843,-1,-0.04326320517305554
2021-12-27,ETC,,0.16684260022545477,0,0.0
2021-12-27,ETH,,-0.06206652870458032,0,0.0
2021-12-27,FET,,0.08734883130943547,0,0.0
2021-12-27,FIL,,0.44837718943406685,1,0.04085261723225101
2021-12-27,HBAR,,-0.29039610446458436,-1,-0.04665735820544937
2021-12-27,ICP,,0.17372165617732355,0,0.0
2021-12-27,JST,,0.15431721160189255,0,0.0
2021-12-27,LINK,,-0.01199779028708528,0,0.0
2021-12-27,LTC,,0.3040656883506768,1,0.044781250113170926
2021-12-27,NEAR,,-1.9608649990654616,-1,-0.017002050568154754
2021-12-27,QNT,,0.09606302793670414,0,0.0
2021-12-27,SHIB,,-0.31436122214944456,-1,-0.043649633576639243
2021-12-27,SOL,,-0.10731366453609005,-1,-0.04665735820544937
2021-12-27,STX,,0.5154255984610511,1,0.03606743903378794
2021-12-27,TRX,,0.0902334009755578,0,0.0
2021-12-27,UNI,,0.058396565142946784,0,0.0
2021-12-27,VET,,0.023569014089606995,0,0.0
2021-12-27,XLM,,0.2555984304835258,1,0.025980421431716468
2021-12-27,XRP,,0.09332775699652332,0,0.0
2021-12-27,ZEC,,0.13021764157671148,0,0.0
2022-01-03,AAVE,,-0.923395643721003,-1,-0.029676135708312255
2022-01-03,ADA,,-0.09045853224165724,0,0.0
2022-01-03,ALGO,,-0.08694990744239754,0,0.0
2022-01-03,ATOM,,-0.5914328701041792,-1,-0.034965944360827055
2022-01-03,AVAX,,-0.12395609907411083,-1,-0.042107635098298644
2022-01-03,BCH,,0.2502541175222359,1,0.037047134590617516
2022-01-03,BNB,,0.17458259150722644,0,0.0
2022-01-03,BTC,,0.015058457807755443,0,0.0
2022-01-03,CAKE,,0.23757843779480656,0,0.0
2022-01-03,CHZ,,-0.01293378215154396,0,0.0
2022-01-03,DASH,,0.6503792283303743,1,0.030251874653000964
2022-01-03,DEXE,,0.12348485818248948,0,0.0
2022-01-03,DOGE,,0.11649502397058575,0,0.0
2022-01-03,DOT,,-0.2791786295463579,-1,-0.0413433508195843
2022-01-03,ETC,,0.1367067443411923,0,0.0
2022-01-03,ETH,,0.08332319670299651,0,0.0
2022-01-03,FET,,-0.08704345372610825,0,0.0
2022-01-03,FIL,,0.4093318235544783,1,0.03796119965523295
2022-01-03,HBAR,,-0.16661517720056584,-1,-0.042107635098298644
2022-01-03,ICP,,0.1834528697037911,0,0.0
2022-01-03,JST,,0.17952061778400322,0,0.0
2022-01-03,LINK,,0.2977702941685999,1,0.018175057772309343
2022-01-03,LTC,,0.2692566010105039,1,0.04241205519791182
2022-01-03,NEAR,,-1.8397690940026459,-1,-0.01836309608127668
2022-01-03,QNT,,0.35179947020553487,1,0.04241205519791182
2022-01-03,SHIB,,-0.26482478183708813,-1,-0.042107635098298644
2022-01-03,SOL,,0.04039866231866657,0,0.0
2022-01-03,STX,,0.09284966729651568,0,0.0
2022-01-03,TRX,,0.21011825440429646,0,0.0
2022-01-03,UNI,,-0.08948995514599298,0,0.0
2022-01-03,VET,,0.09057185732082107,0,0.0
2022-01-03,XLM,,0.05698562967127259,0,0.0
2022-01-03,XRP,,0.12184993663414535,0,0.0
2022-01-03,ZEC,,0.4642795859613624,1,0.04241205519791182
2022-01-10,AAVE,,-0.9673538326543063,-1,-0.02833556329348166
2022-01-10,ADA,,-0.008370145001299189,0,0.0
2022-01-10,ALGO,,-0.1724677388094953,0,0.0
2022-01-10,ATOM,,-0.34598814453835014,-1,-0.040276253040785935
2022-01-10,AVAX,,0.1704159369000776,0,0.0
2022-01-10,BCH,,0.27581844520828913,1,0.03428664216554043
2022-01-10,BNB,,0.2308992054776545,0,0.0
2022-01-10,BTC,,0.055877088619759846,0,0.0
2022-01-10,CAKE,,0.4163606005892481,1,0.030181051933284117
2022-01-10,CHZ,,-0.06015265707937414,0,0.0
2022-01-10,DASH,,0.06832582217756608,0,0.0
2022-01-10,DEXE,,0.00905849674417702,0,0.0
2022-01-10,DOGE,,0.2054408744328128,0,0.0
2022-01-10,DOT,,-0.21930692295974455,-1,-0.041310528543867235
2022-01-10,ETC,,0.2576290305623708,0,0.0
2022-01-10,ETH,,0.1903783046314095,0,0.0
2022-01-10,FET,,-0.11501426711971341,0,0.0
2022-01-10,FIL,,0.40489541247208205,1,0.03719767774391665
2022-01-10,HBAR,,0.3664965465006359,1,0.04215315590345106
2022-01-10,ICP,,-0.3168880009319102,-1,-0.04042804437661297
2022-01-10,JST,,0.2586915212059927,0,0.0
2022-01-10,LINK,,-0.1789911471946909,-1,-0.041310528543867235
2022-01-10,LTC,,0.4120820322497375,1,0.030312479442710358
2022-01-10,NEAR,,-1.7873444851909712,-1,-0.018129526849760214
2022-01-10,QNT,,0.21312656509730937,0,0.0
2022-01-10,SHIB,,-0.24316481653172498,-1,-0.041310528543867235
2022-01-10,SOL,,0.0915923904004817,0,0.0
2022-01-10,STX,,0.02897544440272618,0,0.0
2022-01-10,TRX,,0.32550023085048274,1,0.03481681009988883
2022-01-10,UNI,,-0.03273055144448603,0,0.0
2022-01-10,VET,,0.04761947530478719,0,0.0
2022-01-10,XLM,,-0.09145198242558356,0,0.0
2022-01-10,XRP,,0.15555973445769516,0,0.0
2022-01-10,ZEC,,0.3544815335963538,1,0.04215315590345106
2022-01-17,AAVE,,-0.35962824704482704,-1,-0.038979648631978045
2022-01-17,ADA,,-0.03589059962530019,0,0.0
2022-01-17,ALGO,,0.03614083434376643,0,0.0
2022-01-17,ATOM,,-0.12204464137022725,-1,-0.04175307855605454
2022-01-17,AVAX,,0.15440865884753094,0,0.0
2022-01-17,BCH,,0.24428117263617774,1,0.03415330640168645
2022-01-17,BNB,,0.09249320930690405,0,0.0
2022-01-17,BTC,,0.22024397467777,1,0.04207207048995619
2022-01-17,CAKE,,-0.05700354848012727,0,0.0
2022-01-17,CHZ,,0.16375922230056872,0,0.0
2022-01-17,DASH,,-0.025561351786274108,0,0.0
2022-01-17,DEXE,,0.08878673218861464,0,0.0
2022-01-17,DOGE,,0.13081979301316815,0,0.0
2022-01-17,DOT,,-0.09692492428068754,-1,-0.04175307855605454
2022-01-17,ETC,,0.2191892105376153,1,0.030468413721968735
2022-01-17,ETH,,0.12586450160720963,0,0.0
2022-01-17,FET,,0.16603034020432728,1,0.027533904139465742
2022-01-17,FIL,,0.058103665320567564,0,0.0
2022-01-17,HBAR,,0.2960297094064642,1,0.03905351324825908
2022-01-17,ICP,,-0.8062125069283661,-1,-0.031789951313593315
2022-01-17,JST,,0.1300019808576525,0,0.0
2022-01-17,LINK,,-0.6394807693394465,-1,-0.0348481402821633
2022-01-17,LTC,,0.08845246091071048,0,0.0
2022-01-17,NEAR,,-1.3538804828241833,-1,-0.02283684392156123
2022-01-17,QNT,,0.11067728652659606,0,0.0
2022-01-17,SHIB,,0.1651570287162168,0,0.0
2022-01-17,SOL,,0.06715318029923151,0,0.0
2022-01-17,STX,,0.0831166539705906,0,0.0
2022-01-17,TRX,,0.37922526273678353,1,0.038360541326167084
2022-01-17,UNI,,-0.10740893722320607,-1,-0.04175307855605454
2022-01-17,VET,,0.06274255686365977,0,0.0
2022-01-17,XLM,,0.1649089384392719,0,0.0
2022-01-17,XRP,,0.24422400727203133,1,0.04207207048995619
2022-01-17,ZEC,,0.1122256279192244,0,0.0
2022-01-24,AAVE,,-0.2906271021470944,-1,-0.0545409253872379
2022-01-24,ADA,,-0.37838784662464936,-1,-0.05749158409313978
2022-01-24,ALGO,,0.09834421439875818,0,0.0
2022-01-24,ATOM,,-0.7692223816110064,-1,-0.0542569376878243
2022-01-24,AVAX,,0.3336145245947846,1,0.04354507404304305
2022-01-24,BCH,,0.1428598310543932,0,0.0
2022-01-24,BNB,,-0.07069035390853544,0,0.0
2022-01-24,BTC,,0.2768455218435793,0,0.0
2022-01-24,CAKE,,-0.1608005182679517,-1,-0.05749158409313978
2022-01-24,CHZ,,0.358251111882158,1,0.048670974254711535
2022-01-24,DASH,,0.032770631918003355,0,0.0
2022-01-24,DEXE,,0.2906629708008612,1,0.05294227802474405
2022-01-24,DOGE,,0.011470585140950642,0,0.0
2022-01-24,DOT,,-0.09217127277347681,0,0.0
2022-01-24,ETC,,0.19402538939179848,0,0.0
2022-01-24,ETH,,0.08707058592931026,0,0.0
2022-01-24,FET,,-0.1416445845595458,0,0.0
2022-01-24,FIL,,0.3192766530650725,1,0.043006120007233466
2022-01-24,HBAR,,0.2886076431068584,0,0.0
2022-01-24,ICP,,-0.7175354871570206,-1,-0.04346628455165281
2022-01-24,JST,,0.43496218421751703,1,0.05309388682107345
2022-01-24,LINK,,-0.3620088663490938,-1,-0.046136643653651395
2022-01-24,LTC,,-0.05059689635111213,0,0.0
2022-01-24,NEAR,,-1.2271079608891493,-1,-0.03113891872421644
2022-01-24,QNT,,0.012696287485802765,0,0.0
2022-01-24,SHIB,,0.10675212319582919,0,0.0
2022-01-24,SOL,,0.032030602209725215,0,0.0
2022-01-24,STX,,0.29080102404459335,1,0.04687583466912566
2022-01-24,TRX,,0.3959680968915305,1,0.056388710370931176
2022-01-24,UNI,,-0.10797806192732665,0,0.0
2022-01-24,VET,,0.22754283755805793,0,0.0
2022-01-24,XLM,,0.14544673456692786,0,0.0
2022-01-24,XRP,,0.07090120747813351,0,0.0
2022-01-24,ZEC,,0.21787057179131128,0,0.0
2022-01-31,AAVE,,-0.1711657843197263,-1,-0.05868869901321449
2022-01-31,ADA,,-0.3209313209608273,-1,-0.0594506906269697
2022-01-31,ALGO,,0.11851587775273141,0,0.0
2022-01-31,ATOM,,-0.6404180416552614,-1,-0.058970569576425956
2022-01-31,AVAX,,0.24286467475747564,1,0.03864602996331908
2022-01-31,BCH,,0.2634552320498004,1,0.052908532117024655
2022-01-31,BNB,,0.050619590226144484,0,0.0
2022-01-31,BTC,,0.26801369611456743,1,0.05777804376257745
2022-01-31,CAKE,,-0.024749133224897267,0,0.0
2022-01-31,CHZ,,0.13925583353776796,0,0.0
2022-01-31,DASH,,0.19121073150594656,0,0.0
2022-01-31,DEXE,,0.16667955089307376,0,0.0
2022-01-31,DOGE,,0.10633634426973587,0,0.0
2022-01-31,DOT,,-0.056786410941163185,0,0.0
2022-01-31,ETC,,0.25090750097140924,1,0.04273177991602389
2022-01-31,ETH,,0.06525055070600072,0,0.0
2022-01-31,FET,,0.06816916273797691,0,0.0
2022-01-31,FIL,,0.17590352417306065,0,0.0
2022-01-31,HBAR,,0.33091676715879575,1,0.048554152761367
2022-01-31,ICP,,-0.059349744657679615,0,0.0
2022-01-31,JST,,-0.39002830414362366,-1,-0.04546037864094833
2022-01-31,LINK,,0.007333664885667774,0,0.0
2022-01-31,LTC,,0.07618864935669856,0,0.0
2022-01-31,NEAR,,-1.1495910384718042,-1,-0.034505892048122794
2022-01-31,QNT,,-0.5072897344039062,-1,-0.043115896644311584
2022-01-31,SHIB,,-0.10793877859556149,0,0.0
2022-01-31,SOL,,-0.053956051411262515,0,0.0
2022-01-31,STX,,0.20713550397570832,0,0.0
2022-01-31,TRX,,0.46499493350336163,1,0.05777804376257745
2022-01-31,UNI,,-0.09009101085310996,0,0.0
2022-01-31,VET,,0.12729731542693215,0,0.0
2022-01-31,XLM,,0.19085427616368927,0,0.0
2022-01-31,XRP,,0.2363243867633876,1,0.05523186168663964
2022-01-31,ZEC,,-0.17593241329111026,-1,-0.053436317419536354
2022-02-07,AAVE,,-0.06396347881900237,0,0.0
2022-02-07,ADA,,0.1018076754545766,0,0.0
2022-02-07,ALGO,,0.10874334583619075,0,0.0
2022-02-07,ATOM,,-0.2011330372208932,0,0.0
2022-02-07,AVAX,,0.22969568605677018,0,0.0
2022-02-07,BCH,,0.48703827434030866,1,0.053415606709055846
2022-02-07,BNB,,0.24161555623185374,0,0.0
2022-02-07,BTC,,0.21801821205502714,0,0.0
2022-02-07,CAKE,,0.3087987411073731,0,0.0
2022-02-07,CHZ,,-0.2320736699561488,0,0.0
2022-02-07,DASH,,0.12566764099452152,0,0.0
2022-02-07,DEXE,,0.3483288977279183,1,0.03861495345263688
2022-02-07,DOGE,,0.44473315197537483,1,0.055945281915862385
2022-02-07,DOT,,-0.23885510169772692,-1,-0.05568341274105685
2022-02-07,ETC,,0.41586807754827554,1,0.04302178762685001
2022-02-07,ETH,,-0.0771599110652486,0,0.0
2022-02-07,FET,,0.310711216216627,1,0.0473999599988961
2022-02-07,FIL,,0.11165558763600099,0,0.0
2022-02-07,HBAR,,-0.04071353526302469,0,0.0
2022-02-07,ICP,,-0.2666060490095263,-1,-0.05568341274105685
2022-02-07,JST,,-1.3238021887942049,-1,-0.03823841615190556
2022-02-07,LINK,,-0.01989863021559458,0,0.0
2022-02-07,LTC,,0.17260097233209432,0,0.0
2022-02-07,NEAR,,-0.6508187536295934,-1,-0.04358408566276808
2022-02-07,QNT,,-0.7716273398025948,-1,-0.040328864562895285
2022-02-07,SHIB,,-0.1357561730564834,0,0.0
2022-02-07,SOL,,-0.41080312074820485,-1,-0.05549097018051432
2022-02-07,STX,,0.024342252998028314,0,0.0
2022-02-07,TRX,,0.39664278922534224,1,0.055945281915862385
2022-02-07,UNI,,0.1898389105589798,0,0.0
2022-02-07,VET,,0.022204653902607126,0,0.0
2022-02-07,XLM,,0.09643737631785629,0,0.0
2022-02-07,XRP,,0.5064347569928961,1,0.04481520824874693
2022-02-07,ZEC,,-0.42797278623036983,-1,-0.05014891782771359
2022-02-14,AAVE,,-0.09327737450576419,0,0.0
2022-02-14,ADA,,-0.18976212661895525,0,0.0
2022-02-14,ALGO,,0.22126620471253625,0,0.0
2022-02-14,ATOM,,0.024251381784390763,0,0.0
2022-02-14,AVAX,,0.5692390042103012,1,0.05962770181678147
2022-02-14,BCH,,0.14020362466088193,0,0.0
2022-02-14,BNB,,0.1633988573594047,0,0.0
2022-02-14,BTC,,-0.23629673342718976,-1,-0.07054582765755786
2022-02-14,CAKE,,0.2857102762040968,1,0.049705625412098636
2022-02-14,CHZ,,-0.020479423651190515,0,0.0
2022-02-14,DASH,,0.25626274804015914,1,0.04270065480867567
2022-02-14,DEXE,,0.632212200385076,1,0.05962770181678147
2022-02-14,DOGE,,0.18174566214981508,0,0.0
2022-02-14,DOT,,-0.1348498965287438,0,0.0
2022-02-14,ETC,,-0.16127268503024908,0,0.0
2022-02-14,ETH,,-0.20664181383736158,-1,-0.07054582765755786
2022-02-14,FET,,0.17859472048608413,0,0.0
2022-02-14,FIL,,0.4366207596716458,1,0.0520154165135352
2022-02-14,HBAR,,0.03429514166622774,0,0.0
2022-02-14,ICP,,-0.036618363326431126,0,0.0
2022-02-14,JST,,-1.0247902115951193,-1,-0.03475707586823353
2022-02-14,LINK,,0.1896421445242939,0,0.0
2022-02-14,LTC,,-0.14657520113158434,0,0.0
2022-02-14,NEAR,,-0.3381801620040213,-1,-0.046297877391410294
2022-02-14,QNT,,-0.6253487132252386,-1,-0.039385745432030245
2022-02-14,SHIB,,-0.4010037081972097,-1,-0.04931997378329335
2022-02-14,SOL,,-0.06280935333442034,0,0.0
2022-02-14,STX,,-0.07398371174162316,0,0.0
2022-02-14,TRX,,0.32847297447342616,1,0.05962770181678147
2022-02-14,UNI,,0.1827906864100676,0,0.0
2022-02-14,VET,,-0.05317977237151001,0,0.0
2022-02-14,XLM,,-0.0385059503752753,0,0.0
2022-02-14,XRP,,0.332310391989388,1,0.042097304497068576
2022-02-14,ZEC,,-0.3134415778259131,-1,-0.05454977889163932
2022-02-21,AAVE,,0.03213368121009894,0,0.0
2022-02-21,ADA,,-0.0703592905998845,0,0.0
2022-02-21,ALGO,,0.3451651061421416,1,0.047308579530960106
2022-02-21,ATOM,,0.34786376405855574,1,0.03248016994681518
2022-02-21,AVAX,,0.440177466130491,1,0.04662177094385709
2022-02-21,BCH,,0.38266456445023667,1,0.04779578343617664
2022-02-21,BNB,,0.18509406576342682,0,0.0
2022-02-21,BTC,,0.02973698552320307,0,0.0
2022-02-21,CAKE,,-0.05220650115496696,0,0.0
2022-02-21,CHZ,,-0.22459683975795317,-1,-0.052162333410941106
2022-02-21,DASH,,0.016179097465178302,0,0.0
2022-02-21,DEXE,,0.0007720317352159844,0,0.0
2022-02-21,DOGE,,0.03882325098753536,0,0.0
2022-02-21,DOT,,0.14610706748237368,0,0.0
2022-02-21,ETC,,-0.028000579510880263,0,0.0
2022-02-21,ETH,,0.07608765863300068,0,0.0
2022-02-21,FET,,-0.09707749931771227,0,0.0
2022-02-21,FIL,,0.740832895594292,1,0.0444012439831441
2022-02-21,HBAR,,0.13280425962771839,0,0.0
2022-02-21,ICP,,-0.08814424552553742,0,0.0
2022-02-21,JST,,-1.3435206945783265,-1,-0.030902738771084796
2022-02-21,LINK,,0.36408891724775533,1,0.05238876890210608
2022-02-21,LTC,,-0.12891440330554177,-1,-0.05388063258226976
2022-02-21,NEAR,,-0.3962959475374668,-1,-0.04312824733288853
2022-02-21,QNT,,-0.6701575439835422,-1,-0.038552276008299746
2022-02-21,SHIB,,-0.5842786400366083,-1,-0.044669038390876846
2022-02-21,SOL,,-0.08566457832183047,0,0.0
2022-02-21,STX,,0.03990031696084527,0,0.0
2022-02-21,TRX,,0.1883916715102741,0,0.0
2022-02-21,UNI,,0.7845316484460665,1,0.04234756342526192
2022-02-21,VET,,0.008372282710644994,0,0.0
2022-02-21,XLM,,-0.027084096000488365,0,0.0
2022-02-21,XRP,,-0.0967069988902305,0,0.0
2022-02-21,ZEC,,-0.4067188731580814,-1,-0.050048613671960396
2022-02-28,AAVE,,0.031189915822199973,0,0.0
2022-02-28,ADA,,-0.03589503327293477,0,0.0
2022-02-28,ALGO,,0.16909940717509156,0,0.00874967832107331
2022-02-28,ATOM,,-0.12254574792186347,-1,-0.0472040721092716
2022-02-28,AVAX,,0.07063808332510207,0,0.008622653703871067
2022-02-28,BCH,,-0.06944926636611974,0,0.00883978623574079
2022-02-28,BNB,,0.09178622574152442,0,0.0
2022-02-28,BTC,,-0.11989007226598809,0,0.0
2022-02-28,CAKE,,0.21105744128041723,1,0.03808351522952359
2022-02-28,CHZ,,-0.5372900097761825,-1,-0.039244175365753926
2022-02-28,DASH,,0.1934072361211307,0,0.0
2022-02-28,DEXE,,0.09677970525472405,0,0.0
2022-02-28,DOGE,,0.17578295446828707,0,0.0
2022-02-28,DOT,,0.047333110197018774,0,0.0
2022-02-28,ETC,,-0.26538029643032607,-1,-0.04970276458378069
2022-02-28,ETH,,0.014703863253638108,0,0.0
2022-02-28,FET,,-0.6042890032448075,-1,-0.03353442773110951
2022-02-28,FIL,,0.0956843633074511,0,0.008211969282522193
2022-02-28,HBAR,,0.2048023739960968,0,0.0
2022-02-28,ICP,,0.2473391872841187,1,0.04465201740439817
2022-02-28,JST,,-0.004730726357190184,0,-0.005715433144852761
2022-02-28,LINK,,0.20621210596899378,1,0.05656625406441209
2022-02-28,LTC,,0.08781538992003311,0,-0.009965173495058738
2022-02-28,NEAR,,-0.47813730320485914,-1,-0.0371655513935007
2022-02-28,QNT,,0.30688452896273777,1,0.024443099489193
2022-02-28,SHIB,,0.040868834280898575,0,-0.008261497612205196
2022-02-28,SOL,,0.12191432598243213,0,0.0
2022-02-28,STX,,0.28426728184685707,1,0.04589048420233849
2022-02-28,TRX,,0.21840106393091552,1,0.046876999386399686
2022-02-28,UNI,,-0.057038525976167445,0,0.007832142950092325
2022-02-28,VET,,0.1304171760510335,0,0.0
2022-02-28,XLM,,-0.3106434783916997,-1,-0.05497886286508664
2022-02-28,XRP,,-0.7079476095414744,-1,-0.04588099193783622
2022-02-28,ZEC,,0.26685249857891385,1,0.03288434996889124
2022-03-07,AAVE,,0.15018262447011768,0,0.0
2022-03-07,ADA,,0.06138271896556843,0,0.0
2022-03-07,ALGO,,-0.23370791003995164,-1,-0.06689960231406653
2022-03-07,ATOM,,-0.052977504761076884,0,0.0
2022-03-07,AVAX,,0.12395057013284075,0,0.0
2022-03-07,BCH,,0.1127865550207862,0,0.0
2022-03-07,BNB,,0.03660221839314173,0,0.0
2022-03-07,BTC,,-0.12357172789307844,-1,-0.06689960231406653
2022-03-07,CAKE,,0.2521152595423078,1,0.04414638740082837
2022-03-07,CHZ,,-0.678653843540907,-1,-0.03581472332033498
2022-03-07,DASH,,0.04239597748725055,0,0.0
2022-03-07,DEXE,,0.0542763165710196,0,0.0
2022-03-07,DOGE,,0.11139530550316619,0,0.0
2022-03-07,DOT,,0.1903229007887352,1,0.04328727201852413
2022-03-07,ETC,,0.035010098695746374,0,0.0
2022-03-07,ETH,,0.07692833536949786,0,0.0
2022-03-07,FET,,-0.594875558366568,-1,-0.03785076417194125
2022-03-07,FIL,,0.10151165269852573,0,0.0
2022-03-07,HBAR,,0.17155491669027845,0,0.0
2022-03-07,ICP,,0.15971865279516773,0,0.0
2022-03-07,JST,,0.2755347112397986,1,0.0465784735366265
2022-03-07,LINK,,0.17273381635824986,1,0.050420448692343196
2022-03-07,LTC,,0.11827718141327277,0,0.0
2022-03-07,NEAR,,-0.273578761397005,-1,-0.04324771652733488
2022-03-07,QNT,,0.30245263381097,1,0.036164510869743184
2022-03-07,SHIB,,0.1724203904623144,0,0.0
2022-03-07,SOL,,0.17671550363763683,1,0.050420448692343196
2022-03-07,STX,,-0.19150102705157587,-1,-0.04671764145342292
2022-03-07,TRX,,0.2831207179859644,1,0.050420448692343196
2022-03-07,UNI,,0.04473113522454414,0,0.0
2022-03-07,VET,,0.03835227211863533,0,0.0
2022-03-07,XLM,,0.12075051911189862,0,0.0
2022-03-07,XRP,,0.10003376646953974,0,0.0
2022-03-07,ZEC,,-1.3363904179068178,-1,-0.024007939801584628
2022-03-14,AAVE,,-0.5339454639485187,-1,-0.047350696192356795
2022-03-14,ADA,,-0.05155666616976798,0,0.0
2022-03-14,ALGO,,0.01807040297884156,0,0.0
2022-03-14,ATOM,,0.22534562408699108,1,0.049617246480560824
2022-03-14,AVAX,,-0.31253299762685405,-1,-0.05978763798772375
2022-03-14,BCH,,0.03281608632102933,0,0.0
2022-03-14,BNB,,0.0005660260147697729,0,0.0
2022-03-14,BTC,,0.10700776842287942,0,0.0
2022-03-14,CAKE,,0.048360203339467944,0,0.0
2022-03-14,CHZ,,-0.6223949161196007,-1,-0.059103091084018115
2022-03-14,DASH,,-0.1149751770765698,0,0.0
2022-03-14,DEXE,,-0.1482124236566293,-1,-0.05978763798772375
2022-03-14,DOGE,,0.07767796291596209,0,0.0
2022-03-14,DOT,,0.5954576112189849,1,0.05822174600750244
2022-03-14,ETC,,-0.9781768386801043,-1,-0.03431259827379847
2022-03-14,ETH,,0.039050078164542125,0,0.0
2022-03-14,FET,,-0.4950963400951753,-1,-0.05978763798772375
2022-03-14,FIL,,-0.029382283944418098,0,0.0
2022-03-14,HBAR,,0.39464199492484936,1,0.05822174600750244
2022-03-14,ICP,,0.2219410149702393,0,0.0
2022-03-14,JST,,0.5438752534575592,1,0.04220759247105439
2022-03-14,LINK,,0.005895879780292936,0,0.0
2022-03-14,LTC,,0.15417949235698486,0,0.0
2022-03-14,NEAR,,-0.05806468407166347,0,0.0
2022-03-14,QNT,,0.8140262430176608,1,0.05822174600750244
2022-03-14,SHIB,,0.26066535057223245,1,0.038190656884603526
2022-03-14,SOL,,0.17517230529380373,0,0.0
2022-03-14,STX,,0.018516472676855203,0,0.0
2022-03-14,TRX,,0.286363553268989,1,0.05822174600750244
2022-03-14,UNI,,-0.006524991611337183,0,0.0
2022-03-14,VET,,0.044160667358196466,0,0.0
2022-03-14,XLM,,0.04714969754223712,0,0.0
2022-03-14,XRP,,0.17957413703452205,0,0.0
2022-03-14,ZEC,,-0.939651042717251,-1,-0.042773180352883876
2022-03-21,AAVE,,-0.7050412941301762,-1,-0.04890081475445821
2022-03-21,ADA,,-0.5092282342266071,-1,-0.04928032573225915
2022-03-21,ALGO,,-0.3500022743304172,0,0.0
2022-03-21,ATOM,,0.31393344956121755,0,0.0
2022-03-21,AVAX,,-0.49270584015387026,-1,-0.05322663042047066
2022-03-21,BCH,,0.006368873353710993,0,0.0
2022-03-21,BNB,,0.342350454480307,1,0.05556876176516806
2022-03-21,BTC,,0.2644889743293342,0,0.0
2022-03-21,CAKE,,-0.10666118175380591,0,0.0
2022-03-21,CHZ,,-0.34609111479902394,0,0.0
2022-03-21,DASH,,0.1673087047353108,0,0.0
2022-03-21,DEXE,,0.03871028263725744,0,0.0
2022-03-21,DOGE,,-0.007672930711225287,0,0.0
2022-03-21,DOT,,0.2760384832326572,0,0.0
2022-03-21,ETC,,-0.9487857349986673,-1,-0.034590223532543984
2022-03-21,ETH,,0.1029932141712691,0,0.0
2022-03-21,FET,,-0.21937667647468534,0,0.0
2022-03-21,FIL,,-0.6713394651955826,-1,-0.045143771791618
2022-03-21,HBAR,,0.23802735749774967,0,0.0
2022-03-21,ICP,,-0.2441389560232488,0,0.0
2022-03-21,JST,,0.7252345611206474,1,0.040417740248255354
2022-03-21,LINK,,0.14843332540320606,0,0.0
2022-03-21,LTC,,0.42664281514163704,1,0.04407845698866808
2022-03-21,NEAR,,0.3932431415554366,1,0.0297019979720906
2022-03-21,QNT,,0.309311234777509,0,0.0
2022-03-21,SHIB,,0.4024116445326654,1,0.04058505458202706
2022-03-21,SOL,,0.17816939408275603,0,0.0
2022-03-21,STX,,0.27495929954230053,0,0.0
2022-03-21,TRX,,0.6262831509990098,1,0.05556876176516806
2022-03-21,UNI,,-0.1770650037843485,0,0.0
2022-03-21,VET,,-0.8112491590073558,-1,-0.037335591448484105
2022-03-21,XLM,,0.15770768566606064,0,0.0
2022-03-21,XRP,,0.9919405217621405,1,0.05556876176516806
2022-03-21,ZEC,,-0.7951987029931593,-1,-0.053012177406711186
2022-03-28,AAVE,,-0.2861951654861744,-1,-0.052233463846188606
2022-03-28,ADA,,-0.5858103219219882,-1,-0.05840804779935049
2022-03-28,ALGO,,-0.35619024665226473,-1,-0.05840804779935049
2022-03-28,ATOM,,0.4933368585459573,1,0.06421150871080655
2022-03-28,AVAX,,-0.1964167637851868,0,0.0
2022-03-28,BCH,,-0.0014406191669584058,0,0.0
2022-03-28,BNB,,0.21535923388908795,0,0.0
2022-03-28,BTC,,-0.21088776293583217,0,0.0
2022-03-28,CAKE,,0.19815546763931008,0,0.0
2022-03-28,CHZ,,-0.2029914639131888,0,0.0
2022-03-28,DASH,,-0.08226366377317983,0,0.0
2022-03-28,DEXE,,0.1456807609518599,0,0.0
2022-03-28,DOGE,,-0.026101558174282745,0,0.0
2022-03-28,DOT,,0.23251246041642837,0,0.0
2022-03-28,ETC,,-1.0141466494838154,-1,-0.040140588663846045
2022-03-28,ETH,,0.14059073614459033,0,0.0
2022-03-28,FET,,-0.2176040090743409,0,0.0
2022-03-28,FIL,,-0.37413387644845997,-1,-0.05840804779935049
2022-03-28,HBAR,,0.2354224086461047,0,0.0
2022-03-28,ICP,,-0.18022521573358294,0,0.0
2022-03-28,JST,,0.7753204094113991,1,0.04421985566223182
2022-03-28,LINK,,0.21235997440638796,0,0.0
2022-03-28,LTC,,0.08835903344912548,0,0.0
2022-03-28,NEAR,,0.550556791455647,1,0.033179332186570966
2022-03-28,QNT,,-0.18050518904061857,0,0.0
2022-03-28,SHIB,,0.5258205154464507,1,0.054517996263011154
2022-03-28,SOL,,0.27511003602696726,1,0.030715142216752127
2022-03-28,STX,,0.6804869400742597,1,0.06421150871080655
2022-03-28,TRX,,0.5400326821710413,1,0.06421150871080655
2022-03-28,UNI,,0.12302091326874218,0,0.0
2022-03-28,VET,,-0.7180966872635779,-1,-0.04440523387411348
2022-03-28,XLM,,0.15067738492971366,0,0.0
2022-03-28,XRP,,0.10161534682509352,0,0.0
2022-03-28,ZEC,,-1.0514087608447067,-1,-0.043263422678786065
2022-04-04,AAVE,,-0.5939287920800855,-1,-0.038231165792680516
2022-04-04,ADA,,-0.3976937648496384,-1,-0.05458110289518799
2022-04-04,ALGO,,-0.22214465178373097,0,0.0
2022-04-04,ATOM,,0.1906316269317077,1,0.044041235992173564
2022-04-04,AVAX,,-0.01746549395189786,0,0.0
2022-04-04,BCH,,0.033823950330826545,0,0.0
2022-04-04,BNB,,0.2511459111851063,1,0.05639186373293071
2022-04-04,BTC,,-0.07247040945495373,0,0.0
2022-04-04,CAKE,,0.1143333599594567,0,0.0
2022-04-04,CHZ,,-0.172214520353228,0,0.0
2022-04-04,DASH,,-0.061320423194749916,0,0.0
2022-04-04,DEXE,,0.1598084440569171,1,0.03861315528218598
2022-04-04,DOGE,,0.6334453256592009,1,0.05472620432779979
2022-04-04,DOT,,-0.019085112264650206,0,0.0
2022-04-04,ETC,,-0.7008770414176352,-1,-0.04123812990212771
2022-04-04,ETH,,0.08285287168229227,0,0.0
2022-04-04,FET,,-0.3035347406155684,-1,-0.051950260627313914
2022-04-04,FIL,,-0.27332088230870677,-1,-0.05458110289518799
2022-04-04,HBAR,,0.056317066234276576,0,0.0
2022-04-04,ICP,,-0.2533944447210952,-1,-0.05401276110572831
2022-04-04,JST,,0.9131450636294258,1,0.051302831497132224
2022-04-04,LINK,,0.05017794104298443,0,0.0
2022-04-04,LTC,,0.0644391552354455,0,0.0
2022-04-04,NEAR,,0.3617079626141562,1,0.03428625777994469
2022-04-04,QNT,,-0.012708098509161228,0,0.0
2022-04-04,SHIB,,0.5736477730592038,1,0.05639186373293071
2022-04-04,SOL,,-0.06056792663529497,0,0.0
2022-04-04,STX,,0.1258137612167213,0,0.0
2022-04-04,TRX,,0.13906871793987027,0,0.0
2022-04-04,UNI,,0.027481437122755525,0,0.0
2022-04-04,VET,,-0.6728872418240521,-1,-0.04115888912687128
2022-04-04,XLM,,-0.022173381578547206,0,0.0
2022-04-04,XRP,,0.09412246165543706,0,0.0
2022-04-04,ZEC,,-0.016175904012794368,0,0.0
2022-04-11,AAVE,,-0.5287082223054348,-1,-0.040793437292526755
2022-04-11,ADA,,-0.5262672767355742,-1,-0.05501498018375369
2022-04-11,ALGO,,-0.087925560176499,0,0.0
2022-04-11,ATOM,,-0.10248764153530636,0,0.0
2022-04-11,AVAX,,0.22293920921837845,1,0.045958156354017315
2022-04-11,BCH,,0.50780061547942,1,0.04466737083429349
2022-04-11,BNB,,0.2141321187639396,0,0.0
2022-04-11,BTC,,-0.1719798049811023,0,0.0
2022-04-11,CAKE,,0.050673259256125563,0,0.0
2022-04-11,CHZ,,-0.12548988570079353,0,0.0
2022-04-11,DASH,,0.1481679275809369,0,0.0
2022-04-11,DEXE,,0.2257444428064442,1,0.05508054707944349
2022-04-11,DOGE,,0.19074544655859063,0,0.0
2022-04-11,DOT,,-0.0504536084262424,0,0.0
2022-04-11,ETC,,-0.09302616201968462,0,0.0
2022-04-11,ETH,,-0.12246776160300382,0,0.0
2022-04-11,FET,,-0.4138836937701304,-1,-0.04899179977902622
2022-04-11,FIL,,-0.25341674589875,-1,-0.05474005958254449
2022-04-11,HBAR,,0.008440935065279764,0,0.0
2022-04-11,ICP,,-0.13198979401685615,0,0.0
2022-04-11,JST,,0.0977579895351231,0,0.0
2022-04-11,LINK,,-0.12131899876859889,0,0.0
2022-04-11,LTC,,0.3181200568467209,1,0.0504941909193943
2022-04-11,NEAR,,0.23773834343626032,1,0.03305606912140122
2022-04-11,QNT,,0.0048237592551944085,0,0.0
2022-04-11,SHIB,,0.7911964705821115,1,0.06041380112518381
2022-04-11,SOL,,-0.2522072657610414,-1,-0.05348752329677066
2022-04-11,STX,,0.12061328058273964,0,0.0
2022-04-11,TRX,,0.21040672717542636,0,0.0
2022-04-11,UNI,,0.04261651567541634,0,0.0
2022-04-11,VET,,-0.7784598275150872,-1,-0.03899018948948678
2022-04-11,XLM,,0.16584678192667276,0,0.0
2022-04-11,XRP,,0.42858597436653917,1,0.06041380112518381
2022-04-11,ZEC,,-0.22626760489721873,-1,-0.05806594693480879
2022-04-18,AAVE,,-1.1232733149121725,-1,-0.022450488211356354
2022-04-18,ADA,,0.007772370630555494,0,-0.00805811429627322
2022-04-18,ALGO,,0.3674879434652623,1,0.04132024682818921
2022-04-18,ATOM,,-0.07939219616136085,0,0.0
2022-04-18,AVAX,,0.0012697769690838009,0,0.006731549761714348
2022-04-18,BCH,,0.14783042708738564,0,0.006542486760779551
2022-04-18,BNB,,-0.001196822318005213,0,0.0
2022-04-18,BTC,,-0.023542023483069604,0,0.0
2022-04-18,CAKE,,-0.04501138205526742,0,0.0
2022-04-18,CHZ,,0.15054713715659573,0,0.0
2022-04-18,DASH,,0.20836760286958605,0,0.0
2022-04-18,DEXE,,0.3985433266589351,1,0.045472367432251304
2022-04-18,DOGE,,-0.19370763718639566,-1,-0.05884743053531992
2022-04-18,DOT,,0.2583721214041191,1,0.03733893077346971
2022-04-18,ETC,,-0.11813885363297859,-1,-0.05884743053531992
2022-04-18,ETH,,-0.171582675114809,-1,-0.05884743053531992
2022-04-18,FET,,0.23711909365436323,0,-0.00717589138232768
2022-04-18,FIL,,0.05780709949491969,0,-0.008017846325267058
2022-04-18,HBAR,,0.11117143526550588,0,0.0
2022-04-18,ICP,,0.26512383666095457,1,0.030626723498521597
2022-04-18,JST,,-0.6649891802671531,-1,-0.029939753147179598
2022-04-18,LINK,,-0.08459544168208945,0,0.0
2022-04-18,LTC,,0.20495459387304465,0,0.007395948528333335
2022-04-18,NEAR,,-0.5418245920085738,-1,-0.026394025094522634
2022-04-18,QNT,,0.4242676489804022,1,0.04911988095646416
2022-04-18,SHIB,,0.31942674788502506,1,0.05796876743998256
2022-04-18,SOL,,-0.5985938546543984,-1,-0.032043242055498966
2022-04-18,STX,,0.19180205812211787,0,0.0
2022-04-18,TRX,,0.27708567454121463,1,0.03347179971202107
2022-04-18,UNI,,0.10985351743604344,0,0.0
2022-04-18,VET,,-0.06251359978200478,0,-0.005710942770318708
2022-04-18,XLM,,0.08766054748798334,0,0.0
2022-04-18,XRP,,-0.11401211322870732,0,0.0088488864835184
2022-04-18,ZEC,,-0.004089273156114698,0,-0.008504993286541244
2022-04-25,AAVE,,-0.2553082789876459,-1,-0.03381477410433662
2022-04-25,ADA,,0.1661223444326743,0,-0.00120783920606078
2022-04-25,ALGO,,0.021465056055276984,0,0.006193535148325886
2022-04-25,ATOM,,0.013328981115820548,0,0.0
2022-04-25,AVAX,,0.16369977162984398,0,0.0010089990562069853
2022-04-25,BCH,,-0.05956701014330513,0,0.0009806602046409096
2022-04-25,BNB,,0.5039195127146475,1,0.031990034213140214
2022-04-25,BTC,,0.34670235309201203,1,0.031990034213140214
2022-04-25,CAKE,,-0.7312264413687317,-1,-0.030652454367852078
2022-04-25,CHZ,,0.21011238644729874,1,0.025985741547095008
2022-04-25,DASH,,0.3171282617419846,1,0.03029482111834841
2022-04-25,DEXE,,0.036145115270485306,0,0.006815900861877305
2022-04-25,DOGE,,0.4154884162653041,1,0.023169331110260358
2022-04-25,DOT,,-0.22861514862904003,-1,-0.029269859964639572
2022-04-25,ETC,,0.1640697371554429,0,-0.008820703102879857
2022-04-25,ETH,,0.44999204871767357,1,0.023169331110260358
2022-04-25,FET,,-0.5182354490180346,-1,-0.031226707040435914
2022-04-25,FIL,,0.009832444618491362,0,-0.0012018033976394157
2022-04-25,HBAR,,-0.050508426087519945,0,0.0
2022-04-25,ICP,,-0.1759298746644117,-1,-0.028847130137056306
2022-04-25,JST,,-0.16848855687628866,0,-0.0044877010106036605
2022-04-25,LINK,,0.07928381373226068,0,0.0
2022-04-25,LTC,,0.27662434608372916,1,0.029423729124480096
2022-04-25,NEAR,,-0.16586308397890112,0,-0.003956228112780742
2022-04-25,QNT,,0.12343009365560079,0,0.007362630490820241
2022-04-25,SHIB,,0.09011114659564176,0,0.00868899936966798
2022-04-25,SOL,,0.19940566008784266,0,-0.004802995169952723
2022-04-25,STX,,0.012550655897338869,0,0.0
2022-04-25,TRX,,-0.26028366458170565,-1,-0.02713907566481545
2022-04-25,UNI,,0.16813716134824205,0,0.0
2022-04-25,VET,,0.18286412354017859,0,-0.00085601920349411
2022-04-25,XLM,,0.2075871612708942,0,0.0
2022-04-25,XRP,,-0.1042922931958729,0,0.0013263688788477373
2022-04-25,ZEC,,-1.439682363937217,-1,-0.022116825964564435
2022-05-02,AAVE,,0.024734723575965643,0,0.0
2022-05-02,ADA,,0.2397348118790725,1,0.04007269769549796
2022-05-02,ALGO,,-0.7836502011544403,-1,-0.02972989389150118
2022-05-02,ATOM,,0.10508077866362897,0,0.0
2022-05-02,AVAX,,0.24166975849300926,1,0.035259409203371374
2022-05-02,BCH,,0.0919853647227428,0,0.0
2022-05-02,BNB,,0.15496124513177556,0,0.0
2022-05-02,BTC,,-0.013045099267329274,0,0.0
2022-05-02,CAKE,,-0.5360362244523014,-1,-0.03905470939320438
2022-05-02,CHZ,,0.23028339201110412,1,0.04007269769549796
2022-05-02,DASH,,0.1886400761131675,0,0.0
2022-05-02,DEXE,,-0.46007648744674157,-1,-0.03215298342521963
2022-05-02,DOGE,,0.1988880398624548,0,0.0
2022-05-02,DOT,,-0.1590903724823591,-1,-0.042138567401819024
2022-05-02,ETC,,0.3170700510181885,1,0.035054832851951996
2022-05-02,ETH,,0.10288250900194279,0,0.0
2022-05-02,FET,,-0.24760403553688098,-1,-0.04180053425672697
2022-05-02,FIL,,0.1099356218264622,0,0.0
2022-05-02,HBAR,,0.08133389275574333,0,0.0
2022-05-02,ICP,,0.13158462762277565,0,0.0
2022-05-02,JST,,0.2109394635833234,1,0.03280491243988275
2022-05-02,LINK,,0.09589119365294037,0,0.0
2022-05-02,LTC,,0.1828738892535236,0,0.0
2022-05-02,NEAR,,0.06912366356954261,0,0.0
2022-05-02,NEXO,,0.043434519647180744,0,0.0
2022-05-02,QNT,,0.033958667659363784,0,0.0
2022-05-02,SHIB,,0.006848703108240482,0,0.0
2022-05-02,SOL,,0.07307759553896215,0,0.0
2022-05-02,STX,,-0.022717771443125187,0,0.0
2022-05-02,TRX,,-0.4477496425781776,-1,-0.03912613551047435
2022-05-02,UNI,,0.24116953680125502,1,0.026724578765369128
2022-05-02,VET,,0.30849504266092964,1,0.04007269769549796
2022-05-02,XLM,,0.15722490648851298,0,0.0
2022-05-02,XRP,,0.08474234076333342,0,0.0
2022-05-02,ZEC,,-1.0565945810437867,-1,-0.026059002468123604
2022-05-09,AAVE,,-0.15531125600194934,-1,-0.042070199905562274
2022-05-09,ADA,,0.15001509256566492,0,0.0
2022-05-09,ALGO,,-1.0308819435664447,-1,-0.02564732630439376
2022-05-09,ATOM,,0.11283560263242592,0,0.0
2022-05-09,AVAX,,0.16624201984690376,0,0.0
2022-05-09,BCH,,0.17110535245659486,1,0.040130228609500974
2022-05-09,BNB,,0.17580375735807524,1,0.04070496926267852
2022-05-09,BTC,,0.17231359795279297,1,0.04070496926267852
2022-05-09,CAKE,,-0.5945410833278788,-1,-0.032235976936028685
2022-05-09,CHZ,,0.15750015097070785,0,0.0
2022-05-09,DASH,,0.15417294020737252,0,0.0
2022-05-09,DEXE,,-0.021323663424527444,0,0.0
2022-05-09,DOGE,,-0.039662017315612585,0,0.0
2022-05-09,DOT,,0.14731662540213042,0,0.0
2022-05-09,ETC,,0.29479114392901734,1,0.032780951425986804
2022-05-09,ETH,,0.11823230430078017,0,0.0
2022-05-09,FET,,-0.1857084321809459,-1,-0.042070199905562274
2022-05-09,FIL,,0.05248043585319003,0,0.0
2022-05-09,HBAR,,0.26387807638769367,1,0.02855827886142846
2022-05-09,ICP,,0.09565515414921348,0,0.0
2022-05-09,JST,,-0.23736461341802056,-1,-0.039655162474643964
2022-05-09,LINK,,0.08697050123961565,0,0.0
2022-05-09,LTC,,0.11352650148351193,0,0.0
2022-05-09,NEAR,,0.01935457252404098,0,0.0
2022-05-09,NEXO,,0.044366679965628625,0,0.0
2022-05-09,QNT,,0.30887385495181646,1,0.034865083577617785
2022-05-09,SHIB,,0.07773640659986304,0,0.0
2022-05-09,SOL,,0.06144070809610695,0,0.0
2022-05-09,STX,,0.04343395803115687,0,0.0
2022-05-09,TRX,,-0.7855684671528962,-1,-0.033439947962889044
2022-05-09,UNI,,0.1407833870234615,0,0.0
2022-05-09,VET,,0.11757170690146208,0,0.0
2022-05-09,XLM,,0.02873724669461206,0,0.0
2022-05-09,XRP,,0.17943771879394502,1,0.032587226334718056
2022-05-09,ZEC,,-0.4042140199295135,-1,-0.035212893845529086
2022-05-16,AAVE,,-0.26481083908558944,-1,-0.041511663269704124
2022-05-16,ADA,,0.15101736500899968,0,0.0
2022-05-16,ALGO,,-1.3239893460744356,-1,-0.022041715709582965
2022-05-16,ATOM,,0.23004605116719304,0,0.0
2022-05-16,AVAX,,0.365524534956593,1,0.02876780459565845
2022-05-16,BCH,,0.22881419478337567,0,0.0
2022-05-16,BNB,,0.07412296212105682,0,0.0
2022-05-16,BTC,,0.11608344236372975,0,0.0
2022-05-16,CAKE,,-0.34732920564998754,-1,-0.03246542832550694
2022-05-16,CHZ,,0.09913119390079903,0,0.0
2022-05-16,DASH,,0.0680374136635758,0,0.0
2022-05-16,DEXE,,0.04088070775099352,0,0.0
2022-05-16,DOGE,,-0.18089576042248143,-1,-0.045399313747855864
2022-05-16,DOT,,-0.16702066880678018,-1,-0.04810761398908022
2022-05-16,ETC,,0.14221609201508975,0,0.0
2022-05-16,ETH,,0.12915260278855303,0,0.0
2022-05-16,FET,,0.09566054300004012,0,0.0
2022-05-16,FIL,,0.1714429318034436,0,0.0
2022-05-16,HBAR,,0.1728268235099094,0,0.0
2022-05-16,ICP,,0.23406950687404754,1,0.03397173247248986
2022-05-16,JST,,-0.4620395127349411,-1,-0.032087929375748885
2022-05-16,LINK,,0.2312407886947502,1,0.041258057372105854
2022-05-16,LTC,,-0.09177609418584085,0,0.0
2022-05-16,NEAR,,-0.006550154401612167,0,0.0
2022-05-16,NEXO,,0.043861685087839684,0,0.0
2022-05-16,QNT,,0.3006378484758148,1,0.041258057372105854
2022-05-16,SHIB,,0.2635226440029329,1,0.023963534598476218
2022-05-16,SOL,,0.2906173060516294,1,0.03963761709889052
2022-05-16,STX,,0.2950234026635544,1,0.041258057372105854
2022-05-16,TRX,,-1.1054862423560285,-1,-0.028501196464353597
2022-05-16,UNI,,-0.0940231557931161,0,0.0
2022-05-16,VET,,0.12328984891999893,0,0.0
2022-05-16,XLM,,-0.0651164141616078,0,0.0
2022-05-16,XRP,,0.1548950343892354,0,0.0
2022-05-16,ZEC,,0.08692246967926695,0,0.0
2022-05-23,AAVE,,-0.2269973187912171,-1,-0.03917515567542223
2022-05-23,ADA,,0.0813345693348214,0,0.0
2022-05-23,ALGO,,-1.3495051271862732,-1,-0.024285394002226183
2022-05-23,ATOM,,0.021871185145270988,0,0.0
2022-05-23,AVAX,,0.2425613815115507,1,0.026512520892247426
2022-05-23,BCH,,0.24399359221226205,1,0.0389185222636771
2022-05-23,BNB,,0.11416505071780897,0,0.0
2022-05-23,BTC,,0.19897763536696222,1,0.040383192230242414
2022-05-23,CAKE,,-0.31961741120333836,-1,-0.03553686544540289
2022-05-23,CHZ,,0.1077145151195542,0,0.0
2022-05-23,DASH,,0.10480944353056404,0,0.0
2022-05-23,DEXE,,0.12532147113622402,0,0.0
2022-05-23,DOGE,,0.11616083793515442,0,0.0
2022-05-23,DOT,,0.1784558829549039,0,0.0
2022-05-23,ETC,,-0.21814550631749785,-1,-0.042328486713387
2022-05-23,ETH,,-0.010179335944922756,0,0.0
2022-05-23,FET,,0.15086923517241674,0,0.0
2022-05-23,FIL,,0.17187791131405908,0,0.0
2022-05-23,HBAR,,0.05754339511862188,0,0.0
2022-05-23,ICP,,0.14230166570241426,0,0.0
2022-05-23,JST,,-0.45410853055339995,-1,-0.03485562310933955
2022-05-23,LINK,,0.22721154772713037,1,0.035671389628127916
2022-05-23,LTC,,-0.1197037352562633,-1,-0.042328486713387
2022-05-23,NEAR,,-0.04860560457861621,0,0.0
2022-05-23,NEXO,,0.08810066015136815,0,0.0
2022-05-23,QNT,,0.31017315154490105,1,0.040383192230242414
2022-05-23,SHIB,,0.16148284080018233,0,0.0
2022-05-23,SOL,,0.12888402429208162,0,0.0
2022-05-23,STX,,0.2344927172371434,1,0.02776258778669262
2022-05-23,TRX,,-1.0014094481501858,-1,-0.03150458560230743
2022-05-23,UNI,,-0.04599368604931055,0,0.0
2022-05-23,VET,,0.16517479237313787,0,0.0
2022-05-23,XLM,,0.2452284603919996,1,0.040383192230242414
2022-05-23,XRP,,0.1748524409394277,0,0.0
2022-05-23,ZEC,,0.0007072963010635851,0,0.0
2022-05-30,AAVE,,-0.473497728106284,-1,-0.03378734230738707
2022-05-30,ADA,,-0.7532536875969279,-1,-0.03324173744068063
2022-05-30,ALGO,,-0.26284782204529966,0,0.0
2022-05-30,ATOM,,0.18269942247734802,0,0.0
2022-05-30,AVAX,,0.29623320862976266,1,0.024349617469781926
2022-05-30,BCH,,0.3148188714399606,1,0.03458797842279786
2022-05-30,BNB,,0.175881585090462,0,0.0
2022-05-30,BTC,,0.42394021814406346,1,0.04123546694181125
2022-05-30,CAKE,,-0.40085329603940933,-1,-0.033024282902134335
2022-05-30,CHZ,,-0.360360562001994,-1,-0.037939924803729604
2022-05-30,DASH,,0.032809639988094635,0,0.0
2022-05-30,DEXE,,0.23723762145471008,1,0.026150227605398837
2022-05-30,DOGE,,0.12188113447710638,0,0.0
2022-05-30,DOT,,0.2529253753421344,1,0.04123546694181125
2022-05-30,ETC,,-0.4682702178822923,-1,-0.04059728640358143
2022-05-30,ETH,,0.19872809278368628,0,0.0
2022-05-30,FET,,0.1616635062884491,0,0.0
2022-05-30,FIL,,0.08066488429221588,0,0.0
2022-05-30,HBAR,,0.12539573805994578,0,0.0
2022-05-30,ICP,,-0.014697905886549498,0,0.0
2022-05-30,JST,,-0.41148386339006754,-1,-0.03405847440575423
2022-05-30,LINK,,-0.49713282316476587,-1,-0.037380643001956294
2022-05-30,LTC,,-0.055449649355613265,0,0.0
2022-05-30,NEAR,,-0.2501946744799655,0,0.0
2022-05-30,NEXO,,0.14366364640479673,0,0.0
2022-05-30,QNT,,0.5080039575280312,1,0.04123546694181125
2022-05-30,SHIB,,0.14681836434858228,0,0.0
2022-05-30,SOL,,0.09122982673785456,0,0.0
2022-05-30,STX,,0.15927319647352103,0,0.0
2022-05-30,TRX,,-0.1665057097770235,0,0.0
2022-05-30,UNI,,-0.011057312295285192,0,0.0
2022-05-30,VET,,0.05241146083953196,0,0.0
2022-05-30,XLM,,0.04750634734199262,0,0.0
2022-05-30,XRP,,0.09090890324077004,0,0.0
2022-05-30,ZEC,,0.2809102506384585,1,0.04123546694181125
2022-06-06,AAVE,,-0.8830805718388098,-1,-0.027431018884847738
2022-06-06,ADA,,-0.6786551644069452,-1,-0.03454980330983666
2022-06-06,ALGO,,0.21488642953937834,0,0.0
2022-06-06,ATOM,,0.11600726676065995,0,0.0
2022-06-06,AVAX,,0.21985979428136077,0,0.0
2022-06-06,BCH,,0.1530733155418383,0,0.0
2022-06-06,BNB,,0.06870811301024633,0,0.0
2022-06-06,BTC,,0.14724950262620595,0,0.0
2022-06-06,CAKE,,0.42555755873763945,1,0.03552956715494043
2022-06-06,CHZ,,-0.5384901925634136,-1,-0.03551934877326556
2022-06-06,DASH,,0.006942449871698284,0,0.0
2022-06-06,DEXE,,0.4643927571950982,1,0.029098583519328723
2022-06-06,DOGE,,0.09025803145660473,0,0.0
2022-06-06,DOT,,0.04525128647514752,0,0.0
2022-06-06,ETC,,-0.7223216213869409,-1,-0.033901938388415924
2022-06-06,ETH,,0.006912478588771583,0,0.0
2022-06-06,FET,,0.1648004015060958,0,0.0
2022-06-06,FIL,,0.21429461165159694,0,0.0
2022-06-06,HBAR,,-0.26995497568958327,-1,-0.04031161522914084
2022-06-06,ICP,,-0.1430268115490431,0,0.0
2022-06-06,JST,,0.15375709773356455,0,0.0
2022-06-06,LINK,,-0.5485652967508672,-1,-0.03755495237840692
2022-06-06,LTC,,-0.15246661315205529,0,0.0
2022-06-06,NEAR,,-0.26746200620239663,0,0.0
2022-06-06,NEXO,,0.21801882448378312,0,0.0
2022-06-06,QNT,,0.10434223352668556,0,0.0
2022-06-06,SHIB,,0.32883138085220154,1,0.03155365829176357
2022-06-06,SOL,,0.044889529278781176,0,0.0
2022-06-06,STX,,-0.028665700482762357,0,0.0
2022-06-06,TRX,,0.324095782079805,1,0.03941181727102646
2022-06-06,UNI,,-0.012511876580603171,0,0.0
2022-06-06,VET,,0.28097243966219787,1,0.034530656140707994
2022-06-06,XLM,,-0.3122734405204499,-1,-0.04078015613577111
2022-06-06,XRP,,0.2757916415122114,1,0.038891786247467273
2022-06-06,ZEC,,0.48858134475230663,1,0.04103276447445027
2022-06-13,AAVE,,-0.9632385896317445,-1,-0.027401742356789605
2022-06-13,ADA,,-0.5730453943341984,-1,-0.03753226452849858
2022-06-13,ALGO,,0.38068007433891315,1,0.03307841515838346
2022-06-13,ATOM,,0.37281575883298523,1,0.03472498302065005
2022-06-13,AVAX,,0.46430484727784976,1,0.031084727501860893
2022-06-13,BCH,,0.06345635460644326,0,0.0
2022-06-13,BNB,,0.09647282003617542,0,0.0
2022-06-13,BTC,,-0.24451789668609036,0,0.0
2022-06-13,CAKE,,0.20101712658258133,0,0.0
2022-06-13,CHZ,,-0.3911945851027787,-1,-0.037800418032304585
2022-06-13,DASH,,0.23720565167085725,0,0.0
2022-06-13,DEXE,,-0.11526188932983418,0,0.0
2022-06-13,DOGE,,0.32581220856845156,1,0.03485799062289957
2022-06-13,DOT,,0.2646404747606403,0,0.0
2022-06-13,ETC,,-0.5384803503804632,-1,-0.03578532508897649
2022-06-13,ETH,,-0.14354092356580708,0,0.0
2022-06-13,FET,,0.05067775936785936,0,0.0
2022-06-13,FIL,,0.49275769077032416,1,0.03475695744794416
2022-06-13,HBAR,,-0.05080350367984843,0,0.0
2022-06-13,ICP,,0.03492593148060826,0,0.0
2022-06-13,JST,,-0.29931936737505127,-1,-0.04040174936855861
2022-06-13,LINK,,-0.396468558227065,-1,-0.03768205990066779
2022-06-13,LTC,,-0.452554202392592,-1,-0.03342550883834615
2022-06-13,NEAR,,-0.11457591904896418,0,0.0
2022-06-13,NEXO,,-0.057410247430671246,0,0.0
2022-06-13,QNT,,-0.027399417222409884,0,0.0
2022-06-13,SHIB,,0.6223059148483201,1,0.03988009735152333
2022-06-13,SOL,,-0.18657995737995184,0,0.0
2022-06-13,STX,,-0.023851966353487058,0,0.0
2022-06-13,TRX,,-0.08341172530236045,0,0.0
2022-06-13,UNI,,0.22932684153175031,0,0.0
2022-06-13,VET,,0.30300173860781754,0,0.0
2022-06-13,XLM,,-0.1783129974156737,0,0.0
2022-06-13,XRP,,0.4106092115597623,1,0.04164589701088035
2022-06-13,ZEC,,0.2899570860176541,0,0.0
2022-06-20,AAVE,,-0.8467641360847641,-1,-0.029036172864714122
2022-06-20,ADA,,-0.21833861369303154,-1,-0.0425735059688753
2022-06-20,ALGO,,0.5585453889233627,1,0.039667134711240414
2022-06-20,ATOM,,-0.1622858701488974,0,0.0
2022-06-20,AVAX,,-0.2774130969436851,-1,-0.03537958591812449
2022-06-20,BCH,,0.07707173796066095,0,0.0
2022-06-20,BNB,,0.07963043533901827,0,0.0
2022-06-20,BTC,,-0.04004866778892999,0,0.0
2022-06-20,CAKE,,0.14604467483129802,0,0.0
2022-06-20,CHZ,,-0.048078499334224256,0,0.0
2022-06-20,DASH,,0.17805294449358805,1,0.02982708497965923
2022-06-20,DEXE,,0.16011530158848086,0,0.0
2022-06-20,DOGE,,-0.1718270046075702,0,0.0
2022-06-20,DOT,,0.31990228404011106,1,0.0362028346377652
2022-06-20,ETC,,0.16548901375345926,0,0.0
2022-06-20,ETH,,-0.07608225744981502,0,0.0
2022-06-20,FET,,-0.006201557540659354,0,0.0
2022-06-20,FIL,,0.3811475715170416,1,0.03343610082022129
2022-06-20,HBAR,,0.16911640039625794,0,0.0
2022-06-20,ICP,,0.2210643826079185,1,0.03128040840134478
2022-06-20,JST,,-0.2331586982718238,-1,-0.04217779837883678
2022-06-20,LINK,,-0.11077234345673942,0,0.0
2022-06-20,LTC,,-0.12136478182403834,0,0.0
2022-06-20,NEAR,,-0.18395097672423774,-1,-0.03724671249866263
2022-06-20,NEXO,,0.11962184953101536,0,0.0
2022-06-20,QNT,,0.059773378223822185,0,0.0
2022-06-20,SHIB,,-0.5483585769027574,-1,-0.0318478847453255
2022-06-20,SOL,,-0.07037686569853625,0,0.0
2022-06-20,STX,,-0.05723640572367191,0,0.0
2022-06-20,TRX,,0.13551618731966894,0,0.0
2022-06-20,UNI,,-0.5306910354327777,-1,-0.033254439483350016
2022-06-20,VET,,0.399492074967202,1,0.040551268153828944
2022-06-20,XLM,,0.05976633650272856,0,0.0
2022-06-20,XRP,,0.39015133207814384,1,0.040551268153828944
2022-06-20,ZEC,,0.08244809355238711,0,0.0
2022-06-27,AAVE,,-0.6270491664779017,-1,-0.029872720948467813
2022-06-27,ADA,,0.3408609489727641,1,0.04309599611002656
2022-06-27,ALGO,,0.47289129295590543,1,0.03660768092150836
2022-06-27,ATOM,,-0.11410982886520993,0,0.0
2022-06-27,AVAX,,-0.48651502026425514,-1,-0.032367519947657075
2022-06-27,BCH,,0.39368038359375856,1,0.04309599611002656
2022-06-27,BNB,,0.08883997600352214,0,0.0
2022-06-27,BTC,,0.11813612352733181,0,0.0
2022-06-27,CAKE,,0.23570952780015655,0,0.0
2022-06-27,CHZ,,0.3888112063183068,1,0.027682472016769124
2022-06-27,DASH,,-0.09197722239332391,0,0.0
2022-06-27,DEXE,,0.30395213522544406,0,0.0
2022-06-27,DOGE,,-0.3059900248453969,-1,-0.03939673837762797
2022-06-27,DOT,,0.02515355493328456,0,0.0
2022-06-27,ETC,,0.009295114097821848,0,0.0
2022-06-27,ETH,,-0.003751873743752794,0,0.0
2022-06-27,FET,,0.13468425830864897,0,0.0
2022-06-27,FIL,,0.2574021601196652,0,0.0
2022-06-27,HBAR,,0.18267292671218854,0,0.0
2022-06-27,ICP,,0.16948578779163975,0,0.0
2022-06-27,JST,,-0.1447860606686965,0,0.0
2022-06-27,LINK,,0.15938301474155153,0,0.0
2022-06-27,LTC,,-0.2691075499120357,0,0.0
2022-06-27,NEAR,,-0.20370148003045596,0,0.0
2022-06-27,NEXO,,0.36820381397692653,1,0.03301332853932622
2022-06-27,QNT,,-0.1686173102973631,0,0.0
2022-06-27,SHIB,,-0.6702420299595916,-1,-0.029721804821916255
2022-06-27,SOL,,-0.368067736460167,-1,-0.038018186244231825
2022-06-27,STX,,0.04551915612272934,0,0.0
2022-06-27,TRX,,0.4239071893167583,1,0.030435292080463198
2022-06-27,UNI,,-0.8637258732046571,-1,-0.029195623580821763
2022-06-27,VET,,0.3625905501740918,1,0.038649146292672555
2022-06-27,XLM,,0.11060852995199337,0,0.0
2022-06-27,XRP,,0.05097269862195279,0,0.0
2022-06-27,ZEC,,-0.3251191721436331,-1,-0.0540073181500699
2022-07-04,AAVE,,-0.6371325209289135,-1,-0.024293056896378677
2022-07-04,ADA,,0.2319476948550588,1,0.043516640608704395
2022-07-04,ALGO,,0.14038191621679386,0,0.0
2022-07-04,ATOM,,0.24882175742276652,1,0.026390124783551773
2022-07-04,AVAX,,-0.15302058388913573,0,0.0
2022-07-04,BCH,,0.21054869777633958,0,0.0
2022-07-04,BNB,,0.041786268189833366,0,0.0
2022-07-04,BTC,,-0.06649411108995251,0,0.0
2022-07-04,CAKE,,-0.1326039783186858,0,0.0
2022-07-04,CHZ,,0.9603500869516307,1,0.043516640608704395
2022-07-04,DASH,,0.014655127871137544,0,0.0
2022-07-04,DEXE,,0.14652958853616072,0,0.0
2022-07-04,DOGE,,-0.3745300391551598,-1,-0.04575455554203225
2022-07-04,DOT,,0.016159547680958022,0,0.0
2022-07-04,ETC,,0.08218398191798403,0,0.0
2022-07-04,ETH,,-0.05828660038201482,0,0.0
2022-07-04,FET,,0.02236493153936461,0,0.0
2022-07-04,FIL,,0.33183864176370026,1,0.039782001885838365
2022-07-04,HBAR,,0.42744537802983007,1,0.0426570342457447
2022-07-04,ICP,,0.25248849669244977,1,0.020184811180992322
2022-07-04,JST,,-0.44528326943863106,-1,-0.040844521732903025
2022-07-04,LINK,,0.061807773003001935,0,0.0
2022-07-04,LTC,,-0.04029271118307891,0,0.0
2022-07-04,NEAR,,-0.005614064732174517,0,0.0
2022-07-04,NEXO,,0.10603871392800114,0,0.0
2022-07-04,QNT,,-0.4219204908388934,-1,-0.02877071927522623
2022-07-04,SHIB,,-0.5626944960333315,-1,-0.0345069601650611
2022-07-04,SOL,,-0.09922715956521445,0,0.0
2022-07-04,STX,,0.08686550157136685,0,0.0
2022-07-04,TRX,,0.10873213877077374,0,0.0
2022-07-04,UNI,,-0.46684055349032316,-1,-0.031083703893180038
2022-07-04,VET,,0.2140700806336519,1,0.03496081973327764
2022-07-04,XLM,,-0.09021450492051376,0,0.0
2022-07-04,XRP,,-0.17307171531547835,-1,-0.04575455554203225
2022-07-04,ZEC,,0.022210475930696853,0,0.0
2022-07-11,AAVE,,-0.3627655916390018,-1,-0.034745204807015546
2022-07-11,ADA,,-0.1007383725878092,0,0.0
2022-07-11,ALGO,,0.3808145588833223,1,0.03997449409381424
2022-07-11,ATOM,,-0.052461317192871004,0,0.0
2022-07-11,AVAX,,-0.19135028900831355,-1,-0.04164266977828178
2022-07-11,BCH,,0.36867184653711943,1,0.04603890203752343
2022-07-11,BNB,,0.25864777760705154,0,0.0
2022-07-11,BTC,,-0.00418647691262986,0,0.0
2022-07-11,CAKE,,0.20380766495788558,0,0.0
2022-07-11,CHZ,,0.5680009214666067,1,0.04603890203752343
2022-07-11,DASH,,-0.07524718070637863,0,0.0
2022-07-11,DEXE,,0.39800789482401777,1,0.025947405449032186
2022-07-11,DOGE,,-0.6774062335128278,-1,-0.04854976142871386
2022-07-11,DOT,,0.07380539635909517,0,0.0
2022-07-11,ETC,,-0.13090250804318887,0,0.0
2022-07-11,ETH,,0.1935740264506696,0,0.0
2022-07-11,FET,,0.4857898237264249,1,0.038960249449774914
2022-07-11,FIL,,0.3420800343341275,1,0.039810869284905244
2022-07-11,HBAR,,0.2527093464739071,0,0.0
2022-07-11,ICP,,0.09813091466027979,0,0.0
2022-07-11,JST,,-0.24955907011382977,-1,-0.04854976142871386
2022-07-11,LINK,,0.30648340226531146,0,0.0
2022-07-11,LTC,,0.3341341498950773,1,0.0357720966609764
2022-07-11,NEAR,,-0.0891020922721043,0,0.0
2022-07-11,NEXO,,0.1638344085595839,0,0.0
2022-07-11,QNT,,-0.647677403929372,-1,-0.03001309974426055
2022-07-11,SHIB,,-0.9058253630271863,-1,-0.03561936959455535
2022-07-11,SOL,,-0.16889226677095726,0,0.0
2022-07-11,STX,,-0.1827340278174929,0,0.0
2022-07-11,TRX,,0.25769705866094883,0,0.0
2022-07-11,UNI,,-0.6398653042357629,-1,-0.033423052232008865
2022-07-11,VET,,0.08924000880841157,0,0.0
2022-07-11,XLM,,-0.07677776753447897,0,0.0
2022-07-11,XRP,,-0.07202345316366122,0,0.0
2022-07-11,ZEC,,-0.14791451600197483,0,0.0
2022-07-18,AAVE,,-0.915757189379609,-1,-0.03237019269734951
2022-07-18,ADA,,-0.03594509317666142,0,0.0
2022-07-18,ALGO,,0.14914536115017213,0,0.0
2022-07-18,ATOM,,0.6580761150354139,1,0.04159914649857338
2022-07-18,AVAX,,0.014328032310379817,0,0.0
2022-07-18,BCH,,0.06040269048924597,0,0.0
2022-07-18,BNB,,0.2610004551402928,1,0.037166159271996804
2022-07-18,BTC,,0.07031735805785702,0,0.0
2022-07-18,CAKE,,0.5051091923720173,1,0.041624006074048196
2022-07-18,CHZ,,0.5044899706870738,1,0.041624006074048196
2022-07-18,DASH,,0.09383533615339074,0,0.0
2022-07-18,DEXE,,0.10773684818632262,0,0.0
2022-07-18,DOGE,,0.12295847102115684,0,0.0
2022-07-18,DOT,,0.13738314157482046,0,0.0
2022-07-18,ETC,,-0.47908881901881917,-1,-0.0306662463107827
2022-07-18,ETH,,-0.012848096876659013,0,0.0
2022-07-18,FET,,0.44615066155535826,1,0.031255621367410905
2022-07-18,FIL,,0.15778621013500446,0,0.0
2022-07-18,HBAR,,0.2470571871313575,1,0.026264559721891297
2022-07-18,ICP,,-0.8041530838537615,-1,-0.04073553901421998
2022-07-18,JST,,0.19991144710028833,0,0.0
2022-07-18,LINK,,0.23201020172225356,0,0.0
2022-07-18,LTC,,0.24588149775597665,0,0.0
2022-07-18,NEAR,,-0.11423434459926378,-1,-0.04265415844022287
2022-07-18,NEXO,,0.10101574748353616,0,0.0
2022-07-18,QNT,,-1.5187872754514713,-1,-0.025695740596678056
2022-07-18,SHIB,,-0.023290817139365826,0,0.0
2022-07-18,SOL,,-0.08071015705060877,0,0.0
2022-07-18,STX,,0.17753841761039807,0,0.0
2022-07-18,TRX,,0.06791517660121692,0,0.0
2022-07-18,UNI,,-0.6794228309449654,-1,-0.039143166483188316
2022-07-18,VET,,0.24604904785934126,1,0.035809080649993705
2022-07-18,XLM,,0.16851164041016617,0,0.0
2022-07-18,XRP,,0.07955153706795276,0,0.0
2022-07-18,ZEC,,-0.3899240371198138,-1,-0.044077536115521024
2022-07-25,AAVE,,-0.5095768112036495,-1,-0.04310847991989212
2022-07-25,ADA,,-0.28606717131898424,-1,-0.046281663578689076
2022-07-25,ALGO,,-0.14231448850276754,0,0.0
2022-07-25,ATOM,,0.18345683050562153,0,0.0
2022-07-25,AVAX,,0.06007771026860223,0,0.0
2022-07-25,BCH,,-0.15528492519222925,0,0.0
2022-07-25,BNB,,1.1289228731867196,1,0.03595624788283976
2022-07-25,BTC,,0.06797864613227764,0,0.0
2022-07-25,CAKE,,0.2291048921678996,0,0.0
2022-07-25,CHZ,,0.2945488108060213,1,0.03432946438248577
2022-07-25,DASH,,0.6110417694727107,1,0.03595624788283976
2022-07-25,DEXE,,0.04330242552471074,0,0.0
2022-07-25,DOGE,,-0.003710630359965861,0,0.0
2022-07-25,DOT,,0.08320695509804707,0,0.0
2022-07-25,ETC,,-0.40866119390433736,-1,-0.03553519044146054
2022-07-25,ETH,,-0.00837099317369586,0,0.0
2022-07-25,FET,,0.570059119147173,1,0.03595624788283976
2022-07-25,FIL,,-1.7783081805637686,-1,-0.017109362593894076
2022-07-25,HBAR,,0.22685371468139234,0,0.0
2022-07-25,ICP,,-0.6826174954540076,-1,-0.032612938932008215
2022-07-25,JST,,0.13187451461084343,0,0.0
2022-07-25,LINK,,0.13112711764287763,0,0.0
2022-07-25,LTC,,0.3390699792291779,1,0.03595624788283976
2022-07-25,NEAR,,-0.29956703137838425,-1,-0.046281663578689076
2022-07-25,NEXO,,0.054229749396043365,0,0.0
2022-07-25,QNT,,-1.0849393992789422,-1,-0.029137652634891237
2022-07-25,SHIB,,-0.05895730755469367,0,0.0
2022-07-25,SOL,,0.347232612928236,1,0.03595624788283976
2022-07-25,STX,,-0.10114035445190783,0,0.0
2022-07-25,TRX,,0.28234767626053137,0,0.0
2022-07-25,UNI,,-0.16615321461145535,0,0.0
2022-07-25,VET,,0.28264471774084826,0,0.0
2022-07-25,XLM,,0.15284462258865075,0,0.0
2022-07-25,XRP,,0.4673898552744933,1,0.03595624788283976
2022-07-25,ZEC,,-0.0016453957140882916,0,0.0
2022-08-01,AAVE,,0.2895744841870825,0,0.0
2022-08-01,ADA,,-0.3158681360664586,-1,-0.05413283632758247
2022-08-01,ALGO,,0.09460253720997094,0,0.0
2022-08-01,ATOM,,0.1596825008012519,0,0.0
2022-08-01,AVAX,,0.19086884774870658,0,0.0
2022-08-01,BCH,,-0.24059921939661813,-1,-0.05413283632758247
2022-08-01,BNB,,0.5869961432343386,1,0.041376258148118905
2022-08-01,BTC,,-0.13587200369291544,0,0.0
2022-08-01,CAKE,,0.4965533275104174,1,0.036486910409183004
2022-08-01,CHZ,,-0.10506884978509305,0,0.0
2022-08-01,DASH,,0.6606976686349422,1,0.041376258148118905
2022-08-01,DEXE,,0.07725368513601358,0,0.0
2022-08-01,DOGE,,-0.12614504003645996,0,0.0
2022-08-01,DOT,,-0.15012304185408082,0,0.0
2022-08-01,ETC,,-0.7298111309560054,-1,-0.03530660077529831
2022-08-01,ETH,,-0.30388287400879854,-1,-0.05413283632758247
2022-08-01,FET,,0.7249171983956092,1,0.041376258148118905
2022-08-01,FIL,,-2.0687130659404778,-1,-0.015150394105679496
2022-08-01,HBAR,,-0.07213932843533111,0,0.0
2022-08-01,ICP,,-1.0153164623021589,-1,-0.027270403207610105
2022-08-01,JST,,0.35046926873073675,1,0.041376258148118905
2022-08-01,LINK,,0.3293820235908303,1,0.041376258148118905
2022-08-01,LTC,,0.18573788691840984,0,0.0
2022-08-01,NEAR,,-0.3277066120634713,-1,-0.044618552226561074
2022-08-01,NEXO,,0.15422870550791193,0,0.0
2022-08-01,QNT,,-0.15481260627254223,0,0.0
2022-08-01,SHIB,,0.09079863815601881,0,0.0
2022-08-01,SOL,,-0.07985104353255147,0,0.0
2022-08-01,STX,,0.014297574174955849,0,0.0
2022-08-01,TRX,,0.36105561836818134,1,0.041376258148118905
2022-08-01,UNI,,0.3078648459146579,0,0.0
2022-08-01,VET,,0.24540834759609442,0,0.0
2022-08-01,XLM,,0.27594389741882097,0,0.0
2022-08-01,XRP,,-0.07159626642252549,0,0.0
2022-08-01,ZEC,,0.3011724815305363,0,0.0
2022-08-08,AAVE,,0.7841334654477429,1,0.03673510757719281
2022-08-08,ADA,,0.03819789262752267,0,0.0
2022-08-08,ALGO,,0.34896096574431434,1,0.03673510757719281
2022-08-08,ATOM,,-0.02060373147250799,0,0.0
2022-08-08,AVAX,,0.11533999864468687,0,0.0
2022-08-08,BCH,,-0.3657098937814869,-1,-0.04849160891533708
2022-08-08,BNB,,-0.127047776966244,0,0.0
2022-08-08,BTC,,0.07405793854073353,0,0.0
2022-08-08,CAKE,,-0.1862917733693752,-1,-0.04849160891533708
2022-08-08,CHZ,,0.01870737173595522,0,0.0
2022-08-08,DASH,,0.9087030728734736,1,0.03673510757719281
2022-08-08,DEXE,,-0.09699030600026227,0,0.0
2022-08-08,DOGE,,0.08572027473883935,0,0.0
2022-08-08,DOT,,-0.029559082130439777,0,0.0
2022-08-08,ETC,,-0.7430014307981803,-1,-0.03395577347899982
2022-08-08,ETH,,-0.004210754075285951,0,0.0
2022-08-08,FET,,-0.10958081495633054,0,0.0
2022-08-08,FIL,,-2.066180557921578,-1,-0.01564705230854012
2022-08-08,HBAR,,0.09462819777720508,0,0.0
2022-08-08,ICP,,-0.9660511528180639,-1,-0.028915086474319476
2022-08-08,JST,,0.3285450337537769,0,0.0
2022-08-08,LINK,,0.4889262562655753,1,0.03673510757719281
2022-08-08,LTC,,0.7867615740617123,1,0.03673510757719281
2022-08-08,NEAR,,-0.014940537580242958,0,0.0
2022-08-08,NEXO,,-0.11872016625275822,0,0.0
2022-08-08,QNT,,-0.3805246455375829,-1,-0.04787962906990146
2022-08-08,SHIB,,-0.4326335749506826,-1,-0.03376499387791467
2022-08-08,SOL,,0.34206704540984284,0,0.0
2022-08-08,STX,,-0.058456654845485505,0,0.0
2022-08-08,TRX,,0.15792848148707786,0,0.0
2022-08-08,UNI,,0.11272941504499588,0,0.0
2022-08-08,VET,,0.19712307891629663,0,0.0
2022-08-08,XLM,,0.3645735542045809,1,0.03673510757719281
2022-08-08,XRP,,0.04257955521928274,0,0.0
2022-08-08,ZEC,,0.43081968096289447,1,0.03673510757719281
2022-08-15,AAVE,,0.09257257773661434,0,0.0
2022-08-15,ADA,,0.05545164300371499,0,0.0
2022-08-15,ALGO,,0.12406353286455829,0,0.0
2022-08-15,ATOM,,0.22175969577262802,1,0.038429820106185085
2022-08-15,AVAX,,-0.05026492813178744,-1,-0.04440217786236275
2022-08-15,BCH,,0.06420918056394244,0,0.0
2022-08-15,BNB,,0.19651267281483126,1,0.03267012831802562
2022-08-15,BTC,,0.07171282024027371,0,0.0
2022-08-15,CAKE,,0.11324417716738558,0,0.0
2022-08-15,CHZ,,0.672737025322729,1,0.031461299799463646
2022-08-15,DASH,,0.1592188268338488,0,0.0
2022-08-15,DEXE,,0.048333199819597036,0,0.0
2022-08-15,DOGE,,0.05520525902259683,0,0.0
2022-08-15,DOT,,-0.052279462747793735,-1,-0.04440217786236275
2022-08-15,ETC,,-0.5768309590701595,-1,-0.03258062045620763
2022-08-15,ETH,,0.04715294584902236,0,0.0
2022-08-15,FET,,0.0822460999500592,0,0.0
2022-08-15,FIL,,-1.5584365626374528,-1,-0.018941881978141884
2022-08-15,HBAR,,0.18079375688065163,1,0.03832357914067274
2022-08-15,ICP,,-0.5070656911166315,-1,-0.03419789492948371
2022-08-15,JST,,-0.03828753389033565,0,0.0
2022-08-15,LINK,,0.016133409580709652,0,0.0
2022-08-15,LTC,,0.1627679030357568,1,0.03935335167686494
2022-08-15,NEAR,,-0.10393048294940058,-1,-0.04320611075147972
2022-08-15,NEXO,,0.007241654092839859,0,0.0
2022-08-15,QNT,,0.010440735529788966,0,0.0
2022-08-15,SHIB,,-0.3422619304375236,-1,-0.03281653043930276
2022-08-15,SOL,,0.12485663347575143,0,0.0
2022-08-15,STX,,0.01287283943192009,0,0.0
2022-08-15,TRX,,0.23767326130994545,1,0.04243262141992038
2022-08-15,UNI,,0.014346239811673961,0,0.0
2022-08-15,VET,,-0.019925777022848996,0,0.0
2022-08-15,XLM,,0.10459132676874669,0,0.0
2022-08-15,XRP,,0.16019149917264627,0,0.0
2022-08-15,ZEC,,0.21295441195169182,1,0.027876593818208787
2022-08-22,AAVE,,0.13699160483657424,0,0.0
2022-08-22,ADA,,0.06305940638561885,0,0.0
2022-08-22,ALGO,,0.18990821737395122,0,0.0
2022-08-22,ATOM,,0.33861825346295876,1,0.036850412853013145
2022-08-22,AVAX,,-0.44205357609799,-1,-0.037093049965993705
2022-08-22,BCH,,0.32737387101363025,1,0.039858567351999157
2022-08-22,BNB,,-0.046078643357916345,0,0.0
2022-08-22,BTC,,0.007646335198256167,0,0.0
2022-08-22,CAKE,,0.2569395563825043,0,0.0
2022-08-22,CHZ,,0.39916517498818926,1,0.0299433363053154
2022-08-22,DASH,,0.2822440024532275,1,0.030138672589877215
2022-08-22,DEXE,,0.07088934646822508,0,0.0
2022-08-22,DOGE,,-0.34890451029300495,-1,-0.041398396378163664
2022-08-22,DOT,,0.20193784747652288,0,0.0
2022-08-22,ETC,,0.01393554673334357,0,0.0
2022-08-22,ETH,,-0.24433949338222605,-1,-0.041398396378163664
2022-08-22,FET,,0.03084403712172538,0,0.0
2022-08-22,FIL,,0.30837962126622026,1,0.040069818732221346
2022-08-22,HBAR,,0.1781261493217147,0,0.0
2022-08-22,ICP,,0.5431736871509965,1,0.03424318456268539
2022-08-22,JST,,-0.0550547529906013,0,0.0
2022-08-22,LINK,,-0.09295503111407079,0,0.0
2022-08-22,LTC,,0.32619384924178285,1,0.038920445636962724
2022-08-22,NEAR,,-0.4065707791982543,-1,-0.032721840385687706
2022-08-22,NEXO,,-0.6334648639478931,-1,-0.03508972233218226
2022-08-22,QNT,,-0.4725019514881042,-1,-0.03794075666202883
2022-08-22,SHIB,,-1.1749646226353383,-1,-0.024382275929854594
2022-08-22,SOL,,-0.13971676379869213,0,0.0
2022-08-22,STX,,-0.0531039046700154,0,0.0
2022-08-22,TRX,,0.2426824995783255,0,0.0
2022-08-22,UNI,,-0.055375544535266476,0,0.0
2022-08-22,VET,,-0.21099237504768814,0,0.0
2022-08-22,XLM,,0.13826881616909628,0,0.0
2022-08-22,XRP,,0.1540726400701896,0,0.0
2022-08-22,ZEC,,0.16562634986400954,0,0.0
2022-08-29,AAVE,,0.006880551415857,0,0.0
2022-08-29,ADA,,-0.16361723910033768,0,0.0
2022-08-29,ALGO,,0.1960914297353659,0,0.0
2022-08-29,ATOM,,0.011806536740625269,0,0.0
2022-08-29,AVAX,,0.055496547874426316,0,0.0
2022-08-29,BCH,,0.36569698888022995,1,0.031161684765893524
2022-08-29,BNB,,0.29535439393534063,1,0.04281939993958833
2022-08-29,BTC,,0.038878726560995704,0,0.0
2022-08-29,CAKE,,0.5563497775902984,1,0.036541476176708
2022-08-29,CHZ,,-0.017983969847964305,0,0.0
2022-08-29,DASH,,0.2896642020536908,0,0.0
2022-08-29,DEXE,,-0.9671822408860993,-1,-0.0329503592110125
2022-08-29,DOGE,,-0.5226774311927762,-1,-0.04100134620222021
2022-08-29,DOT,,0.1729364464832286,0,0.0
2022-08-29,ETC,,-0.03491348796150444,0,0.0
2022-08-29,ETH,,-0.27672157723808893,-1,-0.04100134620222021
2022-08-29,FET,,0.2736406544708842,0,0.0
2022-08-29,FIL,,0.06633065488209157,0,0.0
2022-08-29,HBAR,,0.09971182232489345,0,0.0
2022-08-29,ICP,,0.334487950497598,1,0.023488750618387146
2022-08-29,JST,,0.06262445666753674,0,0.0
2022-08-29,LINK,,-0.14635436405952706,0,0.0
2022-08-29,LTC,,0.19373989652508716,0,0.0
2022-08-29,NEAR,,-0.22984077734413796,-1,-0.03528047082863017
2022-08-29,NEXO,,-0.8056936735852185,-1,-0.03467911983137691
2022-08-29,QNT,,0.23512293086775948,0,0.0
2022-08-29,SHIB,,-1.4624924738877212,-1,-0.024159164826486824
2022-08-29,SOL,,-0.20607591649046986,-1,-0.04100134620222021
2022-08-29,STX,,0.21784270975862752,0,0.0
2022-08-29,TRX,,0.40577446487251345,1,0.04281939993958833
2022-08-29,UNI,,-0.15858092401824414,0,0.0
2022-08-29,VET,,0.16212388830001542,0,0.0
2022-08-29,XLM,,0.2877357029271799,0,0.0
2022-08-29,XRP,,0.32991262428733337,1,0.04281939993958833
2022-08-29,ZEC,,0.33393071796051865,1,0.030423041924413387
2022-09-05,AAVE,,-0.23496766206711853,0,0.0
2022-09-05,ADA,,-0.5802683065999613,-1,-0.03989153835267252
2022-09-05,ALGO,,-0.006428758688678644,0,0.0
2022-09-05,ATOM,,-0.4126419455883891,-1,-0.03897257333383659
2022-09-05,AVAX,,-0.04237365358916814,0,0.0
2022-09-05,BCH,,0.22173429533341565,0,0.0
2022-09-05,BNB,,0.6050398913223399,1,0.04146047048967499
2022-09-05,BTC,,0.16594765271581086,0,0.0
2022-09-05,CAKE,,0.5309431362104898,1,0.030146178510463143
2022-09-05,CHZ,,-0.1735423338445186,0,0.0
2022-09-05,DASH,,0.18776462382679707,0,0.0
2022-09-05,DEXE,,-1.3841821430042553,-1,-0.028896928785068113
2022-09-05,DOGE,,0.36903109081728713,1,0.030414904943231097
2022-09-05,DOT,,0.16215446614098591,0,0.0
2022-09-05,ETC,,-0.4103941745811123,-1,-0.03714399803121499
2022-09-05,ETH,,-0.1643527775870666,0,0.0
2022-09-05,FET,,-0.022676747907289106,0,0.0
2022-09-05,FIL,,-0.216300425315905,0,0.0
2022-09-05,HBAR,,0.4630899906580659,1,0.03534329771447218
2022-09-05,ICP,,0.20827140120835194,0,0.0
2022-09-05,JST,,0.32643393550949884,0,0.0
2022-09-05,LINK,,-0.38411358483239355,-1,-0.03582295858026171
2022-09-05,LTC,,-0.14325831747089715,0,0.0
2022-09-05,NEAR,,-0.4843502936936532,-1,-0.03137228251291405
2022-09-05,NEXO,,-0.37701983650539994,0,0.0
2022-09-05,QNT,,-0.01391811929062666,0,0.0
2022-09-05,SHIB,,0.0009109836120238263,0,0.0
2022-09-05,SOL,,-0.024438830591345655,0,0.0
2022-09-05,STX,,0.19215737301087588,0,0.0
2022-09-05,TRX,,0.5935178827509483,1,0.04146047048967499
2022-09-05,UNI,,-0.43155880539346136,-1,-0.03796758295634355
2022-09-05,VET,,0.21425673891661048,0,0.0
2022-09-05,XLM,,0.3494995209818302,0,0.0
2022-09-05,XRP,,0.47490465551846245,1,0.03552170132345224
2022-09-05,ZEC,,0.44112907801744783,1,0.035720839081342895
2022-09-12,AAVE,,-0.3899982982882771,-1,-0.03466620188137499
2022-09-12,ADA,,-0.40416461677386323,-1,-0.038710619803382876
2022-09-12,ALGO,,0.10264564655259731,0,0.0
2022-09-12,ATOM,,-0.62180476377209,-1,-0.0335304456171844
2022-09-12,AVAX,,-0.1801877777537759,0,0.0
2022-09-12,BCH,,0.009076392915262783,0,0.0
2022-09-12,BNB,,0.3804836047661338,1,0.028148075904498485
2022-09-12,BTC,,0.061422549232362074,0,0.0
2022-09-12,CAKE,,0.3904921151476248,1,0.02558696885523034
2022-09-12,CHZ,,0.7556561971864169,1,0.02928629946892199
2022-09-12,DASH,,0.019210281222683534,0,0.0
2022-09-12,DEXE,,-0.9173844428098173,-1,-0.025717594158471257
2022-09-12,DOGE,,0.5303077897490777,1,0.030599403644976646
2022-09-12,DOT,,0.023041009485055657,0,0.0
2022-09-12,ETC,,-0.8037231891631134,-1,-0.0278056034449113
2022-09-12,ETH,,-0.6137700922011008,-1,-0.028180675968930025
2022-09-12,FET,,-0.2999853817708299,0,0.0
2022-09-12,FIL,,-0.1829490255380395,0,0.0
2022-09-12,HBAR,,0.48742270623100614,1,0.030543949049985347
2022-09-12,ICP,,0.027285913742440684,0,0.0
2022-09-12,JST,,0.29125344431864286,0,0.0
2022-09-12,LINK,,-0.06888356786480866,0,0.0
2022-09-12,LTC,,-0.33969711516484286,0,0.0
2022-09-12,LUNC,,0.03888169778481536,0,0.0
2022-09-12,NEAR,,-0.5613706689851444,-1,-0.028579765209803727
2022-09-12,NEXO,,-0.19214403286277013,0,0.0
2022-09-12,QNT,,0.06490972851731014,0,0.0
2022-09-12,SHIB,,-0.03306922223389558,0,0.0
2022-09-12,SOL,,0.12540657367381405,0,0.0
2022-09-12,STX,,0.1469744424085957,0,0.0
2022-09-12,TRX,,0.6679955624480419,1,0.04031716834094204
2022-09-12,UNI,,-0.3603446616799151,-1,-0.03282100327436237
2022-09-12,VET,,0.29466690876685925,0,0.0
2022-09-12,XLM,,0.4714820823372427,1,0.02839987526811904
2022-09-12,XRP,,0.8894825235417271,1,0.03713016882574704
2022-09-12,ZEC,,0.19137968683456033,0,0.0
2022-09-19,AAVE,,-0.3137403313083252,-1,-0.03533923208833491
2022-09-19,ADA,,-0.32586576345083273,-1,-0.040135022360837824
2022-09-19,ALGO,,-0.815307692367469,-1,-0.027863395359125815
2022-09-19,ATOM,,-0.9413363751892325,-1,-0.03104983755583964
2022-09-19,AVAX,,-0.005684017090548258,0,0.0
2022-09-19,BCH,,-0.002485270367886632,0,0.0
2022-09-19,BNB,,0.43222125131375444,1,0.031199742078390835
2022-09-19,BTC,,-0.05519642555170126,0,0.0
2022-09-19,CAKE,,0.474409101009224,1,0.027671145958442077
2022-09-19,CHZ,,0.7738915646639535,1,0.031651881005158596
2022-09-19,DASH,,0.09111314492480736,0,0.0
2022-09-19,DEXE,,-0.02001206026287993,0,0.0
2022-09-19,DOGE,,0.5772931303479778,1,0.03075583177075263
2022-09-19,DOT,,-0.042538167694229675,0,0.0
2022-09-19,ETC,,-0.8268611885397282,-1,-0.028088604267973365
2022-09-19,ETH,,-0.6127167511427305,-1,-0.029330844287779868
2022-09-19,FET,,-0.2711650879094382,0,0.0
2022-09-19,FIL,,-0.014153775578045443,0,0.0
2022-09-19,HBAR,,0.5449981652008997,1,0.03362228669473664
2022-09-19,ICP,,0.0030914760253972114,0,0.0
2022-09-19,JST,,0.2909433667792679,0,0.0
2022-09-19,LINK,,0.1508845619003269,0,0.0
2022-09-19,LTC,,-0.288686120898569,0,0.0
2022-09-19,LUNC,,0.04277141958387016,0,0.0
2022-09-19,NEAR,,-0.6544847327663276,-1,-0.029474734669946535
2022-09-19,NEXO,,-0.05189945900447953,0,0.0
2022-09-19,QNT,,0.49041410876987945,1,0.025142893137999042
2022-09-19,SHIB,,0.1029837595739428,0,0.0
2022-09-19,SOL,,0.3481620008435836,0,0.0
2022-09-19,STX,,0.16120324657451443,0,0.0
2022-09-19,TRX,,0.5423305229066665,1,0.040394235536620415
2022-09-19,UNI,,-0.02146802420950504,0,0.0
2022-09-19,VET,,0.32852951301295163,0,0.0
2022-09-19,XLM,,0.5380530292349075,1,0.029650133549505842
2022-09-19,XRP,,-0.8820916632103146,-1,-0.028806479141768124
2022-09-19,ZEC,,0.2523995438763217,0,0.0
2022-09-26,AAVE,,0.19219404730460726,0,0.0
2022-09-26,ADA,,0.31353913059823435,0,0.0
2022-09-26,ALGO,,-1.419552662700022,-1,-0.024327748607833374
2022-09-26,ATOM,,-1.0262737896938046,-1,-0.032215791644498615
2022-09-26,AVAX,,-0.1288734945547407,0,0.0
2022-09-26,BCH,,0.009080124350420861,0,0.0
2022-09-26,BNB,,0.47476562692847946,1,0.03471453236638633
2022-09-26,BTC,,0.00253793167166281,0,0.0
2022-09-26,CAKE,,0.22305384551589494,0,0.0
2022-09-26,CHZ,,-0.5223245925342339,-1,-0.037911304152067116
2022-09-26,DASH,,0.2924428267338255,0,0.0
2022-09-26,DEXE,,0.3147475354475067,0,0.0
2022-09-26,DOGE,,0.3290157360951259,0,0.0
2022-09-26,DOT,,0.18863054791346642,0,0.0
2022-09-26,ETC,,-0.8529590588619729,-1,-0.0279749647585142
2022-09-26,ETH,,-0.4542168271792158,-1,-0.032106703849093136
2022-09-26,FET,,-0.2909101187298222,-1,-0.04035725742698419
2022-09-26,FIL,,0.0021560863178469968,0,0.0
2022-09-26,HBAR,,0.27320267492707123,0,0.0
2022-09-26,ICP,,0.07577781040854008,0,0.0
2022-09-26,JST,,0.3346704368093077,1,0.03114185255166828
2022-09-26,LINK,,-0.25783621301703613,0,0.0
2022-09-26,LTC,,0.32797895985666325,0,0.0
2022-09-26,LUNC,,0.031102215137894264,0,0.0
2022-09-26,NEAR,,-0.5401395778127099,-1,-0.032892698731753954
2022-09-26,NEXO,,0.2619514633680736,0,0.0
2022-09-26,QNT,,0.6438974883739467,1,0.029007372083874935
2022-09-26,SHIB,,0.3537257781500604,1,0.024686703389758986
2022-09-26,SOL,,0.26614192035493023,0,0.0
2022-09-26,STX,,0.12975130565055465,0,0.0
2022-09-26,TRX,,0.79645827733346,1,0.04156807666253846
2022-09-26,UNI,,0.33623109476381075,1,0.02225875136349492
2022-09-26,VET,,0.5169998999456162,1,0.034694984675325675
2022-09-26,XLM,,0.3469773157170172,1,0.033795809506790425
2022-09-26,XRP,,-1.6776337323497643,-1,-0.024081613429093426
2022-09-26,ZEC,,0.13368998775930138,0,0.0
2022-10-03,AAVE,,0.19371773632570874,0,0.0
2022-10-03,ADA,,0.08572398890669469,0,0.0
2022-10-03,ALGO,,-0.9806772253126055,-1,-0.025300429623237117
2022-10-03,ATOM,,0.008072262560212394,0,0.0
2022-10-03,AVAX,,0.07960856144181158,0,0.0
2022-10-03,BCH,,0.15136216845018832,0,0.0
2022-10-03,BNB,,-0.12757805700996558,-1,-0.060018343906592816
2022-10-03,BTC,,-0.004585760960909894,0,0.0
2022-10-03,CAKE,,-0.05691884141183537,-1,-0.060018343906592816
2022-10-03,CHZ,,-0.3892626740532431,-1,-0.04086671544827305
2022-10-03,DASH,,0.1431125739207262,0,0.0
2022-10-03,DEXE,,0.2620437381179384,1,0.04903371356851214
2022-10-03,DOGE,,0.13357049567406204,0,0.0
2022-10-03,DOT,,0.1556344493338413,0,0.0
2022-10-03,ETC,,0.10761049341124414,0,0.0
2022-10-03,ETH,,-0.0495987441296719,-1,-0.04134323656801147
2022-10-03,FET,,0.24647628728980056,1,0.03806174387263564
2022-10-03,FIL,,0.04907684339573675,0,0.0
2022-10-03,HBAR,,0.1931566788384372,0,0.0
2022-10-03,ICP,,0.1215447965388089,0,0.0
2022-10-03,JST,,-0.027609615127427975,-1,-0.060018343906592816
2022-10-03,LINK,,0.11652608619290634,0,0.0
2022-10-03,LTC,,0.11036854932022262,0,0.0
2022-10-03,LUNC,,-2.265561809390446,-1,-0.010644702825273262
2022-10-03,NEAR,,0.23838321886698033,1,0.03510868397273729
2022-10-03,NEXO,,0.09331436855118339,0,0.0
2022-10-03,QNT,,0.5993695070644638,1,0.030229522827166896
2022-10-03,SHIB,,0.16975957759925112,0,0.0
2022-10-03,SOL,,0.24707422882429217,1,0.045823111258897806
2022-10-03,STX,,0.21333545687532013,0,0.0
2022-10-03,TRX,,0.3154733206368383,1,0.05324143490433105
2022-10-03,UNI,,0.2238830715071596,1,0.02708443394019034
2022-10-03,VET,,0.2738894291739102,1,0.0447261681650953
2022-10-03,XLM,,0.21023555008202602,0,0.0
2022-10-03,XRP,,-0.8670427918847488,-1,-0.025098696324993147
2022-10-03,ZEC,,0.026512080381089917,0,0.0
2022-10-10,AAVE,,0.5930578608583447,1,0.03244486944541578
2022-10-10,ADA,,-0.11009688051156451,-1,-0.045170830182877854
2022-10-10,ALGO,,-0.9435193913184189,-1,-0.021620739978243386
2022-10-10,ATOM,,-0.22274424582388527,-1,-0.03867882489576168
2022-10-10,AVAX,,0.17350704310769827,0,0.0
2022-10-10,BCH,,0.10608399778486571,0,0.0
2022-10-10,BNB,,0.08549416225340536,0,0.0
2022-10-10,BTC,,0.1939506503024346,0,0.0
2022-10-10,CAKE,,0.12005007397357788,0,0.0
2022-10-10,CHZ,,-0.3760200348451393,-1,-0.03249725183043555
2022-10-10,DASH,,0.21382356235692218,0,0.0
2022-10-10,DEXE,,0.3218123229131812,1,0.03244486944541578
2022-10-10,DOGE,,0.00404126562793746,0,0.0
2022-10-10,DOT,,0.15362404534475044,0,0.0
2022-10-10,ETC,,0.048460307972151166,0,0.0
2022-10-10,ETH,,0.41791222388360616,1,0.03244486944541578
2022-10-10,FET,,0.5796075395699517,1,0.03244486944541578
2022-10-10,FIL,,0.10699064654231624,0,0.0
2022-10-10,HBAR,,0.280015417495074,1,0.03244486944541578
2022-10-10,ICP,,-0.03262230559931166,0,0.0
2022-10-10,JST,,0.16740096380274533,0,0.0
2022-10-10,LINK,,-0.09051620119829737,-1,-0.045170830182877854
2022-10-10,LTC,,0.15037550302176922,0,0.0
2022-10-10,LUNC,,-2.4547519742145747,-1,-0.009579800014766823
2022-10-10,NEAR,,0.007450806122787645,0,0.0
2022-10-10,NEXO,,0.23349846945199348,0,0.0
2022-10-10,QNT,,0.709501657499389,1,0.025832960675917747
2022-10-10,SHIB,,0.16196682210836882,0,0.0
2022-10-10,SOL,,0.06734800903359234,0,0.0
2022-10-10,STX,,-0.05081571364972307,0,0.0
2022-10-10,TRX,,0.27314373028998257,1,0.03244486944541578
2022-10-10,UNI,,0.04036252111153507,0,0.0
2022-10-10,VET,,0.4265852587023253,1,0.03244486944541578
2022-10-10,XLM,,-0.2915507669170573,-1,-0.042148045892266915
2022-10-10,XRP,,-1.1938697197158858,-1,-0.018080723816598164
2022-10-10,ZEC,,0.13044237266315262,0,0.0
2022-10-17,AAVE,,0.30487029238008034,1,0.019798590803726115
2022-10-17,ADA,,-0.11324103994708469,-1,-0.04332114408648719
2022-10-17,ALGO,,0.03126050390410404,0,0.0
2022-10-17,ATOM,,-0.2911040908442958,-1,-0.029612378467431227
2022-10-17,AVAX,,0.2988971107709301,1,0.03271606832098511
2022-10-17,BCH,,0.1455045281161262,0,0.0
2022-10-17,BNB,,0.23036914627963664,0,0.0
2022-10-17,BTC,,0.42331418552881145,1,0.03314926121541318
2022-10-17,CAKE,,-0.015337998113983908,0,0.0
2022-10-17,CHZ,,-0.11629963856341698,-1,-0.03562405701919309
2022-10-17,DASH,,0.08203462280807508,0,0.0
2022-10-17,DEXE,,0.4147914574666627,1,0.03314926121541318
2022-10-17,DOGE,,0.1200287316896674,0,0.0
2022-10-17,DOT,,-0.06292203581026548,0,0.0
2022-10-17,ETC,,0.09503904630704561,0,0.0
2022-10-17,ETH,,0.5716153237709812,1,0.03314926121541318
2022-10-17,FET,,0.061320932160553815,0,0.0
2022-10-17,FIL,,0.2341450149424952,0,0.0
2022-10-17,HBAR,,0.060744486128419276,0,0.0
2022-10-17,ICP,,0.03299859741380769,0,0.0
2022-10-17,JST,,0.3950054613584207,1,0.03314926121541318
2022-10-17,LINK,,-0.19624476824541343,-1,-0.04332114408648719
2022-10-17,LTC,,0.29597988003869163,1,0.03314926121541318
2022-10-17,LUNC,,-2.4784540539121855,-1,-0.008661327195037262
2022-10-17,NEAR,,0.024531186790938592,0,0.0
2022-10-17,NEXO,,0.35337404062325045,1,0.03176283098668997
2022-10-17,QNT,,-0.7135944550791968,-1,-0.022844358831253457
2022-10-17,SHIB,,0.18175198756689925,0,0.0
2022-10-17,SOL,,-0.07384697728382188,0,0.0
2022-10-17,STX,,-0.060085023546092076,0,0.0
2022-10-17,TRX,,0.22897128294709518,0,0.0
2022-10-17,UNI,,-0.010342439713977521,0,0.0
2022-10-17,VET,,0.24273449435474653,0,0.0
2022-10-17,XLM,,-0.3083387429322401,-1,-0.04091565348243652
2022-10-17,XRP,,-0.6797962427354448,-1,-0.025723733020141106
2022-10-17,ZEC,,0.2903251933799741,0,0.0
2022-10-24,AAVE,,-0.26409153725296836,-1,-0.04134682764416533
2022-10-24,ADA,,-0.1284182027655637,-1,-0.040385482578349355
2022-10-24,ALGO,,-0.026789442149326267,0,0.0
2022-10-24,APT,,0.06804824993520836,0,0.0
2022-10-24,ATOM,,-0.10042584556398547,-1,-0.03566868290471977
2022-10-24,AVAX,,0.2709658987411096,1,0.022267858567170663
2022-10-24,BCH,,0.25083091814066805,0,0.0
2022-10-24,BNB,,0.11587890008517815,0,0.0
2022-10-24,BTC,,0.46968248389705963,1,0.034203764578423515
2022-10-24,CAKE,,0.27910207644602764,1,0.034203764578423515
2022-10-24,CHZ,,-0.3612671349608817,-1,-0.02609258485740236
2022-10-24,DASH,,0.04132526284296318,0,0.0
2022-10-24,DEXE,,0.2324005558640997,0,0.0
2022-10-24,DOGE,,-2.6121620654279107,-1,-0.008595096568985463
2022-10-24,DOT,,0.08490189048875042,0,0.0
2022-10-24,ETC,,0.10050134173006038,0,0.0
2022-10-24,ETH,,0.33708330716657586,1,0.022510440916709788
2022-10-24,FET,,0.13478924624284636,0,0.0
2022-10-24,FIL,,0.37125637073856244,1,0.034203764578423515
2022-10-24,HBAR,,-0.03849080047828148,0,0.0
2022-10-24,ICP,,0.04386594228560678,0,0.0
2022-10-24,JST,,0.19806177855232088,0,0.0
2022-10-24,LINK,,0.01693133838974113,0,0.0
2022-10-24,LTC,,0.24291138230045473,0,0.0
2022-10-24,LUNC,,0.16470330012518133,0,0.0
2022-10-24,NEAR,,0.057321935200705644,0,0.0
2022-10-24,NEXO,,0.5919306157493915,1,0.034203764578423515
2022-10-24,QNT,,-0.9196091797458447,-1,-0.023859318586535817
2022-10-24,SHIB,,0.018464610213853812,0,0.0
2022-10-24,SOL,,-0.010516299112001928,0,0.0
2022-10-24,STX,,0.0026188088004943672,0,0.0
2022-10-24,TRX,,0.3728222533097348,1,0.034203764578423515
2022-10-24,UNI,,0.22732506986987083,0,0.0
2022-10-24,VET,,0.471811029117075,1,0.034203764578423515
2022-10-24,XLM,,-0.3082275285804824,-1,-0.04134682764416533
2022-10-24,XRP,,-0.6535630253598875,-1,-0.03270606617009807
2022-10-24,ZEC,,0.2580264951635976,0,0.0
2022-10-31,AAVE,,0.018069808616367953,0,-0.006099638062686458
2022-10-31,ADA,,-0.24085309870369992,-1,-0.04791184992978991
2022-10-31,ALGO,,0.14725258669552188,0,0.0
2022-10-31,APT,,0.1407840460906269,0,0.0
2022-10-31,ATOM,,-0.038924445169160354,0,-0.005261976995282837
2022-10-31,AVAX,,0.09833180971729877,0,0.003285037460667193
2022-10-31,BCH,,0.11244264687304416,0,0.0
2022-10-31,BNB,,-0.07783697775792421,0,0.0
2022-10-31,BTC,,-0.17538109502358062,-1,-0.06854483422733991
2022-10-31,CAKE,,0.23857122541288764,1,0.06419112031622069
2022-10-31,CHZ,,-0.12366424126514054,0,-0.0038492753330386896
2022-10-31,DASH,,0.46170950799399607,1,0.05914525353037649
2022-10-31,DEXE,,0.3253930184947303,1,0.05914525353037649
2022-10-31,DOGE,,-1.6772896519229374,-1,-0.009955503056125324
2022-10-31,DOT,,0.02355652571066316,0,0.0
2022-10-31,ETC,,0.16821953255190925,0,0.0
2022-10-31,ETH,,-0.28931388203322894,-1,-0.0464853539621726
2022-10-31,FET,,0.4687591243979642,1,0.05914525353037649
2022-10-31,FIL,,0.5643532210839209,1,0.05384060010572181
2022-10-31,HBAR,,-0.2188976258785623,-1,-0.07359070101318411
2022-10-31,ICP,,0.07933806630784819,0,0.0
2022-10-31,JST,,-0.017303237084505915,0,0.0
2022-10-31,LINK,,-0.00612435222625627,0,0.0
2022-10-31,LTC,,-0.025519899309388618,0,0.0
2022-10-31,LUNC,,0.14765592613761744,0,0.0
2022-10-31,NEAR,,0.2283313656655969,1,0.0364230310992525
2022-10-31,NEXO,,0.1584178426732877,0,0.005045866785844205
2022-10-31,QNT,,-0.5200831905606709,-1,-0.03040462091357393
2022-10-31,SHIB,,0.012562640785204755,0,0.0
2022-10-31,SOL,,-0.14327814280346116,0,0.0
2022-10-31,STX,,0.1523984820373624,0,0.0
2022-10-31,TRX,,-0.13079491125186393,0,0.005045866785844205
2022-10-31,UNI,,0.17725314788108235,1,0.04075131085792153
2022-10-31,VET,,0.5169360235680824,1,0.06419112031622069
2022-10-31,XLM,,-0.2451729165980418,-1,-0.07969033907587059
2022-10-31,XRP,,-0.14732608725724455,0,-0.004824920736573701
2022-10-31,ZEC,,-0.16257279384934425,-1,-0.07359070101318411
2022-11-07,AAVE,,-0.20159255905522686,-1,-0.02725761008900484
2022-11-07,ADA,,0.1289975190256679,0,-0.010663387628949167
2022-11-07,ALGO,,-0.15297296012210918,-1,-0.02502448931133992
2022-11-07,APT,,0.06706815183551637,0,0.0
2022-11-07,ATOM,,-0.08630459414403593,-1,-0.030602679112860638
2022-11-07,AVAX,,-0.006057631187593901,0,0.000731126597491969
2022-11-07,BCH,,0.2847244542866136,1,0.031544803406858425
2022-11-07,BNB,,0.18612813269915912,1,0.020429088836697116
2022-11-07,BTC,,0.04660155539236352,0,-0.015255519008330484
2022-11-07,CAKE,,0.27444747471932507,1,0.044023483590203125
2022-11-07,CHZ,,-0.09578041896286654,-1,-0.025934770624550522
2022-11-07,DASH,,0.1724947094935032,0,0.013163523548581212
2022-11-07,DEXE,,0.15979081931722255,0,0.013163523548581212
2022-11-07,DOGE,,-2.089847288220507,-1,-0.012805569666356688
2022-11-07,DOT,,0.24472534579771332,1,0.024898480352693948
2022-11-07,ETC,,0.22244628875205283,1,0.025112575955072554
2022-11-07,ETH,,-0.03282684726563086,0,-0.010345902925767654
2022-11-07,FET,,0.03545958708650318,0,0.013163523548581212
2022-11-07,FIL,,0.15834294214095657,0,0.011982905897891104
2022-11-07,HBAR,,0.10273802074848663,0,-0.01637854042245547
2022-11-07,ICP,,0.10239265891153822,0,0.0
2022-11-07,JST,,-0.13002687821687745,-1,-0.03232508478910315
2022-11-07,LINK,,0.04751106097261066,0,0.0
2022-11-07,LTC,,0.21237530813377695,1,0.01757049259916992
2022-11-07,LUNC,,0.02349212275848736,0,0.0
2022-11-07,NEAR,,-0.04189719776491319,-1,-0.021489300111495628
2022-11-07,NEXO,,-0.025269443804955046,0,0.0011230214141249818
2022-11-07,QNT,,-0.04054150852413847,0,-0.00676693258531658
2022-11-07,SHIB,,-0.01180731646762155,0,0.0
2022-11-07,SOL,,-0.517066189706887,-1,-0.017650409164757595
2022-11-07,STX,,0.013684494357885907,0,0.0
2022-11-07,TRX,,0.17653481023113107,0,0.0011230214141249818
2022-11-07,UNI,,0.30185304670716606,1,0.032837146596885164
2022-11-07,VET,,0.2041488529122974,1,0.03682195758469291
2022-11-07,XLM,,0.1046071323109015,0,-0.017736091949980125
2022-11-07,XRP,,0.03132981333764635,0,-0.0010738470789258855
2022-11-07,ZEC,,0.1300965315148389,0,-0.01637854042245547
2022-11-14,AAVE,,0.1450978680432451,0,0.0
2022-11-14,ADA,,-0.003350131661857768,0,0.0
2022-11-14,ALGO,,-0.17930128448239824,-1,-0.03076118796609145
2022-11-14,APT,,0.06497890524387039,0,0.0
2022-11-14,ATOM,,-0.21144575872182855,-1,-0.03654838586064648
2022-11-14,AVAX,,-0.059817711694320576,-1,-0.040569206317753105
2022-11-14,BCH,,0.603263767619201,1,0.039258757383001705
2022-11-14,BNB,,-0.018298939873448467,0,0.0
2022-11-14,BTC,,0.13936529325759336,0,0.0
2022-11-14,CAKE,,0.1553087117115079,0,0.0
2022-11-14,CHZ,,-0.27579430481977163,-1,-0.03048950755865022
2022-11-14,DASH,,0.3686316788892852,1,0.027618608964485664
2022-11-14,DEXE,,0.35858966818441673,1,0.027780184809854683
2022-11-14,DOGE,,-2.4204352639842437,-1,-0.012683798799445468
2022-11-14,DOT,,-0.05100886061464326,0,0.0
2022-11-14,ETC,,0.004272522348714573,0,0.0
2022-11-14,ETH,,-0.16256861651407595,-1,-0.040569206317753105
2022-11-14,FET,,0.0338086104012695,0,0.0
2022-11-14,FIL,,0.11378107882768089,0,0.0
2022-11-14,HBAR,,0.36333206016949626,1,0.03132287493637744
2022-11-14,ICP,,-0.010290695628713315,0,0.0
2022-11-14,JST,,-0.014176892993655536,0,0.0
2022-11-14,LINK,,-0.035052578692760766,0,0.0
2022-11-14,LTC,,0.1408675039999506,0,0.0
2022-11-14,LUNC,,0.05826995475251966,0,0.0
2022-11-14,NEAR,,-0.26298390554537515,-1,-0.036827114451531084
2022-11-14,NEXO,,0.10695074761065876,0,0.0
2022-11-14,QNT,,0.24522044527206763,1,0.02169750287834138
2022-11-14,SHIB,,-0.035067937920649585,0,0.0
2022-11-14,SOL,,-0.4216518471284497,-1,-0.021932301437561405
2022-11-14,STX,,0.19968031852630017,0,0.0
2022-11-14,TRX,,0.2914351465794438,1,0.03841831278564086
2022-11-14,UNI,,0.09924821505046479,0,0.0
2022-11-14,VET,,0.07233936998580996,0,0.0
2022-11-14,XLM,,0.25158106649868683,1,0.04027917266410468
2022-11-14,XRP,,0.2693052353146013,1,0.024005294287625892
2022-11-14,ZEC,,0.07591656198940445,0,0.0
2022-11-21,AAVE,,-0.11660302948421077,0,0.0
2022-11-21,ADA,,0.3583640596494389,1,0.038654561410391794
2022-11-21,ALGO,,-0.6002299535107699,-1,-0.03379688889924398
2022-11-21,APT,,-0.6204053600477661,-1,-0.02700650103314663
2022-11-21,ATOM,,-0.023299454283309835,0,0.0
2022-11-21,AVAX,,0.12316068886415837,0,0.0
2022-11-21,BCH,,0.5597757923842456,1,0.03351319479421135
2022-11-21,BNB,,-0.05080659766588499,0,0.0
2022-11-21,BTC,,0.2160108361462712,0,0.0
2022-11-21,CAKE,,0.3951041664357639,1,0.03471026334664652
2022-11-21,CHZ,,-1.0758664940496643,-1,-0.03356375676485265
2022-11-21,DASH,,-0.06103256552613467,0,0.0
2022-11-21,DEXE,,0.2798931632419273,1,0.023995301784610262
2022-11-21,DOGE,,-0.6878974652422016,-1,-0.02942154091277107
2022-11-21,DOT,,0.23791680392123157,0,0.0
2022-11-21,ETC,,0.17148442492491514,0,0.0
2022-11-21,ETH,,0.2240731633824587,0,0.0
2022-11-21,FET,,-0.1124028722915835,0,0.0
2022-11-21,FIL,,0.007567440300597426,0,0.0
2022-11-21,HBAR,,0.26537286727651427,0,0.0
2022-11-21,ICP,,0.1370395909110021,0,0.0
2022-11-21,JST,,-0.03598714355500443,0,0.0
2022-11-21,LINK,,-0.32620478033186656,-1,-0.0356890305478854
2022-11-21,LTC,,-0.2808190825941338,-1,-0.03714053936059833
2022-11-21,LUNC,,0.2879109246132632,1,0.02710477200953531
2022-11-21,NEAR,,-0.14451060810734243,0,0.0
2022-11-21,NEXO,,0.18269174293995752,0,0.0
2022-11-21,QNT,,-0.15505695125673727,-1,-0.03281962469526784
2022-11-21,SHIB,,0.2664420507705928,0,0.0
2022-11-21,SOL,,-0.9326780987774248,-1,-0.020564672346879573
2022-11-21,STX,,0.001695265910878983,0,0.0
2022-11-21,TRX,,0.36662203065653104,1,0.030007715672855158
2022-11-21,UNI,,0.2789372246597292,0,0.0
2022-11-21,VET,,0.18525626972628395,0,0.0
2022-11-21,XLM,,0.3620551963708448,1,0.03209933047543007
2022-11-21,XRP,,-0.0166739756011738,0,0.0
2022-11-21,ZEC,,0.3331007292386063,1,0.029917415066965002
2022-11-28,AAVE,,-0.17621068385258365,0,0.0
2022-11-28,ADA,,0.48301417832707677,1,0.03705765482497672
2022-11-28,ALGO,,0.06578542193531065,0,0.0
2022-11-28,APT,,-0.6521558365318003,-1,-0.023933328227863145
2022-11-28,ATOM,,0.0656332973714383,0,0.0
2022-11-28,AVAX,,0.11904798332465454,0,0.0
2022-11-28,BCH,,0.30716570680632344,1,0.035969260569538045
2022-11-28,BNB,,-0.4283681330885925,-1,-0.04058396439563123
2022-11-28,BTC,,0.24389219691786518,0,0.0
2022-11-28,CAKE,,0.4118372104780683,1,0.03788554466104424
2022-11-28,CHZ,,0.14084990335806005,0,0.0
2022-11-28,DASH,,-0.15450383316817667,0,0.0
2022-11-28,DEXE,,0.21440356225932428,0,0.0
2022-11-28,DOGE,,-0.8987110481583828,-1,-0.027214381513544324
2022-11-28,DOT,,0.5284478936845162,1,0.03756980030761324
2022-11-28,ETC,,0.07100230033705898,0,0.0
2022-11-28,ETH,,0.27455432434771215,1,0.025933503282272664
2022-11-28,FET,,-0.10779211402874338,0,0.0
2022-11-28,FIL,,0.2829002952787054,1,0.023272970380629084
2022-11-28,HBAR,,0.025657756422222174,0,0.0
2022-11-28,ICP,,0.12342008497232376,0,0.0
2022-11-28,JST,,-0.17713881629265327,0,0.0
2022-11-28,LINK,,-0.410012660510627,-1,-0.03268222064243956
2022-11-28,LTC,,-0.3304957177378773,-1,-0.04058396439563123
2022-11-28,LUNC,,0.19781768708961794,0,0.0
2022-11-28,NEAR,,-0.10744083227076215,0,0.0
2022-11-28,NEXO,,0.1535161132357545,0,0.0
2022-11-28,QNT,,-0.25200567342430447,-1,-0.028544053526360212
2022-11-28,SHIB,,0.2058809934807041,0,0.0
2022-11-28,SOL,,-1.1313416225326811,-1,-0.01944316187471645
2022-11-28,STX,,-0.0620394621853449,0,0.0
2022-11-28,TRX,,0.24814304473472193,0,0.0
2022-11-28,UNI,,0.21718630006583944,0,0.0
2022-11-28,VET,,0.34867211843179235,1,0.028359154486144036
2022-11-28,XLM,,0.16644463857087927,0,0.0
2022-11-28,XRP,,-0.2825799944029738,-1,-0.03710646562483937
2022-11-28,ZEC,,0.27552341675553393,1,0.024043651688807507
2022-12-05,AAVE,,0.0492129175647104,0,0.0
2022-12-05,ADA,,0.16795642668713054,0,0.0
2022-12-05,ALGO,,0.15903386564780708,0,0.0
2022-12-05,APT,,-0.21967273606959992,-1,-0.03248738256020758
2022-12-05,ATOM,,0.04094616129764058,0,0.0
2022-12-05,AVAX,,0.06199559708290238,0,0.0
2022-12-05,BCH,,0.044197893712026606,0,0.0
2022-12-05,BNB,,-0.3929494871488934,-1,-0.03742244234739088
2022-12-05,BTC,,0.5072218752039653,1,0.03221233409092781
2022-12-05,CAKE,,0.24523113743368746,1,0.03221233409092781
2022-12-05,CHZ,,-0.055369130498384704,0,0.0
2022-12-05,DASH,,0.24270974452603414,1,0.02493636708979262
2022-12-05,DEXE,,0.18808328327502694,0,0.0
2022-12-05,DOGE,,-0.9255365939124091,-1,-0.02127097342576286
2022-12-05,DOT,,-0.02585495228592166,0,0.0
2022-12-05,ETC,,-0.023095005531965477,0,0.0
2022-12-05,ETH,,0.19726075564565307,0,0.0
2022-12-05,FET,,-1.8921918183625546,-1,-0.012143403854308687
2022-12-05,FIL,,0.1897252031460562,0,0.0
2022-12-05,HBAR,,0.2414671541289401,0,0.0
2022-12-05,ICP,,-0.006884506181840324,0,0.0
2022-12-05,JST,,0.07005466309312777,0,0.0
2022-12-05,LINK,,-0.5831962021189858,-1,-0.028811113369145887
2022-12-05,LTC,,-0.3521149760923228,-1,-0.0402832164760568
2022-12-05,LUNC,,0.13256144687032315,0,0.0
2022-12-05,NEAR,,-0.013548112496398451,0,0.0
2022-12-05,NEXO,,0.3176514483966929,1,0.03221233409092781
2022-12-05,QNT,,-0.06990780833028065,-1,-0.0402832164760568
2022-12-05,SHIB,,0.2654259825503336,1,0.03221233409092781
2022-12-05,SOL,,0.06131927993135754,0,0.0
2022-12-05,STX,,0.7920892315305955,1,0.03179095429393558
2022-12-05,TRX,,0.41578204870372265,1,0.03221233409092781
2022-12-05,UNI,,-0.19251846579193574,-1,-0.03729957742036555
2022-12-05,VET,,0.3140075219629255,1,0.03221233409092781
2022-12-05,XLM,,0.0179355580103212,0,0.0
2022-12-05,XRP,,0.034654119797696836,0,0.0
2022-12-05,ZEC,,-0.0036835213771805172,0,0.0
2022-12-12,AAVE,,0.2900623832936459,1,0.02935130587185373
2022-12-12,ADA,,-0.09649680613387994,-1,-0.05841161899640549
2022-12-12,ALGO,,-0.04145660003445452,0,0.0
2022-12-12,APT,,-0.04491616049797689,0,0.0
2022-12-12,ATOM,,0.2038069459385181,0,0.0
2022-12-12,AVAX,,0.1718705318058875,0,0.0
2022-12-12,BCH,,0.22692672266327474,0,0.0
2022-12-12,BNB,,-0.31361553973226364,-1,-0.047045320653175134
2022-12-12,BTC,,0.2999355870786696,1,0.04923421432779185
2022-12-12,CAKE,,0.03304797679542054,0,0.0
2022-12-12,CHZ,,-0.201593754441832,-1,-0.05841161899640549
2022-12-12,DASH,,-0.004854454876750574,0,0.0
2022-12-12,DEXE,,0.25872483794199463,1,0.03824272961732003
2022-12-12,DOGE,,-0.5533954517096286,-1,-0.02890839392683034
2022-12-12,DOT,,-0.032594501613376396,0,0.0
2022-12-12,ETC,,-0.09158726613245759,0,0.0
2022-12-12,ETH,,0.11416535725349261,0,0.0
2022-12-12,FET,,-1.5033751835616673,-1,-0.016474033865191556
2022-12-12,FIL,,-0.21234955941528716,-1,-0.035726915831543124
2022-12-12,HBAR,,0.14527921411886216,0,0.0
2022-12-12,ICP,,-0.01137895236275476,0,0.0
2022-12-12,JST,,0.0719805284990805,0,0.0
2022-12-12,LINK,,-0.3497080818146196,-1,-0.03823109068333447
2022-12-12,LTC,,-0.5061519192801941,-1,-0.037969498358429325
2022-12-12,LUNC,,0.0026282444666519745,0,0.0
2022-12-12,NEAR,,0.09170634066047496,0,0.0
2022-12-12,NEXO,,0.3726444534176801,1,0.04923421432779185
2022-12-12,QNT,,0.17767767588342426,0,0.0
2022-12-12,SHIB,,0.29824022088244523,1,0.04923421432779185
2022-12-12,SOL,,0.3215573581495814,1,0.02465995531296989
2022-12-12,STX,,-0.0278801456606085,0,0.0
2022-12-12,TRX,,0.6418350610852501,1,0.04923421432779185
2022-12-12,UNI,,-0.09643463646385143,0,0.0
2022-12-12,VET,,0.07094019518734743,0,0.0
2022-12-12,XLM,,-0.02512853536750005,0,0.0
2022-12-12,XRP,,0.04716059107922798,0,0.0
2022-12-12,ZEC,,0.27272732289818014,1,0.03198764319800388
2022-12-19,AAVE,,0.2216814166862252,1,0.030343051512587725
2022-12-19,ADA,,-0.058091041386281544,0,0.0
2022-12-19,ALGO,,-0.16614777679516626,-1,-0.04334929501081396
2022-12-19,APT,,-0.1360787675408375,-1,-0.03519648753095043
2022-12-19,ATOM,,0.3085403307264929,1,0.02996301854478652
2022-12-19,AVAX,,0.05778880300419499,0,0.0
2022-12-19,BCH,,0.2757597511480116,1,0.03341648040125508
2022-12-19,BNB,,0.022065420466265098,0,0.0
2022-12-19,BTC,,0.3085277249616247,1,0.03341648040125508
2022-12-19,CAKE,,-0.0005237757349095418,0,0.0
2022-12-19,CHZ,,-0.043520792270819134,0,0.0
2022-12-19,DASH,,0.10649849989796666,0,0.0
2022-12-19,DEXE,,0.26654710002722654,1,0.02502824894702007
2022-12-19,DOGE,,-0.046329567166806515,0,0.0
2022-12-19,DOT,,-0.09664476394245375,-1,-0.04334929501081396
2022-12-19,ETC,,0.11028388574087428,0,0.0
2022-12-19,ETH,,0.20321466478821462,0,0.0
2022-12-19,FET,,-2.1874225528179445,-1,-0.0101237668657412
2022-12-19,FIL,,-0.2972939268385811,-1,-0.023933028213524526
2022-12-19,HBAR,,0.24184690351949606,1,0.03341648040125508
2022-12-19,ICP,,-0.08824127211606139,0,0.0
2022-12-19,JST,,0.16866303780026912,0,0.0
2022-12-19,LINK,,-0.05160934824427873,0,0.0
2022-12-19,LTC,,-0.08230753882293414,0,0.0
2022-12-19,LUNC,,-0.02982206765063086,0,0.0
2022-12-19,NEAR,,-0.021359113278685365,0,0.0
2022-12-19,NEXO,,0.6299868132216837,1,0.03341648040125508
2022-12-19,QNT,,0.01911111335987923,0,0.0
2022-12-19,SHIB,,0.12302973696966495,0,0.0
2022-12-19,SOL,,0.09555823460966327,0,0.0
2022-12-19,STX,,-0.327663098461774,-1,-0.027046690519733962
2022-12-19,TRX,,0.8656253878109402,1,0.03341648040125508
2022-12-19,UNI,,-0.34224550833540324,-1,-0.030607661045323226
2022-12-19,VET,,0.028382087592169793,0,0.0
2022-12-19,XLM,,-0.03719293078173973,0,0.0
2022-12-19,XRP,,0.2052423293724451,0,0.0
2022-12-19,ZEC,,-0.24585939951800476,-1,-0.03881049681376847
2022-12-26,AAVE,,0.13610500063461983,0,0.0
2022-12-26,ADA,,0.04175105162044955,0,0.0
2022-12-26,ALGO,,-0.04310518035779036,0,0.0
2022-12-26,APT,,0.25359627032174153,1,0.031979672665368816
2022-12-26,ATOM,,0.26022430694011844,1,0.026780680046611407
2022-12-26,AVAX,,-0.04131345814782,0,0.0
2022-12-26,BCH,,-0.1200557195574288,-1,-0.04404949444635203
2022-12-26,BNB,,0.09722490289499622,0,0.0
2022-12-26,BTC,,0.11202404107809277,0,0.0
2022-12-26,CAKE,,-0.017053522905242,0,0.0
2022-12-26,CHZ,,-0.008710299975474203,0,0.0
2022-12-26,DASH,,-0.03310612742973805,0,0.0
2022-12-26,DEXE,,0.3194992594994555,1,0.03306963919645278
2022-12-26,DOGE,,0.05549251432524445,0,0.0
2022-12-26,DOT,,0.06279770751163717,0,0.0
2022-12-26,ETC,,0.019607520978489928,0,0.0
2022-12-26,ETH,,0.16070192804966013,0,0.0
2022-12-26,FET,,-2.3416350344227843,-1,-0.007581448254859905
2022-12-26,FIL,,-0.20253853053893087,-1,-0.01851182379948392
2022-12-26,HBAR,,-0.19623573271639516,-1,-0.04404949444635203
2022-12-26,ICP,,0.12155429243249143,0,0.0
2022-12-26,JST,,-0.152768594800865,-1,-0.04404949444635203
2022-12-26,LINK,,-0.008986416679899233,0,0.0
2022-12-26,LTC,,-0.17906764695918714,-1,-0.026693163529863107
2022-12-26,LUNC,,0.1172295785344212,0,0.0
2022-12-26,NEAR,,0.18289945782050243,1,0.025891579791394143
2022-12-26,NEXO,,0.5126399003928468,1,0.03306963919645278
2022-12-26,QNT,,0.3272199386312623,1,0.03306963919645278
2022-12-26,SHIB,,0.1357133762598009,0,0.0
2022-12-26,SOL,,-0.007210095348129195,0,0.0
2022-12-26,STX,,-0.440312338210136,-1,-0.02101571511602321
2022-12-26,TRX,,0.46435566665634054,1,0.03306963919645278
2022-12-26,UNI,,0.21326830999238522,1,0.03306963919645278
2022-12-26,VET,,0.15400999065634355,0,0.0
2022-12-26,XLM,,0.0945984148512736,0,0.0
2022-12-26,XRP,,0.17675789117596508,0,0.0
2022-12-26,ZEC,,-0.22717262320831663,-1,-0.04404949444635203
2023-01-02,AAVE,,0.12275552205921794,0,0.0
2023-01-02,ADA,,-0.17301066872263648,-1,-0.03152648170128458
2023-01-02,ALGO,,-0.05354942557036921,0,0.0
2023-01-02,APT,,0.05215258108417616,0,0.0
2023-01-02,ATOM,,0.38253435079981696,1,0.023633302937017195
2023-01-02,AVAX,,0.049517464433703286,0,0.0
2023-01-02,BCH,,0.21272608721023517,0,0.0
2023-01-02,BNB,,0.08097001884850304,0,0.0
2023-01-02,BTC,,0.32255972576266656,1,0.03656909509591134
2023-01-02,CAKE,,0.08764890181579016,0,0.0
2023-01-02,CHZ,,-0.10876280049544225,0,0.0
2023-01-02,DASH,,0.013647032426586169,0,0.0
2023-01-02,DEXE,,0.2956901493677197,1,0.03656909509591134
2023-01-02,DOGE,,0.030062819551599753,0,0.0
2023-01-02,DOT,,0.11042380328622964,0,0.0
2023-01-02,ETC,,-0.43222652896704616,-1,-0.022948028412692938
2023-01-02,ETH,,0.2355193494918095,1,0.030833212589921923
2023-01-02,FET,,-1.2681769411873076,-1,-0.014402967133338964
2023-01-02,FIL,,-0.09508571785806544,0,0.0
2023-01-02,HBAR,,-0.14282162251065886,-1,-0.04434496920903862
2023-01-02,ICP,,0.09025860908256199,0,0.0
2023-01-02,JST,,-0.1789196274969338,-1,-0.0492961326710385
2023-01-02,LINK,,0.00422388309211257,0,0.0
2023-01-02,LTC,,-0.02663830220185648,0,0.0
2023-01-02,LUNC,,0.15337638196698528,0,0.0
2023-01-02,NEAR,,-0.4386130200363084,-1,-0.022237992377919798
2023-01-02,NEXO,,0.6343688500231496,1,0.03656909509591134
2023-01-02,QNT,,0.33506731692940717,1,0.025727768498541064
2023-01-02,SHIB,,0.30560273203538435,1,0.033899942035334675
2023-01-02,SOL,,-1.1592400079091592,-1,-0.01594748054329083
2023-01-02,STX,,-0.015351234658755314,0,0.0
2023-01-02,TRX,,-0.13989393656451682,-1,-0.0492961326710385
2023-01-02,UNI,,0.30066135541047445,1,0.026198673371093908
2023-01-02,VET,,0.17751514839072924,0,0.0
2023-01-02,XLM,,0.17070817858641948,0,0.0
2023-01-02,XRP,,0.08999472015355861,0,0.0
2023-01-02,ZEC,,-0.025695147629777492,0,0.0
2023-01-09,AAVE,,-0.20288364353365795,-1,-0.03979063410973154
2023-01-09,ADA,,0.01850603267591005,0,0.0
2023-01-09,ALGO,,-0.05253956740379654,0,0.0
2023-01-09,APT,,-1.7183614025157612,-1,-0.013424837891601111
2023-01-09,ATOM,,0.3373088117794705,1,0.027218498999977435
2023-01-09,AVAX,,-0.3660318524600147,-1,-0.03385822763170294
2023-01-09,BCH,,-0.041767833792027476,0,0.0
2023-01-09,BNB,,0.11264242386839149,0,0.0
2023-01-09,BTC,,-0.2524149674780771,-1,-0.049186487927405854
2023-01-09,CAKE,,0.11686965542673179,0,0.0
2023-01-09,CHZ,,-0.10350487062891336,0,0.0
2023-01-09,DASH,,0.06003465398898639,0,0.0
2023-01-09,DEXE,,1.0818377558472094,1,0.04488784743751425
2023-01-09,DOGE,,0.10410115253008916,0,0.0
2023-01-09,DOT,,-0.027557720672499827,0,0.0
2023-01-09,ETC,,-0.21609602660650573,-1,-0.049186487927405854
2023-01-09,ETH,,0.05394553317133666,0,0.0
2023-01-09,FET,,-0.5075486858067711,-1,-0.02133190015715569
2023-01-09,FIL,,0.18909434683372675,1,0.013750536283826244
2023-01-09,HBAR,,-0.20235642243462681,0,0.0
2023-01-09,ICP,,0.1582668975890108,0,0.0
2023-01-09,JST,,-0.10152677086642184,0,0.0
2023-01-09,LINK,,0.09031152393434314,0,0.0
2023-01-09,LTC,,0.9036814742460345,1,0.04488784743751425
2023-01-09,LUNC,,0.7328393147475287,1,0.04488784743751425
2023-01-09,NEAR,,-0.14436227134445054,0,0.0
2023-01-09,NEXO,,0.39250108281683843,1,0.04488784743751425
2023-01-09,QNT,,0.2168221117025569,1,0.029239518577872253
2023-01-09,SHIB,,-0.04863249317248432,0,0.0
2023-01-09,SOL,,-0.8081562831410569,-1,-0.01932583066062942
2023-01-09,STX,,0.07783953343777861,0,0.0
2023-01-09,TRX,,-0.01882306082336236,0,0.0
2023-01-09,UNI,,0.21547186948627184,1,0.02553095062130541
2023-01-09,VET,,0.060967220891088,0,0.0
2023-01-09,XLM,,0.07205234711018042,0,0.0
2023-01-09,XRP,,0.08103221493790656,0,0.0
2023-01-09,ZEC,,-0.26356208434095696,-1,-0.049186487927405854
2023-01-16,AAVE,,0.024090238110495016,0,-0.0017371038283214776
2023-01-16,ADA,,-0.03339720171854652,0,0.0
2023-01-16,ALGO,,0.10110893169996021,0,0.0
2023-01-16,APT,,-0.20106953173283165,0,-0.0005860760407030569
2023-01-16,ATOM,,0.03859265735691206,0,0.0011882534639592879
2023-01-16,AVAX,,-0.321876463344547,-1,-0.0424119244964903
2023-01-16,BCH,,-0.12262059025987998,0,0.0
2023-01-16,BNB,,-0.4088866516208104,-1,-0.09202680517828649
2023-01-16,BTC,,-0.47939215804180885,-1,-0.0823285250392293
2023-01-16,CAKE,,0.09843820254613059,0,0.0
2023-01-16,CHZ,,-0.25096490546194083,-1,-0.05190626505043644
2023-01-16,DASH,,-0.16133599125802198,0,0.0
2023-01-16,DEXE,,0.3676248764502384,1,0.08781109220492735
2023-01-16,DOGE,,0.1844375719072346,0,0.0
2023-01-16,DOT,,-0.0433018857376449,0,0.0
2023-01-16,ETC,,-0.30014958314223894,-1,-0.058743594814639456
2023-01-16,ETH,,-0.3941792618111443,-1,-0.08784496406058771
2023-01-16,FET,,-0.18776905081122644,0,-0.0009312675270813017
2023-01-16,FIL,,0.6028564396503531,1,0.035248868240737447
2023-01-16,HBAR,,0.15555374250835066,0,0.0
2023-01-16,ICP,,0.2861414612892168,1,0.047194898911866325
2023-01-16,JST,,0.13007856343654745,0,0.0
2023-01-16,LINK,,-0.012915088797457687,0,0.0
2023-01-16,LTC,,-0.17021915631674997,0,0.001959628273673228
2023-01-16,LUNC,,0.2860806148542895,1,0.08246904409619768
2023-01-16,NEAR,,-0.03181149341927321,0,0.0
2023-01-16,NEXO,,0.6857210593357641,1,0.08781109220492735
2023-01-16,QNT,,0.4836044343470282,1,0.0834510100774534
2023-01-16,SHIB,,0.2838200001366112,1,0.04436476088181047
2023-01-16,SOL,,-0.502046533532489,-1,-0.025309685629328813
2023-01-16,STX,,0.08016166298411101,0,0.0
2023-01-16,TRX,,-0.40470340828285234,-1,-0.09202680517828649
2023-01-16,UNI,,0.18709573761651557,1,0.06650165863266881
2023-01-16,VET,,0.11098381801498564,0,0.0
2023-01-16,XLM,,-0.0882359375493525,0,0.0
2023-01-16,XRP,,-0.07138787151648678,0,0.0
2023-01-16,ZEC,,0.07987275211054971,0,-0.0021472901448305465
2023-01-23,AAVE,,-0.15530300002898711,0,0.0
2023-01-23,ADA,,0.013407126564469829,0,0.0
2023-01-23,ALGO,,0.06380004549017977,0,0.0
2023-01-23,APT,,-0.4481128435935798,-1,-0.022001328559472056
2023-01-23,ATOM,,-0.16621657989058838,0,0.0
2023-01-23,AVAX,,-0.09783466299139683,0,0.0
2023-01-23,BCH,,-0.04888159033132588,0,0.0
2023-01-23,BNB,,-0.24465410206469201,-1,-0.10000427115535586
2023-01-23,BTC,,-0.6362983821759929,-1,-0.09982629413134948
2023-01-23,CAKE,,0.6587914473791168,1,0.07918470322211509
2023-01-23,CHZ,,-0.13633698029800323,0,0.0
2023-01-23,DASH,,0.30711123774061055,1,0.06639625773839998
2023-01-23,DEXE,,0.6559323006120946,1,0.07918470322211509
2023-01-23,DOGE,,0.18229443953390082,0,0.0
2023-01-23,DOT,,-0.03683365529697823,0,0.0
2023-01-23,ETC,,-0.2733935170061529,-1,-0.06378823342722782
2023-01-23,ETH,,-0.5874523835319765,-1,-0.10000427115535586
2023-01-23,FET,,-0.3585262676026725,-1,-0.032157673089558386
2023-01-23,FIL,,0.06519905306046506,0,0.0
2023-01-23,HBAR,,-0.13685597674635164,0,0.0
2023-01-23,ICP,,0.23037580187458528,1,0.0406742031949513
2023-01-23,JST,,0.3990541865437875,1,0.057577803227194316
2023-01-23,LINK,,0.29683544112057064,1,0.07918470322211509
2023-01-23,LTC,,0.13192647120915746,0,0.0
2023-01-23,LUNC,,0.02498145014780128,0,0.0
2023-01-23,NEAR,,-0.0657170990445871,0,0.0
2023-01-23,NEXO,,0.26339113683313964,1,0.06859994610066301
2023-01-23,QNT,,0.877559675796427,1,0.07918470322211509
2023-01-23,SHIB,,-0.08059874263756943,0,0.0
2023-01-23,SOL,,-0.5309758457724676,-1,-0.03220068047599359
2023-01-23,STX,,0.21273135182728276,0,0.0
2023-01-23,TRX,,-0.3389107547439364,-1,-0.10000427115535586
2023-01-23,UNI,,-0.10480277613980196,0,0.0
2023-01-23,VET,,0.20553007080668867,0,0.0
2023-01-23,XLM,,-0.0856737945064949,0,0.0
2023-01-23,XRP,,-0.10325425961543291,0,0.0
2023-01-23,ZEC,,0.047711977478704835,0,0.0
2023-01-30,AAVE,,-0.10588711406901966,0,0.0
2023-01-30,ADA,,-0.07880216119676683,0,0.0
2023-01-30,ALGO,,0.027658335817400296,0,0.0
2023-01-30,APT,,-0.731170136680586,-1,-0.017203960785187253
2023-01-30,ATOM,,0.04712701663860623,0,0.0
2023-01-30,AVAX,,-0.2484074360051855,-1,-0.037842365200073946
2023-01-30,BCH,,-0.10182751957962544,0,0.0
2023-01-30,BNB,,0.0023720403958666057,0,-0.01140676446673504
2023-01-30,BTC,,-0.7224199240618209,-1,-0.08070606570333262
2023-01-30,CAKE,,0.8416874447982087,1,0.08716967862001528
2023-01-30,CHZ,,-0.03295733927815567,0,0.0
2023-01-30,DASH,,0.4950752692951029,1,0.08571099306745718
2023-01-30,DEXE,,0.8478581535309151,1,0.08716967862001528
2023-01-30,DOGE,,0.3344265937821765,1,0.054070745227822084
2023-01-30,DOT,,-0.06312233562061616,0,0.0
2023-01-30,ETC,,0.21090011928441604,0,-0.00727586278113216
2023-01-30,ETH,,-0.517597353747495,-1,-0.08729749037944813
2023-01-30,FET,,0.13972651830712413,0,-0.003667993361613643
2023-01-30,FIL,,0.11532251847610751,0,0.0
2023-01-30,HBAR,,-0.1645079627375878,0,0.0
2023-01-30,ICP,,-0.07465716039350194,0,0.004639412400658079
2023-01-30,JST,,0.2526888677385914,1,0.06303492459773927
2023-01-30,LINK,,-0.14609164088735493,0,0.009032026818332622
2023-01-30,LTC,,0.10773708347443339,0,0.0
2023-01-30,LUNC,,0.34696075865208914,1,0.05373021946613553
2023-01-30,NEAR,,-0.11161530564186405,0,0.0
2023-01-30,NEXO,,-0.031233063516085072,0,0.007824700070913654
2023-01-30,QNT,,-0.049206462776383526,0,0.009032026818332622
2023-01-30,SHIB,,0.32411835622997426,1,0.04034366455300641
2023-01-30,SOL,,-0.46060609660263535,-1,-0.028327086330240715
2023-01-30,STX,,0.25957568889072014,1,0.04593965096654841
2023-01-30,TRX,,-0.20760703808028855,-1,-0.09892788705089431
2023-01-30,UNI,,-0.01435642004468662,0,0.0
2023-01-30,VET,,0.03957039824054382,0,0.0
2023-01-30,XLM,,-0.25523410096629057,-1,-0.08752112258415928
2023-01-30,XRP,,-0.29710417295316394,-1,-0.08752112258415928
2023-01-30,ZEC,,0.021605581286839322,0,0.0
2023-02-06,AAVE,,0.08065916737821677,0,0.0
2023-02-06,ADA,,-0.17052950019307964,0,0.0
2023-02-06,ALGO,,0.12996411232286234,0,0.0
2023-02-06,APT,,-0.5212254535610022,-1,-0.011350305181315388
2023-02-06,ATOM,,-0.029002526678451282,0,0.0
2023-02-06,AVAX,,-0.13392571393955535,0,0.0
2023-02-06,BCH,,-0.0800977029041745,0,0.0
2023-02-06,BNB,,-0.3165436982420393,-1,-0.09007322941211911
2023-02-06,BTC,,-0.6358772925954502,-1,-0.0715261471092637
2023-02-06,CAKE,,0.13296360001717472,0,0.0
2023-02-06,CHZ,,0.06131834686523552,0,0.0
2023-02-06,DASH,,0.6386425329722686,1,0.08164303791489558
2023-02-06,DEXE,,0.20468256219464073,1,0.06860365055587121
2023-02-06,DOGE,,0.1670984384457012,1,0.06283206578479247
2023-02-06,DOT,,-0.07482124965129233,0,0.0
2023-02-06,ETC,,-0.04956521287252563,0,0.0
2023-02-06,ETH,,-0.5306507009455403,-1,-0.09007322941211911
2023-02-06,FET,,-0.21294810389715568,-1,-0.01668943415822921
2023-02-06,FIL,,0.15094714749863666,0,0.0
2023-02-06,HBAR,,0.27218272679770383,1,0.025299241451694248
2023-02-06,ICP,,0.1425517319364968,0,0.0
2023-02-06,JST,,0.20010209601807466,1,0.07551534974857159
2023-02-06,LINK,,-0.08120860024408326,0,0.0
2023-02-06,LTC,,-0.18427132893310214,-1,-0.09007322941211911
2023-02-06,LUNC,,0.18279974159746612,1,0.07914522804997813
2023-02-06,NEAR,,0.09972206447022684,0,0.0
2023-02-06,NEXO,,0.03202367260794382,0,0.0
2023-02-06,QNT,,0.052980935924884245,0,0.0
2023-02-06,SHIB,,0.041160552450270296,0,0.0
2023-02-06,SOL,,0.11303955939316128,0,0.0
2023-02-06,STX,,0.43877820662974776,1,0.08164303791489558
2023-02-06,TRX,,0.023048537378225962,0,0.0
2023-02-06,UNI,,-0.07427688300981952,0,0.0
2023-02-06,VET,,0.07002916368314993,0,0.0
2023-02-06,XLM,,-0.30043310430098735,-1,-0.09007322941211911
2023-02-06,XRP,,-0.3542930820604582,-1,-0.09007322941211911
2023-02-06,ZEC,,0.514975257446632,1,0.07525042208870512
2023-02-13,AAVE,,0.12724632917408651,0,0.0
2023-02-13,ADA,,0.09954599737197518,0,0.0
2023-02-13,ALGO,,0.16444310101127144,1,0.02093349867420643
2023-02-13,APT,,-0.3393413798076701,-1,-0.019777257069895242
2023-02-13,ATOM,,0.009899921423417423,0,0.0
2023-02-13,AVAX,,-0.06865509916525885,-1,-0.02856515689747594
2023-02-13,BCH,,0.12982767871549486,0,0.0
2023-02-13,BNB,,-0.21068111686923147,-1,-0.06632000704943757
2023-02-13,BTC,,-0.0314809349809067,0,-0.019384059440178757
2023-02-13,CAKE,,-0.12945699122688062,-1,-0.04190956550522578
2023-02-13,CHZ,,0.24649477013023682,1,0.02965496028636751
2023-02-13,DASH,,0.9067147654629335,1,0.05316806718152447
2023-02-13,DEXE,,0.1729140871306799,1,0.042503189554266324
2023-02-13,DOGE,,0.1622157086587057,0,0.017027905837862442
2023-02-13,DOT,,0.07925877170602283,0,0.0
2023-02-13,ETC,,0.1572969285738419,0,0.0
2023-02-13,ETH,,0.06830581054814945,0,-0.024410441544211778
2023-02-13,FET,,-0.7633506796785947,-1,-0.019118549905319134
2023-02-13,FIL,,-0.7722087738037148,-1,-0.011162090209381192
2023-02-13,HBAR,,0.04458756088036336,0,0.006856261939314795
2023-02-13,ICP,,-0.018692087615898217,0,0.0
2023-02-13,JST,,0.031048406186131673,0,0.020465159767883212
2023-02-13,LINK,,0.11087064031579345,0,0.0
2023-02-13,LTC,,0.005512261082848205,0,-0.024410441544211778
2023-02-13,LUNC,,0.08500117030505722,0,0.021448880820935247
2023-02-13,NEAR,,0.11536014586422944,0,0.0
2023-02-13,NEXO,,0.11401404927330185,0,0.0
2023-02-13,QNT,,0.0764025651784116,0,0.0
2023-02-13,SHIB,,-0.157807984654965,-1,-0.035546743202255336
2023-02-13,SOL,,0.1946322125717551,1,0.012443398171734997
2023-02-13,STX,,-1.5514166019047084,-1,0.015066565890413997
2023-02-13,TRX,,0.31492496043070356,1,0.031042263349234208
2023-02-13,UNI,,0.22040459292336784,1,0.017379418015061023
2023-02-13,VET,,0.06337001974709883,0,0.0
2023-02-13,XLM,,0.05202312613118826,0,-0.024410441544211778
2023-02-13,XRP,,-0.02892746273598056,0,-0.024410441544211778
2023-02-13,ZEC,,0.3197035316467424,1,0.05143562596721147
2023-02-20,AAVE,,0.0982983443280085,0,0.0
2023-02-20,ADA,,-0.22827214844788812,-1,-0.06663532266770875
2023-02-20,ALGO,,-0.0488846022200857,0,0.005067024905397094
2023-02-20,APT,,0.3392736986876604,1,0.027004262686087237
2023-02-20,ATOM,,-0.18491470728529089,0,0.0
2023-02-20,AVAX,,0.040725911006276413,0,-0.006914293863568562
2023-02-20,BCH,,0.20959108386656275,1,0.04345870424443091
2023-02-20,BNB,,-0.3263315691619043,-1,-0.09267240533246243
2023-02-20,BTC,,-0.534801916901914,-1,-0.07495777310505022
2023-02-20,CAKE,,0.021463260376655104,0,-0.01014435357864995
2023-02-20,CHZ,,0.08744978291522404,0,0.007178084498829347
2023-02-20,DASH,,0.77772189767176,1,0.08013907281309285
2023-02-20,DEXE,,0.5700245592008626,1,0.0659635696097278
2023-02-20,DOGE,,0.13208302341041941,0,0.004121662809930475
2023-02-20,DOT,,-0.1416963216435357,0,0.0
2023-02-20,ETC,,0.02268616254014312,0,0.0
2023-02-20,ETH,,-0.3585379659879447,-1,-0.07662614574204182
2023-02-20,FET,,-0.11307266108854952,0,-0.004627710352340407
2023-02-20,FIL,,-0.2760495133438933,-1,-0.015710307787051334
2023-02-20,HBAR,,-0.26973686433172644,-1,-0.03209996812500575
2023-02-20,ICP,,-0.07611440344638573,0,0.0
2023-02-20,JST,,0.4781251963283697,1,0.07222322229413522
2023-02-20,LINK,,-0.16858078914918523,0,0.0
2023-02-20,LTC,,-0.13599651830276033,0,-0.005908630811373432
2023-02-20,LUNC,,0.28501283230877805,1,0.06801191662646622
2023-02-20,NEAR,,0.09256913430168484,0,0.0
2023-02-20,NEXO,,0.3456888156779533,1,0.05985907746546606
2023-02-20,QNT,,0.042549105795344364,0,0.0
2023-02-20,SHIB,,-0.026767256539156733,0,-0.008604210691904833
2023-02-20,SOL,,0.14120174498869043,1,0.031738544197553675
2023-02-20,STX,,-0.462677792452933,-1,-0.005598140083536391
2023-02-20,TRX,,-0.05160189392714965,0,0.007513885947038324
2023-02-20,UNI,,-0.07800010493946082,0,0.0042067475339002056
2023-02-20,VET,,0.0712110142903537,0,0.0
2023-02-20,XLM,,-0.08126385174166069,0,-0.005908630811373432
2023-02-20,XRP,,-0.23130881262802613,-1,-0.08252805175381249
2023-02-20,ZEC,,0.038934125844711245,0,0.01245016907382445
2023-02-27,AAVE,,0.006609699866972718,0,0.0
2023-02-27,ADA,,0.003974039102201122,0,-0.014464271934480244
2023-02-27,ALGO,,0.0017634782186481722,0,0.0010998795112905496
2023-02-27,APT,,0.19518262852063492,1,0.023533537908838775
2023-02-27,ATOM,,-0.013836818019525032,0,0.0
2023-02-27,AVAX,,0.07160384260717606,0,-0.0015008590440281355
2023-02-27,BCH,,0.15042958321643954,0,0.009433412954961438
2023-02-27,BNB,,-0.15625455221859896,-1,-0.06197359017150159
2023-02-27,BTC,,0.03871371530617566,0,-0.01627079408320957
2023-02-27,CAKE,,-0.19216756591430476,-1,-0.044059544962436074
2023-02-27,CHZ,,0.023514923086262407,0,0.0015581190576279547
2023-02-27,DASH,,0.16714183224679258,0,0.017395478784218585
2023-02-27,DEXE,,0.27680108045037316,1,0.03729607575091275
2023-02-27,DOGE,,0.13133387710888222,0,0.0008946734152149379
2023-02-27,DOT,,-0.06359939752166677,-1,-0.023971554879200857
2023-02-27,ETC,,0.0817546812619418,0,0.0
2023-02-27,ETH,,0.17001089201620476,1,0.005612755184340609
2023-02-27,FET,,0.7576398886355489,1,0.022832981470745126
2023-02-27,FIL,,-0.820901636123768,-1,-0.011803691488441913
2023-02-27,HBAR,,-0.13222952213838648,-1,-0.026464162512364157
2023-02-27,ICP,,-0.22119162973392686,-1,-0.0156593626856476
2023-02-27,JST,,-0.05211556444069475,-1,-0.026180333632598224
2023-02-27,LINK,,0.005758133203242517,0,0.0
2023-02-27,LTC,,0.06110951019394711,0,-0.0012825636523490502
2023-02-27,LUNC,,0.019110515857838083,0,0.014763083864334975
2023-02-27,NEAR,,0.01066866165246083,0,0.0
2023-02-27,NEXO,,0.07683938983359893,0,0.012993378579784262
2023-02-27,QNT,,0.1914141436900488,1,0.03276998207700093
2023-02-27,SHIB,,0.006274931419967888,0,-0.0018676827581354796
2023-02-27,SOL,,0.09588811162583175,0,0.006889363114023047
2023-02-27,STX,,-1.7520206505265483,-1,-0.007215899297376899
2023-02-27,TRX,,0.26405562806824495,1,0.031230875994442072
2023-02-27,UNI,,0.24048862463396126,1,0.01813483013964023
2023-02-27,VET,,0.012324454944816973,0,0.0
2023-02-27,XLM,,0.07745063566606243,0,-0.0012825636523490502
2023-02-27,XRP,,0.21932834501072979,1,0.014855936867935404
2023-02-27,ZEC,,0.04713208919241496,0,0.002702510078807202
2023-03-06,AAVE,,0.045445628104990435,0,0.0
2023-03-06,ADA,,0.13043292578647853,0,0.0
2023-03-06,ALGO,,-0.1032850991166297,0,0.0
2023-03-06,APT,,0.6049163294087415,1,0.020089778881784797
2023-03-06,ATOM,,0.15768935363017067,0,0.0
2023-03-06,AVAX,,0.2663093265663868,1,0.020290500156444343
2023-03-06,BCH,,0.11932340501629428,0,0.0
2023-03-06,BNB,,0.241194501274391,1,0.04058665677767023
2023-03-06,BTC,,0.0382740081647257,0,0.0
2023-03-06,CAKE,,-0.03290987455569064,0,0.0
2023-03-06,CHZ,,0.027195538961635422,0,0.0
2023-03-06,DASH,,-0.1289127052571012,-1,-0.034582525475081935
2023-03-06,DEXE,,0.31071949027850293,1,0.030492999060138953
2023-03-06,DOGE,,0.09772068435576778,0,0.0
2023-03-06,DOT,,0.006481775106013663,0,0.0
2023-03-06,ETC,,0.045116898360124454,0,0.0
2023-03-06,ETH,,0.27999481532417403,1,0.030538071035075214
2023-03-06,FET,,0.04496104896248068,0,0.0
2023-03-06,FIL,,-0.9928217591806654,-1,-0.011738791725257219
2023-03-06,HBAR,,0.21239046965342628,1,0.026832320608117577
2023-03-06,ICP,,-0.21231862030760565,-1,-0.021879452303618003
2023-03-06,JST,,-0.2893325638128878,-1,-0.047365320188702376
2023-03-06,LINK,,-0.07758525100165276,0,0.0
2023-03-06,LTC,,-0.15280207919876207,-1,-0.047365320188702376
2023-03-06,LUNC,,-0.11253495166472026,-1,-0.047365320188702376
2023-03-06,NEAR,,0.0729590257735426,0,0.0
2023-03-06,NEXO,,0.04719093637484126,0,0.0
2023-03-06,QNT,,0.42045201464161713,1,0.04058665677767023
2023-03-06,SHIB,,0.17726939954269502,0,0.0
2023-03-06,SOL,,0.10930816180506872,0,0.0
2023-03-06,STX,,-2.0447805867914624,-1,-0.008398726330713285
2023-03-06,TRX,,0.08781513032772913,0,0.0
2023-03-06,UNI,,0.08736032051755849,0,0.0
2023-03-06,VET,,-0.13449671676772718,-1,-0.031308183673794045
2023-03-06,XLM,,0.20747573870016275,0,0.0
2023-03-06,XRP,,0.48548823111485023,1,0.04058665677767023
2023-03-06,ZEC,,-0.041704950097467726,0,0.0
2023-03-13,AAVE,,0.06605866576678128,0,0.0
2023-03-13,ADA,,0.1925856735705555,0,0.0
2023-03-13,ALGO,,-0.16724198937535517,-1,-0.03961876937868066
2023-03-13,APT,,0.13113245451377611,0,0.0
2023-03-13,ATOM,,0.19822061714007233,1,0.028578941669565646
2023-03-13,AVAX,,0.14289431092582744,0,0.0
2023-03-13,BCH,,0.04834338725473795,0,0.0
2023-03-13,BNB,,-0.02062557349457968,0,0.0
2023-03-13,BTC,,-0.7267452997137464,-1,-0.0255754605550151
2023-03-13,CAKE,,0.3506952607168332,1,0.03484500185167551
2023-03-13,CHZ,,0.13869486382898943,0,0.0
2023-03-13,DASH,,-0.42508449127350356,-1,-0.030188402677464497
2023-03-13,DEXE,,0.18864170248399675,0,0.0
2023-03-13,DOGE,,0.2281516893964551,1,0.027400980677241896
2023-03-13,DOT,,0.007516567073905055,0,0.0
2023-03-13,ETC,,-0.021714143185401998,0,0.0
2023-03-13,ETH,,0.25844815821032563,1,0.022823619608698408
2023-03-13,FET,,-0.0824282054144482,0,0.0
2023-03-13,FIL,,-0.13508467542266892,-1,-0.032429112616926895
2023-03-13,HBAR,,-0.03341522811700845,0,0.0
2023-03-13,ICP,,0.011646575851738908,0,0.0
2023-03-13,JST,,-0.47293124052960206,-1,-0.034671897385349544
2023-03-13,LINK,,0.070627299432022,0,0.0
2023-03-13,LTC,,-0.2592847450271319,-1,-0.03725660781373409
2023-03-13,LUNC,,0.007377064889036258,0,0.0
2023-03-13,NEAR,,-0.03363673783051202,0,0.0
2023-03-13,NEXO,,0.18002040045985512,0,0.0
2023-03-13,QNT,,0.5281219588875171,1,0.035116776221343245
2023-03-13,SHIB,,0.1400900415787766,0,0.0
2023-03-13,SOL,,0.1840469569410594,0,0.0
2023-03-13,STX,,-1.853688053832696,-1,-0.014887935084827242
2023-03-13,TRX,,0.3592603671246419,1,0.035116776221343245
2023-03-13,UNI,,0.0752714569487055,0,0.0
2023-03-13,VET,,-0.1838159693179164,-1,-0.03537202912418594
2023-03-13,XLM,,0.33731272686827474,1,0.031001342164972835
2023-03-13,XRP,,0.66041966156294,1,0.035116776221343245
2023-03-13,ZEC,,-0.08988150889224655,0,0.0
2023-03-20,AAVE,,-0.09143877703486972,0,0.0
2023-03-20,ADA,,0.4295858381012929,1,0.03892929908807541
2023-03-20,ALGO,,-0.022361149027096974,0,0.0
2023-03-20,APT,,0.0048566517410834915,0,0.0
2023-03-20,ATOM,,-0.029314222194074625,0,0.0
2023-03-20,AVAX,,0.1705450663965971,0,0.0
2023-03-20,BCH,,-0.24536889426403025,-1,-0.04422193433223698
2023-03-20,BNB,,-0.27180424310252127,-1,-0.04367828905805252
2023-03-20,BTC,,-0.8131614920269671,-1,-0.030281972083667823
2023-03-20,CAKE,,0.30142135798611447,1,0.046538806940313114
2023-03-20,CHZ,,0.3039534215387574,1,0.033787756653632914
2023-03-20,DASH,,0.0885336944389033,0,0.0
2023-03-20,DEXE,,0.2700085923179499,1,0.046810134419687045
2023-03-20,DOGE,,0.41283311878714285,1,0.03634654725512475
2023-03-20,DOT,,-0.05353298317642541,0,0.0
2023-03-20,ETC,,-0.06746575032110343,0,0.0
2023-03-20,ETH,,0.029021314943956465,0,0.0
2023-03-20,FET,,-0.19056446402160862,-1,-0.04244349629560849
2023-03-20,FIL,,0.04593467441649707,0,0.0
2023-03-20,HBAR,,0.1620370545768855,0,0.0
2023-03-20,ICP,,0.13216187870212687,0,0.0
2023-03-20,JST,,-0.41959513591330094,-1,-0.03965330389164438
2023-03-20,LINK,,0.26507163391796973,0,0.0
2023-03-20,LTC,,0.05610149728974536,0,0.0
2023-03-20,LUNC,,0.14926254261459584,0,0.0
2023-03-20,NEAR,,-0.08011890757362383,0,0.0
2023-03-20,NEXO,,0.0743675351730955,0,0.0
2023-03-20,QNT,,0.14976072691636413,0,0.0
2023-03-20,SHIB,,0.3211118529007135,1,0.03609468046009136
2023-03-20,SOL,,0.16256769164933838,0,0.0
2023-03-20,STX,,-2.0110243901260207,-1,-0.015126783380165789
2023-03-20,TRX,,0.18599520387144236,0,0.0
2023-03-20,UNI,,-0.14188357728619588,-1,-0.04888448983857649
2023-03-20,VET,,-0.1559572516735885,-1,-0.04079740242838857
2023-03-20,XLM,,0.42654256716635597,1,0.03801684082854168
2023-03-20,XRP,,0.29587431129248914,1,0.028563605662874813
2023-03-20,ZEC,,0.15604301100201037,0,0.0
2023-03-27,AAVE,,-0.06390775573180144,0,0.0
2023-03-27,ADA,,0.7091206605773485,1,0.033449231539790666
2023-03-27,ALGO,,-0.006964049709027895,0,0.0
2023-03-27,APT,,0.15241746733861516,0,0.0
2023-03-27,ARB,,0.0611506076631554,0,0.0
2023-03-27,ATOM,,0.04238004405437159,0,0.0
2023-03-27,AVAX,,0.33044346778613043,0,0.0
2023-03-27,BCH,,-0.2603947713890886,-1,-0.041062661466060274
2023-03-27,BNB,,-0.49037866571962546,-1,-0.039759639122878894
2023-03-27,BTC,,-0.9672176059380462,-1,-0.02813185134782701
2023-03-27,CAKE,,0.36395097635740925,1,0.033449231539790666
2023-03-27,CHZ,,0.2426800848560703,0,0.0
2023-03-27,DASH,,-0.10258759674527468,0,0.0
2023-03-27,DEXE,,0.5728056970135502,1,0.033449231539790666
2023-03-27,DOGE,,0.5213486546375208,1,0.029837902295501106
2023-03-27,DOT,,0.12411501358363436,0,0.0
2023-03-27,ETC,,-0.12270890176341134,0,0.0
2023-03-27,ETH,,-0.014541409442593517,0,0.0
2023-03-27,FET,,-0.3083579596825029,-1,-0.037207872531735145
2023-03-27,FIL,,0.014568824461776334,0,0.0
2023-03-27,HBAR,,0.05350715489391849,0,0.0
2023-03-27,ICP,,0.40023115004989396,1,0.033449231539790666
2023-03-27,JST,,-0.46888780002097596,-1,-0.03590144410796948
2023-03-27,LINK,,0.14522917416472764,0,0.0
2023-03-27,LTC,,-0.21834527309908133,-1,-0.03176586197649226
2023-03-27,LUNC,,0.15655945080018707,0,0.0
2023-03-27,NEAR,,-0.02709668997208598,0,0.0
2023-03-27,NEXO,,-0.5949475223396107,-1,-0.02825101888508938
2023-03-27,QNT,,0.3491578342894976,0,0.0
2023-03-27,SHIB,,0.6501759206974376,1,0.033449231539790666
2023-03-27,SOL,,0.10263060229187289,0,0.0
2023-03-27,STX,,-2.5181783960487816,-1,-0.012408062241439938
2023-03-27,TRX,,0.37859569346267635,1,0.033449231539790666
2023-03-27,UNI,,-0.06649922760662993,0,0.0
2023-03-27,VET,,-0.08032988992364352,0,0.0
2023-03-27,XLM,,0.35967657907659467,1,0.023955120145247224
2023-03-27,XRP,,0.3417870179552808,0,0.0
2023-03-27,ZEC,,0.2388114391205106,0,0.0
2023-04-03,AAVE,,0.0498211983241937,0,0.0
2023-04-03,ADA,,0.7749181611895665,1,0.03211071425158622
2023-04-03,ALGO,,0.17961498832253084,0,0.0
2023-04-03,APT,,-0.23477489050100764,-1,-0.03990198253957485
2023-04-03,ARB,,0.06482693635920353,0,0.0
2023-04-03,ATOM,,0.07067032225882579,0,0.0
2023-04-03,AVAX,,0.35276975478666955,1,0.03211071425158622
2023-04-03,BCH,,-0.18307856639236786,0,0.0
2023-04-03,BNB,,-0.4953492301328419,-1,-0.03706923590492589
2023-04-03,BTC,,-1.0003709922103297,-1,-0.027137019004147785
2023-04-03,CAKE,,0.10347469360430635,0,0.0
2023-04-03,CHZ,,0.4614511722936064,1,0.028324689808105617
2023-04-03,DASH,,0.10902704823701892,0,0.0
2023-04-03,DEXE,,0.33622468240800457,0,0.0
2023-04-03,DOGE,,0.9325760213600933,1,0.03211071425158622
2023-04-03,DOT,,0.02344406465140575,0,0.0
2023-04-03,ETC,,-0.08687876626387073,0,0.0
2023-04-03,ETH,,0.002676153217382235,0,0.0
2023-04-03,FET,,-0.20254544101691502,0,0.0
2023-04-03,FIL,,0.16457437837681696,0,0.0
2023-04-03,HBAR,,-0.6050673750835636,-1,-0.02822996092338819
2023-04-03,ICP,,0.3475903201881341,0,0.0
2023-04-03,JST,,-0.33406327103554206,-1,-0.04062838849555522
2023-04-03,LINK,,0.09442271885505417,0,0.0
2023-04-03,LTC,,-0.0973902467999539,0,0.0
2023-04-03,LUNC,,0.3652066135446606,1,0.03090360757644328
2023-04-03,NEAR,,0.12415492930893952,0,0.0
2023-04-03,NEXO,,-0.5265731097648881,-1,-0.027587167912293473
2023-04-03,QNT,,0.02344280314975299,0,0.0
2023-04-03,SHIB,,0.7761132974438063,1,0.03211071425158622
2023-04-03,SOL,,0.08477451003366403,0,0.0
2023-04-03,STX,,-2.458984968795314,-1,-0.01159060439479902
2023-04-03,TRX,,0.5301773892672978,1,0.03211071425158622
2023-04-03,UNI,,-0.0537204147598799,0,0.0
2023-04-03,VET,,0.1489243318350988,0,0.0
2023-04-03,XLM,,-0.15209205563988354,0,0.0
2023-04-03,XRP,,-0.3933603048668334,-1,-0.039748223719381824
2023-04-03,ZEC,,0.7033731442471606,1,0.03211071425158622
2023-04-10,AAVE,,-0.0002718801737699051,0,0.0
2023-04-10,ADA,,0.13134832503818725,0,0.0
2023-04-10,ALGO,,0.3910578105645496,1,0.030570662615465132
2023-04-10,APT,,-0.47452560016727824,-1,-0.03302407552869537
2023-04-10,ARB,,0.062245937335345385,0,0.0
2023-04-10,ATOM,,-0.4279043602156354,0,0.0
2023-04-10,AVAX,,0.0243295974668271,0,0.0
2023-04-10,BCH,,0.17332968747581473,0,0.0
2023-04-10,BNB,,-0.03854591462616074,0,0.0
2023-04-10,BTC,,0.5182643099783051,1,0.0314460458203455
2023-04-10,CAKE,,0.4354934502099507,1,0.0314460458203455
2023-04-10,CHZ,,0.26112930686853797,0,0.0
2023-04-10,DASH,,0.33843881695706396,0,0.0
2023-04-10,DEXE,,0.28472053233788697,0,0.0
2023-04-10,DOGE,,0.7806750070029761,1,0.0314460458203455
2023-04-10,DOT,,0.06581516889500437,0,0.0
2023-04-10,ETC,,0.3671074272941175,0,0.0
2023-04-10,ETH,,0.04054747214719089,0,0.0
2023-04-10,FET,,-0.7576054916786231,-1,-0.028180448619775166
2023-04-10,FIL,,0.09018656878247511,0,0.0
2023-04-10,HBAR,,-1.0384375780270316,-1,-0.0274087987068522
2023-04-10,ICP,,-0.7250584672993193,-1,-0.02906712025259683
2023-04-10,JST,,0.10793217332439906,0,0.0
2023-04-10,LINK,,0.06426800597513645,0,0.0
2023-04-10,LTC,,0.02384920672754451,0,0.0
2023-04-10,LUNC,,0.5266381732526768,1,0.0314460458203455
2023-04-10,NEAR,,-0.3246967021783523,0,0.0
2023-04-10,NEXO,,-0.9292287999717864,-1,-0.027076791636960675
2023-04-10,QNT,,0.03348892062325818,0,0.0
2023-04-10,SHIB,,0.7443356541044241,1,0.0314460458203455
2023-04-10,SOL,,-1.0440651287227245,-1,-0.026100120970785987
2023-04-10,STX,,0.1901931213610345,0,0.0
2023-04-10,TRX,,0.46178690663479777,1,0.0314460458203455
2023-04-10,UNI,,0.06776009633642203,0,0.0
2023-04-10,VET,,0.33682389326196444,0,0.0
2023-04-10,XLM,,-0.5761578742979636,-1,-0.04107025263922321
2023-04-10,XRP,,-0.8209259589668163,-1,-0.03876537500299418
2023-04-10,ZEC,,0.6356581863695699,1,0.0314460458203455
2023-04-17,AAVE,,-0.05629138437516221,0,0.0
2023-04-17,ADA,,-0.22757882511299196,-1,-0.035871975558805336
2023-04-17,ALGO,,-0.11088878465814889,0,0.0
2023-04-17,APT,,-0.16242835040486434,0,0.0
2023-04-17,ARB,,-1.8075183851665317,-1,-0.016150869378493464
2023-04-17,ATOM,,-0.172989202209118,0,0.0
2023-04-17,AVAX,,-0.178922772394377,0,0.0
2023-04-17,BCH,,0.19923237097756438,0,0.0
2023-04-17,BNB,,0.32721353421288746,1,0.02543545912020933
2023-04-17,BTC,,0.17886383920259052,0,0.0
2023-04-17,CAKE,,0.2636144815863651,1,0.03812602673793175
2023-04-17,CHZ,,-0.034330673669379454,0,0.0
2023-04-17,DASH,,-0.047980896665796156,0,0.0
2023-04-17,DEXE,,1.0996537229885608,1,0.03812602673793175
2023-04-17,DOGE,,0.10193857101118624,0,0.0
2023-04-17,DOT,,0.025265340384953865,0,0.0
2023-04-17,ETC,,0.15728638283666638,0,0.0
2023-04-17,ETH,,-0.08987372922289823,0,0.0
2023-04-17,FET,,-0.32749286350688706,-1,-0.030611145118299682
2023-04-17,FIL,,-0.027000305757578436,0,0.0
2023-04-17,HBAR,,-0.40850117168942124,-1,-0.029852510065064987
2023-04-17,ICP,,-0.20019020302158977,0,0.0
2023-04-17,JST,,0.18389748419028829,0,0.0
2023-04-17,LINK,,-0.06315593082025907,0,0.0
2023-04-17,LTC,,0.024792375121343434,0,0.0
2023-04-17,LUNC,,0.2472595879242851,1,0.025390403606172403
2023-04-17,NEAR,,-0.282508969233566,-1,-0.032094727677967935
2023-04-17,NEXO,,0.38689252692546183,1,0.019903632508981483
2023-04-17,QNT,,0.2917965967958608,1,0.03812602673793175
2023-04-17,SHIB,,0.2847500298028675,1,0.026773467114606368
2023-04-17,SOL,,-0.5669275073234252,-1,-0.026680172859512793
2023-04-17,STX,,0.17517575196712953,0,0.0
2023-04-17,TRX,,1.1066200403589572,1,0.03812602673793175
2023-04-17,UNI,,0.1610547527874921,0,0.0
2023-04-17,VET,,0.016056177506063973,0,0.0
2023-04-17,XLM,,-0.3026091630953636,-1,-0.03867558165327993
2023-04-17,XRP,,-0.25688170309610564,-1,-0.04007008699027245
2023-04-17,ZEC,,0.09270725484293688,0,0.0
2023-04-24,AAVE,,-0.09059815382003897,0,0.0
2023-04-24,ADA,,-0.28908908464295474,-1,-0.03500642905792223
2023-04-24,ALGO,,-0.18678582632711835,0,0.0
2023-04-24,APT,,-0.1676688745635997,0,0.0
2023-04-24,ARB,,-1.857999311783943,-1,-0.015708739046613077
2023-04-24,ATOM,,-0.136957501457726,0,0.0
2023-04-24,AVAX,,-0.21918385239130178,-1,-0.03294891933707549
2023-04-24,BCH,,0.07126262605369056,0,0.0
2023-04-24,BNB,,0.17768043720403653,0,0.0
2023-04-24,BTC,,0.32016398697781534,1,0.026200080524140267
2023-04-24,CAKE,,-0.26975123244137,-1,-0.041081838629717794
2023-04-24,CHZ,,0.09130321840795053,0,0.0
2023-04-24,DASH,,-0.08256176110873367,0,0.0
2023-04-24,DEXE,,0.4049531918953892,1,0.03823463409402193
2023-04-24,DOGE,,0.0842533677765758,0,0.0
2023-04-24,DOT,,-0.0407785392690549,0,0.0
2023-04-24,ETC,,0.031308135384559684,0,0.0
2023-04-24,ETH,,-0.21412580342678836,-1,-0.03965777274848319
2023-04-24,FET,,-0.4534894120216998,-1,-0.02957405336281411
2023-04-24,FIL,,0.016572678154179336,0,0.0
2023-04-24,HBAR,,0.14824992846845683,0,0.0
2023-04-24,ICP,,-0.21052347939213634,0,0.0
2023-04-24,JST,,-0.01702446303994467,0,0.0
2023-04-24,LINK,,-0.19578914185657295,0,0.0
2023-04-24,LTC,,-0.0016638239863533792,0,0.0
2023-04-24,LUNC,,0.3146994343762058,1,0.025167604779380237
2023-04-24,NEAR,,-0.32944396258386527,-1,-0.030592110313921447
2023-04-24,NEXO,,0.7497554763521685,1,0.03071719514419538
2023-04-24,QNT,,0.6523100248604413,1,0.03823463409402193
2023-04-24,SHIB,,0.10124295841820079,0,0.0
2023-04-24,SOL,,-0.6021131991635924,-1,-0.025466432516818245
2023-04-24,STX,,0.3663550057423458,1,0.02216031386465674
2023-04-24,TRX,,1.0675423561084543,1,0.03823463409402193
2023-04-24,UNI,,0.173026379131267,0,0.0
2023-04-24,VET,,0.013910160909770417,0,0.0
2023-04-24,XLM,,0.23953895437943715,0,0.0
2023-04-24,XRP,,0.2946025363860048,1,0.031087198418927202
2023-04-24,ZEC,,0.046816566289842404,0,0.0
2023-05-01,AAVE,,0.09370875102887968,0,0.0
2023-05-01,ADA,,-0.2890047547659716,-1,-0.03862768734117222
2023-05-01,ALGO,,0.052640997530088746,0,0.0
2023-05-01,APT,,-0.2177372246379093,-1,-0.03410271281179141
2023-05-01,ARB,,-1.8191993518943286,-1,-0.017122301780717646
2023-05-01,ATOM,,-0.20083903371769782,0,0.0
2023-05-01,AVAX,,-0.15665371458731547,0,0.0
2023-05-01,BCH,,0.2892964612664603,0,0.0
2023-05-01,BNB,,-0.020563569191291004,0,0.0
2023-05-01,BTC,,0.21026553825944092,0,0.0
2023-05-01,CAKE,,-0.2604579420739223,-1,-0.04064173550052123
2023-05-01,CHZ,,0.3896465479410673,1,0.02382791940166469
2023-05-01,DASH,,-0.06832262357723057,0,0.0
2023-05-01,DEXE,,-0.0052399503176099715,0,0.0
2023-05-01,DOGE,,0.17174746227250182,0,0.0
2023-05-01,DOT,,0.047094259130384765,0,0.0
2023-05-01,ETC,,0.1564702745553628,0,0.0
2023-05-01,ETH,,-0.049560476157761296,0,0.0
2023-05-01,FET,,-0.5192753841526176,-1,-0.03151674421218898
2023-05-01,FIL,,-0.001973035331165191,0,0.0
2023-05-01,HBAR,,-0.06167587543095135,0,0.0
2023-05-01,ICP,,-0.7549789244740532,-1,-0.026396756975402447
2023-05-01,JST,,-0.022164669100671015,0,0.0
2023-05-01,LINK,,-0.05036764142246134,0,0.0
2023-05-01,LTC,,-0.04100444663090272,0,0.0
2023-05-01,LUNC,,0.08748594318596913,0,0.0
2023-05-01,NEAR,,-0.3917547273401745,-1,-0.03336304672153806
2023-05-01,NEXO,,0.5040783076223827,1,0.031204609200040458
2023-05-01,QNT,,0.3557421972541369,1,0.04043933134864091
2023-05-01,SHIB,,0.10857443131598504,0,0.0
2023-05-01,SOL,,-0.6473039429747318,-1,-0.028261847897977747
2023-05-01,STX,,0.640991312060399,1,0.023327245860848937
2023-05-01,TRX,,1.371417870512368,1,0.04043933134864091
2023-05-01,UNI,,0.3003041194160524,1,0.023993807902584822
2023-05-01,VET,,-0.027548409984369443,0,0.0
2023-05-01,XLM,,0.39918036195065015,1,0.033444925895049986
2023-05-01,XRP,,0.29858941957515134,1,0.033355662283839
2023-05-01,ZEC,,0.12839144288585636,0,0.0
2023-05-08,AAVE,,-0.059846106644745094,0,0.0
2023-05-08,ADA,,0.10860661038369589,0,0.0
2023-05-08,ALGO,,0.24445569415195492,1,0.023236666712395868
2023-05-08,APT,,-0.0745330906900756,0,0.0
2023-05-08,ARB,,-0.21378062287225671,0,0.0
2023-05-08,ATOM,,-0.3084775734858652,-1,-0.032075790296548064
2023-05-08,AVAX,,-0.10276397872066066,0,0.0
2023-05-08,BCH,,0.5416903719070232,1,0.03536614644117238
2023-05-08,BNB,,0.22016694341907053,0,0.0
2023-05-08,BTC,,-0.3062668292976615,-1,-0.040617238541445895
2023-05-08,CAKE,,0.24188139701187109,1,0.022777322200249386
2023-05-08,CHZ,,-0.6925504460591427,-1,-0.02935158259552765
2023-05-08,DASH,,-0.0064852695996749764,0,0.0
2023-05-08,DEXE,,0.015323436486457101,0,0.0
2023-05-08,DOGE,,0.12973857191046567,0,0.0
2023-05-08,DOT,,0.2213938854690621,0,0.0
2023-05-08,ETC,,0.4459823854135813,1,0.03536614644117238
2023-05-08,ETH,,0.20857008967572865,0,0.0
2023-05-08,FET,,-0.23007194958605295,0,0.0
2023-05-08,FIL,,-0.3349223212979799,-1,-0.03385279282337458
2023-05-08,HBAR,,-0.5113729602866903,-1,-0.03378690675765448
2023-05-08,ICP,,-1.7480661644353437,-1,-0.019472631203190736
2023-05-08,JST,,0.13930105292704173,0,0.0
2023-05-08,LINK,,0.23276032318633708,0,0.0
2023-05-08,LTC,,0.1529083544238513,0,0.0
2023-05-08,LUNC,,0.09541457431269751,0,0.0
2023-05-08,NEAR,,-0.048538713239261844,0,0.0
2023-05-08,NEXO,,-0.014932705438625926,0,0.0
2023-05-08,PEPE,,0.04273990000525428,0,0.0
2023-05-08,QNT,,0.23171353861926572,0,0.0
2023-05-08,SHIB,,0.2551078027367585,1,0.03536614644117238
2023-05-08,SOL,,-0.27752791543966093,-1,-0.03253214861934316
2023-05-08,STX,,-0.4159116252705703,-1,-0.02832182520265961
2023-05-08,SUI,,0.01893697334006461,0,0.0
2023-05-08,TRX,,1.027391714874171,1,0.03536614644117238
2023-05-08,UNI,,0.31987282480264423,1,0.028030238341614666
2023-05-08,VET,,0.07322655307124311,0,0.0
2023-05-08,XLM,,0.280860543409146,1,0.03450210302079477
2023-05-08,XRP,,0.07773670614439729,0,0.0
2023-05-08,ZEC,,0.020268024682486174,0,0.0
2023-05-15,AAVE,,0.06859993045882265,0,0.0
2023-05-15,ADA,,0.1429130275370264,0,0.0
2023-05-15,ALGO,,0.4203438483963053,1,0.031250118593691735
2023-05-15,APT,,0.10134302803432022,0,0.0
2023-05-15,ARB,,0.07277911494234414,0,0.0
2023-05-15,ATOM,,-0.25304436345800496,-1,-0.04084091213149979
2023-05-15,AVAX,,-0.03260533918796556,0,0.0
2023-05-15,BCH,,0.5124569102647752,1,0.031250118593691735
2023-05-15,BNB,,0.05165578966364088,0,0.0
2023-05-15,BTC,,-0.2944011369532737,-1,-0.04084091213149979
2023-05-15,CAKE,,-0.18375110744083425,0,0.0
2023-05-15,CHZ,,-0.5839431556403206,-1,-0.026531757267786418
2023-05-15,DASH,,-0.21201837100297402,-1,-0.030053575749170523
2023-05-15,DEXE,,0.08677549273027672,0,0.0
2023-05-15,DOGE,,0.3023560754257059,1,0.031250118593691735
2023-05-15,DOT,,0.28784918103952173,0,0.0
2023-05-15,ETC,,0.3358846683522324,1,0.031250118593691735
2023-05-15,ETH,,0.40312470077924384,1,0.031250118593691735
2023-05-15,FET,,-0.21299938407352134,-1,-0.027490827150577248
2023-05-15,FIL,,-0.13715617131215374,0,0.0
2023-05-15,HBAR,,-0.42376460401235677,-1,-0.02804943367216783
2023-05-15,ICP,,-1.7283850851130815,-1,-0.01616654438547964
2023-05-15,JST,,0.06732495830681866,0,0.0
2023-05-15,LINK,,0.22294087653164849,0,0.0
2023-05-15,LTC,,-0.15784803152912008,0,0.0
2023-05-15,LUNC,,0.10244091607419602,0,0.0
2023-05-15,NEAR,,0.12065951388763238,0,0.0
2023-05-15,NEXO,,-0.029332906544517055,0,0.0
2023-05-15,PEPE,,0.044417689660471105,0,0.0
2023-05-15,QNT,,-0.13323659213719136,0,0.0
2023-05-15,SHIB,,0.18669124784117366,0,0.0
2023-05-15,SOL,,-0.3064926680164815,-1,-0.04002698626135263
2023-05-15,STX,,-0.1566085017989217,0,0.0
2023-05-15,SUI,,0.019217277562997112,0,0.0
2023-05-15,TRX,,0.3088658205592601,1,0.031250118593691735
2023-05-15,UNI,,0.5335034562236171,1,0.031250118593691735
2023-05-15,VET,,0.2029465627354201,0,0.0
2023-05-15,XLM,,0.3404573909434222,1,0.031250118593691735
2023-05-15,XRP,,-0.14623557683197624,0,0.0
2023-05-15,ZEC,,0.05627551710182073,0,0.0
2023-05-22,AAVE,,-0.3186295070831592,-1,-0.03444005734111444
2023-05-22,ADA,,0.012188934947688967,0,0.0
2023-05-22,ALGO,,0.04862099915286657,0,0.0
2023-05-22,APT,,-0.030275521867546538,0,0.0
2023-05-22,ARB,,-0.6158353838437379,-1,-0.027847846202169388
2023-05-22,ATOM,,0.14870982140512504,0,0.0
2023-05-22,AVAX,,0.04513658529301952,0,0.0
2023-05-22,BCH,,0.7962059918617878,1,0.03125055734270289
2023-05-22,BNB,,0.23836521461505375,0,0.0
2023-05-22,BTC,,0.043770841702483375,0,0.0
2023-05-22,CAKE,,-0.33516756044375473,-1,-0.027600872631615387
2023-05-22,CHZ,,-0.09796908940395302,0,0.0
2023-05-22,DASH,,-0.4066759414425172,-1,-0.03403785075058176
2023-05-22,DEXE,,0.04129118439471555,0,0.0
2023-05-22,DOGE,,0.3816702334745056,1,0.03125055734270289
2023-05-22,DOT,,0.2036870327720898,0,0.0
2023-05-22,ETC,,0.39539803035957755,1,0.03125055734270289
2023-05-22,ETH,,0.26234583976622633,1,0.03125055734270289
2023-05-22,FET,,-1.1185610494974347,-1,-0.020790862751375715
2023-05-22,FIL,,-0.31997024248499256,-1,-0.03252937430253841
2023-05-22,HBAR,,-0.11185117566536161,0,0.0
2023-05-22,ICP,,0.051814545145561795,0,0.0
2023-05-22,JST,,-0.13827412026503483,0,0.0
2023-05-22,LINK,,0.30528953996782326,1,0.03125055734270289
2023-05-22,LTC,,-0.5816038600022246,-1,-0.03783536648989782
2023-05-22,LUNC,,0.07326891762707277,0,0.0
2023-05-22,NEAR,,0.02793921577113796,0,0.0
2023-05-22,NEXO,,0.4875461882678852,1,0.03125055734270289
2023-05-22,PEPE,,0.0398768563046267,0,0.0
2023-05-22,QNT,,0.009250106891109965,0,0.0
2023-05-22,SHIB,,0.0592697756362418,0,0.0
2023-05-22,SOL,,-0.07689094946013875,0,0.0
2023-05-22,STX,,-0.2005118472150198,0,0.0
2023-05-22,SUI,,0.01954486076997782,0,0.0
2023-05-22,TRX,,0.25438050008965285,0,0.0
2023-05-22,UNI,,0.6802224112794729,1,0.03125055734270289
2023-05-22,VET,,-0.34061606345799517,-1,-0.034922228272330214
2023-05-22,XLM,,0.5108074193404601,1,0.03125055734270289
2023-05-22,XRP,,-0.2827208977526466,0,0.0
2023-05-22,ZEC,,-0.16104783695064645,0,0.0
2023-05-29,AAVE,,-0.6272080617441153,-1,-0.03086927472415649
2023-05-29,ADA,,0.09962958663265838,0,0.0
2023-05-29,ALGO,,0.36991021458411516,1,0.031250676026617685
2023-05-29,APT,,0.10925067790250566,0,0.0
2023-05-29,ARB,,-0.23238022831774832,-1,-0.037038487618762855
2023-05-29,ATOM,,0.2202742914604449,0,0.0
2023-05-29,AVAX,,0.1395799744870602,0,0.0
2023-05-29,BCH,,0.5828373870753226,1,0.031250676026617685
2023-05-29,BNB,,0.12243559204996506,0,0.0
2023-05-29,BTC,,-0.12851274111874492,0,0.0
2023-05-29,CAKE,,0.19508405347990065,0,0.0
2023-05-29,CHZ,,0.05859977830524352,0,0.0
2023-05-29,DASH,,-0.22544457924041997,-1,-0.04043446529729454
2023-05-29,DEXE,,0.01688632750502126,0,0.0
2023-05-29,DOGE,,0.3175551929887117,1,0.031250676026617685
2023-05-29,DOT,,0.07444351133413525,0,0.0
2023-05-29,ETC,,0.29265503686194844,1,0.031250676026617685
2023-05-29,ETH,,0.11241037155270646,0,0.0
2023-05-29,FET,,-0.704099594543394,-1,-0.023616472102010025
2023-05-29,FIL,,-0.1341302078588017,0,0.0
2023-05-29,HBAR,,-0.05787687773208538,0,0.0
2023-05-29,ICP,,0.23131785672386243,0,0.0
2023-05-29,JST,,-0.12785111749694186,0,0.0
2023-05-29,LINK,,0.16298454183974745,0,0.0
2023-05-29,LTC,,-0.14453659768941032,0,0.0
2023-05-29,LUNC,,-1.2669653340224074,-1,-0.019854700759294203
2023-05-29,NEAR,,0.23819490087211134,1,0.031250676026617685
2023-05-29,NEXO,,0.18578614148973624,0,0.0
2023-05-29,PEPE,,-0.7286581678803199,-1,-0.020169212745122997
2023-05-29,QNT,,0.02606721521169064,0,0.0
2023-05-29,SHIB,,0.14280307341023973,0,0.0
2023-05-29,SOL,,0.15379093804846566,0,0.0
2023-05-29,STX,,-0.0060752816831889465,0,0.0
2023-05-29,SUI,,-0.06560711878578852,0,0.0
2023-05-29,TRX,,0.2741006166590389,1,0.031250676026617685
2023-05-29,UNI,,0.39253891780453193,1,0.031250676026617685
2023-05-29,VET,,-0.11038010011836115,0,0.0
2023-05-29,XLM,,0.5185420615139371,1,0.031250676026617685
2023-05-29,XRP,,-0.19483426911234494,-1,-0.0375883296690058
2023-05-29,ZEC,,-0.28311798244902486,-1,-0.04043446529729454
2023-06-05,AAVE,,-0.15751485080669764,0,0.0
2023-06-05,ADA,,-0.38383400410842555,-1,-0.034004536154272076
2023-06-05,ALGO,,-0.016148641128894883,0,0.0
2023-06-05,APT,,-0.412672092440304,-1,-0.027956843247843338
2023-06-05,ARB,,-0.13121281185053024,0,0.0
2023-06-05,ATOM,,-0.07736837609229526,0,0.0
2023-06-05,AVAX,,0.0008798560274530173,0,0.0
2023-06-05,BCH,,0.3858385373845931,1,0.030118906228150503
2023-06-05,BNB,,-0.06357726753588555,0,0.0
2023-06-05,BTC,,0.5162882416659207,1,0.0345026765395417
2023-06-05,CAKE,,0.16358615103235744,0,0.0
2023-06-05,CHZ,,-0.1502651139707778,0,0.0
2023-06-05,DASH,,-0.47666433773868144,-1,-0.029985294475783016
2023-06-05,DEXE,,0.06389115437005054,0,0.0
2023-06-05,DOGE,,0.2651451754768211,0,0.0
2023-06-05,DOT,,0.12421207330605015,0,0.0
2023-06-05,ETC,,0.11575702672611574,0,0.0
2023-06-05,ETH,,0.4343329034869986,1,0.03228916709188326
2023-06-05,FET,,-0.6398633237470294,-1,-0.026891564035387002
2023-06-05,FIL,,-0.24230117390094127,0,0.0
2023-06-05,HBAR,,0.3089515333008929,1,0.027355878775706555
2023-06-05,ICP,,0.09240313237051169,0,0.0
2023-06-05,JST,,-0.2729760389057894,-1,-0.040415674196835755
2023-06-05,LINK,,0.004470886007099504,0,0.0
2023-06-05,LTC,,-0.19515275813860536,0,0.0
2023-06-05,LUNC,,-0.8128571128099669,-1,-0.027757345843502444
2023-06-05,NEAR,,-0.1332322194502483,0,0.0
2023-06-05,NEXO,,0.5592008870466363,1,0.0345026765395417
2023-06-05,PEPE,,-0.016615026407787212,0,0.0
2023-06-05,QNT,,0.2828740622197155,0,0.0
2023-06-05,SHIB,,-0.0402106494956363,0,0.0
2023-06-05,SOL,,-0.3149752853660556,-1,-0.031242979104185102
2023-06-05,STX,,0.4119006316837518,1,0.027671231585037086
2023-06-05,SUI,,-0.4276415751119286,-1,-0.03175777095323831
2023-06-05,TRX,,0.11178084157347062,0,0.0
2023-06-05,UNI,,0.20813692115328591,0,0.0
2023-06-05,VET,,-0.16821143435159738,0,0.0
2023-06-05,XLM,,0.5233314824423414,1,0.0345026765395417
2023-06-05,XRP,,0.7609902039485368,1,0.029068794711644547
2023-06-05,ZEC,,-0.2006776078645218,0,0.0
2023-06-12,AAVE,,-0.17275540402537598,0,0.0
2023-06-12,ADA,,-0.4225680724314349,-1,-0.03422180981122402
2023-06-12,ALGO,,0.0016242551756212257,0,0.0
2023-06-12,APT,,-0.2538074010766081,-1,-0.026067097961425683
2023-06-12,ARB,,-0.14050037819888533,0,0.0
2023-06-12,ATOM,,0.025435685745519666,0,0.0
2023-06-12,AVAX,,-0.025738842780713984,0,0.0
2023-06-12,BCH,,0.605674311706899,1,0.03728239014998258
2023-06-12,BNB,,0.0861171758049094,0,0.0
2023-06-12,BTC,,0.647917322809422,1,0.04136274506681978
2023-06-12,CAKE,,0.16091706113883247,0,0.0
2023-06-12,CHZ,,-0.05980635007375899,0,0.0
2023-06-12,DASH,,-0.1435040254457438,0,0.0
2023-06-12,DEXE,,0.25018101729976955,1,0.02428471935705717
2023-06-12,DOGE,,0.3749646313301684,1,0.031326610317717295
2023-06-12,DOT,,0.19508595066227863,0,0.0
2023-06-12,ETC,,0.20803755583948505,0,0.0
2023-06-12,ETH,,0.1698045453101343,0,0.0
2023-06-12,FET,,-0.5635161191427758,-1,-0.027013848859819632
2023-06-12,FIL,,-0.06960616380093292,0,0.0
2023-06-12,HBAR,,0.5367062103734941,1,0.038495560046670395
2023-06-12,ICP,,0.04578076762428133,0,0.0
2023-06-12,JST,,-0.416314848850612,-1,-0.04112118944868952
2023-06-12,LINK,,0.06095024610826392,0,0.0
2023-06-12,LTC,,0.09402139122782556,0,0.0
2023-06-12,LUNC,,-0.9601677053374721,-1,-0.027876887068040052
2023-06-12,NEAR,,0.01082376218598008,0,0.0
2023-06-12,NEXO,,0.1804415671976973,0,0.0
2023-06-12,PEPE,,0.23964108525096448,1,0.020641659556420396
2023-06-12,QNT,,0.030505340258419583,0,0.0
2023-06-12,SHIB,,0.054596976445676085,0,0.0
2023-06-12,SOL,,-0.29121793184549677,-1,-0.030868428515408636
2023-06-12,STX,,0.6291975232871067,1,0.03629493839619171
2023-06-12,SUI,,-0.8472910873771415,-1,-0.021754638626618188
2023-06-12,TRX,,0.17796720051022386,0,0.0
2023-06-12,UNI,,0.21575996552690652,1,0.020356466849055933
2023-06-12,VET,,-0.3565880826933819,-1,-0.04112118944868952
2023-06-12,XLM,,-0.043899837734259685,0,0.0
2023-06-12,XRP,,-0.2250531565532924,0,0.0
2023-06-12,ZEC,,-0.00981614145200061,0,0.0
2023-06-19,AAVE,,-0.34408890380574003,-1,-0.03175743786614962
2023-06-19,ADA,,-0.07514435455506802,0,0.0
2023-06-19,ALGO,,-0.03186478360874667,0,0.0
2023-06-19,APT,,0.02106553829619548,0,0.0
2023-06-19,ARB,,0.2895896580019614,1,0.02361791146435289
2023-06-19,ATOM,,0.1395579639305322,0,0.0
2023-06-19,AVAX,,0.06627984037825706,0,0.0
2023-06-19,BCH,,-1.507240516072916,-1,-0.01715966187183978
2023-06-19,BNB,,-0.04172149350265948,0,0.0
2023-06-19,BTC,,0.4234898476896125,1,0.03138939949563699
2023-06-19,CAKE,,0.20943551461303633,0,0.0
2023-06-19,CHZ,,-0.1703390089523807,-1,-0.03427342823337069
2023-06-19,DASH,,-0.08927018251940674,0,0.0
2023-06-19,DEXE,,0.21272294403882955,0,0.0
2023-06-19,DOGE,,0.34056699168279386,1,0.03051758530435667
2023-06-19,DOT,,0.2514739010628578,1,0.023914003270772994
2023-06-19,ETC,,0.124683987149361,0,0.0
2023-06-19,ETH,,0.41750619754572227,1,0.03922905585414704
2023-06-19,FET,,-0.20360970928713557,-1,-0.031315963687214315
2023-06-19,FIL,,0.12159803943969043,0,0.0
2023-06-19,HBAR,,0.34139672722554615,1,0.025475526263600976
2023-06-19,ICP,,0.1622560705369967,0,0.0
2023-06-19,JST,,-0.1380055907998448,0,0.0
2023-06-19,LINK,,0.04755057554935807,0,0.0
2023-06-19,LTC,,0.13888505907682688,0,0.0
2023-06-19,LUNC,,-0.3924756233552365,-1,-0.0403671418752411
2023-06-19,NEAR,,0.08245419864394919,0,0.0
2023-06-19,NEXO,,0.503122119024125,1,0.042478490777159136
2023-06-19,PEPE,,-1.378972622552202,-1,-0.01662395861345427
2023-06-19,QNT,,0.21845168115836783,0,0.0
2023-06-19,SHIB,,0.17903734326215914,0,0.0
2023-06-19,SOL,,0.0037032052293293795,0,0.0
2023-06-19,STX,,0.05915186608098957,0,0.0
2023-06-19,SUI,,-0.33497098023072774,-1,-0.030815607975956512
2023-06-19,TRX,,0.225404055752521,1,0.033379812233894655
2023-06-19,UNI,,0.20681163444969733,0,0.0
2023-06-19,VET,,-0.11120234396217901,0,0.0
2023-06-19,XLM,,0.21831059232823852,0,0.0
2023-06-19,XRP,,-0.2558404305557017,-1,-0.047688584540695064
2023-06-19,ZEC,,0.07024099161298898,0,0.0
2023-06-26,AAVE,,-0.1878090688909243,-1,-0.04827345549191042
2023-06-26,ADA,,-0.1304472138446346,-1,-0.06335886459707102
2023-06-26,ALGO,,-0.2650761069513008,-1,-0.05376964796747143
2023-06-26,APT,,0.20977726422476775,1,0.032995862794713816
2023-06-26,ARB,,0.2942652354420759,1,0.052212448091640086
2023-06-26,ATOM,,0.025320924438988108,0,0.0
2023-06-26,AVAX,,-0.0663008109269051,0,0.0
2023-06-26,BCH,,-0.6071819789346763,-1,-0.024504172964076705
2023-06-26,BNB,,-0.10904651886651001,0,0.0
2023-06-26,BTC,,-0.2342042708240498,-1,-0.0950931144567597
2023-06-26,CAKE,,0.0301008626602795,0,0.0
2023-06-26,CHZ,,-0.09091307144525289,0,0.0
2023-06-26,DASH,,0.052752787111034906,0,0.0
2023-06-26,DEXE,,0.061253642394536414,0,0.0
2023-06-26,DOGE,,0.229576320367334,1,0.06734493346283534
2023-06-26,DOT,,0.17400109299048522,1,0.05297234216773632
2023-06-26,ETC,,0.14126104212884605,0,0.0
2023-06-26,ETH,,-0.08236969606952799,0,0.0
2023-06-26,FET,,0.041631866718815004,0,0.0
2023-06-26,FIL,,0.16984200829513715,0,0.0
2023-06-26,HBAR,,-0.04296765989075596,0,0.0
2023-06-26,ICP,,0.04098579755513903,0,0.0
2023-06-26,JST,,0.051298980560968085,0,0.0
2023-06-26,LINK,,-0.02849191535932978,0,0.0
2023-06-26,LTC,,0.05265649800773728,0,0.0
2023-06-26,LUNC,,0.14115290095279162,0,0.0
2023-06-26,NEAR,,0.16862483726834396,0,0.0
2023-06-26,NEXO,,0.23015074198829924,1,0.08094336352397888
2023-06-26,PEPE,,-0.8338446059438102,-1,-0.025426394712481967
2023-06-26,QNT,,0.30421549217182153,1,0.08094336352397888
2023-06-26,SHIB,,-0.009689175735639478,0,0.0
2023-06-26,SOL,,0.21787384629805703,1,0.0336964098614914
2023-06-26,STX,,-0.06872749223919086,0,0.0
2023-06-26,SUI,,-0.2026420862896689,-1,-0.04477694808984353
2023-06-26,TRX,,0.1353200855830038,0,0.0
2023-06-26,UNI,,-0.02598606243060879,0,0.0
2023-06-26,VET,,0.04441154626993823,0,0.0
2023-06-26,XLM,,0.23038908341256414,1,0.04918698930999976
2023-06-26,XRP,,-0.17787821353166483,-1,-0.0950931144567597
2023-06-26,ZEC,,0.11671309133348774,0,0.0
2023-07-03,AAVE,,-0.12923500034489438,0,-0.009184712728368481
2023-07-03,ADA,,-0.014206737143955653,0,-0.012054926754046277
2023-07-03,ALGO,,-0.17131201231288368,-1,-0.059150471812004314
2023-07-03,APT,,0.4927474394072908,1,0.04639486920239104
2023-07-03,ARB,,0.3160063007174715,1,0.05944520930369332
2023-07-03,ATOM,,0.11408550211513149,0,0.0
2023-07-03,AVAX,,0.17562143696417898,0,0.0
2023-07-03,BCH,,-1.0823835771890258,-1,-0.020518486347097558
2023-07-03,BNB,,-0.1654728323968091,0,0.0
2023-07-03,BTC,,-0.42404076001612334,-1,-0.0989107968104209
2023-07-03,CAKE,,-0.02329137888851231,0,0.0
2023-07-03,CHZ,,0.10678280967863728,0,0.0
2023-07-03,DASH,,-0.04283753691946985,0,0.0
2023-07-03,DEXE,,0.5522168055557081,1,0.04771964526849799
2023-07-03,DOGE,,0.13389954614938715,0,0.012813333150987843
2023-07-03,DOT,,-0.07814817971726033,0,0.010078742870210128
2023-07-03,ETC,,-0.1516647179939282,0,0.0
2023-07-03,ETH,,-0.3745059602459599,-1,-0.08081797685727782
2023-07-03,FET,,0.09639437562737509,0,0.0
2023-07-03,FIL,,0.7491727296489965,1,0.06077015595279054
2023-07-03,HBAR,,-0.0976295784548243,0,0.0
2023-07-03,ICP,,0.19305412003874142,0,0.0
2023-07-03,JST,,0.21480148850600003,1,0.05138001096842109
2023-07-03,LINK,,-0.16126988231880374,0,0.0
2023-07-03,LTC,,-0.4871892488076865,-1,-0.035321535615999294
2023-07-03,LUNC,,0.18275297166920407,0,0.0
2023-07-03,NEAR,,0.06331332458133399,0,0.0
2023-07-03,NEXO,,0.10908050680001977,0,0.015400628226422089
2023-07-03,PEPE,,-0.7956957795673787,-1,-0.023815226366719993
2023-07-03,QNT,,-0.05955883461728523,0,0.015400628226422089
2023-07-03,SHIB,,0.28911679002074975,1,0.05516930447287159
2023-07-03,SOL,,0.8374375851330654,1,0.05419336467601746
2023-07-03,STX,,-0.06888085219306059,0,0.0
2023-07-03,SUI,,0.12546138911491286,0,-0.00851945237537842
2023-07-03,TRX,,0.5216050164865325,1,0.06158512961938944
2023-07-03,UNI,,-0.11046832224380529,0,0.0
2023-07-03,VET,,-0.1566127735778233,0,0.0
2023-07-03,XLM,,-0.26555485042418026,-1,-0.043146639460380526
2023-07-03,XRP,,-0.2896318224345432,-1,-0.0989107968104209
2023-07-03,ZEC,,-0.12395950040652057,0,0.0
2023-07-10,AAVE,,-0.3100236780573682,-1,-0.04982404421333026
2023-07-10,ADA,,0.34044288231379943,0,0.0
2023-07-10,ALGO,,-0.10539847291863831,0,0.0
2023-07-10,APT,,0.44020205778452876,1,0.034062045679505555
2023-07-10,ARB,,0.5093721205514596,1,0.033669542174597056
2023-07-10,ATOM,,0.09500570092142117,0,0.0
2023-07-10,AVAX,,0.17791551300004904,0,0.0
2023-07-10,BCH,,-1.797268754043971,-1,-0.017251754618965717
2023-07-10,BNB,,0.25900325763654414,0,0.0
2023-07-10,BTC,,-0.29666869075081154,-1,-0.05733861032730057
2023-07-10,CAKE,,0.03494214230859994,0,0.0
2023-07-10,CHZ,,0.1198280123522775,0,0.0
2023-07-10,DASH,,-0.11479918692997365,0,0.0
2023-07-10,DEXE,,0.14515613838154967,0,0.0
2023-07-10,DOGE,,0.3943745708539094,1,0.0477932807661075
2023-07-10,DOT,,-0.0060417455964387815,0,0.0
2023-07-10,ETC,,-0.2212094440721868,-1,-0.05733861032730057
2023-07-10,ETH,,-0.050691385300708124,0,0.0
2023-07-10,FET,,0.034680818338805916,0,0.0
2023-07-10,FIL,,0.4081768866460409,1,0.04351880025773647
2023-07-10,HBAR,,0.0399114323349006,0,0.0
2023-07-10,ICP,,0.24418327624503638,0,0.0
2023-07-10,JST,,0.1977938048479234,0,0.0
2023-07-10,LINK,,-0.028039715603282504,0,0.0
2023-07-10,LTC,,-0.6295534742663632,-1,-0.04009392155113993
2023-07-10,LUNC,,0.4033108043256142,1,0.028836966620323975
2023-07-10,NEAR,,0.1839807508876118,0,0.0
2023-07-10,NEXO,,0.1642471306894937,0,0.0
2023-07-10,PEPE,,-1.271795642247578,-1,-0.021770119131540124
2023-07-10,QNT,,-0.052315611666518415,0,0.0
2023-07-10,SHIB,,0.3063398156002491,0,0.0
2023-07-10,SOL,,0.702300043944845,1,0.027498069181820437
2023-07-10,STX,,-0.3528834501984897,-1,-0.042918036715968014
2023-07-10,SUI,,0.4624018607295626,1,0.04776237749901187
2023-07-10,TRX,,0.9697116380480655,1,0.04918002471670557
2023-07-10,UNI,,0.024693620464274157,0,0.0
2023-07-10,VET,,-0.19807652168201073,0,0.0
2023-07-10,XLM,,-0.2179112595936019,0,0.0
2023-07-10,XRP,,-0.9472396618494526,-1,-0.02578601001026327
2023-07-10,ZEC,,-0.058057584429165913,0,0.0
2023-07-17,AAVE,,-0.08629877261437098,0,0.0
2023-07-17,ADA,,0.08531602057823282,0,0.0
2023-07-17,ALGO,,0.09493180081732361,0,0.0
2023-07-17,APT,,0.536562196888246,1,0.04109329188953628
2023-07-17,ARB,,0.040632336868146546,0,0.0
2023-07-17,ATOM,,0.03927434111638527,0,0.0
2023-07-17,AVAX,,-0.006330244069876176,0,0.0
2023-07-17,BCH,,-1.5657203662275867,-1,-0.01788064232233268
2023-07-17,BNB,,0.09310509299561637,0,0.0
2023-07-17,BTC,,-0.14149183044792088,-1,-0.06614946899160029
2023-07-17,CAKE,,0.2573666809242301,0,0.0
2023-07-17,CHZ,,0.36375536519727075,1,0.04109329188953628
2023-07-17,DASH,,0.04470146557543946,0,0.0
2023-07-17,DEXE,,0.07932272223975353,0,0.0
2023-07-17,DOGE,,0.2977333465199188,0,0.0
2023-07-17,DOT,,0.05216588679461844,0,0.0
2023-07-17,ETC,,-0.17601797435972635,-1,-0.06614946899160029
2023-07-17,ETH,,-0.15456831673725938,-1,-0.06614946899160029
2023-07-17,FET,,0.04665650626689692,0,0.0
2023-07-17,FIL,,0.5823540769225191,1,0.04109329188953628
2023-07-17,HBAR,,0.1269929383460897,0,0.0
2023-07-17,ICP,,0.4246962081962815,1,0.04109329188953628
2023-07-17,JST,,0.1899014813342241,0,0.0
2023-07-17,LINK,,-0.009490206357543367,0,0.0
2023-07-17,LTC,,-0.8983877720560135,-1,-0.028592632354693778
2023-07-17,LUNC,,-0.10252677497228709,0,0.0
2023-07-17,NEAR,,0.06870114749792205,0,0.0
2023-07-17,NEXO,,0.3250967677700311,1,0.04109329188953628
2023-07-17,PEPE,,0.12637084778708976,0,0.0
2023-07-17,QNT,,0.08290153200392399,0,0.0
2023-07-17,SHIB,,0.29817332459910867,1,0.04109329188953628
2023-07-17,SOL,,-0.582632790764604,-1,-0.034081422345969364
2023-07-17,STX,,0.2630329129331374,0,0.0
2023-07-17,SUI,,0.4047976006142586,1,0.04109329188953628
2023-07-17,TRX,,0.9756593399509704,1,0.04109329188953628
2023-07-17,UNI,,0.25306335609415137,0,0.0
2023-07-17,VET,,-0.07878209689784765,0,0.0
2023-07-17,XLM,,-0.5828092858054453,-1,-0.03217593043319187
2023-07-17,XRP,,-1.7746443880895484,-1,-0.017567300685301743
2023-07-17,ZEC,,0.00643552256824588,0,0.0
2023-07-24,AAVE,,0.01152852753526768,0,0.0
2023-07-24,ADA,,-0.025655504513360853,0,0.0
2023-07-24,ALGO,,0.04935950226469567,0,0.0
2023-07-24,APT,,0.2122230519799944,0,0.0
2023-07-24,ARB,,-0.15868869037133587,-1,-0.058488039243868556
2023-07-24,ATOM,,-0.20754800194196305,-1,-0.07781283010193785
2023-07-24,AVAX,,0.010462759991485285,0,0.0
2023-07-24,BCH,,0.30759722694849934,1,0.04578785671923217
2023-07-24,BNB,,0.06760080466237026,0,0.0
2023-07-24,BTC,,-0.4520275413907539,-1,-0.07781283010193785
2023-07-24,CAKE,,0.17642409902834225,0,0.0
2023-07-24,CHZ,,0.25668250275440185,1,0.05283356111263643
2023-07-24,DASH,,0.20222966829641284,0,0.0
2023-07-24,DEXE,,0.16546643301747385,0,0.0
2023-07-24,DOGE,,0.3867461525496645,1,0.04834390130080358
2023-07-24,DOT,,-0.015567158287461427,0,0.0
2023-07-24,ETC,,0.20824863329410265,0,0.0
2023-07-24,ETH,,-0.2434478581630228,-1,-0.07781283010193785
2023-07-24,FET,,0.033716853892853005,0,0.0
2023-07-24,FIL,,0.2344560644986979,0,0.0
2023-07-24,HBAR,,0.03860957317323822,0,0.0
2023-07-24,ICP,,0.5102248021770026,1,0.05283356111263643
2023-07-24,JST,,0.3954951085950125,1,0.05283356111263643
2023-07-24,LINK,,-0.3470944687730383,-1,-0.04364749631006824
2023-07-24,LTC,,0.012428296432100167,0,0.0
2023-07-24,LUNC,,-0.09620607079532312,0,0.0
2023-07-24,NEAR,,0.0005522217164275079,0,0.0
2023-07-24,NEXO,,0.4206686342820491,1,0.05283356111263643
2023-07-24,PEPE,,-0.04697730165000408,0,0.0
2023-07-24,QNT,,0.21786820550912672,0,0.0
2023-07-24,SHIB,,0.6451542829192013,1,0.05283356111263643
2023-07-24,SOL,,-0.6433121000344277,-1,-0.03084548397585077
2023-07-24,STX,,0.30281402725242984,1,0.05283356111263643
2023-07-24,SUI,,0.17090591841010716,0,0.0
2023-07-24,TRX,,-0.07422807010555527,0,0.0
2023-07-24,UNI,,0.22022904416671435,0,0.0
2023-07-24,VET,,0.028536686556747785,0,0.0
2023-07-24,XLM,,-0.9049445219980927,-1,-0.02829880618623838
2023-07-24,XRP,,-2.0029702452676745,-1,-0.01641480867401476
2023-07-24,ZEC,,-0.06756154861240941,0,0.0
2023-07-31,AAVE,,0.015486930539485265,0,0.0
2023-07-31,ADA,,-0.23522082185129503,-1,-0.04975492666502877
2023-07-31,ALGO,,0.27684359781992146,1,0.04763983524948961
2023-07-31,APT,,0.15643644263493584,0,0.0
2023-07-31,ARB,,-0.007777071876275655,0,0.0
2023-07-31,ATOM,,-0.18133194663531557,-1,-0.06845541233495303
2023-07-31,AVAX,,0.024572230700174558,0,0.0
2023-07-31,BCH,,0.1546919634509589,0,0.0
2023-07-31,BNB,,0.17885575320587097,0,0.0
2023-07-31,BTC,,-0.18139507702803512,-1,-0.06845541233495303
2023-07-31,CAKE,,0.3045892594745902,1,0.04763983524948961
2023-07-31,CHZ,,0.16899437246892685,0,0.0
2023-07-31,DASH,,0.4452416138201004,1,0.04763983524948961
2023-07-31,DEXE,,0.2249309251977668,1,0.04763983524948961
2023-07-31,DOGE,,0.08265206493477405,0,0.0
2023-07-31,DOT,,0.041983456115050846,0,0.0
2023-07-31,ETC,,0.06174984607569773,0,0.0
2023-07-31,ETH,,-0.1419100933570209,-1,-0.06845541233495303
2023-07-31,FET,,0.004986692798571319,0,0.0
2023-07-31,FIL,,0.1372858481162025,0,0.0
2023-07-31,HBAR,,0.510951568429499,1,0.04763983524948961
2023-07-31,ICP,,0.1516562387328611,0,0.0
2023-07-31,JST,,0.008895419895048317,0,0.0
2023-07-31,LINK,,-0.45020346250008186,-1,-0.031280862946084724
2023-07-31,LTC,,0.0005924469682037159,0,0.0
2023-07-31,LUNC,,0.02690861493377848,0,0.0
2023-07-31,NEAR,,0.05637030576614465,0,0.0
2023-07-31,NEXO,,0.2686019599002529,1,0.04763983524948961
2023-07-31,PEPE,,0.20622681044650024,1,0.03278502598204793
2023-07-31,QNT,,-0.007728500294229313,0,0.0
2023-07-31,SHIB,,0.44086172019897624,1,0.040249514987860294
2023-07-31,SOL,,-0.6000548912660153,-1,-0.021342122785185363
2023-07-31,STX,,0.19495549413892102,1,0.04763983524948961
2023-07-31,SUI,,0.140386109669217,0,0.0
2023-07-31,TRX,,-0.13256332364522783,-1,-0.06845541233495303
2023-07-31,UNI,,-0.03872939400802808,0,0.0
2023-07-31,VET,,0.031819610044842433,0,0.0
2023-07-31,WLD,,0.12849739056073006,0,0.0
2023-07-31,XLM,,-0.8552356748356039,-1,-0.019107747652339652
2023-07-31,XRP,,-1.7979769811047048,-1,-0.011206078327884887
2023-07-31,ZEC,,0.18410255136383336,0,0.0
2023-08-07,AAVE,,0.18426240845336606,0,0.0
2023-08-07,ADA,,-0.0726969917443248,0,-0.006297388709695401
2023-08-07,ALGO,,0.2843746831233139,1,0.04403718721219159
2023-08-07,APT,,0.20111155975465955,0,0.0
2023-08-07,ARB,,0.3486303107650839,1,0.038007501696792165
2023-08-07,ATOM,,0.010651895598045651,0,-0.008664274467892578
2023-08-07,AVAX,,-0.1500168808534524,0,0.0
2023-08-07,BCH,,0.1368457460454675,0,0.0
2023-08-07,BNB,,-0.0996673633413614,0,0.0
2023-08-07,BTC,,0.05844231125425108,0,-0.008664274467892578
2023-08-07,CAKE,,0.20552791835024764,0,0.006029685515399431
2023-08-07,CHZ,,0.013466610295163637,0,0.0
2023-08-07,DASH,,0.27295503656161774,1,0.04403718721219159
2023-08-07,DEXE,,0.42907111173763157,1,0.04403718721219159
2023-08-07,DOGE,,-0.22844772617602235,-1,-0.04898119308223289
2023-08-07,DOT,,0.13174115492540722,0,0.0
2023-08-07,ETC,,0.02124273707542134,0,0.0
2023-08-07,ETH,,0.06330549533315748,0,-0.008664274467892578
2023-08-07,FET,,-0.15015094387618347,-1,-0.032345794013565965
2023-08-07,FIL,,0.005911867226031693,0,0.0
2023-08-07,HBAR,,-0.13705736221635323,0,0.006029685515399431
2023-08-07,ICP,,-0.03956795063847928,0,0.0
2023-08-07,JST,,-0.3142743233935167,-1,-0.054759264249233094
2023-08-07,LINK,,-0.9920098982871076,-1,-0.02760983232064236
2023-08-07,LTC,,-0.02095710734604509,0,0.0
2023-08-07,LUNC,,0.3146688042059282,1,0.038007501696792165
2023-08-07,NEAR,,0.2845172754260734,1,0.038007501696792165
2023-08-07,NEXO,,-0.09073878495552781,0,0.006029685515399431
2023-08-07,PEPE,,-0.5357953205548588,-1,-0.014563306779700802
2023-08-07,QNT,,-0.2447056455001238,-1,-0.04315571770791025
2023-08-07,SHIB,,0.009220276822464265,0,0.0050943063982731435
2023-08-07,SOL,,0.08333828557093176,0,-0.002701232864298936
2023-08-07,STX,,0.5401117017096965,1,0.04403718721219159
2023-08-07,SUI,,0.246009727062532,1,0.038007501696792165
2023-08-07,TRX,,-0.15844696059625807,-1,-0.06342353871712568
2023-08-07,UNI,,-0.16515891201561547,-1,-0.04354300702842578
2023-08-07,VET,,0.21361265440119218,0,0.0
2023-08-07,WLD,,0.12948094598684276,0,0.0
2023-08-07,XLM,,-1.0621934609923258,-1,-0.02457818886817331
2023-08-07,XRP,,-0.06783425276613973,0,-0.0014183325325165322
2023-08-07,ZEC,,0.341219367569174,1,0.038007501696792165
2023-08-14,AAVE,,0.1124575136095716,0,0.0
2023-08-14,ADA,,0.25232989879808465,1,0.02996837865103889
2023-08-14,ALGO,,-0.36815329356477206,-1,-0.028682252986421065
2023-08-14,APT,,-0.07588029835787571,0,0.0
2023-08-14,ARB,,0.23754884403391105,1,0.02996837865103889
2023-08-14,ATOM,,0.19841775336914072,1,0.02996837865103889
2023-08-14,AVAX,,0.1915669326675292,0,0.0
2023-08-14,BCH,,-0.14960055101721734,0,0.0
2023-08-14,BNB,,0.09515167503650462,0,0.0
2023-08-14,BTC,,0.015944184284476297,0,0.0
2023-08-14,CAKE,,0.16702360305360475,0,0.0
2023-08-14,CHZ,,0.07654829610033556,0,0.0
2023-08-14,DASH,,-0.052881242940091056,0,0.0
2023-08-14,DEXE,,0.43536711911756043,1,0.02996837865103889
2023-08-14,DOGE,,-0.47328746398981075,-1,-0.02905066298753568
2023-08-14,DOT,,0.1568597715312821,0,0.0
2023-08-14,ETC,,0.051591733981606554,0,0.0
2023-08-14,ETH,,0.12851706271923488,0,0.0
2023-08-14,FET,,-0.26252979522384784,-1,-0.032773003923596625
2023-08-14,FIL,,0.1596028913734001,0,0.0
2023-08-14,HBAR,,0.3854992559333761,1,0.02644469456327667
2023-08-14,ICP,,0.05677422819953744,0,0.0
2023-08-14,JST,,-0.23513787525042495,-1,-0.04394728655534747
2023-08-14,LINK,,-0.18057807256623884,-1,-0.03579546567362011
2023-08-14,LTC,,-0.2571395177934104,-1,-0.028355975637745168
2023-08-14,LUNC,,0.19778968080458315,0,0.0
2023-08-14,NEAR,,0.09838952367123,0,0.0
2023-08-14,NEXO,,0.11245200709194766,0,0.0
2023-08-14,PEPE,,-1.2648682449307604,-1,-0.017232492739426203
2023-08-14,QNT,,0.2061999442383833,1,0.02613841811223456
2023-08-14,SHIB,,-1.0068547826960468,-1,-0.019795997233459307
2023-08-14,SOL,,0.040871079241282554,0,0.0
2023-08-14,STX,,0.04023718707174158,0,0.0
2023-08-14,SUI,,0.20753152478981252,1,0.02996837865103889
2023-08-14,TRX,,0.6402526972175293,1,0.02996837865103889
2023-08-14,UNI,,-0.3397710296727234,-1,-0.026099348122782747
2023-08-14,VET,,0.13715547451201504,0,0.0
2023-08-14,WLD,,0.048382399268218815,0,0.0
2023-08-14,XLM,,0.2944001236688536,1,0.029339101278189818
2023-08-14,XRP,,-0.01136840277186682,0,0.0
2023-08-14,ZEC,,-0.06681183460966796,0,0.0
2023-08-21,AAVE,,0.08584748706048685,0,0.0
2023-08-21,ADA,,0.2528507083691708,1,0.027820538935191565
2023-08-21,ALGO,,-0.408568994261014,-1,-0.026767227313981307
2023-08-21,APT,,-0.201840293994019,-1,-0.033837411481075066
2023-08-21,ARB,,0.08830180606995096,0,0.0
2023-08-21,ATOM,,-0.01857797696384743,0,0.0
2023-08-21,AVAX,,0.21254051696892062,0,0.0
2023-08-21,BCH,,-0.2500968882769421,-1,-0.02466870977495109
2023-08-21,BNB,,0.21651864192005899,1,0.027809971575423885
2023-08-21,BTC,,0.09318350835841208,0,0.0
2023-08-21,CAKE,,0.2182386441251414,1,0.027820538935191565
2023-08-21,CHZ,,0.10560811927168583,0,0.0
2023-08-21,DASH,,-0.024293395144086998,0,0.0
2023-08-21,DEXE,,0.40952388881143814,1,0.027820538935191565
2023-08-21,DOGE,,0.10225269365038049,0,0.0
2023-08-21,DOT,,0.2841294764486124,1,0.027820538935191565
2023-08-21,ETC,,0.13433509219407233,0,0.0
2023-08-21,ETH,,0.1792187537020964,0,0.0
2023-08-21,FET,,-0.40754083695833937,-1,-0.0316312289450495
2023-08-21,FIL,,0.13824250821146936,0,0.0
2023-08-21,HBAR,,-0.31640351271277717,-1,-0.03785439397381511
2023-08-21,ICP,,0.3151344780858949,1,0.027820538935191565
2023-08-21,JST,,0.12048366570239023,0,0.0
2023-08-21,LINK,,-0.1986909859950423,-1,-0.03295410925733056
2023-08-21,LTC,,-0.11175353690653883,0,0.0
2023-08-21,LUNC,,0.1254984096565233,0,0.0
2023-08-21,NEAR,,0.16068106944207436,0,0.0
2023-08-21,NEXO,,0.3759654520929732,1,0.027820538935191565
2023-08-21,PEPE,,-1.6525644932896373,-1,-0.015029902787165633
2023-08-21,QNT,,0.38276974714118206,1,0.027820538935191565
2023-08-21,SHIB,,-1.0976387555253697,-1,-0.01840568142132802
2023-08-21,SOL,,-0.10648613228357093,0,0.0
2023-08-21,STX,,0.047751984257715624,0,0.0
2023-08-21,SUI,,-0.033786585735419414,0,0.0
2023-08-21,TRX,,0.5558073426661955,1,0.027820538935191565
2023-08-21,UNI,,-0.1239971609188128,-1,-0.029225618102260147
2023-08-21,VET,,0.09975924643991889,0,0.0
2023-08-21,WLD,,0.13704109025838118,0,0.0
2023-08-21,XLM,,0.13249243121595047,0,0.0
2023-08-21,XRP,,0.00965545084997849,0,0.0
2023-08-21,ZEC,,-0.031592664005655705,0,0.0
2023-08-28,AAVE,,-0.01652263449075581,0,0.0
2023-08-28,ADA,,0.21921573149107215,1,0.027929673596904892
2023-08-28,ALGO,,-0.26343897870145655,-1,-0.02745898709280136
2023-08-28,APT,,-0.10403062150807676,0,0.0
2023-08-28,ARB,,0.10496369561406728,0,0.0
2023-08-28,ATOM,,0.01895829787697527,0,0.0
2023-08-28,AVAX,,0.3176859659141455,1,0.027929673596904892
2023-08-28,BCH,,-0.11451966262630224,-1,-0.0269857129304854
2023-08-28,BNB,,0.21451921614061092,0,0.0
2023-08-28,BTC,,0.140702520301553,0,0.0
2023-08-28,CAKE,,0.2710958949976083,1,0.027929673596904892
2023-08-28,CHZ,,0.22549909098213133,1,0.026710249164894076
2023-08-28,DASH,,0.2095386028682261,0,0.0
2023-08-28,DEXE,,0.30982259418410046,1,0.027929673596904892
2023-08-28,DOGE,,0.16306520492248147,0,0.0
2023-08-28,DOT,,0.1452284109154541,0,0.0
2023-08-28,ETC,,0.05082428229421062,0,0.0
2023-08-28,ETH,,0.21553505986350116,0,0.0
2023-08-28,FET,,-0.865445205248955,-1,-0.02124012602249014
2023-08-28,FIL,,0.2132424248526949,0,0.0
2023-08-28,HBAR,,-0.6258667549764533,-1,-0.026625778431819666
2023-08-28,ICP,,0.17482387687680773,0,0.0
2023-08-28,JST,,0.036362787454555116,0,0.0
2023-08-28,LINK,,-0.08623742059394472,0,0.0
2023-08-28,LTC,,-0.03916392041346775,0,0.0
2023-08-28,LUNC,,0.23912035761645664,1,0.027929673596904892
2023-08-28,NEAR,,0.09483783908403551,0,0.0
2023-08-28,NEXO,,0.33390720372732363,1,0.027929673596904892
2023-08-28,PEPE,,-1.3891898625309829,-1,-0.015275479620802434
2023-08-28,QNT,,0.21257011818567834,0,0.0
2023-08-28,SHIB,,-0.5447972557846494,-1,-0.02348828110348373
2023-08-28,SOL,,-0.12292338336137004,-1,-0.04213829268161327
2023-08-28,STX,,0.13184383623334714,0,0.0
2023-08-28,SUI,,-0.5675187788131911,-1,-0.024796687375023944
2023-08-28,TRX,,0.45212800529100916,1,0.027929673596904892
2023-08-28,UNI,,-0.06608169638913006,0,0.0
2023-08-28,VET,,0.11849396315705908,0,0.0
2023-08-28,WLD,,-0.18171483798799415,-1,-0.04213829268161327
2023-08-28,XLM,,0.26038629753458586,1,0.027929673596904892
2023-08-28,XRP,,0.08108339423709675,0,0.0
2023-08-28,ZEC,,0.031996340809939273,0,0.0
2023-09-04,AAVE,,-0.10388007077010802,-1,-0.035076396769393454
2023-09-04,ADA,,0.17678078869687047,0,0.0
2023-09-04,ALGO,,-0.024170939320204806,0,0.0
2023-09-04,APT,,0.26002859082062235,1,0.027944423266217894
2023-09-04,ARB,,-0.09612014848235077,-1,-0.040845584072277945
2023-09-04,ATOM,,0.1948187886392574,0,0.0
2023-09-04,AVAX,,0.24029532406829848,1,0.027944423266217894
2023-09-04,BCH,,-0.3457318310025075,-1,-0.024489552079881714
2023-09-04,BNB,,0.09393181583978713,0,0.0
2023-09-04,BTC,,0.08017500667479813,0,0.0
2023-09-04,CAKE,,0.24078007780217867,1,0.027944423266217894
2023-09-04,CHZ,,0.21355884012742696,0,0.0
2023-09-04,DASH,,0.04035342650480521,0,0.0
2023-09-04,DEXE,,0.42392215829026286,1,0.027944423266217894
2023-09-04,DOGE,,0.011224556367503765,0,0.0
2023-09-04,DOT,,0.10914774778338807,0,0.0
2023-09-04,ETC,,-0.09916721834487142,-1,-0.039275415825926197
2023-09-04,ETH,,0.22268851300630593,1,0.027944423266217894
2023-09-04,FET,,-1.715626233394406,-1,-0.015148995348779299
2023-09-04,FIL,,0.22273558617355657,1,0.027944423266217894
2023-09-04,HBAR,,-0.6700141244148216,-1,-0.022738828150296913
2023-09-04,ICP,,0.08903326963064477,0,0.0
2023-09-04,JST,,-0.009240477770624712,0,0.0
2023-09-04,LINK,,-0.009255295266253637,0,0.0
2023-09-04,LTC,,-0.2635930916822584,-1,-0.024688531360443938
2023-09-04,LUNC,,0.2175003320315725,1,0.026669036831348178
2023-09-04,NEAR,,-0.0249667337301302,0,0.0
2023-09-04,NEXO,,0.15101014282365852,0,0.0
2023-09-04,PEPE,,0.1787894497228972,0,0.0
2023-09-04,QNT,,0.1771861981690276,0,0.0
2023-09-04,SHIB,,0.016392424275987735,0,0.0
2023-09-04,SOL,,-0.014416685532729031,0,0.0
2023-09-04,STX,,0.12510770777953267,0,0.0
2023-09-04,SUI,,-0.70872607426463,-1,-0.022520890838603157
2023-09-04,TRX,,0.5173408721759881,1,0.027944423266217894
2023-09-04,UNI,,0.1243532843473225,0,0.0
2023-09-04,VET,,0.2525338197356218,1,0.027944423266217894
2023-09-04,WLD,,0.10561615926950335,0,0.0
2023-09-04,XLM,,-0.46582193636407276,-1,-0.025440228515488623
2023-09-04,XRP,,0.09082574270168912,0,0.0
2023-09-04,ZEC,,-0.02539976311853702,0,0.0
2023-09-11,AAVE,,-0.2523492214459801,-1,-0.03391810768357104
2023-09-11,ADA,,0.13086295769396988,0,0.0
2023-09-11,ALGO,,0.3066513291226379,1,0.02780274700921698
2023-09-11,APT,,0.25013817880975187,0,0.0
2023-09-11,ARB,,-0.5631170350263043,-1,-0.04136888140075471
2023-09-11,ATOM,,-0.16829623863322574,0,0.0
2023-09-11,AVAX,,0.10835106770632956,0,0.0
2023-09-11,BCH,,-0.07880428737014727,0,0.0
2023-09-11,BNB,,0.2755397905478939,0,0.0
2023-09-11,BTC,,0.2692059431212038,0,0.0
2023-09-11,CAKE,,0.14004169972347585,0,0.0
2023-09-11,CHZ,,0.26071570817522727,0,0.0
2023-09-11,DASH,,0.3568085075385267,1,0.02780274700921698
2023-09-11,DEXE,,0.31894207400825303,1,0.02780274700921698
2023-09-11,DOGE,,0.3505824266967462,1,0.02780274700921698
2023-09-11,DOT,,0.13663370364038846,0,0.0
2023-09-11,ETC,,0.11298718566627318,0,0.0
2023-09-11,ETH,,0.26264376214340696,0,0.0
2023-09-11,FET,,-1.513470249069834,-1,-0.015700898274340166
2023-09-11,FIL,,-0.12699461179721372,0,0.0
2023-09-11,HBAR,,-0.29251388077633833,-1,-0.026469835226620674
2023-09-11,ICP,,0.036428929062506936,0,0.0
2023-09-11,JST,,-0.12111935302874215,0,0.0
2023-09-11,LINK,,0.33798198265964097,1,0.02780274700921698
2023-09-11,LTC,,0.19476882216666466,0,0.0
2023-09-11,LUNC,,0.1946359000298406,0,0.0
2023-09-11,NEAR,,0.0017527360770122182,0,0.0
2023-09-11,NEXO,,0.10223368618167165,0,0.0
2023-09-11,PEPE,,0.31449979109131776,1,0.02780274700921698
2023-09-11,QNT,,-0.18936773931673306,-1,-0.04136888140075471
2023-09-11,SHIB,,0.24869014930796096,0,0.0
2023-09-11,SOL,,-0.011985824280731562,0,0.0
2023-09-11,STX,,0.40813676723791464,1,0.02780274700921698
2023-09-11,SUI,,-0.5767491813634684,-1,-0.022749109760763067
2023-09-11,TRX,,0.08694625518369903,0,0.0
2023-09-11,UNI,,0.30984352037285184,1,0.02780274700921698
2023-09-11,VET,,-0.4500676823088239,-1,-0.030788373605304325
2023-09-11,WLD,,-0.9347520862974739,-1,-0.01721032947581872
2023-09-11,XLM,,-0.969656728659609,-1,-0.020650306255025425
2023-09-11,XRP,,0.2726186040938323,0,0.0
2023-09-11,ZEC,,0.4606026413156288,1,0.02780274700921698
2023-09-18,AAVE,,-0.16319194891996475,-1,-0.035562754782198114
2023-09-18,ADA,,0.08300635991221661,0,0.0
2023-09-18,ALGO,,0.25773395088203077,0,0.0
2023-09-18,APT,,0.3356717009098512,1,0.02783969239875566
2023-09-18,ARB,,0.167496973596613,0,0.0
2023-09-18,ATOM,,0.023306258822634006,0,0.0
2023-09-18,AVAX,,-0.5597626323300926,-1,-0.0413031048622835
2023-09-18,BCH,,-0.12473941620695683,0,0.0
2023-09-18,BNB,,0.033931814871897135,0,0.0
2023-09-18,BTC,,0.13368764486983412,0,0.0
2023-09-18,CAKE,,0.06587226316394551,0,0.0
2023-09-18,CHZ,,0.33784794210013314,1,0.02783969239875566
2023-09-18,DASH,,0.587625923079409,1,0.02783969239875566
2023-09-18,DEXE,,0.21299468537142535,0,0.0
2023-09-18,DOGE,,0.3393476957349534,1,0.02783969239875566
2023-09-18,DOT,,0.18484709418023146,0,0.0
2023-09-18,ETC,,0.13898128078243324,0,0.0
2023-09-18,ETH,,0.04342001139262382,0,0.0
2023-09-18,FET,,-1.332111423446104,-1,-0.016272763969957832
2023-09-18,FIL,,-0.08687409493104543,0,0.0
2023-09-18,HBAR,,-0.21073036738858303,-1,-0.0270919990467837
2023-09-18,ICP,,0.19458503161157475,0,0.0
2023-09-18,JST,,-0.06398006517057102,0,0.0
2023-09-18,LINK,,-0.127521664411378,-1,-0.037665880361565075
2023-09-18,LTC,,0.23969660163122494,0,0.0
2023-09-18,LUNC,,0.13713880762920413,0,0.0
2023-09-18,NEAR,,0.12142558548184335,0,0.0
2023-09-18,NEXO,,-0.1048543732484935,0,0.0
2023-09-18,PEPE,,-0.24168779922708922,-1,-0.02471684743322808
2023-09-18,QNT,,0.017740439437408575,0,0.0
2023-09-18,SHIB,,0.365414988363941,1,0.02783969239875566
2023-09-18,SOL,,0.05375475108073446,0,0.0
2023-09-18,STX,,0.4884675375976602,1,0.02783969239875566
2023-09-18,SUI,,-0.020138347460247105,0,0.0
2023-09-18,TRX,,-0.0047247322916019845,0,0.0
2023-09-18,UNI,,0.34367261417827116,1,0.02783969239875566
2023-09-18,VET,,-0.4784153099070305,-1,-0.03212208151552855
2023-09-18,WLD,,-1.4122722043999774,-1,-0.012962971495434246
2023-09-18,XLM,,-0.7822211991847206,-1,-0.022858828121821828
2023-09-18,XRP,,0.30997498573631016,1,0.02783969239875566
2023-09-18,ZEC,,0.49558263610545383,1,0.02783969239875566
2023-09-25,AAVE,,0.010616907580193187,0,0.0
2023-09-25,ADA,,-0.0960954611395213,0,0.0
2023-09-25,ALGO,,0.4396288846116229,1,0.027922187202383233
2023-09-25,APT,,0.28093104680319964,0,0.0
2023-09-25,ARB,,-0.706952193549974,-1,-0.023979765469015486
2023-09-25,ATOM,,0.19773910376278359,0,0.0
2023-09-25,AVAX,,-0.20220632925798837,0,0.0
2023-09-25,BCH,,-0.3959659097085565,-1,-0.028686904535881796
2023-09-25,BNB,,0.033753363484894564,0,0.0
2023-09-25,BTC,,0.24234389035050324,0,0.0
2023-09-25,CAKE,,0.06195453469516778,0,0.0
2023-09-25,CHZ,,-0.07597977694269027,0,0.0
2023-09-25,DASH,,0.737846393477853,1,0.027922187202383233
2023-09-25,DEXE,,0.6077814668791287,1,0.027922187202383233
2023-09-25,DOGE,,0.34635322561804044,1,0.027922187202383233
2023-09-25,DOT,,0.0902536086608681,0,0.0
2023-09-25,ETC,,-0.0033602609011189415,0,0.0
2023-09-25,ETH,,-0.06153216191569767,0,0.0
2023-09-25,FET,,-0.38261059921517326,-1,-0.03587761328324843
2023-09-25,FIL,,-0.031112763197780308,0,0.0
2023-09-25,HBAR,,0.34197878612749716,1,0.027922187202383233
2023-09-25,ICP,,-0.30935482731369035,0,0.0
2023-09-25,JST,,0.370979277925047,1,0.027922187202383233
2023-09-25,LINK,,0.12243242755179841,0,0.0
2023-09-25,LTC,,0.21749082594460006,0,0.0
2023-09-25,LUNC,,0.2804130357748024,0,0.0
2023-09-25,NEAR,,0.17357211116183396,0,0.0
2023-09-25,NEXO,,0.07072889470141665,0,0.0
2023-09-25,PEPE,,-0.9912327401452182,-1,-0.017774066729356656
2023-09-25,QNT,,-0.14871264461942796,0,0.0
2023-09-25,SHIB,,0.3303694649946698,0,0.0
2023-09-25,SOL,,-0.7646997444840942,-1,-0.023545793173027265
2023-09-25,STX,,0.44066999553328234,1,0.027414644456256142
2023-09-25,SUI,,-0.3140079908816212,-1,-0.030402187015961986
2023-09-25,TRX,,0.29975893579205365,0,0.0
2023-09-25,UNI,,0.17111718341414522,0,0.0
2023-09-25,VET,,-0.5652188710540276,-1,-0.04017798054023037
2023-09-25,WLD,,-0.9622193472735725,-1,-0.02276030094935742
2023-09-25,XLM,,-1.0297046496902194,-1,-0.027587530379242633
2023-09-25,XRP,,0.5209242902073113,1,0.027922187202383233
2023-09-25,ZEC,,0.6513286162376604,1,0.027922187202383233
2023-10-02,AAVE,,-0.4466243448251599,-1,-0.029110205794429033
2023-10-02,ADA,,0.08923669146507276,0,0.0
2023-10-02,ALGO,,0.19521299722833446,0,0.0
2023-10-02,APT,,-0.03964956197313966,0,0.0
2023-10-02,ARB,,-0.8602492239044135,-1,-0.02227939237479767
2023-10-02,ATOM,,-0.25989543543192883,-1,-0.04139289264607342
2023-10-02,AVAX,,0.6453622358897827,1,0.02111291312034017
2023-10-02,BCH,,-0.30795485860856797,-1,-0.027789908886687135
2023-10-02,BNB,,0.2947681060903723,1,0.029778717962335555
2023-10-02,BTC,,0.6880064880896632,1,0.029778717962335555
2023-10-02,CAKE,,0.6538440789480608,1,0.029778717962335555
2023-10-02,CHZ,,-0.15690501787924205,0,0.0
2023-10-02,DASH,,0.14105779006637062,0,0.0
2023-10-02,DEXE,,0.2796271338767397,0,0.0
2023-10-02,DOGE,,0.3803177707628239,1,0.029778717962335555
2023-10-02,DOT,,0.0016560717093024539,0,0.0
2023-10-02,ETC,,-0.1759103166581816,0,0.0
2023-10-02,ETH,,-0.11692052842198755,0,0.0
2023-10-02,FET,,-0.08327482927657572,0,0.0
2023-10-02,FIL,,0.39728736712715723,1,0.024955105300163444
2023-10-02,HBAR,,0.07963760779814202,0,0.0
2023-10-02,ICP,,-0.21680245987364327,0,0.0
2023-10-02,JST,,-0.36943315875557164,-1,-0.04139289264607342
2023-10-02,LINK,,-0.16788235926682285,0,0.0
2023-10-02,LTC,,0.3288248177901841,1,0.029778717962335555
2023-10-02,LUNC,,-0.2544534558382704,0,0.0
2023-10-02,NEAR,,0.09416598656215308,0,0.0
2023-10-02,NEXO,,0.22373557550607714,0,0.0
2023-10-02,PEPE,,-1.0120621183088878,-1,-0.018458091881105768
2023-10-02,QNT,,0.12049336670777651,0,0.0
2023-10-02,SHIB,,0.28313241633519964,0,0.0
2023-10-02,SOL,,-0.3846272372337786,-1,-0.027508573556052636
2023-10-02,STX,,0.5694051803950786,1,0.0280546055971817
2023-10-02,SUI,,-0.6764592884014659,-1,-0.025707508126582353
2023-10-02,TRX,,0.25579840452254193,0,0.0
2023-10-02,UNI,,0.0776332306848665,0,0.0
2023-10-02,VET,,0.01367474867457663,0,0.0
2023-10-02,WLD,,-1.2658307266134565,-1,-0.01915546587989723
2023-10-02,XLM,,0.22748433631555806,0,0.0
2023-10-02,XRP,,0.7058207153458722,1,0.029778717962335555
2023-10-02,ZEC,,0.04875180337938888,0,0.0
2023-10-09,AAVE,,-0.2819072404935739,-1,-0.031411277772435776
2023-10-09,ADA,,0.0444961044183246,0,0.0
2023-10-09,ALGO,,-0.05728509159931079,0,0.0
2023-10-09,APT,,0.0800844374594538,0,0.0
2023-10-09,ARB,,-0.5739266678591544,-1,-0.02479373513774891
2023-10-09,ATOM,,-0.06247688539737127,0,0.0
2023-10-09,AVAX,,-0.07138337591129043,0,0.0
2023-10-09,BCH,,-0.4438138830909752,-1,-0.02980110144445574
2023-10-09,BNB,,0.5137541780082471,1,0.03060547537999983
2023-10-09,BTC,,0.2785206512811888,1,0.03060547537999983
2023-10-09,CAKE,,0.3307025162662228,1,0.03060547537999983
2023-10-09,CHZ,,-0.26217164197986165,-1,-0.037760035101381054
2023-10-09,DASH,,0.1519574647381228,0,0.0
2023-10-09,DEXE,,0.2018492703542503,0,0.0
2023-10-09,DOGE,,0.2926486341285799,1,0.03060547537999983
2023-10-09,DOT,,-0.0961544376516226,0,0.0
2023-10-09,ETC,,-0.02708369649726341,0,0.0
2023-10-09,ETH,,-0.09160186950095117,0,0.0
2023-10-09,FET,,0.17373501751997783,0,0.0
2023-10-09,FIL,,0.16147162488123423,0,0.0
2023-10-09,HBAR,,0.44815347010706663,1,0.03060547537999983
2023-10-09,ICP,,0.24932090300256765,1,0.018733029686878826
2023-10-09,JST,,-0.08717623148141847,0,0.0
2023-10-09,LINK,,-0.2865206062430863,-1,-0.032340158791547904
2023-10-09,LTC,,-0.03585986704498997,0,0.0
2023-10-09,LUNC,,0.2897184826474624,1,0.02037340294838043
2023-10-09,NEAR,,-0.0402417193693774,0,0.0
2023-10-09,NEXO,,-0.06220947577839667,0,0.0
2023-10-09,PEPE,,-0.6916494318792303,-1,-0.021620969718150106
2023-10-09,QNT,,0.2154535571398426,0,0.0
2023-10-09,SHIB,,0.21936168130647862,0,0.0
2023-10-09,SOL,,-0.6293952163902434,-1,-0.026605936642293004
2023-10-09,STX,,0.6879598709057789,1,0.029603696133895525
2023-10-09,SUI,,-0.3846309813413891,-1,-0.027878256741889342
2023-10-09,TRX,,0.3662367651706022,1,0.03060547537999983
2023-10-09,UNI,,-0.060045821609613,0,0.0
2023-10-09,VET,,0.2181068849381764,0,0.0
2023-10-09,WLD,,-0.9426181471156078,-1,-0.020131509699251923
2023-10-09,XLM,,0.14457361414374112,0,0.0
2023-10-09,XRP,,0.07523192130986334,0,0.0
2023-10-09,ZEC,,0.04481523850754796,0,0.0
2023-10-16,AAVE,,-0.3756793188998975,-1,-0.025277419649579316
2023-10-16,ADA,,0.06628138584098084,0,0.0
2023-10-16,ALGO,,-0.13873373898035313,0,0.0
2023-10-16,APT,,-0.3073308449385885,-1,-0.02616329746890609
2023-10-16,ARB,,-0.5485843415010324,-1,-0.027721653679279465
2023-10-16,ATOM,,-0.1223252024838383,0,0.0
2023-10-16,AVAX,,0.013777100442592269,0,0.0
2023-10-16,BCH,,-0.3234318062537793,-1,-0.03125318500747122
2023-10-16,BNB,,0.4613477986788926,1,0.03022899543076256
2023-10-16,BTC,,0.31386900302360476,1,0.024816227784449325
2023-10-16,CAKE,,-0.1510093667378119,-1,-0.04573251128824066
2023-10-16,CHZ,,-0.12696366268363984,0,0.0
2023-10-16,DASH,,0.07353582207462107,0,0.0
2023-10-16,DEXE,,0.025320245192030463,0,0.0
2023-10-16,DOGE,,0.4055499897092301,1,0.03022899543076256
2023-10-16,DOT,,0.05737743612135213,0,0.0
2023-10-16,ETC,,-0.018947555001526957,0,0.0
2023-10-16,ETH,,-0.032229939896542464,0,0.0
2023-10-16,FET,,0.263877237736482,0,0.0
2023-10-16,FIL,,0.20058207584154816,0,0.0
2023-10-16,HBAR,,0.6341004531503432,1,0.02801380624166963
2023-10-16,ICP,,-0.08936115271952581,0,0.0
2023-10-16,JST,,-0.11613607226852625,0,0.0
2023-10-16,LINK,,-0.9237521703787601,-1,-0.02004416981183875
2023-10-16,LTC,,0.0836398537909003,0,0.0
2023-10-16,LUNC,,0.1766435713048237,0,0.0
2023-10-16,NEAR,,0.023183178583407286,0,0.0
2023-10-16,NEXO,,0.3908217215243831,1,0.030014087445530108
2023-10-16,PEPE,,-0.6221858525906462,-1,-0.023734764101041347
2023-10-16,QNT,,0.3189779750500272,1,0.021032943174179995
2023-10-16,SHIB,,0.2703817690876065,1,0.03022899543076256
2023-10-16,SOL,,-0.7823238221404178,-1,-0.02086957211013691
2023-10-16,STX,,0.10639428274286704,0,0.0
2023-10-16,SUI,,-0.5153562824626087,-1,-0.03188624208408583
2023-10-16,TRX,,0.24048962090703915,0,0.0
2023-10-16,UNI,,-0.11017262492655612,0,0.0
2023-10-16,VET,,0.3407690693329487,1,0.02788976883170033
2023-10-16,WLD,,0.0899798170163571,0,0.0
2023-10-16,XLM,,0.5154747700203791,1,0.03022899543076256
2023-10-16,XRP,,0.2514376718548045,0,0.0
2023-10-16,ZEC,,-0.019288094163170226,0,0.0
2023-10-23,AAVE,,-0.3758370440041418,-1,-0.03143154182445624
2023-10-23,ADA,,0.21775934328086494,0,0.0
2023-10-23,ALGO,,0.006863897108824905,0,0.0
2023-10-23,APT,,-0.3067149283311543,-1,-0.029363165806409533
2023-10-23,ARB,,0.11414727893388624,0,0.0
2023-10-23,ATOM,,0.07847325805139063,0,0.0
2023-10-23,AVAX,,0.2661052369519873,1,0.019265881968748823
2023-10-23,BCH,,-0.21163724767918204,0,0.0
2023-10-23,BNB,,0.41019475218485313,1,0.0374825632515264
2023-10-23,BTC,,0.25242112511335846,1,0.02198681164640339
2023-10-23,CAKE,,0.157760260754554,0,0.0
2023-10-23,CHZ,,0.0026836686166754877,0,0.0
2023-10-23,DASH,,0.21848349429218422,0,0.0
2023-10-23,DEXE,,0.18351228156283766,0,0.0
2023-10-23,DOGE,,0.2217528573110124,0,0.0
2023-10-23,DOT,,0.13313670017788917,0,0.0
2023-10-23,ETC,,0.136126637119843,0,0.0
2023-10-23,ETH,,0.1341019122391192,0,0.0
2023-10-23,FET,,-1.1671418970448013,-1,-0.01512238862383498
2023-10-23,FIL,,0.3445031842950389,1,0.025670671915478224
2023-10-23,HBAR,,0.19653435305110634,0,0.0
2023-10-23,ICP,,-0.11723726810253937,0,0.0
2023-10-23,JST,,-0.42347881652279934,-1,-0.029731223005238287
2023-10-23,LINK,,-0.9002688459027121,-1,-0.02303087398959051
2023-10-23,LTC,,0.15721164836231985,0,0.0
2023-10-23,LUNC,,0.1556447593707571,0,0.0
2023-10-23,NEAR,,-0.13790437086188012,0,0.0
2023-10-23,NEXO,,0.2850272586938704,1,0.02356756081947314
2023-10-23,PEPE,,-1.086720539715346,-1,-0.014742386169947086
2023-10-23,QNT,,0.28659442188761924,1,0.021714363796982005
2023-10-23,SHIB,,0.16518339288759193,0,0.0
2023-10-23,SOL,,-0.5044343793378057,-1,-0.025667051606082573
2023-10-23,STX,,-0.48715160886151543,-1,-0.038342567237358224
2023-10-23,SUI,,-0.06051666683954103,0,0.0
2023-10-23,TRX,,0.44399307130682053,1,0.0374825632515264
2023-10-23,UNI,,-0.21506347540436116,-1,-0.047538885860419294
2023-10-23,VET,,0.37242193019542186,1,0.03031710422167194
2023-10-23,WLD,,0.1649151466121886,0,0.0
2023-10-23,XLM,,0.45149452894683845,1,0.0374825632515264
2023-10-23,XRP,,0.24541698802461712,0,0.0
2023-10-23,ZEC,,0.1916437012743076,0,0.0
2023-10-30,AAVE,,-0.1417258731669251,0,-0.001893874791001185
2023-10-30,ADA,,0.1517751325468242,0,0.0
2023-10-30,ALGO,,0.18732125629550728,0,0.0
2023-10-30,APT,,-0.17890734735257532,0,-0.0017692469499373357
2023-10-30,ARB,,0.567246739403992,1,0.03198118226452288
2023-10-30,ATOM,,0.22788945862008203,0,0.0
2023-10-30,AVAX,,0.12317865522482063,0,0.0011608456368700226
2023-10-30,BCH,,-0.2904606083516989,-1,-0.07037225672116508
2023-10-30,BNB,,0.26234384413299133,1,0.05779658292766422
2023-10-30,BTC,,-0.5462973643415965,-1,-0.06904746430263933
2023-10-30,CAKE,,-0.9136759545201936,-1,-0.014316116531570479
2023-10-30,CHZ,,0.2324777927966199,0,0.0
2023-10-30,DASH,,0.32537701886223114,1,0.051362667179942006
2023-10-30,DEXE,,0.10267086421274356,0,0.0
2023-10-30,DOGE,,-0.1308231561014574,0,0.0
2023-10-30,DOT,,0.19360234231921755,0,0.0
2023-10-30,ETC,,0.3054776085791098,1,0.0541668656360499
2023-10-30,ETH,,-0.159708519420148,0,0.0
2023-10-30,FET,,-0.746423157707511,-1,-0.023844818879735122
2023-10-30,FIL,,0.3056067671013161,1,0.041327732308740046
2023-10-30,HBAR,,0.27764651652762773,1,0.05553811014765763
2023-10-30,ICP,,-0.1632082367556074,0,0.0
2023-10-30,JST,,-0.22390808935110212,-1,-0.0525825778872967
2023-10-30,LINK,,-0.6022111329832466,-1,-0.03917209383915615
2023-10-30,LTC,,-0.017219850931003568,0,0.0
2023-10-30,LUNC,,0.23212857425874506,0,0.0
2023-10-30,NEAR,,0.1320502435563984,0,0.0
2023-10-30,NEXO,,0.2554956374777149,0,0.001420038812307279
2023-10-30,PEPE,,-0.30288559637362694,-1,-0.024245954208250077
2023-10-30,QNT,,-0.3648665002032652,-1,-0.06906388036382918
2023-10-30,SHIB,,-0.11433767341366846,0,0.0
2023-10-30,SOL,,-0.16896985860317043,0,-0.0015465414413194205
2023-10-30,STX,,-0.3760588677116186,-1,-0.06065607333154787
2023-10-30,SUI,,0.42357936003374463,1,0.031066571445323633
2023-10-30,TRX,,0.07127104313067215,0,0.0022584727800065915
2023-10-30,UNI,,0.11056137225739164,0,-0.00286440601692909
2023-10-30,VET,,0.23249174868965952,0,0.0018267255148427114
2023-10-30,WLD,,0.28619265631426777,1,0.04602569153842164
2023-10-30,XLM,,0.3385281221376727,1,0.055443819072028416
2023-10-30,XRP,,0.002270501060577048,0,0.0
2023-10-30,ZEC,,0.09450453174848446,0,0.0
2023-11-06,AAVE,,0.07198250623997164,0,-0.00016311762622236623
2023-11-06,ADA,,0.0406165636486952,0,0.0
2023-11-06,ALGO,,0.07396985792869157,0,0.0
2023-11-06,APT,,0.12967079183766284,0,-0.0001523835493487803
2023-11-06,ARB,,0.36881658420410135,1,0.060031584505053165
2023-11-06,ATOM,,0.11156444173309589,0,0.0
2023-11-06,AVAX,,-0.34443536727491847,-1,-0.026335275039243166
2023-11-06,BCH,,0.0654806388708294,0,-0.0060610952333333135
2023-11-06,BNB,,-0.28287039354199994,-1,-0.0828680877114046
2023-11-06,BTC,,-0.588663723714341,-1,-0.0937930443046052
2023-11-06,CAKE,,-0.9518346232610375,-1,-0.013646276550996697
2023-11-06,CHZ,,0.05421797642725324,0,0.0
2023-11-06,DASH,,0.2830076635560321,1,0.06170089328253389
2023-11-06,DEXE,,-0.1750146374501336,0,0.0
2023-11-06,DOGE,,-0.12008502657986679,0,0.0
2023-11-06,DOT,,0.08925534690978065,0,0.0
2023-11-06,ETC,,0.30688151676383885,1,0.06194241621625167
2023-11-06,ETH,,0.17155612525713182,0,0.0
2023-11-06,FET,,-0.556422243370808,-1,-0.02472765781637747
2023-11-06,FIL,,0.10257876992030054,0,0.0035595180966484785
2023-11-06,HBAR,,0.26513254171186795,1,0.06206052019586357
2023-11-06,ICP,,-0.10200959583721923,0,0.0
2023-11-06,JST,,-0.25362236616742767,-1,-0.052413434039197744
2023-11-06,LINK,,-0.33117145417632077,-1,-0.04307600465902705
2023-11-06,LTC,,0.430434974748563,1,0.05727707583343394
2023-11-06,LUNC,,0.08225705775248436,0,0.0
2023-11-06,NEAR,,-0.156155266116234,0,0.0
2023-11-06,NEXO,,0.2215722918448095,1,0.05739938241954397
2023-11-06,PEPE,,-0.05810050145558015,0,-0.0020882808698536974
2023-11-06,QNT,,-0.17330429174443865,0,-0.00594840602778067
2023-11-06,SHIB,,-0.04870481761219273,0,0.0
2023-11-06,SOL,,0.012823148540291119,0,-0.00013320213667830758
2023-11-06,STX,,-0.08430968031238886,0,-0.005224249641435599
2023-11-06,SUI,,0.23278627737500823,1,0.030610396945013496
2023-11-06,TRX,,-0.09127564117976454,0,0.00019452010265565275
2023-11-06,UNI,,0.06880690659910688,0,-0.0002467085534052309
2023-11-06,VET,,1.041188754682691,1,0.057434409956659396
2023-11-06,WLD,,0.43478996411917464,1,0.06124122466981047
2023-11-06,XLM,,-0.2229430199828741,-1,-0.08307072901431256
2023-11-06,XRP,,-0.33164732635239796,-1,-0.07350398945024528
2023-11-06,ZEC,,0.21317927545855983,0,0.0
2023-11-13,AAVE,,0.10769768765603065,0,0.0
2023-11-13,ADA,,-0.010672787825591432,0,0.0
2023-11-13,ALGO,,0.048322154915540004,0,0.0
2023-11-13,APT,,0.19559924579697224,1,0.0344283311999566
2023-11-13,ARB,,0.1064626244847519,0,0.0
2023-11-13,ATOM,,0.14101627687005136,0,0.0
2023-11-13,AVAX,,0.06881855486612826,0,0.0
2023-11-13,BCH,,0.11553494308028983,0,0.0
2023-11-13,BNB,,-0.13429816699508496,0,0.0
2023-11-13,BTC,,-0.28006756952082484,-1,-0.08145037798016116
2023-11-13,CAKE,,-0.991207523455679,-1,-0.015752710875069492
2023-11-13,CHZ,,-0.10100584819043516,0,0.0
2023-11-13,DASH,,0.022652922258153886,0,0.0
2023-11-13,DEXE,,-0.14088698873220246,-1,-0.035881707303554514
2023-11-13,DOGE,,0.25422718396022936,1,0.06430600563446544
2023-11-13,DOT,,-0.033606601469410524,0,0.0
2023-11-13,ETC,,0.17124287725193635,1,0.054736275663401175
2023-11-13,ETH,,-0.08679554288471909,0,0.0
2023-11-13,FET,,-0.3457549746535509,-1,-0.028220321949312194
2023-11-13,FIL,,-0.01011898659015837,0,0.0
2023-11-13,HBAR,,0.31469649622106144,1,0.06430600563446544
2023-11-13,ICP,,-0.02538452379633019,0,0.0
2023-11-13,JST,,-0.23015162909927162,-1,-0.05275671361641369
2023-11-13,LINK,,-0.24281694298838746,-1,-0.044314545761628965
2023-11-13,LTC,,-0.13724566121517595,0,0.0
2023-11-13,LUNC,,0.027824925163490534,0,0.0
2023-11-13,NEAR,,0.33490232241814705,1,0.03173349134112827
2023-11-13,NEXO,,0.22522754107828075,1,0.0596859189326152
2023-11-13,PEPE,,-0.1567572537457836,-1,-0.025711704935620035
2023-11-13,QNT,,-0.06036384521150974,0,0.0
2023-11-13,SHIB,,-0.0006136464112934427,0,0.0
2023-11-13,SOL,,0.17108532418538058,1,0.02526398965832223
2023-11-13,STX,,0.1904402345222102,1,0.06430600563446544
2023-11-13,SUI,,0.12317602548301308,0,0.0
2023-11-13,TRX,,-0.13289516820838698,0,0.0
2023-11-13,UNI,,0.08209453137501327,0,0.0
2023-11-13,VET,,0.02832689444239906,0,0.0
2023-11-13,WLD,,0.8375425548004413,1,0.03321526479617099
2023-11-13,XLM,,-0.1830948040865613,-1,-0.08145037798016116
2023-11-13,XRP,,-0.3116478870573488,-1,-0.06644282809306955
2023-11-13,ZEC,,0.048495031308186276,0,0.0
2023-11-20,AAVE,,0.319686765179369,1,0.032492192990901045
2023-11-20,ADA,,-0.14294399660652035,0,0.0
2023-11-20,ALGO,,-0.16249411193363375,0,0.0
2023-11-20,APT,,0.21735661841860232,0,0.005713115030835294
2023-11-20,ARB,,0.13923074635159682,0,0.0
2023-11-20,ATOM,,0.18946747143595877,0,0.0
2023-11-20,AVAX,,-0.6552920929194962,-1,-0.024965689138899887
2023-11-20,BCH,,0.0865373772187126,0,0.0
2023-11-20,BNB,,-0.36401300401793846,-1,-0.06536456899354003
2023-11-20,BTC,,-0.13821840745796649,0,-0.013516059666181593
2023-11-20,CAKE,,-1.3310663615130882,-1,-0.016449692740527964
2023-11-20,CHZ,,-0.12536103868322512,0,0.0
2023-11-20,DASH,,0.10410083420926065,0,0.0
2023-11-20,DEXE,,-0.3753919655357065,-1,-0.03795490502318167
2023-11-20,DOGE,,-0.09847512645579802,0,0.010671083800997787
2023-11-20,DOT,,-0.1970929493403824,0,0.0
2023-11-20,ETC,,-0.026570372608282832,0,0.009083061197718338
2023-11-20,ETH,,-0.029648043869515542,0,0.0
2023-11-20,FET,,0.5098164814972963,1,0.02935142817775722
2023-11-20,FIL,,-0.2507064741783435,-1,-0.04463308995055268
2023-11-20,HBAR,,0.12256522756184413,0,0.010671083800997787
2023-11-20,ICP,,0.12533731506062812,0,0.0
2023-11-20,JST,,0.48307040117373007,1,0.04801752529148271
2023-11-20,LINK,,-0.404996608586971,-1,-0.04620431263745694
2023-11-20,LTC,,-0.04606999880959899,0,0.0
2023-11-20,LUNC,,0.18527596256806483,0,0.0
2023-11-20,NEAR,,-0.20997589672892733,-1,-0.03639715219945887
2023-11-20,NEXO,,0.3380502567920809,1,0.06667650967244385
2023-11-20,PEPE,,0.3915924873666778,1,0.035301296513218096
2023-11-20,QNT,,0.0748682718102254,0,0.0
2023-11-20,SHIB,,-0.15288056159910648,0,0.0
2023-11-20,SOL,,-0.4410598111754004,-1,-0.03057580944283518
2023-11-20,STX,,0.5941739783056016,1,0.06744317729356096
2023-11-20,SUI,,0.2388155808170065,1,0.02105999340555
2023-11-20,TRX,,0.004200255189807488,0,0.0
2023-11-20,UNI,,0.4128034088896066,1,0.02947922329754451
2023-11-20,VET,,0.23344819811819537,0,0.0
2023-11-20,WLD,,0.6394778501250278,1,0.03482846559148828
2023-11-20,XLM,,-0.10963803963934644,0,-0.013516059666181593
2023-11-20,XRP,,-0.2986170289003135,-1,-0.07121081660567942
2023-11-20,ZEC,,0.15063640247026358,0,0.0
2023-11-27,AAVE,,0.2988900548363598,1,0.018917348998251572
2023-11-27,ADA,,0.009154512329722454,0,0.0
2023-11-27,ALGO,,-0.03665490217200634,0,0.0
2023-11-27,APT,,0.1022582536675191,0,0.00010601628103326915
2023-11-27,ARB,,0.42959461307601937,1,0.0218608872358804
2023-11-27,ATOM,,-0.15350681007207254,0,0.0
2023-11-27,AVAX,,-0.9885171111186338,-1,-0.01748108160616413
2023-11-27,BCH,,0.4543172772140455,1,0.031910291660759385
2023-11-27,BNB,,-0.09932170407091435,0,-0.001212947486377583
2023-11-27,BTC,,0.446750519513975,1,0.03165947886033467
2023-11-27,CAKE,,-0.02660721784370711,0,-0.0003052512051793521
2023-11-27,CHZ,,0.2824261998356704,1,0.0305835091396975
2023-11-27,DASH,,0.19137778586988943,0,0.0
2023-11-27,DEXE,,-0.7280302182001831,-1,-0.023411735050373163
2023-11-27,DOGE,,0.2572839273481535,0,0.0001980195765480218
2023-11-27,DOT,,-0.15494485700223334,0,0.0
2023-11-27,ETC,,0.02982328295082048,0,0.00016855119551809593
2023-11-27,ETH,,0.44555118824814716,1,0.031910291660759385
2023-11-27,FET,,0.15643462017083148,0,0.0005446642053636326
2023-11-27,FIL,,-0.429700909853773,-1,-0.03176746861475305
2023-11-27,HBAR,,-0.08250014732161436,0,0.0001980195765480218
2023-11-27,ICP,,-0.10919199279997822,0,0.0
2023-11-27,JST,,-0.34411184340793544,-1,-0.04563213669824533
2023-11-27,LINK,,-0.45294439152718335,-1,-0.02807739427156477
2023-11-27,LTC,,0.27075170152403605,0,0.0
2023-11-27,LUNC,,-1.4232376528678834,-1,-0.010420181833262756
2023-11-27,NEAR,,0.028963636987839773,0,-0.0006754092461926722
2023-11-27,NEXO,,0.802960087759836,1,0.03314758437228348
2023-11-27,PEPE,,0.27842817038728707,0,0.0006550738348142307
2023-11-27,QNT,,0.1904915466672218,0,0.0
2023-11-27,SHIB,,0.15252216763434398,0,0.0
2023-11-27,SOL,,-0.5383019819733112,-1,-0.026119371739414934
2023-11-27,STX,,0.368634492128042,1,0.017397677341598368
2023-11-27,SUI,,-0.23729266306700622,-1,-0.030326075814980747
2023-11-27,TRX,,-0.13601998587503678,0,0.0
2023-11-27,UNI,,-0.03136022829326912,0,0.0005470356547849949
2023-11-27,VET,,0.1686004158235237,0,0.0
2023-11-27,WLD,,-0.2926446517640645,-1,-0.034713440625759026
2023-11-27,XLM,,0.36283468723960965,1,0.03165947886033467
2023-11-27,XRP,,0.26987279845994794,0,-0.001321434262242141
2023-11-27,ZEC,,0.26696732955796454,0,0.0
2023-12-04,AAVE,,-0.15891602687745823,-1,-0.06057433517812468
2023-12-04,ADA,,-0.5932430942288058,-1,-0.019106064892675956
2023-12-04,ALGO,,-0.05510974190200234,0,0.0
2023-12-04,APT,,0.29715705415994303,1,0.03493262729064702
2023-12-04,ARB,,0.274172889413788,1,0.05139576470060363
2023-12-04,ATOM,,-0.05108284226782865,0,0.0
2023-12-04,AVAX,,-0.47506059356028657,-1,-0.017366873114472353
2023-12-04,BCH,,0.3693236991459551,1,0.0684031165943778
2023-12-04,BNB,,-0.2762368968772796,-1,-0.06939510742150189
2023-12-04,BTC,,-0.09161457059830505,0,0.006102297917916617
2023-12-04,CAKE,,0.17570840964239237,1,0.03448558418713815
2023-12-04,CHZ,,0.14772970531037194,0,0.005894907018813355
2023-12-04,DASH,,0.18172651859165162,1,0.04176506984718184
2023-12-04,DEXE,,0.0837469016378604,0,-0.0045125626572362805
2023-12-04,DOGE,,0.02901580590538357,0,3.8167856615911155e-05
2023-12-04,DOT,,-0.12548579754443104,0,0.0
2023-12-04,ETC,,0.12386414973380536,0,3.248788819329166e-05
2023-12-04,ETH,,-0.04555325578708041,0,0.006150641557323019
2023-12-04,FET,,-0.3970178121584618,-1,-0.05342160015055561
2023-12-04,FIL,,0.1489225063986612,0,-0.006123112715799132
2023-12-04,HBAR,,-0.06374326636449586,0,3.8167856615911155e-05
2023-12-04,ICP,,0.12186489321099529,0,0.0
2023-12-04,JST,,0.025081773854987784,0,-0.00879549830849128
2023-12-04,LINK,,0.02699037248372255,0,-0.005411858652498439
2023-12-04,LTC,,0.030976211167018236,0,0.0
2023-12-04,LUNC,,-1.0978633873374093,-1,-0.01205236991265781
2023-12-04,NEAR,,0.10884440766468839,0,-0.00013018371069736573
2023-12-04,NEXO,,0.49741553275698536,1,0.0686416021604446
2023-12-04,PEPE,,0.37810986911695404,1,0.018697897836007484
2023-12-04,QNT,,0.09878059162286325,0,0.0
2023-12-04,SHIB,,0.08244208597796804,0,0.0
2023-12-04,SOL,,0.1734618311082321,0,-0.00503445393039666
2023-12-04,STX,,0.39304462944313295,1,0.032711171391414356
2023-12-04,SUI,,0.07263250428398997,0,-0.005845287287283611
2023-12-04,TRX,,-0.29282867719867506,-1,-0.06916131434634366
2023-12-04,UNI,,-0.21955820005994706,-1,-0.04688832018402192
2023-12-04,VET,,-0.010039328065034044,0,0.0
2023-12-04,WLD,,-0.13901478489103677,-1,-0.04372002814477202
2023-12-04,XLM,,0.022252421481583434,0,0.006102297917916617
2023-12-04,XRP,,-0.006342192937149617,0,-0.0002547036728784188
2023-12-04,ZEC,,0.23544570454274502,1,0.05240187225919749
2023-12-11,AAVE,,0.2842462808873859,1,0.040004474181307474
2023-12-11,ADA,,-0.4299898107286425,-1,-0.023881393752673022
2023-12-11,ALGO,,-0.07917162525945234,0,0.0
2023-12-11,APT,,0.2930418529195842,1,0.04367806546422365
2023-12-11,ARB,,0.2645269519371554,1,0.07088642089586163
2023-12-11,ATOM,,0.24035429840766012,1,0.04514595097034523
2023-12-11,AVAX,,-0.2841588831862069,-1,-0.01846509626234036
2023-12-11,BCH,,0.15657506987449993,0,0.018865941926147378
2023-12-11,BNB,,-0.11978790582367253,0,-0.019139538251396283
2023-12-11,BTC,,-0.3952301937913359,-1,-0.06299442602242356
2023-12-11,CAKE,,0.2619764673054642,1,0.04876877155243712
2023-12-11,CHZ,,0.041557014149323925,0,0.0016258465843954273
2023-12-11,DASH,,0.037569117428265804,0,0.011519027516696277
2023-12-11,DEXE,,0.06776152534246231,0,-0.0012445886864242426
2023-12-11,DOGE,,-0.18163137517441127,-1,-0.038645334294337384
2023-12-11,DOT,,-0.12002934153448025,0,0.0
2023-12-11,ETC,,-0.04693214647642426,0,8.960331670153556e-06
2023-12-11,ETH,,-0.37635382174892873,-1,-0.06298109259057207
2023-12-11,FET,,0.3152492647807479,1,0.012766743824571963
2023-12-11,FIL,,0.3688304382638624,1,0.0363810862149105
2023-12-11,HBAR,,0.1439935258984833,0,1.0526897051069223e-05
2023-12-11,ICP,,-0.3950684555639645,-1,-0.011365550449902765
2023-12-11,JST,,0.00956357973793686,0,-0.002425845028136665
2023-12-11,LINK,,-0.15200117405908103,0,-0.0014926192859894575
2023-12-11,LTC,,-0.1542647511182059,0,0.0
2023-12-11,LUNC,,-0.6749053179638259,-1,-0.012635334784898065
2023-12-11,NEAR,,-0.03473783294776576,0,-3.59053570659782e-05
2023-12-11,NEXO,,0.14132603778277672,0,0.018931717508659518
2023-12-11,PEPE,,0.31595047672994114,1,0.01869844461431583
2023-12-11,QNT,,0.03939912770502804,0,0.0
2023-12-11,SHIB,,0.09575033267836926,0,0.0
2023-12-11,SOL,,-0.02076681244980834,0,-0.0013885290643107103
2023-12-11,STX,,0.6101316198574538,1,0.04837018869134086
2023-12-11,SUI,,0.08253782029402922,0,-0.001612161199576162
2023-12-11,TRX,,-0.21153795920050797,-1,-0.08375252899819227
2023-12-11,UNI,,-0.06924652803720344,0,-0.012932047100308118
2023-12-11,VET,,0.2092065112617809,0,0.0
2023-12-11,WLD,,0.09404007210528897,0,-0.012058215371674917
2023-12-11,XLM,,-0.1665308612355927,0,0.0016830460930332431
2023-12-11,XRP,,-0.1801152436288633,-1,-0.06474772073774392
2023-12-11,ZEC,,0.01887265458087267,0,0.014452713970998649
2023-12-18,AAVE,,0.15529292009564571,0,0.0028135349422405698
2023-12-18,ADA,,-0.5775124627533132,-1,-0.037675068704762636
2023-12-18,ALGO,,0.04516079784990115,0,0.0
2023-12-18,APT,,0.43285445874764367,1,0.05693030717069243
2023-12-18,ARB,,0.43377875518823267,1,0.05585153173933664
2023-12-18,ATOM,,-0.07137113385518458,0,0.003175137610360028
2023-12-18,AVAX,,-0.29026256380047055,-1,-0.031484200512384986
2023-12-18,BCH,,0.02946329983687801,0,0.0013268512563602008
2023-12-18,BNB,,-0.010184380263980098,0,-0.001346093424565379
2023-12-18,BONK,,0.263362780774466,1,0.05385840669185834
2023-12-18,BTC,,-0.45685298573524047,-1,-0.10574149415014189
2023-12-18,CAKE,,0.45177616318390185,1,0.039541515604609556
2023-12-18,CHZ,,0.056300411563142805,0,0.00011434661421087875
2023-12-18,DASH,,0.1385747725260081,0,0.0008101390427473522
2023-12-18,DEXE,,-0.03418394632697924,0,-8.753255303648269e-05
2023-12-18,DOGE,,-0.347412277996521,-1,-0.07788361190399519
2023-12-18,DOT,,0.028067995243066877,0,0.0
2023-12-18,ETC,,-0.038979162882774435,0,6.301846671895913e-07
2023-12-18,ETH,,-0.40902442325679167,-1,-0.10574055640312278
2023-12-18,FET,,0.26062906925061335,1,0.05224443752845934
2023-12-18,FIL,,0.37936604699537096,1,0.08666647054574053
2023-12-18,HBAR,,0.12419052560130296,0,7.403620043178012e-07
2023-12-18,ICP,,-0.7126431404131305,-1,-0.021672173384950606
2023-12-18,JST,,-0.01733180814696268,0,-0.00017061091017444782
2023-12-18,LINK,,0.02516612712415598,0,-0.00010497667079838267
2023-12-18,LTC,,-0.2220278925364582,-1,-0.10131106424429667
2023-12-18,LUNC,,-0.5988102193434345,-1,-0.01804112017528392
2023-12-18,NEAR,,-0.049701138755588736,0,-2.525241958209694e-06
2023-12-18,NEXO,,0.29138687951900294,1,0.08417700838712812
2023-12-18,PEPE,,0.24383625602118417,0,0.0013150710855364678
2023-12-18,QNT,,0.18040191838499264,0,0.0
2023-12-18,SHIB,,-0.022089695840544876,0,0.0
2023-12-18,SOL,,-0.07192342502400074,0,-9.765595275790999e-05
2023-12-18,STX,,0.7034474740523924,1,0.0587951969489373
2023-12-18,SUI,,0.26694126710493044,1,0.04184750072058295
2023-12-18,TRX,,-0.15531693831072746,0,-0.005890357807715824
2023-12-18,UNI,,0.12963205624731536,0,-0.0009095174261387722
2023-12-18,VET,,0.20152754748043697,0,0.0
2023-12-18,WLD,,-0.37629086549875057,-1,-0.027891363140120393
2023-12-18,XLM,,-0.1854736546166633,0,0.00011836948464037395
2023-12-18,XRP,,-0.1918008280122268,0,-0.0045537400116909404
2023-12-18,ZEC,,-0.0019645794208501587,0,0.0010164666977828581
2023-12-25,AAVE,,0.4809221870144447,1,0.06223170832567944
2023-12-25,ADA,,-0.676410268190518,-1,-0.046403320268380066
2023-12-25,ALGO,,-0.23618246883813093,-1,-0.056194269369935546
2023-12-25,APT,,0.3093265136424825,1,0.04744039303737502
2023-12-25,ARB,,0.510030586609005,1,0.04289299957016821
2023-12-25,ATOM,,-0.19363615811868046,0,0.0003812975139230136
2023-12-25,AVAX,,-0.6588160249899957,-1,-0.03261843571025903
2023-12-25,BCH,,0.3729631104439248,1,0.041037742245468176
2023-12-25,BNB,,0.34340139623099153,1,0.053694330023773176
2023-12-25,BONK,,0.2300024136020518,0,0.006467775288999715
2023-12-25,BTC,,-0.29029061707446935,-1,-0.08681304906699294
2023-12-25,CAKE,,0.5024120051613762,1,0.02958272952752323
2023-12-25,CHZ,,0.08367565056329242,0,1.3731713416722814e-05
2023-12-25,DASH,,-0.043257343956002475,0,9.728838269044623e-05
2023-12-25,DEXE,,0.05135993093153902,0,-1.0511653022925415e-05
2023-12-25,DOGE,,-0.22761241992369904,0,-0.009352926152693855
2023-12-25,DOT,,-0.2526276791901643,-1,-0.05078153235595694
2023-12-25,ETC,,0.2025078997750712,0,7.567793160452875e-08
2023-12-25,ETH,,-0.11948241620218983,0,-0.012698224840962155
2023-12-25,FET,,-0.13800070928742558,0,0.0062739561526118995
2023-12-25,FIL,,0.6272531493285419,1,0.05846877142435941
2023-12-25,HBAR,,-0.1406746702153483,0,8.890896278899469e-08
2023-12-25,ICP,,-0.8760587818812134,-1,-0.028989763603041327
2023-12-25,JST,,0.07311112644587285,0,-2.0488408340287078e-05
2023-12-25,LINK,,0.10376824448126916,0,-1.260649096427643e-05
2023-12-25,LTC,,0.0843952914757056,0,-0.012166293770450101
2023-12-25,LUNC,,0.28605530438279236,0,-0.0021665310658589287
2023-12-25,NEAR,,-0.5525259724056001,-1,-0.02990329544938889
2023-12-25,NEXO,,0.05827090537135314,0,0.010108690698243217
2023-12-25,PEPE,,0.07180730444277099,0,0.00015792491447015958
2023-12-25,QNT,,0.08873298192659743,0,0.0
2023-12-25,SHIB,,-0.10325098346276085,0,0.0
2023-12-25,SOL,,-0.5624912508025068,-1,-0.03399712689216664
2023-12-25,STX,,0.32085476750797215,1,0.04326153512498354
2023-12-25,SUI,,0.35029939536352034,1,0.038120128518807556
2023-12-25,TRX,,0.09378738799181968,0,-0.0007073642354494319
2023-12-25,UNI,,0.26390437015300217,0,-0.00010922258371568621
2023-12-25,VET,,-0.05996137854087841,0,0.0
2023-12-25,WLD,,-0.42341568293863135,-1,-0.036875634098229006
2023-12-25,XLM,,0.06812987573677888,0,1.4214813893563883e-05
2023-12-25,XRP,,0.07110243632718954,0,-0.0005468518088299892
2023-12-25,ZEC,,-0.09337940889115423,0,0.0001220659613572439
2024-01-01,AAVE,,0.13648610452514276,0,0.010433738922755127
2024-01-01,ADA,,-0.03127887527379889,0,-0.007779958832167942
2024-01-01,ALGO,,-0.05460447596497904,0,-0.009421504749515988
2024-01-01,APT,,0.1923991161614036,1,0.04403345473571017
2024-01-01,ARB,,0.49850978128224366,1,0.042428010700337
2024-01-01,ATOM,,-0.1009783521893567,-1,-0.07366827528251012
2024-01-01,AVAX,,0.07413423418730651,0,-0.005468791576288448
2024-01-01,BCH,,0.14736020882506126,0,0.006880368546653727
2024-01-01,BNB,,-0.05740718518958238,0,0.009002366095566844
2024-01-01,BONK,,0.2188616412027918,1,0.038571847472456705
2024-01-01,BTC,,0.09902268326286882,0,-0.014555034939954706
2024-01-01,CAKE,,0.14492134020161937,0,0.004959826506727775
2024-01-01,CHZ,,0.08698345019104897,0,2.3022526073425982e-06
2024-01-01,DASH,,-0.026856206731423662,0,1.6311324444075068e-05
2024-01-01,DEXE,,0.5793337658794131,1,0.03312191134294049
2024-01-01,DOGE,,-0.18443443793737432,-1,-0.07530031064013945
2024-01-01,DOT,,-0.14851410056976463,-1,-0.04827672420656674
2024-01-01,ETC,,0.024132827498232597,0,1.2688126387974278e-08
2024-01-01,ETH,,-0.06925066550756734,0,-0.002128978399237867
2024-01-01,FET,,-0.050916501199355604,0,0.0010518885351272584
2024-01-01,FIL,,0.07379572902253019,0,0.009802846693255242
2024-01-01,HBAR,,-0.08335597892793341,0,1.490643484794924e-08
2024-01-01,ICP,,-0.9600256944527907,-1,-0.020602432908125547
2024-01-01,JST,,0.027723155334630333,0,-3.4350768975619334e-06
2024-01-01,LINK,,-0.00831159058538387,0,-2.1135983406558e-06
2024-01-01,LTC,,-0.07619385327707794,0,-0.0020397950863585337
2024-01-01,LUNC,,0.20469047220595124,1,0.05297254779209635
2024-01-01,NEAR,,-0.6333284189769158,-1,-0.02453281998292605
2024-01-01,NEXO,,0.38981591938953936,1,0.05532630485443861
2024-01-01,PEPE,,0.384189137842164,1,0.04314994538526279
2024-01-01,QNT,,-0.09082659001862073,-1,-0.04333531052707639
2024-01-01,SHIB,,-0.06542915637815626,0,0.0
2024-01-01,SOL,,-0.5862104750632601,-1,-0.027706713664184732
2024-01-01,STX,,0.3575221990920285,1,0.04149132928793147
2024-01-01,SUI,,0.35167609064729005,1,0.03925814499224686
2024-01-01,TRX,,-0.02443750612285318,0,-0.00011859635472883474
2024-01-01,UNI,,0.003745119168776387,0,-1.831220697002766e-05
2024-01-01,VET,,-0.10106446403092711,-1,-0.05166142126515298
2024-01-01,WLD,,-0.4677986537596715,-1,-0.0258138075917599
2024-01-01,XLM,,-0.05304715978732932,0,2.3832490058737027e-06
2024-01-01,XRP,,-0.05054792508629539,0,-9.168491684188727e-05
2024-01-01,ZEC,,-0.07048470888961965,0,2.0465521619483733e-05
2024-01-08,AAVE,,0.17436830482392446,0,0.0007114112417906677
2024-01-08,ADA,,0.20669604972243916,0,-0.0005304666155487208
2024-01-08,ALGO,,-0.2197633422178398,0,-0.0006423933398191604
2024-01-08,APT,,0.20514726806802752,0,0.0030023652063543085
2024-01-08,ARB,,1.0765557352716253,1,0.03686424997256885
2024-01-08,ATOM,,0.2779234550325411,1,0.017500081777769627
2024-01-08,AVAX,,-0.05111401724383838,0,-0.00037288261046063836
2024-01-08,BCH,,0.13277663855062288,0,0.0004691291940492476
2024-01-08,BNB,,-0.12467357824256442,0,0.0006138149028373681
2024-01-08,BONK,,-0.718728305969156,-1,-0.016786160230769905
2024-01-08,BTC,,0.06896187072201694,0,-0.0009924165783329279
2024-01-08,CAKE,,-0.3718992204458582,-1,-0.0285696020010654
2024-01-08,CHZ,,0.2357014485071384,0,1.5697617109561604e-07
2024-01-08,DASH,,0.14211911819947615,0,1.1121669483891736e-06
2024-01-08,DEXE,,0.42812300237084455,1,0.035465493933260706
2024-01-08,DOGE,,0.2491766963996034,0,-0.005134256079850144
2024-01-08,DOT,,-0.3413654921436815,-1,-0.03599605280211761
2024-01-08,ETC,,-0.2975058722276896,-1,-0.028773219463508765
2024-01-08,ETH,,0.5061708358542624,1,0.028810531985463746
2024-01-08,FET,,0.15612040492482057,0,7.172168429173684e-05
2024-01-08,FIL,,-0.21821402360898595,0,0.0006683946561019307
2024-01-08,HBAR,,-0.029054640343881003,0,1.0163763349228026e-09
2024-01-08,ICP,,-0.5481027232403639,-1,-0.0279114664029987
2024-01-08,JST,,0.14320043133237456,0,-2.3421635709240765e-07
2024-01-08,LINK,,0.21431900726054517,0,-1.4411301943671656e-07
2024-01-08,LTC,,0.2580713195592848,0,-0.00013908083824294508
2024-01-08,LUNC,,0.320914434626134,1,0.02000484043588393
2024-01-08,NEAR,,-1.5657549121182293,-1,-0.018037847518431946
2024-01-08,NEXO,,0.24184016465583086,0,0.0037723538543162904
2024-01-08,PEPE,,0.3805304278567729,1,0.02159554674350583
2024-01-08,QNT,,-0.25384639540385595,0,-0.00295476312985133
2024-01-08,SHIB,,0.2584277109448956,1,0.02024064631686025
2024-01-08,SOL,,-1.3108024892719483,-1,-0.019984158468386103
2024-01-08,STX,,-0.3816310589918592,-1,-0.034774936835460825
2024-01-08,SUI,,-0.4222684428585865,-1,-0.022159593477130347
2024-01-08,TRX,,0.474917591916963,1,0.032347047630646705
2024-01-08,UNI,,0.07403508888119292,0,-1.2485945831041594e-06
2024-01-08,VET,,-0.14743083605662705,0,-0.003522468419710892
2024-01-08,WLD,,0.01955657370860886,0,-0.001760081697477437
2024-01-08,XLM,,0.23688891925208333,0,1.6249880769656828e-07
2024-01-08,XRP,,0.30477585947159913,1,0.0269030158235101
2024-01-08,ZEC,,0.21483699247133667,0,1.395415608632666e-06
2024-01-15,AAVE,,0.08960765979889816,0,0.0
2024-01-15,ADA,,0.14655028990342403,0,0.0
2024-01-15,ALGO,,0.13832547332960884,0,0.0
2024-01-15,APT,,-0.2121912359566664,-1,-0.04262006401291462
2024-01-15,ARB,,-0.24583915539194084,-1,-0.040127020356653297
2024-01-15,ATOM,,0.19193125782664433,0,0.0
2024-01-15,AVAX,,0.15070094932979633,0,0.0
2024-01-15,BCH,,-0.027483197269075353,0,0.0
2024-01-15,BNB,,-0.024415919936643108,0,0.0
2024-01-15,BONK,,-1.300160256502023,-1,-0.01689726382667129
2024-01-15,BTC,,0.07294435278430186,0,0.0
2024-01-15,CAKE,,-0.34673640843793874,-1,-0.031199730468255794
2024-01-15,CHZ,,0.34940501463559803,1,0.020765870503042134
2024-01-15,DASH,,0.38783850520836105,1,0.03175640934859134
2024-01-15,DEXE,,0.1635284890895914,0,0.0
2024-01-15,DOGE,,0.4538418334060151,1,0.032141513311585525
2024-01-15,DOT,,0.09857696095924517,0,0.0
2024-01-15,ETC,,-0.8737724495797229,-1,-0.023179200652843582
2024-01-15,ETH,,0.27020297501768065,0,0.0
2024-01-15,FET,,-0.028956406659368283,0,0.0
2024-01-15,FIL,,-0.47383628308347664,-1,-0.029255551616783004
2024-01-15,HBAR,,0.31994023673581096,1,0.04258617082441973
2024-01-15,ICP,,-1.0189449098442513,-1,-0.02194664545788664
2024-01-15,JST,,0.016264435796359056,0,0.0
2024-01-15,LINK,,0.3177241138915186,1,0.02613063308660415
2024-01-15,LTC,,0.3416432262902501,1,0.030917989064008812
2024-01-15,LUNC,,0.15804112606390205,0,0.0
2024-01-15,NEAR,,-0.06432056539603699,0,0.0
2024-01-15,NEXO,,0.10235992031145308,0,0.0
2024-01-15,PEPE,,0.30651716989574856,1,0.0323564275810919
2024-01-15,QNT,,0.252881877443482,0,0.0
2024-01-15,SHIB,,0.24235866124450686,0,0.0
2024-01-15,SOL,,0.275592798748154,0,0.0
2024-01-15,STX,,-0.22841276670483135,-1,-0.04434224186296374
2024-01-15,SUI,,-1.5269730707177032,-1,-0.017021523447613335
2024-01-15,TRX,,0.2604546176682205,0,0.0
2024-01-15,UNI,,0.30165634330520114,1,0.02522546504358081
2024-01-15,VET,,0.2003182982491883,0,0.0
2024-01-15,WLD,,0.0027915606657747246,0,0.0
2024-01-15,XLM,,0.2667482922637919,0,0.0
2024-01-15,XRP,,0.12695128030689445,0,0.0
2024-01-15,ZEC,,0.3663449053102587,1,0.02470876293966091
2024-01-22,AAVE,,0.054515116864895824,0,0.0
2024-01-22,ADA,,0.07200554660516864,0,0.0
2024-01-22,ALGO,,0.11990117254353955,0,0.0
2024-01-22,APT,,-0.13437453778110037,-1,-0.02933148783547801
2024-01-22,ARB,,-0.317826928785992,-1,-0.029637364997519372
2024-01-22,ATOM,,0.10158260970722666,0,0.0
2024-01-22,AVAX,,0.3808569575199528,1,0.018731051128322625
2024-01-22,BCH,,0.2557898166766628,1,0.02663951896508271
2024-01-22,BNB,,0.18179178930049755,0,0.0
2024-01-22,BONK,,-1.2302720923268322,-1,-0.013211715185262825
2024-01-22,BTC,,0.3980979376284249,1,0.03603213277784614
2024-01-22,CAKE,,0.23282765887431228,1,0.024740351661412155
2024-01-22,CHZ,,0.10061025206548561,0,0.0
2024-01-22,DASH,,0.20417921956730029,0,0.0
2024-01-22,DEXE,,-0.11283948960710895,-1,-0.04477672875626356
2024-01-22,DOGE,,-0.009288553961030108,0,0.0
2024-01-22,DOT,,0.1370304598076265,0,0.0
2024-01-22,ETC,,-1.2419962819334065,-1,-0.0161712569025073
2024-01-22,ETH,,-0.2555834722788457,-1,-0.04477672875626356
2024-01-22,FET,,0.19809437426508683,0,0.0
2024-01-22,FIL,,0.1466059477779418,0,0.0
2024-01-22,HBAR,,0.2227512647143436,0,0.0
2024-01-22,ICP,,-0.06119969388612355,-1,-0.02567096374583806
2024-01-22,JST,,0.018259700820859443,0,0.0
2024-01-22,LINK,,-0.12261995684906345,-1,-0.03450169668455112
2024-01-22,LTC,,-0.006198194139582623,0,0.0
2024-01-22,LUNC,,-0.01338183673227017,0,0.0
2024-01-22,NEAR,,0.12304761349097905,0,0.0
2024-01-22,NEXO,,0.36316099951879344,1,0.03603213277784614
2024-01-22,PEPE,,0.09372088016573842,0,0.0
2024-01-22,QNT,,0.1312554872498994,0,0.0
2024-01-22,SHIB,,0.07346304175082587,0,0.0
2024-01-22,SOL,,0.4046952266900037,1,0.02199501585349928
2024-01-22,STX,,0.03632684622539683,0,0.0
2024-01-22,SUI,,-1.7054804820491534,-1,-0.012045993945247968
2024-01-22,TRX,,0.3182349256125952,1,0.03202590963320501
2024-01-22,UNI,,0.06822752587419477,0,0.0
2024-01-22,VET,,0.2616481046532803,1,0.021450072498167536
2024-01-22,WLD,,0.07051118180577218,0,0.0
2024-01-22,XLM,,0.2571098999757638,1,0.03247775151355026
2024-01-22,XRP,,0.04637184161143015,0,0.0
2024-01-22,ZEC,,0.13838812096651326,0,0.0
2024-01-29,AAVE,,-0.12468608980034315,0,0.0
2024-01-29,ADA,,0.2790244647633018,1,0.029868974486812024
2024-01-29,ALGO,,0.22910663379800877,0,0.0
2024-01-29,APT,,-0.14967666925373574,-1,-0.03169548946589568
2024-01-29,ARB,,-0.37295360736699695,-1,-0.029205315573831502
2024-01-29,ATOM,,-0.021208221893932504,0,0.0
2024-01-29,AVAX,,0.3747815096815685,1,0.02274362436725642
2024-01-29,BCH,,0.2686451293231612,0,0.0
2024-01-29,BNB,,0.035432326282490476,0,0.0
2024-01-29,BONK,,-1.1883774801761453,-1,-0.013762164657806946
2024-01-29,BTC,,0.34709150780519993,1,0.029868974486812024
2024-01-29,CAKE,,0.12211288140679216,0,0.0
2024-01-29,CHZ,,-0.09604355021044352,0,0.0
2024-01-29,DASH,,0.15248776890845805,0,0.0
2024-01-29,DEXE,,-0.0337460407117881,0,0.0
2024-01-29,DOGE,,0.021617607818359818,0,0.0
2024-01-29,DOT,,0.16495351970165206,0,0.0
2024-01-29,ETC,,-1.0551568157230402,-1,-0.017374490679136476
2024-01-29,ETH,,-0.16147053209377926,-1,-0.04083981842992939
2024-01-29,FET,,-0.1798044002550617,-1,-0.04083981842992939
2024-01-29,FIL,,0.16234838718449923,0,0.0
2024-01-29,HBAR,,-0.03294309365646342,0,0.0
2024-01-29,ICP,,0.01919537536263041,0,0.0
2024-01-29,JST,,-0.07553591143122051,0,0.0
2024-01-29,LINK,,-0.1964471544783749,-1,-0.026934634183848425
2024-01-29,LTC,,-0.01992228310566123,0,0.0
2024-01-29,LUNC,,0.29800725305886044,1,0.018176658234900823
2024-01-29,NEAR,,0.11149145574262745,0,0.0
2024-01-29,NEXO,,0.5403832178334406,1,0.029868974486812024
2024-01-29,PEPE,,-0.22670712271586838,-1,-0.0374556673350927
2024-01-29,QNT,,0.09308211721409668,0,0.0
2024-01-29,SHIB,,0.1456095042473213,0,0.0
2024-01-29,SOL,,0.3989370402221207,1,0.029868974486812024
2024-01-29,STX,,0.3364624318293975,1,0.029868974486812024
2024-01-29,SUI,,-1.7008127692446573,-1,-0.011895705254370864
2024-01-29,TRX,,0.410939642787438,1,0.029868974486812024
2024-01-29,UNI,,0.27032661791473955,0,0.0
2024-01-29,VET,,0.374995841353165,1,0.029868974486812024
2024-01-29,WLD,,0.2581431841536634,0,0.0
2024-01-29,XLM,,0.04205280641849651,0,0.0
2024-01-29,XRP,,0.010577362836440563,0,0.0
2024-01-29,ZEC,,0.16768615446958302,0,0.0
2024-02-05,AAVE,,0.09295269029979314,0,0.0
2024-02-05,ADA,,0.3463403351311889,1,0.023452906780603754
2024-02-05,ALGO,,-0.02787489185755421,0,0.0
2024-02-05,APT,,-0.0043259857255972065,0,0.0
2024-02-05,ARB,,-0.14646886868204767,0,0.0
2024-02-05,ATOM,,0.14329664281633386,0,0.0
2024-02-05,AVAX,,0.05972349700290286,0,0.0
2024-02-05,BCH,,-0.176036546668164,0,0.0
2024-02-05,BNB,,0.2051171222600639,0,0.0
2024-02-05,BONK,,-1.037935707561249,-1,-0.018484668339474028
2024-02-05,BTC,,0.14629626536952078,0,0.0
2024-02-05,CAKE,,0.4244569213169076,1,0.02913202564285757
2024-02-05,CHZ,,-0.5641529284140551,-1,-0.040133816703809756
2024-02-05,DASH,,0.4942682250254234,1,0.02913202564285757
2024-02-05,DEXE,,-0.028019126989957104,0,0.0
2024-02-05,DOGE,,0.06187146568585961,0,0.0
2024-02-05,DOT,,0.2971994592491722,0,0.0
2024-02-05,ETC,,0.20806424299444745,0,0.0
2024-02-05,ETH,,0.06204970377268549,0,0.0
2024-02-05,FET,,-0.8685655455907573,-1,-0.02353207175752907
2024-02-05,FIL,,0.21264735984186164,0,0.0
2024-02-05,HBAR,,-0.2103866520394738,0,0.0
2024-02-05,ICP,,-0.294367746127049,-1,-0.03669820469048361
2024-02-05,JST,,0.16577757309993715,0,0.0
2024-02-05,JUP,,0.11203825902672987,0,0.0
2024-02-05,LINK,,-0.7078953725847893,-1,-0.026646582811850724
2024-02-05,LTC,,0.30401548537271306,0,0.0
2024-02-05,LUNC,,0.15745197848984674,0,0.0
2024-02-05,NEAR,,-0.26763189843070034,-1,-0.03312476241897563
2024-02-05,NEXO,,0.38914615658462964,1,0.02729333636247391
2024-02-05,PEPE,,-0.4996145031658421,-1,-0.027500544262721447
2024-02-05,QNT,,0.3863763770252751,1,0.02913202564285757
2024-02-05,SHIB,,0.4747428857735293,1,0.02913202564285757
2024-02-05,SOL,,0.2448150126804251,0,0.0
2024-02-05,STX,,-0.8354879434181673,-1,-0.023739084068144383
2024-02-05,SUI,,-1.1086497908640365,-1,-0.020142341422148474
2024-02-05,TRX,,0.6677876082043958,1,0.02913202564285757
2024-02-05,UNI,,0.22523610668059282,0,0.0
2024-02-05,VET,,0.3463208751369102,1,0.024463679474914037
2024-02-05,WLD,,0.033123812659204166,0,0.0
2024-02-05,XLM,,0.36149473495331785,1,0.02913202564285757
2024-02-05,XRP,,0.2749880006521816,0,0.0
2024-02-05,ZEC,,-0.12018528898640662,0,0.0
2024-02-12,AAVE,,-0.011350757620308703,0,0.0
2024-02-12,ADA,,0.2960362187430967,1,0.022953623901851444
2024-02-12,ALGO,,0.17992184578480533,0,0.0
2024-02-12,APT,,0.5075785465972074,1,0.03610801217892112
2024-02-12,ARB,,0.07274112776112251,0,0.0
2024-02-12,ATOM,,0.10765330447521035,0,0.0
2024-02-12,AVAX,,0.13375044999835106,0,0.0
2024-02-12,BCH,,-0.33070843431402197,-1,-0.04730847827480951
2024-02-12,BNB,,0.0709988492232128,0,0.0
2024-02-12,BONK,,-0.09639251257837812,0,0.0
2024-02-12,BTC,,0.11874630638883579,0,0.0
2024-02-12,CAKE,,0.21757362491456197,1,0.023693085616572733
2024-02-12,CHZ,,0.105298489593393,0,0.0
2024-02-12,DASH,,0.21054652018720976,1,0.03358427275254921
2024-02-12,DEXE,,-0.049042810375583175,0,0.0
2024-02-12,DOGE,,0.0076257025428404755,0,0.0
2024-02-12,DOT,,0.3415564148591711,1,0.029773247140274173
2024-02-12,ETC,,0.004969560933080087,0,0.0
2024-02-12,ETH,,-0.05972686502024576,0,0.0
2024-02-12,FET,,-0.2608459565552173,-1,-0.023493717455361895
2024-02-12,FIL,,0.11534587308851939,0,0.0
2024-02-12,HBAR,,0.019199868896829682,0,0.0
2024-02-12,ICP,,0.18365061910001454,0,0.0
2024-02-12,JST,,0.06093810832309312,0,0.0
2024-02-12,JUP,,0.11688689231875868,0,0.0
2024-02-12,LINK,,-0.6152662506535557,-1,-0.032977144057569636
2024-02-12,LTC,,-0.20287854618530826,-1,-0.047386951010085235
2024-02-12,LUNC,,0.24130179844425864,1,0.018628995033187993
2024-02-12,NEAR,,0.15702039445308547,0,0.0
2024-02-12,NEXO,,0.12726995557124646,0,0.0
2024-02-12,PEPE,,-0.16749058951621343,-1,-0.024952150142531146
2024-02-12,QNT,,0.14203395740557268,0,0.0
2024-02-12,SHIB,,0.1420725992020176,0,0.0
2024-02-12,SOL,,0.22572090688050817,1,0.03357568475831867
2024-02-12,STX,,-0.2979479256592601,-1,-0.021694659801437987
2024-02-12,SUI,,-0.021286212264173952,0,0.0
2024-02-12,TRX,,0.9091638968708885,1,0.03610801217892112
2024-02-12,UNI,,0.18523438614975113,1,0.01818591581113856
2024-02-12,VET,,-0.4920081397138675,-1,-0.018645821045069295
2024-02-12,WLD,,-2.3756725310280826,-1,-0.0064492069490131605
2024-02-12,XLM,,0.11240495910517735,0,0.0
2024-02-12,XRP,,0.08807865742584292,0,0.0
2024-02-12,ZEC,,-0.22070230375344582,-1,-0.02970272063585718
2024-02-19,AAVE,,0.20813415300185292,0,0.0
2024-02-19,ADA,,-0.14213096986055457,0,0.004242739114047631
2024-02-19,ALGO,,0.28169506854698634,1,0.051660738860807555
2024-02-19,APT,,0.13397781631721992,0,0.0066741912413080876
2024-02-19,ARB,,-0.18156275510031458,0,0.0
2024-02-19,ATOM,,-0.15197720439432758,0,0.0
2024-02-19,AVAX,,-0.12210141107081846,0,0.0
2024-02-19,BCH,,-0.19574569859037097,-1,-0.06304785007602792
2024-02-19,BNB,,0.015983050559278275,0,0.0
2024-02-19,BONK,,0.0033140372341850036,0,0.0
2024-02-19,BTC,,-0.6267514888807195,-1,-0.08019163855911444
2024-02-19,CAKE,,0.6593478376969584,1,0.051721714032291144
2024-02-19,CHZ,,0.2689828576706858,1,0.04578995274145418
2024-02-19,DASH,,0.2989452028974217,1,0.0782628781841102
2024-02-19,DEXE,,0.3974183341765685,1,0.027058992887968605
2024-02-19,DOGE,,0.03483434963005915,0,0.0
2024-02-19,DOT,,0.14246785912336024,0,0.005503275680319001
2024-02-19,ETC,,0.31194693179254845,1,0.0720551739787367
2024-02-19,ETH,,-0.11785697857902092,0,0.0
2024-02-19,FET,,0.04129006434443507,0,-0.004342569801111338
2024-02-19,FIL,,0.25161793759131235,0,0.0
2024-02-19,HBAR,,0.17694456941445877,0,0.0
2024-02-19,ICP,,-0.1886043413258575,0,0.0
2024-02-19,JST,,0.028696827021043026,0,0.0
2024-02-19,JUP,,0.23741448268118429,0,0.0
2024-02-19,LINK,,-0.5213184907959011,-1,-0.043602278394727446
2024-02-19,LTC,,-0.28887839180748814,-1,-0.08895062456522962
2024-02-19,LUNC,,0.5496631690170316,1,0.07035747377159843
2024-02-19,NEAR,,0.28875616124400993,1,0.04408758492980886
2024-02-19,NEXO,,-0.08310240092347139,0,0.0
2024-02-19,PEPE,,0.4312081367175604,1,0.01659606517095518
2024-02-19,QNT,,0.06593751532341448,0,0.0
2024-02-19,SHIB,,-0.06907550285237272,0,0.0
2024-02-19,SOL,,-0.2637993630633121,-1,-0.05570626121179758
2024-02-19,STX,,-0.37218433642583365,-1,-0.02814046765256836
2024-02-19,SUI,,-0.1289727832735875,0,0.0
2024-02-19,TRX,,-0.049427786969896484,0,0.0066741912413080876
2024-02-19,UNI,,0.07278919319717385,0,0.0033614777634511667
2024-02-19,VET,,-0.34847788778725797,-1,-0.02494527864567935
2024-02-19,WLD,,-0.8221409459944438,-1,-0.00943760254473453
2024-02-19,XLM,,-0.09331539147097608,0,0.0
2024-02-19,XRP,,-0.2314899286671994,-1,-0.08019163855911444
2024-02-19,ZEC,,0.09754850263498391,0,-0.005490239588059824
2024-02-26,AAVE,,0.568105626364531,1,0.065855943221091
2024-02-26,ADA,,-0.1567953009729897,0,0.001277863012532134
2024-02-26,ALGO,,0.334175296230245,1,0.07633830482018866
2024-02-26,APT,,0.18109995147408758,0,0.002010187734050194
2024-02-26,ARB,,-0.05029052491297748,0,0.0
2024-02-26,ATOM,,-0.02125776935848875,0,0.0
2024-02-26,AVAX,,-0.060441222305498296,0,0.0
2024-02-26,BCH,,-0.1646275018075782,0,-0.018989269306018165
2024-02-26,BNB,,0.053539745557204144,0,0.0
2024-02-26,BONK,,-0.08548413912160789,0,0.0
2024-02-26,BTC,,-0.425106375030512,-1,-0.0986003213279167
2024-02-26,CAKE,,0.42781056476814444,1,0.08143391385044117
2024-02-26,CHZ,,0.15894043967375265,0,0.013791394045455749
2024-02-26,DASH,,0.19065309187989096,0,0.023571856434597575
2024-02-26,DEXE,,0.3498088204537713,1,0.022485572691073714
2024-02-26,DOGE,,-0.13632889348822852,0,0.0
2024-02-26,DOT,,0.08910822205781896,0,0.0016575217685110577
2024-02-26,ETC,,0.06075432969047991,0,0.021702169097348324
2024-02-26,ETH,,0.12887320346310796,0,0.0
2024-02-26,FET,,0.4124109528812613,1,0.02185899884720074
2024-02-26,FIL,,0.35553021553627023,1,0.038074961871257605
2024-02-26,HBAR,,-0.11633970391606899,0,0.0
2024-02-26,ICP,,-0.05288702922910225,0,0.0
2024-02-26,JST,,0.14874789377670022,0,0.0
2024-02-26,JUP,,0.22059313676863512,1,0.02540871729078851
2024-02-26,LINK,,-0.2763020533996964,-1,-0.08758003732047491
2024-02-26,LTC,,-0.13693094453162927,0,-0.026790879669501895
2024-02-26,LUNC,,0.3789142706415484,1,0.04618951369602599
2024-02-26,NEAR,,0.4649235901697731,1,0.07913460414726914
2024-02-26,NEXO,,0.1053798761852578,0,0.0
2024-02-26,PEPE,,-0.5166652473166351,-1,0.00045688705444302605
2024-02-26,QNT,,0.10892621306118878,0,0.0
2024-02-26,SHIB,,-0.23265573368326914,-1,-0.011061406600639086
2024-02-26,SOL,,-0.1603009661143932,0,-0.016778069274473534
2024-02-26,STX,,-0.21238644109280796,-1,-0.046586711159678454
2024-02-26,SUI,,-0.2231063447961969,-1,-0.0648674897549309
2024-02-26,TRX,,-0.3685926479947651,-1,-0.07243735726836756
2024-02-26,UNI,,-0.11869108356173148,0,0.0010124374810464164
2024-02-26,VET,,-0.3912511608377347,-1,-0.03886572264671005
2024-02-26,WLD,,-0.613569429318612,-1,-0.01389721095793342
2024-02-26,XLM,,-0.06889508578934427,0,0.0
2024-02-26,XRP,,-0.13199100873790592,0,-0.024152776325498955
2024-02-26,ZEC,,-0.017398833315894095,0,-0.0016535954511773328
2024-03-04,AAVE,,0.7748098737122426,1,0.09504532020088857
2024-03-04,ADA,,-0.27336203207155,-1,-0.0754233451981412
2024-03-04,ALGO,,0.11121176356889972,0,0.003786586205954068
2024-03-04,APT,,0.24105182295074548,1,0.06831798814760005
2024-03-04,ARB,,0.07283080708119978,0,0.0
2024-03-04,ATOM,,0.03097991019802119,0,0.0
2024-03-04,AVAX,,-0.05927761866559979,0,0.0
2024-03-04,BCH,,-0.2659365639497518,-1,-0.02552647069515591
2024-03-04,BNB,,-0.058985213718190876,0,0.0
2024-03-04,BONK,,-0.1376731387087598,0,0.0
2024-03-04,BTC,,-0.4534478959917694,-1,-0.10407979675217191
2024-03-04,CAKE,,0.640962960576631,1,0.09581802964002004
2024-03-04,CHZ,,-0.1148479824831685,0,0.0006840904127542128
2024-03-04,DASH,,0.12552386719833727,0,0.0011692277767264697
2024-03-04,DEXE,,0.4384693532968011,1,0.02453525212531978
2024-03-04,DOGE,,-0.19301362875228184,0,0.0
2024-03-04,DOT,,0.0004430070571432923,0,8.221755879300957e-05
2024-03-04,ETC,,0.035178389268121335,0,0.001076486232394945
2024-03-04,ETH,,0.265683871919636,1,0.09177868745644324
2024-03-04,FET,,0.6410113316402737,1,0.03911504437387723
2024-03-04,FIL,,-0.04927348812266442,0,0.0018886209977222665
2024-03-04,HBAR,,0.026143912247834442,0,0.0
2024-03-04,ICP,,0.1736192050730033,0,0.0
2024-03-04,JST,,0.15204580272154744,0,0.0
2024-03-04,JUP,,0.39288383911892666,1,0.03725127422634336
2024-03-04,LINK,,-0.10075690224929512,0,-0.004344206516188567
2024-03-04,LTC,,-0.2856037268853704,-1,-0.06472191609080898
2024-03-04,LUNC,,0.25731915272869565,1,0.037101067340308845
2024-03-04,NEAR,,0.4194516144780744,1,0.05083790243442487
2024-03-04,NEXO,,0.03433455769591656,0,0.0
2024-03-04,PEPE,,-0.549178748468688,-1,-0.006406615325299307
2024-03-04,QNT,,-0.059363444952122396,0,0.0
2024-03-04,SHIB,,-0.19878056832954105,0,-0.00054867565832235
2024-03-04,SOL,,-0.09677402324597723,0,-0.0008322375749226923
2024-03-04,STX,,-0.22783177967007998,0,-0.002310826763490724
2024-03-04,SUI,,0.008868758208004573,0,-0.0032176027814535477
2024-03-04,TRX,,-0.4688923553559097,-1,-0.10278204303536995
2024-03-04,UNI,,-0.13582528937094393,0,5.021963494147928e-05
2024-03-04,VET,,-0.32861516004543917,-1,-0.04167113777727164
2024-03-04,WLD,,-0.4677477450768939,-1,-0.016204120450545558
2024-03-04,XLM,,-0.13163207435455532,0,0.0
2024-03-04,XRP,,-0.29320873815939813,-1,-0.10038699734252682
2024-03-04,ZEC,,0.10720431788790483,0,-8.202280284327901e-05
2024-03-11,AAVE,,0.2966325252777734,1,0.09388876920987937
2024-03-11,ADA,,-0.2282041994276885,-1,-0.05952007498698715
2024-03-11,ALGO,,0.16420953970680993,0,0.00015163423949835766
2024-03-11,APT,,0.3060534274360769,1,0.07669188135912032
2024-03-11,ARB,,-0.08709782266330592,0,0.0
2024-03-11,ATOM,,-0.11760046886169682,0,0.0
2024-03-11,AVAX,,0.26387410279194623,1,0.03016295858353054
2024-03-11,BCH,,-0.1615377413085102,0,-0.0010222101809938405
2024-03-11,BNB,,0.026430262510839724,0,0.0
2024-03-11,BONK,,0.0010132017504023115,0,0.0
2024-03-11,BTC,,-0.5037995257071848,-1,-0.0743994085311877
2024-03-11,CAKE,,0.6417728325676693,1,0.09309932491105424
2024-03-11,CHZ,,-0.08349713389613364,0,2.7394471918530216e-05
2024-03-11,DASH,,0.0072324092212553166,0,4.682184825093743e-05
2024-03-11,DEXE,,0.33416258987557856,1,0.025068996610761243
2024-03-11,DOGE,,-0.18185327526547124,0,0.0
2024-03-11,DOT,,-0.05438547180319014,0,3.2924107158543742e-06
2024-03-11,ETC,,-0.10973073987689384,0,4.31080034367082e-05
2024-03-11,ETH,,-0.42681953852152743,-1,-0.08671922032241283
2024-03-11,FET,,0.07811604938927787,0,0.001566366031031101
2024-03-11,FIL,,-0.07883089561984202,0,7.563002480702528e-05
2024-03-11,HBAR,,-0.09760731880039242,0,0.0
2024-03-11,ICP,,-0.01688303366984159,0,0.0
2024-03-11,JST,,0.03111249208800348,0,0.0
2024-03-11,JUP,,0.47384190379011487,1,0.01823112503076686
2024-03-11,LINK,,-0.2515641962230796,-1,-0.06981920270224276
2024-03-11,LTC,,-0.19269600019066996,-1,-0.05095243431982431
2024-03-11,LUNC,,0.2315301529581411,0,0.0014857161106959713
2024-03-11,NEAR,,0.6675947518986756,1,0.04291239577492782
2024-03-11,NEXO,,0.12486763007502193,0,0.0
2024-03-11,PEPE,,-0.5602644945977813,-1,-0.005006476792208194
2024-03-11,QNT,,0.24111036541693934,1,0.0725853482707451
2024-03-11,SHIB,,-0.18936007850394848,-1,-0.011652363265513702
2024-03-11,SOL,,0.2053402791011108,0,-3.332704047696801e-05
2024-03-11,STX,,-0.10435364234831593,0,-9.253729872659268e-05
2024-03-11,SUI,,0.306204459528088,1,0.089953820211786
2024-03-11,TRX,,-0.4755885963297495,-1,-0.0978875150623673
2024-03-11,UNI,,-0.14878349611806496,0,2.0110505183435214e-06
2024-03-11,VET,,-0.16883040006193054,0,-0.0016687250579300594
2024-03-11,WLD,,0.16460395728732374,0,-0.0006488956932750381
2024-03-11,XLM,,-0.21070839321534532,-1,-0.08255091051025015
2024-03-11,XRP,,-0.13634805842134373,0,-0.004020007777354256
2024-03-11,ZEC,,0.02064158876086568,0,-3.284611693537461e-06
2024-03-18,AAVE,,0.10988189310759239,0,0.0
2024-03-18,ADA,,-0.24631122098332844,-1,-0.05855413593541725
2024-03-18,ALGO,,-0.05814752165980342,0,0.0
2024-03-18,APT,,0.9595619905727265,1,0.09781789674205814
2024-03-18,ARB,,0.022685296897759277,0,0.0
2024-03-18,ATOM,,-0.18049397741788056,-1,-0.06920760133547205
2024-03-18,AVAX,,0.01885719500517629,0,0.0
2024-03-18,BCH,,-0.0020592127841915706,0,0.0
2024-03-18,BNB,,-0.3510705282512182,-1,-0.0657126405648348
2024-03-18,BONK,,0.00543838104025374,0,0.0
2024-03-18,BTC,,-0.5884884159827687,-1,-0.0717431703565089
2024-03-18,CAKE,,0.2867828936970205,1,0.07257281339713234
2024-03-18,CHZ,,0.007049045678884764,0,0.0
2024-03-18,DASH,,0.07468618658177738,0,0.0
2024-03-18,DEXE,,0.40914894020821047,1,0.02513847595775845
2024-03-18,DOGE,,-0.08136238540580548,0,0.0
2024-03-18,DOT,,-0.13657113483128475,0,0.0
2024-03-18,ETC,,-0.04610911100519113,0,0.0
2024-03-18,ETH,,-0.5708328594255793,-1,-0.07966702126821439
2024-03-18,FET,,-0.14538396160269632,0,0.0
2024-03-18,FIL,,-0.021136095863710583,0,0.0
2024-03-18,HBAR,,-0.1868429544447084,-1,-0.09046544242482159
2024-03-18,ICP,,0.4058580265168798,1,0.050293939307780484
2024-03-18,JST,,0.08126552849518771,0,0.0
2024-03-18,JUP,,0.11352432392723412,0,0.0
2024-03-18,LINK,,-0.13892168500183275,0,0.0
2024-03-18,LTC,,-0.08725436889683957,0,0.0
2024-03-18,LUNC,,0.41672889987314726,1,0.027013350989174297
2024-03-18,NEAR,,0.02134799435098464,0,0.0
2024-03-18,NEXO,,0.10017500606337236,0,0.0
2024-03-18,PEPE,,-0.5554826950770142,-1,-0.004897841317308479
2024-03-18,QNT,,0.3669677090488319,1,0.08757100793631672
2024-03-18,SHIB,,-0.21577887713726246,-1,-0.011974958322688321
2024-03-18,SOL,,-0.15943881288689635,0,0.0
2024-03-18,STX,,0.34027195755952183,1,0.03586327214238897
2024-03-18,SUI,,0.4727612392707009,1,0.09781789674205814
2024-03-18,TRX,,-0.5476383048173196,-1,-0.09776672100268458
2024-03-18,UNI,,-0.06224253530728738,0,0.0
2024-03-18,VET,,0.05947459723538455,0,0.0
2024-03-18,WLD,,0.07369808909046638,0,0.0
2024-03-18,XLM,,-0.09548769540168525,0,0.0
2024-03-18,XRP,,-0.04764590547406368,0,0.0
2024-03-18,ZEC,,0.17853506543725653,1,0.055900879313282796
2024-03-25,AAVE,,0.027718151795419532,0,0.0
2024-03-25,ADA,,-0.182426245792974,0,-0.016110850214445978
2024-03-25,ALGO,,0.11750163982758934,0,0.0
2024-03-25,APT,,0.3143297659759529,1,0.09203302915112044
2024-03-25,ARB,,0.10466437843501285,0,0.0
2024-03-25,ATOM,,-0.005381436329104015,0,-0.019042092945350135
2024-03-25,AVAX,,-0.5658130748365477,-1,-0.03473628601615582
2024-03-25,BCH,,0.06558890675867692,0,0.0
2024-03-25,BNB,,-0.5718175361882715,-1,-0.07862434220987496
2024-03-25,BONK,,0.4912225702336566,1,0.023672355310269212
2024-03-25,BTC,,-0.4049039430188157,-1,-0.09503818416700027
2024-03-25,CAKE,,0.28848062570837196,1,0.062172224954943026
2024-03-25,CHZ,,0.2952740903638425,1,0.0599288583517879
2024-03-25,DASH,,0.33168200955683624,1,0.051938697990842816
2024-03-25,DEXE,,0.24805093717681065,0,0.006916714153575729
2024-03-25,DOGE,,0.28428318460368845,0,0.0
2024-03-25,DOT,,0.00801523182685528,0,0.0
2024-03-25,ETC,,0.14245028099426424,0,0.0
2024-03-25,ETH,,-0.4810034302128748,-1,-0.09721838840228934
2024-03-25,FET,,-0.5852571902938556,-1,-0.02578591467446436
2024-03-25,FIL,,0.19947680258902264,0,0.0
2024-03-25,HBAR,,-0.0543933134124248,0,-0.024891071641761076
2024-03-25,ICP,,0.2568559512805199,0,0.013838102295212602
2024-03-25,JST,,0.32785222617474313,1,0.04660901570639215
2024-03-25,JUP,,-0.6089696810208995,-1,-0.019326851027881252
2024-03-25,LINK,,-0.058457030171883646,0,0.0
2024-03-25,LTC,,0.17179855048922307,0,0.0
2024-03-25,LUNC,,0.3973630324438406,1,0.03728358545271773
2024-03-25,NEAR,,-0.4158487840055562,-1,-0.0286778557122331
2024-03-25,NEXO,,-0.17519431506947777,0,0.0
2024-03-25,PEPE,,0.3424879161990761,1,0.014952975425229099
2024-03-25,QNT,,-0.034090104027460745,0,0.024094683824660304
2024-03-25,SHIB,,-0.22980148680714202,0,-0.003294844280066824
2024-03-25,SOL,,-0.5607662911573397,-1,-0.03636183138630731
2024-03-25,STX,,-0.28428586629996405,-1,-0.03132163402424513
2024-03-25,SUI,,0.6009162603309095,1,0.08850906142211108
2024-03-25,TRX,,-0.1489403907500306,0,-0.02689997850483279
2024-03-25,UNI,,0.012931249034384619,0,0.0
2024-03-25,VET,,0.2363339208668012,0,0.0
2024-03-25,WLD,,-0.10079972117027075,0,0.0
2024-03-25,XLM,,0.13343980456632884,0,0.0
2024-03-25,XRP,,-0.1363684355490379,0,0.0
2024-03-25,ZEC,,0.20580078888211106,0,0.015380821168046212
2024-04-01,AAVE,,0.07438873862294063,0,0.0
2024-04-01,ADA,,-0.37227238192133816,-1,-0.07488732773942336
2024-04-01,ALGO,,-0.01925719341756937,0,0.0
2024-04-01,APT,,-0.15577833443013703,0,0.007797389733829624
2024-04-01,ARB,,0.16354997787102624,0,0.0
2024-04-01,ATOM,,-0.07338493916915373,0,-0.001613318842291902
2024-04-01,AVAX,,-0.4490580299018142,-1,-0.023793143831643757
2024-04-01,BCH,,0.008061655876939623,0,0.0
2024-04-01,BNB,,-0.07059585516744238,0,-0.006661354564019825
2024-04-01,BONK,,0.259610460927601,1,0.02761383753631369
2024-04-01,BTC,,-0.1675401745915893,-1,-0.08157435292110723
2024-04-01,CAKE,,0.14419991836596513,0,0.005267468354181806
2024-04-01,CHZ,,0.4104595766793118,1,0.06830858984255046
2024-04-01,DASH,,0.21116107651806865,1,0.0577427251335096
2024-04-01,DEXE,,0.26679813617618037,1,0.029614455583362995
2024-04-01,DOGE,,-0.062056201610756014,0,0.0
2024-04-01,DOT,,-0.11637225596066061,0,0.0
2024-04-01,ETC,,0.35712017161499815,1,0.04721277853848046
2024-04-01,ETH,,-0.22429693449553575,-1,-0.08175906815083178
2024-04-01,FET,,-0.021838101649780752,0,-0.0021846811760365403
2024-04-01,FIL,,0.054506304476563974,0,0.0
2024-04-01,HBAR,,-0.028929804788566417,0,-0.0021088666566086017
2024-04-01,ICP,,-0.044015440695165525,0,0.0011724168786751404
2024-04-01,JST,,0.13383631159246898,0,0.003948893825673899
2024-04-01,JUP,,-0.9433926427633941,-1,-0.011648822752844155
2024-04-01,LINK,,0.05862995851401245,0,0.0
2024-04-01,LTC,,0.08786452553546928,0,0.0
2024-04-01,LUNC,,0.22415692022526748,1,0.0331898464030326
2024-04-01,NEAR,,-0.26624631804109544,-1,-0.022400920542793547
2024-04-01,NEXO,,0.6869582910505879,1,0.06442311741420804
2024-04-01,PEPE,,0.478557278716222,1,0.03378426968229806
2024-04-01,QNT,,-0.052777397064991426,0,0.0020413936390790803
2024-04-01,SHIB,,0.26621028845932654,1,0.043460667106906645
2024-04-01,SOL,,-0.5385837551492909,-1,-0.022827995952051965
2024-04-01,STX,,-0.3244497462669271,-1,-0.02711852028943986
2024-04-01,SUI,,0.009308503140686885,0,0.007498825728646158
2024-04-01,TRX,,0.13276531385529683,0,-0.0022790689187183744
2024-04-01,UNI,,-0.019505389061269144,0,0.0
2024-04-01,VET,,0.1450581974834754,0,0.0
2024-04-01,WLD,,-0.07483695795025991,0,0.0
2024-04-01,XLM,,-0.1083149377074299,0,0.0
2024-04-01,XRP,,-0.2384456478148672,-1,-0.07352235497666541
2024-04-01,ZEC,,0.1987468339166243,0,0.0013031219137280003
2024-04-08,AAVE,,0.011917425119642298,0,0.0
2024-04-08,ADA,,-0.04250695001059324,0,-0.01938837140952457
2024-04-08,ALGO,,-0.05488291444492544,0,0.0
2024-04-08,APT,,-0.3129050742498385,-1,-0.018650626643141717
2024-04-08,ARB,,0.05491053982322606,0,0.0
2024-04-08,ATOM,,-0.06446638356363518,0,-0.00041768915864082655
2024-04-08,AVAX,,0.03345712499131577,0,-0.006160058364124234
2024-04-08,BCH,,-0.7085925412810746,-1,-0.016362424286461806
2024-04-08,BNB,,0.5797196939362274,1,0.023623842925740837
2024-04-08,BONK,,-0.2276144872716814,-1,-0.015024315887448757
2024-04-08,BTC,,0.3741116727647843,1,0.004228825378817511
2024-04-08,CAKE,,-0.0857589988278604,0,0.0013637505292504958
2024-04-08,CHZ,,0.001864030194247285,0,0.01768513245574175
2024-04-08,DASH,,0.07440240855136807,0,0.014949624120413216
2024-04-08,DEXE,,-0.17720242607030212,0,0.007667199261522633
2024-04-08,DOGE,,-0.28002082819729074,-1,-0.021942023160314197
2024-04-08,DOT,,-0.0234987728569142,0,0.0
2024-04-08,ENA,,0.05624978199524595,0,0.0
2024-04-08,ETC,,0.10132799978995063,0,0.012223415005070362
2024-04-08,ETH,,0.22528387870780447,1,-0.0005769037205868022
2024-04-08,FET,,-0.11827166939801842,0,-0.0005656151892584479
2024-04-08,FIL,,-0.18469107098949616,-1,-0.02516384384351584
2024-04-08,HBAR,,0.003269444117439831,0,-0.0005459867673975665
2024-04-08,ICP,,-0.3914166558967355,-1,-0.01852036739106551
2024-04-08,JST,,0.12213326978956247,1,0.01799690382828123
2024-04-08,JUP,,-0.6195406345184266,-1,-0.019836608622179383
2024-04-08,LINK,,0.03128597318033152,0,0.0
2024-04-08,LTC,,-0.11139473955224188,0,0.0
2024-04-08,LUNC,,0.010430093450312936,0,0.008592869962274128
2024-04-08,NEAR,,0.16314232896069278,1,0.007043845304878969
2024-04-08,NEXO,,0.6178691546103674,1,0.04202765283279783
2024-04-08,PEPE,,-0.038540377817386715,0,0.008746766484700033
2024-04-08,QNT,,0.14544469413678646,1,0.016130950304430867
2024-04-08,SHIB,,0.08086612202689096,0,0.0112519912381761
2024-04-08,SOL,,0.044649441400166405,0,-0.0059101810334795495
2024-04-08,STX,,-0.4510787627681525,-1,-0.027489697244652035
2024-04-08,SUI,,-0.19295572408790648,-1,-0.022233707002524142
2024-04-08,TRX,,0.33970361262541654,1,0.024758419152166977
2024-04-08,UNI,,-0.1272500337846218,0,0.0
2024-04-08,VET,,0.8543773522132819,1,0.019194831132269222
2024-04-08,WLD,,-0.045452606848406824,0,0.0
2024-04-08,XLM,,0.11907770654069115,0,0.0
2024-04-08,XRP,,0.111619922811134,0,-0.01903497919101302
2024-04-08,ZEC,,0.10092798069862209,0,0.0003373789987961913
2024-04-15,AAVE,,0.01219937750155902,0,0.0
2024-04-15,ADA,,0.2066789758988542,1,0.021723884838772425
2024-04-15,ALGO,,0.11456303717172232,0,0.0
2024-04-15,APT,,0.02271033019824512,0,0.0
2024-04-15,ARB,,0.15040118478103723,0,0.0
2024-04-15,ATOM,,0.05853310199460077,0,0.0
2024-04-15,AVAX,,0.11570510661322989,0,0.0
2024-04-15,BCH,,-1.16326093603306,-1,-0.01763646670405533
2024-04-15,BNB,,0.5578775718198946,1,0.0417045231669509
2024-04-15,BONK,,-0.36197840220801913,-1,-0.016941313563400454
2024-04-15,BTC,,0.061610401252719736,0,0.0
2024-04-15,CAKE,,-0.07381890213158056,0,0.0
2024-04-15,CHZ,,0.037498448400449975,0,0.0
2024-04-15,DASH,,0.04225197017892126,0,0.0
2024-04-15,DEXE,,-0.1454127871094837,0,0.0
2024-04-15,DOGE,,-0.5717783369111179,-1,-0.02514740355200192
2024-04-15,DOT,,0.1716785331769902,0,0.0
2024-04-15,ENA,,0.06124748943494417,0,0.0
2024-04-15,ETC,,-0.005599432048466506,0,0.0
2024-04-15,ETH,,0.1260760864728515,0,0.0
2024-04-15,FET,,-0.09902100681627354,0,0.0
2024-04-15,FIL,,-0.17559949161213967,-1,-0.024842879635769484
2024-04-15,HBAR,,0.18146988588032423,0,0.0
2024-04-15,ICP,,-0.3019022953275232,-1,-0.02055431382209063
2024-04-15,JST,,-0.35684994229008354,-1,-0.049140158417625646
2024-04-15,JUP,,-0.8089472672970817,-1,-0.017814911340479345
2024-04-15,LINK,,0.17438329225793067,0,0.0
2024-04-15,LTC,,-0.1889622094849099,-1,-0.02887403775863873
2024-04-15,LUNC,,0.23677674203642643,1,0.0201334511235004
2024-04-15,NEAR,,0.33756190069738323,1,0.02033074619823902
2024-04-15,NEXO,,-0.17049956629352073,-1,-0.049140158417625646
2024-04-15,PEPE,,0.04876952185873626,0,0.0
2024-04-15,QNT,,0.2993629248060288,1,0.0401684978751973
2024-04-15,SHIB,,0.2335427862715796,1,0.01619954327212346
2024-04-15,SOL,,-0.10232753069302894,0,0.0
2024-04-15,STX,,0.22301242729240925,1,0.029965071627281764
2024-04-15,SUI,,-0.08084602161631148,0,0.0
2024-04-15,TAO,,0.027865092008380856,0,0.0
2024-04-15,TRX,,0.11978967245705471,0,0.0
2024-04-15,UNI,,-0.11519850493649968,0,0.0
2024-04-15,VET,,0.2008407777618862,0,0.0
2024-04-15,WLD,,0.13642882998969466,0,0.0
2024-04-15,XLM,,0.2374704938913145,1,0.02864331894037272
2024-04-15,XRP,,0.32236657947465597,1,0.03122260616924921
2024-04-15,ZEC,,0.2033300912292759,0,0.0
2024-04-22,AAVE,,0.021987095486453327,0,0.0
2024-04-22,ADA,,-0.12114600178537815,0,0.0
2024-04-22,ALGO,,0.13273832433357566,0,0.0
2024-04-22,APT,,-0.11058058117798894,0,0.0
2024-04-22,ARB,,0.12848530118386275,0,0.0
2024-04-22,ATOM,,-0.04916029521015136,0,0.0
2024-04-22,AVAX,,0.12994021844906598,0,0.0
2024-04-22,BCH,,0.06641376718330907,0,0.0
2024-04-22,BNB,,0.6844180139903888,1,0.037773442377283514
2024-04-22,BONK,,-0.9068082864063104,-1,-0.015563211576273396
2024-04-22,BTC,,-0.05087072525491883,0,0.0
2024-04-22,CAKE,,0.08292118086043739,0,0.0
2024-04-22,CHZ,,-0.1485084941762558,0,0.0
2024-04-22,DASH,,0.18633822102763647,1,0.02091950598306182
2024-04-22,DEXE,,-0.15603567338943525,0,0.0
2024-04-22,DOGE,,0.17250146546432196,0,0.0
2024-04-22,DOT,,0.03824534286641063,0,0.0
2024-04-22,ENA,,0.05729452569597218,0,0.0
2024-04-22,ETC,,0.2748534678274354,1,0.017720268565313675
2024-04-22,ETH,,0.4418235970130277,1,0.0347351637882954
2024-04-22,FET,,-0.24168161506138228,-1,-0.03881555656991594
2024-04-22,FIL,,-0.13142454693183866,0,0.0
2024-04-22,HBAR,,-0.16158998032924207,-1,-0.02700275686900837
2024-04-22,ICP,,-0.5733189863269607,-1,-0.02545718538159893
2024-04-22,JST,,0.11402908972164003,0,0.0
2024-04-22,JUP,,-0.10525900288763812,0,0.0
2024-04-22,LINK,,-0.162054032268781,-1,-0.03815286042774998
2024-04-22,LTC,,0.09209180958849725,0,0.0
2024-04-22,LUNC,,0.1158455332668722,0,0.0
2024-04-22,NEAR,,0.03778706630513555,0,0.0
2024-04-22,NEXO,,0.2507498906580719,1,0.037773442377283514
2024-04-22,PEPE,,-0.3867028109858934,-1,-0.02000439578524605
2024-04-22,QNT,,0.208714454467882,1,0.030596033931839663
2024-04-22,SHIB,,-0.37169351561053005,-1,-0.030089546848019965
2024-04-22,SOL,,0.12194291611641381,0,0.0
2024-04-22,STX,,-0.07600300057054388,0,0.0
2024-04-22,SUI,,-0.506340550705915,-1,-0.025636261113443817
2024-04-22,TAO,,0.02951005724088474,0,0.0
2024-04-22,TRX,,0.4429383577104942,1,0.02874397026261744
2024-04-22,UNI,,0.06905205020157762,0,0.0
2024-04-22,VET,,0.026558382294049127,0,0.0
2024-04-22,WLD,,-0.27298650125705165,-1,-0.029700505494459926
2024-04-22,XLM,,0.2374106121073507,1,0.024579741139739195
2024-04-22,XRP,,0.16775868661667756,0,0.0
2024-04-22,ZEC,,0.19981517265877352,1,0.017580711640282184
2024-04-29,AAVE,,-0.0046799677787743785,0,0.0
2024-04-29,ADA,,-0.08423797844124696,0,0.0
2024-04-29,ALGO,,0.1119374411845028,0,0.0
2024-04-29,APT,,-0.0017046237626432616,0,0.0
2024-04-29,ARB,,0.16648205346972714,0,0.0
2024-04-29,ATOM,,-0.1970863093403395,-1,-0.028117909118392934
2024-04-29,AVAX,,0.016009390956868496,0,0.0
2024-04-29,BCH,,0.28039803234925853,1,0.01882015272579985
2024-04-29,BNB,,0.3706895968584907,1,0.03795220612401788
2024-04-29,BONK,,-0.9702516273206847,-1,-0.01783957986686928
2024-04-29,BTC,,0.4154574569971293,1,0.03795220612401788
2024-04-29,CAKE,,0.11325381896082097,0,0.0
2024-04-29,CHZ,,-0.09991893898345289,0,0.0
2024-04-29,DASH,,0.21900824299758767,0,0.0
2024-04-29,DEXE,,0.03367277468050895,0,0.0
2024-04-29,DOGE,,0.12411860662398481,0,0.0
2024-04-29,DOT,,0.050132113865061195,0,0.0
2024-04-29,ENA,,-0.0015505143620760968,0,0.0
2024-04-29,ETC,,0.20718456968968277,0,0.0
2024-04-29,ETH,,0.1310289836967246,0,0.0
2024-04-29,FET,,-0.05851726274090635,0,0.0
2024-04-29,FIL,,-0.06124850070292707,0,0.0
2024-04-29,HBAR,,-0.2127156874385388,-1,-0.02912573688974351
2024-04-29,ICP,,-0.633564023459833,-1,-0.026922544514270112
2024-04-29,JST,,-0.07396990138973308,0,0.0
2024-04-29,JUP,,0.08401850571040924,0,0.0
2024-04-29,LINK,,-0.053855560571602824,0,0.0
2024-04-29,LTC,,-0.032356550796499746,0,0.0
2024-04-29,LUNC,,0.17006375766889326,0,0.0
2024-04-29,NEAR,,-0.025309391885448826,0,0.0
2024-04-29,NEXO,,0.6703331309325823,1,0.03795220612401788
2024-04-29,PEPE,,-0.3143934500358788,-1,-0.02113116946868355
2024-04-29,QNT,,0.28910426051899013,1,0.029981324374289384
2024-04-29,SHIB,,-0.34501852107723774,-1,-0.031500529298277805
2024-04-29,SOL,,0.25724641333209014,1,0.021024984921503235
2024-04-29,STX,,-0.09188961506674322,0,0.0
2024-04-29,SUI,,-0.6243421144576937,-1,-0.027446397822820497
2024-04-29,TAO,,0.028081834795181032,0,0.0
2024-04-29,TRX,,0.24980605027026861,1,0.029326254698842594
2024-04-29,UNI,,-0.013000981281288123,0,0.0
2024-04-29,VET,,-0.15045353534810793,-1,-0.04743888916647811
2024-04-29,WLD,,-0.6155396712702867,-1,-0.020674371319281896
2024-04-29,XLM,,0.19399203539470117,0,0.0
2024-04-29,XRP,,0.25791645083218484,1,0.020814269704520487
2024-04-29,ZEC,,0.22566920572629712,1,0.016373522667808508
2024-05-06,AAVE,,0.1521515413764074,0,0.0
2024-05-06,ADA,,0.06023396372822888,0,0.0
2024-05-06,ALGO,,0.034014993668970955,0,0.0
2024-05-06,APT,,0.09690684202576035,0,0.0
2024-05-06,ARB,,0.25225272223981415,0,0.0
2024-05-06,ATOM,,-0.3530072076666182,-1,-0.030084886448847572
2024-05-06,AVAX,,-0.18451822986619584,0,0.0
2024-05-06,BCH,,0.24110157175814792,0,0.0
2024-05-06,BNB,,0.42064481710219614,1,0.02847593417255911
2024-05-06,BONK,,-1.2052297918370705,-1,-0.017233451973306068
2024-05-06,BTC,,0.13303080318815286,0,0.0
2024-05-06,CAKE,,0.4253260461911016,1,0.02847593417255911
2024-05-06,CHZ,,0.4951426259704627,1,0.023953306692146962
2024-05-06,DASH,,0.31054927919773506,1,0.02847593417255911
2024-05-06,DEXE,,-0.06938396169291078,0,0.0
2024-05-06,DOGE,,-0.272061630484717,0,0.0
2024-05-06,DOT,,-0.1224561703784325,0,0.0
2024-05-06,ENA,,0.19987646648422863,0,0.0
2024-05-06,ETC,,0.3408360208172487,1,0.02847593417255911
2024-05-06,ETH,,-0.06358355488458817,0,0.0
2024-05-06,FET,,-0.2823633902534213,0,0.0
2024-05-06,FIL,,0.06824258974287144,0,0.0
2024-05-06,HBAR,,-0.10871149805844989,0,0.0
2024-05-06,ICP,,-0.65653928726152,-1,-0.024845347851211046
2024-05-06,JST,,0.09419783172050199,0,0.0
2024-05-06,JUP,,0.16880615461518989,0,0.0
2024-05-06,LINK,,-0.009475235169197408,0,0.0
2024-05-06,LTC,,0.37453867923863204,1,0.02847593417255911
2024-05-06,LUNC,,0.1542498331693971,0,0.0
2024-05-06,NEAR,,-0.2937326977805365,-1,-0.0350766914040198
2024-05-06,NEXO,,0.20588555797974856,0,0.0
2024-05-06,PEPE,,0.07315441564312725,0,0.0
2024-05-06,QNT,,0.16653189808381053,0,0.0
2024-05-06,SHIB,,-0.5085521485716722,-1,-0.027556859359542395
2024-05-06,SOL,,0.3094928238046953,1,0.026993471135565956
2024-05-06,STX,,-0.1388604932253187,0,0.0
2024-05-06,SUI,,-0.5225849526979035,-1,-0.02630289257950963
2024-05-06,TAO,,-0.5079202686959572,-1,-0.02487109713931735
2024-05-06,TRX,,0.34548172537947225,1,0.02847593417255911
2024-05-06,UNI,,0.3035278665333675,0,0.0
2024-05-06,VET,,-0.29302071142199454,-1,-0.04334599982614361
2024-05-06,WLD,,-0.578528584755214,-1,-0.02096109045372919
2024-05-06,XLM,,0.1321194895169655,0,0.0
2024-05-06,XRP,,0.15867931757312922,0,0.0
2024-05-06,ZEC,,0.4535539379523624,1,0.02847593417255911
2024-05-13,AAVE,,0.32768552582356575,1,0.02870841732986686
2024-05-13,ADA,,0.25442489386255346,0,0.0
2024-05-13,ALGO,,0.046322575462359114,0,0.0
2024-05-13,APT,,0.07684243061990698,0,0.0
2024-05-13,ARB,,0.17907043729709066,0,0.0
2024-05-13,ATOM,,-0.5460270993412143,-1,-0.030412299047929105
2024-05-13,AVAX,,-0.2030379289614902,0,0.0
2024-05-13,BCH,,0.018364006848379587,0,0.0
2024-05-13,BNB,,-0.01694306880991667,0,0.0
2024-05-13,BONK,,-0.6228781486298229,-1,-0.02174081608500356
2024-05-13,BTC,,0.1500827364643734,0,0.0
2024-05-13,CAKE,,0.5100611147421666,1,0.02870841732986686
2024-05-13,CHZ,,-0.2633559365304045,-1,-0.03831737198633081
2024-05-13,DASH,,0.4533565181667044,1,0.02870841732986686
2024-05-13,DEXE,,-0.06467496485591272,0,0.0
2024-05-13,DOGE,,-0.29051222167770635,-1,-0.030218364729449967
2024-05-13,DOT,,-0.10270565843983955,0,0.0
2024-05-13,ENA,,-0.2750487442608595,-1,-0.032777613141679804
2024-05-13,ETC,,0.5532642883329768,1,0.02870841732986686
2024-05-13,ETH,,0.10350098857362414,0,0.0
2024-05-13,FET,,-0.2675970333883778,-1,-0.03412787695215013
2024-05-13,FIL,,0.07072611644061753,0,0.0
2024-05-13,HBAR,,-0.24641202418646974,0,0.0
2024-05-13,ICP,,0.07375091671364667,0,0.0
2024-05-13,JST,,-0.10525210569255583,0,0.0
2024-05-13,JUP,,0.019330878519354548,0,0.0
2024-05-13,LINK,,-0.5917144122961893,-1,-0.022691468771943852
2024-05-13,LTC,,0.7192710643805443,1,0.02870841732986686
2024-05-13,LUNC,,0.06926052915590808,0,0.0
2024-05-13,NEAR,,-0.08171756467072731,0,0.0
2024-05-13,NEXO,,0.28936872759751764,1,0.02870841732986686
2024-05-13,PEPE,,-0.17713666251511984,0,0.0
2024-05-13,QNT,,0.2475605150554396,0,0.0
2024-05-13,SHIB,,0.10224737575784608,0,0.0
2024-05-13,SOL,,-0.24447425253472996,0,0.0
2024-05-13,STX,,0.033187312255694774,0,0.0
2024-05-13,SUI,,0.2523823760840745,0,0.0
2024-05-13,TAO,,-0.4939079493372127,-1,-0.02547096153350435
2024-05-13,TRX,,-0.19200452578039962,0,0.0
2024-05-13,UNI,,0.388112020128577,1,0.02222620809863716
2024-05-13,VET,,0.12899686957692758,0,0.0
2024-05-13,WLD,,-1.3970221694136116,-1,-0.01613677448958047
2024-05-13,XLM,,0.2867867780167236,1,0.02870841732986686
2024-05-13,XRP,,0.2242977862850425,0,0.0
2024-05-13,ZEC,,0.6041676891609493,1,0.02870841732986686
2024-05-20,AAVE,,-0.2610229172276674,0,0.0
2024-05-20,ADA,,0.16762028195751308,0,0.0
2024-05-20,ALGO,,0.21943573124645865,0,0.0
2024-05-20,APT,,0.23180166177281025,0,0.0
2024-05-20,ARB,,-0.1287809234153621,0,0.0
2024-05-20,ATOM,,-0.14761707273791788,0,0.0
2024-05-20,AVAX,,0.09669852404309945,0,0.0
2024-05-20,BCH,,0.08661758173742318,0,0.0
2024-05-20,BNB,,0.21718622884757477,0,0.0
2024-05-20,BONK,,-0.3780665595586034,-1,-0.02086626687207984
2024-05-20,BTC,,0.15403241031873582,0,0.0
2024-05-20,CAKE,,0.3867241753655593,1,0.02063995527888045
2024-05-20,CHZ,,-0.024316524562915658,0,0.0
2024-05-20,DASH,,0.4864087868654546,1,0.03317278642402688
2024-05-20,DEXE,,-0.012843573370065944,0,0.0
2024-05-20,DOGE,,0.04627461936699499,0,0.0
2024-05-20,DOT,,0.18787230218428294,0,0.0
2024-05-20,ENA,,-0.52910092209821,-1,-0.022475518851448727
2024-05-20,ETC,,0.2513669913572891,0,0.0
2024-05-20,ETH,,-0.33393718512666676,-1,-0.029539511598330025
2024-05-20,FET,,0.04044797872961644,0,0.0
2024-05-20,FIL,,0.32958815688061444,1,0.0253394999576831
2024-05-20,HBAR,,0.029068897681713196,0,0.0
2024-05-20,ICP,,0.046105641745518566,0,0.0
2024-05-20,JST,,-0.44888321436613093,-1,-0.05001073369795763
2024-05-20,JUP,,0.09997102377674177,0,0.0
2024-05-20,LINK,,-0.20226547224134453,0,0.0
2024-05-20,LTC,,0.520234599422534,1,0.03317278642402688
2024-05-20,LUNC,,0.3314367207855213,1,0.023276163843338592
2024-05-20,NEAR,,-0.02078147954133145,0,0.0
2024-05-20,NEXO,,0.30673935166418426,1,0.02568770765225358
2024-05-20,PEPE,,-1.531423266932385,-1,-0.012266136229426924
2024-05-20,QNT,,0.1141779488835714,0,0.0
2024-05-20,SHIB,,0.23481605023169871,0,0.0
2024-05-20,SOL,,-0.22302305458664182,0,0.0
2024-05-20,STX,,0.13165587684936142,0,0.0
2024-05-20,SUI,,0.28959453544479274,0,0.0
2024-05-20,TAO,,-0.3157401249469767,-1,-0.025064838126288038
2024-05-20,TRX,,-0.3128766381037437,-1,-0.05001073369795763
2024-05-20,UNI,,-0.7316754190779233,-1,-0.01721329542516436
2024-05-20,VET,,0.19562716021163468,0,0.0
2024-05-20,WLD,,-0.6709122891258461,-1,-0.02336761825710589
2024-05-20,XLM,,0.34782116112972955,1,0.03317278642402688
2024-05-20,XRP,,0.3311271082506782,1,0.03317278642402688
2024-05-20,ZEC,,0.39281513026862636,1,0.02318018032749583
2024-05-27,AAVE,,-0.2620318932844682,-1,-0.03598119801361001
2024-05-27,ADA,,0.05774714102693015,0,0.0
2024-05-27,ALGO,,0.1386967694499239,0,0.0
2024-05-27,APT,,0.17813710865629953,0,0.0
2024-05-27,ARB,,-0.16863114583842256,0,0.0
2024-05-27,ATOM,,0.22585425814155569,0,0.0
2024-05-27,AVAX,,0.10066882570169398,0,0.0
2024-05-27,BCH,,0.04457712786017249,0,0.0
2024-05-27,BNB,,-0.019854700637166614,0,0.0
2024-05-27,BONK,,-0.1964768819908903,0,0.0
2024-05-27,BTC,,-0.29222558314748953,-1,-0.07963885507045013
2024-05-27,CAKE,,0.14371313827441515,0,0.0
2024-05-27,CHZ,,0.08926372918022107,0,0.0
2024-05-27,DASH,,0.3099618855882042,1,0.05499721612271356
2024-05-27,DEXE,,0.44184438533487524,1,0.04876949999396088
2024-05-27,DOGE,,-0.003315866120978214,0,0.0
2024-05-27,DOT,,0.004097363962991851,0,0.0
2024-05-27,ENA,,-0.20917028724659048,-1,-0.03319693868376062
2024-05-27,ETC,,-0.10928131543493944,0,0.0
2024-05-27,ETH,,-0.5634192684523788,-1,-0.04408480265908896
2024-05-27,FET,,0.13102240093380713,0,0.0
2024-05-27,FIL,,0.3041617051750267,1,0.04673226812470048
2024-05-27,HBAR,,0.023840085933261933,0,0.0
2024-05-27,ICP,,0.15891449791686088,0,0.0
2024-05-27,JST,,-0.9877404587429209,-1,-0.07963885507045013
2024-05-27,JUP,,0.18034984676304247,0,0.0
2024-05-27,LINK,,-0.21177820835704314,-1,-0.05166852887984479
2024-05-27,LTC,,0.2485572173666941,1,0.05499721612271356
2024-05-27,LUNC,,0.5307604222334452,1,0.04176269139272477
2024-05-27,NEAR,,-0.09059265275873382,0,0.0
2024-05-27,NEXO,,0.11197486121514356,0,0.0
2024-05-27,PEPE,,-0.9053005494716398,-1,-0.015713450917019978
2024-05-27,QNT,,0.2695630410372419,1,0.05499721612271356
2024-05-27,SHIB,,0.3591604045334635,1,0.03916851437550792
2024-05-27,SOL,,-0.23334674010152817,-1,-0.058395511195213384
2024-05-27,STX,,0.12137511402312645,0,0.0
2024-05-27,SUI,,0.329718335690062,1,0.05499721612271356
2024-05-27,TAO,,-0.18350077113106897,0,0.0
2024-05-27,TRX,,-0.05412012748239191,0,0.0
2024-05-27,UNI,,-0.7477865462170109,-1,-0.021998201044364868
2024-05-27,VET,,0.05298179081873376,0,0.0
2024-05-27,WLD,,0.33416698145757556,1,0.02389450315605452
2024-05-27,XLM,,0.08076919126586778,0,0.0
2024-05-27,XRP,,0.08542439435646082,0,0.0
2024-05-27,ZEC,,0.1812709725185647,0,0.0
2024-06-03,AAVE,,-0.4934629422416163,-1,-0.03415004234882951
2024-06-03,ADA,,0.2021128528843273,0,0.0
2024-06-03,ALGO,,0.09633175243917948,0,0.0
2024-06-03,APT,,0.1455386105394972,0,0.0
2024-06-03,ARB,,-0.29542218264388403,-1,-0.03773249895213406
2024-06-03,ATOM,,0.17611445082894436,0,0.0
2024-06-03,AVAX,,0.15491158767366375,0,0.0
2024-06-03,BCH,,0.16843129932443854,0,0.0
2024-06-03,BNB,,0.18514209865995346,0,0.0
2024-06-03,BONK,,-0.4284592219541621,-1,-0.028564640832178606
2024-06-03,BTC,,0.07613252610492632,0,0.0
2024-06-03,CAKE,,0.17546807348669166,0,0.0
2024-06-03,CHZ,,-0.1544116983484217,0,0.0
2024-06-03,DASH,,0.16942281444632462,0,0.0
2024-06-03,DEXE,,0.4729902921157953,1,0.04061814277582281
2024-06-03,DOGE,,0.05862407308393477,0,0.0
2024-06-03,DOT,,0.006264371685591738,0,0.0
2024-06-03,ENA,,-0.2870793264530974,-1,-0.029971604563954445
2024-06-03,ETC,,-0.145324289819949,0,0.0
2024-06-03,ETH,,-0.42250407126148487,-1,-0.047057916884361776
2024-06-03,FET,,0.12381052859902687,0,0.0
2024-06-03,FIL,,0.510303967085743,1,0.04061814277582281
2024-06-03,HBAR,,0.05438184699201834,0,0.0
2024-06-03,ICP,,0.13886481639581852,0,0.0
2024-06-03,JST,,-0.8545608983999543,-1,-0.060065247302544915
2024-06-03,JUP,,0.2478088122988134,1,0.026226923850780282
2024-06-03,LINK,,-0.32205513821380366,-1,-0.04442681777956742
2024-06-03,LTC,,0.12313190703268312,0,0.0
2024-06-03,LUNC,,0.2764136243252844,1,0.03235741811167787
2024-06-03,NEAR,,-0.09129202559881129,0,0.0
2024-06-03,NEXO,,0.2677255647341632,1,0.03734356631633965
2024-06-03,PEPE,,-1.509645715462667,-1,-0.01422712024141741
2024-06-03,QNT,,0.2028462163436988,0,0.0
2024-06-03,SHIB,,0.327019736345378,1,0.04061814277582281
2024-06-03,SOL,,-0.12378030086535081,0,0.0
2024-06-03,STX,,-0.015322325312015559,0,0.0
2024-06-03,SUI,,0.5527328229587994,1,0.04061814277582281
2024-06-03,TAO,,0.0031240339415763594,0,0.0
2024-06-03,TRX,,0.32234979521956375,1,0.04061814277582281
2024-06-03,UNI,,-0.8170469154633228,-1,-0.02261435270014014
2024-06-03,VET,,0.17363819202000136,0,0.0
2024-06-03,WLD,,0.3639614588134906,1,0.019791619447216427
2024-06-03,XLM,,0.07637762357134031,0,0.0
2024-06-03,XRP,,0.14156293369908005,0,0.0
2024-06-03,ZEC,,-0.033171631611203026,0,0.0
2024-06-10,AAVE,,-0.5380731318333319,-1,-0.027805748863920975
2024-06-10,ADA,,0.17974670829178097,0,0.0
2024-06-10,ALGO,,0.08165193119858434,0,0.0
2024-06-10,APT,,0.10028478735620286,0,0.0
2024-06-10,ARB,,-0.257312774941242,-1,-0.03215129326700489
2024-06-10,ATOM,,0.13992670340129398,0,0.0
2024-06-10,AVAX,,0.2079158720053559,0,0.0
2024-06-10,BCH,,0.22820178002430339,1,0.02659862242716716
2024-06-10,BNB,,0.07368354917485255,0,0.0
2024-06-10,BONK,,-0.595887578985792,-1,-0.022828463463524875
2024-06-10,BTC,,0.18399939835263038,0,0.0
2024-06-10,CAKE,,0.11604725588695285,0,0.0
2024-06-10,CHZ,,-0.24167871593042503,0,0.0
2024-06-10,DASH,,0.25672230019689124,1,0.030954037369549294
2024-06-10,DEXE,,0.3407776355209976,1,0.02882115687705509
2024-06-10,DOGE,,0.0999770598233194,0,0.0
2024-06-10,DOT,,0.1740346855843923,0,0.0
2024-06-10,ENA,,-0.2861408415969578,-1,-0.028120925214037355
2024-06-10,ETC,,-0.07039896637695896,0,0.0
2024-06-10,ETH,,-0.2973580153073919,-1,-0.03830605092762323
2024-06-10,FET,,0.09783994160276897,0,0.0
2024-06-10,FIL,,0.1306828051626106,0,0.0
2024-06-10,HBAR,,-0.06842714813142053,0,0.0
2024-06-10,ICP,,0.1410406464297818,0,0.0
2024-06-10,JST,,-0.32264763489576753,-1,-0.04971487123463162
2024-06-10,JUP,,0.03242796910556716,0,0.0
2024-06-10,LINK,,0.05733737030264754,0,0.0
2024-06-10,LTC,,0.2570845725283517,1,0.030954037369549294
2024-06-10,LUNC,,0.2601497574395854,1,0.023064367829526616
2024-06-10,NEAR,,0.1163705939297698,0,0.0
2024-06-10,NEXO,,0.15318311105028862,0,0.0
2024-06-10,PEPE,,-1.815833409432262,-1,-0.01208255748774931
2024-06-10,QNT,,0.10252040066591456,0,0.0
2024-06-10,SHIB,,0.22260326599515784,1,0.026058260429913015
2024-06-10,SOL,,0.21675447933697276,0,0.0
2024-06-10,STX,,-0.29656977070936663,-1,-0.029048449885142425
2024-06-10,SUI,,0.17157716699323267,0,0.0
2024-06-10,TAO,,-0.1465190527004047,0,0.0
2024-06-10,TRX,,0.49104396282393137,1,0.030954037369549294
2024-06-10,UNI,,-0.7197415188498879,-1,-0.019254234067773695
2024-06-10,VET,,0.17682895397743034,0,0.0
2024-06-10,WLD,,0.18738980436689753,0,0.0
2024-06-10,XLM,,0.3235663850293837,1,0.030954037369549294
2024-06-10,XRP,,0.30975485191516405,1,0.030954037369549294
2024-06-10,ZEC,,0.02546285421820044,0,0.0
2024-06-17,AAVE,,0.0973740093963842,0,0.0
2024-06-17,ADA,,0.1096123369129941,0,0.0
2024-06-17,ALGO,,0.12205009199783746,0,0.0
2024-06-17,APT,,0.1111145627303852,0,0.0
2024-06-17,ARB,,0.2365775982783475,1,0.030821093849898982
2024-06-17,ATOM,,0.13652594166161483,0,0.0
2024-06-17,AVAX,,0.18963651756362218,0,0.0
2024-06-17,BCH,,-0.05615388038880824,0,0.0
2024-06-17,BNB,,-0.38574523693733337,-1,-0.035312522977689595
2024-06-17,BONK,,0.24037171599796459,1,0.025045054124536777
2024-06-17,BTC,,0.027224605239350958,0,0.0
2024-06-17,CAKE,,-0.04500784069254673,0,0.0
2024-06-17,CHZ,,-0.5389743915606489,-1,-0.022528671149651097
2024-06-17,DASH,,0.2028605217347728,1,0.030821093849898982
2024-06-17,DEXE,,-0.188636568931768,-1,-0.03755208450991211
2024-06-17,DOGE,,0.0980898237833618,0,0.0
2024-06-17,DOT,,0.1584902202790119,0,0.0
2024-06-17,ENA,,-0.08404819405829075,0,0.0
2024-06-17,ETC,,0.07202013307108186,0,0.0
2024-06-17,ETH,,0.1559955391151071,0,0.0
2024-06-17,FET,,0.3570369905043107,1,0.02596276517660525
2024-06-17,FIL,,-0.3578233521197437,-1,-0.02874345838830932
2024-06-17,HBAR,,0.08732251012298752,0,0.0
2024-06-17,ICP,,0.0290704943024701,0,0.0
2024-06-17,JST,,-0.16286971508867332,0,0.0
2024-06-17,JUP,,0.20712506249845428,1,0.020323185866789086
2024-06-17,LINK,,-0.26972238491692,-1,-0.037646743315505014
2024-06-17,LTC,,0.1800900838873144,0,0.0
2024-06-17,LUNC,,-0.3382696127217379,-1,-0.0230450093199481
2024-06-17,NEAR,,0.3064648429487978,1,0.030821093849898982
2024-06-17,NEXO,,0.010647030650913,0,0.0
2024-06-17,PEPE,,0.36737458569460685,1,0.030821093849898982
2024-06-17,QNT,,0.1314774347865314,0,0.0
2024-06-17,SHIB,,-0.0022610547293737066,0,0.0
2024-06-17,SOL,,0.025556213549860818,0,0.0
2024-06-17,STX,,-1.4169526155887677,-1,-0.016705136722273802
2024-06-17,SUI,,-0.22501732697259993,-1,-0.0377083331451921
2024-06-17,TAO,,0.2967608281152448,1,0.030821093849898982
2024-06-17,TRX,,0.983812796378656,1,0.030821093849898982
2024-06-17,UNI,,-1.19839372188124,-1,-0.017015608738843852
2024-06-17,VET,,0.1549665332329071,0,0.0
2024-06-17,WLD,,-0.1667265852458485,0,0.0
2024-06-17,XLM,,0.15724971088351308,0,0.0
2024-06-17,XRP,,0.09467030698249863,0,0.0
2024-06-17,ZEC,,0.0890334395333957,0,0.0
2024-06-24,AAVE,,-0.7439482948111076,-1,-0.02727294459863326
2024-06-24,ADA,,0.26697006735466194,0,0.0
2024-06-24,ALGO,,-0.14925911621820542,0,0.0
2024-06-24,APT,,0.10887649708123369,0,0.0
2024-06-24,ARB,,0.16191333420962042,0,0.0
2024-06-24,ATOM,,0.37301523381649837,1,0.0289104244022963
2024-06-24,AVAX,,-0.6004721934860092,-1,-0.027047121543718605
2024-06-24,BCH,,0.10369024886649046,0,0.0
2024-06-24,BNB,,-0.30277528098809076,-1,-0.04039790386830345
2024-06-24,BONK,,-0.4775610137965293,-1,-0.02664931157248845
2024-06-24,BTC,,0.1721004094155328,0,0.0
2024-06-24,CAKE,,0.06803443975721386,0,0.0
2024-06-24,CHZ,,-0.11688232710147556,0,0.0
2024-06-24,DASH,,0.17980353566220045,0,0.0
2024-06-24,DEXE,,0.14393308779604816,0,0.0
2024-06-24,DOGE,,0.3147594482824339,1,0.027129793798582907
2024-06-24,DOT,,-0.09182690634197302,0,0.0
2024-06-24,ENA,,0.23106839598793869,0,0.0
2024-06-24,ETC,,0.18660099570416014,0,0.0
2024-06-24,ETH,,0.41572256166838706,1,0.0289104244022963
2024-06-24,FET,,0.1587497264968068,0,0.0
2024-06-24,FIL,,-0.2588469474676702,0,0.0
2024-06-24,HBAR,,0.2780047731233316,1,0.028319323539784065
2024-06-24,ICP,,0.03468035899554156,0,0.0
2024-06-24,JST,,0.15985322569863786,0,0.0
2024-06-24,JUP,,-0.3102375810584228,-1,-0.029356769755246523
2024-06-24,LINK,,-0.10615509423490677,0,0.0
2024-06-24,LTC,,0.3689259848247093,1,0.0289104244022963
2024-06-24,LUNC,,-0.4665993749733419,-1,-0.024677224819346692
2024-06-24,NEAR,,0.2594551149146188,0,0.0
2024-06-24,NEXO,,0.15940734050987151,0,0.0
2024-06-24,PEPE,,-0.010292727464912013,0,0.0
2024-06-24,QNT,,0.22698918684570646,0,0.0
2024-06-24,SHIB,,0.2763687100541798,0,0.0
2024-06-24,SOL,,-0.38465032593394055,-1,-0.032046152989284524
2024-06-24,STX,,-1.412351455164629,-1,-0.019678690129328033
2024-06-24,SUI,,-0.27028124515876484,0,0.0
2024-06-24,TAO,,0.3503811054939001,1,0.021606521890299546
2024-06-24,TRX,,1.0756912775710774,1,0.0289104244022963
2024-06-24,UNI,,-1.199287383540935,-1,-0.022987909796335637
2024-06-24,VET,,-0.019802343776635277,0,0.0
2024-06-24,WLD,,0.17787330146533378,0,0.0
2024-06-24,XLM,,0.2819602565202431,1,0.028506267832537152
2024-06-24,XRP,,0.40606896943320436,1,0.0289104244022963
2024-06-24,ZEC,,-0.01966797603203076,0,0.0
2024-07-01,AAVE,,-1.0248947908902188,-1,-0.024835345428558975
2024-07-01,ADA,,0.21577278250625812,0,0.0
2024-07-01,ALGO,,-0.14947118459975417,0,0.0
2024-07-01,APT,,-0.08992837100503749,0,0.0
2024-07-01,ARB,,0.0705837479586298,0,0.0
2024-07-01,ATOM,,0.246940502971028,1,0.026221374124938187
2024-07-01,AVAX,,-0.6227363009864594,-1,-0.02803002865927013
2024-07-01,BCH,,-0.004100206111576762,0,0.0
2024-07-01,BNB,,0.18852710379582024,0,0.0
2024-07-01,BONK,,-0.3195551574017229,-1,-0.029157012079266735
2024-07-01,BTC,,0.2556815574957271,1,0.031314996649118396
2024-07-01,CAKE,,0.24598503594346763,0,0.0
2024-07-01,CHZ,,0.06616745481185166,0,0.0
2024-07-01,DASH,,0.1263516785679961,0,0.0
2024-07-01,DEXE,,-0.19235271429071502,0,0.0
2024-07-01,DOGE,,0.16529326700430258,0,0.0
2024-07-01,DOT,,0.07076735087778022,0,0.0
2024-07-01,ENA,,0.13866252046335809,0,0.0
2024-07-01,ETC,,0.018966333130228042,0,0.0
2024-07-01,ETH,,0.19427160290746762,0,0.0
2024-07-01,FET,,-0.035280709553365784,0,0.0
2024-07-01,FIL,,-0.0957030553300084,0,0.0
2024-07-01,HBAR,,0.19858488641127905,0,0.0
2024-07-01,ICP,,0.07313740745188296,0,0.0
2024-07-01,JST,,0.11777287165122999,0,0.0
2024-07-01,JUP,,-0.3362826030200091,-1,-0.029867524449413426
2024-07-01,LINK,,-0.14362018326659756,0,0.0
2024-07-01,LTC,,0.04610829972853776,0,0.0
2024-07-01,LUNC,,-0.44068539577751886,-1,-0.025535269756347
2024-07-01,NEAR,,0.10698408573615022,0,0.0
2024-07-01,NEXO,,0.24638933624979154,1,0.022958766346614506
2024-07-01,PEPE,,-0.4686462636329809,-1,-0.026099399113152334
2024-07-01,QNT,,0.20715282134522245,0,0.0
2024-07-01,SHIB,,0.5062870322779278,1,0.025631116674113722
2024-07-01,SOL,,-0.3677968624434239,-1,-0.03332107572430256
2024-07-01,STX,,-0.38460634923727693,-1,-0.030911416232349023
2024-07-01,SUI,,0.31269128690296494,1,0.023509006023516757
2024-07-01,TAO,,0.15726372460303978,0,0.0
2024-07-01,TRX,,0.9630691562653679,1,0.031314996649118396
2024-07-01,UNI,,-1.1984835861792111,-1,-0.022433839168156097
2024-07-01,VET,,-0.10411618404093205,0,0.0
2024-07-01,WLD,,0.2980827642066701,1,0.031314996649118396
2024-07-01,XLM,,0.36194983988819285,1,0.027873547488879775
2024-07-01,XRP,,0.3251071923877646,1,0.03005211000539812
2024-07-01,ZEC,,0.05370827422687469,0,0.0
2024-07-08,AAVE,,-0.7477163276168989,-1,-0.024654499345768386
2024-07-08,ADA,,-0.0991042230761906,0,0.0
2024-07-08,ALGO,,-0.08845141640725739,0,0.0
2024-07-08,APT,,-0.15141102177219254,0,0.0
2024-07-08,ARB,,0.1292825468282138,0,0.0
2024-07-08,ATOM,,0.3882715361889892,1,0.026545058004354177
2024-07-08,AVAX,,-0.21755659644247496,-1,-0.03923815888044441
2024-07-08,BCH,,-0.14932051180332687,0,0.0
2024-07-08,BNB,,0.2835319892566395,0,0.0
2024-07-08,BONK,,0.12154350161122668,0,0.0
2024-07-08,BTC,,0.4139956875776678,1,0.029543297572936764
2024-07-08,CAKE,,0.16677828747385934,0,0.0
2024-07-08,CHZ,,0.0959152154965571,0,0.0
2024-07-08,DASH,,-0.034794932852799075,0,0.0
2024-07-08,DEXE,,-0.1614803177974769,-1,-0.03199932261826969
2024-07-08,DOGE,,0.24277167943554426,0,0.0
2024-07-08,DOT,,0.3692865852321461,1,0.024508836551356484
2024-07-08,ENA,,0.02445356131273462,0,0.0
2024-07-08,ETC,,0.09688503878734299,0,0.0
2024-07-08,ETH,,0.2962188344037802,1,0.023151023273948725
2024-07-08,FET,,0.10567107054456587,0,0.0
2024-07-08,FIL,,-0.15907289238752823,0,0.0
2024-07-08,HBAR,,0.21638571023715428,0,0.0
2024-07-08,ICP,,-0.2853636493764013,-1,-0.030342639803745765
2024-07-08,JST,,0.43584875032900006,1,0.03517350908867555
2024-07-08,JUP,,-0.14926544517303392,0,0.0
2024-07-08,LINK,,0.16031884936123986,0,0.0
2024-07-08,LTC,,0.15369113687180877,0,0.0
2024-07-08,LUNC,,-0.0619742697582983,0,0.0
2024-07-08,NEAR,,-0.11305816363743276,0,0.0
2024-07-08,NEXO,,0.15074802717074365,0,0.0
2024-07-08,PEPE,,-0.03274988656154161,0,0.0
2024-07-08,QNT,,0.4054029928235828,1,0.02578382067943787
2024-07-08,SHIB,,0.317765055553636,1,0.01898607347738284
2024-07-08,SOL,,0.057905213067179155,0,0.0
2024-07-08,STX,,-0.7226247072503907,-1,-0.024193909134834417
2024-07-08,SUI,,-0.36193152023377806,-1,-0.02919809810700224
2024-07-08,TAO,,-0.39088427095046546,-1,-0.028479860025450596
2024-07-08,TRX,,1.277710349778754,1,0.041328453341218194
2024-07-08,UNI,,0.18173734338404846,0,0.0
2024-07-08,VET,,-0.8246015724870513,-1,-0.023850754326723247
2024-07-08,WLD,,0.3014316705134411,1,0.02508125568509804
2024-07-08,XLM,,-0.04014083762464407,0,0.0
2024-07-08,XRP,,-0.028115707696875825,0,0.0
2024-07-08,ZEC,,-1.5739323623338028,-1,-0.018144085432169953
2024-07-15,AAVE,,-1.066009914283003,-1,-0.02773117923304257
2024-07-15,ADA,,-0.17873700061213046,0,0.0
2024-07-15,ALGO,,0.056206538929015,0,0.0
2024-07-15,APT,,0.037814942768195844,0,0.0
2024-07-15,ARB,,0.30551902613694243,0,0.0
2024-07-15,ATOM,,0.4088260411911484,1,0.02903492890293794
2024-07-15,AVAX,,0.04543387890180957,0,0.0
2024-07-15,BCH,,-0.10536878976564115,0,0.0
2024-07-15,BNB,,0.34340459184134714,1,0.02217666318968009
2024-07-15,BONK,,0.2235877427576511,0,0.0
2024-07-15,BTC,,0.40655313822751776,1,0.026653405584563816
2024-07-15,CAKE,,0.25051714796306324,0,0.0
2024-07-15,CHZ,,0.47217465494380856,1,0.022996094412303398
2024-07-15,DASH,,-0.052605646043603724,0,0.0
2024-07-15,DEXE,,-0.15258780807218025,0,0.0
2024-07-15,DOGE,,0.1283501354880737,0,0.0
2024-07-15,DOT,,0.4754577270141229,1,0.040753053416444855
2024-07-15,ENA,,-0.22697917256424505,-1,-0.030622687777608213
2024-07-15,ETC,,0.18139981060381843,0,0.0
2024-07-15,ETH,,0.34092289447039026,1,0.02387469986339469
2024-07-15,FET,,0.01778236428538716,0,0.0
2024-07-15,FIL,,0.0933365764084829,0,0.0
2024-07-15,HBAR,,0.22910961627580767,0,0.0
2024-07-15,ICP,,0.048245650942400305,0,0.0
2024-07-15,JST,,0.18317543581036233,0,0.0
2024-07-15,JUP,,-0.008764378333699776,0,0.0
2024-07-15,LINK,,0.38489423153177843,1,0.024502997602202304
2024-07-15,LTC,,0.16002939862208862,0,0.0
2024-07-15,LUNC,,0.27584151166011117,0,0.0
2024-07-15,NEAR,,-0.00038483361354894365,0,0.0
2024-07-15,NEXO,,0.21786980971670214,0,0.0
2024-07-15,PEPE,,-0.5564303108823265,-1,-0.024962933500876746
2024-07-15,QNT,,0.4628032654122189,1,0.03502444856819645
2024-07-15,SHIB,,0.43163566177318496,1,0.027764106810694824
2024-07-15,SOL,,0.2822624109344519,0,0.0
2024-07-15,STX,,-0.49431042916171103,-1,-0.02975522662331667
2024-07-15,SUI,,-0.39759838344937504,-1,-0.03295982811904945
2024-07-15,TAO,,-0.2583640183259161,-1,-0.028910303048510513
2024-07-15,TRX,,0.3058758943831607,0,0.0
2024-07-15,UNI,,0.08348119844884831,0,0.0
2024-07-15,VET,,-0.8986653586282505,-1,-0.029926457546427095
2024-07-15,WLD,,-0.8197891605185986,-1,-0.024826908649544954
2024-07-15,XLM,,-0.21560039667491288,0,0.0
2024-07-15,XRP,,-0.015343070519958129,0,0.0
2024-07-15,ZEC,,-1.404972625992791,-1,-0.023084873852042186
2024-07-22,AAVE,,-0.5509096686322213,-1,-0.030337881360232914
2024-07-22,ADA,,-0.2847694851107366,0,0.0
2024-07-22,ALGO,,-0.19732908267528756,0,0.0
2024-07-22,APT,,-0.013033115918643787,0,0.0
2024-07-22,ARB,,0.1614940059198657,0,0.0
2024-07-22,ATOM,,0.49438242930939147,1,0.02833892942102867
2024-07-22,AVAX,,-0.24185267488218437,0,0.0
2024-07-22,BCH,,0.2717273865857269,0,0.0
2024-07-22,BNB,,0.4441358635231983,1,0.02173587951077474
2024-07-22,BONK,,-0.41110781954563336,-1,-0.030999918349703722
2024-07-22,BTC,,0.582171461264904,1,0.02680569043323513
2024-07-22,CAKE,,0.3237864330559412,1,0.0188161485341461
2024-07-22,CHZ,,0.37038933694784215,1,0.021263829616980555
2024-07-22,DASH,,-0.07824475677194428,0,0.0
2024-07-22,DEXE,,-0.04987181513344614,0,0.0
2024-07-22,DOGE,,0.03491052700603651,0,0.0
2024-07-22,DOT,,0.1480103312306997,0,0.0
2024-07-22,ENA,,-0.08196023134941935,0,0.0
2024-07-22,ETC,,0.21062142051241028,0,0.0
2024-07-22,ETH,,0.24702148427864584,0,0.0
2024-07-22,FET,,-0.2656365239103132,0,0.0
2024-07-22,FIL,,0.07235093155383063,0,0.0
2024-07-22,HBAR,,0.15034277836904292,0,0.0
2024-07-22,ICP,,-0.3686313523630174,-1,-0.030763060949903907
2024-07-22,JST,,0.5411072568002696,1,0.04294120376712896
2024-07-22,JUP,,0.09354044643903951,0,0.0
2024-07-22,LINK,,0.18026348462497363,0,0.0
2024-07-22,LTC,,0.31861942841685725,0,0.0
2024-07-22,LUNC,,0.17271131619796207,0,0.0
2024-07-22,NEAR,,-0.3660827924018987,0,0.0
2024-07-22,NEXO,,0.23116732126744707,0,0.0
2024-07-22,PEPE,,-0.41494660157517244,-1,-0.02492375384895934
2024-07-22,QNT,,0.45907948560967177,1,0.034281126848825665
2024-07-22,SHIB,,0.29728607925049727,0,0.0
2024-07-22,SOL,,0.3209503715563715,1,0.01827648364332645
2024-07-22,STX,,-0.3870402073326626,-1,-0.029539330784520042
2024-07-22,SUI,,-0.42793985984509786,-1,-0.0320748842753649
2024-07-22,TAO,,-0.27461358286227,0,0.0
2024-07-22,TRX,,0.8520919853342642,1,0.04294120376712896
2024-07-22,UNI,,0.2752019395984268,0,0.0
2024-07-22,VET,,-0.882239593735274,-1,-0.028250599051070396
2024-07-22,WLD,,-0.5918118707266875,-1,-0.02573557166599233
2024-07-22,XLM,,-0.1649455874442781,0,0.0
2024-07-22,XRP,,0.0919172112842,0,0.0
2024-07-22,ZEC,,-1.292314093721336,-1,-0.022775495256827677
2024-07-29,AAVE,,0.31901242128619367,1,0.015840487565137135
2024-07-29,ADA,,-0.04092152235956787,0,0.0
2024-07-29,ALGO,,-0.00590889096800903,0,0.0
2024-07-29,APT,,-0.001042070498020309,0,0.0
2024-07-29,ARB,,0.16483588312683994,0,0.0
2024-07-29,ATOM,,0.2796825760699732,1,0.024081815026378062
2024-07-29,AVAX,,-0.20902228138984583,0,0.0
2024-07-29,BCH,,0.1410769155937217,0,0.0
2024-07-29,BNB,,0.37366930922614805,1,0.023102253572804887
2024-07-29,BONK,,-0.6397524690633541,-1,-0.023370791010112833
2024-07-29,BTC,,0.3118806771908633,1,0.023844329956674685
2024-07-29,CAKE,,0.2852252522954898,1,0.019997583947278637
2024-07-29,CHZ,,0.26628132106145885,1,0.019980231647132318
2024-07-29,DASH,,0.04722480530867426,0,0.0
2024-07-29,DEXE,,0.15237404473671423,0,0.0
2024-07-29,DOGE,,-0.0359971423705309,0,0.0
2024-07-29,DOT,,0.21251008750640685,0,0.0
2024-07-29,ENA,,-0.3281846928124037,-1,-0.027337780908275502
2024-07-29,ETC,,0.23216797973353584,0,0.0
2024-07-29,ETH,,0.20031494497385968,0,0.0
2024-07-29,FET,,-0.21271029672267153,0,0.0
2024-07-29,FIL,,0.050397427562013826,0,0.0
2024-07-29,HBAR,,0.1874218701679371,0,0.0
2024-07-29,ICP,,-0.2925741989351871,-1,-0.027538765197996477
2024-07-29,JST,,0.343972619757992,1,0.035634442029392144
2024-07-29,JUP,,-0.31873386515431706,-1,-0.026524579851457227
2024-07-29,LINK,,0.18534231830243736,0,0.0
2024-07-29,LTC,,0.4620584827841838,1,0.026341467673567924
2024-07-29,LUNC,,0.11673830266531657,0,0.0
2024-07-29,NEAR,,-0.2771953508251175,0,0.0
2024-07-29,NEXO,,0.21433222323911555,0,0.0
2024-07-29,PEPE,,-0.5536388841479228,-1,-0.023876977418066422
2024-07-29,QNT,,0.3439954288533306,1,0.02775765216723432
2024-07-29,RENDER,,0.029263791846942444,0,0.0
2024-07-29,SHIB,,0.18895634769996442,0,0.0
2024-07-29,SOL,,-0.18107360318847623,0,0.0
2024-07-29,STX,,-0.46090081357483104,-1,-0.026751990003374526
2024-07-29,SUI,,-0.2677535081183051,0,0.0
2024-07-29,TAO,,-0.5651102672345877,-1,-0.022410169896061267
2024-07-29,TRX,,0.7421841678161935,1,0.035117076475333416
2024-07-29,UNI,,0.2595040118546908,0,0.0
2024-07-29,VET,,-0.5357195106609294,-1,-0.026823311998587753
2024-07-29,WLD,,-0.7020701514716426,-1,-0.0233907384765557
2024-07-29,XLM,,0.09959100746906721,0,0.0
2024-07-29,XRP,,0.11970593650249545,0,0.0
2024-07-29,ZEC,,-0.701410635135841,-1,-0.023672235300445855
2024-08-05,AAVE,,0.24659893651798606,0,0.0
2024-08-05,ADA,,0.1449551186824708,0,0.0
2024-08-05,ALGO,,0.2566715354791254,1,0.021660363522338164
2024-08-05,APT,,0.13578755760154626,0,0.0
2024-08-05,ARB,,0.06546853803352808,0,0.0
2024-08-05,ATOM,,0.16519497603494498,0,0.0
2024-08-05,AVAX,,-0.36038700824585185,-1,-0.03038398979753212
2024-08-05,BCH,,0.19099098214474794,0,0.0
2024-08-05,BNB,,0.1739792163984356,0,0.0
2024-08-05,BONK,,-0.7217030403900716,-1,-0.022672998177593814
2024-08-05,BTC,,0.02754631096713287,0,0.0
2024-08-05,CAKE,,0.19680216165053324,0,0.0
2024-08-05,CHZ,,0.1435298402803282,0,0.0
2024-08-05,DASH,,0.37257479527635085,1,0.019755307630078992
2024-08-05,DEXE,,0.4027370334179491,1,0.02328634380135628
2024-08-05,DOGE,,-0.2560071879871525,0,0.0
2024-08-05,DOT,,0.1975864127730827,0,0.0
2024-08-05,ENA,,-0.3436575173900683,-1,-0.02598910174982228
2024-08-05,ETC,,0.1552506591678307,0,0.0
2024-08-05,ETH,,0.008070198416865466,0,0.0
2024-08-05,FET,,-0.374567315165137,-1,-0.03174642429939308
2024-08-05,FIL,,0.046188848094312174,0,0.0
2024-08-05,HBAR,,0.147622894613312,0,0.0
2024-08-05,ICP,,-0.41432775944480965,-1,-0.031158721935218136
2024-08-05,JST,,0.18961072606640453,0,0.0
2024-08-05,JUP,,-0.551102357275352,-1,-0.025647897177555883
2024-08-05,LINK,,-0.07790911540436114,0,0.0
2024-08-05,LTC,,0.18483223824750686,0,0.0
2024-08-05,LUNC,,0.0700778969128875,0,0.0
2024-08-05,NEAR,,-0.23444470050513344,0,0.0
2024-08-05,NEXO,,0.3064851669849002,1,0.019981938301937736
2024-08-05,PEPE,,-0.667000624520478,-1,-0.02249329945615995
2024-08-05,QNT,,0.39443175440532896,1,0.021496146924419195
2024-08-05,RENDER,,0.029719194033748147,0,0.0
2024-08-05,SHIB,,0.3367244776606541,1,0.02124391071983588
2024-08-05,SOL,,-0.3234928695230844,0,0.0
2024-08-05,STX,,-0.029065894294256128,0,0.0
2024-08-05,SUI,,-0.8680065401716196,-1,-0.01895009029889594
2024-08-05,TAO,,-0.4851595366833572,-1,-0.020346858467554112
2024-08-05,TRX,,0.43835588216763316,1,0.04066181710649622
2024-08-05,UNI,,0.32058274603235376,1,0.03306072319911097
2024-08-05,VET,,0.37068593981409853,1,0.02634466318527186
2024-08-05,WLD,,-0.8016216265033833,-1,-0.021735572964001325
2024-08-05,XLM,,0.4322620632323966,1,0.023633739932881336
2024-08-05,XRP,,0.12013745441296222,0,0.0
2024-08-05,ZEC,,0.23699153798275963,0,0.0
2024-08-12,AAVE,,0.025119391856147637,0,0.0
2024-08-12,ADA,,0.18532717950434396,1,0.029908339330140032
2024-08-12,ALGO,,0.1510344448680454,0,0.0
2024-08-12,APT,,-0.016430306215487172,0,0.0
2024-08-12,ARB,,0.15651863144977293,0,0.0
2024-08-12,ATOM,,-0.040089525124431855,-1,-0.04210732095645585
2024-08-12,AVAX,,0.09584968368512008,0,0.0
2024-08-12,BCH,,0.04093003169290647,0,0.0
2024-08-12,BNB,,0.24796637159462287,1,0.024913115725952475
2024-08-12,BONK,,0.10926376189606478,0,0.0
2024-08-12,BTC,,0.07838894472612852,0,0.0
2024-08-12,CAKE,,0.22367161221566112,1,0.020921872164532118
2024-08-12,CHZ,,0.1640304386034651,0,0.0
2024-08-12,DASH,,0.10542990990719843,0,0.0
2024-08-12,DEXE,,0.2725837823557497,1,0.02238752865854105
2024-08-12,DOGE,,0.16520242038553842,1,0.025074013746054905
2024-08-12,DOT,,0.12946421109601358,0,0.0
2024-08-12,ENA,,-0.08341740190866748,-1,-0.021559346587514495
2024-08-12,ETC,,0.2160380620945452,1,0.029410514106526894
2024-08-12,ETH,,0.11477783795198987,0,0.0
2024-08-12,FET,,0.011915180091327504,0,0.0
2024-08-12,FIL,,0.15503122292281865,0,0.0
2024-08-12,HBAR,,0.15877832709572448,0,0.0
2024-08-12,ICP,,0.06789539862209297,0,0.0
2024-08-12,JST,,0.13351414041744544,0,0.0
2024-08-12,JUP,,-0.03950703640150935,-1,-0.027783856950546942
2024-08-12,LINK,,0.09022951956352088,0,0.0
2024-08-12,LTC,,0.19625704309014635,1,0.022647632330562464
2024-08-12,LUNC,,-0.30655938029690444,-1,-0.023013440845077726
2024-08-12,NEAR,,0.062071591949075015,0,0.0
2024-08-12,NEXO,,0.1302127525307971,0,0.0
2024-08-12,PEPE,,0.11122230595488909,0,0.0
2024-08-12,QNT,,-0.0810151789757914,-1,-0.03539714301731155
2024-08-12,RENDER,,0.030698904989016968,0,0.0
2024-08-12,SHIB,,0.19182851097767453,1,0.02294399609619664
2024-08-12,SOL,,-0.018986603195594306,0,0.0
2024-08-12,STX,,-0.03819347114645954,-1,-0.024623845653420476
2024-08-12,SUI,,-2.1292118711267003,-1,-0.010628182873747595
2024-08-12,TAO,,-1.1739168047571267,-1,-0.013176468578855577
2024-08-12,TON,,-0.006008920817554473,0,0.0
2024-08-12,TRX,,0.4345016036407622,1,0.0344083899264951
2024-08-12,UNI,,0.20131873306183054,1,0.02310998887123185
2024-08-12,VET,,0.1601566289434425,0,0.0
2024-08-12,WLD,,0.014665249459587769,0,0.0
2024-08-12,XLM,,-0.19610280134501734,-1,-0.036661812175859586
2024-08-12,XRP,,0.1615951650285926,0,0.0
2024-08-12,ZEC,,-0.6640496929108071,-1,-0.020773973317443767
2024-08-19,AAVE,,0.48280303170316785,1,0.019204814654273095
2024-08-19,ADA,,0.2378402394141242,0,0.0
2024-08-19,ALGO,,0.1699412146432569,0,0.0
2024-08-19,APT,,-0.09593441384802669,0,0.0
2024-08-19,ARB,,0.19817498210924,0,0.0
2024-08-19,ATOM,,0.11410280089594839,0,0.0
2024-08-19,AVAX,,-0.17277373561791864,-1,-0.028741919210524974
2024-08-19,BCH,,0.2633198570358169,1,0.0244614248329052
2024-08-19,BNB,,0.3711921371084501,1,0.02794479564364015
2024-08-19,BONK,,-0.05908685689543088,0,0.0
2024-08-19,BTC,,0.21026287965819795,0,0.0
2024-08-19,CAKE,,0.23149562296613468,0,0.0
2024-08-19,CHZ,,0.20201429924450998,0,0.0
2024-08-19,DASH,,0.09218561921479752,0,0.0
2024-08-19,DEXE,,0.32048265332351666,1,0.020624656122822955
2024-08-19,DOGE,,0.23325392152130145,0,0.0
2024-08-19,DOT,,0.22465151300763228,0,0.0
2024-08-19,ENA,,-0.14160403576015992,0,0.0
2024-08-19,ETC,,0.31893291847786126,1,0.027758804460381994
2024-08-19,ETH,,0.24042484147878587,1,0.028221197565658794
2024-08-19,FET,,-1.5865026593328542,-1,-0.014959248599688458
2024-08-19,FIL,,0.13062223405804782,0,0.0
2024-08-19,HBAR,,0.2514063989025816,1,0.023787414477030592
2024-08-19,ICP,,0.0847071582585408,0,0.0
2024-08-19,JST,,0.09415023868160945,0,0.0
2024-08-19,JUP,,0.10125880580279387,0,0.0
2024-08-19,LINK,,0.028624492993403153,0,0.0
2024-08-19,LTC,,0.05052768629950055,0,0.0
2024-08-19,LUNC,,-0.0014239592643644546,0,0.0
2024-08-19,NEAR,,-0.17184608562218126,-1,-0.029552770991032606
2024-08-19,NEXO,,0.1730126716446432,0,0.0
2024-08-19,PEPE,,-0.17406289262251293,-1,-0.02666934377260761
2024-08-19,QNT,,0.15726588718001835,0,0.0
2024-08-19,RENDER,,-0.6703436437283944,-1,-0.021927881699667025
2024-08-19,SHIB,,0.21418061359176357,0,0.0
2024-08-19,SOL,,0.09148420655134949,0,0.0
2024-08-19,STX,,-0.2761641684839766,-1,-0.026358961117068667
2024-08-19,SUI,,-1.399849240558726,-1,-0.01897774817854988
2024-08-19,TAO,,-0.6821854933270458,-1,-0.020589724986356698
2024-08-19,TON,,-0.0012109665312134942,0,0.0
2024-08-19,TRX,,0.3321514843051694,1,0.021539781589959024
2024-08-19,UNI,,0.3383422072425541,1,0.024890197828638067
2024-08-19,VET,,0.22913044232067856,0,0.0
2024-08-19,WLD,,-0.15514258073613768,-1,-0.0289209561657127
2024-08-19,XLM,,0.056198946981496994,0,0.0
2024-08-19,XRP,,0.2973875209115413,1,0.031615686109710425
2024-08-19,ZEC,,-0.9533987951994816,-1,-0.03335021856381167
2024-08-26,AAVE,,0.004104520718239284,0,0.0
2024-08-26,ADA,,0.1435477664856824,0,0.0
2024-08-26,ALGO,,0.03686131809830134,0,0.0
2024-08-26,APT,,-0.007206562116354832,0,0.0
2024-08-26,ARB,,0.10516529271758206,0,0.0
2024-08-26,ATOM,,0.16147189927138939,0,0.0
2024-08-26,AVAX,,-0.2613425686419506,-1,-0.029363885389974427
2024-08-26,BCH,,0.32491871780746484,1,0.026572794398143085
2024-08-26,BNB,,0.3250177121472144,1,0.02563919015800673
2024-08-26,BONK,,0.012354269932899304,0,0.0
2024-08-26,BTC,,0.2375304541665288,0,0.0
2024-08-26,CAKE,,0.1411683038869293,0,0.0
2024-08-26,CHZ,,0.09689179583974897,0,0.0
2024-08-26,DASH,,0.12637941799934688,0,0.0
2024-08-26,DEXE,,0.037557501903115506,0,0.0
2024-08-26,DOGE,,0.2907183426199431,1,0.02278597829214532
2024-08-26,DOT,,0.13192713521304386,0,0.0
2024-08-26,ENA,,-0.4312553263062464,-1,-0.026256947436386506
2024-08-26,ETC,,0.2680789297448541,1,0.024702913580308235
2024-08-26,ETH,,0.23863098489768186,0,0.0
2024-08-26,FET,,-1.4011315007626657,-1,-0.01563684370884224
2024-08-26,FIL,,-0.024055611248277386,0,0.0
2024-08-26,HBAR,,0.022330141075933275,0,0.0
2024-08-26,ICP,,0.12395293008100419,0,0.0
2024-08-26,JST,,0.022069083727234692,0,0.0
2024-08-26,JUP,,0.11350700780248665,0,0.0
2024-08-26,LINK,,0.06668161734699321,0,0.0
2024-08-26,LTC,,0.5736743337520039,1,0.03030515958182769
2024-08-26,LUNC,,-0.08752097772015063,0,0.0
2024-08-26,NEAR,,-0.25656038888767546,-1,-0.030409702975460407
2024-08-26,NEXO,,0.37016359121590364,1,0.03578497065502881
2024-08-26,PEPE,,-0.06852136565931512,0,0.0
2024-08-26,QNT,,0.315555812042421,1,0.02056483383621379
2024-08-26,RENDER,,-0.6999000084527832,-1,-0.022800357633214783
2024-08-26,SHIB,,0.34881135904381083,1,0.01926205292373563
2024-08-26,SOL,,0.07705626070600133,0,0.0
2024-08-26,STX,,-0.27632416469965004,-1,-0.02920619124177451
2024-08-26,SUI,,-1.1831705135794424,-1,-0.018549610725011316
2024-08-26,TAO,,-0.4087190705499106,-1,-0.023993755066656478
2024-08-26,TON,,-0.0034910806145575925,0,0.0
2024-08-26,TRX,,0.36937229982135983,1,0.016931849313865138
2024-08-26,UNI,,0.21164002925406256,0,0.0
2024-08-26,VET,,0.11023737141788721,0,0.0
2024-08-26,WLD,,-0.1309518846784985,-1,-0.03213438876411093
2024-08-26,XLM,,0.2291487369323557,0,0.0
2024-08-26,XRP,,0.37598197953657037,1,0.030183450665841487
2024-08-26,ZEC,,-0.7723558932885104,-1,-0.024381510463684322
2024-09-02,AAVE,,-0.08944699381719076,0,0.0
2024-09-02,ADA,,0.15050574459464372,0,0.0
2024-09-02,ALGO,,0.05801961009486115,0,0.0
2024-09-02,APT,,-0.32223015216753526,-1,-0.028820113737154478
2024-09-02,ARB,,0.29843335215330136,0,0.0
2024-09-02,ATOM,,-0.18635896210820857,0,0.0
2024-09-02,AVAX,,-0.3308753465284189,-1,-0.025073499421339785
2024-09-02,BCH,,0.3514403319308632,1,0.026673794667461708
2024-09-02,BNB,,0.2804779048488856,0,0.0
2024-09-02,BONK,,-0.04865003047375797,0,0.0
2024-09-02,BTC,,0.043446357751021084,0,0.0
2024-09-02,CAKE,,-0.07130448705674539,0,0.0
2024-09-02,CHZ,,0.21719188709746085,0,0.0
2024-09-02,DASH,,0.6022687649825682,1,0.023031121352596513
2024-09-02,DEXE,,0.12177915682008184,0,0.0
2024-09-02,DOGE,,0.40132798741242104,1,0.02275787977251338
2024-09-02,DOT,,0.30815315962928197,1,0.02009128260481744
2024-09-02,ENA,,-0.4015669148412477,-1,-0.022309924565750677
2024-09-02,ETC,,0.4361990933886014,1,0.024571043471254647
2024-09-02,ETH,,0.15084395340960915,0,0.0
2024-09-02,FET,,-2.052213412740005,-1,-0.013702088915700166
2024-09-02,FIL,,-0.02766026822414333,0,0.0
2024-09-02,HBAR,,0.208066207187636,0,0.0
2024-09-02,ICP,,0.09217329519726426,0,0.0
2024-09-02,JST,,-0.40724808746364854,-1,-0.03890261172942283
2024-09-02,JUP,,0.1213266266618668,0,0.0
2024-09-02,LINK,,-0.08521343819134311,0,0.0
2024-09-02,LTC,,0.303259733990143,1,0.030653090522017888
2024-09-02,LUNC,,-0.03949028268174529,0,0.0
2024-09-02,NEAR,,-0.4644983215591091,-1,-0.02610940056771211
2024-09-02,NEXO,,0.35803561126451294,1,0.04044787169783503
2024-09-02,PEPE,,-0.248914106894819,-1,-0.026185942038473745
2024-09-02,QNT,,0.6146942102995655,1,0.017752782862759928
2024-09-02,RENDER,,-0.9432262049727886,-1,-0.019358325265164924
2024-09-02,SHIB,,0.24671173507091182,0,0.0
2024-09-02,SOL,,0.20131213129490527,0,0.0
2024-09-02,STX,,-0.5183513690740047,-1,-0.024558399162738945
2024-09-02,SUI,,-0.11446536924625295,0,0.0
2024-09-02,TAO,,-0.394310723982869,-1,-0.025420562260122556
2024-09-02,TON,,0.12993049131817144,0,0.0
2024-09-02,TRX,,-0.11053570305411424,0,0.0
2024-09-02,UNI,,0.5814430557584265,1,0.017366508579254147
2024-09-02,VET,,0.12074976999303079,0,0.0
2024-09-02,WLD,,-0.21665186183318133,0,0.0
2024-09-02,XLM,,0.34078396435209957,1,0.027095492133069526
2024-09-02,XRP,,0.2388506200888386,0,0.0
2024-09-02,ZEC,,0.09578728032015803,0,0.0
2024-09-09,AAVE,,0.16099084436585984,0,0.0
2024-09-09,ADA,,-0.04884125115038253,0,0.0
2024-09-09,ALGO,,-0.1545837765437458,0,0.0
2024-09-09,APT,,-0.581000203341762,-1,-0.027170873756246747
2024-09-09,ARB,,0.15268682922232762,0,0.0
2024-09-09,ATOM,,0.040606692860669105,0,0.0
2024-09-09,AVAX,,-0.5412590227512734,-1,-0.02390817472884635
2024-09-09,BCH,,0.4931276658331863,1,0.02370353094980909
2024-09-09,BNB,,0.5524781700552751,1,0.020839730691219076
2024-09-09,BONK,,-0.15998688684367465,0,0.0
2024-09-09,BTC,,0.29584299326836055,0,0.0
2024-09-09,CAKE,,0.021853869985396693,0,0.0
2024-09-09,CHZ,,0.06849933084295266,0,0.0
2024-09-09,DASH,,0.4032497818720388,1,0.024131443602166958
2024-09-09,DEXE,,0.050315056982519576,0,0.0
2024-09-09,DOGE,,0.5293258648581439,1,0.019615598317930385
2024-09-09,DOT,,0.36272948897722673,1,0.017883093375872437
2024-09-09,ENA,,-0.5378204767535656,-1,-0.021353219538599755
2024-09-09,ETC,,0.24851902222849118,0,0.0
2024-09-09,ETH,,0.26491615079515246,0,0.0
2024-09-09,FET,,-2.0285527257673834,-1,-0.013311604876652783
2024-09-09,FIL,,-0.14313078969765586,0,0.0
2024-09-09,HBAR,,0.1008455646565315,0,0.0
2024-09-09,ICP,,0.2037074542367527,0,0.0
2024-09-09,JST,,-0.5992615291437303,-1,-0.03725113266594766
2024-09-09,JUP,,0.07708029463313701,0,0.0
2024-09-09,LINK,,-0.12823186533246628,0,0.0
2024-09-09,LTC,,0.7993952337499786,1,0.03991442490704692
2024-09-09,LUNC,,-0.04733981139911914,0,0.0
2024-09-09,NEAR,,-0.4701541714091946,-1,-0.02456972604774839
2024-09-09,NEXO,,0.6307004886324575,1,0.038139536140872995
2024-09-09,PEPE,,-0.3028216926192154,-1,-0.02522371439801209
2024-09-09,QNT,,0.4619565007701012,1,0.017449280624436413
2024-09-09,RENDER,,-1.128038750782209,-1,-0.01848354546736062
2024-09-09,SHIB,,0.19318753902100894,0,0.0
2024-09-09,SOL,,0.11968925050224483,0,0.0
2024-09-09,STX,,-0.507414489785935,-1,-0.02305484385630393
2024-09-09,SUI,,-0.11809912322915594,0,0.0
2024-09-09,TAO,,-0.24887511150909805,0,0.0
2024-09-09,TON,,0.3612562005023238,0,0.0
2024-09-09,TRX,,-0.48375971136734075,-1,-0.03612622868452742
2024-09-09,UNI,,0.3518055088106525,0,0.0
2024-09-09,VET,,0.1284113517341874,0,0.0
2024-09-09,WLD,,-0.22947923008433657,0,0.0
2024-09-09,XLM,,0.504834553451791,1,0.02368535699132813
2024-09-09,XRP,,0.5633153356043024,1,0.025091068419563343
2024-09-09,ZEC,,0.3173235810581715,0,0.0
2024-09-16,AAVE,,0.21104909527901095,1,0.0175299998080007
2024-09-16,ADA,,0.1253406624867514,0,0.0
2024-09-16,ALGO,,0.05409590107905605,0,0.0
2024-09-16,APT,,-0.6519343377720552,-1,-0.018031139203745147
2024-09-16,ARB,,-0.06601576982639037,0,0.0
2024-09-16,ATOM,,-0.0129275460778947,0,0.0
2024-09-16,AVAX,,-0.09306680859237679,-1,-0.025985370922274348
2024-09-16,BCH,,0.35346094386827315,1,0.022756932173073636
2024-09-16,BNB,,0.20674196650897883,1,0.021839352649717387
2024-09-16,BONK,,0.1619568563709567,0,0.0
2024-09-16,BTC,,0.18138052443321523,0,0.0
2024-09-16,CAKE,,0.26445900082101026,1,0.017042988701921034
2024-09-16,CHZ,,0.06104496082130604,0,0.0
2024-09-16,DASH,,0.1383488236732236,0,0.0
2024-09-16,DEXE,,0.0009140184393538468,0,0.0
2024-09-16,DOGE,,0.2185102883487206,1,0.022748696106075623
2024-09-16,DOT,,-0.09222858593355562,-1,-0.0404768490230638
2024-09-16,ENA,,-0.8007943779439114,-1,-0.01484958827000319
2024-09-16,ETC,,0.22069145458119296,1,0.02526860280867388
2024-09-16,ETH,,0.16310528309845873,0,0.0
2024-09-16,FET,,-0.11719800559479177,-1,-0.021362718724339334
2024-09-16,FIL,,0.04779363247727456,0,0.0
2024-09-16,HBAR,,0.020907780721293217,0,0.0
2024-09-16,ICP,,-0.13448528127969064,-1,-0.03435659947037146
2024-09-16,JST,,-0.02841171945627218,0,0.0
2024-09-16,JUP,,0.1317569021481852,0,0.0
2024-09-16,LINK,,0.16065265323100522,0,0.0
2024-09-16,LTC,,0.6277873235383994,1,0.03505677931844813
2024-09-16,LUNC,,-0.03930532259270436,0,0.0
2024-09-16,NEAR,,-0.04347490192816927,0,0.0
2024-09-16,NEXO,,0.43398511886823626,1,0.02590816656837628
2024-09-16,PEPE,,0.18574141016707696,0,0.0
2024-09-16,POL,,0.0568552311150121,0,0.0
2024-09-16,QNT,,-0.22582700395268743,-1,-0.03681151220441186
2024-09-16,RENDER,,-0.08198686801248585,0,0.0
2024-09-16,SHIB,,0.35739139092842687,1,0.022377979807754696
2024-09-16,SOL,,0.06652277457502581,0,0.0
2024-09-16,STX,,0.013890026516361493,0,0.0
2024-09-16,SUI,,-1.1027098635091581,-1,-0.013523547251293096
2024-09-16,TAO,,-1.3709170114134106,-1,-0.011360159114097377
2024-09-16,TON,,-0.045632848633223796,0,0.0
2024-09-16,TRX,,0.23761973878555967,1,0.04012891481598271
2024-09-16,UNI,,-0.22670097288221974,-1,-0.03390092857442446
2024-09-16,VET,,0.1172473659917612,0,0.0
2024-09-16,WLD,,0.08216840690676715,0,0.0
2024-09-16,XLM,,0.10810595258386624,0,0.0
2024-09-16,XRP,,0.18837859911755045,0,0.0
2024-09-16,ZEC,,-0.0642868620803135,0,0.0
2024-09-23,AAVE,,-0.2521364874994441,-1,-0.04252608700286891
2024-09-23,ADA,,0.24180100482903966,0,0.0
2024-09-23,ALGO,,0.7822303915580582,1,0.027078970667246755
2024-09-23,APT,,-1.035320886517661,-1,-0.02154264846618433
2024-09-23,ARB,,0.1130697269790975,0,0.0
2024-09-23,ATOM,,-0.2488342420941303,0,0.0
2024-09-23,AVAX,,0.40342242988848637,1,0.026389744817631688
2024-09-23,BCH,,0.18791787230614945,0,0.0
2024-09-23,BNB,,-0.14546686661510677,0,0.0
2024-09-23,BONK,,-0.5297800779316024,-1,-0.02400345914540667
2024-09-23,BTC,,-0.12075040613199342,0,0.0
2024-09-23,CAKE,,0.4519409963899076,1,0.024329578816211617
2024-09-23,CHZ,,0.11450334772453422,0,0.0
2024-09-23,DASH,,0.31446358223721854,0,0.0
2024-09-23,DEXE,,0.2748419196210922,0,0.0
2024-09-23,DOGE,,0.14675902178388572,0,0.0
2024-09-23,DOT,,0.1660818410530478,0,0.0
2024-09-23,ENA,,-0.6623666773777716,-1,-0.01763576926809623
2024-09-23,ETC,,0.43672286316747955,1,0.027078970667246755
2024-09-23,ETH,,-0.17095845891223285,0,0.0
2024-09-23,FET,,-0.5978459794783174,-1,-0.030239226745825562
2024-09-23,FIL,,0.576612660523027,1,0.027078970667246755
2024-09-23,HBAR,,0.38300189586556427,1,0.02269843838756932
2024-09-23,ICP,,0.026960244639812638,0,0.0
2024-09-23,JST,,-0.09200992545895073,0,0.0
2024-09-23,JUP,,0.5690092416416156,1,0.02286837077387808
2024-09-23,LINK,,0.2875227372869763,0,0.0
2024-09-23,LTC,,-0.17274320730733073,0,0.0
2024-09-23,LUNC,,0.31805974540873055,0,0.0
2024-09-23,NEAR,,0.05612086292872234,0,0.0
2024-09-23,NEXO,,-0.05869151090758672,0,0.0
2024-09-23,PEPE,,-0.6829991276495933,-1,-0.02094236965248912
2024-09-23,POL,,0.06149603307078525,0,0.0
2024-09-23,QNT,,-0.19179359248757402,0,0.0
2024-09-23,RENDER,,0.2634727948342322,0,0.0
2024-09-23,SHIB,,-0.5547005515350433,-1,-0.025690916753882385
2024-09-23,SOL,,0.4817101574323026,1,0.02686632046773759
2024-09-23,STX,,0.3938349073709545,1,0.020506955235780732
2024-09-23,SUI,,-0.7765926251534309,-1,-0.024494788296487748
2024-09-23,TAO,,-1.4082550710517021,-1,-0.015487056448127461
2024-09-23,TON,,-0.24759232401210787,0,0.0
2024-09-23,TRX,,0.22670877747581675,0,0.0
2024-09-23,UNI,,0.21285459879771823,0,0.0
2024-09-23,VET,,0.3956007515689079,1,0.026079970937205356
2024-09-23,WLD,,-0.2721153444348311,-1,-0.02841396965838622
2024-09-23,XLM,,0.32309825175682055,0,0.0
2024-09-23,XRP,,0.04403048599531353,0,0.0
2024-09-23,ZEC,,-0.03289578157888606,0,0.0
2024-09-30,AAVE,,-0.12184080685943245,0,0.0
2024-09-30,ADA,,-0.004693748943006091,0,0.0
2024-09-30,ALGO,,0.10278442276875902,0,0.0
2024-09-30,APT,,-0.27415545487382653,-1,-0.025567437099842008
2024-09-30,ARB,,-0.22258314998137782,-1,-0.03390149711732464
2024-09-30,ATOM,,0.08926173209731843,0,0.0
2024-09-30,AVAX,,0.15673043428985411,1,0.01916160071880623
2024-09-30,BCH,,0.07631904222671959,0,0.0
2024-09-30,BNB,,0.12518711063736396,0,0.0
2024-09-30,BONK,,-0.1326780313046461,0,0.0
2024-09-30,BTC,,0.13169292124859924,0,0.0
2024-09-30,CAKE,,0.09051184958301617,0,0.0
2024-09-30,CHZ,,0.030909993491285714,0,0.0
2024-09-30,DASH,,0.29899825487713766,1,0.034868030735422384
2024-09-30,DEXE,,0.0902794172839734,0,0.0
2024-09-30,DOGE,,-0.062452852267463194,0,0.0
2024-09-30,DOT,,-0.05077334113653292,0,0.0
2024-09-30,ENA,,-1.042467818507066,-1,-0.014598426610046823
2024-09-30,ETC,,0.13696261591678074,0,0.0
2024-09-30,ETH,,-0.10199522782969571,0,0.0
2024-09-30,FET,,-0.3513279578594498,-1,-0.028953066095086535
2024-09-30,FIL,,0.16496805219573873,1,0.020117084484649193
2024-09-30,HBAR,,-0.040620699127790164,0,0.0
2024-09-30,ICP,,-0.03953189466537378,0,0.0
2024-09-30,JST,,0.2080464675795026,1,0.034868030735422384
2024-09-30,JUP,,0.03747768334523335,0,0.0
2024-09-30,LINK,,0.03746511000130462,0,0.0
2024-09-30,LTC,,0.14719049830504427,0,0.0
2024-09-30,LUNC,,0.15397072441911488,1,0.015591794358807755
2024-09-30,NEAR,,-0.05638895113651579,0,0.0
2024-09-30,NEXO,,0.09514222639963162,0,0.0
2024-09-30,PEPE,,-0.49805507517857256,-1,-0.020616536872722344
2024-09-30,POL,,0.06127669452669447,0,0.0
2024-09-30,QNT,,0.07326648809077536,0,0.0
2024-09-30,RENDER,,-0.3123077230999142,-1,-0.026542495938633875
2024-09-30,SHIB,,-0.31007481923190816,-1,-0.02581929925703216
2024-09-30,SOL,,0.2274263003541399,1,0.0208928938498884
2024-09-30,STX,,0.30882349582413215,1,0.01928611292077645
2024-09-30,SUI,,-0.47276980117253947,-1,-0.02325649974320888
2024-09-30,TAO,,-0.3353735839346966,-1,-0.023150847625101514
2024-09-30,TON,,-0.02087165950477007,0,0.0
2024-09-30,TRX,,0.6040731411457764,1,0.034868030735422384
2024-09-30,UNI,,0.40627981537399527,1,0.02437239118487464
2024-09-30,VET,,0.07250193181246145,0,0.0
2024-09-30,WLD,,0.006819860209825097,0,0.0
2024-09-30,XLM,,0.02315604577216224,0,0.0
2024-09-30,XRP,,-0.2855856017765814,-1,-0.03648789410049343
2024-09-30,ZEC,,0.7790258686148143,1,0.034868030735422384
2024-10-07,AAVE,,0.12117662478790814,0,0.0
2024-10-07,ADA,,-0.0780540356920655,0,0.0
2024-10-07,ALGO,,0.06612135940492148,0,0.0
2024-10-07,APT,,-0.04467201366695242,0,0.0
2024-10-07,ARB,,-0.24081104815024476,-1,-0.03304806695788671
2024-10-07,ATOM,,-0.1592489435334344,0,0.0
2024-10-07,AVAX,,0.3942732419741882,1,0.017967193893754424
2024-10-07,BCH,,0.17811008981865833,0,0.0
2024-10-07,BNB,,0.31881066360120824,1,0.032966501258325176
2024-10-07,BONK,,-0.4915742753723992,-1,-0.024818439764232175
2024-10-07,BTC,,0.17883563035475591,0,0.0
2024-10-07,CAKE,,0.08415046452068488,0,0.0
2024-10-07,CHZ,,0.21135353180187882,0,0.0
2024-10-07,DASH,,0.2838385148839651,1,0.032966501258325176
2024-10-07,DEXE,,0.29578847529025337,1,0.018279134722506564
2024-10-07,DOGE,,-0.11923832349082777,0,0.0
2024-10-07,DOT,,0.033408698400477305,0,0.0
2024-10-07,ENA,,-0.7721444449296895,-1,-0.0157514970977888
2024-10-07,ETC,,0.1309795426773353,0,0.0
2024-10-07,ETH,,0.05821365681673562,0,0.0
2024-10-07,FET,,-0.2499696286915238,-1,-0.03457308020131904
2024-10-07,FIL,,0.0866936521383676,0,0.0
2024-10-07,HBAR,,-0.17561364114570044,0,0.0
2024-10-07,ICP,,-0.2011623633826997,0,0.0
2024-10-07,JST,,0.4484646639309364,1,0.032966501258325176
2024-10-07,JUP,,0.13922918279172988,0,0.0
2024-10-07,LINK,,-0.09862123722462318,0,0.0
2024-10-07,LTC,,-8.63474033921249e-05,0,0.0
2024-10-07,LUNC,,0.017265999916493448,0,0.0
2024-10-07,NEAR,,-0.2970722438968882,-1,-0.030292885555140918
2024-10-07,NEXO,,0.18638806353940035,0,0.0
2024-10-07,PEPE,,-0.8178977713489888,-1,-0.019809534907838565
2024-10-07,POL,,0.21716227152539025,0,0.0
2024-10-07,QNT,,0.0005260442750983059,0,0.0
2024-10-07,RENDER,,-0.2493177591740295,-1,-0.027017217824271484
2024-10-07,SHIB,,-0.632267950126965,-1,-0.02525399311544312
2024-10-07,SOL,,0.246474015897505,1,0.01973636804373272
2024-10-07,STX,,-0.012603684348274802,0,0.0
2024-10-07,SUI,,-0.2957521094983015,-1,-0.023841570142336267
2024-10-07,TAO,,-0.9627206352544282,-1,-0.019186857726810357
2024-10-07,TON,,0.24716884009844575,1,0.02909258082584789
2024-10-07,TRX,,0.8963981708636977,1,0.032966501258325176
2024-10-07,UNI,,0.507040311372461,1,0.021477974450540168
2024-10-07,VET,,0.00671895135012666,0,0.0
2024-10-07,WLD,,-0.12345299499742757,0,0.0
2024-10-07,XLM,,0.08823272954415139,0,0.0
2024-10-07,XRP,,-0.08329443311801028,0,0.0
2024-10-07,ZEC,,0.6627524928700933,1,0.015173886323384966
2024-10-14,AAVE,,0.4703471453560281,1,0.029339331055600718
2024-10-14,ADA,,-0.14936933676897968,0,0.0
2024-10-14,ALGO,,0.15807605821806162,0,0.0
2024-10-14,APT,,0.09705733181447537,0,0.0
2024-10-14,ARB,,-0.03988070163638028,0,0.0
2024-10-14,ATOM,,0.0335124783213771,0,0.0
2024-10-14,AVAX,,0.3259949029059336,1,0.02115800440122811
2024-10-14,BCH,,0.23944079732933446,0,0.0
2024-10-14,BNB,,0.6277971379504959,1,0.029339331055600718
2024-10-14,BONK,,-0.6678066902700408,-1,-0.02243246086724146
2024-10-14,BTC,,0.435185585376891,1,0.024829136267763424
2024-10-14,CAKE,,0.167895801276171,0,0.0
2024-10-14,CHZ,,-0.3535343382658437,-1,-0.02991126976170359
2024-10-14,DASH,,0.5109147282292271,1,0.029339331055600718
2024-10-14,DEXE,,0.5429175141155382,1,0.024358740612647613
2024-10-14,DOGE,,-0.36787930604259433,-1,-0.024137043197923348
2024-10-14,DOT,,0.07194198554648545,0,0.0
2024-10-14,ENA,,-1.0274412464716405,-1,-0.014995758343504292
2024-10-14,ETC,,0.2569903491477486,0,0.0
2024-10-14,ETH,,0.3131141527411042,0,0.0
2024-10-14,FET,,0.3380892343652591,1,0.0274608409354086
2024-10-14,FIL,,0.1680398900354838,0,0.0
2024-10-14,HBAR,,-0.18274822157770396,0,0.0
2024-10-14,ICP,,-0.3093960900743099,0,0.0
2024-10-14,JST,,0.27726042376676374,0,0.0
2024-10-14,JUP,,-0.01674153158964515,0,0.0
2024-10-14,LINK,,-0.03997174895413895,0,0.0
2024-10-14,LTC,,0.1415696082107664,0,0.0
2024-10-14,LUNC,,-0.09893275574988576,0,0.0
2024-10-14,NEAR,,-0.4477356654600079,-1,-0.02920208814072927
2024-10-14,NEXO,,0.5390723519569298,1,0.029339331055600718
2024-10-14,PEPE,,-1.1512504888474595,-1,-0.018023616266685884
2024-10-14,POL,,0.3172867734378716,1,0.020664021441521317
2024-10-14,QNT,,0.1159302522721919,0,0.0
2024-10-14,RENDER,,-0.4253794924328281,-1,-0.02705090056349984
2024-10-14,SHIB,,-0.9056451050305878,-1,-0.02298834095850184
2024-10-14,SOL,,0.36313191181836685,1,0.015725910777510274
2024-10-14,STX,,0.06817089989739748,0,0.0
2024-10-14,SUI,,-0.5923136678745716,-1,-0.027069230383097876
2024-10-14,TAO,,-0.42667160581673413,-1,-0.03574327017559475
2024-10-14,TON,,0.22119725470768314,0,0.0
2024-10-14,TRX,,0.025791975433844348,0,0.0
2024-10-14,UNI,,0.1795905828660999,0,0.0
2024-10-14,VET,,0.17342477414851365,0,0.0
2024-10-14,WLD,,-0.20858772825796004,0,0.0
2024-10-14,XLM,,0.19070393543145045,0,0.0
2024-10-14,XRP,,-0.18076436722733447,0,0.0
2024-10-14,ZEC,,0.2216042516711581,0,0.0
2024-10-21,AAVE,,0.20133896546855537,0,0.0
2024-10-21,ADA,,0.2512304456746574,0,0.0
2024-10-21,ALGO,,-0.014804370093745585,0,0.0
2024-10-21,APT,,-0.4055797920700067,-1,-0.03268844640628749
2024-10-21,ARB,,-0.44221895126029254,-1,-0.02532575449423216
2024-10-21,ATOM,,0.26512766582057556,0,0.0
2024-10-21,AVAX,,-0.05291810809675045,0,0.0
2024-10-21,BCH,,-0.05479726700499478,0,0.0
2024-10-21,BNB,,0.44162420757850956,1,0.030821684257072556
2024-10-21,BONK,,-0.171107791408814,-1,-0.03153773819197376
2024-10-21,BTC,,0.26760251106773525,1,0.02524056372633457
2024-10-21,CAKE,,0.06769365164070837,0,0.0
2024-10-21,CHZ,,-0.6805285009361413,-1,-0.024650012027654537
2024-10-21,DASH,,0.16177784061230163,0,0.0
2024-10-21,DEXE,,0.11807114297336008,0,0.0
2024-10-21,DOGE,,-0.6036319534509232,-1,-0.022244028114498614
2024-10-21,DOT,,-0.07159623259275665,0,0.0
2024-10-21,ENA,,-0.8160027454573419,-1,-0.016525622877633216
2024-10-21,ETC,,0.024197122739756573,0,0.0
2024-10-21,ETH,,-0.12330796877067776,0,0.0
2024-10-21,FET,,0.08190779320664433,0,0.0
2024-10-21,FIL,,-0.13785387402070248,0,0.0
2024-10-21,HBAR,,-0.1324250669789611,0,0.0
2024-10-21,ICP,,0.2972076545141409,1,0.022069490654544544
2024-10-21,JST,,0.23568112931279636,0,0.0
2024-10-21,JUP,,-0.14586668544875744,-1,-0.023786140863313075
2024-10-21,LINK,,-0.09144680518975146,0,0.0
2024-10-21,LTC,,-0.08104528999506018,0,0.0
2024-10-21,LUNC,,0.559381346924288,1,0.024022257289776142
2024-10-21,NEAR,,0.0013295305972299814,0,0.0
2024-10-21,NEXO,,0.3257614675731408,1,0.030821684257072556
2024-10-21,PEPE,,-0.02915121004436867,0,0.0
2024-10-21,POL,,0.07076747785972387,0,0.0
2024-10-21,QNT,,0.1927446041504871,0,0.0
2024-10-21,RENDER,,0.23058913626958136,0,0.0
2024-10-21,SHIB,,0.12555292130895648,0,0.0
2024-10-21,SOL,,0.440587617126315,1,0.017652270473191452
2024-10-21,STX,,-0.0715899231872815,0,0.0
2024-10-21,SUI,,-1.2517562671660432,-1,-0.018336822692599675
2024-10-21,TAO,,-0.4293025165568653,-1,-0.029930421486168153
2024-10-21,TON,,0.3157501797871988,1,0.02847697393038338
2024-10-21,TRX,,0.705062244082733,1,0.030821684257072556
2024-10-21,UNI,,0.24683962082093697,0,0.0
2024-10-21,VET,,0.004039523328898467,0,0.0
2024-10-21,WLD,,-0.43590595958140665,-1,-0.02509878662242568
2024-10-21,XLM,,0.339079434308746,1,0.02244124557048162
2024-10-21,XRP,,0.2913665438164429,1,0.01775591936085701
2024-10-21,ZEC,,-0.019474499252781035,0,0.0
2024-10-28,AAVE,,0.027149200991430367,0,0.0
2024-10-28,ADA,,0.472909285562802,1,0.026913720460899297
2024-10-28,ALGO,,0.08483901766928643,0,0.0
2024-10-28,APT,,-0.43351486347499346,-1,-0.02849491616251384
2024-10-28,ARB,,-0.33748065147115663,-1,-0.027066215945638232
2024-10-28,ATOM,,-0.06764393400627332,0,0.0
2024-10-28,AVAX,,0.012149821851594321,0,0.0
2024-10-28,BCH,,-0.04588200832866977,0,0.0
2024-10-28,BNB,,0.20834622523995053,0,0.0
2024-10-28,BONK,,-0.41918802697380453,-1,-0.026306453655496265
2024-10-28,BTC,,0.41114806751711896,1,0.02660469327792129
2024-10-28,CAKE,,-0.03699687911996291,0,0.0
2024-10-28,CHZ,,-0.5814867836717897,-1,-0.023793823977465788
2024-10-28,DASH,,0.4208380820139103,1,0.023884927396163706
2024-10-28,DEXE,,0.174751296870967,0,0.0
2024-10-28,DOGE,,-0.33585206263377754,-1,-0.027672987149546097
2024-10-28,DOT,,-0.08634046539764759,0,0.0
2024-10-28,ENA,,-0.4443564844642531,-1,-0.02179892814327689
2024-10-28,ETC,,0.1513704575062028,0,0.0
2024-10-28,ETH,,0.04890664011752755,0,0.0
2024-10-28,FET,,0.06421039326668634,0,0.0
2024-10-28,FIL,,-0.10359148447722105,0,0.0
2024-10-28,HBAR,,-0.24359760311553655,0,0.0
2024-10-28,ICP,,0.1747255491356729,0,0.0
2024-10-28,JST,,0.0878123330891908,0,0.0
2024-10-28,JUP,,-0.5262952518997779,-1,-0.02411076724290357
2024-10-28,LINK,,0.06353138620556602,0,0.0
2024-10-28,LTC,,-0.22737484936910815,0,0.0
2024-10-28,LUNC,,0.18733220556659744,0,0.0
2024-10-28,NEAR,,-0.1438413914323992,0,0.0
2024-10-28,NEXO,,0.5808961426317328,1,0.026913720460899297
2024-10-28,PEPE,,-0.07414517412247477,0,0.0
2024-10-28,POL,,0.11563524435884345,0,0.0
2024-10-28,QNT,,0.07799023979937812,0,0.0
2024-10-28,RENDER,,0.30337090069863293,1,0.02058635705228601
2024-10-28,SHIB,,0.3141742633712937,1,0.018740547697747523
2024-10-28,SOL,,-0.014003778505115553,0,0.0
2024-10-28,STX,,-0.3153873754037971,-1,-0.03136730659269772
2024-10-28,SUI,,-0.8096906775996096,-1,-0.01773167313640739
2024-10-28,TAO,,-0.012535639988276812,0,0.0
2024-10-28,TON,,0.3969037886029957,1,0.026913720460899297
2024-10-28,TRX,,0.8732084387671911,1,0.026913720460899297
2024-10-28,UNI,,0.15280141612702836,0,0.0
2024-10-28,VET,,-0.12434130354423702,0,0.0
2024-10-28,WLD,,-0.6559579174031012,-1,-0.02172193790955852
2024-10-28,XLM,,0.3079140322447374,1,0.025679882186889293
2024-10-28,XRP,,0.5412083033904387,1,0.026913720460899297
2024-10-28,ZEC,,-0.21461812619379234,0,0.0
2024-11-04,AAVE,,-0.3726872537654466,-1,-0.02903820360113205
2024-11-04,ADA,,-1.0092945001478995,-1,-0.018151461282441342
2024-11-04,ALGO,,-0.006949075008396412,0,0.0
2024-11-04,APT,,-0.1026785336333533,0,0.0
2024-11-04,ARB,,-0.04526622930617468,0,0.0
2024-11-04,ATOM,,-0.08110066106920238,0,0.0
2024-11-04,AVAX,,-0.12028784617511798,0,0.0
2024-11-04,BCH,,0.18130250084606292,0,0.0
2024-11-04,BNB,,0.32324905604844567,1,0.031067683289113388
2024-11-04,BONK,,-0.3284062536074283,-1,-0.026908216040010802
2024-11-04,BTC,,0.5878995410504454,1,0.030300787807106825
2024-11-04,CAKE,,0.07467562224774438,0,0.0
2024-11-04,CHZ,,0.041256634406010365,0,0.0
2024-11-04,DASH,,0.3766468614784998,1,0.021009955430022053
2024-11-04,DEXE,,0.20094233010854318,1,0.018200839360981016
2024-11-04,DOGE,,-0.8320345872947197,-1,-0.0188025300546934
2024-11-04,DOT,,-0.18003367281544888,-1,-0.03165320954606356
2024-11-04,ENA,,-0.4884633490473847,-1,-0.020345092939495664
2024-11-04,ETC,,0.1291526811184608,0,0.0
2024-11-04,ETH,,0.11083160224353811,0,0.0
2024-11-04,FET,,-0.009101910265101385,0,0.0
2024-11-04,FIL,,0.04069805629099761,0,0.0
2024-11-04,HBAR,,-0.15098107495963822,0,0.0
2024-11-04,ICP,,0.17307313618247858,0,0.0
2024-11-04,JST,,0.17627409374647163,0,0.0
2024-11-04,JUP,,-0.09882316566460005,0,0.0
2024-11-04,LINK,,0.09062847407872464,0,0.0
2024-11-04,LTC,,0.0957011173596941,0,0.0
2024-11-04,LUNC,,0.24144928235464108,1,0.018006888371308025
2024-11-04,NEAR,,-0.15683659988239196,0,0.0
2024-11-04,NEXO,,0.5267955165541013,1,0.02454128681984841
2024-11-04,PEPE,,-0.40641744889623566,-1,-0.02392194719244179
2024-11-04,POL,,-0.08534697812403345,0,0.0
2024-11-04,QNT,,0.12321080755928376,0,0.0
2024-11-04,RENDER,,0.19735579020345737,0,0.0
2024-11-04,SHIB,,-0.3798055598688739,-1,-0.024845107524579517
2024-11-04,SOL,,0.1627302089820338,0,0.0
2024-11-04,STX,,-0.09914693632009887,0,0.0
2024-11-04,SUI,,-0.40464876248110093,-1,-0.021728001997582916
2024-11-04,TAO,,-0.16877027820040355,0,0.0
2024-11-04,TON,,0.4225130272065058,1,0.0351357470767945
2024-11-04,TRX,,-0.1134049967966371,0,0.0
2024-11-04,UNI,,0.10435848709999988,0,0.0
2024-11-04,VET,,-0.04846172349140855,0,0.0
2024-11-04,WLD,,-0.17430494111475212,-1,-0.034704257665376534
2024-11-04,XLM,,0.4107679503930485,1,0.023060492741678526
2024-11-04,XRP,,0.556453072374556,1,0.025235680873657722
2024-11-04,ZEC,,0.5152864880021025,1,0.023538666073307016
2024-11-11,AAVE,,-0.5560480776041887,-1,-0.03886023956312878
2024-11-11,ADA,,-0.6678506933017437,-1,-0.027462419906898114
2024-11-11,ALGO,,0.22401620934301056,0,0.0
2024-11-11,APT,,0.06702832791371828,0,0.0
2024-11-11,ARB,,0.13889277699329966,0,0.0
2024-11-11,ATOM,,0.04543154025623033,0,0.0
2024-11-11,AVAX,,0.02386205706289989,0,0.0
2024-11-11,BCH,,-0.045014031309549125,0,0.0
2024-11-11,BNB,,0.11722090205480483,0,0.0
2024-11-11,BONK,,-0.8120298697183496,-1,-0.01908275409476288
2024-11-11,BTC,,0.448711666925558,1,0.034856684817976505
2024-11-11,CAKE,,-0.021360198151088187,0,0.0
2024-11-11,CHZ,,0.18254243000264678,0,0.0
2024-11-11,DASH,,0.33664070591807693,1,0.024878078369983406
2024-11-11,DEXE,,0.2250130019891411,0,0.0
2024-11-11,DOGE,,-0.5343533699282128,-1,-0.027721679542519032
2024-11-11,DOT,,-0.14126496818068524,0,0.0
2024-11-11,ENA,,-0.3784647865623126,-1,-0.02930213662976306
2024-11-11,ETC,,0.18547978103962862,0,0.0
2024-11-11,ETH,,-0.2013030684319587,0,0.0
2024-11-11,FET,,-0.2210707897237348,0,0.0
2024-11-11,FIL,,0.03607612948698799,0,0.0
2024-11-11,HBAR,,-0.27863757527369715,-1,-0.028314916046512147
2024-11-11,ICP,,0.10097811126522145,0,0.0
2024-11-11,JST,,0.36879208401430974,1,0.03972315766975673
2024-11-11,JUP,,-0.12148504627761894,0,0.0
2024-11-11,LINK,,-0.18830119292222489,0,0.0
2024-11-11,LTC,,0.4390910263781456,1,0.0270784717245856
2024-11-11,LUNC,,0.3163090052306346,1,0.021542968831226646
2024-11-11,NEAR,,0.19638951041977143,0,0.0
2024-11-11,NEXO,,0.3678519026516206,1,0.029236923793709707
2024-11-11,PEPE,,-0.2472239282922399,-1,-0.024108565373431413
2024-11-11,POL,,-0.06241934202324188,0,0.0
2024-11-11,QNT,,0.3676071909472003,1,0.018878240807265502
2024-11-11,RENDER,,0.46899319971818654,1,0.014421239823925985
2024-11-11,SHIB,,-0.509867830962279,-1,-0.0349253576147596
2024-11-11,SOL,,0.26959625169513507,0,0.0
2024-11-11,STX,,0.14089607629861028,0,0.0
2024-11-11,SUI,,-0.08975539129844332,0,0.0
2024-11-11,TAO,,-0.20758755004365975,0,0.0
2024-11-11,TON,,0.4016672785896261,1,0.04259583105561997
2024-11-11,TRX,,0.41225598361365745,1,0.029441706852212302
2024-11-11,UNI,,-0.15720442241539617,0,0.0
2024-11-11,VET,,0.1879839494742413,0,0.0
2024-11-11,WLD,,0.2416038163088961,0,0.0
2024-11-11,XLM,,-0.5189639416866879,-1,-0.026265809525504127
2024-11-11,XRP,,-0.4320620553634694,-1,-0.0266094254489833
2024-11-11,ZEC,,0.0813372138795208,0,0.0
2024-11-18,AAVE,,-0.3477135457291575,-1,-0.047472824409991295
2024-11-18,ADA,,-0.27981573338214555,-1,-0.03662757366616217
2024-11-18,ALGO,,0.2968164737740281,1,0.027026060349263227
2024-11-18,APT,,-0.11277689436260342,0,0.0
2024-11-18,ARB,,0.32316345053003104,1,0.03767563360879448
2024-11-18,ATOM,,0.07271522219990331,0,0.0
2024-11-18,AVAX,,0.04446576379702702,0,0.0
2024-11-18,BCH,,0.005479564625541401,0,0.0
2024-11-18,BNB,,-0.2768083566542578,-1,-0.08699192000860796
2024-11-18,BONK,,-0.5170410877518693,-1,-0.023147890313750828
2024-11-18,BTC,,-0.20329464777004663,0,0.0017772308307166598
2024-11-18,CAKE,,0.16457523873171473,0,0.0
2024-11-18,CHZ,,0.24767135058167278,1,0.029657287610872586
2024-11-18,DASH,,0.4281551956938873,1,0.05597361493826791
2024-11-18,DEXE,,-0.057308488833609936,0,0.0
2024-11-18,DOGE,,-0.5051143488385571,-1,-0.03598152691051257
2024-11-18,DOT,,-0.043296771062767705,0,0.0
2024-11-18,ENA,,0.037290593458059094,0,-0.0014940221910440983
2024-11-18,ETC,,0.011450316005260088,0,0.0
2024-11-18,ETH,,-0.5010226468345291,-1,-0.07852534472937067
2024-11-18,FET,,0.01872796102895383,0,0.0
2024-11-18,FIL,,0.17324784683087843,0,0.0
2024-11-18,HBAR,,0.1850599964175544,0,-0.0014436869722350282
2024-11-18,ICP,,0.22699904402809717,0,0.0
2024-11-18,JST,,0.21887828502518472,0,0.0020253567105642176
2024-11-18,JUP,,-0.17579878256633638,0,0.0
2024-11-18,LINK,,-0.0686797495722845,0,0.0
2024-11-18,LTC,,0.08676417587790519,0,0.0013806446324121924
2024-11-18,LUNC,,0.38741096760656724,1,0.04804199352317276
2024-11-18,NEAR,,0.20642545369367973,0,0.0
2024-11-18,NEXO,,0.2686136085499647,1,0.0804017271152097
2024-11-18,PEPE,,-0.16247380988761753,0,-0.001229218610139117
2024-11-18,POL,,0.19431438163148682,0,0.0
2024-11-18,QNT,,0.3275323821891893,1,0.046273616172089915
2024-11-18,RENDER,,0.43536719703421406,1,0.04159635247113319
2024-11-18,SHIB,,-0.34304010596966605,-1,-0.04453425805030359
2024-11-18,SOL,,-0.24968381438535023,-1,-0.077279594118982
2024-11-18,STX,,0.06548423382955681,0,0.0
2024-11-18,SUI,,-0.35016571708263766,-1,-0.043075868053664285
2024-11-18,TAO,,-0.034760127228192814,0,0.0
2024-11-18,TON,,0.3256354004404065,1,0.08108285505306531
2024-11-18,TRX,,-0.14492981534896843,0,0.001501138430115085
2024-11-18,UNI,,-0.09529416869189977,0,0.0
2024-11-18,VET,,0.11508539040965737,0,0.0
2024-11-18,WLD,,0.37768372783221066,1,0.04120145544433009
2024-11-18,XLM,,-0.6895022041314137,-1,-0.016454509391654548
2024-11-18,XRP,,-0.2241615686999915,0,-0.0013567294635891576
2024-11-18,ZEC,,0.13766916296125967,0,0.0
2024-11-25,AAVE,,-0.12637921423127763,0,0.0
2024-11-25,ADA,,-0.46026983920175024,-1,-0.030412276714303476
2024-11-25,ALGO,,0.46291588504278997,1,0.01945043575365871
2024-11-25,APT,,-0.031359545394886494,0,0.0
2024-11-25,ARB,,0.320905185062318,0,0.0
2024-11-25,ATOM,,-0.2006263787276784,0,0.0
2024-11-25,AVAX,,-0.003925347067569114,0,0.0
2024-11-25,BCH,,-0.13280922501126105,0,0.0
2024-11-25,BNB,,-0.365504377655555,-1,-0.09304787777852641
2024-11-25,BONK,,-0.5706329642322014,-1,-0.01754996127430541
2024-11-25,BTC,,-0.6366608005398238,-1,-0.09304787777852641
2024-11-25,CAKE,,0.1378377489583853,0,0.0
2024-11-25,CHZ,,0.10950315028027685,0,0.0
2024-11-25,DASH,,0.5110501779072173,1,0.03291812056661614
2024-11-25,DEXE,,0.20935318443953854,0,0.0
2024-11-25,DOGE,,-0.7582658601345917,-1,-0.02518611498196983
2024-11-25,DOT,,-0.3086149979149943,0,0.0
2024-11-25,ENA,,-0.0006655511153323863,0,0.0
2024-11-25,ETC,,0.18837750032039793,0,0.0
2024-11-25,ETH,,-0.40980243091404617,-1,-0.06550078951032466
2024-11-25,FET,,0.15300431757421912,0,0.0
2024-11-25,FIL,,0.2418084450523348,0,0.0
2024-11-25,HBAR,,0.3922854334157372,1,0.02281781070646159
2024-11-25,ICP,,0.13491236631927672,0,0.0
2024-11-25,JST,,0.46590799984418446,1,0.07961249146303508
2024-11-25,JUP,,0.00911252410963418,0,0.0
2024-11-25,LINK,,-0.2215416756536769,0,0.0
2024-11-25,LTC,,0.5565593403360659,1,0.07525088444814494
2024-11-25,LUNC,,0.24624790292679927,0,0.0
2024-11-25,NEAR,,0.04913814274745913,0,0.0
2024-11-25,NEXO,,0.28272586140031736,0,0.0
2024-11-25,PEPE,,-0.13859756385956437,0,0.0
2024-11-25,POL,,0.027848661733310933,0,0.0
2024-11-25,QNT,,0.7055137813583253,1,0.07961249146303508
2024-11-25,RENDER,,0.34558904436621046,1,0.044140322914800766
2024-11-25,SHIB,,-0.16737636455633104,0,0.0
2024-11-25,SOL,,-0.4217422325100498,-1,-0.06004694982119855
2024-11-25,STX,,0.37301282683707204,1,0.04717322048431533
2024-11-25,SUI,,-0.30890436933103255,-1,-0.030669391539662607
2024-11-25,TAO,,0.19918101037102007,0,0.0
2024-11-25,TON,,0.41062908442915813,1,0.07690475830712425
2024-11-25,TRX,,-0.3784676468216317,-1,-0.08419203415116454
2024-11-25,UNI,,0.0022433912364183354,0,0.0
2024-11-25,VET,,-0.2039858245238579,0,0.0
2024-11-25,WLD,,0.6839134096746026,1,0.03338924258097895
2024-11-25,XLM,,-1.2904023860710403,-1,-0.011616505138188914
2024-11-25,XRP,,-0.28704022404874396,0,0.0
2024-11-25,ZEC,,0.20399844377382262,0,0.0
2024-12-02,AAVE,,-0.02026561632917609,0,0.0
2024-12-02,ADA,,-0.3416242963507695,-1,-0.04837843285107757
2024-12-02,ALGO,,-0.4020152882615078,-1,-0.018359615833503467
2024-12-02,APT,,1.3295000483310127,1,0.04319056062853794
2024-12-02,ARB,,0.3118902932132157,1,0.024057848910031803
2024-12-02,ATOM,,-0.31365335361617275,-1,-0.030601369655299124
2024-12-02,AVAX,,0.23315262620306812,0,0.0
2024-12-02,BCH,,0.0007532374053607961,0,0.0
2024-12-02,BNB,,-0.15827408402062332,0,-0.025563768073399454
2024-12-02,BONK,,-0.7047161497713614,-1,-0.018502324067516538
2024-12-02,BTC,,-0.4957795548413342,-1,-0.08651197390336512
2024-12-02,CAKE,,0.026137154896929124,0,0.0
2024-12-02,CHZ,,0.03867062064743142,0,0.0
2024-12-02,DASH,,0.21438459059324605,0,0.00904385161346882
2024-12-02,DEXE,,0.2695966389415069,0,0.0
2024-12-02,DOGE,,-0.35922931046912776,-1,-0.060644511451073746
2024-12-02,DOT,,-0.45644736172234784,-1,-0.02559880397901298
2024-12-02,ENA,,0.4030347055472377,1,0.018565674349630922
2024-12-02,ETC,,0.8287978549628859,1,0.04319056062853794
2024-12-02,ETH,,-0.1364406455568558,0,-0.017995541990243273
2024-12-02,FET,,0.024395691469217714,0,0.0
2024-12-02,FIL,,0.023927067241323898,0,0.0
2024-12-02,HBAR,,0.5963844681153092,1,0.02713424575160047
2024-12-02,ICP,,0.006208560901967023,0,0.0
2024-12-02,JST,,-0.03647235093920512,0,0.02187255976273545
2024-12-02,JUP,,0.3420034638466731,1,0.02637517455442764
2024-12-02,LINK,,-0.20460411398474915,0,0.0
2024-12-02,LTC,,0.12859247304595428,0,0.020674261501475215
2024-12-02,LUNC,,0.3088426738274398,1,0.02520652399835362
2024-12-02,NEAR,,0.14798380543711348,0,0.0
2024-12-02,NEXO,,0.3180305191867534,1,0.04319056062853794
2024-12-02,PEPE,,-0.22290204526376411,0,0.0
2024-12-02,POL,,-0.03553489688055364,0,0.0
2024-12-02,QNT,,0.12924747714486368,0,0.02187255976273545
2024-12-02,RENDER,,0.3811593819895944,1,0.04171979281910927
2024-12-02,SHIB,,0.09063925538369907,0,0.0
2024-12-02,SOL,,-0.22695907775198174,0,-0.016497166140616998
2024-12-02,STX,,0.41647085666504075,1,0.050158585754385046
2024-12-02,SUI,,0.10695588421141265,0,-0.00842604077589346
2024-12-02,TAO,,0.17666913189889621,0,0.0
2024-12-02,TON,,-0.08002157501620101,0,0.021128643146312277
2024-12-02,TRX,,-0.3848759930074759,-1,-0.05258913370915127
2024-12-02,UNI,,-0.1405463337780083,0,0.0
2024-12-02,VET,,-0.23283547532250326,0,0.0
2024-12-02,WLD,,0.298845090583569,0,0.009173286633342246
2024-12-02,XLM,,-1.6001633456200297,-1,-0.011707629014909971
2024-12-02,XRP,,-0.6797961853190766,-1,-0.025178378998159067
2024-12-02,ZEC,,0.08088348213209585,0,0.0
2024-12-09,AAVE,,0.2615200807979007,1,0.0424791951275432
2024-12-09,ADA,,-0.24614385080466764,-1,-0.05169238259648774
2024-12-09,ALGO,,-0.3632569644104809,-1,-0.027993640836747543
2024-12-09,APT,,0.16421799771606613,0,0.006430219672108987
2024-12-09,ARB,,0.09114543129054187,0,0.003581737562065746
2024-12-09,ATOM,,-0.23969655053488717,-1,-0.041281918452286695
2024-12-09,AVAX,,0.013484483223896542,0,0.0
2024-12-09,BCH,,0.01696838789036131,0,0.0
2024-12-09,BNB,,-0.24372977087728256,-1,-0.09877639792883908
2024-12-09,BONK,,0.40400607988638554,1,0.062027782249611016
2024-12-09,BTC,,-0.34929549093904966,-1,-0.10785037952121138
2024-12-09,CAKE,,0.04322676951314658,0,0.0
2024-12-09,CHZ,,-0.04169035741704771,0,0.0
2024-12-09,DASH,,0.02399839607553212,0,0.0013464505139610733
2024-12-09,DEXE,,0.23734841905885376,1,0.028447361074118944
2024-12-09,DOGE,,0.005332965804334241,0,-0.009028767509919072
2024-12-09,DOT,,-0.3359396559882511,-1,-0.03525531167125118
2024-12-09,ENA,,1.9035608419322978,1,0.07861714278987095
2024-12-09,ETC,,-0.020921513399157397,0,0.006430219672108987
2024-12-09,ETH,,-0.21058529500537645,0,-0.002679180043786405
2024-12-09,FET,,0.05094716134289624,0,0.0
2024-12-09,FIL,,-0.03692620491070613,0,0.0
2024-12-09,HBAR,,-0.21810592368467174,0,0.004039752165302869
2024-12-09,ICP,,-0.04736664216549991,0,0.0
2024-12-09,JST,,-0.054159854420792686,0,0.0032563912581581624
2024-12-09,JUP,,0.305845213333539,1,0.047414265541455364
2024-12-09,LINK,,-0.08588572098483926,0,0.0
2024-12-09,LTC,,-0.18908100369998115,0,0.003077988363162667
2024-12-09,LUNC,,0.18847815804749293,1,0.03520929156826515
2024-12-09,NEAR,,0.0737138524563295,0,0.0
2024-12-09,NEXO,,0.17199840909065064,0,0.006430219672108987
2024-12-09,PEPE,,0.4284793470066304,1,0.0429811604292578
2024-12-09,POL,,0.04737328177826868,0,0.0
2024-12-09,QNT,,-0.09497925063301664,0,0.0032563912581581624
2024-12-09,RENDER,,0.2627779634399885,1,0.05232953915211085
2024-12-09,SHIB,,0.11520285041560158,0,0.0
2024-12-09,SOL,,-0.08383764440495803,0,-0.002456101534865321
2024-12-09,STX,,0.12951804507647358,0,0.0074676207057590704
2024-12-09,SUI,,0.25872063890007074,1,0.03848310227969877
2024-12-09,TAO,,0.16674936159970039,0,0.0
2024-12-09,TON,,-0.025265059886262663,0,0.0031456367971898457
2024-12-09,TRX,,-0.4031075367116702,-1,-0.04359847980934525
2024-12-09,UNI,,-0.19473176695074246,0,0.0
2024-12-09,VET,,-0.23865180546236933,-1,-0.02938575904654026
2024-12-09,WLD,,0.19307892674569888,1,0.0261594229063524
2024-12-09,XLM,,-1.3987742431704806,-1,-0.01305340736630338
2024-12-09,XRP,,-0.5256504428172888,-1,-0.039559164440785874
2024-12-09,ZEC,,0.09008948685681746,0,0.0
2024-12-16,AAVE,,0.1348760981859971,0,0.008232051220831954
2024-12-16,ADA,,0.1466779182806798,0,-0.010017476554898659
2024-12-16,ALGO,,-0.9366267450803286,-1,-0.02205699174388399
2024-12-16,APT,,0.14180223144767587,0,0.0012461134808008758
2024-12-16,ARB,,0.033217465264364754,0,0.0006941055964449078
2024-12-16,ATOM,,0.0569458531170708,0,-0.008000030748536606
2024-12-16,AVAX,,0.028085072691108416,0,0.0
2024-12-16,BCH,,0.10062641024537874,0,0.0
2024-12-16,BNB,,0.27082464418533303,1,0.009031280037618106
2024-12-16,BONK,,0.23449523562291297,1,0.04138255262152084
2024-12-16,BTC,,0.3084514968246511,1,0.016433532499133582
2024-12-16,CAKE,,-0.3333815536940372,-1,-0.021795152938717453
2024-12-16,CHZ,,-0.04024529532010308,0,0.0
2024-12-16,DASH,,-0.29443747452215757,-1,-0.022285544079316797
2024-12-16,DEXE,,0.7053235645655974,1,0.01847542390944739
2024-12-16,DOGE,,0.10961528847556344,0,-0.001749686555488553
2024-12-16,DOT,,0.0962824729818735,0,-0.006832133485880375
2024-12-16,ENA,,0.3053761439003518,1,0.02857542459242942
2024-12-16,ETC,,0.06791289424807678,0,0.0012461134808008758
2024-12-16,ETH,,0.16378339960425006,0,-0.0005191988050635191
2024-12-16,FET,,-0.03500086201810592,0,0.0
2024-12-16,FIL,,-0.040886988023927595,0,0.0
2024-12-16,HBAR,,-0.6487898912020876,-1,-0.018321460270374443
2024-12-16,ICP,,0.08497471436584138,0,0.0
2024-12-16,JST,,-0.3102314305616559,-1,-0.031499089775662015
2024-12-16,JUP,,0.1977750901253795,1,0.02389973197265852
2024-12-16,LINK,,-0.1877945368149213,0,0.0
2024-12-16,LTC,,-0.023186881003623906,0,0.0005964839443544615
2024-12-16,LUNC,,0.03483104928749111,0,0.006823215241459041
2024-12-16,NEAR,,0.05167076067583718,0,0.0
2024-12-16,NEXO,,0.3685414160533105,1,0.03262011737738717
2024-12-16,PEPE,,0.1602859439961836,0,0.00832932717115041
2024-12-16,POL,,0.14986438551206524,0,0.0
2024-12-16,QNT,,-0.4060290821193468,-1,-0.02156826513083776
2024-12-16,RENDER,,0.11534075565183512,0,0.010140951243762943
2024-12-16,SHIB,,0.06134932123168297,0,0.0
2024-12-16,SOL,,0.04700358039402636,0,-0.0004759683788232989
2024-12-16,STX,,-0.003120365213599538,0,0.0014471516224113853
2024-12-16,SUI,,0.45242469721156625,1,0.027362124448866473
2024-12-16,TAO,,0.006719948341852597,0,0.0
2024-12-16,TON,,0.20368496856064355,1,0.024678266972081087
2024-12-16,TRX,,-0.5210426644225066,-1,-0.030342964297241305
2024-12-16,UNI,,-0.2856278287733556,-1,-0.025015663552713896
2024-12-16,VET,,-0.425543300511507,-1,-0.028071193951781127
2024-12-16,WLD,,-0.19225656324750356,0,0.005069439489753164
2024-12-16,XLM,,0.14953607746740527,0,-0.0025296222709295327
2024-12-16,XRP,,-0.6332531308306373,-1,-0.029202418953789007
2024-12-16,ZEC,,0.329155694843405,1,0.013999454571025784
2024-12-23,AAVE,,-0.33369131498075566,-1,-0.029543110102380206
2024-12-23,ADA,,0.21736514493570316,0,0.0
2024-12-23,ALGO,,0.0811462914609509,0,0.0
2024-12-23,APT,,0.13371167162252495,0,0.0
2024-12-23,ARB,,-0.02031727396927769,0,0.0
2024-12-23,ATOM,,0.05264017430122602,0,0.0
2024-12-23,AVAX,,-0.062499496658682145,0,0.0
2024-12-23,BCH,,0.027706733827492055,0,0.0
2024-12-23,BNB,,0.5287574899481827,1,0.026962388634602413
2024-12-23,BONK,,0.4836225892601194,1,0.028178186268371225
2024-12-23,BTC,,0.1824958370301095,0,0.0
2024-12-23,CAKE,,-0.42972045390765085,-1,-0.02198535831788745
2024-12-23,CHZ,,-0.13875387711270026,0,0.0
2024-12-23,DASH,,-0.045176446290378085,0,0.0
2024-12-23,DEXE,,0.6361793286318681,1,0.012157838208201037
2024-12-23,DOGE,,0.29349163175474907,1,0.020853451274486727
2024-12-23,DOT,,0.16282165845134333,0,0.0
2024-12-23,ENA,,-0.3305714274905132,-1,-0.03152788415103974
2024-12-23,ETC,,0.11573889095322328,0,0.0
2024-12-23,ETH,,0.33044097670749406,1,0.02541696478933418
2024-12-23,FET,,0.19568575977256872,0,0.0
2024-12-23,FIL,,0.11192456762202796,0,0.0
2024-12-23,HBAR,,-1.0363536884275653,-1,-0.020207347185739643
2024-12-23,ICP,,0.1546158590329363,0,0.0
2024-12-23,JST,,-0.5634464064840137,-1,-0.031695318551426356
2024-12-23,JUP,,0.3012405497241925,1,0.017920571851444928
2024-12-23,LINK,,-0.6319016131803634,-1,-0.025408788698911142
2024-12-23,LTC,,0.09173253993194495,0,0.0
2024-12-23,LUNC,,-0.03255567816314278,0,0.0
2024-12-23,NEAR,,0.142972063510724,0,0.0
2024-12-23,NEXO,,0.4767215539898427,1,0.03927681332675028
2024-12-23,PENGU,,0.04172980160963155,0,0.0
2024-12-23,PEPE,,0.09195262401067006,0,0.0
2024-12-23,POL,,0.08518121987057911,0,0.0
2024-12-23,QNT,,-0.6002204751430773,-1,-0.021810492799714656
2024-12-23,RENDER,,-0.003323954213162174,0,0.0
2024-12-23,SHIB,,0.32043789799469574,1,0.022323172080600414
2024-12-23,SOL,,0.5392007736544363,1,0.025650043134916665
2024-12-23,STX,,-0.024298431622609862,0,0.0
2024-12-23,SUI,,-0.1669576666012531,0,0.0
2024-12-23,TAO,,0.19997128073575093,0,0.0
2024-12-23,TON,,0.6121938131558884,1,0.03140037456763049
2024-12-23,TRX,,-0.844830705591677,-1,-0.021564276312593892
2024-12-23,UNI,,-0.7154798287351183,-1,-0.024681938342585957
2024-12-23,VET,,-0.8109171051585476,-1,-0.021715289674059352
2024-12-23,WLD,,0.049959004654776755,0,0.0
2024-12-23,XLM,,-0.018044255001747167,0,0.0
2024-12-23,XRP,,-0.03061308108167812,0,0.0
2024-12-23,ZEC,,0.17803545165826332,0,0.0
2024-12-30,AAVE,,-0.9143852119982485,-1,-0.028843843386521347
2024-12-30,ADA,,-0.3014707083419723,-1,-0.026325094664355474
2024-12-30,ALGO,,-0.31607874308362377,-1,-0.0267658958124548
2024-12-30,APT,,-0.10359607088496539,0,0.0
2024-12-30,ARB,,-0.2620496687764335,-1,-0.024751366826187504
2024-12-30,ATOM,,-0.13036253188721356,0,0.0
2024-12-30,AVAX,,-0.17494701825161688,0,0.0
2024-12-30,BCH,,0.2901455363117416,1,0.019748105416036707
2024-12-30,BNB,,0.5238021195754204,1,0.031644928193287236
2024-12-30,BONK,,0.2152802756461035,0,0.0
2024-12-30,BTC,,0.4610863169556258,1,0.036188557805257184
2024-12-30,CAKE,,-0.07753573767114227,0,0.0
2024-12-30,CHZ,,0.09981689266568217,0,0.0
2024-12-30,DASH,,-0.05946951027525834,0,0.0
2024-12-30,DEXE,,-0.409628618665177,-1,-0.01996702422214962
2024-12-30,DOGE,,-0.16940942457299074,0,0.0
2024-12-30,DOT,,0.10530250865925721,0,0.0
2024-12-30,ENA,,-0.7496307318847915,-1,-0.021425809211785475
2024-12-30,ETC,,0.1599518524714265,0,0.0
2024-12-30,ETH,,0.38759334588739003,1,0.020665009349046963
2024-12-30,FET,,-0.3635302858152605,-1,-0.022505274130105647
2024-12-30,FIL,,-0.19056557597988985,0,0.0
2024-12-30,HBAR,,0.5566865933769731,1,0.02238373068951151
2024-12-30,ICP,,-0.06969226947414714,0,0.0
2024-12-30,JST,,0.10849015201925309,0,0.0
2024-12-30,JUP,,-0.06495036617846983,0,0.0
2024-12-30,LINK,,-0.18431603394739685,0,0.0
2024-12-30,LTC,,0.06013535993171424,0,0.0
2024-12-30,LUNC,,0.1978044223930543,0,0.0
2024-12-30,NEAR,,-0.025096377512548437,0,0.0
2024-12-30,NEXO,,0.5976493691634628,1,0.03472162983544621
2024-12-30,PENGU,,0.04003429928925806,0,0.0
2024-12-30,PEPE,,0.08823293835497163,0,0.0
2024-12-30,POL,,0.20274108554175987,0,0.0
2024-12-30,QNT,,0.10077936300400554,0,0.0
2024-12-30,RENDER,,-0.1304953350968286,0,0.0
2024-12-30,SHIB,,0.14432268694229552,0,0.0
2024-12-30,SOL,,0.30901708171021947,1,0.016196823189953132
2024-12-30,STX,,-0.11926995379519181,0,0.0
2024-12-30,SUI,,-0.20645323864943696,-1,-0.03000031226709765
2024-12-30,TAO,,-0.25783280597643077,-1,-0.025216939838942562
2024-12-30,TON,,0.3724108239152446,1,0.02462284304877194
2024-12-30,TRX,,0.36481296352608894,1,0.023421115415267823
2024-12-30,UNI,,0.05324497604277529,0,0.0
2024-12-30,VET,,0.10553639239392554,0,0.0
2024-12-30,WLD,,-0.10410737156677455,0,0.0
2024-12-30,XLM,,-0.48255016941499274,-1,-0.024236714757167165
2024-12-30,XRP,,0.2712608489614382,1,0.02044553217418855
2024-12-30,ZEC,,0.05128555496170716,0,0.0
2025-01-06,AAVE,,0.07627244097992651,0,0.0
2025-01-06,ADA,,-0.44052234797913875,-1,-0.025997799775316667
2025-01-06,ALGO,,-0.30086504948423687,-1,-0.027467695761311174
2025-01-06,APT,,0.013345276532398738,0,0.0
2025-01-06,ARB,,-0.578801665990565,-1,-0.02348742008027646
2025-01-06,ATOM,,-0.09606854982200932,0,0.0
2025-01-06,AVAX,,-0.3053006216939727,-1,-0.025665369027957328
2025-01-06,BCH,,0.6139262968458875,1,0.020217454212759865
2025-01-06,BNB,,0.7174415338190276,1,0.030661811575641483
2025-01-06,BONK,,-0.05911765557815256,0,0.0
2025-01-06,BTC,,0.6760465302267716,1,0.03749433153602845
2025-01-06,CAKE,,-0.18687880211065436,0,0.0
2025-01-06,CHZ,,0.16487353758068726,0,0.0
2025-01-06,DASH,,-0.14235062797887033,0,0.0
2025-01-06,DEXE,,-0.1195847072713453,0,0.0
2025-01-06,DOGE,,-0.25910481313934747,0,0.0
2025-01-06,DOT,,0.06864757624671507,0,0.0
2025-01-06,ENA,,-1.1912874077314328,-1,-0.01897536575902254
2025-01-06,ETC,,0.2361032821859008,0,0.0
2025-01-06,ETH,,0.26822452264201,1,0.018613339867455326
2025-01-06,FET,,-0.6489305248459788,-1,-0.021714964997156104
2025-01-06,FIL,,-0.2724626312458836,0,0.0
2025-01-06,HBAR,,0.4721838434099167,1,0.023571448969816947
2025-01-06,ICP,,-0.3101806389499498,-1,-0.027014473583569888
2025-01-06,JST,,0.4705612560389803,1,0.024753058891951882
2025-01-06,JUP,,-0.11454147966445569,0,0.0
2025-01-06,LINK,,-0.06228868389404045,0,0.0
2025-01-06,LTC,,-0.06393947409556,0,0.0
2025-01-06,LUNC,,0.027566440146942515,0,0.0
2025-01-06,NEAR,,-0.17096763209169524,0,0.0
2025-01-06,NEXO,,0.4481437570897032,1,0.029563863953406922
2025-01-06,PENGU,,0.04358669007745264,0,0.0
2025-01-06,PEPE,,-0.03408895484174548,0,0.0
2025-01-06,POL,,0.20392930758908118,0,0.0
2025-01-06,QNT,,0.1644991483589539,0,0.0
2025-01-06,RENDER,,-0.2520724107026503,0,0.0
2025-01-06,SHIB,,0.24047704702292744,0,0.0
2025-01-06,SOL,,0.09335629129274588,0,0.0
2025-01-06,STX,,-0.017676799169600414,0,0.0
2025-01-06,SUI,,-0.3927846506588414,-1,-0.028878494080626177
2025-01-06,TAO,,-0.579576315691491,-1,-0.02498296576141849
2025-01-06,TON,,0.5009842967121826,1,0.023241615987254674
2025-01-06,TRX,,0.30528624796958803,1,0.02205026718945698
2025-01-06,UNI,,0.09422763035643714,0,0.0
2025-01-06,VET,,0.09404975040203105,0,0.0
2025-01-06,WLD,,0.11587082770840644,0,0.0
2025-01-06,XLM,,-0.3141986474058705,-1,-0.0258643405691457
2025-01-06,XRP,,0.8030068172005523,1,0.01988169721202799
2025-01-06,ZEC,,0.00098074360225966,0,0.0
2025-01-13,AAVE,,0.3525793232841044,0,0.0
2025-01-13,ADA,,-0.4558736874044057,-1,-0.02878606981741721
2025-01-13,ALGO,,-0.25313068190332916,0,0.0
2025-01-13,APT,,0.22786870074132987,0,0.0
2025-01-13,ARB,,-0.4969125636211754,-1,-0.026214110035803557
2025-01-13,ATOM,,-0.07191769109062014,0,0.0
2025-01-13,AVAX,,-0.17921161792280232,0,0.0
2025-01-13,BCH,,0.47258532230248224,1,0.031588192269732376
2025-01-13,BNB,,0.5829520121585773,1,0.03565639736899298
2025-01-13,BONK,,-0.0360288352329519,0,0.0
2025-01-13,BTC,,0.805005627930017,1,0.03409953050149706
2025-01-13,CAKE,,0.027252046651963468,0,0.0
2025-01-13,CHZ,,0.21406952040554586,0,0.0
2025-01-13,DASH,,0.0505840493211628,0,0.0
2025-01-13,DEXE,,-0.5362302598322621,-1,-0.026858548707227755
2025-01-13,DOGE,,-0.07785206836973578,0,0.0
2025-01-13,DOT,,0.12629903456750624,0,0.0
2025-01-13,ENA,,-1.2283580891382873,-1,-0.01773713083909035
2025-01-13,ETC,,0.41881041584665185,1,0.021310749071285884
2025-01-13,ETH,,0.33450811548182063,0,0.0
2025-01-13,FET,,-0.5924140935651263,-1,-0.02522612819082391
2025-01-13,FIL,,-0.10407331315150482,0,0.0
2025-01-13,HBAR,,0.45225769481877537,1,0.017251838024070543
2025-01-13,ICP,,-0.22397704452857442,0,0.0
2025-01-13,JST,,0.1416568551186886,0,0.0
2025-01-13,JUP,,0.08216674745495323,0,0.0
2025-01-13,LINK,,-0.15176674390226946,0,0.0
2025-01-13,LTC,,0.09003846139025054,0,0.0
2025-01-13,LUNC,,-0.16849149079792233,0,0.0
2025-01-13,NEAR,,0.04701933443961476,0,0.0
2025-01-13,NEXO,,0.7213406059107413,1,0.028266171617998614
2025-01-13,PENGU,,-1.1774679778908133,-1,-0.018341925108224136
2025-01-13,PEPE,,-0.0665089472973583,0,0.0
2025-01-13,POL,,0.3518457837544428,0,0.0
2025-01-13,QNT,,0.4438555089927277,1,0.020188696324063476
2025-01-13,RENDER,,-0.27556182690059056,0,0.0
2025-01-13,SHIB,,0.21853904472385535,0,0.0
2025-01-13,SOL,,-0.405072776456474,-1,-0.0250839051709113
2025-01-13,STX,,0.1613329847743314,0,0.0
2025-01-13,SUI,,-0.7345151967398091,-1,-0.026999684041026463
2025-01-13,TAO,,-0.5335836997813318,-1,-0.026278349867022818
2025-01-13,TON,,0.30585574227041573,0,0.0
2025-01-13,TRX,,0.439078783841002,1,0.024915829704237245
2025-01-13,UNI,,0.012931252856945904,0,0.0
2025-01-13,VET,,0.2500019935484818,0,0.0
2025-01-13,WLD,,0.009492755687254526,0,0.0
2025-01-13,XLM,,-0.48188571385729123,-1,-0.02848579357594709
2025-01-13,XRP,,0.5298476182547972,1,0.01709119188104585
2025-01-13,ZEC,,0.38105898285619344,1,0.019643048590570526
2025-01-20,AAVE,,0.3222607862867086,1,0.02937690231944523
2025-01-20,ADA,,-0.451619068902052,-1,-0.04495789279489288
2025-01-20,ALGO,,-0.2467768851178896,0,0.0
2025-01-20,APT,,0.025721409688325682,0,0.0
2025-01-20,ARB,,-0.28825077355107637,-1,-0.04126906132489937
2025-01-20,ATOM,,0.13681874436164512,0,0.0
2025-01-20,AVAX,,-0.09940815944411402,0,0.0
2025-01-20,BCH,,0.3386649232457097,1,0.053320519957088114
2025-01-20,BNB,,-0.020395931641530377,0,0.0
2025-01-20,BONK,,-0.2825406859455745,0,0.0
2025-01-20,BTC,,0.23380559134138965,0,0.0
2025-01-20,CAKE,,0.08874898316701724,0,0.0
2025-01-20,CHZ,,0.1276691886480381,0,0.0
2025-01-20,DASH,,0.16073457133402508,0,0.0
2025-01-20,DEXE,,-0.2139575186650591,0,0.0
2025-01-20,DOGE,,-0.2717705153625561,0,0.0
2025-01-20,DOT,,0.17496131799047607,0,0.0
2025-01-20,ENA,,-0.7653019100771571,-1,-0.028017517569186585
2025-01-20,ETC,,0.3833073665923376,1,0.03562418953956136
2025-01-20,ETH,,0.08827333287489546,0,0.0
2025-01-20,FET,,-0.2915630005532989,-1,-0.040111426371215765
2025-01-20,FIL,,-0.06670698477417293,0,0.0
2025-01-20,HBAR,,0.1283616562583733,0,0.0
2025-01-20,ICP,,-0.35826481403418114,-1,-0.04818013199880315
2025-01-20,JST,,0.35686605276133904,1,0.05288845728308363
2025-01-20,JUP,,0.3111961499016293,0,0.0
2025-01-20,LINK,,-0.15133355910542406,0,0.0
2025-01-20,LTC,,-0.0518596245520502,0,0.0
2025-01-20,LUNC,,-0.05480685607656388,0,0.0
2025-01-20,NEAR,,-0.021286757383306442,0,0.0
2025-01-20,NEXO,,0.686141431410363,1,0.039042255995946296
2025-01-20,PENGU,,-0.5190652707515964,-1,-0.03436818873847182
2025-01-20,PEPE,,-0.07215975148338147,0,0.0
2025-01-20,POL,,0.31144386160897874,0,0.0
2025-01-20,QNT,,0.6212052538578707,1,0.04234654149752691
2025-01-20,RENDER,,-0.07515466228779522,0,0.0
2025-01-20,SHIB,,0.07656265385743184,0,0.0
2025-01-20,SOL,,-0.7222715305451192,-1,-0.03681823741232877
2025-01-20,STX,,0.097025921362941,0,0.0
2025-01-20,SUI,,-0.7964254115500484,-1,-0.038867497483484406
2025-01-20,TAO,,-0.23236570133390008,0,0.0
2025-01-20,TON,,0.44980779770195023,1,0.05576344538169508
2025-01-20,TRUMP,,0.07706529472365406,0,0.0
2025-01-20,TRX,,0.5288202069613847,1,0.03813011038074534
2025-01-20,UNI,,-0.3880397475759336,-1,-0.05513351533987856
2025-01-20,VET,,0.22801093494413383,0,0.0
2025-01-20,WLD,,0.3214617863026148,1,0.024107173599592822
2025-01-20,XLM,,-0.4808684095507184,-1,-0.04431244559670194
2025-01-20,XRP,,0.24158817492191773,0,0.0
2025-01-20,ZEC,,0.4056701381593433,1,0.041436318675178455
2025-01-27,AAVE,,-0.27437549561073993,-1,-0.016834711010408093
2025-01-27,ADA,,0.10706430000779148,0,-0.012121628519588264
2025-01-27,ALGO,,-0.31785073927442103,-1,-0.023816374024055176
2025-01-27,APT,,0.24670423259590865,1,0.01733005746644636
2025-01-27,ARB,,0.03925281766496912,0,-0.011127039094442709
2025-01-27,ATOM,,0.10297925481766365,0,0.0
2025-01-27,AVAX,,0.07410214793998104,0,0.0
2025-01-27,BCH,,0.22878251243082712,0,0.014376375208237882
2025-01-27,BNB,,0.25870287726320856,1,0.026155354378028562
2025-01-27,BONK,,-0.8457753151268392,-1,-0.015432239653133532
2025-01-27,BTC,,0.1834231386899113,0,0.0
2025-01-27,CAKE,,0.34871451559602107,1,0.019671130529414618
2025-01-27,CHZ,,0.24532521982685437,1,0.02001095969074337
2025-01-27,DASH,,0.19069287556084763,0,0.0
2025-01-27,DEXE,,0.6042189161761938,1,0.017886860369058222
2025-01-27,DOGE,,-0.15417177067291443,0,0.0
2025-01-27,DOT,,0.258963976087753,1,0.018489001313969237
2025-01-27,ENA,,0.05178359631666316,0,-0.0075541338550746615
2025-01-27,ETC,,0.18552006394374546,0,0.00960505853510597
2025-01-27,ETH,,0.2574824509865876,1,0.02199572621882414
2025-01-27,FET,,-0.11598005198536832,0,-0.010814915460582417
2025-01-27,FIL,,0.02340696808139716,0,0.0
2025-01-27,HBAR,,-0.605756193424084,-1,-0.019713201183778215
2025-01-27,ICP,,0.23028469253944966,0,-0.012990414492481797
2025-01-27,JST,,0.017620700771966192,0,0.014259881687170163
2025-01-27,JUP,,-0.4738688714449503,-1,-0.018243272753418235
2025-01-27,LINK,,-0.8593353388065528,-1,-0.016907121233324215
2025-01-27,LTC,,-0.09366215970709532,0,0.0
2025-01-27,LUNC,,0.19336577502031016,0,0.0
2025-01-27,NEAR,,0.05815710995791082,0,0.0
2025-01-27,NEXO,,0.20275403867134256,0,0.010526643806653
2025-01-27,PENGU,,-0.29325313102735207,-1,-0.02641532012126186
2025-01-27,PEPE,,0.23591040026726187,0,0.0
2025-01-27,POL,,0.10944724978567631,0,0.0
2025-01-27,QNT,,0.2613979693799908,1,0.027517397299127062
2025-01-27,RENDER,,-0.10757089376607899,0,0.0
2025-01-27,SHIB,,0.26201428107158836,1,0.021567944572559325
2025-01-27,SOL,,-1.3669122945993144,-1,-0.023988667155988203
2025-01-27,STX,,0.2565070681354037,1,0.017161494815340322
2025-01-27,SUI,,0.08539174055801808,0,-0.010479525099858548
2025-01-27,TAO,,0.04513750715712522,0,0.0
2025-01-27,TON,,0.1119074000049366,0,0.015035041187829945
2025-01-27,TRUMP,,0.03091492033886566,0,0.0
2025-01-27,TRX,,0.21507466413408338,0,0.01028070945306396
2025-01-27,UNI,,0.08778205339414402,0,-0.014865198308514752
2025-01-27,VET,,0.15482777216785576,0,0.0
2025-01-27,WLD,,-0.17735490642071242,-1,-0.01605359679652526
2025-01-27,XLM,,0.2063568161744245,0,-0.011947601876454127
2025-01-27,XRP,,-0.5008310053564562,-1,-0.023736811216979303
2025-01-27,ZEC,,0.014726143706196125,0,0.011172135324297238
2025-02-03,AAVE,,-0.18991228356541948,-1,-0.04818593674254902
2025-02-03,ADA,,-0.187503642343915,-1,-0.06108024509601955
2025-02-03,ALGO,,-0.2045634718008912,-1,-0.04150483469730684
2025-02-03,APT,,0.3371198247398158,1,0.04088389882925309
2025-02-03,ARB,,0.13429627867319638,0,0.0
2025-02-03,ATOM,,0.10827431399012379,0,0.0
2025-02-03,AVAX,,0.008593115398235587,0,0.0
2025-02-03,BCH,,-0.017278134171111615,0,0.0
2025-02-03,BNB,,0.18735365588755878,0,0.0
2025-02-03,BONK,,-0.47764982020121555,-1,-0.02732947198141653
2025-02-03,BTC,,-0.12663504720433744,0,0.0
2025-02-03,CAKE,,0.4532009599480618,1,0.03582826168416829
2025-02-03,CHZ,,0.34097548575413905,1,0.03980124939968609
2025-02-03,DASH,,0.3038163047859805,1,0.04115129997593766
2025-02-03,DEXE,,0.13340196208246682,0,0.0
2025-02-03,DOGE,,-0.11557139132730802,0,0.0
2025-02-03,DOT,,0.1521096920519172,0,0.0
2025-02-03,ENA,,0.046642420914971915,0,0.0
2025-02-03,ETC,,-0.07357233597940892,0,0.0
2025-02-03,ETH,,-0.2072986708674044,-1,-0.07020502088493467
2025-02-03,FET,,0.023612101932895795,0,0.0
2025-02-03,FIL,,0.08409044089989205,0,0.0
2025-02-03,HBAR,,-0.49381270442549585,-1,-0.033309705228818376
2025-02-03,ICP,,0.1360310149951702,0,0.0
2025-02-03,JST,,0.20565663323751743,0,0.0
2025-02-03,JUP,,-0.3418970919704766,-1,-0.034571895567808424
2025-02-03,LINK,,-0.7611901519847406,-1,-0.030692176455119007
2025-02-03,LTC,,-0.07235472699601753,0,0.0
2025-02-03,LUNC,,0.23174638171491918,1,0.029088186648455708
2025-02-03,NEAR,,-0.10301155553952357,0,0.0
2025-02-03,NEXO,,0.18278918972300787,0,0.0
2025-02-03,PENGU,,-0.1036836647995685,0,0.0
2025-02-03,PEPE,,0.29872295491580236,1,0.055802789245625255
2025-02-03,POL,,0.15134362171447802,0,0.0
2025-02-03,QNT,,0.3202951916085012,1,0.04568592071348859
2025-02-03,RENDER,,0.014197991247743869,0,0.0
2025-02-03,SHIB,,0.3747415628565421,1,0.04104279685007668
2025-02-03,SOL,,-1.1221393777216568,-1,-0.025497705926726837
2025-02-03,STX,,0.10308012956989461,0,0.0
2025-02-03,SUI,,-0.048278645208646526,0,0.0
2025-02-03,TAO,,0.27882971742998724,1,0.03262018335626324
2025-02-03,TON,,-0.006529792274933834,0,0.0
2025-02-03,TRUMP,,0.07415859070800752,0,0.0
2025-02-03,TRX,,0.2775173856971109,1,0.04905386924296388
2025-02-03,UNI,,0.2157792184776298,0,0.0
2025-02-03,VET,,-0.09152471960868973,0,0.0
2025-02-03,WLD,,-0.041092430717357076,0,0.0
2025-02-03,XLM,,0.010186308409217922,0,0.0
2025-02-03,XRP,,-0.5889863895831434,-1,-0.03858146336521914
2025-02-03,ZEC,,0.1859235989264789,0,0.0
2025-02-10,AAVE,,0.009705176348029497,0,-0.005238739287897372
2025-02-10,ADA,,-0.22197717239900666,-1,-0.03447861414031999
2025-02-10,ALGO,,0.15330145429430503,0,-0.0045123748310255535
2025-02-10,APT,,0.22326867455677515,1,0.025340798405849164
2025-02-10,ARB,,-0.03164709849865833,0,0.0
2025-02-10,ATOM,,0.06472256611793031,0,0.0
2025-02-10,AVAX,,0.05876810053944133,0,0.0
2025-02-10,BCH,,0.1405194823390562,0,0.0
2025-02-10,BNB,,0.3793841219948286,1,0.026178926472416535
2025-02-10,BONK,,0.08808587558681491,0,-0.0029712399149047566
2025-02-10,BTC,,0.21443875196244236,1,0.036655504744537167
2025-02-10,CAKE,,-2.007965416863621,-1,-0.006751068370102156
2025-02-10,CHZ,,0.2121756242867923,1,0.022380721343976076
2025-02-10,DASH,,0.18128724173302493,0,0.004473938798446833
2025-02-10,DEXE,,-0.45859559032092573,-1,-0.03923624986879613
2025-02-10,DOGE,,0.067977753770729,0,0.0
2025-02-10,DOT,,0.18870992195468286,1,0.021919587739820452
2025-02-10,ENA,,0.08268205064089369,0,0.0
2025-02-10,ETC,,0.03171709339091191,0,0.0
2025-02-10,ETH,,0.12284951593999908,0,-0.007632637777337262
2025-02-10,FET,,-0.06135351234655054,-1,-0.02560554475726822
2025-02-10,FIL,,0.011674352223516782,0,0.0
2025-02-10,HBAR,,0.03618785267226936,0,-0.0036214064361314822
2025-02-10,ICP,,0.22388073423762467,1,0.02748942686986072
2025-02-10,JST,,0.13122619918295342,0,0.0
2025-02-10,JUP,,0.04474113234568046,0,-0.00375863083322062
2025-02-10,LINK,,0.0052417169391646675,0,-0.0033368306501040147
2025-02-10,LTC,,0.13120531492678758,0,0.0
2025-02-10,LUNC,,0.06653369465435344,0,0.003162446068510228
2025-02-10,NEAR,,-0.1134246917732555,-1,-0.029829803060640165
2025-02-10,NEXO,,0.24493469030889914,1,0.029755126868605312
2025-02-10,PENGU,,-0.33100315062113717,-1,-0.017907180008459124
2025-02-10,PEPE,,0.1852520902101286,0,0.006066837840202788
2025-02-10,POL,,0.04020505882974375,0,0.0
2025-02-10,QNT,,0.207644728152764,1,0.023439396040049527
2025-02-10,RENDER,,-0.13947071163375108,-1,-0.023967249314703436
2025-02-10,SHIB,,0.2702654342837245,1,0.023678991598490354
2025-02-10,SOL,,0.05723563063654099,0,-0.002772091668639242
2025-02-10,STX,,0.024098404487429996,0,0.0
2025-02-10,SUI,,0.0019503738394215315,0,0.0
2025-02-10,TAO,,0.10522850217227264,0,0.0035464421297837848
2025-02-10,TON,,0.07848160751757008,0,0.0
2025-02-10,TRUMP,,-1.0145061379854612,-1,-0.014958763202134615
2025-02-10,TRX,,0.3814760727014257,1,0.03156464080689139
2025-02-10,UNI,,0.12450496099923598,0,0.0
2025-02-10,VET,,-0.007901222456466104,0,0.0
2025-02-10,WLD,,-0.21955787069990088,-1,-0.024439898504177795
2025-02-10,XLM,,0.09325379192901458,0,0.0
2025-02-10,XRP,,-0.10506542022837817,-1,-0.03463446310157835
2025-02-10,ZEC,,0.027652247119930928,0,0.0
2025-02-17,AAVE,,-0.023067289694352913,0,-0.00024081735180419856
2025-02-17,ADA,,-0.1794281306036594,-1,-0.0326119692337286
2025-02-17,ALGO,,0.093887906782873,0,-0.000207427416681321
2025-02-17,APT,,0.17113116011213542,0,0.0011648802563622093
2025-02-17,ARB,,0.06870533474701263,0,0.0
2025-02-17,ATOM,,0.1921551615691004,1,0.028263831537020105
2025-02-17,AVAX,,0.1442440405349305,0,0.0
2025-02-17,BCH,,0.2311375082981615,1,0.03963937692611709
2025-02-17,BNB,,-0.1099440808069749,-1,-0.06007409287552535
2025-02-17,BONK,,0.06568496597306435,0,-0.00013658364895831289
2025-02-17,BTC,,0.017228236868167043,0,0.00168500112269733
2025-02-17,CAKE,,-1.8923667103102226,-1,-0.012195149402208911
2025-02-17,CHZ,,-0.20846076538043232,-1,-0.038521323680175266
2025-02-17,DASH,,0.2046689684802463,1,0.028852369857599557
2025-02-17,DEXE,,0.15302516150407275,0,-0.0018036342846760936
2025-02-17,DOGE,,-0.18144025513104653,-1,-0.0388527550431363
2025-02-17,DOT,,0.2620046380120323,1,0.035964432699202256
2025-02-17,ENA,,0.25361942285628386,1,0.02858501994101956
2025-02-17,ETC,,0.19157326647867517,1,0.03863202706889615
2025-02-17,ETH,,0.08483971093996383,0,-0.0003508614412374737
2025-02-17,FET,,0.02183085317695333,0,-0.0011770502674554977
2025-02-17,FIL,,0.08626853289317903,0,0.0
2025-02-17,HBAR,,0.16871028306407465,0,-0.00016647087396973572
2025-02-17,ICP,,0.26162046132602634,1,0.04242010560359744
2025-02-17,JST,,0.17898497697913662,0,0.0
2025-02-17,JUP,,-0.11239032287345485,-1,-0.0503206796850174
2025-02-17,LINK,,-0.09362332145697418,0,-0.00015338933213064187
2025-02-17,LTC,,-0.040596936115730245,0,0.0
2025-02-17,LUNC,,-0.14032796628380784,-1,-0.031905559345687215
2025-02-17,NEAR,,-0.03416128093365938,0,-0.0013712333794696913
2025-02-17,NEXO,,0.31199812619472383,1,0.06296326174391181
2025-02-17,PENGU,,0.012182510563028355,0,-0.00082316745135241
2025-02-17,PEPE,,0.2741147172573521,1,0.029224476804388576
2025-02-17,POL,,-0.07997679700151972,0,0.0
2025-02-17,QNT,,0.1460465094703674,0,0.001077475509288054
2025-02-17,RENDER,,-0.07717229341597978,0,-0.001101740169305969
2025-02-17,SHIB,,0.1438443515841868,0,0.0010884893744027117
2025-02-17,SOL,,-0.4678075469131486,-1,-0.06298355712544035
2025-02-17,STX,,0.05774365343794066,0,0.0
2025-02-17,SUI,,0.11651348626741223,0,0.0
2025-02-17,TAO,,-0.060430055476248024,0,0.0001630248720325524
2025-02-17,TON,,0.15654808792941768,0,0.0
2025-02-17,TRUMP,,-0.6374312848020856,-1,-0.02223663294751397
2025-02-17,TRX,,0.32749185375034306,1,0.0552147002175693
2025-02-17,UNI,,-0.06984347011021393,0,0.0
2025-02-17,VET,,0.08212098199121022,0,0.0
2025-02-17,WLD,,0.12270386062231278,0,-0.0011234671764896557
2025-02-17,XLM,,0.06270276390675227,0,0.0
2025-02-17,XRP,,-0.3597065670664354,-1,-0.036580911402140266
2025-02-17,ZEC,,0.10284358080481637,0,0.0
2025-02-24,AAVE,,-0.2459564524145952,-1,-0.04588156708528501
2025-02-24,ADA,,-1.3294146878946502,-1,-0.012163448646779988
2025-02-24,ALGO,,0.13500405339101554,0,0.0
2025-02-24,APT,,0.46883110190246174,1,0.02256657501283775
2025-02-24,ARB,,0.1830037215724284,0,0.0
2025-02-24,ATOM,,0.35597358267006995,1,0.029855309226574138
2025-02-24,AVAX,,0.37561934704357275,1,0.029544184892471455
2025-02-24,BCH,,0.2770221347785185,0,0.0
2025-02-24,BNB,,-0.23689473107078904,-1,-0.04588156708528501
2025-02-24,BONK,,0.24903526376890278,0,0.0
2025-02-24,BTC,,-0.13088348267741373,0,0.0
2025-02-24,CAKE,,-2.36137580281392,-1,-0.009168144712359988
2025-02-24,CHZ,,0.0696918580215387,0,0.0
2025-02-24,DASH,,0.4649419348594907,1,0.029855309226574138
2025-02-24,DEXE,,0.07387903550516141,0,0.0
2025-02-24,DOGE,,-0.027832515943733677,0,0.0
2025-02-24,DOT,,0.4011177679987807,1,0.027059943787633725
2025-02-24,ENA,,0.15271790502164548,0,0.0
2025-02-24,ETC,,0.2310128590394925,0,0.0
2025-02-24,ETH,,-0.2556658164324689,-1,-0.041241510581263366
2025-02-24,FET,,0.34663048961699755,1,0.029855309226574138
2025-02-24,FIL,,0.4204216992721946,1,0.026957892420823883
2025-02-24,HBAR,,-0.35690434946121924,-1,-0.02080852398553688
2025-02-24,ICP,,0.3963068899680801,1,0.029855309226574138
2025-02-24,JST,,-0.1015171792608576,0,0.0
2025-02-24,JUP,,0.05688345944880912,0,0.0
2025-02-24,LINK,,0.06556172126938462,0,0.0
2025-02-24,LTC,,-0.30077211742930055,-1,-0.0364811707247791
2025-02-24,LUNC,,-0.05326159875515761,0,0.0
2025-02-24,NEAR,,0.008587387638575729,0,0.0
2025-02-24,NEXO,,-0.07138897234247238,0,0.0
2025-02-24,PENGU,,0.11689053500348595,0,0.0
2025-02-24,PEPE,,0.10482010179421014,0,0.0
2025-02-24,POL,,0.091894442221885,0,0.0
2025-02-24,QNT,,0.3241388876344744,0,0.0
2025-02-24,RENDER,,0.221611189808504,0,0.0
2025-02-24,SHIB,,0.16942998854090563,0,0.0
2025-02-24,SOL,,0.05289458363040822,0,0.0
2025-02-24,STX,,0.07047999950891093,0,0.0
2025-02-24,SUI,,-0.13730969306427898,0,0.0
2025-02-24,TAO,,-0.6917313072582033,-1,-0.020186828989328973
2025-02-24,TON,,-0.0050837344092544015,0,0.0
2025-02-24,TRUMP,,-0.5260756359837586,-1,-0.017128141529173118
2025-02-24,TRX,,0.3484819626747583,1,0.029855309226574138
2025-02-24,UNI,,-0.11223882100138181,0,0.0
2025-02-24,VET,,0.059437183711124046,0,0.0
2025-02-24,WLD,,0.30448640301149077,0,0.0
2025-02-24,XLM,,0.0525190248093151,0,0.0
2025-02-24,XRP,,-0.1868230573256362,-1,-0.027533974533621882
2025-02-24,ZEC,,0.4818034404024997,1,0.021069735626775773
2025-03-03,AAVE,,-0.11110066947670566,0,0.0
2025-03-03,ADA,,-0.9143046481000138,-1,-0.0202679455465138
2025-03-03,ALGO,,-0.018999053866619122,0,0.0
2025-03-03,APT,,0.1744438083148617,1,0.031365540944779766
2025-03-03,ARB,,0.09005878988858455,0,0.0
2025-03-03,ATOM,,0.10345648487148959,0,0.0
2025-03-03,AVAX,,0.054016096952940476,0,0.0
2025-03-03,BCH,,1.3145665253911272,1,0.06803265818008863
2025-03-03,BNB,,-0.17769209652304832,-1,-0.07237749560979395
2025-03-03,BONK,,0.17812843336643738,1,0.022387044010903776
2025-03-03,BTC,,-0.279264575868821,-1,-0.07237749560979395
2025-03-03,CAKE,,-1.2847564072038837,-1,-0.01739033654015329
2025-03-03,CHZ,,0.18390412032462053,1,0.03309724857233774
2025-03-03,DASH,,0.1700102796406441,1,0.03425325931514491
2025-03-03,DEXE,,0.3664881028618521,1,0.05067650561068782
2025-03-03,DOGE,,-0.06430447027099744,0,0.0
2025-03-03,DOT,,0.12445515712449805,1,0.028579277932120884
2025-03-03,ENA,,0.46875568277339563,1,0.0461208711149684
2025-03-03,ETC,,0.11144942845209442,0,0.0
2025-03-03,ETH,,-0.26402064520189295,-1,-0.060330720913888546
2025-03-03,FET,,0.06663873827545813,0,0.0
2025-03-03,FIL,,0.13255685322325772,1,0.030204766379788632
2025-03-03,HBAR,,-0.18279750926280958,-1,-0.03449104908319485
2025-03-03,ICP,,0.06754322058424506,0,0.0
2025-03-03,JST,,0.11009289739704675,0,0.0
2025-03-03,JUP,,0.013338361873883771,0,0.0
2025-03-03,LINK,,-0.02368196013047516,0,0.0
2025-03-03,LTC,,-0.3517536320873225,-1,-0.03898191010406055
2025-03-03,LUNC,,0.06243365196425152,0,0.0
2025-03-03,NEAR,,-0.03873185555729272,0,0.0
2025-03-03,NEXO,,0.029362298415177263,0,0.0
2025-03-03,PENGU,,0.10057838934807867,0,0.0
2025-03-03,PEPE,,0.08597737682463667,0,0.0
2025-03-03,POL,,0.1037549481103547,0,0.0
2025-03-03,QNT,,0.06975276944073684,0,0.0
2025-03-03,RENDER,,0.046679778428877494,0,0.0
2025-03-03,SHIB,,0.06551406451008186,0,0.0
2025-03-03,SOL,,-0.1471843361505275,0,0.0
2025-03-03,STX,,-0.008274500073846372,0,0.0
2025-03-03,SUI,,-0.09811503735857306,0,0.0
2025-03-03,TAO,,-0.34072342369673686,-1,-0.03143002168503776
2025-03-03,TON,,-0.03568979026192591,0,0.0
2025-03-03,TRUMP,,-0.19213792941715113,-1,-0.029398364815744583
2025-03-03,TRX,,0.2883448643138016,1,0.06803265818008863
2025-03-03,UNI,,-0.03098163733012888,0,0.0
2025-03-03,VET,,0.10490598807477067,0,0.0
2025-03-03,WLD,,0.06844955441245285,0,0.0
2025-03-03,XLM,,0.11922211743777039,0,0.0
2025-03-03,XRP,,-0.23568548845063483,-1,-0.03570449033272798
2025-03-03,ZEC,,-0.07467911630802655,0,0.0
2025-03-10,AAVE,,0.00891782983462179,0,0.0
2025-03-10,ADA,,-1.7549014217084438,-1,-0.01665051609565176
2025-03-10,ALGO,,-0.30551365493873045,-1,-0.031452995951994626
2025-03-10,APT,,-0.09000535993038715,0,0.0008616599055040822
2025-03-10,ARB,,0.25427825682782407,1,0.01728737636600689
2025-03-10,ATOM,,-0.14481171689448935,-1,-0.03103282221909477
2025-03-10,AVAX,,0.15818645237699372,0,0.0
2025-03-10,BCH,,0.3908758319558099,1,0.03786960868083335
2025-03-10,BNB,,0.41317965319276545,1,0.0230010626737895
2025-03-10,BONK,,0.1029476943617694,0,0.0006150067126504156
2025-03-10,BTC,,0.24703974511555765,1,0.02567681645124971
2025-03-10,CAKE,,-0.13571307982595235,0,-0.00047773943278241193
2025-03-10,CHZ,,0.27329050434735996,1,0.020037413102988913
2025-03-10,DASH,,0.31763150048895256,1,0.020217656965531947
2025-03-10,DEXE,,0.34311555074090627,1,0.04263115168988148
2025-03-10,DOGE,,0.1554777468070485,0,0.0
2025-03-10,DOT,,0.160396172068067,0,0.0007851169525729049
2025-03-10,ENA,,-0.06102704339616411,0,0.0012670116391952022
2025-03-10,ETC,,0.23909150453047795,0,0.0
2025-03-10,ETH,,-0.07219979231172662,0,-0.0016573781836944912
2025-03-10,FET,,0.1484773349849063,0,0.0
2025-03-10,FIL,,0.1954900501779672,0,0.0008297716334751473
2025-03-10,HBAR,,-0.7085147342752314,-1,-0.02792284064285309
2025-03-10,ICP,,0.15867758395838627,0,0.0
2025-03-10,JST,,-0.12987662972665742,0,0.0
2025-03-10,JUP,,-0.1900422700922472,-1,-0.02584511189733993
2025-03-10,LINK,,0.20598888520059183,0,0.0
2025-03-10,LTC,,-0.034627016037083125,0,-0.0010708933423392367
2025-03-10,LUNC,,0.311036324084452,1,0.018991023210872288
2025-03-10,NEAR,,0.01871540204781726,0,0.0
2025-03-10,NEXO,,0.34274261320651783,1,0.03363384652526176
2025-03-10,PENGU,,-0.3124422958171469,-1,-0.022620747860623815
2025-03-10,PEPE,,-0.09550976007065665,0,0.0
2025-03-10,POL,,0.13617887850000554,0,0.0
2025-03-10,QNT,,0.18647750527457702,0,0.0
2025-03-10,RENDER,,-0.024434810457432062,0,0.0
2025-03-10,SHIB,,0.08176028047306622,0,0.0
2025-03-10,SOL,,-0.0736898649758966,0,0.0
2025-03-10,STX,,0.16444681000640163,0,0.0
2025-03-10,SUI,,0.04074128463681242,0,0.0
2025-03-10,TAO,,-0.6069453645399455,-1,-0.025640186349687816
2025-03-10,TON,,-0.5400002816834104,-1,-0.024481756552145423
2025-03-10,TRUMP,,-0.04505415310253612,0,-0.0008076185356951406
2025-03-10,TRX,,0.08883086020970714,0,0.0018689623087276286
2025-03-10,UNI,,0.3053839687421094,1,0.024386637154165145
2025-03-10,VET,,0.2435633823467184,0,0.0
2025-03-10,WLD,,-0.0014150133249762678,0,0.0
2025-03-10,XLM,,0.12181447057830946,0,0.0
2025-03-10,XRP,,-0.26103852904205865,-1,-0.031499420039550544
2025-03-10,ZEC,,-0.22699128492532664,-1,-0.02880009486925326
2025-03-17,AAVE,,0.019286815750123164,0,0.0
2025-03-17,ADA,,-1.3233140178476177,-1,-0.023935943543843197
2025-03-17,ALGO,,-0.15322709449019398,-1,-0.044561072448549434
2025-03-17,APT,,0.09138720061035437,0,0.0
2025-03-17,ARB,,0.2519042389729043,1,0.031941341343223004
2025-03-17,ATOM,,-0.14322220393948754,-1,-0.04590244936367251
2025-03-17,AVAX,,0.08574235397576024,0,0.0
2025-03-17,BCH,,-0.29321818705777225,-1,-0.07539575455097862
2025-03-17,BNB,,0.013688545118939435,0,0.0
2025-03-17,BONK,,-0.17531972483066371,-1,-0.029324251175979574
2025-03-17,BTC,,-0.08250204373512897,0,0.0
2025-03-17,CAKE,,-0.5003375920578101,-1,-0.024542619701057547
2025-03-17,CHZ,,0.2551801639634976,1,0.03868459973713021
2025-03-17,DASH,,0.28610507407254565,1,0.038252998969210514
2025-03-17,DEXE,,0.16571005033761366,0,0.0
2025-03-17,DOGE,,0.08929945757400452,0,0.0
2025-03-17,DOT,,0.17569261538055359,0,0.0
2025-03-17,ENA,,0.055202875168120814,0,0.0
2025-03-17,ETC,,0.11631488632312287,0,0.0
2025-03-17,ETH,,-0.09460407788405563,0,0.0
2025-03-17,FET,,0.1076420619790239,0,0.0
2025-03-17,FIL,,0.21204432333412632,1,0.031763805104641774
2025-03-17,HBAR,,-0.5721093977151871,-1,-0.04003419664070215
2025-03-17,ICP,,0.13739742497695076,0,0.0
2025-03-17,JST,,0.2510215658788716,1,0.0660693016575589
2025-03-17,JUP,,-0.01460994595565028,0,0.0
2025-03-17,LINK,,0.0892033813797286,0,0.0
2025-03-17,LTC,,-0.06515593877621177,0,0.0
2025-03-17,LUNC,,0.2261462110632691,1,0.037157433343433355
2025-03-17,NEAR,,0.04026810344981498,0,0.0
2025-03-17,NEXO,,0.28304119555566765,1,0.04371832436884413
2025-03-17,PENGU,,-0.020769882725051283,0,0.0
2025-03-17,PEPE,,0.12785646514618548,0,0.0
2025-03-17,POL,,0.16883317620994306,0,0.0
2025-03-17,QNT,,0.10160435852428454,0,0.0
2025-03-17,RENDER,,0.09034557279468097,0,0.0
2025-03-17,SHIB,,-0.09869846345807419,0,0.0
2025-03-17,SOL,,-0.12133906541235603,0,0.0
2025-03-17,STX,,0.10137033856956146,0,0.0
2025-03-17,SUI,,0.10311705155136391,0,0.0
2025-03-17,TAO,,0.09909683803074547,0,0.0
2025-03-17,TON,,-0.4449847393481614,-1,-0.03589516728136835
2025-03-17,TRUMP,,0.05274911756707801,0,0.0
2025-03-17,TRX,,0.22993413037584912,1,0.05680949358752379
2025-03-17,UNI,,0.15304790004643065,0,0.0
2025-03-17,VET,,0.19853448094679493,1,0.034791525557169196
2025-03-17,WLD,,0.054135957553390526,0,0.0
2025-03-17,XLM,,0.24171033233949482,1,0.027889283155319827
2025-03-17,XRP,,-0.22592552449772935,-1,-0.04443299269323009
2025-03-17,ZEC,,-0.3452763647896411,-1,-0.04305365942467324
2025-03-24,AAVE,,-0.3021770318674858,-1,-0.03813591914385383
2025-03-24,ADA,,0.08006294035887943,0,0.0
2025-03-24,ALGO,,0.1846424888895719,0,0.0
2025-03-24,APT,,0.07537995165981873,0,0.0
2025-03-24,ARB,,0.03213959574733015,0,0.0
2025-03-24,ATOM,,-0.5860505764610826,-1,-0.027838956559858533
2025-03-24,AVAX,,0.07017093734503144,0,0.0
2025-03-24,BCH,,-0.20305013758976317,-1,-0.04805617493359315
2025-03-24,BNB,,0.1264247740374307,0,0.0
2025-03-24,BONK,,-1.1394222646543222,-1,-0.01757599367758369
2025-03-24,BTC,,0.12572946110249686,0,0.0
2025-03-24,CAKE,,-1.8034609911294797,-1,-0.014698950154546503
2025-03-24,CHZ,,0.16253172353852008,0,0.0
2025-03-24,DASH,,0.24090013564770724,1,0.024122580006448555
2025-03-24,DEXE,,1.0856126486249695,1,0.0445847617068768
2025-03-24,DOGE,,0.20747192866494368,1,0.01725983945067712
2025-03-24,DOT,,-0.06944367180800692,0,0.0
2025-03-24,ENA,,0.5640117979152783,1,0.02967562770036068
2025-03-24,ETC,,0.11963179971715586,0,0.0
2025-03-24,ETH,,-0.05399416556117039,0,0.0
2025-03-24,FET,,0.0823537542687265,0,0.0
2025-03-24,FIL,,0.012380017416552223,0,0.0
2025-03-24,HBAR,,0.12257296038221559,0,0.0
2025-03-24,ICP,,-0.002145985960111371,0,0.0
2025-03-24,JST,,0.483056013379367,1,0.042768976187967524
2025-03-24,JUP,,-0.24840990098457932,-1,-0.023198909910139058
2025-03-24,LINK,,0.03673211016014259,0,0.0
2025-03-24,LTC,,0.15957125826174345,0,0.0
2025-03-24,LUNC,,0.19775062666810317,1,0.022975712671692145
2025-03-24,NEAR,,-0.04960764103566829,0,0.0
2025-03-24,NEXO,,0.13294499242744762,0,0.0
2025-03-24,PENGU,,-0.3432260034481892,-1,-0.022461510063013196
2025-03-24,PEPE,,-0.1925062797362868,-1,-0.02444367168450164
2025-03-24,POL,,0.35433891677169593,1,0.020478611896367575
2025-03-24,QNT,,0.10887906368308539,0,0.0
2025-03-24,RENDER,,0.008240493238783448,0,0.0
2025-03-24,SHIB,,-0.12042404989162493,0,0.0
2025-03-24,SOL,,0.05668336948028812,0,0.0
2025-03-24,STX,,0.21505850277108265,1,0.017940415160187358
2025-03-24,SUI,,0.3767925568082327,1,0.017423613119627025
2025-03-24,TAO,,-0.09606130440309799,0,0.0
2025-03-24,TON,,-0.5947718884549469,-1,-0.023485894166820075
2025-03-24,TRUMP,,-0.11181245890550398,0,0.0
2025-03-24,TRX,,0.6378074954788313,1,0.034386172291139126
2025-03-24,UNI,,-0.10008646256672735,0,0.0
2025-03-24,VET,,0.09490116558792547,0,0.0
2025-03-24,WLD,,0.020920982407109573,0,0.0
2025-03-24,XLM,,0.15604712946889054,0,0.0
2025-03-24,XRP,,-0.24475343863051008,-1,-0.03172032989743425
2025-03-24,ZEC,,-0.07033733882079643,0,0.0
2025-03-31,AAVE,,-0.3665104879323936,-1,-0.030342396776830965
2025-03-31,ADA,,0.14862109221416916,0,0.0
2025-03-31,ALGO,,0.2942885687928842,1,0.04942734595401488
2025-03-31,APT,,-0.15115007877274644,-1,-0.035331719712769764
2025-03-31,ARB,,0.008917491560137807,0,0.0
2025-03-31,ATOM,,0.06590760174988658,0,0.0
2025-03-31,AVAX,,0.022529950292323755,0,0.0
2025-03-31,BCH,,-0.3538607152759096,-1,-0.07034992424786647
2025-03-31,BNB,,-0.15892776131231606,-1,-0.058934650205669376
2025-03-31,BONK,,-0.4710560671083276,-1,-0.018167355912873093
2025-03-31,BTC,,-0.14812300462027528,-1,-0.07034992424786647
2025-03-31,CAKE,,-1.1966566324761156,-1,-0.012897129742163048
2025-03-31,CHZ,,0.17304897893350257,0,0.0
2025-03-31,DASH,,0.23465952374313853,1,0.04299502934463658
2025-03-31,DEXE,,0.029170057693117674,0,0.0
2025-03-31,DOGE,,0.22569745852262127,1,0.04829342268794477
2025-03-31,DOT,,0.1729269084608222,0,0.0
2025-03-31,ENA,,0.026094539214255558,0,0.0
2025-03-31,ETC,,-0.10087293942436101,0,0.0
2025-03-31,ETH,,-0.23110051145831792,-1,-0.05120886887897984
2025-03-31,FET,,0.060630464758307114,0,0.0
2025-03-31,FIL,,0.012908174622837294,0,0.0
2025-03-31,HBAR,,0.03397719959659673,0,0.0
2025-03-31,ICP,,0.07473355065360239,0,0.0
2025-03-31,JST,,0.449378504295496,1,0.05443881257809541
2025-03-31,JUP,,-0.10760688613971081,0,0.0
2025-03-31,LINK,,-0.1552230288175742,-1,-0.04269799974030238
2025-03-31,LTC,,-0.11541529422753877,0,0.0
2025-03-31,LUNC,,0.193377886119872,1,0.03788626907788192
2025-03-31,NEAR,,-0.0670981356920936,0,0.0
2025-03-31,NEXO,,0.04188555631742355,0,0.0
2025-03-31,PENGU,,-0.07588852283337459,0,0.0
2025-03-31,PEPE,,0.2680592596345173,1,0.02463702734477495
2025-03-31,POL,,0.22645286578236412,1,0.03749739074041811
2025-03-31,QNT,,0.263809928266336,1,0.05367283229196111
2025-03-31,RENDER,,0.028054161719972135,0,0.0
2025-03-31,SHIB,,0.08508872469998256,0,0.0
2025-03-31,SOL,,-0.06498047883825449,0,0.0
2025-03-31,STX,,0.16893321214884308,0,0.0
2025-03-31,SUI,,0.13571681433116556,0,0.0
2025-03-31,TAO,,0.022345889761232807,0,0.0
2025-03-31,TON,,-0.7426609059023103,-1,-0.01895186555601668
2025-03-31,TRUMP,,0.09817898520446634,0,0.0
2025-03-31,TRX,,0.3412289961171338,1,0.03849555762103772
2025-03-31,UNI,,-0.018954314279171967,0,0.0
2025-03-31,VET,,0.11052289968238263,0,0.0
2025-03-31,WLD,,0.14700457725084337,0,0.0
2025-03-31,XLM,,0.14936678096698078,0,0.0
2025-03-31,XRP,,-0.014945550069645232,0,0.0
2025-03-31,ZEC,,0.22751471207322538,1,0.021888147380572553
2025-04-07,AAVE,,-0.4279838233047921,-1,-0.03349994046781309
2025-04-07,ADA,,0.2912233839281824,0,0.0
2025-04-07,ALGO,,0.38732836416732475,1,0.018552800183477144
2025-04-07,APT,,-0.0628034183895601,0,0.0
2025-04-07,ARB,,-0.02906355770410015,0,0.0
2025-04-07,ATOM,,0.15747261340093546,0,0.0
2025-04-07,AVAX,,-0.10339961241214189,0,0.0
2025-04-07,BCH,,-0.308298791711466,-1,-0.03233829407287021
2025-04-07,BNB,,0.3056078227997283,0,0.0
2025-04-07,BONK,,-0.7818645157394833,-1,-0.01956438383382167
2025-04-07,BTC,,0.34540423889839483,1,0.031485838404549556
2025-04-07,CAKE,,-1.5983277557110311,-1,-0.016118327644034307
2025-04-07,CHZ,,0.12231714424358985,0,0.0
2025-04-07,DASH,,0.375510520233751,1,0.029178781833609172
2025-04-07,DEXE,,0.02250957840328768,0,0.0
2025-04-07,DOGE,,0.4163382658773263,1,0.022507012985737044
2025-04-07,DOT,,0.19834903242970264,0,0.0
2025-04-07,ENA,,-0.17124656305678937,0,0.0
2025-04-07,ETC,,0.10331361431743685,0,0.0
2025-04-07,ETH,,0.001013699172987415,0,0.0
2025-04-07,FET,,-0.43635092970371586,-1,-0.026112556358494847
2025-04-07,FIL,,0.1182979914801822,0,0.0
2025-04-07,HBAR,,-0.07766918811001267,0,0.0
2025-04-07,ICP,,0.1814795223123635,0,0.0
2025-04-07,JST,,0.4698858543321856,1,0.037216176293353845
2025-04-07,JUP,,-0.22177405794019284,0,0.0
2025-04-07,LINK,,-0.0437895514521324,0,0.0
2025-04-07,LTC,,0.012619629540064153,0,0.0
2025-04-07,LUNC,,0.38171628872680186,1,0.024780949781104712
2025-04-07,NEAR,,-0.19408404646812868,0,0.0
2025-04-07,NEXO,,0.14995557065828138,0,0.0
2025-04-07,PENGU,,-0.4267849755342294,-1,-0.023644625850155365
2025-04-07,PEPE,,0.3179176213805438,1,0.01570640633591569
2025-04-07,POL,,0.29959617403511873,0,0.0
2025-04-07,QNT,,0.4548034234279623,1,0.029167208623787595
2025-04-07,RENDER,,-0.6154839250518442,-1,-0.0232831939522767
2025-04-07,SHIB,,0.45931298849487034,1,0.029084789782214536
2025-04-07,SOL,,-0.1155371819948788,0,0.0
2025-04-07,STX,,0.19238732524331,0,0.0
2025-04-07,SUI,,-0.03406505285234181,0,0.0
2025-04-07,TAO,,-0.543628294195186,-1,-0.02402126998564541
2025-04-07,TON,,-0.34005069414988526,-1,-0.03583775697167971
2025-04-07,TRUMP,,0.13143797031056842,0,0.0
2025-04-07,TRX,,0.7535444038226584,1,0.03296540934832616
2025-04-07,UNI,,0.07463145026006586,0,0.0
2025-04-07,VET,,0.08363395055866452,0,0.0
2025-04-07,WLD,,-0.01558426389289851,0,0.0
2025-04-07,XLM,,0.15913979467323802,0,0.0
2025-04-07,XRP,,0.1587188633542257,0,0.0
2025-04-07,ZEC,,-0.5776769011089468,-1,-0.03622502443528415
2025-04-14,AAVE,,-0.15322527543286613,0,0.0
2025-04-14,ADA,,0.002616599144064267,0,0.0
2025-04-14,ALGO,,0.3706385524837484,1,0.029138648774722112
2025-04-14,APT,,0.05186677044007672,0,0.0
2025-04-14,ARB,,-0.0009843340290938583,0,0.0
2025-04-14,ATOM,,0.062059139174763654,0,0.0
2025-04-14,AVAX,,-0.3216405255742245,-1,-0.04280239351992741
2025-04-14,BCH,,-0.6810647060528644,-1,-0.040781188701218565
2025-04-14,BNB,,0.004826518517193876,0,0.0
2025-04-14,BONK,,-0.3907074102621924,-1,-0.032108186301356284
2025-04-14,BTC,,-0.1008644637395271,0,0.0
2025-04-14,CAKE,,-0.14321589299759327,0,0.0
2025-04-14,CHZ,,0.3133218935032865,1,0.06038464458311981
2025-04-14,DASH,,0.4673054394363532,1,0.04720823124942816
2025-04-14,DEXE,,0.09355113930304623,0,0.0
2025-04-14,DOGE,,-0.020299386633583695,0,0.0
2025-04-14,DOT,,0.3978234089055489,1,0.040256724194464265
2025-04-14,ENA,,-0.262445761972622,-1,-0.043616230744951134
2025-04-14,ETC,,0.11045900929040223,0,0.0
2025-04-14,ETH,,-0.08397906366277837,0,0.0
2025-04-14,FET,,-0.2522173995115995,-1,-0.029278171554729473
2025-04-14,FIL,,0.2898645076565486,1,0.030217255380962742
2025-04-14,HBAR,,-0.18181123429164722,0,0.0
2025-04-14,ICP,,-0.02873768095961573,0,0.0
2025-04-14,JST,,-0.18810134896743277,0,0.0
2025-04-14,JUP,,-0.0017224022512119103,0,0.0
2025-04-14,LINK,,-0.03261092066277705,0,0.0
2025-04-14,LTC,,-0.15016295168917249,0,0.0
2025-04-14,LUNC,,0.38653352106572253,1,0.03898091783324853
2025-04-14,NEAR,,0.22322448370700315,0,0.0
2025-04-14,NEXO,,0.1786862069039576,0,0.0
2025-04-14,ONDO,,0.11754037906926898,0,0.0
2025-04-14,PENGU,,-0.21028254790372125,-1,-0.02969866659625045
2025-04-14,PEPE,,0.31743370808528343,1,0.028765309197029954
2025-04-14,POL,,0.4057021567260038,1,0.029354237160353923
2025-04-14,QNT,,0.24978742174658203,0,0.0
2025-04-14,RENDER,,-0.42405503158720625,-1,-0.02893750400734313
2025-04-14,SHIB,,0.36440361132742427,1,0.044359454820067444
2025-04-14,SOL,,-0.24895986198116624,-1,-0.042210797824433405
2025-04-14,STX,,0.08571406727312783,0,0.0
2025-04-14,SUI,,-0.3079323818496811,-1,-0.04635305315906284
2025-04-14,TAO,,-0.32422328774659154,-1,-0.024855942778877375
2025-04-14,TON,,-0.07448381939706192,0,0.0
2025-04-14,TRUMP,,0.25707207990589614,1,0.02568370960644908
2025-04-14,TRX,,-0.19760010357693586,0,0.0
2025-04-14,UNI,,0.09571343937722022,0,0.0
2025-04-14,VET,,0.04305778898837191,0,0.0
2025-04-14,VIRTUAL,,0.16147246131507553,0,0.0
2025-04-14,WLD,,0.023428107144215768,0,0.0
2025-04-14,XLM,,0.36609138466617036,1,0.03297893475982416
2025-04-14,XRP,,-0.14388201011405716,0,0.0
2025-04-14,ZEC,,-0.5149839923091208,-1,-0.04668593237152018
2025-04-21,AAVE,,-0.09642471206061079,0,0.0
2025-04-21,ADA,,0.12311515204094882,0,0.0
2025-04-21,ALGO,,0.4191631771115064,1,0.033907051303489755
2025-04-21,APT,,-0.048432374118355145,0,0.0
2025-04-21,ARB,,0.06408439409938019,0,0.0
2025-04-21,ATOM,,0.24969589692538652,1,0.06321612357145116
2025-04-21,AVAX,,-0.1183463862487321,0,-0.0033757761680526938
2025-04-21,BCH,,-0.54613008116496,-1,-0.03219936957796011
2025-04-21,BNB,,-0.355696480094297,-1,-0.06559768632839669
2025-04-21,BONK,,0.14435668352152883,0,-0.002532336189681815
2025-04-21,BTC,,-0.1641161845702188,-1,-0.06559768632839669
2025-04-21,CAKE,,-0.0008729821989637773,0,0.0
2025-04-21,CHZ,,0.2565631006601693,1,0.049759898315187054
2025-04-21,DASH,,0.0524863009918166,0,0.003723259586255273
2025-04-21,DEXE,,-0.607908168147912,-1,-0.04733263638393206
2025-04-21,DOGE,,0.12728038104848027,0,0.0
2025-04-21,DOT,,0.29184830504292353,1,0.05404959379005341
2025-04-21,ENA,,-0.02538223763199959,0,-0.003439962585749877
2025-04-21,ETC,,-0.14053358091359833,-1,-0.044125930902821686
2025-04-21,ETH,,-0.13973713492447987,0,0.0
2025-04-21,FET,,0.09760230471752165,0,-0.0023091361405431464
2025-04-21,FIL,,0.009871537650284043,0,0.002383200615440468
2025-04-21,HBAR,,0.02526863274276892,0,0.0
2025-04-21,ICP,,-0.10558398263251993,0,0.0
2025-04-21,JST,,0.05247928835921083,0,0.0
2025-04-21,JUP,,0.19500832094013615,1,0.01615184299973395
2025-04-21,LINK,,-0.06869626353273559,0,0.0
2025-04-21,LTC,,-0.12195653003817587,0,0.0
2025-04-21,LUNC,,0.13270751186475707,0,0.0030743807205322812
2025-04-21,NEAR,,0.16882368492418964,0,0.0
2025-04-21,NEXO,,0.14120384388369733,0,0.0
2025-04-21,ONDO,,0.12452710307988864,0,0.0
2025-04-21,PENGU,,-0.9677936116960616,-1,-0.007645505976894278
2025-04-21,PEPE,,0.4450146997402187,1,0.032544819179458846
2025-04-21,POL,,0.3175684775537853,1,0.02265780168642499
2025-04-21,QNT,,0.31307010118263323,1,0.04524900903484311
2025-04-21,RENDER,,-0.310708688541252,-1,-0.021161803139451877
2025-04-21,SHIB,,0.24691230584117332,1,0.04769714256322373
2025-04-21,SOL,,-0.2148590680362645,-1,-0.03246087851878949
2025-04-21,STX,,0.17979188398777649,1,0.01829008833151506
2025-04-21,SUI,,-0.3398799484925211,-1,-0.015146406603995355
2025-04-21,TAO,,0.04282008586835396,0,-0.00196035997912946
2025-04-21,TON,,-0.03581116451267314,0,0.0
2025-04-21,TRUMP,,-0.22614575634047768,-1,-0.007610990242565081
2025-04-21,TRX,,-0.40406127311033996,-1,-0.06559768632839669
2025-04-21,UNI,,0.029880289509201012,0,0.0
2025-04-21,VET,,0.13508912400310416,0,0.0
2025-04-21,VIRTUAL,,0.1575280216309586,0,0.0
2025-04-21,WLD,,0.13860043132951813,0,0.0
2025-04-21,XLM,,0.2763671098871704,1,0.029072006164055312
2025-04-21,XRP,,-0.07440544822371362,0,0.0
2025-04-21,ZEC,,0.15475390709236936,0,-0.0036820664669073647
2025-04-28,AAVE,,0.30881651604662214,1,0.0381494759069505
2025-04-28,ADA,,0.0036529434943023916,0,0.0
2025-04-28,ALGO,,0.013523537950399704,0,0.009617144580506928
2025-04-28,APT,,0.03328517577885199,0,0.0
2025-04-28,ARB,,0.10815089291073161,0,0.0
2025-04-28,ATOM,,-0.025308707668262043,0,0.017930152485517548
2025-04-28,AVAX,,-0.18675719314229874,-1,-0.035548290678007896
2025-04-28,BCH,,-0.18952889466792136,-1,-0.04594656384358001
2025-04-28,BNB,,-0.47865586661206694,-1,-0.08872373699699412
2025-04-28,BONK,,-0.03139130885158302,0,-0.0007182530572958875
2025-04-28,BTC,,-0.4016041330586056,-1,-0.08872373699699412
2025-04-28,CAKE,,0.20769575211686217,1,0.03543321638319016
2025-04-28,CHZ,,0.11824647397090936,0,0.0141135285438172
2025-04-28,DASH,,0.707861674244831,1,0.05967110581081712
2025-04-28,DEXE,,0.1411787348682168,0,-0.01342507796996157
2025-04-28,DOGE,,-0.017070328749375765,0,0.0
2025-04-28,DOT,,0.0638893669433164,0,0.015330225956366614
2025-04-28,ENA,,0.03876515684124196,0,-0.000975685477412367
2025-04-28,ETC,,-0.07713131891134896,0,-0.012515551807898394
2025-04-28,ETH,,-0.13977438501368536,0,0.0
2025-04-28,FET,,-0.058595338793980746,0,-0.0006549462505868683
2025-04-28,FIL,,0.03528973583131566,0,0.0006759533489921949
2025-04-28,HBAR,,0.023280606744799818,0,0.0
2025-04-28,ICP,,-0.1334475208476653,0,0.0
2025-04-28,JST,,-0.0883856452448187,0,0.0
2025-04-28,JUP,,0.2381252703801194,1,0.029878947328632534
2025-04-28,LINK,,-0.10526710853579847,0,0.0
2025-04-28,LTC,,0.04369032657278563,0,0.0
2025-04-28,LUNC,,-0.003945753917812389,0,0.0008719945482796661
2025-04-28,NEAR,,-0.009270767038078285,0,0.0
2025-04-28,NEXO,,0.7354429859906072,1,0.0586150680730829
2025-04-28,ONDO,,0.14636538596873502,1,0.03217755290147006
2025-04-28,PENGU,,-0.811653935025165,-1,-0.008004228971725735
2025-04-28,PEPE,,0.08056865036360289,0,0.00923077116302052
2025-04-28,POL,,0.2023697315593237,1,0.029206032979322966
2025-04-28,QNT,,0.600032010213962,1,0.04318495681605865
2025-04-28,RENDER,,-0.06299143933520883,0,-0.006002176908712435
2025-04-28,SHIB,,-0.027263089675474958,0,0.013528463799515424
2025-04-28,SOL,,-0.29063047343609383,-1,-0.056105422522429456
2025-04-28,STX,,-0.15053376929816092,-1,-0.02029443995485463
2025-04-28,SUI,,-0.41177357666031483,-1,-0.017325134638364076
2025-04-28,TAO,,-0.032048498045190665,0,-0.0005560219666517323
2025-04-28,TON,,-0.023322692201150675,0,0.0
2025-04-28,TRUMP,,-0.37122767113681426,-1,-0.012057694376424292
2025-04-28,TRX,,-0.04708382572792919,0,-0.018605641284472424
2025-04-28,UNI,,-0.12467659469035607,0,0.0
2025-04-28,VET,,0.07106727067188484,0,0.0
2025-04-28,VIRTUAL,,0.22904560424138662,1,0.03217755290147006
2025-04-28,WLD,,-0.1689797511128402,-1,-0.017802128758696606
2025-04-28,XLM,,0.16882824489897727,1,0.038864427097237
2025-04-28,XRP,,-0.20374905617825692,-1,-0.06341480582385932
2025-04-28,ZEC,,0.35289659497246273,1,0.028742967660673926
2025-05-05,AAVE,,0.2450593143317692,1,0.03553860940722797
2025-05-05,ADA,,-0.009611996321687464,0,0.0
2025-05-05,ALGO,,0.0745669795704748,0,0.00025410559504959046
2025-05-05,APT,,0.2023527203510181,0,0.0
2025-05-05,ARB,,0.07913748324799777,0,0.0
2025-05-05,ATOM,,0.04860361673448062,0,0.0004737531008837323
2025-05-05,AVAX,,-0.04895638005047538,0,-0.0009392621146655233
2025-05-05,BCH,,0.19785349958828322,0,-0.0012140068029778406
2025-05-05,BNB,,-0.2348120363729097,-1,-0.10401152854457055
2025-05-05,BONK,,-0.12380860673619223,0,-1.8977786908839296e-05
2025-05-05,BTC,,-0.3747536105765591,-1,-0.10401152854457055
2025-05-05,CAKE,,0.4186314711116751,1,0.036412138884959706
2025-05-05,CHZ,,0.20520925807510007,1,0.03869956782981075
2025-05-05,DASH,,0.5912753137365565,1,0.08761016735067935
2025-05-05,DEXE,,-0.28090880255831213,-1,-0.08842512486693213
2025-05-05,DOGE,,-0.13052075484183695,0,0.0
2025-05-05,DOT,,0.1310574279237216,0,0.00040505746339542653
2025-05-05,ENA,,-0.04564875563701444,0,-2.5779703813711926e-05
2025-05-05,ETC,,0.07863019440826531,0,-0.00033068773302692353
2025-05-05,ETH,,-0.2977812331196597,-1,-0.047142886467430915
2025-05-05,FET,,0.10223848776146678,0,-1.7305085239978932e-05
2025-05-05,FIL,,0.2392259382334686,1,0.04858888256182722
2025-05-05,HBAR,,0.11444852742758263,0,0.0
2025-05-05,ICP,,0.005593785744754399,0,0.0
2025-05-05,JST,,-0.38417896044553024,-1,-0.056486126831113405
2025-05-05,JUP,,0.2672696196927974,1,0.027580098017231103
2025-05-05,LINK,,0.01417261909765884,0,0.0
2025-05-05,LTC,,0.11899264414792919,0,0.0
2025-05-05,LUNC,,0.17315997967455887,0,2.3039966979359196e-05
2025-05-05,NEAR,,0.038175537224184736,0,0.0
2025-05-05,NEXO,,0.256778978228931,1,0.08758226456773838
2025-05-05,ONDO,,0.160907032009993,0,0.0008501999901135635
2025-05-05,PENGU,,-1.123503631715636,-1,-0.011235131508067318
2025-05-05,PEPE,,-0.20810492183982573,-1,-0.02553110834218429
2025-05-05,POL,,-0.006089183643655505,0,0.0007716860578649669
2025-05-05,QNT,,0.2968564810540516,1,0.051937114520171024
2025-05-05,RENDER,,0.35554537767888833,1,0.0413516303425458
2025-05-05,SHIB,,0.022563884056088657,0,0.00035745104122179155
2025-05-05,SOL,,-0.017475583861973527,0,-0.0014824256468461139
2025-05-05,STX,,-0.1356891135479441,0,-0.00053622264880775
2025-05-05,SUI,,-0.6995274642759763,-1,-0.02483069607909409
2025-05-05,TAO,,0.13826945611251343,0,-1.4691293399400531e-05
2025-05-05,TON,,0.06005841590564946,0,0.0
2025-05-05,TRUMP,,-0.6046275258255276,-1,-0.01901952039912355
2025-05-05,TRX,,0.09053077842012675,0,-0.000491600964329153
2025-05-05,UNI,,-0.08983793284957928,0,0.0
2025-05-05,VET,,0.18790993784814186,0,0.0
2025-05-05,VIRTUAL,,-0.42803830239118296,-1,-0.023050924210116806
2025-05-05,WLD,,-0.1821733348914335,-1,-0.030472849004871697
2025-05-05,XLM,,0.22082211992126516,1,0.04254267031878118
2025-05-05,XRP,,-0.13534502855264752,0,-0.001675555237204994
2025-05-05,ZEC,,0.42549628073616536,1,0.03998550279881458
2025-05-12,AAVE,,0.49394085996822723,1,0.03355206268023455
2025-05-12,ADA,,-0.06286450880544782,0,0.0
2025-05-12,ALGO,,0.12703445687860718,0,4.920275124938191e-05
2025-05-12,APT,,-0.19273290765122952,-1,-0.06883762602692058
2025-05-12,ARB,,-0.09016593631334738,0,0.0
2025-05-12,ATOM,,-0.008530986272570902,0,9.173334405272152e-05
2025-05-12,AVAX,,-0.08835131687576281,0,-0.0001818703762773784
2025-05-12,BCH,,0.2039927749719808,1,0.04961169116694191
2025-05-12,BNB,,-0.07423070811686337,0,-0.020139868880288708
2025-05-12,BONK,,-0.029871613095831258,0,-3.67469015531581e-06
2025-05-12,BTC,,-0.08748021209588225,0,-0.020139868880288708
2025-05-12,CAKE,,0.3127871992258286,1,0.02970056238249427
2025-05-12,CHZ,,0.09010899876769264,0,0.007493440705298747
2025-05-12,DASH,,0.2739281122359426,1,0.06823143372654192
2025-05-12,DEXE,,-0.2675035154093032,-1,-0.08957602554109347
2025-05-12,DOGE,,0.04877191307764177,0,0.0
2025-05-12,DOT,,0.026384789769572058,0,7.84317307506012e-05
2025-05-12,ENA,,0.11391288236619317,0,-4.991752951292814e-06
2025-05-12,ETC,,-0.08607974331876192,0,-6.403143648281488e-05
2025-05-12,ETH,,-0.2532834470710796,-1,-0.054511090239808775
2025-05-12,FET,,-0.002059217111751577,0,-3.350803055894405e-06
2025-05-12,FIL,,-0.021157340489139122,0,0.009408319803853399
2025-05-12,HBAR,,0.13484130173591502,1,0.025631765627641658
2025-05-12,ICP,,-0.037179732628943835,0,0.0
2025-05-12,JST,,-0.16556536681993678,-1,-0.06304382494083242
2025-05-12,JUP,,0.16550188002014612,1,0.022109055547990725
2025-05-12,LINK,,-0.1485321144020042,-1,-0.058707566497041654
2025-05-12,LTC,,0.24024841987604154,1,0.03894606973840324
2025-05-12,LUNC,,-0.000475140921214404,0,4.461254636514982e-06
2025-05-12,NEAR,,-0.1158543075239976,0,0.0
2025-05-12,NEXO,,0.47917741811783804,1,0.08297647279034508
2025-05-12,ONDO,,0.11813038566211112,0,0.0001646251772520821
2025-05-12,PENGU,,-0.8677655470918421,-1,-0.012610063782079173
2025-05-12,PEPE,,-0.10676872688215792,0,-0.004943617131438434
2025-05-12,POL,,0.10106125930467932,0,0.00014942243652815343
2025-05-12,QNT,,0.10426140217358984,0,0.010056641711678652
2025-05-12,RENDER,,-0.008132226855424661,0,0.008006962542889323
2025-05-12,SHIB,,-0.03870386249568282,0,6.921364585315811e-05
2025-05-12,SOL,,0.04337129357432814,0,-0.0002870437399587317
2025-05-12,STX,,-0.18521017434234927,-1,-0.03388903282626286
2025-05-12,SUI,,-0.41050163580616394,-1,-0.028805536013804072
2025-05-12,TAO,,0.0489966993719701,0,-2.8446916114590904e-06
2025-05-12,TON,,-0.06245114055500826,0,0.0
2025-05-12,TRUMP,,-0.28839824763386085,-1,-0.021522687109228278
2025-05-12,TRX,,0.497717088730013,1,0.065922631467016
2025-05-12,UNI,,-0.18780592702533402,-1,-0.03563982954125612
2025-05-12,VET,,0.05303867113129384,0,0.0
2025-05-12,VIRTUAL,,-0.29315815527098354,-1,-0.027136263314568743
2025-05-12,WLD,,-0.046750050696008225,0,-0.005900491916181808
2025-05-12,XLM,,0.26180811424742045,1,0.03463237267083691
2025-05-12,XRP,,0.3122965976194997,1,0.051322189494078255
2025-05-12,ZEC,,-0.02374870924864443,0,0.007742437735019515
2025-05-19,AAVE,,0.6557375674506849,1,0.034011363371820445
2025-05-19,ADA,,-0.029904762675804053,0,0.0
2025-05-19,ALGO,,0.05168266547003639,0,1.0269562843093543e-05
2025-05-19,APT,,0.13514410612112074,0,-0.014367739780846357
2025-05-19,ARB,,-0.34241356948114204,-1,-0.03151163623908121
2025-05-19,ATOM,,-0.2664358761092047,-1,-0.04737906827512952
2025-05-19,AVAX,,-0.05613671083991388,0,-3.795985409456282e-05
2025-05-19,BCH,,0.3491411635109584,1,0.06076428952903684
2025-05-19,BNB,,0.0795990681644897,0,-0.004203578943573545
2025-05-19,BONK,,0.0075982233780204425,0,-7.66978685554437e-07
2025-05-19,BTC,,-0.01650871236306114,0,-0.004203578943573545
2025-05-19,CAKE,,0.2886519330353126,1,0.028716336235104348
2025-05-19,CHZ,,-0.04773821525332498,0,0.0015640255530431817
2025-05-19,DASH,,0.28989875529805065,1,0.06357179286662022
2025-05-19,DEXE,,0.021216634845511742,0,-0.018696243607726454
2025-05-19,DOGE,,-0.36145610257230887,-1,-0.043018533228695116
2025-05-19,DOT,,-0.2885551391326258,-1,-0.04733898160741762
2025-05-19,ENA,,-0.24007717941261306,-1,-0.03197446032098651
2025-05-19,ETC,,-0.173149672919373,0,-1.3364595356892369e-05
2025-05-19,ETH,,-0.5506124601946545,-1,-0.055077078267484994
2025-05-19,FET,,0.13924155824297943,0,-6.993772031755997e-07
2025-05-19,FIL,,-0.05256606710603364,0,0.0019636977408820757
2025-05-19,HBAR,,0.020300482733729197,0,0.0053498436816745605
2025-05-19,ICP,,-0.10492261470505995,0,0.0
2025-05-19,JST,,0.3886656421514807,1,0.035084808622584854
2025-05-19,JUP,,0.28891397232338273,1,0.022202479215436152
2025-05-19,LINK,,-0.2062250192280904,0,-0.012253401043585667
2025-05-19,LTC,,-0.14438467684144063,0,0.008128795657032693
2025-05-19,LUNC,,0.038795871011316506,0,9.31149858196366e-07
2025-05-19,NEAR,,-0.3170604057519619,-1,-0.040288067841390635
2025-05-19,NEXO,,0.2364755412208293,1,0.08300042060659532
2025-05-19,ONDO,,0.10112927514945023,0,3.436044856062613e-05
2025-05-19,PENGU,,0.32670296652010583,1,0.011672788373431012
2025-05-19,PEPE,,-0.8109706825725682,-1,-0.024518901773407493
2025-05-19,POL,,0.2648045465066181,1,0.042078637282931965
2025-05-19,QNT,,0.03353256138532068,0,0.0020990150230645304
2025-05-19,RENDER,,0.18802239702439616,0,0.0016712074615447626
2025-05-19,SHIB,,-0.1845472930913714,0,1.4446222368460685e-05
2025-05-19,SOL,,-0.04179688834700566,0,-5.991156289781308e-05
2025-05-19,STX,,-0.2199990910613193,-1,-0.048914167842885665
2025-05-19,SUI,,-0.12141010205582387,0,-0.0060122707533853854
2025-05-19,TAO,,-0.04047549200581732,0,-5.937419866021646e-07
2025-05-19,TON,,-0.01085265463401185,0,0.0
2025-05-19,TRUMP,,0.21569355912560287,0,-0.004492199769484142
2025-05-19,TRX,,0.5859792394427388,1,0.07944095511454576
2025-05-19,UNI,,-0.35755668928327783,-1,-0.04302806840336892
2025-05-19,VET,,-0.15057343605674148,0,0.0
2025-05-19,VIRTUAL,,-0.3877126889154148,-1,-0.040253530678745465
2025-05-19,WLD,,0.18980820986577007,0,-0.0012315464277854928
2025-05-19,XLM,,0.15678152943008708,0,0.007228443908470723
2025-05-19,XRP,,-0.04251602823104217,0,0.010711930468750214
2025-05-19,ZEC,,0.5130407614329998,1,0.01955551176257842
2025-05-26,AAVE,,-0.04656485932432434,0,0.0
2025-05-26,ADA,,-0.07877812982247537,0,0.0
2025-05-26,ALGO,,-0.010777777076005413,0,0.0
2025-05-26,APT,,0.16289098148465433,0,0.0
2025-05-26,ARB,,-0.446758644597687,-1,-0.02977602074130322
2025-05-26,ATOM,,-0.19588180583697168,-1,-0.04539156418732424
2025-05-26,AVAX,,-0.1177188682102863,0,0.0
2025-05-26,BCH,,0.13289282094504962,0,0.0
2025-05-26,BNB,,0.14379403671024937,0,0.0
2025-05-26,BONK,,-0.1263727274808521,0,0.0
2025-05-26,BTC,,-0.15339222254907703,0,0.0
2025-05-26,CAKE,,0.35263675760756785,1,0.02831047529097013
2025-05-26,CHZ,,-0.01998455535268518,0,0.0
2025-05-26,DASH,,0.2079949091041107,1,0.04768800480512945
2025-05-26,DEXE,,0.9172944384545522,1,0.04458123676157708
2025-05-26,DOGE,,-0.40557078091796067,-1,-0.03795011315933689
2025-05-26,DOT,,-0.22771583369386522,-1,-0.0438752687312488
2025-05-26,ENA,,-0.3920432482999742,-1,-0.03133812775950832
2025-05-26,ETC,,-0.14623741813668387,0,0.0
2025-05-26,ETH,,-0.5396767474499737,-1,-0.042421753739204565
2025-05-26,FET,,-0.06672398175573326,0,0.0
2025-05-26,FIL,,-0.021713605374738404,0,0.0
2025-05-26,HBAR,,-0.013390284415921437,0,0.0
2025-05-26,ICP,,-0.042302946186141055,0,0.0
2025-05-26,JST,,0.15952481827352372,0,0.0
2025-05-26,JUP,,0.11220918845257996,0,0.0
2025-05-26,LINK,,-0.18781549413573612,-1,-0.05431856734816372
2025-05-26,LTC,,-0.15360389310668784,0,0.0
2025-05-26,LUNC,,0.21372021578206707,1,0.032455293431777096
2025-05-26,NEAR,,-0.34309688073284306,-1,-0.03767206167780281
2025-05-26,NEXO,,0.13256226573666852,0,0.0
2025-05-26,ONDO,,0.07743556392744734,0,0.0
2025-05-26,PENGU,,0.04608875434750521,0,0.0
2025-05-26,PEPE,,-0.9438056092343838,-1,-0.022286846792551853
2025-05-26,POL,,0.2076073498871092,1,0.04402270234476917
2025-05-26,QNT,,0.9289095563162668,1,0.05124908415687244
2025-05-26,RENDER,,0.0018320754141495426,0,0.0
2025-05-26,SHIB,,-0.14955815825046032,0,0.0
2025-05-26,SOL,,-0.18642722341342316,-1,-0.06452883517523154
2025-05-26,STX,,-0.24381545124350726,-1,-0.03884306752880785
2025-05-26,SUI,,-0.054606625136824835,0,0.0
2025-05-26,TAO,,-0.09078113073848039,0,0.0
2025-05-26,TON,,0.5095991571635476,1,0.03962022018883077
2025-05-26,TRUMP,,0.2825021389445621,1,0.024058406110551874
2025-05-26,TRX,,0.5583325731610941,1,0.07254417377104806
2025-05-26,UNI,,-0.12730537598392572,0,0.0
2025-05-26,VET,,-0.1116715636028176,0,0.0
2025-05-26,VIRTUAL,,0.45292565816869557,1,0.044877957915966965
2025-05-26,WLD,,-0.15676082601256694,0,0.0
2025-05-26,XLM,,0.12265998660687107,0,0.0
2025-05-26,XRP,,-0.11091928034759982,0,0.0
2025-05-26,ZEC,,0.18835870193234147,1,0.0189946720629908
2025-06-02,AAVE,,-0.49352960834403614,-1,-0.023380522924598888
2025-06-02,ADA,,-0.0035904876389702186,0,0.0
2025-06-02,ALGO,,0.16624429893707657,0,0.0
2025-06-02,APT,,0.08150174900971853,0,0.0
2025-06-02,ARB,,0.185300970505937,1,0.016468215133883232
2025-06-02,ATOM,,0.10237033952427596,0,-0.009497046254078732
2025-06-02,AVAX,,0.06692379038842494,0,0.0
2025-06-02,BCH,,0.0731079485478045,0,0.0
2025-06-02,BNB,,-0.17463677440523181,-1,-0.047113359045084874
2025-06-02,BONK,,0.12320264744852875,0,0.0
2025-06-02,BTC,,-0.26409138131507115,-1,-0.047113359045084874
2025-06-02,CAKE,,0.20931108850598235,1,0.038804663911625036
2025-06-02,CHZ,,0.060189155671449654,0,0.0
2025-06-02,DASH,,0.03670701255203852,0,0.009977518851961395
2025-06-02,DEXE,,-0.7024365017693562,-1,-0.004241978336013551
2025-06-02,DOGE,,-0.06516015213100934,0,-0.007940109279653145
2025-06-02,DOT,,0.15560006279512542,0,-0.009179799462984028
2025-06-02,ENA,,0.16988412175231565,0,-0.006556717182515395
2025-06-02,ETC,,0.08958149717764784,0,0.0
2025-06-02,ETH,,-0.1069552434317367,-1,-0.05598904695435656
2025-06-02,FET,,-0.21761201756646398,-1,-0.02713070645936687
2025-06-02,FIL,,0.04157778292811966,0,0.0
2025-06-02,HBAR,,0.1437707539209055,0,0.0
2025-06-02,ICP,,-0.079328942487792,0,0.0
2025-06-02,JST,,0.09848975298825599,0,0.0
2025-06-02,JUP,,-0.2557584227643873,-1,-0.02494028562806414
2025-06-02,LINK,,-0.0003687132352706672,0,-0.011364797750346288
2025-06-02,LTC,,-0.04853201521410051,0,0.0
2025-06-02,LUNC,,0.3225030114968652,1,0.03967186314352506
2025-06-02,NEAR,,0.12295357419693279,0,-0.007881933981479971
2025-06-02,NEXO,,0.17654291932458077,1,0.03288140706584358
2025-06-02,ONDO,,0.23076367563152603,1,0.03288140706584358
2025-06-02,PENGU,,0.25563079736355365,1,0.026140752137432624
2025-06-02,PEPE,,0.1470637849760754,0,-0.00466296367256579
2025-06-02,POL,,0.22122263773208603,1,0.042092053314393994
2025-06-02,QNT,,0.08446650192863417,0,0.010722585384112145
2025-06-02,RENDER,,0.03894228005787577,0,0.0
2025-06-02,SHIB,,0.05858015570318631,0,0.0
2025-06-02,SOL,,-0.15402675428455329,-1,-0.058597113981246424
2025-06-02,STX,,-0.20435656800837654,-1,-0.043732478572662756
2025-06-02,SUI,,0.07463547129644471,0,0.0
2025-06-02,TAO,,-0.06731435851197681,0,0.0
2025-06-02,TON,,0.03558917954189842,0,0.008289537284445161
2025-06-02,TRUMP,,0.2190555372880359,1,0.037915025089853574
2025-06-02,TRX,,0.5655554295866273,1,0.0480594558090936
2025-06-02,UNI,,0.2011597811698991,1,0.025722510211847203
2025-06-02,VET,,0.15811890261903594,0,0.0
2025-06-02,VIRTUAL,,-0.06440306737343794,0,0.009389587024532575
2025-06-02,WLD,,-0.7266639602734444,-1,-0.014354684406880062
2025-06-02,XLM,,0.23986349194675682,1,0.03288140706584358
2025-06-02,XRP,,-0.0046333523803592245,0,0.0
2025-06-02,ZEC,,-1.323011783378046,-1,-0.008221085557254048
2025-06-09,AAVE,,-0.3081428847978422,-1,-0.030268649056049847
2025-06-09,ADA,,-0.054006297939375725,0,0.0
2025-06-09,ALGO,,0.06807372258745303,0,0.0
2025-06-09,APT,,0.1151834337432306,0,0.0
2025-06-09,ARB,,0.2112127516457202,1,0.03669929526935094
2025-06-09,ATOM,,0.09450767202179605,0,0.0
2025-06-09,AVAX,,-0.12312542911473878,0,0.0
2025-06-09,BCH,,0.04971150715296782,0,0.0
2025-06-09,BNB,,-0.1124106518077004,0,0.0
2025-06-09,BONK,,0.2114924818751155,1,0.025679080210486933
2025-06-09,BTC,,-0.17642949244873452,-1,-0.06256838673815501
2025-06-09,CAKE,,0.333577134814226,1,0.04435660867934143
2025-06-09,CHZ,,0.06583851748171275,0,0.0
2025-06-09,DASH,,-0.1102714844637901,0,0.0
2025-06-09,DEXE,,-0.6947884391661301,-1,-0.017799849386485433
2025-06-09,DOGE,,0.10954079181793143,0,0.0
2025-06-09,DOT,,0.09024087854000278,0,0.0
2025-06-09,ENA,,0.17544955637138307,0,0.0
2025-06-09,ETC,,0.15735151190960883,0,0.0
2025-06-09,ETH,,0.17590009327496706,0,0.0
2025-06-09,FET,,-0.22582011248433165,-1,-0.038002991667611334
2025-06-09,FIL,,0.14955206543486904,0,0.0
2025-06-09,HBAR,,-0.08625590466313258,0,0.0
2025-06-09,ICP,,-0.11417354861192804,0,0.0
2025-06-09,JST,,0.01733570338395974,0,0.0
2025-06-09,JUP,,-0.20761978364616665,-1,-0.03387534455429204
2025-06-09,LINK,,0.06328618385351142,0,0.0
2025-06-09,LTC,,0.11960606695323316,0,0.0
2025-06-09,LUNC,,0.49648672350081624,1,0.04435660867934143
2025-06-09,NEAR,,-0.004487059103535941,0,0.0
2025-06-09,NEXO,,0.2847744759369979,1,0.04435660867934143
2025-06-09,ONDO,,0.21215988589552073,1,0.04435660867934143
2025-06-09,PENGU,,0.45268621698728073,1,0.03077085361924663
2025-06-09,PEPE,,0.22857031403641276,1,0.03936803912754065
2025-06-09,POL,,0.13311659209888588,0,0.0
2025-06-09,QNT,,-0.42787746291027784,-1,-0.027912995911324925
2025-06-09,RENDER,,-0.03440258546769904,0,0.0
2025-06-09,SHIB,,0.15663870847571257,0,0.0
2025-06-09,SOL,,0.03719923740003639,0,0.0
2025-06-09,STX,,0.007910547766365203,0,0.0
2025-06-09,SUI,,-0.1589042537520588,-1,-0.06256838673815501
2025-06-09,TAO,,-0.040366807034884475,0,0.0
2025-06-09,TON,,-0.1943936075415686,-1,-0.05530073113710005
2025-06-09,TRUMP,,0.3958192439145775,1,0.04435660867934143
2025-06-09,TRX,,0.05824707583144792,0,0.0
2025-06-09,UNI,,0.30158898722834776,1,0.035247050768872294
2025-06-09,VET,,0.0010026783245230238,0,0.0
2025-06-09,VIRTUAL,,0.1913706558624365,1,0.03550553516222443
2025-06-09,WLD,,-0.7723210385913823,-1,-0.018405287303039856
2025-06-09,XLM,,0.16820865702233959,0,0.0
2025-06-09,XRP,,-0.14957567116685422,-1,-0.06256838673815501
2025-06-09,ZEC,,-1.338267558431263,-1,-0.01578188832406048
2025-06-16,AAVE,,-0.44089824558992946,-1,-0.028432460600153562
2025-06-16,ADA,,-0.042808235402309186,0,0.0
2025-06-16,ALGO,,0.14391664394165632,1,0.04234562771734964
2025-06-16,APT,,0.08896833274516686,0,0.0
2025-06-16,ARB,,0.03534628110124115,0,0.001654976369011081
2025-06-16,ATOM,,0.08975572333031716,0,0.0
2025-06-16,AVAX,,-0.09538542212401062,0,0.0
2025-06-16,BCH,,-0.09734319513347928,-1,-0.04325651517123561
2025-06-16,BNB,,-0.07383729038286871,0,0.0
2025-06-16,BONK,,0.29552287377605096,1,0.028166449637366496
2025-06-16,BTC,,-0.1529650428953878,-1,-0.06497137766737401
2025-06-16,CAKE,,0.17614006161835957,1,0.035415699760688514
2025-06-16,CHZ,,0.09131199432870886,0,0.0
2025-06-16,DASH,,-0.07620326955603318,0,0.0
2025-06-16,DEXE,,-0.6874349886663196,-1,-0.018790286229703825
2025-06-16,DOGE,,0.09940676246386357,0,0.0
2025-06-16,DOT,,-0.015435869633963619,0,0.0
2025-06-16,ENA,,-0.08894847589435265,0,0.0
2025-06-16,ETC,,0.07705131992082719,0,0.0
2025-06-16,ETH,,-0.1528516194868912,-1,-0.04886636931178676
2025-06-16,FET,,0.05816651681205559,0,-0.001713767327138488
2025-06-16,FIL,,0.07939645595019561,0,0.0
2025-06-16,HBAR,,-0.07209802570381543,0,0.0
2025-06-16,ICP,,-0.5946845809519661,-1,-0.02495868929574816
2025-06-16,JST,,0.40593541794128335,1,0.04116128730611836
2025-06-16,JUP,,0.17955456780608237,1,0.028274683291645904
2025-06-16,LINK,,-0.0006397106200772334,0,0.0
2025-06-16,LTC,,0.09027137006450224,0,0.0
2025-06-16,LUNC,,0.09462730526940688,0,0.002000287434268222
2025-06-16,NEAR,,-0.023260624684449505,0,0.0
2025-06-16,NEXO,,0.09173623238135964,0,0.002000287434268222
2025-06-16,ONDO,,0.1347909905139882,0,0.002000287434268222
2025-06-16,PENGU,,0.5191759002082446,1,0.033439018093020675
2025-06-16,PEPE,,0.048869123604895086,0,0.0017753249475827224
2025-06-16,POL,,0.14717764625822646,1,0.04234562771734964
2025-06-16,QNT,,-0.7293419043617537,-1,-0.022413957522022375
2025-06-16,RENDER,,0.017077206277487246,0,0.0
2025-06-16,SHIB,,0.11959478711631692,0,0.0
2025-06-16,SOL,,-0.0931213993765086,0,0.0
2025-06-16,STX,,0.29554013214949926,1,0.04234562771734964
2025-06-16,SUI,,0.06568693522154344,0,-0.002821558308921286
2025-06-16,TAO,,0.15096713058733754,1,0.03546506693174397
2025-06-16,TON,,-0.15702078643063558,-1,-0.049887738899252604
2025-06-16,TRUMP,,0.35692476811344104,1,0.044345915151617864
2025-06-16,TRX,,0.09470008488548565,0,0.0
2025-06-16,UNI,,-0.41458492540298336,-1,-0.027178491404902527
2025-06-16,VET,,-0.0017538456557664936,0,0.0
2025-06-16,VIRTUAL,,-0.11579788454343888,-1,-0.022756389158956003
2025-06-16,WLD,,0.17502063849294425,1,0.036771446947321366
2025-06-16,XLM,,0.08541127504814472,0,0.0
2025-06-16,XRP,,-0.15019976225454204,-1,-0.06274831943009798
2025-06-16,ZEC,,-0.031429373177149104,0,-0.0007116935636773576
2025-06-23,AAVE,,-0.18480931475328927,-1,-0.0349570513693349
2025-06-23,ADA,,-0.15988545698799517,-1,-0.05109684740776931
2025-06-23,ALGO,,0.20035028045628753,1,0.03003301833599451
2025-06-23,APT,,-0.05752019614934036,0,0.0
2025-06-23,ARB,,-0.3086399394414826,-1,-0.018779793107159156
2025-06-23,ATOM,,0.1973910369401982,1,0.023406240603397
2025-06-23,AVAX,,-0.037022327030895405,0,0.0
2025-06-23,BCH,,0.47855926011207134,1,0.02308980987660223
2025-06-23,BNB,,0.12001424780375367,0,0.0
2025-06-23,BONK,,0.02051947921638533,0,0.007084178115911045
2025-06-23,BTC,,0.052700452725688796,0,-0.01634103047269385
2025-06-23,CAKE,,0.20707872578089415,1,0.02898703256155616
2025-06-23,CHZ,,0.16389274384603983,1,0.021273393028273253
2025-06-23,DASH,,0.2053601563573767,1,0.02470906823555522
2025-06-23,DEXE,,-0.0958920294098441,0,-0.004725967816816345
2025-06-23,DOGE,,-0.024566369251325652,0,0.0
2025-06-23,DOT,,-0.06869009205138066,0,0.0
2025-06-23,ENA,,-0.0865814815245547,0,0.0
2025-06-23,ETC,,0.16057228530985007,1,0.026181582811012256
2025-06-23,ETH,,-0.13992181157983433,-1,-0.056863037532289606
2025-06-23,FET,,-0.06964474490024322,0,-0.0004310317115214868
2025-06-23,FIL,,0.007476496776915988,0,0.0
2025-06-23,HBAR,,-0.013540692746045512,0,0.0
2025-06-23,ICP,,-0.1967503122601514,-1,-0.038744662786375915
2025-06-23,JST,,0.4084321574080627,1,0.055077911510634195
2025-06-23,JUP,,-0.32936606203066415,-1,-0.011310999070165993
2025-06-23,LINK,,-0.038600541123997335,0,0.0
2025-06-23,LTC,,0.17922663119423707,1,0.032052081513115276
2025-06-23,LUNC,,0.10230029356354815,0,0.0005030947332664854
2025-06-23,NEAR,,-0.06026498035578648,0,0.0
2025-06-23,NEXO,,0.14355478019503348,1,0.028117963733275946
2025-06-23,ONDO,,0.08948614827855027,0,0.0005030947332664854
2025-06-23,PENGU,,-0.7760109670386435,-1,-0.0037222959952173396
2025-06-23,PEPE,,-0.0480746287670689,0,0.00044651414374965374
2025-06-23,POL,,0.08364402114381782,0,0.01065040049569458
2025-06-23,QNT,,-0.21204762146939646,-1,-0.030916830665753375
2025-06-23,RENDER,,-0.104499542369781,-1,-0.026634529427380454
2025-06-23,SHIB,,0.08424318921826834,0,0.0
2025-06-23,SOL,,-0.11666870272347499,-1,-0.03611472617737403
2025-06-23,STX,,-0.01952787509788037,0,0.01065040049569458
2025-06-23,SUI,,-0.09547396274306656,0,-0.000709653573033567
2025-06-23,TAO,,-0.008134657684730241,0,0.008919862257111635
2025-06-23,TON,,0.09976530001746073,0,-0.012547326081648567
2025-06-23,TRUMP,,0.0941849695240576,0,0.011153495228961065
2025-06-23,TRX,,0.26456766243991253,1,0.04472538591685495
2025-06-23,UNI,,-0.0027461862240244425,0,-0.0068356955353954495
2025-06-23,VET,,0.0358875375405179,0,0.0
2025-06-23,VIRTUAL,,-0.17136485710147872,-1,-0.03012057578929319
2025-06-23,WLD,,0.052604094967607415,0,0.009248431488824083
2025-06-23,XLM,,-0.009681861706616494,0,0.0
2025-06-23,XRP,,0.06498124335913968,0,-0.01578190638294652
2025-06-23,ZEC,,-0.0808659796526693,0,-0.00017899891658156725
2025-06-30,AAVE,,-0.09277563236697414,0,-0.005239898476341147
2025-06-30,ADA,,0.1915768708024129,1,0.018974383253927134
2025-06-30,ALGO,,-0.08646726481532667,0,0.004501808958542533
2025-06-30,APT,,-0.49378308399408327,-1,-0.03136656059340196
2025-06-30,ARB,,-0.6652252218403025,-1,-0.025809434341720724
2025-06-30,ATOM,,0.0016110817786336197,0,0.003508485975513436
2025-06-30,AVAX,,-0.05234599589883524,0,0.0
2025-06-30,BCH,,-0.08085754554997343,0,0.003461054489783094
2025-06-30,BNB,,0.23303044000581127,1,0.048446121350706174
2025-06-30,BONK,,-0.047479313457250205,0,0.001061885160836374
2025-06-30,BTC,,0.030451091350310537,0,-0.0024494440269302933
2025-06-30,CAKE,,0.16861685518567382,1,0.026351811839979096
2025-06-30,CHZ,,0.061950838245903035,0,0.003188782101148261
2025-06-30,DASH,,0.127340026220344,0,0.003703773743138756
2025-06-30,DEXE,,0.0057030402296910955,0,-0.0007084004683614829
2025-06-30,DOGE,,0.14734544515652825,0,0.0
2025-06-30,DOT,,-0.04318197536000316,0,0.0
2025-06-30,ENA,,-0.12101908503148495,0,0.0
2025-06-30,ETC,,0.03123620633932914,0,0.003924496789794112
2025-06-30,ETH,,0.06291270071751852,0,-0.008523503329200925
2025-06-30,FET,,-0.22191116507743106,-1,-0.034687073884194765
2025-06-30,FIL,,-0.10579062777652261,0,0.0
2025-06-30,HBAR,,0.18175687410774663,1,0.01920629837024246
2025-06-30,ICP,,-0.08308701211191685,0,-0.005807643709868929
2025-06-30,JST,,0.6388137266226709,1,0.05670204263981677
2025-06-30,JUP,,-0.44261788872833785,-1,-0.025613638527087253
2025-06-30,LINK,,-0.1343332252476451,-1,-0.044705121342185676
2025-06-30,LTC,,0.09510606102462202,0,0.004804457083913666
2025-06-30,LUNC,,0.20197922671800914,1,0.025945669354920837
2025-06-30,NEAR,,-0.178909993875175,-1,-0.038437162022780934
2025-06-30,NEXO,,0.32213279928997807,1,0.03383818787931821
2025-06-30,ONDO,,0.12693081979341272,0,7.541154711380538e-05
2025-06-30,PENGU,,-0.7468740233440714,-1,-0.016547714787613885
2025-06-30,PEPE,,-0.03566068285100918,0,6.693038142087149e-05
2025-06-30,POL,,0.3104458556334082,1,0.030322698185389088
2025-06-30,QNT,,-0.2196133945425266,-1,-0.03845310243969026
2025-06-30,RENDER,,-0.17314327804782084,-1,-0.03703564071826171
2025-06-30,SHIB,,0.13116247254862198,0,0.0
2025-06-30,SOL,,-0.1241620709322556,-1,-0.050761806327495954
2025-06-30,STX,,-0.20822604897557193,-1,-0.035798844816638226
2025-06-30,SUI,,-0.008208165606344657,0,-0.00010637375094315314
2025-06-30,TAO,,-0.06981176829877643,0,0.0013370456265431128
2025-06-30,TON,,0.054175822888662205,0,-0.0018807854851013075
2025-06-30,TRUMP,,-0.0028056790185568255,0,0.001671856760418271
2025-06-30,TRX,,0.6382972163732232,1,0.05515024748089463
2025-06-30,UNI,,-0.020360726332259636,0,-0.0010246387843818906
2025-06-30,VET,,-0.060033076277190116,0,0.0
2025-06-30,VIRTUAL,,-0.08420071694787688,0,-0.004514933411211175
2025-06-30,WLD,,-0.019791157719691865,0,0.001386296617378482
2025-06-30,XLM,,0.4982435897378635,1,0.03137513127466327
2025-06-30,XRP,,0.24396132179532934,1,0.030493675478274224
2025-06-30,ZEC,,0.11789543745949985,0,-2.6831100265088415e-05
2025-07-07,AAVE,,-0.24174611284851694,-1,-0.05073557100383463
2025-07-07,ADA,,0.03944032852946665,0,0.0
2025-07-07,ALGO,,-0.26869313805077943,-1,-0.03088720526065582
2025-07-07,APT,,-0.31153002557301124,-1,-0.04450425768189584
2025-07-07,ARB,,-0.3328289681605133,-1,-0.03148477870622582
2025-07-07,ATOM,,0.10908636870487064,0,0.0
2025-07-07,AVAX,,0.04657708003346864,0,0.0
2025-07-07,BCH,,-0.1396055397118472,0,0.0
2025-07-07,BNB,,-0.020921740494028583,0,0.0
2025-07-07,BONK,,-0.06775196853526765,0,0.0
2025-07-07,BTC,,-0.08092238973847288,0,0.0
2025-07-07,CAKE,,0.06370901489463379,0,0.0
2025-07-07,CHZ,,0.15320808979517414,1,0.03066329326912815
2025-07-07,DASH,,0.18593877892617877,1,0.03777571496943661
2025-07-07,DEXE,,0.052205200724624895,0,0.0
2025-07-07,DOGE,,0.12623574234983512,0,0.0
2025-07-07,DOT,,0.06655771690359252,0,0.0
2025-07-07,ENA,,-0.031095404571701207,0,0.0
2025-07-07,ETC,,0.06269790288015355,0,0.0
2025-07-07,ETH,,-0.02636977125511655,0,0.0
2025-07-07,FET,,-0.18614781648619275,-1,-0.05030565937262208
2025-07-07,FIL,,-0.022835657907490446,0,0.0
2025-07-07,HBAR,,-0.2608721853191536,-1,-0.029951114558969007
2025-07-07,ICP,,0.030932194138850552,0,0.0
2025-07-07,JST,,1.2129916706104322,1,0.06987107147351101
2025-07-07,JUP,,-0.25501775939006077,-1,-0.034888937177672344
2025-07-07,LINK,,-0.06072432158260962,0,0.0
2025-07-07,LTC,,0.04032426593707288,0,0.0
2025-07-07,LUNC,,0.21815256923854265,1,0.03365670509047099
2025-07-07,NEAR,,-0.0413879757253597,0,0.0
2025-07-07,NEXO,,0.045577898324057724,0,0.0
2025-07-07,ONDO,,0.14177435879244193,1,0.025608574366185983
2025-07-07,PENGU,,-0.5848573764973465,-1,-0.017462527849206322
2025-07-07,PEPE,,0.07911975661652476,0,0.0
2025-07-07,POL,,0.2003190612601403,1,0.02261977278031987
2025-07-07,QNT,,-0.2192567543888283,-1,-0.05216900397415817
2025-07-07,RENDER,,-0.005447686536508574,0,0.0
2025-07-07,SHIB,,0.14769453517979644,1,0.0324812609585143
2025-07-07,SOL,,-0.23353514693561184,-1,-0.06449351142907579
2025-07-07,STX,,-0.016351916969904838,0,0.0
2025-07-07,SUI,,0.07210345190570322,0,0.0
2025-07-07,TAO,,0.06106537505305411,0,0.0
2025-07-07,TON,,0.05085217376138501,0,0.0
2025-07-07,TRUMP,,0.22810316234118033,1,0.03535377801018262
2025-07-07,TRX,,0.40034614262872276,1,0.06987107147351101
2025-07-07,UNI,,0.04773803866060512,0,0.0
2025-07-07,VET,,0.0818106367838702,0,0.0
2025-07-07,VIRTUAL,,0.05191014019183237,0,0.0
2025-07-07,WLD,,0.14772188673003733,1,0.024462002304960182
2025-07-07,XLM,,-0.9596008315287826,-1,-0.01825574254870617
2025-07-07,XRP,,0.05481430079068737,0,0.0
2025-07-07,ZEC,,0.14849264552017258,1,0.04277506486680118
2025-07-14,AAVE,,-0.20421636349875336,-1,-0.08728772595255291
2025-07-14,ADA,,-0.02093373709335053,0,0.0
2025-07-14,ALGO,,-0.5181898530175815,-1,-0.033294990747048794
2025-07-14,APT,,-0.32908609634136443,-1,-0.051369357815172115
2025-07-14,ARB,,-0.20359649061848706,-1,-0.0393183557254303
2025-07-14,ATOM,,0.0928842199251345,0,0.0
2025-07-14,AVAX,,0.11662605770999042,0,0.0
2025-07-14,BCH,,-0.14957929775081275,0,0.0
2025-07-14,BNB,,-0.004807593903569966,0,0.0
2025-07-14,BONK,,0.21115011082704074,0,0.0
2025-07-14,BTC,,-0.808112298857729,-1,-0.09624398728466321
2025-07-14,CAKE,,0.2715743308526892,1,0.04634334428000202
2025-07-14,CHZ,,0.22730832405418663,1,0.042285028323746164
2025-07-14,DASH,,0.28003007983025696,1,0.048953594991491954
2025-07-14,DEXE,,-0.11490012465554558,0,0.0
2025-07-14,DOGE,,-0.09048101166387493,0,0.0
2025-07-14,DOT,,0.13716129014204867,0,0.0
2025-07-14,ENA,,0.009211196870432307,0,0.0
2025-07-14,ETC,,-0.17855354382367908,-1,-0.05090328166794741
2025-07-14,ETH,,-0.0899373198472626,0,0.0
2025-07-14,FET,,-0.0949436948275847,0,0.0
2025-07-14,FIL,,0.08041588477371517,0,0.0
2025-07-14,HBAR,,-0.5342684538420538,-1,-0.03586871149924107
2025-07-14,ICP,,0.08066385864651358,0,0.0
2025-07-14,JST,,0.5683596017233121,1,0.06595549010475427
2025-07-14,JUP,,-0.17042408110412716,-1,-0.047031591065688355
2025-07-14,LINK,,-0.0018922059273419824,0,0.0
2025-07-14,LTC,,-0.1159146033333099,0,0.0
2025-07-14,LUNC,,0.3581404000097141,1,0.05711835195709432
2025-07-14,NEAR,,0.09792922133812305,0,0.0
2025-07-14,NEXO,,0.14241561431669536,0,0.0
2025-07-14,ONDO,,0.399372430474547,1,0.04274388379697769
2025-07-14,PENGU,,-0.7581122643241154,-1,-0.018339194556416808
2025-07-14,PEPE,,0.2179991940830157,0,0.0
2025-07-14,POL,,0.008379926125688969,0,0.0
2025-07-14,QNT,,-0.3220123909916531,-1,-0.07186683259577237
2025-07-14,RENDER,,0.16480166654883305,0,0.0
2025-07-14,SHIB,,0.2820473315954393,1,0.0448024073033732
2025-07-14,SOL,,-0.15091643677686917,0,0.0
2025-07-14,STX,,-0.07061861372626026,0,0.0
2025-07-14,SUI,,0.1993488219525314,0,0.0
2025-07-14,TAO,,-0.02778021883410603,0,0.0
2025-07-14,TON,,0.13453107041803328,0,0.0
2025-07-14,TRUMP,,0.39806651744552457,1,0.03795080445827127
2025-07-14,TRX,,0.9298664414869909,1,0.06595549010475427
2025-07-14,UNI,,0.14490392706455887,0,0.0
2025-07-14,VET,,0.13394388315352063,0,0.0
2025-07-14,VIRTUAL,,0.19231933235721102,0,0.0
2025-07-14,WLD,,0.28318111435457854,1,0.031105357565764918
2025-07-14,XLM,,-1.354806508394928,-1,-0.017645214081051127
2025-07-14,XRP,,-0.07588493392952063,0,0.0
2025-07-14,ZEC,,0.22733628900354566,1,0.06595549010475427
2025-07-21,AAVE,,-0.06608691539815707,0,-0.027994950628933875
2025-07-21,ADA,,-0.22370364801732376,-1,-0.04140686087306604
2025-07-21,ALGO,,-0.49769543733113863,-1,-0.032961668510771515
2025-07-21,APT,,-0.09023310100089112,0,-0.0164751987771738
2025-07-21,ARB,,0.02267626291416431,0,-0.012610197084783694
2025-07-21,ATOM,,-0.11251278061047734,0,0.0
2025-07-21,AVAX,,0.1006058406401378,0,0.0
2025-07-21,BCH,,0.2727024668814051,1,0.04566183450048696
2025-07-21,BNB,,0.2634776782201882,1,0.04566183450048696
2025-07-21,BONK,,0.0490537603599953,0,0.0
2025-07-21,BTC,,-0.5864810724208616,-1,-0.09750973246457399
2025-07-21,CAKE,,0.7163816569656866,1,0.046855269148736535
2025-07-21,CHZ,,0.08821337634833945,0,0.01356166937960792
2025-07-21,DASH,,-0.08378914914038749,0,0.015700414461943715
2025-07-21,DEXE,,0.276950801524987,1,0.04566183450048696
2025-07-21,DOGE,,-0.44326612833566004,-1,-0.02586887437525831
2025-07-21,DOT,,-0.03478607731709084,0,0.0
2025-07-21,ENA,,0.3112635292528561,1,0.010389110900438073
2025-07-21,ETC,,-0.35423766984328925,-1,-0.047298598778701934
2025-07-21,ETH,,-0.2628250224324821,-1,-0.048717833565074815
2025-07-21,FET,,0.06112682619220863,0,0.0
2025-07-21,FIL,,-0.0209303795544595,0,0.0
2025-07-21,HBAR,,-0.4259838877056243,-1,-0.03664537987355235
2025-07-21,ICP,,-0.0003815457423599891,0,0.0
2025-07-21,JST,,0.10357350875278243,0,0.02115326833228985
2025-07-21,JUP,,0.5066372519318756,1,0.013712865719326527
2025-07-21,LINK,,-0.15163991571508964,0,0.0
2025-07-21,LTC,,-0.26642219063789574,-1,-0.047974775989931814
2025-07-21,LUNC,,-0.012769694939642374,0,0.01831901823074309
2025-07-21,NEAR,,0.04966417787432313,0,0.0
2025-07-21,NEXO,,0.11893740149813227,0,0.0
2025-07-21,ONDO,,0.365218323020043,1,0.04297702655211521
2025-07-21,PENGU,,-0.34593527034310495,-1,-0.020349599697817786
2025-07-21,PEPE,,-0.0034495601300393516,0,0.0
2025-07-21,POL,,-0.08153798577904744,0,0.0
2025-07-21,QNT,,0.4620031226980604,1,0.015232272672097591
2025-07-21,RENDER,,0.20439008362802885,0,0.0
2025-07-21,SHIB,,-0.14043883424373668,0,0.014369044064649918
2025-07-21,SOL,,0.12063810982916821,0,0.0
2025-07-21,STX,,-0.001741306134358429,0,0.0
2025-07-21,SUI,,0.4672516360234834,1,0.028344045065534923
2025-07-21,TAO,,0.13381621869673774,0,0.0
2025-07-21,TON,,0.23733517606832166,0,0.0
2025-07-21,TRUMP,,0.2893172846224377,1,0.035270770562433836
2025-07-21,TRX,,0.45218098659572914,1,0.06681510283277681
2025-07-21,UNI,,0.05370687528291054,0,0.0
2025-07-21,VET,,-0.09763420402728419,0,0.0
2025-07-21,VIRTUAL,,0.12494778471005101,0,0.0
2025-07-21,WLD,,0.18991561213607674,0,0.009976121383002478
2025-07-21,XLM,,-1.1664104999895029,-1,-0.01811094288368824
2025-07-21,XRP,,-0.4618879913639677,-1,-0.03689015763611908
2025-07-21,ZEC,,-0.10920548451424941,0,0.02115326833228985
2025-07-28,AAVE,,-0.06289194060756652,0,-0.002597573249957276
2025-07-28,ADA,0.0,-0.09426064541132605,0,-0.0038420269281494723
2025-07-28,ALGO,1.0,-0.1866894881404999,-1,-0.029998074553541424
2025-07-28,APT,2.0,-0.15019380041893218,0,-0.0015286876622345128
2025-07-28,ARB,1.0,0.12842106727130082,1,0.02479772781702577
2025-07-28,ATOM,1.0,-0.054478435295081375,0,0.0
2025-07-28,AVAX,3.0,-0.046732967554095145,0,0.0
2025-07-28,BCH,4.0,-0.03254846811411446,0,0.004236834042488119
2025-07-28,BNB,3.0,-0.26205098324430126,-1,-0.06870027928529729
2025-07-28,BONK,0.0,0.5039790727303397,1,0.022784634080732474
2025-07-28,BTC,6.0,-0.49971942886406584,-1,-0.09398712375098488
2025-07-28,CAKE,5.0,0.21490173362254442,1,0.038943623226668625
2025-07-28,CHZ,1.0,0.046326065566484595,0,0.0012583494099405665
2025-07-28,DASH,6.0,-0.027634822548623,0,0.001456797590399626
2025-07-28,DEXE,0.0,-0.10276776878778479,0,0.004236834042488119
2025-07-28,DOGE,0.0,-0.2635387542606271,-1,-0.03123164592382086
2025-07-28,DOT,7.0,-0.015194030164091427,0,0.0
2025-07-28,ENA,,0.14136139271762535,1,0.020686232075286616
2025-07-28,ETC,7.0,-0.22645207182319618,-1,-0.03913108013306671
2025-07-28,ETH,0.0,-0.23205656375627165,-1,-0.05197315028958737
2025-07-28,FET,2.0,-0.06745214294982078,0,0.0
2025-07-28,FIL,6.0,-0.07770644901347583,0,0.0
2025-07-28,HBAR,1.0,-0.163349629022487,-1,-0.030296248428404463
2025-07-28,ICP,7.0,-0.012170601459523013,0,0.0
2025-07-28,JST,5.0,-0.0830367764009968,0,0.0019627526655587105
2025-07-28,JUP,3.0,0.18780770198394153,1,0.03218597187811359
2025-07-28,LINK,5.0,-0.1710312984808598,-1,-0.04313425855780176
2025-07-28,LTC,1.0,-0.11803411985249501,0,-0.004451445420851789
2025-07-28,LUNC,7.0,0.08312403631292176,0,0.0016997705176331687
2025-07-28,NEAR,2.0,-0.012883984504508752,0,0.0
2025-07-28,NEXO,1.0,0.23524251436692484,1,0.08422574740580152
2025-07-28,ONDO,1.0,0.21175014874539735,1,0.039832465893853385
2025-07-28,PENGU,0.0,0.09627168708272357,0,-0.0018881824984451935
2025-07-28,PEPE,6.0,0.08774307566225382,0,0.0
2025-07-28,POL,,0.03273273406577415,0,0.0
2025-07-28,QNT,3.0,-0.023776378438251672,0,0.0014133600217248448
2025-07-28,RENDER,5.0,0.11355871934431477,0,0.0
2025-07-28,SHIB,2.0,-0.08178188326988452,0,0.0013332634511316315
2025-07-28,SOL,0.0,-0.21664788313296884,-1,-0.0647085982680911
2025-07-28,STX,3.0,-0.061411609720472306,0,0.0
2025-07-28,SUI,0.0,0.14501710557939682,1,0.029993933706390308
2025-07-28,TAO,0.0,0.06817321403460433,0,0.0
2025-07-28,TON,2.0,0.9210175711498519,1,0.08422574740580152
2025-07-28,TRUMP,3.0,0.21931067041865143,1,0.04113595226900057
2025-07-28,TRX,0.0,0.8732850636466016,1,0.09042533411384836
2025-07-28,UNI,7.0,-0.02875030296891117,0,0.0
2025-07-28,VET,2.0,-0.019407275225612565,0,0.0
2025-07-28,VIRTUAL,6.0,0.07792240484344228,0,0.0
2025-07-28,WLD,5.0,0.11014931468313645,0,0.0009256564294859368
2025-07-28,XLM,7.0,-0.7010490497569088,-1,-0.017546848608849943
2025-07-28,XRP,7.0,-0.24786774852389357,-1,-0.04470851714984828
2025-07-28,ZEC,6.0,-0.15452799211658882,0,0.0019627526655587105
2025-08-04,AAVE,,-0.02540375465386276,0,-0.00043829902199226485
2025-08-04,ADA,0.0,-0.06018267343039049,0,-0.0006482807155115096
2025-08-04,ALGO,0.0,0.2748713428258899,1,0.019258650693130267
2025-08-04,APT,1.0,0.028488936777241444,0,-0.0002579416412222637
2025-08-04,ARB,6.0,-0.0029438875009429447,0,0.004184220733721964
2025-08-04,ATOM,6.0,0.04587161950707064,0,0.0
2025-08-04,AVAX,3.0,-0.16366029412566543,-1,-0.03495874530180734
2025-08-04,BCH,4.0,-0.011882458185142612,0,0.0007148981139209914
2025-08-04,BNB,6.0,-0.24916646277449264,-1,-0.06459687590260643
2025-08-04,BONK,0.0,-0.06437049182666442,0,0.0038445432998668767
2025-08-04,BTC,7.0,-0.12319784660054711,0,-0.015858826857183025
2025-08-04,CAKE,3.0,0.061401185942149605,0,0.006571114779290579
2025-08-04,CHZ,6.0,0.13164367843414074,1,0.02292851431192031
2025-08-04,DASH,8.0,0.026867752285330095,0,0.00024581133915024204
2025-08-04,DEXE,6.0,0.4185680465773237,1,0.05483043812116059
2025-08-04,DOGE,5.0,-0.7779070142030938,-1,-0.0263889864551959
2025-08-04,DOT,2.0,0.07352365426537776,0,0.0
2025-08-04,ENA,,-0.4645704192644911,-1,-0.018501851905505413
2025-08-04,ETC,1.0,-0.6241293049443905,-1,-0.031611477350287645
2025-08-04,ETH,6.0,-0.3258613774790731,-1,-0.041608606958205764
2025-08-04,FET,1.0,0.006042929317437412,0,0.0
2025-08-04,FIL,8.0,-0.04335658540371914,0,0.0
2025-08-04,HBAR,0.0,0.13271674811726109,1,0.018716832229734977
2025-08-04,ICP,2.0,0.154081451555875,1,0.026771454857277437
2025-08-04,JST,4.0,0.0417748335388035,0,0.00033118318174135924
2025-08-04,JUP,5.0,0.12545174738192066,0,0.005430868983686894
2025-08-04,LINK,3.0,-0.5085609934752936,-1,-0.03140540279733203
2025-08-04,LTC,0.0,-0.23933562946272136,-1,-0.04421043837288869
2025-08-04,LUNC,2.0,0.17048990648214393,1,0.029721163070119565
2025-08-04,NEAR,1.0,-0.12551612335625334,0,0.0
2025-08-04,NEXO,6.0,0.48462222827732393,1,0.0708162371563126
2025-08-04,ONDO,6.0,0.13333971587776083,1,0.028341948649735514
2025-08-04,PENGU,5.0,0.04801927257594005,0,-0.0003186006563722704
2025-08-04,PEPE,8.0,0.08259034356787019,0,0.0
2025-08-04,POL,,0.11763413397785281,0,0.0
2025-08-04,QNT,6.0,-0.1684903317297577,-1,-0.047079231078456886
2025-08-04,RENDER,3.0,0.01680776363922897,0,0.0
2025-08-04,SHIB,1.0,-0.13970474517113263,0,0.00022496692507078956
2025-08-04,SOL,5.0,-0.11595749786833084,0,-0.01091854304238049
2025-08-04,STX,5.0,0.017886960941483496,0,0.0
2025-08-04,SUI,0.0,0.07976035001008652,0,0.005060997532765604
2025-08-04,TAO,6.0,0.12967910287365922,0,0.0
2025-08-04,TON,5.0,-0.0757438791302338,0,0.014211750415560956
2025-08-04,TRUMP,5.0,0.16058339194893156,1,0.031042547489400867
2025-08-04,TRX,2.0,1.6342133047044365,1,0.07186231845197497
2025-08-04,UNI,2.0,-0.22139829287477494,-1,-0.029089065769151837
2025-08-04,VET,1.0,-0.028274793540148845,0,0.0
2025-08-04,VIRTUAL,8.0,-0.14718961356210966,0,0.0
2025-08-04,WLD,4.0,-0.02640800205588474,0,0.00015618974662262597
2025-08-04,XLM,2.0,0.5397340107255189,1,0.028455963946776113
2025-08-04,XRP,1.0,-0.3808135163569832,-1,-0.046162623384583636
2025-08-04,ZEC,8.0,-0.02263842315196471,0,0.00033118318174135924
2025-08-11,AAVE,,-0.25283591291920954,-1,-0.028453556696157165
2025-08-11,ADA,0.0,0.009649745432642676,0,0.0
2025-08-11,ALGO,1.0,0.3067501902101148,1,0.023081332823343268
2025-08-11,APT,2.0,0.044869838140244186,0,0.0
2025-08-11,ARB,0.0,-0.03416324128264023,0,0.0
2025-08-11,ATOM,0.0,0.08128207852948757,0,0.0
2025-08-11,AVAX,3.0,0.1690029232939776,1,0.01751332473733149
2025-08-11,BCH,2.0,0.21382381463850758,1,0.03362489108733157
2025-08-11,BNB,5.0,0.0852508005888957,0,0.0
2025-08-11,BONK,1.0,0.013649526858409498,0,0.0
2025-08-11,BTC,7.0,-0.09942424914278865,-1,-0.05624393599024045
2025-08-11,CAKE,6.0,0.037056640420094364,0,0.0
2025-08-11,CHZ,0.0,-0.017054665060436864,0,0.0
2025-08-11,DASH,0.0,0.030890718759312465,0,0.0
2025-08-11,DEXE,5.0,0.019697265437887232,0,0.0
2025-08-11,DOGE,1.0,-0.12196961700269278,-1,-0.02504595015681314
2025-08-11,DOT,7.0,0.030440830260851894,0,0.0
2025-08-11,ENA,,-1.1671920077954536,-1,-0.014530549645058337
2025-08-11,ETC,6.0,-0.07239663962158852,0,0.0
2025-08-11,ETH,5.0,0.007068210133367026,0,0.0
2025-08-11,FET,2.0,-0.026207779557631566,0,0.0
2025-08-11,FIL,7.0,-0.0598748225750272,0,0.0
2025-08-11,HBAR,1.0,0.27163529779674384,1,0.022717315242722382
2025-08-11,ICP,6.0,0.03674907901957895,0,0.0
2025-08-11,JST,1.0,-0.13076450987159352,-1,-0.051767795386223
2025-08-11,JUP,5.0,0.036771925294482324,0,0.0
2025-08-11,LINK,3.0,-0.4565249043400351,-1,-0.017936265784120043
2025-08-11,LTC,2.0,0.08804971166633335,0,0.0
2025-08-11,LUNC,7.0,0.1523705811073416,1,0.03191611754315406
2025-08-11,NEAR,2.0,0.0017354938244789897,0,0.0
2025-08-11,NEXO,0.0,0.17512957495544731,1,0.04511727236434177
2025-08-11,ONDO,1.0,0.2260165617120935,1,0.021713159993437363
2025-08-11,PENGU,1.0,-0.7821210185021733,-1,-0.013984363470408823
2025-08-11,PEPE,7.0,-0.2297198025157927,-1,-0.027148103720745585
2025-08-11,POL,,-0.05565366655961112,0,0.0
2025-08-11,QNT,5.0,-0.18084098676816035,-1,-0.03334891783747716
2025-08-11,RENDER,2.0,0.13874007399110133,1,0.01933023759254766
2025-08-11,SHIB,6.0,-0.06040764639706749,0,0.0
2025-08-11,SOL,3.0,0.06344029651006235,0,0.0
2025-08-11,STX,3.0,-0.05521803482217507,0,0.0
2025-08-11,SUI,0.0,-0.049891553016438536,0,0.0
2025-08-11,TAO,5.0,-0.05032496139342471,0,0.0
2025-08-11,TON,4.0,0.3195449453452647,1,0.0423449500324067
2025-08-11,TRUMP,1.0,0.3375059190292654,1,0.027267263142866805
2025-08-11,TRX,1.0,1.5767144465921106,1,0.04511727236434177
2025-08-11,UNI,6.0,-0.03357946683433825,0,0.0
2025-08-11,VET,1.0,0.12199559558064324,0,0.0
2025-08-11,VIRTUAL,7.0,-0.5659838999065903,-1,-0.021311920771709673
2025-08-11,WLD,2.0,-0.06979793101376838,0,0.0
2025-08-11,XLM,7.0,0.08035775264803918,0,0.0
2025-08-11,XRP,6.0,0.07672153028828403,0,0.0
2025-08-11,ZEC,0.0,-0.18096405116642925,-1,-0.039971777464871426
2025-08-18,AAVE,,-0.199718426504387,-1,-0.023995344207933783
2025-08-18,ADA,0.0,-0.3261245654768873,-1,-0.024573189081406887
2025-08-18,ALGO,0.0,0.20994395636066054,1,0.017065898587885896
2025-08-18,APT,0.0,-0.006582261392372616,0,0.0
2025-08-18,ARB,2.0,-0.2088144006616985,-1,-0.021414237905263787
2025-08-18,ATOM,2.0,0.2761197132153093,1,0.018784792239757687
2025-08-18,AVAX,3.0,0.1552538854601405,0,0.0
2025-08-18,BCH,4.0,0.6401359041135414,1,0.03167010632631472
2025-08-18,BFUSD,,0.036874424522901045,0,0.0
2025-08-18,BNB,6.0,0.5203108283621585,1,0.020349792639465236
2025-08-18,BONK,7.0,-0.1630678428201402,0,0.0
2025-08-18,BTC,0.0,0.14572892746449886,0,0.0
2025-08-18,CAKE,8.0,0.2017716268219697,0,0.0
2025-08-18,CHZ,2.0,-0.03837859345848926,0,0.0
2025-08-18,DASH,0.0,0.11341527619795537,0,0.0
2025-08-18,DEXE,3.0,-0.025242947366937257,0,0.0
2025-08-18,DOGE,3.0,-0.28919473375852184,-1,-0.025277070611949542
2025-08-18,DOT,1.0,0.020397988180717943,0,0.0
2025-08-18,ENA,,-1.3054526570708278,-1,-0.0167361076089356
2025-08-18,ETC,1.0,-0.19816847815597669,-1,-0.027259587315934763
2025-08-18,ETH,3.0,-0.012983755072845181,0,0.0
2025-08-18,FET,0.0,-0.14350125808556563,0,0.0
2025-08-18,FIL,1.0,-0.17235779567727083,0,0.0
2025-08-18,HBAR,7.0,0.3250650109067737,1,0.02139010108885573
2025-08-18,ICP,8.0,-0.007322595171540002,0,0.0
2025-08-18,JST,2.0,0.08635931108065395,0,0.0
2025-08-18,JUP,3.0,-0.02233643533589049,0,0.0
2025-08-18,LINK,3.0,-0.9811978907894514,-1,-0.016752847249317786
2025-08-18,LTC,7.0,0.026806413673696274,0,0.0
2025-08-18,LUNC,8.0,0.31508994135858415,1,0.027266790796487885
2025-08-18,NEAR,7.0,-0.10877810415473096,0,0.0
2025-08-18,NEXO,7.0,0.2020842331918923,0,0.0
2025-08-18,ONDO,7.0,0.052781883990610505,0,0.0
2025-08-18,PENGU,7.0,-0.15517815146311625,0,0.0
2025-08-18,PEPE,1.0,-0.3826740617655342,-1,-0.025632607633194186
2025-08-18,POL,,-0.1941233735196225,-1,-0.025332946419180786
2025-08-18,QNT,8.0,0.30262331856092645,1,0.021919869271614194
2025-08-18,RENDER,7.0,-0.052766589431690984,0,0.0
2025-08-18,SHIB,1.0,-0.02750159467345259,0,0.0
2025-08-18,SOL,3.0,0.29300356139769174,1,0.014550887126236152
2025-08-18,STX,3.0,-0.1478603003595034,0,0.0
2025-08-18,SUI,6.0,-0.08598548480220296,0,0.0
2025-08-18,TAO,6.0,-0.09028965935459136,0,0.0
2025-08-18,TON,5.0,0.2384266870174755,1,0.026187837349022202
2025-08-18,TRUMP,6.0,0.19076607413641616,0,0.0
2025-08-18,TRX,0.0,1.897622389501113,1,0.03422639190805962
2025-08-18,UNI,8.0,-0.2637459610279098,-1,-0.024324284847419622
2025-08-18,VET,0.0,0.28471908159582354,1,0.018099407990377354
2025-08-18,VIRTUAL,1.0,-0.7950197933375773,-1,-0.020213652443539957
2025-08-18,WLD,6.0,-0.13428892773257234,0,0.0
2025-08-18,XLM,8.0,-0.05382273852853995,0,0.0
2025-08-18,XRP,8.0,0.09640462980341734,0,0.0
2025-08-18,ZEC,2.0,-0.03922568996508306,0,0.0
2025-08-25,AAVE,,-0.4090563120363189,-1,-0.024637153447376207
2025-08-25,ADA,0.0,-0.5639424762304389,-1,-0.02268102003599505
2025-08-25,ALGO,0.0,-0.17167466754999883,0,0.0
2025-08-25,APT,1.0,0.015428656142014132,0,0.0
2025-08-25,ARB,2.0,-0.41125807014394256,-1,-0.020391622805456734
2025-08-25,ATOM,2.0,0.2275790959691458,0,0.0
2025-08-25,AVAX,0.0,0.10395807842769919,0,0.0
2025-08-25,BCH,3.0,0.22301375297460022,0,0.0
2025-08-25,BFUSD,,0.03637317766303948,0,0.0
2025-08-25,BNB,3.0,0.6098217550770637,1,0.02645500516961042
2025-08-25,BONK,4.0,0.2648472504327318,0,0.0
2025-08-25,BTC,0.0,0.03425232903217753,0,0.0
2025-08-25,CAKE,5.0,0.10944781647635807,0,0.0
2025-08-25,CHZ,2.0,0.22947868446931072,0,0.0
2025-08-25,DASH,6.0,0.6281166463446636,1,0.0230927441679326
2025-08-25,DEXE,6.0,0.4070674134641419,1,0.01620789088718332
2025-08-25,DOGE,2.0,-0.21291096432348355,0,0.0
2025-08-25,DOT,2.0,0.00400836069353331,0,0.0
2025-08-25,ENA,,-1.3109016292261138,-1,-0.015248153999366274
2025-08-25,ETC,2.0,-0.27578459375512326,0,0.0
2025-08-25,ETH,3.0,-0.27745158266887104,-1,-0.02634150987419625
2025-08-25,FET,1.0,-0.1622027166368475,0,0.0
2025-08-25,FIL,5.0,-0.04780456146450368,0,0.0
2025-08-25,HBAR,4.0,-0.018432113524978942,0,0.0
2025-08-25,ICP,5.0,-0.14636521892878268,0,0.0
2025-08-25,JST,2.0,0.978796632677321,1,0.02645500516961042
2025-08-25,JUP,1.0,0.2848658724426055,1,0.016235075095213956
2025-08-25,LINK,3.0,-1.031502847474823,-1,-0.016182618889249708
2025-08-25,LTC,4.0,-0.14998061490986714,0,0.0
2025-08-25,LUNC,5.0,0.33049103756157217,1,0.02645500516961042
2025-08-25,NEAR,4.0,-0.1899174804856212,0,0.0
2025-08-25,NEXO,4.0,0.17818261909380417,0,0.0
2025-08-25,ONDO,4.0,0.019102001609118995,0,0.0
2025-08-25,PENGU,4.0,-0.4457523739341222,-1,-0.020678508161142604
2025-08-25,PEPE,5.0,-0.3068059667680582,-1,-0.02705954738380006
2025-08-25,POL,,0.6581868470629539,1,0.016676263988759675
2025-08-25,QNT,1.0,0.5375130822791586,1,0.02645500516961042
2025-08-25,RENDER,4.0,-0.06754767760863593,0,0.0
2025-08-25,SHIB,2.0,0.08227831090644663,0,0.0
2025-08-25,SOL,1.0,0.4895510330469152,1,0.02050257523196405
2025-08-25,STX,0.0,-0.03998340714974942,0,0.0
2025-08-25,SUI,4.0,-0.18416958246136464,0,0.0
2025-08-25,TAO,4.0,-0.23653909690245603,0,0.0
2025-08-25,TON,3.0,0.19049990525453797,0,0.0
2025-08-25,TRUMP,0.0,0.5152710895259713,1,0.02645500516961042
2025-08-25,TRX,0.0,0.43104951739904024,1,0.02645500516961042
2025-08-25,UNI,5.0,-0.39739290147603407,-1,-0.024364445132452475
2025-08-25,VET,0.0,0.20198326955863954,0,0.0
2025-08-25,VIRTUAL,5.0,-0.4740589444207606,-1,-0.02279605071235949
2025-08-25,WLD,4.0,-0.05297309746796196,0,0.0
2025-08-25,XLM,5.0,-0.2818783431398421,-1,-0.031063949947321236
2025-08-25,XRP,5.0,-0.06358073046229258,0,0.0
2025-08-25,ZEC,2.0,0.13870373556641852,0,0.0
2025-09-01,AAVE,,-1.014348795456613,-1,-0.020475271933858914
2025-09-01,ADA,5.0,-1.0767979454545058,-1,-0.016162017801911257
2025-09-01,ALGO,1.0,-0.21706588287294756,0,0.0
2025-09-01,APT,6.0,0.19073017106483808,0,0.0
2025-09-01,ARB,3.0,-0.6814771231695154,-1,-0.0173066587005355
2025-09-01,ATOM,3.0,0.10958998474669612,0,0.0
2025-09-01,AVAX,5.0,0.1439526158766557,0,0.0
2025-09-01,BCH,7.0,-0.08705453985220936,0,0.0
2025-09-01,BFUSD,,0.03884043873240263,0,0.0
2025-09-01,BNB,2.0,0.38130754352616686,1,0.022976947118026468
2025-09-01,BONK,0.0,0.08869467426588115,0,0.0
2025-09-01,BTC,1.0,0.08930725921762592,0,0.0
2025-09-01,CAKE,0.0,0.11530831178972487,0,0.0
2025-09-01,CHZ,5.0,0.5112588411077077,1,0.022976947118026468
2025-09-01,DASH,1.0,1.041041138797571,1,0.022976947118026468
2025-09-01,DEXE,4.0,-0.21372993436558535,0,0.0
2025-09-01,DOGE,5.0,0.21832836519084867,0,0.0
2025-09-01,DOT,3.0,0.10789152789416447,0,0.0
2025-09-01,ENA,,-0.5437159070764567,-1,-0.01849302983978081
2025-09-01,ETC,1.0,-0.1568595065297733,0,0.0
2025-09-01,ETH,2.0,-0.22335936937312367,-1,-0.031316137164111545
2025-09-01,FET,6.0,0.1490568739917152,0,0.0
2025-09-01,FIL,3.0,0.2038820714869302,0,0.0
2025-09-01,HBAR,0.0,0.009856345201923616,0,0.0
2025-09-01,ICP,5.0,0.049454089609052676,0,0.0
2025-09-01,JST,4.0,-0.46424151084960313,-1,-0.03718501266485101
2025-09-01,JUP,6.0,0.7177811329121185,1,0.022976947118026468
2025-09-01,LINK,2.0,-0.6982272121241769,-1,-0.01940377784453467
2025-09-01,LTC,0.0,0.020396253592731152,0,0.0
2025-09-01,LUNC,3.0,0.4407711536934017,1,0.022976947118026468
2025-09-01,NEAR,0.0,0.07351972586725658,0,0.0
2025-09-01,NEXO,0.0,0.20912218647384984,0,0.0
2025-09-01,ONDO,0.0,0.3031816378798297,1,0.022976947118026468
2025-09-01,PENGU,6.0,-0.48377814597287544,-1,-0.017265231310313472
2025-09-01,PEPE,5.0,0.10300996562400318,0,0.0
2025-09-01,POL,,0.3723351000445297,1,0.022976947118026468
2025-09-01,QNT,6.0,0.2655046373330969,1,0.022976947118026468
2025-09-01,RENDER,7.0,0.20944326470407112,0,0.0
2025-09-01,SHIB,3.0,0.32454233055181064,1,0.022976947118026468
2025-09-01,SOL,6.0,0.351749696799038,1,0.022976947118026468
2025-09-01,STX,1.0,0.2022855683058282,0,0.0
2025-09-01,SUI,7.0,0.05882858713362357,0,0.0
2025-09-01,TAO,7.0,0.010031031681627167,0,0.0
2025-09-01,TON,2.0,-0.31448882235966474,-1,-0.040833491895616796
2025-09-01,TRUMP,7.0,0.36785136497059634,1,0.022976947118026468
2025-09-01,TRX,2.0,-0.155584721186637,0,0.0
2025-09-01,UNI,0.0,0.0326261752375603,0,0.0
2025-09-01,VET,1.0,-0.11940728213982175,0,0.0
2025-09-01,VIRTUAL,5.0,0.21198392062523166,0,0.0
2025-09-01,WLD,7.0,-0.5389513802535885,-1,-0.018195726424072453
2025-09-01,XLM,5.0,-0.0711661393423485,0,0.0
2025-09-01,XRP,1.0,0.04492519220840262,0,0.0
2025-09-01,ZEC,3.0,-0.7081349597590674,-1,-0.016110062718704708
2025-09-08,AAVE,,-0.8070698623779979,-1,-0.019907877448035093
2025-09-08,ADA,0.0,0.06039051973537701,0,0.0
2025-09-08,ALGO,1.0,-0.14545249589887335,0,0.0
2025-09-08,APT,2.0,0.23678991880375583,1,0.020759399042358455
2025-09-08,ARB,3.0,-0.10896248611593688,0,0.0
2025-09-08,ATOM,4.0,0.20926108987282674,1,0.0244350098245966
2025-09-08,AVAX,4.0,-0.06460414878252112,0,0.0
2025-09-08,BCH,5.0,-0.18134220744561713,0,0.0
2025-09-08,BFUSD,,0.6669935085463249,1,0.0244350098245966
2025-09-08,BNB,6.0,0.7396759055618746,1,0.0244350098245966
2025-09-08,BONK,7.0,-0.24350451870357473,-1,-0.019480089194108114
2025-09-08,BTC,1.0,0.1331706671208367,0,0.0
2025-09-08,CAKE,6.0,0.16277517048173235,0,0.0
2025-09-08,CHZ,8.0,0.5500988583034736,1,0.0244350098245966
2025-09-08,DASH,0.0,0.17936750028681492,0,0.0
2025-09-08,DEXE,2.0,-0.44434667721187626,-1,-0.03379535206088676
2025-09-08,DOGE,4.0,-0.2629926808978457,-1,-0.016656404685119978
2025-09-08,DOT,4.0,0.1801714276510519,0,0.0
2025-09-08,ENA,,-0.3857190645809829,-1,-0.021428178402458652
2025-09-08,ETC,1.0,-0.08662105013214845,0,0.0
2025-09-08,ETH,6.0,-0.0086018017531856,0,0.0
2025-09-08,FET,2.0,0.10975373668475791,0,0.0
2025-09-08,FIL,8.0,0.19098814249046964,0,0.0
2025-09-08,HBAR,7.0,-0.13241594716057364,0,0.0
2025-09-08,ICP,8.0,-0.016622047531547977,0,0.0
2025-09-08,JST,8.0,-0.49108145071266074,-1,-0.036930188068190914
2025-09-08,JUP,5.0,0.7236715188952771,1,0.0244350098245966
2025-09-08,LINK,6.0,0.05645138841095353,0,0.0
2025-09-08,LTC,7.0,-0.09628458815924543,0,0.0
2025-09-08,LUNC,8.0,0.350750416470587,1,0.0244350098245966
2025-09-08,NEAR,7.0,-0.009436897905518913,0,0.0
2025-09-08,NEXO,7.0,0.11788300745069714,0,0.0
2025-09-08,ONDO,4.0,-0.05488770990430216,0,0.0
2025-09-08,PENGU,5.0,-0.24818208436666636,-1,-0.017396622934908398
2025-09-08,PEPE,8.0,-0.2671926330365375,-1,-0.01809831757155498
2025-09-08,POL,,-0.1823592246412886,-1,-0.04009104404433735
2025-09-08,QNT,5.0,0.2526143624183237,1,0.0244350098245966
2025-09-08,RENDER,4.0,-0.013192041855762095,0,0.0
2025-09-08,SHIB,4.0,0.2489986027406025,1,0.018768806881611304
2025-09-08,SOL,2.0,0.32729660616612327,1,0.015306499830897758
2025-09-08,STX,1.0,0.1506678001540312,0,0.0
2025-09-08,SUI,7.0,0.04986573646402573,0,0.0
2025-09-08,TAO,7.0,-0.023059105159967397,0,0.0
2025-09-08,TON,0.0,0.07087465804534641,0,0.0
2025-09-08,TRUMP,7.0,0.3139516398400134,1,0.0244350098245966
2025-09-08,TRX,0.0,0.14904514239772237,0,0.0
2025-09-08,UNI,6.0,0.029084633076401238,0,0.0
2025-09-08,VET,0.0,0.06086287973379211,0,0.0
2025-09-08,VIRTUAL,8.0,0.046756886777101124,0,0.0
2025-09-08,WLD,7.0,-1.7838126416580637,-1,-0.0075419205854943905
2025-09-08,WLFI,,0.01955482232689805,0,0.0
2025-09-08,XLM,8.0,-0.1512428589422921,0,0.0
2025-09-08,XRP,1.0,0.05653327617613462,0,0.0
2025-09-08,ZEC,3.0,-0.23531359814834224,-1,-0.018988789356545646
2025-09-15,AAVE,,-0.0751165630036942,0,0.0
2025-09-15,ADA,0.0,0.08891979878898322,0,0.0
2025-09-15,ALGO,0.0,0.01962569654087052,0,0.0
2025-09-15,APT,1.0,0.36909648994639827,1,0.024737802329907164
2025-09-15,ARB,2.0,0.05707170683965856,0,0.0
2025-09-15,ATOM,2.0,0.03790764581570578,0,0.0
2025-09-15,AVAX,3.0,0.24734041100406043,1,0.01179384019144727
2025-09-15,BCH,5.0,-0.17740746291653045,-1,-0.028171793445415427
2025-09-15,BFUSD,,0.38954874817704394,1,0.028882773339039006
2025-09-15,BNB,6.0,0.581768915288313,1,0.02264109040699978
2025-09-15,BONK,6.0,-0.14667307385866793,-1,-0.017941070641720437
2025-09-15,BTC,7.0,0.09733755164273392,0,0.0
2025-09-15,CAKE,6.0,0.2738263363174858,1,0.014457201285456708
2025-09-15,CHZ,2.0,0.4307356758869163,1,0.028882773339039006
2025-09-15,DASH,0.0,-0.09578635417721351,-1,-0.0404309729452846
2025-09-15,DEXE,3.0,-1.684607185552968,-1,-0.006369014362374934
2025-09-15,DOGE,8.0,-0.2781985312126206,-1,-0.015193676309529405
2025-09-15,DOT,3.0,0.15390171750901274,0,0.0
2025-09-15,ENA,,-0.5640269230866134,-1,-0.01652942017395459
2025-09-15,ETC,0.0,-0.02685248580180797,0,0.0
2025-09-15,ETH,4.0,0.016137556655224684,0,0.0
2025-09-15,FET,1.0,0.05595557792156274,0,0.0
2025-09-15,FIL,7.0,0.045815784376965776,0,0.0
2025-09-15,HBAR,6.0,-0.030183379311258154,0,0.0
2025-09-15,ICP,2.0,0.017938588822902047,0,0.0
2025-09-15,JST,3.0,-0.3153738662976686,-1,-0.03657275071991594
2025-09-15,JUP,4.0,0.37469769990982227,1,0.028882773339039006
2025-09-15,LINK,4.0,0.010666359397555369,0,0.0
2025-09-15,LTC,8.0,-0.024720230013497022,0,0.0
2025-09-15,LUNC,7.0,0.1988173332879165,1,0.028882773339039006
2025-09-15,NEAR,6.0,0.208581639837835,1,0.012675641818079519
2025-09-15,NEXO,8.0,0.10607705350999373,0,0.0
2025-09-15,ONDO,8.0,-0.08436615519932275,0,0.0
2025-09-15,PENGU,6.0,-0.008555062632869136,0,0.0
2025-09-15,PEPE,2.0,-0.29866377275576006,-1,-0.016026274238520984
2025-09-15,POL,,-0.21776148221400782,-1,-0.02576955610198449
2025-09-15,PUMP,0.0,0.3913524824863205,1,0.019910594001040765
2025-09-15,QNT,5.0,-0.1275786793932481,-1,-0.0404309729452846
2025-09-15,RENDER,4.0,0.15173089280384788,0,0.0
2025-09-15,SHIB,8.0,-0.04900294602170803,0,0.0
2025-09-15,SOL,4.0,0.11443187641429545,0,0.0
2025-09-15,STX,0.0,0.14219156043252776,0,0.0
2025-09-15,SUI,5.0,0.10582905394308545,0,0.0
2025-09-15,TAO,5.0,-0.021614901223452034,0,0.0
2025-09-15,TON,4.0,-0.053414934048995215,0,0.0
2025-09-15,TRUMP,5.0,0.13914431646368172,0,0.0
2025-09-15,TRX,8.0,0.1792857390432859,0,0.0
2025-09-15,UNI,4.0,0.11242863319378539,0,0.0
2025-09-15,VET,0.0,0.25309698734027675,1,0.028882773339039006
2025-09-15,VIRTUAL,3.0,0.17798409537699286,0,0.0
2025-09-15,WLD,5.0,-1.2364618935565541,-1,-0.007194534844140815
2025-09-15,WLFI,,0.017872076296140665,0,0.0
2025-09-15,XLM,7.0,-0.04026349311834936,0,0.0
2025-09-15,XRP,7.0,0.022003619773443353,0,0.0
2025-09-15,ZEC,2.0,-0.03249024564783827,0,0.0
2025-09-22,AAVE,,-0.17125241134703492,-1,-0.0407623005546039
2025-09-22,ADA,0.0,0.04819713440208352,0,0.0
2025-09-22,ALGO,0.0,0.049497400072932775,0,0.0
2025-09-22,APT,1.0,0.13547420810940017,1,0.019527930543100782
2025-09-22,ARB,2.0,-0.006891248875684611,0,0.0
2025-09-22,ATOM,3.0,0.04259915864531625,0,0.0
2025-09-22,AVAX,1.0,-0.011580994375172673,0,0.0
2025-09-22,BCH,6.0,-0.014551383136348262,0,0.0
2025-09-22,BFUSD,,0.4525965359170231,1,0.0233470066016291
2025-09-22,BNB,1.0,0.2106568059410907,1,0.015445180084203664
2025-09-22,BONK,6.0,-0.2192004561874233,-1,-0.015719744461947203
2025-09-22,BTC,6.0,0.14498938664738953,1,0.0233470066016291
2025-09-22,CAKE,1.0,0.11599402516254045,0,0.0
2025-09-22,CHZ,3.0,0.15653317979023426,1,0.0233470066016291
2025-09-22,DASH,8.0,0.01389027859005458,0,0.0
2025-09-22,DEXE,7.0,-1.5108122463704403,-1,-0.005638752297377505
2025-09-22,DOGE,4.0,-0.3387905524462134,-1,-0.014926722315643322
2025-09-22,DOT,1.0,0.12693800410841494,0,0.0
2025-09-22,ENA,,-0.1474274339308372,-1,-0.016929276186097315
2025-09-22,ETC,0.0,-0.014636388738142094,0,0.0
2025-09-22,ETH,4.0,1.0396887502354783e-05,0,0.0
2025-09-22,FET,1.0,-0.00488239324463942,0,0.0
2025-09-22,FIL,3.0,0.001955933014661274,0,0.0
2025-09-22,HBAR,4.0,0.038994848937362776,0,0.0
2025-09-22,ICP,3.0,-0.04111942494800491,0,0.0
2025-09-22,JST,8.0,-0.07248871320407856,-1,-0.0407623005546039
2025-09-22,JUP,4.0,0.06353127544420462,0,0.0
2025-09-22,LINK,2.0,0.0236093275049709,0,0.0
2025-09-22,LTC,0.0,0.031971741801529556,0,0.0
2025-09-22,LUNC,3.0,0.06356087243133628,0,0.0
2025-09-22,NEAR,1.0,0.020726587508900787,0,0.0
2025-09-22,NEXO,0.0,0.22330128709148506,1,0.0233470066016291
2025-09-22,ONDO,4.0,-0.0938957547615216,-1,-0.019709802677187076
2025-09-22,PENGU,4.0,-0.003487448395011002,0,0.0
2025-09-22,PEPE,3.0,-0.24488923918952848,-1,-0.016624378090316874
2025-09-22,POL,,0.08227327614791474,0,0.0
2025-09-22,PUMP,8.0,0.3875416269475512,1,0.018344068754040346
2025-09-22,QNT,6.0,0.5349295858016149,1,0.0233470066016291
2025-09-22,RENDER,4.0,-0.056418996987527635,0,0.0
2025-09-22,SHIB,4.0,-0.023499687875764532,0,0.0
2025-09-22,SKY,,-6.405168356786624e-05,0,0.0
2025-09-22,SOL,4.0,-0.1224391426066296,-1,-0.018636302851516632
2025-09-22,STX,0.0,-0.036603734302580355,0,0.0
2025-09-22,SUI,6.0,0.03822840969123099,0,0.0
2025-09-22,TAO,6.0,0.0681610699995202,0,0.0
2025-09-22,TON,5.0,-0.07851331882385812,-1,-0.03619738523505829
2025-09-22,TRUMP,6.0,0.02095874648803454,0,0.0
2025-09-22,TRX,4.0,0.33418206040998705,1,0.0233470066016291
2025-09-22,UNI,4.0,-0.06635549448273835,0,0.0
2025-09-22,VET,8.0,0.0357813620304479,0,0.0
2025-09-22,VIRTUAL,1.0,-0.08364152419900975,-1,-0.01969507540850853
2025-09-22,WLD,6.0,-1.2424765741425083,-1,-0.00723475388295699
2025-09-22,WLFI,,0.017120920685258795,0,0.0
2025-09-22,XLM,3.0,0.30896067195420385,1,0.022936477314232862
2025-09-22,XRP,3.0,0.18656261513338593,1,0.0233470066016291
2025-09-22,ZEC,2.0,0.62618988095668,1,0.01315409160883618
2025-09-29,AAVE,,-0.01583330931165723,0,0.0
2025-09-29,ADA,0.0,0.0490834103831947,0,0.0
2025-09-29,ALGO,3.0,0.1628874398804601,0,0.0
2025-09-29,APT,0.0,0.177989124518302,0,0.0
2025-09-29,ARB,3.0,-0.009220471056393481,0,0.0
2025-09-29,ATOM,3.0,-0.12613004966706226,-1,-0.04082540917505618
2025-09-29,AVAX,7.0,-0.09039868585208517,0,0.0
2025-09-29,BCH,1.0,0.2358575779033496,1,0.02433338742242379
2025-09-29,BFUSD,,0.4088003923824774,1,0.02620496645111649
2025-09-29,BNB,8.0,0.3159637360413423,1,0.013117882906095042
2025-09-29,BONK,5.0,-0.1746113299907034,-1,-0.016078737161435416
2025-09-29,BTC,1.0,0.33049478209583816,1,0.02367936881132028
2025-09-29,CAKE,8.0,0.2491852126155339,1,0.009676894417724706
2025-09-29,CHZ,6.0,0.313919911466619,1,0.021301332742414518
2025-09-29,DASH,0.0,-0.6013309777968103,-1,-0.005971223234844005
2025-09-29,DEXE,2.0,-0.6130887832738148,-1,-0.005909395290164976
2025-09-29,DOGE,4.0,-0.12258311524286963,-1,-0.015211494371843567
2025-09-29,DOT,7.0,0.1259814499375188,0,0.0
2025-09-29,ENA,,-0.03751894059362222,0,0.0
2025-09-29,ETC,3.0,0.14147452613016584,0,0.0
2025-09-29,ETH,5.0,0.17632722825940755,0,0.0
2025-09-29,FET,0.0,-0.11761601990369581,-1,-0.03606126665075724
2025-09-29,FIL,3.0,0.11373065932346499,0,0.0
2025-09-29,HBAR,8.0,-0.05437973667467177,0,0.0
2025-09-29,ICP,6.0,0.11387327077253152,0,0.0
2025-09-29,JST,5.0,-0.20489214752698529,-1,-0.04082540917505618
2025-09-29,JUP,5.0,-0.01216166634798791,0,0.0
2025-09-29,LINK,3.0,-0.028319267311181222,0,0.0
2025-09-29,LTC,6.0,0.2452338357975245,1,0.017883969730651022
2025-09-29,LUNC,7.0,-0.09628459968213038,-1,-0.04082540917505618
2025-09-29,NEAR,8.0,0.012635782943141306,0,0.0
2025-09-29,NEXO,7.0,0.2486963489925824,1,0.02620496645111649
2025-09-29,ONDO,4.0,-0.06493214216642922,0,0.0
2025-09-29,PENGU,8.0,0.1779227636899431,0,0.0
2025-09-29,PEPE,4.0,-0.09301231077518424,0,0.0
2025-09-29,POL,,0.2396327557858119,1,0.021667817143818345
2025-09-29,PUMP,1.0,0.2703540964064968,1,0.01885292468211425
2025-09-29,QNT,4.0,0.31765574571465727,1,0.02620496645111649
2025-09-29,RENDER,4.0,-0.09368309515973375,-1,-0.021774880020323045
2025-09-29,SHIB,4.0,0.015129192295528632,0,0.0
2025-09-29,SKY,,-0.012524472505308767,0,0.0
2025-09-29,SOL,4.0,0.02300827355996485,0,0.0
2025-09-29,STX,3.0,-0.034734621336177364,0,0.0
2025-09-29,SUI,4.0,0.20329930093478762,0,0.0
2025-09-29,TAO,4.0,0.07592788329129851,0,0.0
2025-09-29,TON,1.0,-0.02746315285960204,0,0.0
2025-09-29,TRUMP,4.0,0.029613397708074217,0,0.0
2025-09-29,TRX,5.0,0.21799677868919773,0,0.0
2025-09-29,UNI,5.0,0.017657036936055734,0,0.0
2025-09-29,VET,0.0,0.021834750838161956,0,0.0
2025-09-29,VIRTUAL,7.0,-0.0360153229389709,0,0.0
2025-09-29,WLD,4.0,-0.6871462418325284,-1,-0.0070355778002681975
2025-09-29,WLFI,,-0.3934813901201144,-1,-0.017347269413687298
2025-09-29,XLM,7.0,0.46456341200484513,1,0.021338104548713654
2025-09-29,XRP,7.0,0.2112499709912059,0,0.0
2025-09-29,ZEC,6.0,-1.9606181983637647,-1,-0.0026005102901328248
2025-10-06,AAVE,,-0.07305516369451757,0,0.0
2025-10-06,ADA,4.0,-0.1879391068415723,-1,-0.03264170702932241
2025-10-06,ALGO,3.0,0.14109894005972662,1,0.05086623573835525
2025-10-06,APT,4.0,0.002520465563172476,0,0.0
2025-10-06,ARB,3.0,-0.054473415003377,0,0.0
2025-10-06,ATOM,3.0,-0.17895299698767683,-1,-0.05739086403359317
2025-10-06,AVAX,1.0,-0.07338200891450848,0,0.0
2025-10-06,BCH,6.0,-0.15273805949552968,-1,-0.03383571365442418
2025-10-06,BFUSD,,0.6774369864514987,1,0.06918980200274748
2025-10-06,BNB,1.0,0.19924171086654446,1,0.03771597323902756
2025-10-06,BONK,0.0,0.14122133920718094,1,0.030323018301776895
2025-10-06,BTC,3.0,-0.43771867856678487,-1,-0.03237822827684302
2025-10-06,CAKE,1.0,0.5194324421987956,1,0.0279488319475676
2025-10-06,CHZ,3.0,0.11575603235989151,1,0.03468160831415056
2025-10-06,DASH,4.0,0.19068971501510495,1,0.006935763505912636
2025-10-06,DEXE,1.0,-0.1797171382286916,-1,-0.007681180613025298
2025-10-06,DOGE,7.0,-0.03435045974255685,0,-0.004870999582077594
2025-10-06,DOT,1.0,-0.006883868077739251,0,0.0
2025-10-06,ENA,,0.08231720959037014,0,0.0
2025-10-06,ETC,3.0,-0.1267856718936594,0,0.0
2025-10-06,ETH,2.0,-0.2413911326556645,-1,-0.03707922614324226
2025-10-06,FET,4.0,-0.09937913469245244,0,-0.011547479195085725
2025-10-06,FIL,7.0,-0.09631000993843072,0,0.0
2025-10-06,HBAR,2.0,-0.13027100416814466,0,0.0
2025-10-06,ICP,3.0,-0.12732500563057234,0,0.0
2025-10-06,JST,0.0,0.011369452689557774,0,-0.01307304503875278
2025-10-06,JUP,2.0,0.024701001571030085,0,0.0
2025-10-06,LINK,3.0,-0.2645231676262332,-1,-0.046520117814581215
2025-10-06,LTC,3.0,-0.19405986441086834,-1,-0.019132321060739903
2025-10-06,LUNC,7.0,-0.026395945734732407,0,-0.01307304503875278
2025-10-06,MORPHO,3.0,0.04565765170867407,0,0.0
2025-10-06,NEAR,1.0,0.05006711077771036,0,0.0
2025-10-06,NEXO,3.0,-0.02236304036939217,0,0.008391311038316866
2025-10-06,ONDO,7.0,0.03246579419816578,0,0.0
2025-10-06,PENGU,2.0,0.49666154438789667,1,0.027462326624536276
2025-10-06,PEPE,7.0,0.10272489625694411,0,0.0
2025-10-06,POL,,0.09593810646759574,0,0.006938432587361987
2025-10-06,PUMP,4.0,0.22140502806618656,1,0.02597920345428894
2025-10-06,QNT,0.0,-0.06626070808064771,0,0.008391311038316866
2025-10-06,RENDER,2.0,0.027809501612721665,0,-0.006972716084693829
2025-10-06,SHIB,7.0,-0.058283763437881525,0,0.0
2025-10-06,SKY,,0.13975558376492944,1,0.03363709702142693
2025-10-06,SOL,2.0,-0.17676575704461958,-1,-0.02881371869970025
2025-10-06,STX,7.0,-0.04433214034339418,0,0.0
2025-10-06,SUI,6.0,0.08435872170477499,0,0.0
2025-10-06,TAO,6.0,0.4310109080876454,1,0.025324217882913114
2025-10-06,TON,4.0,-0.2189974979540729,-1,-0.031200247788762545
2025-10-06,TRUMP,6.0,0.11166862864240161,0,0.0
2025-10-06,TRX,2.0,-0.11548528582042587,0,0.0
2025-10-06,UNI,2.0,-0.14016176731225732,0,0.0
2025-10-06,VET,4.0,-0.03125226974397189,0,0.0
2025-10-06,VIRTUAL,1.0,0.24332222807199333,1,0.025303776131138246
2025-10-06,WLD,6.0,0.05201508071151085,0,-0.002252921092895055
2025-10-06,WLFI,,-0.07417956603680172,0,-0.005554913935389859
2025-10-06,XLM,1.0,0.05870931694215282,0,0.006832852565195762
2025-10-06,XRP,7.0,-0.30605452593395127,-1,-0.037270298219379536
2025-10-06,ZEC,5.0,-0.35956724259305833,-1,-0.004633018091771614
2025-10-13,AAVE,,-0.24725888041311953,-1,-0.05352936199418455
2025-10-13,ADA,0.0,-0.17240629187523066,-1,-0.05286145022860384
2025-10-13,ALGO,1.0,-0.002856906015552261,0,0.007385264226832153
2025-10-13,APT,2.0,-0.16333143134820508,0,0.0
2025-10-13,ARB,3.0,0.137387855809238,0,0.0
2025-10-13,ASTER,,0.11555445075221822,0,0.0
2025-10-13,ATOM,3.0,-0.09208507213940398,0,-0.008332574426667981
2025-10-13,AVAX,4.0,-0.0791208601343789,0,0.0
2025-10-13,BCH,5.0,-0.27503747052028243,-1,-0.0515801589873718
2025-10-13,BFUSD,,0.44830721281764596,1,0.083310542497734
2025-10-13,BNB,2.0,-0.30589918809708294,-1,-0.020925578778873702
2025-10-13,BONK,1.0,0.2309824441237468,1,0.04172813788471946
2025-10-13,BTC,4.0,-0.5033599765031942,-1,-0.05548616086719585
2025-10-13,CAKE,6.0,0.07177580710197838,0,0.004057888415919746
2025-10-13,CHZ,1.0,0.13337543841780858,0,0.005035419615656088
2025-10-13,DASH,1.0,-0.23142227364790938,-1,-0.008451147176984855
2025-10-13,DEXE,6.0,0.09846636757902287,0,-0.001115229927628348
2025-10-13,DOGE,6.0,-0.06599971753820459,0,-0.0007072199945652047
2025-10-13,DOT,8.0,0.019325162482879375,0,0.0
2025-10-13,ENA,,0.4164124750262679,1,0.01931776556474316
2025-10-13,ETC,3.0,-0.061736166058191634,0,0.0
2025-10-13,ETH,5.0,-0.2587597081139332,-1,-0.055765469862737144
2025-10-13,FET,2.0,-0.1709916931971123,-1,-0.027503200492101205
2025-10-13,FIL,8.0,-0.006723000763745514,0,0.0
2025-10-13,HBAR,6.0,-0.16264776954364593,0,0.0
2025-10-13,ICP,8.0,-0.12387791943142017,0,0.0
2025-10-13,JST,5.0,0.4867028041938471,1,0.07136680707807423
2025-10-13,JUP,5.0,0.14976654390432176,0,0.0
2025-10-13,LINK,3.0,-0.3024904257395574,-1,-0.06866308450471736
2025-10-13,LTC,4.0,-0.16690906707498893,0,-0.002777819987170898
2025-10-13,LUNC,1.0,0.24792440228061174,1,0.030374508673849363
2025-10-13,MORPHO,3.0,0.15095142137309583,0,0.0
2025-10-13,NEAR,4.0,0.004454131218202328,0,0.0
2025-10-13,NEXO,4.0,-0.035545861381671054,0,0.0012183337006943847
2025-10-13,ONDO,6.0,-0.15293483093341703,0,0.0
2025-10-13,PENGU,6.0,0.3397585737352146,1,0.034188141946262546
2025-10-13,PEPE,6.0,0.15725521081796168,1,0.03234074819983154
2025-10-13,POL,,0.236023827824757,1,0.04439701213029189
2025-10-13,PUMP,0.0,0.02026561830587712,0,0.0037719182307780173
2025-10-13,QNT,6.0,-0.0550941093951956,0,0.0012183337006943847
2025-10-13,RENDER,5.0,0.04732200218755635,0,-0.00101236802599326
2025-10-13,SHIB,6.0,-0.01097982332327476,0,0.0
2025-10-13,SKY,,-0.16693512278422631,0,0.004883767114292451
2025-10-13,SOL,5.0,-0.20633528825450534,-1,-0.044246239381420645
2025-10-13,STX,1.0,0.10369931907052954,0,0.0
2025-10-13,SUI,8.0,0.0645302325085453,0,0.0
2025-10-13,TAO,1.0,0.6035892413622602,1,0.03183631850102941
2025-10-13,TON,0.0,-0.0088367063556769,0,-0.004529961191700672
2025-10-13,TRUMP,1.0,0.31743320577822504,1,0.03921859178354847
2025-10-13,TRX,3.0,0.08245983000572779,0,0.0
2025-10-13,UNI,5.0,-0.01231334553391707,0,0.0
2025-10-13,VET,5.0,-0.04250790327292369,0,0.0
2025-10-13,VIRTUAL,6.0,0.42425298582573007,1,0.029770712930427216
2025-10-13,WLD,8.0,-0.060807748572793356,0,-0.00032710141239500833
2025-10-13,WLFI,,0.20147293646960007,1,0.0342923070374013
2025-10-13,XLM,8.0,0.036793924008738585,0,0.0009920612540807268
2025-10-13,XRP,8.0,-0.24702236677851452,-1,-0.057249046217587564
2025-10-13,ZEC,5.0,-0.954016500240353,-1,-0.005641407028960701
2025-10-20,AAVE,,-0.005835829206846774,0,-0.006075557794205863
2025-10-20,ADA,0.0,-0.10344846026971675,0,-0.005999750118155914
2025-10-20,ALGO,9.0,0.08625185156103382,0,0.0008382240692589322
2025-10-20,APT,2.0,-0.1574414714408789,-1,-0.01591115135987699
2025-10-20,ARB,1.0,0.2204255070552974,1,0.03561682564998392
2025-10-20,ASTER,,0.0984913095940093,0,0.0
2025-10-20,ATOM,1.0,-0.03922122839304245,0,-0.000945743338193401
2025-10-20,AVAX,4.0,-0.1610025754472366,-1,-0.03484412949332876
2025-10-20,BCH,0.0,-0.018610842080805847,0,-0.005854324155706352
2025-10-20,BFUSD,,0.47651943886400855,1,0.08965724877471601
2025-10-20,BNB,4.0,-0.5468768427230924,-1,-0.03244628760720491
2025-10-20,BONK,6.0,0.28030870833241667,1,0.04158954161134867
2025-10-20,BTC,0.0,-0.5015969009933184,-1,-0.05737212239965266
2025-10-20,CAKE,4.0,-0.21491543468458663,-1,-0.026328841098378176
2025-10-20,CHZ,5.0,0.05427485014747553,0,0.0005715177942214227
2025-10-20,DASH,5.0,-0.24087200780394294,-1,-0.012208932637480886
2025-10-20,DEXE,4.0,-0.0894983628791953,0,-0.00012657808026686652
2025-10-20,DOGE,8.0,0.014713748434080777,0,-8.026914183407714e-05
2025-10-20,DOT,9.0,0.08670837439579726,0,0.0
2025-10-20,ENA,,0.3089994915474173,1,0.024267059105250503
2025-10-20,ETC,1.0,0.08986906762214511,0,0.0
2025-10-20,ETH,5.0,-0.21863282736770398,-1,-0.06095555670043111
2025-10-20,FET,2.0,-0.3398611788011759,-1,-0.02919423087702607
2025-10-20,FIL,6.0,0.03100003932380423,0,0.0
2025-10-20,HBAR,8.0,0.0521355784258997,0,0.0
2025-10-20,ICP,9.0,-0.018948157568270244,0,0.0
2025-10-20,JST,2.0,0.581214033940998,1,0.08830164033632794
2025-10-20,JUP,9.0,0.35184448399986407,1,0.02472195296609689
2025-10-20,LINK,1.0,-0.046912863669173875,0,-0.0077932282899649055
2025-10-20,LTC,0.0,-0.1214663684385814,0,-0.0003152812819960469
2025-10-20,LUNC,9.0,0.3186368831998098,1,0.030874312947087562
2025-10-20,MORPHO,1.0,0.21882342821849432,1,0.03816226496093199
2025-10-20,NEAR,4.0,0.021929607344235998,0,0.0
2025-10-20,NEXO,4.0,-0.4122542405295902,-1,-0.0795243808569023
2025-10-20,ONDO,9.0,0.11355824445477539,0,0.0
2025-10-20,PENGU,9.0,0.18505972146699698,0,0.0038803382766564205
2025-10-20,PEPE,8.0,0.2334370457667673,1,0.03669001617410286
2025-10-20,POL,,0.20864594567430836,1,0.051658748264652186
2025-10-20,PUMP,3.0,0.19032569214334866,0,0.00042811097222866627
2025-10-20,QNT,8.0,-0.17081766857422542,-1,-0.07192068265293343
2025-10-20,RENDER,9.0,0.052035710798092494,0,-0.00011490330207179322
2025-10-20,SHIB,8.0,0.11922222815546703,0,0.0
2025-10-20,SKY,,0.08486034795101237,0,0.0005543053055545345
2025-10-20,SOL,5.0,-0.1346009173534436,0,-0.0050219276771371404
2025-10-20,STX,6.0,0.1481729631161664,0,0.0
2025-10-20,SUI,6.0,0.002173180874988705,0,0.0
2025-10-20,TAO,5.0,-0.10494426155980187,0,0.0036134074048699318
2025-10-20,TON,5.0,-0.11441216104803696,0,-0.0005141484972056472
2025-10-20,TRUMP,6.0,0.30163235651652154,1,0.04282086823525309
2025-10-20,TRX,5.0,-0.6648942233633003,-1,-0.07966266116765963
2025-10-20,UNI,9.0,0.09355183389153036,0,0.0
2025-10-20,VET,5.0,-0.030457739683715485,0,0.0
2025-10-20,VIRTUAL,8.0,-0.06471356799796123,0,0.0033789621292921908
2025-10-20,WLD,6.0,0.10214404009512358,0,-3.712585880975269e-05
2025-10-20,WLFI,,0.25993161678147014,1,0.028199910905429504
2025-10-20,XLM,6.0,0.07162093500581436,0,0.00011259849286480593
2025-10-20,XRP,6.0,-0.06439098761680366,0,-0.006497740230789653
2025-10-20,ZEC,2.0,-0.8718911452047263,-1,-0.006192299758915642
2025-10-27,AAVE,,-0.05851744969982726,0,-0.0016680863181967303
2025-10-27,ADA,0.0,-0.06145548183584392,0,-0.001647272797608743
2025-10-27,ALGO,1.0,0.08355335653328456,0,0.00023014020257489391
2025-10-27,APT,2.0,-0.022544066131228897,0,-0.004368516404449298
2025-10-27,ARB,3.0,0.053354576816264876,0,0.009778845264379922
2025-10-27,ASTER,,-0.028353011696415346,0,0.0
2025-10-27,ATOM,3.0,0.08843685231925845,0,-0.0002596603598225372
2025-10-27,AVAX,4.0,0.03609162800545175,0,-0.009566696202400974
2025-10-27,BCH,2.0,-0.07780004197863266,0,-0.0016073450960725887
2025-10-27,BFUSD,,0.7023832889675024,1,0.04864776285339332
2025-10-27,BNB,4.0,-0.00448181246949924,0,-0.008908352165700874
2025-10-27,BONK,8.0,0.10459957677776933,0,0.011418695647686172
2025-10-27,BTC,4.0,0.08014139222759506,0,-0.015751912114479016
2025-10-27,CAKE,4.0,-0.07960727068259668,-1,-0.03681146547848666
2025-10-27,CHZ,1.0,0.17727252644216843,1,0.013647213547140234
2025-10-27,DASH,7.0,-0.9484911879516713,-1,-0.010217179184838405
2025-10-27,DEXE,8.0,-0.1735823713713837,-1,-0.010221725414815525
2025-10-27,DOGE,6.0,-0.004741277949571683,0,-2.203844680640033e-05
2025-10-27,DOT,1.0,0.0570706461716891,0,0.0
2025-10-27,ENA,,-0.509705657436042,-1,-0.005966041052235964
2025-10-27,ETC,3.0,0.2244506297916551,1,0.0146854032243015
2025-10-27,ETH,5.0,0.0771829971937707,0,-0.01673576873007833
2025-10-27,FET,2.0,-0.05986575475906011,0,-0.00801547754885757
2025-10-27,FIL,2.0,0.07781063948026952,0,0.0
2025-10-27,HBAR,7.0,0.3365664220775716,1,0.011164598467260417
2025-10-27,ICP,7.0,-0.1416503116491132,-1,-0.012583315660657334
2025-10-27,JST,8.0,0.3995561350485667,1,0.04827557120194302
2025-10-27,JUP,6.0,-0.11302036095319166,-1,-0.00950976211045336
2025-10-27,LINK,3.0,0.06061939143215344,0,-0.0021396846059915323
2025-10-27,LTC,2.0,0.17527658376397603,1,0.01191008779672188
2025-10-27,LUNC,6.0,-0.09785729350886432,-1,-0.009734287029965365
2025-10-27,MORPHO,3.0,0.4561915522694565,1,0.03450945969422422
2025-10-27,NEAR,4.0,0.04019446837617392,0,0.0
2025-10-27,NEXO,4.0,0.11288953122211874,0,-0.0218339675407209
2025-10-27,ONDO,1.0,0.045554341629444654,0,0.0
2025-10-27,PENGU,1.0,-0.1981800661180975,-1,-0.028517326815613035
2025-10-27,PEPE,1.0,0.05996376331613291,0,0.010073497128577222
2025-10-27,POL,,0.22719499728272255,1,0.028858996666793774
2025-10-27,PUMP,7.0,-0.2510054830064319,-1,-0.01285234403254968
2025-10-27,QNT,1.0,0.06320696260046232,0,-0.019746319727735953
2025-10-27,RENDER,6.0,-0.021164298483833166,0,-3.154749450073123e-05
2025-10-27,SHIB,1.0,0.18191291523469524,1,0.015394067454707198
2025-10-27,SKY,,-0.023477188022060478,0,0.000152188346752487
2025-10-27,SOL,5.0,0.10585830028140329,0,-0.0013788048987362004
2025-10-27,STX,6.0,-0.03004159315775845,0,0.0
2025-10-27,SUI,6.0,-0.04864168216140356,0,0.0
2025-10-27,TAO,7.0,0.19615158115369632,1,0.009753802522382197
2025-10-27,TON,7.0,0.26604256869243065,1,0.011904372319542684
2025-10-27,TRUMP,7.0,0.17915779688464142,1,0.018808298424696585
2025-10-27,TRX,5.0,0.16076416326775794,0,-0.021871933354274724
2025-10-27,UNI,6.0,-0.028933185026860788,0,0.0
2025-10-27,VET,5.0,0.01446012683435065,0,0.0
2025-10-27,VIRTUAL,7.0,-1.5706089741264082,-1,-0.004829806576952041
2025-10-27,WLD,6.0,-0.05118897088277652,0,-1.0193160731828206e-05
2025-10-27,WLFI,,-0.12080114522433759,-1,-0.008556825873965196
2025-10-27,XLM,6.0,0.06552431095941998,0,3.091469322808168e-05
2025-10-27,XRP,6.0,0.03734985298258603,0,-0.0017839994195287586
2025-10-27,ZEC,2.0,-0.22106793975352923,-1,-0.012096259839079557
2025-11-03,AAVE,,-0.14215161752710723,0,-0.000377437802851264
2025-11-03,ADA,5.0,-0.24738287780898457,0,-0.0003727283286504193
2025-11-03,ALGO,1.0,0.2060043368179789,1,0.04014950226205871
2025-11-03,APT,2.0,0.01174991500231922,0,-0.000988463975411964
2025-11-03,ARB,3.0,0.16844946730963145,0,0.0022126587999355242
2025-11-03,ASTER,,-0.03497066331475605,0,0.0
2025-11-03,ATOM,3.0,0.011046655766086547,0,-5.875333586150095e-05
2025-11-03,AVAX,3.0,-0.1938242562234666,0,-0.0021646558429201743
2025-11-03,BCH,6.0,-0.25523220148177705,-1,-0.02772893663048609
2025-11-03,BFUSD,,0.42184830975651,1,0.05919672984882332
2025-11-03,BNB,3.0,-0.39598842969237696,-1,-0.05320374746473938
2025-11-03,BONK,0.0,0.11020236201726448,0,0.002583707659294922
2025-11-03,BTC,5.0,-0.6394869248016805,-1,-0.07271446907929602
2025-11-03,CAKE,4.0,0.17051198187652844,0,-0.00832932834372455
2025-11-03,CHZ,1.0,0.38569767063546934,1,0.04645476798350025
2025-11-03,DASH,2.0,-0.4467223356910991,-1,-0.010655522718376895
2025-11-03,DEXE,4.0,0.08786307940325609,0,-0.002312869268112949
2025-11-03,DOGE,8.0,-0.14536872726095543,0,-4.986638191394346e-06
2025-11-03,DOT,1.0,0.2412748414335741,1,0.02943682200362172
2025-11-03,ENA,,-0.010876539781998804,0,-0.001349935792837557
2025-11-03,ETC,3.0,0.09658713605110034,0,0.003322865409601373
2025-11-03,ETH,3.0,-0.4754692974522363,-1,-0.07024350379668737
2025-11-03,FET,2.0,-0.2781055261085381,-1,-0.01473957473074802
2025-11-03,FIL,2.0,-0.24813814783075477,-1,-0.010867249459670441
2025-11-03,HBAR,6.0,0.06484046059591403,0,0.002526213103740821
2025-11-03,ICP,2.0,-0.31644508821293943,-1,-0.012491511409738813
2025-11-03,JST,6.0,0.8727204644724456,1,0.05911251406356657
2025-11-03,JUP,5.0,-0.027692830224498324,0,-0.0021517733689512793
2025-11-03,LINK,3.0,-0.2279807661798632,0,-0.0004841463224476072
2025-11-03,LTC,2.0,0.1637425235014319,0,0.002694894934825663
2025-11-03,LUNC,5.0,-0.038197205256331135,0,-0.002202576610595021
2025-11-03,MORPHO,3.0,0.31340649268375953,1,0.051759570441767225
2025-11-03,NEAR,1.0,-0.08843696593957605,0,0.0
2025-11-03,NEXO,4.0,-0.26825189450612796,-1,-0.07409065543839402
2025-11-03,ONDO,8.0,0.09298136067182691,0,0.0
2025-11-03,PENGU,3.0,0.2015252432488826,1,0.02124347152967199
2025-11-03,PEPE,8.0,0.023823057732733802,0,0.0022793296616382235
2025-11-03,POL,,0.03364610669246276,0,0.006529923646985968
2025-11-03,PUMP,7.0,0.03666240439038663,0,-0.0029080992033902603
2025-11-03,QNT,2.0,0.21215946186382292,1,0.039999786719544246
2025-11-03,RENDER,1.0,0.2646511927663122,1,0.03218891603898333
2025-11-03,SHIB,8.0,0.02448990873960022,0,0.0034832148274736817
2025-11-03,SKY,,0.15883928881263337,0,3.4435649157485895e-05
2025-11-03,SOL,3.0,-0.40461455613004793,-1,-0.0473260124324123
2025-11-03,STX,5.0,0.10755146415567272,0,0.0
2025-11-03,SUI,5.0,-0.1054522814883727,0,0.0
2025-11-03,TAO,6.0,-0.014068201947470473,0,0.002206992380030342
2025-11-03,TON,6.0,-0.11023734455768568,0,0.0026936016941071037
2025-11-03,TRUMP,6.0,0.4084482459762611,1,0.02747973406780613
2025-11-03,TRX,3.0,-0.06964027668310704,0,-0.0049489612014029585
2025-11-03,UNI,1.0,0.13891282750612635,0,0.0
2025-11-03,VET,1.0,0.2082279039647673,1,0.03504610292393266
2025-11-03,VIRTUAL,6.0,-0.42055641234130037,-1,-0.008974114445026458
2025-11-03,WLD,5.0,0.11063588987749588,0,-2.3064059388066267e-06
2025-11-03,WLFI,,0.07265115358904999,0,-0.0019361525372030355
2025-11-03,XLM,5.0,-0.022847867219433275,0,6.995065999007766e-06
2025-11-03,XRP,5.0,-0.2907603458608259,-1,-0.04596819038058414
2025-11-03,ZEC,2.0,0.4977483742120109,1,0.006953912248584503
2025-11-10,AAVE,,-0.1624466070717905,0,0.0
2025-11-10,ADA,0.0,-0.2983497371153917,-1,-0.046498541181716924
2025-11-10,ALGO,1.0,0.08131856546604187,0,0.0
2025-11-10,APT,2.0,0.004484408162204358,0,0.0
2025-11-10,ARB,3.0,0.0729722398668737,0,0.0
2025-11-10,ASTER,4.0,0.4686721563971129,1,0.03123294485132729
2025-11-10,ATOM,6.0,-0.04949639093907981,0,0.0
2025-11-10,AVAX,0.0,-0.25578043520094323,-1,-0.060663803206112955
2025-11-10,BCH,7.0,-0.15520579572919369,0,0.0
2025-11-10,BFUSD,,0.39015557933345507,1,0.07314948121183174
2025-11-10,BNB,2.0,-0.5182684027467883,-1,-0.08148191120729412
2025-11-10,BONK,8.0,0.0520867776185906,0,0.0
2025-11-10,BTC,2.0,-0.713418129259638,-1,-0.06308108757426559
2025-11-10,CAKE,1.0,0.16375511849020158,0,0.0
2025-11-10,CHZ,1.0,0.24317166151285896,1,0.05171368769299522
2025-11-10,DASH,6.0,-0.3197290369555294,-1,-0.010344038214160663
2025-11-10,DEXE,7.0,0.24839913438436492,1,0.03279834983851996
2025-11-10,DOGE,6.0,-0.14868388362934393,0,0.0
2025-11-10,DOT,1.0,0.1412598967940952,0,0.0
2025-11-10,ENA,,0.2017576534564816,1,0.027190597834418764
2025-11-10,ETC,6.0,0.023809155789865654,0,0.0
2025-11-10,ETH,6.0,-0.505973275012787,-1,-0.053850500225233515
2025-11-10,FET,4.0,-0.19038492220525244,0,0.0
2025-11-10,FIL,4.0,-0.20911608646073382,-1,-0.010089632955849423
2025-11-10,HBAR,7.0,-0.03503620741195635,0,0.0
2025-11-10,ICP,4.0,-0.19793345356934078,0,0.0
2025-11-10,JST,8.0,0.5054536654451526,1,0.07314948121183174
2025-11-10,JUP,0.0,-0.020582940782600163,0,0.0
2025-11-10,LINK,6.0,-0.2551737427927235,-1,-0.044848168010890026
2025-11-10,LTC,6.0,-0.08028304336717472,0,0.0
2025-11-10,LUNC,0.0,0.05710876280877749,0,0.0
2025-11-10,MORPHO,5.0,0.4555713098466312,1,0.06842145829589337
2025-11-10,NEAR,1.0,-0.1539749670288775,0,0.0
2025-11-10,NEXO,0.0,-0.25641291153891393,-1,-0.08148191120729412
2025-11-10,ONDO,3.0,-0.0067978774877063665,0,0.0
2025-11-10,PENGU,0.0,0.1699212541083463,0,0.0
2025-11-10,PEPE,3.0,-0.007231253716143501,0,0.0
2025-11-10,POL,,0.016005068068727608,0,0.0
2025-11-10,PUMP,7.0,0.0626245464325928,0,0.0
2025-11-10,QNT,4.0,0.27077396047331537,1,0.07314948121183174
2025-11-10,RENDER,1.0,0.13736633187881536,0,0.0
2025-11-10,SHIB,3.0,-0.09931328454121394,0,0.0
2025-11-10,SKY,,0.062414762854591126,0,0.0
2025-11-10,SOL,0.0,-0.41970182276914486,-1,-0.040499185636069135
2025-11-10,STX,3.0,0.016838817129256792,0,0.0
2025-11-10,SUI,0.0,-0.1404865591479968,0,0.0
2025-11-10,TAO,7.0,-0.09845503288091814,0,0.0
2025-11-10,TON,7.0,-0.16354300881360784,0,0.0
2025-11-10,TRUMP,3.0,0.2903741404110964,1,0.030920917294474437
2025-11-10,TRX,5.0,0.17658637249969786,0,0.0
2025-11-10,UNI,5.0,0.4585263076392655,1,0.0334174482790538
2025-11-10,VET,1.0,0.12094110562804558,0,0.0
2025-11-10,VIRTUAL,7.0,-0.3626977745627023,-1,-0.007852248744000088
2025-11-10,WLD,3.0,0.018379876297777764,0,0.0
2025-11-10,WLFI,,0.5026657933877746,1,0.02935806068452918
2025-11-10,XLM,0.0,-0.03257705224656255,0,0.0
2025-11-10,XRP,6.0,-0.2525455771631944,-1,-0.04930897183711347
2025-11-10,ZEC,6.0,0.6962047899652337,1,0.025498091593292797
2025-11-17,AAVE,,0.13768240156310535,0,0.0
2025-11-17,ADA,0.0,-0.2808439661526059,-1,-0.06250368556813356
2025-11-17,ALGO,1.0,0.11258622930586396,0,0.0
2025-11-17,APT,2.0,0.10349483291923564,0,0.0
2025-11-17,ARB,3.0,0.1546188486163337,0,0.0
2025-11-17,ASTER,4.0,0.1879655409899611,1,0.029587520067602006
2025-11-17,ATOM,3.0,-0.14002847549261158,0,0.0
2025-11-17,AVAX,2.0,-0.1852015725836883,-1,-0.06514155346321175
2025-11-17,BCH,5.0,0.15571911733388977,0,0.0
2025-11-17,BFUSD,,0.30716991567457536,1,0.08187911789544175
2025-11-17,BNB,2.0,-0.7455384608221897,-1,-0.06514155346321175
2025-11-17,BONK,8.0,0.09721481561459601,0,0.0
2025-11-17,BTC,2.0,-0.7066786286578198,-1,-0.06514155346321175
2025-11-17,CAKE,8.0,0.18305752465854389,1,0.0695085780535296
2025-11-17,CHZ,1.0,0.15774330983254656,0,0.0
2025-11-17,DASH,9.0,-0.4075636064631446,-1,-0.006651483553531911
2025-11-17,DEXE,2.0,0.23098558607321923,1,0.036106970396248404
2025-11-17,DOGE,3.0,-0.16523652768903652,0,0.0
2025-11-17,DOT,1.0,-0.04032939766013263,0,0.0
2025-11-17,ENA,,0.3465089667565699,1,0.06488790164386167
2025-11-17,ETC,8.0,0.03229512549882096,0,0.0
2025-11-17,ETH,6.0,-0.48443480220675816,-1,-0.06514155346321175
2025-11-17,FET,4.0,-0.11266850842301049,0,0.0
2025-11-17,FIL,4.0,-0.39125303689500535,-1,-0.007556439584848192
2025-11-17,HBAR,6.0,0.17223358249311443,0,0.0
2025-11-17,ICP,4.0,-0.42892309943528306,-1,-0.00647367175667068
2025-11-17,JST,5.0,0.5879708785153609,1,0.08187911789544175
2025-11-17,JUP,3.0,0.16446103394919775,0,0.0
2025-11-17,LINK,6.0,-0.18261007299855084,-1,-0.06514155346321175
2025-11-17,LTC,8.0,-0.1087598328745385,0,0.0
2025-11-17,LUNC,3.0,-0.23267312746845845,-1,-0.06514155346321175
2025-11-17,MORPHO,9.0,0.28417786438032666,1,0.03364598229928971
2025-11-17,NEAR,1.0,-0.23995886120824916,-1,-0.010823845294333442
2025-11-17,NEXO,2.0,-0.023061150993761093,0,0.0
2025-11-17,ONDO,3.0,0.06486408984112117,0,0.0
2025-11-17,PENGU,0.0,-0.14027971288403313,0,0.0
2025-11-17,PEPE,3.0,0.06725907825536923,0,0.0
2025-11-17,POL,,0.13193500145980316,0,0.0
2025-11-17,PUMP,2.0,0.1776033549208104,1,0.044516436635858816
2025-11-17,QNT,4.0,0.13065208982346183,0,0.0
2025-11-17,RENDER,8.0,0.1448646431426384,0,0.0
2025-11-17,SHIB,8.0,-0.07064934295011362,0,0.0
2025-11-17,SKY,,0.12386295429496949,0,0.0
2025-11-17,SOL,0.0,-0.16646479959466667,0,0.0
2025-11-17,STX,3.0,0.12269220046063144,0,0.0
2025-11-17,SUI,0.0,-0.052486383452666055,0,0.0
2025-11-17,TAO,5.0,-0.11245866057106713,0,0.0
2025-11-17,TON,6.0,-0.1114117592521714,0,0.0
2025-11-17,TRUMP,6.0,0.23593564038367454,1,0.02868571835234156
2025-11-17,TRX,9.0,-0.024666547989489647,0,0.0
2025-11-17,UNI,9.0,0.13955976271101572,0,0.0
2025-11-17,VET,1.0,0.04386439684293376,0,0.0
2025-11-17,VIRTUAL,5.0,0.5142442478049025,1,0.0262265191836579
2025-11-17,WLD,3.0,0.1594731534024573,0,0.0
2025-11-17,WLFI,,0.45974036109394883,1,0.03823190017064228
2025-11-17,XLM,0.0,0.15133950353945796,0,0.0
2025-11-17,XRP,0.0,-0.7233117989441085,-1,-0.06514155346321175
2025-11-17,ZEC,9.0,0.1937160815107,1,0.014844237406084588
2025-11-24,AAVE,,0.08526707054916026,0,0.0
2025-11-24,ADA,6.0,-0.16666358055334576,0,-0.014495029057757021
2025-11-24,ALGO,1.0,-0.01768361315760311,0,0.0
2025-11-24,APT,2.0,-0.17890223237066324,-1,-0.06028109934703542
2025-11-24,ARB,5.0,0.18211529997609202,0,0.0
2025-11-24,ASTER,4.0,0.056327668570676406,0,0.006861546790858573
2025-11-24,ATOM,8.0,-0.16771566125596174,0,0.0
2025-11-24,AVAX,6.0,0.03593782474364781,0,-0.015106768532671705
2025-11-24,BCH,5.0,0.04336691990648284,0,0.0
2025-11-24,BFUSD,,-0.10007330292695421,0,0.018988323365734958
2025-11-24,BNB,10.0,-0.25233005696876404,-1,-0.07422741508611302
2025-11-24,BONK,1.0,0.1715671273250568,0,0.0
2025-11-24,BTC,10.0,-0.45862027466742666,-1,-0.07165500516644015
2025-11-24,CAKE,8.0,0.34762498298652245,1,0.06147728548175678
2025-11-24,CHZ,0.0,0.2538339212227713,1,0.027955429784588426
2025-11-24,DASH,8.0,0.228027235335427,1,0.01524610796382836
2025-11-24,DEXE,2.0,-0.4437919116968237,-1,-0.05956441145320387
2025-11-24,DOGE,1.0,0.004342661262805842,0,0.0
2025-11-24,DOT,0.0,-0.12207905947449813,0,0.0
2025-11-24,ENA,,0.297920459938803,1,0.03847295350057971
2025-11-24,ETC,1.0,0.1600481857849838,0,0.0
2025-11-24,ETH,6.0,-0.2421621391957474,-1,-0.05447913951474965
2025-11-24,FET,0.0,-0.36290132067720465,-1,-0.01288890978200763
2025-11-24,FIL,0.0,-0.8494159312387757,-1,-0.009857489010708199
2025-11-24,HBAR,9.0,0.1193520946315896,0,0.0
2025-11-24,ICP,0.0,-0.9605015805223746,-1,-0.008570665753575518
2025-11-24,JST,5.0,0.5242232301265289,1,0.06499781109226244
2025-11-24,JUP,3.0,0.15231761407855077,0,0.0
2025-11-24,LINK,3.0,-0.02058160240474245,0,-0.015106768532671705
2025-11-24,LTC,2.0,-0.22141654101187225,-1,-0.030234656332559385
2025-11-24,LUNC,3.0,0.1375235705338292,0,-0.015106768532671705
2025-11-24,MORPHO,8.0,0.157753821809035,0,0.007802731737688567
2025-11-24,NEAR,0.0,-0.5652306156943772,-1,-0.014208869505166121
2025-11-24,NEXO,10.0,0.10836266804923354,0,0.0
2025-11-24,ONDO,1.0,0.11885905000725201,0,0.0
2025-11-24,PENGU,6.0,0.36687647403632856,1,0.02695313747961499
2025-11-24,PEPE,5.0,0.1391113932710404,0,0.0
2025-11-24,POL,,0.1987696465320882,1,0.03963538226622164
2025-11-24,PUMP,9.0,0.01571663042399889,0,0.010323663904285844
2025-11-24,QNT,0.0,-0.007223978201991425,0,0.0
2025-11-24,RENDER,8.0,0.13251613958178746,0,0.0
2025-11-24,SHIB,1.0,0.04614276669632703,0,0.0
2025-11-24,SKY,,0.012056582088204922,0,0.0
2025-11-24,SOL,6.0,-0.15070217551720433,0,0.0
2025-11-24,STX,1.0,0.16395480327285095,0,0.0
2025-11-24,SUI,6.0,-0.023817901696586846,0,0.0
2025-11-24,TAO,9.0,0.06292726690662151,0,0.0
2025-11-24,TON,9.0,-0.05360361611789029,0,0.0
2025-11-24,TRUMP,2.0,0.2769088097616234,1,0.05521570274259932
2025-11-24,TRX,4.0,0.1340664701607704,0,0.0
2025-11-24,UNI,8.0,-0.001715332562619705,0,0.0
2025-11-24,VET,0.0,0.04869697957404901,0,0.0
2025-11-24,VIRTUAL,9.0,0.3772850238526818,1,0.029456637061695684
2025-11-24,WLD,5.0,0.23853985275085207,1,0.03329170049581928
2025-11-24,WLFI,,0.3495261985287776,1,0.04460121492778879
2025-11-24,XLM,6.0,0.2073840773846428,1,0.055361916180494575
2025-11-24,XRP,3.0,-0.18030683809858025,-1,-0.07372580614170174
2025-11-24,ZEC,8.0,-0.4078112556490774,-1,-0.007132743026785038
2025-12-01,AAVE,,0.03778067359820372,0,0.0
2025-12-01,ADA,0.0,-0.08953050248359408,0,-0.004069350116725146
2025-12-01,ALGO,1.0,0.19257124731422273,1,0.05313115779715178
2025-12-01,APT,2.0,-0.6905372661100317,-1,-0.07311159079734103
2025-12-01,ARB,2.0,0.1606788865326964,0,0.0
2025-12-01,ASTER,3.0,-0.003438088455324539,0,0.0019263180586280302
2025-12-01,ATOM,3.0,-0.2897515566401469,-1,-0.05618820984468929
2025-12-01,AVAX,2.0,0.021244857753064755,0,-0.004241090517777827
2025-12-01,BCH,0.0,0.04462826294538836,0,0.0
2025-12-01,BFUSD,,0.18087345090060905,1,0.05846196021202637
2025-12-01,BNB,2.0,-0.1862953287093555,-1,-0.06467374091785108
2025-12-01,BONK,2.0,0.14873154408033756,0,0.0
2025-12-01,BTC,2.0,-0.45199434014656575,-1,-0.06261803886624757
2025-12-01,CAKE,3.0,0.21157407781906107,1,0.062036802375846654
2025-12-01,CHZ,6.0,0.22463258672457723,1,0.03746702760437365
2025-12-01,DASH,3.0,-0.003955680851385705,0,0.004280208820209812
2025-12-01,DEXE,2.0,0.0783924656593234,0,-0.01672217721909605
2025-12-01,DOGE,1.0,-0.025239667979104107,0,0.0
2025-12-01,DOT,6.0,0.08598234323511326,0,0.0
2025-12-01,ENA,,0.25899469570946293,1,0.03202885815793881
2025-12-01,ETC,1.0,0.09502672198710581,0,0.0
2025-12-01,ETH,0.0,-0.24910377703666323,-1,-0.044547429910384136
2025-12-01,FET,6.0,0.24265664264769904,1,0.025001932572557284
2025-12-01,FIL,6.0,0.38494207485767223,1,0.019364355914013223
2025-12-01,HBAR,8.0,0.0013416486779116252,0,0.0
2025-12-01,ICP,6.0,0.5032365643691645,1,0.01697083350733493
2025-12-01,JST,7.0,-0.037392814112545525,0,0.01824755570349343
2025-12-01,JUP,2.0,0.04553969491917068,0,0.0
2025-12-01,LINK,0.0,0.010397599949306021,0,-0.004241090517777827
2025-12-01,LTC,1.0,0.017087015819774752,0,-0.008488110081449111
2025-12-01,LUNC,0.0,-1.5385114045448132,-1,-0.010113192458046264
2025-12-01,MORPHO,3.0,0.0712399633648229,0,0.0021905473373677615
2025-12-01,NEAR,6.0,0.2030275866872074,1,0.018707945786787063
2025-12-01,NEXO,4.0,0.1756474188248721,1,0.0427250267495028
2025-12-01,ONDO,7.0,0.03907294313765185,0,0.0
2025-12-01,PENGU,4.0,0.4602580207548065,1,0.02968297787238559
2025-12-01,PEPE,2.0,0.06909789524075254,0,0.0
2025-12-01,POL,,0.13685941083035405,0,0.011127280035715434
2025-12-01,PUMP,8.0,-0.18530285967369298,-1,-0.012053091700215061
2025-12-01,QNT,3.0,-0.3976108333219571,-1,-0.014285969813050135
2025-12-01,RENDER,3.0,0.19689617076787921,1,0.03603855835016101
2025-12-01,SHIB,1.0,0.029735325481206182,0,0.0
2025-12-01,SKY,,-0.2775787204295545,-1,-0.015165897184905377
2025-12-01,SOL,0.0,-0.13626706206882977,-1,-0.03407033190457743
2025-12-01,STX,1.0,0.16578390667310805,0,0.0
2025-12-01,SUI,4.0,-0.017652756588728183,0,0.0
2025-12-01,TAO,8.0,0.028103408800135114,0,0.0
2025-12-01,TON,8.0,-0.12286887863799383,0,0.0
2025-12-01,TRUMP,1.0,0.17454025898043915,0,0.015501316037749749
2025-12-01,TRX,4.0,-0.028821917893369978,0,0.0
2025-12-01,UNI,3.0,-0.00989035453304927,0,0.0
2025-12-01,VET,6.0,0.08784693678470368,0,0.0
2025-12-01,VIRTUAL,8.0,0.15694631992490826,0,0.008269688110848834
2025-12-01,WLD,7.0,0.14591392573140344,0,0.009346347962382383
2025-12-01,WLFI,,-0.14094641603256658,-1,-0.022599123818728167
2025-12-01,XLM,2.0,0.1732238694963234,0,0.01554236415625955
2025-12-01,XRP,7.0,-0.2969664156703464,-1,-0.06885817347099601
2025-12-01,ZEC,3.0,-0.08084977506081868,0,-0.002002453982876639
2025-12-08,AAVE,,0.28358431159937925,1,0.041768976080607575
2025-12-08,ADA,0.0,-0.07949444593632408,0,-0.00115254966707159
2025-12-08,ALGO,1.0,-0.2754506167142706,-1,-0.02623463814182938
2025-12-08,APT,1.0,-0.06581920316495272,0,-0.020707173680195076
2025-12-08,ARB,2.0,0.3048116316188346,1,0.024770500656936895
2025-12-08,ASTER,3.0,0.3571845589187188,1,0.03087838185870623
2025-12-08,ATOM,4.0,-0.1480079534936368,-1,-0.05719683042462989
2025-12-08,AVAX,2.0,-0.009784897967749444,0,-0.0012011911789539102
2025-12-08,BCH,1.0,-0.08159661606753268,0,0.0
2025-12-08,BFUSD,,0.36940415098245155,1,0.05832697940939181
2025-12-08,BNB,2.0,-0.17576533173902142,-1,-0.054689577471117495
2025-12-08,BONK,9.0,0.28849529381662,1,0.022782138506436525
2025-12-08,BTC,2.0,-0.43681441360262707,-1,-0.05901727499713278
2025-12-08,CAKE,8.0,0.08419029904984743,0,0.01757049501113187
2025-12-08,CHZ,8.0,0.36439289682603876,1,0.038278522213022685
2025-12-08,DASH,4.0,0.08979155595638584,0,0.0012122705368737626
2025-12-08,DEXE,1.0,-0.025351864774799802,0,-0.004736171436163263
2025-12-08,DOGE,0.0,-0.08374133570325497,0,0.0
2025-12-08,DOT,8.0,-0.05676545218109557,0,0.0
2025-12-08,ENA,,0.07568549735027512,0,0.009071436162470869
2025-12-08,ETC,1.0,0.06082765021880093,0,0.0
2025-12-08,ETH,9.0,-0.0692682139826857,0,-0.012617033196796336
2025-12-08,FET,8.0,0.16315489103900466,1,0.048850197463897446
2025-12-08,FIL,8.0,-0.06166407880479068,0,0.005484507678516656
2025-12-08,HBAR,7.0,-0.2750685551977216,-1,-0.04128281450260808
2025-12-08,ICP,8.0,-0.3956342845782694,-1,-0.036476216901577097
2025-12-08,JST,1.0,0.019184377386222543,0,0.005168199748773826
2025-12-08,JUP,2.0,-0.05232465422352959,0,0.0
2025-12-08,LINK,0.0,0.1152980628490807,0,-0.0012011911789539102
2025-12-08,LTC,1.0,-0.01652468512566488,0,-0.0024040616235582422
2025-12-08,LUNC,5.0,-1.045096826980492,-1,-0.00719232632902451
2025-12-08,MORPHO,4.0,0.12937543076958194,0,0.0006204220654327877
2025-12-08,NEAR,8.0,0.005261934769731131,0,0.005298594632969772
2025-12-08,NEXO,9.0,0.08793135175422342,0,0.012100879487703758
2025-12-08,ONDO,0.0,0.09031876250276628,0,0.0
2025-12-08,PENGU,9.0,0.5480685841679155,1,0.030206126676264874
2025-12-08,PEPE,2.0,0.11795414866658899,0,0.0
2025-12-08,POL,,0.1678168084674308,1,0.04359653562324223
2025-12-08,PUMP,7.0,0.07070272386300068,0,-0.0034137605336956797
2025-12-08,QNT,3.0,-0.5195286463456175,-1,-0.013865027233445383
2025-12-08,RENDER,4.0,0.07175642721140348,0,0.010207091362697703
2025-12-08,SHIB,2.0,0.014205503893224378,0,0.0
2025-12-08,SKY,,-0.08205886285950918,0,-0.00429539097151253
2025-12-08,SOL,9.0,-0.066925470128206,0,-0.00964963656782632
2025-12-08,STX,0.0,0.08251129280551964,0,0.0
2025-12-08,SUI,9.0,0.14636754650849904,0,0.0
2025-12-08,TAO,7.0,0.32269355133225175,1,0.041768976080607575
2025-12-08,TON,7.0,-0.07220844991757723,0,0.0
2025-12-08,TRUMP,1.0,0.13825154524937208,0,0.004390390633887716
2025-12-08,TRX,5.0,-0.17831062994552443,-1,-0.04128281450260808
2025-12-08,UNI,4.0,0.1576979784115137,0,0.0
2025-12-08,VET,8.0,-0.15808804123708511,-1,-0.03313548246519435
2025-12-08,VIRTUAL,7.0,0.2371221674415933,1,0.02450894346272876
2025-12-08,WLD,2.0,0.24992647269124507,1,0.039833277363194704
2025-12-08,WLFI,,-0.20552266554429696,-1,-0.031804329116728924
2025-12-08,XLM,2.0,-0.10895730519992002,0,0.004402016567750704
2025-12-08,XRP,0.0,-0.3227856569701237,-1,-0.05697321820638028
2025-12-08,ZEC,4.0,-0.14540824973122532,0,-0.0005671489562436517
2025-12-15,AAVE,,-0.14048504733781186,-1,-0.017763076957269024
2025-12-15,ADA,0.0,-0.14698463664796624,-1,-0.04689586541855042
2025-12-15,ALGO,1.0,-0.035313834204925836,0,-0.005844854030488709
2025-12-15,APT,1.0,0.11889086191319054,0,-0.004613382006277533
2025-12-15,ARB,2.0,0.2494747154976028,1,0.04114276079397818
2025-12-15,ASTER,3.0,0.07485016325775616,0,0.006879440596288075
2025-12-15,ATOM,3.0,-0.19620926086827042,-1,-0.05938205404065937
2025-12-15,AVAX,0.0,-0.016380136954762734,0,-0.0002676151683793218
2025-12-15,BCH,4.0,0.05996219713432112,0,0.0
2025-12-15,BFUSD,,0.2851767549522812,1,0.05480300670063866
2025-12-15,BNB,0.0,-0.20471774079256716,-1,-0.05882345942801152
2025-12-15,BONK,0.0,0.17749115374339441,1,0.036485760363036135
2025-12-15,BTC,0.0,-0.3113734145713122,-1,-0.059787633593133147
2025-12-15,CAKE,3.0,0.043048346341152274,0,0.00391455670279486
2025-12-15,CHZ,4.0,0.6032344698841421,1,0.050336381119001905
2025-12-15,DASH,1.0,0.01193175071639151,0,0.00027008355500020775
2025-12-15,DEXE,1.0,0.028522741298622624,0,-0.0010551786747767973
2025-12-15,DOGE,3.0,0.026178632525722504,0,0.0
2025-12-15,DOT,8.0,-0.23794730633681316,-1,-0.04663908716491097
2025-12-15,ENA,,0.10803656114756864,0,0.00202103874770051
2025-12-15,ETC,1.0,0.03213479811925078,0,0.0
2025-12-15,ETH,0.0,-0.09663878415314323,0,-0.002810967581653962
2025-12-15,FET,8.0,0.0841527317489063,0,0.010883408110813016
2025-12-15,FIL,8.0,0.22971923635317998,1,0.0430301538712055
2025-12-15,HBAR,7.0,-0.07623952488988403,0,-0.009197459611640785
2025-12-15,ICP,8.0,0.26965976258778157,1,0.03368166166566042
2025-12-15,JST,4.0,0.09727800375899066,0,0.0011514309047711922
2025-12-15,JUP,5.0,0.24513802418105515,1,0.02827254721557395
2025-12-15,LINK,5.0,0.007046981352146891,0,-0.0002676151683793218
2025-12-15,LTC,1.0,-0.287525635096127,-1,-0.04717469162776017
2025-12-15,LUNC,5.0,-1.211472769256367,-1,-0.006714955042091557
2025-12-15,MORPHO,4.0,0.09061420653147205,0,0.00013822475424073426
2025-12-15,NEAR,8.0,-0.02380316330419276,0,0.0011804817748585755
2025-12-15,NEXO,6.0,0.13674432244393475,0,0.00269597292952147
2025-12-15,ONDO,3.0,0.056973479706397115,0,0.0
2025-12-15,PENGU,6.0,0.47500123283473983,1,0.03398638344097547
2025-12-15,PEPE,5.0,0.24519562485135932,1,0.03195784185155115
2025-12-15,POL,,0.1409998069090541,0,0.009712936979548649
2025-12-15,PUMP,3.0,-0.07109078491249486,0,-0.0007605567839977507
2025-12-15,QNT,1.0,-0.493122387138823,-1,-0.014308795010587303
2025-12-15,RENDER,3.0,-0.005151678884888617,0,0.002274053057957295
2025-12-15,SHIB,3.0,-0.06954222856788596,0,0.0
2025-12-15,SKY,,-0.05594772586171667,0,-0.0009569765398189383
2025-12-15,SOL,0.0,-0.04149094254005717,0,-0.0021498568755283776
2025-12-15,STX,3.0,0.04437280519666589,0,0.0
2025-12-15,SUI,6.0,0.1539189621818581,1,0.028268591094970062
2025-12-15,TAO,7.0,-0.029681016363501,0,0.00930577227230251
2025-12-15,TON,7.0,-0.026506452506652095,0,0.0
2025-12-15,TRUMP,1.0,-0.38289878664488575,-1,-0.045660945509090556
2025-12-15,TRX,5.0,-0.00014496047798296307,0,-0.009197459611640785
2025-12-15,UNI,4.0,0.006936960075158021,0,0.0
2025-12-15,VET,8.0,-0.07575866409284246,0,-0.007382303395680613
2025-12-15,VIRTUAL,7.0,0.3122050326734836,1,0.04471192499487826
2025-12-15,WLD,2.0,0.21016054723141767,1,0.04706475369531892
2025-12-15,WLFI,,0.047828143477979985,0,-0.007085733762361702
2025-12-15,XLM,0.0,0.07717640675338287,0,0.0009807318149081833
2025-12-15,XRP,3.0,-0.26414411344500754,-1,-0.05933223514214676
2025-12-15,ZEC,1.0,-0.24948442152947833,-1,-0.01107714086265838
2025-12-22,AAVE,,-0.3623016456321316,-1,-0.037535049376969644
2025-12-22,ADA,0.0,0.020990590838207625,0,0.0
2025-12-22,ALGO,1.0,0.025635194783714448,0,0.0
2025-12-22,APT,7.0,-0.07837303339486726,0,0.0
2025-12-22,ARB,5.0,0.28170985720693376,1,0.03501045794256912
2025-12-22,ASTER,4.0,-0.2548470073200655,-1,-0.025002979029843688
2025-12-22,ATOM,4.0,-0.0810694319636623,0,0.0
2025-12-22,AVAX,5.0,0.16688136860605757,0,0.0
2025-12-22,BCH,3.0,-0.03621905826259963,0,0.0
2025-12-22,BFUSD,,0.5023414715118197,1,0.04097781381717246
2025-12-22,BNB,5.0,-0.06638300923588708,0,0.0
2025-12-22,BONK,0.0,0.20782296902532205,0,0.0
2025-12-22,BTC,5.0,-0.1809672328910155,-1,-0.06010085295263212
2025-12-22,CAKE,4.0,-0.04091915897946027,0,0.0
2025-12-22,CHZ,0.0,0.27899976970187795,1,0.03578113720394786
2025-12-22,DASH,7.0,-0.11139015682139573,-1,-0.022509333710364916
2025-12-22,DEXE,2.0,-0.0449782147570287,0,0.0
2025-12-22,DOGE,4.0,-0.4342746369614957,-1,-0.06010085295263212
2025-12-22,DOT,1.0,0.03602985964985837,0,0.0
2025-12-22,ENA,,0.05792753697044885,0,0.0
2025-12-22,ETC,2.0,0.0701221204622867,0,0.0
2025-12-22,ETH,0.0,-0.08465294595959223,0,0.0
2025-12-22,FET,1.0,-0.017673931583705758,0,0.0
2025-12-22,FIL,3.0,0.3399650197264876,1,0.03295884725090606
2025-12-22,HBAR,2.0,0.11023348967419105,0,0.0
2025-12-22,ICP,3.0,0.36902875764759424,1,0.03520026748046634
2025-12-22,JST,3.0,0.0007614367117322095,0,0.0
2025-12-22,JUP,0.0,0.24441940658534483,1,0.027190469373346893
2025-12-22,LINK,6.0,0.01624130398977917,0,0.0
2025-12-22,LTC,7.0,0.16617522123453793,0,0.0
2025-12-22,LUNC,6.0,-1.9340158238979543,-1,-0.006510909647752085
2025-12-22,MORPHO,2.0,-0.12771302246256747,-1,-0.026145741075603163
2025-12-22,NEAR,1.0,0.21378100868047045,1,0.03832967248450823
2025-12-22,NEXO,8.0,-0.006407781842635291,0,0.0
2025-12-22,ONDO,4.0,0.10351273767437087,0,0.0
2025-12-22,PENGU,8.0,0.3478244916892668,1,0.02773104728751678
2025-12-22,PEPE,0.0,0.4468474289337304,1,0.04097781381717246
2025-12-22,POL,,0.1776075885733379,0,0.0
2025-12-22,PUMP,2.0,-0.012250875933448209,0,0.0
2025-12-22,QNT,1.0,0.0077357821214601875,0,0.0
2025-12-22,RENDER,4.0,-0.03378962238008605,0,0.0
2025-12-22,SHIB,2.0,0.030895440659633486,0,0.0
2025-12-22,SKY,,-0.13960045042528255,-1,-0.03197725171662272
2025-12-22,SOL,0.0,-0.03919297642724427,0,0.0
2025-12-22,STX,4.0,0.06519489975662238,0,0.0
2025-12-22,SUI,8.0,0.23562907132166688,1,0.03877630855906956
2025-12-22,TAO,2.0,-0.13449875858821186,-1,-0.028506013861257336
2025-12-22,TON,5.0,0.07292086743759467,0,0.0
2025-12-22,TRUMP,7.0,-0.1691337545734887,-1,-0.06010085295263212
2025-12-22,TRX,6.0,-0.06561215939367122,0,0.0
2025-12-22,UNI,2.0,-0.09513606257906508,0,0.0
2025-12-22,VET,1.0,0.016601085472151385,0,0.0
2025-12-22,VIRTUAL,2.0,0.3124794732617176,1,0.04097781381717246
2025-12-22,WLD,5.0,0.12702113507423063,0,0.0
2025-12-22,WLFI,,0.057862767413118514,0,0.0
2025-12-22,XLM,0.0,0.22465545435439485,1,0.04097781381717246
2025-12-22,XRP,4.0,-0.5297100517230372,-1,-0.06010085295263212
2025-12-22,ZEC,7.0,-0.2547438027603627,-1,-0.016298772622078694
2025-12-29,AAVE,,-0.1903129682340469,0,0.0
2025-12-29,ADA,0.0,0.0034299746247746996,0,0.0
2025-12-29,ALGO,1.0,0.07835705873285141,0,0.0
2025-12-29,APT,2.0,0.33062077028418296,1,0.04155878346052823
2025-12-29,ARB,3.0,0.37582982674506266,1,0.043592383422251926
2025-12-29,ASTER,1.0,-0.16431845435753697,0,0.0
2025-12-29,ATOM,4.0,0.10325486512571086,0,0.0
2025-12-29,AVAX,3.0,0.11862474025762153,0,0.0
2025-12-29,BCH,8.0,0.04972985667393191,0,0.0
2025-12-29,BFUSD,,0.7375240958808466,1,0.07357030793384323
2025-12-29,BNB,5.0,-0.015998063329904035,0,0.0
2025-12-29,BONK,0.0,-0.5581840861960394,-1,-0.02036239331140392
2025-12-29,BTC,5.0,-0.2385649342178175,-1,-0.09127915145974479
2025-12-29,CAKE,4.0,-0.008041234629113228,0,0.0
2025-12-29,CHZ,7.0,0.38897086118873747,1,0.03625091579043882
2025-12-29,DASH,1.0,-0.1337705260342877,0,0.0
2025-12-29,DEXE,9.0,0.008039440199736708,0,0.0
2025-12-29,DOGE,8.0,-0.2600793004679641,-1,-0.04566724923782922
2025-12-29,DOT,1.0,-0.000851520135256815,0,0.0
2025-12-29,ENA,,0.0002899054658648415,0,0.0
2025-12-29,ETC,2.0,0.21139184649986065,0,0.0
2025-12-29,ETH,0.0,0.02947963501943697,0,0.0
2025-12-29,FET,1.0,-0.0442566015326049,0,0.0
2025-12-29,FIL,6.0,0.2978583634544595,1,0.03963783320989048
2025-12-29,HBAR,9.0,0.05398521731878129,0,0.0
2025-12-29,ICP,6.0,0.2285463838441001,1,0.04960745974285254
2025-12-29,JST,6.0,0.121958936797285,0,0.0
2025-12-29,JUP,0.0,0.2325537429813324,1,0.0404480843904398
2025-12-29,LINK,5.0,0.13479496995480392,0,0.0
2025-12-29,LTC,1.0,0.1937564701834407,0,0.0
2025-12-29,LUNC,5.0,0.6164055409664161,1,0.03464171251136192
2025-12-29,MORPHO,9.0,-0.311702019460992,-1,-0.0725235339563935
2025-12-29,NEAR,1.0,0.2665612726689839,1,0.04799309779759868
2025-12-29,NEXO,7.0,0.14669575764626475,0,0.0
2025-12-29,ONDO,8.0,0.03725374890242858,0,0.0
2025-12-29,PENGU,7.0,0.03340652165007113,0,0.0
2025-12-29,PEPE,0.0,-0.9367305210666885,-1,-0.015011239561597337
2025-12-29,POL,,0.20579002086571627,0,0.0
2025-12-29,PUMP,8.0,-0.3091415620529511,-1,-0.026527153286471296
2025-12-29,QNT,1.0,-0.20073494038857745,0,0.0
2025-12-29,RENDER,4.0,-0.6822769438107614,-1,-0.019327189137753553
2025-12-29,SHIB,8.0,-0.16475432880545549,0,0.0
2025-12-29,SKY,,-0.38442622338908267,-1,-0.06352421648356325
2025-12-29,SOL,0.0,0.07482478736993005,0,0.0
2025-12-29,STX,4.0,-0.2249855126199394,-1,-0.02802256392154445
2025-12-29,SUI,7.0,0.25954838808084046,1,0.035401455902261375
2025-12-29,TAO,8.0,-0.31186390821367144,-1,-0.03397179512293299
2025-12-29,TON,3.0,0.24921409687655321,1,0.03515068633576524
2025-12-29,TRUMP,2.0,0.18792939310850024,0,0.0
2025-12-29,TRX,5.0,-0.1601442793955099,0,0.0
2025-12-29,UNI,9.0,-0.50474264672884,-1,-0.05974523381360878
2025-12-29,VET,1.0,0.07282920237748963,0,0.0
2025-12-29,VIRTUAL,9.0,-0.002764686453323463,0,0.0
2025-12-29,WLD,3.0,0.06472420772247436,0,0.0
2025-12-29,WLFI,,0.07015040304654474,0,0.0
2025-12-29,XLM,0.0,0.2723495358747551,1,0.07214727950276778
2025-12-29,XRP,8.0,-0.3166766527614953,-1,-0.07403828070715708
2025-12-29,ZEC,1.0,-0.1313579241079458,0,0.0
2026-01-05,AAVE,,0.059733251304910445,0,0.0
2026-01-05,ADA,6.0,-0.09736097657264647,0,0.0
2026-01-05,ALGO,1.0,-0.025294480985147777,0,0.0
2026-01-05,APT,0.0,0.06954292142391454,0,0.007355933074331536
2026-01-05,ARB,2.0,0.12119754174664378,0,0.007715881657345533
2026-01-05,ASTER,8.0,-0.23220301044920238,-1,-0.03283484764711994
2026-01-05,ATOM,1.0,0.2877849415069497,1,0.02921670338905344
2026-01-05,AVAX,2.0,-0.017956916444820562,0,0.0
2026-01-05,BCH,0.0,0.313277822292281,1,0.05319984377687304
2026-01-05,BFUSD,,0.7533041417011814,1,0.06622183856007728
2026-01-05,BNB,5.0,-0.00831248628760113,0,0.0
2026-01-05,BONK,6.0,-0.6906886767591883,-1,-0.01915645647287847
2026-01-05,BTC,4.0,-0.3216698271945519,-1,-0.09124040020204141
2026-01-05,CAKE,1.0,-0.0031678417957942216,0,0.0
2026-01-05,CHZ,5.0,0.5393321059619063,1,0.034547980353034496
2026-01-05,DASH,2.0,-0.20755133099620499,-1,-0.03743298690682297
2026-01-05,DEXE,0.0,0.4164913351313876,1,0.03502001831425158
2026-01-05,DOGE,4.0,-0.3257258778073341,-1,-0.043112041001041185
2026-01-05,DOT,1.0,-0.04195969107481753,0,0.0
2026-01-05,ENA,,-0.08494124245950918,0,0.0
2026-01-05,ETC,2.0,0.0200767609117357,0,0.0
2026-01-05,ETH,4.0,-0.08464744714958923,0,0.0
2026-01-05,FET,1.0,0.08573258942827759,0,0.0
2026-01-05,FIL,2.0,0.2803347440778774,1,0.0452635096025806
2026-01-05,HBAR,0.0,-0.20322518752866117,-1,-0.06410616598170646
2026-01-05,ICP,2.0,0.15323463849932895,0,0.008780554276873943
2026-01-05,JST,2.0,0.09339897832969903,0,0.0
2026-01-05,JUP,6.0,0.23866668716714734,1,0.05618486132181885
2026-01-05,LINK,6.0,-0.0324649301380363,0,0.0
2026-01-05,LTC,2.0,-0.11817696333092656,0,0.0
2026-01-05,LUNC,6.0,0.02702432775699673,0,0.006131606789112034
2026-01-05,MORPHO,8.0,0.3786373185083745,1,0.020522108228010136
2026-01-05,NEAR,1.0,0.2322803264990568,0,0.008494811109287868
2026-01-05,NEXO,5.0,0.255737235783992,1,0.05319984377687304
2026-01-05,ONDO,2.0,-0.07966091393007181,0,0.0
2026-01-05,PENGU,5.0,-0.09452820632100595,0,0.0
2026-01-05,PEPE,6.0,-0.9531457280519777,-1,-0.014001010256225601
2026-01-05,POL,,0.010832675761136869,0,0.0
2026-01-05,PUMP,0.0,-0.1161869255355039,0,-0.004695324260710121
2026-01-05,QNT,2.0,-0.09927599225693624,0,0.0
2026-01-05,RENDER,1.0,-0.17628718495798917,-1,-0.019595982672053463
2026-01-05,SHIB,6.0,-0.32887871231303056,-1,-0.03180353302304553
2026-01-05,SKY,,-0.13888415134711934,0,-0.011243829730873942
2026-01-05,SOL,5.0,0.19587712107101013,0,0.0
2026-01-05,STX,1.0,-0.15635892399120743,-1,-0.029725280568387403
2026-01-05,SUI,5.0,0.3459725940158786,1,0.03248509765822824
2026-01-05,TAO,0.0,-0.141923647789029,0,-0.006013030953529775
2026-01-05,TON,2.0,0.010728180779918483,0,0.0062216955038708124
2026-01-05,TRUMP,0.0,0.27393997173820084,1,0.03792550715588805
2026-01-05,TRX,3.0,0.13982986140528506,0,0.0
2026-01-05,UNI,8.0,-0.2616646100185952,-1,-0.05550172392154827
2026-01-05,VET,1.0,-0.07859597474747215,0,0.0
2026-01-05,VIRTUAL,0.0,0.40052856069819726,1,0.015905372600285458
2026-01-05,WLD,2.0,-0.013170980349481672,0,0.0
2026-01-05,WLFI,,-0.057673133171292516,0,0.0
2026-01-05,XLM,4.0,-0.07776214751669458,0,0.012770117778387581
2026-01-05,XRP,4.0,-0.30683736705770714,-1,-0.07670067132819892
2026-01-05,ZEC,2.0,-0.12731514717213457,0,0.0
2026-01-12,AAVE,,0.17245586788537992,0,0.0
2026-01-12,ADA,0.0,-0.21848491197086406,-1,-0.0547293311368513
2026-01-12,ALGO,4.0,0.008929945299402874,0,0.0
2026-01-12,APT,3.0,0.15559493561137536,0,0.001964187287180918
2026-01-12,ARB,5.0,0.1807096937054671,0,0.002060301053259347
2026-01-12,ASTER,1.0,-0.1311968366523056,0,-0.008767587969233406
2026-01-12,ATOM,4.0,0.14403027699510576,0,0.007801468119709533
2026-01-12,AVAX,5.0,-0.13655776009550416,0,0.0
2026-01-12,BCH,2.0,-0.1799537931636087,-1,-0.03492583570588693
2026-01-12,BFUSD,,0.06734759047971883,0,0.017682609686504133
2026-01-12,BNB,8.0,0.1709325484320428,0,0.0
2026-01-12,BONK,0.0,-0.36009352405540956,-1,-0.01568739733566438
2026-01-12,BTC,8.0,-0.18953772384358375,-1,-0.08562267433050956
2026-01-12,CAKE,5.0,0.260035576143538,1,0.04325913456851417
2026-01-12,CHZ,0.0,0.6745210711099204,1,0.031420660246312064
2026-01-12,DASH,5.0,-1.3711242401130885,-1,-0.015354169282288496
2026-01-12,DEXE,9.0,0.2056919528735311,0,0.009351074034336118
2026-01-12,DOGE,8.0,-0.31038569996751836,-1,-0.03443987884517909
2026-01-12,DOT,4.0,-0.00741675740126283,0,0.0
2026-01-12,ENA,,-0.0745960382081064,0,0.0
2026-01-12,ETC,3.0,-5.90398974096365e-05,0,0.0
2026-01-12,ETH,8.0,-0.0014168047652212724,0,0.0
2026-01-12,FET,4.0,-0.035229380409069255,0,0.0
2026-01-12,FIL,3.0,0.31591630445236724,1,0.050338494912623793
2026-01-12,HBAR,9.0,-0.1308442900866311,0,-0.017117681058105634
2026-01-12,ICP,3.0,0.34047881558183807,1,0.022501019461779896
2026-01-12,JST,7.0,0.23521314131899745,1,0.049012394531225335
2026-01-12,JUP,2.0,0.263625379715629,1,0.05800687368065527
2026-01-12,LINK,7.0,0.027551778976707995,0,0.0
2026-01-12,LTC,4.0,-0.29702882882272263,-1,-0.05180057819371658
2026-01-12,LUNC,7.0,0.2738404984508533,1,0.031871560005988855
2026-01-12,MORPHO,1.0,0.5026923391627433,1,0.04152248373260917
2026-01-12,NEAR,4.0,0.03738039129751872,0,0.002268291434854135
2026-01-12,NEXO,0.0,0.21984230658089682,0,0.014205465951175847
2026-01-12,ONDO,5.0,-0.1695434387108448,0,0.0
2026-01-12,PENGU,0.0,-0.026334660137565215,0,0.0
2026-01-12,PEPE,7.0,-0.5189163755169263,-1,-0.011259645838633914
2026-01-12,POL,,-0.19606726859386936,-1,-0.014217367995425795
2026-01-12,PUMP,2.0,0.25960496392945204,1,0.01789424583306608
2026-01-12,QNT,5.0,0.22199024110414856,0,0.0
2026-01-12,RENDER,4.0,-0.10724466227250827,0,-0.005232535377269285
2026-01-12,SHIB,9.0,-0.19085039462610714,-1,-0.031781353185441154
2026-01-12,SKY,,0.36800764796645663,1,0.03763708886277495
2026-01-12,SOL,8.0,-0.07437304606193534,0,0.0
2026-01-12,STX,4.0,-0.017445462035726743,0,-0.007937268815570116
2026-01-12,SUI,0.0,0.12097707210874808,0,0.008674197440128411
2026-01-12,TAO,9.0,-0.11319995598398816,0,-0.0016056044606444202
2026-01-12,TON,5.0,-0.10272559510994048,0,0.001661322240146164
2026-01-12,TRUMP,3.0,0.08860526499026673,0,0.010126900049624733
2026-01-12,TRX,2.0,0.3352348632798721,1,0.049012394531225335
2026-01-12,UNI,1.0,-0.23549869501197904,-1,-0.07607970365616068
2026-01-12,VET,4.0,-0.04788153584124746,0,0.0
2026-01-12,VIRTUAL,9.0,0.29940004028388645,1,0.01642872287759039
2026-01-12,WLD,9.0,-0.08022461411131329,0,0.0
2026-01-12,WLFI,,0.01193112454191218,0,0.0
2026-01-12,XLM,6.0,-0.0665875242064956,0,0.0034098873307641265
2026-01-12,XRP,8.0,-0.40318711036855903,-1,-0.0615521646854679
2026-01-12,ZEC,5.0,-0.16853566423645336,0,0.0
2026-01-19,AAVE,,-0.01960185946007604,0,0.0
2026-01-19,ADA,0.0,-0.15755954684848655,0,-0.0011394786327160109
2026-01-19,ALGO,1.0,0.07473893422373341,0,0.0
2026-01-19,APT,1.0,0.14771492953130583,0,4.089488027541515e-05
2026-01-19,ARB,2.0,0.16011178819025565,0,4.289599339851128e-05
2026-01-19,ASTER,3.0,0.0738274328641581,0,-0.00018254341764963565
2026-01-19,ATOM,1.0,0.10177277149543186,0,0.00016242855597843175
2026-01-19,AVAX,2.0,-0.05802547807062674,0,0.0
2026-01-19,BCH,4.0,-0.12144556910145184,0,-0.0007271648070592066
2026-01-19,BFUSD,,0.3412598175060733,1,0.07760082611104996
2026-01-19,BNB,5.0,-0.24417100742816786,-1,-0.07806780590800218
2026-01-19,BONK,6.0,-0.24610902951103056,-1,-0.01341476667299258
2026-01-19,BTC,5.0,-0.4597818821758234,-1,-0.07880460250245404
2026-01-19,CAKE,7.0,0.22563565609321093,1,0.04559521915124768
2026-01-19,CHZ,7.0,0.26976353402165454,1,0.021540687653868018
2026-01-19,DASH,3.0,-0.9896835945050865,-1,-0.0066296980312311685
2026-01-19,DEXE,8.0,0.2226372666533933,1,0.04239286488299516
2026-01-19,DOGE,6.0,-0.23440259791075851,-1,-0.02918706950058135
2026-01-19,DOT,7.0,0.00927256964842327,0,0.0
2026-01-19,ENA,,0.027956394457506424,0,0.0
2026-01-19,ETC,7.0,-0.009064501374095028,0,0.0
2026-01-19,ETH,5.0,-0.24125564113221953,-1,-0.04220381569227787
2026-01-19,FET,7.0,0.033200221259319644,0,0.0
2026-01-19,FIL,7.0,0.181883932281168,0,0.0010480603026664093
2026-01-19,HBAR,9.0,-0.04608789504257802,0,-0.00035639448541013516
2026-01-19,ICP,7.0,0.11127236251031,0,0.0004684769639686191
2026-01-19,JST,0.0,0.443191521591174,1,0.07320420751571668
2026-01-19,JUP,9.0,0.22156704602744481,1,0.047814967044494824
2026-01-19,LINK,9.0,-0.07188710098036884,0,0.0
2026-01-19,LTC,7.0,-0.23598846444141497,-1,-0.07103496096780408
2026-01-19,LUNC,9.0,0.3225927598976935,1,0.04343507409457968
2026-01-19,MORPHO,9.0,0.09385085894043547,0,0.0008645087014182082
2026-01-19,NEAR,7.0,0.08251481427291658,0,4.7226406190239035e-05
2026-01-19,NEXO,0.0,0.0009063136649837479,0,0.0002957614241377148
2026-01-19,ONDO,2.0,-0.002171666559094664,0,0.0
2026-01-19,PENGU,6.0,0.12387850364379889,0,0.0
2026-01-19,PEPE,9.0,-0.44636787173988957,-1,-0.00955945577805053
2026-01-19,POL,,-0.1826328971495529,-1,-0.016792003062013297
2026-01-19,PUMP,0.0,0.5449577165732407,1,0.030368433793344578
2026-01-19,QNT,3.0,0.16397719179157885,0,0.0
2026-01-19,RENDER,1.0,-0.008195166082418267,0,-0.00010894272108716296
2026-01-19,SHIB,6.0,-0.09858732223939713,0,-0.0006616958789987248
2026-01-19,SKY,,0.3817613522071686,1,0.06677395508770208
2026-01-19,SOL,5.0,-0.17581213774829021,0,0.0
2026-01-19,STX,1.0,-0.011805135127895511,0,-0.0001652559611015486
2026-01-19,SUI,6.0,0.09866119655910027,0,0.0001805990030148731
2026-01-19,TAO,6.0,-0.005584816742369643,0,-3.342909437213876e-05
2026-01-19,TON,2.0,-0.013540853588010708,0,3.458915275191075e-05
2026-01-19,TRUMP,1.0,0.18272411970064087,0,0.00021084464184924386
2026-01-19,TRX,7.0,-0.18051157515445135,-1,-0.07021663532434597
2026-01-19,U,,0.4331224099685808,1,0.03980698542012306
2026-01-19,UNI,9.0,-1.1146411508400509,-1,-0.08163141686672497
2026-01-19,VET,7.0,-0.005579563193393363,0,0.0
2026-01-19,VIRTUAL,6.0,0.3045693575243354,1,0.017804476373431855
2026-01-19,WLD,2.0,0.01571638964508296,0,0.0
2026-01-19,WLFI,,0.1415320087747306,0,0.0
2026-01-19,XLM,8.0,0.01189186548351653,0,7.099472390150428e-05
2026-01-19,XRP,6.0,-0.3757590331197897,-1,-0.047606674953174714
2026-01-19,ZEC,3.0,0.20779032026443117,1,0.038718832379942766
2026-01-26,AAVE,,-0.09355001054668947,0,0.0
2026-01-26,ADA,0.0,-0.09991845602742977,0,0.0
2026-01-26,ALGO,0.0,-0.03428184894801714,0,0.0
2026-01-26,APT,1.0,0.015366546207686124,0,0.0
2026-01-26,ARB,2.0,0.03129246553087386,0,0.0
2026-01-26,ASTER,3.0,0.002940098633918309,0,0.0
2026-01-26,ATOM,1.0,0.02708734161307807,0,0.0
2026-01-26,AVAX,4.0,-0.08115028932199492,0,0.0
2026-01-26,BCH,0.0,-0.11304728976274822,0,0.0
2026-01-26,BFUSD,,0.4548012010284689,1,0.04817403624026009
2026-01-26,BNB,0.0,-0.16754774426796257,-1,-0.03411912225925542
2026-01-26,BONK,5.0,0.03381079637890743,0,0.0
2026-01-26,BTC,2.0,-0.3546386109387233,-1,-0.0383460444972833
2026-01-26,CAKE,6.0,0.1255740974281258,0,0.0
2026-01-26,CHZ,6.0,0.0855629950971066,0,0.0
2026-01-26,DASH,3.0,-1.768065809105837,-1,-0.0036806754303368317
2026-01-26,DEXE,2.0,0.18796575594247544,1,0.023620916929508056
2026-01-26,DOGE,6.0,-0.20414807985950123,-1,-0.04921399568504654
2026-01-26,DOT,4.0,0.02497439085413671,0,0.0
2026-01-26,ENA,,0.11585526865799377,0,0.0
2026-01-26,ETC,6.0,-0.028367884606865113,0,0.0
2026-01-26,ETH,2.0,-0.20052281506776384,-1,-0.021492449661176218
2026-01-26,FET,1.0,0.029626653141763524,0,0.0
2026-01-26,FIL,8.0,0.16631966597813247,1,0.02915753569697181
2026-01-26,HBAR,8.0,-0.10898632205325198,0,0.0
2026-01-26,ICP,8.0,-0.0932917440484429,0,0.0
2026-01-26,JST,0.0,0.15161073855406454,0,0.0
2026-01-26,JUP,8.0,0.18986866061826607,1,0.04817403624026009
2026-01-26,LINK,0.0,-0.0531904472177607,0,0.0
2026-01-26,LTC,4.0,-0.30807729019586266,-1,-0.04921399568504654
2026-01-26,LUNC,8.0,0.507005888649347,1,0.04817403624026009
2026-01-26,MORPHO,3.0,0.03181603085475116,0,0.0
2026-01-26,NEAR,4.0,0.026857410381311734,0,0.0
2026-01-26,NEXO,0.0,0.019869689952625502,0,0.0
2026-01-26,ONDO,4.0,-0.2708067644789835,-1,-0.04921399568504654
2026-01-26,PENGU,5.0,0.2760409929701453,1,0.04115329186863476
2026-01-26,PEPE,8.0,0.439337536319663,1,0.043091494803248254
2026-01-26,POL,,-0.38287365278841234,-1,-0.009953724641286691
2026-01-26,PUMP,0.0,0.9085168485991428,1,0.044405296339159676
2026-01-26,QNT,3.0,0.07064718069088521,0,0.0
2026-01-26,RENDER,1.0,0.03795106295286427,0,0.0
2026-01-26,RLUSD,,0.07621028479013824,0,0.0
2026-01-26,SHIB,5.0,-0.10581017172437909,0,0.0
2026-01-26,SKY,,0.11569585095200124,0,0.0
2026-01-26,SOL,6.0,-0.13239223694944827,-1,-0.02596611802817122
2026-01-26,STX,5.0,0.20698888143893518,1,0.022329547364909868
2026-01-26,SUI,5.0,0.06357630851650856,0,0.0
2026-01-26,TAO,5.0,0.06736357625488373,0,0.0
2026-01-26,TON,4.0,-0.22914473243771027,-1,-0.04921399568504654
2026-01-26,TRUMP,1.0,0.1432317868402661,0,0.0
2026-01-26,TRX,8.0,-0.09923292326283693,0,0.0
2026-01-26,U,,0.29030294931488515,1,0.039018232117794566
2026-01-26,UNI,3.0,-0.1667461501754494,-1,-0.04899007857207692
2026-01-26,VET,8.0,-0.05040067259444743,0,0.0
2026-01-26,VIRTUAL,5.0,0.2524885832480711,1,0.01492218139261826
2026-01-26,WLD,2.0,-0.04674642094586726,0,0.0
2026-01-26,WLFI,,0.1544976733896014,1,0.022779394766374535
2026-01-26,XLM,2.0,-0.018156768571350585,0,0.0
2026-01-26,XRP,6.0,-0.22267432406257603,-1,-0.0455958041702272
2026-01-26,ZEC,3.0,0.10271424817928687,0,0.0
2026-02-02,AAVE,,-0.1261131859214431,-1,-0.03749146251683235
2026-02-02,ADA,0.0,-0.0174905883808036,0,0.0
2026-02-02,ALGO,1.0,0.12595382527402643,0,0.0
2026-02-02,APT,2.0,-0.036330043144254906,0,0.0
2026-02-02,ARB,5.0,-0.053045627060094754,0,0.0
2026-02-02,ASTER,4.0,0.07831318248979605,0,0.0
2026-02-02,ATOM,4.0,0.21555368985480144,1,0.033636155713938486
2026-02-02,AVAX,5.0,-0.1162786689836892,0,0.0
2026-02-02,BCH,4.0,0.005603314327725288,0,0.0
2026-02-02,BFUSD,,0.23247901552364264,1,0.046197425760779724
2026-02-02,BNB,0.0,-0.21626781572339548,-1,-0.0324531528732419
2026-02-02,BONK,7.0,0.07337351970091996,0,0.0
2026-02-02,BTC,6.0,-0.3591556163250083,-1,-0.04291008468205386
2026-02-02,CAKE,8.0,0.06346625526792907,0,0.0
2026-02-02,CHZ,8.0,-0.15078329438667282,-1,-0.015349710959738144
2026-02-02,DASH,2.0,-2.076328327074325,-1,-0.00397471346105248
2026-02-02,DEXE,8.0,0.13234584718801837,0,0.0
2026-02-02,DOGE,5.0,-0.17469417643612656,-1,-0.053276196113223206
2026-02-02,DOT,2.0,-0.05477306650565396,0,0.0
2026-02-02,ENA,,0.11569184780705963,0,0.0
2026-02-02,ETC,8.0,-0.029918383229960287,0,0.0
2026-02-02,ETH,6.0,-0.22690827353080162,-1,-0.025145120719509185
2026-02-02,FET,2.0,-0.0952437761061707,0,0.0
2026-02-02,FIL,3.0,0.08061083423555103,0,0.0
2026-02-02,HBAR,1.0,0.1033649672178982,0,0.0
2026-02-02,ICP,3.0,-0.1846292125341328,-1,-0.013558806418762582
2026-02-02,JST,0.0,0.17136200785928918,0,0.0
2026-02-02,JUP,3.0,0.13777328868509367,0,0.0
2026-02-02,LINK,5.0,-0.06745350024248502,0,0.0
2026-02-02,LTC,4.0,-0.21058790758793966,-1,-0.053276196113223206
2026-02-02,LUNC,0.0,0.28394264471146524,1,0.046197425760779724
2026-02-02,MORPHO,3.0,0.3701510022449335,1,0.03062498280693036
2026-02-02,NEAR,2.0,-0.02760104504435223,0,0.0
2026-02-02,NEXO,0.0,0.20923442467434564,1,0.0372816128004815
2026-02-02,ONDO,5.0,0.006238646216670739,0,0.0
2026-02-02,PENGU,7.0,-0.11380617962916602,0,0.0
2026-02-02,PEPE,5.0,0.093771231213716,0,0.0
2026-02-02,POL,,0.16423540537738235,0,0.0
2026-02-02,PUMP,0.0,0.44742062925153564,1,0.01983825736094791
2026-02-02,QNT,1.0,0.016773906537390783,0,0.0
2026-02-02,RENDER,7.0,0.32138348247886944,1,0.0399348321377081
2026-02-02,RLUSD,,0.06921187095485518,0,0.0
2026-02-02,SHIB,7.0,-0.06240294928217514,0,0.0
2026-02-02,SKY,,0.19478896829965098,1,0.03436533116761991
2026-02-02,SOL,8.0,-0.18428963213282945,-1,-0.041012163915916666
2026-02-02,STX,4.0,0.2850179385051864,1,0.0235450416164401
2026-02-02,SUI,7.0,0.05445696181488152,0,0.0
2026-02-02,TAO,7.0,-0.15091813132289622,-1,-0.053276196113223206
2026-02-02,TON,5.0,0.048789267078377774,0,0.0
2026-02-02,TRUMP,2.0,0.12659146535165627,0,0.0
2026-02-02,TRX,3.0,-0.027666540142791327,0,0.0
2026-02-02,U,,0.3020321718238991,1,0.03703613066151391
2026-02-02,UNI,5.0,-0.12345733206151938,0,0.0
2026-02-02,VET,1.0,0.08641782124448376,0,0.0
2026-02-02,VIRTUAL,4.0,0.3878547584649167,1,0.036211978213000616
2026-02-02,WLD,5.0,0.1780405564647664,1,0.0401308259998597
2026-02-02,WLFI,,0.010600151977487243,0,0.0
2026-02-02,XLM,0.0,0.04828075376169143,0,0.0
2026-02-02,XRP,8.0,-0.2886596111890693,-1,-0.053276196113223206
2026-02-02,ZEC,2.0,-0.06632276990215336,0,0.0
2026-02-09,AAVE,,-0.5068340024589529,-1,-0.03331753914528058
2026-02-09,ADA,0.0,-0.06758405714959137,0,0.0
2026-02-09,ALGO,1.0,0.310448218975439,1,0.034871517713721774
2026-02-09,APT,2.0,-0.20057614808003177,-1,-0.05604000531453533
2026-02-09,ARB,3.0,0.11366643389432153,0,0.0
2026-02-09,ASTER,1.0,-0.590742787364873,-1,-0.019808038614360837
2026-02-09,ATOM,1.0,-0.1320433710235228,0,0.006616554196972435
2026-02-09,AVAX,2.0,0.05488713519909906,0,0.0
2026-02-09,BCH,5.0,0.08967796443509729,0,0.0
2026-02-09,BFUSD,,0.2745128860410843,1,0.04395899411579301
2026-02-09,BNB,7.0,0.006868827412100615,0,-0.006383846200338987
2026-02-09,BONK,1.0,0.025563705234206046,0,0.0
2026-02-09,BTC,3.0,-0.09961632890931225,0,-0.00844082490609454
2026-02-09,CAKE,6.0,0.3135279050083936,1,0.030610492863054495
2026-02-09,CHZ,6.0,0.4019245123484595,1,0.027720862284020258
2026-02-09,DASH,2.0,0.29201914612983604,1,0.013141839395893364
2026-02-09,DEXE,6.0,-0.45702521602784046,-1,-0.022097962581357253
2026-02-09,DOGE,6.0,-0.12047092739548082,0,-0.010479938373147646
2026-02-09,DOT,2.0,0.040443422933482374,0,0.0
2026-02-09,ENA,,0.13604383502917516,0,0.0
2026-02-09,ETC,6.0,0.0953503961821937,0,0.0
2026-02-09,ETH,3.0,0.07843967066103219,0,-0.004946286235709845
2026-02-09,FET,1.0,-0.19732964154935598,-1,-0.03072364664062471
2026-02-09,FIL,9.0,0.1122007295225107,0,0.0
2026-02-09,HBAR,4.0,-0.17436200326484355,0,0.0
2026-02-09,ICP,9.0,0.3235893031368726,1,0.017780407294882866
2026-02-09,JST,8.0,-0.057860282120863256,0,0.0
2026-02-09,JUP,9.0,0.3539253961685246,1,0.02993057784447141
2026-02-09,LINK,2.0,0.05597124748722684,0,0.0
2026-02-09,LTC,2.0,0.05615028728124232,0,-0.010479938373147646
2026-02-09,LUNC,8.0,0.4782574409984194,1,0.04395899411579301
2026-02-09,MORPHO,9.0,-0.1942548930809917,-1,-0.021308348627656754
2026-02-09,NEAR,2.0,0.049768075681829484,0,0.0
2026-02-09,NEXO,0.0,0.21061675875586003,1,0.03265401916633064
2026-02-09,ONDO,5.0,-0.026111322631912435,0,0.0
2026-02-09,PENGU,5.0,-0.20066990621747652,-1,-0.026404955053001715
2026-02-09,PEPE,2.0,-0.46030638977135935,-1,-0.022539883141104933
2026-02-09,POL,,-0.3160422492752363,-1,-0.025333229002268618
2026-02-09,PUMP,0.0,0.17952463011891412,1,0.019970218631735263
2026-02-09,QNT,4.0,0.12140644089187749,0,0.0
2026-02-09,RENDER,5.0,-0.0597062610882481,0,0.007855564215878796
2026-02-09,RLUSD,,0.07912080498027922,0,0.0
2026-02-09,SHIB,5.0,-0.0655873230752718,0,0.0
2026-02-09,SKY,,-0.12512710784064157,0,0.006759989997110135
2026-02-09,SOL,6.0,-0.05765743007484193,0,-0.008067485701772133
2026-02-09,STX,1.0,-0.04078075227103934,0,0.004631535341019687
2026-02-09,SUI,5.0,0.014872630899649596,0,0.0
2026-02-09,TAO,5.0,-0.6176336121486385,-1,-0.03378787023847843
2026-02-09,TON,5.0,0.07708913698630666,0,0.0
2026-02-09,TRUMP,5.0,0.10593863406066326,0,0.0
2026-02-09,TRX,9.0,0.2654420663306475,1,0.034871517713721774
2026-02-09,U,,1.1891792336113962,1,0.042156879568153685
2026-02-09,UNI,9.0,0.09686182638252624,0,0.0
2026-02-09,VET,4.0,-0.007332909479115001,0,0.0
2026-02-09,VIRTUAL,1.0,-0.13431126744916702,0,0.0071232431691537305
2026-02-09,WLD,5.0,0.13231353391261327,0,0.007894118086964087
2026-02-09,WLFI,,-0.0062546038001691584,0,0.0
2026-02-09,XLM,0.0,0.008645512643993342,0,0.0
2026-02-09,XRP,6.0,-0.20118205230325162,-1,-0.05600416689982997
2026-02-09,ZEC,3.0,-1.0268449034832468,-1,-0.01634336066596034
2026-02-16,AAVE,,-0.5071933037865215,-1,-0.03328396975663744
2026-02-16,ADA,0.0,-0.05798925893462858,0,0.0
2026-02-16,ALGO,1.0,0.10468596757333341,0,0.0
2026-02-16,APT,2.0,-0.04300247910580005,0,0.0
2026-02-16,ARB,3.0,-0.11241731738910281,0,0.0
2026-02-16,ASTER,4.0,-0.43751169177844373,-1,-0.026981828169527662
2026-02-16,ATOM,5.0,-0.013515301740161644,0,0.0
2026-02-16,AVAX,2.0,0.0707980002610841,0,0.0
2026-02-16,BCH,6.0,0.22107052035779728,1,0.03184170353571208
2026-02-16,BFUSD,,0.12103112305691342,0,0.0
2026-02-16,BNB,3.0,-0.057915149717870984,0,0.0
2026-02-16,BONK,0.0,0.06755452134804477,0,0.0
2026-02-16,BTC,3.0,-0.07194524556011694,0,0.0
2026-02-16,CAKE,3.0,0.2149917667260157,1,0.028111487785703233
2026-02-16,CHZ,3.0,0.0029195030316583855,0,0.0
2026-02-16,DASH,8.0,-0.06746571369033749,0,0.0
2026-02-16,DEXE,9.0,-0.31022945011663183,-1,-0.023744240122672053
2026-02-16,DOGE,0.0,-0.13475900775338376,-1,-0.04910342730265189
2026-02-16,DOT,2.0,0.05431166718323041,0,0.0
2026-02-16,ENA,,-0.04692738292958522,0,0.0
2026-02-16,ETC,7.0,0.10740057854422173,0,0.0
2026-02-16,ETH,3.0,-0.07698008658508101,0,0.0
2026-02-16,FET,5.0,-0.1783846596495179,-1,-0.0396105961137968
2026-02-16,FIL,9.0,0.1313537576463093,0,0.0
2026-02-16,HBAR,1.0,-0.1206204440573048,0,0.0
2026-02-16,ICP,0.0,0.1010983238982582,0,0.0
2026-02-16,JST,6.0,0.44786308501638594,1,0.04272833054770792
2026-02-16,JUP,9.0,0.19322204144974908,1,0.04180933656064856
2026-02-16,LINK,0.0,0.07276642193635804,0,0.0
2026-02-16,LTC,5.0,0.10298812878825161,0,0.0
2026-02-16,LUNC,6.0,0.6841913481853078,1,0.04272833054770792
2026-02-16,MORPHO,9.0,0.09633483997665722,0,0.0
2026-02-16,NEAR,2.0,0.05389827681873394,0,0.0
2026-02-16,NEXO,7.0,0.29694967488280644,1,0.030287251496859978
2026-02-16,ONDO,4.0,0.03884276634027363,0,0.0
2026-02-16,PENGU,0.0,-0.08901211244052451,0,0.0
2026-02-16,PEPE,1.0,-0.32410910953366767,-1,-0.029610764237392073
2026-02-16,POL,,-0.21508622983263231,-1,-0.03471384699678463
2026-02-16,PUMP,7.0,0.07109468033514334,0,0.0
2026-02-16,QNT,1.0,-0.09930580908851122,0,0.0
2026-02-16,RENDER,5.0,0.045582076580960605,0,0.0
2026-02-16,RLUSD,,0.4177550830195612,1,0.04272833054770792
2026-02-16,SHIB,0.0,-0.05772229950520488,0,0.0
2026-02-16,SKY,,-0.2361775131501305,-1,-0.05868325009994937
2026-02-16,SOL,3.0,-0.05525578491361419,0,0.0
2026-02-16,STX,5.0,0.02206009895654246,0,0.0
2026-02-16,SUI,0.0,0.0647951286968616,0,0.0
2026-02-16,TAO,0.0,-0.5087464733034986,-1,-0.03005712996872633
2026-02-16,TON,4.0,-0.04606038605136445,0,0.0
2026-02-16,TRUMP,7.0,0.22033076816080366,1,0.021582994746684122
2026-02-16,TRX,9.0,0.36612095852991017,1,0.04272833054770792
2026-02-16,U,,0.8840394641498228,1,0.04272833054770792
2026-02-16,UNI,9.0,0.14543763929295925,1,0.02501766221748271
2026-02-16,VET,1.0,-0.124074262721532,0,0.0
2026-02-16,VIRTUAL,5.0,0.06017595521756625,0,0.0
2026-02-16,WLD,4.0,0.22585115540324405,1,0.03270791091836973
2026-02-16,WLFI,,-0.3872440327620979,-1,-0.024518397402888206
2026-02-16,XLM,7.0,-0.10071131680603683,0,0.0
2026-02-16,XRP,7.0,-0.20173064309871439,-1,-0.05558234513304202
2026-02-16,ZEC,8.0,-1.025422855362743,-1,-0.019110204695931485
2026-02-23,AAVE,,-0.4532948045290273,-1,-0.04434917105226438
2026-02-23,ADA,8.0,0.11030695257045822,0,0.0
2026-02-23,ALGO,1.0,0.21834682577899495,0,0.0
2026-02-23,APT,8.0,-0.22408616241338475,-1,-0.034277580164172365
2026-02-23,ARB,9.0,-0.1641371147278514,0,0.0
2026-02-23,ASTER,4.0,-0.230918721358602,-1,-0.03835083683027881
2026-02-23,ATOM,5.0,-0.40146429202239264,-1,-0.029295443692605793
2026-02-23,AVAX,8.0,0.24330535350107152,1,0.03426056552740842
2026-02-23,BCH,3.0,-0.4058165805754031,-1,-0.026491593694601946
2026-02-23,BFUSD,,0.33829251800907156,1,0.03556706246047459
2026-02-23,BNB,6.0,-0.048936012165132756,0,0.0
2026-02-23,BONK,5.0,0.08290418288405801,0,0.0
2026-02-23,BTC,9.0,-0.10753044607366088,0,0.0
2026-02-23,CAKE,6.0,0.3895059549712022,1,0.03833796336006739
2026-02-23,CHZ,5.0,0.11235999714944367,0,0.0
2026-02-23,DASH,9.0,0.044114057734935964,0,0.0
2026-02-23,DEXE,2.0,-0.650196701726884,-1,-0.023441742646075233
2026-02-23,DOGE,5.0,-0.15467413322428228,0,-0.004840040197203813
2026-02-23,DOT,8.0,-0.3037398394919633,-1,-0.03341095281515196
2026-02-23,ENA,,0.04489815871804927,0,0.0
2026-02-23,ETC,9.0,0.2336956310524196,0,0.0
2026-02-23,ETH,9.0,0.1373248525137803,0,0.0
2026-02-23,FET,5.0,-0.12777872118265937,0,-0.0039043481882501466
2026-02-23,FIL,7.0,0.3686432361155001,1,0.02815834581132153
2026-02-23,HBAR,3.0,0.04330744043295644,0,0.0
2026-02-23,ICP,7.0,-0.018771686827801188,0,0.0
2026-02-23,JST,2.0,0.303986356771354,1,0.034193581117016356
2026-02-23,JUP,7.0,0.11060351771451266,0,0.004121074244465894
2026-02-23,LINK,8.0,0.34789641591272985,1,0.03556706246047459
2026-02-23,LTC,8.0,0.22718674700947547,0,0.0
2026-02-23,LUNC,3.0,-0.0011430680160429648,0,0.004211657897841871
2026-02-23,MORPHO,2.0,0.4364592670242124,1,0.025635507042541476
2026-02-23,NEAR,8.0,-0.077423905732969,0,0.0
2026-02-23,NEXO,9.0,0.31914363269860224,1,0.03855242463904714
2026-02-23,ONDO,4.0,0.03981750289893992,0,0.0
2026-02-23,PENGU,4.0,0.042969555414921985,0,0.0
2026-02-23,PEPE,3.0,-0.5642727722602607,-1,-0.030270133885798724
2026-02-23,POL,,-0.15531505567303705,0,-0.003421684067558897
2026-02-23,PUMP,8.0,1.481981309299149e-05,0,0.0
2026-02-23,QNT,3.0,-0.1570653498022411,0,0.0
2026-02-23,RENDER,5.0,0.11089931893244655,0,0.0
2026-02-23,RLUSD,,0.23932486840246187,0,0.004211657897841871
2026-02-23,SHIB,5.0,-0.2805625341277801,-1,-0.04989078407831676
2026-02-23,SKY,,-0.02691285735782128,0,-0.005784306819067601
2026-02-23,SOL,9.0,0.008428639075293242,0,0.0
2026-02-23,STX,1.0,0.2780566144904409,1,0.02885569659464865
2026-02-23,SUI,5.0,0.19211112704582217,0,0.0
2026-02-23,TAO,4.0,-0.36184464236353947,-1,-0.03675345212692586
2026-02-23,TON,3.0,-0.2097922170471922,0,0.0
2026-02-23,TRUMP,8.0,0.2065958343837983,0,0.002127398592895128
2026-02-23,TRX,7.0,0.08546020913939248,0,0.004211657897841871
2026-02-23,U,,0.5668009535615784,1,0.03977872035831646
2026-02-23,UNI,2.0,0.2136544599479964,0,0.002465947845684161
2026-02-23,VET,3.0,-0.046884142136233514,0,0.0
2026-02-23,VIRTUAL,4.0,0.46264071166405313,1,0.02281406954913269
2026-02-23,WLD,4.0,0.3594240052000284,1,0.03879102486610735
2026-02-23,WLFI,,-0.3545917604234608,-1,-0.03164866912638585
2026-02-23,XLM,5.0,-0.019896932808519053,0,0.0
2026-02-23,XRP,9.0,-0.19924509363540238,0,-0.005478655961032079
2026-02-23,ZEC,0.0,-1.1721841708295482,-1,-0.020252022817437276
2026-03-02,AAVE,,-0.5559289363175086,-1,-0.04259802575347269
2026-03-02,ADA,0.0,-0.1837140708711141,0,0.0
2026-03-02,ALGO,1.0,0.15653686367369532,0,0.0
2026-03-02,APT,2.0,-0.23667554709124147,-1,-0.03618913221896314
2026-03-02,ARB,3.0,-0.17560092860837348,0,0.0
2026-03-02,ASTER,0.0,-0.30146940191078475,-1,-0.038184941476672
2026-03-02,ATOM,1.0,-0.5205788986108001,-1,-0.028852506436628567
2026-03-02,AVAX,2.0,0.21452382186564758,0,0.0
2026-03-02,BCH,5.0,-0.44586587235325426,-1,-0.02939943727577529
2026-03-02,BFUSD,,0.45085847502940635,1,0.037326925275077166
2026-03-02,BNB,4.0,0.08145732440710361,0,0.0
2026-03-02,BONK,1.0,0.09083100149462048,0,0.0
2026-03-02,BTC,6.0,-0.03584947173024548,0,0.0
2026-03-02,CAKE,4.0,0.4742901191201468,1,0.037326925275077166
2026-03-02,CHZ,1.0,-0.116485010789149,0,0.0
2026-03-02,DASH,3.0,0.18473000930894004,0,0.0
2026-03-02,DEXE,2.0,0.3565570823329569,1,0.02352030417264081
2026-03-02,DOGE,1.0,-0.15133387674245102,0,0.0
2026-03-02,DOT,0.0,-0.3579741731003587,-1,-0.03774149944110277
2026-03-02,ENA,,0.0014900294617670603,0,0.0
2026-03-02,ETC,4.0,0.013802976843743674,0,0.0
2026-03-02,ETH,6.0,0.1696009781677441,0,0.0
2026-03-02,FET,8.0,-0.16062190520548114,0,0.0
2026-03-02,FIL,3.0,0.35540313873590323,1,0.037326925275077166
2026-03-02,HBAR,0.0,-0.08415742079084097,0,0.0
2026-03-02,ICP,3.0,0.043720250997591345,0,0.0
2026-03-02,JST,5.0,0.15382388832426327,0,0.0
2026-03-02,JUP,6.0,0.04540611015448115,0,0.0
2026-03-02,LINK,3.0,0.04268949538572808,0,0.0
2026-03-02,LTC,2.0,0.2082798059107377,0,0.0
2026-03-02,LUNC,0.0,-0.19216326495638503,-1,-0.036208041268991
2026-03-02,MORPHO,8.0,0.23903959449629855,1,0.030614974308945782
2026-03-02,NEAR,2.0,0.18951664941480925,0,0.0
2026-03-02,NEXO,4.0,0.41893672987662306,1,0.037326925275077166
2026-03-02,ONDO,2.0,0.018827842807353383,0,0.0
2026-03-02,PENGU,8.0,0.15919409439095705,0,0.0
2026-03-02,PEPE,0.0,-0.7039985951915023,-1,-0.026996945470663617
2026-03-02,POL,,-0.39645384349116647,-1,-0.040007918966024125
2026-03-02,PUMP,6.0,0.06105413575245685,0,0.0
2026-03-02,QNT,3.0,-0.1123415850998847,0,0.0
2026-03-02,RENDER,1.0,0.2997465916071638,1,0.037326925275077166
2026-03-02,RLUSD,,0.5551599638190411,1,0.037326925275077166
2026-03-02,SHIB,0.0,-0.30808842766856454,-1,-0.05106206908858716
2026-03-02,SKY,,0.2684189506139375,1,0.03492239404271878
2026-03-02,SOL,4.0,0.07235235675421009,0,0.0
2026-03-02,STX,1.0,0.37036222802120006,1,0.037326925275077166
2026-03-02,SUI,1.0,0.34558820174287497,1,0.037326925275077166
2026-03-02,TAO,8.0,-0.1545927898009956,0,0.0
2026-03-02,TON,0.0,-0.1835776798203779,0,0.0
2026-03-02,TRUMP,8.0,-0.0037427908361829508,0,0.0
2026-03-02,TRX,4.0,0.13775737331067694,0,0.0
2026-03-02,U,,0.736912236716587,1,0.037326925275077166
2026-03-02,UNI,8.0,0.1828915142156399,0,0.0
2026-03-02,VET,0.0,-0.06990221892880064,0,0.0
2026-03-02,VIRTUAL,8.0,0.13851114420157198,0,0.0
2026-03-02,WLD,0.0,0.12511506309107664,0,0.0
2026-03-02,WLFI,,-0.4921240333923228,-1,-0.03773158055526528
2026-03-02,XLM,8.0,-0.048835951591594,0,0.0
2026-03-02,XRP,1.0,-0.09628692042794022,0,0.0
2026-03-02,ZEC,3.0,-1.275022426719632,-1,-0.020027902047854425
2026-03-09,AAVE,,-0.12535325805314967,0,-0.0027123961084114107
2026-03-09,ADA,0.0,-0.10756081160093023,0,0.0
2026-03-09,ALGO,1.0,-0.15205192758749586,0,0.0
2026-03-09,APT,2.0,-0.11280282749367268,0,-0.0023043148047653256
2026-03-09,ARB,2.0,-0.16716119950932423,0,0.0
2026-03-09,ASTER,2.0,0.38172814909170527,1,0.035681927586402894
2026-03-09,ATOM,1.0,-0.20748064796937565,-1,-0.03761886098773853
2026-03-09,AVAX,2.0,0.06084132480814747,0,0.0
2026-03-09,BCH,3.0,-0.3390372685168279,-1,-0.03576943738183864
2026-03-09,BFUSD,,0.05280053286131487,0,0.0023767628913372585
2026-03-09,BNB,0.0,0.08266564072828304,0,0.0
2026-03-09,BONK,1.0,0.17459635393513467,0,0.0
2026-03-09,BTC,6.0,-0.1771228946025908,0,0.0
2026-03-09,CAKE,0.0,0.17531152548123852,0,0.0023767628913372585
2026-03-09,CHZ,1.0,-0.1364686704710855,0,0.0
2026-03-09,DASH,6.0,0.10200617208937635,0,0.0
2026-03-09,DEXE,7.0,0.7290334894726737,1,0.019863074010514677
2026-03-09,DOGE,1.0,-0.04995096059154593,0,0.0
2026-03-09,DOT,4.0,-0.33581964552797605,-1,-0.04609639974502508
2026-03-09,ENA,,-0.0885075039238888,0,0.0
2026-03-09,ETC,0.0,0.12740557662673954,0,0.0
2026-03-09,ETH,6.0,0.031012576192953296,0,0.0
2026-03-09,FET,1.0,-0.9568297526827422,-1,-0.019140636897256615
2026-03-09,FIL,4.0,0.00546036947175473,0,0.0023767628913372585
2026-03-09,HBAR,4.0,0.31667694787735795,1,0.03811332399103086
2026-03-09,ICP,6.0,0.1466699835435845,0,0.0
2026-03-09,JST,7.0,0.5561682345049502,1,0.03811332399103086
2026-03-09,JUP,4.0,0.011266478804022623,0,0.0
2026-03-09,LINK,0.0,0.1616671163693701,0,0.0
2026-03-09,LTC,2.0,0.19487352697876056,1,0.03811332399103086
2026-03-09,LUNC,2.0,-0.19850376421672977,-1,-0.045759053350646554
2026-03-09,MORPHO,0.0,0.1892626859077117,0,0.001949384641797166
2026-03-09,NEAR,2.0,0.372831242196437,1,0.026437979233806766
2026-03-09,NEXO,0.0,0.4913031581708504,1,0.04049008688236812
2026-03-09,ONDO,2.0,0.16087737533093519,0,0.0
2026-03-09,PENGU,7.0,0.2786857554651412,1,0.019863141373299063
2026-03-09,PEPE,3.0,-0.023894972387370726,0,-0.0017190094737583803
2026-03-09,POL,,0.1479196608748179,0,-0.0025474730762665987
2026-03-09,PUMP,1.0,0.2822364719986797,1,0.03811332399103086
2026-03-09,QNT,6.0,0.07590857872651723,0,0.0
2026-03-09,RENDER,1.0,-0.6094539077434622,-1,-0.018470868344765475
2026-03-09,RLUSD,,0.17519007392620978,0,0.0023767628913372585
2026-03-09,SHIB,3.0,-0.22156440731298324,-1,-0.048046975042876104
2026-03-09,SKY,,0.08528273645268004,0,0.0022236562381100083
2026-03-09,SOL,0.0,-0.04269264327041656,0,0.0
2026-03-09,STX,4.0,0.2403998355647703,1,0.03792525804032199
2026-03-09,SUI,1.0,0.038906320602180994,0,0.0023767628913372585
2026-03-09,TAO,7.0,-1.2604815438416217,-1,-0.015561104842540637
2026-03-09,TON,3.0,-0.21440881957239835,-1,-0.04897874527911523
2026-03-09,TRUMP,7.0,-0.7192478006551596,-1,-0.020771516148967727
2026-03-09,TRX,0.0,0.15461206973576103,0,0.0
2026-03-09,U,,0.33736602052249914,1,0.04049008688236812
2026-03-09,UNI,7.0,0.28655367433022505,1,0.030930135394236218
2026-03-09,VET,3.0,-0.051933359608380705,0,0.0
2026-03-09,VIRTUAL,7.0,0.17851377385844414,0,0.0
2026-03-09,WLD,4.0,0.16705632628387418,0,0.0
2026-03-09,WLFI,,-0.1843831027835509,-1,-0.04380925299759856
2026-03-09,XLM,1.0,-0.12157616813541225,0,0.0
2026-03-09,XRP,1.0,-0.06027352406934041,0,0.0
2026-03-09,ZEC,6.0,-0.3085283766576756,-1,-0.03088579622246402
2026-03-16,AAVE,,-0.16556440276021042,-1,-0.0348568568201544
2026-03-16,ADA,2.0,-0.1318218802367253,0,0.0
2026-03-16,ALGO,7.0,-0.09317502675266202,0,0.0
2026-03-16,APT,2.0,0.27336004585755574,1,0.02868078963077036
2026-03-16,ARB,3.0,-0.02177332914273547,0,0.0
2026-03-16,ASTER,4.0,0.12026717050941538,0,0.0057627365597154485
2026-03-16,ATOM,7.0,-0.05016670026580065,0,-0.006075557017595205
2026-03-16,AVAX,6.0,-0.1010737092009089,0,0.0
2026-03-16,BCH,7.0,-0.1658558181369704,-1,-0.02932783099003334
2026-03-16,BFUSD,,0.18631215287341316,1,0.030487000926662837
2026-03-16,BNB,5.0,-0.16351609767247774,-1,-0.04187847560490652
2026-03-16,BONK,7.0,0.15472256002440565,0,0.0
2026-03-16,BTC,5.0,-0.37173651446240413,-1,-0.04049147463679762
2026-03-16,CAKE,5.0,-0.08637340219644532,0,0.0003838542179235723
2026-03-16,CHZ,4.0,-0.05164085920417427,0,0.0
2026-03-16,DASH,5.0,0.19403943675072607,1,0.019289086024496728
2026-03-16,DEXE,0.0,1.2407192258895194,1,0.022960454183959846
2026-03-16,DOGE,7.0,-0.14099088228490034,-1,-0.0409470012226138
2026-03-16,DOT,2.0,-0.11920205776121871,0,-0.007444704533931638
2026-03-16,ENA,,-0.08593771916105028,0,0.0
2026-03-16,ETC,3.0,0.10745766096428445,0,0.0
2026-03-16,ETH,5.0,-0.1406505370349755,-1,-0.03828742318715149
2026-03-16,FET,0.0,-0.6915148486388848,-1,-0.01682947602815617
2026-03-16,FIL,2.0,0.18680639866804666,1,0.030487000926662837
2026-03-16,HBAR,2.0,0.044972878160082795,0,0.006155414251193349
2026-03-16,ICP,3.0,0.06913268052248614,0,0.0
2026-03-16,JST,0.0,0.8170084942774468,1,0.036258560959932615
2026-03-16,JUP,2.0,0.06654647603879602,0,0.0
2026-03-16,LINK,3.0,-0.08200234285692361,0,0.0
2026-03-16,LTC,0.0,0.05678116584828627,0,0.006155414251193349
2026-03-16,LUNC,4.0,-0.12801917015062508,0,-0.007390222096135476
2026-03-16,MORPHO,1.0,0.045496118609438994,0,0.0003148313699429491
2026-03-16,NEAR,3.0,0.19277773633758033,1,0.0223822953324972
2026-03-16,NEXO,1.0,0.19984656191690242,1,0.036642415177856186
2026-03-16,NIGHT,6.0,0.08768950758348451,0,0.0
2026-03-16,ONDO,6.0,-0.012497929565661405,0,0.0
2026-03-16,PENGU,6.0,0.07950436354059193,0,0.0032079559240607257
2026-03-16,PEPE,7.0,0.007714035455490267,0,-0.00027762510074426394
2026-03-16,POL,,0.29401114030975845,1,0.029691722292388888
2026-03-16,PUMP,5.0,0.1502735740653461,0,0.006155414251193349
2026-03-16,QNT,5.0,0.35978508480082505,1,0.029329050533341443
2026-03-16,RENDER,7.0,-0.6987800891688449,-1,-0.015179430069876987
2026-03-16,RLUSD,,0.48438215295861276,1,0.030487000926662837
2026-03-16,SHIB,7.0,-0.15956652882939537,-1,-0.03818868750099206
2026-03-16,SKY,,0.02363866808732763,0,0.0003591270417935312
2026-03-16,SOL,3.0,-0.15559065189216031,-1,-0.034977324499607505
2026-03-16,STX,4.0,0.03097360214625043,0,0.006125041045397128
2026-03-16,SUI,7.0,-0.10248067926622709,0,0.0003838542179235723
2026-03-16,TAO,0.0,-1.2007524566913315,-1,-0.012822182945107972
2026-03-16,TON,8.0,-0.12563225171120393,0,-0.00791021184002693
2026-03-16,TRUMP,7.0,-0.7478443806673575,-1,-0.015022908102030648
2026-03-16,TRX,3.0,0.25815355752675817,1,0.030103146708739266
2026-03-16,U,,0.8267852867273869,1,0.036642415177856186
2026-03-16,UNI,5.0,-0.13909175453826658,0,0.004995308103849065
2026-03-16,VET,7.0,-0.02934028550397711,0,0.0
2026-03-16,VIRTUAL,6.0,-0.04742003449694324,0,0.0
2026-03-16,WLD,4.0,-0.03540521984752678,0,0.0
2026-03-16,WLFI,,0.13797443344741167,0,-0.007075323587599255
2026-03-16,XLM,0.0,-0.11821695775250539,0,0.0
2026-03-16,XRP,0.0,-0.1127646308479874,0,0.0
2026-03-16,ZEC,5.0,-0.2207330211981602,-1,-0.028457174252552033
2026-03-23,AAVE,,-0.3000664263177335,-1,-0.03486104380319588
2026-03-23,ADA,0.0,-0.212074064503742,-1,-0.042575471913194204
2026-03-23,ALGO,1.0,-0.14196709387039988,0,0.0
2026-03-23,APT,2.0,0.5076608850059039,1,0.03475695022720206
2026-03-23,ARB,2.0,0.0903243304399023,0,0.0
2026-03-23,ASTER,3.0,0.1138884465713549,0,0.0
2026-03-23,ATOM,4.0,-0.03409103100290744,0,0.0
2026-03-23,AVAX,2.0,-0.17882556207883243,0,0.0
2026-03-23,BCH,3.0,0.03887106853910701,0,0.0
2026-03-23,BFUSD,,0.3699554814832414,1,0.03475695022720206
2026-03-23,BNB,5.0,-0.2095370285165975,-1,-0.0452569663088162
2026-03-23,BONK,6.0,0.1525951781639845,0,0.0
2026-03-23,BTC,5.0,-0.4305283528847271,-1,-0.04544607652721412
2026-03-23,CAKE,5.0,-0.19248879956907353,0,0.0
2026-03-23,CHZ,6.0,0.027768466324541538,0,0.0
2026-03-23,DASH,6.0,0.13188901292328264,0,0.0
2026-03-23,DEXE,1.0,0.11798999105528131,0,0.0
2026-03-23,DOGE,6.0,-0.1258293820882589,0,0.0
2026-03-23,DOT,0.0,0.11468026505724721,0,0.0
2026-03-23,ENA,,-0.02508732627093415,0,0.0
2026-03-23,ETC,4.0,0.04294717499672368,0,0.0
2026-03-23,ETH,5.0,-0.3115263881969839,-1,-0.04116081631546722
2026-03-23,FET,6.0,-0.5731134704132095,-1,-0.01698451701806546
2026-03-23,FIL,0.0,-0.06838376710034466,0,0.0
2026-03-23,HBAR,0.0,0.07176676512061059,0,0.0
2026-03-23,ICP,2.0,0.05333198120888773,0,0.0
2026-03-23,JST,5.0,0.17890710023420017,1,0.03244176515515162
2026-03-23,JUP,0.0,0.23874406285286873,1,0.03475695022720206
2026-03-23,LINK,2.0,-0.20870023618448447,-1,-0.03907949769952971
2026-03-23,LTC,1.0,-0.013833397352927972,0,0.0
2026-03-23,LUNC,3.0,0.4363348100459151,1,0.034364010782247746
2026-03-23,MORPHO,7.0,-0.0485703957769421,0,0.0
2026-03-23,NEAR,2.0,0.0024335325085978257,0,0.0
2026-03-23,NEXO,4.0,0.05886384875806099,0,0.0
2026-03-23,NIGHT,1.0,0.024647209015920914,0,0.0
2026-03-23,ONDO,6.0,0.03644351868486878,0,0.0
2026-03-23,PENGU,1.0,0.05444264948285052,0,0.0
2026-03-23,PEPE,6.0,0.1827232301445427,1,0.02518404174690654
2026-03-23,POL,,0.30806395953875354,1,0.034635825449784184
2026-03-23,PUMP,7.0,0.22917660845493043,1,0.03475695022720206
2026-03-23,QNT,3.0,0.183584600615481,1,0.03221338763410421
2026-03-23,RENDER,4.0,-0.7187511493962069,-1,-0.014183861007493876
2026-03-23,RLUSD,,0.6170314204958751,1,0.03475695022720206
2026-03-23,SHIB,6.0,-0.07331310825314466,0,0.0
2026-03-23,SKY,,0.0998426533375581,0,0.0
2026-03-23,SOL,2.0,-0.23729494042153843,-1,-0.036357629050182465
2026-03-23,STX,7.0,0.08242460028627425,0,0.0
2026-03-23,SUI,2.0,-0.22111982844222727,-1,-0.02740853915365545
2026-03-23,TAO,6.0,-1.0720650512434509,-1,-0.011934665813273494
2026-03-23,TON,3.0,-0.023114104449381567,0,0.0
2026-03-23,TRUMP,7.0,-0.8131296542203997,-1,-0.012797444851847509
2026-03-23,TRX,4.0,1.2446412781343845,1,0.03475695022720206
2026-03-23,U,,0.869997590345493,1,0.03475695022720206
2026-03-23,UNI,2.0,-0.15323852965095935,0,0.0
2026-03-23,VET,3.0,-0.060435252586213566,0,0.0
2026-03-23,VIRTUAL,1.0,-0.07509015302352526,0,0.0
2026-03-23,WLD,7.0,0.009987723363576525,0,0.0
2026-03-23,WLFI,,0.16627575947580947,1,0.022862317641391287
2026-03-23,XLM,6.0,-0.10653578786059742,0,0.0
2026-03-23,XRP,1.0,-0.20630070497149702,-1,-0.05695347053806437
2026-03-23,ZEC,6.0,-0.023224216018785764,0,0.0
2026-03-30,AAVE,,-0.32833683418647885,-1,-0.038296430137538945
2026-03-30,ADA,0.0,-0.0836592539397061,0,0.0
2026-03-30,ALGO,1.0,-0.7536456951467908,-1,-0.013541373753212241
2026-03-30,APT,1.0,-0.09072388688566467,0,0.0
2026-03-30,ARB,1.0,0.20910318506629777,0,0.0
2026-03-30,ASTER,2.0,0.161286771981003,0,0.0
2026-03-30,ATOM,3.0,0.16071281738914295,0,0.0
2026-03-30,AVAX,4.0,-0.06832597340319506,0,0.0
2026-03-30,BCH,2.0,-0.0946187328117837,0,0.0
2026-03-30,BFUSD,,0.4361731843159877,1,0.03672174495576154
2026-03-30,BNB,5.0,-0.34287072351345255,-1,-0.04864046878495852
2026-03-30,BONK,6.0,0.16592345643802214,0,0.0
2026-03-30,BTC,5.0,-0.328834212299248,-1,-0.046833275344388324
2026-03-30,CAKE,5.0,-0.04734677222966078,0,0.0
2026-03-30,CHZ,6.0,0.08242352977175502,0,0.0
2026-03-30,DASH,8.0,-0.03574294334791197,0,0.0
2026-03-30,DEXE,8.0,0.04360789304109647,0,0.0
2026-03-30,DOGE,6.0,-0.005271487953667096,0,0.0
2026-03-30,DOT,0.0,-0.18703134416709655,0,0.0
2026-03-30,ENA,,-0.2213462714852154,-1,-0.03178710983543924
2026-03-30,ETC,3.0,0.24792529819150322,1,0.026898092631694667
2026-03-30,ETH,5.0,-0.18465894401678887,0,0.0
2026-03-30,FET,8.0,-0.30522023768689893,-1,-0.020906866853472098
2026-03-30,FIL,0.0,0.23316406901426703,1,0.03540765165233743
2026-03-30,HBAR,0.0,0.08223564742802099,0,0.0
2026-03-30,ICP,1.0,0.058262704256758176,0,0.0
2026-03-30,JST,5.0,0.3772437224835536,1,0.03400802195029308
2026-03-30,JUP,0.0,0.1883675527381946,0,0.0
2026-03-30,LINK,4.0,-0.09294430975986025,0,0.0
2026-03-30,LTC,8.0,0.046232510374272555,0,0.0
2026-03-30,LUNC,7.0,0.3351662280911661,1,0.030353822243614437
2026-03-30,MORPHO,7.0,-0.11463989040643985,0,0.0
2026-03-30,NEAR,1.0,0.02679873749922006,0,0.0
2026-03-30,NEXO,3.0,-0.10298836904832205,0,0.0
2026-03-30,NIGHT,8.0,0.02130104909555105,0,0.0
2026-03-30,ONDO,8.0,0.15327843883060896,0,0.0
2026-03-30,PENGU,0.0,0.007301717407008807,0,0.0
2026-03-30,PEPE,6.0,0.5365892979525898,1,0.030525228856834837
2026-03-30,POL,,0.3156282177611024,1,0.03672174495576154
2026-03-30,PUMP,3.0,0.21133808078752503,0,0.0
2026-03-30,QNT,0.0,0.3964417227557827,1,0.030313025439544384
2026-03-30,RENDER,3.0,-0.41476416887900264,-1,-0.015354705147012145
2026-03-30,RLUSD,,0.2967828512876581,1,0.03672174495576154
2026-03-30,SHIB,6.0,0.16842147115378758,0,0.0
2026-03-30,SKY,,0.5217596553781184,1,0.03672174495576154
2026-03-30,SOL,0.0,-0.3278555607719155,-1,-0.039485195442620705
2026-03-30,STX,7.0,0.024443950366450307,0,0.0
2026-03-30,SUI,4.0,-0.1543217659257296,0,0.0
2026-03-30,TAO,8.0,-0.9424306465602373,-1,-0.012454316314351793
2026-03-30,TON,2.0,0.3733600560244311,1,0.03672174495576154
2026-03-30,TRUMP,4.0,-0.7039989885627913,-1,-0.01434161590980097
2026-03-30,TRX,3.0,0.10050030495603254,0,0.0
2026-03-30,U,,0.46462498113884415,1,0.03672174495576154
2026-03-30,UNI,4.0,-0.29029635037872664,-1,-0.03326993130675438
2026-03-30,VET,1.0,0.10978899408343193,0,0.0
2026-03-30,VIRTUAL,8.0,-0.061272775124245074,0,0.0
2026-03-30,WLD,7.0,-0.3132083526061614,-1,-0.048789269614248676
2026-03-30,WLFI,,0.14728241156706728,0,0.0
2026-03-30,XLM,8.0,-0.039980958703488466,0,0.0
2026-03-30,XRP,0.0,-0.2830993786106386,-1,-0.06129944155620194
2026-03-30,ZEC,6.0,0.2159643197848691,1,0.017163687491111832
2026-04-06,AAVE,,-0.14588951485232746,0,-0.008650386951556639
2026-04-06,ADA,0.0,-0.20577387123735078,-1,-0.048239221421045066
2026-04-06,ALGO,1.0,-1.071671173342463,-1,-0.011632775153061771
2026-04-06,APT,5.0,-0.14117647515753318,0,0.0
2026-04-06,ARB,5.0,0.1119281308601819,0,0.0
2026-04-06,ASTER,10.0,0.11416189328321243,0,0.0
2026-04-06,ATOM,6.0,0.3057562867139679,1,0.030921193758226686
2026-04-06,AVAX,5.0,0.05562990053419488,0,0.0
2026-04-06,BCH,4.0,-0.10464518192502403,0,0.0
2026-04-06,BFUSD,,0.2882846718272459,1,0.03921589126039246
2026-04-06,BNB,6.0,-0.18991614650477753,-1,-0.06245824084404766
2026-04-06,BONK,7.0,0.3342017408742385,1,0.030921193758226686
2026-04-06,BTC,9.0,-0.21649784500389288,-1,-0.060634957048003875
2026-04-06,CAKE,9.0,0.273717044615751,1,0.02359358615392852
2026-04-06,CHZ,7.0,-0.30279963228009316,-1,-0.022759648511563136
2026-04-06,DASH,7.0,-0.38334318603951845,-1,-0.013548527701720698
2026-04-06,DEXE,1.0,-0.04267374246173905,0,0.0
2026-04-06,DOGE,7.0,0.006455292243956259,0,0.0
2026-04-06,DOT,2.0,0.0168887625100923,0,0.0
2026-04-06,ENA,,0.04134504870126951,0,-0.00718006349836376
2026-04-06,ETC,0.0,-0.16299400963212765,0,0.006075733656827106
2026-04-06,ETH,9.0,-0.0296505367136271,0,0.0
2026-04-06,FET,1.0,0.23078212675795418,1,0.02174451187224929
2026-04-06,FIL,2.0,0.1882815894122475,0,0.007997870473530403
2026-04-06,HBAR,2.0,-0.071745555280941,0,0.0
2026-04-06,ICP,5.0,0.21624758601129584,1,0.018260765437246442
2026-04-06,JST,9.0,0.036082669206614314,0,0.007681722507046504
2026-04-06,JUP,2.0,-0.048880593977944795,0,0.0
2026-04-06,LINK,5.0,-0.015682493145478055,0,0.0
2026-04-06,LTC,3.0,3.214755589723249e-05,0,0.0
2026-04-06,LUNC,10.0,0.27339782868653123,1,0.024326733324709
2026-04-06,MORPHO,10.0,-0.18721273297085406,-1,-0.02097946099501159
2026-04-06,NEAR,5.0,0.18428572785784017,0,0.0
2026-04-06,NEXO,6.0,0.12704423945451357,0,0.0
2026-04-06,NIGHT,2.0,-0.47014771744353095,-1,-0.018109744224978287
2026-04-06,ONDO,7.0,-0.040225797851641674,0,0.0
2026-04-06,PENGU,0.0,0.4208028611932978,1,0.025948314448822455
2026-04-06,PEPE,7.0,0.430442024215805,1,0.03781622393331374
2026-04-06,POL,,-0.09538259798282665,0,0.008294697502165774
2026-04-06,PUMP,8.0,0.20314848199770838,0,0.0
2026-04-06,QNT,3.0,0.06994395421037143,0,0.006847097726412007
2026-04-06,RENDER,6.0,0.17706620885116184,0,-0.003468316513358681
2026-04-06,RLUSD,,0.102504229689947,0,0.008294697502165774
2026-04-06,SHIB,7.0,0.08789019000766927,0,0.0
2026-04-06,SKY,,0.12229351314361267,0,0.008294697502165774
2026-04-06,SOL,3.0,-0.03869483542998067,0,-0.008918904926903448
2026-04-06,STX,10.0,0.11585635402895939,0,0.0
2026-04-06,SUI,5.0,0.22548212178193466,1,0.02104304292289668
2026-04-06,TAO,1.0,-0.2492750664508201,-1,-0.019190441910618902
2026-04-06,TON,10.0,0.05961893379878838,0,0.008294697502165774
2026-04-06,TRUMP,6.0,0.28275804057111087,1,0.013026154558434883
2026-04-06,TRX,1.0,-0.05922259516593844,0,0.0
2026-04-06,U,,0.36406171699188505,1,0.03921589126039246
2026-04-06,UNI,6.0,-0.08775887457804124,0,-0.007515002798473076
2026-04-06,VET,1.0,-0.23646455937075317,-1,-0.024390437341670377
2026-04-06,VIRTUAL,0.0,0.4272007823079499,1,0.025346436549005185
2026-04-06,WLD,10.0,-0.2867785808115182,-1,-0.028944676108323554
2026-04-06,WLFI,,-0.254333313712594,-1,-0.025900538436411304
2026-04-06,XLM,1.0,-0.16792193668935784,0,0.0
2026-04-06,XRP,3.0,-0.08359298883742759,0,-0.013846300751037953
2026-04-06,ZEC,7.0,-0.5032405450470924,-1,-0.0067935084741738705
2026-04-13,AAVE,,-0.09823136768719198,0,-0.0005842345264282425
2026-04-13,ADA,0.0,-0.1679775358495966,0,-0.0032580067042110514
2026-04-13,ALGO,1.0,-1.168749741869837,-1,-0.013572985650374111
2026-04-13,APT,1.0,0.044237023839639684,0,0.0
2026-04-13,ARB,2.0,0.3117265794429328,1,0.01751967690940062
2026-04-13,ASTER,3.0,0.2671255313144812,1,0.03222987803165274
2026-04-13,ATOM,4.0,0.2427788376748955,1,0.03431825038922486
2026-04-13,AVAX,0.0,-0.06881727988773825,0,0.0
2026-04-13,BCH,4.0,0.12664718508810377,0,0.0
2026-04-13,BFUSD,,0.10636811834414495,0,0.002648584137019898
2026-04-13,BNB,4.0,-0.06602198128334595,0,-0.004218338551259471
2026-04-13,BONK,1.0,0.568571910897782,1,0.03431825038922486
2026-04-13,BTC,2.0,-0.07266636638378543,0,-0.004095196621182663
2026-04-13,CAKE,2.0,0.4029323413957522,1,0.03382335445190743
2026-04-13,CHZ,1.0,-0.16167291594530245,0,-0.0015371534873863113
2026-04-13,DASH,6.0,-0.5456759840718216,-1,-0.01760000090072254
2026-04-13,DEXE,1.0,-0.30961483101565507,-1,-0.016628991468182294
2026-04-13,DOGE,1.0,0.16638027766150787,0,0.0
2026-04-13,DOT,7.0,0.0036717500260778314,0,0.0
2026-04-13,ENA,,-0.051023141760093135,0,-0.0004849310234539732
2026-04-13,ETC,0.0,-0.21130399504725772,-1,-0.053540302128773046
2026-04-13,ETH,2.0,0.0024834634488760535,0,0.0
2026-04-13,FET,6.0,-0.16900027332346385,-1,-0.04192179348413193
2026-04-13,FIL,7.0,0.3292046082552577,1,0.0316993796067469
2026-04-13,HBAR,7.0,0.11455350273822652,0,0.0
2026-04-13,ICP,0.0,0.15812862483278436,0,0.0012333054818463446
2026-04-13,JST,2.0,-0.4195941203023928,-1,-0.0260096099408103
2026-04-13,JUP,7.0,-0.016074139901707606,0,0.0
2026-04-13,LINK,2.0,0.11020938959316076,0,0.0
2026-04-13,LTC,5.0,0.08798277350303814,0,0.0
2026-04-13,LUNC,3.0,0.4226377168211523,1,0.032662337187155915
2026-04-13,MORPHO,3.0,0.009834732605734468,0,-0.0014169222172118814
2026-04-13,NEAR,0.0,-0.03806238431607227,0,0.0
2026-04-13,NEXO,4.0,0.19979840758209907,1,0.03222987803165274
2026-04-13,NIGHT,7.0,-0.31864527552640626,-1,-0.030783798879782012
2026-04-13,ONDO,1.0,0.09594317797068937,0,0.0
2026-04-13,PENGU,5.0,0.484086621255287,1,0.028281491429402866
2026-04-13,PEPE,1.0,0.622521992752736,1,0.03478393067747203
2026-04-13,POL,,0.13389073503882656,0,0.0005602117794477725
2026-04-13,PUMP,4.0,0.13503042218830202,0,0.0
2026-04-13,QNT,6.0,-0.1764716921718149,-1,-0.061031369963128704
2026-04-13,RENDER,2.0,-0.16250044735874425,0,-0.00023424504210424078
2026-04-13,RLUSD,,0.049116198838740834,0,0.0005602117794477725
2026-04-13,SHIB,1.0,0.10487149411114459,0,0.0
2026-04-13,SKY,,0.2893249918486587,1,0.032790089811100515
2026-04-13,SOL,5.0,-0.020448691782415172,0,-0.0006023698391076342
2026-04-13,STX,3.0,0.1707930918982946,0,0.0
2026-04-13,SUI,0.0,0.25302319429657816,1,0.03365109447960082
2026-04-13,TAO,6.0,-0.491531519741424,-1,-0.025018562125622847
2026-04-13,TON,0.0,-0.3942903184457645,-1,-0.03237805861171805
2026-04-13,TRUMP,5.0,0.1492089622096453,0,0.0008797674927430617
2026-04-13,TRX,6.0,0.0843540912292066,0,0.0
2026-04-13,U,,0.002491045608684964,0,0.002648584137019898
2026-04-13,UNI,5.0,0.006431471116347244,0,-0.0005075523355961261
2026-04-13,VET,1.0,-0.29653057625638846,-1,-0.038488599485118194
2026-04-13,VIRTUAL,5.0,0.7256604461999168,1,0.03394173941274238
2026-04-13,WLD,0.0,-0.4298747199660217,-1,-0.03019787626194042
2026-04-13,WLFI,,-0.15677338340808736,0,-0.001749284614939707
2026-04-13,XLM,1.0,-0.08498788110572658,0,0.0
2026-04-13,XRP,5.0,-0.05091181171109343,0,-0.0009351589711960751
2026-04-13,ZEC,6.0,-0.8345683355095548,-1,-0.013984672780427542
2026-04-20,AAVE,,0.046925840137231445,0,0.0
2026-04-20,ADA,7.0,-0.11485190800412494,0,0.0
2026-04-20,ALGO,0.0,-0.849329167559849,-1,-0.0116831658144819
2026-04-20,APT,2.0,-0.09655956579481556,0,0.0
2026-04-20,ARB,8.0,0.36192252463402214,1,0.030933090353694716
2026-04-20,ASTER,1.0,-0.047982110087935625,0,0.0
2026-04-20,ATOM,8.0,0.0670431561564068,0,0.0
2026-04-20,AVAX,7.0,0.13683155655469506,0,0.0
2026-04-20,BCH,1.0,-0.2129210377203924,-1,-0.06607914404773635
2026-04-20,BFUSD,,-0.20940879453556432,-1,-0.06607914404773635
2026-04-20,BNB,6.0,-0.07867491907487202,0,0.0
2026-04-20,BONK,0.0,0.453246934323392,1,0.03295294098372983
2026-04-20,BTC,6.0,0.24002918938024975,1,0.03295294098372983
2026-04-20,CAKE,8.0,0.3434859691902682,1,0.03295294098372983
2026-04-20,CHZ,0.0,-0.16658570177360618,0,0.0
2026-04-20,DASH,3.0,-0.5898450216560506,-1,-0.014809131926013595
2026-04-20,DEXE,0.0,-0.5134485778928383,-1,-0.013042963577051625
2026-04-20,DOGE,0.0,0.13379365332272697,0,0.0
2026-04-20,DOT,4.0,0.11364130381173197,0,0.0
2026-04-20,ENA,,-0.34872807220657853,-1,-0.02174086439356408
2026-04-20,ETC,0.0,-0.1323679367462524,0,0.0
2026-04-20,ETH,8.0,0.38699164121595936,1,0.03295294098372983
2026-04-20,FET,3.0,-0.044967666511091645,0,0.0
2026-04-20,FIL,4.0,0.5543673695008463,1,0.03295294098372983
2026-04-20,HBAR,5.0,0.08851442650645021,0,0.0
2026-04-20,ICP,7.0,0.2139719746350129,1,0.03295294098372983
2026-04-20,JST,6.0,-0.4378927187689,-1,-0.02478843592090477
2026-04-20,JUP,4.0,0.18329919111807164,0,0.0
2026-04-20,LINK,8.0,0.19247981235076883,1,0.03295294098372983
2026-04-20,LTC,5.0,0.10319821492702727,0,0.0
2026-04-20,LUNC,2.0,-0.5250524145091858,-1,-0.014237848109155836
2026-04-20,MORPHO,7.0,0.01121456984456715,0,0.0
2026-04-20,NEAR,7.0,0.08708568048792867,0,0.0
2026-04-20,NEXO,8.0,0.06437652753627447,0,0.0
2026-04-20,NIGHT,4.0,0.23224605575653984,1,0.031584558825277095
2026-04-20,ONDO,0.0,0.17175735868388886,0,0.0
2026-04-20,PENGU,5.0,0.052017550039381424,0,0.0
2026-04-20,PEPE,0.0,0.5590800592217663,1,0.03295294098372983
2026-04-20,POL,,0.1338434320158783,0,0.0
2026-04-20,PUMP,8.0,0.02943387830476135,0,0.0
2026-04-20,QNT,5.0,-0.38369979648321134,-1,-0.05669374097925509
2026-04-20,RENDER,7.0,0.02238300862466819,0,0.0
2026-04-20,RLUSD,,0.03457553537117871,0,0.0
2026-04-20,SHIB,0.0,0.08670414558076844,0,0.0
2026-04-20,SKY,,-0.019272241471700802,0,0.0
2026-04-20,SOL,5.0,0.10836522911265513,0,0.0
2026-04-20,STX,1.0,0.3211779781516716,1,0.03295294098372983
2026-04-20,SUI,8.0,1.0216768787309105,1,0.03295294098372983
2026-04-20,TAO,3.0,-0.028797622329128723,0,0.0
2026-04-20,TON,1.0,-0.3779539688923982,-1,-0.029881713665218256
2026-04-20,TRUMP,7.0,-0.05582457051362525,0,0.0
2026-04-20,TRX,5.0,-0.36703708684657765,-1,-0.06607914404773635
2026-04-20,U,,0.09190134577737347,0,0.0
2026-04-20,UNI,7.0,-0.04201215340489867,0,0.0
2026-04-20,VET,0.0,-0.19295120936310448,0,0.0
2026-04-20,VIRTUAL,7.0,0.5945173082610472,1,0.03295294098372983
2026-04-20,WLD,1.0,-0.4089417588479335,-1,-0.02738254816592722
2026-04-20,WLFI,,-0.04344941853890809,0,0.0
2026-04-20,XLM,0.0,-0.1008267838546191,0,0.0
2026-04-20,XRP,5.0,-0.12048642027388574,0,0.0
2026-04-20,ZEC,3.0,-0.7322306556040914,-1,-0.012502155305218622
2026-04-27,AAVE,,-0.08231157749576302,0,0.0
2026-04-27,ADA,3.0,-0.0648886541977661,0,0.0
2026-04-27,ALGO,1.0,0.048194857026322355,0,-0.0011041353600550127
2026-04-27,APT,2.0,0.048728176966348194,0,0.0
2026-04-27,ARB,3.0,0.010325092737292221,0,0.002923378765450277
2026-04-27,ASTER,5.0,0.2155415515118072,0,0.0
2026-04-27,ATOM,6.0,-0.0693894929831848,0,0.0
2026-04-27,AVAX,3.0,0.008198082471676749,0,0.0
2026-04-27,BCH,7.0,-0.27488716598570545,-1,-0.06146580363952301
2026-04-27,BFUSD,,0.025893013181151104,0,-0.00624491004097847
2026-04-27,BNB,3.0,-0.27027279834016105,-1,-0.05522089359854454
2026-04-27,BONK,8.0,0.33145131713183656,1,0.03608457145587816
2026-04-27,BTC,3.0,-0.17231045099777545,0,0.003114267822240578
2026-04-27,CAKE,6.0,0.1215453102876249,0,0.003114267822240578
2026-04-27,CHZ,7.0,-0.34932183866013766,-1,-0.01441964441207207
2026-04-27,DASH,0.0,-0.3464939038237623,-1,-0.014293822284274855
2026-04-27,DEXE,7.0,-0.7032969909026697,-1,-0.009390307500087826
2026-04-27,DOGE,1.0,0.3102120472625513,1,0.03297030363363758
2026-04-27,DOT,4.0,-0.06280136773650091,0,0.0
2026-04-27,ENA,,-0.3286515071234761,-1,-0.021135549253145692
2026-04-27,ETC,1.0,0.09727851544616338,0,0.0
2026-04-27,ETH,6.0,-0.09971806772189952,0,0.003114267822240578
2026-04-27,FET,0.0,0.012290094069087307,0,0.0
2026-04-27,FIL,4.0,0.2564395831893072,1,0.03608457145587816
2026-04-27,HBAR,8.0,-0.08752684896630164,0,0.0
2026-04-27,ICP,3.0,0.14881508086222134,0,0.003114267822240578
2026-04-27,JST,2.0,-0.23705284556836595,-1,-0.022758445901488827
2026-04-27,JUP,6.0,0.24528751804180177,1,0.03023859579295893
2026-04-27,LINK,3.0,-0.04494523231117733,0,0.003114267822240578
2026-04-27,LTC,2.0,-0.051149657176474995,0,0.0
2026-04-27,LUNC,2.0,-0.11358593984504994,0,-0.0013455694970043956
2026-04-27,MORPHO,5.0,0.00813432301399506,0,0.0
2026-04-27,NEAR,3.0,-0.04316103199356629,0,0.0
2026-04-27,NEXO,6.0,0.0014532191323906288,0,0.0
2026-04-27,NIGHT,5.0,0.016802160893064882,0,0.0029849467845006854
2026-04-27,ONDO,1.0,0.28559662949691367,1,0.02611354625447665
2026-04-27,PENGU,8.0,0.34801344043191973,1,0.01423588618730993
2026-04-27,PEPE,8.0,0.49406839486871407,1,0.03608457145587816
2026-04-27,POL,,0.2617754348663837,1,0.021424200540556604
2026-04-27,PUMP,6.0,0.35591635338729466,1,0.03297030363363758
2026-04-27,QNT,2.0,-0.591766879875654,-1,-0.06057882184359285
2026-04-27,RENDER,0.0,0.4269421982735186,1,0.029060070560999882
2026-04-27,RLUSD,,0.39276743504528766,1,0.03297030363363758
2026-04-27,SHIB,1.0,0.06826838664270005,0,0.0
2026-04-27,SKY,,-0.20361961214874438,-1,-0.024957806904627886
2026-04-27,SOL,2.0,-0.17416589837396068,0,0.0
2026-04-27,STX,8.0,0.12412138620441755,0,0.003114267822240578
2026-04-27,SUI,6.0,0.12137122527714499,0,0.003114267822240578
2026-04-27,TAO,0.0,-0.11280348080741376,0,0.0
2026-04-27,TON,0.0,-0.18194162355611648,0,-0.0028240168119423106
2026-04-27,TRUMP,5.0,-0.10991320610395867,0,0.0
2026-04-27,TRX,2.0,-0.02465280743794865,0,-0.00624491004097847
2026-04-27,U,,0.3971382853967423,1,0.03297030363363758
2026-04-27,UNI,5.0,-0.011048944455864282,0,0.0
2026-04-27,VET,1.0,0.08017697697447282,0,0.0
2026-04-27,VIRTUAL,3.0,0.9430010848419649,1,0.03608457145587816
2026-04-27,WLD,3.0,-0.24286032009258737,-1,-0.025339567097203683
2026-04-27,WLFI,,-0.14734954532219838,0,0.0
2026-04-27,XLM,7.0,-0.24925246837933926,-1,-0.030815644862427598
2026-04-27,XRP,2.0,-0.2993767925159657,-1,-0.05522089359854454
2026-04-27,ZEC,0.0,-0.45523022403264096,-1,-0.011639257353508018
2026-05-04,AAVE,,-0.01473564874012203,0,0.0
2026-05-04,ADA,0.0,0.027282248545990446,0,0.0
2026-05-04,ALGO,1.0,-0.09758366986464753,0,-0.00011720234586428172
2026-05-04,APT,1.0,0.41659392898449266,1,0.028989472823557853
2026-05-04,ARB,0.0,0.1279515609376522,0,0.0003103123598392223
2026-05-04,ASTER,2.0,0.31779050973844924,1,0.040795691799825
2026-05-04,ATOM,3.0,-0.22476286222918537,-1,-0.03649661686393628
2026-05-04,AVAX,0.0,0.01599617939506798,0,0.0
2026-05-04,BCH,4.0,-0.1922148624384036,0,-0.006524504727958784
2026-05-04,BFUSD,,0.08852718127550371,0,-0.0006628880235097414
2026-05-04,BNB,3.0,-0.16501282292584063,0,-0.005861616704449041
2026-05-04,BONK,6.0,0.26290599981573115,1,0.02307711572460467
2026-05-04,BTC,3.0,-0.21189221606532432,-1,-0.0608631624757597
2026-05-04,CAKE,3.0,0.19771493934780512,1,0.04112626675251745
2026-05-04,CHZ,4.0,-0.3669591484138205,-1,-0.018558977157455723
2026-05-04,DASH,6.0,0.15336945208917496,0,-0.0015172682296857969
2026-05-04,DEXE,4.0,-0.7416231151604842,-1,-0.00992864108742167
2026-05-04,DOGE,1.0,0.32649012412459316,1,0.044295441078326
2026-05-04,DOT,8.0,0.005198816820513751,0,0.0
2026-05-04,ENA,,-0.17236293519749765,0,-0.002243507493026327
2026-05-04,ETC,1.0,0.05423137534035013,0,0.0
2026-05-04,ETH,3.0,-0.3420642336237003,-1,-0.0608631624757597
2026-05-04,FET,6.0,-0.11495142542412463,0,0.0
2026-05-04,FIL,8.0,0.14060214143311006,0,0.0038303242311934493
2026-05-04,HBAR,7.0,-0.014948154374896692,0,0.0
2026-05-04,ICP,5.0,-0.30898622813702925,-1,-0.013416445275220804
2026-05-04,JST,9.0,-0.1521266419478386,0,-0.002415775587285729
2026-05-04,JUP,8.0,-0.2318124034174564,-1,-0.010029400892417013
2026-05-04,LINK,0.0,-0.05380090714635169,0,0.0003305749526924468
2026-05-04,LTC,7.0,0.021641287085389663,0,0.0
2026-05-04,LUNC,2.0,0.27598429832151794,1,0.009500276096394783
2026-05-04,MORPHO,2.0,0.27834506104801604,1,0.02656381353795359
2026-05-04,NEAR,5.0,-0.17276105248778126,0,0.0
2026-05-04,NEXO,3.0,-0.06750597628784183,0,0.0
2026-05-04,NIGHT,2.0,0.12618698904654713,0,0.00031684771458283375
2026-05-04,ONDO,6.0,-0.09290996623759595,0,0.002771914559196436
2026-05-04,PENGU,1.0,0.3258138186813402,1,0.021851978328435342
2026-05-04,PEPE,3.0,0.6291953657788807,1,0.044626016031018456
2026-05-04,POL,,0.9837927353254249,1,0.04306983920281637
2026-05-04,PUMP,3.0,0.21178226250434654,1,0.022345345116173095
2026-05-04,QNT,9.0,-0.10804700500837468,0,-0.0064303529138037205
2026-05-04,RENDER,6.0,0.22045568537596297,1,0.028648710716760943
2026-05-04,RLUSD,,0.12373591739732465,0,0.0034997492785010034
2026-05-04,SHIB,1.0,0.18704054105334847,0,0.0
2026-05-04,SKY,,-0.4752013474571485,-1,-0.03077367932221777
2026-05-04,SOL,7.0,-0.13122400361065112,0,0.0
2026-05-04,STX,1.0,0.13562363994964086,0,0.0003305749526924468
2026-05-04,SUI,3.0,-0.3275544836541603,-1,-0.013656968943811364
2026-05-04,TAO,6.0,0.14786016339208138,0,0.0
2026-05-04,TON,6.0,-0.9545338308099991,-1,-0.00746953540331061
2026-05-04,TRUMP,2.0,-0.02795913180769483,0,0.0
2026-05-04,TRX,9.0,-0.07106468317014215,0,-0.0006628880235097414
2026-05-04,U,,-0.08439205589377813,0,0.0034997492785010034
2026-05-04,UNI,2.0,0.050153599279367786,0,0.0
2026-05-04,VET,1.0,0.15026418080210865,0,0.0
2026-05-04,VIRTUAL,0.0,0.7323352727838055,1,0.03054507292329885
2026-05-04,WLD,5.0,-0.09262053848352474,0,-0.002689757809069413
2026-05-04,WLFI,,-0.21788830703975146,-1,-0.0189312776831092
2026-05-04,XLM,4.0,-0.23490245522328673,-1,-0.04192061382404052
2026-05-04,XRP,7.0,-0.22564295835730583,-1,-0.06705535413290119
2026-05-04,ZEC,6.0,-0.04482020503778033,0,-0.0012354900633571447
2026-05-11,AAVE,,-0.15034712545438209,-1,-0.03112835761314406
2026-05-11,ADA,,-0.10392241988923606,0,0.0
2026-05-11,ALGO,,-0.045987371551992444,0,-3.428966888033652e-05
2026-05-11,APT,,-0.00985384770901724,0,0.008481395289531093
2026-05-11,ARB,,-0.052705857183363916,0,9.07875007952852e-05
2026-05-11,ASTER,,0.0531226381185775,0,0.011935518468035842
2026-05-11,ATOM,,0.26873978698599416,1,0.009639769391195312
2026-05-11,AVAX,,0.01122177955894504,0,0.0
2026-05-11,BCH,,-0.25570255845675804,-1,-0.041848458132694596
2026-05-11,BFUSD,,0.1698185248805181,1,0.0347290859740552
2026-05-11,BNB,,0.061620521986217265,0,-0.0017149221239287585
2026-05-11,BONK,,0.008473003536327493,0,0.006751628144254215
2026-05-11,BTC,,-0.37883359699145963,-1,-0.06768901380844433
2026-05-11,CAKE,,0.028123685296725726,0,0.012032234157336834
2026-05-11,CHZ,,0.1549456979607825,1,0.004327517382425223
2026-05-11,DASH,,0.11752093069471903,1,0.011326734500482391
2026-05-11,DEXE,,0.30854959804788107,1,0.005523174048846372
2026-05-11,DOGE,,0.03576553009560558,0,0.012959433501809656
2026-05-11,DOT,,0.0243120886992225,0,0.0
2026-05-11,ENA,,-0.16757842760960415,-1,-0.015383148345934829
2026-05-11,ETC,,0.0104485384219084,0,0.0
2026-05-11,ETH,,-0.37906921131707566,-1,-0.06768901380844433
2026-05-11,FET,,-0.045662238526035674,0,0.0
2026-05-11,FIL,,-0.02745885757283686,0,0.0011206307230748006
2026-05-11,HBAR,,0.08775924005552183,0,0.0
2026-05-11,ICP,,-0.34458914762121684,-1,-0.015391486600268295
2026-05-11,JST,,0.4627395434331307,1,0.03421624697153267
2026-05-11,JUP,,-0.33259224591223263,-1,-0.013322014668800276
2026-05-11,LINK,,-0.09095693585998116,0,9.671568930098886e-05
2026-05-11,LTC,,-0.07755463977132154,0,0.0
2026-05-11,LUNC,,-0.4632940080369988,-1,-0.0075582626857807755
2026-05-11,MORPHO,,-0.1672800258812863,-1,-0.014957630977167076
2026-05-11,NEAR,,0.12887408111649806,1,0.012729264380858946
2026-05-11,NEXO,,-0.018560833927371147,0,0.0
2026-05-11,NIGHT,,0.3749264614222743,1,0.01698198216106857
2026-05-11,ONDO,,-0.26653406393389234,-1,-0.011315480367846695
2026-05-11,PENGU,,-0.09310453467524676,0,0.006393192011105395
2026-05-11,PEPE,,0.11443235174636768,0,0.013056149191110644
2026-05-11,POL,,0.10583732714423114,0,0.012600861476817857
2026-05-11,PUMP,,-0.02359858977627515,0,0.006537535399996883
2026-05-11,QNT,,0.405592369026695,1,0.025283796447866887
2026-05-11,RENDER,,0.20371721995344996,1,0.027368048674002887
2026-05-11,RLUSD,,0.9064742936622991,1,0.03594694090436667
2026-05-11,SHIB,,-0.06292455933596157,0,0.0
2026-05-11,SKY,,-0.13694146997204482,0,-0.009003397213656728
2026-05-11,SOL,,-0.17013799913386488,-1,-0.029149883666810452
2026-05-11,STX,,0.036854299688914204,0,9.671568930098886e-05
2026-05-11,SUI,,-0.390172017978323,-1,-0.01576676232122047
2026-05-11,TAO,,-0.03272323414491035,0,0.0
2026-05-11,TON,,-0.8882895243690511,-1,-0.009315793691352832
2026-05-11,TRUMP,,0.07067230467963918,0,0.0
2026-05-11,TRX,,0.3443433482209695,1,0.0347290859740552
2026-05-11,U,,0.9443795327192256,1,0.03594694090436667
2026-05-11,UNI,,-0.10010888134867739,0,0.0
2026-05-11,VET,,-0.04632314474019251,0,0.0
2026-05-11,VIRTUAL,,0.08904781730954905,0,0.008936514271467726
2026-05-11,WLD,,0.01616462714243356,0,-0.0007869373600089145
2026-05-11,WLFI,,0.02471161838833081,0,-0.0055386881418501635
2026-05-11,XLM,,-0.0016436482243305799,0,-0.012264634779165104
2026-05-11,XRP,,-0.10443708789433627,0,-0.019618258260235187
2026-05-11,ZEC,,-0.14030065519368076,0,-0.0003614649934270077
2026-05-18,AAVE,,-0.18857390081224706,0,0.0
2026-05-18,ADA,,-0.2314074870291906,-1,-0.034232512671093326
2026-05-18,ALGO,,0.12099129044389115,0,0.0
2026-05-18,APT,,0.06997878556807838,0,0.0
2026-05-18,ARB,,-0.13505867475708688,0,0.0
2026-05-18,ASTER,,0.2770131545720381,1,0.03467177082891883
2026-05-18,ATOM,,0.14687906179082671,0,0.0
2026-05-18,AVAX,,-0.04375189377884957,0,0.0
2026-05-18,BCH,,-0.40367341944918694,-1,-0.038323165360710024
2026-05-18,BFUSD,,0.07634795892734972,0,0.0
2026-05-18,BNB,,-0.1578977347808169,0,0.0
2026-05-18,BONK,,0.05304277402857925,0,0.0
2026-05-18,BTC,,-0.43077447872788094,-1,-0.06813338682568042
2026-05-18,CAKE,,-0.0021453532790052087,0,0.0
2026-05-18,CHZ,,-0.16818611898968458,0,0.0
2026-05-18,DASH,,0.20803396454612502,1,0.017407827487481063
2026-05-18,DEXE,,0.16125010904293124,1,0.012399651728722748
2026-05-18,DOGE,,-0.23488849259449104,-1,-0.04996781353973866
2026-05-18,DOT,,-0.08596090631979367,0,0.0
2026-05-18,ENA,,-0.22096691872666732,-1,-0.015258775635224344
2026-05-18,ETC,,-0.061143316253339436,0,0.0
2026-05-18,ETH,,-0.27526284160218323,-1,-0.0666299599231331
2026-05-18,FET,,0.14069073121587347,0,0.0
2026-05-18,FIL,,-0.02499602095274787,0,0.0
2026-05-18,HBAR,,-0.03806656058342819,0,0.0
2026-05-18,ICP,,-0.3397644781255802,-1,-0.011949926348269338
2026-05-18,JST,,0.8261642229609324,1,0.05300625174563941
2026-05-18,JUP,,-0.2978360966985328,-1,-0.010827997068751287
2026-05-18,LINK,,-0.2064988446387771,0,0.0
2026-05-18,LTC,,-0.17343271697195145,0,0.0
2026-05-18,LUNC,,-0.13283958587573166,0,0.0
2026-05-18,MORPHO,,-0.015356124696925901,0,0.0
2026-05-18,NEAR,,-0.35519680406880827,-1,-0.011162556836052967
2026-05-18,NEXO,,0.03959927352618062,0,0.0
2026-05-18,NIGHT,,0.34705882721980613,1,0.02335472724526621
2026-05-18,ONDO,,-0.18091053802681936,0,0.0
2026-05-18,PENGU,,0.3537532726065402,1,0.017703430030570583
2026-05-18,PEPE,,0.15435033671848178,0,0.0
2026-05-18,POL,,0.15129574890632483,0,0.0
2026-05-18,PUMP,,0.051450193759673926,0,0.0
2026-05-18,QNT,,0.2726483200054014,1,0.04210539164275584
2026-05-18,RENDER,,0.3979672831168738,1,0.024418622504261817
2026-05-18,RLUSD,,0.8140468370257387,1,0.05300625174563941
2026-05-18,SHIB,,-0.028782580638053796,0,0.0
2026-05-18,SKY,,0.14615593071307115,0,0.0
2026-05-18,SOL,,-0.22502838011888082,-1,-0.030945787271642197
2026-05-18,STX,,0.03591094078046497,0,0.0
2026-05-18,SUI,,-0.44204115859839105,-1,-0.012196868575551781
2026-05-18,TAO,,0.11014390309753519,0,0.0
2026-05-18,TON,,-0.9769536250455503,-1,-0.007237863118472183
2026-05-18,TRUMP,,0.21472558096410196,1,0.0261943235405931
2026-05-18,TRX,,0.39207065401158686,1,0.05300625174563941
2026-05-18,U,,0.7869852151531487,1,0.05300625174563941
2026-05-18,UNI,,-0.21435979670379987,0,0.0
2026-05-18,VET,,0.03731227649077341,0,0.0
2026-05-18,VIRTUAL,,0.215377550477669,1,0.014719248008872173
2026-05-18,WLD,,0.13431159654705072,0,0.0
2026-05-18,WLFI,,0.005987212246173723,0,0.0
2026-05-18,XLM,,0.04197537569859188,0,0.0
2026-05-18,XRP,,-0.3451742696616837,-1,-0.06813338682568042
2026-05-18,ZEC,,-0.14658926365573102,0,0.0
2026-05-25,AAVE,,-0.14670550167190402,0,0.0
2026-05-25,ADA,,-0.16798946228405698,0,0.0
2026-05-25,ALGO,,0.2188130418665005,1,0.02126666788032591
2026-05-25,APT,,0.10205089379256145,0,0.0
2026-05-25,ARB,,-0.02188921596264626,0,0.0
2026-05-25,ASTER,,0.1025440930778913,0,0.0
2026-05-25,ATOM,,0.003372145635765526,0,0.0
2026-05-25,AVAX,,-0.053304352835982435,0,0.0
2026-05-25,BCH,,-0.37737568104080477,-1,-0.034621484432685916
2026-05-25,BFUSD,,0.590741313225085,1,0.05375116798403255
2026-05-25,BNB,,-0.24311495874609218,-1,-0.0645360794240411
2026-05-25,BONK,,0.029934593972139885,0,0.0
2026-05-25,BTC,,-0.49144174448057515,-1,-0.0645360794240411
2026-05-25,CAKE,,0.065940011477742,0,0.0
2026-05-25,CHZ,,-0.1005783785694124,0,0.0
2026-05-25,DASH,,-0.03609200076397579,0,0.0
2026-05-25,DEXE,,0.9636618378466199,1,0.030788026863443806
2026-05-25,DOGE,,-0.19446287467574502,0,0.0
2026-05-25,DOT,,-0.07849827817894398,0,0.0
2026-05-25,ENA,,-0.24195176465288018,-1,-0.013819910920837708
2026-05-25,ETC,,-0.14560128470269354,0,0.0
2026-05-25,ETH,,-0.24471522670687518,-1,-0.0613867487065405
2026-05-25,FET,,0.32195246051594867,1,0.016014996125938177
2026-05-25,FIL,,0.036289315308109936,0,0.0
2026-05-25,HBAR,,0.10966407787950248,0,0.0
2026-05-25,ICP,,-0.235955458308825,0,0.0
2026-05-25,JST,,0.76203979360546,1,0.05375116798403255
2026-05-25,JUP,,-0.32722684938547975,-1,-0.00975980035277767
2026-05-25,LINK,,-0.18641844524097978,0,0.0
2026-05-25,LTC,,-0.06741660097437968,0,0.0
2026-05-25,LUNC,,0.2686504914549349,1,0.01580293508659978
2026-05-25,MORPHO,,-0.1969395800647583,0,0.0
2026-05-25,NEAR,,-0.4841059810724784,-1,-0.011347034236799537
2026-05-25,NEXO,,0.026491703198151816,0,0.0
2026-05-25,NIGHT,,0.6329397634008831,1,0.04096344402263303
2026-05-25,ONDO,,-0.4453666164303857,-1,-0.009716113723865423
2026-05-25,PENGU,,0.24157199563994294,1,0.01779042462394222
2026-05-25,PEPE,,0.19133097187320205,0,0.0
2026-05-25,POL,,0.2135672441536024,1,0.028774455957309902
2026-05-25,PUMP,,0.09460966523544853,0,0.0
2026-05-25,QNT,,-0.04378428472693395,0,0.0
2026-05-25,RENDER,,0.2969736547478292,1,0.023819598041444155
2026-05-25,RLUSD,,0.6286865142963345,1,0.05375116798403255
2026-05-25,SHIB,,0.03502847622147901,0,0.0
2026-05-25,SKY,,0.07178359544279442,0,0.0
2026-05-25,SOL,,-0.1946317299181706,0,0.0
2026-05-25,STX,,-0.0008804942375601182,0,0.0
2026-05-25,SUI,,-0.46618760691217825,-1,-0.010885370860465987
2026-05-25,TAO,,0.11865178812607408,0,0.0
2026-05-25,TON,,-0.9313634418213893,-1,-0.00671182915942289
2026-05-25,TRUMP,,0.1983737213273271,0,0.0
2026-05-25,TRX,,-0.2577653638548935,-1,-0.0645360794240411
2026-05-25,U,,0.6076948040433688,1,0.05375116798403255
2026-05-25,UNI,,-0.24027416958690553,0,0.0
2026-05-25,VET,,-0.0847745714854415,0,0.0
2026-05-25,VIRTUAL,,0.2291278637296141,1,0.014774779462232783
2026-05-25,WLD,,0.1309850474689757,0,0.0
2026-05-25,WLFI,,0.07060114429944742,0,0.0
2026-05-25,XLM,,0.08267151569292261,0,0.0
2026-05-25,XRP,,-0.26401797102288044,-1,-0.06226631901129118
2026-05-25,ZEC,,-0.47591364823943394,-1,-0.010877150323189888
