week,VolC,MAXRET,CRASH8,BETA26,TVLC,SKEW52,NEWC,RMOM1w,RMOM2w,SMBC,NetRel,MomC,NetMom,FunC
2019-04-01,0.09514446100662839,0.09514446100662839,0.1695474295138118,0.10047255082299959,0.1255906885287495,0.11303161967587454,0.10047255082299959,0.047572230503314196,0.047572230503314196,0.03805778440265136,0.049950842028479915,0.00396435254194285,0.00396435254194285,0.009514446100662838
2019-04-08,0.09514446100662839,0.09514446100662839,0.1695474295138118,0.10047255082299959,0.1255906885287495,0.11303161967587454,0.10047255082299959,0.047572230503314196,0.047572230503314196,0.03805778440265136,0.049950842028479915,0.00396435254194285,0.00396435254194285,0.009514446100662838
2019-04-15,0.09514446100662839,0.09514446100662839,0.1695474295138118,0.10047255082299959,0.1255906885287495,0.11303161967587454,0.10047255082299959,0.047572230503314196,0.047572230503314196,0.03805778440265136,0.049950842028479915,0.00396435254194285,0.00396435254194285,0.009514446100662838
2019-04-22,0.09514446100662839,0.09514446100662839,0.1695474295138118,0.10047255082299959,0.1255906885287495,0.11303161967587454,0.10047255082299959,0.047572230503314196,0.047572230503314196,0.03805778440265136,0.049950842028479915,0.00396435254194285,0.00396435254194285,0.009514446100662838
2019-04-29,0.09514446100662839,0.09514446100662839,0.1695474295138118,0.10047255082299959,0.1255906885287495,0.11303161967587454,0.10047255082299959,0.047572230503314196,0.047572230503314196,0.03805778440265136,0.049950842028479915,0.00396435254194285,0.00396435254194285,0.009514446100662838
2019-05-06,0.09514446100662839,0.09514446100662839,0.1695474295138118,0.10047255082299959,0.1255906885287495,0.11303161967587454,0.10047255082299959,0.047572230503314196,0.047572230503314196,0.03805778440265136,0.049950842028479915,0.00396435254194285,0.00396435254194285,0.009514446100662838
2019-05-13,0.09514446100662839,0.09514446100662839,0.1695474295138118,0.10047255082299959,0.1255906885287495,0.11303161967587454,0.10047255082299959,0.047572230503314196,0.047572230503314196,0.03805778440265136,0.049950842028479915,0.00396435254194285,0.00396435254194285,0.009514446100662838
2019-05-20,0.09514446100662839,0.09514446100662839,0.1695474295138118,0.10047255082299959,0.1255906885287495,0.11303161967587454,0.10047255082299959,0.047572230503314196,0.047572230503314196,0.03805778440265136,0.049950842028479915,0.00396435254194285,0.00396435254194285,0.009514446100662838
2019-05-27,0.09514446100662839,0.09514446100662839,0.1695474295138118,0.10047255082299959,0.1255906885287495,0.11303161967587454,0.10047255082299959,0.047572230503314196,0.047572230503314196,0.03805778440265136,0.049950842028479915,0.00396435254194285,0.00396435254194285,0.009514446100662838
2019-06-03,0.09514446100662839,0.09514446100662839,0.1695474295138118,0.10047255082299959,0.1255906885287495,0.11303161967587454,0.10047255082299959,0.047572230503314196,0.047572230503314196,0.03805778440265136,0.049950842028479915,0.00396435254194285,0.00396435254194285,0.009514446100662838
2019-06-10,0.09514446100662839,0.09514446100662839,0.1695474295138118,0.10047255082299959,0.1255906885287495,0.11303161967587454,0.10047255082299959,0.047572230503314196,0.047572230503314196,0.03805778440265136,0.049950842028479915,0.00396435254194285,0.00396435254194285,0.009514446100662838
2019-06-17,0.09514446100662839,0.09514446100662839,0.1695474295138118,0.10047255082299959,0.1255906885287495,0.11303161967587454,0.10047255082299959,0.047572230503314196,0.047572230503314196,0.03805778440265136,0.049950842028479915,0.00396435254194285,0.00396435254194285,0.009514446100662838
2019-06-24,0.09514446100662839,0.09514446100662839,0.1695474295138118,0.10047255082299959,0.1255906885287495,0.11303161967587454,0.10047255082299959,0.047572230503314196,0.047572230503314196,0.03805778440265136,0.049950842028479915,0.00396435254194285,0.00396435254194285,0.009514446100662838
2019-07-01,0.09514446100662839,0.09514446100662839,0.1695474295138118,0.10047255082299959,0.1255906885287495,0.11303161967587454,0.10047255082299959,0.047572230503314196,0.047572230503314196,0.03805778440265136,0.049950842028479915,0.00396435254194285,0.00396435254194285,0.009514446100662838
2019-07-08,0.09514446100662839,0.09514446100662839,0.1695474295138118,0.10047255082299959,0.1255906885287495,0.11303161967587454,0.10047255082299959,0.047572230503314196,0.047572230503314196,0.03805778440265136,0.049950842028479915,0.00396435254194285,0.00396435254194285,0.009514446100662838
2019-07-15,0.09514446100662839,0.09514446100662839,0.1695474295138118,0.10047255082299959,0.1255906885287495,0.11303161967587454,0.10047255082299959,0.047572230503314196,0.047572230503314196,0.03805778440265136,0.049950842028479915,0.00396435254194285,0.00396435254194285,0.009514446100662838
2019-07-22,0.09514446100662839,0.09514446100662839,0.1695474295138118,0.10047255082299959,0.1255906885287495,0.11303161967587454,0.10047255082299959,0.047572230503314196,0.047572230503314196,0.03805778440265136,0.049950842028479915,0.00396435254194285,0.00396435254194285,0.009514446100662838
2019-07-29,0.09514446100662839,0.09514446100662839,0.1695474295138118,0.10047255082299959,0.1255906885287495,0.11303161967587454,0.10047255082299959,0.047572230503314196,0.047572230503314196,0.03805778440265136,0.049950842028479915,0.00396435254194285,0.00396435254194285,0.009514446100662838
2019-08-05,0.09514446100662839,0.09514446100662839,0.1695474295138118,0.10047255082299959,0.1255906885287495,0.11303161967587454,0.10047255082299959,0.047572230503314196,0.047572230503314196,0.03805778440265136,0.049950842028479915,0.00396435254194285,0.00396435254194285,0.009514446100662838
2019-08-12,0.09514446100662839,0.09514446100662839,0.1695474295138118,0.10047255082299959,0.1255906885287495,0.11303161967587454,0.10047255082299959,0.047572230503314196,0.047572230503314196,0.03805778440265136,0.049950842028479915,0.00396435254194285,0.00396435254194285,0.009514446100662838
2019-08-19,0.09514446100662839,0.09514446100662839,0.1695474295138118,0.10047255082299959,0.1255906885287495,0.11303161967587454,0.10047255082299959,0.047572230503314196,0.047572230503314196,0.03805778440265136,0.049950842028479915,0.00396435254194285,0.00396435254194285,0.009514446100662838
2019-08-26,0.09514446100662839,0.09514446100662839,0.1695474295138118,0.10047255082299959,0.1255906885287495,0.11303161967587454,0.10047255082299959,0.047572230503314196,0.047572230503314196,0.03805778440265136,0.049950842028479915,0.00396435254194285,0.00396435254194285,0.009514446100662838
2019-09-02,0.09514446100662839,0.09514446100662839,0.1695474295138118,0.10047255082299959,0.1255906885287495,0.11303161967587454,0.10047255082299959,0.047572230503314196,0.047572230503314196,0.03805778440265136,0.049950842028479915,0.00396435254194285,0.00396435254194285,0.009514446100662838
2019-09-09,0.09514446100662839,0.09514446100662839,0.1695474295138118,0.10047255082299959,0.1255906885287495,0.11303161967587454,0.10047255082299959,0.047572230503314196,0.047572230503314196,0.03805778440265136,0.049950842028479915,0.00396435254194285,0.00396435254194285,0.009514446100662838
2019-09-16,0.09514446100662839,0.09514446100662839,0.1695474295138118,0.10047255082299959,0.1255906885287495,0.11303161967587454,0.10047255082299959,0.047572230503314196,0.047572230503314196,0.03805778440265136,0.049950842028479915,0.00396435254194285,0.00396435254194285,0.009514446100662838
2019-09-23,0.09514446100662839,0.09514446100662839,0.1695474295138118,0.10047255082299959,0.1255906885287495,0.11303161967587454,0.10047255082299959,0.047572230503314196,0.047572230503314196,0.03805778440265136,0.049950842028479915,0.00396435254194285,0.00396435254194285,0.009514446100662838
2019-09-30,0.09514446100662839,0.09514446100662839,0.1695474295138118,0.10047255082299959,0.1255906885287495,0.11303161967587454,0.10047255082299959,0.047572230503314196,0.047572230503314196,0.03805778440265136,0.049950842028479915,0.00396435254194285,0.00396435254194285,0.009514446100662838
2019-10-07,0.09514446100662839,0.09514446100662839,0.1695474295138118,0.10047255082299959,0.1255906885287495,0.11303161967587454,0.10047255082299959,0.047572230503314196,0.047572230503314196,0.03805778440265136,0.049950842028479915,0.00396435254194285,0.00396435254194285,0.009514446100662838
2019-10-14,0.09514446100662839,0.09514446100662839,0.1695474295138118,0.10047255082299959,0.1255906885287495,0.11303161967587454,0.10047255082299959,0.047572230503314196,0.047572230503314196,0.03805778440265136,0.049950842028479915,0.00396435254194285,0.00396435254194285,0.009514446100662838
2019-10-21,0.09514446100662839,0.09514446100662839,0.1695474295138118,0.10047255082299959,0.1255906885287495,0.11303161967587454,0.10047255082299959,0.047572230503314196,0.047572230503314196,0.03805778440265136,0.049950842028479915,0.00396435254194285,0.00396435254194285,0.009514446100662838
2019-10-28,0.09514446100662839,0.09514446100662839,0.1695474295138118,0.10047255082299959,0.1255906885287495,0.11303161967587454,0.10047255082299959,0.047572230503314196,0.047572230503314196,0.03805778440265136,0.049950842028479915,0.00396435254194285,0.00396435254194285,0.009514446100662838
2019-11-04,0.09514446100662839,0.09514446100662839,0.1695474295138118,0.10047255082299959,0.1255906885287495,0.11303161967587454,0.10047255082299959,0.047572230503314196,0.047572230503314196,0.03805778440265136,0.049950842028479915,0.00396435254194285,0.00396435254194285,0.009514446100662838
2019-11-11,0.09514446100662839,0.09514446100662839,0.1695474295138118,0.10047255082299959,0.1255906885287495,0.11303161967587454,0.10047255082299959,0.047572230503314196,0.047572230503314196,0.03805778440265136,0.049950842028479915,0.00396435254194285,0.00396435254194285,0.009514446100662838
2019-11-18,0.09514446100662839,0.09514446100662839,0.1695474295138118,0.10047255082299959,0.1255906885287495,0.11303161967587454,0.10047255082299959,0.047572230503314196,0.047572230503314196,0.03805778440265136,0.049950842028479915,0.00396435254194285,0.00396435254194285,0.009514446100662838
2019-11-25,0.09514446100662839,0.09514446100662839,0.1695474295138118,0.10047255082299959,0.1255906885287495,0.11303161967587454,0.10047255082299959,0.047572230503314196,0.047572230503314196,0.03805778440265136,0.049950842028479915,0.00396435254194285,0.00396435254194285,0.009514446100662838
2019-12-02,0.09514446100662839,0.09514446100662839,0.1695474295138118,0.10047255082299959,0.1255906885287495,0.11303161967587454,0.10047255082299959,0.047572230503314196,0.047572230503314196,0.03805778440265136,0.049950842028479915,0.00396435254194285,0.00396435254194285,0.009514446100662838
2019-12-09,0.09514446100662839,0.09514446100662839,0.1695474295138118,0.10047255082299959,0.1255906885287495,0.11303161967587454,0.10047255082299959,0.047572230503314196,0.047572230503314196,0.03805778440265136,0.049950842028479915,0.00396435254194285,0.00396435254194285,0.009514446100662838
2019-12-16,0.09514446100662839,0.09514446100662839,0.1695474295138118,0.10047255082299959,0.1255906885287495,0.11303161967587454,0.10047255082299959,0.047572230503314196,0.047572230503314196,0.03805778440265136,0.049950842028479915,0.00396435254194285,0.00396435254194285,0.009514446100662838
2019-12-23,0.09514446100662839,0.09514446100662839,0.1695474295138118,0.10047255082299959,0.1255906885287495,0.11303161967587454,0.10047255082299959,0.047572230503314196,0.047572230503314196,0.03805778440265136,0.049950842028479915,0.00396435254194285,0.00396435254194285,0.009514446100662838
2019-12-30,0.09514446100662839,0.09514446100662839,0.1695474295138118,0.10047255082299959,0.1255906885287495,0.11303161967587454,0.10047255082299959,0.047572230503314196,0.047572230503314196,0.03805778440265136,0.049950842028479915,0.00396435254194285,0.00396435254194285,0.009514446100662838
2020-01-06,0.09514446100662839,0.09514446100662839,0.1695474295138118,0.10047255082299959,0.1255906885287495,0.11303161967587454,0.10047255082299959,0.047572230503314196,0.047572230503314196,0.03805778440265136,0.049950842028479915,0.00396435254194285,0.00396435254194285,0.009514446100662838
2020-01-13,0.09514446100662839,0.09514446100662839,0.1695474295138118,0.10047255082299959,0.1255906885287495,0.11303161967587454,0.10047255082299959,0.047572230503314196,0.047572230503314196,0.03805778440265136,0.049950842028479915,0.00396435254194285,0.00396435254194285,0.009514446100662838
2020-01-20,0.09514446100662839,0.09514446100662839,0.1695474295138118,0.10047255082299959,0.1255906885287495,0.11303161967587454,0.10047255082299959,0.047572230503314196,0.047572230503314196,0.03805778440265136,0.049950842028479915,0.00396435254194285,0.00396435254194285,0.009514446100662838
2020-01-27,0.09514446100662839,0.09514446100662839,0.1695474295138118,0.10047255082299959,0.1255906885287495,0.11303161967587454,0.10047255082299959,0.047572230503314196,0.047572230503314196,0.03805778440265136,0.049950842028479915,0.00396435254194285,0.00396435254194285,0.009514446100662838
2020-02-03,0.09514446100662839,0.09514446100662839,0.1695474295138118,0.10047255082299959,0.1255906885287495,0.11303161967587454,0.10047255082299959,0.047572230503314196,0.047572230503314196,0.03805778440265136,0.049950842028479915,0.00396435254194285,0.00396435254194285,0.009514446100662838
2020-02-10,0.09514446100662839,0.09514446100662839,0.1695474295138118,0.10047255082299959,0.1255906885287495,0.11303161967587454,0.10047255082299959,0.047572230503314196,0.047572230503314196,0.03805778440265136,0.049950842028479915,0.00396435254194285,0.00396435254194285,0.009514446100662838
2020-02-17,0.09514446100662839,0.09514446100662839,0.1695474295138118,0.10047255082299959,0.1255906885287495,0.11303161967587454,0.10047255082299959,0.047572230503314196,0.047572230503314196,0.03805778440265136,0.049950842028479915,0.00396435254194285,0.00396435254194285,0.009514446100662838
2020-02-24,0.09514446100662839,0.09514446100662839,0.1695474295138118,0.10047255082299959,0.1255906885287495,0.11303161967587454,0.10047255082299959,0.047572230503314196,0.047572230503314196,0.03805778440265136,0.049950842028479915,0.00396435254194285,0.00396435254194285,0.009514446100662838
2020-03-02,0.09514446100662839,0.09514446100662839,0.1695474295138118,0.10047255082299959,0.1255906885287495,0.11303161967587454,0.10047255082299959,0.047572230503314196,0.047572230503314196,0.03805778440265136,0.049950842028479915,0.00396435254194285,0.00396435254194285,0.009514446100662838
2020-03-09,0.09514446100662839,0.09514446100662839,0.1695474295138118,0.10047255082299959,0.1255906885287495,0.11303161967587454,0.10047255082299959,0.047572230503314196,0.047572230503314196,0.03805778440265136,0.049950842028479915,0.00396435254194285,0.00396435254194285,0.009514446100662838
2020-03-16,0.09514446100662839,0.09514446100662839,0.1695474295138118,0.10047255082299959,0.1255906885287495,0.11303161967587454,0.10047255082299959,0.047572230503314196,0.047572230503314196,0.03805778440265136,0.049950842028479915,0.00396435254194285,0.00396435254194285,0.009514446100662838
2020-03-23,0.09514446100662839,0.09514446100662839,0.1695474295138118,0.10047255082299959,0.1255906885287495,0.11303161967587454,0.10047255082299959,0.047572230503314196,0.047572230503314196,0.03805778440265136,0.049950842028479915,0.00396435254194285,0.00396435254194285,0.009514446100662838
2020-03-30,0.09514446100662839,0.09514446100662839,0.1695474295138118,0.10047255082299959,0.1255906885287495,0.11303161967587454,0.10047255082299959,0.047572230503314196,0.047572230503314196,0.03805778440265136,0.049950842028479915,0.00396435254194285,0.00396435254194285,0.009514446100662838
2020-04-06,0.09514446100662839,0.09514446100662839,0.1695474295138118,0.10047255082299959,0.1255906885287495,0.11303161967587454,0.10047255082299959,0.047572230503314196,0.047572230503314196,0.03805778440265136,0.049950842028479915,0.00396435254194285,0.00396435254194285,0.009514446100662838
2020-04-13,0.09514446100662839,0.09514446100662839,0.1695474295138118,0.10047255082299959,0.1255906885287495,0.11303161967587454,0.10047255082299959,0.047572230503314196,0.047572230503314196,0.03805778440265136,0.049950842028479915,0.00396435254194285,0.00396435254194285,0.009514446100662838
2020-04-20,0.09514446100662839,0.09514446100662839,0.1695474295138118,0.10047255082299959,0.1255906885287495,0.11303161967587454,0.10047255082299959,0.047572230503314196,0.047572230503314196,0.03805778440265136,0.049950842028479915,0.00396435254194285,0.00396435254194285,0.009514446100662838
2020-04-27,0.09514446100662839,0.09514446100662839,0.1695474295138118,0.10047255082299959,0.1255906885287495,0.11303161967587454,0.10047255082299959,0.047572230503314196,0.047572230503314196,0.03805778440265136,0.049950842028479915,0.00396435254194285,0.00396435254194285,0.009514446100662838
2020-05-04,0.09514446100662839,0.09514446100662839,0.1695474295138118,0.10047255082299959,0.1255906885287495,0.11303161967587454,0.10047255082299959,0.047572230503314196,0.047572230503314196,0.03805778440265136,0.049950842028479915,0.00396435254194285,0.00396435254194285,0.009514446100662838
2020-05-11,0.09514446100662839,0.09514446100662839,0.1695474295138118,0.10047255082299959,0.1255906885287495,0.11303161967587454,0.10047255082299959,0.047572230503314196,0.047572230503314196,0.03805778440265136,0.049950842028479915,0.00396435254194285,0.00396435254194285,0.009514446100662838
2020-05-18,0.09514446100662839,0.09514446100662839,0.1695474295138118,0.10047255082299959,0.1255906885287495,0.11303161967587454,0.10047255082299959,0.047572230503314196,0.047572230503314196,0.03805778440265136,0.049950842028479915,0.00396435254194285,0.00396435254194285,0.009514446100662838
2020-05-25,0.09514446100662839,0.09514446100662839,0.1695474295138118,0.10047255082299959,0.1255906885287495,0.11303161967587454,0.10047255082299959,0.047572230503314196,0.047572230503314196,0.03805778440265136,0.049950842028479915,0.00396435254194285,0.00396435254194285,0.009514446100662838
2020-06-01,0.09514446100662839,0.09514446100662839,0.1695474295138118,0.10047255082299959,0.1255906885287495,0.11303161967587454,0.10047255082299959,0.047572230503314196,0.047572230503314196,0.03805778440265136,0.049950842028479915,0.00396435254194285,0.00396435254194285,0.009514446100662838
2020-06-08,0.09514446100662839,0.09514446100662839,0.1695474295138118,0.10047255082299959,0.1255906885287495,0.11303161967587454,0.10047255082299959,0.047572230503314196,0.047572230503314196,0.03805778440265136,0.049950842028479915,0.00396435254194285,0.00396435254194285,0.009514446100662838
2020-06-15,0.09514446100662839,0.09514446100662839,0.1695474295138118,0.10047255082299959,0.1255906885287495,0.11303161967587454,0.10047255082299959,0.047572230503314196,0.047572230503314196,0.03805778440265136,0.049950842028479915,0.00396435254194285,0.00396435254194285,0.009514446100662838
2020-06-22,0.09514446100662839,0.09514446100662839,0.1695474295138118,0.10047255082299959,0.1255906885287495,0.11303161967587454,0.10047255082299959,0.047572230503314196,0.047572230503314196,0.03805778440265136,0.049950842028479915,0.00396435254194285,0.00396435254194285,0.009514446100662838
2020-06-29,0.09514446100662839,0.09514446100662839,0.1695474295138118,0.10047255082299959,0.1255906885287495,0.11303161967587454,0.10047255082299959,0.047572230503314196,0.047572230503314196,0.03805778440265136,0.049950842028479915,0.00396435254194285,0.00396435254194285,0.009514446100662838
2020-07-06,0.09514446100662839,0.09514446100662839,0.1695474295138118,0.10047255082299959,0.1255906885287495,0.11303161967587454,0.10047255082299959,0.047572230503314196,0.047572230503314196,0.03805778440265136,0.049950842028479915,0.00396435254194285,0.00396435254194285,0.009514446100662838
2020-07-13,0.09514446100662839,0.09514446100662839,0.1695474295138118,0.10047255082299959,0.1255906885287495,0.11303161967587454,0.10047255082299959,0.047572230503314196,0.047572230503314196,0.03805778440265136,0.049950842028479915,0.00396435254194285,0.00396435254194285,0.009514446100662838
2020-07-20,0.17816930748130344,0.1209036184476528,0.18479401587770306,0.025206814836509175,0.24358245360025596,0.050404956969028324,0.03360578256144461,0.050907527718217965,0.054088954886754116,0.012729463091456289,0.028637772189546926,0.0021213425308274,0.0021213425308274,0.012726647278472511
2020-07-27,0.1781647555229104,0.12090220616424742,0.18479317996135133,0.025210941390344344,0.24357598452951226,0.05040839056722262,0.033609448629614916,0.05090734485567989,0.054088597597827824,0.012730851753642013,0.028638940709709924,0.0021214435765413617,0.0021214435765413617,0.01272647116485433
2020-08-03,0.1781673481774136,0.12090301055712947,0.18479365607341267,0.025208591033100334,0.2435796691118276,0.050406434896047264,0.033607360550742,0.05090744900851739,0.05408880109853317,0.012730060814675002,0.02863827515682013,0.0021213860240325926,0.0021213860240325926,0.012726571473716104
2020-08-10,0.17817748387412113,0.12090615524234542,0.18479551738098227,0.025199402570792714,0.2435940735798337,0.05039878941537547,0.03359919743678649,0.050907856182543426,0.05408959666208652,0.01272696872605549,0.028635673251234443,0.0021211610288498876,0.0021211610288498876,0.012726963620143162
2020-08-17,0.1781774520348066,0.12090614536393009,0.18479551153404755,0.025199431434555105,0.2435940283310066,0.050398813432161946,0.033599223079617,0.05090785490348563,0.05408959416297876,0.012726978439248865,0.02863568142461341,0.002121161735628375,0.002121161735628375,0.012726962388291635
2020-08-24,0.17772701199103946,0.12076639254898597,0.18471279324764703,0.0256077754767481,0.2429538800130066,0.05073858589653221,0.033961999661582615,0.0508897597008174,0.05405423855870927,0.012864393811205535,0.028751312594301748,0.002131160736473542,0.002131160736473542,0.012709535026476967
2020-08-31,0.1781650384116039,0.12090229393284566,0.1847932319107024,0.02521068493909365,0.24357638656020164,0.050408177180802274,0.03360922079597819,0.05090735621996313,0.054088619802116364,0.012730765453022042,0.028638868090166057,0.002121437296894771,0.002121437296894771,0.012726482109715212
2020-09-07,0.17791296663870607,0.12082408654360954,0.18474694174313722,0.025439199273225674,0.24321815171037278,0.050598318018991034,0.033812235020506495,0.05089722992262202,0.054068834372349606,0.012807664780494886,0.028703576710877976,0.002127032860400113,0.002127032860400113,0.01271672954430647
2020-09-14,0.17154036602518094,0.118846933564921,0.18357668476896347,0.031216246695664838,0.23416165324741028,0.05540524902982301,0.038944616789836295,0.05064122803908386,0.05356864095354274,0.014751748784028901,0.03033946870825874,0.0022684937269510648,0.0022684937269510648,0.012470175939383876
2020-09-21,0.17251339269728097,0.11914882327993043,0.18375537025674776,0.03033415450616065,0.23554448187495558,0.05467128304511068,0.0381609580207054,0.05068031673707346,0.053645015038037376,0.014454908341176288,0.030089685826408568,0.0022468941941135097,0.0022468941941135097,0.012507821988185824
2020-09-28,0.17220590561580434,0.11905342282477567,0.1836989036862863,0.03061290529554916,0.23510749288887925,0.05490322433203884,0.038408602771566706,0.05066796428054973,0.05362087999116244,0.014548713171047993,0.03016861995179813,0.002253719882970675,0.002253719882970675,0.012495925424600107
2020-10-05,0.17543917162337364,0.12005657081810674,0.18429265690011337,0.02768180507636313,0.23970248799429236,0.052464332020936276,0.03580458652780228,0.05079785194150889,0.05387466309735705,0.013562343381743289,0.029338617522968673,0.002181946891226966,0.002181946891226966,0.012621019312980304
2020-10-12,0.17709737670713044,0.1205710429024969,0.18459716775550233,0.02617856801727911,0.2420590662114251,0.05121352753422291,0.03446909697529204,0.05086446581714286,0.05400481769517805,0.013056476127004559,0.02891294445932547,0.0021451375660717737,0.0021451375660717737,0.012685174665856726
2020-10-19,0.17817749872721952,0.12090615985065906,0.1847955201085458,0.025199389105819606,0.243594094688486,0.05039877821150622,0.03359918547436503,0.05090785677922659,0.05408959782792484,0.0127269641948366,0.028635669438330614,0.002121160699138526,0.002121160699137618,0.012726964194803925
2020-10-26,0.17817749872730357,0.12090615985067027,0.18479552010860342,0.025199389105718648,0.24359409468861362,0.050398778211437296,0.03359918547429153,0.0509078567792296,0.05408959782793144,0.0127269641948074,0.02863566943831665,0.0021211606991345666,0.0021211606991345666,0.012726964194807396
2020-11-02,0.17817749872730357,0.12090615985067027,0.18479552010860342,0.025199389105718648,0.24359409468861362,0.050398778211437296,0.03359918547429153,0.0509078567792296,0.05408959782793144,0.0127269641948074,0.02863566943831665,0.0021211606991345666,0.0021211606991345666,0.012726964194807396
2020-11-09,0.17817749872730354,0.12090615985067028,0.1847955201086034,0.025199389105718655,0.24359409468861357,0.050398778211437296,0.03359918547429154,0.0509078567792296,0.05408959782793145,0.012726964194807403,0.02863566943831665,0.0021211606991345666,0.0021211606991345666,0.012726964194807395
2020-11-16,0.17817749872730357,0.12090615985067027,0.18479552010860342,0.025199389105718648,0.24359409468861362,0.050398778211437296,0.03359918547429153,0.0509078567792296,0.05408959782793144,0.0127269641948074,0.02863566943831665,0.0021211606991345666,0.0021211606991345666,0.012726964194807396
2020-11-23,0.17817749872730357,0.12090615985067027,0.18479552010860342,0.025199389105718648,0.24359409468861362,0.050398778211437296,0.03359918547429153,0.0509078567792296,0.05408959782793144,0.0127269641948074,0.02863566943831665,0.0021211606991345666,0.0021211606991345666,0.012726964194807396
2020-11-30,0.1614727337245693,0.11572340617579437,0.18172776206524033,0.04034307273658238,0.21985389364900226,0.06299940286546615,0.04705292863490411,0.0502367893247499,0.052778419863412855,0.017823082719565835,0.03292388105987173,0.0024919836728779393,0.00249198121208256,0.012080662295880345
2020-12-07,0.1621693545173385,0.11876919966137434,0.1738172574973526,0.04443063650820316,0.21928770723493407,0.06352670464482847,0.04760064158796093,0.0503357003665585,0.052833274381801014,0.018289908959112658,0.03129650484145997,0.002875409557807337,0.0027025009557627676,0.012065199285505711
2020-12-14,0.17817749774090652,0.12090615971899413,0.18479551943213993,0.025199390290718333,0.24359409319089165,0.050398779020359795,0.03359918633703958,0.05090785674397421,0.05408959775051874,0.012726964537587444,0.028635669602273213,0.0021211607456102133,0.002121160734955853,0.012726964154030468
2020-12-21,0.17817749872730357,0.12090615985067027,0.18479552010860342,0.025199389105718648,0.24359409468861362,0.050398778211437296,0.03359918547429153,0.0509078567792296,0.05408959782793144,0.0127269641948074,0.02863566943831665,0.0021211606991345666,0.0021211606991345666,0.012726964194807396
2020-12-28,0.17817749872730357,0.12090615985067027,0.18479552010860342,0.025199389105718648,0.24359409468861362,0.050398778211437296,0.03359918547429153,0.0509078567792296,0.05408959782793144,0.0127269641948074,0.02863566943831665,0.0021211606991345666,0.0021211606991345666,0.012726964194807396
2021-01-04,0.09515792482398043,0.09514863826928716,0.1695499019935906,0.10046034527050274,0.12560982279567587,0.11302146375287249,0.10046170729852442,0.04757277137552803,0.04757328729523322,0.038053677007016826,0.049947385770604015,0.003964053668157215,0.003964053668157215,0.00951496701086975
2021-01-11,0.17817749872730357,0.12090615985067027,0.18479552010860342,0.025199389105718648,0.24359409468861362,0.050398778211437296,0.03359918547429153,0.0509078567792296,0.05408959782793144,0.0127269641948074,0.02863566943831665,0.0021211606991345666,0.0021211606991345666,0.012726964194807396
2021-01-18,0.05827807708246996,0.10490053874844592,0.10256941566514712,0.1692395358474927,0.061541649399088266,0.1487256527144633,0.13846871114794862,0.04662246166597596,0.04467985909656029,0.05439287194363862,0.04856506423539162,0.007770410277662659,0.006475341898052217,0.007770410277662659
2021-01-25,0.05827807708246996,0.10490053874844592,0.10256941566514712,0.1692395358474927,0.061541649399088266,0.1487256527144633,0.13846871114794862,0.04662246166597596,0.04467985909656029,0.05439287194363862,0.04856506423539162,0.007770410277662659,0.006475341898052217,0.007770410277662659
2021-02-01,0.05827807708246996,0.10490053874844592,0.10256941566514712,0.1692395358474927,0.061541649399088266,0.1487256527144633,0.13846871114794862,0.04662246166597596,0.04467985909656029,0.05439287194363862,0.04856506423539162,0.007770410277662659,0.006475341898052217,0.007770410277662659
2021-02-08,0.05827807708246996,0.10490053874844592,0.10256941566514712,0.1692395358474927,0.061541649399088266,0.1487256527144633,0.13846871114794862,0.04662246166597596,0.04467985909656029,0.05439287194363862,0.04856506423539162,0.007770410277662659,0.006475341898052217,0.007770410277662659
2021-02-15,0.05827807708246996,0.10490053874844592,0.10256941566514712,0.1692395358474927,0.061541649399088266,0.1487256527144633,0.13846871114794862,0.04662246166597596,0.04467985909656029,0.05439287194363862,0.04856506423539162,0.007770410277662659,0.006475341898052217,0.007770410277662659
2021-02-22,0.05827807708246996,0.10490053874844592,0.10256941566514712,0.1692395358474927,0.061541649399088266,0.1487256527144633,0.13846871114794862,0.04662246166597596,0.04467985909656029,0.05439287194363862,0.04856506423539162,0.007770410277662659,0.006475341898052217,0.007770410277662659
2021-03-01,0.05827807708246996,0.10490053874844592,0.10256941566514712,0.1692395358474927,0.061541649399088266,0.1487256527144633,0.13846871114794862,0.04662246166597596,0.04467985909656029,0.05439287194363862,0.04856506423539162,0.007770410277662659,0.006475341898052217,0.007770410277662659
2021-03-08,0.05827807708246996,0.10490053874844592,0.10256941566514712,0.1692395358474927,0.061541649399088266,0.1487256527144633,0.13846871114794862,0.04662246166597596,0.04467985909656029,0.05439287194363862,0.04856506423539162,0.007770410277662659,0.006475341898052217,0.007770410277662659
2021-03-15,0.05827807708246996,0.10490053874844592,0.10256941566514712,0.1692395358474927,0.061541649399088266,0.1487256527144633,0.13846871114794862,0.04662246166597596,0.04467985909656029,0.05439287194363862,0.04856506423539162,0.007770410277662659,0.006475341898052217,0.007770410277662659
2021-03-22,0.05827807708246996,0.10490053874844592,0.10256941566514712,0.1692395358474927,0.061541649399088266,0.1487256527144633,0.13846871114794862,0.04662246166597596,0.04467985909656029,0.05439287194363862,0.04856506423539162,0.007770410277662659,0.006475341898052217,0.007770410277662659
2021-03-29,0.05827807708246996,0.10490053874844592,0.10256941566514712,0.1692395358474927,0.061541649399088266,0.1487256527144633,0.13846871114794862,0.04662246166597596,0.04467985909656029,0.05439287194363862,0.04856506423539162,0.007770410277662659,0.006475341898052217,0.007770410277662659
2021-04-05,0.05827807708246996,0.10490053874844592,0.10256941566514712,0.1692395358474927,0.061541649399088266,0.1487256527144633,0.13846871114794862,0.04662246166597596,0.04467985909656029,0.05439287194363862,0.04856506423539162,0.007770410277662659,0.006475341898052217,0.007770410277662659
2021-04-12,0.05827807708246996,0.10490053874844592,0.10256941566514712,0.1692395358474927,0.061541649399088266,0.1487256527144633,0.13846871114794862,0.04662246166597596,0.04467985909656029,0.05439287194363862,0.04856506423539162,0.007770410277662659,0.006475341898052217,0.007770410277662659
2021-04-19,0.05829810156377757,0.1049032108982036,0.10258315102683839,0.16921547800753228,0.06157205462548988,0.14870923072144837,0.13845119644347054,0.04662317734858229,0.044681430623158165,0.05438591306259809,0.048561736305263725,0.00776946665750724,0.006474614626752588,0.007771238089377162
2021-04-26,0.12619897485173948,0.10477938539919936,0.17525024412015777,0.07232024548713772,0.16972418655619206,0.08960681801658532,0.07546178517697581,0.0488197610693272,0.05000973826374684,0.028584009544568852,0.04197892694363558,0.0032749953032782876,0.003274995298054561,0.010715933969401155
2021-05-03,0.16886232440573584,0.1193918341148495,0.17917659480884313,0.03593843588367473,0.229599096409908,0.05793718782201892,0.04164054539102351,0.05056812943206044,0.05335852361854856,0.015899034704552836,0.030322654494522813,0.002521882454101828,0.0024378152245573903,0.012345941235602587
2021-05-10,0.16866389453795563,0.11805452680250389,0.18276425397394352,0.03399073996382708,0.23001870159507426,0.057612227602925184,0.041300477135591804,0.050528181224073515,0.05334286931515114,0.0156532897777757,0.031026665969610973,0.0023464492421644972,0.0023403361417261024,0.012357386717676805
2021-05-17,0.16380258434509662,0.11649833440282668,0.18200768696288938,0.03831780123865285,0.22313635132910484,0.06126134137693149,0.04519691123590999,0.05033168994156015,0.05296129599880411,0.01712481864950128,0.032299135074640176,0.0024476054765498892,0.0024444211334252977,0.012170022834107197
2021-05-24,0.1779951933060687,0.12085019858569107,0.18476033579215786,0.025365658632102977,0.2433346788686417,0.050536516857618646,0.03374624639889017,0.05090054820751659,0.0540752884839788,0.01278272413314575,0.028682161120230715,0.0021252922231943037,0.0021252555280896037,0.01271990186267309
2021-05-31,0.17796258555145722,0.12083948440985082,0.1847560446663676,0.025394222814864295,0.24328866647918662,0.05056089104636203,0.03377227405701683,0.05089922330711047,0.05407272902327339,0.012792528343454677,0.028690837553960315,0.002125931853556409,0.0021259316591868338,0.01271864923435243
2021-06-07,0.17804100055097383,0.12086381182066039,0.18477044897494085,0.025323133605017277,0.24340010773096454,0.05050174108878709,0.03370911939051605,0.050902373378603406,0.05407888391489104,0.012768605983551578,0.028670708634004866,0.002124190962439396,0.002124190859898963,0.012721683104750785
2021-06-14,0.1780981580985207,0.12088157053629345,0.18478087400174797,0.02527135960101692,0.2434813240642549,0.050458635788201166,0.03366309553237025,0.05090467015676793,0.0540833702840825,0.01275117500504609,0.02865602303230589,0.0021229257013954043,0.0021229240647915077,0.012723894133205247
2021-06-21,0.17816980847986608,0.12090381680518779,0.1847939859586416,0.025206432234963824,0.24358314199700265,0.05040459502742433,0.03360539588287121,0.05090754892023536,0.054088994213427576,0.012729320556096678,0.02863762160897193,0.0021213374596207634,0.0021213348370894454,0.012726666018600851
2021-06-28,0.17814859406911698,0.1208971931286172,0.1847902087061351,0.025225594457895656,0.24355301582867556,0.0504205817938408,0.03362246525043893,0.050906695643128705,0.05408732906511345,0.012735782401037204,0.028643088860169908,0.0021218025012099315,0.00212180242840708,0.012725845866213538
2021-07-05,0.17808769475267267,0.12087830624518561,0.18477900351695437,0.025280815156371567,0.24346646382546586,0.05046652174038109,0.03367151549582122,0.050904249370408355,0.05408254900182129,0.012754362739892926,0.02865871823664705,0.002123155439468893,0.002123154899697152,0.012723489579212014
2021-07-12,0.17805178745128167,0.12086717480476834,0.1847723836848959,0.025313381910469952,0.24341542872389133,0.05049361044580904,0.03370043817874905,0.05090280712045987,0.05407973059324261,0.012765319135879742,0.028667931237342695,0.0021239538034222858,0.002123952707469389,0.012722100202318168
2021-07-19,0.17816921987631376,0.1209036002790246,0.18479397419021523,0.025206909283102007,0.24358232414337824,0.05040502640328656,0.03360585664802093,0.05090752442480303,0.05408894801108866,0.012729491980528775,0.028637790065212037,0.00212134574584368,0.002121345195193419,0.012726643753989115
2021-07-26,0.17814951423853082,0.12089748545746153,0.1847903582582258,0.02522477168794044,0.24355431977765535,0.05041989024300464,0.033621726841563185,0.050906732779839994,0.05408740129079047,0.012735503327507761,0.02864284914536579,0.0021217830390284193,0.002121782548357382,0.012725881364728379
2021-08-02,0.1781310416279392,0.12089178032993576,0.18478689166787488,0.02524156155535857,0.24352805281922185,0.0504338340914216,0.033636614609643505,0.05090599134858346,0.05408595135403049,0.012741145030932785,0.02864757780680129,0.002122196786537993,0.002122194697644293,0.012725166274074322
2021-08-09,0.1781627104605958,0.1209017038672997,0.1847924288555747,0.025213015804753547,0.2435730054594174,0.05040998236801618,0.03361114748813011,0.05090726601451706,0.05408843708653749,0.01273150737783393,0.028639398016054914,0.002121507609434257,0.002121499531315198,0.012726390060519751
2021-08-16,0.17810316146817146,0.1208834162876516,0.18478095929202634,0.02526731315470787,0.24348827329800982,0.05045497084914017,0.033659180875116455,0.05090487850801889,0.05408376302308207,0.012749719073859129,0.028654588428437204,0.0021228559968744253,0.0021228364312502732,0.01272408331365432
2021-08-23,0.17055774655715278,0.11854882969467836,0.183377028091607,0.03211831245567184,0.23276147282952214,0.05614896680472952,0.03973865105140374,0.05060192347020462,0.053491514338757415,0.015053139132898956,0.030588252507034723,0.00229125943714321,0.002290846240312527,0.01243205738888317
2021-08-30,0.17753120798451683,0.12081687797224394,0.1843608416332814,0.025970789815749826,0.24261443594787613,0.05092766819051971,0.03416328263578879,0.05088468194898497,0.05403887657038543,0.012950832890863805,0.02874463376892974,0.002151187786578561,0.0021443907673634965,0.012700292086917368
2021-09-06,0.17802745195216535,0.12085990168528707,0.18476712735318335,0.025335905377123647,0.24338069160058762,0.05051207013424179,0.033720146173110026,0.05090183645546169,0.054077820486607406,0.012772809690287004,0.028674036443638553,0.002124533082467925,0.0021245150498296252,0.01272115451600891
2021-09-13,0.17454202107587832,0.11978032018722004,0.18412194561619166,0.028498610838264462,0.23842633789250486,0.05314184422425569,0.03652795800622596,0.050761863944150845,0.053804244755489776,0.013836540015538114,0.02956784852565823,0.0022021578356627063,0.0022020296450579956,0.012586277437901309
2021-09-20,0.17812847440654297,0.12089546254272827,0.18477369720372655,0.025251358097704756,0.2435219412720405,0.050437436877659496,0.03364043712078833,0.05090600047761706,0.054085750127977145,0.012743003458924904,0.028645944105133467,0.0021228851268206617,0.0021226093665243466,0.012724999815811478
2021-09-27,0.1781605530244665,0.12090090994924425,0.18479238650023813,0.025214763893679534,0.24357000789328573,0.05041156340798155,0.03361283624459257,0.050907176223380785,0.05408826773892667,0.01273213564190083,0.028640015607153665,0.002121537942607516,0.002121537475429329,0.012726308457112864
2021-10-04,0.17816665842310134,0.12090279975337843,0.18479352032199503,0.025209221660146712,0.24357868710019115,0.050406956376141586,0.03360791732009275,0.05090742137968237,0.05408874695905046,0.012730272005306777,0.028638450584392,0.002121401786262052,0.002121401590828431,0.012726544739430941
2021-10-11,0.10356497638278629,0.09775995160916691,0.1710853691640093,0.0928439049215384,0.13755598079796164,0.10668102071590842,0.09369197190481734,0.047910575851677996,0.048233167505322035,0.03548965412927485,0.047787723089873946,0.00377784799453788,0.0037776674398741768,0.00984018849325083
2021-10-18,0.16985103385722755,0.11979413402991766,0.17908673984665888,0.03520146798264362,0.23095166726143526,0.05722693931573147,0.0408816936239394,0.05061024299068579,0.05343613460266592,0.015620348207123394,0.030019934982331464,0.0025134034386443075,0.002423497973274015,0.012382761887721267
2021-10-25,0.17764353703762456,0.1207429549502947,0.18469047226460145,0.02568755386044254,0.24283389500945696,0.0508024677695008,0.03403019332480647,0.05088646801261256,0.05404768665784421,0.012890450332051512,0.02877148127798319,0.002133360687972131,0.002133210296101038,0.01270626851870783
2021-11-01,0.16877710865180234,0.11799106505401709,0.1830651090792176,0.033723690182360634,0.2302338162175596,0.05749014950818039,0.0411706665046508,0.05053025817431801,0.05335174950529305,0.015595082826874086,0.03104807155507473,0.0023300384849354594,0.0023299495560726345,0.01236324469964363
2021-11-08,0.1649404712965053,0.1168105963571234,0.18233248563824703,0.037218251140745055,0.22477589884193352,0.06038784821193853,0.044264499002278655,0.05037637936504214,0.053050607638989826,0.016767894681294058,0.03202790580760028,0.0024165980959387195,0.0024159054301968862,0.012214658492166578
2021-11-15,0.16481453578993266,0.11677523479555621,0.18229881690114116,0.037338606199326316,0.22459488318118653,0.060484223581635084,0.04436737936454208,0.05037141326578385,0.053040723033706265,0.01680720465490983,0.03205833463497553,0.002419916777584157,0.0024189973522256007,0.012209730467494701
2021-11-22,0.1752084073044796,0.11998686407914509,0.18424491101677803,0.027894154963052836,0.23937349515971348,0.052639103494373375,0.035991180601405846,0.050788628982303144,0.053856550233855695,0.013633196172179923,0.029396888932492652,0.0021873358702928203,0.002187220392224852,0.012612062797702678
2021-11-29,0.1779884566106822,0.12084759802791581,0.18476054872237277,0.025370914474615362,0.24332538565427822,0.05054140852081459,0.033751472007662646,0.050900264784770465,0.05407475968057779,0.012784656744711916,0.02868415178102455,0.0021253698108072063,0.0021253643061665975,0.012719648873599951
2021-12-06,0.17809053086767362,0.12087917766419957,0.18477954851150064,0.02527822989977661,0.24347049908450932,0.050464379257997065,0.03366922800376377,0.05090436309031489,0.0540827716115177,0.012753495485667206,0.028657994541880095,0.0021230912829858085,0.002123091263188422,0.012723599435025221
2021-12-13,0.17807782116586196,0.12087523418048132,0.18477721506135178,0.02528975149302321,0.2434524366434635,0.0504739662710316,0.03367946410155473,0.05090385250783386,0.05408177401106183,0.012757372777860907,0.02866125731108351,0.002123373389661478,0.002123373381581158,0.012723107704149148
2021-12-20,0.17804122594777005,0.12086388035588083,0.18477049433236215,0.025322926944550857,0.2434004288241093,0.05050157054981978,0.033708937312840054,0.050902382398314246,0.054078901606481634,0.012768536886778259,0.02867065148769225,0.0021241857622199133,0.002124185744983916,0.012721691846196767
2021-12-27,0.1704514663649518,0.11850912353179019,0.18337663456180928,0.03220343338189414,0.2326141336836346,0.05622663068956894,0.03982160950325452,0.050597485217468555,0.05348317185468703,0.0150839457664522,0.030618981525676364,0.002292669707036967,0.002292667858506846,0.012428046353268496
2022-01-03,0.1777515494112483,0.12077608567735733,0.18471138992647101,0.025589000377462208,0.24298760764697425,0.05072085094945044,0.03394305273926923,0.05089079756532356,0.054056164660906715,0.01285740761112717,0.028743948782566964,0.002130909285967239,0.002130782176344386,0.012710453189531226
2022-01-10,0.1774802094043985,0.12068985416820022,0.18466737355547022,0.025831570092368375,0.24260311472289584,0.05092476484644229,0.03416078357546351,0.050879845935900045,0.05403486671610948,0.012939693882876923,0.028814651070299065,0.0021366441539790917,0.002136642064248899,0.012699985811347562
2022-01-17,0.17583713505158233,0.12018033576546026,0.18436490483307935,0.02732152281529685,0.24026789715297736,0.05216425248848043,0.03548418868144902,0.05081384639424064,0.05390589976446023,0.01344100745746005,0.029236307255798854,0.00217315414778048,0.0021731362169104007,0.012636411975023803
2022-01-24,0.12743780729569035,0.10517906985673332,0.17543420339709814,0.07122274839386976,0.171476339455582,0.08867805358457269,0.07447005642074316,0.048869911947532735,0.05010697672942753,0.02820975947735187,0.04165306406593052,0.003249655837731078,0.0032487193227144664,0.010763634215022392
2022-01-31,0.1233636636838691,0.10392705750346785,0.17465187208924318,0.0749361960843937,0.16567970771558033,0.09175570409569692,0.07775601268081243,0.04870654572732608,0.04978719283231699,0.02945554205794087,0.042692769982183146,0.0033417900093799264,0.00334011870833158,0.010605826829457944
2022-02-07,0.12988575239966624,0.10603917817244535,0.175597922995549,0.06917137055314211,0.17489993337623233,0.08686897131835329,0.07253794754143991,0.04897077336367757,0.05029912526604737,0.02748712195008773,0.040973153839462685,0.0032094987377122974,0.003202414291552778,0.01085683619463136
2022-02-14,0.11826672644105464,0.10240057211118948,0.17355996820421365,0.07964832589507198,0.15840595067875543,0.09562080541666215,0.08188250212636489,0.04850316578636304,0.049387131243462896,0.03102363660661175,0.04397309497972617,0.003462669932559719,0.0034576450550117027,0.010407805522952488
2022-02-21,0.14233290954828504,0.10996406526984108,0.1777045884098713,0.05799261876751896,0.19255468543744994,0.07750338595288865,0.0625379294124082,0.0494723844317239,0.05127612216894487,0.023705015457834478,0.037745602647608144,0.0029420813203927176,0.002931144099111194,0.01133746707612156
2022-02-28,0.11916973284174406,0.10267513770086463,0.1737417028731219,0.07882037140425077,0.15969234878142816,0.09493757320583741,0.08115304229197143,0.04853930125141737,0.04945800900093615,0.030746812805368638,0.04374415340046362,0.0034418353491519507,0.0034371526435454393,0.010442826449898496
2022-03-07,0.13832440056850592,0.10859168617394065,0.17733409372981143,0.061411866790411655,0.18692872711759156,0.08047916889141221,0.06571588161830505,0.04930812745872298,0.0509614812693331,0.02489698843360929,0.038840501847010864,0.0030129201248017138,0.003009847436310939,0.011184308540232694
2022-03-14,0.11933477188219746,0.10269396457127748,0.17386398873622494,0.07861675890115867,0.15994470251689305,0.09480103608285215,0.0810074359417745,0.04854511968553138,0.04947096110986601,0.030688691214280313,0.043718361457193176,0.003433607541371961,0.003430903282804909,0.010449697076573982
2022-03-21,0.13827761011536507,0.10878347748060242,0.17673942526410888,0.06179834909348558,0.18674876912105556,0.08059122027055339,0.06583440463047448,0.0493114189548997,0.05095782145109799,0.024960793197374775,0.038746900703222474,0.003043041536955365,0.0030273623928657387,0.011179405787938574
2022-03-28,0.12258401148705833,0.10444944852305897,0.1723375366182067,0.07691759834080043,0.16415137034422356,0.09262815637631819,0.07868340422596294,0.04869438231891744,0.049726044457327506,0.029876879037125364,0.042501662718755676,0.0034668361070545953,0.003418463270678835,0.01056420617451154
2022-04-04,0.1313163083758413,0.10811256397973097,0.17123146089063726,0.07059212998435874,0.17603680308165062,0.08639615482656292,0.07202431433529788,0.049069086999326064,0.050411512684404615,0.027441923570769522,0.0397717304252746,0.003407455223292297,0.0033007976749252145,0.010887757947928059
2022-04-11,0.12486734309442091,0.10522196216713617,0.17257477743612296,0.0749545416192995,0.16736110737612545,0.09092965615519605,0.07686956163066794,0.048787715403660774,0.04990527000400326,0.029195691839914804,0.041882706119332654,0.003425184745383383,0.0033728956477300643,0.010651586761006136
2022-04-18,0.1358843267260373,0.10918063642581374,0.17306230730925806,0.06586865984376802,0.18272073983586398,0.08282052538468185,0.06820848556549411,0.049243842070649906,0.050770040472672785,0.025964527718718555,0.038777845390152804,0.003256828112580754,0.003171508008559828,0.011069727135748286
2022-04-25,0.17815614368898625,0.12089953867014072,0.18479158599517562,0.025218755740619644,0.24356374329779845,0.05041488821641658,0.03361638617498692,0.05090699900897675,0.054087921644450046,0.012733480015016424,0.028641149176502255,0.0021216353648044754,0.0021216350959518382,0.012726137910173982
2022-05-02,0.17813826262609153,0.12089399170205178,0.18478830011556024,0.025234967028185038,0.24353833097875893,0.05042837641306202,0.03363078757872923,0.05090628070555244,0.05408651813743402,0.012738935163884042,0.02864573897238211,0.0021220324041702535,0.0021220320875226183,0.01272544608661575
2022-05-09,0.1779671006245837,0.12084091143121098,0.18475679943220186,0.025390173363277358,0.2432950687310059,0.05055749501212421,0.03376864795458223,0.05089940534414007,0.05407308341865617,0.012791157219570363,0.028689665099565338,0.0021258353174269627,0.00212583352321395,0.012718823528440894
2022-05-16,0.17810460774213177,0.1208835874562301,0.18478201334154581,0.02526553916691096,0.243490481328911,0.05045377664478443,0.03365790731746479,0.050904929651272496,0.05408387652568888,0.012749211226153741,0.028654359241930417,0.0021227847665714204,0.0021227821606166,0.012724143429787609
2022-05-23,0.17816823268916152,0.12090329498960023,0.18479379008143826,0.02520780586961117,0.24358092064391937,0.050405771420399856,0.03360665210076029,0.050907484792153616,0.054088870525592074,0.012729793379464385,0.02863804297449978,0.002121367799794069,0.002121367188423946,0.012726605545181492
2022-05-30,0.17815865496155756,0.12090031585386059,0.1847920527295142,0.02521647589145086,0.2435673133009694,0.05041299320351741,0.03361436287181621,0.050907099843395455,0.054088118757263624,0.012732713432676344,0.028640505518152993,0.0021215793425775637,0.0021215791934741978,0.012726235099773633
2022-06-06,0.1781465036658825,0.1208965702959098,0.1847897517266878,0.02522753241648961,0.24355003087501298,0.050422168184444775,0.03362415890775139,0.050906612311860465,0.05408716498833985,0.012736426296469752,0.028643612308705883,0.002121852532036842,0.002121850886852811,0.012725764603555602
2022-06-13,0.17815904350999326,0.12090047653306313,0.18479201008524973,0.025216190578479344,0.2435678434220969,0.05041271504651039,0.03361406566550602,0.05090711645810964,0.054088149257412114,0.012732604532625907,0.02864038523243648,0.002121576374310704,0.0021215737731424275,0.01272624953106391
2022-06-20,0.17721806143231733,0.12060852692662027,0.18461921490137928,0.026069229580460977,0.2422305564556533,0.051122508656752774,0.034371915492941336,0.050869315014431545,0.05401429039322086,0.013019668678199252,0.028881943060582255,0.0021424642903454514,0.0021424618111776012,0.01268984330591776
2022-06-27,0.17654650838602762,0.12041007422849827,0.18446776150758268,0.026694536686943934,0.2412707248672917,0.05163275351006153,0.034916652703014826,0.050842585402179806,0.05396157996739879,0.01322691614781677,0.02904926637503087,0.002158767521460633,0.00215815996408148,0.012663712732611148
2022-07-04,0.17753358543209385,0.12073766572048328,0.1845883978566282,0.02583530056501472,0.2426617838377104,0.0508961296138728,0.03413004074971987,0.050882773491830575,0.05403905820992683,0.0129309132742173,0.028784951079774853,0.002139864693171096,0.0021379530027130656,0.012701582472843127
2022-07-11,0.16445767914606535,0.11670765227109679,0.1821107465994006,0.03773405021953737,0.22406400942458346,0.06076945334691193,0.04467168738952181,0.05035815871793379,0.05301271558900918,0.016926426508883607,0.032127860653591175,0.002433919046752768,0.002430363846265162,0.012195277240447068
2022-07-18,0.17473042402064742,0.12038243577610541,0.1826121221504055,0.029234491000438585,0.23839509722505173,0.05320199824600052,0.036589247153711466,0.050783059550367715,0.053819066530473754,0.01390958621536094,0.029241174886569767,0.002274614175208134,0.0022412655755007053,0.012585417494158379
2022-07-25,0.17813495133770646,0.12089330807822499,0.18478671557110993,0.02523854210661132,0.24353343606311229,0.05043100204334682,0.03363358911865937,0.05090615629926941,0.0540862582516182,0.012740027858746185,0.028646413042183384,0.0021221543639947486,0.002122133043684003,0.012725312821732912
2022-08-01,0.1575099552096114,0.1145037022792042,0.18097225499949862,0.04395182145418282,0.21421676359785624,0.06599221462273135,0.05024831429982919,0.05007784066020846,0.05246737701305613,0.019034352623107383,0.03393614724653961,0.002581329468863524,0.002580729310991229,0.011927197214319816
2022-08-08,0.17357249017926463,0.12027607299194863,0.1816810599891977,0.03070596936443955,0.23661040314605866,0.05416953156054002,0.037620920333390345,0.0507428816133219,0.05372819456903468,0.01432355128038505,0.029408963285409553,0.0023359683896380973,0.0022871666101365344,0.012536826687234603
2022-08-15,0.17783003729792576,0.12080073647860952,0.18472495318125043,0.02551834670321047,0.24309898706843822,0.05066175791570077,0.033879957225404336,0.05089395810390404,0.054062325292223885,0.012833535225908506,0.028723647179616153,0.0021292091765434686,0.002129063779827784,0.012713485371436692
2022-08-22,0.17816167828426305,0.12090305728594941,0.18478748481575777,0.025216742714726455,0.24357061812516695,0.05041138363418722,0.033612634583003016,0.050907266500371626,0.05408835617374861,0.01273222407457983,0.028638806209753554,0.002121766453329007,0.002121656106387659,0.012726325038775911
2022-08-29,0.17813107544439144,0.12089176222990958,0.1847869791009537,0.025241483216013293,0.24352811660223497,0.05043379794569255,0.033636576171177233,0.05090599199040475,0.05408595400654913,0.012741127850253286,0.028647583762509636,0.002122192005352348,0.0021221916635615796,0.01272516801099645
2022-09-05,0.17813442610708186,0.12089283871905451,0.18478748953746174,0.025238507259067983,0.24353285813375766,0.050431284234851374,0.0336338920713755,0.05090612751951334,0.05408621700656291,0.01274011452957431,0.028646704724681987,0.0021221228305630937,0.0021221202329114067,0.01272529709354233
2022-09-12,0.17816993181921123,0.12090386130092959,0.18479399091427853,0.02520633081001115,0.24358331385669138,0.05040450430840804,0.0336052989881158,0.05090755403118112,0.0540890038948747,0.012729284424441323,0.028637586758326297,0.0021213355997366837,0.0021213325966030253,0.012726670697191092
2022-09-19,0.17812155841350857,0.1208888215411574,0.1847851971725912,0.025250130926416585,0.2435145847315437,0.05044098124237887,0.03364424574411063,0.05090560997163528,0.05408520700360168,0.012744034096003823,0.02865002068348676,0.002122404965890715,0.0021224038877746907,0.012724799619900178
2022-09-26,0.1769959949422691,0.12054034554447349,0.18457639912538853,0.026271737897828846,0.24191456986743104,0.051290282756895234,0.03455104477899098,0.050860412059811774,0.05399686016029847,0.013087586363566488,0.028938582264386278,0.0021474948070964914,0.0021474485392115037,0.01268124089235171
2022-10-03,0.1373922280049331,0.10847775183118658,0.1766649794273796,0.06254924089639029,0.18550756196841492,0.08124753081289819,0.06653531799185035,0.04927507340366805,0.05088832476965242,0.025223446702272,0.0389900685338772,0.0030583215205321206,0.003044538363424106,0.011145615773521104
2022-10-10,0.17626037995253951,0.12065019288568414,0.1834809077664531,0.027502425289678136,0.24068321264757622,0.05197094766628886,0.03527596701265568,0.05083933474600182,0.053939141829987325,0.013393165457728985,0.02895435230170331,0.0022114821605950853,0.0021907776667191158,0.012647712616388768
2022-10-17,0.17816239511577855,0.12090148173817789,0.18479272402808022,0.025213094396808817,0.24357262565812235,0.050410173994295225,0.03361135275994712,0.05090725023101736,0.05408841232700175,0.01273157374015122,0.02863954259373208,0.0021214970886214964,0.002121496605275007,0.012726379722990984
2022-10-24,0.17817691849840686,0.12090608030365736,0.18479512813230664,0.025200082671447604,0.2435932148327813,0.050399253266397784,0.03359969214970956,0.05090783598851741,0.05408955229128221,0.012727165326483705,0.028635766953022033,0.002121187742759223,0.002121181603312904,0.012726940239915321
2022-10-31,0.07280458149033453,0.10418459781533425,0.1200741632986579,0.14736025767485628,0.0850585537931128,0.13582495502015599,0.12472279941709564,0.04707511079700759,0.04581973802489615,0.04870736903218672,0.04750969872333539,0.006711686953823555,0.005735764017490906,0.008410723941712368
2022-11-07,0.17714178579500447,0.1207599932520239,0.18410769853423614,0.02643044709729664,0.24202584127902005,0.051245201730692275,0.034501969148869244,0.05087064056502397,0.05400831430807008,0.013084983513213288,0.02881187095504924,0.002168845292132275,0.0021581414219267615,0.012684267107441688
2022-11-14,0.1779360420299054,0.1208312819513721,0.18475107680470013,0.025418340559582364,0.24325092574286175,0.05058092538870021,0.03379366463633204,0.05089815781784233,0.05407064559100313,0.012800633850458714,0.028697634626931694,0.002126525711237721,0.002126523506975353,0.012717621782097113
2022-11-21,0.17817586821216236,0.12090570738825514,0.18479506893236677,0.025200956327915257,0.24359174808423736,0.05040002800338667,0.0336005195941163,0.05090779261667409,0.05408946985007221,0.012727474439435723,0.028636060657323565,0.0021212044240705545,0.002121201159930654,0.012726900310053316
2022-11-28,0.17811941021206124,0.12088813811630278,0.18478485076595547,0.02525205013714056,0.24351154109837253,0.05044259535937981,0.03364596923552498,0.05090552324920291,0.054085038387522294,0.012744685382151792,0.02865058080745145,0.002122450266107398,0.002122450222330694,0.012724716760496085
2022-12-05,0.17817665424913903,0.12090591492473628,0.18479531650768163,0.02520018314846641,0.24359288515466507,0.05039942156648708,0.033599872295068355,0.05090782328274583,0.054089531544842265,0.01272722591974806,0.028635877478086928,0.0021211818529052015,0.002121180809201533,0.01272693126622631
2022-12-12,0.13845669089407087,0.10858462230667587,0.17749505154490952,0.0612117089406672,0.1871431905706614,0.08036148213793173,0.06559048688696097,0.04931223602142883,0.05097186191282426,0.024845080972863257,0.03883116925931882,0.0030032018425716267,0.0030030687917135374,0.01119014791740211
2022-12-19,0.17660360826188376,0.12069600020228317,0.18371632218390324,0.02709007264788796,0.24120436840816845,0.051689469620950015,0.034975759527102725,0.050851601994886204,0.05396607847897457,0.013273888535931228,0.028897307313420814,0.0021953088777349867,0.0021783123606249587,0.01266190158624794
2022-12-26,0.17817741568629206,0.12090614276333092,0.18479548021011433,0.025199478856635704,0.24359397190197296,0.05039884407849718,0.0335992557539628,0.05090785366077011,0.05408959131047755,0.0127269916111905,0.028635686313726493,0.002121163765653205,0.002121163235456206,0.012726960851919981
2023-01-02,0.178177381198921,0.12090612507512608,0.18479549372882145,0.025199498466607587,0.24359392673305585,0.05039886749279243,0.03359928079127012,0.05090785210017258,0.054089588603086165,0.012727000454498481,0.028635698744255613,0.002121163546105256,0.0021211634429219558,0.012726959622365386
2023-01-09,0.16287265855399083,0.11615809769386957,0.18198383968042675,0.03907456707706462,0.22184321959118003,0.06194355370503107,0.045925591849746435,0.0502930363436555,0.052888301741912676,0.017396093570261315,0.03256432964308866,0.002460957498357129,0.0024609334640784872,0.012134819587336837
2023-01-16,0.058279831422486904,0.10490007458839172,0.10257260263501379,0.16923626363310615,0.0615446972116053,0.14872395419852955,0.13846690308388834,0.046622506864525556,0.044679996734228664,0.054392094638233,0.04856513012998625,0.007770229174588594,0.006475222416748488,0.007770493268667605
2023-01-23,0.05828124367055538,0.10490096146282024,0.10257158728698897,0.16923573169392492,0.06154645747152359,0.14872305586532897,0.1384659415049762,0.04662257484484638,0.044680107611241554,0.05439177153159947,0.048564537892702,0.007770261078891115,0.0064752269025157615,0.007770541182085422
2023-01-30,0.05891393087336106,0.10498542015846078,0.10300547939003249,0.16847565828328173,0.06250711476561399,0.1482042030184214,0.13791256429032475,0.04664518808632523,0.044729761072411195,0.0541719081915036,0.04845937415297458,0.0077404510241691725,0.0064522506869861464,0.007796696006133824
2023-02-06,0.058294662816591014,0.10490273716107777,0.10258083449610945,0.16921958461552147,0.061566841392930824,0.14871204529625054,0.13845419837255193,0.046623054074064196,0.044681160748444575,0.054387104524704036,0.04856231540648909,0.007769626608436994,0.006474738332511046,0.007771096154317142
2023-02-13,0.16510733876388906,0.11916135997770815,0.1758322104258697,0.040901052071617754,0.22374869350100227,0.06111731462042974,0.04503093140353848,0.05044070763999107,0.053063848170231256,0.01726892944587922,0.030808179208593914,0.0027369765627596743,0.0025958042562994033,0.012186653952190362
2023-02-20,0.05827809488560268,0.1049005340371418,0.10256944800947664,0.16923950263925178,0.061541680328987616,0.14872563547747014,0.13846869279923596,0.0466224621246285,0.04467986049331437,0.05439286405526714,0.0485650649045971,0.007770408439680633,0.006475340685471215,0.0077704111198743965
2023-02-27,0.17539307787153566,0.12053446173929118,0.1828859857057308,0.028544429286282327,0.23936629594948744,0.052682220408550674,0.03603456747273874,0.05080833716979836,0.05387107573323128,0.013694570377628806,0.02909848922078009,0.002252353057316443,0.0022222777229221726,0.012611858284706021
2023-03-06,0.1781751202157864,0.1209058183098007,0.18479395720309374,0.02520220643748684,0.24359049642766387,0.050400719836582536,0.03360125641421878,0.050907771165183434,0.054089411160216885,0.012727784975852295,0.028636077089359554,0.002121269379213322,0.0021212451564781507,0.012726866229063456
2023-03-13,0.17817736248704544,0.1209061176693651,0.18479549483852836,0.025199512761000728,0.24359390102051617,0.05039888101202169,0.03359929523445836,0.05090785130836338,0.05408958713426811,0.012727005778728989,0.02863570436691797,0.0021211637358948886,0.0021211637304943383,0.012726958922396465
2023-03-20,0.14657357828838516,0.11110077768616725,0.17899181240858458,0.05384975650078535,0.19867980069672023,0.07423800411317845,0.05905243373874484,0.049638255305006124,0.051608966454544,0.022368346128071568,0.03674862098457582,0.0028227138622727837,0.002822713852332354,0.011504219980631527
2023-03-27,0.17535174398320677,0.12003847732657418,0.18425094484539364,0.02777612443598489,0.23957327209785725,0.05253363998510454,0.03587853815070196,0.05079456615521819,0.053867801353537303,0.013591183178966303,0.029356437365274574,0.0021851608058580025,0.002184608926623386,0.012617501389698933
2023-04-03,0.1769801463686282,0.12053784405564089,0.1845666263515289,0.026290133990085868,0.2418907179588529,0.051303136275492475,0.0345647554857954,0.05085983593577221,0.05399561633601199,0.013093001226507613,0.02894141408891863,0.0021481871481164616,0.0021479932713021426,0.01268059150734627
2023-04-10,0.177736805355493,0.12077793985504909,0.18469042000886496,0.025613087701932963,0.2429631184626704,0.050734364340404445,0.0339574463113909,0.050890366398696485,0.054055007781042774,0.012863448954309905,0.028744442760611368,0.0021321428076136757,0.002131622876303764,0.012709786385616323
2023-04-17,0.17817299890556018,0.12090484009555401,0.18479447686639636,0.02520359572984885,0.2435876577217825,0.05040220088913916,0.03360283947004763,0.05090767792493386,0.05408924463602192,0.01272835528237211,0.028636785488588355,0.0021212713507033245,0.002121266685194551,0.012726788953857223
2023-04-24,0.17815374192676492,0.12090298782827318,0.18477922980317527,0.025227928004392403,0.243558023297628,0.050418260387952496,0.03361996399442591,0.050907007656578164,0.05408773338781865,0.012735219690346284,0.028639618583948662,0.0021222799425182994,0.0021220233798697457,0.012725982116308017
2023-05-01,0.17815600766978185,0.12090329030731466,0.18478078357461064,0.025225206107268545,0.24356146353704064,0.0504164023095797,0.03361798227977729,0.05090708863832958,0.05408791120393887,0.012734432333301985,0.028639241967160476,0.002122173191343475,0.002121941100399043,0.012726075780153343
2023-05-08,0.17817035332987627,0.12090520550159513,0.18479062125666032,0.025207972342013343,0.2435832455585617,0.0504046378102148,0.03360543497209723,0.05090760137900222,0.05408903705519633,0.012729447152693541,0.02863685738268756,0.002121497295945883,0.0021214201466999948,0.012726668816755738
2023-05-15,0.17817688098419346,0.12090605875736175,0.18479514938735558,0.025200100157334236,0.24359316696755395,0.05039927787787225,0.03359971848102267,0.05090783423315955,0.054089549346128744,0.012727174392398755,0.028635781654839505,0.0021211871789202233,0.0021211816448520287,0.012726938937007264
2023-05-22,0.17817458006776377,0.12090577017764446,0.18479351867091093,0.02520289532047907,0.2435896630953437,0.05040117171931648,0.03360173824599512,0.05090775246033563,0.05408936877074544,0.012727978436662232,0.02863615459914635,0.002121298208589699,0.0021212666866722327,0.012726843540394968
2023-05-29,0.17817395857777168,0.12090568709031273,0.18479309280824943,0.025203641736461467,0.2435887195074806,0.05040168134367605,0.033602281781273856,0.05090773024420776,0.05408931999603668,0.01272819437927161,0.02863625796487006,0.0021213274736784286,0.002121289246404894,0.012726817850304696
2023-06-05,0.17816967468013578,0.1209049114772917,0.18479073374265084,0.025208448367933897,0.24358232699097823,0.0504051186700902,0.03360594883934015,0.0509075720239611,0.05408898378193866,0.012729634148966308,0.028637074325264748,0.0021215005946232826,0.002121428545650832,0.012726643811174273
2023-06-12,0.17814879190260535,0.120897786657543,0.18478873331910425,0.025226302589109826,0.24355300432177973,0.0504206305510525,0.03362251443336721,0.050906716929015786,0.054087344626388076,0.012735849806336475,0.028642765659110912,0.0021218731253117556,0.0021218405355741053,0.012725845543700987
2023-06-19,0.17817633055254647,0.12090600354984025,0.18479472000249927,0.025200791884160124,0.24359232115700868,0.050399736072341925,0.03360020707285817,0.050907815017822,0.05408950614924126,0.012727370057768157,0.028635863793189102,0.0021212156889479647,0.002121203093076814,0.012726915908699806
2023-06-26,0.08640637789099122,0.09745687446112773,0.1536722077606947,0.11677176638030955,0.11040974955426726,0.12149184090078208,0.10947842354167041,0.04734711657841666,0.04688667962994099,0.041929538409319345,0.0496223719420155,0.004866469124423897,0.004559510069137871,0.009101073756902788
2023-07-03,0.06815941903837985,0.10257259247268521,0.11970634853605469,0.15128645095724183,0.07855096049304862,0.1392653105730763,0.12839700535858267,0.046884222777498964,0.04545512277866745,0.05008345821171646,0.048789582633475465,0.006790723776309958,0.00582523783682794,0.008233564556434583
2023-07-10,0.14215534640014496,0.11609746861057997,0.16009186044091742,0.06847426125779368,0.18889892169721897,0.07993974444969908,0.06510580197862582,0.04962036754018972,0.051262569661840444,0.02524491536162537,0.03462319550145941,0.0038183981917260107,0.003429313702820668,0.011237835205358522
2023-07-17,0.13472560803890685,0.1080872003836702,0.17493446263008555,0.0656950942015144,0.18147764624581297,0.0834215020939038,0.06885411675700864,0.049178897457284036,0.05067904557108345,0.02614181456439238,0.0394510091849757,0.0031790890218302437,0.003138615867035485,0.011035897982496337
2023-07-24,0.10016354819149648,0.09670167505151896,0.17046912885420545,0.09592252384927086,0.13272362500663873,0.10924566048932106,0.09643026524313422,0.04777385866909655,0.04796618495465085,0.036526615622399325,0.04866240657522777,0.0038529373653885066,0.0038529373653885066,0.009708632762262756
2023-07-31,0.10188146052211337,0.09723467181180487,0.1707846042790511,0.09436515950095392,0.1351650569000349,0.10794981809204192,0.09504668851179916,0.04784287112085101,0.04810102604920149,0.03600253352719665,0.04822140623575987,0.0038148026411706022,0.0038148026411706022,0.009775098166850581
2023-08-07,0.10757719956258302,0.09900182279029175,0.17183056318020004,0.08920171736199495,0.1432596253492123,0.10365345208957644,0.09045943928859768,0.04807168193309734,0.048548091753780186,0.03426493912446882,0.046759269428426,0.0036883669473028796,0.0036883669473028796,0.009995464243165745
2023-08-14,0.17089596552571848,0.11864700288602728,0.18345834780978598,0.03180042456435741,0.23324585568110306,0.05589132825118319,0.039463605751512115,0.050615341003065126,0.053518061149714635,0.014948335511936408,0.030504890909352204,0.0022827983191557534,0.0022827983191557534,0.012445244317932633
2023-08-21,0.17794012051887567,0.12083251126348708,0.18475192825014927,0.02541458306660036,0.2432567417757062,0.050577835513250013,0.03379036575739069,0.05089832075584544,0.054070965714478135,0.012799380968708593,0.02869660611630265,0.0021264300905653203,0.0021264300905653203,0.012717780118075247
2023-08-28,0.17808382269784737,0.12087709607405796,0.18477831755136936,0.025284310615371362,0.24346096586598096,0.05046943919245171,0.03367463052019381,0.050904093599730756,0.05408224507883015,0.012755541863709778,0.028659716742741877,0.002123240147244621,0.002123240147244621,0.01272333990322568
2023-09-04,0.17803512381550293,0.12086198683591086,0.18476937454518488,0.0253284583299051,0.24339175686013742,0.050506173358286194,0.03371385175357861,0.05090213725469009,0.0540784226424452,0.01277039839150705,0.028672218092934687,0.00212432117938743,0.00212432117938743,0.012721455761142107
2023-09-11,0.1780349334993934,0.12086192778873597,0.1847693395957556,0.025328630859968854,0.24339148639009572,0.050506316916068064,0.03371400503086529,0.050902129609258426,0.054078407704294944,0.012770456451085335,0.028672266948436463,0.0021243254040805197,0.0021243254040805197,0.012721448397880903
2023-09-18,0.17782421531436585,0.12079655069821084,0.18473064355303007,0.02551965631747058,0.243092021691999,0.05066526423437409,0.03388371379450666,0.05089366457974625,0.054061868169532644,0.012834740073676765,0.02872635980839972,0.002129002988454594,0.002129002988454594,0.01271329578777836
2023-09-25,0.1776755099382652,0.12075041360361864,0.18470333547050102,0.025654464390627074,0.24288068724759157,0.050777434528294384,0.03400347851970857,0.050887690746034914,0.05405019609795971,0.01288010549988961,0.02876453353832314,0.002132303994219703,0.002132303994219703,0.012707542430746828
2023-10-02,0.17641312844048887,0.12035874911843619,0.18447151319864777,0.026798869668808987,0.24108663850867973,0.051729664416400395,0.035020178636043384,0.050836978005542655,0.05395111019010114,0.013265219180319464,0.029088595866263615,0.0021603267107562314,0.0021603267107562314,0.012658701348755314
2023-10-09,0.1766971496635732,0.120446869093512,0.1845236705261323,0.026541391729385837,0.24149027870619227,0.051515423715032635,0.03479143287966148,0.050848387785079135,0.05397340337230476,0.013178573060477834,0.02901568559397324,0.0021540219239395133,0.0021540219239395133,0.012669690026796325
2023-10-16,0.17648354036099936,0.12038059500943349,0.18448444356193894,0.026735038114226624,0.24118670526141545,0.051676551838857804,0.03496347009912295,0.050839806612789105,0.053956636910098325,0.013243738673910209,0.029070520624416694,0.00215876368619295,0.00215876368619295,0.012661425560405193
2023-10-23,0.17498984128401152,0.1202959977270143,0.18313395606119134,0.028720934461830768,0.23885557280109407,0.05294421261100754,0.03631491022014035,0.05078929692784283,0.053839418141779095,0.013790370859635144,0.029260031913724744,0.0022453246666639557,0.0022221759673466744,0.012597956356717574
2023-10-30,0.08800798568385544,0.0970462152726817,0.1565445318392462,0.11380626237071223,0.11318502093370945,0.11994606774908674,0.10783289850901918,0.04738870829394908,0.04701233542507125,0.041223047881284204,0.049675828153859965,0.004702978259086592,0.004451476264750453,0.00917664336368755
2023-11-06,0.06273907452326384,0.10372007836231897,0.11067385997509087,0.160918537452056,0.06929183199672145,0.14440654053020882,0.1338710326184035,0.046737389667257066,0.04502984898510693,0.05241626973672679,0.04873271439092053,0.00730986994044991,0.006171506433744042,0.007981445387731309
2023-11-13,0.09265227120558764,0.09588752037634965,0.16478234952557352,0.10526056620125776,0.1212149898142355,0.11547563976660773,0.1030738490863464,0.04751011957466571,0.047376709643367945,0.03918210305515282,0.04981439580765164,0.004233421120398957,0.004140768852909801,0.009395295969894933
2023-11-20,0.09394457429586263,0.1096276932668621,0.12712592541572135,0.12633512508344394,0.11571553545531575,0.1194636795789929,0.1072598211691637,0.047896385515794414,0.04747897323706284,0.04199033646547329,0.0426540899605819,0.006085128746321983,0.0051773845292296125,0.00924534728017363
2023-11-27,0.1774639600632717,0.12072322883506047,0.1845552578611377,0.025910368239706844,0.2425588944621365,0.0509513146033142,0.03418892329558918,0.05088015607404693,0.054033593672699054,0.01295387399109888,0.028799156544893477,0.002142420284297372,0.0021400707790166012,0.012698781293731082
2023-12-04,0.0786526730085223,0.0995382386803322,0.13950172087743823,0.13128393264720725,0.09692280308596549,0.129009944006225,0.11748129118577,0.047148100836847395,0.046278360495490674,0.04537219567341708,0.04931582783808706,0.00567111074783929,0.005089973022573861,0.0087338278942841
2023-12-11,0.07595262764075,0.10023742743347268,0.13463989851254907,0.13629476397588977,0.09224036868640673,0.1316184231250273,0.12025807168289539,0.04707815668026109,0.046066526072820746,0.046564874689684004,0.04922218477391385,0.0059476998747145056,0.005272650001514917,0.008606326850099936
2023-12-18,0.058529713400630456,0.10483394898235071,0.10302657825332076,0.16877016050649177,0.061978823591265955,0.14848201903185482,0.13820936402688047,0.04662894447773535,0.04469960135543629,0.05428137505842001,0.04857452221510524,0.007744431761418912,0.006458202941381449,0.007782314397707822
2023-12-25,0.0944705553174018,0.09533774474744683,0.16828063531518797,0.1017545146296046,0.12441167305192682,0.11368965571722033,0.10117296473141457,0.04755524365271762,0.047519359809430034,0.03835997274310483,0.04991785947850524,0.004036032922333422,0.0040114462277924725,0.009482341655913456
2024-01-01,0.09246974700581478,0.10924081285516142,0.12665425507312508,0.12779002503936412,0.11358068626575864,0.12060246272315091,0.10847532303422436,0.04783891038699701,0.04736321658657973,0.04245723375326969,0.04299649762715428,0.006127833386269169,0.005215769226065221,0.009187227037065577
2024-01-08,0.17800334688791927,0.12085696128422371,0.1847498081581081,0.02536532647193829,0.24334393846416066,0.05053194138524697,0.033741338274463045,0.05090098185625886,0.05407592873195165,0.012781252978910562,0.028677901106968547,0.002125707939509633,0.0021254125885346734,0.012720153871806
2024-01-15,0.1679437724323435,0.11793408195337213,0.18233947111392587,0.034815303129499785,0.22893865707401728,0.05819373779087367,0.04192080174035822,0.05050183347674915,0.05328635242812573,0.015897700009285365,0.031158809802106356,0.0023769514101018518,0.0023645457827899453,0.012327981856451096
2024-01-22,0.17809639392574905,0.12089531614272662,0.18473994695474086,0.025296795547846515,0.24347095634937152,0.050465284199588026,0.03367011684180036,0.050904957542626944,0.054083232700329734,0.01275514464631692,0.028649159115505814,0.002124979702445485,0.002124104696264598,0.012723611634687625
2024-01-29,0.17817552633898884,0.12090556155004464,0.18479511912648186,0.025201199927384975,0.24359128409845862,0.05040027108645779,0.033600779349885,0.05090777788602493,0.05408944301354594,0.012727569186634887,0.028636168777083058,0.0021212064069179052,0.0021212055728696486,0.012726887679221808
2024-02-05,0.17817617953032258,0.12090575814964297,0.18479525628864799,0.02520059767633339,0.2435922157211579,0.05039977612214155,0.033600250907003706,0.05090780397435062,0.05408949428297683,0.012727368463569807,0.028636004199660715,0.0021211910531322353,0.002121190589288655,0.012726913041771093
2024-02-12,0.17652874709360153,0.12039465333411375,0.18449265279126917,0.026694110482852522,0.24125093345227608,0.051642463956704104,0.03492707413876956,0.05084162348622871,0.053960185245291364,0.01322995530923153,0.02905889906833113,0.0021577647630639904,0.0021577627737706367,0.01266317410449587
2024-02-19,0.058327139605521244,0.104887555164537,0.10265855134916593,0.1691480193647568,0.061626887144812834,0.14867815037948107,0.13841814509580644,0.04662372563739152,0.044683708322432535,0.05437113288155232,0.04856690845626931,0.007765345099700604,0.00647200022306128,0.007772731275511114
2024-02-26,0.05828329760622523,0.10490123564619286,0.10257299586242184,0.169233264214612,0.061549576119258445,0.148721371477657,0.13846414503847868,0.04662264825573984,0.04468026880466312,0.05439105777406698,0.04856419649280958,0.007770164304382069,0.0064751523132057665,0.007770626090286593
2024-03-04,0.05827807708246996,0.10490053874844592,0.10256941566514712,0.1692395358474927,0.061541649399088266,0.1487256527144633,0.13846871114794862,0.04662246166597596,0.04467985909656029,0.05439287194363862,0.04856506423539162,0.007770410277662659,0.006475341898052217,0.007770410277662659
2024-03-11,0.058313855029134214,0.10490531482034242,0.10259395190676392,0.16919655431666514,0.06159597378688191,0.14869631200853356,0.1384374181171334,0.046623740426421124,0.04468266695939931,0.05438043885092888,0.04855911731075832,0.007768724543508642,0.006474042611862472,0.007771889311666773
2024-03-18,0.05828063131545217,0.10490087933011985,0.1025711684412124,0.169236466694168,0.06154552789949086,0.14872355789984754,0.13846647694670347,0.046622552948576514,0.04468005955342489,0.05439198423619556,0.048564639875603687,0.007770289876246526,0.006475249109364496,0.007770515873593997
2024-03-25,0.058768081734672906,0.10496595039307255,0.10290545734758587,0.16865087279596666,0.06228566091854051,0.14832381066079037,0.13804013060234654,0.046639975205670196,0.0447183147929305,0.05422259179664546,0.04848361687987644,0.007747322926540123,0.006457547234419552,0.007790666710942283
2024-04-01,0.09463431913594833,0.10975280983653117,0.12750508477572442,0.12556160931743346,0.11674465644864493,0.11891032792753649,0.10666948539212819,0.04792186627221511,0.047533106650570714,0.0417585776882428,0.04252252795334062,0.006057288050666117,0.005154974993890155,0.009273365557127503
2024-04-08,0.17701197227701773,0.12074911332563515,0.18400035283834365,0.026597152830577543,0.24182518873761308,0.0513540583336295,0.03461803699687146,0.050866162474002566,0.05399812690925007,0.013131642949023999,0.028830146825342146,0.0021758707789068764,0.0021633706807877096,0.012678804042998515
2024-04-15,0.1781192869502592,0.12088843639925617,0.1847838721356445,0.02525272311048619,0.2435111808478956,0.05044281354128571,0.03364620037097104,0.050905526732607335,0.05408502873346562,0.012744803778533044,0.02865044017661527,0.002122500441466408,0.0021224798343057513,0.012724706947208089
2024-04-22,0.17790132171982329,0.12086929241229372,0.1846061200335203,0.025531171996231717,0.24317475405414857,0.05062526489154471,0.03384074253419315,0.05089798577583348,0.054067923382397416,0.012822937682904026,0.028681574919264288,0.002134173212637166,0.0021311901447903284,0.012715547240417855
2024-04-29,0.17804851294289464,0.12088894127226098,0.1847070626462151,0.02535434507680667,0.24339824572506483,0.05050455661188547,0.0337120023490024,0.05090324662312874,0.05407947498901614,0.012771787678693866,0.028657109146577386,0.002127238066966805,0.0021258448541512996,0.012721632017335666
2024-05-06,0.17799541984936146,0.12088185376569438,0.18467065180958056,0.02541812801152463,0.24331763042790075,0.05054809708833814,0.033758440000318725,0.050901348991927074,0.05407530822881218,0.012790237908952744,0.02866593415346654,0.0021297396314627,0.0021277729447666104,0.012719437187893498
2024-05-13,0.17694295150213366,0.12074135759518148,0.1839488770832693,0.026682501876686575,0.2417195873883754,0.051411203195745554,0.034678977020816265,0.050863732107290026,0.05399271023096872,0.013155978197459351,0.028840872922274437,0.0021793283307693814,0.0021659936286288705,0.01267592892040097
2024-05-20,0.17764514828248176,0.12083509529175473,0.18443043825352906,0.025838923768507344,0.24278578636734524,0.05083534708442722,0.03406480355546961,0.05088882973169691,0.054047818822406786,0.012911959787110596,0.028724155454676936,0.002146243226512785,0.002140493155173804,0.012704957218907284
2024-05-27,0.09632861631381665,0.10997998371421322,0.12866418384705322,0.12352784533807507,0.11931668798243884,0.11752124368190059,0.10518796678674219,0.04798244816667569,0.04766607560905828,0.04117003704037377,0.04224039470671443,0.005977599355253057,0.00509352587044382,0.009343391587241208
2024-06-03,0.1388832933147506,0.11566069532116395,0.15784785519120198,0.07240514736609997,0.18393070279791202,0.08262309048327808,0.06796769723862867,0.04950341968066754,0.05100577806035806,0.026381982003257393,0.035167058181990986,0.003972568907115914,0.0035481408136889283,0.011102570639885926
2024-06-10,0.17219982790254187,0.1201081882426139,0.18069607927041959,0.03238061292615727,0.2345177407258119,0.055300934376525585,0.03882753016041477,0.05069420536215309,0.053620468620204594,0.014804247618869117,0.029629263570793145,0.0024028080492560396,0.002338241495367226,0.012479851678871829
2024-06-17,0.1741350730293859,0.12036652810627019,0.1820232555465065,0.030055722712110714,0.23745617114310136,0.053713882478281634,0.03713487613648159,0.05076337408620324,0.053772347176205514,0.014131736076942656,0.029307591759262338,0.002311625935387659,0.0022679625246182097,0.01255985328924246
2024-06-24,0.1781028732684891,0.12089619794424923,0.18474434254088506,0.02528903976366891,0.24348078515741106,0.05045997690633444,0.03366445631848492,0.05090518954721013,0.054083741201931754,0.012752897076217707,0.028648073503409078,0.0021246767948418853,0.002123870743647486,0.01272387923321933
2024-07-01,0.17805257914654588,0.12088948407817339,0.18470985121751532,0.025349460177759048,0.24340441975249213,0.050501222007842926,0.033708445861053205,0.05090339195568346,0.05407979410576801,0.012770374643802658,0.02865643327194197,0.002127046481394934,0.0021256971888227584,0.012721800111204336
2024-07-08,0.17811118381143806,0.12089730733576898,0.1847500418475467,0.025279055963835197,0.24349340368921707,0.050453161613129606,0.033657187536991255,0.050905486579169525,0.054084393415568754,0.01275000910302229,0.028646692144857582,0.0021242852305573537,0.0021235689439443265,0.012724222784953297
2024-07-15,0.17636814360687633,0.12066462530363375,0.18355467823408414,0.027373042435142794,0.24084681267880836,0.05188259048856953,0.03518173033273527,0.05084318756327468,0.05394759915335967,0.013355728057871838,0.028936416114392523,0.002206411307613392,0.002186867938914811,0.012652166784722925
2024-07-22,0.1746824614638411,0.12043960011743951,0.18239865033961888,0.029398122288839028,0.23828731279206578,0.05326498128125571,0.036656105140816554,0.050782938615288424,0.05381530636718523,0.013941514675538851,0.029216606164269854,0.0022858348695074826,0.0022480839597584902,0.012582481924575126
2024-07-29,0.17707041355981987,0.1207583727681677,0.18403628958554918,0.026529376421690523,0.24191312276131613,0.051306674370017485,0.034567492867285186,0.05086828780298596,0.05400271348740263,0.013111684219522067,0.028819686484221382,0.0021733227557150236,0.00216136480817637,0.012681198108130528
2024-08-05,0.1774428596416906,0.12080809136385107,0.1842917102540339,0.026081941500403154,0.24247863608083753,0.051001239542652545,0.03424173446571014,0.050881599615481,0.054031943155685,0.012982256538589568,0.02875777938822043,0.002155774373561312,0.002147839324024363,0.0126965947552594
2024-08-12,0.17447472785564297,0.12041186932960582,0.18225618822320672,0.029647681285851442,0.2379718949958623,0.053435339037307794,0.036837798468935715,0.05077551388731877,0.05379900337796264,0.014013703592188948,0.029251135147259143,0.0022956225647478776,0.0022556278641309305,0.01257389436997885
2024-08-19,0.17814557499375494,0.12090189828563236,0.18477362705680234,0.025237740410519006,0.2435456224468332,0.05042495816209294,0.03362710743378933,0.050906715774461854,0.05408709244477027,0.012738057920855344,0.02864097572487382,0.0021226648359837725,0.0021223200184916553,0.01272564449113911
2024-08-26,0.17639868492046865,0.12066870232658031,0.18357562323287424,0.02733635188875668,0.24089318588683192,0.051857544230067575,0.03515501750104733,0.05084427915816502,0.05394999604383232,0.013345114732659676,0.028931339610370633,0.0022049723056518115,0.002185758822527011,0.01265342934016685
2024-09-02,0.1778891765583801,0.12086767112964183,0.18459779097488424,0.025545762482261387,0.243156313128339,0.050635224870906236,0.033851365248650823,0.05089755168853944,0.054066970226873706,0.012827158213489936,0.028683593658920863,0.0021347454509951383,0.0021316311997419545,0.012715045168375304
2024-09-09,0.17788120796364645,0.12086660738549466,0.18459232617368798,0.025555335485525407,0.2431442138026135,0.050641759739912195,0.033858334946573795,0.050897266878350514,0.05406634484942425,0.012829927357231461,0.02868491817965871,0.0021351209038524,0.0021319205814995567,0.012714715752529094
2024-09-16,0.17774710356876558,0.12084870551321572,0.1845003584074675,0.025716440655611888,0.24294059286201833,0.05075173580005382,0.033975628792440475,0.05089247377500937,0.05405582030058785,0.012876529594916742,0.028707208691096886,0.002141439443056899,0.002136790620294342,0.012709171975464664
2024-09-23,0.1775397411985154,0.1208210242827014,0.18435815088319482,0.025965553669084408,0.24262573874473245,0.050921789112042565,0.03415699741884733,0.05088506231567159,0.054039546446218875,0.012948589503721105,0.028741675967803307,0.002151209646838269,0.0021443210430563534,0.012700599767572146
2024-09-30,0.17246353271525075,0.12014339074198503,0.18087692600991656,0.03206381340037136,0.23491814387479842,0.055084675868608254,0.03859688185329823,0.050703630589566374,0.0536411642445517,0.014712608307782237,0.029585431188198924,0.0023903831828003532,0.002328664980970334,0.012490753041901536
2024-10-07,0.1758432567479247,0.12059455707419055,0.18319471484899794,0.028003610782754835,0.24004983688975456,0.052313038639197854,0.03564082041987219,0.050824427276114775,0.05390640589205356,0.013538130000630455,0.029023661551379122,0.002231142176420174,0.002205929352735272,0.012630468347973989
2024-10-14,0.17716361267796488,0.12077081411068319,0.1841002048264861,0.026417412456646753,0.24205463409743738,0.05123024382625071,0.03448597664995078,0.050871618886989364,0.05401002777916242,0.013079296858468693,0.02880419514994495,0.002168931532874438,0.0021579802560040937,0.012685050891136305
2024-10-21,0.1780965077162209,0.12089529117290923,0.1847401390767472,0.02529659187110421,0.24347115121245272,0.050465175941078536,0.03367000157938511,0.05090496060305902,0.054083241628140315,0.012755095461731765,0.028649160760042213,0.002124968679789984,0.002124097356662017,0.012723616940676839
2024-10-28,0.17813495066168225,0.12090047093660423,0.18476636677980987,0.025250488709888875,0.24352949570875201,0.05043366756271804,0.03363639640139634,0.05090633581629821,0.0540862586437783,0.012741747771213762,0.02864274632668357,0.002123164137385596,0.002122705118545193,0.012725205425243715
2024-11-04,0.1781133447125677,0.12089758597230991,0.1847515516921655,0.02527644359567982,0.2434966901546018,0.05045138584973859,0.03365529366348654,0.050905563566889786,0.054084563003057536,0.01274925581523552,0.028646337995443194,0.002124182031076062,0.002123489685435851,0.012724312262312163
2024-11-11,0.15849812079358958,0.11611908351566363,0.1774357293286957,0.045238707724690824,0.21490132376249665,0.0657337643441724,0.04996529396520193,0.05015034280227711,0.05254502071815714,0.019047108582077414,0.03301248525464055,0.0027438911135840996,0.0026633172015935857,0.011945810893159443
2024-11-18,0.06931705369632395,0.1019849182682899,0.12260869521318624,0.14865793940342048,0.08071687020699511,0.13803982198420803,0.12709366176839246,0.04690699480268869,0.04554592812456918,0.049502982609602626,0.04897711214440225,0.006631552766929236,0.0057239233929498165,0.00829254561804213
2024-11-25,0.06816873613304647,0.10228354734510312,0.12053738363137022,0.15079113742677713,0.07872475432798141,0.13914966825658875,0.12827511095736835,0.046877279617947076,0.045455835943782684,0.05001052802700428,0.04893663748786313,0.006749363545849102,0.005801716315060474,0.008238300984257903
2024-12-02,0.09356416696713234,0.09559666497607494,0.16657978547726357,0.10347698976566402,0.12282649627548375,0.11457431200643046,0.1021145977008583,0.04753237058981534,0.04744824982263817,0.038766159223011326,0.04987403217028315,0.004132294549436864,0.004074702971686459,0.009439177504221335
2024-12-09,0.0666169716931017,0.1037912325028751,0.11460173908400687,0.1555151979703271,0.07542550389363996,0.14106023744745239,0.13030428634859528,0.046864799850624195,0.04533415964067371,0.050961473728063554,0.04831671743988275,0.007064212801000064,0.005995019797592867,0.008148447802164456
2024-12-16,0.1602300067776384,0.11749902292420107,0.17536011310513103,0.04507390834132189,0.21689921508578003,0.06474087227576159,0.04890062579404695,0.05024103677869863,0.052681010994738584,0.018721056321807213,0.03213655368547914,0.0028242262620386915,0.002692164924785134,0.012000186728571696
2024-12-23,0.17808609695580624,0.12089346823464979,0.1847342300365358,0.025308376319104656,0.24345558199377074,0.05047355241072288,0.033678937570617594,0.05090457764812267,0.054082424561949276,0.012758609276824035,0.0286511129657181,0.002125398134286356,0.0021244408312060883,0.012723193060685816
2024-12-30,0.17815244799825838,0.12090280358668508,0.18477837514107234,0.025229463254896774,0.24355606495854426,0.05041931722704426,0.033621091212602504,0.050906961120963844,0.05408763183924726,0.0127356665758769,0.028639839551030055,0.002122339285119905,0.0021220694498389698,0.012725928798819506
2025-01-06,0.17814553219015702,0.120901705621891,0.18477412878480362,0.02523748005237432,0.24354566026958405,0.050424923709969795,0.03362707161836705,0.05090670955864759,0.05408708907391254,0.012738027912586516,0.02864107854217594,0.0021226404989335697,0.002122306642655451,0.012725645523941476
2025-01-13,0.1781698765405749,0.12090513848977175,0.18479030383525052,0.025208539518167566,0.24358252346315803,0.05040502756295863,0.033605850675633306,0.050907584253472436,0.05408899963643513,0.012729612032706235,0.028636938355669904,0.002121519286375429,0.0021214371927615015,0.012726649157064644
2025-01-20,0.09982862196858769,0.09664755957900245,0.17026615787347943,0.09630919890284667,0.13222025358160572,0.10951682681115082,0.09671952166459209,0.04776165212491481,0.04793989927035156,0.03664074682008849,0.04872289202571905,0.003867392075290887,0.003864349161037979,0.009694928141332358
2025-01-27,0.16660465386041765,0.11747274925375772,0.18222383458237149,0.03595279254883336,0.22706077357266713,0.05918678928953248,0.04298133506803951,0.05044688854294464,0.053181240480591974,0.016295213783059117,0.03152604749511969,0.0024002128137009817,0.002390609450257404,0.012276859258706797
2025-02-03,0.10022771076225624,0.09673081582583345,0.1704546804524273,0.0958797569951084,0.13280973221098627,0.10920069729423793,0.09638220794535525,0.04777666767326947,0.04797122172927281,0.03650925844578623,0.04864120865792393,0.0038528147291340656,0.003852250498952149,0.009710976779456563
2025-02-10,0.1631652007323194,0.11643059563315716,0.1815212955676966,0.03911244634200739,0.22215902305614643,0.061790499520897046,0.04576119324638598,0.050309343646548585,0.05291127504031965,0.017350478652053553,0.032396199305839334,0.0024800821499687473,0.0024689532623335454,0.012143413844326564
2025-02-17,0.10331753867397792,0.09770635344549451,0.17097410505560365,0.09310686178528539,0.1371915883474344,0.10687628693476878,0.09390033331875973,0.04790121651419136,0.048213747249288466,0.03557070274249854,0.047839380268457396,0.003786607109065555,0.003785010664258381,0.00983026789091596
2025-02-24,0.16218339077231664,0.11599667511747427,0.18170832560195474,0.03978685528102125,0.22083482478971378,0.06248298283920218,0.046501259464859064,0.05026666102220712,0.052834203507510565,0.017618954947095353,0.03271443058045768,0.002483648779563777,0.0024804211039393693,0.012107366192684179
2025-03-03,0.09956550073881446,0.09657748205915183,0.17018500475513057,0.09656700566305462,0.131839959205581,0.10971960254919384,0.0969359637765923,0.04775137165144303,0.04791924727324282,0.03672379184931631,0.048784520366998825,0.0038748622259167334,0.0038711130578352308,0.009684574827728436
2025-03-10,0.16592415895679832,0.11725099886746042,0.18212904148930206,0.03655197856580247,0.22609952118457652,0.059696143393009986,0.04352523211470498,0.05041928529145397,0.053127826921530834,0.016500261888486762,0.031706172505366254,0.0024138214102467316,0.002404867048908326,0.012250690362352285
2025-03-17,0.10166978746845831,0.09717884366942582,0.17071776487229082,0.09457346963136103,0.13485882072041355,0.1081131485738872,0.09522102400215242,0.04783461450472263,0.04808441217753324,0.03606947208304476,0.04827070429995807,0.0038208892738661377,0.0038202876836929754,0.009766761039193012
2025-03-24,0.1649856207865993,0.11695843308872024,0.18196059950643878,0.03740050991701104,0.2247664632787697,0.06040358218455665,0.044280575118055006,0.05038154757502898,0.053054159797277074,0.016786250504239854,0.031947806550129416,0.002434461328106308,0.002425591072263326,0.012214399292804278
2025-03-31,0.10086725685256326,0.0969316932081282,0.17056515802966377,0.09530407048967654,0.13371728192202473,0.10871919238338791,0.09586808974214107,0.0478024211773102,0.04802142065689062,0.03631474152154039,0.0484757769780982,0.0038389636646139254,0.003838249554834745,0.009735683819126378
2025-04-07,0.16554985352292362,0.11716352241211934,0.18197890218217763,0.03693909161675455,0.2255518134382304,0.05998914762103136,0.043837919209821705,0.0504049668335104,0.05309844899938438,0.01662133040711732,0.03178759044813244,0.002426169764415958,0.0024154644449795866,0.012235779099401264
2025-04-14,0.10156671769340878,0.09737798902748561,0.17004226697288863,0.09505235643095872,0.1345852333510137,0.10827688459228482,0.09539459685115444,0.047836267131464126,0.04807633646709279,0.0361564035516391,0.048178847169610205,0.003855758120623503,0.00384103374557987,0.009759308894795753
2025-04-21,0.09506779474101014,0.09516474946369774,0.16940814397360618,0.10061555665591504,0.12545749399964648,0.11310584795450238,0.10055156653894123,0.047570255391512904,0.047566215611400925,0.038091754378195786,0.04994796020506617,0.003972267509516708,0.003969574322775386,0.009510819254212996
2025-04-28,0.05827807708246996,0.10490053874844592,0.10256941566514712,0.1692395358474927,0.061541649399088266,0.1487256527144633,0.13846871114794862,0.04662246166597596,0.04467985909656029,0.05439287194363862,0.04856506423539162,0.007770410277662659,0.006475341898052217,0.007770410277662659
2025-05-05,0.05994193678815054,0.10446022584242587,0.10559227840749169,0.16613593296366294,0.06443232117244785,0.14711470374186225,0.13675386218784125,0.046665326789428516,0.044810398078833705,0.053655634084777096,0.04862760738678098,0.007598634653641986,0.006362015513245449,0.00784912238940986
2025-05-12,0.05877075794571665,0.10477015892020923,0.10346450713246852,0.1683205366417546,0.06239759816676343,0.14824863910102118,0.13796093199858953,0.04663515433829303,0.044718512631022514,0.05417457049461502,0.048583583713753584,0.007719546276065465,0.006441785137885117,0.007793717501842186
2025-05-19,0.06279859906739046,0.10370425749641947,0.11078219793129147,0.16080739158622137,0.06939528348737582,0.14434888331355433,0.13380965702306222,0.04673892144458111,0.04503451901003823,0.052389878579642196,0.04873498702990159,0.007303714989467511,0.006167446699772259,0.00798426234128192
2025-05-26,0.0870340826539485,0.09729073827339467,0.15481267725980147,0.11560086576349027,0.11150029274879482,0.12088408802404652,0.10883147305465579,0.047363287184266564,0.0469359265334563,0.04165140347454352,0.04964597941331784,0.004801661900309393,0.004516754799769223,0.009130768916205106
2025-06-02,0.09444671199613394,0.09532910872267952,0.16827977486713067,0.10177406430623777,0.12437846891513675,0.11370718027016735,0.10119168246671767,0.04755425477052156,0.04751748824024883,0.03836694928281731,0.0499246142029931,0.004036387624755596,0.004011876604573775,0.009481437729886126
2025-06-09,0.09512536008006754,0.09514951575039854,0.16951272738174628,0.10050817984301592,0.12555750393447992,0.1130501131930346,0.10049223710059749,0.0475717384164079,0.047570731930144106,0.03806624781224768,0.04995012403997553,0.0039663245072282406,0.003965653516385713,0.009513542494270544
2025-06-16,0.09512423639388919,0.09514981311532958,0.16951068589407092,0.1005102758584743,0.1255555517218584,0.11305120114599623,0.10049339522232363,0.04757170946748474,0.04757064377075806,0.038066745705182606,0.049950081801513654,0.003966440515743762,0.003965730051259306,0.0095134893361156
2025-06-23,0.09513877330706581,0.09514596616208977,0.16953709622967816,0.10048316010736683,0.125580807123169,0.11303712650661,0.10047841282305103,0.04757208397416689,0.047571784271874216,0.038060304559508956,0.04995062823241671,0.003964939735765903,0.003964739934237459,0.009514177032999246
2025-06-30,0.09499804655249858,0.09518320716627222,0.16928142703967367,0.10074565817725564,0.1253363184467528,0.11317337815085239,0.10062345217216505,0.0475684585064144,0.04756074348084051,0.038122659030181874,0.04994533842662035,0.003979468260015671,0.003974324909633071,0.00950751968082376
2025-07-07,0.09509452607533414,0.09515767545892567,0.16945670885819666,0.10056569461164934,0.12550393512285585,0.11307996667652055,0.1005240160184789,0.0475709440565139,0.04756831283219759,0.03807991001919469,0.04994896501447634,0.0039695077866754545,0.0039677536371312445,0.009512083831849727
2025-07-14,0.0584784247928901,0.10484752004603466,0.10293340286146868,0.16886582661605584,0.06188971929307722,0.1485316760605649,0.13826222374898048,0.04662762311637426,0.044695577480826566,0.05430410008591908,0.048572595145083435,0.007749726530793234,0.006461696107094774,0.0077798881148367
2025-07-21,0.05856072404978853,0.10493826987510636,0.10276325278910095,0.168899980325955,0.06197081386750781,0.14849386016281516,0.13822149516484236,0.046632563915977726,0.0447020413062757,0.05429465009815993,0.048518083333210345,0.007757092921839821,0.006465077493986321,0.00778209469543393
2025-07-28,0.06134892012960702,0.10531047192078825,0.10467537629164055,0.16555040476526922,0.06620434483299678,0.1462073219771495,0.13578281117150462,0.04673221845718679,0.04492085968156898,0.053325731991186114,0.04805463605645067,0.007625722684079824,0.006363823369628629,0.007897356670943113
2025-08-04,0.08730697917673477,0.1087756667645817,0.1224772142411275,0.13436591210478246,0.10561844758403476,0.12491968956612984,0.1130787038260596,0.047660000575432744,0.046958055109671375,0.04430512055904627,0.04373994963162015,0.0064026679593807995,0.005421149158920555,0.008970443742477453
2025-08-11,0.13354514847636093,0.11494809535612704,0.15418699637308406,0.07881808210174988,0.17582538996314934,0.08700078547465283,0.07263668320619632,0.0493126259346223,0.05058683902336874,0.02823702556672922,0.03605435183619536,0.00422408398587688,0.003741997043965558,0.010881895657921605
2025-08-18,0.17719099477676234,0.12077446940353048,0.18411898325998238,0.026384517205987664,0.24209621042845592,0.051207788370209686,0.03446202701221736,0.05087259756654234,0.054012176733611604,0.01306978138302424,0.028799643763042313,0.0021676413822801412,0.0021569858673895757,0.012686182846963887
2025-08-25,0.17723477049912562,0.12078031311500143,0.18414900431487782,0.02633192761559238,0.24216267844966258,0.05117188886460704,0.03442373876047035,0.050874162180150326,0.05401561226403006,0.01305456900597851,0.028792367467280953,0.0021655788203618445,0.0021553961397272705,0.012687992503133856
2025-09-01,0.17639012788009997,0.12066756002961156,0.18356975488017133,0.027346631816161465,0.24088019307917538,0.05186456167037636,0.035162501880474074,0.05084397331599766,0.05394932448501178,0.013348088365473867,0.028932761941133058,0.0022053754840494493,0.0021860695738532532,0.012653075598410828
2025-09-08,0.17797157838107194,0.12087867111891654,0.18465430151335088,0.025446769755945526,0.2432814301064825,0.05056764895129389,0.03377929284044579,0.05090049686011277,0.05407343714399376,0.012798522989937465,0.028669897025243276,0.002130862959689296,0.002128638754389015,0.012718451599127347
2025-09-15,0.17776562776505042,0.12085117834638615,0.18451306215930846,0.025694186770526036,0.24296871956341867,0.05073654451473832,0.03395942668194461,0.05089313585910574,0.05405727408447486,0.012870092304036287,0.0287041296435419,0.0021405666464527186,0.00213611790889939,0.012709937752116445
2025-09-22,0.17633166361902694,0.1206597555148114,0.18352966053800318,0.02741686735715557,0.24079142232828787,0.05191250692301041,0.03521363740092511,0.05084188371076633,0.05394473619414037,0.01336840511492148,0.028942479730630775,0.0022081301195405524,0.0021881927199275254,0.0126506587288525
2025-09-29,0.17787237651518517,0.12086542845722364,0.18458626963401834,0.025565945070749847,0.24313080434020107,0.05064900221625293,0.03386605933588641,0.050896951228403584,0.054065651754983096,0.01283299634882314,0.028686386121877273,0.002135537011418334,0.0021322412980328115,0.012714350666944325
2025-10-06,0.05827807709800156,0.10490053875051927,0.10256941567579858,0.169239535828834,0.0615416494226711,0.1487256527017262,0.138468711134364,0.046622461666531084,0.04467985909777922,0.05439287193824128,0.048565064232810005,0.007770410276930865,0.006475341897488183,0.007770410278304727
2025-10-13,0.05833371929374536,0.10490796654199779,0.10260757466719259,0.1691726905519342,0.06162613521632608,0.14868002176270317,0.13842004392150303,0.04662445040668062,0.04468422591220756,0.054373535876707374,0.048555815520254585,0.007767788607480404,0.00647332123550958,0.00777271048575768
2025-10-20,0.05827807708246996,0.10490053874844592,0.10256941566514712,0.1692395358474927,0.061541649399088266,0.1487256527144633,0.13846871114794862,0.04662246166597596,0.04467985909656029,0.05439287194363862,0.04856506423539162,0.007770410277662659,0.006475341898052217,0.007770410277662659
2025-10-27,0.17817749872730357,0.12090615985067027,0.18479552010860342,0.025199389105718648,0.24359409468861362,0.050398778211437296,0.03359918547429153,0.0509078567792296,0.05408959782793144,0.0127269641948074,0.02863566943831665,0.0021211606991345666,0.0021211606991345666,0.012726964194807396
2025-11-03,0.05827807708246996,0.10490053874844592,0.10256941566514712,0.1692395358474927,0.061541649399088266,0.1487256527144633,0.13846871114794862,0.04662246166597596,0.04467985909656029,0.05439287194363862,0.04856506423539162,0.007770410277662659,0.006475341898052217,0.007770410277662659
2025-11-10,0.05827807708246996,0.10490053874844592,0.10256941566514712,0.1692395358474927,0.061541649399088266,0.1487256527144633,0.13846871114794862,0.04662246166597596,0.04467985909656029,0.05439287194363862,0.04856506423539162,0.007770410277662659,0.006475341898052217,0.007770410277662659
2025-11-17,0.05827807708246996,0.10490053874844592,0.10256941566514712,0.1692395358474927,0.061541649399088266,0.1487256527144633,0.13846871114794862,0.04662246166597596,0.04467985909656029,0.05439287194363862,0.04856506423539162,0.007770410277662659,0.006475341898052217,0.007770410277662659
2025-11-24,0.05827807708246996,0.10490053874844592,0.10256941566514712,0.1692395358474927,0.061541649399088266,0.1487256527144633,0.13846871114794862,0.04662246166597596,0.04467985909656029,0.05439287194363862,0.04856506423539162,0.007770410277662659,0.006475341898052217,0.007770410277662659
2025-12-01,0.05827807708246996,0.10490053874844592,0.10256941566514712,0.1692395358474927,0.061541649399088266,0.1487256527144633,0.13846871114794862,0.04662246166597596,0.04467985909656029,0.05439287194363862,0.04856506423539162,0.007770410277662659,0.006475341898052217,0.007770410277662659
2025-12-08,0.05827807708246996,0.10490053874844592,0.10256941566514712,0.1692395358474927,0.061541649399088266,0.1487256527144633,0.13846871114794862,0.04662246166597596,0.04467985909656029,0.05439287194363862,0.04856506423539162,0.007770410277662659,0.006475341898052217,0.007770410277662659
2025-12-15,0.05827807708246996,0.10490053874844592,0.10256941566514712,0.1692395358474927,0.061541649399088266,0.1487256527144633,0.13846871114794862,0.04662246166597596,0.04467985909656029,0.05439287194363862,0.04856506423539162,0.007770410277662659,0.006475341898052217,0.007770410277662659
2025-12-22,0.09163541861708659,0.09607307094087447,0.16317228053674415,0.10701797892759345,0.11949432730770429,0.1164290745291572,0.10408912839389345,0.04748182892996375,0.047296926749805915,0.03961260232935989,0.04981893994043037,0.004326623437812635,0.0042033553177074166,0.009348444041866487
2025-12-29,0.05827807708246996,0.10490053874844592,0.10256941566514712,0.1692395358474927,0.061541649399088266,0.1487256527144633,0.13846871114794862,0.04662246166597596,0.04467985909656029,0.05439287194363862,0.04856506423539162,0.007770410277662659,0.006475341898052217,0.007770410277662659
2026-01-05,0.05827807708246996,0.10490053874844592,0.10256941566514712,0.1692395358474927,0.061541649399088266,0.1487256527144633,0.13846871114794862,0.04662246166597596,0.04467985909656029,0.05439287194363862,0.04856506423539162,0.007770410277662659,0.006475341898052217,0.007770410277662659
2026-01-12,0.05827807708246996,0.10490053874844592,0.10256941566514712,0.1692395358474927,0.061541649399088266,0.1487256527144633,0.13846871114794862,0.04662246166597596,0.04467985909656029,0.05439287194363862,0.04856506423539162,0.007770410277662659,0.006475341898052217,0.007770410277662659
2026-01-19,0.05827807708246996,0.10490053874844592,0.10256941566514712,0.1692395358474927,0.061541649399088266,0.1487256527144633,0.13846871114794862,0.04662246166597596,0.04467985909656029,0.05439287194363862,0.04856506423539162,0.007770410277662659,0.006475341898052217,0.007770410277662659
2026-01-26,0.09514446100662839,0.09514446100662839,0.1695474295138118,0.10047255082299959,0.1255906885287495,0.11303161967587454,0.10047255082299959,0.047572230503314196,0.047572230503314196,0.03805778440265136,0.049950842028479915,0.00396435254194285,0.00396435254194285,0.009514446100662838
2026-02-02,0.09514446100662839,0.09514446100662839,0.1695474295138118,0.10047255082299959,0.1255906885287495,0.11303161967587454,0.10047255082299959,0.047572230503314196,0.047572230503314196,0.03805778440265136,0.049950842028479915,0.00396435254194285,0.00396435254194285,0.009514446100662838
2026-02-09,0.09514446100662839,0.09514446100662839,0.1695474295138118,0.10047255082299959,0.1255906885287495,0.11303161967587454,0.10047255082299959,0.047572230503314196,0.047572230503314196,0.03805778440265136,0.049950842028479915,0.00396435254194285,0.00396435254194285,0.009514446100662838
2026-02-16,0.09514446100662839,0.09514446100662839,0.1695474295138118,0.10047255082299959,0.1255906885287495,0.11303161967587454,0.10047255082299959,0.047572230503314196,0.047572230503314196,0.03805778440265136,0.049950842028479915,0.00396435254194285,0.00396435254194285,0.009514446100662838
2026-02-23,0.09514446100662839,0.09514446100662839,0.1695474295138118,0.10047255082299959,0.1255906885287495,0.11303161967587454,0.10047255082299959,0.047572230503314196,0.047572230503314196,0.03805778440265136,0.049950842028479915,0.00396435254194285,0.00396435254194285,0.009514446100662838
2026-03-02,0.09514446100662839,0.09514446100662839,0.1695474295138118,0.10047255082299959,0.1255906885287495,0.11303161967587454,0.10047255082299959,0.047572230503314196,0.047572230503314196,0.03805778440265136,0.049950842028479915,0.00396435254194285,0.00396435254194285,0.009514446100662838
2026-03-09,0.09514446100662839,0.09514446100662839,0.1695474295138118,0.10047255082299959,0.1255906885287495,0.11303161967587454,0.10047255082299959,0.047572230503314196,0.047572230503314196,0.03805778440265136,0.049950842028479915,0.00396435254194285,0.00396435254194285,0.009514446100662838
2026-03-16,0.09514446100662839,0.09514446100662839,0.1695474295138118,0.10047255082299959,0.1255906885287495,0.11303161967587454,0.10047255082299959,0.047572230503314196,0.047572230503314196,0.03805778440265136,0.049950842028479915,0.00396435254194285,0.00396435254194285,0.009514446100662838
2026-03-23,0.09514446100662839,0.09514446100662839,0.1695474295138118,0.10047255082299959,0.1255906885287495,0.11303161967587454,0.10047255082299959,0.047572230503314196,0.047572230503314196,0.03805778440265136,0.049950842028479915,0.00396435254194285,0.00396435254194285,0.009514446100662838
2026-03-30,0.09514446100662839,0.09514446100662839,0.1695474295138118,0.10047255082299959,0.1255906885287495,0.11303161967587454,0.10047255082299959,0.047572230503314196,0.047572230503314196,0.03805778440265136,0.049950842028479915,0.00396435254194285,0.00396435254194285,0.009514446100662838
2026-04-06,0.09514446100662839,0.09514446100662839,0.1695474295138118,0.10047255082299959,0.1255906885287495,0.11303161967587454,0.10047255082299959,0.047572230503314196,0.047572230503314196,0.03805778440265136,0.049950842028479915,0.00396435254194285,0.00396435254194285,0.009514446100662838
2026-04-13,0.09514446100662839,0.09514446100662839,0.1695474295138118,0.10047255082299959,0.1255906885287495,0.11303161967587454,0.10047255082299959,0.047572230503314196,0.047572230503314196,0.03805778440265136,0.049950842028479915,0.00396435254194285,0.00396435254194285,0.009514446100662838
2026-04-20,0.09514446100662839,0.09514446100662839,0.1695474295138118,0.10047255082299959,0.1255906885287495,0.11303161967587454,0.10047255082299959,0.047572230503314196,0.047572230503314196,0.03805778440265136,0.049950842028479915,0.00396435254194285,0.00396435254194285,0.009514446100662838
2026-04-27,0.09514446100662839,0.09514446100662839,0.1695474295138118,0.10047255082299959,0.1255906885287495,0.11303161967587454,0.10047255082299959,0.047572230503314196,0.047572230503314196,0.03805778440265136,0.049950842028479915,0.00396435254194285,0.00396435254194285,0.009514446100662838
2026-05-04,0.09514446100662839,0.09514446100662839,0.1695474295138118,0.10047255082299959,0.1255906885287495,0.11303161967587454,0.10047255082299959,0.047572230503314196,0.047572230503314196,0.03805778440265136,0.049950842028479915,0.00396435254194285,0.00396435254194285,0.009514446100662838
2026-05-11,0.09514446100662839,0.09514446100662839,0.1695474295138118,0.10047255082299959,0.1255906885287495,0.11303161967587454,0.10047255082299959,0.047572230503314196,0.047572230503314196,0.03805778440265136,0.049950842028479915,0.00396435254194285,0.00396435254194285,0.009514446100662838
2026-05-18,0.09514446100662839,0.09514446100662839,0.1695474295138118,0.10047255082299959,0.1255906885287495,0.11303161967587454,0.10047255082299959,0.047572230503314196,0.047572230503314196,0.03805778440265136,0.049950842028479915,0.00396435254194285,0.00396435254194285,0.009514446100662838
2026-05-25,0.09514446100662839,0.09514446100662839,0.1695474295138118,0.10047255082299959,0.1255906885287495,0.11303161967587454,0.10047255082299959,0.047572230503314196,0.047572230503314196,0.03805778440265136,0.049950842028479915,0.00396435254194285,0.00396435254194285,0.009514446100662838
