week,symbol,cluster_id,signal,side,w
2019-04-01,ADA,,0.49797144001101384,1,0.2
2019-04-01,BNB,,0.2424632813180194,1,0.0885915837075181
2019-04-01,BTC,,-0.4246136873487428,-1,-0.065
2019-04-01,DASH,,0.11806987158634309,0,0.0
2019-04-01,ETC,,-0.49404708516897294,-1,-0.065
2019-04-01,ETH,,-0.1456797463745395,-1,-0.0199996125938891
2019-04-01,FET,,-0.11223369669082514,-1,-3.874061108892261e-07
2019-04-01,LINK,,0.3177451660085,1,0.15640841621901566
2019-04-01,LTC,,-0.4727578284803202,-1,-0.065
2019-04-01,TRX,,0.10649533892901746,0,0.0
2019-04-01,VET,,0.3518271462612946,1,0.2
2019-04-01,XLM,,-0.093801418056757,0,0.0
2019-04-01,XRP,,-0.06084973948829629,0,0.0
2019-04-01,ZEC,,0.1694109574942677,1,7.346623017751357e-11
2019-04-08,ADA,,0.02528788129956644,0,0.05516783611374343
2019-04-08,BNB,,0.6140940073313702,1,0.1692691937414233
2019-04-08,BTC,,-0.159096622527095,-1,-0.03241239049763364
2019-04-08,DASH,,0.11849934816563729,1,0.03258723635579103
2019-04-08,ETC,,-0.3886234874263598,-1,-0.065
2019-04-08,ETH,,-0.0455250118937654,0,-0.005516676749590166
2019-04-08,FET,,0.2562559256160533,1,0.1448320570244724
2019-04-08,LINK,,0.09601600956609568,1,0.04314356988252083
2019-04-08,LTC,,-0.37734392922257715,-1,-0.065
2019-04-08,TRX,,0.04328056842060264,0,0.0
2019-04-08,VET,,0.027694914456290902,0,0.05516783611374343
2019-04-08,XLM,,-0.2349104449529539,-1,-0.047070453263033385
2019-04-08,XRP,,-0.14233238095198222,-1,-3.7262795862965727e-07
2019-04-08,ZEC,,0.16670322211912175,1,0.14483216390652145
2019-04-15,ADA,,-0.16282140671825687,-1,-2.361693978402098e-06
2019-04-15,BNB,,0.5506277979480003,1,0.2
2019-04-15,BTC,,-0.27207941697985943,-1,-0.065
2019-04-15,DASH,,0.11498973101796814,1,5.780486829106096e-10
2019-04-15,ETC,,-0.530373446654296,-1,-0.065
2019-04-15,ETH,,-0.06588554920623857,0,0.0
2019-04-15,FET,,0.7867239646415966,1,0.2
2019-04-15,LINK,,0.18168963066013752,1,0.2
2019-04-15,LTC,,-0.568473353609273,-1,-0.065
2019-04-15,TRX,,-0.05710587746117105,0,0.0
2019-04-15,VET,,0.060673641406674736,0,0.0
2019-04-15,XLM,,-0.16577101569023248,-1,-0.019997638306021588
2019-04-15,XRP,,-0.011777362863472578,0,0.0
2019-04-15,ZEC,,0.13958266350842038,1,0.0449999994219513
2019-04-22,ADA,,0.003917524944661344,0,0.0
2019-04-22,BNB,,0.3852322701097006,1,0.2
2019-04-22,BTC,,0.0037022959796547,0,0.0
2019-04-22,DASH,,0.18395279661242564,1,0.2
2019-04-22,ETC,,-0.3095577535060596,-1,-0.061689498710907884
2019-04-22,ETH,,-0.02447086017955119,-1,-1.5744282003551207e-07
2019-04-22,FET,,-0.12182637827477882,-1,-0.026575752082328555
2019-04-22,LINK,,0.1481927965447285,1,0.2
2019-04-22,LTC,,-0.44175284472605875,-1,-0.065
2019-04-22,TRX,,0.08916118231668553,1,1.0141507641421335e-09
2019-04-22,VET,,0.06270414271889867,0,0.0
2019-04-22,XLM,,-0.1660219563039458,-1,-0.06173459176394353
2019-04-22,XRP,,0.07866134998219663,0,0.0
2019-04-22,ZEC,,0.10810543378144483,1,0.044999998985849214
2019-04-29,ADA,,-0.02875553938037825,-1,-0.017446090798714935
2019-04-29,BNB,,-0.55273207175234,-1,-0.031163812991159917
2019-04-29,BTC,,0.1365362169243595,1,1.195475895983498e-09
2019-04-29,DASH,,0.24065006868044966,1,0.2
2019-04-29,ETC,,0.28535388030878645,1,0.1665865101259174
2019-04-29,ETH,,0.01921940715051518,0,-2.0102885667625424e-08
2019-04-29,FET,,-0.5149600830347153,-1,-0.06009384891239108
2019-04-29,LINK,,0.1616650550007636,1,0.07423093647497697
2019-04-29,LTC,,0.07268812994059642,0,-0.008299442096507945
2019-04-29,TRX,,0.06314059460294634,0,1.2949054683272182e-10
2019-04-29,VET,,0.17758160843583837,1,0.16502329472427238
2019-04-29,XLM,,-0.15511330633009587,-1,-0.064583060514206
2019-04-29,XRP,,-0.0019442976351599288,-1,-2.3471005183985473e-07
2019-04-29,ZEC,,0.0966703370884308,0,0.005745767475784182
2019-05-06,ADA,,0.09598500928371428,0,0.0
2019-05-06,ATOM,,0.12323184338591373,0,0.0
2019-05-06,BNB,,-0.7475435620261429,-1,-0.065
2019-05-06,BTC,,-0.1079630175128525,-1,-0.065
2019-05-06,DASH,,0.28773871230129244,1,0.2
2019-05-06,ETC,,0.34423848483327885,1,0.2
2019-05-06,ETH,,0.008822258462742831,0,0.0
2019-05-06,FET,,-0.4160310537543537,-1,-0.065
2019-05-06,LINK,,-0.07412607382075975,-1,-0.019996924707595672
2019-05-06,LTC,,0.06755569852878257,0,0.0
2019-05-06,TRX,,0.15610662213878423,1,0.04499999943108056
2019-05-06,VET,,-0.06676982350897816,-1,-3.075292404319803e-06
2019-05-06,XLM,,-0.043630091409979595,0,0.0
2019-05-06,XRP,,0.1316807625413572,1,5.689194260425386e-10
2019-05-06,ZEC,,0.24070423055720463,1,0.2
2019-05-13,ADA,,0.1642413986296913,1,0.04175258726919803
2019-05-13,ATOM,,0.12651845921076074,0,0.0
2019-05-13,BNB,,-0.34768662241615367,-1,-0.065
2019-05-13,BTC,,0.14164214165103564,0,-0.004690705790511271
2019-05-13,DASH,,0.15066339914223548,1,0.014432941923559622
2019-05-13,ETC,,0.28985155158262965,1,0.2
2019-05-13,ETH,,-0.0016346445508460964,0,0.0
2019-05-13,FET,,-0.6487961294241694,-1,-0.065
2019-05-13,LINK,,0.2531837527030403,1,0.1841239869442986
2019-05-13,LTC,,-0.085101603668131,-1,-0.018556588080088147
2019-05-13,TRX,,0.17977623535557413,1,0.18881447076618646
2019-05-13,VET,,-0.053241105404297454,-1,-3.3975809127618423e-07
2019-05-13,XLM,,-0.27438272625541066,-1,-0.06030929420948873
2019-05-13,XRP,,-0.025576197266822462,0,4.105590224726278e-11
2019-05-13,ZEC,,0.13054209071086276,0,0.014432940893880836
2019-05-20,ADA,,0.08617791985620912,0,0.004527201140359038
2019-05-20,ATOM,,0.12324225956223976,1,0.07713497815555109
2019-05-20,BNB,,-0.21329089918291816,-1,-0.029580601611340088
2019-05-20,BTC,,-0.14042924480414468,0,-0.0005086096453610078
2019-05-20,DASH,,-0.08357056149727332,0,0.0015649528666042325
2019-05-20,ETC,,0.10414456075378747,1,0.02168584873837323
2019-05-20,ETH,,-0.2391440429083601,-1,-0.0532505257804138
2019-05-20,FET,,-0.5476174715678667,-1,-0.065
2019-05-20,LINK,,0.04851850892585875,0,0.01996442324130232
2019-05-20,LTC,,0.9968473864522888,1,0.17630207612261917
2019-05-20,TRX,,0.32261844365771863,1,0.1987871616104567
2019-05-20,VET,,-0.020327493919923008,0,-3.683971027602608e-08
2019-05-20,XLM,,-0.38675032182464064,-1,-0.064491390354639
2019-05-20,XRP,,-0.17944775411351882,-1,-2.878829626238523e-07
2019-05-20,ZEC,,0.1290287106105445,1,0.14286481023916098
2019-05-27,ADA,,0.3615082937497381,1,0.04499984109247787
2019-05-27,ATOM,,0.01899709080623179,0,0.0
2019-05-27,BNB,,-0.3371679316062539,-1,-0.03140987915795058
2019-05-27,BTC,,-0.29239758883301264,0,0.0
2019-05-27,DASH,,-0.12836565109385825,0,0.0
2019-05-27,ETC,,0.36071625932922935,1,1.5890752211090467e-07
2019-05-27,ETH,,-0.3589333402067821,-1,-0.065
2019-05-27,FET,,-0.3818220486387655,-1,-0.05358966104986952
2019-05-27,LINK,,-0.3158471125486938,-1,-4.597921798963306e-07
2019-05-27,LTC,,0.4837805399327832,1,0.2
2019-05-27,TRX,,0.7344995113492966,1,0.2
2019-05-27,VET,,-0.036210433120525895,0,0.0
2019-05-27,XLM,,-0.42178625564402084,-1,-0.065
2019-05-27,XRP,,-0.0782353344777425,0,0.0
2019-05-27,ZEC,,0.39126400100237574,1,0.2
2019-06-03,ADA,,-0.027015844898766257,0,0.0
2019-06-03,ATOM,,0.3261035059761243,1,0.2
2019-06-03,BNB,,-0.256997967532095,-1,-0.03981497012172313
2019-06-03,BTC,,-0.4392861618619945,-1,-0.065
2019-06-03,DASH,,-0.06961761383608459,0,0.0
2019-06-03,ETC,,0.16714474134190596,1,0.044999957619622145
2019-06-03,ETH,,-0.3413922672624247,-1,-0.06247066724925405
2019-06-03,FET,,0.030824552703316785,0,0.0
2019-06-03,LINK,,0.08567548242332121,0,0.0
2019-06-03,LTC,,0.531286625575546,1,0.2
2019-06-03,TRX,,0.0021333507326956893,0,0.0
2019-06-03,VET,,0.16447561914818995,1,4.238037783546653e-08
2019-06-03,XLM,,-0.3234296423993504,-1,-0.047714278920273585
2019-06-03,XRP,,-0.10811638508063894,-1,-8.37087492371911e-08
2019-06-03,ZEC,,0.25821200497025254,1,0.2
2019-06-10,ADA,,0.0012005965491444525,0,0.0
2019-06-10,ATOM,,-0.2842590511867015,-1,-0.027737284482774016
2019-06-10,BNB,,-0.11640104598475204,-1,-0.005462512218156086
2019-06-10,BTC,,-0.23689261933876565,-1,-0.065
2019-06-10,DASH,,0.2128839055340183,1,0.1480172077845159
2019-06-10,ETC,,-0.16967867753017835,-1,-0.01612870440137807
2019-06-10,ETH,,-0.02946804921254484,0,-0.008570433678448584
2019-06-10,FET,,0.30594376953959573,1,0.1725617347922567
2019-06-10,LINK,,-0.0909057000756714,0,0.0
2019-06-10,LTC,,0.39699155152287713,1,0.2
2019-06-10,TRX,,-0.24933847812357693,-1,-0.05194319947381007
2019-06-10,VET,,0.039581783769995146,1,5.92646901932103e-09
2019-06-10,XLM,,0.009298137112172832,0,-0.006545985196053511
2019-06-10,XRP,,0.030782593140031823,0,-1.1484114308892642e-08
2019-06-10,ZEC,,0.18026128428435345,1,0.0908091824314931
2019-06-17,ADA,,0.014465922270598999,0,0.0
2019-06-17,ATOM,,-0.30214034759652797,-1,-0.05930369372992894
2019-06-17,BNB,,0.2077880988554741,1,0.10701976260159576
2019-06-17,BTC,,-0.1426556947940453,-1,-0.03418123967935886
2019-06-17,DASH,,0.3957032320665877,1,0.19205345340180655
2019-06-17,ETC,,-0.012093063322325823,0,-0.0024655755420514274
2019-06-17,ETH,,0.07486785103727439,0,-0.001310151834672548
2019-06-17,FET,,-0.1607811050930917,-1,-0.02138180081583249
2019-06-17,LINK,,-0.5252603015798952,-1,-0.05506352858573999
2019-06-17,LTC,,-0.0909786756432489,-1,0.030573478281277155
2019-06-17,TRX,,-0.07850063004309339,0,-0.007940494103641837
2019-06-17,VET,,0.09367322464611433,1,1.0861759480833543e-09
2019-06-17,XLM,,-0.029535566781041894,0,-0.0010006768427500753
2019-06-17,XRP,,0.20945890745263734,1,0.09969233403187691
2019-06-17,ZEC,,0.34598814852458554,1,0.18330813173124388
2019-06-24,ADA,,-0.04621076462058023,0,0.0
2019-06-24,ALGO,,-0.0052053316096689825,0,0.0
2019-06-24,ATOM,,0.09242019836825129,0,-0.0004852861670503125
2019-06-24,BNB,,-0.11329132401258464,-1,-0.018960050823162627
2019-06-24,BTC,,-0.2633155485605306,-1,-0.06474780798414756
2019-06-24,DASH,,0.19344436437578436,1,0.19993497286766848
2019-06-24,ETC,,0.178127688878025,1,0.15109738160267416
2019-06-24,ETH,,-0.06581726805206968,0,-1.0721061743601112e-05
2019-06-24,FET,,0.12276536955593935,1,-0.00017496798746343897
2019-06-24,LINK,,-0.45578977154970907,-1,-0.06491868917729492
2019-06-24,LTC,,-0.16032956326995496,-1,-0.06421791571435659
2019-06-24,TRX,,0.04291586323221352,0,-6.497760435615618e-05
2019-06-24,VET,,0.44159228556685376,1,0.19836338637986098
2019-06-24,XLM,,-0.09756673187549056,-1,-8.726410484927215e-06
2019-06-24,XRP,,-0.03510082651575567,0,0.0008157891629305553
2019-06-24,ZEC,,0.1713613600892761,1,0.09337761291692598
2019-07-01,ADA,,-0.05505213630023917,-1,-1.5490604957577426e-07
2019-07-01,ALGO,,0.01058880531395473,0,0.0
2019-07-01,ATOM,,0.1419375434728279,1,1.7554818098987242e-10
2019-07-01,BNB,,-0.05408915929624249,0,0.0
2019-07-01,BTC,,-0.1395252766776429,-1,-0.05254156534645942
2019-07-01,DASH,,0.19097888338737465,1,0.071653064866617
2019-07-01,ETC,,0.31088142499690036,1,0.2
2019-07-01,ETH,,0.06342728162555333,0,0.0
2019-07-01,FET,,0.02838051813943122,0,0.0
2019-07-01,LINK,,-0.7620586954867442,-1,-0.065
2019-07-01,LTC,,-0.21925274030008812,-1,-0.065
2019-07-01,TRX,,0.3126208155012363,1,0.2
2019-07-01,VET,,-0.10443931155019429,-1,-0.03245827974749099
2019-07-01,XLM,,0.036158197673952695,0,0.0
2019-07-01,XRP,,0.0052222238690239915,0,0.0
2019-07-01,ZEC,,0.23422162563089705,1,0.17334693495783482
2019-07-08,ADA,,-0.01652457917860639,-1,-1.1354828319813658e-07
2019-07-08,ALGO,,-0.00613123136237779,0,0.0
2019-07-08,ATOM,,0.15641302032799523,1,0.07132221407130425
2019-07-08,BNB,,0.023287397089964818,0,0.0
2019-07-08,BTC,,-0.2161981816390901,-1,-0.065
2019-07-08,DASH,,0.14978217214466166,1,0.06166401154425298
2019-07-08,DOGE,,0.17318438446338216,1,0.1120137742467775
2019-07-08,ETC,,0.23579501906444614,1,0.2
2019-07-08,ETH,,-0.1093405426925857,-1,-0.025979046252308804
2019-07-08,FET,,-0.022907434143427562,-1,-0.0024664437520639897
2019-07-08,LINK,,-0.5555616261857299,-1,-0.065
2019-07-08,LTC,,-0.1440273252549468,-1,-0.056554396447344
2019-07-08,TRX,,0.09592519674762919,1,1.3766527877681129e-10
2019-07-08,VET,,0.003591587025239594,0,0.0
2019-07-08,XLM,,-0.007552809078027751,0,0.0
2019-07-08,XRP,,0.03046718589065727,0,0.0
2019-07-08,ZEC,,0.20979776678081788,1,0.2
2019-07-15,ADA,,0.11831127956195957,1,0.0006569729263161689
2019-07-15,ALGO,,-0.4904601070576978,-1,-0.065
2019-07-15,ATOM,,0.25854961874520477,1,0.1905957655524887
2019-07-15,BNB,,-0.02544179909975286,-1,-0.013674338053000258
2019-07-15,BTC,,-0.2820444278294598,-1,-0.065
2019-07-15,DASH,,0.11320976754921522,1,1.8533923156033846e-10
2019-07-15,DOGE,,0.17304725983711639,1,0.05374726133585595
2019-07-15,ETC,,0.29912558088378566,1,0.2
2019-07-15,ETH,,-0.10369055249396654,-1,-0.023932224573598393
2019-07-15,FET,,0.33283578844846273,1,0.2
2019-07-15,LINK,,-0.8710636765516886,-1,-0.04739338932872664
2019-07-15,LTC,,0.07484958094882885,0,0.0
2019-07-15,TRX,,0.08648724094852578,0,0.0
2019-07-15,VET,,0.0948306288337549,0,0.0
2019-07-15,XLM,,0.05011159281900226,-1,-4.80446747099719e-08
2019-07-15,XRP,,0.09927327709678672,0,0.0
2019-07-15,ZEC,,0.07206894735992372,0,0.0
2019-07-22,ADA,,0.21099199749057745,1,0.12423305275713913
2019-07-22,ALGO,,-0.10111638372200912,-1,-0.01022362726414195
2019-07-22,ATOM,,0.0024805578445757422,0,0.029976992713740852
2019-07-22,BNB,,-0.14836178839425151,-1,-0.03290857445769959
2019-07-22,BTC,,-0.45120853585763926,-1,-0.065
2019-07-22,DASH,,0.23173413528299588,1,0.1685439048458757
2019-07-22,DOGE,,0.1730856836027022,1,0.019053592844060607
2019-07-22,ETC,,0.1604934531013675,1,0.0314560954971185
2019-07-22,ETH,,-0.05811009394069034,0,-0.00376407167067307
2019-07-22,FET,,0.388650707154212,1,0.2
2019-07-22,LINK,,-0.12628867145121161,-1,-0.03619430128912009
2019-07-22,LTC,,-0.13221543189739873,-1,-0.012132648696440226
2019-07-22,TRX,,-0.43154697045026225,-1,-0.054776769065435764
2019-07-22,VET,,0.08484728122542193,0,0.0
2019-07-22,XLM,,-0.012141970415540135,0,-7.556489303631704e-09
2019-07-22,XRP,,0.014648939439609102,0,0.0
2019-07-22,ZEC,,0.19405709098754165,1,0.0717363613420653
2019-07-29,ADA,,0.03388847222271829,0,0.0
2019-07-29,ALGO,,-0.14745274979591652,-1,-0.010807176838506329
2019-07-29,ATOM,,-0.016987741296423015,0,0.0
2019-07-29,BNB,,-0.19840615731506828,-1,-0.06328921098989651
2019-07-29,BTC,,-0.26870066519655833,-1,-0.065
2019-07-29,DASH,,0.2845850213252095,1,0.19337081658637248
2019-07-29,DOGE,,0.4491930078003816,1,0.2
2019-07-29,ETC,,0.1431369453472684,1,0.018449994366433808
2019-07-29,ETH,,0.05355682872225143,1,2.8944586418046706e-11
2019-07-29,FET,,0.022411083530411904,0,0.0
2019-07-29,LINK,,0.16506517266229043,1,0.036562689780144146
2019-07-29,LTC,,-0.13925686975321963,-1,-0.010903428702421482
2019-07-29,TRX,,-0.4695287229965643,-1,-0.065
2019-07-29,VET,,-0.08652257106461428,0,0.0
2019-07-29,XLM,,-0.10811186829140429,-1,-1.8346917566386743e-07
2019-07-29,XRP,,0.012224240411698034,0,0.0
2019-07-29,ZEC,,0.2709065736875409,1,0.19661649923810492
2019-08-05,ADA,,0.10211226645295579,1,5.5500503883217926e-11
2019-08-05,ALGO,,-0.29360955759256463,-1,-0.033529351483839974
2019-08-05,ATOM,,0.17103147112365216,1,0.013769380359503843
2019-08-05,BNB,,-0.0648044622308967,0,0.0
2019-08-05,BTC,,-0.481776545785223,-1,-0.065
2019-08-05,DASH,,0.4188993514850663,1,0.2
2019-08-05,DOGE,,0.38622784153490813,1,0.2
2019-08-05,ETC,,0.1938342676677316,1,0.031230619584995636
2019-08-05,ETH,,0.05929757730263161,0,0.0
2019-08-05,FET,,0.39007224528351214,1,0.2
2019-08-05,LINK,,-0.14602410325803378,-1,-0.008808496671544682
2019-08-05,LTC,,-0.11478713264110815,-1,-1.2911196354822428e-07
2019-08-05,TRX,,-0.34314811086114877,-1,-0.05518308607407381
2019-08-05,VET,,0.03738963721730644,0,0.0
2019-08-05,XLM,,-0.09792623262114969,0,0.0
2019-08-05,XRP,,-0.027485299377885478,0,0.0
2019-08-05,ZEC,,-0.1893032136997547,-1,-0.05247893665857798
2019-08-12,ADA,,-0.00981637340848372,0,0.0
2019-08-12,ALGO,,-0.4148250172030462,-1,-0.065
2019-08-12,ATOM,,0.28201065285115456,1,0.09438469710592065
2019-08-12,BNB,,-0.17088890379161312,-1,-0.035432246109704274
2019-08-12,BTC,,-0.67072425554584,-1,-0.065
2019-08-12,DASH,,0.1929085117063481,1,0.0431158526177196
2019-08-12,DOGE,,0.2598211075484078,1,0.10749945024922762
2019-08-12,ETC,,0.41610540707339977,1,0.2
2019-08-12,ETH,,-0.09940995005270178,-1,-0.0027707908919942805
2019-08-12,FET,,0.3575657860746507,1,0.2
2019-08-12,LINK,,0.07431374087361164,0,0.0
2019-08-12,LTC,,-0.08104683169653783,0,0.0
2019-08-12,TRX,,0.09965907363103478,1,2.7132109412672598e-11
2019-08-12,VET,,-0.05784018252665759,0,0.0
2019-08-12,XLM,,-0.15287713727937768,-1,-0.04679669913434944
2019-08-12,XRP,,0.06881150646167764,0,0.0
2019-08-12,ZEC,,-0.09376713471602661,-1,-2.638639519955754e-07
2019-08-19,ADA,,0.09235568656064226,0,0.0
2019-08-19,ALGO,,-0.5242342228816893,-1,-0.046210204523951165
2019-08-19,ATOM,,0.11015904323192735,0,0.0
2019-08-19,BNB,,-0.33381317086828505,-1,-0.065
2019-08-19,BTC,,-0.5923329414167854,-1,-0.065
2019-08-19,DASH,,0.162495174678226,1,1.71962284808246e-10
2019-08-19,DOGE,,0.2356163829575632,1,0.09788630704712074
2019-08-19,ETC,,0.4084031052130063,1,0.2
2019-08-19,ETH,,-0.09297169799006466,-1,-0.009275942887678874
2019-08-19,FET,,0.2580349422855457,1,0.15840646925889887
2019-08-19,LINK,,-0.2469595532128778,-1,-0.029513773583958045
2019-08-19,LTC,,-0.05920912553813332,-1,-7.900441189992663e-08
2019-08-19,TRX,,0.21102973269962863,1,0.037116633780732544
2019-08-19,VET,,0.25572880261423847,1,0.1515905897412856
2019-08-19,XLM,,0.04187461089597135,0,0.0
2019-08-19,XRP,,-0.033328926449427705,0,0.0
2019-08-19,ZEC,,0.10715215722051381,0,0.0
2019-08-26,ADA,,0.10341674984165844,0,0.0
2019-08-26,ALGO,,-0.3323853828686877,-1,-0.02746795020409687
2019-08-26,ATOM,,0.23988231323551118,1,0.12361293126464878
2019-08-26,BNB,,-0.35221403580121047,-1,-0.04910797769320713
2019-08-26,BTC,,-0.35882270481731005,-1,-0.065
2019-08-26,DASH,,0.16178178217709663,0,0.0
2019-08-26,DOGE,,0.2295605957739198,1,0.14527661675761117
2019-08-26,ETC,,-0.13020845019700947,-1,-0.0084240191948859
2019-08-26,ETH,,-0.025036925234086283,0,0.0
2019-08-26,FET,,0.34558868810019927,1,0.2
2019-08-26,LINK,,-0.03688843699096134,-1,-5.2907810096509503e-08
2019-08-26,LTC,,0.13637587949383156,0,0.0
2019-08-26,TRX,,0.20088094210614943,1,0.04351207274490002
2019-08-26,VET,,0.22774750122759096,1,0.1325983788802991
2019-08-26,XLM,,-0.01706160831619422,0,0.0
2019-08-26,XRP,,-0.5610697460902684,-1,-0.065
2019-08-26,ZEC,,0.16845283835977154,1,3.52540894549744e-10
2019-09-02,ADA,,0.09229586390078895,0,0.0
2019-09-02,ALGO,,-0.09800454356386398,-1,-0.006516406033680467
2019-09-02,ATOM,,-0.09192698049621845,0,0.029325137183132857
2019-09-02,BNB,,-0.15420322451840932,-1,-0.029627881938280972
2019-09-02,BTC,,-0.11404224254583296,-1,-0.021169885614360215
2019-09-02,DASH,,0.19402191917867284,1,0.1263905689766164
2019-09-02,DOGE,,0.09833048469753553,1,0.03446449095884489
2019-09-02,ETC,,-0.3989850938984167,-1,-0.05157827800533085
2019-09-02,ETH,,-0.008152848081280908,0,0.0
2019-09-02,FET,,0.2838851743192288,1,0.2
2019-09-02,LINK,,0.03467633335938128,0,-1.2551508756131199e-08
2019-09-02,LTC,,0.07084202740322136,0,0.0
2019-09-02,TRX,,0.12909054716238447,1,0.03359519700338662
2019-09-02,VET,,-0.17211936375792614,-1,-0.009650748843182372
2019-09-02,XLM,,-0.28638067795628147,-1,-0.04957981784427793
2019-09-02,XRP,,0.13019142702195446,1,0.021794350950304964
2019-09-02,ZEC,,0.2904811977750629,1,0.15255328575833588
2019-09-09,ADA,,0.08439788518402046,0,0.0
2019-09-09,ALGO,,-0.05980323454153229,0,0.0
2019-09-09,ATOM,,-0.05891146184470005,0,0.0
2019-09-09,BNB,,-0.28118724830613573,-1,-0.037222660982290684
2019-09-09,BTC,,-0.2336841110615396,-1,-0.047185440065387184
2019-09-09,CHZ,,0.2387099344526195,1,0.14060319687879938
2019-09-09,DASH,,0.14993263669116433,1,0.0035108237555253603
2019-09-09,DOGE,,0.2166734299767904,1,0.12719949120246554
2019-09-09,ETC,,-0.46550020514998286,-1,-0.044792904619626074
2019-09-09,ETH,,0.08326973613582307,0,0.0
2019-09-09,FET,,0.40139724178085284,1,0.2
2019-09-09,LINK,,-0.11940195854229428,-1,-6.990141747293362e-08
2019-09-09,LTC,,0.056322505833487316,0,0.0
2019-09-09,TRX,,0.23792396460277077,1,0.173686488036239
2019-09-09,VET,,-0.289640145802263,-1,-0.065
2019-09-09,XLM,,-0.17367067416010248,-1,-0.020798924431278572
2019-09-09,XRP,,0.07974272011505784,0,0.0
2019-09-09,ZEC,,0.133428984635963,1,1.269706689664986e-10
2019-09-16,ADA,,0.14895320136465284,1,0.019514229608515194
2019-09-16,ALGO,,-0.0350193809619956,-1,-7.075199683895807e-08
2019-09-16,ATOM,,-0.7261269263581359,-1,-0.065
2019-09-16,BNB,,-0.21397396515096012,-1,-0.04823175928401541
2019-09-16,BTC,,-0.5174689619227634,-1,-0.065
2019-09-16,CHZ,,0.24610226364467658,1,0.2
2019-09-16,DASH,,0.033500450276989086,0,0.0
2019-09-16,DOGE,,0.44533359392425687,1,0.2
2019-09-16,ETC,,-0.11265069436482068,-1,-0.02447628191219455
2019-09-16,ETH,,0.11633852480673351,1,1.2682052042494183e-10
2019-09-16,FET,,0.01746447730119025,0,0.0
2019-09-16,LINK,,0.04900897583513028,0,0.0
2019-09-16,LTC,,0.09707732113955418,0,0.0
2019-09-16,TRX,,0.23528051692180793,1,0.18289303643182075
2019-09-16,VET,,0.11490628067443871,0,0.0
2019-09-16,XLM,,-0.09548119426390644,-1,-0.012291888051793196
2019-09-16,XRP,,0.1568642984579542,1,0.04259273383284353
2019-09-16,ZEC,,0.039891218675195725,0,0.0
2019-09-23,ADA,,-0.010366219099121676,0,0.0
2019-09-23,ALGO,,-0.08443888494130829,-1,-2.346348005127835e-07
2019-09-23,ATOM,,-0.4002004624634291,-1,-0.065
2019-09-23,BNB,,-0.1793334299414037,-1,-0.053945985000900934
2019-09-23,BTC,,-0.45376195712717937,-1,-0.065
2019-09-23,CHZ,,0.23583276994191552,1,0.2
2019-09-23,DASH,,0.01714703359623615,0,0.0
2019-09-23,DOGE,,0.24760000591967202,1,0.2
2019-09-23,ETC,,0.020716344946459506,0,0.0
2019-09-23,ETH,,-0.13385042263282693,-1,-0.025010736756288326
2019-09-23,FET,,0.13438928810255496,1,0.030509862160434335
2019-09-23,LINK,,0.5974971794961214,1,0.2
2019-09-23,LTC,,-0.09857949157690361,-1,-0.006043043608010218
2019-09-23,TRX,,0.03395894706885324,0,0.0
2019-09-23,VET,,0.05038858311136804,1,8.353195131483095e-11
2019-09-23,XLM,,-0.02439692485492812,0,0.0
2019-09-23,XRP,,-0.04022641163039635,0,0.0
2019-09-23,ZEC,,0.08762405208431914,1,0.014490137756033694
2019-09-30,ADA,,0.01799579159678925,0,0.0
2019-09-30,ALGO,,0.02341447138935016,0,0.0
2019-09-30,ATOM,,-0.1745397099865577,-1,-0.01669771349496717
2019-09-30,BNB,,-0.07451842599090011,0,0.0
2019-09-30,BTC,,-0.3977274970867496,-1,-0.065
2019-09-30,CHZ,,0.2240070330537887,1,0.11765402639529719
2019-09-30,DASH,,0.13964079387189807,1,0.00787293946633296
2019-09-30,DOGE,,0.21593263000511384,1,0.17909558012550006
2019-09-30,ETC,,0.11921132788034496,1,1.6768683429464844e-10
2019-09-30,ETH,,-0.2990618089676716,-1,-0.065
2019-09-30,FET,,0.28859772219055013,1,0.2
2019-09-30,HBAR,,0.06329905887471166,0,0.0
2019-09-30,LINK,,0.2422527487475011,1,0.14037745384518302
2019-09-30,LTC,,-0.09266115517990246,-1,-0.003302156682420443
2019-09-30,TRX,,0.1083003077424388,0,0.0
2019-09-30,VET,,-0.08049910973218109,-1,-1.2982261237553233e-07
2019-09-30,XLM,,-0.30689810429295555,-1,-0.065
2019-09-30,XRP,,0.02236497739561199,0,0.0
2019-09-30,ZEC,,-0.03911105151117835,0,0.0
2019-10-07,ADA,,-0.036202021867253985,0,0.0
2019-10-07,ALGO,,0.05454496647002702,0,0.0
2019-10-07,ATOM,,-0.21471595096598808,-1,-0.0186126507803791
2019-10-07,BNB,,-0.1607457862538207,-1,-0.0013871950389148264
2019-10-07,BTC,,-0.31792639055711575,-1,-0.065
2019-10-07,CHZ,,0.05596065789916512,0,0.0
2019-10-07,DASH,,0.04003426154811845,0,0.0
2019-10-07,DOGE,,0.3013101396706666,1,0.2
2019-10-07,ETC,,0.09722194650969934,0,0.0
2019-10-07,ETH,,-0.30349424975387684,-1,-0.065
2019-10-07,FET,,0.27442665729922067,1,0.2
2019-10-07,HBAR,,0.07373183722103398,0,0.0
2019-10-07,LINK,,0.3611694947171438,1,0.2
2019-10-07,LTC,,-0.15559253552029018,-1,-1.5418070606296172e-07
2019-10-07,TRX,,0.09748972331182341,1,2.4169181392526e-10
2019-10-07,VET,,0.015195220741916714,0,0.0
2019-10-07,XLM,,-0.4115108792144954,-1,-0.065
2019-10-07,XRP,,0.10213261014272923,1,0.0014521615962842347
2019-10-07,ZEC,,0.12697029860129097,1,0.043547838162023934
2019-10-14,ADA,,-0.11542246115567348,-1,-0.006728894509195534
2019-10-14,ALGO,,-0.0982419314913785,-1,-1.153131712112576e-07
2019-10-14,ATOM,,0.080717001532241,1,0.0034903050000938277
2019-10-14,BNB,,-0.04685456465248445,0,0.0
2019-10-14,BTC,,-0.3677113471290652,-1,-0.065
2019-10-14,CHZ,,-0.021474696686473692,0,0.0
2019-10-14,DASH,,0.09487740120115919,1,0.05038237451136521
2019-10-14,DOGE,,0.46514502308401534,1,0.2
2019-10-14,ETC,,-0.011482886897587093,0,0.0
2019-10-14,ETH,,-0.22418649353043527,-1,-0.065
2019-10-14,FET,,0.3351688929070197,1,0.2
2019-10-14,HBAR,,0.07491363893311893,1,8.52955804500255e-10
2019-10-14,LINK,,-0.029347666755172263,0,0.0
2019-10-14,LTC,,-0.1401130787557185,-1,-0.018665815548179775
2019-10-14,TRX,,-0.053248814877398375,0,0.0
2019-10-14,VET,,-0.19333568088505046,-1,-0.059605174629453465
2019-10-14,XLM,,0.07193345519750753,0,0.0
2019-10-14,XRP,,0.06760616832190905,0,0.0
2019-10-14,ZEC,,0.1110580416394656,1,0.19112731963558513
2019-10-21,ADA,,0.08968275742700077,0,-0.0025493735220390957
2019-10-21,ALGO,,-0.31766590729989436,-1,-0.04037352016297147
2019-10-21,ATOM,,0.2762489852701909,1,0.10386816149069304
2019-10-21,BNB,,-0.21546573815995765,-1,-0.03659457934702048
2019-10-21,BTC,,-0.1812178613483173,-1,-0.02708974303838406
2019-10-21,CHZ,,-0.684604248166268,-1,-0.04037347647431726
2019-10-21,DASH,,0.39523631378949386,1,0.14331443116995918
2019-10-21,DOGE,,-0.07601423429457765,0,0.07577391854056229
2019-10-21,ETC,,0.15544952976385207,0,0.0
2019-10-21,ETH,,-0.10230813806939601,0,-0.024626523525682745
2019-10-21,FET,,0.2436189187646209,1,0.12402081831178269
2019-10-21,HBAR,,-0.19152949618850243,-1,-0.01373799963144884
2019-10-21,LINK,,-0.1785583039887337,-1,-2.858059313619832e-07
2019-10-21,LTC,,0.16725360355657232,1,-0.007071909796023804
2019-10-21,TRX,,0.17921585871974716,1,0.0013842588215109684
2019-10-21,VET,,-0.0033735332463643228,0,-0.02258258823484098
2019-10-21,XLM,,0.38984884730201685,1,0.12422608145943773
2019-10-21,XRP,,-0.058576682305761664,0,0.0
2019-10-21,ZEC,,0.11275932847427514,0,0.07241232974471419
2019-10-28,ADA,,-0.022172470766240605,0,0.0
2019-10-28,ALGO,,0.058222910660063985,0,0.0
2019-10-28,ATOM,,0.5611835864814912,1,0.2
2019-10-28,BNB,,-0.13280988939684227,0,0.0
2019-10-28,BTC,,-0.5260543834995692,-1,-0.065
2019-10-28,CHZ,,-0.6462122147283279,-1,-0.03535597621606241
2019-10-28,DASH,,0.17669740366953293,1,0.001179283992251752
2019-10-28,DOGE,,-0.1934236090925233,-1,-0.017720413296528122
2019-10-28,ETC,,0.2140768347147295,1,0.043820715863027104
2019-10-28,ETH,,-0.20603969361027952,-1,-0.03192354201455083
2019-10-28,FET,,0.3949879258883957,1,0.2
2019-10-28,HBAR,,0.07096191988703167,0,0.0
2019-10-28,LINK,,-0.06560035465483048,0,0.0
2019-10-28,LTC,,-0.11498263123487729,0,0.0
2019-10-28,STX,,0.17100257338359953,1,1.4472111889939576e-10
2019-10-28,TRX,,-0.05739105585851127,0,0.0
2019-10-28,VET,,-0.14185750791230956,-1,-6.847285862140613e-08
2019-10-28,XLM,,0.7772246475080636,1,0.2
2019-10-28,XRP,,-0.43020472908212914,-1,-0.065
2019-10-28,ZEC,,0.11239073764352689,0,0.0
2019-11-04,ADA,,0.08858888153318004,0,0.0
2019-11-04,ALGO,,0.02213294459894426,0,0.0
2019-11-04,ATOM,,0.49642536331227904,1,0.2
2019-11-04,BNB,,0.2815617135744305,1,0.05570499197498507
2019-11-04,BTC,,-0.6766374442763813,-1,-0.065
2019-11-04,CHZ,,-0.8727031265222138,-1,-0.034345607749696534
2019-11-04,DASH,,0.09142857133693681,0,0.0
2019-11-04,DOGE,,0.05310807337493858,0,0.0
2019-11-04,ETC,,0.21701376538961992,1,0.0042706781181994944
2019-11-04,ETH,,-0.052980471412936866,-1,-1.1224822116043302e-07
2019-11-04,FET,,0.5389674858396181,1,0.2
2019-11-04,HBAR,,-0.14370950524232912,-1,-0.01658267297071516
2019-11-04,LINK,,0.04739249604151455,0,0.0
2019-11-04,LTC,,0.055743946482412654,0,0.0
2019-11-04,STX,,0.17978882580999944,0,0.0
2019-11-04,TRX,,-0.2707958019387856,-1,-0.03407160703136712
2019-11-04,VET,,-0.04236234430788461,0,0.0
2019-11-04,XLM,,0.3745724659008898,1,0.18502432983208458
2019-11-04,XRP,,-0.5841594071323437,-1,-0.065
2019-11-04,ZEC,,0.19662356763810995,1,7.473084866953954e-11
2019-11-11,ADA,,0.40237669696416534,1,0.1861469387749216
2019-11-11,ALGO,,0.01896539274784864,0,0.0
2019-11-11,ATOM,,0.03377455286535994,0,0.0138530612250784
2019-11-11,BNB,,0.08133486987341179,0,0.003858423321859844
2019-11-11,BTC,,-0.5467094522696938,-1,-0.065
2019-11-11,CHZ,,-0.5852950251928835,-1,-0.03668766060986838
2019-11-11,DASH,,0.08031391075823018,0,0.0
2019-11-11,DOGE,,0.07957805065910424,0,0.0
2019-11-11,ETC,,0.035816421947415494,0,0.00029580982722010075
2019-11-11,ETH,,-0.0734413584734811,0,-7.774907400708095e-09
2019-11-11,FET,,0.8036544923915915,1,0.2
2019-11-11,HBAR,,-0.2116608422596845,-1,-0.012471287154316418
2019-11-11,LINK,,0.3551012663212609,1,0.1861469387749216
2019-11-11,LTC,,-0.05393051817039073,0,0.0
2019-11-11,STX,,0.18104246688152595,1,0.02658699357364309
2019-11-11,TRX,,-0.15134025123296002,-1,-0.002360036041932065
2019-11-11,VET,,0.1957286935039975,1,0.015296067597366148
2019-11-11,XLM,,-0.30113038989232266,-1,-0.020665241572510873
2019-11-11,XRP,,-0.4478349202947421,-1,-0.065
2019-11-11,ZEC,,0.10365594287224701,1,5.852436501165165e-11
2019-11-18,ADA,,0.08242136072805226,0,0.0
2019-11-18,ALGO,,0.11222858854358189,1,0.028893006228139315
2019-11-18,ATOM,,0.12594292329166198,1,0.17114936235272804
2019-11-18,BNB,,-0.04252216210819047,0,0.0
2019-11-18,BTC,,-0.5660168181655676,-1,-0.065
2019-11-18,CHZ,,-0.14253017566148407,-1,-0.01791894689301883
2019-11-18,DASH,,0.04673153478360674,0,0.0
2019-11-18,DOGE,,0.036375192071383206,0,0.0
2019-11-18,ETC,,0.04078750959057797,0,0.0
2019-11-18,ETH,,-0.14834278181651514,-1,-0.0571169751858716
2019-11-18,FET,,0.42829549677721124,1,0.2
2019-11-18,HBAR,,0.10164124845063832,0,0.0
2019-11-18,LINK,,0.22795233306920357,1,0.2
2019-11-18,LTC,,-0.0781861179016884,-1,-2.2470642020777823e-07
2019-11-18,STX,,0.09018987155214676,0,0.0
2019-11-18,TRX,,0.11275489551499819,1,0.044957626972248275
2019-11-18,VET,,0.05206839184642791,0,0.0
2019-11-18,XLM,,-0.09688017918635791,-1,-0.009963853214689355
2019-11-18,XRP,,-0.4872011709782153,-1,-0.065
2019-11-18,ZEC,,0.10429005959852797,1,4.4468843645438e-09
2019-11-25,ADA,,0.06955791595161596,0,0.0
2019-11-25,ALGO,,0.075120036191012,0,0.010039462838529987
2019-11-25,ATOM,,0.030510076635209906,0,0.05946932796161898
2019-11-25,BNB,,-0.04638840881484613,0,0.0
2019-11-25,BTC,,-0.2771066582805923,-1,-0.065
2019-11-25,CHZ,,0.25747344678092315,1,0.12427962836856578
2019-11-25,DASH,,0.13796935435994187,1,0.01036578665022569
2019-11-25,DOGE,,0.005489314704784776,0,0.0
2019-11-25,ETC,,0.13047498420156703,1,1.1974196145036141e-09
2019-11-25,ETH,,-0.08534362682313111,-1,-0.019846512731820712
2019-11-25,FET,,-0.039456512830013286,0,0.06949406897474317
2019-11-25,HBAR,,0.19245872784541115,1,0.13050593102525684
2019-11-25,LINK,,0.03297638702407443,0,0.06949406897474317
2019-11-25,LTC,,-0.021756879891032352,0,-7.807881732493483e-08
2019-11-25,STX,,-0.20846811344010158,-1,-0.03787922052699865
2019-11-25,TRX,,0.1559753200297609,1,0.08425625638494949
2019-11-25,VET,,-0.16318355318950686,-1,-0.005889862471150959
2019-11-25,XLM,,-0.21482229002182707,-1,-0.024649330385307783
2019-11-25,XRP,,-0.1846904449632007,-1,-0.055508693149213514
2019-11-25,ZEC,,0.1532109245299495,1,0.08086916496725627
2019-12-02,ADA,,-0.05122959294400977,0,0.0
2019-12-02,ALGO,,0.06055818468237506,1,0.0027876842324285394
2019-12-02,ATOM,,0.009551314802669368,0,0.010580467486859028
2019-12-02,BCH,,0.008152345461694986,0,0.0
2019-12-02,BNB,,0.04873013886001825,1,7.98867786239043e-11
2019-12-02,BTC,,-0.23985586908001025,-1,-0.065
2019-12-02,CHZ,,-0.1014106217128131,-1,0.0017873335230794707
2019-12-02,DASH,,0.11317172850677211,1,0.040863361493143395
2019-12-02,DOGE,,-0.004647102318437398,0,0.0
2019-12-02,ETC,,0.12771538110566474,1,0.06342452174573752
2019-12-02,ETH,,-0.08153964741147293,-1,-0.013836585968899353
2019-12-02,FET,,-0.041970164083086875,0,0.012364016250382928
2019-12-02,HBAR,,0.2946956539044009,1,0.1876359837496171
2019-12-02,LINK,,-0.006665435034433292,0,0.012364016250382928
2019-12-02,LTC,,-0.07463133353939057,-1,-0.00674368709548087
2019-12-02,STX,,0.14571720221507764,1,0.09122645553808495
2019-12-02,TRX,,-0.14426589583441773,-1,-0.017513519924185664
2019-12-02,VET,,-0.3106904473177236,-1,-0.05448343777028405
2019-12-02,XLM,,-0.05775907362453178,-1,-0.004385670786094673
2019-12-02,XRP,,-0.023978998210293593,0,-0.009875812342832122
2019-12-02,ZEC,,0.3303522315719476,1,0.17880487353817415
2019-12-09,ADA,,-0.07475486022282016,0,0.0
2019-12-09,ALGO,,-0.20181880103093644,-1,-0.014252701532632056
2019-12-09,ATOM,,0.31584379502343657,1,0.06888883989769219
2019-12-09,BCH,,0.006683171542807981,0,0.0
2019-12-09,BNB,,-0.02342407867482912,0,0.0
2019-12-09,BTC,,-0.34352029407025136,-1,-0.065
2019-12-09,CHZ,,-0.13040756740719453,-1,-1.3813081893942522e-07
2019-12-09,DASH,,0.25886848436647514,1,0.05780353525250586
2019-12-09,DOGE,,0.11120093908344562,1,5.184299147778746e-11
2019-12-09,ETC,,0.19306210715290603,1,0.02317970303000082
2019-12-09,ETH,,-0.10620652915656889,0,0.0
2019-12-09,FET,,-0.5271810693754652,-1,-0.06303354602761972
2019-12-09,HBAR,,0.030367603346288137,0,0.0
2019-12-09,LINK,,0.35519183329878035,1,0.16614244737635803
2019-12-09,LTC,,-0.0085590157285191,0,0.0
2019-12-09,STX,,0.3198446198078236,1,0.12898547439160016
2019-12-09,TRX,,-0.01837579097098859,0,0.0
2019-12-09,VET,,-0.4436903595372182,-1,-0.05864282829949931
2019-12-09,XLM,,-0.13759299612269899,-1,-0.0024824399607134124
2019-12-09,XRP,,-0.15397152577801138,-1,-0.011588346048716575
2019-12-09,ZEC,,0.5784403344535374,1,0.2
2019-12-16,ADA,,-0.10247116769047178,-1,-8.387903809697894e-08
2019-12-16,ALGO,,-0.2069691529444398,-1,-0.017532279907251248
2019-12-16,ATOM,,0.07806699378749551,1,0.0204902386934126
2019-12-16,BCH,,0.005014940880565203,0,0.0
2019-12-16,BNB,,-0.029756044190934586,0,0.0
2019-12-16,BTC,,-0.04069861367891076,0,-0.01896187464045642
2019-12-16,CHZ,,0.2730594495133,1,0.13689089364691293
2019-12-16,DASH,,-0.0008640723654091131,0,0.016862513680511074
2019-12-16,DOGE,,-0.029420303772113406,0,1.5123697005970095e-11
2019-12-16,ETC,,0.5851075395466158,1,0.14841777992256308
2019-12-16,ETH,,-0.2514253685531486,-1,-0.04603812535954358
2019-12-16,FET,,-0.29902643987952626,-1,-0.03393134182284389
2019-12-16,HBAR,,-0.05932115134527904,0,0.0
2019-12-16,LINK,,0.046849137180511216,0,0.04846726553244814
2019-12-16,LTC,,0.06872044140061924,1,5.8092762939633634e-11
2019-12-16,STX,,0.34495228075964685,1,0.13909229832876863
2019-12-16,TRX,,0.2177185327877059,1,0.06639579382088862
2019-12-16,VET,,-0.15844517149200488,-1,-0.02241488435026264
2019-12-16,XLM,,-0.16387305763405305,-1,-0.02670267876897954
2019-12-16,XRP,,-0.39528612645041555,-1,-0.049418690975943466
2019-12-16,ZEC,,0.11806735414024787,1,0.0683831760055974
2019-12-23,ADA,,0.09279089212395703,0,-1.901333918729088e-08
2019-12-23,ALGO,,-0.06797962608913788,-1,-0.004086496849449308
2019-12-23,ATOM,,-0.06685144922770736,-1,0.0046445852264808685
2019-12-23,BCH,,0.20167792102761026,1,7.709177480916088e-10
2019-12-23,BNB,,0.1443867645195566,0,0.0
2019-12-23,BTC,,-0.2873261934055277,-1,-0.05456427597564991
2019-12-23,CHZ,,0.3851700740666871,1,0.1856946995087051
2019-12-23,DASH,,0.214072091520027,1,0.020860718412511102
2019-12-23,DOGE,,-0.7226093732489741,-1,-0.05026607987525347
2019-12-23,ETC,,0.20837774597193276,1,0.03858497808466563
2019-12-23,ETH,,-0.035621896866636756,0,-0.010435724024350092
2019-12-23,FET,,-0.1340705055632924,-1,-0.012426369986405152
2019-12-23,HBAR,,-0.06281114137128374,0,0.0
2019-12-23,LINK,,0.22626685167259122,1,0.08266066846199986
2019-12-23,LTC,,0.23056922807357605,1,0.0958094655554825
2019-12-23,STX,,-0.438063728225897,-1,0.0048670881401617905
2019-12-23,TRX,,0.0031059461624142574,0,0.015050312654592245
2019-12-23,VET,,0.2710389283151079,1,0.1495839516952457
2019-12-23,XLM,,0.07743432873397031,0,-0.006052848246267204
2019-12-23,XRP,,-0.18856327378383625,-1,-0.04542545843094859
2019-12-23,ZEC,,-0.050993584405140166,0,0.015500803890900403
2019-12-30,ADA,,0.15279208295806943,1,0.0003151025385255925
2019-12-30,ALGO,,0.06910416653142297,0,0.0
2019-12-30,ATOM,,-0.16519475338140363,-1,-0.016940352107468755
2019-12-30,BCH,,0.30345589271047285,1,0.2
2019-12-30,BNB,,0.09037953329770272,0,0.0
2019-12-30,BTC,,-0.4003309896456723,-1,-0.065
2019-12-30,CHZ,,0.3086498375873606,1,0.15939042533896883
2019-12-30,DASH,,0.1493158421015871,1,5.789346502009511e-11
2019-12-30,DOGE,,0.16525353270714635,1,0.004882520346887047
2019-12-30,ETC,,0.2989920436143357,1,0.2
2019-12-30,ETH,,-0.014434840200591381,0,0.0
2019-12-30,FET,,-0.08135140465364492,0,0.0
2019-12-30,HBAR,,-0.14228832214422502,-1,-0.010683467552337015
2019-12-30,LINK,,-0.11785380832149302,-1,-0.0052748084327691345
2019-12-30,LTC,,0.22489086819449328,1,0.08041195171772507
2019-12-30,STX,,-0.6792013296453802,-1,-0.065
2019-12-30,TRX,,-0.1053228790825234,-1,-1.300973371495291e-07
2019-12-30,VET,,0.14766320800250196,0,0.0
2019-12-30,XLM,,-0.027712756605970848,0,0.0
2019-12-30,XRP,,-0.2058383825395931,-1,-0.052101241810087934
2019-12-30,ZEC,,0.029032458515404674,0,0.0
2020-01-06,ADA,,0.07102756427006861,0,2.9940092406146592e-05
2020-01-06,ALGO,,0.09531684393060795,1,1.7154038438529315e-10
2020-01-06,ATOM,,0.15749622809341143,1,0.07132647268555284
2020-01-06,BCH,,-0.21255581886011077,-1,-0.0050095672720088524
2020-01-06,BNB,,0.14042702777105973,1,0.036258239389173816
2020-01-06,BTC,,-0.19269219356332026,-1,-0.04280951536410362
2020-01-06,CHZ,,-0.09634977841090443,-1,0.015144716169686795
2020-01-06,DASH,,-0.22022750704656893,-1,-0.015546611324782585
2020-01-06,DOGE,,0.15921516661125779,1,0.07706936695012667
2020-01-06,ETC,,0.7068309913532974,1,0.2
2020-01-06,ETH,,-0.08285379620167489,0,0.0
2020-01-06,FET,,0.1550173105297928,1,0.03592106128756527
2020-01-06,HBAR,,-0.0452825044406932,0,-0.001015110850048134
2020-01-06,LINK,,-0.19698353464570004,-1,-0.015685632327199165
2020-01-06,LTC,,0.0054791215015322844,0,0.00764050101358274
2020-01-06,STX,,-0.5637504487117784,-1,-0.06048853480759134
2020-01-06,TRX,,0.03542998873461789,0,-1.2361456414398733e-08
2020-01-06,VET,,0.30763614046344784,1,0.1809966034889847
2020-01-06,XLM,,0.019510089565220812,0,0.0
2020-01-06,XRP,,-0.2684412816904501,-1,-0.05383191694142924
2020-01-06,ZEC,,0.025750390746890357,0,0.0
2020-01-13,ADA,,0.13342463614370892,1,0.03099576878561312
2020-01-13,ALGO,,0.08303016385135248,1,1.225009547156724e-10
2020-01-13,ATOM,,0.2641388790785794,1,0.2
2020-01-13,BCH,,0.2132249099247083,1,0.09859334738029461
2020-01-13,BNB,,0.16447211005628476,1,0.06752060188587748
2020-01-13,BTC,,-0.3198061333236792,-1,-0.065
2020-01-13,CHZ,,-0.05725546920301053,0,0.0
2020-01-13,DASH,,-0.20933551190716454,-1,-0.032918361334035834
2020-01-13,DOGE,,0.14251779248466587,1,0.047890281825713824
2020-01-13,ETC,,-0.36397121170505875,-1,-0.065
2020-01-13,ETH,,0.029250434837410456,0,0.0
2020-01-13,FET,,0.050053572926461044,0,0.0
2020-01-13,HBAR,,-0.079904271689512,-1,-1.541354465407888e-07
2020-01-13,LINK,,-0.12356845742216994,-1,-0.017109011158234013
2020-01-13,LTC,,-0.018603578073949033,0,0.0
2020-01-13,STX,,0.07084799231580151,0,0.0
2020-01-13,TRX,,-0.07109584088180272,0,0.0
2020-01-13,VET,,0.4062849108523222,1,0.2
2020-01-13,XLM,,-0.10251958679773576,-1,-0.010358652249006237
2020-01-13,XRP,,-0.048965310506279856,0,0.0
2020-01-13,ZEC,,-0.1622200309609309,-1,-0.02461382112327736
2020-01-20,ADA,,0.6599763754405567,1,0.14591055715068643
2020-01-20,ALGO,,0.1958764672069738,1,0.015517482873041192
2020-01-20,ATOM,,0.16408521340702106,1,0.06400957249864275
2020-01-20,BCH,,-0.030457131936573095,0,0.03155459002493302
2020-01-20,BNB,,0.05862673430900299,0,0.021609824266615923
2020-01-20,BTC,,-0.40308567027999215,-1,-0.065
2020-01-20,CHZ,,0.16999867802737595,1,0.000460230543802252
2020-01-20,DASH,,-0.24096701382889738,-1,-0.016279705835197736
2020-01-20,DOGE,,-0.2136225785886236,0,0.01532718230328519
2020-01-20,ETC,,-0.375583962221737,-1,-0.065
2020-01-20,ETH,,-0.07825369760534713,0,0.0
2020-01-20,FET,,0.467799320261695,1,0.1359904276234368
2020-01-20,HBAR,,0.5008365418109139,1,0.1359903782927167
2020-01-20,LINK,,-0.22609719090344604,-1,-0.005475937329677374
2020-01-20,LTC,,-0.2610593566190605,-1,-0.03430815034298412
2020-01-20,STX,,-0.057963021967178625,0,0.0
2020-01-20,TRX,,0.10150833455558253,0,0.0
2020-01-20,VET,,0.194841577774061,1,0.07862970509211965
2020-01-20,XLM,,-0.23303855338099505,-1,-0.008240063587423137
2020-01-20,XRP,,-0.23605834577620832,-1,-0.012818492750726504
2020-01-20,ZEC,,-0.15736271968512683,0,-0.007877600823271012
2020-01-27,ADA,,0.40692271507358085,1,0.06960625238284088
2020-01-27,ALGO,,0.33671063947909063,1,0.005755256530216623
2020-01-27,ATOM,,-0.21410908316488392,-1,-0.0008599180611876091
2020-01-27,BCH,,-0.23597072615692458,-1,-0.0187976778838527
2020-01-27,BNB,,-0.03228868269628477,0,0.0
2020-01-27,BTC,,-0.21343209161309099,-1,-6.337255028947768e-07
2020-01-27,CHZ,,0.31981054468963155,1,7.298842249559874e-11
2020-01-27,DASH,,-0.7632096255768152,-1,-0.065
2020-01-27,DOGE,,-0.0666760431659375,0,0.0
2020-01-27,ETC,,-0.5037474698931539,-1,-0.065
2020-01-27,ETH,,0.06154457275501522,0,0.0
2020-01-27,FET,,0.4977683743462164,1,0.2
2020-01-27,HBAR,,0.5403050069790474,1,0.2
2020-01-27,LINK,,-0.17713060119881582,0,0.0
2020-01-27,LTC,,-0.03327012492576531,0,0.0
2020-01-27,STX,,-0.1305515274621991,0,0.0
2020-01-27,TRX,,0.36096552135991467,1,0.026329263033331624
2020-01-27,VET,,0.42063884775438065,1,0.14330922798062246
2020-01-27,XLM,,-0.2791949956159653,-1,-0.0639863375490927
2020-01-27,XRP,,-0.07847153346224642,0,0.0
2020-01-27,ZEC,,-0.21661371750479785,-1,-0.0013554327803640815
2020-02-03,ADA,,0.17063465717940704,1,0.0040409716004250334
2020-02-03,ALGO,,0.031153986987142765,0,0.00033411980669204554
2020-02-03,ATOM,,0.09043440112540621,0,-4.992230231033474e-05
2020-02-03,BCH,,0.07376849677909507,0,-0.0010912939271841282
2020-02-03,BNB,,-0.048836359116085415,-1,-4.50848236532404e-08
2020-02-03,BTC,,-0.021577836005469635,0,-3.679075666068574e-08
2020-02-03,CHZ,,0.29996596090930877,1,0.07615966591413062
2020-02-03,DASH,,-0.6530392855395327,-1,-0.05898119941862038
2020-02-03,DOGE,,0.06690825666932353,0,0.0
2020-02-03,ETC,,-0.8304891903988583,-1,-0.065
2020-02-03,ETH,,0.16990142270396044,0,0.0
2020-02-03,FET,,0.27920001545728623,1,0.08134125217243367
2020-02-03,HBAR,,0.206120908565726,1,0.017019543684251792
2020-02-03,LINK,,0.274374032018985,1,0.0794780197371231
2020-02-03,LTC,,-0.14081990068850486,-1,-0.016582883169556768
2020-02-03,STX,,-0.39654757874442986,-1,-0.020023066959961158
2020-02-03,TRX,,0.4603536058911464,1,0.1899175939840888
2020-02-03,VET,,0.3183720726463948,1,0.19670883310085496
2020-02-03,XLM,,-0.09236275084685772,-1,-0.011147736430019407
2020-02-03,XRP,,0.14178417034963484,0,0.0
2020-02-03,ZEC,,-0.39929908594307584,-1,-0.0421238159167675
2020-02-10,ADA,,-0.18409891452124766,-1,-0.03806083099073723
2020-02-10,ALGO,,0.020453139039070665,0,0.0
2020-02-10,ATOM,,-0.1133673201258749,-1,-2.835832849771082e-07
2020-02-10,BCH,,-0.08327734388321632,0,0.0
2020-02-10,BNB,,-0.19103640975922836,-1,-0.027236077331483928
2020-02-10,BTC,,-0.38309887818146426,-1,-0.065
2020-02-10,CHZ,,0.6361721372488257,1,0.2
2020-02-10,DASH,,-0.00018593379785624732,0,0.0
2020-02-10,DOGE,,-0.05743099934512721,0,0.0
2020-02-10,ETC,,-0.1858038461024284,-1,-0.023821315360453833
2020-02-10,ETH,,0.12765591983933072,1,0.023932715629439542
2020-02-10,FET,,0.23765388793979933,1,0.05570785132707284
2020-02-10,HBAR,,-0.21587308415893558,-1,-0.00838930100929368
2020-02-10,LINK,,0.4803358567713213,1,0.2
2020-02-10,LTC,,-0.22699044280197045,-1,-0.05249219172474635
2020-02-10,STX,,-0.054764853213294835,0,0.0
2020-02-10,TRX,,0.044775291768581915,1,0.0012765351132674313
2020-02-10,VET,,0.2577996398689238,1,0.16408289790576897
2020-02-10,XLM,,0.025604567428901052,1,2.44512034609516e-11
2020-02-10,XRP,,-0.02590812913495318,0,0.0
2020-02-10,ZEC,,-0.1086142848791562,0,0.0
2020-02-17,ADA,,-0.170331709807765,-1,-0.019966348068294216
2020-02-17,ALGO,,0.4517797349231062,1,0.13683807555343097
2020-02-17,ATOM,,0.34766501291176416,1,0.1555327747029217
2020-02-17,BCH,,-0.07660926744369145,0,0.0
2020-02-17,BNB,,-0.23480584785520878,-1,-0.023474868096555683
2020-02-17,BTC,,-0.3478626446678986,-1,-0.065
2020-02-17,CHZ,,0.4229778165852762,1,0.1687855857687181
2020-02-17,DASH,,0.10222664189589999,1,2.3155071147554997e-11
2020-02-17,DOGE,,0.006894764049996432,0,0.0
2020-02-17,ETC,,0.07720796314086244,0,-0.00480789700495517
2020-02-17,ETH,,0.2529316310149666,1,0.08985607917556815
2020-02-17,FET,,0.09901494695279041,0,0.011243611341150504
2020-02-17,HBAR,,-0.6496301154012356,-1,-0.020063180787444533
2020-02-17,LINK,,0.10669153231386078,1,0.04043024814270596
2020-02-17,LTC,,0.0135835214020886,0,-0.010594589239010535
2020-02-17,STX,,-0.08882188306804512,0,0.0
2020-02-17,TRX,,-0.18652918796706883,-1,-0.018954384731082317
2020-02-17,VET,,0.064663434043898,0,0.03311713318380258
2020-02-17,XLM,,-0.10271696793780696,-1,-9.122858893136869e-08
2020-02-17,XRP,,-0.26388451543003777,-1,-0.05188093832799449
2020-02-17,ZEC,,0.17555514034424596,1,0.008938789592472875
2020-02-24,ADA,,-0.18385146514851494,-1,-0.02803569300421594
2020-02-24,ALGO,,0.3235023921064418,1,0.16563710919808863
2020-02-24,ATOM,,0.05242315307964575,0,0.0
2020-02-24,BCH,,-0.012607432634420471,0,0.0
2020-02-24,BNB,,0.011357158117081573,0,0.0
2020-02-24,BTC,,-0.47791323501193234,-1,-0.065
2020-02-24,CHZ,,0.44082241366913455,1,0.2
2020-02-24,DASH,,0.07407616561457625,0,0.0
2020-02-24,DOGE,,0.22804106772986443,1,0.06304102624594128
2020-02-24,ETC,,-0.008589616860466272,0,0.0
2020-02-24,ETH,,-0.12386851697406716,-1,-1.3336040723580825e-07
2020-02-24,FET,,0.22922092845062533,1,0.06748337242141714
2020-02-24,HBAR,,-0.4113801115046356,-1,-0.028692416892404912
2020-02-24,LINK,,0.21804629627600366,1,0.05976793314198124
2020-02-24,LTC,,-0.08080771002826623,0,0.0
2020-02-24,STX,,0.3015365886756428,1,0.08907055888106213
2020-02-24,TRX,,-0.17337270386240988,-1,-0.02225557670423298
2020-02-24,VET,,-0.08032790198262736,0,0.0
2020-02-24,XLM,,-0.13914392125619116,-1,-0.006016180038738932
2020-02-24,XRP,,-0.3250626300002105,-1,-0.065
2020-02-24,ZEC,,0.13789908154472674,1,1.115095619272544e-10
2020-03-02,ADA,,0.08619891221578373,1,4.033090000937832e-11
2020-03-02,ALGO,,0.18600976935943053,1,0.01833792808469877
2020-03-02,ATOM,,0.19440368384994167,1,0.03460498955848233
2020-03-02,BCH,,-0.1560886922116563,-1,-0.0053078977519808515
2020-03-02,BNB,,-0.31576122770423304,-1,-0.065
2020-03-02,BTC,,-0.47378616875978247,-1,-0.065
2020-03-02,CHZ,,0.3100258006356711,1,0.10811990172918946
2020-03-02,DASH,,-0.07715672936727437,0,0.0
2020-03-02,DOGE,,0.07524724566721411,0,0.0
2020-03-02,ETC,,-0.1444960438704629,-1,-1.452112359670366e-07
2020-03-02,ETH,,-0.1457062143842082,-1,-0.00024430612204151813
2020-03-02,FET,,0.32536498221110033,1,0.2
2020-03-02,HBAR,,-0.4286318102179023,-1,-0.017545304363257398
2020-03-02,LINK,,0.2638390502477319,1,0.0839371805872985
2020-03-02,LTC,,0.007072760764914311,0,0.0
2020-03-02,STX,,0.6568647069888874,1,0.2
2020-03-02,TRX,,-0.09617027008958236,0,0.0
2020-03-02,VET,,-0.004796185842941255,0,0.0
2020-03-02,XLM,,-0.0625039086517653,0,0.0
2020-03-02,XRP,,-0.27115026714978635,-1,-0.06190234655148425
2020-03-02,ZEC,,0.07122060630892103,0,0.0
2020-03-09,ADA,,-0.02221867745424693,0,0.0
2020-03-09,ALGO,,-0.1584474222415298,-1,-0.009882935341754781
2020-03-09,ATOM,,0.07403092017253207,1,0.0009363021792933477
2020-03-09,BCH,,-0.05073264928116437,0,0.0
2020-03-09,BNB,,-0.12283979575582064,-1,-0.01079359675597658
2020-03-09,BTC,,-0.3798713214651137,-1,-0.065
2020-03-09,CHZ,,0.3458066972326378,1,0.2
2020-03-09,DASH,,0.06919649589375627,1,3.3089595640275407e-10
2020-03-09,DOGE,,0.062038591603384485,0,0.0
2020-03-09,ETC,,0.020204022697467024,0,0.0
2020-03-09,ETH,,-0.2286362860687376,-1,-0.03936627235913881
2020-03-09,FET,,0.33752177577067677,1,0.2
2020-03-09,HBAR,,0.038767640084740436,0,0.0
2020-03-09,LINK,,0.11051081478861792,1,0.040568556795725005
2020-03-09,LTC,,-0.015998348525783326,0,0.0
2020-03-09,STX,,0.3822820490502343,1,0.2
2020-03-09,TRX,,-0.1472411930276453,-1,-0.024957048564920502
2020-03-09,VET,,0.023159306687755878,0,0.0
2020-03-09,XLM,,-0.08533773292453672,-1,-1.4697820931771994e-07
2020-03-09,XRP,,-0.330796625591042,-1,-0.065
2020-03-09,ZEC,,0.07860173835381908,1,0.0034951406940856777
2020-03-16,ADA,,-0.01594909369026578,0,0.0
2020-03-16,ALGO,,0.10855439436304408,0,0.0
2020-03-16,ATOM,,0.09546342912210883,0,0.0
2020-03-16,BCH,,0.13118207937806758,1,0.00047216166762751975
2020-03-16,BNB,,0.0161689724494365,0,0.0
2020-03-16,BTC,,-0.2706105539984037,-1,-0.030328332234308846
2020-03-16,CHZ,,0.3758174033919262,1,0.2
2020-03-16,DASH,,0.09780073873410912,0,0.0
2020-03-16,DOGE,,0.2107126118528293,1,0.11995311829687136
2020-03-16,ETC,,-0.41236089663303016,-1,-0.065
2020-03-16,ETH,,-0.18818067317015588,-1,-0.019723024392910647
2020-03-16,FET,,0.2984476772724784,1,0.15785073318591464
2020-03-16,HBAR,,-0.6761335417767722,-1,-0.049974810870062614
2020-03-16,LINK,,-0.008609805204117109,0,0.0
2020-03-16,LTC,,-0.04890141174827948,-1,-5.520128582896848e-08
2020-03-16,STX,,0.287862054813897,1,0.14971468585728534
2020-03-16,TRX,,0.007556625239964255,0,0.0
2020-03-16,VET,,0.12548270188667957,1,8.145839051216856e-11
2020-03-16,XLM,,-0.05782456589715453,-1,-0.0015078197423535398
2020-03-16,XRP,,-0.24630998434006435,-1,-0.04846595755907851
2020-03-16,ZEC,,0.16983183795370527,1,0.017009300910842812
2020-03-23,ADA,,0.06499950412703234,0,0.0
2020-03-23,ALGO,,0.03694826293352975,0,0.0
2020-03-23,ATOM,,-0.07511754771449602,-1,-0.00268171724399544
2020-03-23,BCH,,0.06959869226455379,0,0.0
2020-03-23,BNB,,-0.025449269387053938,0,0.0
2020-03-23,BTC,,-0.30281032780971934,-1,-0.065
2020-03-23,CHZ,,0.4541225407909877,1,0.2
2020-03-23,DASH,,-0.2107487109065703,-1,-0.03904469829467826
2020-03-23,DOGE,,0.11273205837387353,1,2.5258408522831045e-10
2020-03-23,ETC,,0.10251981667720762,0,0.0
2020-03-23,ETH,,-0.160081044934582,-1,-0.037515808984350696
2020-03-23,FET,,0.26750625124583505,1,0.18689712590349242
2020-03-23,HBAR,,-1.0371336769179154,-1,-0.065
2020-03-23,LINK,,-0.06709185021872935,-1,-9.427324647181215e-08
2020-03-23,LTC,,0.10044738426991838,0,0.0
2020-03-23,STX,,0.24313903895837902,1,0.1747470253581128
2020-03-23,TRX,,0.1296706358108296,1,0.007282800971885863
2020-03-23,VET,,0.18093674019202324,1,0.05724296946922728
2020-03-23,XLM,,0.06283180027910096,0,0.0
2020-03-23,XRP,,0.14085809880048775,1,0.018830078044697583
2020-03-23,ZEC,,-0.08787839683468734,-1,-0.005757681203729124
2020-03-30,ADA,,-0.002156709850084968,0,0.0
2020-03-30,ALGO,,-0.08340098447736542,-1,-0.0056552884249137765
2020-03-30,ATOM,,-0.035103277459036304,0,-0.0009657759982879405
2020-03-30,BCH,,-0.05201904785164536,0,0.0
2020-03-30,BNB,,-0.05323491999469305,-1,-7.605373448809087e-08
2020-03-30,BTC,,-0.3129934280299396,-1,-0.065
2020-03-30,CHZ,,0.11481788936662583,0,0.0720266836819119
2020-03-30,DASH,,-0.7459035268436939,-1,-0.05565262847101102
2020-03-30,DOGE,,0.2724560751499414,1,0.12797331640905207
2020-03-30,ETC,,0.17287990637656156,1,0.01994784914849557
2020-03-30,ETH,,-0.17445205279146375,-1,-0.04723772410134418
2020-03-30,FET,,-0.025582356117116394,0,0.06730790084254655
2020-03-30,HBAR,,0.1670139153782957,1,-0.012469438458704754
2020-03-30,LINK,,-0.08586604031461037,-1,-0.00672174669977522
2020-03-30,LTC,,0.04021528891194497,0,0.0
2020-03-30,STX,,0.1593394106555994,1,0.06429343639401874
2020-03-30,TRX,,0.22670453930622503,1,0.1271418165618314
2020-03-30,VET,,0.01094360173762635,0,0.020615106274866866
2020-03-30,XLM,,0.3459802071322998,1,0.12797331631808812
2020-03-30,XRP,,0.15203371390232578,1,0.006781340631272208
2020-03-30,ZEC,,-0.0916722041877952,-1,-0.010358088054312022
2020-04-06,ADA,,0.14747046903353767,1,0.007492396734415654
2020-04-06,ALGO,,-0.01765270250917148,0,-0.0006924796534617476
2020-04-06,ATOM,,0.29153745513616686,1,0.038212626469224985
2020-04-06,BCH,,-0.10531502898762471,0,0.0
2020-04-06,BNB,,-0.1478724813943665,0,-9.312639735715665e-09
2020-04-06,BTC,,-0.4208776917349601,-1,-0.065
2020-04-06,CHZ,,-0.05518949971321246,0,0.008819534780281288
2020-04-06,DASH,,-0.40016137730544554,-1,-0.04950956306576441
2020-04-06,DOGE,,0.43283488071977083,1,0.16307823599261234
2020-04-06,ETC,,-0.046384805953786086,0,0.0024425773944267114
2020-04-06,ETH,,0.07397064204340403,1,-0.0057841723184534
2020-04-06,FET,,0.7013259298830442,1,0.18375209680962185
2020-04-06,HBAR,,-0.1584753874048228,-1,-0.0015269303820731328
2020-04-06,LINK,,-0.597171573992376,-1,-0.04835399743791682
2020-04-06,LTC,,0.04954428882645874,0,0.0
2020-04-06,STX,,-0.18619674509748255,-1,0.0029604116723781354
2020-04-06,TRX,,-0.2837685231470142,-1,-0.020620297698737244
2020-04-06,VET,,0.5637272332948134,1,0.17491923580182392
2020-04-06,XLM,,0.05627569651815039,0,0.015670096921299184
2020-04-06,XRP,,-0.1597673966736429,-1,0.0005243704041114185
2020-04-06,ZEC,,0.26214661845856546,1,0.023615866888851006
2020-04-13,ADA,,0.14979486416494972,0,0.0009489209557365349
2020-04-13,ALGO,,-0.009291713981185518,0,-8.770337154900745e-05
2020-04-13,ATOM,,0.06524647629063675,0,0.00483967458154206
2020-04-13,BCH,,-0.17298974353316623,-1,-0.008134344319846215
2020-04-13,BNB,,-0.11027184730422668,-1,-3.007358315592927e-08
2020-04-13,BTC,,-0.5061672995087286,-1,-0.0644806426562759
2020-04-13,CHZ,,0.31413232228915466,1,0.0974862379371804
2020-04-13,DASH,,0.32065293759790964,1,0.10042454829779862
2020-04-13,DOGE,,0.18613704803614778,1,0.020654052590281163
2020-04-13,ETC,,0.914870605491493,1,0.17497911750847134
2020-04-13,ETH,,0.21630242495776272,1,0.007493402058846976
2020-04-13,FET,,0.45246953569224396,1,0.19794218374031008
2020-04-13,HBAR,,-0.00519210343361446,0,-0.000193387548585679
2020-04-13,LINK,,-0.8733385798166858,-1,-0.0394166898395366
2020-04-13,LTC,,-0.10832388482877489,0,0.0
2020-04-13,STX,,-0.08785543244658744,0,0.0003749396585771892
2020-04-13,TRX,,-0.3412959012705374,-1,-0.02818919755913452
2020-04-13,VET,,0.20372043982617039,1,0.024833986733698243
2020-04-13,XLM,,-0.3197670830097789,-1,-0.02239148418986226
2020-04-13,XRP,,-0.3367026748593885,-1,-0.040074562127528364
2020-04-13,ZEC,,0.047869609646208955,0,0.0029909776234591026
2020-04-20,ADA,,-0.19897423948874882,0,0.0
2020-04-20,ALGO,,0.16548212775280466,0,0.0
2020-04-20,ATOM,,0.2805918300368301,1,0.016866896818318624
2020-04-20,BCH,,-0.05204853636518681,0,0.0
2020-04-20,BNB,,-0.3694730756712294,-1,-0.025887731055282515
2020-04-20,BTC,,-0.4279408816226694,-1,-0.05679532296474917
2020-04-20,CHZ,,0.4060278026326473,1,0.1043024075322134
2020-04-20,DASH,,0.4496426735694374,1,0.14697876923580078
2020-04-20,DOGE,,0.12075705419300545,0,0.0
2020-04-20,ETC,,0.1982571761626725,1,2.7966563362133764e-11
2020-04-20,ETH,,0.6792708654327285,1,0.2
2020-04-20,FET,,0.47309576919378654,1,0.10454112544970137
2020-04-20,HBAR,,0.19360152657284577,0,0.0
2020-04-20,LINK,,-1.0302672981095717,-1,-0.065
2020-04-20,LTC,,-0.029897761290855158,0,0.0
2020-04-20,STX,,0.09886071918430656,0,0.0
2020-04-20,TRX,,-0.239735674051892,-1,-6.671459127390085e-08
2020-04-20,VET,,0.37330985001825984,1,0.07231080093599927
2020-04-20,XLM,,-0.3443683578506043,-1,-0.016057584713533503
2020-04-20,XRP,,-0.3136000014295243,-1,-0.024372934349075552
2020-04-20,ZEC,,-0.43259156886904254,-1,-0.02688636020276798
2020-04-27,ADA,,-0.3194857363560133,-1,-0.031716604072528264
2020-04-27,ALGO,,-0.29274636877815324,-1,-0.027163370798903665
2020-04-27,ATOM,,-0.14129769974980758,-1,-0.006702764068881248
2020-04-27,BCH,,0.2584193743525883,1,1.3853415624094306e-10
2020-04-27,BNB,,-0.002516651565038112,0,-0.003335379957356086
2020-04-27,BTC,,-0.08704699320974713,0,-0.007317519696247589
2020-04-27,CHZ,,0.5317565086025839,1,0.1876703048558922
2020-04-27,DASH,,-0.08761858587329018,-1,0.018936696606351944
2020-04-27,DOGE,,-0.03571260163461479,0,0.0
2020-04-27,ETC,,0.3020050791591938,1,0.02534246725191133
2020-04-27,ETH,,0.29549580834876815,1,0.04899295857502797
2020-04-27,FET,,0.46754441934907987,1,0.18770106131561248
2020-04-27,HBAR,,0.3198529221124738,1,0.04219060354688301
2020-04-27,LINK,,-1.0427702996746102,-1,-0.065
2020-04-27,LTC,,0.3518875709527336,1,0.12267616234187645
2020-04-27,STX,,-0.018699122685319154,0,0.0
2020-04-27,TRX,,0.23074089669578887,0,-8.595520021549596e-09
2020-04-27,VET,,-0.06642922460779022,0,0.009316536687871801
2020-04-27,XLM,,-0.20296613244839257,-1,-0.01736619990241618
2020-04-27,XRP,,0.022306766214961266,0,-0.0031402132754030643
2020-04-27,ZEC,,-0.48271992920539836,-1,-0.05108473095270514
2020-05-04,ADA,,-0.48112303428924824,-1,-0.06137014536210116
2020-05-04,ALGO,,-0.2068668864529546,-1,-0.009149037497911367
2020-05-04,ATOM,,-0.16012635239646925,0,-0.0007309968999313727
2020-05-04,BCH,,0.1345339266491754,1,0.0505500697923316
2020-05-04,BNB,,-0.09901906150621034,0,-0.00036375327907483407
2020-05-04,BTC,,-0.22434027838922507,-1,-0.017999797181120956
2020-05-04,CHZ,,1.4047210303638247,1,0.19865533549520475
2020-05-04,DASH,,0.11668608236624654,1,0.025339614650329315
2020-05-04,DOGE,,0.004439179534489404,0,0.0
2020-05-04,ETC,,-0.10508141605098661,0,0.002763824715801392
2020-05-04,ETH,,-0.2572623415779748,-1,-0.015080045801482034
2020-05-04,FET,,0.045062668172004626,1,0.020489013437473308
2020-05-04,HBAR,,0.27579513678396295,1,0.14903881946922531
2020-05-04,LINK,,0.658376329296319,1,0.17109935893743217
2020-05-04,LTC,,-0.05743941436366481,0,0.01337894239538065
2020-05-04,STX,,0.04330094236192746,1,2.676368962117672e-11
2020-05-04,TRX,,-0.034600806256532946,0,-9.3741901467517e-10
2020-05-04,VET,,-0.0009663507702250877,0,0.001016052387782745
2020-05-04,XLM,,-0.5004594457546945,-1,-0.05556898209062591
2020-05-04,XRP,,-0.17064773059513086,-1,-0.0003425566368961681
2020-05-04,ZEC,,-0.38498217712463484,-1,-0.04172571562116208
2020-05-11,ADA,,-0.5411597571489537,-1,-0.065
2020-05-11,ALGO,,-0.2598146901333771,-1,-0.016579681722973687
2020-05-11,ATOM,,-0.2573393217514391,-1,-0.018829831795797388
2020-05-11,BCH,,0.15820473265543053,1,0.009915813832168977
2020-05-11,BNB,,0.11506005417528747,0,0.0
2020-05-11,BTC,,-0.18243484243035465,-1,-0.007296119009047616
2020-05-11,CHZ,,1.1469521620135603,1,0.2
2020-05-11,DASH,,0.28073445983462897,1,0.11410657881816093
2020-05-11,DOGE,,-0.15257886263233778,-1,-7.416265037353517e-08
2020-05-11,ETC,,-0.15018135066842883,0,0.0
2020-05-11,ETH,,-0.08254433238565233,0,0.0
2020-05-11,FET,,0.12158045889834615,1,2.565294264681014e-11
2020-05-11,HBAR,,0.12339409804363859,1,2.4178358525744857e-05
2020-05-11,LINK,,0.4122448020168714,1,0.2
2020-05-11,LTC,,-0.08703180384420514,0,0.0
2020-05-11,STX,,0.036613113310208605,0,0.0
2020-05-11,TRX,,-0.09884325171178242,0,0.0
2020-05-11,VET,,0.04258419664918014,0,0.0
2020-05-11,XLM,,-0.5915690964738939,-1,-0.06193107132572919
2020-05-11,XRP,,-0.3416813620051925,-1,-0.04536322198380173
2020-05-11,ZEC,,0.3078105935884659,1,0.12095342896549142
2020-05-18,ADA,,0.2320659806241306,1,0.004431558902977306
2020-05-18,ALGO,,0.3834346791168222,1,0.14941612541950225
2020-05-18,ATOM,,0.2015739096299893,1,0.0015398856279105026
2020-05-18,BCH,,-0.27568520705009203,-1,-0.020403469935927655
2020-05-18,BNB,,0.05108049683591443,0,0.0
2020-05-18,BTC,,-0.821245243101668,-1,-0.05341010558433334
2020-05-18,CHZ,,0.12912682440034076,0,0.04017024233598393
2020-05-18,DASH,,0.13014149484904483,0,0.022918444616277872
2020-05-18,DOGE,,-0.05475713355255516,0,-1.4895658188918781e-08
2020-05-18,ETC,,-0.10111785083059294,0,0.0
2020-05-18,ETH,,-0.22919044288292506,-1,-0.007803259314401243
2020-05-18,FET,,0.17049105011979415,1,2.3014148053822946e-11
2020-05-18,HBAR,,0.2725834466634619,1,0.020241366968337796
2020-05-18,LINK,,0.6519501347003454,1,0.2
2020-05-18,LTC,,-0.16379947230036185,-1,-4.1576450133242265e-08
2020-05-18,STX,,0.0705449391736002,0,0.0
2020-05-18,TRX,,-0.2720254201157577,-1,-0.012523309995816793
2020-05-18,VET,,0.491654529858196,1,0.15982975766401608
2020-05-18,XLM,,-0.5249895163914345,-1,-0.04777516033571067
2020-05-18,XRP,,-0.4626307985011871,-1,-0.05092566268428188
2020-05-18,ZEC,,0.12079359875493703,0,0.02429364276456003
2020-05-25,ADA,,-0.435122178809883,-1,-0.06439980455572542
2020-05-25,ALGO,,0.2911490049758184,1,0.08185625340257703
2020-05-25,ATOM,,0.1823461263576605,1,0.012593594265760986
2020-05-25,BCH,,-0.09805707604429663,0,0.0
2020-05-25,BNB,,-0.03039584396383401,0,0.0
2020-05-25,BTC,,-0.5603336970687194,-1,-0.065
2020-05-25,CHZ,,0.37227071629371333,1,0.18443572463319594
2020-05-25,DASH,,0.13627392735877772,1,4.881265283117506e-11
2020-05-25,DOGE,,0.2000189172301422,1,0.03500411235857694
2020-05-25,ETC,,-0.019307733824144847,0,0.0
2020-05-25,ETH,,-0.22672962214760906,-1,-0.02060469694538571
2020-05-25,FET,,0.07296469713541798,0,0.0
2020-05-25,HBAR,,0.36125524511487644,1,0.13111031529107642
2020-05-25,LINK,,0.6046704056883697,1,0.2
2020-05-25,LTC,,-0.08852559645233961,0,0.0
2020-05-25,STX,,-0.20994430339392658,-1,-0.010421624558151245
2020-05-25,TRX,,-0.04302585845592454,0,0.0
2020-05-25,VET,,-0.21312812737303807,-1,-0.00930452501993806
2020-05-25,XLM,,-0.17145387097005416,-1,-1.3948887107569676e-07
2020-05-25,XRP,,-0.2383324328489667,-1,-0.045269209431928505
2020-05-25,ZEC,,0.11340730119795835,0,0.0
2020-06-01,ADA,,-0.64913872871995,-1,-0.06496525629703163
2020-06-01,ALGO,,-0.18132228407406412,-1,0.003329608004994558
2020-06-01,ATOM,,0.46259639975329003,1,0.18915154628827696
2020-06-01,BCH,,0.08324073465601343,0,0.0
2020-06-01,BNB,,0.07112144052138691,0,0.0
2020-06-01,BTC,,-0.5763994519589103,-1,-0.065
2020-06-01,CHZ,,0.31857464896125354,1,0.06538720674560343
2020-06-01,DASH,,0.2623594053065219,1,0.057261581293075466
2020-06-01,DOGE,,0.1110074781171091,0,0.0020262940914649655
2020-06-01,ETC,,-0.09412890230495319,0,0.0
2020-06-01,ETH,,-0.17587342296941127,-1,-0.0011928698562012618
2020-06-01,FET,,0.4808544177534523,1,0.15882445727012334
2020-06-01,HBAR,,0.07291986777929851,0,0.0075896241699533185
2020-06-01,LINK,,0.3354864877568525,1,0.14234323143053712
2020-06-01,LTC,,0.03016140057537496,0,0.0
2020-06-01,STX,,-0.2207560425876777,-1,-0.010989545972068354
2020-06-01,TRX,,0.22669274456687288,1,0.01767761993293641
2020-06-01,VET,,-0.41142880524253417,-1,-0.046440710621841734
2020-06-01,XLM,,0.13673830089088201,1,-8.05260269603438e-09
2020-06-01,XRP,,-0.2156918595027535,-1,-0.025002778427219832
2020-06-01,ZEC,,-0.06701382927805469,0,0.0
2020-06-08,ADA,,-0.7573028180657321,-1,-0.06499962305306548
2020-06-08,ALGO,,0.05596027265558011,1,3.6124225166917455e-05
2020-06-08,ATOM,,-0.02032606763437222,0,0.002052173183711231
2020-06-08,BCH,,-0.03642241270661499,0,0.0
2020-06-08,BNB,,-0.03115180968133451,0,0.0
2020-06-08,BTC,,-0.3353708966879552,-1,-0.057551545846643924
2020-06-08,CHZ,,0.11184586507002617,1,0.031718228732151944
2020-06-08,DASH,,0.14743351312170536,1,0.14081541472668632
2020-06-08,DOGE,,0.02945471774464551,0,2.1983993672879815e-05
2020-06-08,ETC,,0.006890207426050687,0,0.0
2020-06-08,ETH,,-0.2827259468532115,-1,-0.03215254065974717
2020-06-08,FET,,0.4849778120005554,1,0.19955327172167958
2020-06-08,HBAR,,0.08749821124055814,1,0.011733015883936685
2020-06-08,LINK,,-0.03357673523480765,0,0.0015443329338653833
2020-06-08,LTC,,-0.053859044509502484,0,0.0
2020-06-08,STX,,1.2866187679793124,1,0.19771089850025658
2020-06-08,TRX,,-0.19848634302804963,-1,-0.007049480199869663
2020-06-08,VET,,-0.15692530102508773,-1,-0.0005038996360348241
2020-06-08,XLM,,-0.1598129490862702,-1,-0.0004278554450695156
2020-06-08,XRP,,-0.26647497510954704,-1,-0.05198874985005851
2020-06-08,ZEC,,0.12175593238405315,1,0.059488250789361596
2020-06-15,ADA,,-0.7138617296625246,-1,-0.065
2020-06-15,ALGO,,0.042282494924440694,0,0.0
2020-06-15,ATOM,,-0.16527455706461044,0,0.0
2020-06-15,BCH,,-0.10944246400328678,0,0.0
2020-06-15,BNB,,-0.1315402352134202,0,0.0
2020-06-15,BTC,,-0.28679999092077185,-1,-0.04642597708808508
2020-06-15,CHZ,,0.5822927398073051,1,0.1655789645254837
2020-06-15,DASH,,0.10762692737309508,1,1.842879538954379e-11
2020-06-15,DOGE,,-0.07507183299835075,0,0.0
2020-06-15,ETC,,0.14078382105440007,1,0.002829790741909629
2020-06-15,ETH,,-0.3057789368785227,-1,-0.033015728814223384
2020-06-15,FET,,0.5967773637159886,1,0.2
2020-06-15,HBAR,,0.32749845851938353,1,0.04154445815542029
2020-06-15,LINK,,0.2791850717306406,1,0.03504678655875756
2020-06-15,LTC,,-0.07649990368756406,0,0.0
2020-06-15,STX,,0.7776331736300548,1,0.2
2020-06-15,TRX,,-0.2103710100288907,-1,-0.002298748144833688
2020-06-15,VET,,-0.44748204644434686,-1,-0.04703733576424642
2020-06-15,XLM,,-0.19820353361932214,-1,-8.40335888696342e-08
2020-06-15,XRP,,-0.23918190088612742,-1,-0.02122212615502255
2020-06-15,ZEC,,0.1054280906524282,0,0.0
2020-06-22,ADA,,-0.053285192831640085,0,-0.00961161790378394
2020-06-22,ALGO,,-0.03285764305374061,0,0.0
2020-06-22,ATOM,,-0.07771221831142537,0,0.0
2020-06-22,BCH,,-0.03000729023737586,1,1.4054783565681864e-11
2020-06-22,BNB,,-0.09545920709985317,0,0.0
2020-06-22,BTC,,-0.19818647429396344,-1,-0.05298114353084914
2020-06-22,CHZ,,-0.05275809884395485,0,0.024484334460356055
2020-06-22,DASH,,0.2268949719877985,1,0.08355440463898252
2020-06-22,DOGE,,-0.13149817516382623,-1,-2.277144917314322e-07
2020-06-22,ETC,,0.011786463581050111,1,0.003598269141236404
2020-06-22,ETH,,-0.049329801736804374,0,-0.004882070310419456
2020-06-22,FET,,-0.21525171158085682,-1,0.010475582247862325
2020-06-22,HBAR,,0.14647973661939492,1,0.03250340250632976
2020-06-22,LINK,,0.4084921152531819,1,0.13654758363099243
2020-06-22,LTC,,-0.032658367051385626,0,0.0
2020-06-22,STX,,0.3093383714150092,1,0.164312005608048
2020-06-22,TRX,,-0.13914365132427103,-1,-0.0022942965176868378
2020-06-22,VET,,-0.21658955133448402,-1,-0.03681329916286358
2020-06-22,XLM,,-0.21502214049020568,-1,-0.030792198112093685
2020-06-22,XRP,,-0.2730892932051408,-1,-0.05852652006095416
2020-06-22,ZEC,,0.7098571577024977,1,0.17042579106528022
2020-06-29,ADA,,0.16533137434258116,1,0.000894705226333713
2020-06-29,ALGO,,0.15708780196250935,1,7.891674293665382e-10
2020-06-29,ATOM,,0.17901726111701755,1,0.026493435576746178
2020-06-29,BCH,,-0.013172294682076065,0,4.278934642384317e-12
2020-06-29,BNB,,-0.07018758392922358,0,0.0
2020-06-29,BTC,,-0.3719645558414284,-1,-0.06134089695744102
2020-06-29,CHZ,,0.03314291451840139,0,0.0074541786025047845
2020-06-29,DASH,,0.08944576237421836,0,0.025437875643031578
2020-06-29,DOGE,,-0.09685990274211148,-1,-1.847229119434155e-07
2020-06-29,ETC,,-0.15440267151907064,-1,-0.018774099056207007
2020-06-29,ETH,,-0.10012564975545538,-1,-0.0023330076794659035
2020-06-29,FET,,0.25449745209150093,1,0.1422998872300318
2020-06-29,HBAR,,0.2371956507644155,1,0.14900618781158748
2020-06-29,LINK,,0.15998144543226064,1,0.04255700541545454
2020-06-29,LTC,,-0.12165265803583455,-1,-0.007869861933692218
2020-06-29,STX,,0.12219591698492888,0,0.05002427320707112
2020-06-29,TRX,,0.20085396131061817,1,0.138412137811935
2020-06-29,VET,,-0.5351832053079395,-1,-0.04174347568008404
2020-06-29,XLM,,0.05253324188575912,0,-0.009374587847707384
2020-06-29,XRP,,-0.28515491953241995,-1,-0.06302916939712978
2020-06-29,ZEC,,0.09742065856135036,0,0.051885595956496694
2020-07-06,ADA,,0.4373116651475494,1,0.2
2020-07-06,ALGO,,0.05820203774913241,0,0.0
2020-07-06,ATOM,,0.08815388956715046,1,1.765007067830731e-11
2020-07-06,BCH,,0.06759974477207654,0,0.0
2020-07-06,BNB,,-0.062439778731790865,0,0.0
2020-07-06,BTC,,-0.26487670589512136,-1,-0.065
2020-07-06,CHZ,,-0.13872068434977564,-1,-0.012351037713563053
2020-07-06,DASH,,0.17795129719243424,1,0.05868428209303695
2020-07-06,DOGE,,-0.2724263212360973,-1,-0.023691882971460795
2020-07-06,ETC,,0.020933574412288613,0,0.0
2020-07-06,ETH,,-0.019096217589007196,0,0.0
2020-07-06,FET,,0.017141693184308828,0,0.0
2020-07-06,HBAR,,0.13457463023193286,1,0.009513826786439892
2020-07-06,LINK,,-0.08151429455354213,-1,-4.6103854943685673e-08
2020-07-06,LTC,,-0.04992756210549392,0,0.0
2020-07-06,STX,,0.284690771667722,1,0.11186062357455025
2020-07-06,TRX,,0.3341704120264195,1,0.2
2020-07-06,VET,,-0.5967056796456611,-1,-0.065
2020-07-06,XLM,,-0.18072950046348965,-1,-0.015723272726852366
2020-07-06,XRP,,-0.1615077614577681,-1,-0.03323376048426883
2020-07-06,ZEC,,0.2072147900767357,1,0.0649412675283228
2020-07-13,ADA,,0.0030929438544965815,0,0.04993726213889477
2020-07-13,ALGO,,0.4797652509699748,1,0.15006273786110524
2020-07-13,ATOM,,0.1171544364167508,0,4.406981031163262e-12
2020-07-13,BCH,,-0.10447334808091976,-1,-1.1766605378620135e-07
2020-07-13,BNB,,-0.06327416708187217,0,0.0
2020-07-13,BTC,,-0.3406959029430761,-1,-0.065
2020-07-13,CHZ,,0.40462818853086074,1,0.14697885282115736
2020-07-13,DASH,,0.1475410523925411,1,0.014652661995887203
2020-07-13,DOGE,,-0.31057059126248365,-1,-0.019170634480450293
2020-07-13,ETC,,-0.07042728944383109,0,0.0
2020-07-13,ETH,,-0.14171503548615408,-1,-0.012554409824111806
2020-07-13,FET,,0.3328584329275697,1,0.05378440103512362
2020-07-13,HBAR,,0.16899882851868323,1,0.005869048053325618
2020-07-13,LINK,,-0.029963548550507754,0,-1.1511501449682056e-08
2020-07-13,LTC,,-0.24083137306197416,-1,-0.047220353009358784
2020-07-13,STX,,0.31517860577831247,1,0.1481758663176919
2020-07-13,TRX,,0.0044754397179206954,0,0.04993726213889477
2020-07-13,VET,,-0.6441458149126765,-1,-0.05506862193600194
2020-07-13,XLM,,-0.09266944203705658,0,-0.0039258859592108085
2020-07-13,XRP,,-0.10854584201853053,-1,-0.008976080573363264
2020-07-13,ZEC,,0.17361917577197217,1,0.02251802259356467
2020-07-20,ADA,,0.23551508179385844,0,0.012790362392451363
2020-07-20,ALGO,,-0.4324654192958177,-1,0.03767558211341615
2020-07-20,ATOM,,-0.5183221613155615,-1,-0.010070194787127945
2020-07-20,BCH,,0.41727597834947744,1,0.012687157895695645
2020-07-20,BNB,,0.15580894400752562,0,0.0
2020-07-20,BTC,,0.5387339693808602,1,0.12446109907457201
2020-07-20,CHZ,,0.19340474456126328,0,0.03764549178488427
2020-07-20,DASH,,0.5362151836760977,1,0.14057311891127172
2020-07-20,DOGE,,-0.9389060427953189,-1,-0.04522157657886076
2020-07-20,ETC,,0.19278596709012616,0,0.0
2020-07-20,ETH,,0.22208706128886457,0,-0.003215543752220924
2020-07-20,FET,,-0.42071021941125375,-1,0.013775699257346952
2020-07-20,HBAR,,0.256920399463696,0,0.001503231220245013
2020-07-20,LINK,,-0.7881212457247986,-1,-0.03161216281293555
2020-07-20,LTC,,0.36779571447796205,1,-0.012094484152081822
2020-07-20,STX,,0.409982228147357,1,0.04250738935863767
2020-07-20,TRX,,0.4127285721094136,1,0.024907699592080362
2020-07-20,VET,,-1.0914472705703102,-1,-0.06245628977132008
2020-07-20,XLM,,-0.45104186210391434,-1,-0.0037997835633483915
2020-07-20,XRP,,0.29728100306008165,0,-0.0022990311939376125
2020-07-20,ZEC,,0.4044793738103929,1,0.010915671523555628
2020-07-27,ADA,,-0.4130198971816167,-1,-4.4188917902494146e-08
2020-07-27,ALGO,,-0.7092375946230901,-1,-0.031058024693512674
2020-07-27,ATOM,,-0.5300223287187066,-1,-0.015253404101187782
2020-07-27,BCH,,0.49713634572635246,1,0.021127889424643668
2020-07-27,BNB,,0.1886460982161413,0,0.0
2020-07-27,BTC,,0.5104144554679355,1,0.0364323639399289
2020-07-27,CHZ,,0.6971503869391397,1,0.17702778603603045
2020-07-27,DASH,,0.6489556749315148,1,0.11461668902703834
2020-07-27,DOGE,,-1.0317319273491938,-1,-0.062149121160760046
2020-07-27,ETC,,0.3243125539938716,0,0.0
2020-07-27,ETH,,0.07511049405375052,0,0.0
2020-07-27,FET,,-0.3446366407826595,0,0.0
2020-07-27,HBAR,,0.5542066371136178,1,0.053231643852882905
2020-07-27,LINK,,-0.8512716609165898,-1,-0.04938178062917446
2020-07-27,LTC,,0.3795165108414277,1,1.2803730880421464e-11
2020-07-27,STX,,0.08619866759864833,0,0.0
2020-07-27,TRX,,0.46208086030932555,1,0.017587952107494073
2020-07-27,VET,,-0.4326655894033844,-1,-0.0027513726742495934
2020-07-27,XLM,,-0.5580379277521118,-1,-0.0194117597538165
2020-07-27,XRP,,0.09824195339620188,0,0.0
2020-07-27,ZEC,,0.3486529281394249,0,0.0
2020-08-03,ADA,,-0.3171819257106774,-1,-0.014274615288727553
2020-08-03,ALGO,,-0.6240274584808932,-1,-0.030347939977970674
2020-08-03,ATOM,,-0.14886938053874052,0,0.0
2020-08-03,BCH,,0.1355015459481176,0,0.0
2020-08-03,BNB,,0.4519452147656071,1,0.06267845320519243
2020-08-03,BTC,,0.23275384717660377,0,0.0
2020-08-03,CHZ,,0.6658473690714402,1,0.2
2020-08-03,DASH,,0.5159665036851044,1,0.07992487741558985
2020-08-03,DOGE,,0.29439918217406696,0,0.0
2020-08-03,ETC,,-0.1978513954122083,0,0.0
2020-08-03,ETH,,-0.4905600219941863,-1,-0.040922594126545316
2020-08-03,FET,,0.31208259696444607,1,1.0048004689469159e-11
2020-08-03,HBAR,,0.40970889548758155,1,0.030759603825131886
2020-08-03,LINK,,-0.818557751698481,-1,-0.0439693403248792
2020-08-03,LTC,,-0.22402537418536558,-1,-5.97457573897676e-08
2020-08-03,STX,,-0.1195978633186347,0,0.0
2020-08-03,TRX,,0.36356484399777766,1,0.010371662595863702
2020-08-03,VET,,-0.3180869217851025,-1,-0.00945656819523808
2020-08-03,XLM,,0.4153147792441102,1,0.03628477827457974
2020-08-03,XRP,,-0.5230380939784243,-1,-0.04103326907406902
2020-08-03,ZEC,,-0.015288591412142071,0,0.0
2020-08-10,ADA,,-0.22841767629422643,-1,-5.802330977632951e-08
2020-08-10,ALGO,,-0.4750953867726054,-1,-0.020024053760438112
2020-08-10,ATOM,,-0.16062884909076475,0,0.0
2020-08-10,BCH,,0.14718055880349637,1,8.35582822095528e-12
2020-08-10,BNB,,1.0573717944550813,1,0.2
2020-08-10,BTC,,0.0720647344480783,0,0.0
2020-08-10,CHZ,,0.13630319606893512,0,0.0
2020-08-10,DASH,,-0.002479021498441693,0,0.0
2020-08-10,DOGE,,0.42060291299701663,1,0.052797150896861454
2020-08-10,ETC,,0.1959323036442734,1,0.0019314274457658137
2020-08-10,ETH,,-0.23864706667960264,-1,-0.0018108447871398908
2020-08-10,FET,,0.05378491470690526,0,0.0
2020-08-10,HBAR,,0.577957736017891,1,0.0769051512204201
2020-08-10,LINK,,-0.8206162655160466,-1,-0.053637433288537935
2020-08-10,LTC,,0.15650565394221252,1,8.077431791825845e-05
2020-08-10,STX,,0.06858967958047686,0,0.0
2020-08-10,TRX,,-0.11142777463536285,0,0.0
2020-08-10,VET,,-0.5354929081219987,-1,-0.03961824870899186
2020-08-10,XLM,,0.5109936393337694,1,0.08828552446133756
2020-08-10,XRP,,-0.4521411406768854,-1,-0.03945207896377572
2020-08-10,ZEC,,-0.3723410347122049,-1,-0.025457288886823592
2020-08-17,ADA,,-0.004583739101514819,0,0.0
2020-08-17,ALGO,,-0.24594394238821665,-1,-0.012938405770810504
2020-08-17,ATOM,,0.7407219503802215,1,0.2
2020-08-17,BCH,,0.07171319101602636,0,0.0
2020-08-17,BNB,,0.16881122796779574,1,0.0030279083725705674
2020-08-17,BTC,,0.12573041497096496,0,0.0
2020-08-17,CHZ,,-0.13062789086022195,-1,-4.468694699265129e-08
2020-08-17,DASH,,0.10119912615240391,0,0.0
2020-08-17,DOGE,,0.373118982849943,1,0.18456305743275822
2020-08-17,ETC,,0.22593186751141253,1,0.02063697982053741
2020-08-17,ETH,,-0.03247605199538549,0,0.0
2020-08-17,FET,,-0.30540729672865113,-1,-0.021988581300702432
2020-08-17,HBAR,,0.2202528688933247,1,0.01145172858148683
2020-08-17,JST,,0.05167549973629737,0,0.0
2020-08-17,LINK,,-0.858511378552047,-1,-0.065
2020-08-17,LTC,,0.11546154716513032,0,0.0
2020-08-17,SOL,,0.04094540503836549,0,0.0
2020-08-17,STX,,0.14066328304855436,1,1.2631714222261185e-11
2020-08-17,TRX,,-0.20700989684016055,-1,-0.010781473185631956
2020-08-17,VET,,-0.3933722826893664,-1,-0.040931169021305044
2020-08-17,XLM,,0.14981425801616094,1,0.0003204149032197034
2020-08-17,XRP,,-0.2841995585998839,-1,-0.028360346213439143
2020-08-17,ZEC,,-0.06390758499115254,0,0.0
2020-08-24,ADA,,0.014737279528211295,0,0.0
2020-08-24,ALGO,,-0.5707886836752815,-1,-0.04150999614956547
2020-08-24,ATOM,,-0.057630513182131714,-1,0.01710354927502114
2020-08-24,BCH,,0.06687906283960642,0,0.0
2020-08-24,BNB,,0.6390641388717215,1,0.1831376242354043
2020-08-24,BTC,,0.2403149441283104,1,0.03277147891889905
2020-08-24,CHZ,,-0.3774567405467578,-1,-0.030341465580461933
2020-08-24,DASH,,0.036166145163453026,0,0.0
2020-08-24,DOGE,,0.08443449518356179,1,0.015800063876478615
2020-08-24,DOT,,0.00977397640822812,0,0.0
2020-08-24,ETC,,0.1589306376903306,1,0.010024857716165627
2020-08-24,ETH,,0.4800587326212907,1,0.09098202181270505
2020-08-24,FET,,-0.2092045678608134,-1,-0.014570870397264311
2020-08-24,HBAR,,0.020893392798101606,0,0.000980358937653178
2020-08-24,JST,,0.04867041415101528,0,0.0
2020-08-24,LINK,,-0.6290504020093539,-1,-0.04431558717498774
2020-08-24,LTC,,0.36052492524417246,1,0.0631272320867591
2020-08-24,SOL,,0.034310445327675534,0,0.0
2020-08-24,STX,,-0.23157823778193695,-1,-0.017746296602502182
2020-08-24,TRX,,-0.03204830344515428,0,-0.0009229797513442342
2020-08-24,VET,,-0.29288931056770195,-1,-0.02832488561694415
2020-08-24,XLM,,-0.05729902129026623,-1,2.7354186768396643e-05
2020-08-24,XRP,,0.10583267660510162,1,-0.0015117365764466852
2020-08-24,ZEC,,0.15735451379861704,1,0.005898736481392509
2020-08-31,ADA,,0.03655358638490834,0,0.0
2020-08-31,ALGO,,-0.5331960282141595,-1,-0.047198870909508216
2020-08-31,ATOM,,-0.3460134410226967,-1,-0.03307985439449094
2020-08-31,BCH,,0.08339848547490888,1,1.428411430185483e-10
2020-08-31,BNB,,0.5558120173204645,1,0.2
2020-08-31,BTC,,0.03466532078780966,0,0.0
2020-08-31,CHZ,,-0.3010387343159113,-1,-0.029545015546817495
2020-08-31,DASH,,0.10501474325547064,1,0.009649211536588419
2020-08-31,DOGE,,0.15009862868233717,1,0.08567329439152774
2020-08-31,DOT,,0.009485805457991348,-1,-0.003331585546064209
2020-08-31,ETC,,0.11276233606638791,1,0.01187442488239617
2020-08-31,ETH,,0.08710577301638438,1,0.00024210822745427115
2020-08-31,FET,,-0.38424914264099824,-1,-0.03369845902494191
2020-08-31,HBAR,,0.0541335215160427,0,0.0
2020-08-31,JST,,0.046868667171047075,0,0.0
2020-08-31,LINK,,-0.26820643356166274,-1,-0.028477755617000194
2020-08-31,LTC,,0.03675935428122183,0,0.0
2020-08-31,SOL,,0.03661216803573055,0,0.0
2020-08-31,STX,,-0.011254626557480185,-1,-0.004673786288818946
2020-08-31,TRX,,0.21808322367711044,1,0.10510227643884455
2020-08-31,VET,,0.061701150754167364,0,0.0
2020-08-31,XLM,,0.030823965923096757,-1,-5.761769855596199e-08
2020-08-31,XRP,,0.07823070073839683,0,0.0
2020-08-31,ZEC,,0.10584895776943318,1,0.007482468775237431
2020-09-07,ADA,,0.17992142935894703,1,0.008648318579218486
2020-09-07,ALGO,,0.11813683842791747,0,0.0
2020-09-07,ATOM,,-0.8375499561550225,-1,-0.050154579219027794
2020-09-07,BCH,,0.0661555657968866,0,0.0
2020-09-07,BNB,,0.07351797108642182,0,0.0
2020-09-07,BTC,,0.11763137831688349,0,0.0
2020-09-07,CHZ,,0.20352983210675876,1,0.016554505370897196
2020-09-07,DASH,,0.27795049130133703,1,0.11282469876048315
2020-09-07,DOGE,,0.2664453052595213,1,0.16251717787023995
2020-09-07,DOT,,0.014469236024739315,-1,-3.37120241366339e-08
2020-09-07,ETC,,0.1158958751907947,0,0.0
2020-09-07,ETH,,-0.02420732907697411,-1,-0.003828185302710079
2020-09-07,FET,,-0.18629499918826356,-1,-0.01832683555536557
2020-09-07,HBAR,,0.260025742176894,1,0.09741428132599021
2020-09-07,JST,,-0.4131160193475064,-1,-0.03143127115945564
2020-09-07,LINK,,-0.21165163662382616,-1,-0.02349832670462168
2020-09-07,LTC,,0.02130129992220241,0,0.0
2020-09-07,SOL,,-0.8352374790106454,-1,-0.05246976164054196
2020-09-07,STX,,0.12517221079885624,0,0.0
2020-09-07,TRX,,0.009082444074372802,-1,-0.00040534620725014034
2020-09-07,VET,,0.1512648466519589,1,6.427710589710048e-11
2020-09-07,XLM,,0.1919397136952391,1,0.01646522050077545
2020-09-07,XRP,,0.17060040403677115,1,0.0060811970705238715
2020-09-07,ZEC,,0.1450168351757354,0,0.0
2020-09-14,ADA,,0.12681046337150068,0,0.0
2020-09-14,ALGO,,-0.06224853372777297,-1,-0.0035778557098459667
2020-09-14,ATOM,,0.008790529888829144,0,0.0
2020-09-14,BCH,,0.37000206147179504,1,0.043303594876395124
2020-09-14,BNB,,-0.6695375360708891,-1,-0.030718353153506735
2020-09-14,BTC,,0.45338096611782325,1,0.10626852775995758
2020-09-14,CHZ,,0.17024514879354283,0,0.0
2020-09-14,DASH,,0.13770657214103524,0,0.0
2020-09-14,DOGE,,0.47877386918543197,1,0.13423712147551564
2020-09-14,DOT,,-1.1184029227296715,-1,-0.03810543091312582
2020-09-14,ETC,,0.36201633048234755,1,0.031978002835991934
2020-09-14,ETH,,0.13884155864455908,0,0.0
2020-09-14,FET,,-0.1688538040747146,-1,-0.008545088875641567
2020-09-14,HBAR,,0.11363208524286567,0,0.0
2020-09-14,JST,,-0.008924031300731163,-1,-1.2843144250159499e-08
2020-09-14,LINK,,-0.5086618059529844,-1,-0.033688507800128505
2020-09-14,LTC,,0.1497794353017461,0,0.0
2020-09-14,SOL,,-0.89794027326102,-1,-0.03194909189090784
2020-09-14,STX,,0.3437657402354937,1,0.02250273994420882
2020-09-14,TRX,,-0.4978474380255498,-1,-0.03629470350188177
2020-09-14,VET,,0.3762161583387528,1,0.024003811410568374
2020-09-14,XLM,,0.2065901153291754,1,1.5613717344920588e-11
2020-09-14,XRP,,0.40748837492571927,1,0.07068389503509383
2020-09-14,ZEC,,0.08837693567271393,0,0.0
2020-09-21,ADA,,0.16599195429601435,1,1.0338599860681598e-11
2020-09-21,ALGO,,0.09971206248410058,0,0.0
2020-09-21,ATOM,,0.03846902353359226,0,0.0
2020-09-21,BCH,,0.47773544840421917,1,0.12189837652778729
2020-09-21,BNB,,-1.2291166049539424,-1,-0.065
2020-09-21,BTC,,0.2888378790369912,1,0.028561156202092056
2020-09-21,CHZ,,-0.1651462720424926,-1,-0.0079528164313653
2020-09-21,DASH,,0.015960966269601307,0,0.0
2020-09-21,DOGE,,0.47129780824308803,1,0.15363146631448632
2020-09-21,DOT,,-0.339532016387867,-1,-0.02636188151075422
2020-09-21,ETC,,0.39071007939192626,1,0.049770564505151264
2020-09-21,ETH,,0.11491481918047375,0,0.0
2020-09-21,FET,,0.16618894250035302,1,1.8905427447719023e-07
2020-09-21,HBAR,,0.09937384427606254,0,0.0
2020-09-21,JST,,-0.010455332944436613,0,0.0
2020-09-21,LINK,,-0.04523178803162093,-1,-2.173379768029424e-08
2020-09-21,LTC,,0.21916260804279422,1,0.004276368082156467
2020-09-21,SOL,,-0.04404059652378708,0,0.0
2020-09-21,STX,,-0.3967360666441634,-1,-0.030429340339144885
2020-09-21,TRX,,-0.3542976466651626,-1,-0.030168945967630673
2020-09-21,UNI,,0.009131900193119786,0,0.0
2020-09-21,VET,,-0.38811508850066057,-1,-0.02250040201979985
2020-09-21,XLM,,0.08373618661847299,0,0.0
2020-09-21,XRP,,0.37759314093754887,1,0.07289752694402563
2020-09-21,ZEC,,-0.04614525071422503,-1,-4.230073284807466e-05
2020-09-28,ADA,,-0.12709348184678532,-1,-0.008232126677434786
2020-09-28,ALGO,,0.2753134676837224,1,0.02562711872043078
2020-09-28,ATOM,,0.1580188190509591,0,0.0
2020-09-28,AVAX,,0.030841307551771797,0,0.0
2020-09-28,BCH,,0.18117483516465815,1,0.0010252222012571606
2020-09-28,BNB,,-1.1871789766424523,-1,-0.05703696144244783
2020-09-28,BTC,,-0.03142320606028274,0,0.0
2020-09-28,CHZ,,0.11471359152772033,0,0.0
2020-09-28,DASH,,0.04349474815929892,0,0.0
2020-09-28,DOGE,,0.1757268957724484,1,0.0005014663066607969
2020-09-28,DOT,,-0.23923400652717888,-1,-0.017289344786348984
2020-09-28,ETC,,0.15164907281274864,0,0.0
2020-09-28,ETH,,0.06613410037900527,0,0.0
2020-09-28,FET,,-0.25524379004909964,-1,-0.038598613544666316
2020-09-28,HBAR,,0.2922533553378819,1,0.040267992105895115
2020-09-28,JST,,-0.03772156663286063,-1,-2.9513997874694083e-08
2020-09-28,LINK,,-0.3541609499327034,-1,-0.022392840639625506
2020-09-28,LTC,,0.4700391678566405,1,0.19356105759674172
2020-09-28,SOL,,-0.33242311088552284,-1,-0.018724766651000462
2020-09-28,STX,,-0.025230674699232125,0,0.0
2020-09-28,TRX,,0.16455933604468198,1,2.405882473361151e-11
2020-09-28,UNI,,0.011370544563773646,0,0.0
2020-09-28,VET,,-0.2960397344121251,-1,-0.020314760917052976
2020-09-28,XLM,,0.20965516588931848,1,0.006184572351959436
2020-09-28,XRP,,0.44362251922131085,1,0.16448042910615676
2020-09-28,ZEC,,0.09718257067230349,0,0.0
2020-10-05,ADA,,-0.3371152988034362,-1,-0.014355131526384277
2020-10-05,ALGO,,0.08110628886371068,0,0.0
2020-10-05,ATOM,,-0.14609510993296532,-1,-0.00023647975809759243
2020-10-05,AVAX,,0.028739126371115854,0,0.0
2020-10-05,BCH,,0.2589442198534001,1,0.005995391753676435
2020-10-05,BNB,,-0.5469317968340348,-1,-0.02952750872566715
2020-10-05,BTC,,0.17945694969527323,1,9.063002163491288e-12
2020-10-05,CHZ,,0.5684388725820897,1,0.10450740098589852
2020-10-05,DASH,,0.1691285449566517,0,0.0
2020-10-05,DOGE,,0.45453248718408956,1,0.05601295334744085
2020-10-05,DOT,,0.11213794318721124,0,0.0
2020-10-05,ETC,,0.15138609698973923,0,0.0
2020-10-05,ETH,,0.27104160992382337,1,0.007736803177147473
2020-10-05,FET,,0.13140014766713567,0,0.0
2020-10-05,HBAR,,0.04262787817706608,0,0.0
2020-10-05,JST,,-0.5223996776092935,-1,-0.03154871162373362
2020-10-05,LINK,,-0.9072766856083986,-1,-0.03658967816190277
2020-10-05,LTC,,0.4121295399976693,1,0.04143972341281251
2020-10-05,SOL,,-0.7020303936602256,-1,-0.03439516310133885
2020-10-05,STX,,-0.04463537591622736,0,0.0
2020-10-05,TRX,,0.05101386078372006,0,0.0
2020-10-05,UNI,,0.008449549167867183,0,0.0
2020-10-05,VET,,-0.625973155988006,-1,-0.034532615231001304
2020-10-05,XLM,,0.32934961654071554,1,0.018779412200193826
2020-10-05,XRP,,0.7229301559095022,1,0.19080694146431104
2020-10-05,ZEC,,-0.14035539349818985,-1,-1.8209310052188414e-08
2020-10-12,ADA,,-0.19241827362761332,-1,-0.012508475168440647
2020-10-12,ALGO,,0.1190380364359873,0,0.0
2020-10-12,ATOM,,-0.2483895089716612,-1,-0.01786929251538901
2020-10-12,AVAX,,0.02592282831780353,0,0.0
2020-10-12,BCH,,0.34183584567565417,1,0.08399324964591405
2020-10-12,BNB,,0.09140034241380947,0,0.0
2020-10-12,BTC,,0.1898895337591856,1,3.959282867059628e-11
2020-10-12,CHZ,,0.36069915256604873,1,0.1037870790467946
2020-10-12,DASH,,-0.0880554340422573,0,0.0
2020-10-12,DOGE,,0.24892532150506558,1,0.01533336326969245
2020-10-12,DOT,,0.20354411447649579,1,0.001099448378804836
2020-10-12,ETC,,0.017979557827838114,0,0.0
2020-10-12,ETH,,0.22981370853897923,1,0.007583345052677133
2020-10-12,FET,,0.06353019383782758,0,0.0
2020-10-12,HBAR,,-0.1903120396670634,-1,-0.012353455293756461
2020-10-12,JST,,0.004975134130124732,0,0.0
2020-10-12,LINK,,-0.5501020314569808,-1,-0.04197545747878208
2020-10-12,LTC,,-0.09696207674951617,-1,-0.000979201380038159
2020-10-12,SOL,,-0.5345701429377134,-1,-0.040440459715458246
2020-10-12,STX,,-0.08933363568210226,-1,-2.6555622378517185e-08
2020-10-12,TRX,,0.06529259938010702,0,0.0
2020-10-12,UNI,,0.013333331191922797,0,0.0
2020-10-12,VET,,0.3175845617303619,1,0.049628540263854735
2020-10-12,XLM,,0.4076176632977988,1,0.16064466082753823
2020-10-12,XRP,,-0.03105374322048308,0,0.0
2020-10-12,ZEC,,-0.680185038729617,-1,-0.05434072241753039
2020-10-19,AAVE,,0.039015707600754394,0,0.0
2020-10-19,ADA,,-0.12316367591057577,0,0.0
2020-10-19,ALGO,,-0.0727540579447472,0,0.0
2020-10-19,ATOM,,-0.6607368231038117,-1,-0.037286111566693786
2020-10-19,AVAX,,-0.004136831319196005,0,0.0
2020-10-19,BCH,,0.2812892206883781,1,0.006407343723051532
2020-10-19,BNB,,-0.1725186927707008,-1,-0.004672760864489727
2020-10-19,BTC,,-0.024655598901057264,0,0.0
2020-10-19,CHZ,,0.33120923495649435,1,0.0179646713557492
2020-10-19,DASH,,-0.00026086279125195236,0,0.0
2020-10-19,DOGE,,0.4589282722246181,1,0.06268500188570135
2020-10-19,DOT,,0.35576498573946647,1,0.02467043524359463
2020-10-19,ETC,,0.2037816401369905,1,9.651385832722245e-12
2020-10-19,ETH,,0.36247436812428796,1,0.02666529790353822
2020-10-19,FET,,0.08058780563101668,0,0.0
2020-10-19,FIL,,-0.012305345315709974,0,0.0
2020-10-19,HBAR,,-0.12691494063543962,-1,-2.9467139248828766e-08
2020-10-19,JST,,0.14833822893742482,0,0.0
2020-10-19,LINK,,-0.5610169605679975,-1,-0.02727394205584912
2020-10-19,LTC,,-0.6699230170058904,-1,-0.034970425056305474
2020-10-19,NEAR,,0.033775614003533315,0,0.0
2020-10-19,SOL,,-0.24494281023223688,-1,-0.01031237260820233
2020-10-19,STX,,-0.25595508297248665,-1,-0.01133847124082596
2020-10-19,TRX,,0.41052201830696666,1,0.0429247920566141
2020-10-19,UNI,,-0.2881542282211598,-1,-0.013252824657908448
2020-10-19,VET,,0.4282753772174353,1,0.04978631272451671
2020-10-19,XLM,,0.6746882211871921,1,0.18889614509775404
2020-10-19,XRP,,0.16259969690649767,0,0.0
2020-10-19,ZEC,,-0.753811463968792,-1,-0.04089306248258594
2020-10-26,AAVE,,0.04088992078169745,0,0.0
2020-10-26,ADA,,-0.22931318544281026,-1,-0.014944607149184228
2020-10-26,ALGO,,-0.29803981423101517,-1,-0.01878832856428989
2020-10-26,ATOM,,-0.6377543387190426,-1,-0.037864982705383875
2020-10-26,AVAX,,-0.03192730410402245,0,0.0
2020-10-26,BCH,,0.32414080522287103,1,0.04114727237072149
2020-10-26,BNB,,0.07541892378301439,0,0.0
2020-10-26,BTC,,0.3991003622425196,1,0.07260339105398635
2020-10-26,CHZ,,0.09954405434832223,0,0.0
2020-10-26,DASH,,0.09324738768729007,0,0.0
2020-10-26,DOGE,,0.48633768281878004,1,0.11883582281547334
2020-10-26,DOT,,0.4800452943154465,1,0.11516663856240646
2020-10-26,ETC,,0.09275372660379542,0,0.0
2020-10-26,ETH,,0.22127152987606513,1,0.011435919337368945
2020-10-26,FET,,-0.06499221150035628,-1,-2.366887886906352e-08
2020-10-26,FIL,,-0.010023085562509096,0,0.0
2020-10-26,HBAR,,-0.22068410759226828,-1,-0.01151575845267516
2020-10-26,JST,,-0.10718491298232197,-1,-0.0030397213867814207
2020-10-26,LINK,,-0.1851867194818653,-1,-0.008268165199537172
2020-10-26,LTC,,-0.9964660768344371,-1,-0.05202327406981335
2020-10-26,NEAR,,0.03692918787497005,0,0.0
2020-10-26,SOL,,0.12522601043159984,1,1.8407264417924868e-05
2020-10-26,STX,,0.2697531060332885,1,0.013214561874607306
2020-10-26,TRX,,0.34112036566721843,1,0.04757798670947826
2020-10-26,UNI,,-0.010867989845277102,0,0.0
2020-10-26,VET,,0.051881352431647175,0,0.0
2020-10-26,XLM,,0.1220452209151647,1,1.1539897470444939e-11
2020-10-26,XRP,,0.11759321523031648,0,0.0
2020-10-26,ZEC,,-0.584858399968083,-1,-0.033555138803456036
2020-11-02,AAVE,,0.03752401481689717,0,0.0
2020-11-02,ADA,,0.1345834291590647,1,2.2397678235125274e-11
2020-11-02,ALGO,,0.06073881843732207,0,0.0
2020-11-02,ATOM,,0.1386330234888786,1,9.00296414076617e-05
2020-11-02,AVAX,,-0.10244702037545358,-1,-0.012920261928819123
2020-11-02,BCH,,0.037663026028273316,0,0.0
2020-11-02,BNB,,-0.0032360717678177695,0,0.0
2020-11-02,BTC,,0.2983292469513939,1,0.06229964276122714
2020-11-02,CHZ,,0.10862662917555188,0,0.0
2020-11-02,DASH,,0.014461920432323038,0,0.0
2020-11-02,DOGE,,0.4117144096730552,1,0.18512035694526532
2020-11-02,DOT,,0.35965242706703204,1,0.12728871716425305
2020-11-02,ETC,,-0.07552445155218855,-1,-0.009685543240081947
2020-11-02,ETH,,0.08295829641450415,0,0.0
2020-11-02,FET,,-0.22329692022320963,-1,-0.024867777763870724
2020-11-02,FIL,,-0.008934835922221569,-1,-3.896985972751192e-08
2020-11-02,HBAR,,0.1901727749018286,1,0.008149014659630478
2020-11-02,JST,,-0.2089528009441555,-1,-0.021960076845515722
2020-11-02,LINK,,0.2585123713181235,1,0.028904139588501528
2020-11-02,LTC,,-0.6893173753986872,-1,-0.04626823274646979
2020-11-02,NEAR,,0.03326160850845942,0,0.0
2020-11-02,SOL,,-0.9864878249827643,-1,-0.04099074889054147
2020-11-02,STX,,-0.03760596525863885,-1,-0.0014519163078351531
2020-11-02,TRX,,0.03203875972218322,0,0.0
2020-11-02,UNI,,-0.4093524529094575,-1,-0.021855403307006353
2020-11-02,VET,,0.10453962568783798,0,0.0
2020-11-02,XLM,,0.17914872776301366,1,0.006899697262926178
2020-11-02,XRP,,0.10790785251103462,0,0.0
2020-11-02,ZEC,,0.15468875727782438,1,0.0012484019543909644
2020-11-09,AAVE,,-1.2742080853520341,-1,-0.04022586966162677
2020-11-09,ADA,,-0.12400703919674307,-1,-0.0007711456644513571
2020-11-09,ALGO,,0.05761461718065681,0,0.0
2020-11-09,ATOM,,0.25875078285261965,1,0.003789192467160837
2020-11-09,AVAX,,0.20737835708833408,0,0.0
2020-11-09,BCH,,-0.372912329911352,-1,-0.03890641276522204
2020-11-09,BNB,,-0.2051934349266311,-1,-0.01972105693155339
2020-11-09,BTC,,0.20488864347949107,0,0.0
2020-11-09,CHZ,,0.21884409109229258,1,1.6846822533657442e-11
2020-11-09,DASH,,0.43242793261526025,1,0.08710770360359667
2020-11-09,DOGE,,0.49857401607306595,1,0.17373219799265321
2020-11-09,DOT,,0.22663452091967926,1,0.00027584069739627394
2020-11-09,ETC,,-0.11762710382175719,-1,-7.014633648778367e-08
2020-11-09,ETH,,-0.10143862401596941,0,0.0
2020-11-09,FET,,0.07497868199119201,0,0.0
2020-11-09,FIL,,-0.522792540371583,-1,-0.033023262897590486
2020-11-09,HBAR,,0.3805377609534255,1,0.05584616430688249
2020-11-09,JST,,0.15009028748544334,0,0.0
2020-11-09,LINK,,-0.03796916166951108,0,0.0
2020-11-09,LTC,,-0.26127819454070045,-1,-0.013601694091875748
2020-11-09,NEAR,,-0.4079069708432598,-1,-0.01679301148224469
2020-11-09,SOL,,-0.4294881569146261,-1,-0.016957476359099007
2020-11-09,STX,,0.3249010354522605,1,0.008873216678751917
2020-11-09,TRX,,0.021028395619636223,0,0.0
2020-11-09,UNI,,-0.08094807683091779,0,0.0
2020-11-09,VET,,0.1549568182802919,0,0.0
2020-11-09,XLM,,0.028449018146197432,0,0.0
2020-11-09,XRP,,0.3989022461904996,1,0.07294914240935096
2020-11-09,ZEC,,0.29681251297473993,1,0.017426541827360968
2020-11-16,AAVE,,-1.5362208038296405,-1,-0.04810435649447524
2020-11-16,ADA,,-0.4555006149362923,-1,-0.018814964549912622
2020-11-16,ALGO,,0.13331715776178965,0,0.0
2020-11-16,ATOM,,0.3667724089435984,1,0.017901574025842658
2020-11-16,AVAX,,0.3646539369053615,1,0.01616335222108988
2020-11-16,BCH,,-0.02794480773162198,0,0.0
2020-11-16,BNB,,0.2589760157070643,1,2.238210061140432e-11
2020-11-16,BTC,,0.6202254569925325,1,0.2
2020-11-16,CHZ,,0.20132264150585977,0,0.0
2020-11-16,DASH,,0.4679286216194914,1,0.04561971266640524
2020-11-16,DOGE,,0.42013417892582716,1,0.031219738662550723
2020-11-16,DOT,,0.1433761161315943,0,0.0
2020-11-16,ETC,,0.1458632221662202,0,0.0
2020-11-16,ETH,,-0.008252385536430009,0,0.0
2020-11-16,FET,,0.042963681649084325,0,0.0
2020-11-16,FIL,,-0.11175758500097904,-1,-0.006401796217051024
2020-11-16,HBAR,,0.462003446924507,1,0.06584649075086356
2020-11-16,JST,,-0.000789472520410913,0,0.0
2020-11-16,LINK,,0.19000910180568956,0,0.0
2020-11-16,LTC,,-0.017726572324049582,0,0.0
2020-11-16,NEAR,,-0.41737712859419757,-1,-0.015996538639850313
2020-11-16,SOL,,-0.4529628787015403,-1,-0.02310812700578558
2020-11-16,STX,,-0.40544459721997217,-1,-0.024042041047259013
2020-11-16,TRX,,0.3148341477673189,1,0.005833965912206996
2020-11-16,UNI,,-0.3872930988436959,-1,-0.01695353885865738
2020-11-16,VET,,0.07766800744936823,0,0.0
2020-11-16,XLM,,-0.045697122782459985,-1,-1.9241923375872018e-08
2020-11-16,XRP,,-0.7608338904240166,-1,-0.026578617945085464
2020-11-16,ZEC,,0.4177528161900042,1,0.037415165738658794
2020-11-23,AAVE,,-1.0154242263093358,-1,-0.05907920244060425
2020-11-23,ADA,,-0.27401285834408556,-1,-0.003999481840166141
2020-11-23,ALGO,,0.44749996345407134,1,0.015846338111850874
2020-11-23,ATOM,,0.29643487825070297,1,0.0006749560293704949
2020-11-23,AVAX,,0.08035161240148092,0,0.0
2020-11-23,BCH,,-0.0687622506708651,0,0.0
2020-11-23,BNB,,0.21178147273016937,0,0.0
2020-11-23,BTC,,-0.11031616267875222,0,0.0
2020-11-23,CHZ,,0.7200669807744703,1,0.14168302791036147
2020-11-23,DASH,,0.5768404703902742,1,0.035003812689176336
2020-11-23,DOGE,,0.2294228892736731,0,0.0
2020-11-23,DOT,,-0.2349388973149782,-1,-0.0006124053002114568
2020-11-23,ETC,,0.18251436725569034,0,0.0
2020-11-23,ETH,,-0.11748245605855806,0,0.0
2020-11-23,FET,,-0.22937242481366307,-1,-3.934846733404866e-08
2020-11-23,FIL,,0.4466374936425521,1,0.019432211514166752
2020-11-23,HBAR,,0.3610543806861613,1,0.0075399624214295465
2020-11-23,JST,,-0.05670014336286685,0,0.0
2020-11-23,LINK,,-0.20847808239066384,0,0.0
2020-11-23,LTC,,-0.35762363092311533,-1,-0.01670221335387722
2020-11-23,NEAR,,-0.09269681243585381,0,0.0
2020-11-23,SOL,,-0.41370278179231823,-1,-0.02045209268462638
2020-11-23,STX,,-0.11052761426289882,0,0.0
2020-11-23,TRX,,0.3843496952412334,1,0.008334086829416693
2020-11-23,UNI,,-0.41482422487991705,-1,-0.021813745298997635
2020-11-23,VET,,0.27353622962911667,1,4.2119115002984725e-12
2020-11-23,XLM,,-0.8579804615634983,-1,-0.03922313903208667
2020-11-23,XRP,,-0.45675719129708664,-1,-0.018117680700962896
2020-11-23,ZEC,,0.8091097853688621,1,0.19148560449001586
2020-11-30,AAVE,,0.642439208308818,1,0.04682368177467309
2020-11-30,ADA,,-0.6435285291488568,-1,-0.03419726575005254
2020-11-30,ALGO,,0.4256121642637248,1,0.024240154697642596
2020-11-30,ATOM,,0.02917504638949703,0,0.0
2020-11-30,AVAX,,0.06878802452534204,0,0.0
2020-11-30,BCH,,-0.11909312059394028,-1,-3.172614458571013e-08
2020-11-30,BNB,,-0.0011192689265219534,0,0.0
2020-11-30,BTC,,-0.013571841045271356,0,0.0
2020-11-30,CHZ,,1.2023022024071144,1,0.2
2020-11-30,DASH,,-0.050349487019135525,0,0.0
2020-11-30,DOGE,,-0.016219306699491027,0,0.0
2020-11-30,DOT,,-0.2849805388708482,-1,-0.015637029799176857
2020-11-30,ETC,,-0.09926120129768566,0,0.0
2020-11-30,ETH,,-0.2217201620148854,-1,-0.011535359751658229
2020-11-30,FET,,-0.0933815108754922,0,0.0
2020-11-30,FIL,,0.30509343342912487,1,0.009866438055129642
2020-11-30,HBAR,,0.7327799473710324,1,0.15608668341823032
2020-11-30,JST,,0.19471181642994778,1,0.0002445512355002242
2020-11-30,LINK,,-0.14128064225763765,-1,-0.0020429922036210167
2020-11-30,LTC,,-0.3544697880406332,-1,-0.020369069145107187
2020-11-30,NEAR,,-0.001608186830734679,0,0.0
2020-11-30,SOL,,0.11557827392807726,0,0.0
2020-11-30,STX,,0.07138268227349236,0,0.0
2020-11-30,TRX,,0.16144262892118047,1,5.34622543329139e-12
2020-11-30,UNI,,-0.30019215867705246,-1,-0.013899844716105125
2020-11-30,VET,,0.3158148529508125,1,0.006685391266984374
2020-11-30,XLM,,-1.3527863110098959,-1,-0.04808106149337837
2020-11-30,XRP,,-0.8742126220738465,-1,-0.04151629278436605
2020-11-30,ZEC,,0.3026543941837612,1,0.009970127427051743
2020-12-07,AAVE,,0.38569827333213785,1,0.01395285672708924
2020-12-07,ADA,,-0.501672523886015,-1,-0.03446175409924167
2020-12-07,ALGO,,0.0932010444324865,0,0.0
2020-12-07,ATOM,,0.26709710573901246,1,0.010834934670809732
2020-12-07,AVAX,,0.02241685267565093,0,0.0
2020-12-07,BCH,,0.019729460427264322,0,0.0
2020-12-07,BNB,,0.1309709630097991,1,5.59333587161951e-05
2020-12-07,BTC,,0.014773239358545546,0,0.0
2020-12-07,CHZ,,0.7517846395206392,1,0.1904338418555396
2020-12-07,DASH,,-0.1246621607645492,-1,-0.0042109665475167455
2020-12-07,DOGE,,0.028132210156480264,0,0.0
2020-12-07,DOT,,-0.15431969988483354,-1,-0.007302659880016127
2020-12-07,ETC,,0.04928967284677093,0,0.0
2020-12-07,ETH,,-0.15430274251036982,-1,-0.009435436834228716
2020-12-07,FET,,0.12412557367863275,1,2.2619563709350334e-12
2020-12-07,FIL,,0.7352238616842415,1,0.18148520756499398
2020-12-07,HBAR,,0.36626602619189724,1,0.023997951692644987
2020-12-07,JST,,-0.10940408656747391,-1,-0.0016277498432909366
2020-12-07,LINK,,-0.007411736255429544,0,0.0
2020-12-07,LTC,,-0.2163948590530778,-1,-0.01311541008042385
2020-12-07,NEAR,,0.012406384868613063,0,0.0
2020-12-07,SOL,,-0.0843906574167245,-1,-5.801871645995177e-08
2020-12-07,STX,,0.6119464162232697,1,0.03420067232051849
2020-12-07,TRX,,-0.04337836553039701,0,0.0
2020-12-07,UNI,,-0.0393712968654444,0,0.0
2020-12-07,VET,,0.13134090273818502,1,2.4948253123608275e-05
2020-12-07,XLM,,-1.2694750921982558,-1,-0.0584646331307241
2020-12-07,XRP,,-0.9811861802178302,-1,-0.05078982892564238
2020-12-07,ZEC,,-0.05843322573322747,0,0.0
2020-12-14,AAVE,,-0.07543158666693835,-1,-0.0010615741658333237
2020-12-14,ADA,,0.01779751210939096,0,-0.0018838564999509935
2020-12-14,ALGO,,0.2630195626064962,1,0.006862452486157274
2020-12-14,ATOM,,-0.11127684928128245,-1,-0.01335576711110004
2020-12-14,AVAX,,-0.03756660933497281,0,0.0
2020-12-14,BCH,,0.09219249567472204,0,0.0
2020-12-14,BNB,,0.21395936868378432,1,3.0576258167487185e-06
2020-12-14,BTC,,0.011302835485530347,0,0.0
2020-12-14,CHZ,,0.357086937682331,1,0.04401764533672245
2020-12-14,DASH,,-0.04117104638776568,0,-0.00023019306210504773
2020-12-14,DOGE,,-0.24732630728611396,-1,-0.011684551714285184
2020-12-14,DOT,,0.2554469350570755,1,0.007238479747434218
2020-12-14,ETC,,0.36934567787658806,1,0.08752223818645744
2020-12-14,ETH,,0.34125737275069395,1,0.06061435793139677
2020-12-14,FET,,0.4234354980662215,1,0.10654853895333699
2020-12-14,FIL,,0.0747504684830065,0,0.009920913686857075
2020-12-14,HBAR,,0.227830486898505,1,0.002187634003598147
2020-12-14,JST,,-0.44443340149025484,-1,-0.024866035316620287
2020-12-14,LINK,,0.128478185460074,0,0.0
2020-12-14,LTC,,-0.24215179677788337,-1,-0.01290863751487896
2020-12-14,NEAR,,0.431274790133519,1,0.0928562507736849
2020-12-14,SOL,,0.03449759853608718,0,-3.171601068452265e-09
2020-12-14,STX,,-0.2814312414537867,-1,-0.01611529876813189
2020-12-14,TRX,,0.17794928788660708,0,0.0
2020-12-14,UNI,,0.19020503386786067,0,0.0
2020-12-14,VET,,-0.05035183751511626,-1,1.3165861196564738e-06
2020-12-14,XLM,,-1.6809023428931773,-1,-0.06096986629450484
2020-12-14,XRP,,-0.5175864442814277,-1,-0.032752231814237705
2020-12-14,ZEC,,0.11979941611022425,0,0.0
2020-12-21,AAVE,,-0.2901242926504618,-1,-0.01962896196513427
2020-12-21,ADA,,0.2177821178494807,1,0.014486570695160737
2020-12-21,ALGO,,0.11376432539838068,0,0.0
2020-12-21,ATOM,,0.008431892762531186,0,0.0
2020-12-21,AVAX,,0.0654625694726853,0,0.0
2020-12-21,BCH,,-0.15360620803196273,-1,-0.008076016336208306
2020-12-21,BNB,,0.0183508556573918,0,0.0
2020-12-21,BTC,,0.1306542862195192,1,9.464153136346355e-12
2020-12-21,CHZ,,-0.3506887662325715,-1,-0.018533563897546887
2020-12-21,DASH,,0.19704018985832886,1,0.005382974226566958
2020-12-21,DOGE,,-0.5510467806952996,-1,-0.03423513356769511
2020-12-21,DOT,,0.4007299389448142,1,0.11100712730355657
2020-12-21,ETC,,0.09991723158301125,0,0.0
2020-12-21,ETH,,0.5518345113027492,1,0.2
2020-12-21,FET,,0.2499551337252874,1,0.020782581522423405
2020-12-21,FIL,,-0.06596462027204546,-1,-4.0844147575744397e-08
2020-12-21,HBAR,,0.030548015896203793,0,0.0
2020-12-21,JST,,-0.6484402102842517,-1,-0.03876124862487361
2020-12-21,LINK,,0.14747261208859214,1,0.0007501180923781048
2020-12-21,LTC,,-0.2952920192485737,-1,-0.01885771590222366
2020-12-21,NEAR,,0.4234506156894616,1,0.06649116405017004
2020-12-21,SOL,,0.08165922272394585,0,0.0
2020-12-21,STX,,-0.3820237975912402,-1,-0.020596285176164766
2020-12-21,TRX,,0.1051738233037157,0,0.0
2020-12-21,UNI,,0.06300231738350169,0,0.0
2020-12-21,VET,,0.15666066079995455,1,0.0010994641002800161
2020-12-21,XLM,,0.008861888191358386,0,0.0
2020-12-21,XRP,,-0.42518486658285776,-1,-0.021311033686005856
2020-12-21,ZEC,,0.09161935273835121,0,0.0
2020-12-28,AAVE,,0.2602568811113342,1,0.0029852943771751447
2020-12-28,ADA,,0.0893912402134196,0,0.00023550771681817885
2020-12-28,ALGO,,0.0709242789929534,0,0.0
2020-12-28,ATOM,,0.27605674238908184,1,0.01278222280322074
2020-12-28,AVAX,,0.20889394504136902,0,0.0
2020-12-28,BCH,,0.1280251323290728,0,-0.00013129153947815178
2020-12-28,BNB,,0.2764820366961769,1,0.011893614979488225
2020-12-28,BTC,,0.256290013230638,1,0.0024860523638071054
2020-12-28,CHZ,,-0.4313673762705367,-1,-0.030764379837975322
2020-12-28,DASH,,-0.13685637945705895,-1,8.743445837183089e-05
2020-12-28,DOGE,,-0.9906300256777941,-1,-0.05444590713124858
2020-12-28,DOT,,-0.7904964659366408,-1,-0.044621232785511764
2020-12-28,ETC,,0.2644649604589549,1,0.00681336227870789
2020-12-28,ETH,,0.0439506961376728,0,0.0032513936082450567
2020-12-28,FET,,0.3374932336520557,1,0.1453011638037884
2020-12-28,FIL,,0.04140119023619104,0,-6.64002001809963e-10
2020-12-28,HBAR,,0.24248244228692922,1,1.1379326733015896e-10
2020-12-28,JST,,0.16381196461908737,0,-0.0006301403801325586
2020-12-28,LINK,,0.29190106696442714,1,0.03419270531323302
2020-12-28,LTC,,0.03613564973346996,0,-0.00030656928475295345
2020-12-28,NEAR,,0.4221874578226043,1,0.19782955112074246
2020-12-28,SOL,,-0.42736620101682704,-1,-0.023331833536282376
2020-12-28,STX,,0.05738388365409456,0,-0.000334833149876871
2020-12-28,TRX,,0.11520879120450163,0,0.0
2020-12-28,UNI,,-0.24645147083480862,-1,-0.011203210847998102
2020-12-28,VET,,-0.23392704463734132,-1,-0.009220414187070336
2020-12-28,XLM,,-0.0315140104749137,0,0.0
2020-12-28,XRP,,-0.15386801248528864,-1,-0.002088570996036033
2020-12-28,ZEC,,-0.14026461998282638,-1,-0.0007799185970262704
2021-01-04,AAVE,,0.2872343627741692,1,0.04670605110739579
2021-01-04,ADA,,0.05533505933633496,0,0.0
2021-01-04,ALGO,,0.0005834916464527457,0,0.0
2021-01-04,ATOM,,0.12220721090033225,0,0.0
2021-01-04,AVAX,,-0.09799747722529754,0,0.0
2021-01-04,BCH,,0.18835104275501216,1,5.2057577828648324e-11
2021-01-04,BNB,,-0.1454687124386473,-1,-1.1819259981134985e-07
2021-01-04,BTC,,0.19454382207245297,1,0.0010574154084859438
2021-01-04,CHZ,,-0.28201680234009274,-1,-0.019916964633954978
2021-01-04,DASH,,-0.08589148156543032,0,0.0
2021-01-04,DOGE,,-0.6344344066780616,-1,-0.0452926030901888
2021-01-04,DOT,,-0.6875280154678824,-1,-0.056779854923057184
2021-01-04,ETC,,0.20187536092554167,1,0.0014240303361243406
2021-01-04,ETH,,-0.06102127670711118,0,0.0
2021-01-04,FET,,0.4143568375855119,1,0.2
2021-01-04,FIL,,0.17820760235140465,0,0.0
2021-01-04,HBAR,,0.21049927765180393,1,0.002382231497980995
2021-01-04,JST,,0.34124375448801925,1,0.18472508344458452
2021-01-04,LINK,,0.2164002342902832,1,0.008653569504547187
2021-01-04,LTC,,-0.22539065839486694,-1,-0.022514080912322838
2021-01-04,NEAR,,1.028658620861221,1,0.2
2021-01-04,SOL,,0.09686378128803898,0,0.0
2021-01-04,STX,,-0.176873731285158,-1,-0.005467335356136261
2021-01-04,TRX,,0.12001663927035425,0,0.0
2021-01-04,UNI,,-0.1643085803001274,-1,-0.0027838021174285657
2021-01-04,VET,,-0.31998355040907733,-1,-0.028033365718983294
2021-01-04,XLM,,-0.5454208902763494,-1,-0.03420710291553737
2021-01-04,XRP,,-0.12092302035689627,0,0.0
2021-01-04,ZEC,,-0.1091184947519409,0,0.0
2021-01-11,AAVE,,0.427114654223084,1,0.01123998012169165
2021-01-11,ADA,,0.25840806935120686,0,0.0
2021-01-11,ALGO,,0.32165612185809844,1,1.38070704349065e-11
2021-01-11,ATOM,,0.4747803349069563,1,0.03446050760667106
2021-01-11,AVAX,,-0.29297340556699836,-1,-0.005859016737979077
2021-01-11,BCH,,-0.17768191124730462,0,0.0
2021-01-11,BNB,,0.3389209903603909,1,0.0010103955125946825
2021-01-11,BTC,,-0.04777114584701617,0,0.0
2021-01-11,CHZ,,-0.18583500745156953,-1,-3.0874185043072206e-08
2021-01-11,DASH,,-0.3819037847673837,-1,-0.016375069931810458
2021-01-11,DOGE,,-1.136449436784453,-1,-0.05913462180639464
2021-01-11,DOT,,-0.7068660246698966,-1,-0.03300221736775016
2021-01-11,ETC,,-0.052154074076945514,0,0.0
2021-01-11,ETH,,-0.12832297344945848,0,0.0
2021-01-11,FET,,0.5333077946262884,1,0.053259218254518355
2021-01-11,FIL,,0.43335261683008025,1,0.02275083156776162
2021-01-11,HBAR,,0.22678668774767535,0,0.0
2021-01-11,JST,,0.5444246212945645,1,0.09426795389132503
2021-01-11,LINK,,0.3678499134674386,1,0.0030111130316305746
2021-01-11,LTC,,-0.10208888483740117,0,0.0
2021-01-11,NEAR,,0.8492231295367016,1,0.2
2021-01-11,SOL,,-0.2509777201091518,-1,-0.00466263421106506
2021-01-11,STX,,-0.003926262366101841,0,0.0
2021-01-11,TRX,,0.161922186443004,0,0.0
2021-01-11,UNI,,-0.009128822597314686,0,0.0
2021-01-11,VET,,-0.3526363717797261,-1,-0.01824894004314472
2021-01-11,XLM,,-0.8463945676403779,-1,-0.04080570221574621
2021-01-11,XRP,,-0.05129018402828567,0,0.0
2021-01-11,ZEC,,-0.2113465434261009,-1,-0.0019117668119246717
2021-01-18,AAVE,,1.027520232920692,1,0.1465209513840602
2021-01-18,ADA,,-0.20893851118000561,-1,-0.00016172804987962328
2021-01-18,ALGO,,0.02154611548917213,0,3.9117869955094385e-12
2021-01-18,ATOM,,0.02673479875246334,0,0.009763270648176628
2021-01-18,AVAX,,-0.13224963145102542,0,-0.001659962958120007
2021-01-18,BCH,,-0.19294123369483557,0,0.0
2021-01-18,BNB,,-0.2372026654180115,-1,-0.0023776027569425403
2021-01-18,BTC,,-0.6896211239918171,-1,-0.03963922463585441
2021-01-18,CHZ,,0.4256081875689583,1,0.12739392815668565
2021-01-18,DASH,,-0.21176168383011243,-1,-0.004803070676418423
2021-01-18,DOGE,,-0.3714845016074743,-1,-0.02024260417315716
2021-01-18,DOT,,-0.3515664456601518,-1,-0.012744641351218687
2021-01-18,ETC,,-0.047238986245281035,0,0.0
2021-01-18,ETH,,-0.40215766051553886,-1,-0.013118693756223543
2021-01-18,FET,,0.1812993675553409,1,0.024205430904019543
2021-01-18,FIL,,0.05900665534945734,1,0.006445712557958828
2021-01-18,HBAR,,0.5530264113271809,1,0.09336239476020738
2021-01-18,JST,,0.8495786634253507,1,0.17004424327909068
2021-01-18,LINK,,0.03850095838931531,0,0.0008531015217654496
2021-01-18,LTC,,-0.2046998391498288,-1,-2.1553683060874746e-08
2021-01-18,NEAR,,0.24943523523105904,1,0.07919287410469922
2021-01-18,SOL,,0.05154774888481774,0,-0.001321006650733815
2021-01-18,STX,,0.2581891094224243,1,0.05114842004039862
2021-01-18,TRX,,-0.07470240947648196,0,0.0
2021-01-18,UNI,,0.39732560957992585,1,0.05479092042181122
2021-01-18,VET,,-0.1348007154738111,0,-0.005170247133825705
2021-01-18,XLM,,-0.5788287234439614,-1,-0.020598700770163913
2021-01-18,XRP,,-0.12216338890383457,0,0.0
2021-01-18,ZEC,,-0.1789615738539956,0,-0.0005416373146345953
2021-01-25,AAVE,,0.4257864186225897,1,0.2
2021-01-25,ADA,,-0.2362850833111519,-1,-0.003255104061933181
2021-01-25,ALGO,,0.158263457946209,1,0.008476184591254349
2021-01-25,ATOM,,-0.09126988494684804,0,0.0
2021-01-25,AVAX,,0.0039002256838242323,0,0.0
2021-01-25,BCH,,-0.1608490745868964,-1,-1.2795163336416751e-08
2021-01-25,BNB,,-0.09097654106002684,0,0.0
2021-01-25,BTC,,-0.5895687270316848,-1,-0.04887654954956764
2021-01-25,CHZ,,0.6634083737647757,1,0.2
2021-01-25,DASH,,-0.07059732968958694,0,0.0
2021-01-25,DOGE,,-0.4013590249000872,-1,-0.0017853861245196061
2021-01-25,DOT,,-0.21915660200385817,-1,-0.0013802983869380784
2021-01-25,ETC,,-0.05128077011507679,0,0.0
2021-01-25,ETH,,-0.45623258447748194,-1,-0.023796146306661985
2021-01-25,FET,,0.2137149056775146,1,0.03273844162362077
2021-01-25,FIL,,-0.019858464498028753,0,0.0
2021-01-25,HBAR,,0.12162445391909374,1,2.3228128449786682e-11
2021-01-25,JST,,0.8521257648015269,1,0.2
2021-01-25,LINK,,-0.2321376046453234,-1,-0.003463576229753217
2021-01-25,LTC,,-0.28093500328935667,-1,-0.014783444718707212
2021-01-25,NEAR,,0.002625327802830948,0,0.0
2021-01-25,SOL,,0.2781876127560407,1,0.05773424414261888
2021-01-25,STX,,-0.11513842510578619,0,0.0
2021-01-25,TRX,,-0.0007321751987828753,0,0.0
2021-01-25,UNI,,0.6427682568846584,1,0.2
2021-01-25,VET,,-0.11793901618644041,0,0.0
2021-01-25,XLM,,-0.2856705587647546,-1,-0.0026594818267557346
2021-01-25,XRP,,0.14334624653009176,1,0.0010511296192778376
2021-01-25,ZEC,,-0.08576417457798667,0,0.0
2021-02-01,AAVE,,0.5391720162432434,1,0.2
2021-02-01,ADA,,-0.12162958817971595,-1,-0.00012432362225014366
2021-02-01,ALGO,,0.19444948618819485,1,0.04163944637284817
2021-02-01,ATOM,,0.03850288549150303,0,0.0
2021-02-01,AVAX,,0.03207764835546824,0,0.0
2021-02-01,BCH,,-0.10719619319083787,0,0.0
2021-02-01,BNB,,-0.031922618882060674,0,0.0
2021-02-01,BTC,,-0.49479141453265346,-1,-0.03778509241210233
2021-02-01,CHZ,,0.6095261036398272,1,0.2
2021-02-01,DASH,,0.10079274796572417,0,0.0
2021-02-01,DOGE,,-0.5282185622783655,-1,-0.0032088858316932753
2021-02-01,DOT,,-0.3782352970106097,-1,-0.007379056560304554
2021-02-01,ETC,,0.031987742135752575,0,0.0
2021-02-01,ETH,,-0.3360455034905876,-1,-0.019031488401411122
2021-02-01,FET,,0.251270021570253,1,0.038313274178568654
2021-02-01,FIL,,0.10314485693416778,1,1.168118902223215e-10
2021-02-01,HBAR,,-0.0592650730323999,0,0.0
2021-02-01,JST,,0.7065708121573517,1,0.2
2021-02-01,LINK,,-0.43066736837190933,-1,-0.01675552008249037
2021-02-01,LTC,,-0.20177291378504003,-1,-0.006484283784890446
2021-02-01,NEAR,,0.12206513781465306,1,0.0010901174694348459
2021-02-01,SOL,,0.46292753339212805,1,0.2
2021-02-01,STX,,-0.030193952553242077,0,0.0
2021-02-01,TRX,,0.02421649791263457,0,0.0
2021-02-01,UNI,,-0.11458619208670741,-1,-1.6966762544797843e-08
2021-02-01,VET,,-0.10119742544979156,0,0.0
2021-02-01,XLM,,0.16114659836907014,1,0.0189571618623364
2021-02-01,XRP,,-0.4693054109463142,-1,-0.009231332338095189
2021-02-01,ZEC,,0.027177425620274896,0,0.0
2021-02-08,AAVE,,-0.29417409983048176,-1,-0.009108724694869993
2021-02-08,ADA,,-0.3144334584524967,-1,-0.0057702953478895105
2021-02-08,ALGO,,0.17574476168030845,1,0.01283793391407625
2021-02-08,ATOM,,-0.0004320387451102488,0,0.0
2021-02-08,AVAX,,0.41378742460811574,1,0.2
2021-02-08,BCH,,0.0600171630383958,0,0.0
2021-02-08,BNB,,0.10232214836039791,0,0.0
2021-02-08,BTC,,-0.45059997851702965,-1,-0.02560547978068905
2021-02-08,CHZ,,0.3858178060169482,1,0.2
2021-02-08,DASH,,0.14145209893382363,0,0.0
2021-02-08,DOGE,,-1.2163137536840367,-1,-0.007750948940634357
2021-02-08,DOT,,0.20205347621904662,1,0.06399319730587683
2021-02-08,ETC,,0.1575331043524354,1,0.0018234493905810107
2021-02-08,ETH,,-0.37036851599780524,-1,-0.026842908823497554
2021-02-08,FET,,0.10581613309613341,0,0.0
2021-02-08,FIL,,0.05098354901055476,0,0.0
2021-02-08,HBAR,,-0.045153252355333996,-1,-0.0006298225527841748
2021-02-08,JST,,0.6958967867042927,1,0.2
2021-02-08,LINK,,-0.016185155971564703,0,0.0
2021-02-08,LTC,,-0.02058363641743058,-1,-1.14252692473267e-08
2021-02-08,NEAR,,0.10012907361866154,0,0.0
2021-02-08,SOL,,0.3591230760720194,1,0.2
2021-02-08,STX,,0.14506229480409052,1,1.4971715978886397e-10
2021-02-08,TRX,,0.09090949340413802,0,0.0
2021-02-08,UNI,,-0.3602344775342928,-1,-0.015155973307459254
2021-02-08,VET,,0.058825926409068904,0,0.0
2021-02-08,XLM,,0.17527927555101086,1,0.021345419239748694
2021-02-08,XRP,,-0.4507429659685597,-1,-0.009135835126906841
2021-02-08,ZEC,,0.11846774159470354,0,0.0
2021-02-15,AAVE,,-0.2940431379285713,-1,-0.011787921498480675
2021-02-15,ADA,,-0.22368991002791552,-1,-0.004750307134638016
2021-02-15,ALGO,,-0.19915453618149542,-1,-0.0038042523570226685
2021-02-15,ATOM,,-0.08467089679639309,0,0.0
2021-02-15,AVAX,,0.01998768813001624,0,0.0
2021-02-15,BCH,,-0.058556008233999576,0,0.0
2021-02-15,BNB,,0.33500058260955456,1,0.05751090921426352
2021-02-15,BTC,,-0.1280667891230213,-1,-6.563298454569645e-08
2021-02-15,CHZ,,0.6519486252987621,1,0.2
2021-02-15,DASH,,0.22730043084918944,1,0.019582312537389512
2021-02-15,DOGE,,-0.9330227595895983,-1,-0.012203135375254793
2021-02-15,DOT,,0.3533702231404683,1,0.1323078863700147
2021-02-15,ETC,,-0.009810323057555647,0,0.0
2021-02-15,ETH,,-0.3806464735190665,-1,-0.04635015602437503
2021-02-15,FET,,0.08229462973498351,0,0.0
2021-02-15,FIL,,-0.18459538844741155,-1,-0.0021862850492522425
2021-02-15,HBAR,,0.22608076711080238,1,0.04527940743450158
2021-02-15,JST,,0.7113098922808215,1,0.2
2021-02-15,LINK,,-0.15868419201821632,-1,-0.0029509245014061962
2021-02-15,LTC,,-0.12205963136178623,0,0.0
2021-02-15,NEAR,,-0.022442565649572754,0,0.0
2021-02-15,SOL,,0.4712108979319498,1,0.2
2021-02-15,STX,,0.24313122796378767,1,0.045319484409031226
2021-02-15,TRX,,-0.05870725306823912,0,0.0
2021-02-15,UNI,,0.11725062668983185,1,3.4799351401865266e-11
2021-02-15,VET,,-0.06876070216253134,0,0.0
2021-02-15,XLM,,-0.12204643022017526,0,0.0
2021-02-15,XRP,,-0.45357922570722686,-1,-0.01596695242658581
2021-02-15,ZEC,,0.06365063135261936,0,0.0
2021-02-22,AAVE,,-0.0705230142250182,0,0.0
2021-02-22,ADA,,0.04063424197499712,0,0.0
2021-02-22,ALGO,,-0.1828379453860108,-1,-0.0013257318438141905
2021-02-22,ATOM,,-0.05441758963954347,0,0.0
2021-02-22,AVAX,,0.06095942397429992,0,0.0
2021-02-22,BCH,,-0.12865205955077388,0,0.0
2021-02-22,BNB,,-0.32040202693807834,-1,-0.006373472797306493
2021-02-22,BTC,,-0.5167932170850643,-1,-0.046561036651115294
2021-02-22,CAKE,,0.15028321879946446,1,0.019059613399839876
2021-02-22,CHZ,,0.3633137314392786,1,0.2
2021-02-22,DASH,,-0.06912084832890929,0,0.0
2021-02-22,DOGE,,-0.10863681118927875,0,0.0
2021-02-22,DOT,,0.1892171657685054,1,0.05818907204506669
2021-02-22,ETC,,-0.1014615717847443,0,0.0
2021-02-22,ETH,,-0.40723566147933954,-1,-0.03100872595894227
2021-02-22,FET,,0.015163711487385934,0,0.0
2021-02-22,FIL,,-0.24083710952414958,-1,-0.0038711760446218544
2021-02-22,HBAR,,0.13486294125182216,1,0.014993056961943778
2021-02-22,JST,,0.29252557304286253,1,0.18763910473926615
2021-02-22,LINK,,-0.1706696564686219,-1,-0.001200647808990975
2021-02-22,LTC,,-0.19881321665311946,-1,-0.0033542567068151116
2021-02-22,NEAR,,0.15121828758259553,1,0.020119152784454645
2021-02-22,SOL,,0.8485799328655176,1,0.2
2021-02-22,STX,,0.7749655937465444,1,0.2
2021-02-22,TRX,,-0.12116588059402025,0,0.0
2021-02-22,UNI,,0.09477999174876062,1,6.942888862835355e-11
2021-02-22,VET,,-0.15529609249152482,-1,-1.6936992349997517e-08
2021-02-22,XLM,,-0.04192931167985999,0,0.0
2021-02-22,XRP,,-0.23446785486708693,-1,-0.006304935251401437
2021-02-22,ZEC,,0.006756054203119364,0,0.0
2021-03-01,AAVE,,0.2635732542209015,1,0.03716285392890032
2021-03-01,ADA,,-0.2785629379383817,-1,-0.009628433312001345
2021-03-01,ALGO,,-0.27814323938730573,-1,-0.004537147993725498
2021-03-01,ATOM,,0.018108021354021835,0,0.0
2021-03-01,AVAX,,0.09284601217210946,0,0.0
2021-03-01,BCH,,-0.15007282342877268,0,0.0
2021-03-01,BNB,,-0.5333743053597347,-1,-0.013387226086925153
2021-03-01,BTC,,-0.5807393107001362,-1,-0.05192915556744388
2021-03-01,CAKE,,0.14926935190146112,0,0.00012390416428589499
2021-03-01,CHZ,,0.09856631334338627,0,0.0013001750002645251
2021-03-01,DASH,,-0.1584810553813331,0,0.0
2021-03-01,DOGE,,0.5115617689399848,1,0.19869982499973549
2021-03-01,DOT,,-0.14993799467193156,0,0.00037827988380793875
2021-03-01,ETC,,-0.14482476709544803,0,0.0
2021-03-01,ETH,,-0.27394043092643733,-1,-0.008966993290843984
2021-03-01,FET,,0.45790851448974756,1,0.1305344158612332
2021-03-01,FIL,,-0.31161358087021845,-1,-0.005531330776483056
2021-03-01,HBAR,,0.25816389033832804,1,0.020248483856156366
2021-03-01,JST,,0.3216378212853359,1,0.03996734255240991
2021-03-01,LINK,,-0.1357940837682921,0,-7.805261326862328e-06
2021-03-01,LTC,,-0.21303240647155766,-1,-0.0012095408179292658
2021-03-01,NEAR,,0.31221681810695345,1,0.07158471973684352
2021-03-01,SOL,,0.46160497212101576,1,0.2
2021-03-01,STX,,0.7815822219044418,1,0.2
2021-03-01,TRX,,-0.13751301399273147,0,0.0
2021-03-01,UNI,,0.16132518677133398,1,1.6362771664093714e-11
2021-03-01,VET,,-0.07690587109812522,0,-1.1010527016569086e-10
2021-03-01,XLM,,-0.1964014883127745,-1,-3.4963808418216734e-08
2021-03-01,XRP,,-0.2545650322202777,-1,-0.004802331819407245
2021-03-01,ZEC,,-0.014461805325573658,0,0.0
2021-03-08,AAVE,,-0.1379253959636965,0,0.004288595244908558
2021-03-08,ADA,,-0.4917343564405033,-1,-0.017623736443382367
2021-03-08,ALGO,,-0.02004528875453828,0,-0.0005235871106283839
2021-03-08,ATOM,,-0.12005490777979459,0,0.0
2021-03-08,AVAX,,0.3280135209797662,1,0.09390463821217995
2021-03-08,BCH,,0.08749556036039452,0,0.0
2021-03-08,BNB,,-0.3557797758742513,-1,-0.004391506468250362
2021-03-08,BTC,,-0.5282144680086461,-1,-0.027128710048677392
2021-03-08,CAKE,,0.16970375464491205,0,1.4298546898402383e-05
2021-03-08,CHZ,,0.0031529560340951904,0,0.00015004026155664043
2021-03-08,DASH,,0.2017033402247116,0,0.0
2021-03-08,DOGE,,0.3908885144369061,1,0.19984995973844338
2021-03-08,DOT,,-0.2249544729966363,-1,-0.0011007783767100223
2021-03-08,ETC,,0.3170257745191707,1,0.0777884670367195
2021-03-08,ETH,,-0.400844384725436,-1,-0.01240310174382789
2021-03-08,FET,,0.48007862667495704,1,0.19198366803603756
2021-03-08,FIL,,0.2980814026378674,1,0.05333559539880378
2021-03-08,HBAR,,0.20395889365053504,1,0.00233667609223236
2021-03-08,JST,,0.34333486799430013,1,0.08168773169785595
2021-03-08,LINK,,-0.1925170524299565,-1,-9.187642991713469e-07
2021-03-08,LTC,,-0.08764732923420862,0,-0.00013958107227766818
2021-03-08,NEAR,,0.36484485467319067,1,0.11651596046992824
2021-03-08,SOL,,0.05448873820436251,0,0.02308001023340925
2021-03-08,STX,,-0.07017063653425272,0,0.02308001023340925
2021-03-08,TRX,,-0.07510812177915345,0,0.0
2021-03-08,UNI,,-0.22620319094088198,-1,-0.0008420602194194548
2021-03-08,VET,,0.1329257730988771,0,-1.2706153810882178e-11
2021-03-08,XLM,,-0.36719235412204415,-1,-0.02289998102115068
2021-03-08,XRP,,-0.3500594500385159,-1,-0.012264069344207262
2021-03-08,ZEC,,0.2727546074884687,1,0.031302379423153955
2021-03-15,AAVE,,-0.21982083725655152,-1,-0.0036345858282847907
2021-03-15,ADA,,-0.12983967207185648,-1,-0.004420782928899686
2021-03-15,ALGO,,0.0732665324646553,0,-0.00013133744614688022
2021-03-15,ATOM,,0.12926233890284222,0,0.0
2021-03-15,AVAX,,0.4414224722606239,1,0.1733868661348093
2021-03-15,BCH,,-0.035547692855880685,0,0.0
2021-03-15,BNB,,-0.019475580415469124,0,-0.0011015726563346783
2021-03-15,BTC,,-0.6824094472962458,-1,-0.03758921597906055
2021-03-15,CAKE,,-0.04052490130376016,0,3.586670861690536e-06
2021-03-15,CHZ,,-0.5760564991592038,-1,-0.00205977688837087
2021-03-15,DASH,,0.1858942390189311,1,0.0021580763007282007
2021-03-15,DOGE,,0.2546318494350081,1,0.12100790264503043
2021-03-15,DOT,,-0.04525829783925365,0,-0.00027612104621386254
2021-03-15,ETC,,0.16903955559377296,1,0.01951258619591688
2021-03-15,ETH,,-0.5544225255680992,-1,-0.022460782926896627
2021-03-15,FET,,0.05363528922267708,0,0.04815749690916227
2021-03-15,FIL,,0.5936376396153742,1,0.16321046116307963
2021-03-15,HBAR,,-0.110979843871431,0,0.0005861356481024749
2021-03-15,JST,,0.6404725814657781,1,0.1703223573475689
2021-03-15,LINK,,-0.2036216417861048,-1,-0.00315737950292949
2021-03-15,LTC,,-0.33556605232851244,-1,-0.008934925435683383
2021-03-15,NEAR,,0.03437517952834446,0,0.02922705386140123
2021-03-15,SOL,,-0.00850500308198735,0,0.00578942746978979
2021-03-15,STX,,0.07443693389888657,0,0.00578942746978979
2021-03-15,TRX,,0.21442428724807489,1,0.012770000707979862
2021-03-15,UNI,,-0.2707315486676266,-1,-0.003663636263787165
2021-03-15,VET,,0.3655902473620065,1,0.11098127779575191
2021-03-15,XLM,,-0.1639655897072562,-1,-0.00820908301246755
2021-03-15,XRP,,-0.07431379312069358,0,-0.00307633918853217
2021-03-15,ZEC,,0.24094978031296618,1,0.03581288278363531
2021-03-22,AAVE,,-0.058366783046962904,0,-0.0012651353171131557
2021-03-22,ADA,,-0.11693788532703799,-1,-0.001538807752308771
2021-03-22,ALGO,,0.4571646372093361,1,0.13033780600424114
2021-03-22,ATOM,,0.0032352349407979144,0,0.0
2021-03-22,AVAX,,0.1965937480022771,1,0.06375376406542048
2021-03-22,BCH,,-0.0007283428379983954,0,0.0
2021-03-22,BNB,,0.08111983127162545,0,-0.0003834380415643757
2021-03-22,BTC,,-0.6908416973660969,-1,-0.040420753953205914
2021-03-22,CAKE,,0.3800782588263916,1,0.07872166115731268
2021-03-22,CHZ,,-0.6553030551468155,-1,-0.001996889658106994
2021-03-22,DASH,,0.17557432192868444,1,0.0007511884394094154
2021-03-22,DOGE,,0.1294905441511112,0,0.04212071980654376
2021-03-22,DOT,,-0.28891815691866624,-1,-0.009557568318486335
2021-03-22,ETC,,0.27371381075594337,1,0.08431211025661654
2021-03-22,ETH,,-0.5143848008620615,-1,-0.022401235166605794
2021-03-22,FET,,0.07925925403303674,0,0.01676277655886324
2021-03-22,FIL,,0.7137324731864634,1,0.18719420944177878
2021-03-22,HBAR,,-0.20028764889083792,-1,-0.00027991216890957285
2021-03-22,JST,,0.2011850133778324,1,0.061505524283649485
2021-03-22,LINK,,-0.2520000028373512,-1,-0.006536121516049321
2021-03-22,LTC,,-0.2643388967971154,-1,-0.008064742507273638
2021-03-22,NEAR,,-0.06997282883633414,0,0.01017342272329188
2021-03-22,SOL,,0.4153074405055471,1,0.1323987199992233
2021-03-22,STX,,-0.06225406358669285,0,0.0020151977429991265
2021-03-22,TRX,,0.09799482388586878,0,0.004445012350375407
2021-03-22,UNI,,-0.2462735152672574,-1,-0.0029303009174309986
2021-03-22,VET,,0.07528126621053996,0,0.03863062827821882
2021-03-22,XLM,,-0.09752423592657389,0,-0.002857437224171277
2021-03-22,XRP,,0.001792041267347843,0,-0.0010708194932537757
2021-03-22,ZEC,,0.23660921409499042,1,0.04618042092653586
2021-03-29,AAVE,,0.10056814817224552,0,-4.0268305686221115e-05
2021-03-29,ADA,,-0.3463632413649871,-1,-0.016772467981019924
2021-03-29,ALGO,,0.418865422467899,1,0.19778270475525495
2021-03-29,ATOM,,0.050174264605885914,0,0.0
2021-03-29,AVAX,,0.1415604508177759,0,0.002029234363555399
2021-03-29,BCH,,0.1769850153024107,0,0.0
2021-03-29,BNB,,0.18383302158023118,1,-1.2204505467447284e-05
2021-03-29,BTC,,-0.7109555166540169,-1,-0.05225449480403416
2021-03-29,CAKE,,0.13031557637503252,0,0.002505651271235726
2021-03-29,CHZ,,-0.8111664532183823,-1,-0.002609707797140335
2021-03-29,DASH,,0.38192043858561764,1,0.10886911667390146
2021-03-29,DOGE,,0.21339332277437664,1,0.008501444996101684
2021-03-29,DOT,,-0.02632180156177698,0,-0.0003042102117139199
2021-03-29,ETC,,0.42050668245218326,1,0.19631774147368639
2021-03-29,ETH,,-0.331427300742784,-1,-0.010308916559194933
2021-03-29,FET,,-0.16103582856678372,-1,0.00047173519933625327
2021-03-29,FIL,,0.7937235148742815,1,0.1995924013172529
2021-03-29,HBAR,,-0.34388401118545037,-1,-0.0019098792801106016
2021-03-29,JST,,0.24788909837686993,1,0.007790184401275366
2021-03-29,LINK,,-0.07645320937394699,0,-0.0002080398323012116
2021-03-29,LTC,,-0.1662369919041392,-1,-0.0007895436205691006
2021-03-29,NEAR,,-0.11623438143073543,0,0.0003238123942595015
2021-03-29,SOL,,0.25238304216428903,1,0.02126829999223409
2021-03-29,STX,,-0.3233615834819669,-1,-0.014423814568073932
2021-03-29,TRX,,-0.0135363755396954,0,0.0001414814001970792
2021-03-29,UNI,,-0.15572959282926463,-1,-9.328560971965608e-05
2021-03-29,VET,,-0.1519566220049963,0,0.0012295838455507746
2021-03-29,XLM,,-0.06401296883378133,0,-9.095007788153045e-05
2021-03-29,XRP,,-0.10961193736897909,0,-3.408337914990859e-05
2021-03-29,ZEC,,0.3961698175125776,1,0.15302847444822132
2021-04-05,AAVE,,-0.13049956623186296,0,0.0
2021-04-05,ADA,,-0.10237113919181388,0,0.0
2021-04-05,ALGO,,0.5734926230328268,1,0.2
2021-04-05,ATOM,,0.24125771941900642,0,0.0
2021-04-05,AVAX,,0.32717814316807675,1,0.10186172355233951
2021-04-05,BCH,,0.3046462833878551,1,0.04075079734204682
2021-04-05,BNB,,0.11897725448991596,0,0.0
2021-04-05,BTC,,-0.43055784027217175,-1,-0.04757998053253669
2021-04-05,CAKE,,0.07561800960098976,0,0.0
2021-04-05,CHZ,,0.19290122669587034,0,0.0
2021-04-05,DASH,,0.2619681217317674,1,0.0003673586148034236
2021-04-05,DOGE,,0.35990861125638324,1,0.1460082996460165
2021-04-05,DOT,,-0.32414138406379445,-1,-0.005257368900895632
2021-04-05,ETC,,0.4160454924545253,1,0.2
2021-04-05,ETH,,-0.42883476360039013,-1,-0.018155470690066938
2021-04-05,FET,,-0.20524171998203186,-1,-2.0109563158439007e-08
2021-04-05,FIL,,-0.3341090493648444,-1,-0.004861708680678361
2021-04-05,HBAR,,0.2720272755482264,1,0.011011820627011185
2021-04-05,JST,,-0.4028048876027014,-1,-0.004181638786688752
2021-04-05,LINK,,0.04094775377831485,0,0.0
2021-04-05,LTC,,-0.015143896212406326,0,0.0
2021-04-05,NEAR,,0.25820268823878645,1,2.1778247661939008e-10
2021-04-05,SOL,,0.194803286980332,0,0.0
2021-04-05,STX,,-0.22607640613245777,-1,-0.0005406466969787759
2021-04-05,TRX,,-0.6389866995716171,-1,-0.010073728163923556
2021-04-05,UNI,,-0.19519165442259703,0,0.0
2021-04-05,VET,,-0.036587228730389706,0,0.0
2021-04-05,XLM,,0.01388295996243807,0,0.0
2021-04-05,XRP,,-0.622176696621752,-1,-0.009349437438668113
2021-04-05,ZEC,,0.44086548225551003,1,0.2
2021-04-12,AAVE,,-0.026161886486738513,0,0.0
2021-04-12,ADA,,-0.0099094552068109,0,0.0
2021-04-12,ALGO,,0.027294186684717343,0,0.04264185627878708
2021-04-12,ATOM,,-0.07025238229365702,0,0.0
2021-04-12,AVAX,,0.23801140843946808,1,0.04520450664885279
2021-04-12,BCH,,0.4501119717372328,1,0.0886158312338009
2021-04-12,BNB,,-0.1070532467231475,0,0.0
2021-04-12,BTC,,-0.8030137257088132,-1,-0.06128589016747378
2021-04-12,CAKE,,0.09258571377137084,0,0.0
2021-04-12,CHZ,,0.6785678164606007,1,0.15735814372121293
2021-04-12,DASH,,0.38163973335483165,1,0.06598077806756601
2021-04-12,DOGE,,-0.6419587498514139,-1,0.029175602178549018
2021-04-12,DOT,,-0.25018606995589504,-1,-0.004055126155775058
2021-04-12,ETC,,0.5400952382026675,1,0.11137629225060236
2021-04-12,ETH,,-0.40075222823848733,-1,-0.01730913102193952
2021-04-12,FET,,-0.05249413950798911,0,-4.28754551015674e-09
2021-04-12,FIL,,-0.2756414919170684,-1,-0.0035146453265746318
2021-04-12,HBAR,,-0.015727094904622207,0,0.00234782236272397
2021-04-12,JST,,0.008070757534303447,0,-0.0008915642007589169
2021-04-12,LINK,,0.13042341957251194,1,1.6618393145831625e-11
2021-04-12,LTC,,0.028378803584557688,0,0.0
2021-04-12,NEAR,,-0.11945917743421511,-1,-1.0032339030637743e-08
2021-04-12,SOL,,0.4717763198234539,1,0.15735814372121293
2021-04-12,STX,,-0.0848095260784831,0,-0.00011527089375084959
2021-04-12,TRX,,-0.2405701920243454,-1,-0.0034474609376194338
2021-04-12,UNI,,-0.0408199881137475,0,0.0
2021-04-12,VET,,0.2252860157532593,1,0.004244441218117272
2021-04-12,XLM,,-0.19264644598965427,-1,-0.0019001757980839434
2021-04-12,XRP,,-0.4386823554523721,-1,-0.005525998665177504
2021-04-12,ZEC,,0.4978967709684797,1,0.19374185978899452
2021-04-19,AAVE,,0.032372641356512154,0,0.0
2021-04-19,ADA,,-0.23706141255764218,-1,-0.010492066441988971
2021-04-19,ALGO,,-0.030414246183730287,0,0.0027533476491103034
2021-04-19,ATOM,,-0.013771568022209215,0,0.0
2021-04-19,AVAX,,0.18044111300523852,1,0.01774602050725512
2021-04-19,BCH,,0.08484407759077216,0,0.0057218473090468736
2021-04-19,BNB,,-0.0527976704184122,0,0.0
2021-04-19,BTC,,-0.7472564547648187,-1,-0.06476018315175902
2021-04-19,CAKE,,0.2881005030981419,1,0.13522983181211415
2021-04-19,CHZ,,0.5435382154033715,1,0.1972466523508897
2021-04-19,DASH,,0.24094865049740047,1,0.09564751100562244
2021-04-19,DOGE,,-0.6545352689841017,-1,-0.0009136421658645748
2021-04-19,DOT,,-0.05031951346828967,0,-0.00026183597624954407
2021-04-19,ETC,,0.1872584400687002,1,0.015183388275311446
2021-04-19,ETH,,-0.2503011940475672,-1,-0.012127904996970243
2021-04-19,FET,,-0.0025854277276869397,0,-2.768430922346164e-10
2021-04-19,FIL,,-0.07554852778530659,0,-0.00022693759821602313
2021-04-19,HBAR,,0.04226791629482797,0,0.00015159685217902823
2021-04-19,JST,,0.15486366665302578,1,-5.756747704925959e-05
2021-04-19,LINK,,-0.117246101916281,-1,-0.0003463694527005181
2021-04-19,LTC,,-0.18186012829193005,-1,-0.0029073680934137568
2021-04-19,NEAR,,0.12371399054702265,0,-6.47779423683891e-10
2021-04-19,SOL,,0.6857010322224641,1,0.1972466523508897
2021-04-19,STX,,-0.04392548870572239,0,-7.442941560628822e-06
2021-04-19,TRX,,-0.10721765911697752,-1,-0.0002226035828501575
2021-04-19,UNI,,0.39313961943089243,1,0.1870861735891174
2021-04-19,VET,,-0.03099794817145968,0,0.00027405988550980795
2021-04-19,XLM,,-0.15255178418984672,-1,-0.0013003504134885642
2021-04-19,XRP,,-0.41204125871576436,-1,-0.0044066048213805085
2021-04-19,ZEC,,0.20324178689938116,1,0.04355958482270536
2021-04-26,AAVE,,0.11464237308013128,0,0.0
2021-04-26,ADA,,0.07171641483339072,0,-0.0011971360194420258
2021-04-26,ALGO,,0.05968241068787634,0,0.0003141546675309772
2021-04-26,ATOM,,0.16549265321525397,1,0.0031772387367313957
2021-04-26,AVAX,,0.27926741554696577,1,0.02531792917328086
2021-04-26,BCH,,-0.028039609805487347,0,0.000652857999830672
2021-04-26,BNB,,-0.09231015745390403,-1,-0.0038786435539909176
2021-04-26,BTC,,-0.2190758401175713,-1,-0.0502374364910846
2021-04-26,CAKE,,0.2811234941030868,1,0.03889373895819716
2021-04-26,CHZ,,0.3441260904946358,1,0.07076771939757034
2021-04-26,DASH,,0.23309611866434704,1,0.028353665452545224
2021-04-26,DOGE,,-1.69204077311132,-1,-0.04126173332285493
2021-04-26,DOT,,0.08718852536052099,0,-2.9875266239228534e-05
2021-04-26,ETC,,-0.04918512545598547,0,0.0017324119230513902
2021-04-26,ETH,,0.4027348485445927,1,0.1757963831810706
2021-04-26,FET,,0.12031469325716976,0,-3.1587565641162996e-11
2021-04-26,FIL,,0.09906969292164103,0,-2.5893390448122487e-05
2021-04-26,HBAR,,0.212226950968241,1,0.010043470878585092
2021-04-26,JST,,0.1299738562082078,1,-6.568388631469686e-06
2021-04-26,LINK,,0.025230349445452,0,-3.9520465311083746e-05
2021-04-26,LTC,,-0.0899942058606499,-1,-0.005142795140963425
2021-04-26,NEAR,,0.09782590616576857,0,-7.391109130246567e-11
2021-04-26,SOL,,-0.14626716825405525,-1,0.008774501041722005
2021-04-26,STX,,-0.2900671803613223,-1,-0.024412914042197306
2021-04-26,TRX,,0.04964833135696767,0,-2.539888291407474e-05
2021-04-26,UNI,,0.6790733381045408,1,0.19852654319044147
2021-04-26,VET,,-0.34802828335912306,-1,-0.02026205099209298
2021-04-26,XLM,,-0.05621209442907875,-1,-0.00014840126072390367
2021-04-26,XRP,,-0.5388148724946281,-1,-0.0289098432452636
2021-04-26,ZEC,,0.09760184774433454,0,0.004970112253055402
2021-05-03,AAVE,,-0.2935240269698834,-1,-0.03186586418333212
2021-05-03,ADA,,0.3023197199396122,1,0.010868056001080414
2021-05-03,ALGO,,0.1512846602386328,0,0.0
2021-05-03,ATOM,,0.2971507325410712,1,0.008394516109254452
2021-05-03,AVAX,,0.3030572068265775,1,0.007572705313176287
2021-05-03,BCH,,0.28345751722176765,1,0.0014787393959223892
2021-05-03,BNB,,0.18280667823679309,0,0.0
2021-05-03,BTC,,-0.0773106179664025,0,0.0
2021-05-03,CAKE,,-0.16535916265625925,-1,-0.006305132746224881
2021-05-03,CHZ,,0.04813970419594308,0,0.0
2021-05-03,DASH,,0.4042751629492028,1,0.1277147101148851
2021-05-03,DOGE,,-1.9071053360897423,-1,-0.055164807163727764
2021-05-03,DOT,,0.16998608142840865,0,0.0
2021-05-03,ETC,,-0.11485034195667004,0,0.0
2021-05-03,ETH,,0.5090916795220115,1,0.2
2021-05-03,FET,,-0.2769113036051011,-1,-0.012298114737213478
2021-05-03,FIL,,-0.17889688897852007,-1,-0.013117636285441273
2021-05-03,HBAR,,-0.11526231334347413,-1,-4.704372461194984e-08
2021-05-03,JST,,0.19526567480813226,0,0.0
2021-05-03,LINK,,0.3134040216077859,1,0.017428778603509432
2021-05-03,LTC,,0.2703598939649073,1,6.937713867849717e-11
2021-05-03,NEAR,,0.015174167447493113,0,0.0
2021-05-03,SOL,,-0.37562982320864247,-1,-0.04404058516065677
2021-05-03,STX,,-0.11268374579644633,0,0.0
2021-05-03,TRX,,0.1936543879531664,0,0.0
2021-05-03,UNI,,-0.058336922840487124,0,0.0
2021-05-03,VET,,-0.28933766497734426,-1,-0.013972247653906743
2021-05-03,XLM,,0.11885288431689116,0,0.0
2021-05-03,XRP,,-0.1519752346434742,-1,-0.0037401251512830477
2021-05-03,ZEC,,0.35890320983405627,1,0.06607742395184464
2021-05-10,AAVE,,0.014872074493041402,0,-0.0072627752127219815
2021-05-10,ADA,,0.7004794301171676,1,0.11484644853865676
2021-05-10,ALGO,,0.15689668303650825,1,0.0005345130277828289
2021-05-10,ATOM,,0.048645606128474995,0,0.0019132537303971344
2021-05-10,AVAX,,0.1312911297912297,1,0.0017361220573158653
2021-05-10,BCH,,-0.1458129113226212,-1,-0.002340764048544377
2021-05-10,BNB,,0.010715157390812111,0,0.0
2021-05-10,BTC,,-0.20319785711534394,-1,-0.019794571865930106
2021-05-10,CAKE,,-0.2140567501615404,-1,-0.013419779227540096
2021-05-10,CHZ,,0.12731776795706498,1,3.929931322536468e-12
2021-05-10,DASH,,0.04919644974530791,0,0.029108365791866264
2021-05-10,DOGE,,-0.1181847605940764,-1,-0.01257303333385023
2021-05-10,DOT,,0.43770559890182076,1,0.0454523466123103
2021-05-10,ETC,,-1.524621052296472,-1,-0.05018538878748322
2021-05-10,ETH,,0.042305441915868505,0,0.04558341911543623
2021-05-10,FET,,-0.4985481262176143,-1,-0.03559163509206619
2021-05-10,FIL,,-0.1412754647276528,-1,-0.0066952599868288065
2021-05-10,HBAR,,0.24478519341771224,1,0.005831142758182122
2021-05-10,JST,,0.10114115685489763,0,0.0
2021-05-10,LINK,,-0.1175805371659186,0,0.0039723165987695895
2021-05-10,LTC,,-0.21136102301721654,-1,-0.010799345328397993
2021-05-10,NEAR,,0.7933618349059518,1,0.15441658088456378
2021-05-10,SOL,,-0.029076710670713574,0,-0.010037602257336395
2021-05-10,STX,,-0.08706337242638867,0,0.0
2021-05-10,TRX,,0.09250555391916732,0,0.0
2021-05-10,UNI,,0.07824577390501149,0,0.0
2021-05-10,VET,,-0.041797814716974434,0,-0.003184514103963509
2021-05-10,XLM,,0.3557989682817628,1,0.019826988287430188
2021-05-10,XRP,,-0.20677729972141623,-1,-0.010884781367151927
2021-05-10,ZEC,,0.15408985939214692,1,0.015474256054440763
2021-05-17,AAVE,,-0.006373312342070209,0,0.0
2021-05-17,ADA,,0.23670082601152678,1,0.1333133171645663
2021-05-17,ALGO,,0.061759270463057014,1,6.018049179309804e-11
2021-05-17,ATOM,,0.04365660471837608,0,0.0
2021-05-17,AVAX,,0.10655485887484002,1,0.009287405317019694
2021-05-17,BCH,,-0.033846120682922066,-1,-6.501546451687848e-08
2021-05-17,BNB,,-0.0221311754501111,0,0.0
2021-05-17,BTC,,-0.1625558269542694,-1,-0.06356803861440777
2021-05-17,CAKE,,-0.006022253777995333,0,0.0
2021-05-17,CHZ,,0.16220912200941429,1,0.05005145619667864
2021-05-17,DASH,,0.08552134547238346,1,0.003265568461277604
2021-05-17,DOGE,,0.09390904017712981,1,0.004988718691834514
2021-05-17,DOT,,0.06485334532528593,1,9.330371943601559e-05
2021-05-17,ETC,,-1.000344557845804,-1,-0.065
2021-05-17,ETH,,-0.0022789537151189257,0,0.0
2021-05-17,FET,,-0.12674693263246845,-1,-0.01535013487278713
2021-05-17,FIL,,-0.07474012284508057,-1,-0.013164565273413616
2021-05-17,HBAR,,0.4127086452843026,1,0.2
2021-05-17,ICP,,-0.019856678744149033,0,0.0
2021-05-17,JST,,0.06003838274395947,0,0.0
2021-05-17,LINK,,-0.0375253470584349,-1,-0.0006189107597984684
2021-05-17,LTC,,-0.1031502819393199,-1,-0.014346856655274185
2021-05-17,NEAR,,0.14806624212234656,1,0.040881323370231565
2021-05-17,SHIB,,0.04760388673130699,0,0.0
2021-05-17,SOL,,0.057135622068728846,0,0.0
2021-05-17,STX,,-0.06707931761000872,-1,-0.011231928719485472
2021-05-17,TRX,,0.016801343515754106,0,0.0
2021-05-17,UNI,,-0.007879599902879498,0,0.0
2021-05-17,VET,,-0.03467996050584034,-1,-0.00013698966803521822
2021-05-17,XLM,,0.0959763227210426,1,0.007095489055265285
2021-05-17,XRP,,-0.047869856118509316,-1,-0.0027022397152892627
2021-05-17,ZEC,,0.059585439885525025,0,0.0
2021-05-24,AAVE,,-0.1114631771924286,-1,-0.005689078719325306
2021-05-24,ADA,,0.015689797684954723,0,0.010783094648089783
2021-05-24,ALGO,,-0.031090336293485073,0,4.867720290633108e-12
2021-05-24,ATOM,,-0.07401007031587206,-1,-0.001055107575555968
2021-05-24,AVAX,,-0.020170017213220273,0,0.000751215052619018
2021-05-24,BCH,,-0.13569432673598072,-1,-0.0054283442582328655
2021-05-24,BNB,,0.20929451609963767,1,0.016292836861902416
2021-05-24,BTC,,-0.08434095211692787,-1,-0.009548606369594204
2021-05-24,CAKE,,0.22472244894752902,1,0.0244576716175775
2021-05-24,CHZ,,0.3778194028584397,1,0.18787135918178013
2021-05-24,DASH,,0.09426064595029907,0,0.0002641366560124322
2021-05-24,DOGE,,-0.37274485253840484,-1,-0.02894843399045956
2021-05-24,DOT,,0.07297328750800745,0,7.546904233546328e-06
2021-05-24,ETC,,-1.5024431431942304,-1,-0.065
2021-05-24,ETH,,-0.0608610638306704,-1,-3.2116299848906935e-08
2021-05-24,FET,,0.29505109447038186,1,0.064634076340206
2021-05-24,FIL,,0.02871540539028944,0,-0.0010648205022829142
2021-05-24,HBAR,,-0.29636857601097927,-1,-0.032164364751403496
2021-05-24,ICP,,-0.00832614769763105,0,0.0
2021-05-24,JST,,0.16199699667040804,1,0.0012995842881299102
2021-05-24,LINK,,0.11061526619815308,0,-5.006081495511597e-05
2021-05-24,LTC,,-0.16195661383847182,-1,-0.008801337743364175
2021-05-24,NEAR,,0.12088731551793593,0,0.003306700250329829
2021-05-24,SHIB,,0.03880781205131956,0,0.0
2021-05-24,SOL,,0.22759734365452608,1,0.03164519933570638
2021-05-24,STX,,0.06031830012791748,0,-0.0009084985134178419
2021-05-24,TRX,,0.1492173258869349,1,4.745538498704335e-11
2021-05-24,UNI,,0.28120386309606066,1,0.05114445431700633
2021-05-24,VET,,0.19315192170300483,1,0.009246941803847697
2021-05-24,XLM,,-0.09967590171610005,-1,-0.0032816224767831734
2021-05-24,XRP,,0.1238419899851006,0,-0.00021857161183546107
2021-05-24,ZEC,,0.1729804448935029,1,0.0025522124837705795
2021-05-31,AAVE,,0.015586872309562738,0,-0.0011453067224129667
2021-05-31,ADA,,-0.3083988990848216,-1,-0.014844041755995234
2021-05-31,ALGO,,0.3385879694998548,1,0.07333333479362268
2021-05-31,ATOM,,0.17768563731528256,1,-0.00021241078084668831
2021-05-31,AVAX,,0.24084872758091985,1,0.012059473918210795
2021-05-31,BCH,,-0.12653658079977306,-1,-0.0026782624592954444
2021-05-31,BNB,,0.09514757323428814,0,0.003280020633521421
2021-05-31,BTC,,0.20343087370947596,1,0.003044944115427115
2021-05-31,CAKE,,0.013327672211247142,0,0.004923738464547446
2021-05-31,CHZ,,-0.09372487105758519,0,0.037821647622635096
2021-05-31,DASH,,-0.07727457240052739,0,5.31751277652556e-05
2021-05-31,DOGE,,0.3256571371478832,1,0.05736266705178544
2021-05-31,DOT,,0.09492130834237686,0,1.5193180791691635e-06
2021-05-31,ETC,,-0.24996919798318767,-1,-0.025421123353829816
2021-05-31,ETH,,0.3172175910211724,1,0.05702558064780025
2021-05-31,FET,,-0.39816113290644506,-1,-0.006420091480569323
2021-05-31,FIL,,0.1793802052102369,1,-0.00019690088860893227
2021-05-31,HBAR,,0.1462519716919687,0,-0.00647522472255295
2021-05-31,ICP,,-0.007729531518974424,0,0.0
2021-05-31,JST,,0.34050711916889836,1,0.07131898498578536
2021-05-31,LINK,,-0.42710346060191134,-1,-0.0248438132912278
2021-05-31,LTC,,-0.11062381714278151,-1,-0.002172394151584541
2021-05-31,NEAR,,-0.13764078331864732,-1,-0.0015578735572485758
2021-05-31,SHIB,,0.03700054660122482,0,0.0
2021-05-31,SOL,,0.026125047533878332,0,0.006370708038924998
2021-05-31,STX,,0.29920716752377535,1,0.052968094555908216
2021-05-31,TRX,,0.194064316013481,1,0.0011241708560419685
2021-05-31,UNI,,-0.8150783793095286,-1,-0.03865079361794868
2021-05-31,VET,,0.03655125438017495,0,0.0018615640830795602
2021-05-31,XLM,,-0.10403222367493509,-1,-0.0006606738374979808
2021-05-31,XRP,,0.10633663857075294,0,-4.40021220858549e-05
2021-05-31,ZEC,,-0.33156217926733544,-1,-0.01655061887870645
2021-06-07,AAVE,,-0.050329874058158794,0,0.0
2021-06-07,ADA,,0.02909909312721653,0,0.0
2021-06-07,ALGO,,0.3412072477685765,1,0.0483611198185443
2021-06-07,ATOM,,-0.06122285697825934,0,0.0
2021-06-07,AVAX,,0.28723389696041257,1,0.02319545533221523
2021-06-07,BCH,,0.02960746400097715,0,0.0
2021-06-07,BNB,,-0.06645434782153092,0,0.0
2021-06-07,BTC,,0.6611769199566659,1,0.2
2021-06-07,CAKE,,-0.11541494634537743,-1,-0.0006685270906444015
2021-06-07,CHZ,,0.18023676037000705,1,0.0009891111056256005
2021-06-07,DASH,,0.037977794600492686,0,0.0
2021-06-07,DOGE,,0.09305190228161171,0,0.0
2021-06-07,DOT,,0.04452117376120984,0,0.0
2021-06-07,ETC,,-0.1286251411277649,-1,-0.0017710762470382144
2021-06-07,ETH,,0.14631245281863117,0,0.0
2021-06-07,FET,,-0.6982221235439412,-1,-0.03816901897912089
2021-06-07,FIL,,-0.1022595295730588,-1,-2.537365219524001e-08
2021-06-07,HBAR,,0.28924932389645575,1,0.04885003185539345
2021-06-07,ICP,,-0.31924271891302564,-1,-0.0369455038981398
2021-06-07,JST,,0.20965587116652531,1,0.0050908090432642715
2021-06-07,LINK,,-0.47466525448041336,-1,-0.027195229109563065
2021-06-07,LTC,,0.04549593115201131,0,0.0
2021-06-07,NEAR,,0.15615455323485217,1,1.3434969142426654e-11
2021-06-07,SHIB,,0.09479120940984966,0,0.0
2021-06-07,SOL,,-0.40022032806791596,-1,-0.01904111317397525
2021-06-07,STX,,0.32638740230171487,1,0.05208502018083117
2021-06-07,TRX,,0.18733858124140257,1,0.0018705472081533764
2021-06-07,UNI,,-0.7907031257921132,-1,-0.04329296525570461
2021-06-07,VET,,-0.13316011380209009,-1,-0.0018294892411431242
2021-06-07,XLM,,0.31519202728035844,1,0.039818572105034956
2021-06-07,XRP,,0.1344854570358367,0,0.0
2021-06-07,ZEC,,-0.2686547018611619,-1,-0.011146042016529977
2021-06-14,AAVE,,-0.23786267665093594,-1,-0.0044243095293641675
2021-06-14,ADA,,0.0008156417928290704,0,0.0
2021-06-14,ALGO,,0.07305455571956301,0,0.0
2021-06-14,ATOM,,0.07471736057287166,0,0.0
2021-06-14,AVAX,,0.4920862461080047,1,0.08502185960240287
2021-06-14,BCH,,0.13125001807168477,1,3.387603037717932e-05
2021-06-14,BNB,,0.045995163648976316,0,0.0
2021-06-14,BTC,,0.16189501401787806,1,0.0017799370280301345
2021-06-14,CAKE,,0.10707372382249808,0,0.0
2021-06-14,CHZ,,0.6608899204369764,1,0.1337611510806437
2021-06-14,DASH,,0.10675021878998638,0,0.0
2021-06-14,DOGE,,-0.2159137817235439,-1,-0.0015104781191736447
2021-06-14,DOT,,0.24953908720803716,1,0.008645325790114362
2021-06-14,ETC,,-0.23712242833138447,-1,-0.003375572861463221
2021-06-14,ETH,,-0.02715031425265219,0,0.0
2021-06-14,FET,,-0.6372002347171946,-1,-0.0323991119626588
2021-06-14,FIL,,-0.39730463098595553,-1,-0.01939216507158767
2021-06-14,HBAR,,0.34037373682019284,1,0.04067067260609672
2021-06-14,ICP,,-0.38460108032226975,-1,-0.02755142907795858
2021-06-14,JST,,0.1257284400015473,1,6.178497668736763e-12
2021-06-14,LINK,,-0.3690172787701138,-1,-0.014848682016195497
2021-06-14,LTC,,0.12359823691025269,0,0.0
2021-06-14,NEAR,,0.32641135361485196,1,0.02660478014695601
2021-06-14,SHIB,,0.6219916908393113,1,0.09921495701341894
2021-06-14,SOL,,-0.6118479312927427,-1,-0.032676097562410626
2021-06-14,STX,,0.08288989632633688,0,0.0
2021-06-14,TRX,,0.31494462880533136,1,0.024418942839252857
2021-06-14,UNI,,-0.8134950356158509,-1,-0.04385634861198697
2021-06-14,VET,,-0.19913087216376338,-1,-2.9508178953740738e-08
2021-06-14,XLM,,0.01933106550398611,0,0.0
2021-06-14,XRP,,-0.012060238087761643,0,0.0
2021-06-14,ZEC,,0.08337050390305058,0,0.0
2021-06-21,AAVE,,-0.48092657562011776,-1,-0.04394338428231165
2021-06-21,ADA,,0.2723266554732498,1,0.026863239405868145
2021-06-21,ALGO,,-0.1443866352151283,-1,-0.002072848372651073
2021-06-21,ATOM,,-0.16238251458667494,-1,-0.003499533373477917
2021-06-21,AVAX,,0.19094017954554243,1,0.002626023381208839
2021-06-21,BCH,,0.07152248156281345,0,0.0
2021-06-21,BNB,,-0.0776592729190983,0,0.0
2021-06-21,BTC,,0.11433398528609395,0,0.0
2021-06-21,CAKE,,-0.06881959568966044,0,0.0
2021-06-21,CHZ,,0.3012129132730396,1,0.026379286678238745
2021-06-21,DASH,,0.1439399180008267,1,1.4819555162460164e-11
2021-06-21,DOGE,,-0.15725906153941713,-1,-0.003028508579214351
2021-06-21,DOT,,-0.2874583864035562,-1,-0.01613795311306719
2021-06-21,ETC,,-0.06534922199838089,0,0.0
2021-06-21,ETH,,-0.07611930231784568,0,0.0
2021-06-21,FET,,-0.1875735538218871,-1,-0.005995419593004247
2021-06-21,FIL,,-0.4527145039503107,-1,-0.03163452942452246
2021-06-21,HBAR,,0.38630732432570647,1,0.07353007678891006
2021-06-21,ICP,,0.14774097638167782,1,2.1732076050124055e-05
2021-06-21,JST,,-0.010724392525996067,0,0.0
2021-06-21,LINK,,0.15119185271312402,1,0.00012458228107367796
2021-06-21,LTC,,0.10317067800005508,0,0.0
2021-06-21,NEAR,,-0.124047184127326,-1,-3.595217778108311e-08
2021-06-21,SHIB,,0.5562406497148618,1,0.10369864745092741
2021-06-21,SOL,,-0.8956944474875086,-1,-0.05866114317669803
2021-06-21,STX,,0.0682914074255239,0,0.0
2021-06-21,TRX,,0.4914742360981472,1,0.16311087048728423
2021-06-21,UNI,,0.12068189022411904,0,0.0
2021-06-21,VET,,-0.2675501981662222,-1,-0.015029862666340155
2021-06-21,XLM,,0.09275379539518532,0,0.0
2021-06-21,XRP,,-0.03313211385269566,0,0.0
2021-06-21,ZEC,,0.2796680168018564,1,0.023660251532750087
2021-06-28,AAVE,,-0.9056601376841945,-1,-0.037239376648314546
2021-06-28,ADA,,0.3535209279669551,1,0.07477861410218486
2021-06-28,ALGO,,0.18003249796333487,1,0.0005007180697726636
2021-06-28,ATOM,,-0.0843723093414294,-1,-1.770185106162438e-08
2021-06-28,AVAX,,0.11367847778464281,0,0.0
2021-06-28,BCH,,0.22958016037297008,1,0.00793074329765224
2021-06-28,BNB,,0.24919707674715286,1,0.016653584120520065
2021-06-28,BTC,,-0.135440770317517,-1,-0.0065004760150820145
2021-06-28,CAKE,,0.14353932025772392,0,0.0
2021-06-28,CHZ,,0.06930708258406079,0,0.0
2021-06-28,DASH,,0.1988699275564947,1,0.002024411889351703
2021-06-28,DOGE,,-0.3770781604053812,-1,-0.065
2021-06-28,DOT,,-0.0848783309310571,-1,-2.1924893930908675e-05
2021-06-28,ETC,,-0.3884457879005231,-1,-0.014797100062234367
2021-06-28,ETH,,0.0138910081439839,0,0.0
2021-06-28,FET,,-0.8280480607835151,-1,-0.029125322642618575
2021-06-28,FIL,,0.10544194973249202,0,0.0
2021-06-28,HBAR,,0.24167720998879347,1,0.01354729858419664
2021-06-28,ICP,,-0.30147909252333405,-1,-0.011555172862300279
2021-06-28,JST,,-0.03679144658875442,0,0.0
2021-06-28,LINK,,0.09414252386702614,0,0.0
2021-06-28,LTC,,0.16871805169206017,1,2.0061094809193966e-11
2021-06-28,NEAR,,-0.315708494832543,-1,-0.012738979058797402
2021-06-28,SHIB,,0.2401311467854807,1,0.007381727354721649
2021-06-28,SOL,,0.3813833284265553,1,0.09723808023122632
2021-06-28,STX,,-0.14202534872243117,-1,-0.0030341189832164073
2021-06-28,TRX,,0.5385152622164351,1,0.2
2021-06-28,UNI,,0.0009525207056334251,0,0.0
2021-06-28,VET,,-0.02731349432794638,0,0.0
2021-06-28,XLM,,0.1353057268106538,0,0.0
2021-06-28,XRP,,0.027283259036363104,0,0.0
2021-06-28,ZEC,,0.14207397571980981,0,0.0
2021-07-05,AAVE,,-0.6913238180749467,-1,-0.02469406542914668
2021-07-05,ADA,,0.015097676126383656,0,0.0
2021-07-05,ALGO,,0.3459154330175571,1,0.04898168032422964
2021-07-05,ATOM,,0.18358373904945402,1,0.00031279703099896974
2021-07-05,AVAX,,0.3055151576076686,1,0.01765900226554696
2021-07-05,BCH,,0.16721910358053024,1,1.3313763715189626e-11
2021-07-05,BNB,,0.4983733054276948,1,0.12529501362779202
2021-07-05,BTC,,-0.023676596909712327,0,0.0
2021-07-05,CAKE,,0.4141191727138797,1,0.056582750968595545
2021-07-05,CHZ,,0.5548859349851459,1,0.15860032908428864
2021-07-05,DASH,,0.13636924091332348,0,0.0
2021-07-05,DOGE,,-0.40596413665450387,-1,-0.065
2021-07-05,DOT,,0.17460259670198383,1,9.09111998757973e-05
2021-07-05,ETC,,-0.5519428697810018,-1,-0.02148011538416501
2021-07-05,ETH,,-0.19743823458102355,-1,-0.008021192706547014
2021-07-05,FET,,-0.5737540695179836,-1,-0.01816863384041306
2021-07-05,FIL,,0.10992358354647298,0,0.0
2021-07-05,HBAR,,-0.14416380525671077,-1,-0.007221971003787482
2021-07-05,ICP,,-0.24591991743983682,-1,-0.010868987494588029
2021-07-05,JST,,-0.06062539625118824,0,0.0
2021-07-05,LINK,,0.22248965371551632,1,0.006000433206772411
2021-07-05,LTC,,0.0773596040299164,0,0.0
2021-07-05,NEAR,,-0.13568630924095543,-1,-0.0024037099333558184
2021-07-05,SHIB,,0.08720938661766278,0,0.0
2021-07-05,SOL,,0.2254109423166843,1,0.006648555196748362
2021-07-05,STX,,-0.7646486685859537,-1,-0.02218009420121792
2021-07-05,TRX,,0.10978841003933126,0,0.0
2021-07-05,UNI,,0.04688227220877642,0,0.0
2021-07-05,VET,,-0.08096180030598825,-1,-2.057595208443418e-08
2021-07-05,XLM,,0.09430970393139963,0,0.0
2021-07-05,XRP,,-0.015125435124405512,0,0.0
2021-07-05,ZEC,,0.12217614119482836,0,0.0
2021-07-12,AAVE,,-0.560531685283544,-1,-0.022525602585895216
2021-07-12,ADA,,-0.047089366402296225,0,0.0
2021-07-12,ALGO,,0.1788156238498767,1,0.0018564908810300442
2021-07-12,ATOM,,-0.16569545747435424,-1,-0.0050578556410211615
2021-07-12,AVAX,,0.21253165695653017,1,0.0035650998139927685
2021-07-12,BCH,,0.06996435346141085,0,0.0
2021-07-12,BNB,,0.44530296573012046,1,0.08492022336874595
2021-07-12,BTC,,-0.1299987245446513,-1,-0.013671103197125138
2021-07-12,CAKE,,0.20076620297300127,1,0.0027059030250354745
2021-07-12,CHZ,,0.521016787520568,1,0.117113981532667
2021-07-12,DASH,,0.18882065009141125,1,0.0021351850121460467
2021-07-12,DOGE,,-0.40273669807038676,-1,-0.065
2021-07-12,DOT,,0.14450755317546093,0,0.0
2021-07-12,ETC,,-0.39295557335814185,-1,-0.016680243957405017
2021-07-12,ETH,,-0.13086059100490527,-1,-0.004993528958190018
2021-07-12,FET,,-0.544796680499369,-1,-0.01936954605622003
2021-07-12,FIL,,0.012606778814015465,0,0.0
2021-07-12,HBAR,,0.6497112999398695,1,0.2
2021-07-12,ICP,,0.14555781432323794,1,9.29583136887064e-12
2021-07-12,JST,,-0.06446470415007599,-1,-2.0003104226267548e-08
2021-07-12,LINK,,-0.003217097645301368,0,0.0
2021-07-12,LTC,,0.04132592810033474,0,0.0
2021-07-12,NEAR,,0.11900453271145982,0,0.0
2021-07-12,SHIB,,0.04182005253412699,0,0.0
2021-07-12,SOL,,0.02243746627352105,0,0.0
2021-07-12,STX,,-0.895140068505353,-1,-0.02868025905722011
2021-07-12,TRX,,0.012345835419220144,0,0.0
2021-07-12,UNI,,-0.13948555586435735,-1,-0.004076128706381156
2021-07-12,VET,,0.051376403209388244,0,0.0
2021-07-12,XLM,,0.2078348501572126,1,0.007132435674973264
2021-07-12,XRP,,0.16864078707776128,1,0.0008107505078580635
2021-07-12,ZEC,,0.04258466048420907,0,0.0
2021-07-19,AAVE,,-0.5877783942869482,-1,-0.02610792786069019
2021-07-19,ADA,,-0.07805062511130935,-1,-0.005388867019163584
2021-07-19,ALGO,,0.34292941242329283,1,0.036786765053822265
2021-07-19,ATOM,,-0.45401053195156255,-1,-0.02222359925480895
2021-07-19,AVAX,,0.12528213725194068,0,0.0
2021-07-19,BCH,,-0.010231004299077626,-1,-2.655766531544375e-08
2021-07-19,BNB,,0.07378029619912668,0,0.0
2021-07-19,BTC,,0.38692760992730096,1,0.0632314752804253
2021-07-19,CAKE,,0.15063591080758246,1,9.534081688538299e-12
2021-07-19,CHZ,,0.5290147553467389,1,0.17334777453987354
2021-07-19,DASH,,0.35792570001225665,1,0.026894905304330058
2021-07-19,DOGE,,0.17079450481409286,1,0.0005443707912825622
2021-07-19,DOT,,0.15872090807567693,1,9.434137031406797e-05
2021-07-19,ETC,,-0.4466214948223721,-1,-0.01804084628345364
2021-07-19,ETH,,0.009943267995913848,0,0.0
2021-07-19,FET,,-0.45468643281859883,-1,-0.013212253206198128
2021-07-19,FIL,,0.07038172506298288,0,0.0
2021-07-19,HBAR,,0.22971948807822717,1,0.008176201162741885
2021-07-19,ICP,,0.06737245018393294,0,0.0
2021-07-19,JST,,-0.3733710328021734,-1,-0.02262065214743044
2021-07-19,LINK,,0.07984086375193487,0,0.0
2021-07-19,LTC,,0.11313305137976291,0,0.0
2021-07-19,NEAR,,0.31490499817075096,1,0.01861816396824383
2021-07-19,SHIB,,-0.3431925826877743,-1,-0.02704410951947624
2021-07-19,SOL,,0.045667809151582237,0,0.0
2021-07-19,STX,,-1.219402454255772,-1,-0.036513514384776485
2021-07-19,TRX,,0.14416614824666732,0,0.0
2021-07-19,UNI,,-0.19524394030492553,-1,-0.00885175957612487
2021-07-19,VET,,0.13042097460347193,0,0.0
2021-07-19,XLM,,0.4858392489184331,1,0.0923218115820084
2021-07-19,XRP,,0.1412388901581119,0,0.0
2021-07-19,ZEC,,0.0339483427807338,0,0.0
2021-07-26,AAVE,,-0.01397212568395605,0,0.0
2021-07-26,ADA,,0.1353631104860745,0,0.0
2021-07-26,ALGO,,-0.49062769492096914,-1,-0.04521334594136837
2021-07-26,ATOM,,-0.20368075197698082,-1,-0.009325487407985682
2021-07-26,AVAX,,0.3946051058772653,1,0.04508543077676972
2021-07-26,BCH,,0.1907977400118856,1,4.817568153253616e-05
2021-07-26,BNB,,0.4921039256172311,1,0.1548043430637925
2021-07-26,BTC,,0.2562460859837027,1,0.007483671758524749
2021-07-26,CAKE,,0.2656967770554562,1,0.007378238957014185
2021-07-26,CHZ,,0.48159483227042127,1,0.1444757427557848
2021-07-26,DASH,,0.13892878486852206,0,0.0
2021-07-26,DEXE,,0.05971809140442591,0,0.0
2021-07-26,DOGE,,-0.0058435771848050055,0,0.0
2021-07-26,DOT,,-0.16254900176274933,-1,-0.004805067045387867
2021-07-26,ETC,,-0.11110482896122835,-1,-0.003825256821887872
2021-07-26,ETH,,0.041953727607710774,0,0.0
2021-07-26,FET,,-0.7099666843513666,-1,-0.025958089459189225
2021-07-26,FIL,,0.18608741955388433,1,1.2740696333481443e-11
2021-07-26,HBAR,,0.15064592722566453,0,0.0
2021-07-26,ICP,,-0.5688843166527155,-1,-0.02446768873064465
2021-07-26,JST,,-0.12007474514550316,-1,-0.0034719368429974216
2021-07-26,LINK,,-0.23122171879333944,-1,-0.00872191053946982
2021-07-26,LTC,,0.2147921264658275,1,0.0014327405157810765
2021-07-26,NEAR,,0.42095927772559877,1,0.053408243353207485
2021-07-26,SHIB,,-0.04753259707018976,-1,-4.484319536242114e-08
2021-07-26,SOL,,0.03984766401077017,0,0.0
2021-07-26,STX,,-1.6657274751602242,-1,-0.054223246836448656
2021-07-26,TRX,,0.24457680377668126,1,0.005936839043547631
2021-07-26,UNI,,0.035411980771538,0,0.0
2021-07-26,VET,,0.1592827818461214,0,0.0
2021-07-26,XLM,,0.11060812468868793,0,0.0
2021-07-26,XRP,,0.1398138315384052,0,0.0
2021-07-26,ZEC,,0.17215139887815237,0,0.0
2021-08-02,AAVE,,0.019339827973373684,-1,-1.227069448889651e-08
2021-08-02,ADA,,0.27030290501946197,1,0.007660289902923084
2021-08-02,ALGO,,-0.4243488853848468,-1,-0.028485096846051154
2021-08-02,ATOM,,0.023671315454882096,0,0.0
2021-08-02,AVAX,,0.4282085257782535,1,0.028687892579522197
2021-08-02,BCH,,0.05895974569265045,0,0.0
2021-08-02,BNB,,0.38849093697874537,1,0.04339564316186572
2021-08-02,BTC,,0.28038951336223283,1,0.009337673568153357
2021-08-02,CAKE,,0.13987779961335567,0,0.0
2021-08-02,CHZ,,0.6735784809567991,1,0.18446679517746198
2021-08-02,DASH,,-0.3098824944593685,-1,-0.015496517043664546
2021-08-02,DEXE,,0.05487492612026594,0,0.0
2021-08-02,DOGE,,0.10666870095757848,0,0.0
2021-08-02,DOT,,-0.6005452535414352,-1,-0.019896252963290683
2021-08-02,ETC,,0.028702969102393984,0,0.0
2021-08-02,ETH,,0.1508503872598319,0,0.0
2021-08-02,FET,,-1.6164792963960222,-1,-0.04261142374333099
2021-08-02,FIL,,0.16668133544653882,1,4.723645224300193e-12
2021-08-02,HBAR,,0.4605371563813365,1,0.06605857130965813
2021-08-02,ICP,,-0.6965587047529008,-1,-0.01884223881402191
2021-08-02,JST,,-0.2281826031816947,-1,-0.00836065784257157
2021-08-02,LINK,,-0.709335945649912,-1,-0.026114820209294426
2021-08-02,LTC,,0.24502958434875613,1,0.004601721806715158
2021-08-02,NEAR,,0.33156298133973616,1,0.014658635015677586
2021-08-02,QNT,,0.040791869894059626,0,0.0
2021-08-02,SHIB,,0.13538291455057608,0,0.0
2021-08-02,SOL,,-0.09295485775249128,-1,-0.004062664641311176
2021-08-02,STX,,-0.37304672011480466,-1,-0.014029955435855456
2021-08-02,TRX,,0.4636147200978799,1,0.048503635720303126
2021-08-02,UNI,,-0.056808353897618166,-1,-0.0021203542563992227
2021-08-02,VET,,0.336968522106285,1,0.01271785523194825
2021-08-02,XLM,,0.08023372375188925,0,0.0
2021-08-02,XRP,,0.14586961530615258,0,0.0
2021-08-02,ZEC,,0.07755465763806561,0,0.0
2021-08-09,AAVE,,1.6202593297676504,1,0.17936950921979036
2021-08-09,ADA,,-1.0199710048142971,-1,-0.032665638460984386
2021-08-09,ALGO,,-0.2749447098637435,-1,-0.006729705306484538
2021-08-09,ATOM,,0.3354380781471342,1,0.003494941961002481
2021-08-09,AVAX,,0.40151417662652217,1,0.010035344808129107
2021-08-09,BCH,,-0.03118490736344027,0,0.0
2021-08-09,BNB,,0.04143492969865024,0,0.004476366806120041
2021-08-09,BTC,,0.5685428763257108,1,0.04217077073042052
2021-08-09,CAKE,,0.49055638121516293,1,0.02057674503668155
2021-08-09,CHZ,,-0.13320730389329508,0,0.019028201418371027
2021-08-09,DASH,,-0.20934110434190434,-1,-0.0015985215004298454
2021-08-09,DEXE,,0.054938129574058865,0,0.0
2021-08-09,DOGE,,-0.40720719050023196,-1,-0.009573428678260283
2021-08-09,DOT,,-0.22474571942056507,-1,-0.002832690310663001
2021-08-09,ETC,,0.021613437344499147,0,0.0
2021-08-09,ETH,,0.5587427408116921,1,0.03911052587322262
2021-08-09,FET,,-0.8476067346499432,-1,-0.030325276986360963
2021-08-09,FIL,,0.326887250572312,1,0.0036136001986895394
2021-08-09,HBAR,,0.030879171173381063,0,0.006814103313719719
2021-08-09,ICP,,-0.6055063279661176,-1,-0.021241446579055644
2021-08-09,JST,,-0.05781896891269555,0,-0.0008624223197756971
2021-08-09,LINK,,-0.3581049162095591,-1,-0.012158347599136829
2021-08-09,LTC,,0.18115994722878906,0,0.0004746788674094369
2021-08-09,NEAR,,0.4561360752880683,1,0.013725876845210224
2021-08-09,QNT,,0.04302289587069176,0,0.0
2021-08-09,SHIB,,0.014123061975633703,0,0.0
2021-08-09,SOL,,-0.3697069785413162,-1,-0.008351899796701813
2021-08-09,STX,,0.30418322331517955,1,0.0007541223784267703
2021-08-09,TRX,,-0.06438052305464952,0,0.005003268740703892
2021-08-09,UNI,,0.6778817282802688,1,0.0676184964290187
2021-08-09,VET,,0.023586154759969787,0,0.0013118778950454817
2021-08-09,XLM,,-0.41593074278405195,-1,-0.01148122142895469
2021-08-09,XRP,,-1.357122685197045,-1,-0.03973078245477314
2021-08-09,ZEC,,0.2258802295374828,1,2.559754957661847e-12
2021-08-16,AAVE,,0.013782090157392898,0,0.014159740807076548
2021-08-16,ADA,,-0.15757237729232648,-1,-0.0025787031822831104
2021-08-16,ALGO,,0.17323359218364653,0,-0.0005312546333115301
2021-08-16,ATOM,,0.521847775372435,1,0.01853325852123174
2021-08-16,AVAX,,-1.383447125949598,-1,-0.03723338238153908
2021-08-16,BCH,,-0.1297726206249516,0,0.0
2021-08-16,BNB,,0.32630941607609726,1,0.004389825270090679
2021-08-16,BTC,,0.36988822049229814,1,0.016336358640291555
2021-08-16,CAKE,,0.852009501334658,1,0.18583601641051772
2021-08-16,CHZ,,-0.016271527481541967,0,0.0015021192915169804
2021-08-16,DASH,,0.24034865778053013,1,-0.0001261900624783944
2021-08-16,DEXE,,-0.5691717880357334,-1,-0.02447808770468891
2021-08-16,DOGE,,-0.3357409979860945,-1,-0.013058047059097742
2021-08-16,DOT,,0.3874469420287139,1,0.007038055440896793
2021-08-16,ETC,,-0.24028789358968777,-1,-0.006419732089450529
2021-08-16,ETH,,-0.08740560169541992,0,0.003087452887629308
2021-08-16,FET,,0.24678522761829777,1,-0.0023739262343966012
2021-08-16,FIL,,0.44809367006413786,1,0.02580586665377267
2021-08-16,HBAR,,0.017508679021048867,0,0.0005379171586887919
2021-08-16,ICP,,-0.17613504395894153,-1,-0.0029237573093259007
2021-08-16,JST,,0.057011368918688965,0,-6.808111683741073e-05
2021-08-16,LINK,,-0.14596173536829204,0,-0.0009598010910269253
2021-08-16,LTC,,0.0549871562347796,0,3.747197479856128e-05
2021-08-16,NEAR,,-0.2632350340702633,-1,-0.004082996975625452
2021-08-16,QNT,,0.039886766358527004,0,0.0
2021-08-16,SHIB,,0.05052751250076679,0,0.0
2021-08-16,SOL,,0.5797654171596733,1,0.024772968665670282
2021-08-16,STX,,0.6622754101700565,1,0.10902431138159972
2021-08-16,TRX,,-0.20118582244518432,-1,-0.003495909793168007
2021-08-16,UNI,,0.01602969565357045,0,0.005337921630960772
2021-08-16,VET,,-0.3453338192584657,-1,-0.014686136177209874
2021-08-16,XLM,,-0.38495198503418726,-1,-0.020058042593487736
2021-08-16,XRP,,-0.883031654338632,-1,-0.04348430761420717
2021-08-16,ZEC,,0.26176792800399684,1,0.0002632741611441156
2021-08-23,AAVE,,-0.16448937431136001,-1,-0.002458066694715304
2021-08-23,ADA,,-0.23883873410838546,-1,-0.007079057756697977
2021-08-23,ALGO,,-0.12781493629633509,0,0.0
2021-08-23,ATOM,,0.13897100720291797,1,1.5806275344602672e-12
2021-08-23,AVAX,,-1.3970084372694376,-1,-0.04391269260783705
2021-08-23,BCH,,-0.07659535319571616,0,0.0
2021-08-23,BNB,,0.4158498562172028,1,0.021975705512308062
2021-08-23,BTC,,0.11239024708548076,0,0.0
2021-08-23,CAKE,,0.7561985520155603,1,0.11620169588566248
2021-08-23,CHZ,,0.013050868556489903,0,0.0
2021-08-23,DASH,,-0.24192645842482877,-1,-0.007888684212947649
2021-08-23,DEXE,,0.11245032720860351,0,0.0
2021-08-23,DOGE,,-0.3853998356617089,-1,-0.017207499761915105
2021-08-23,DOT,,0.16767045812104078,1,0.00023878733852713521
2021-08-23,ETC,,-0.18899782465554413,-1,-0.0034890797122989385
2021-08-23,ETH,,0.03893855623978121,0,0.0
2021-08-23,FET,,0.3583084132703733,1,0.007713624563158299
2021-08-23,FIL,,0.10811116918733958,0,0.0
2021-08-23,HBAR,,0.3047802045025804,1,0.007525749197656074
2021-08-23,ICP,,0.28410348624216886,1,0.003878864847456175
2021-08-23,JST,,0.37424585669626903,1,0.012499217446308084
2021-08-23,LINK,,-0.08918917845323233,0,0.0
2021-08-23,LTC,,-0.14340468916100316,-1,-3.98026669947291e-08
2021-08-23,NEAR,,-0.4392394670333235,-1,-0.017136206595732287
2021-08-23,QNT,,0.4580960859071461,1,0.020530059300509135
2021-08-23,SHIB,,-0.1211206441781589,0,0.0
2021-08-23,SOL,,0.9057000981467216,1,0.07871435372241399
2021-08-23,STX,,0.7974073975414363,1,0.16568047203546038
2021-08-23,TRX,,-0.10262657319277964,0,0.0
2021-08-23,UNI,,0.06644474618303223,0,0.0
2021-08-23,VET,,-0.30907846056282823,-1,-0.013134034434334887
2021-08-23,XLM,,-0.4389504259742333,-1,-0.026058487024010972
2021-08-23,XRP,,-0.9191006748044972,-1,-0.04492584136977592
2021-08-23,ZEC,,-0.028936263040771647,0,0.0
2021-08-30,AAVE,,0.06975426678529978,0,0.0
2021-08-30,ADA,,-0.5455708768682126,-1,-0.026445200859271715
2021-08-30,ALGO,,-0.002764718114059185,0,0.0
2021-08-30,ATOM,,0.07639974744147934,0,0.0
2021-08-30,AVAX,,-1.838917249886475,-1,-0.042736448249193704
2021-08-30,BCH,,0.03246366257458485,0,0.0
2021-08-30,BNB,,0.18370149578474168,1,0.00020567353444570077
2021-08-30,BTC,,0.3137782500833547,1,0.009021148739266727
2021-08-30,CAKE,,0.018059285964162227,0,0.0
2021-08-30,CHZ,,0.024638534642205934,0,0.0
2021-08-30,DASH,,-0.14586647355402912,-1,-0.003761689942061813
2021-08-30,DEXE,,0.07331591530907082,0,0.0
2021-08-30,DOGE,,-0.31782083912071024,-1,-0.012073310057985589
2021-08-30,DOT,,0.16063408608846094,1,1.2266730799254001e-12
2021-08-30,ETC,,-0.07937774644357516,-1,-1.803680374649047e-08
2021-08-30,ETH,,0.2524949899261938,1,0.0015829682900978111
2021-08-30,FET,,0.28102990653675575,1,0.002677559443375144
2021-08-30,FIL,,-0.1868455003539392,-1,-0.004669870180292598
2021-08-30,HBAR,,0.2475741924328137,1,0.001344258178987034
2021-08-30,ICP,,0.740827515156722,1,0.090763271203001
2021-08-30,JST,,0.42045189370225344,1,0.009065898811266532
2021-08-30,LINK,,0.03713863831015526,0,0.0
2021-08-30,LTC,,-0.03852097851544457,0,0.0
2021-08-30,NEAR,,-0.7106642919409015,-1,-0.028336458882293993
2021-08-30,QNT,,-0.2907613066114776,-1,-0.00837651963682298
2021-08-30,SHIB,,0.04290930447374641,0,0.0
2021-08-30,SOL,,1.3106204604717275,1,0.1878669079962558
2021-08-30,STX,,0.8264532778896528,1,0.11287148518078019
2021-08-30,TRX,,0.002500472750958822,0,0.0
2021-08-30,UNI,,0.3396748647993469,1,0.005918675775648645
2021-08-30,VET,,-0.19071364404943683,-1,-0.005693515214450707
2021-08-30,XLM,,-0.3209061938905503,-1,-0.014407152459715092
2021-08-30,XRP,,-0.8915742546009469,-1,-0.033506323317362835
2021-08-30,ZEC,,0.10588331282606601,0,0.0
2021-09-06,AAVE,,-0.10844659468397036,-1,-0.009472192171491391
2021-09-06,ADA,,-0.10392568696493325,-1,-0.008644436405270562
2021-09-06,ALGO,,-0.41696275446234876,-1,-0.01920733171515705
2021-09-06,ATOM,,0.23541240263086013,1,0.006815418621681348
2021-09-06,AVAX,,-1.6386204259095696,-1,-0.057402367265899826
2021-09-06,BCH,,0.08212708927387266,0,0.0
2021-09-06,BNB,,0.08335427573388512,0,0.0
2021-09-06,BTC,,0.010650181089590635,0,0.0
2021-09-06,CAKE,,0.032691213983116044,0,0.0
2021-09-06,CHZ,,0.15608908714188327,1,0.001154398595046866
2021-09-06,DASH,,-0.01989941390192127,0,0.0
2021-09-06,DEXE,,0.11365597499534527,0,0.0
2021-09-06,DOGE,,0.11900962457921668,1,7.152756679618269e-12
2021-09-06,DOT,,0.07588001616349406,0,0.0
2021-09-06,ETC,,0.074000072265295,0,0.0
2021-09-06,ETH,,-0.024217742448830043,-1,-3.4405499831656784e-08
2021-09-06,FET,,0.6715249324945652,1,0.2
2021-09-06,FIL,,-0.4717102600102803,-1,-0.025212835438637334
2021-09-06,HBAR,,0.29058458365998285,1,0.013652654713243628
2021-09-06,ICP,,0.016483202442730386,0,0.0
2021-09-06,JST,,0.24917898227666155,1,0.012866117330174646
2021-09-06,LINK,,-0.10474266639777016,-1,-0.006803822416062571
2021-09-06,LTC,,-0.19622732896473644,-1,-0.013093456171923219
2021-09-06,NEAR,,-0.42144633753618366,-1,-0.024147554011046495
2021-09-06,QNT,,-0.25172894454904654,-1,-0.01370360342043987
2021-09-06,SHIB,,0.2764043799182261,1,0.02713601000574777
2021-09-06,SOL,,0.5091909078459863,1,0.09404307755950676
2021-09-06,STX,,0.1409422693161541,1,0.0005532077245845649
2021-09-06,TRX,,0.4103407744993676,1,0.06390222033393356
2021-09-06,UNI,,0.13036665884772816,1,0.00016366217612204972
2021-09-06,VET,,-0.05578578699068317,-1,-0.002376495199780105
2021-09-06,XLM,,0.045086677911386056,0,0.0
2021-09-06,XRP,,0.053139521618589744,0,0.0
2021-09-06,ZEC,,0.037601114132334995,0,0.0
2021-09-13,AAVE,,0.04803255186065462,0,-0.0007427202416849053
2021-09-13,ADA,,-0.04552314710854263,0,-0.0006778154180059736
2021-09-13,ALGO,,-1.314274870367712,-1,-0.04129310339504237
2021-09-13,ATOM,,0.4683611217078368,1,0.04156045597001063
2021-09-13,AVAX,,0.9288498551716413,1,0.17981692675098088
2021-09-13,BCH,,0.05756182078659414,0,0.0
2021-09-13,BNB,,0.26050713978314116,1,0.00875894231648416
2021-09-13,BTC,,0.289310175315902,1,0.020176470155676637
2021-09-13,CAKE,,0.47035426945407566,1,0.05517819387919859
2021-09-13,CHZ,,0.19043755029342588,1,0.0011259978382399
2021-09-13,DASH,,0.06721028259703178,0,0.0
2021-09-13,DEXE,,0.11573763313740022,0,0.0
2021-09-13,DOGE,,0.1532508510243299,1,6.9224267368007215e-12
2021-09-13,DOT,,-0.22945201035405538,-1,-0.01012619606875042
2021-09-13,ETC,,0.11410414541800584,0,0.0
2021-09-13,ETH,,-0.06603548531401414,-1,-2.6027777017599086e-08
2021-09-13,FET,,-0.09550129932645358,-1,0.01406066194614533
2021-09-13,FIL,,-0.6945094565106502,-1,-0.02668199272390207
2021-09-13,HBAR,,-0.16163043427340948,-1,-0.00439799741106605
2021-09-13,ICP,,0.11103919761244092,0,0.0
2021-09-13,JST,,0.04890209084718012,0,0.0010088399390559555
2021-09-13,LINK,,-0.28805174544644274,-1,-0.014176034318298222
2021-09-13,LTC,,-0.30523930850803327,-1,-0.013694092062145776
2021-09-13,NEAR,,0.0014818644085412063,0,-0.0018934241225766792
2021-09-13,QNT,,-0.7889573218931284,-1,-0.03152935044041371
2021-09-13,SHIB,,0.5151907787525754,1,0.06501074794369427
2021-09-13,SOL,,-0.5400428310413183,-1,-0.016375363587419575
2021-09-13,STX,,0.2199544757146935,1,0.0036806358616085083
2021-09-13,TRX,,0.09122833991634466,0,0.005010611236696272
2021-09-13,UNI,,0.3111862309589075,1,0.016191124112917125
2021-09-13,VET,,-0.15684865255471148,-1,-0.005296178172743506
2021-09-13,XLM,,0.027760303714707436,0,0.0
2021-09-13,XRP,,0.01944380432955391,0,0.0
2021-09-13,ZEC,,0.17616207989348628,1,0.00035708169862157615
2021-09-20,AAVE,,0.048980465568435695,0,0.0
2021-09-20,ADA,,0.23430868782396658,1,0.017245258536919314
2021-09-20,ALGO,,-1.024946840437644,-1,-0.0442634918362739
2021-09-20,ATOM,,0.10067973002176873,0,0.0
2021-09-20,AVAX,,0.49594064746694483,1,0.12848376915505785
2021-09-20,BCH,,-0.018847012232100172,0,0.0
2021-09-20,BNB,,0.09488679212345458,0,0.0
2021-09-20,BTC,,0.16232628815464248,1,4.412620971677234e-05
2021-09-20,CAKE,,0.17143315294383407,1,0.00031322669917638253
2021-09-20,CHZ,,0.15791129666403736,0,0.0
2021-09-20,DASH,,0.1300683840897746,0,0.0
2021-09-20,DEXE,,-0.11940095838254343,-1,-0.011296785124587774
2021-09-20,DOGE,,0.2450044327479238,1,0.010589705463702697
2021-09-20,DOT,,-0.1663000967957437,-1,-0.0065873879131341465
2021-09-20,ETC,,0.15921193663406025,1,1.168363830778264e-11
2021-09-20,ETH,,0.08919746256981625,0,0.0
2021-09-20,FET,,0.29487885648554135,1,0.018221584544259324
2021-09-20,FIL,,-0.6185836997680383,-1,-0.026902054161063026
2021-09-20,HBAR,,-0.24505854771507146,-1,-0.01159248347036867
2021-09-20,ICP,,0.007258637377309722,0,0.0
2021-09-20,JST,,-0.08243387006926983,-1,-2.623119884552852e-08
2021-09-20,LINK,,-0.1111682814241141,-1,-0.002125946865806292
2021-09-20,LTC,,-0.13537943546852738,-1,-0.0034618509279565734
2021-09-20,NEAR,,-0.34234724998083305,-1,-0.016137877676968226
2021-09-20,QNT,,-0.697168593758125,-1,-0.0338064307211233
2021-09-20,SHIB,,0.34649776322689757,1,0.04365353054952881
2021-09-20,SOL,,-0.4566995563185806,-1,-0.02383581599832694
2021-09-20,STX,,0.17996766550210075,1,0.0008983942328965009
2021-09-20,TRX,,-0.02366434961822088,0,0.0
2021-09-20,UNI,,0.7617582489710237,1,0.2
2021-09-20,VET,,-0.019751259065928915,0,0.0
2021-09-20,XLM,,0.09237138735077147,0,0.0
2021-09-20,XRP,,0.10849898791152922,0,0.0
2021-09-20,ZEC,,0.18056892740090358,1,0.0006472688641886672
2021-09-27,AAVE,,-0.08285544773849446,-1,-0.006167258144457666
2021-09-27,ADA,,0.20754314416613567,0,0.0
2021-09-27,ALGO,,-1.734738398972633,-1,-0.03859068825829746
2021-09-27,ATOM,,-0.8897120684203533,-1,-0.03775093674388235
2021-09-27,AVAX,,-0.2000530104903828,-1,-0.013585583827207542
2021-09-27,BCH,,0.1341994566566233,0,0.0
2021-09-27,BNB,,0.13452269670907474,0,0.0
2021-09-27,BTC,,0.2586918548843649,1,0.00548078863258958
2021-09-27,CAKE,,-0.1860416592663546,-1,-0.010800628457821716
2021-09-27,CHZ,,0.1896022103065613,0,0.0
2021-09-27,DASH,,0.16114157645225413,0,0.0
2021-09-27,DEXE,,0.3101466745965762,1,0.058326386277527946
2021-09-27,DOGE,,0.2740447525646579,1,0.009424825515414055
2021-09-27,DOT,,0.22122757386802844,0,0.0
2021-09-27,ETC,,0.241551204593072,1,0.0010662397688381495
2021-09-27,ETH,,0.3697170353873298,1,0.07227184710255193
2021-09-27,FET,,-0.4221685065326855,-1,-0.02020675031644721
2021-09-27,FIL,,-0.23808533340178814,-1,-0.008027889803985564
2021-09-27,HBAR,,-0.40732500049591347,-1,-0.014965161688435554
2021-09-27,ICP,,-0.04518675454127651,-1,-0.002444582993616669
2021-09-27,JST,,0.020333089528642614,-1,-1.5256805080106447e-08
2021-09-27,LINK,,0.3209522206403203,1,0.03391957065977102
2021-09-27,LTC,,0.16373585658226578,0,0.0
2021-09-27,NEAR,,-0.8726051421914158,-1,-0.0274678092195728
2021-09-27,QNT,,0.033550352007302726,0,0.0
2021-09-27,SHIB,,0.24783554451646114,1,0.0017026779869630767
2021-09-27,SOL,,0.09581565143449326,0,0.0
2021-09-27,STX,,0.22486278157490794,1,4.052588462094686e-11
2021-09-27,TRX,,0.09249082683419282,0,0.0
2021-09-27,UNI,,0.5709181514327519,1,0.2
2021-09-27,VET,,0.16521875026850766,0,0.0
2021-09-27,XLM,,0.27442356796611544,1,0.00855666069818642
2021-09-27,XRP,,0.31511188338484764,1,0.02928335553629091
2021-09-27,ZEC,,0.051134465695807145,0,0.0
2021-10-04,AAVE,,-0.20846720235504995,-1,-0.02038820252473615
2021-10-04,ADA,,-0.10833099691367533,-1,-0.0054028631370446
2021-10-04,ALGO,,-0.18871456871573747,-1,-0.013430949059775099
2021-10-04,ATOM,,-0.49528355528351736,-1,-0.03639944793923496
2021-10-04,AVAX,,-0.3451612915039415,-1,-0.02739832384091121
2021-10-04,BCH,,0.16108959515816382,0,0.0
2021-10-04,BNB,,-0.07703754534328391,0,0.0
2021-10-04,BTC,,0.3227409670943279,1,0.044767442706504325
2021-10-04,CAKE,,-0.0717884856336249,0,-0.0004690041201616344
2021-10-04,CHZ,,0.4320400514868791,1,0.11566271655689117
2021-10-04,DASH,,0.3176492024363328,1,0.03760912094772261
2021-10-04,DEXE,,-0.0966069348609342,-1,-0.0004862126659260363
2021-10-04,DOGE,,0.37485339052239325,1,0.09250507542030079
2021-10-04,DOT,,0.2635615994722911,1,0.011603037009054242
2021-10-04,ETC,,0.19946731499267806,1,4.6300187944446885e-05
2021-10-04,ETH,,0.11738241538543795,0,0.0031383168299101566
2021-10-04,FET,,-0.08341185684361097,-1,-0.0008775101504827076
2021-10-04,FIL,,0.13753223382827037,0,-0.0003486013252817846
2021-10-04,HBAR,,-0.25810045074372306,-1,-0.016493725207287233
2021-10-04,ICP,,-0.05612637631212869,0,-0.00010615303549794649
2021-10-04,JST,,0.3851348435226766,1,0.04800266826458917
2021-10-04,LINK,,-0.16021698071101256,-1,-0.008804181678456542
2021-10-04,LTC,,0.22652005989659718,1,0.0025592181364423143
2021-10-04,NEAR,,-0.030829793383197496,0,-0.0011927561202666852
2021-10-04,QNT,,-0.06795464612317942,0,0.0
2021-10-04,SHIB,,-1.6313021766832472,-1,-0.028489713985595577
2021-10-04,SOL,,-0.2927981061940933,-1,-0.01563754074840073
2021-10-04,STX,,0.1090172568330266,0,1.7597871211516921e-12
2021-10-04,TRX,,0.18641637887222226,0,0.0
2021-10-04,UNI,,-0.006995738478721439,0,0.008684756113834957
2021-10-04,VET,,0.13370828742508253,0,0.0
2021-10-04,XLM,,0.24614701258968144,1,0.007162175322132557
2021-10-04,XRP,,0.28732844171698785,1,0.02447363069845742
2021-10-04,ZEC,,0.2785376548496281,1,0.019727136761897683
2021-10-11,AAVE,,0.11658619243085233,0,0.0
2021-10-11,ADA,,-0.45935683610773714,-1,-0.065
2021-10-11,ALGO,,-0.18906877054606452,-1,-0.01319875092272875
2021-10-11,ATOM,,-0.2190364624662974,-1,-0.025143745147472245
2021-10-11,AVAX,,-0.10243150973944068,-1,-0.0019267169356126587
2021-10-11,BCH,,0.08761182775907607,0,0.0
2021-10-11,BNB,,-0.034781848563473196,0,0.0
2021-10-11,BTC,,-0.07213028696164621,0,0.0
2021-10-11,CAKE,,0.11849877852956739,0,0.0
2021-10-11,CHZ,,0.35297894221047593,1,0.09646997514315753
2021-10-11,DASH,,0.260432335162503,1,0.03904055023150497
2021-10-11,DEXE,,0.21343265108937096,1,0.03328734051575027
2021-10-11,DOGE,,0.2844931636888238,1,0.06617299140353504
2021-10-11,DOT,,0.3545753361308477,1,0.07407555001821416
2021-10-11,ETC,,0.15401310667028026,1,0.0016278267694066493
2021-10-11,ETH,,0.02286913200765249,0,0.0
2021-10-11,FET,,-0.23258158801124496,-1,-0.041500484587916185
2021-10-11,FIL,,-0.07165477475650033,0,0.0
2021-10-11,HBAR,,-0.15856388742770527,-1,-0.005634722502802754
2021-10-11,ICP,,-0.08722606685993188,-1,-2.671410409435943e-08
2021-10-11,JST,,0.12629553527107476,0,0.0
2021-10-11,LINK,,-0.1356729442726256,-1,-0.006048763611976795
2021-10-11,LTC,,0.09083503021171305,0,0.0
2021-10-11,NEAR,,0.131226239317162,1,1.610036689735021e-11
2021-10-11,QNT,,0.05721071007469745,0,0.0
2021-10-11,SHIB,,-1.3581957571391372,-1,-0.02221011262370845
2021-10-11,SOL,,-0.2365915725394149,-1,-0.010937323966859317
2021-10-11,STX,,-0.020219914848343453,0,0.0
2021-10-11,TRX,,0.02575192666288072,0,0.0
2021-10-11,UNI,,0.24822862354428316,1,0.05132655128032375
2021-10-11,VET,,0.1886082309546481,1,0.006449614993685455
2021-10-11,XLM,,0.2842858911143116,1,0.04607618646579362
2021-10-11,XRP,,-0.22990536212551516,-1,-0.020278416560901513
2021-10-11,ZEC,,0.48948392953485753,1,0.1994867388066105
2021-10-18,AAVE,,0.006262484757638208,0,0.0
2021-10-18,ADA,,-0.3306701000809623,-1,-0.041012099048077184
2021-10-18,ALGO,,-0.049656442322919506,0,0.0
2021-10-18,ATOM,,0.044644611035607684,0,0.0
2021-10-18,AVAX,,0.1473562432431934,1,3.143226077319273e-12
2021-10-18,BCH,,0.058772400127521794,0,0.0
2021-10-18,BNB,,-0.11750919967654899,-1,-0.0024346342957022988
2021-10-18,BTC,,-0.2256675266469628,-1,-0.017211599502419586
2021-10-18,CAKE,,0.12371835692060126,0,0.0
2021-10-18,CHZ,,0.2861979300992573,1,0.015351417282557013
2021-10-18,DASH,,0.6483669411262315,1,0.154644051373483
2021-10-18,DEXE,,0.19299739505644625,1,0.0020723640982563186
2021-10-18,DOGE,,0.7002970828718096,1,0.158200705334506
2021-10-18,DOT,,0.037080253957405586,0,0.0
2021-10-18,ETC,,0.1651630516607655,1,0.0002801654206631448
2021-10-18,ETH,,0.23875471362948852,1,0.006137471500363653
2021-10-18,FET,,-0.4333494475046852,-1,-0.058723406802767435
2021-10-18,FIL,,-0.06458181628478082,-1,-1.5654511514235876e-08
2021-10-18,HBAR,,-0.1209371780279175,-1,-0.0026539728956948335
2021-10-18,ICP,,-0.06146582333110649,0,0.0
2021-10-18,JST,,0.0681228821949157,0,0.0
2021-10-18,LINK,,0.13025412059281885,0,0.0
2021-10-18,LTC,,0.24328452907610595,1,0.007890767372137309
2021-10-18,NEAR,,0.39709192781351454,1,0.017072633954163644
2021-10-18,QNT,,-0.10318077578752617,-1,-0.0037718564429443475
2021-10-18,SHIB,,-2.2386750505854547,-1,-0.021968138687456066
2021-10-18,SOL,,-0.004732244989285575,0,0.0
2021-10-18,STX,,-0.48351345997211753,-1,-0.014111001192758089
2021-10-18,TRX,,0.050325859410399625,0,0.0
2021-10-18,UNI,,0.09281857076578738,0,0.0
2021-10-18,VET,,0.2757351521565738,1,0.007787419254050115
2021-10-18,XLM,,-0.0733098513071461,-1,-0.000552990540413023
2021-10-18,XRP,,-0.23570266514384824,-1,-0.017409659787653072
2021-10-18,ZEC,,0.635707075165181,1,0.06814583743032539
2021-10-25,AAVE,,0.03248561198346766,0,0.0
2021-10-25,ADA,,-0.6735180376499826,-1,-0.06422772523877741
2021-10-25,ALGO,,0.08709678589492427,0,0.0
2021-10-25,ATOM,,0.1275640489007541,0,0.0
2021-10-25,AVAX,,0.04534060606299115,0,1.0119410502800952e-13
2021-10-25,BCH,,-0.11875249005523866,-1,-0.0017938116835363224
2021-10-25,BNB,,0.16480631278512062,0,-7.838145668294123e-05
2021-10-25,BTC,,-0.27543188169356597,-1,-0.016936926488691377
2021-10-25,CAKE,,-0.2870129645884007,-1,-0.021872805422119366
2021-10-25,CHZ,,0.42024395630430017,1,0.03195056204940707
2021-10-25,DASH,,0.095991737815567,0,0.004978663955979762
2021-10-25,DEXE,,-0.3093032239015845,-1,-0.02891586858525054
2021-10-25,DOGE,,0.3359376905716971,1,0.02712108061056831
2021-10-25,DOT,,-0.12707190829036152,-1,-0.0014074861689567625
2021-10-25,ETC,,0.24079625083541137,1,9.019773905459983e-06
2021-10-25,ETH,,0.22680217561281327,0,0.0001975918754606107
2021-10-25,FET,,0.2843280589172409,1,0.005197445884783429
2021-10-25,FIL,,0.3892463532908715,1,0.06446002736566667
2021-10-25,HBAR,,0.15913023273357543,0,-8.54429192625821e-05
2021-10-25,ICP,,0.2685133050437526,1,0.0026143431118513085
2021-10-25,JST,,0.2862560457836201,1,0.0035532156248521437
2021-10-25,LINK,,0.031966925813074046,0,0.0
2021-10-25,LTC,,0.40906053722426533,1,0.08106016535783514
2021-10-25,NEAR,,0.27257618964613456,1,0.002116195127791598
2021-10-25,QNT,,-0.12825541839587157,-1,-0.0031417474001956924
2021-10-25,SHIB,,-2.031498085690804,-1,-0.020720044251710562
2021-10-25,SOL,,-0.10306819988113439,-1,-1.2742263300141857e-08
2021-10-25,STX,,-0.6817223757291281,-1,-0.016557587396954333
2021-10-25,TRX,,0.6604211567256202,1,0.19356113098206962
2021-10-25,UNI,,-0.036857352617834335,0,0.0
2021-10-25,VET,,0.24920105868079018,1,0.0005854459237737567
2021-10-25,XLM,,-0.12951342190784954,-1,-0.0019570983693917394
2021-10-25,XRP,,0.04770944853074087,0,-0.0005604925950971375
2021-10-25,ZEC,,0.06653087124502058,0,0.0021939106066552194
2021-11-01,AAVE,,0.18303703955725897,1,0.0005942971988685525
2021-11-01,ADA,,-0.061091166770550834,-1,-0.0005095326501374178
2021-11-01,ALGO,,0.5634907001868367,1,0.0927700882835493
2021-11-01,ATOM,,-0.056294190228338994,-1,-4.0013194250443077e-08
2021-11-01,AVAX,,-0.17778764063807323,-1,-0.005203408456832149
2021-11-01,BCH,,0.05828807588998141,0,0.0
2021-11-01,BNB,,0.2527920875815469,1,0.0034791957621156545
2021-11-01,BTC,,-0.2635937769910996,-1,-0.026421140646235672
2021-11-01,CAKE,,0.04324435883987263,0,0.0
2021-11-01,CHZ,,0.005737907290260427,0,0.0
2021-11-01,DASH,,-0.026394734477966295,0,0.0
2021-11-01,DEXE,,-0.024161449138557275,0,0.0
2021-11-01,DOGE,,-0.30999744740106416,-1,-0.02309801368126523
2021-11-01,DOT,,-0.05754019432438972,-1,-4.672400382768716e-05
2021-11-01,ETC,,0.06662648932430253,0,0.0
2021-11-01,ETH,,0.34665931943628076,1,0.023336097650202208
2021-11-01,FET,,0.3006211692743708,1,0.012986371029768963
2021-11-01,FIL,,0.2539622338719286,1,0.006876256729086226
2021-11-01,HBAR,,-0.02197226289230349,0,0.0
2021-11-01,ICP,,0.2386961878535616,1,0.002552553054463327
2021-11-01,JST,,-0.00963480645282702,0,0.0
2021-11-01,LINK,,0.1584584348251489,0,0.0
2021-11-01,LTC,,0.5397883401978657,1,0.08322551336220618
2021-11-01,NEAR,,-0.050483532592751165,0,0.0
2021-11-01,QNT,,-0.24737312874213,-1,-0.029332203407866998
2021-11-01,SHIB,,-1.90776403566004,-1,-0.04104501479377259
2021-11-01,SOL,,-0.04819063886390953,0,0.0
2021-11-01,STX,,-0.25921306216217344,-1,-0.010345482648804536
2021-11-01,TRX,,0.8567830183406405,1,0.2
2021-11-01,UNI,,-0.039689874922739246,0,0.0
2021-11-01,VET,,0.3155673943588505,1,0.012750128420585405
2021-11-01,XLM,,-0.335863316248965,-1,-0.025147936705403023
2021-11-01,XRP,,0.1585571678805936,1,6.489836611970689e-12
2021-11-01,ZEC,,-0.44526466620141675,-1,-0.022930091800513273
2021-11-08,AAVE,,-0.08686512128014202,0,0.0
2021-11-08,ADA,,0.011451951944030963,0,0.0
2021-11-08,ALGO,,0.6491172168583612,1,0.2
2021-11-08,ATOM,,-0.39378508720941785,-1,-0.03655560534129124
2021-11-08,AVAX,,-0.09146319025880958,0,0.0
2021-11-08,BCH,,0.3059354857905571,1,0.00934556827985759
2021-11-08,BNB,,-0.10560117786350107,0,0.0
2021-11-08,BTC,,0.31066043697619866,1,0.0146237481915528
2021-11-08,CAKE,,-0.2029286196136,-1,-0.008466552110359567
2021-11-08,CHZ,,0.06679677005455342,0,0.0
2021-11-08,DASH,,0.2071436110000677,0,0.0
2021-11-08,DEXE,,0.19457903198746063,0,0.0
2021-11-08,DOGE,,-0.27928512156489854,-1,-0.020187542254122427
2021-11-08,DOT,,-0.4228299963036572,-1,-0.02609867520079062
2021-11-08,ETC,,0.43003197778847535,1,0.06129231756589746
2021-11-08,ETH,,0.12138425912179321,0,0.0
2021-11-08,FET,,0.33501545232653446,1,0.021798277346690237
2021-11-08,FIL,,0.2682881904876041,1,0.005283790647449009
2021-11-08,HBAR,,0.2125676504296725,1,1.0529783239415564e-11
2021-11-08,ICP,,-0.24121698575837208,-1,-0.011442339085585973
2021-11-08,JST,,0.12861913005624975,0,0.0
2021-11-08,LINK,,0.21443919937928285,1,1.1762069043714256e-05
2021-11-08,LTC,,-0.22545208657545135,-1,-0.006847486388820836
2021-11-08,NEAR,,0.23296242569646436,1,0.00044902715608548493
2021-11-08,QNT,,0.11325998892119228,0,0.0
2021-11-08,SHIB,,-1.9053639070510782,-1,-0.05388535117541367
2021-11-08,SOL,,-0.37328372909503255,-1,-0.019055660342093144
2021-11-08,STX,,-0.13198839983823776,-1,-0.0012969520174051412
2021-11-08,TRX,,0.5523166604704904,1,0.1333308895808624
2021-11-08,UNI,,-0.12156669121881733,-1,-0.0018938840381480168
2021-11-08,VET,,0.22837104927395602,1,0.0004002975311913097
2021-11-08,XLM,,0.20785260536996977,0,0.0
2021-11-08,XRP,,-0.0990024948309204,0,0.0
2021-11-08,ZEC,,-0.11016048547097916,-1,-2.0922563210677738e-08
2021-11-15,AAVE,,-0.08970896018003358,-1,-0.005044084608078214
2021-11-15,ADA,,0.011435420495503812,0,0.0
2021-11-15,ALGO,,0.14142323681747002,1,0.027938334552613714
2021-11-15,ATOM,,0.1527888041365873,1,0.0025398680765017848
2021-11-15,AVAX,,0.2429184464765501,1,0.012471798328998432
2021-11-15,BCH,,0.015467178826809704,0,0.0010061985013472205
2021-11-15,BNB,,-0.21493210503548607,-1,-0.01693691150726929
2021-11-15,BTC,,-0.11465223948849218,-1,-0.010451598769361008
2021-11-15,CAKE,,-0.0585113935466175,-1,-0.0009115931805883304
2021-11-15,CHZ,,-0.20080218549980655,-1,-0.010151498329197092
2021-11-15,DASH,,0.030258039381348998,0,0.0
2021-11-15,DEXE,,0.4977596048827498,1,0.17514791396168874
2021-11-15,DOGE,,0.06994225406965544,0,-0.0021735087855236576
2021-11-15,DOT,,-0.23786976217795197,-1,-0.021490461761015645
2021-11-15,ETC,,0.12458409572517663,1,0.01020312731007525
2021-11-15,ETH,,-0.052555427483329115,0,0.0
2021-11-15,FET,,1.267352259387329,1,0.1808137610360506
2021-11-15,FIL,,0.08400353776358088,1,0.0005873981910216363
2021-11-15,HBAR,,0.08127667653689356,1,9.268512721603497e-12
2021-11-15,ICP,,-0.19322084091907044,-1,-0.01625795067651877
2021-11-15,JST,,0.03425807509977914,0,0.0
2021-11-15,LINK,,-0.004944413756302348,0,1.2663730968651341e-06
2021-11-15,LTC,,-0.43113665593509143,-1,-0.026939288251124797
2021-11-15,NEAR,,0.0007415236328685631,0,4.834488797125395e-05
2021-11-15,QNT,,0.13506752578359474,1,0.0038287664661098117
2021-11-15,SHIB,,-1.5619814725899461,-1,-0.06380333194778501
2021-11-15,SOL,,-0.007860435510020936,0,-0.002051643763570893
2021-11-15,STX,,-0.009062583486732202,0,-0.00013963743425265463
2021-11-15,TRX,,0.11734723801606733,1,0.01612344753281246
2021-11-15,UNI,,0.059802162212505214,0,-0.00020390662438549926
2021-11-15,VET,,-0.07394916795728886,-1,-0.0013055295686914346
2021-11-15,XLM,,0.057886087028105236,0,0.0
2021-11-15,XRP,,-0.07488191074573453,-1,-0.002356173444208523
2021-11-15,ZEC,,0.201757388039331,1,0.010511554673227994
2021-11-22,AAVE,,-0.04529748081461841,0,0.0
2021-11-22,ADA,,-0.0231797762661128,0,0.0
2021-11-22,ALGO,,0.1546278718264266,1,0.0009581136826316296
2021-11-22,ATOM,,0.09909821460129037,0,0.0
2021-11-22,AVAX,,-0.5399399931652888,-1,-0.03464653676097154
2021-11-22,BCH,,0.1290914322456125,0,0.0
2021-11-22,BNB,,-0.07197740632122059,0,0.0
2021-11-22,BTC,,0.161336533700318,1,0.0016379811078403982
2021-11-22,CAKE,,-0.09091246763453666,-1,-3.5748333836502515e-08
2021-11-22,CHZ,,0.07299801211090426,0,0.0
2021-11-22,DASH,,-0.20687245685129482,-1,-0.013078018242269005
2021-11-22,DEXE,,0.45280336910258284,1,0.16100945672701683
2021-11-22,DOGE,,0.177623654923058,1,0.004575251433039618
2021-11-22,DOT,,-0.3861999633438035,-1,-0.0303417671335626
2021-11-22,ETC,,0.21073925567767,1,0.01133543330192379
2021-11-22,ETH,,0.3193319323288374,1,0.05291453674849439
2021-11-22,FET,,0.1256000566556589,0,0.0
2021-11-22,FIL,,0.547070620756474,1,0.15977989319121327
2021-11-22,HBAR,,-0.07830888823184219,0,0.0
2021-11-22,ICP,,-0.12217447858259656,-1,-0.0031755254886414058
2021-11-22,JST,,0.0803234619726156,0,0.0
2021-11-22,LINK,,-0.12175331602778551,-1,-0.003639396977106009
2021-11-22,LTC,,-0.8499714787675923,-1,-0.05705152976999323
2021-11-22,NEAR,,-0.15822365292540763,-1,-0.006758903920937011
2021-11-22,QNT,,0.2266397841128925,1,0.012316061147714519
2021-11-22,SHIB,,0.015233595049498713,0,0.0
2021-11-22,SOL,,-0.2621110978286568,-1,-0.018135435491147496
2021-11-22,STX,,-0.125517796768494,-1,-0.003525242858553941
2021-11-22,TRX,,-0.03290170421583009,0,0.0
2021-11-22,UNI,,0.21681231134367468,1,0.013852275597861506
2021-11-22,VET,,-0.19903593987915638,-1,-0.010928272368948125
2021-11-22,XLM,,0.13395103760304994,1,2.034255987578921e-11
2021-11-22,XRP,,-0.025452040374846396,0,0.0
2021-11-22,ZEC,,0.21654879398851848,1,0.0073506907769127295
2021-11-29,AAVE,,-0.11239886588478307,-1,-0.008141667031780734
2021-11-29,ADA,,-0.01534190175358034,0,0.0
2021-11-29,ALGO,,0.3563024614038932,1,0.03680204726659679
2021-11-29,ATOM,,-0.055776910702907176,0,0.0
2021-11-29,AVAX,,-0.735306700127793,-1,-0.04292266893544109
2021-11-29,BCH,,-0.14904591427680272,-1,-0.007636248184607683
2021-11-29,BNB,,0.25249247601033536,1,0.01392569763955232
2021-11-29,BTC,,-0.04121081114747044,0,0.0
2021-11-29,CAKE,,-0.06106511811491467,0,0.0
2021-11-29,CHZ,,-0.10933789234279166,-1,-0.0031487776751474503
2021-11-29,DASH,,-0.28498631188451057,-1,-0.017800963528809558
2021-11-29,DEXE,,0.584253578986456,1,0.12459171984628514
2021-11-29,DOGE,,0.1068331015725114,1,2.7057305301834187e-05
2021-11-29,DOT,,-0.10019600016802747,-1,-0.009426784057926758
2021-11-29,ETC,,0.07984212112815865,0,0.0
2021-11-29,ETH,,0.4245755635045782,1,0.07873423625244187
2021-11-29,FET,,-0.023945035468070665,0,0.0
2021-11-29,FIL,,-0.0047021953950894205,0,0.0
2021-11-29,HBAR,,-0.1220765715747901,-1,-0.0058575278888901685
2021-11-29,ICP,,0.13729712864058458,1,0.0007029956467127194
2021-11-29,JST,,0.021281603497987658,0,0.0
2021-11-29,LINK,,-0.061469910040166345,-1,-3.839927857599731e-08
2021-11-29,LTC,,-0.9834661703122408,-1,-0.05431415450344965
2021-11-29,NEAR,,-0.1435548033373825,-1,-0.007158416404861455
2021-11-29,QNT,,0.1021751270246797,1,5.201462896031349e-12
2021-11-29,SHIB,,0.35447484837573057,1,0.05064101041118903
2021-11-29,SOL,,0.39763361761760213,1,0.06728920183257543
2021-11-29,STX,,0.4432010486904928,1,0.04680239371126562
2021-11-29,TRX,,-0.04340626029985147,0,0.0
2021-11-29,UNI,,0.1320162742124861,1,0.0008447803916926201
2021-11-29,VET,,-0.013217784757953266,0,0.0
2021-11-29,XLM,,0.04941806131094797,0,0.0
2021-11-29,XRP,,0.002096603707041683,0,0.0
2021-11-29,ZEC,,-0.38338845809436295,-1,-0.023674239462513486
2021-12-06,AAVE,,-0.17315515744162355,-1,-0.02092916061702539
2021-12-06,ADA,,0.05141394286620808,0,0.0
2021-12-06,ALGO,,-0.17024319458666046,-1,-0.018282396232434467
2021-12-06,ATOM,,0.16976622747403247,1,0.005779350534892254
2021-12-06,AVAX,,-0.887486873215607,-1,-0.03279086209450808
2021-12-06,BCH,,0.0994827294810844,0,0.0
2021-12-06,BNB,,0.17055836083559756,1,0.004314802764676429
2021-12-06,BTC,,0.0305098643061213,0,0.0
2021-12-06,CAKE,,0.16198892375408955,1,0.0015148205268565127
2021-12-06,CHZ,,0.07544186984343625,0,0.0
2021-12-06,DASH,,0.15492862843499788,1,0.0005312035847717244
2021-12-06,DEXE,,-0.19143831284061075,-1,-0.012641182980642273
2021-12-06,DOGE,,0.16712274546391698,1,0.0034619768465338563
2021-12-06,DOT,,0.12319459575661854,0,0.0
2021-12-06,ETC,,0.14489997999566545,1,5.4625856413254776e-11
2021-12-06,ETH,,0.1710738832761541,1,0.0067767398969178095
2021-12-06,FET,,-0.1645577887098506,-1,-0.010485442176098763
2021-12-06,FIL,,-0.07773087389452965,-1,-0.0025982230893982087
2021-12-06,HBAR,,-0.15799139234697832,-1,-0.0221255227635263
2021-12-06,ICP,,0.048948099891389665,0,0.0
2021-12-06,JST,,0.10094765009355063,0,0.0
2021-12-06,LINK,,0.0708939693031275,0,0.0
2021-12-06,LTC,,0.060596181371946195,0,0.0
2021-12-06,NEAR,,-0.9432756587186778,-1,-0.029793675066643252
2021-12-06,QNT,,-0.017183586576334064,-1,-1.6094052900871607e-08
2021-12-06,SHIB,,0.3388501038229388,1,0.16540483924021263
2021-12-06,SOL,,-0.11005551554694357,-1,-0.012393461182550948
2021-12-06,STX,,0.3878192018115777,1,0.2
2021-12-06,TRX,,0.2323777996980009,1,0.0323562854616814
2021-12-06,UNI,,0.1462594631025355,1,2.603102405013524e-05
2021-12-06,VET,,0.11228051546833911,0,0.0
2021-12-06,XLM,,0.10878398776309581,0,0.0
2021-12-06,XRP,,0.12731454749803509,0,0.0
2021-12-06,ZEC,,-0.36233491743464225,-1,-0.017997643289024836
2021-12-13,AAVE,,0.14415022327196358,0,-0.0021681473792903513
2021-12-13,ADA,,0.06908598890964694,0,0.0
2021-12-13,ALGO,,-0.2649164028016916,-1,-0.029289445821138668
2021-12-13,ATOM,,-0.025927933651220616,0,0.0005987093293189066
2021-12-13,AVAX,,-0.13697333584797272,-1,-0.0060593968011726125
2021-12-13,BCH,,0.2023276212858064,1,7.845702560432837e-11
2021-12-13,BNB,,0.055481633751150165,0,0.0004469901338889715
2021-12-13,BTC,,0.005043221991240731,0,0.0
2021-12-13,CAKE,,0.2845069468211472,1,0.04391968504321763
2021-12-13,CHZ,,0.13342928175893462,0,0.0
2021-12-13,DASH,,0.2036913404182487,1,8.381326889397606e-05
2021-12-13,DEXE,,-0.3152538302572027,-1,-0.026256751501702806
2021-12-13,DOGE,,0.3963186614651974,1,0.17963972814636187
2021-12-13,DOT,,-0.0898110709862476,-1,-0.0004224895519608464
2021-12-13,ETC,,0.2145463437456187,1,0.0025002696807532934
2021-12-13,ETH,,-0.11206511242113824,-1,-0.004471866395022858
2021-12-13,FET,,-0.1693388334759804,-1,-0.018593602039796937
2021-12-13,FIL,,-0.0366131223647028,0,-0.0002691618018119571
2021-12-13,HBAR,,-0.3617583889236893,-1,-0.018210365723792643
2021-12-13,ICP,,-0.04006903861576692,0,0.0
2021-12-13,JST,,-0.1658112017307458,-1,-0.007098290376044388
2021-12-13,LINK,,0.054616206129325426,0,0.0
2021-12-13,LTC,,0.2086114546486896,1,0.0005191234378666813
2021-12-13,NEAR,,-1.2935639522164135,-1,-0.05925619330446158
2021-12-13,QNT,,-0.1408126130944394,-1,-0.004096379108455164
2021-12-13,SHIB,,-0.056594614631064084,0,0.017135043076160372
2021-12-13,SOL,,0.23371650029802815,1,0.010214015530601916
2021-12-13,STX,,0.21073411264821382,1,0.021837487375099995
2021-12-13,TRX,,-0.08383622460711763,-1,0.003351901860933263
2021-12-13,UNI,,0.29759646267809386,1,0.10910650377915779
2021-12-13,VET,,0.2453424271310081,1,0.019700980473009392
2021-12-13,XLM,,0.07461364782020406,0,0.0
2021-12-13,XRP,,0.23200645755508814,1,0.009147597069496806
2021-12-13,ZEC,,0.02752714329778753,0,-0.0018644581043904193
2021-12-20,AAVE,,-0.4094263073310911,-1,-0.021812091365682136
2021-12-20,ADA,,0.107965628660865,0,0.0
2021-12-20,ALGO,,-0.011084073963038364,0,0.0
2021-12-20,ATOM,,-0.39749145878258924,-1,-0.022809254886741532
2021-12-20,AVAX,,0.07497019123102153,0,0.0
2021-12-20,BCH,,0.09982703024818493,0,0.0
2021-12-20,BNB,,0.06239132934083755,0,0.0
2021-12-20,BTC,,0.023418522219700685,0,0.0
2021-12-20,CAKE,,0.1869644126045092,1,0.005484297943071043
2021-12-20,CHZ,,-0.0018049133295194434,0,0.0
2021-12-20,DASH,,0.13523627983377848,1,0.00025923201535264887
2021-12-20,DEXE,,-0.09184661622878404,-1,-0.004625038287209311
2021-12-20,DOGE,,0.32149863578122695,1,0.037709031748001054
2021-12-20,DOT,,-0.18393808345160273,-1,-0.009585568456889688
2021-12-20,ETC,,0.16477519223585121,1,0.002691688178590155
2021-12-20,ETH,,0.2010169592393867,1,0.017698996405843832
2021-12-20,FET,,-0.05239049485882807,-1,-2.654289067306601e-08
2021-12-20,FIL,,0.041900346140570505,0,0.0
2021-12-20,HBAR,,-0.27683726411252013,-1,-0.0198013210274546
2021-12-20,ICP,,-0.1298681850468879,-1,-0.005782922346762778
2021-12-20,JST,,-0.22172047240947432,-1,-0.019997383963680993
2021-12-20,LINK,,0.0013553820841398318,0,0.0
2021-12-20,LTC,,0.03348545605121123,0,0.0
2021-12-20,NEAR,,-1.2721377011292996,-1,-0.05185578480127098
2021-12-20,QNT,,-0.11710840706794919,-1,-0.006613584952582963
2021-12-20,SHIB,,0.012918823123681786,0,0.0
2021-12-20,SOL,,0.4902923317494163,1,0.14507136837910287
2021-12-20,STX,,0.6763769304618641,1,0.2
2021-12-20,TRX,,-0.16590288272988912,-1,-0.01717591974559663
2021-12-20,UNI,,0.11997106627098603,1,7.163131016933679e-12
2021-12-20,VET,,0.0935973869073783,0,0.0
2021-12-20,XLM,,0.13017190095993197,1,0.00017011330675953528
2021-12-20,XRP,,0.21880569702159558,1,0.010849507873381924
2021-12-20,ZEC,,0.13461735827533014,1,0.0003259991485129466
2021-12-27,AAVE,,-0.44359604040717227,-1,-0.017585252011730865
2021-12-27,ADA,,-0.044724667024904574,-1,-2.593894011933297e-08
2021-12-27,ALGO,,0.14929733107214152,1,5.8488190748945075e-05
2021-12-27,ATOM,,-0.2039520304548436,-1,-0.006491626686226277
2021-12-27,AVAX,,0.1417313829553242,1,8.581927771325552e-12
2021-12-27,BCH,,0.4890729442457055,1,0.17065512941416683
2021-12-27,BNB,,0.10947414230181014,0,0.0
2021-12-27,BTC,,-0.21830902902824112,-1,-0.022696136542570418
2021-12-27,CAKE,,0.09346016663232176,0,0.0
2021-12-27,CHZ,,0.1421427556373913,1,2.722741251736637e-07
2021-12-27,DASH,,0.27167150299987175,1,0.014495558423593931
2021-12-27,DEXE,,-0.08507933731262936,-1,-0.0038536300846615775
2021-12-27,DOGE,,0.006481495279995686,0,0.0
2021-12-27,DOT,,-0.12038630150927065,-1,-0.003772420629846072
2021-12-27,ETC,,0.06650608607296532,0,0.0
2021-12-27,ETH,,-0.30126816426637043,-1,-0.052240695846718914
2021-12-27,FET,,0.1921272390389868,1,0.0016970704676957857
2021-12-27,FIL,,0.3483308936247632,1,0.05409702692285704
2021-12-27,HBAR,,-0.24920934034178835,-1,-0.013262815242924057
2021-12-27,ICP,,0.2835113452315477,1,0.010611393416992106
2021-12-27,JST,,0.10193965081946472,0,0.0
2021-12-27,LINK,,0.035885870269221604,0,0.0
2021-12-27,LTC,,0.10764111433239162,0,0.0
2021-12-27,NEAR,,-1.4560064230184755,-1,-0.03705173569215048
2021-12-27,QNT,,0.0730260788658079,0,0.0
2021-12-27,SHIB,,-0.25442783065061564,-1,-0.011681004097068662
2021-12-27,SOL,,-0.2099141807156507,-1,-0.01471783790783767
2021-12-27,STX,,0.555781215323717,1,0.166927891446892
2021-12-27,TRX,,-0.005161907603210584,0,0.0
2021-12-27,UNI,,0.159876570918246,1,0.000293553341231343
2021-12-27,VET,,0.0242728176491282,0,0.0
2021-12-27,XLM,,0.2783029496878932,1,0.01633117565254635
2021-12-27,XRP,,-0.018210866648043333,0,0.0
2021-12-27,ZEC,,-0.020287433977479938,0,0.0
2022-01-03,AAVE,,-0.7203526756460971,-1,-0.04723374586433872
2022-01-03,ADA,,-0.11761546475777275,-1,-0.0057227977609628266
2022-01-03,ALGO,,-0.06732712112413461,-1,9.564937262202493e-07
2022-01-03,ATOM,,-0.3795443761520938,-1,-0.0246696916195186
2022-01-03,AVAX,,-0.07414407869331122,-1,-0.0004871769108117074
2022-01-03,BCH,,0.12533617446621975,1,0.004155080361012337
2022-01-03,BNB,,0.022677626627910775,0,0.0
2022-01-03,BTC,,-0.11913346072060318,-1,-0.009634275140801153
2022-01-03,CAKE,,0.136367584109817,1,0.0020444435180846186
2022-01-03,CHZ,,0.0911195027742283,1,4.612511112271718e-09
2022-01-03,DASH,,0.7334692419669356,1,0.1968601105348424
2022-01-03,DEXE,,0.005260084469475243,0,-6.522740050113286e-05
2022-01-03,DOGE,,0.051910082922488575,0,0.0
2022-01-03,DOT,,-0.19334101016449606,-1,-0.010767835336757788
2022-01-03,ETC,,0.04375217686151102,0,0.0
2022-01-03,ETH,,-0.08581836051095272,-1,-0.003903717249362164
2022-01-03,FET,,-0.03506861087597269,0,2.8724992446896736e-05
2022-01-03,FIL,,0.2968624787587098,1,0.03369045853285263
2022-01-03,HBAR,,-0.10263457241948784,-1,-0.003382635681828037
2022-01-03,ICP,,0.4667230785810196,1,0.03605538119885094
2022-01-03,JST,,0.07932260459593343,0,0.0
2022-01-03,LINK,,0.49273988839250776,1,0.05230670798699145
2022-01-03,LTC,,0.09126480698578848,1,9.331938105005202e-08
2022-01-03,NEAR,,-1.3607857627074165,-1,-0.062222754110373396
2022-01-03,QNT,,0.24605736630776442,1,0.0229896961485004
2022-01-03,SHIB,,-0.19961163616474134,-1,-0.011893747700335574
2022-01-03,SOL,,-0.01877373641879251,0,-0.0002491174001226417
2022-01-03,STX,,0.052716080271032834,0,0.0028254586431515905
2022-01-03,TRX,,0.056808071366665526,0,0.0
2022-01-03,UNI,,-0.029066419994670536,0,4.968749188759801e-06
2022-01-03,VET,,0.0949356312106366,1,1.542569942169872e-05
2022-01-03,XLM,,0.021805207771971542,0,0.0002764251138641753
2022-01-03,XRP,,0.025268527734554694,0,0.0
2022-01-03,ZEC,,0.36882107017537463,1,0.06980473621518825
2022-01-10,AAVE,,-0.7695773708147478,-1,-0.05493332926942947
2022-01-10,ADA,,0.07388309653042009,0,0.0
2022-01-10,ALGO,,-0.1988634276055523,-1,-0.012999016507632627
2022-01-10,ATOM,,-0.14468307682665266,-1,-0.0037478549573442196
2022-01-10,AVAX,,0.10391682769883953,0,0.0
2022-01-10,BCH,,0.17790068295185688,1,3.237134900065423e-11
2022-01-10,BNB,,0.24292231293901934,1,0.010668655053612844
2022-01-10,BTC,,-0.05128447294973916,0,0.0
2022-01-10,CAKE,,0.4260243660752002,1,0.14627703906265926
2022-01-10,CHZ,,0.004944399467691518,0,0.0
2022-01-10,DASH,,0.01829401295061385,0,0.0
2022-01-10,DEXE,,-0.13576669519691062,-1,-0.006496797867494526
2022-01-10,DOGE,,0.27167583159678144,1,0.017672348690489097
2022-01-10,DOT,,-0.13509656224485458,-1,-0.002944186979005646
2022-01-10,ETC,,0.23582761524315976,1,0.009217668470185196
2022-01-10,ETH,,0.11171822896898659,0,0.0
2022-01-10,FET,,-0.10248484093343911,-1,-3.914476297937998e-08
2022-01-10,FIL,,0.29832872522088805,1,0.04907585666614887
2022-01-10,HBAR,,0.2397407789514837,1,0.01877393641507901
2022-01-10,ICP,,-0.22221829839317622,-1,-0.011847384081133411
2022-01-10,JST,,0.1804318277998387,1,4.4294598097552706e-05
2022-01-10,LINK,,-0.11542634881964157,-1,-0.0011702426271076173
2022-01-10,LTC,,0.4161726136764319,1,0.1365814680379912
2022-01-10,NEAR,,-1.310949205374721,-1,-0.065
2022-01-10,QNT,,0.06477886536858186,0,0.0
2022-01-10,SHIB,,-0.18334168822419003,-1,-0.008156182209012703
2022-01-10,SOL,,0.055699068075317944,0,0.0
2022-01-10,STX,,-0.021072296403866,0,0.0
2022-01-10,TRX,,0.2512475208591137,1,0.018815769823169914
2022-01-10,UNI,,0.04400375006149836,0,0.0
2022-01-10,VET,,0.03707684747716577,0,0.0
2022-01-10,XLM,,-0.17601760770937863,-1,-0.013006351624617487
2022-01-10,XRP,,0.08264897124853263,0,0.0
2022-01-10,ZEC,,0.22954554833544688,1,0.014207264349977228
2022-01-17,AAVE,,-0.24545351337365562,-1,-0.021347762285050354
2022-01-17,ADA,,0.11278656348631354,1,1.7396333824128558e-05
2022-01-17,ALGO,,0.002076924661092062,0,0.0
2022-01-17,ATOM,,0.07062690628690899,0,0.0
2022-01-17,AVAX,,0.11149934406041184,1,5.0925718467097294e-11
2022-01-17,BCH,,0.15851036336239716,1,0.01713295785457939
2022-01-17,BNB,,0.160746930509444,1,0.013552446667898945
2022-01-17,BTC,,0.051617032360748334,0,0.0
2022-01-17,CAKE,,-0.0013146638920797059,0,0.0
2022-01-17,CHZ,,0.10441138625602242,0,0.0
2022-01-17,DASH,,-0.08284614933733307,-1,-0.007860176473718195
2022-01-17,DEXE,,-0.07763982914077566,-1,-0.007971438181818537
2022-01-17,DOGE,,0.24469545652638713,1,0.08177112198074839
2022-01-17,DOT,,-0.03983393707020024,-1,-0.0016774463601414659
2022-01-17,ETC,,0.20917749031054256,1,0.05700549813204592
2022-01-17,ETH,,0.06718282954080235,0,0.0
2022-01-17,FET,,0.13063601827263488,1,0.002739629542435227
2022-01-17,FIL,,-0.022863309536531023,-1,-0.00018146156577164972
2022-01-17,HBAR,,0.18476144044563442,1,0.043538870303949415
2022-01-17,ICP,,-0.5557069250689474,-1,-0.04519148036418782
2022-01-17,JST,,0.061666805780494,0,0.0
2022-01-17,LINK,,-0.4606015489086452,-1,-0.03994407197923594
2022-01-17,LTC,,0.11750660995470981,1,0.00033511720556575
2022-01-17,NEAR,,-0.862025773808103,-1,-0.05341345428372976
2022-01-17,QNT,,0.002318788769446156,0,0.0
2022-01-17,SHIB,,0.14672630145230434,1,0.008412160442691616
2022-01-17,SOL,,0.0210317270266841,0,0.0
2022-01-17,STX,,0.04492112966006697,0,0.0
2022-01-17,TRX,,0.3225622030825844,1,0.2
2022-01-17,UNI,,-0.020647496229514846,-1,-2.9666173049261088e-08
2022-01-17,VET,,-0.030685805745816627,-1,-0.0010661575866893625
2022-01-17,XLM,,0.0043494296785167325,0,0.0
2022-01-17,XRP,,0.10914273809291086,0,0.0
2022-01-17,ZEC,,-0.039335467465446645,-1,-0.0023586086890681557
2022-01-24,AAVE,,-0.2106423771379463,-1,-0.011251785079320321
2022-01-24,ADA,,-0.32831338715744113,-1,-0.023155631495450246
2022-01-24,ALGO,,0.021772851783870763,0,0.0
2022-01-24,ATOM,,-0.7068227472105493,-1,-0.05071884618573686
2022-01-24,AVAX,,0.369049568622019,1,0.0700102761638911
2022-01-24,BCH,,0.041669196753200584,0,0.0006788742693274383
2022-01-24,BNB,,-0.04497362066764246,0,0.0005370005230480295
2022-01-24,BTC,,0.2212029851111794,1,0.004314780895460568
2022-01-24,CAKE,,-0.15269004184330248,-1,-0.0073448610916899675
2022-01-24,CHZ,,0.3463352764676956,1,0.06098849867613408
2022-01-24,DASH,,-0.007258137453548603,0,-0.0003114506908656117
2022-01-24,DEXE,,0.2191136864112603,1,0.0023645159623507106
2022-01-24,DOGE,,0.07320346887565789,0,0.003240089140353994
2022-01-24,DOT,,-0.05328016675419311,0,-6.646693359912926e-05
2022-01-24,ETC,,0.19339178217290087,1,0.0022587790595669163
2022-01-24,ETH,,0.06531784237820537,0,0.0
2022-01-24,FET,,-0.2739140991154316,-1,-0.02551273274593446
2022-01-24,FIL,,0.3233580285679009,1,0.04019486828565317
2022-01-24,HBAR,,0.20057621484746588,1,0.0020916566862528713
2022-01-24,ICP,,-0.5096507863688249,-1,-0.029078186455341937
2022-01-24,JST,,0.4710471840426975,1,0.19207522396203192
2022-01-24,LINK,,-0.15347992607215177,-1,-0.006847200554106432
2022-01-24,LTC,,-0.05342550382138809,0,1.327864400289141e-05
2022-01-24,NEAR,,-0.8326593124920634,-1,-0.037487156732685434
2022-01-24,QNT,,-0.13638508046034825,-1,-0.007681425439094258
2022-01-24,SHIB,,0.0705505957611882,0,0.0003333224375189278
2022-01-24,SOL,,-0.016818669931247865,0,0.0
2022-01-24,STX,,0.29612777463600387,1,0.028699499109014457
2022-01-24,TRX,,0.3820988952174279,1,0.12552795039081405
2022-01-24,UNI,,-0.05752407981698509,-1,-2.314925563670873e-08
2022-01-24,VET,,0.1965474402076199,1,1.3954085485662219e-05
2022-01-24,XLM,,-0.006186284710685251,0,0.0
2022-01-24,XRP,,-0.06819753569807553,-1,-0.001224278027845222
2022-01-24,ZEC,,0.12085896485552645,0,-9.3457228110353e-05
2022-01-31,AAVE,,-0.17661839110703187,-1,-0.011524075315008517
2022-01-31,ADA,,-0.4124707366604749,-1,-0.044182033180429583
2022-01-31,ALGO,,-0.01204575178699482,0,0.0
2022-01-31,ATOM,,-0.6716129469182239,-1,-0.059663113775851775
2022-01-31,AVAX,,0.23631445749206473,1,0.04280758716064222
2022-01-31,BCH,,0.1612903740888042,1,0.0043975487540880084
2022-01-31,BNB,,-0.05068126478938804,-1,-0.0016787089610159954
2022-01-31,BTC,,0.1475150920355891,1,0.0010776781637371882
2022-01-31,CAKE,,-0.09497716120170004,-1,-0.005243893623284855
2022-01-31,CHZ,,0.26958432898857215,1,0.059095254048440994
2022-01-31,DASH,,0.1714242341285623,1,0.0066223186977527465
2022-01-31,DEXE,,0.1379594620199026,1,4.475177606138929e-11
2022-01-31,DOGE,,0.02762766396463773,0,0.0
2022-01-31,DOT,,-0.028765404268824568,0,0.0
2022-01-31,ETC,,0.26824104914282476,1,0.07850924678654256
2022-01-31,ETH,,0.024043923770916208,0,0.0
2022-01-31,FET,,-0.03268585503080329,-1,-3.406654961548668e-08
2022-01-31,FIL,,0.148691330682037,1,0.0007360977843158606
2022-01-31,HBAR,,0.31365971557817257,1,0.15282537947752425
2022-01-31,ICP,,-0.03912877062367275,-1,-0.0004122728088807082
2022-01-31,JST,,-0.01717499847261398,0,0.0
2022-01-31,LINK,,-0.1407766470174774,-1,-0.010950372224463364
2022-01-31,LTC,,0.046728771701275526,0,0.0
2022-01-31,NEAR,,-0.8530307153332064,-1,-0.04595823698753971
2022-01-31,QNT,,-0.24064415539236012,-1,-0.01269074201661232
2022-01-31,SHIB,,0.06354467438062299,0,0.0
2022-01-31,SOL,,-0.0051916187596096584,0,0.0
2022-01-31,STX,,0.16408263858003358,1,0.004075811606436807
2022-01-31,TRX,,0.396518182172988,1,0.2
2022-01-31,UNI,,-0.16450989543894134,-1,-0.011468631283693409
2022-01-31,VET,,0.11922044675075416,0,0.0
2022-01-31,XLM,,0.11416808669561569,0,0.0
2022-01-31,XRP,,0.12920148750935617,0,0.0
2022-01-31,ZEC,,0.0004983931185917306,0,0.0
2022-02-07,AAVE,,-0.06643870465652489,0,-0.0019308301143530424
2022-02-07,ADA,,-0.07751450703330239,0,-0.0074025896088180596
2022-02-07,ALGO,,-0.03489333804669989,0,0.0
2022-02-07,ATOM,,-0.3188255236682918,-1,-0.03030548151769084
2022-02-07,AVAX,,0.24608728973140953,1,0.017296364089088676
2022-02-07,BCH,,0.45167393870045414,1,0.08002294712494612
2022-02-07,BNB,,0.1200530303737731,0,-0.00028126350501568153
2022-02-07,BTC,,0.08044771162595837,0,0.00018056229200571778
2022-02-07,CAKE,,0.2873500047640542,1,0.017199114104230702
2022-02-07,CHZ,,-0.1265427047686986,-1,0.009901240618517972
2022-02-07,DASH,,0.12137425822849232,1,0.0011095530099423144
2022-02-07,DEXE,,0.394916506765772,1,0.040822014297836
2022-02-07,DOGE,,0.31687895594433363,1,0.03565658966667059
2022-02-07,DOT,,-0.2326967999896407,-1,-0.008301711301598952
2022-02-07,ETC,,0.5039922587413167,1,0.09636111720779261
2022-02-07,ETH,,-0.13738135095577791,-1,-0.0008601444464777808
2022-02-07,FET,,0.26123440251591107,1,0.014980443223214257
2022-02-07,FIL,,0.09865963245801995,0,0.00012333135025719528
2022-02-07,HBAR,,-0.12230015314152923,0,0.025605511667242786
2022-02-07,ICP,,-0.2546171979543981,-1,-0.010208162443942185
2022-02-07,JST,,-0.9971432752693276,-1,-0.05327579656581422
2022-02-07,LINK,,-0.16244601534748992,-1,-0.004819744470462518
2022-02-07,LTC,,0.16194916680374752,1,0.0015711782520850166
2022-02-07,NEAR,,-0.4996738028693194,-1,-0.031611614104885395
2022-02-07,QNT,,-0.46416871365371937,-1,-0.021947302139942688
2022-02-07,SHIB,,0.09884935742505345,0,0.0
2022-02-07,SOL,,-0.3859470700288776,-1,-0.02040928702057655
2022-02-07,STX,,-0.04860487811183264,0,0.0006828920824466186
2022-02-07,TRX,,0.30517227271483105,1,0.0648531964794101
2022-02-07,UNI,,0.09289233901260413,0,-0.0019215406050086415
2022-02-07,VET,,0.017803065826942084,0,0.0
2022-02-07,XLM,,0.009423732478873114,0,0.0
2022-02-07,XRP,,0.5953796042000179,1,0.1274468230744316
2022-02-07,ZEC,,-0.23494349281612775,-1,-0.007063668699774789
2022-02-14,AAVE,,-0.1314771244749241,0,-0.0002820916967253915
2022-02-14,ADA,,-0.34051228309172193,-1,-0.03832219781389788
2022-02-14,ALGO,,0.10152062774269657,1,0.0007597829595809706
2022-02-14,ATOM,,0.07346428922700744,1,-0.004427590304382386
2022-02-14,AVAX,,0.5698390696443875,1,0.14768489819377606
2022-02-14,BCH,,0.0571554199104776,0,0.011691245523693355
2022-02-14,BNB,,0.05615678351537752,0,-4.109222182055577e-05
2022-02-14,BTC,,-0.39121182819350836,-1,-0.054085263682957234
2022-02-14,CAKE,,0.22360817754479304,1,0.016466120020277808
2022-02-14,CHZ,,0.09926690846242776,1,0.0017621148218059848
2022-02-14,DASH,,0.276306880530564,1,0.020762657675320872
2022-02-14,DEXE,,0.6337240245513358,1,0.17674430923038562
2022-02-14,DOGE,,0.04549984780244603,0,0.005209380050446549
2022-02-14,DOT,,-0.11428662505829931,0,-0.0012128689154908287
2022-02-14,ETC,,-0.15026949387317898,-1,0.013119544281411988
2022-02-14,ETH,,-0.27493408161037897,-1,-0.02034071258626774
2022-02-14,FET,,0.12863187390928538,1,0.0042498860114743645
2022-02-14,FIL,,0.3999145305048111,1,0.059114155687217666
2022-02-14,HBAR,,0.02701243769500034,0,0.0037409310006305506
2022-02-14,ICP,,0.0257345461329673,0,-0.0014913988770187282
2022-02-14,JST,,-0.6539371898601521,-1,-0.04092568563360929
2022-02-14,LINK,,0.05633983011073618,0,-0.0007041582194874541
2022-02-14,LTC,,-0.18856191198404318,-1,-0.006036915004666986
2022-02-14,NEAR,,-0.1709823643294006,-1,-0.006661308895208461
2022-02-14,QNT,,-0.33916056056166877,-1,-0.016465945979369703
2022-02-14,SHIB,,-0.23176818395536272,-1,-0.007102868235973853
2022-02-14,SOL,,0.033297240289618515,0,-0.0029817695310387395
2022-02-14,STX,,-0.15195889724130188,-1,-0.0012156601052154578
2022-02-14,TRX,,0.2619799902878533,1,0.03656131018683678
2022-02-14,UNI,,0.03855315099394682,0,-0.00028073451183728104
2022-02-14,VET,,-0.09592114059719001,0,0.0
2022-02-14,XLM,,-0.1153551106848246,0,0.0
2022-02-14,XRP,,0.3818364672497281,1,0.061786246281071405
2022-02-14,ZEC,,-0.1395053005895113,-1,-0.001032019691262407
2022-02-21,AAVE,,0.017544674159969166,0,-2.7796294043552923e-05
2022-02-21,ADA,,-0.2325913535955156,-1,-0.02524581498992022
2022-02-21,ALGO,,0.2267236619677753,1,0.012995508113511033
2022-02-21,ATOM,,0.40570472098110333,1,0.03141304361944269
2022-02-21,AVAX,,0.412126568420518,1,0.061780677797105915
2022-02-21,BCH,,0.32050115494008835,1,0.029612380014363223
2022-02-21,BNB,,0.050828942506369566,0,-4.049078699891623e-06
2022-02-21,BTC,,-0.11025726986207601,0,-0.005329365983494594
2022-02-21,CAKE,,-0.1834337313060902,-1,-0.007178124964122814
2022-02-21,CHZ,,-0.09456047549604155,0,0.00017363241206317043
2022-02-21,DASH,,-0.020341209879926644,0,0.002045877083828758
2022-02-21,DEXE,,-0.08085295973924017,0,0.017415744053873944
2022-02-21,DOGE,,-0.13170830367495917,-1,0.0005132418873787081
2022-02-21,DOT,,0.24987361867541552,1,0.00893677342293572
2022-02-21,ETC,,0.020624643406174384,0,0.001292752373773489
2022-02-21,ETH,,0.05367502846706308,1,-0.0020043001394451955
2022-02-21,FET,,-0.22623868073910536,-1,-0.016799924921889354
2022-02-21,FIL,,0.7715642447578441,1,0.16283823383386645
2022-02-21,HBAR,,0.15067831658289116,1,0.0034723123122372343
2022-02-21,ICP,,-0.030500107775488616,0,-0.00014695704341199695
2022-02-21,JST,,-0.9327083512162428,-1,-0.06262780426083739
2022-02-21,LINK,,0.12732607807422203,1,0.0038320644367970773
2022-02-21,LTC,,-0.17466127786699784,-1,-0.0070271281400798285
2022-02-21,NEAR,,-0.19528276153840793,-1,-0.0061811451374057195
2022-02-21,QNT,,-0.35106438032984083,-1,-0.020908856215135378
2022-02-21,SHIB,,-0.399417041441536,-1,-0.028520757605854964
2022-02-21,SOL,,0.027120834335488977,0,-0.00029381276945398107
2022-02-21,STX,,-0.03157047321721811,0,-0.00011978674357962342
2022-02-21,TRX,,0.07903109497539101,1,0.004016344905530982
2022-02-21,UNI,,0.7870630410389116,1,0.15559301251218252
2022-02-21,VET,,-0.02161307234032647,0,0.0
2022-02-21,XLM,,-0.11985622002737382,0,0.0
2022-02-21,XRP,,-0.1412829757684304,-1,0.0048092586334129855
2022-02-21,ZEC,,-0.2224459774744051,-1,-0.009583631178229565
2022-02-28,AAVE,,-0.10641866789987907,-1,-0.0015028286579024381
2022-02-28,ADA,,-0.1850660617392361,-1,-0.02165447529558072
2022-02-28,ALGO,,0.03126268245487094,0,0.0042538998815008205
2022-02-28,ATOM,,-0.03936259676631927,0,0.010282625455129257
2022-02-28,AVAX,,-0.09805587396983892,-1,0.019788577654121377
2022-02-28,BCH,,-0.09402260509384754,-1,0.009693162876471127
2022-02-28,BNB,,0.08776643254827396,0,-1.325409922506132e-06
2022-02-28,BTC,,-0.17214340772030234,-1,-0.013059919553763929
2022-02-28,CAKE,,0.18056731530183712,1,0.009350504057233738
2022-02-28,CHZ,,-0.22560272451985283,-1,-0.005740707756171805
2022-02-28,DASH,,0.09910441706083319,0,0.0006696895733854531
2022-02-28,DEXE,,0.16522658140602373,1,0.009933463463647372
2022-02-28,DOGE,,0.07516498763992675,0,0.0001680026348205388
2022-02-28,DOT,,0.08367956816053015,0,0.002925329203965616
2022-02-28,ETC,,-0.17833832976479355,-1,-0.005544054785097948
2022-02-28,ETH,,-0.06869803031799654,0,-0.0006560799355597091
2022-02-28,FET,,-0.34511592424276605,-1,-0.01887126828542581
2022-02-28,FIL,,0.072144097454836,0,0.05330284414885715
2022-02-28,HBAR,,0.1334082588447496,1,0.0011863831960911985
2022-02-28,ICP,,0.18958073381112764,1,0.018513713877783573
2022-02-28,JST,,0.07023456195875762,0,-0.020500345719214462
2022-02-28,LINK,,0.1473718563225667,1,0.00317269377931219
2022-02-28,LTC,,0.03464816335218542,0,-0.0023002332268407524
2022-02-28,NEAR,,-0.19521917433729072,-1,-0.006306755344004239
2022-02-28,QNT,,0.3781070611160401,1,0.12768854060434595
2022-02-28,SHIB,,0.10538634256248473,0,-0.009335875622571672
2022-02-28,SOL,,0.1312950918833538,1,-9.617551669390854e-05
2022-02-28,STX,,0.2310188168736489,1,0.05011679394128908
2022-02-28,TRX,,0.17275177955917367,1,0.011868379482529253
2022-02-28,UNI,,-0.037750842272803925,0,0.050931221134770055
2022-02-28,VET,,0.18767799346620553,1,0.012355979114914135
2022-02-28,XLM,,-0.5622957770598243,-1,-0.04372314880784992
2022-02-28,XRP,,-0.586195045855857,-1,-0.036783154649882396
2022-02-28,ZEC,,0.317888319783186,1,0.1313956964170822
2022-03-07,AAVE,,0.12366432139171879,1,0.0026826341771605676
2022-03-07,ADA,,-0.06917666653615931,-1,-0.010489943427481828
2022-03-07,ALGO,,-0.5208998101404961,-1,-0.057156183080302264
2022-03-07,ATOM,,-0.08123188103639409,-1,-0.008318980681826238
2022-03-07,AVAX,,-0.019566887203805096,-1,0.0008788533330195795
2022-03-07,BCH,,0.07012119499667674,0,0.001097864453928895
2022-03-07,BNB,,-0.004585592556048061,0,-1.5011822862651417e-07
2022-03-07,BTC,,-0.20109993248784588,-1,-0.029671871962160777
2022-03-07,CAKE,,0.2253223742784039,1,0.04766855980540964
2022-03-07,CHZ,,-0.42031122112375263,-1,-0.020785640441906318
2022-03-07,DASH,,0.14957972884954537,1,0.006696041365094408
2022-03-07,DEXE,,0.09628483683553377,1,0.0011250813363774398
2022-03-07,DOGE,,-0.0037958400291948267,0,1.902827005863898e-05
2022-03-07,DOT,,0.20274995786243666,1,0.03266277480434089
2022-03-07,ETC,,0.030354903719133224,0,-0.0006279292689868963
2022-03-07,ETH,,-0.00781325027514591,-1,-0.00012205014452428844
2022-03-07,FET,,-0.3615896736369849,-1,-0.02011469247732018
2022-03-07,FIL,,0.06315442060530553,0,0.006037172657687398
2022-03-07,HBAR,,0.03869507764269705,0,0.00013437182025370664
2022-03-07,ICP,,-0.0072278323211961044,-1,0.0020968523326064803
2022-03-07,JST,,0.31400038263798974,1,0.12376621921615757
2022-03-07,LINK,,0.029851884397466718,0,0.0003593448049824021
2022-03-07,LTC,,0.10319232396428978,1,-1.5638980031447598e-05
2022-03-07,NEAR,,-0.06412340686882986,-1,-0.0034610362250276565
2022-03-07,QNT,,0.3680170252800447,1,0.16035163833740418
2022-03-07,SHIB,,0.1547498794638997,1,0.008778312206730716
2022-03-07,SOL,,0.05220652487096727,0,-1.0893005973600973e-05
2022-03-07,STX,,-0.0056929408779071685,0,0.0056763150804550674
2022-03-07,TRX,,0.2584438103595491,1,0.08165793626791656
2022-03-07,UNI,,0.07068370670226348,0,0.00576855851816787
2022-03-07,VET,,0.06605878990571304,0,0.001399459643526649
2022-03-07,XLM,,0.08848660135168648,0,-0.004952159733795529
2022-03-07,XRP,,0.10466153229593095,1,-0.003790977604823949
2022-03-07,ZEC,,-0.8431643423174987,-1,-0.014427023906118663
2022-03-14,AAVE,,-0.3288145050774352,-1,-0.016612541905673538
2022-03-14,ADA,,-0.0893817102150741,-1,-0.003805873932085109
2022-03-14,ALGO,,-0.053771822415327526,-1,-4.118354365405999e-08
2022-03-14,ATOM,,0.12133086506947424,1,0.0009946991472064657
2022-03-14,AVAX,,-0.20742646142818874,-1,-0.011494918342119695
2022-03-14,BCH,,0.07854557355035992,0,0.0
2022-03-14,BNB,,-0.09330562507960763,-1,-0.005902952119046775
2022-03-14,BTC,,0.025075328381442837,0,0.0
2022-03-14,CAKE,,0.011090412820015716,0,0.0
2022-03-14,CHZ,,-0.5814600834758161,-1,-0.04246138497538854
2022-03-14,DASH,,0.03209219831905897,0,0.0
2022-03-14,DEXE,,-0.0872478686503249,-1,-0.0022248449465520287
2022-03-14,DOGE,,-0.017396648859095844,0,0.0
2022-03-14,DOT,,0.5685604889181041,1,0.18298892756968332
2022-03-14,ETC,,-0.6065028988972706,-1,-0.02594105413566615
2022-03-14,ETH,,0.01613636437123839,0,0.0
2022-03-14,FET,,-0.4722692617808869,-1,-0.03543761136961124
2022-03-14,FIL,,-0.1923196294180125,-1,-0.024143031730659698
2022-03-14,HBAR,,0.2924508783154771,1,0.03838576444048088
2022-03-14,ICP,,0.13130110983339272,1,0.0015895173576909547
2022-03-14,JST,,0.541439867158444,1,0.11886158072141811
2022-03-14,LINK,,0.008611915280626093,0,0.0
2022-03-14,LTC,,0.15865214017997695,1,0.003096941214476362
2022-03-14,NEAR,,-0.037182871914505894,0,0.0
2022-03-14,QNT,,0.7830286597928791,1,0.2
2022-03-14,SHIB,,0.1863735862145377,1,0.006425177132132943
2022-03-14,SOL,,0.15790252699182256,1,0.002879028027161984
2022-03-14,STX,,0.009335285694752182,0,0.0
2022-03-14,TRX,,0.1705053493497256,1,0.007046862575203557
2022-03-14,UNI,,0.00873086868652257,0,0.0
2022-03-14,VET,,0.02835692034652522,0,0.0
2022-03-14,XLM,,0.02929035921030785,0,0.0
2022-03-14,XRP,,0.09255599989728691,1,9.283007185243552e-12
2022-03-14,ZEC,,-0.6842873111704244,-1,-0.037377092481366836
2022-03-21,AAVE,,-0.6900491201766652,-1,-0.0306526361242846
2022-03-21,ADA,,-0.4293249356060376,-1,-0.014186194289036946
2022-03-21,ALGO,,-0.3167612251706175,-1,-0.008086497261700512
2022-03-21,ATOM,,0.1779382202741696,0,3.243669198306335e-05
2022-03-21,AVAX,,-0.547357168763219,-1,-0.028203426890547424
2022-03-21,BCH,,-0.033252572079294364,0,0.0
2022-03-21,BNB,,0.2484165361714154,1,0.0019816503595783165
2022-03-21,BTC,,0.20178036970458874,1,7.601184828340638e-12
2022-03-21,CAKE,,-0.05310470597219853,0,0.0
2022-03-21,CHZ,,-0.2867541796734596,-1,-0.007382474181928965
2022-03-21,DASH,,0.1810188217118241,0,0.0
2022-03-21,DEXE,,-0.04350780514523815,0,-7.255119343779195e-05
2022-03-21,DOGE,,-0.022721022667891472,0,0.0
2022-03-21,DOT,,0.26744888591378746,1,0.008370783246962
2022-03-21,ETC,,-0.7565618589506871,-1,-0.0251701472962395
2022-03-21,ETH,,0.04946458040522181,0,0.0
2022-03-21,FET,,-0.13020825543136938,0,-0.0011556045743477336
2022-03-21,FIL,,-0.6107368005543798,-1,-0.023943425323696456
2022-03-21,HBAR,,0.18069952470302703,0,0.0012517425205270244
2022-03-21,ICP,,-0.19294137611366713,-1,-0.0009551232071587253
2022-03-21,JST,,0.7659795937228583,1,0.14121714579448458
2022-03-21,LINK,,0.10987820562465739,0,0.0
2022-03-21,LTC,,0.37753638240650705,1,0.0184544470766765
2022-03-21,NEAR,,0.41796610865652684,1,0.017952571426358848
2022-03-21,QNT,,0.3452831944147912,1,0.015675655073049327
2022-03-21,SHIB,,0.30152563886375067,1,0.006305295780273339
2022-03-21,SOL,,0.17800595682561976,0,9.388380958194999e-05
2022-03-21,STX,,0.20471302154974583,1,1.0244490684581619e-05
2022-03-21,TRX,,0.5719030042469848,1,0.10583865998937537
2022-03-21,UNI,,-0.1717370793896395,-1,-1.7874584612677532e-08
2022-03-21,VET,,-0.6231042253892665,-1,-0.0197452869270888
2022-03-21,XLM,,0.1181250481933848,0,0.0
2022-03-21,XRP,,0.9476115638489969,1,0.1934780899184133
2022-03-21,ZEC,,-0.7371723261542181,-1,-0.03714031749439184
2022-03-28,AAVE,,-0.13552798137933209,0,0.0
2022-03-28,ADA,,-0.5528588559470424,-1,-0.02950584417400326
2022-03-28,ALGO,,-0.3484100350943012,-1,-0.014841028369251491
2022-03-28,ATOM,,0.42370073071609515,1,0.038366290998298705
2022-03-28,AVAX,,-0.21242029970270096,-1,-0.0052317126868681365
2022-03-28,BCH,,-0.06262043172225835,0,0.0
2022-03-28,BNB,,0.13086340598977098,0,0.0
2022-03-28,BTC,,-0.3262889263804575,-1,-0.0277732349618349
2022-03-28,CAKE,,0.27929252890642764,1,0.003517591507285627
2022-03-28,CHZ,,-0.151477662935429,-1,-0.00010236091303992074
2022-03-28,DASH,,-0.1196491706284143,0,0.0
2022-03-28,DEXE,,0.10060301459671304,0,0.0
2022-03-28,DOGE,,-0.0513773749635361,0,0.0
2022-03-28,DOT,,0.2002613196591423,1,0.0003927577527159714
2022-03-28,ETC,,-0.8914024425442932,-1,-0.038620625802077514
2022-03-28,ETH,,0.08431767662378026,0,0.0
2022-03-28,FET,,-0.14812934806343794,0,0.0
2022-03-28,FIL,,-0.3145987670580089,-1,-0.010978779438317718
2022-03-28,HBAR,,0.1812477896894172,1,1.1239331241238321e-05
2022-03-28,ICP,,-0.14925121833812083,-1,-2.300653257914106e-08
2022-03-28,JST,,0.8762284451930776,1,0.16472138282370102
2022-03-28,LINK,,0.17843949554991312,1,5.520222040108004e-12
2022-03-28,LTC,,-0.002095424006819554,0,0.0
2022-03-28,NEAR,,0.6393691250866211,1,0.058592205383341485
2022-03-28,QNT,,-0.20286748388008038,-1,-0.00417392231281628
2022-03-28,SHIB,,0.4612553895431055,1,0.0399648045617294
2022-03-28,SOL,,0.3553829515637954,1,0.00968026484298033
2022-03-28,STX,,0.6634201890809953,1,0.15236529784363584
2022-03-28,TRX,,0.5016697614401532,1,0.08606934848688869
2022-03-28,UNI,,0.10690893699340787,0,0.0
2022-03-28,VET,,-0.5730951782045626,-1,-0.023070402103820078
2022-03-28,XLM,,0.09528925409916582,0,0.0
2022-03-28,XRP,,-0.05556117008953028,0,0.0
2022-03-28,ZEC,,-0.9806182437932475,-1,-0.04716141215387755
2022-04-04,AAVE,,-0.45357451751562156,-1,-0.026229576935122983
2022-04-04,ADA,,-0.34439690655006433,-1,-0.027529963213155855
2022-04-04,ALGO,,-0.20558374849234573,-1,-0.0125038443567833
2022-04-04,ATOM,,0.08671990376068331,1,0.002107397106030724
2022-04-04,AVAX,,-0.016790634896275983,0,0.0
2022-04-04,BCH,,-0.005370877912697492,0,0.0
2022-04-04,BNB,,0.16170521712781433,1,0.01278410475786391
2022-04-04,BTC,,-0.1686842250633142,-1,-0.016846454937207964
2022-04-04,CAKE,,0.17328669375287706,1,0.006512089322629304
2022-04-04,CHZ,,-0.11975701701753964,-1,-0.0036115426690661923
2022-04-04,DASH,,-0.05584135244184144,0,0.0
2022-04-04,DEXE,,0.12151231947569324,1,0.0039630460484644655
2022-04-04,DOGE,,0.6629447773329941,1,0.15769593344013447
2022-04-04,DOT,,-0.05771703606531451,0,0.0
2022-04-04,ETC,,-0.5362953109661205,-1,-0.0352159723422368
2022-04-04,ETH,,0.020822495516578176,1,4.815997676725001e-12
2022-04-04,FET,,-0.22855449907226433,-1,-0.01304621184908911
2022-04-04,FIL,,-0.21268009117724593,-1,-0.012442397097471648
2022-04-04,HBAR,,-0.006767757706052421,0,0.0
2022-04-04,ICP,,-0.22286002069598654,-1,-0.013001341203143835
2022-04-04,JST,,1.0403084257101254,1,0.2
2022-04-04,LINK,,0.0038788621549876263,0,0.0
2022-04-04,LTC,,-0.006608008737650077,0,0.0
2022-04-04,NEAR,,0.4269989386864617,1,0.04332320175620516
2022-04-04,QNT,,-0.002519063282846714,0,0.0
2022-04-04,SHIB,,0.49259470928068944,1,0.1016318924253977
2022-04-04,SOL,,-0.02067809838762072,0,0.0
2022-04-04,STX,,0.07235074688553748,1,0.0010946028099538623
2022-04-04,TRX,,0.05888406896547711,1,0.0008148982768123804
2022-04-04,UNI,,0.01193903539514227,0,0.0
2022-04-04,VET,,-0.5269821784060222,-1,-0.034363626542787115
2022-04-04,XLM,,-0.07788228352884297,-1,-4.2824754779243176e-08
2022-04-04,XRP,,-0.04861170962850507,0,0.0
2022-04-04,ZEC,,-0.015790856500894596,0,0.0
2022-04-11,AAVE,,-0.3464363427022372,-1,-0.0173435223088635
2022-04-11,ADA,,-0.45296703680902667,-1,-0.036152844163015334
2022-04-11,ALGO,,-0.025663379199587128,0,-0.0006715104930855361
2022-04-11,ATOM,,-0.2538500485114843,-1,-0.018273047266681167
2022-04-11,AVAX,,0.11308842631585767,1,1.3185651919282507e-11
2022-04-11,BCH,,0.5198410721223307,1,0.16014965833764244
2022-04-11,BNB,,0.11052202409577319,0,0.0006865616881221968
2022-04-11,BTC,,-0.29409971525199796,-1,-0.034777308348771095
2022-04-11,CAKE,,0.14200044234184733,1,0.001248420184392831
2022-04-11,CHZ,,-0.028796582663614192,0,-0.00019395545316336534
2022-04-11,DASH,,0.09688235514641372,0,0.0
2022-04-11,DEXE,,0.09439781112888089,0,0.00021283270410202672
2022-04-11,DOGE,,0.19122723029382024,1,0.017128227197686197
2022-04-11,DOT,,-0.0772472617082989,0,0.0
2022-04-11,ETC,,-0.07072378689878976,0,-0.0018912499449973627
2022-04-11,ETH,,-0.21742091504949912,-1,-0.012698965530351002
2022-04-11,FET,,-0.3053054495250966,-1,-0.015459616809967424
2022-04-11,FIL,,-0.1509075267082241,-1,-0.000668242848854847
2022-04-11,HBAR,,-0.05342750143926791,0,0.0
2022-04-11,ICP,,-0.04713964017885296,0,-0.0006982282242948834
2022-04-11,JST,,0.15491216331578322,1,0.012877230769843068
2022-04-11,LINK,,-0.19158218920036102,-1,-0.005753249285232459
2022-04-11,LTC,,0.27055655209216967,1,0.032804405820536016
2022-04-11,NEAR,,0.31989033743866463,1,0.03740119926600934
2022-04-11,QNT,,0.03844288234207379,0,0.0
2022-04-11,SHIB,,0.7574999555379491,1,0.19471720740145992
2022-04-11,SOL,,-0.19782896387142457,-1,-0.004347056945338309
2022-04-11,STX,,0.07901763655525137,0,5.878490260046907e-05
2022-04-11,TRX,,0.14618858123804804,1,0.0019222372670993904
2022-04-11,UNI,,0.04519934259275557,0,0.0
2022-04-11,VET,,-0.5741193616784311,-1,-0.03745730453718645
2022-04-11,XLM,,0.13978469437690696,1,0.001130747844314371
2022-04-11,XRP,,0.320875668138595,1,0.08566200130544971
2022-04-11,ZEC,,-0.2528114736769316,-1,-0.01352226967955752
2022-04-18,AAVE,,-0.8805641214903095,-1,-0.023423584244545423
2022-04-18,ADA,,-0.07563802739954292,0,-0.00996223526753134
2022-04-18,ALGO,,0.33875082543223667,1,0.04508870732984162
2022-04-18,ATOM,,-0.09751782976869323,-1,-0.00503531687680068
2022-04-18,AVAX,,0.003558516789302981,0,3.633422753224196e-12
2022-04-18,BCH,,0.11841743635359477,0,0.04413065171803311
2022-04-18,BNB,,-0.0451570757882667,0,0.00018918813225057027
2022-04-18,BTC,,-0.10836540373703114,-1,-0.010585544354314864
2022-04-18,CAKE,,0.09489123023269726,0,0.00034401319944778923
2022-04-18,CHZ,,0.13169275089359334,0,-5.3446136827342306e-05
2022-04-18,DASH,,0.145470458403525,1,1.7832872604914802e-11
2022-04-18,DEXE,,0.436940338704518,1,0.08590828474012892
2022-04-18,DOGE,,-0.32159144890962976,-1,-0.02330489733257031
2022-04-18,DOT,,0.26234019798530583,1,0.016541461025308717
2022-04-18,ETC,,-0.28931535374772005,-1,-0.02413894369916349
2022-04-18,ETH,,-0.20863174970524961,-1,-0.012717631578345668
2022-04-18,FET,,0.27666613471257234,1,0.011056227347511853
2022-04-18,FIL,,0.05332353562107437,0,-0.00018414021442184997
2022-04-18,HBAR,,0.06668415241267989,0,0.0
2022-04-18,ICP,,0.2720948892200909,1,0.015481594968155023
2022-04-18,JST,,-0.5714699932623672,-1,-0.015954628366794434
2022-04-18,LINK,,-0.10101157020477608,-1,-0.0017323517972892251
2022-04-18,LTC,,0.14812072086484618,1,0.009067424097408818
2022-04-18,NEAR,,-0.42301480337228003,-1,-0.0031524116327280582
2022-04-18,QNT,,0.37776273661514037,1,0.09903423928533257
2022-04-18,SHIB,,0.30623291154168475,1,0.1023515288908241
2022-04-18,SOL,,-0.4598048680422331,-1,-0.012932767543873656
2022-04-18,STX,,0.2070033213347024,1,0.004598916027374211
2022-04-18,TRX,,0.35804566033684915,1,0.04405551171627144
2022-04-18,UNI,,0.06479174688712344,0,0.0
2022-04-18,VET,,-0.03923561019696902,0,-0.010321690835842032
2022-04-18,XLM,,0.05753962323734761,0,0.0003115875476496431
2022-04-18,XRP,,-0.22639905205271102,-1,0.008353094370794581
2022-04-18,ZEC,,0.12738972009889266,0,-0.003726180747808748
2022-04-25,AAVE,,-0.13225670724686575,-1,-0.007451028257096221
2022-04-25,ADA,,0.032929720758620905,0,-0.0023149475554500344
2022-04-25,ALGO,,0.043272249472435784,0,0.010477366776490908
2022-04-25,ATOM,,-0.08985156606160072,0,-0.001170068180667905
2022-04-25,AVAX,,0.06018552009993537,0,8.443068141450541e-13
2022-04-25,BCH,,-0.009698133333813832,0,0.010254741187254966
2022-04-25,BNB,,0.4059399897037533,1,0.08348739176254517
2022-04-25,BTC,,0.298109704694894,1,0.03339387381540587
2022-04-25,CAKE,,-0.5093761393866995,-1,-0.031664148629837886
2022-04-25,CHZ,,0.1180513575461176,1,-1.2419391814470785e-05
2022-04-25,DASH,,0.22784081709281234,1,0.013936549918392339
2022-04-25,DEXE,,0.2021646614973908,1,0.025267874232876637
2022-04-25,DOGE,,0.41814803893213764,1,0.0845049507433926
2022-04-25,DOT,,-0.16572576576679732,-1,-0.0018310820698422374
2022-04-25,ETC,,-0.09866397129833805,-1,-0.0056092717823797746
2022-04-25,ETH,,0.35224006497027766,1,0.05458974210202497
2022-04-25,FET,,-0.3636760578024225,-1,-0.016715073055045458
2022-04-25,FIL,,-0.04977809720731296,0,-4.2789085761225785e-05
2022-04-25,HBAR,,-0.10584472822722947,-1,-0.0005352715959923742
2022-04-25,ICP,,-0.10851333655264293,-1,0.0030255671518297205
2022-04-25,JST,,-0.16032739887034417,-1,-0.01115227683084559
2022-04-25,LINK,,-0.03962063082241519,0,-0.0004025505773171652
2022-04-25,LTC,,0.2621298097800452,1,0.023352815749555986
2022-04-25,NEAR,,-0.163870032551342,-1,-0.00621462380303337
2022-04-25,QNT,,0.09494030090621834,0,0.02301281429145019
2022-04-25,SHIB,,0.03766097552277496,0,0.023783660517897057
2022-04-25,SOL,,0.22492216676243465,1,0.006559552625048714
2022-04-25,STX,,0.03493142311292693,0,0.001068660710110701
2022-04-25,TRX,,0.04636801124165525,0,0.01023728073197324
2022-04-25,UNI,,0.045760101936306,0,0.0
2022-04-25,VET,,0.15739124884596123,1,-0.0008331572373366705
2022-04-25,XLM,,0.17758326707950597,1,0.0041273061697219325
2022-04-25,XRP,,-0.2067160452504006,-1,-0.01359781427783005
2022-04-25,ZEC,,-1.03665081957797,-1,-0.05076166148642894
2022-05-02,AAVE,,-0.019582920005710484,0,-0.00031132323154228585
2022-05-02,ADA,,0.13675604863600294,1,0.01329833095090329
2022-05-02,ALGO,,-0.3907494865308512,-1,-0.026880585476814982
2022-05-02,ATOM,,0.03333888865340484,0,-4.8888474793181954e-05
2022-05-02,AVAX,,0.15442577512721364,1,0.018121613629925627
2022-05-02,BCH,,0.0718588226640438,1,0.00042846963831420955
2022-05-02,BNB,,0.02920164313334479,0,0.003488319155386166
2022-05-02,BTC,,-0.10279267667235369,-1,-0.014003894698860632
2022-05-02,CAKE,,-0.36610003078701003,-1,-0.034575808209157774
2022-05-02,CHZ,,0.10986899681133175,1,0.005113540191274948
2022-05-02,DASH,,-0.010268860580348134,0,0.0005823051003748525
2022-05-02,DEXE,,-0.2870640771693562,-1,-0.019477754185605115
2022-05-02,DOGE,,0.13678362699780847,1,0.016936138550052784
2022-05-02,DOT,,-0.13800054270036635,-1,-0.014297521845773957
2022-05-02,ETC,,0.28119158355814095,1,0.09590908095606068
2022-05-02,ETH,,-0.023554682090783506,-1,0.0021621445013358595
2022-05-02,FET,,-0.12565060460452462,-1,-0.010165090147472204
2022-05-02,FIL,,0.07026402565332261,0,-1.7878386706207862e-06
2022-05-02,HBAR,,0.06181075187222312,0,-2.2365031679813497e-05
2022-05-02,ICP,,0.1536459048653435,1,0.013108087991293538
2022-05-02,JST,,0.29731918081720277,1,0.1023663895708301
2022-05-02,LINK,,-0.02259315681403271,-1,-1.6881677239076888e-05
2022-05-02,LTC,,0.012292025817295316,0,0.0009757410405522582
2022-05-02,NEAR,,0.1291785937594007,1,0.005696796431884872
2022-05-02,NEXO,,0.05207088204817191,0,0.0
2022-05-02,QNT,,-0.006294836127268365,0,0.0009615349002701085
2022-05-02,SHIB,,-0.002178412635282328,0,0.000993742849288562
2022-05-02,SOL,,0.023809370956507703,0,0.0002740750739680725
2022-05-02,STX,,-0.03940069801518951,-1,-0.0017761659701210188
2022-05-02,TRX,,-0.046251020823197424,-1,-0.001328098772702133
2022-05-02,UNI,,0.2931711392934134,1,0.08101875420997458
2022-05-02,VET,,0.21200815018637661,1,0.05351954941232126
2022-05-02,XLM,,0.011443843357696729,0,0.00017244952642590013
2022-05-02,XRP,,0.03339844537803138,0,-0.0005681518492235155
2022-05-02,ZEC,,-0.7233556940300033,-1,-0.05072930051570142
2022-05-09,AAVE,,-0.16376717848142833,-1,-0.015914752812464485
2022-05-09,ADA,,0.05423696149544239,0,0.0
2022-05-09,ALGO,,-0.6327668610083883,-1,-0.03582720996952936
2022-05-09,ATOM,,0.018801672589551916,0,0.0
2022-05-09,AVAX,,0.12379295528470521,1,0.008168604410678133
2022-05-09,BCH,,-0.01055740182927264,-1,-5.867037243484235e-06
2022-05-09,BNB,,0.043988374563406936,0,0.0
2022-05-09,BTC,,0.0637040956375891,0,0.0
2022-05-09,CAKE,,-0.36740624784460235,-1,-0.024431427906123404
2022-05-09,CHZ,,0.052410228516877475,0,0.0
2022-05-09,DASH,,0.09287397236314258,1,0.0011054468856978934
2022-05-09,DEXE,,0.15076389158966885,1,0.014017374210296392
2022-05-09,DOGE,,-0.010497676621368308,-1,-3.1057418872215884e-08
2022-05-09,DOT,,0.15861871024348914,1,0.029003665671515085
2022-05-09,ETC,,0.210685882367521,1,0.08910159153631207
2022-05-09,ETH,,-0.004518141987166261,0,0.0
2022-05-09,FET,,-0.07215841154164564,-1,-0.004782601523550614
2022-05-09,FIL,,0.03285490516929919,0,0.0
2022-05-09,HBAR,,0.20828902268070412,1,0.075088929152949
2022-05-09,ICP,,0.09216958716437797,1,0.0008842532852644809
2022-05-09,JST,,-0.10549754096095902,-1,-0.007007999234930249
2022-05-09,LINK,,-0.02842036249851351,-1,-0.00231604178775986
2022-05-09,LTC,,0.0795476072466944,1,3.779071082627048e-11
2022-05-09,NEAR,,0.0818891025525581,1,2.9732966169424853e-05
2022-05-09,NEXO,,0.05286980001339284,0,0.0
2022-05-09,QNT,,0.26136131896143405,1,0.17063489717749833
2022-05-09,SHIB,,0.07588056791231232,0,0.0
2022-05-09,SOL,,0.021207615562525168,0,0.0
2022-05-09,STX,,0.0034858863486779915,0,0.0
2022-05-09,TRX,,-0.438367437968281,-1,-0.030938799903220727
2022-05-09,UNI,,0.1767163702472673,1,0.0323674221130823
2022-05-09,VET,,0.06848446243630105,0,0.0
2022-05-09,XLM,,-0.24101043034513348,-1,-0.05447349473609936
2022-05-09,XRP,,0.03004777789848595,0,0.0
2022-05-09,ZEC,,-0.07971307775867063,-1,-0.004392640217302602
2022-05-16,AAVE,,-0.1621957750360754,-1,-0.007780406043477458
2022-05-16,ADA,,0.05442396246130216,0,0.0
2022-05-16,ALGO,,-0.959002777952034,-1,-0.02515462118214412
2022-05-16,ATOM,,0.1560278867460486,1,0.005245811338953126
2022-05-16,AVAX,,0.30895658776231566,1,0.1934513374283073
2022-05-16,BCH,,0.12267750926311205,0,-2.002865437385742e-07
2022-05-16,BNB,,0.08859403130069816,0,0.0
2022-05-16,BTC,,0.02424586410274037,-1,-2.741322755295737e-08
2022-05-16,CAKE,,-0.16133256076062857,-1,-0.006465211317953523
2022-05-16,CHZ,,0.133909055717464,0,0.0
2022-05-16,DASH,,0.11177552230265696,0,3.773729854346657e-05
2022-05-16,DEXE,,0.1347270865169118,0,0.0004785194496572196
2022-05-16,DOGE,,-0.1157446606251475,-1,-0.0057750644840199655
2022-05-16,DOT,,-0.5231948493876964,-1,-0.05526109164649156
2022-05-16,ETC,,0.1285072806410945,0,0.0030417140832424833
2022-05-16,ETH,,0.056999581336658986,0,0.0
2022-05-16,FET,,0.13796662821751465,1,-0.00015446823479801312
2022-05-16,FIL,,0.18548060004438918,1,0.018249119847629704
2022-05-16,HBAR,,0.17330365121765684,1,0.01650702811671092
2022-05-16,ICP,,0.15885060405340198,1,0.006303068186033258
2022-05-16,JST,,-0.2845779852920231,-1,-0.009985108332638631
2022-05-16,LINK,,0.128262244065613,0,-7.906409752890054e-05
2022-05-16,LTC,,-0.01673463547467258,-1,-0.0015530526117518415
2022-05-16,NEAR,,0.04902597090108979,0,1.015011969760994e-06
2022-05-16,NEXO,,0.05222716647126112,0,0.0
2022-05-16,QNT,,0.1364921268052007,0,0.005825065084565956
2022-05-16,SHIB,,0.270495407398322,1,0.11718314214524153
2022-05-16,SOL,,0.18449920373294287,1,0.029973417289427092
2022-05-16,STX,,0.17223716848791076,1,0.01965320052787581
2022-05-16,TRX,,-0.8047821330646183,-1,-0.026706056203496448
2022-05-16,UNI,,0.017715861468704838,-1,0.0009261377314968428
2022-05-16,VET,,0.13727174507163875,1,7.484136914276046e-11
2022-05-16,XLM,,-0.35837208385221864,-1,-0.03979138011927438
2022-05-16,XRP,,0.10972458379814505,0,0.0
2022-05-16,ZEC,,0.1515401315603209,1,0.0019441752786511536
2022-05-23,AAVE,,-0.0444167490268403,0,0.0
2022-05-23,ADA,,-0.06214445609364155,-1,-5.638577195260565e-08
2022-05-23,ALGO,,-0.9743547256923666,-1,-0.05005782808640058
2022-05-23,ATOM,,-0.15255769554145657,-1,-0.0157874753451442
2022-05-23,AVAX,,0.14293255028718393,1,0.0006452592359421549
2022-05-23,BCH,,0.1377583015823197,1,1.9559751905131622e-10
2022-05-23,BNB,,0.09915263750924624,0,0.0
2022-05-23,BTC,,0.0875099882742799,0,0.0
2022-05-23,CAKE,,-0.11530558451972153,-1,-0.0032126512727446393
2022-05-23,CHZ,,0.1327138159356423,0,0.0
2022-05-23,DASH,,0.15806074241111545,1,0.006150510634418768
2022-05-23,DEXE,,0.14165684609176948,1,0.00031081459118775735
2022-05-23,DOGE,,0.15867262458441697,1,0.006449795360245707
2022-05-23,DOT,,0.11558428267142695,0,0.0
2022-05-23,ETC,,-0.012577446619408718,0,0.0
2022-05-23,ETH,,-0.21292362696900793,-1,-0.030963042433360677
2022-05-23,FET,,0.1784556778108891,1,0.022386749327500368
2022-05-23,FIL,,0.20142379956160597,1,0.04522614647671717
2022-05-23,HBAR,,-0.08361612851188899,-1,-0.0035155935478338417
2022-05-23,ICP,,0.00017981458119925163,0,0.0
2022-05-23,JST,,-0.2517619340854429,-1,-0.012763313741542643
2022-05-23,LINK,,0.11685136023934996,0,0.0
2022-05-23,LTC,,-0.07302655248168921,-1,-0.0008393619148331599
2022-05-23,NEAR,,-0.00629606175533766,0,0.0
2022-05-23,NEXO,,0.13443334886055344,0,0.0
2022-05-23,QNT,,0.19231024670848373,1,0.06952335259589491
2022-05-23,SHIB,,0.257317202838903,1,0.12904300158457888
2022-05-23,SOL,,-0.09397538054884223,-1,-0.005595181238145172
2022-05-23,STX,,0.21623410088756778,1,0.09019890233220247
2022-05-23,TRX,,-0.6822248512968304,-1,-0.04247068001501089
2022-05-23,UNI,,0.03273534005522645,0,0.0
2022-05-23,VET,,0.2021069152820966,1,0.05008316183750833
2022-05-23,XLM,,0.08028208809441154,0,0.0
2022-05-23,XRP,,0.11928972430387061,0,0.0
2022-05-23,ZEC,,-0.1404802154290839,-1,-0.014798796030979182
2022-05-30,AAVE,,-0.2991186528220506,-1,-0.014779724220263938
2022-05-30,ADA,,-0.5468704867191045,-1,-0.03608615184151732
2022-05-30,ALGO,,-0.14008065853877813,-1,-0.005931488271395606
2022-05-30,ATOM,,0.0668223732391934,0,-0.0011460940889213098
2022-05-30,AVAX,,0.20984673818266245,1,0.02356815089743331
2022-05-30,BCH,,0.2017237025879557,1,0.028937835465567253
2022-05-30,BNB,,0.06571397871908582,0,0.0
2022-05-30,BTC,,0.2904477012294064,1,0.11915266185104804
2022-05-30,CAKE,,-0.26166171276185723,-1,-0.01162427355394354
2022-05-30,CHZ,,-0.20709908481586856,-1,-0.008131315921800362
2022-05-30,DASH,,0.07401080609295177,0,0.0004464972218704436
2022-05-30,DEXE,,0.2651285939095161,1,0.05384614232213366
2022-05-30,DOGE,,0.12057334688259198,1,0.0011955941817443127
2022-05-30,DOT,,0.09265613543809925,0,0.0
2022-05-30,ETC,,-0.4031772827059954,-1,-0.031152125117685024
2022-05-30,ETH,,0.08192556639646466,0,-0.0022477666081555624
2022-05-30,FET,,0.10401541045976305,1,0.001625169372491131
2022-05-30,FIL,,0.10034099906622135,0,0.0032831987387772835
2022-05-30,HBAR,,0.10364030190410235,0,-0.00025521502939110114
2022-05-30,ICP,,0.008515564292130566,0,0.0
2022-05-30,JST,,-0.268757523208899,-1,-0.013265844610241271
2022-05-30,LINK,,-0.3369824762854351,-1,-0.01991630217415083
2022-05-30,LTC,,-0.04437771275902571,0,-6.0933601353292894e-05
2022-05-30,NEAR,,-0.12864284546814028,-1,-0.001444037320806601
2022-05-30,NEXO,,0.13241141412382498,1,0.0019322746136648187
2022-05-30,QNT,,0.30956105808340084,1,0.14708364478174252
2022-05-30,SHIB,,0.16781738831097423,1,0.016732973218949496
2022-05-30,SOL,,-0.23296681785524237,-1,-0.02980904562413832
2022-05-30,STX,,0.17470668627104272,1,0.017263205516797622
2022-05-30,TRX,,-0.10629491116995726,-1,-0.003083197147830334
2022-05-30,UNI,,0.041515237161003464,0,0.0
2022-05-30,VET,,0.08635708887404017,0,0.0036357944814851134
2022-05-30,XLM,,0.08240269439592961,0,0.0
2022-05-30,XRP,,0.07599677343138475,0,0.0
2022-05-30,ZEC,,0.11990060605860961,1,0.0002571814931183764
2022-06-06,AAVE,,-0.6687749923764681,-1,-0.031900799022816874
2022-06-06,ADA,,-0.4778613359431878,-1,-0.02552138510215851
2022-06-06,ALGO,,0.24339748507720269,1,0.00987625960134504
2022-06-06,ATOM,,0.04709009431567585,0,0.0
2022-06-06,AVAX,,0.14295231424437138,0,0.0
2022-06-06,BCH,,0.055637888828078914,0,0.0
2022-06-06,BNB,,0.011816509613057496,0,0.0
2022-06-06,BTC,,0.03712297000916062,0,0.0
2022-06-06,CAKE,,0.404832517419839,1,0.08588665435142277
2022-06-06,CHZ,,-0.38442686289537725,-1,-0.019121604753666827
2022-06-06,DASH,,0.022078863250676532,0,0.0
2022-06-06,DEXE,,0.5467324397591604,1,0.15746281947561758
2022-06-06,DOGE,,0.05359967409465518,0,0.0
2022-06-06,DOT,,-0.012071124130756901,0,0.0
2022-06-06,ETC,,-0.5693622874503009,-1,-0.031862750832855724
2022-06-06,ETH,,-0.03582663239357527,0,0.0
2022-06-06,FET,,0.09587333364558795,0,0.0
2022-06-06,FIL,,0.16038220481912413,1,0.0001045075748730939
2022-06-06,HBAR,,-0.19694019166673377,-1,-0.006438077388928988
2022-06-06,ICP,,-0.10404629069640964,-1,-2.5318654838058248e-08
2022-06-06,JST,,0.15354485070884277,1,1.3443944541206377e-11
2022-06-06,LINK,,-0.39850940975665033,-1,-0.021337216595829978
2022-06-06,LTC,,-0.11983527359182494,-1,-0.0010076649372588624
2022-06-06,NEAR,,-0.16592640946183707,-1,-0.003746908663097692
2022-06-06,NEXO,,0.17486440469232475,1,0.000802353499303302
2022-06-06,QNT,,0.08384180652502352,0,0.0
2022-06-06,SHIB,,0.2581906637519083,1,0.015760902238591307
2022-06-06,SOL,,-0.2582156007056653,-1,-0.028184279785653955
2022-06-06,STX,,-0.012423820444987927,0,0.0
2022-06-06,TRX,,0.3153115200278838,1,0.04311775264818493
2022-06-06,UNI,,0.025948192774772536,0,0.0
2022-06-06,VET,,0.2286133172333411,1,0.00948556859807628
2022-06-06,XLM,,-0.23797453264045293,-1,-0.010892616975229337
2022-06-06,XRP,,0.20403772924898772,1,0.005232535110415213
2022-06-06,ZEC,,0.37632598411456064,1,0.09232983408679585
2022-06-13,AAVE,,-0.7976727036273544,-1,-0.04336009211057871
2022-06-13,ADA,,-0.45135885580575597,-1,-0.027208318063910043
2022-06-13,ALGO,,0.3884548161319749,1,0.04177016897110799
2022-06-13,ATOM,,0.32455336884530445,1,0.01994353589575671
2022-06-13,AVAX,,0.43373846239876107,1,0.05840039356324032
2022-06-13,BCH,,-0.05761713441000144,0,0.0
2022-06-13,BNB,,-0.048784934620578355,0,0.0
2022-06-13,BTC,,-0.3041591831717123,-1,-0.01877499513847954
2022-06-13,CAKE,,0.11118374030634201,0,0.0016135651562408232
2022-06-13,CHZ,,-0.28931517876171636,-1,-0.013282301374877759
2022-06-13,DASH,,0.22301414843556533,1,0.0005061566275489738
2022-06-13,DEXE,,-0.08811806802037407,0,0.002958277055125358
2022-06-13,DOGE,,0.28086040184054845,1,0.008644112874458598
2022-06-13,DOT,,0.26174064089390287,1,0.004664409476763791
2022-06-13,ETC,,-0.4279304135364231,-1,-0.024117324542409096
2022-06-13,ETH,,-0.22817327142440327,-1,-0.011419871547264556
2022-06-13,FET,,-0.015621258864654819,0,0.0
2022-06-13,FIL,,0.4597538919970356,1,0.07942611777396213
2022-06-13,HBAR,,-0.009906805696411046,0,-0.000120953102975138
2022-06-13,ICP,,0.06708387836175839,0,-4.756652771968453e-10
2022-06-13,JST,,-0.2895116882394722,-1,-0.014679438528109967
2022-06-13,LINK,,-0.2753054951929285,-1,-0.012126107043334474
2022-06-13,LTC,,-0.28625030858491063,-1,-0.011220978092536088
2022-06-13,NEAR,,-0.049013624466494474,0,-7.039372191229359e-05
2022-06-13,NEXO,,-0.09835768272736761,0,1.507393272261355e-05
2022-06-13,QNT,,0.07764077873719938,0,0.0
2022-06-13,SHIB,,0.5648235550449028,1,0.17080657800051377
2022-06-13,SOL,,-0.04870633283448773,0,-0.0005295021928528598
2022-06-13,STX,,-0.050230844290154605,0,0.0
2022-06-13,TRX,,-0.11850070314416315,-1,0.0008100283680288131
2022-06-13,UNI,,0.27118477032064287,1,0.005454434969600866
2022-06-13,VET,,0.20737059504097674,1,0.00017820678636922688
2022-06-13,XLM,,-0.153425789323701,-1,-0.003097667124148387
2022-06-13,XRP,,0.30885829589762204,1,0.02311000396127308
2022-06-13,ZEC,,0.10769893249052932,0,0.0017346141177460167
2022-06-20,AAVE,,-0.7294225674746452,-1,-0.065
2022-06-20,ADA,,-0.2323671487898906,-1,-0.024042638870183514
2022-06-20,ALGO,,0.5264924220819087,1,0.187576423240611
2022-06-20,ATOM,,-0.1022880301030969,0,0.0
2022-06-20,AVAX,,-0.17269779031422158,-1,-0.007338928943511102
2022-06-20,BCH,,-0.0606673840935636,0,0.0
2022-06-20,BNB,,0.037760726997377606,0,0.0
2022-06-20,BTC,,-0.1223275747578083,-1,-0.0026705099687945127
2022-06-20,CAKE,,0.14537241731889822,1,0.00020874835425111943
2022-06-20,CHZ,,-0.039891661042817016,0,0.0
2022-06-20,DASH,,0.188934813627185,1,0.003998501752681556
2022-06-20,DEXE,,0.13483454455377702,1,1.3233638811227122e-11
2022-06-20,DOGE,,-0.10655134781194295,-1,-4.3695830135118525e-08
2022-06-20,DOT,,0.276081589919762,1,0.027303859781068814
2022-06-20,ETC,,0.15770489039515984,1,0.0008642617770544102
2022-06-20,ETH,,-0.11412859905426236,-1,-0.0010037243466703462
2022-06-20,FET,,-0.020419748653618473,0,0.0
2022-06-20,FIL,,0.3625246323497095,1,0.05955956923111811
2022-06-20,HBAR,,0.14279264269763994,1,0.0001258644932455994
2022-06-20,ICP,,0.1963125017628533,1,0.005278289003251824
2022-06-20,JST,,-0.19649905401870013,-1,-0.012268568539908398
2022-06-20,LINK,,-0.121833118630751,-1,-0.0022639820330927003
2022-06-20,LTC,,-0.09981351427918893,0,0.0
2022-06-20,NEAR,,-0.11263682921957056,-1,-0.0005600237564709508
2022-06-20,NEXO,,0.041737928265393666,0,0.0
2022-06-20,QNT,,0.11181579327214877,0,0.0
2022-06-20,SHIB,,-0.3876361163292727,-1,-0.032442843406060906
2022-06-20,SOL,,-0.011568631756824934,0,0.0
2022-06-20,STX,,-0.0335160796333821,0,0.0
2022-06-20,TRX,,0.08320290351057515,0,0.0
2022-06-20,UNI,,-0.37968803770738563,-1,-0.032823508523505136
2022-06-20,VET,,0.3487032406947552,1,0.06656493183648644
2022-06-20,XLM,,0.023392915577113302,0,0.0
2022-06-20,XRP,,0.3572368640638215,1,0.07035721606421706
2022-06-20,ZEC,,-0.09094759341713118,0,0.0
2022-06-27,AAVE,,-0.5017774443388353,-1,-0.019731297087349026
2022-06-27,ADA,,0.2340143706398812,1,0.015952811226023007
2022-06-27,ALGO,,0.43855097922692116,1,0.11133903478370741
2022-06-27,ATOM,,-0.024793716544244896,0,0.0
2022-06-27,AVAX,,-0.3774321697916908,-1,-0.014298590317750264
2022-06-27,BCH,,0.26827793888643736,1,0.029386873641396402
2022-06-27,BNB,,0.06292850306059529,0,0.0
2022-06-27,BTC,,0.044984150552457434,0,0.0
2022-06-27,CAKE,,0.25715244109914603,1,0.012412512909974518
2022-06-27,CHZ,,0.4029990281584203,1,0.0661422055233396
2022-06-27,DASH,,-0.08759561325048734,0,0.0
2022-06-27,DEXE,,0.2748920312203153,1,0.02155695636259194
2022-06-27,DOGE,,-0.23139885237902785,-1,-0.007789170420941137
2022-06-27,DOT,,-0.024823436454569463,0,0.0
2022-06-27,ETC,,0.00380421035100326,0,0.0
2022-06-27,ETH,,-0.03590993827937203,0,0.0
2022-06-27,FET,,0.1469824999579294,0,0.0
2022-06-27,FIL,,0.24297789838114459,1,0.010506541451217556
2022-06-27,HBAR,,0.15519144330629858,1,1.3025561098971298e-11
2022-06-27,ICP,,0.14282671865403843,0,0.0
2022-06-27,JST,,-0.09579223518531015,-1,-1.9105990683611436e-08
2022-06-27,LINK,,0.11054532340037097,0,0.0
2022-06-27,LTC,,-0.23855792727552066,-1,-0.008828997056316143
2022-06-27,NEAR,,-0.12866335646156482,-1,-0.0015262569714002252
2022-06-27,NEXO,,0.29524743631459816,1,0.028242447318054063
2022-06-27,QNT,,-0.11149873856520694,-1,-0.0007432489001207263
2022-06-27,SHIB,,-0.5001619116029729,-1,-0.01954570060073139
2022-06-27,SOL,,-0.32005046725772346,-1,-0.01307179419892842
2022-06-27,STX,,0.09145172109240927,0,0.0
2022-06-27,TRX,,0.42784321633982997,1,0.08636538342572773
2022-06-27,UNI,,-0.7051909779547181,-1,-0.030145930461372063
2022-06-27,VET,,0.31352819230206613,1,0.04123408124499609
2022-06-27,XLM,,0.040863547991551695,0,0.0
2022-06-27,XRP,,0.007215161550078479,0,0.0
2022-06-27,ZEC,,-0.5786300271442463,-1,-0.065
2022-07-04,AAVE,,-0.4910833305447836,-1,-0.021015148043222704
2022-07-04,ADA,,0.14387228539777777,1,0.005098224431929828
2022-07-04,ALGO,,0.07468529385500745,0,0.0
2022-07-04,ATOM,,0.26878166288869043,1,0.02495440726956996
2022-07-04,AVAX,,-0.0858193082645871,-1,-0.0001052542490477513
2022-07-04,BCH,,0.15530871698974127,1,0.00492516895044023
2022-07-04,BNB,,0.02401914372081416,0,0.0
2022-07-04,BTC,,-0.08104069202377677,0,0.0
2022-07-04,CAKE,,-0.13406618809712822,-1,-0.004221775055613519
2022-07-04,CHZ,,0.9467909659884842,1,0.2
2022-07-04,DASH,,0.006660791990667166,0,0.0
2022-07-04,DEXE,,0.1516343509356198,1,0.002642437747896234
2022-07-04,DOGE,,-0.36944881143047237,-1,-0.03011607597150702
2022-07-04,DOT,,-0.04500487304010795,0,0.0
2022-07-04,ETC,,0.053132338929252836,0,0.0
2022-07-04,ETH,,-0.06158575557814052,0,0.0
2022-07-04,FET,,0.041318147780204165,0,0.0
2022-07-04,FIL,,0.2922091371210984,1,0.047279182513889906
2022-07-04,HBAR,,0.38435606772032005,1,0.10131312565785248
2022-07-04,ICP,,0.30558748176281647,1,0.027009335010632896
2022-07-04,JST,,-0.43247355216302436,-1,-0.029785323218090548
2022-07-04,LINK,,-0.012409538491029047,0,0.0
2022-07-04,LTC,,-0.05904921500116703,0,0.0
2022-07-04,NEAR,,0.01778480580254193,0,0.0
2022-07-04,NEXO,,0.12211047750774741,1,0.0005949533204171808
2022-07-04,QNT,,-0.26390506891208093,-1,-0.010151269802530812
2022-07-04,SHIB,,-0.4796678491912833,-1,-0.028932331058334256
2022-07-04,SOL,,-0.0835796958654477,-1,-2.7675250435021327e-08
2022-07-04,STX,,0.09577612676402723,1,8.087084454697914e-12
2022-07-04,TRX,,0.09088412009386149,0,0.0
2022-07-04,UNI,,-0.3668343440132642,-1,-0.018023273714201225
2022-07-04,VET,,0.17131134902571377,1,0.007437969139927975
2022-07-04,XLM,,-0.17056306063738702,-1,-0.01804245631996781
2022-07-04,XRP,,-0.22208065644356506,-1,-0.019808687159245275
2022-07-04,ZEC,,0.012388675422857744,0,0.0
2022-07-11,AAVE,,-0.24952094953105786,-1,-0.00629128696011724
2022-07-11,ADA,,-0.1847027554773299,-1,-0.009518717151116043
2022-07-11,ALGO,,0.35980989370145566,1,0.03682655469885304
2022-07-11,ATOM,,-0.04692468971567333,0,0.0
2022-07-11,AVAX,,-0.12579361743368017,0,0.0
2022-07-11,BCH,,0.32354871620541686,1,0.031234952330032918
2022-07-11,BNB,,0.22743144601217052,1,0.0016702082241076097
2022-07-11,BTC,,-0.05424996884062437,0,0.0
2022-07-11,CAKE,,0.1831372256521626,0,0.0
2022-07-11,CHZ,,0.5378751917830172,1,0.18840657739115357
2022-07-11,DASH,,-0.07242955346975306,0,0.0
2022-07-11,DEXE,,0.4393048378825272,1,0.049109313112742144
2022-07-11,DOGE,,-0.6688744296542845,-1,-0.05219369545054134
2022-07-11,DOT,,0.0321079492194215,0,0.0
2022-07-11,ETC,,-0.058569616144297273,0,0.0
2022-07-11,ETH,,0.19817807555358752,1,9.772610906428745e-12
2022-07-11,FET,,0.474182227997042,1,0.09403674825632093
2022-07-11,FIL,,0.3177957297382978,1,0.021333623933591835
2022-07-11,HBAR,,0.2165004692075817,1,0.000811603340408568
2022-07-11,ICP,,0.15088049426345138,0,0.0
2022-07-11,JST,,-0.2636167542192765,-1,-0.015693652433263032
2022-07-11,LINK,,0.24654814308068848,1,0.005641344489268506
2022-07-11,LTC,,0.31554168538326766,1,0.01852406155272097
2022-07-11,NEAR,,-0.0704237402822179,0,0.0
2022-07-11,NEXO,,0.14685178114953848,0,0.0
2022-07-11,QNT,,-0.4963917368875003,-1,-0.019585873852474206
2022-07-11,SHIB,,-0.8271734866218958,-1,-0.04769660999655015
2022-07-11,SOL,,-0.14933909669449266,-1,-0.0007702083231687823
2022-07-11,STX,,-0.1943490431226159,-1,-0.0070081138966469675
2022-07-11,TRX,,0.19584682409624674,0,0.0
2022-07-11,UNI,,-0.5461810953591807,-1,-0.025163565193111644
2022-07-11,VET,,0.041119869741580405,0,0.0
2022-07-11,XLM,,-0.1376906152137421,-1,-5.954463954769725e-08
2022-07-11,XRP,,-0.10220608297091642,0,0.0
2022-07-11,ZEC,,-0.15822332902891575,-1,-0.001895606159900116
2022-07-18,AAVE,,-0.8264109960660281,-1,-0.030339732843233085
2022-07-18,ADA,,-0.03440666857122695,-1,-2.093271519106706e-08
2022-07-18,ALGO,,0.1152108132627743,0,0.0
2022-07-18,ATOM,,0.6689771902396284,1,0.1963033255472263
2022-07-18,AVAX,,0.06278276980042415,0,0.0
2022-07-18,BCH,,0.10953290993059678,0,0.0
2022-07-18,BNB,,0.2292731834228779,1,0.004769683857146154
2022-07-18,BTC,,0.029409826182186474,0,0.0
2022-07-18,CAKE,,0.47726264461229573,1,0.08433653878518763
2022-07-18,CHZ,,0.4507509490419889,1,0.07934485850753126
2022-07-18,DASH,,0.07243729508685531,0,0.0
2022-07-18,DEXE,,0.16066022044132633,1,5.631439080628687e-12
2022-07-18,DOGE,,0.0701795289344083,0,0.0
2022-07-18,DOT,,0.10646821314304987,0,0.0
2022-07-18,ETC,,-0.32460700547407123,-1,-0.009525669815041113
2022-07-18,ETH,,0.04415549837743638,0,0.0
2022-07-18,FET,,0.4270362549526238,1,0.04609159575495189
2022-07-18,FIL,,0.08867658648405774,0,0.0
2022-07-18,HBAR,,0.2473898291595142,1,0.0051390144477368215
2022-07-18,ICP,,-0.7870749323300594,-1,-0.03609970235897104
2022-07-18,JST,,0.13802951782030384,0,0.0
2022-07-18,LINK,,0.23260891633410774,1,0.004112855801255077
2022-07-18,LTC,,0.2204976578926746,1,0.0030546080267214466
2022-07-18,NEAR,,-0.04358861718341854,-1,-0.00029682966474624343
2022-07-18,NEXO,,0.1243482715632037,0,0.0
2022-07-18,QNT,,-1.3760204435984191,-1,-0.04300483734277216
2022-07-18,SHIB,,-0.03892714362790153,-1,-0.00020774895966645538
2022-07-18,SOL,,-0.08795991628327193,-1,-0.002720921474627301
2022-07-18,STX,,0.1827866534805151,1,0.0004446290253856619
2022-07-18,TRX,,-0.06453848423046565,-1,-0.003275010260917877
2022-07-18,UNI,,-0.6248331580512366,-1,-0.026558572946186843
2022-07-18,VET,,0.21945780189464137,1,0.0034805902739594324
2022-07-18,XLM,,0.12175552602476843,0,0.0
2022-07-18,XRP,,0.0393923143324411,0,0.0
2022-07-18,ZEC,,-0.43071300699860615,-1,-0.02810400322421828
2022-07-25,AAVE,,-0.47665332712694447,-1,-0.02119310618484315
2022-07-25,ADA,,-0.3164569636096524,-1,-0.020489833691639196
2022-07-25,ALGO,,-0.20924562975550967,-1,-0.013156818408314256
2022-07-25,ATOM,,0.16361119666769627,0,0.0
2022-07-25,AVAX,,0.04408903594447834,0,0.0
2022-07-25,BCH,,-0.15346447830908683,-1,-0.0027263656079491846
2022-07-25,BNB,,1.1892028977135611,1,0.2
2022-07-25,BTC,,0.019089628078710556,0,0.0
2022-07-25,CAKE,,0.2394301541805512,1,0.0005877849638657089
2022-07-25,CHZ,,0.2925243818105094,1,0.0048063824915925224
2022-07-25,DASH,,0.6043596445642933,1,0.08420999598091992
2022-07-25,DEXE,,0.041948953247936585,0,0.0
2022-07-25,DOGE,,-0.054526140583662994,0,0.0
2022-07-25,DOT,,0.09089116694937019,0,0.0
2022-07-25,ETC,,-0.294866010708154,-1,-0.007998446262041633
2022-07-25,ETH,,-0.01649063607478161,0,0.0
2022-07-25,FET,,0.5911801487678963,1,0.07921099819292804
2022-07-25,FIL,,-1.5626676966282131,-1,-0.03904807511602809
2022-07-25,HBAR,,0.21009167446291388,1,7.0353293830227384e-12
2022-07-25,ICP,,-0.6088565686525195,-1,-0.02266393179129624
2022-07-25,JST,,0.06703530500194138,0,0.0
2022-07-25,LINK,,0.11700003433185586,0,0.0
2022-07-25,LTC,,0.30058630194591507,1,0.005954792624145348
2022-07-25,NEAR,,-0.28998591134206747,-1,-0.011264403198595133
2022-07-25,NEXO,,0.046234049933140016,0,0.0
2022-07-25,QNT,,-1.0100478272492905,-1,-0.039108511581359875
2022-07-25,SHIB,,-0.0912602065450295,0,0.0
2022-07-25,SOL,,0.31849856928969833,1,0.008242265675496865
2022-07-25,STX,,-0.11912878554720754,-1,-3.02721526837176e-08
2022-07-25,TRX,,0.22181680341624743,1,0.00015045802891190972
2022-07-25,UNI,,-0.15287023161784533,-1,-0.002368012585880611
2022-07-25,VET,,0.2675065034503559,1,0.0026253905694888936
2022-07-25,XLM,,0.11050413343342433,0,0.0
2022-07-25,XRP,,0.44944480894725786,1,0.03429340828701906
2022-07-25,ZEC,,-0.028524978387787652,0,0.0
2022-08-01,AAVE,,0.2514413926324106,0,0.0
2022-08-01,ADA,,-0.35169418823471793,-1,-0.021865081388463322
2022-08-01,ALGO,,0.06476030882820845,0,0.0
2022-08-01,ATOM,,0.17177437194182732,0,0.0
2022-08-01,AVAX,,0.21435439041534687,0,0.0
2022-08-01,BCH,,-0.26636787393888667,-1,-0.009827098794201806
2022-08-01,BNB,,0.659110812835172,1,0.11045090681388735
2022-08-01,BTC,,-0.21566918274415922,-1,-0.007073564961724596
2022-08-01,CAKE,,0.5288980236868084,1,0.04727021117359801
2022-08-01,CHZ,,-0.031987509053349614,0,0.0
2022-08-01,DASH,,0.6782082173813201,1,0.1202822467401452
2022-08-01,DEXE,,0.0693565987802208,0,0.0
2022-08-01,DOGE,,-0.18628544287938287,-1,-0.00197080115883553
2022-08-01,DOT,,-0.1711255287052546,-1,-3.62752632479837e-08
2022-08-01,ETC,,-0.6534474281517769,-1,-0.029630639133332273
2022-08-01,ETH,,-0.33789692754440115,-1,-0.018126813220010942
2022-08-01,FET,,0.7586759370616861,1,0.16574155481803995
2022-08-01,FIL,,-1.8702066068950673,-1,-0.05080110604132282
2022-08-01,HBAR,,-0.11280124525750829,0,0.0
2022-08-01,ICP,,-0.9637895541481414,-1,-0.039527893244107166
2022-08-01,JST,,0.3262926005035894,1,0.0038330011640375127
2022-08-01,LINK,,0.35851750847434505,1,0.00823749436778536
2022-08-01,LTC,,0.1498661887143886,0,0.0
2022-08-01,NEAR,,-0.30348610420624444,-1,-0.009029569346516544
2022-08-01,NEXO,,0.12545219050285633,0,0.0
2022-08-01,QNT,,-0.10359881395185716,0,0.0
2022-08-01,SHIB,,0.042771590167181475,0,0.0
2022-08-01,SOL,,-0.17958839484308534,-1,-0.001138384205968224
2022-08-01,STX,,0.013875004944831201,0,0.0
2022-08-01,TRX,,0.308874555983155,1,0.002088796218133091
2022-08-01,UNI,,0.3127482611897541,1,0.002436080148932606
2022-08-01,VET,,0.2831835277982386,1,0.0003149811005499704
2022-08-01,XLM,,0.2654495624440605,1,9.374465138250673e-12
2022-08-01,XRP,,-0.1461021727074991,0,0.0
2022-08-01,ZEC,,0.3104359289759308,1,0.0019602775767730866
2022-08-08,AAVE,,0.7899780343275083,1,0.09357603956664678
2022-08-08,ADA,,0.03032128319123218,0,0.0
2022-08-08,ALGO,,0.3209082182277674,1,0.010842055179633523
2022-08-08,ATOM,,-0.036726469107851545,0,0.0
2022-08-08,AVAX,,0.1027184058062439,0,0.0
2022-08-08,BCH,,-0.3994327965292816,-1,-0.024275812353350096
2022-08-08,BNB,,-0.15992348432997633,-1,-0.00742645802994511
2022-08-08,BTC,,0.03459403644867002,0,0.0
2022-08-08,CAKE,,-0.23027294593923367,-1,-0.011899850798482606
2022-08-08,CHZ,,0.10443739755968952,0,0.0
2022-08-08,DASH,,0.9380115609390649,1,0.13390531856513688
2022-08-08,DEXE,,-0.16781812038471644,-1,-0.009493690873365025
2022-08-08,DOGE,,0.1179836174596424,1,1.8498908089825796e-12
2022-08-08,DOT,,-0.06553348579814001,0,0.0
2022-08-08,ETC,,-0.6860951206913072,-1,-0.024951057805411278
2022-08-08,ETH,,0.008958078545671443,0,0.0
2022-08-08,FET,,-0.1649120963138673,-1,-0.006707252255264552
2022-08-08,FIL,,-1.8970329859585555,-1,-0.038556365920858454
2022-08-08,HBAR,,0.05045948331919339,0,0.0
2022-08-08,ICP,,-0.9343426075384169,-1,-0.03102626629386543
2022-08-08,JST,,0.3188360418370298,1,0.010643585015189222
2022-08-08,LINK,,0.515008945429412,1,0.0362894221852702
2022-08-08,LTC,,0.8136877278538821,1,0.09960259395587218
2022-08-08,NEAR,,0.018289659789467595,0,0.0
2022-08-08,NEXO,,-0.0285808171089025,0,0.0
2022-08-08,QNT,,-0.388381715776804,-1,-0.01667629988723967
2022-08-08,SHIB,,-0.32173035811696693,-1,-0.008980042415365326
2022-08-08,SOL,,0.3204084206692922,1,0.00880124409998165
2022-08-08,STX,,-0.08187041106840548,-1,-2.887322970700417e-08
2022-08-08,TRX,,0.10422691345372405,0,0.0
2022-08-08,UNI,,0.06363921094587247,0,0.0
2022-08-08,VET,,0.19799294055984257,1,0.0020194844139112588
2022-08-08,XLM,,0.3334465047668566,1,0.012077565021076585
2022-08-08,XRP,,-0.038354797086868356,0,0.0
2022-08-08,ZEC,,0.41710173061923456,1,0.02179840899004248
2022-08-15,AAVE,,0.0492617021920844,0,0.0053103031421666
2022-08-15,ADA,,0.012208432622787136,0,0.0
2022-08-15,ALGO,,0.05682495282821847,0,0.0006152707461715753
2022-08-15,ATOM,,0.1833166471939448,1,0.05721441983640544
2022-08-15,AVAX,,-0.04519335907069441,-1,-0.002814457321403364
2022-08-15,BCH,,-0.020375911816094956,-1,-0.001461389346453127
2022-08-15,BNB,,0.1930502929682591,1,0.057278713328331746
2022-08-15,BTC,,-0.003906574157447292,0,0.0
2022-08-15,CAKE,,0.11821447957786708,1,0.004594502664459783
2022-08-15,CHZ,,0.8085796969931108,1,0.1886502930306545
2022-08-15,DASH,,0.09455334537752591,1,0.00820700361470314
2022-08-15,DEXE,,-0.0144698448606419,0,-0.0005387530473512144
2022-08-15,DOGE,,0.08554397962036374,1,3.239061673743416e-11
2022-08-15,DOT,,-0.05277798451183138,-1,-0.0040163742246663945
2022-08-15,ETC,,-0.4386356477555649,-1,-0.03714395980216677
2022-08-15,ETH,,0.04653496920576271,0,0.0
2022-08-15,FET,,0.06642411405441474,0,-0.0003806267383336722
2022-08-15,FIL,,-1.2681361678652356,-1,-0.06349936250998572
2022-08-15,HBAR,,0.10339412272444494,1,0.002672407209607372
2022-08-15,ICP,,-0.3996342343180048,-1,-0.03543985068973986
2022-08-15,JST,,-0.09848138821059157,-1,-0.014319304651026456
2022-08-15,LINK,,-0.011617198910985498,0,0.002059371539448414
2022-08-15,LTC,,0.08109941562141758,0,0.005652301273929267
2022-08-15,NEAR,,-0.06701985294175938,-1,-0.004299265020049347
2022-08-15,NEXO,,0.1453425656964757,1,0.009578885244834254
2022-08-15,QNT,,0.05698366494242524,0,-0.0009463555852654987
2022-08-15,SHIB,,-0.1846044811661957,-1,-0.01341169867448495
2022-08-15,SOL,,0.10550596318147461,1,0.0024431632106838522
2022-08-15,STX,,-0.019744112190618477,-1,-4.733433742298796e-08
2022-08-15,TRX,,0.1382373221028992,1,0.027936125793765303
2022-08-15,UNI,,0.0012989504513263236,0,0.0
2022-08-15,VET,,-0.021592295396167426,-1,-4.898525057862781e-05
2022-08-15,XLM,,0.030622824801102705,0,0.0006853841194621822
2022-08-15,XRP,,0.08110303351437131,0,0.0
2022-08-15,ZEC,,0.1880885775015478,1,0.04645676784533785
2022-08-22,AAVE,,0.11944878041098898,0,0.0
2022-08-22,ADA,,0.05883658119272832,0,0.0
2022-08-22,ALGO,,0.157783597689426,1,0.00017156846876650736
2022-08-22,ATOM,,0.33832903583141016,1,0.05146414818204673
2022-08-22,AVAX,,-0.37992856872414166,-1,-0.023007004381838492
2022-08-22,BCH,,0.24018090619189408,1,0.015033456121158329
2022-08-22,BNB,,-0.04167912401399047,0,0.0
2022-08-22,BTC,,-0.07268483278786447,0,0.0
2022-08-22,CAKE,,0.2498479436951183,1,0.015404394466485317
2022-08-22,CHZ,,0.557878029594821,1,0.16669431729817288
2022-08-22,DASH,,0.24230905646345463,1,0.011846257651595166
2022-08-22,DEXE,,0.25179323027129263,1,0.007587030465428478
2022-08-22,DOGE,,-0.292471079733403,-1,-0.018173430048128176
2022-08-22,DOT,,0.14840441728352644,1,1.302915500605746e-11
2022-08-22,ETC,,0.028646415920940794,0,0.0
2022-08-22,ETH,,-0.22126880756421635,-1,-0.012415975609610184
2022-08-22,FET,,-0.01074547288473669,0,0.0
2022-08-22,FIL,,0.1368606456148298,0,0.0
2022-08-22,HBAR,,0.08661405140499787,0,0.0
2022-08-22,ICP,,0.4772395648107013,1,0.12845451727771182
2022-08-22,JST,,-0.08926292343123124,0,0.0
2022-08-22,LINK,,-0.09056324017943079,-1,-2.9690660664170785e-08
2022-08-22,LTC,,0.26697007845450793,1,0.023276758934297974
2022-08-22,NEAR,,-0.3023449364575408,-1,-0.014397662189644589
2022-08-22,NEXO,,-0.45522003422495677,-1,-0.028069114966177852
2022-08-22,QNT,,-0.37880638252909804,-1,-0.023432426558489813
2022-08-22,SHIB,,-0.934718497412422,-1,-0.04910368752185734
2022-08-22,SOL,,-0.14375019370312875,-1,-0.004683631279716796
2022-08-22,STX,,-0.03719818757983412,0,0.0
2022-08-22,TRX,,0.11052789098090225,0,0.0
2022-08-22,UNI,,-0.09478182304227009,-1,-0.0002908869807206367
2022-08-22,VET,,-0.1675331211373618,-1,-0.006428572458305178
2022-08-22,XLM,,0.07694201278666252,0,0.0
2022-08-22,XRP,,0.009080029846599358,0,0.0
2022-08-22,ZEC,,0.15526495696082618,1,9.905910325167327e-05
2022-08-29,AAVE,,0.07964925100790377,0,0.0
2022-08-29,ADA,,-0.04193886942501021,0,0.0
2022-08-29,ALGO,,0.2284601217200875,1,0.003472482015453379
2022-08-29,ATOM,,0.19755097557123763,1,2.454396240439734e-11
2022-08-29,AVAX,,-0.028390477057841916,0,0.0
2022-08-29,BCH,,0.30711323139265423,1,0.04823571750028273
2022-08-29,BNB,,0.09697468328753599,0,0.0
2022-08-29,BTC,,-0.075353795889075,-1,-0.000729076599992307
2022-08-29,CAKE,,0.5573479189772543,1,0.2
2022-08-29,CHZ,,0.011724161859311055,0,0.0
2022-08-29,DASH,,0.28489323217830154,1,0.025693859537683356
2022-08-29,DEXE,,-0.9140452235076774,-1,-0.0482233634761427
2022-08-29,DOGE,,-0.49114670525677623,-1,-0.029549181615372448
2022-08-29,DOT,,0.16023563129430848,0,0.0
2022-08-29,ETC,,-0.03204418886662236,0,0.0
2022-08-29,ETH,,-0.22401444403595003,-1,-0.009727645529706775
2022-08-29,FET,,0.2202491461254782,1,0.0026508131787559173
2022-08-29,FIL,,0.11786116589774638,0,0.0
2022-08-29,HBAR,,-0.0796941299885511,-1,-0.0013885035874288926
2022-08-29,ICP,,0.33045821755514077,1,0.05147594182769583
2022-08-29,JST,,-0.04509048712414607,0,0.0
2022-08-29,LINK,,-0.0670121089466887,-1,-1.8795295336904223e-08
2022-08-29,LTC,,0.2636050846730945,1,0.014327476113150335
2022-08-29,NEAR,,-0.13052384969956016,-1,-0.0029880486515151015
2022-08-29,NEXO,,-0.5927647501911633,-1,-0.030035504909919627
2022-08-29,QNT,,0.10792689844868046,0,0.0
2022-08-29,SHIB,,-1.1766411373727343,-1,-0.0475865577314658
2022-08-29,SOL,,-0.19715191062542456,-1,-0.008117408143727555
2022-08-29,STX,,0.16473047911448324,0,0.0
2022-08-29,TRX,,0.2855932573499057,1,0.051039863281597916
2022-08-29,UNI,,-0.0999654278734371,-1,-0.001674740331369791
2022-08-29,VET,,0.12312000424402135,0,0.0
2022-08-29,XLM,,0.18704006811698748,0,0.0
2022-08-29,XRP,,0.1998981299942253,1,7.122548994967291e-05
2022-08-29,ZEC,,0.2713458470523076,1,0.023121249200840695
2022-09-05,AAVE,,-0.1779635154007808,-1,-0.0026327880369379996
2022-09-05,ADA,,-0.4836656687983353,-1,-0.022802816878376406
2022-09-05,ALGO,,-0.002448317785145425,0,0.0
2022-09-05,ATOM,,-0.10771011050751739,0,0.0
2022-09-05,AVAX,,-0.018681476479255162,0,0.0
2022-09-05,BCH,,0.24366635434699863,1,0.005068221294877149
2022-09-05,BNB,,0.49130112325004416,1,0.1172176083419768
2022-09-05,BTC,,0.12934596625423084,0,0.0
2022-09-05,CAKE,,0.5624247809257175,1,0.1214720877346473
2022-09-05,CHZ,,-0.3592967772369686,-1,-0.0344064562510398
2022-09-05,DASH,,0.11066674792824414,0,0.0
2022-09-05,DEXE,,-1.2175854178650183,-1,-0.05695662469928333
2022-09-05,DOGE,,0.18202830000503992,1,0.0003576320327629569
2022-09-05,DOT,,0.11743164377762069,0,0.0
2022-09-05,ETC,,-0.20255100854228725,-1,-0.0036719119550806746
2022-09-05,ETH,,-0.07732115308141903,0,0.0
2022-09-05,FET,,0.09229912762318232,0,0.0
2022-09-05,FIL,,-0.1755072866805132,-1,-0.0023847219964551287
2022-09-05,HBAR,,0.30043881645861115,1,0.020231305352843114
2022-09-05,ICP,,0.20194354115215132,1,0.0010988785957026079
2022-09-05,JST,,0.13207653729772892,0,0.0
2022-09-05,LINK,,-0.23616848666737236,-1,-0.0054099689595624246
2022-09-05,LTC,,-0.1310163936172878,-1,-2.5059471043359068e-08
2022-09-05,NEAR,,-0.2762156874488617,-1,-0.006756774535024748
2022-09-05,NEXO,,-0.4542632714875094,-1,-0.03036070193997767
2022-09-05,QNT,,0.0904488730683095,0,0.0
2022-09-05,SHIB,,-0.017678135434299747,0,0.0
2022-09-05,SOL,,0.007195555788011285,0,0.0
2022-09-05,STX,,0.16656731171389286,1,7.062560448528956e-12
2022-09-05,TRX,,0.387930316361265,1,0.07137805161522053
2022-09-05,UNI,,-0.3775017101079783,-1,-0.014635720666166922
2022-09-05,VET,,0.13347379841662266,0,0.0
2022-09-05,XLM,,0.2952585534869901,1,0.015399696840574136
2022-09-05,XRP,,0.3971873735907626,1,0.05412329587279128
2022-09-05,ZEC,,0.27388969569512767,1,0.01373547970686345
2022-09-12,AAVE,,-0.34246236312455874,-1,-0.014433918712922619
2022-09-12,ADA,,-0.32103837387598544,-1,-0.013558671817873333
2022-09-12,ALGO,,0.07441832726667016,0,0.0
2022-09-12,ATOM,,-0.3713879353693058,-1,-0.01700494178282749
2022-09-12,AVAX,,-0.14630546033230868,0,0.0
2022-09-12,BCH,,-0.016114184082998813,0,0.0
2022-09-12,BNB,,0.23662255908924196,1,0.0026364566584112306
2022-09-12,BTC,,-0.0077086184626647975,0,0.0
2022-09-12,CAKE,,0.3665162853886938,1,0.013922577907205327
2022-09-12,CHZ,,0.8600479614173034,1,0.14193176997897006
2022-09-12,DASH,,-0.07744622501988686,0,0.0
2022-09-12,DEXE,,-0.6141005127022319,-1,-0.033811939332431706
2022-09-12,DOGE,,0.3219517141051018,1,0.010793874723605355
2022-09-12,DOT,,-0.05448424639773842,0,0.0
2022-09-12,ETC,,-0.6033064258848403,-1,-0.03552235193208247
2022-09-12,ETH,,-0.5063643189342274,-1,-0.026715854352353914
2022-09-12,FET,,-0.1951728114368156,-1,-3.015578584031732e-08
2022-09-12,FIL,,-0.1573806708421466,0,0.0
2022-09-12,HBAR,,0.3054815908968658,1,0.008901970540263825
2022-09-12,ICP,,-0.022001860470285038,0,0.0
2022-09-12,JST,,0.05026068834749023,0,0.0
2022-09-12,LINK,,0.06224369856701177,0,0.0
2022-09-12,LTC,,-0.32962912596991173,-1,-0.015377864712804357
2022-09-12,LUNC,,0.04511774755151407,0,0.0
2022-09-12,NEAR,,-0.38346640798634807,-1,-0.015590710786253712
2022-09-12,NEXO,,-0.2089846305664374,-1,-0.0014518853409477227
2022-09-12,QNT,,0.2131560529941873,1,0.0008131001166044987
2022-09-12,SHIB,,-0.06097592225150269,0,0.0
2022-09-12,SOL,,0.15826867857258042,1,2.473510630022768e-12
2022-09-12,STX,,0.08956891898068062,0,0.0
2022-09-12,TRX,,0.4520074142881445,1,0.042736458095739525
2022-09-12,UNI,,-0.2704926823334398,-1,-0.0065349810751772095
2022-09-12,VET,,0.18470986659568484,1,0.00029766766109152814
2022-09-12,XLM,,0.38907691971932246,1,0.018596242811892625
2022-09-12,XRP,,0.8588303843605134,1,0.17938436068256586
2022-09-12,ZEC,,0.020543967902615846,0,0.0
2022-09-19,AAVE,,-0.2574006784193024,-1,-0.0029737851621446975
2022-09-19,ADA,,-0.29380179072146767,-1,-0.0069124779875438655
2022-09-19,ALGO,,-0.4345780754983765,-1,-0.014712017928062732
2022-09-19,ATOM,,-0.8073425598654065,-1,-0.049040360390649976
2022-09-19,AVAX,,0.0042948586072994125,0,0.0
2022-09-19,BCH,,-0.05144374956135115,0,0.0
2022-09-19,BNB,,0.2805086435859626,1,0.0054071429133158355
2022-09-19,BTC,,-0.2162912990913299,-1,-4.103486335705361e-08
2022-09-19,CAKE,,0.43796896057187834,1,0.03192067663389956
2022-09-19,CHZ,,0.8163977326218881,1,0.19896295284768564
2022-09-19,DASH,,0.03794780323960519,0,0.0
2022-09-19,DEXE,,0.03220712316431598,0,0.0
2022-09-19,DOGE,,0.4784300129542412,1,0.04687188162038075
2022-09-19,DOT,,-0.1387349372644679,0,0.0
2022-09-19,ETC,,-0.668809334797786,-1,-0.03307017912987691
2022-09-19,ETH,,-0.524057930906681,-1,-0.02259829381673972
2022-09-19,FET,,-0.2547233211965301,-1,-0.003124517235026262
2022-09-19,FIL,,0.06546901535138239,0,0.0
2022-09-19,HBAR,,0.37421578282488455,1,0.022358285259149343
2022-09-19,ICP,,-0.022216504819266746,0,0.0
2022-09-19,JST,,0.0633754485369689,0,0.0
2022-09-19,LINK,,0.15190215670743126,0,0.0
2022-09-19,LTC,,-0.2912356203001201,-1,-0.006688820669191384
2022-09-19,LUNC,,0.05174433270024932,0,0.0
2022-09-19,NEAR,,-0.5350762075686778,-1,-0.02360504219702544
2022-09-19,NEXO,,-0.0352914542000122,0,0.0
2022-09-19,QNT,,0.5452194778793492,1,0.056158492184513284
2022-09-19,SHIB,,0.11319814871994904,0,0.0
2022-09-19,SOL,,0.29546889453771236,1,0.005612351181442914
2022-09-19,STX,,0.09608075166869386,0,0.0
2022-09-19,TRX,,0.24485913556410055,1,0.0027583291810360363
2022-09-19,UNI,,0.015116849026963457,0,0.0
2022-09-19,VET,,0.1961474744554417,1,6.14977874977598e-12
2022-09-19,XLM,,0.4949420576030767,1,0.05005541683590582
2022-09-19,XRP,,-0.4616660802544477,-1,-0.01729859752527756
2022-09-19,ZEC,,0.19717488414383266,1,1.280336631846754e-06
2022-09-26,AAVE,,0.17266247838587617,0,0.0
2022-09-26,ADA,,0.05431899165505384,0,0.0
2022-09-26,ALGO,,-1.014140869893213,-1,-0.02885193985834794
2022-09-26,ATOM,,-0.9565781394821109,-1,-0.035595097982712695
2022-09-26,AVAX,,-0.09082211285525288,-1,-1.2794948314967689e-08
2022-09-26,BCH,,0.018677151375825832,0,0.0
2022-09-26,BNB,,0.42029597677700065,1,0.028403519368523016
2022-09-26,BTC,,-0.09415551909843528,-1,-0.0001394231921377418
2022-09-26,CAKE,,0.1892538538988911,0,0.0
2022-09-26,CHZ,,-0.5468625821751528,-1,-0.020694705560271687
2022-09-26,DASH,,0.18644835354338507,0,0.0
2022-09-26,DEXE,,0.27568271307031206,1,0.002793455285877406
2022-09-26,DOGE,,0.2149530249706657,1,8.087115770478527e-12
2022-09-26,DOT,,0.09080857710872267,0,0.0
2022-09-26,ETC,,-0.6382826338572476,-1,-0.018669997729620465
2022-09-26,ETH,,-0.3360338529400258,-1,-0.008856840279813599
2022-09-26,FET,,-0.22861323499931638,-1,-0.0059588443924509385
2022-09-26,FIL,,0.036865721109359165,0,0.0
2022-09-26,HBAR,,0.08405355551146212,0,0.0
2022-09-26,ICP,,0.10474426678831039,0,0.0
2022-09-26,JST,,0.2966645893228962,1,0.004851295663823517
2022-09-26,LINK,,-0.32244506006040535,-1,-0.012471773818679463
2022-09-26,LTC,,0.19354342647352757,0,0.0
2022-09-26,LUNC,,0.039869846548854615,0,0.0
2022-09-26,NEAR,,-0.41391287541395577,-1,-0.012289769534060167
2022-09-26,NEXO,,0.06094164772280862,0,0.0
2022-09-26,QNT,,0.8578467383366836,1,0.1851627027645457
2022-09-26,SHIB,,0.35270621595224033,1,0.009845667466283283
2022-09-26,SOL,,0.2443699478252345,1,0.0007199235236129012
2022-09-26,STX,,0.09137386645945507,0,0.0
2022-09-26,TRX,,0.58879446188079,1,0.1190809296213517
2022-09-26,UNI,,0.5071479714543187,1,0.03436431744127263
2022-09-26,VET,,0.4166537933722088,1,0.02748764656892039
2022-09-26,XLM,,0.32874596075459767,1,0.0095558792775766
2022-09-26,XRP,,-1.2586172081846125,-1,-0.036980694132960144
2022-09-26,ZEC,,0.07304095866124509,0,0.0
2022-10-03,AAVE,,0.20953365242049446,1,0.00601749328562419
2022-10-03,ADA,,-0.05966385505784477,-1,-0.005454698629975797
2022-10-03,ALGO,,-0.8464437383584611,-1,-0.034569405752220186
2022-10-03,ATOM,,0.006704327945059501,0,0.0
2022-10-03,AVAX,,0.04826425579031376,0,0.0
2022-10-03,BCH,,0.0954424232373037,0,0.0
2022-10-03,BNB,,-0.27920922403448095,-1,-0.032197244543023716
2022-10-03,BTC,,-0.1421419621991875,-1,-0.015560369960861105
2022-10-03,CAKE,,-0.15717234088973886,-1,-0.01701470343176311
2022-10-03,CHZ,,-0.43583644393336773,-1,-0.026637939125277534
2022-10-03,DASH,,0.17736635927145697,0,0.0
2022-10-03,DEXE,,0.20330337756232383,1,0.005648978751640025
2022-10-03,DOGE,,0.09070528583649647,0,0.0
2022-10-03,DOT,,0.1429131617499403,0,0.0
2022-10-03,ETC,,0.05080373780112151,0,0.0
2022-10-03,ETH,,-0.07295153511444004,-1,-0.0033867256401313075
2022-10-03,FET,,0.23789663888277054,1,0.035648627664446854
2022-10-03,FIL,,0.05680510744322773,0,0.0
2022-10-03,HBAR,,0.17371601800825623,0,0.0
2022-10-03,ICP,,0.05753945850024808,0,0.0
2022-10-03,JST,,-0.09570107621227154,-1,-0.007649588080300632
2022-10-03,LINK,,0.08202095379320638,0,0.0
2022-10-03,LTC,,0.0641649041700334,0,0.0
2022-10-03,LUNC,,-1.5816208919840093,-1,-0.029071993871401924
2022-10-03,NEAR,,0.1876038144394985,1,1.133032306457492e-10
2022-10-03,NEXO,,0.003989668451720251,0,0.0
2022-10-03,QNT,,0.8614353965890827,1,0.2
2022-10-03,SHIB,,0.14784851238955554,0,0.0
2022-10-03,SOL,,0.19071701839011992,1,0.00028703642231022445
2022-10-03,STX,,0.2450553829075131,1,0.03770092737322748
2022-10-03,TRX,,0.22611907983519264,1,0.03632424013804271
2022-10-03,UNI,,0.31815149578991214,1,0.14123358625974827
2022-10-03,VET,,0.22351817451437955,1,0.02285040173383224
2022-10-03,XLM,,0.22764043259165967,1,0.025734705527653758
2022-10-03,XRP,,-0.6504848163495468,-1,-0.02558806826885031
2022-10-03,ZEC,,-0.008032754177536863,-1,-2.1701146741725696e-08
2022-10-10,AAVE,,0.5999428258505379,1,0.0772374259556505
2022-10-10,ADA,,-0.23065227009732536,-1,-0.0206838485109099
2022-10-10,ALGO,,-0.7463559225053606,-1,-0.03226814593997274
2022-10-10,ATOM,,-0.19041230400196793,-1,-0.008468361550167688
2022-10-10,AVAX,,0.12281209141970859,1,4.530812101403792e-12
2022-10-10,BCH,,0.003848237155137488,0,0.0
2022-10-10,BNB,,-0.03300590506447395,0,0.0
2022-10-10,BTC,,0.08144176955579216,0,0.0
2022-10-10,CAKE,,0.08081258246401886,0,0.0
2022-10-10,CHZ,,-0.33598870017011945,-1,-0.017253522842999927
2022-10-10,DASH,,0.21587903301753184,1,0.003992547129347316
2022-10-10,DEXE,,0.26744058798309484,1,0.009010340866267837
2022-10-10,DOGE,,-0.047503883048282895,0,0.0
2022-10-10,DOT,,0.10363412043553862,0,0.0
2022-10-10,ETC,,-0.042940033501726926,0,0.0
2022-10-10,ETH,,0.38291801112455054,1,0.025915063519605652
2022-10-10,FET,,0.6158585418894809,1,0.08193671309805999
2022-10-10,FIL,,0.11129189830419609,0,0.0
2022-10-10,HBAR,,0.2883729756362333,1,0.011492314315272674
2022-10-10,ICP,,-0.10647684713926227,-1,-0.0031308569518304396
2022-10-10,JST,,0.1078566651961549,0,0.0
2022-10-10,LINK,,-0.10297910684559666,-1,-0.0025210679416783227
2022-10-10,LTC,,0.06732352257204331,0,0.0
2022-10-10,LUNC,,-1.8279389659970042,-1,-0.04099905511444413
2022-10-10,NEAR,,-0.07532766019321507,-1,-0.00020885930169932445
2022-10-10,NEXO,,0.200962913179548,1,0.0029755636031547324
2022-10-10,QNT,,1.010051656594751,1,0.1878371544040929
2022-10-10,SHIB,,0.0908421547657938,0,0.0
2022-10-10,SOL,,0.0013038808122700996,0,0.0
2022-10-10,STX,,-0.07276052970616859,-1,-3.2074188010442355e-08
2022-10-10,TRX,,0.1808811462067309,1,0.0017433832586177783
2022-10-10,UNI,,0.06832454363303975,0,0.0
2022-10-10,VET,,0.35907311943287534,1,0.021796557943893197
2022-10-10,XLM,,-0.30022863959348534,-1,-0.019057057566852817
2022-10-10,XRP,,-0.9349132882271154,-1,-0.03540158783065494
2022-10-10,ZEC,,0.08661177886207617,0,0.0
2022-10-17,AAVE,,0.5170872135859025,1,0.053019221169655656
2022-10-17,ADA,,-0.22230790509216533,-1,-0.012905923994706036
2022-10-17,ALGO,,-0.13723796569441138,-1,-5.596154645659393e-08
2022-10-17,ATOM,,-0.20610429777843128,-1,-0.005038699531741043
2022-10-17,AVAX,,0.3062294808480195,1,0.017996613181429814
2022-10-17,BCH,,0.06799969909678699,0,0.0
2022-10-17,BNB,,0.1711044282709476,1,0.000273273204430812
2022-10-17,BTC,,0.36233931571636774,1,0.03234767464773631
2022-10-17,CAKE,,-0.20235633116928267,-1,-0.011040046014813867
2022-10-17,CHZ,,-0.1024123095153349,0,0.0
2022-10-17,DASH,,0.07396864763310068,0,0.0
2022-10-17,DEXE,,0.3626544430942513,1,0.032436912554830936
2022-10-17,DOGE,,0.08573128443083061,0,0.0
2022-10-17,DOT,,-0.15283811260398153,-1,-0.002292777369745523
2022-10-17,ETC,,0.080228976067523,0,0.0
2022-10-17,ETH,,0.6113295146330688,1,0.1348424403851542
2022-10-17,FET,,0.010635188117834649,0,0.0
2022-10-17,FIL,,0.15660052090289642,1,8.828158504470146e-12
2022-10-17,HBAR,,0.04149304303531142,0,0.0
2022-10-17,ICP,,0.0058269611571535335,0,0.0
2022-10-17,JST,,0.4724765648488808,1,0.069984624909399
2022-10-17,LINK,,-0.22299189934862754,-1,-0.010235156328141919
2022-10-17,LTC,,0.31023192370051733,1,0.019122259316289622
2022-10-17,LUNC,,-1.7744776961393947,-1,-0.048099307593166385
2022-10-17,NEAR,,-0.012940496963050482,0,0.0
2022-10-17,NEXO,,0.4208584955495894,1,0.04863725026050648
2022-10-17,QNT,,-0.5251654611515495,-1,-0.02602773694590462
2022-10-17,SHIB,,0.08092524397521042,0,0.0
2022-10-17,SOL,,-0.18893855196453277,-1,-0.008565327284900372
2022-10-17,STX,,-0.045191413128825735,0,0.0
2022-10-17,TRX,,0.12187443405377893,0,0.0
2022-10-17,UNI,,0.03972529647751674,0,0.0
2022-10-17,VET,,0.13597406995366154,0,0.0
2022-10-17,XLM,,-0.3291537166165924,-1,-0.021495336488671392
2022-10-17,XRP,,-0.5848633853421366,-1,-0.03430614044877978
2022-10-17,ZEC,,0.2716847973591608,1,0.011368566319430985
2022-10-24,AAVE,,-0.2791890033772231,-1,-0.015704562208733355
2022-10-24,ADA,,-0.11724640375649172,-1,-0.005645809333558167
2022-10-24,ALGO,,0.0009686732931753752,0,0.0
2022-10-24,APT,,0.08605335990533929,0,0.0
2022-10-24,ATOM,,-0.020809689595003303,-1,-0.000621413699819842
2022-10-24,AVAX,,0.34219358682410195,1,0.019997559840202298
2022-10-24,BCH,,0.18637687394795152,1,0.0011562363484115502
2022-10-24,BNB,,0.15182334515729504,0,0.0
2022-10-24,BTC,,0.43613317090631654,1,0.06414243465781101
2022-10-24,CAKE,,0.1989183248061708,1,0.0021660368636010987
2022-10-24,CHZ,,-0.20137289158865884,-1,-0.00671259563721656
2022-10-24,DASH,,-0.07674842666644921,-1,-0.007000777903264681
2022-10-24,DEXE,,0.07235356587449304,0,0.0
2022-10-24,DOGE,,-1.810166409433323,-1,-0.02521278687728674
2022-10-24,DOT,,0.09323232775749152,0,0.0
2022-10-24,ETC,,0.07584699722537276,0,0.0
2022-10-24,ETH,,0.4589814493994037,1,0.048620113647920966
2022-10-24,FET,,0.01340198224382683,0,0.0
2022-10-24,FIL,,0.33237528029634167,1,0.02785791323708747
2022-10-24,HBAR,,-0.2126195862678622,-1,-0.022243448901068028
2022-10-24,ICP,,0.023473188661153978,0,0.0
2022-10-24,JST,,0.14764436738289513,0,0.0
2022-10-24,LINK,,-0.0037129207522248824,-1,-2.0810163076182846e-08
2022-10-24,LTC,,0.1770562801096177,1,0.0005927146521409108
2022-10-24,LUNC,,0.1215282828741657,0,0.0
2022-10-24,NEAR,,0.01244648783519714,0,0.0
2022-10-24,NEXO,,0.6672378422286221,1,0.18959051019391523
2022-10-24,QNT,,-0.8979194351896678,-1,-0.03229241671065008
2022-10-24,SHIB,,0.11665763654137523,0,0.0
2022-10-24,SOL,,0.007664444580476973,0,0.0
2022-10-24,STX,,-0.034423967238460786,-1,-0.0016842084018247822
2022-10-24,TRX,,0.2518171407606085,1,0.009263120169887
2022-10-24,UNI,,0.25583757338780355,1,0.006595815651580592
2022-10-24,VET,,0.40002328093754025,1,0.05001872506182785
2022-10-24,XLM,,-0.4276800573567824,-1,-0.029027195293188514
2022-10-24,XRP,,-0.7044791795540547,-1,-0.03385476933484044
2022-10-24,ZEC,,0.1563225078394699,1,1.0064378876021992e-11
2022-10-31,AAVE,,0.050774477266871586,0,-0.003982635315381936
2022-10-31,ADA,,-0.25851992724200423,-1,-0.0062391347200867675
2022-10-31,ALGO,,0.21063296381747473,1,0.00398623126770713
2022-10-31,APT,,0.16085654540876482,1,0.0005772733809877522
2022-10-31,ATOM,,0.0038319140794309536,0,-0.0001575888658003069
2022-10-31,AVAX,,0.10544265655526634,0,0.0050713281263430245
2022-10-31,BCH,,0.06070174740614108,0,0.00029321847071619165
2022-10-31,BNB,,-0.08290606490533144,-1,-1.1815307790528928e-08
2022-10-31,BTC,,-0.2971697077289263,-1,0.004258439460349289
2022-10-31,CAKE,,0.2039642762996735,1,0.006900823165512524
2022-10-31,CHZ,,0.031231702366364963,0,-0.0017022964465568235
2022-10-31,DASH,,0.4548122592545735,1,0.11127325478024745
2022-10-31,DEXE,,0.27672021392937146,1,0.025104542885120443
2022-10-31,DOGE,,-1.0824868369304426,-1,-0.0131362685943953
2022-10-31,DOT,,0.022626034592087993,0,0.0
2022-10-31,ETC,,0.1519299619473384,1,0.00017139538314231287
2022-10-31,ETH,,-0.3214597400133462,-1,0.004336254726708885
2022-10-31,FET,,0.49008781000357354,1,0.13690153828771628
2022-10-31,FIL,,0.6116108424027106,1,0.15634522345205754
2022-10-31,HBAR,,-0.3805239639335089,-1,-0.022877355822839555
2022-10-31,ICP,,0.058700111884905266,0,0.0
2022-10-31,JST,,-0.07006257240941191,0,0.0
2022-10-31,LINK,,-0.018918839530797,0,-5.277402151329858e-09
2022-10-31,LTC,,0.08236717052773343,0,0.00015031086344119746
2022-10-31,LUNC,,0.11123477606449593,0,0.0
2022-10-31,NEAR,,0.20949499832708632,1,0.004545919600923218
2022-10-31,NEXO,,0.1404694494327085,1,0.048079650457453604
2022-10-31,QNT,,-0.46777407680485045,-1,-0.0154917078182008
2022-10-31,SHIB,,0.06136918377843225,0,0.0
2022-10-31,SOL,,-0.15744212218901318,-1,-0.002120380835824728
2022-10-31,STX,,0.13314640737198924,0,-0.0004271107828679385
2022-10-31,TRX,,-0.266933362181839,-1,-0.0078085882667661005
2022-10-31,UNI,,0.17529820401619461,1,0.0031574845901003764
2022-10-31,VET,,0.52040092946428,1,0.16196514654304722
2022-10-31,XLM,,-0.38665468447606044,-1,-0.024112431182379625
2022-10-31,XRP,,-0.25979770332003443,-1,-0.017371309038833077
2022-10-31,ZEC,,-0.2770550345319014,-1,-0.010773901157864356
2022-11-07,AAVE,,-0.0886413511724842,-1,-0.004503110433228064
2022-11-07,ADA,,0.08993617903085029,1,-0.0015386454787097142
2022-11-07,ALGO,,-0.018586699608119702,0,0.0009830524709738462
2022-11-07,APT,,0.08507500234653301,0,0.00014236254384052718
2022-11-07,ATOM,,-0.007354562881088102,0,-3.886330559342235e-05
2022-11-07,AVAX,,0.032601753217422536,0,0.00125065037899526
2022-11-07,BCH,,0.1551229021314278,1,0.01448581964581876
2022-11-07,BNB,,0.2177005038633632,1,0.029865871859182717
2022-11-07,BTC,,-0.060370651671439686,-1,-0.0015664186151685628
2022-11-07,CAKE,,0.1676064927241904,1,0.019449778580916413
2022-11-07,CHZ,,0.12274114385988893,1,0.0011675360553854604
2022-11-07,DASH,,0.10510257594944312,1,0.028143385881397615
2022-11-07,DEXE,,0.07536701953642067,0,0.006191081565140071
2022-11-07,DOGE,,-1.2558433614581568,-1,-0.049201807340901973
2022-11-07,DOT,,0.22027227340243496,1,0.037729247274685115
2022-11-07,ETC,,0.13324813704239988,1,0.005280518136551449
2022-11-07,ETH,,-0.0026938757873399477,0,0.001069372456735337
2022-11-07,FET,,0.04456815072689535,0,0.033761562351918184
2022-11-07,FIL,,0.18550344167148144,1,0.05403351503639918
2022-11-07,HBAR,,-0.06194427337221967,-1,-0.008789176116131281
2022-11-07,ICP,,0.028789167803952836,0,0.0
2022-11-07,JST,,-0.21180007722110744,-1,-0.019942718225046303
2022-11-07,LINK,,0.04465341065464335,0,-1.3014707067338853e-09
2022-11-07,LTC,,0.39076500903757155,1,0.12002688543533095
2022-11-07,LUNC,,-0.10684894483390664,-1,-0.00843241154200689
2022-11-07,NEAR,,-0.03630850398400792,-1,0.0011210523936005085
2022-11-07,NEXO,,0.006144682773611526,0,0.011857018825941125
2022-11-07,QNT,,-0.21510912805518656,-1,-0.024668353113145882
2022-11-07,SHIB,,0.04782116484793034,0,0.0
2022-11-07,SOL,,-0.296582282758196,-1,-0.014532571837344306
2022-11-07,STX,,-0.005918309476250073,0,-0.00010533064498272586
2022-11-07,TRX,,0.01721868145144977,0,-0.0019256915805783538
2022-11-07,UNI,,0.2754993585080966,1,0.0688014689517324
2022-11-07,VET,,0.14499930333325126,1,0.04718377453482367
2022-11-07,XLM,,-0.11568698918107245,-1,-0.019596904091066826
2022-11-07,XRP,,-0.06975083772764996,-1,-0.007678731655872153
2022-11-07,ZEC,,-0.03729650472503358,-1,-0.0027546557409255535
2022-11-14,AAVE,,0.150892145340721,1,0.0003127863115012083
2022-11-14,ADA,,-0.07197708482301336,-1,-9.768198190370924e-05
2022-11-14,ALGO,,-0.05303538184663442,0,6.238364676591128e-05
2022-11-14,APT,,0.02626240978276187,0,9.034202049099262e-06
2022-11-14,ATOM,,-0.17585247035098786,-1,-0.008800320216628481
2022-11-14,AVAX,,-0.05042898331885745,0,7.936517507921423e-05
2022-11-14,BCH,,0.624147677938208,1,0.18822743298145814
2022-11-14,BNB,,-0.03796629737872504,0,0.001895262008317352
2022-11-14,BTC,,0.06737577604824728,0,-9.94035501273088e-05
2022-11-14,CAKE,,0.012816401812910974,0,0.001234265873382212
2022-11-14,CHZ,,-0.10266516025915304,-1,-0.001845340746601819
2022-11-14,DASH,,0.3886070454532056,1,0.05314223862523221
2022-11-14,DEXE,,0.3543882267454161,1,0.04059621770229249
2022-11-14,DOGE,,-1.6263751872291146,-1,-0.06300594073179933
2022-11-14,DOT,,-0.15280216930010232,-1,-0.008324321581004296
2022-11-14,ETC,,-0.1649204307281279,-1,-0.0130943993469269
2022-11-14,ETH,,-0.16910985519464947,-1,-0.009656670163014868
2022-11-14,FET,,0.03773249912820373,0,0.0021424791068791194
2022-11-14,FIL,,0.12538517569458277,1,0.003428919434648868
2022-11-14,HBAR,,0.319990474735817,1,0.03326066559247712
2022-11-14,ICP,,-0.13553797574014106,-1,-0.007631167344274447
2022-11-14,JST,,-0.13759891442633912,-1,-0.009400474292911054
2022-11-14,LINK,,-0.06114538001661758,0,-8.259018846129087e-11
2022-11-14,LTC,,0.3221807581980787,1,0.032449315562372294
2022-11-14,LUNC,,-0.05718308534185228,0,-0.0005351134334673231
2022-11-14,NEAR,,-0.3516253844596463,-1,-0.02627899354850965
2022-11-14,NEXO,,0.15896011307250438,1,0.0017142615341212072
2022-11-14,QNT,,0.2911197897535995,1,0.015980140551239457
2022-11-14,SHIB,,0.029712468589125855,0,0.0
2022-11-14,SOL,,-0.1928023997482408,-1,-0.007156728501487053
2022-11-14,STX,,0.24457490663761491,1,0.009635202754869053
2022-11-14,TRX,,0.1688127271385415,1,0.0026661209546436117
2022-11-14,UNI,,0.013093728227145905,0,0.00436608081744487
2022-11-14,VET,,-0.03502172577438818,0,0.0029942409083687158
2022-11-14,XLM,,0.08229169470538468,0,-0.00124360232909183
2022-11-14,XRP,,0.3149596366847405,1,0.02423702143391433
2022-11-14,ZEC,,-0.1572557697502253,-1,-0.016025513412633356
2022-11-21,AAVE,,-0.0224788527731129,0,0.0
2022-11-21,ADA,,0.1343615823856318,1,0.00020176362971444293
2022-11-21,ALGO,,-0.5847296154887807,-1,-0.03402063490531946
2022-11-21,APT,,-0.40092352235990264,-1,-0.0175674114172738
2022-11-21,ATOM,,-0.04165414318161777,-1,-0.0009346309254691236
2022-11-21,AVAX,,0.09141611043726318,0,0.0
2022-11-21,BCH,,0.510358874919363,1,0.2
2022-11-21,BNB,,0.03892486714741894,0,0.0
2022-11-21,BTC,,0.05494496637157859,0,0.0
2022-11-21,CAKE,,0.2750785881225964,1,0.04722110439635328
2022-11-21,CHZ,,-1.0561746219257824,-1,-0.065
2022-11-21,DASH,,0.1043851669049624,0,0.0
2022-11-21,DEXE,,0.20897946228490416,1,0.011188445238409063
2022-11-21,DOGE,,-0.3899761596846753,-1,-0.018528305119921457
2022-11-21,DOT,,0.007310371722434626,0,0.0
2022-11-21,ETC,,0.1415647604517859,1,0.0004994803059982419
2022-11-21,ETH,,0.10780742801196587,0,0.0
2022-11-21,FET,,-0.04760623314734892,-1,-0.0011172154789242726
2022-11-21,FIL,,0.007361400081764474,0,0.0
2022-11-21,HBAR,,0.24718081272454306,1,0.022733853519209007
2022-11-21,ICP,,0.11167121853042,0,0.0
2022-11-21,JST,,-0.0572401328013728,-1,-0.0021356419140943304
2022-11-21,LINK,,-0.15894942956545619,-1,-0.007512106450255226
2022-11-21,LTC,,-0.06361102303729615,-1,-0.0020418219736633458
2022-11-21,LUNC,,0.16476401161190615,1,0.0030783734712655935
2022-11-21,NEAR,,-0.18360727994210846,-1,-0.00910684268208525
2022-11-21,NEXO,,0.12765885589892254,1,1.3957943358190267e-11
2022-11-21,QNT,,-0.02370224149875238,-1,-1.5671695754592058e-08
2022-11-21,SHIB,,0.21602726586279689,1,0.013605050395980098
2022-11-21,SOL,,-0.6175302544175756,-1,-0.022035947511727962
2022-11-21,STX,,0.05910973909541721,0,0.0
2022-11-21,TRX,,0.29951757964791914,1,0.05380456805890455
2022-11-21,UNI,,0.07794574257799465,0,0.0
2022-11-21,VET,,0.10094363066848434,0,0.0
2022-11-21,XLM,,0.24668231544174463,1,0.029710775168858658
2022-11-21,XRP,,0.04471111291046209,0,0.0
2022-11-21,ZEC,,0.26947764601150453,1,0.03795973675055975
2022-11-28,AAVE,,-0.09917806635178932,-1,-0.0010186053108591257
2022-11-28,ADA,,0.3241035751802379,1,0.0619861247537601
2022-11-28,ALGO,,-0.07023595755260224,0,-0.0005710201014962404
2022-11-28,APT,,-0.3911771323554293,-1,-0.016051706135265416
2022-11-28,ATOM,,0.04769581171534288,0,-1.5687333508271903e-05
2022-11-28,AVAX,,0.16879247064331374,1,1.5570977534351612e-11
2022-11-28,BCH,,0.1645326580246027,0,0.003356904438058861
2022-11-28,BNB,,-0.45160559730837424,-1,-0.03489929257347077
2022-11-28,BTC,,0.11855203204292272,0,0.0
2022-11-28,CAKE,,0.2556178332290356,1,0.02303949415168532
2022-11-28,CHZ,,-0.13702941950244865,-1,-0.0066418132573001915
2022-11-28,DASH,,0.021610649631306433,0,0.0
2022-11-28,DEXE,,0.21537624727717847,1,0.004706729569514635
2022-11-28,DOGE,,-0.5977009316882015,-1,-0.03162699099378525
2022-11-28,DOT,,0.4211793297021929,1,0.15058627569657346
2022-11-28,ETC,,-0.013006953945150631,0,8.383538279642475e-06
2022-11-28,ETH,,0.24767187854408593,1,0.012812354091518633
2022-11-28,FET,,-0.07570870795648046,0,-1.8751927997344778e-05
2022-11-28,FIL,,0.26421460394022267,1,0.016197638657773128
2022-11-28,HBAR,,-0.07889286322277123,-1,0.00038154878722947497
2022-11-28,ICP,,0.22489831008234784,1,0.005595863280562846
2022-11-28,JST,,-0.24613689542489475,-1,-0.01435380513918601
2022-11-28,LINK,,-0.22840557901183395,-1,-0.009696269806077214
2022-11-28,LTC,,-0.2203733238574749,-1,-0.011357433574365609
2022-11-28,LUNC,,0.2231534370471037,1,0.005819110975355494
2022-11-28,NEAR,,-0.0418786995040962,0,-0.00015285400308097906
2022-11-28,NEXO,,0.0594542842891344,0,2.3427741002641554e-13
2022-11-28,QNT,,-0.09850564215654188,-1,-0.0008949375086260589
2022-11-28,SHIB,,0.12005566806270852,0,0.0002283542702714008
2022-11-28,SOL,,-0.8580061780343073,-1,-0.03536339057750058
2022-11-28,STX,,-0.019307493682082684,0,0.0
2022-11-28,TRX,,0.12043132233665502,0,0.0009030839665238877
2022-11-28,UNI,,0.33438978664749086,1,0.04615938321833346
2022-11-28,VET,,0.2582994125797577,1,0.01759006261791204
2022-11-28,XLM,,-0.03448624723275344,0,0.0004986811651125564
2022-11-28,XRP,,-0.3078315790299602,-1,-0.017362104884147824
2022-11-28,ZEC,,0.37943795684155257,1,0.07023906895633505
2022-12-05,AAVE,,0.025427201967135334,0,-8.500147520193219e-05
2022-12-05,ADA,,0.040698526467012594,0,0.005172672859595287
2022-12-05,ALGO,,-0.050517620638171536,0,-4.765098952429312e-05
2022-12-05,APT,,-0.1260906545984184,-1,-0.005184138928166384
2022-12-05,ATOM,,-0.01198791562822459,0,-1.3090904553238009e-06
2022-12-05,AVAX,,0.05242960773868986,0,1.2993806792934358e-12
2022-12-05,BCH,,-0.060938516042645274,-1,-0.0006001709704503725
2022-12-05,BNB,,-0.36583880149253084,-1,-0.024608786840345738
2022-12-05,BTC,,0.4409207641086698,1,0.0861889720693624
2022-12-05,CAKE,,0.16045781618323104,1,0.0028438145718490196
2022-12-05,CHZ,,-0.2272809445012153,-1,-0.017566038674446782
2022-12-05,DASH,,0.3555329077161251,1,0.03693762978108584
2022-12-05,DEXE,,0.14250470105454985,1,0.0004734410300445699
2022-12-05,DOGE,,-0.727086913138961,-1,-0.03128378323148421
2022-12-05,DOT,,-0.11329594070821691,-1,0.0067995190147080165
2022-12-05,ETC,,-0.052098054577912806,-1,6.725297047599725e-07
2022-12-05,ETH,,0.17681499686158406,1,0.002964024901578372
2022-12-05,FET,,-1.2043431291235667,-1,-0.029450378749200187
2022-12-05,FIL,,0.12509451757341325,0,0.001351674849935057
2022-12-05,HBAR,,0.16584394748545217,1,0.0013491527456320437
2022-12-05,ICP,,0.0474273709088454,0,0.00046696853904578707
2022-12-05,JST,,0.026216048274315586,0,-0.00119780900274594
2022-12-05,LINK,,-0.4953093405184046,-1,-0.025235607822071723
2022-12-05,LTC,,-0.28801258354313797,-1,-0.01841969147351398
2022-12-05,LUNC,,0.12695939279737087,0,0.00048559830976316245
2022-12-05,NEAR,,0.039284632031956576,0,-1.2755495788103967e-05
2022-12-05,NEXO,,0.13595726781521517,1,1.160206844331672e-11
2022-12-05,QNT,,-0.048989401456187576,0,-7.468153526766531e-05
2022-12-05,SHIB,,0.17630168916981534,1,0.0022797023914786687
2022-12-05,SOL,,0.14563024306227446,1,-0.0028623847963440557
2022-12-05,STX,,0.9829155211728401,1,0.18331022344066927
2022-12-05,TRX,,0.3738904074131918,1,0.05521007995162068
2022-12-05,UNI,,-0.12116387671344793,-1,-0.00023997864166531296
2022-12-05,VET,,0.2589790086835393,1,0.018285962569400127
2022-12-05,XLM,,-0.1449503199451307,-1,-0.011654229927862128
2022-12-05,XRP,,-0.014729875261370168,0,-0.0014488482555804622
2022-12-05,ZEC,,0.05334731940231775,0,0.005861371833083287
2022-12-12,AAVE,,0.30777789813268386,1,0.05044727249253567
2022-12-12,ADA,,-0.23255085661730662,-1,-0.016756422675697494
2022-12-12,ALGO,,-0.23530586947495463,-1,-0.02030099478349419
2022-12-12,APT,,0.07740638136337728,0,-0.00016143498878796927
2022-12-12,ATOM,,0.15127820327886363,1,-4.073790316949028e-08
2022-12-12,AVAX,,0.1579056675057082,1,0.00017029956585782658
2022-12-12,BCH,,0.15473596669369336,1,6.990946873475408e-05
2022-12-12,BNB,,-0.2743229843909266,-1,-0.015050405300982304
2022-12-12,BTC,,0.18037863051377417,1,0.006780472942711557
2022-12-12,CAKE,,-0.059184119634177496,0,8.855688087894059e-05
2022-12-12,CHZ,,-0.42411161925724994,-1,-0.05288835152173411
2022-12-12,DASH,,0.09774506680481769,0,0.0011502442222691076
2022-12-12,DEXE,,0.231234976392091,1,0.0196393915906335
2022-12-12,DOGE,,-0.33533075354941727,-1,-0.013595905281153495
2022-12-12,DOT,,-0.13308669688153296,-1,-0.0016090720754359383
2022-12-12,ETC,,-0.11840871247833316,-1,-1.2182967189521832e-08
2022-12-12,ETH,,0.03806460941558535,0,9.230025147547675e-05
2022-12-12,FET,,-0.8619621996514294,-1,-0.02880413220254335
2022-12-12,FIL,,-0.1963298027254541,-1,-0.005015929307117072
2022-12-12,HBAR,,0.08062824932237171,0,4.2012851388109444e-05
2022-12-12,ICP,,0.01970077896943776,0,1.45414816056742e-05
2022-12-12,JST,,0.043630259779413566,0,-3.729998088550712e-05
2022-12-12,LINK,,-0.2385511689828623,-1,-0.009500396812153603
2022-12-12,LTC,,-0.40816961755090536,-1,-0.023368545265914586
2022-12-12,LUNC,,-0.01027715376476455,0,1.512161590927892e-05
2022-12-12,NEAR,,0.07121444861130505,0,-3.9720835958882737e-07
2022-12-12,NEXO,,0.2174434188595215,1,0.017968677194748307
2022-12-12,QNT,,0.23737597843957303,1,0.013418536938440393
2022-12-12,SHIB,,0.21917248973910117,1,0.018893698096707864
2022-12-12,SOL,,0.4123260446787914,1,0.10637301522160487
2022-12-12,STX,,0.07245835909151255,0,0.005708312272474425
2022-12-12,TRX,,0.6384472127307539,1,0.19549121668159297
2022-12-12,UNI,,-0.042003230126338026,0,-7.472976682030105e-06
2022-12-12,VET,,-0.008798663060079079,0,0.000569428058019357
2022-12-12,XLM,,-0.16545064903485052,-1,-0.008843281652231109
2022-12-12,XRP,,0.007998848614259535,0,-4.511738692501211e-05
2022-12-12,ZEC,,0.3269206082439527,1,0.0678567554537774
2022-12-19,AAVE,,0.19908227789898555,1,0.005772209244854359
2022-12-19,ADA,,-0.10007483651933206,-1,-0.00011431919344501229
2022-12-19,ALGO,,-0.2714830876911464,-1,-0.03091673785466549
2022-12-19,APT,,-0.11268738211992577,-1,-0.0012557447636491095
2022-12-19,ATOM,,0.3099543065158055,1,0.02343520484163227
2022-12-19,AVAX,,0.07691623644164235,0,0.0
2022-12-19,BCH,,0.1770637410229585,1,0.003906538083759187
2022-12-19,BNB,,-0.09896524854801174,-1,-7.014179054911322e-08
2022-12-19,BTC,,0.25535182928640376,1,0.014907941599586702
2022-12-19,CAKE,,-0.08607565605381025,0,0.0
2022-12-19,CHZ,,-0.11257534555438217,-1,-0.0017193439744862121
2022-12-19,DASH,,0.1703067683217094,1,0.0019931210191508055
2022-12-19,DEXE,,0.310999247566647,1,0.019756589817317705
2022-12-19,DOGE,,-0.030165147938827973,0,0.0
2022-12-19,DOT,,-0.1328827976639112,-1,-0.004990916749440198
2022-12-19,ETC,,0.10617638439756419,1,4.804699849428948e-12
2022-12-19,ETH,,0.2152902097602047,1,0.007338869927437074
2022-12-19,FET,,-1.6655201098929413,-1,-0.065
2022-12-19,FIL,,-0.21117502210848843,-1,-0.008614678937693231
2022-12-19,HBAR,,0.1637167368579108,1,0.0026836220096112338
2022-12-19,ICP,,-0.014610681777578434,0,0.0
2022-12-19,JST,,0.149975908847063,1,0.0015492838626313577
2022-12-19,LINK,,-0.015359785347955755,0,0.0
2022-12-19,LTC,,-0.024180529116842424,0,0.0
2022-12-19,LUNC,,0.04217395199827929,0,0.0
2022-12-19,NEAR,,0.016829361466481344,0,0.0
2022-12-19,NEXO,,0.6277544847430068,1,0.14188404226509568
2022-12-19,QNT,,0.059248500674692756,0,0.0
2022-12-19,SHIB,,0.003961583839786362,0,0.0
2022-12-19,SOL,,-0.05991677143229762,0,0.0
2022-12-19,STX,,-0.22901475063808108,-1,-0.011450931052869914
2022-12-19,TRX,,0.8772326948096949,1,0.2
2022-12-19,UNI,,-0.26634636839207476,-1,-0.017104624516867208
2022-12-19,VET,,-0.01088655883222483,0,0.0
2022-12-19,XLM,,-0.20359421445420306,-1,-0.023313020219829825
2022-12-19,XRP,,0.10588055142646279,0,0.0
2022-12-19,ZEC,,-0.22240048179326793,-1,-0.015514563460623914
2022-12-26,AAVE,,0.04704362807867199,0,0.0
2022-12-26,ADA,,0.0008727370191956661,0,0.0
2022-12-26,ALGO,,0.04624541349481734,0,0.0
2022-12-26,APT,,0.2500851190650669,1,0.014253373984483252
2022-12-26,ATOM,,0.320148307055288,1,0.029829381156162578
2022-12-26,AVAX,,-0.1456462255778412,-1,-0.009931573327430552
2022-12-26,BCH,,-0.23879931655702544,-1,-0.024151158055844828
2022-12-26,BNB,,0.08662435136547883,0,0.0
2022-12-26,BTC,,0.025897295550450495,0,0.0
2022-12-26,CAKE,,-0.07355894306915692,-1,-0.0002726543347564846
2022-12-26,CHZ,,-0.0798363222426345,-1,-0.0009480767628775265
2022-12-26,DASH,,-0.011068565379424685,0,0.0
2022-12-26,DEXE,,0.35954597953119344,1,0.053017962948310376
2022-12-26,DOGE,,0.008384120246412455,0,0.0
2022-12-26,DOT,,-0.00469209790539596,0,0.0
2022-12-26,ETC,,0.04215374542439371,0,0.0
2022-12-26,ETH,,0.14446872883258297,1,1.335824317912799e-11
2022-12-26,FET,,-1.8528852159022733,-1,-0.04584764477725739
2022-12-26,FIL,,-0.07070725804848194,-1,-1.4892500402491426e-08
2022-12-26,HBAR,,-0.2547851711929437,-1,-0.02277584329371245
2022-12-26,ICP,,0.20902213467222233,1,0.003604846074797288
2022-12-26,JST,,-0.178237544329997,-1,-0.013368167452937556
2022-12-26,LINK,,-0.03722968270550793,0,0.0
2022-12-26,LTC,,-0.10531588863181171,-1,-0.0021136599568795295
2022-12-26,LUNC,,0.1944203594232299,1,0.002148051467784128
2022-12-26,NEAR,,0.18757045511666467,1,0.002299254110774269
2022-12-26,NEXO,,0.5592063193345586,1,0.17287944138300027
2022-12-26,QNT,,0.32125856413763293,1,0.03725434149908564
2022-12-26,SHIB,,0.048958640437514314,0,0.0
2022-12-26,SOL,,-0.08645855902096514,-1,-0.0017861239914683776
2022-12-26,STX,,-0.3299671059162745,-1,-0.015246607349313757
2022-12-26,TRX,,0.4447186696025108,1,0.09665430972921149
2022-12-26,UNI,,0.21955050390555295,1,0.007974838811667627
2022-12-26,VET,,0.15078412140885591,1,8.436361380426404e-05
2022-12-26,XLM,,0.03109182580446569,0,0.0
2022-12-26,XRP,,0.12918549394393125,0,0.0
2022-12-26,ZEC,,-0.3580486169709545,-1,-0.04355849047896431
2023-01-02,AAVE,,0.14252844809007856,1,0.0004433282793608623
2023-01-02,ADA,,-0.09809644146243061,-1,-0.0022538498167627716
2023-01-02,ALGO,,-0.003253581391137054,0,0.0
2023-01-02,APT,,0.07270314023606864,0,0.0
2023-01-02,ATOM,,0.4326065234432207,1,0.07801613159926946
2023-01-02,AVAX,,0.036961756012006186,0,0.0
2023-01-02,BCH,,0.15885220478351117,1,0.0022721377574010278
2023-01-02,BNB,,0.10947684751842174,0,0.0
2023-01-02,BTC,,0.23712746087437728,1,0.019948537648358966
2023-01-02,CAKE,,0.043675035162269255,0,0.0
2023-01-02,CHZ,,-0.12158276160469043,-1,-0.004114159744604949
2023-01-02,DASH,,0.027703197159766497,0,0.0
2023-01-02,DEXE,,0.21467823853537815,1,0.013428420354254324
2023-01-02,DOGE,,-0.0530050881954157,-1,-2.7855172495311898e-08
2023-01-02,DOT,,0.10509263837135184,0,0.0
2023-01-02,ETC,,-0.26746984516947525,-1,-0.009119592036981011
2023-01-02,ETH,,0.20416189363778417,1,0.009083370060823066
2023-01-02,FET,,-0.932255098071492,-1,-0.027021683889204843
2023-01-02,FIL,,-0.03703339719738119,0,0.0
2023-01-02,HBAR,,-0.194912796284524,-1,-0.01118898224565749
2023-01-02,ICP,,0.04806966870493669,0,0.0
2023-01-02,JST,,-0.3129733166955263,-1,-0.03454536555491685
2023-01-02,LINK,,-0.0732555174569272,-1,-0.0017001612620969138
2023-01-02,LTC,,-0.006726218762113601,0,0.0
2023-01-02,LUNC,,0.1233948303983345,1,8.105411525516783e-12
2023-01-02,NEAR,,-0.2726024335383023,-1,-0.009070345347883698
2023-01-02,NEXO,,0.6502647542441518,1,0.2
2023-01-02,QNT,,0.34457177504411973,1,0.0464658855174031
2023-01-02,SHIB,,0.26306491749497063,1,0.02676624853426632
2023-01-02,SOL,,-0.8993818450726769,-1,-0.028691220463486943
2023-01-02,STX,,-0.07234783048193813,-1,-0.0012439975717328086
2023-01-02,TRX,,-0.3607543458027703,-1,-0.05105066087467486
2023-01-02,UNI,,0.27232990466018075,1,0.023220734400890394
2023-01-02,VET,,0.1390013164098558,1,0.00035543139354305125
2023-01-02,XLM,,0.1209414913938244,0,0.0
2023-01-02,XRP,,-0.03958863187906292,0,0.0
2023-01-02,ZEC,,-0.001966893108742926,0,0.0
2023-01-09,AAVE,,-0.18201266289516585,-1,-0.005662693091932139
2023-01-09,ADA,,0.010477858069025483,0,-0.000256073333106269
2023-01-09,ALGO,,-0.06508088745140594,0,0.0
2023-01-09,APT,,-1.5091582488284088,-1,-0.03988517879140705
2023-01-09,ATOM,,0.35142673790058676,1,0.018662593395835453
2023-01-09,AVAX,,-0.3313067759620314,-1,-0.014229676749761265
2023-01-09,BCH,,-0.06109466859782663,0,0.00025815113522070386
2023-01-09,BNB,,0.0756262627673236,1,4.489321984089774e-05
2023-01-09,BTC,,-0.28508014060910886,-1,-0.019398805432844494
2023-01-09,CAKE,,0.06218521962949465,1,1.6396152989957441e-12
2023-01-09,CHZ,,-0.10047425629278775,-1,-0.0009403544451066269
2023-01-09,DASH,,0.018771142851815078,0,0.0
2023-01-09,DEXE,,1.102395158786357,1,0.1692756964683155
2023-01-09,DOGE,,0.0701519494349256,1,1.2136453214145265e-05
2023-01-09,DOT,,-0.03365210775670314,0,0.0
2023-01-09,ETC,,-0.2225736757679636,-1,-0.011757903608939713
2023-01-09,ETH,,0.037118578748565556,0,0.0010320159000893545
2023-01-09,FET,,-0.3612619098167758,-1,-0.013276129644319599
2023-01-09,FIL,,0.23323965110875675,1,0.0019230877891337154
2023-01-09,HBAR,,-0.20784198204778861,-1,-0.009560041865506233
2023-01-09,ICP,,0.15511246203774356,1,0.0010003666072087502
2023-01-09,JST,,-0.14427469823412295,-1,-0.00994434508087699
2023-01-09,LINK,,0.04174800385661054,0,-0.00019316547090464029
2023-01-09,LTC,,0.9364521781167544,1,0.12268860412368053
2023-01-09,LUNC,,0.7376506321803161,1,0.07488686071063891
2023-01-09,NEAR,,-0.09179717807664776,-1,-0.0010305530647819194
2023-01-09,NEXO,,0.35345069440117305,1,0.03968870373768971
2023-01-09,QNT,,0.189688173913352,1,0.0076888719253073445
2023-01-09,SHIB,,-0.06109229212249772,0,0.0030410732897744805
2023-01-09,SOL,,-0.6876992738498973,-1,-0.02539607826068191
2023-01-09,STX,,0.059586057053916924,0,-0.0001413379907571964
2023-01-09,TRX,,-0.07373152419515767,0,-0.005800170353068276
2023-01-09,UNI,,0.1928795693247229,1,0.004837971000690975
2023-01-09,VET,,0.05428832255310203,0,4.038268253645362e-05
2023-01-09,XLM,,0.03394158063224969,0,0.0
2023-01-09,XRP,,0.024366888163413397,0,0.0
2023-01-09,ZEC,,-0.3224248390259104,-1,-0.026117862109527313
2023-01-16,AAVE,,0.0394830749454282,0,-0.0007555215554061346
2023-01-16,ADA,,-0.04363877436218986,0,-3.4165532156797316e-05
2023-01-16,ALGO,,0.09478548945041752,0,0.0
2023-01-16,APT,,-0.04381761188772442,0,-0.005321516075287372
2023-01-16,ATOM,,0.03993069352198071,0,0.0024899798314025993
2023-01-16,AVAX,,-0.315141751635546,-1,-0.005467674141708543
2023-01-16,BCH,,-0.1296327678737321,-1,-0.0003684458629110525
2023-01-16,BNB,,-0.4587466436649691,-1,-0.020052678957062278
2023-01-16,BTC,,-0.489570871655923,-1,-0.016487234885079957
2023-01-16,CAKE,,0.06998435629557395,0,2.1875893340041247e-13
2023-01-16,CHZ,,-0.26005626444820085,-1,-0.003307621058592857
2023-01-16,DASH,,-0.19881019233199312,-1,-0.0032685399495103445
2023-01-16,DEXE,,0.3620352677553826,1,0.15281116108509235
2023-01-16,DOGE,,0.14328235160926953,1,0.001105966022649994
2023-01-16,DOT,,-0.04903869768003599,0,0.0
2023-01-16,ETC,,-0.32718196464416394,-1,-0.006829615026639747
2023-01-16,ETH,,-0.4208574881437996,-1,-0.012054068211112063
2023-01-16,FET,,-0.11411143592639933,-1,-0.001771316358196516
2023-01-16,FIL,,0.6459562719736791,1,0.17357240196951304
2023-01-16,HBAR,,0.21075114800579667,1,0.004537334246797692
2023-01-16,ICP,,0.299396527445362,1,0.03820358643663799
2023-01-16,JST,,0.12354942003053243,1,-0.0012454735342707756
2023-01-16,LINK,,-0.04088591014117191,0,-2.577230915737949e-05
2023-01-16,LTC,,-0.2046392931434299,-1,0.011177526186939499
2023-01-16,LUNC,,0.26115531785911494,1,0.05241621547958203
2023-01-16,NEAR,,-0.023501902167706885,0,-0.00013749730769303098
2023-01-16,NEXO,,0.7179719636506852,1,0.1786111240826672
2023-01-16,QNT,,0.491075474557499,1,0.17434167802385267
2023-01-16,SHIB,,0.2975348851141946,1,0.03553503225674555
2023-01-16,SOL,,-0.472832676277413,-1,-0.007421923865101689
2023-01-16,STX,,0.07376510459963834,0,-1.885744059959633e-05
2023-01-16,TRX,,-0.4375284259680242,-1,-0.016380336730191736
2023-01-16,UNI,,0.1774925987305148,1,0.007756386603124379
2023-01-16,VET,,0.1178600876294422,1,5.387906090351459e-06
2023-01-16,XLM,,-0.10305216936449516,0,0.0
2023-01-16,XRP,,-0.0945318510470903,0,0.0
2023-01-16,ZEC,,0.061566659189486284,0,-0.003484668422695701
2023-01-23,AAVE,,-0.1521485401238321,-1,-0.00044037598590958337
2023-01-23,ADA,,-0.0011961998333933767,0,-4.690441799453715e-06
2023-01-23,ALGO,,0.05161693164864585,0,0.0
2023-01-23,APT,,-0.3076403495182737,-1,-0.002336207122810488
2023-01-23,ATOM,,-0.18743611005983468,-1,-0.0016768613887188045
2023-01-23,AVAX,,-0.06911426284337113,0,-0.0007506339202434948
2023-01-23,BCH,,-0.0532053482026109,0,-5.058237841291664e-05
2023-01-23,BNB,,-0.2819049587553868,-1,-0.012293990968222108
2023-01-23,BTC,,-0.6694190987793025,-1,-0.02764651159705439
2023-01-23,CAKE,,0.6827361284656132,1,0.17254284360083993
2023-01-23,CHZ,,-0.13454510589229587,0,-0.0004540893435751943
2023-01-23,DASH,,0.3127447119719431,1,0.05011020956358907
2023-01-23,DEXE,,0.6805954208111636,1,0.19352164334808597
2023-01-23,DOGE,,0.1445804379426478,1,0.0011605641273563212
2023-01-23,DOT,,-0.04309556343058719,0,0.0
2023-01-23,ETC,,-0.28170844511508353,-1,-0.004824342767579522
2023-01-23,ETH,,-0.6378268792706273,-1,-0.025890652928956884
2023-01-23,FET,,-0.2925273203548042,-1,-0.0023634581736685515
2023-01-23,FIL,,0.0784987053100127,0,0.023829022937300076
2023-01-23,HBAR,,-0.11895531245471794,0,0.0006229114802486285
2023-01-23,ICP,,0.24810921926631932,1,0.02003918600197849
2023-01-23,JST,,0.417546497568072,1,0.09586233501896389
2023-01-23,LINK,,0.28794466179657074,1,0.04700449937680248
2023-01-23,LTC,,0.12075617802988958,1,0.0015345154416565622
2023-01-23,LUNC,,-0.017160208827031845,0,0.007196001131382669
2023-01-23,NEAR,,-0.06134044545573279,0,-1.8876425408975584e-05
2023-01-23,NEXO,,0.2589317778604047,1,0.053418288495756916
2023-01-23,QNT,,0.9182395766127259,1,0.19647747720280073
2023-01-23,SHIB,,-0.10003909786649735,0,0.004878454691618638
2023-01-23,SOL,,-0.4974930261765661,-1,-0.006354814230054909
2023-01-23,STX,,0.2093292133564718,1,0.00961791658010497
2023-01-23,TRX,,-0.366373212321997,-1,-0.014031452970192879
2023-01-23,UNI,,-0.1372848360937457,-1,0.001033926571153275
2023-01-23,VET,,0.218971284004406,1,0.010872681703256106
2023-01-23,XLM,,-0.10964045805684469,0,0.0
2023-01-23,XRP,,-0.1362158166940222,-1,-2.1754410583936857e-08
2023-01-23,ZEC,,0.025669851481666332,0,-0.000478395429406375
2023-01-30,AAVE,,-0.09599239850302359,0,0.0
2023-01-30,ADA,,-0.10134729365602949,0,0.0
2023-01-30,ALGO,,0.015026342921972111,0,0.0
2023-01-30,APT,,-0.6261125985405143,-1,-0.004861856318558981
2023-01-30,ATOM,,0.0514189770824395,0,0.0
2023-01-30,AVAX,,-0.231280693898942,-1,-0.002643424378190659
2023-01-30,BCH,,-0.10440852823693578,-1,-1.3156849816849861e-08
2023-01-30,BNB,,-0.011764666869572966,0,0.0
2023-01-30,BTC,,-0.7545457672762188,-1,-0.02921757753754072
2023-01-30,CAKE,,0.8902580720640451,1,0.2
2023-01-30,CHZ,,-0.022915610934433055,0,0.0
2023-01-30,DASH,,0.517877816393181,1,0.2
2023-01-30,DEXE,,0.90071840887421,1,0.2
2023-01-30,DOGE,,0.3064076659038714,1,0.060168605026922346
2023-01-30,DOT,,-0.06911515218531486,0,0.0
2023-01-30,ETC,,0.17978433809352212,1,0.016027431249811656
2023-01-30,ETH,,-0.5530209238104908,-1,-0.021268165568034056
2023-01-30,FET,,0.2396778440529204,1,0.008066875847383585
2023-01-30,FIL,,0.12048164053052804,1,0.00039797830659635855
2023-01-30,HBAR,,-0.1500168275524209,-1,-0.0010162561075521797
2023-01-30,ICP,,-0.08335072762893296,0,0.0
2023-01-30,JST,,0.26820208362973313,1,0.04350511288516244
2023-01-30,LINK,,-0.18484812129971265,-1,-0.00429521408326122
2023-01-30,LTC,,0.09959952898554801,1,2.3213655359812328e-11
2023-01-30,LUNC,,0.33051359321444806,1,0.0729146475370049
2023-01-30,NEAR,,-0.1119618930329047,-1,-0.00012668717673636784
2023-01-30,NEXO,,-0.05926829387918146,0,0.0
2023-01-30,QNT,,-0.08091583202291142,0,0.0
2023-01-30,SHIB,,0.34401801480771177,1,0.06064596609415157
2023-01-30,SOL,,-0.43131870980136944,-1,-0.00487803947496192
2023-01-30,STX,,0.2629428824753589,1,0.03343160340752282
2023-01-30,TRX,,-0.21494043608090013,-1,-0.006238464570601481
2023-01-30,UNI,,-0.036416233926352765,0,0.0
2023-01-30,VET,,0.0425420213501272,0,0.0
2023-01-30,XLM,,-0.2837756829640389,-1,-0.010370889054439043
2023-01-30,XRP,,-0.34012161738510016,-1,-0.01646249605617704
2023-01-30,ZEC,,-0.022031220894313447,0,0.0
2023-02-06,AAVE,,0.05006250882387311,0,0.0
2023-02-06,ADA,,-0.19170950005213716,-1,-0.00249460436807731
2023-02-06,ALGO,,0.10217562591851402,1,5.104120333573007e-11
2023-02-06,APT,,-0.37921275478729677,-1,-0.0024346628166853654
2023-02-06,ATOM,,-0.04302574667908059,0,0.0
2023-02-06,AVAX,,-0.11777510626926999,-1,-0.0006722922995216155
2023-02-06,BCH,,-0.1091649586685433,-1,-6.738353232414837e-05
2023-02-06,BNB,,-0.3306815667099416,-1,-0.009615450015370884
2023-02-06,BTC,,-0.6448608360142879,-1,-0.025162928994073495
2023-02-06,CAKE,,0.1415236761980494,1,0.04823064119152881
2023-02-06,CHZ,,0.03358968179938869,0,0.0
2023-02-06,DASH,,0.7033212131182536,1,0.2
2023-02-06,DEXE,,0.20539318325566214,1,0.0861677464840527
2023-02-06,DOGE,,0.12189797994681095,1,0.014377106939065229
2023-02-06,DOT,,-0.09439851423088222,0,0.0
2023-02-06,ETC,,-0.10606536437580456,-1,0.0032665201223382196
2023-02-06,ETH,,-0.5686985533846055,-1,-0.02562307869329368
2023-02-06,FET,,-0.08205592314627375,0,0.0016441008283026338
2023-02-06,FIL,,0.1564637875300692,1,0.0086682763138691
2023-02-06,HBAR,,0.38458661585608606,1,0.10228698217031318
2023-02-06,ICP,,0.1516506891102964,1,0.007175263849867712
2023-02-06,JST,,0.2109145552137092,1,0.06376229410058967
2023-02-06,LINK,,-0.09937934834542073,0,-0.0008754027166932698
2023-02-06,LTC,,-0.18900167073445806,-1,-0.003091460345509077
2023-02-06,LUNC,,0.14469631881092188,1,0.02547578537562288
2023-02-06,NEAR,,0.07590405281964722,0,-2.5819969979473564e-05
2023-02-06,NEXO,,0.0373998436529666,0,0.0
2023-02-06,QNT,,0.04200676263130664,0,0.0
2023-02-06,SHIB,,0.07600730886889669,0,0.012360185649931313
2023-02-06,SOL,,0.07743154248484176,0,-0.0009941876995514997
2023-02-06,STX,,0.4390688297418328,1,0.16605188377907718
2023-02-06,TRX,,0.029233789116737227,0,-0.0012714543972049833
2023-02-06,UNI,,-0.11097446792638938,-1,-0.0001393114448080841
2023-02-06,VET,,0.07629932470397087,0,0.0
2023-02-06,XLM,,-0.33813268187143924,-1,-0.011894834288123992
2023-02-06,XRP,,-0.3887927552112309,-1,-0.01573999313106964
2023-02-06,ZEC,,0.5343024588052302,1,0.15923822655989228
2023-02-13,AAVE,,0.12721634104071466,1,0.00015093121078878729
2023-02-13,ADA,,0.07875482976965295,0,-0.0002766032719075189
2023-02-13,ALGO,,0.17186915065477834,1,0.005116044067099056
2023-02-13,APT,,-0.328561519886263,-1,-0.010492865141532415
2023-02-13,ATOM,,-0.04541879577764422,-1,-0.0018228507838565359
2023-02-13,AVAX,,-0.07854271541087401,-1,-0.002591859117966816
2023-02-13,BCH,,0.11217837087976767,0,-7.47152765065947e-06
2023-02-13,BNB,,-0.29575524862907776,-1,-0.04655683890274895
2023-02-13,BTC,,-0.03884758215779479,-1,-0.0037791477324372567
2023-02-13,CAKE,,-0.19569480763695168,-1,-0.015333816813561621
2023-02-13,CHZ,,0.21358579541703002,1,0.020258478727770066
2023-02-13,DASH,,1.0115612393193738,1,0.2
2023-02-13,DEXE,,0.1523660432386265,1,0.012171009887478754
2023-02-13,DOGE,,0.10593597788820362,0,0.0015941424904081201
2023-02-13,DOT,,0.10498910459319159,0,0.0
2023-02-13,ETC,,0.11887298636866914,1,0.00036852289946053733
2023-02-13,ETH,,0.05366558724959844,0,-0.0028411027791037796
2023-02-13,FET,,-0.7195298418159982,-1,-0.022099953145155667
2023-02-13,FIL,,-0.6139735798632285,-1,-0.013246312807427094
2023-02-13,HBAR,,0.052430665060640674,0,0.011341643710686342
2023-02-13,ICP,,0.04740997151484199,0,0.0007955976839737668
2023-02-13,JST,,0.018707347056498496,0,0.007070002521540532
2023-02-13,LINK,,0.13633775019624828,1,0.00044218615457329905
2023-02-13,LTC,,-0.02671312476583855,-1,-0.00034282794451223316
2023-02-13,LUNC,,0.0084779795534,0,0.002824770805136597
2023-02-13,NEAR,,0.11770306690908795,1,-2.8629236325790473e-06
2023-02-13,NEXO,,0.048242966147022164,0,0.0
2023-02-13,QNT,,0.03441539753868719,0,0.0
2023-02-13,SHIB,,-0.19477836639769205,-1,-0.010055239754856875
2023-02-13,SOL,,0.18763095639002914,1,0.004705798175894416
2023-02-13,STX,,-1.2718158685973295,-1,-0.0021252100554502995
2023-02-13,TRX,,0.3476329660874136,1,0.10223480075720034
2023-02-13,UNI,,0.22250157883406843,1,0.013917742303122652
2023-02-13,VET,,0.1082912021607471,0,0.0
2023-02-13,XLM,,0.015358177498741861,0,-0.0013189065669073161
2023-02-13,XRP,,-0.09162396591402565,-1,-0.011266085202333534
2023-02-13,ZEC,,0.30511996548568304,1,0.08851329773437587
2023-02-20,AAVE,,0.07872171751428367,1,0.0001439577981362059
2023-02-20,ADA,,-0.26056750065382406,-1,-0.006419487845943029
2023-02-20,ALGO,,-0.08320698264791976,0,0.0008164604172125733
2023-02-20,APT,,0.28027433321134126,1,0.04090776556078431
2023-02-20,ATOM,,-0.24130469671928303,-1,-0.00560446509064317
2023-02-20,AVAX,,0.01874375758747965,0,-0.0004136302090164204
2023-02-20,BCH,,0.22404789641173242,1,0.03322831508820066
2023-02-20,BNB,,-0.3515779169576897,-1,-0.026599659752819173
2023-02-20,BTC,,-0.5192969838392327,-1,-0.02442984814903819
2023-02-20,CAKE,,-0.01311170461343889,0,-0.002447096684247403
2023-02-20,CHZ,,0.045728291110267195,0,0.003233014762428734
2023-02-20,DASH,,0.875542471361526,1,0.2
2023-02-20,DEXE,,0.602510014870825,1,0.17002470392737606
2023-02-20,DOGE,,0.10103026354545994,1,0.002211108149812315
2023-02-20,DOT,,-0.14073704822385655,-1,-9.781757960195164e-09
2023-02-20,ETC,,-0.01381649525836337,0,5.881191723521403e-05
2023-02-20,ETH,,-0.3462420231044356,-1,-0.012699714762490025
2023-02-20,FET,,-0.03743929302216176,0,-0.003526892405268791
2023-02-20,FIL,,-0.16812659609742167,-1,-0.0023594032379210435
2023-02-20,HBAR,,-0.28986116856972627,-1,-0.002298417646960555
2023-02-20,ICP,,-0.05150640036770709,0,0.00012696802616848956
2023-02-20,JST,,0.5021883904314408,1,0.1692106431906866
2023-02-20,LINK,,-0.16755134635896268,-1,-0.0008034335995345714
2023-02-20,LTC,,-0.16030751583836197,-1,-0.0014576843518760922
2023-02-20,LUNC,,0.24257031910326862,1,0.05938940957719391
2023-02-20,NEAR,,0.07017568657541937,1,-4.5687796593468966e-07
2023-02-20,NEXO,,0.321140489789692,1,0.11040529758851289
2023-02-20,QNT,,-0.0017744665426524028,0,0.0
2023-02-20,SHIB,,-0.021794340959112896,0,-0.0016046979145897065
2023-02-20,SOL,,0.12783456638860474,1,0.004504264319690643
2023-02-20,STX,,-0.22145069893094502,-1,-0.0009118600499275352
2023-02-20,TRX,,-0.040817608103251704,0,0.01631547089608991
2023-02-20,UNI,,-0.09318079999707518,0,0.0022211078595943193
2023-02-20,VET,,0.099661098411828,1,0.0011378290110436752
2023-02-20,XLM,,-0.09036131480205674,0,-0.00021048196453322303
2023-02-20,XRP,,-0.2564284226379816,-1,-0.011703945523763293
2023-02-20,ZEC,,-0.01970797206770169,0,0.014125680515892636
2023-02-27,AAVE,,0.027087129706783997,0,3.964653387026529e-05
2023-02-27,ADA,,-0.0274826245405268,0,-0.00176795175814742
2023-02-27,ALGO,,-0.01543509016471361,0,0.00022485635376363877
2023-02-27,APT,,0.1746105369705824,1,0.01883445103231476
2023-02-27,ATOM,,-0.08985020936318504,-1,-0.00764109003803797
2023-02-27,AVAX,,0.06374982010294149,0,-0.00011391535786077028
2023-02-27,BCH,,0.15201622347431068,1,0.01391544065027583
2023-02-27,BNB,,-0.28908636460311293,-1,-0.04395078988857396
2023-02-27,BTC,,0.02863511699504301,0,-0.006728074578980964
2023-02-27,CAKE,,-0.3402338901657189,-1,-0.04527842924759498
2023-02-27,CHZ,,-0.03982820173070718,-1,1.740203113502004e-05
2023-02-27,DASH,,0.1825636994816387,1,0.06376192134491013
2023-02-27,DEXE,,0.2799764609422706,1,0.08831083767717163
2023-02-27,DOGE,,0.08853443897177325,1,0.0006089477417190396
2023-02-27,DOT,,-0.028446811316452943,-1,-1.6283244969552954e-08
2023-02-27,ETC,,0.03793571741123497,0,1.6197029260165682e-05
2023-02-27,ETH,,0.17241641885303652,1,0.005596927745984909
2023-02-27,FET,,0.8286781306213186,1,0.14394790738865912
2023-02-27,FIL,,-0.5519017426812209,-1,-0.009944015843437785
2023-02-27,HBAR,,-0.077834722364656,-1,-0.0022415886575284025
2023-02-27,ICP,,-0.12015209441706796,-1,-0.0025172302428973373
2023-02-27,JST,,-0.0835871296028667,-1,0.042350607369347815
2023-02-27,LINK,,0.026560103939256136,0,-0.00022126871783853237
2023-02-27,LTC,,0.002606283980673566,0,-0.0004014519031065693
2023-02-27,LUNC,,-0.06785486907651042,-1,0.01254925494339209
2023-02-27,NEAR,,0.016350683467065828,0,-1.2582595722858545e-07
2023-02-27,NEXO,,0.005828536925050295,0,0.030406045570092785
2023-02-27,QNT,,0.1365903308812923,1,0.005344214439701249
2023-02-27,SHIB,,-0.06268847372089192,-1,-0.0029868800755341145
2023-02-27,SOL,,0.11518092376767704,1,0.0020119082563944575
2023-02-27,STX,,-1.3339528584736422,-1,-0.01840890585290521
2023-02-27,TRX,,0.2620343460444133,1,0.04925969968947061
2023-02-27,UNI,,0.26444389223218906,1,0.027312209887354607
2023-02-27,VET,,0.05965153940546883,0,0.0003133625062966836
2023-02-27,XLM,,0.034150305216480784,0,-5.7967546350291366e-05
2023-02-27,XRP,,0.1718651843312792,1,0.011170721839891436
2023-02-27,ZEC,,-0.003130741500505303,0,0.003890266996748635
2023-03-06,AAVE,,0.07970222284611264,0,4.381677346789935e-06
2023-03-06,ADA,,0.11859460598015756,1,-0.00019539145417814762
2023-03-06,ALGO,,-0.12829768366717237,-1,-0.005035287950751113
2023-03-06,APT,,0.686142988714984,1,0.12446829353210685
2023-03-06,ATOM,,0.10262079437724826,0,-0.000844482174255431
2023-03-06,AVAX,,0.2971258973652181,1,0.015402127919217336
2023-03-06,BCH,,0.10476751434898031,0,0.0015379142920143862
2023-03-06,BNB,,0.1523033717258944,1,-0.0032769715516077005
2023-03-06,BTC,,0.010991738005375992,0,-0.0007435770316442259
2023-03-06,CAKE,,-0.18437070615855802,-1,-0.02703530467439109
2023-03-06,CHZ,,-0.043599807134125174,0,1.923247208998455e-06
2023-03-06,DASH,,-0.13322102976434594,-1,0.0027533236935308597
2023-03-06,DEXE,,0.3126846272104329,1,0.036685410215593586
2023-03-06,DOGE,,0.030375554277073166,0,6.730002007238143e-05
2023-03-06,DOT,,0.07121720466443685,0,-1.799600586744657e-09
2023-03-06,ETC,,-0.01794813170235048,0,1.7900721517496643e-06
2023-03-06,ETH,,0.28756421928314774,1,0.02162993314439863
2023-03-06,FET,,-0.016366930568035013,0,0.015908913676707326
2023-03-06,FIL,,-0.6603688718869555,-1,-0.015702331398445235
2023-03-06,HBAR,,0.16450577619432383,1,0.0015210718559495154
2023-03-06,ICP,,-0.06413477558925593,-1,-0.00041499831200465147
2023-03-06,JST,,-0.3628651243742693,-1,-0.026588519918296694
2023-03-06,LINK,,-0.05924748326801229,-1,-2.4476749526431048e-05
2023-03-06,LTC,,-0.2473537281234045,-1,-0.020311517773926844
2023-03-06,LUNC,,-0.2400542945768127,-1,-0.023953577580762525
2023-03-06,NEAR,,0.1040868100190573,0,-1.3906102062560032e-08
2023-03-06,NEXO,,-0.049436745934525746,0,0.003360431999324398
2023-03-06,QNT,,0.4054404989230007,1,0.07516311641243215
2023-03-06,SHIB,,0.12448571228426618,1,-0.00028241962486155476
2023-03-06,SOL,,0.13717194776411065,1,0.00045979794592409563
2023-03-06,STX,,-1.5513127980674366,-1,-0.03043658107271452
2023-03-06,TRX,,0.05476904646706707,0,0.0054441104724392494
2023-03-06,UNI,,0.0925430894663229,0,0.003018505772681132
2023-03-06,VET,,-0.08555569670022918,-1,-0.0012120216092398348
2023-03-06,XLM,,0.17057470709455555,1,0.0031179664667282613
2023-03-06,XRP,,0.46827512537032945,1,0.10775162694027193
2023-03-06,ZEC,,-0.13180964486660904,-1,-0.007026315256858004
2023-03-13,AAVE,,0.07084861556540122,0,0.0
2023-03-13,ADA,,0.101333001940334,0,0.0
2023-03-13,ALGO,,-0.17955937098592797,-1,-0.00976877246676916
2023-03-13,APT,,0.21990943528313125,1,0.006442811833788693
2023-03-13,ATOM,,0.11878841135542835,1,0.00011571507358544966
2023-03-13,AVAX,,0.16353486658373442,1,0.0021545881841904804
2023-03-13,BCH,,0.11031263370395446,1,6.526692659494295e-12
2023-03-13,BNB,,0.09680938125475105,0,0.0
2023-03-13,BTC,,-0.4966002153803157,-1,-0.028196323183267796
2023-03-13,CAKE,,0.26487790040780096,1,0.026246738970131443
2023-03-13,CHZ,,0.06312034435189413,0,0.0
2023-03-13,DASH,,-0.4180473130132012,-1,-0.02660164603280232
2023-03-13,DEXE,,0.0731943613478762,0,0.0
2023-03-13,DOGE,,0.15301065112228304,1,0.0020372609537959107
2023-03-13,DOT,,0.028685034049279745,0,0.0
2023-03-13,ETC,,0.022627035076695032,0,0.0
2023-03-13,ETH,,0.32057911814896906,1,0.029915943451781838
2023-03-13,FET,,-0.07895067014795179,-1,-0.0006170201897802305
2023-03-13,FIL,,-0.07785370593989985,-1,-0.00042236264272456744
2023-03-13,HBAR,,-0.07031559466357724,-1,-2.904220227475248e-08
2023-03-13,ICP,,-0.04265368294551097,0,0.0
2023-03-13,JST,,-0.4402927612214638,-1,-0.03270917414320087
2023-03-13,LINK,,0.028905527226889813,0,0.0
2023-03-13,LTC,,-0.26904058890061977,-1,-0.01774114810070358
2023-03-13,LUNC,,-0.09288762261063377,-1,-0.002232013788878801
2023-03-13,NEAR,,0.0008095568922315312,0,0.0
2023-03-13,NEXO,,0.09485955085503428,0,0.0
2023-03-13,QNT,,0.4521431175010174,1,0.11038364154826291
2023-03-13,SHIB,,0.0063748717409330136,0,0.0
2023-03-13,SOL,,0.173911244264795,1,0.003413484206234358
2023-03-13,STX,,-1.282944092389115,-1,-0.051836261562388124
2023-03-13,TRX,,0.1941667041647607,1,0.008798239902780858
2023-03-13,UNI,,0.07688029698592026,0,0.0
2023-03-13,VET,,-0.14667090449392645,-1,-0.005881494069732892
2023-03-13,XLM,,0.2942854844532769,1,0.03194992499502716
2023-03-13,XRP,,0.5839529171455533,1,0.1985419109834315
2023-03-13,ZEC,,-0.11810353872979565,-1,-0.0039938134396665294
2023-03-20,AAVE,,-0.14547105733383686,-1,-0.006997442570434108
2023-03-20,ADA,,0.3814944720592878,1,0.10865262117433003
2023-03-20,ALGO,,-0.020742560626126106,0,0.0
2023-03-20,APT,,0.024273174050781457,0,0.0
2023-03-20,ATOM,,-0.18312569281355406,-1,-0.01548757572594157
2023-03-20,AVAX,,0.16488130789637073,0,0.0
2023-03-20,BCH,,-0.2400374661232586,-1,-0.01477928754878815
2023-03-20,BNB,,-0.22325595979114032,-1,-0.012964598826558855
2023-03-20,BTC,,-0.6402363949259889,-1,-0.03936883501534921
2023-03-20,CAKE,,0.19692404357902016,1,0.0007230569581029878
2023-03-20,CHZ,,0.2630310594787882,1,0.017641241853254292
2023-03-20,DASH,,0.1859929221009464,1,1.5760685028442903e-11
2023-03-20,DEXE,,0.10759752277443498,0,0.0
2023-03-20,DOGE,,0.3693016913335539,1,0.09034133762565728
2023-03-20,DOT,,-0.091934103053824,-1,-0.0013435192309008662
2023-03-20,ETC,,-0.05180754906764238,0,0.0
2023-03-20,ETH,,0.014500956381930292,0,0.0
2023-03-20,FET,,-0.19637291707491858,-1,-0.010094440850664787
2023-03-20,FIL,,0.048188718665889314,0,0.0
2023-03-20,HBAR,,0.10359714337907215,0,0.0
2023-03-20,ICP,,0.03255943671198808,0,0.0
2023-03-20,JST,,-0.3935760629729473,-1,-0.027399477275950462
2023-03-20,LINK,,0.25688025413282206,1,0.014548754063508206
2023-03-20,LTC,,0.1951618230576029,1,0.0002076528531656722
2023-03-20,LUNC,,0.06428696125413606,0,0.0
2023-03-20,NEAR,,-0.07589580456986601,-1,-2.6661063106236738e-08
2023-03-20,NEXO,,0.2756952353871472,1,0.012985177617833488
2023-03-20,QNT,,-0.020447218454847618,0,0.0
2023-03-20,SHIB,,0.213291529436836,1,0.0029121515907269586
2023-03-20,SOL,,0.12205754708539994,0,0.0
2023-03-20,STX,,-1.4089793802163737,-1,-0.050624670186711
2023-03-20,TRX,,-0.020785835673364852,0,0.0
2023-03-20,UNI,,-0.18984871091347,-1,-0.011034186547070472
2023-03-20,VET,,-0.1263837076549839,-1,-0.0037275217536184126
2023-03-20,XLM,,0.4126178912189887,1,0.13842760155972442
2023-03-20,XRP,,0.4096644293700885,1,0.10157924385494746
2023-03-20,ZEC,,0.18690230191105756,1,4.1186324716495154e-06
2023-03-27,AAVE,,-0.12693921031090855,-1,-0.0037743826833634654
2023-03-27,ADA,,0.7310326592343003,1,0.16790064908116656
2023-03-27,ALGO,,-0.01191169402307789,0,0.0
2023-03-27,APT,,0.15979623436195184,0,0.0
2023-03-27,ARB,,0.07311862924401513,0,0.0
2023-03-27,ATOM,,-0.10710965180415775,-1,-0.003176815458603871
2023-03-27,AVAX,,0.2596767100566674,1,0.0013890742097930455
2023-03-27,BCH,,-0.2796836879633018,-1,-0.012881047999615263
2023-03-27,BNB,,-0.5004931193148517,-1,-0.026152443190631734
2023-03-27,BTC,,-0.8461901578766234,-1,-0.03539330600060675
2023-03-27,CAKE,,0.24395570037489828,1,0.00048094290990985096
2023-03-27,CHZ,,0.13736998256597505,0,0.0
2023-03-27,DASH,,-0.04665404940720444,0,0.0
2023-03-27,DEXE,,0.4767548949639869,1,0.04789324006818545
2023-03-27,DOGE,,0.5232967591637845,1,0.057937317172665835
2023-03-27,DOT,,0.09129744854731205,0,0.0
2023-03-27,ETC,,-0.14067420537852313,-1,-0.0043889684203602015
2023-03-27,ETH,,-0.07010391586688945,-1,-2.6726637031117772e-08
2023-03-27,FET,,-0.32470453382407594,-1,-0.013737361668265346
2023-03-27,FIL,,0.00494227785734726,0,0.0
2023-03-27,HBAR,,0.224369832995581,1,4.364417975844739e-12
2023-03-27,ICP,,0.3031466972106594,1,0.005889577240213939
2023-03-27,JST,,-0.4506614676890313,-1,-0.020625133620800915
2023-03-27,LINK,,0.07721358843600769,0,0.0
2023-03-27,LTC,,-0.12798350212451937,-1,-0.002299154077420456
2023-03-27,LUNC,,0.07684685258430739,0,0.0
2023-03-27,NEAR,,-0.06909067632210343,0,0.0
2023-03-27,NEXO,,-0.4853953136520658,-1,-0.017866715134214027
2023-03-27,QNT,,0.2539702946511149,1,0.0010113936875302126
2023-03-27,SHIB,,0.5263083960170052,1,0.06613214322900579
2023-03-27,SOL,,0.010520671226049137,0,0.0
2023-03-27,STX,,-1.9331869612093135,-1,-0.04090542159837328
2023-03-27,TRX,,0.23802421820165842,1,0.00025124861592599687
2023-03-27,UNI,,-0.05602340600612638,0,0.0
2023-03-27,VET,,-0.060613855225086596,0,0.0
2023-03-27,XLM,,0.4952223786804538,1,0.03894851570487361
2023-03-27,XRP,,0.5064246064218563,1,0.03762162181610683
2023-03-27,ZEC,,0.2241305752029284,0,0.0
2023-04-03,AAVE,,0.054277761969596966,0,0.0
2023-04-03,ADA,,0.7906509171200169,1,0.08201817574367483
2023-04-03,ALGO,,0.14858078673189112,0,0.0
2023-04-03,APT,,-0.271408851257764,-1,-0.008838528520770394
2023-04-03,ARB,,0.07525792136076337,0,0.0
2023-04-03,ATOM,,-0.03080686631313752,0,0.0
2023-04-03,AVAX,,0.3158654339165813,1,0.005264575277096845
2023-04-03,BCH,,-0.16480301012368054,-1,-0.002046610698346672
2023-04-03,BNB,,-0.48756487559063855,-1,-0.022587060146031946
2023-04-03,BTC,,-0.8980684952412444,-1,-0.03822569635721991
2023-04-03,CAKE,,-0.04996618535373513,0,0.0
2023-04-03,CHZ,,0.5283702089555167,1,0.026114923405541786
2023-04-03,DASH,,0.026338973387130957,0,0.0
2023-04-03,DEXE,,0.22172261671443916,1,0.000555426726873232
2023-04-03,DOGE,,0.9949341111502408,1,0.13827977657620139
2023-04-03,DOT,,-0.00929344958391231,0,0.0
2023-04-03,ETC,,-0.10646889183013836,0,0.0
2023-04-03,ETH,,-0.022662797311398107,0,0.0
2023-04-03,FET,,-0.2083118929581148,-1,-0.0045708466867782575
2023-04-03,FIL,,0.20767193572749187,1,0.00014458451872720196
2023-04-03,HBAR,,-0.523371367578018,-1,-0.01909534330430184
2023-04-03,ICP,,0.27238120931165016,1,0.002563860098854704
2023-04-03,JST,,-0.3311843340293182,-1,-0.013869185376195841
2023-04-03,LINK,,-0.015955981376590087,0,0.0
2023-04-03,LTC,,-0.14112102002434768,-1,-0.0008129490666220535
2023-04-03,LUNC,,0.3186610899834287,1,0.005261495231370765
2023-04-03,NEAR,,0.1515985594396323,0,0.0
2023-04-03,NEXO,,-0.42054021428335964,-1,-0.013395249336876894
2023-04-03,QNT,,-0.10002151684693614,0,0.0
2023-04-03,SHIB,,0.7136139461716758,1,0.0642343907877121
2023-04-03,SOL,,0.006996278746322385,0,0.0
2023-04-03,STX,,-1.916159528890881,-1,-0.041249978133369114
2023-04-03,TRX,,0.4553515610917359,1,0.019282019968942035
2023-04-03,UNI,,-0.044493367101239835,0,0.0
2023-04-03,VET,,0.18389157487991029,1,2.197236918981212e-12
2023-04-03,XLM,,-0.12817021461374567,-1,-2.3235812263629876e-08
2023-04-03,XRP,,-0.3721712270337665,-1,-0.015818541429209108
2023-04-03,ZEC,,0.7763792006839446,1,0.07857840318928502
2023-04-10,AAVE,,0.007577993735442902,0,0.0
2023-04-10,ADA,,0.2265971104138888,1,5.668535584037667e-12
2023-04-10,ALGO,,0.3566150641030273,1,0.011097053488451209
2023-04-10,APT,,-0.36655923693283715,-1,-0.009774077097207574
2023-04-10,ARB,,0.07240984094552266,0,0.0
2023-04-10,ATOM,,-0.329443642290607,-1,-0.009529404245687012
2023-04-10,AVAX,,0.13117387920369283,0,0.0
2023-04-10,BCH,,0.12076751150179792,0,0.0
2023-04-10,BNB,,-0.04074233564663895,0,0.0
2023-04-10,BTC,,0.4111123518600098,1,0.021434785859361098
2023-04-10,CAKE,,0.09769210205196281,0,0.0
2023-04-10,CHZ,,0.2575534356673814,1,0.0007634824199715838
2023-04-10,DASH,,0.33162380564947097,1,0.0066428441710688225
2023-04-10,DEXE,,0.22825741465268073,1,4.184697458749118e-06
2023-04-10,DOGE,,0.7911340285830443,1,0.1604369810429751
2023-04-10,DOT,,0.05694975601960458,0,0.0
2023-04-10,ETC,,0.31550910780401936,1,0.005759626511763957
2023-04-10,ETH,,0.0887451865567628,0,0.0
2023-04-10,FET,,-0.5462888649174011,-1,-0.013769868683150522
2023-04-10,FIL,,0.16105993919239844,0,0.0
2023-04-10,HBAR,,-0.89629122132025,-1,-0.024207964398489507
2023-04-10,ICP,,-0.47530748488613406,-1,-0.011961620862034358
2023-04-10,JST,,-0.05528759782941271,-1,-1.8442802474209776e-08
2023-04-10,LINK,,0.09399582431846552,0,0.0
2023-04-10,LTC,,0.03275296078404467,0,0.0
2023-04-10,LUNC,,0.37439350378597547,1,0.014376628960555532
2023-04-10,NEAR,,-0.16364077793861576,-1,-0.003251616438929699
2023-04-10,NEXO,,-0.7489774173205787,-1,-0.019349502066458038
2023-04-10,QNT,,-0.24052850425958178,-1,-0.012016483774034612
2023-04-10,SHIB,,0.6595007336607396,1,0.09948620692902546
2023-04-10,SOL,,-0.7356301195695419,-1,-0.018257177937624828
2023-04-10,STX,,0.031630534039474766,0,0.0
2023-04-10,TRX,,0.20352025678234828,0,0.0
2023-04-10,UNI,,0.031303865651814075,0,0.0
2023-04-10,VET,,0.3153443371215849,1,0.0047888355440952645
2023-04-10,XLM,,-0.6150754850697467,-1,-0.02656606635312068
2023-04-10,XRP,,-0.8345967340351284,-1,-0.031485848100848875
2023-04-10,ZEC,,0.651148877931318,1,0.0960580767774159
2023-04-17,AAVE,,-0.07698667229720631,-1,-3.3160556282452724e-08
2023-04-17,ADA,,-0.14953534222474163,-1,-0.006361716238138416
2023-04-17,ALGO,,-0.12315681468926129,-1,-0.0027835101191897877
2023-04-17,APT,,-0.06149038767135698,0,-0.0010461215873546325
2023-04-17,ARB,,-1.2659363366371548,-1,-0.05804303593047389
2023-04-17,ATOM,,-0.11320685646458208,-1,-0.004102909733899764
2023-04-17,AVAX,,-0.09906280480395724,-1,-0.001666357023487109
2023-04-17,BCH,,0.10327107288541337,1,0.0003772312844277981
2023-04-17,BNB,,0.3305503426647894,1,0.011903315312012854
2023-04-17,BTC,,0.046526084642713274,0,0.002294169770177868
2023-04-17,CAKE,,-0.010986316549988613,0,0.0
2023-04-17,CHZ,,-0.053524625884530386,0,8.17156886685715e-05
2023-04-17,DASH,,-0.06758388593970496,0,0.0007109850495013344
2023-04-17,DEXE,,1.1605100611143524,1,0.17859440459822526
2023-04-17,DOGE,,0.07680379822134181,1,0.017210039485445305
2023-04-17,DOT,,-0.0029881468226155014,0,0.0
2023-04-17,ETC,,0.08443884497843426,1,0.0007251399618804031
2023-04-17,ETH,,-0.06543833703956514,0,0.0
2023-04-17,FET,,-0.18502879940832484,-1,-0.00988689975449367
2023-04-17,FIL,,-0.015895603790003352,0,0.0
2023-04-17,HBAR,,-0.26474348459869973,-1,-0.017659090309249295
2023-04-17,ICP,,-0.024678056801234083,0,-0.0012802548700071841
2023-04-17,JST,,-0.005686157160959789,0,-1.973937140837609e-09
2023-04-17,LINK,,-0.0449654870309713,0,0.0
2023-04-17,LTC,,-0.0027224487414544626,0,0.0
2023-04-17,LUNC,,0.08624821273241179,1,0.0016754819265890376
2023-04-17,NEAR,,-0.1783960265286164,-1,-0.008575073138390253
2023-04-17,NEXO,,0.41152096014290984,1,0.012942281657133944
2023-04-17,QNT,,0.06392960793101185,1,-0.0012861268563001006
2023-04-17,SHIB,,0.16858401333769152,1,0.012975542526771203
2023-04-17,SOL,,-0.3221688195090763,-1,-0.0200153415652862
2023-04-17,STX,,-0.000757786963799573,0,0.0
2023-04-17,TRX,,0.9857449188301628,1,0.16641704815125088
2023-04-17,UNI,,0.08743577973872374,1,0.00012489394402285796
2023-04-17,VET,,-0.02997486747242766,0,0.000512550104848312
2023-04-17,XLM,,-0.2730634516607431,-1,-0.023318568660868046
2023-04-17,XRP,,-0.23886637024232701,-1,-0.020735984984187973
2023-04-17,ZEC,,0.0712801897133429,1,0.01029505553858849
2023-04-24,AAVE,,-0.09309641748878042,-1,-2.257326982586099e-08
2023-04-24,ADA,,-0.23752021404086274,-1,-0.009496360250599268
2023-04-24,ALGO,,-0.19888040434864068,-1,-0.006869530300075437
2023-04-24,APT,,-0.08380719258554327,0,0.0
2023-04-24,ARB,,-1.480840678507883,-1,-0.05134350144522501
2023-04-24,ATOM,,-0.054353300412557023,0,0.0
2023-04-24,AVAX,,-0.15226740794656674,-1,-0.00334944152872989
2023-04-24,BCH,,-0.006794133135137829,0,0.0
2023-04-24,BNB,,0.14655648638722307,1,0.00014031096640522553
2023-04-24,BTC,,0.2949035957945677,1,0.008131480002926314
2023-04-24,CAKE,,-0.4636731109713136,-1,-0.03656473585905804
2023-04-24,CHZ,,0.13000675277686377,1,2.3074409462186568e-12
2023-04-24,DASH,,-0.08220325524763429,0,0.0
2023-04-24,DEXE,,0.33561717203968844,1,0.017653140246098865
2023-04-24,DOGE,,0.06868894968106584,0,0.0
2023-04-24,DOT,,-0.06633651463583887,0,0.0
2023-04-24,ETC,,-0.030880219417245485,0,0.0
2023-04-24,ETH,,-0.2060513251903486,-1,-0.008209781408116274
2023-04-24,FET,,-0.3677552222310235,-1,-0.016270050429142244
2023-04-24,FIL,,0.05686862143777703,0,0.0
2023-04-24,HBAR,,0.18169822924693527,1,0.0006781603504715166
2023-04-24,ICP,,-0.0031259661911476134,0,0.0
2023-04-24,JST,,-0.18901535603119934,-1,-0.014740511960277888
2023-04-24,LINK,,-0.1931096464318494,-1,-0.0072622872855787265
2023-04-24,LTC,,-0.004436542323432541,0,0.0
2023-04-24,LUNC,,0.2354236818888294,1,0.0034911456488988728
2023-04-24,NEAR,,-0.24746070013919202,-1,-0.008929300971343859
2023-04-24,NEXO,,0.7731110770366165,1,0.11045092658280806
2023-04-24,QNT,,0.5718099000778738,1,0.0699440176498942
2023-04-24,SHIB,,-0.002440829817608168,0,0.0
2023-04-24,SOL,,-0.41993555423165607,-1,-0.016964476475664493
2023-04-24,STX,,0.30913397570257295,1,0.007982724775188505
2023-04-24,TRX,,0.9904478551970286,1,0.2
2023-04-24,UNI,,0.1337064022584278,1,7.310827053780034e-06
2023-04-24,VET,,-0.0015123238448243432,0,0.0
2023-04-24,XLM,,0.12037221568421938,0,0.0
2023-04-24,XRP,,0.19012391534678114,1,0.00156917673310414
2023-04-24,ZEC,,0.047027484613813654,0,0.0
2023-05-01,AAVE,,0.11274459855333636,1,3.562365731625414e-12
2023-05-01,ADA,,-0.22983920112767742,-1,-0.008741029820950725
2023-05-01,ALGO,,0.07795310661025043,0,0.0
2023-05-01,APT,,-0.13525909879560707,-1,-0.002267207920222747
2023-05-01,ARB,,-1.3902897161339265,-1,-0.04471749707649778
2023-05-01,ATOM,,-0.12206254565307485,-1,-0.0017351848700740689
2023-05-01,AVAX,,-0.07111981003119718,0,0.0
2023-05-01,BCH,,0.24089197594545028,1,0.00785854400723173
2023-05-01,BNB,,-0.08623232179280677,0,0.0
2023-05-01,BTC,,0.15730279207130232,1,0.0011324497123176248
2023-05-01,CAKE,,-0.4237138967600655,-1,-0.026167340374142967
2023-05-01,CHZ,,0.3963559064728916,1,0.027332307160366536
2023-05-01,DASH,,-0.06044624820577391,0,0.0
2023-05-01,DEXE,,-0.12304743646608987,-1,-0.003302632906507378
2023-05-01,DOGE,,0.15572458762568217,1,0.0008890817209790279
2023-05-01,DOT,,0.035945732493031055,0,0.0
2023-05-01,ETC,,0.11026775587444805,0,0.0
2023-05-01,ETH,,-0.012778119331742907,0,0.0
2023-05-01,FET,,-0.41935558306455206,-1,-0.018218485871428353
2023-05-01,FIL,,0.03558111673574285,0,0.0
2023-05-01,HBAR,,-0.08901288643028467,-1,-2.229703479281415e-08
2023-05-01,ICP,,-0.5780272178218983,-1,-0.023491654401006132
2023-05-01,JST,,-0.2237004427322266,-1,-0.020904996009150186
2023-05-01,LINK,,-0.020207456993577646,0,0.0
2023-05-01,LTC,,-0.04888844865672385,0,0.0
2023-05-01,LUNC,,-0.0322209484200616,0,0.0
2023-05-01,NEAR,,-0.30604106775909634,-1,-0.012149095765236548
2023-05-01,NEXO,,0.48108369299495013,1,0.05729965092596096
2023-05-01,QNT,,0.1949829198232865,1,0.005163700829154955
2023-05-01,SHIB,,-0.008279790992194315,0,0.0
2023-05-01,SOL,,-0.45534009048002133,-1,-0.018304853337808836
2023-05-01,STX,,0.6629155493209807,1,0.08819535344160587
2023-05-01,TRX,,1.3795659540238898,1,0.2
2023-05-01,UNI,,0.28107745012139396,1,0.010761996422759167
2023-05-01,VET,,-0.06208910617805186,0,0.0
2023-05-01,XLM,,0.3007297287785764,1,0.018299605575953733
2023-05-01,XRP,,0.183092007601358,1,0.0031110880985856927
2023-05-01,ZEC,,0.0917365587800801,0,0.0
2023-05-08,AAVE,,-0.07397276089802832,-1,-2.016393453276132e-08
2023-05-08,ADA,,0.16240617694505188,1,1.488636671769676e-05
2023-05-08,ALGO,,0.27672679988861265,1,0.01095577811885029
2023-05-08,APT,,-0.00047066989527477614,0,0.0
2023-05-08,ARB,,-0.02784326822277752,0,0.0
2023-05-08,ATOM,,-0.12196011485736877,-1,-0.002267777067984753
2023-05-08,AVAX,,-0.05820318821162604,0,0.0
2023-05-08,BCH,,0.5187318333433101,1,0.1252916891306042
2023-05-08,BNB,,0.04899337971419964,0,0.0
2023-05-08,BTC,,-0.31016855285704686,-1,-0.018146133334795273
2023-05-08,CAKE,,0.1675457660159703,1,8.469373396264165e-05
2023-05-08,CHZ,,-0.5728426184031683,-1,-0.027264153970516434
2023-05-08,DASH,,-0.049488302068962556,0,0.0
2023-05-08,DEXE,,-0.13911273058819368,-1,-0.005585307520165896
2023-05-08,DOGE,,0.08831909304457605,0,0.0
2023-05-08,DOT,,0.15959864297355889,1,1.1454616631511918e-11
2023-05-08,ETC,,0.3470802809250696,1,0.03888570786057479
2023-05-08,ETH,,0.18927457240370557,1,0.0012102379759342443
2023-05-08,FET,,-0.36222603988220486,-1,-0.020920525037289413
2023-05-08,FIL,,-0.27617021339746833,-1,-0.011644575700454617
2023-05-08,HBAR,,-0.43708288102016635,-1,-0.022129188712295536
2023-05-08,ICP,,-1.2924185803013974,-1,-0.048304259652427566
2023-05-08,JST,,-0.20972788292499497,-1,-0.012526877042137279
2023-05-08,LINK,,0.17848325625883613,1,0.000561020805030768
2023-05-08,LTC,,0.2163612856947372,1,0.003351809843129177
2023-05-08,LUNC,,0.07943626314761891,0,0.0
2023-05-08,NEAR,,0.023599691390773777,0,0.0
2023-05-08,NEXO,,0.029286895346565756,0,0.0
2023-05-08,PEPE,,0.053681653269827566,0,0.0
2023-05-08,QNT,,0.156887321842783,0,0.0
2023-05-08,SHIB,,0.007090811650604382,0,0.0
2023-05-08,SOL,,-0.11177484340375005,-1,-0.0017691564420497482
2023-05-08,STX,,-0.2705012181080575,-1,-0.009442026460841786
2023-05-08,SUI,,0.022772155063448332,0,0.0
2023-05-08,TRX,,0.9794605429467124,1,0.2
2023-05-08,UNI,,0.35874561360616486,1,0.034357040917332236
2023-05-08,VET,,0.07786310357367401,0,0.0
2023-05-08,XLM,,0.22242729317807416,1,0.005301689523839307
2023-05-08,XRP,,-0.027153689525548162,0,0.0
2023-05-08,ZEC,,-0.023654877657842143,0,0.0
2023-05-15,AAVE,,0.10912990099634627,1,1.4145270880766926e-11
2023-05-15,ADA,,0.04508609399085922,0,0.0
2023-05-15,ALGO,,0.28834393782544837,1,0.04096702751344163
2023-05-15,APT,,0.10896774242461707,0,0.0
2023-05-15,ARB,,0.10589986297840248,0,0.0
2023-05-15,ATOM,,-0.2163495115455551,-1,-0.01582311293687199
2023-05-15,AVAX,,-0.11172667606738873,-1,-0.006141643203113594
2023-05-15,BCH,,0.32296400764045385,1,0.05629925716952963
2023-05-15,BNB,,-0.05602979121971923,-1,-0.0013150507132820217
2023-05-15,BTC,,-0.29670655792571515,-1,-0.024388343957107025
2023-05-15,CAKE,,-0.016821616948726303,0,0.0
2023-05-15,CHZ,,-0.45417040941997916,-1,-0.024809763790000477
2023-05-15,DASH,,-0.025161692185958828,0,0.0
2023-05-15,DEXE,,-0.03782734680049952,-1,-2.7087789874728387e-08
2023-05-15,DOGE,,0.2498632519296821,1,0.02651432999330798
2023-05-15,DOT,,0.13582672848260105,1,0.001330506839703009
2023-05-15,ETC,,0.12346561666125251,1,0.00043448007110849843
2023-05-15,ETH,,0.28794315290341554,1,0.040802266230789905
2023-05-15,FET,,-0.10046601768393684,-1,-0.003200230219799388
2023-05-15,FIL,,-0.07906735605351946,-1,-0.002581807805760391
2023-05-15,HBAR,,-0.2749298204637261,-1,-0.014119353324647914
2023-05-15,ICP,,-1.3034143302251342,-1,-0.051356778863927456
2023-05-15,JST,,0.04556682466146894,0,0.0
2023-05-15,LINK,,0.03456828630714753,0,0.0
2023-05-15,LTC,,0.0782036905474138,0,0.0
2023-05-15,LUNC,,0.14500291297136994,1,0.0019273453508914682
2023-05-15,NEAR,,0.10362895129807723,0,0.0
2023-05-15,NEXO,,0.048245618918013905,0,0.0
2023-05-15,PEPE,,0.05556923865684319,0,0.0
2023-05-15,QNT,,-0.21078181027490694,-1,-0.015649529527787996
2023-05-15,SHIB,,-0.022157412519504132,0,0.0
2023-05-15,SOL,,-0.2799084197686716,-1,-0.02061440411532021
2023-05-15,STX,,-0.02302429317349196,0,0.0
2023-05-15,SUI,,0.02354730044213265,0,0.0
2023-05-15,TRX,,0.4420864141037612,1,0.12492815479031809
2023-05-15,UNI,,0.4233855256038013,1,0.11258290372428924
2023-05-15,VET,,0.17854713112964016,1,0.0074304106698219385
2023-05-15,XLM,,0.17512740710063618,1,0.0067845623900367885
2023-05-15,XRP,,-0.0018364855095339746,0,0.0
2023-05-15,ZEC,,-0.02059004978741733,0,0.0
2023-05-22,AAVE,,-0.169305094582262,-1,-0.0015029595642901273
2023-05-22,ADA,,0.04109707559960361,0,0.0
2023-05-22,ALGO,,-0.2623264539312111,-1,-0.01582394294827179
2023-05-22,APT,,0.03837258831058876,0,0.0
2023-05-22,ARB,,-0.38699381115609083,-1,-0.019898081142283218
2023-05-22,ATOM,,0.12000559424654769,1,7.224504886428336e-12
2023-05-22,AVAX,,0.04755654133966528,0,0.0
2023-05-22,BCH,,0.6721074778134747,1,0.15647469615103704
2023-05-22,BNB,,0.1327799922938084,1,0.00017794348093762657
2023-05-22,BTC,,0.023569091880119148,0,0.0
2023-05-22,CAKE,,-0.3093309690088229,-1,-0.012722555925107851
2023-05-22,CHZ,,-0.13623746181394503,0,0.0
2023-05-22,DASH,,-0.31217882573567135,-1,-0.015999775991181454
2023-05-22,DEXE,,-0.01739964297821952,0,0.0
2023-05-22,DOGE,,0.31684941550416873,1,0.024447321142771636
2023-05-22,DOT,,0.19365529605642734,1,0.004166069304207513
2023-05-22,ETC,,0.34413489507305883,1,0.030882263371335178
2023-05-22,ETH,,0.27460310947887523,1,0.015826236913395544
2023-05-22,FET,,-0.7975984192417588,-1,-0.044979084794545494
2023-05-22,FIL,,-0.1855140549387212,-1,-0.002827877597896609
2023-05-22,HBAR,,-0.08480300017084122,0,0.0
2023-05-22,ICP,,-0.030746080616716798,0,0.0
2023-05-22,JST,,-0.2739463334547065,-1,-0.017644978920185905
2023-05-22,LINK,,0.24246430738871586,1,0.010403893962030474
2023-05-22,LTC,,-0.49469145307103474,-1,-0.04086209138386348
2023-05-22,LUNC,,0.029642009596892317,0,0.0
2023-05-22,NEAR,,0.044242215933117376,0,0.0
2023-05-22,NEXO,,0.37930977775281416,1,0.04014840035785219
2023-05-22,PEPE,,0.04900192610185564,0,0.0
2023-05-22,QNT,,-0.030192413080027392,0,0.0
2023-05-22,SHIB,,0.028654276815559467,0,0.0
2023-05-22,SOL,,-0.03826431672387698,0,0.0
2023-05-22,STX,,-0.15069819464403622,-1,-2.9557562293703587e-08
2023-05-22,SUI,,0.023555012931232393,0,0.0
2023-05-22,TRX,,0.28491345067939694,1,0.01777654077170903
2023-05-22,UNI,,0.5240253176186752,1,0.08919379539903294
2023-05-22,VET,,-0.21050560355485293,-1,-0.005504992771872038
2023-05-22,XLM,,0.34262496134452025,1,0.030508784085049614
2023-05-22,XRP,,-0.1750713565497486,-1,-0.0022336295200872888
2023-05-22,ZEC,,-0.08736084850657315,0,0.0
2023-05-29,AAVE,,-0.5442855998854124,-1,-0.03421423214306834
2023-05-29,ADA,,0.08525968686147968,0,0.0
2023-05-29,ALGO,,0.23816061278346445,1,0.010054559431880711
2023-05-29,APT,,0.26797071990343446,1,0.014100452303148268
2023-05-29,ARB,,-0.12031534170640441,-1,-0.0017665347604277494
2023-05-29,ATOM,,0.17578560039246122,1,2.3514261956575056e-11
2023-05-29,AVAX,,0.16305508517170528,0,0.0
2023-05-29,BCH,,0.4512613984128025,1,0.1457083363266115
2023-05-29,BNB,,-0.017150334394709768,0,0.0
2023-05-29,BTC,,-0.19191896601806935,-1,-0.010955170038666858
2023-05-29,CAKE,,0.22964452567234267,1,0.006912412981475461
2023-05-29,CHZ,,0.05593799809930607,0,0.0
2023-05-29,DASH,,-0.18806368014678898,-1,-0.00802459448103596
2023-05-29,DEXE,,-0.08892114956128654,0,0.0
2023-05-29,DOGE,,0.24952947969370987,1,0.013590915632414463
2023-05-29,DOT,,0.024023572659152406,0,0.0
2023-05-29,ETC,,0.2158823359330113,1,0.004538863028280697
2023-05-29,ETH,,0.08374668910995331,0,0.0
2023-05-29,FET,,-0.46847280171915395,-1,-0.021364923305387296
2023-05-29,FIL,,-0.028105715176047114,0,0.0
2023-05-29,HBAR,,-0.11464441805421555,-1,-0.0018835791945885111
2023-05-29,ICP,,0.03103265046425765,0,0.0
2023-05-29,JST,,-0.09455660223691333,-1,-3.567664409858738e-08
2023-05-29,LINK,,0.08664649977970221,0,0.0
2023-05-29,LTC,,-0.10951168859294608,-1,-0.0013737187859152245
2023-05-29,LUNC,,-0.8620104056723692,-1,-0.03961455348307556
2023-05-29,NEAR,,0.18483107160679857,1,0.00031116727898542666
2023-05-29,NEXO,,0.049064399814093426,0,0.0
2023-05-29,PEPE,,-0.5994715642634365,-1,-0.025390034265777014
2023-05-29,QNT,,0.1276615392254194,0,0.0
2023-05-29,SHIB,,0.08713261131753723,0,0.0
2023-05-29,SOL,,0.25127807721692,1,0.01161559561023376
2023-05-29,STX,,0.029764275096242524,0,0.0
2023-05-29,SUI,,-0.25198635453724455,-1,-0.01858585411069992
2023-05-29,TRX,,0.29516612244255774,1,0.03234581907213095
2023-05-29,UNI,,0.20860789037322872,1,0.003165622684193558
2023-05-29,VET,,-0.08099088867621448,0,0.0
2023-05-29,XLM,,0.48334186419383535,1,0.17766346640976058
2023-05-29,XRP,,-0.0446696858776073,0,0.0
2023-05-29,ZEC,,-0.2697095097045939,-1,-0.016826770165113213
2023-06-05,AAVE,,-0.1385012272624327,0,0.0
2023-06-05,ADA,,-0.29885330815281286,-1,-0.01895500836910148
2023-06-05,ALGO,,-0.005009030054339251,0,0.0
2023-06-05,APT,,-0.20930289675351438,-1,-0.006072115761869317
2023-06-05,ARB,,-0.07574915069658937,0,0.0
2023-06-05,ATOM,,-0.08441021453917537,0,0.0
2023-06-05,AVAX,,0.006371021360126559,0,0.0
2023-06-05,BCH,,0.24851965047249885,1,0.009879725501104063
2023-06-05,BNB,,-0.08212770147086802,0,0.0
2023-06-05,BTC,,0.38036846243702277,1,0.0484303282683629
2023-06-05,CAKE,,0.1424148357104005,1,5.225550522046149e-12
2023-06-05,CHZ,,-0.0676383604240052,0,0.0
2023-06-05,DASH,,-0.3320968934096847,-1,-0.020682116882177762
2023-06-05,DEXE,,0.001537673921295706,0,0.0
2023-06-05,DOGE,,0.17983380340179408,1,0.0011085305889054233
2023-06-05,DOT,,0.046528783874155835,0,0.0
2023-06-05,ETC,,0.06191558020413068,0,0.0
2023-06-05,ETH,,0.32574296166270034,1,0.028343183879877526
2023-06-05,FET,,-0.4261304769191464,-1,-0.02892972321694409
2023-06-05,FIL,,-0.14378007356471684,-1,-3.760900782308873e-05
2023-06-05,HBAR,,0.18432334238471137,1,0.0016857315220728298
2023-06-05,ICP,,0.04913004874650068,0,0.0
2023-06-05,JST,,-0.25026830435613573,-1,-0.01588022650652514
2023-06-05,LINK,,-0.03804915570501392,0,0.0
2023-06-05,LTC,,-0.1432499334858049,-1,-4.6259477085774024e-08
2023-06-05,LUNC,,-0.5301616910591556,-1,-0.04214202824849707
2023-06-05,NEAR,,-0.10278099960307265,0,0.0
2023-06-05,NEXO,,0.37359269953179686,1,0.045976357529016056
2023-06-05,PEPE,,-0.20935865492958672,-1,-0.01327389937335451
2023-06-05,QNT,,0.29600914287223457,1,0.01259531755341291
2023-06-05,SHIB,,-0.045452641959851436,0,0.0
2023-06-05,SOL,,-0.17402735362932958,-1,-0.00292945301602262
2023-06-05,STX,,0.2948315233417339,1,0.017420768202953435
2023-06-05,SUI,,-0.37149405466696567,-1,-0.026980799092423773
2023-06-05,TRX,,0.1253726856644684,0,0.0
2023-06-05,UNI,,0.14646970523042804,1,1.7248276601929703e-05
2023-06-05,VET,,-0.14280025463750512,0,0.0
2023-06-05,XLM,,0.39665262604817003,1,0.0545585978837328
2023-06-05,XRP,,0.7869258072655948,1,0.2
2023-06-05,ZEC,,-0.17529797685005444,-1,-0.00411747272246758
2023-06-12,AAVE,,-0.2063661212295046,-1,-0.007710204204828673
2023-06-12,ADA,,-0.4151986591239471,-1,-0.01687830147571939
2023-06-12,ALGO,,0.03856871649707336,0,0.0
2023-06-12,APT,,-0.07303840417430332,0,0.0
2023-06-12,ARB,,-0.10461351311808113,-1,-0.0007704836528343308
2023-06-12,ATOM,,0.01902118131198944,0,0.0
2023-06-12,AVAX,,-0.06620002539079534,0,0.0
2023-06-12,BCH,,0.5779213532410866,1,0.09721195245978603
2023-06-12,BNB,,0.09703875472134516,0,0.0
2023-06-12,BTC,,0.5730229647188537,1,0.12741906971802797
2023-06-12,CAKE,,0.12211632021468627,0,0.0
2023-06-12,CHZ,,-0.061207337887699775,0,0.0
2023-06-12,DASH,,-0.06875235677290316,0,0.0
2023-06-12,DEXE,,0.2195260090553803,1,0.003731714951757275
2023-06-12,DOGE,,0.29436980937643614,1,0.013838238910423142
2023-06-12,DOT,,0.12572983986867184,1,5.1920099147456655e-12
2023-06-12,ETC,,0.15688536894872288,1,0.0005669572211925983
2023-06-12,ETH,,0.027477825648143803,0,0.0
2023-06-12,FET,,-0.4269099742097739,-1,-0.01384963010994885
2023-06-12,FIL,,0.05278023279791718,0,0.0
2023-06-12,HBAR,,0.45750670544122385,1,0.05748702513909357
2023-06-12,ICP,,0.14384657394058117,1,0.0001472197646388022
2023-06-12,JST,,-0.460570824446149,-1,-0.02563765156919645
2023-06-12,LINK,,0.0016770117566753974,0,0.0
2023-06-12,LTC,,0.014362947233971007,0,0.0
2023-06-12,LUNC,,-0.7355014017208126,-1,-0.029154909596302944
2023-06-12,NEAR,,0.03611961963355868,0,0.0
2023-06-12,NEXO,,-0.08851205128038335,-1,-4.2822085789336956e-08
2023-06-12,PEPE,,0.2453530127057848,1,0.004914197129434472
2023-06-12,QNT,,-0.019259393799850186,0,0.0
2023-06-12,SHIB,,0.15000991638855538,1,0.00025012556108687864
2023-06-12,SOL,,-0.22100809236069183,-1,-0.005641845095245375
2023-06-12,STX,,0.5948191840459777,1,0.1010977776082417
2023-06-12,SUI,,-0.5201271516139928,-1,-0.01457602529564577
2023-06-12,TRX,,0.11770641107163644,0,0.0
2023-06-12,UNI,,0.33612653193731534,1,0.013390907437409777
2023-06-12,VET,,-0.40890782462885794,-1,-0.02131492130156407
2023-06-12,XLM,,-0.2685825635613069,-1,-0.02482957536520257
2023-06-12,XRP,,-0.3032185836139421,-1,-0.01964751165500441
2023-06-12,ZEC,,0.04598798837740145,0,0.0
2023-06-19,AAVE,,-0.19065315927459553,-1,-0.004990373668117028
2023-06-19,ADA,,-0.13606199726633075,-1,-0.0036690500362199278
2023-06-19,ALGO,,0.020659028748277915,0,0.0
2023-06-19,APT,,0.05202459330579433,0,0.0
2023-06-19,ARB,,0.24125876352473108,1,0.012101643695786998
2023-06-19,ATOM,,0.07078234520375451,0,0.0
2023-06-19,AVAX,,0.08194016999969084,0,0.0
2023-06-19,BCH,,-0.9877404275928512,-1,-0.02438678037530538
2023-06-19,BNB,,-0.2506807697452248,-1,-0.015296803642842046
2023-06-19,BTC,,0.4015692223052378,1,0.1167098710421802
2023-06-19,CAKE,,0.19644628055426555,1,0.0023669464282583086
2023-06-19,CHZ,,-0.11958752295354295,-1,-0.0021236261169799834
2023-06-19,DASH,,-0.04076937371656333,0,0.0
2023-06-19,DEXE,,0.1708454541425239,1,0.00023972288979820785
2023-06-19,DOGE,,0.22600911992118383,1,0.010678530396722154
2023-06-19,DOT,,0.2192835121432881,1,0.006865777209487689
2023-06-19,ETC,,0.16139658044805302,1,1.4384758727188199e-11
2023-06-19,ETH,,0.313968470444913,1,0.06445343831186552
2023-06-19,FET,,-0.0939175944718056,-1,-0.0009440304529276344
2023-06-19,FIL,,0.12099787499465979,0,0.0
2023-06-19,HBAR,,0.3243579627564855,1,0.04712587039635999
2023-06-19,ICP,,0.1262872968370593,0,0.0
2023-06-19,JST,,-0.24416201757409647,-1,-0.012526287023633497
2023-06-19,LINK,,0.06546527003418004,0,0.0
2023-06-19,LTC,,0.09583052443708139,0,0.0
2023-06-19,LUNC,,-0.43722447127101827,-1,-0.021089882658482162
2023-06-19,NEAR,,0.06662043768170033,0,0.0
2023-06-19,NEXO,,0.34628254486504634,1,0.13458391654473453
2023-06-19,PEPE,,-0.8808915390852632,-1,-0.020630462176440257
2023-06-19,QNT,,0.06858749668100993,0,0.0
2023-06-19,SHIB,,0.13190303882046497,0,0.0
2023-06-19,SOL,,-0.04687468586923436,0,0.0
2023-06-19,STX,,0.21548019229021148,1,0.0038913766682859485
2023-06-19,SUI,,-0.2924145959256547,-1,-0.009342689102560541
2023-06-19,TRX,,0.04804811403652411,0,0.0
2023-06-19,UNI,,0.29268860841172906,1,0.020985285567020447
2023-06-19,VET,,-0.06617052133895387,-1,-1.56208038546853e-08
2023-06-19,XLM,,0.1576555955794374,0,0.0
2023-06-19,XRP,,-0.540211183499235,-1,-0.065
2023-06-19,ZEC,,0.11097136141706582,0,0.0
2023-06-26,AAVE,,-0.09262013383521313,-1,-0.0017482890547981015
2023-06-26,ADA,,-0.1732808691041206,-1,-0.006383707496753942
2023-06-26,ALGO,,-0.27694109912195863,-1,-0.010524073192433574
2023-06-26,APT,,0.20667027044551328,1,0.022081104276494356
2023-06-26,ARB,,0.2685713365916042,1,0.14569777541579426
2023-06-26,ATOM,,-0.02145624363875362,0,0.0
2023-06-26,AVAX,,-0.08217865870953708,-1,-1.9135032618836493e-08
2023-06-26,BCH,,-0.18675779056950087,-1,-0.009115942270965346
2023-06-26,BNB,,-0.21651831177004818,-1,-0.01521164449218118
2023-06-26,BTC,,-0.3323952158948452,-1,0.0003851114076110357
2023-06-26,CAKE,,0.003021362988190956,0,0.0006498947577989666
2023-06-26,CHZ,,-0.060574590096101506,0,-0.0005830860658582048
2023-06-26,DASH,,0.10775216083135017,0,0.0
2023-06-26,DEXE,,0.022337763692408693,0,6.582094446426254e-05
2023-06-26,DOGE,,0.15432126950136135,1,0.002932014508210218
2023-06-26,DOT,,0.15884625214183912,1,0.002317501170864918
2023-06-26,ETC,,0.18526772476893577,1,0.010532440042937657
2023-06-26,ETH,,-0.18818255624421554,-1,0.0033760894392381446
2023-06-26,FET,,0.12108799069982551,0,-0.0002592033496134959
2023-06-26,FIL,,0.15530988419675293,1,2.018319067805578e-05
2023-06-26,HBAR,,-0.10404095790354903,-1,0.011244151343525667
2023-06-26,ICP,,-0.010525567248793945,0,0.0
2023-06-26,JST,,0.020210184287756127,0,-0.003439354678312228
2023-06-26,LINK,,-0.016873876981926737,0,0.0
2023-06-26,LTC,,0.16278001621805854,1,0.0008286116105217669
2023-06-26,LUNC,,0.036765612907339255,0,-0.005790669369914068
2023-06-26,NEAR,,0.17285839656718058,1,0.004051918987348306
2023-06-26,NEXO,,0.12502933738649205,0,0.03695283543482521
2023-06-26,PEPE,,-0.5287331459500602,-1,-0.018062086545347234
2023-06-26,QNT,,0.23350708499091133,1,0.1221057645233842
2023-06-26,SHIB,,-0.073687277353825,0,0.0
2023-06-26,SOL,,0.25277967637299553,1,0.07030041198228092
2023-06-26,STX,,-0.009720807165859033,0,0.0010684590352985609
2023-06-26,SUI,,-0.19072690835226994,-1,-0.007172382523606537
2023-06-26,TRX,,0.04379645597721882,0,0.0
2023-06-26,UNI,,-0.01744521957018587,0,0.0057619500458894815
2023-06-26,VET,,0.11172498678506679,0,-4.28901914152574e-09
2023-06-26,XLM,,0.26657960016069115,1,0.12994569568085915
2023-06-26,XRP,,-0.3844660797617593,-1,-0.065
2023-06-26,ZEC,,0.15790794176103198,1,0.00020379264640951866
2023-07-03,AAVE,,-0.009533556947097326,0,-0.0005493320345416387
2023-07-03,ADA,,-0.0672740327206439,0,-0.002005832512356218
2023-07-03,ALGO,,-0.17193607784588333,-1,-0.00395646744189031
2023-07-03,APT,,0.4700655568175981,1,0.05810278830674635
2023-07-03,ARB,,0.2881418765223297,1,0.060779222624037496
2023-07-03,ATOM,,0.06373984383264217,0,0.0
2023-07-03,AVAX,,0.19740190191188217,1,0.0017532436676597428
2023-07-03,BCH,,-0.7024921128471154,-1,-0.00802624787923394
2023-07-03,BNB,,-0.30609035037510235,-1,-0.016356185767276685
2023-07-03,BTC,,-0.5099155512586797,-1,-0.01780539850920513
2023-07-03,CAKE,,-0.04850616529067342,0,0.0002042042238723964
2023-07-03,CHZ,,0.1317779958536825,0,-0.00018321218335817915
2023-07-03,DASH,,-0.03670745940153642,0,0.0
2023-07-03,DEXE,,0.6015716013690079,1,0.11120089520504285
2023-07-03,DOGE,,0.04217648117018749,0,0.0009212718518601744
2023-07-03,DOT,,-0.11793710832111659,0,0.0007281848672277334
2023-07-03,ETC,,-0.14131650359573947,-1,0.003309402414523659
2023-07-03,ETH,,-0.4906769539368563,-1,-0.02004626205960078
2023-07-03,FET,,0.1473011408614989,1,-4.639847806936506e-05
2023-07-03,FIL,,0.7821552843384418,1,0.13716409804566587
2023-07-03,HBAR,,-0.13454259410881966,0,0.0035330384968556413
2023-07-03,ICP,,0.13931512849510683,1,6.41189508431697e-12
2023-07-03,JST,,0.20554161279968686,1,0.002543433606953625
2023-07-03,LINK,,-0.16923576866201234,-1,-0.0007516459781976723
2023-07-03,LTC,,-0.4326962758512875,-1,-0.005331399372840477
2023-07-03,LUNC,,0.07684685989291272,0,-0.0018194932797884486
2023-07-03,NEAR,,0.029834230188709083,0,0.001273158403073678
2023-07-03,NEXO,,0.02827634577890719,0,0.011610995456262884
2023-07-03,PEPE,,-0.46610422519320455,-1,-0.00906064566924775
2023-07-03,QNT,,-0.15767222977080594,-1,0.03758688088325894
2023-07-03,SHIB,,0.24892502599636554,1,0.009637700664444766
2023-07-03,SOL,,0.9281003647127084,1,0.1592469343845352
2023-07-03,STX,,0.02072955499513294,0,0.00033572181560831004
2023-07-03,SUI,,0.13955707552218805,1,-0.0022535672167753526
2023-07-03,TRX,,0.5046367057941863,1,0.09393615656686155
2023-07-03,UNI,,-0.1111238726225467,0,0.001810469345986547
2023-07-03,VET,,-0.11387895722345366,0,-1.3476579314708673e-09
2023-07-03,XLM,,-0.2753763849280711,-1,0.03729175728792629
2023-07-03,XRP,,-0.46774556205467943,-1,-0.04498026162831274
2023-07-03,ZEC,,-0.11533284389784816,0,6.403393578969355e-05
2023-07-10,AAVE,,-0.24346827376726468,-1,-0.00579914280316033
2023-07-10,ADA,,0.3293840275344315,1,0.011417013425366301
2023-07-10,ALGO,,-0.10585380367130823,0,0.0
2023-07-10,APT,,0.4121757907365713,1,0.024316109548094975
2023-07-10,ARB,,0.5292492740278358,1,0.048434940911129126
2023-07-10,ATOM,,-0.0004175140944807148,0,0.0
2023-07-10,AVAX,,0.17483851158957345,1,4.834457050282835e-05
2023-07-10,BCH,,-1.4778636851559994,-1,-0.03506250990515282
2023-07-10,BNB,,0.14831172101920057,0,0.0
2023-07-10,BTC,,-0.40751827597611334,-1,-0.03349322224624244
2023-07-10,CAKE,,-0.005163184139273639,0,0.0
2023-07-10,CHZ,,0.12373099133163211,0,0.0
2023-07-10,DASH,,-0.14443093413037875,-1,-2.2702254943418496e-08
2023-07-10,DEXE,,0.09577043645000337,0,0.0
2023-07-10,DOGE,,0.3343597499915521,1,0.017208056461303998
2023-07-10,DOT,,-0.05926968714781226,0,0.0
2023-07-10,ETC,,-0.25172906911730863,-1,-0.00794200655665079
2023-07-10,ETH,,-0.16146919283475747,-1,-0.0022665816636843828
2023-07-10,FET,,0.0709882095223236,0,0.0
2023-07-10,FIL,,0.3642396334045189,1,0.021031634501111823
2023-07-10,HBAR,,0.01156893045055674,0,0.0
2023-07-10,ICP,,0.16588598604242358,0,0.0
2023-07-10,JST,,0.15671943106406386,0,0.0
2023-07-10,LINK,,-0.04416930584997492,0,0.0
2023-07-10,LTC,,-0.6177714218864707,-1,-0.026080247350596605
2023-07-10,LUNC,,0.41374889322187414,1,0.020823599377611288
2023-07-10,NEAR,,0.1661682360237805,1,3.5075427416619707e-12
2023-07-10,NEXO,,0.05049362479519461,0,0.0
2023-07-10,PEPE,,-0.9944527287350273,-1,-0.02696345721584753
2023-07-10,QNT,,-0.19174367755964444,-1,-0.006903824958254505
2023-07-10,SHIB,,0.23585445262765922,1,0.0036255787540315177
2023-07-10,SOL,,0.8781042363593988,1,0.13292602052961983
2023-07-10,STX,,-0.31174867188571354,-1,-0.008893649823911432
2023-07-10,SUI,,0.3809970402219144,1,0.0267158553040436
2023-07-10,TRX,,1.0065365140815448,1,0.2
2023-07-10,UNI,,0.02993959590427706,0,0.0
2023-07-10,VET,,-0.1956345091774706,-1,-0.0032533342338554247
2023-07-10,XLM,,-0.11463980820350352,0,0.0
2023-07-10,XRP,,-0.6970885706596467,-1,-0.019889686845196517
2023-07-10,ZEC,,-0.05463297240817733,0,0.0
2023-07-17,AAVE,,-0.1666753159747648,-1,-0.007884388261702726
2023-07-17,ADA,,0.08129270484833631,0,0.0
2023-07-17,ALGO,,0.06946001970034874,0,0.0
2023-07-17,APT,,0.5326367549503878,1,0.08395541778820276
2023-07-17,ARB,,0.05497843126815174,0,0.0
2023-07-17,ATOM,,-0.11342612325260236,-1,-0.00178228612059524
2023-07-17,AVAX,,-0.09853603026411309,-1,-0.00018454991046675025
2023-07-17,BCH,,-1.2369698037906007,-1,-0.030013860093705033
2023-07-17,BNB,,0.008151245607194085,0,0.0
2023-07-17,BTC,,-0.33648445583950215,-1,-0.0326766448526272
2023-07-17,CAKE,,0.22099993357357917,1,0.0029251118072917788
2023-07-17,CHZ,,0.3340035769263795,1,0.020859051112939675
2023-07-17,DASH,,0.0499141133458279,0,0.0
2023-07-17,DEXE,,0.04595423880645763,0,0.0
2023-07-17,DOGE,,0.2862003204003733,1,0.011519063120889107
2023-07-17,DOT,,0.012124794252229568,0,0.0
2023-07-17,ETC,,-0.19823893894401343,-1,-0.007890421840671902
2023-07-17,ETH,,-0.2973899978791971,-1,-0.026874628538085883
2023-07-17,FET,,0.02986625171957692,0,0.0
2023-07-17,FIL,,0.5951002501740443,1,0.11126921165131866
2023-07-17,HBAR,,0.13375098524287474,0,0.0
2023-07-17,ICP,,0.3970227823737228,1,0.036782153204470446
2023-07-17,JST,,0.14763799031548455,0,0.0
2023-07-17,LINK,,0.11342337491924079,0,0.0
2023-07-17,LTC,,-0.775044948912199,-1,-0.027112883050550336
2023-07-17,LUNC,,-0.09636593579024982,-1,-2.1956612474679e-08
2023-07-17,NEAR,,0.07627141387157876,0,0.0
2023-07-17,NEXO,,0.2975155821106864,1,0.01350762793635328
2023-07-17,PEPE,,-0.003950591222187087,0,0.0
2023-07-17,QNT,,0.036795740816222215,0,0.0
2023-07-17,SHIB,,0.20569906002065477,1,0.0016687900764567833
2023-07-17,SOL,,-0.45902231479934574,-1,-0.016220113045744382
2023-07-17,STX,,0.16388031978481699,1,8.015217521637063e-12
2023-07-17,SUI,,0.36417229917044636,1,0.027984246729504853
2023-07-17,TRX,,1.079546335291275,1,0.2
2023-07-17,UNI,,0.2881203461206817,1,0.008630931719978354
2023-07-17,VET,,-0.07618379573651982,0,0.0
2023-07-17,XLM,,-0.3769208201084136,-1,-0.011546289158845499
2023-07-17,XRP,,-1.4188954544811072,-1,-0.03470094506794832
2023-07-17,ZEC,,0.029585661384247258,0,0.0
2023-07-24,AAVE,,-0.017274061101262266,0,-0.001866684463784186
2023-07-24,ADA,,-0.01983754673874306,0,0.0
2023-07-24,ALGO,,0.02636360279534918,0,0.0
2023-07-24,APT,,0.17162805577456075,0,0.019877036598639472
2023-07-24,ARB,,-0.13031538509460272,-1,-0.0027945883242246664
2023-07-24,ATOM,,-0.4083502874950903,-1,-0.027111359041372202
2023-07-24,AVAX,,-0.044749462342228076,0,-4.3693491394175327e-05
2023-07-24,BCH,,0.28859959977828253,1,0.004093745833763651
2023-07-24,BNB,,0.0011830466700276784,0,0.0
2023-07-24,BTC,,-0.6766719523499468,-1,-0.057347217961847455
2023-07-24,CAKE,,0.14496420029233345,0,0.0006925408267913023
2023-07-24,CHZ,,0.22285864135582648,1,0.006783755063998748
2023-07-24,DASH,,0.18912269041455174,1,1.0126567174085692e-11
2023-07-24,DEXE,,0.17586545901543754,0,0.0
2023-07-24,DOGE,,0.45219594895319437,1,0.07080922442402796
2023-07-24,DOT,,-0.06399350817788109,-1,-0.00047480001448454057
2023-07-24,ETC,,0.1660584911125921,0,-0.0018681129561096436
2023-07-24,ETH,,-0.3719685014173779,-1,-0.030051693892074786
2023-07-24,FET,,0.040940613831989534,0,0.0
2023-07-24,FIL,,0.2112811108112506,1,0.027205971654149688
2023-07-24,HBAR,,0.04644773295099932,0,0.0
2023-07-24,ICP,,0.5090668708093222,1,0.11453519842437351
2023-07-24,JST,,0.41940796009964215,1,0.058552031662046214
2023-07-24,LINK,,-0.23429460416008796,-1,-0.005380771605844217
2023-07-24,LTC,,-0.011307680907231648,0,-0.006419166063231112
2023-07-24,LUNC,,-0.05425709192244776,-1,-1.6851549173692116e-08
2023-07-24,NEAR,,0.020599940168923414,0,0.0
2023-07-24,NEXO,,0.43392641644852253,1,0.06856149972888641
2023-07-24,PEPE,,-0.12705472498461956,-1,-0.0034994476610672814
2023-07-24,QNT,,0.25353211614781557,1,0.004852071346611496
2023-07-24,SHIB,,0.6903277182965722,1,0.15304368887487485
2023-07-24,SOL,,-0.4560005480989671,-1,-0.01303454856860778
2023-07-24,STX,,0.22023138362788972,1,0.0015946735826703005
2023-07-24,SUI,,0.09904226362258167,0,0.006625467552683506
2023-07-24,TRX,,-0.1543928395892436,-1,0.040699277927267796
2023-07-24,UNI,,0.2743780808655416,1,0.009176699620946704
2023-07-24,VET,,-0.0068986174043902965,0,0.0
2023-07-24,XLM,,-0.6791628936280948,-1,-0.016447160405714072
2023-07-24,XRP,,-1.5650266842054543,-1,-0.029221407977092967
2023-07-24,ZEC,,-0.03646555422554105,0,0.0
2023-07-31,AAVE,,-9.116854569717059e-06,0,-0.00010566093163313396
2023-07-31,ADA,,-0.23646932657408973,-1,-0.014550253845815509
2023-07-31,ALGO,,0.2712398300724004,1,0.028967335772512866
2023-07-31,APT,,0.12719743174033646,1,0.001224234601494574
2023-07-31,ARB,,0.0639243795771693,0,-0.00015818356642346553
2023-07-31,ATOM,,-0.35600004695421206,-1,-0.036794188241512864
2023-07-31,AVAX,,-0.019927516926810274,0,-2.473205888076988e-06
2023-07-31,BCH,,0.09005141445405404,0,0.00023172046859374143
2023-07-31,BNB,,0.12040297701796183,1,1.3822606265116612e-11
2023-07-31,BTC,,-0.3589708945211269,-1,-0.03885290062232618
2023-07-31,CAKE,,0.26900706816871645,1,0.02823929559359773
2023-07-31,CHZ,,0.14139385324160314,1,0.0012162889068898708
2023-07-31,DASH,,0.44107843993881124,1,0.11259281822742548
2023-07-31,DEXE,,0.16383924120474,1,0.0030813595205999226
2023-07-31,DOGE,,0.09823561275962772,0,0.004008052119154212
2023-07-31,DOT,,-0.018130536263000846,0,-2.687535726748414e-05
2023-07-31,ETC,,-0.043002931687066114,-1,-0.0016190695190809444
2023-07-31,ETH,,-0.2643434950392487,-1,-0.026413863692903047
2023-07-31,FET,,0.020875763369197785,0,0.0
2023-07-31,FIL,,0.09829803580993747,0,0.0015399540558314918
2023-07-31,HBAR,,0.6210465594885083,1,0.18867929382998821
2023-07-31,ICP,,0.087788819986759,0,0.006483096637431657
2023-07-31,JST,,-0.018714700240389126,0,0.0033142517305162628
2023-07-31,LINK,,-0.3459612437654021,-1,-0.014755538129432377
2023-07-31,LTC,,-0.08466561473751824,-1,-0.004833337915328904
2023-07-31,LUNC,,0.10551810769359142,0,-9.53857183524366e-10
2023-07-31,NEAR,,0.07056226004657937,0,0.0
2023-07-31,NEXO,,0.24114625114668053,1,0.02328743476021656
2023-07-31,PEPE,,0.16834783332259917,1,0.0023349887326914284
2023-07-31,QNT,,-0.022478843918901634,0,0.00027464437015461106
2023-07-31,SHIB,,0.6012092530986505,1,0.197342106994624
2023-07-31,SOL,,-0.37126637088803155,-1,-0.011453105074999095
2023-07-31,STX,,0.050403205017849215,0,9.026415533245247e-05
2023-07-31,SUI,,0.08158341874558767,0,0.0003750248570143855
2023-07-31,TRX,,-0.21246207983144366,-1,-0.01660816747112919
2023-07-31,UNI,,-0.024668358425373883,-1,0.0004951579605239481
2023-07-31,VET,,-0.02403451102115778,-1,-2.979020663992733e-08
2023-07-31,WLD,,0.14915346491425258,1,0.0014661503939039765
2023-07-31,XLM,,-0.6068885946473067,-1,-0.017890352854650383
2023-07-31,XRP,,-1.2890518444131347,-1,-0.024980241737001294
2023-07-31,ZEC,,0.2147428058931728,1,0.010371446907139259
2023-08-07,AAVE,,0.10273600872988459,0,-3.8481841543557495e-05
2023-08-07,ADA,,-0.1559979523423403,-1,-0.007409379101627388
2023-08-07,ALGO,,0.39096082215574707,1,0.06886891221750875
2023-08-07,APT,,0.27962446124535395,1,0.014812718717933208
2023-08-07,ARB,,0.3113076047723273,1,0.025969051513698965
2023-08-07,ATOM,,-0.1295401596707296,-1,-0.01347944567378993
2023-08-07,AVAX,,-0.3837101934410712,-1,-0.02415833382865024
2023-08-07,BCH,,0.17046202060100957,1,8.439289094305005e-05
2023-08-07,BNB,,-0.27584150946146424,-1,-0.013216615873311147
2023-08-07,BTC,,-0.05156993455501976,0,-0.01415027429861396
2023-08-07,CAKE,,0.15094768477445392,0,0.010284786264308628
2023-08-07,CHZ,,-0.12551089348496378,0,0.00044297391914577136
2023-08-07,DASH,,0.26189856003611284,1,0.05296556408052475
2023-08-07,DEXE,,0.4192975662462962,1,0.07361932846638143
2023-08-07,DOGE,,-0.1728187714168914,-1,-0.0017084790697256824
2023-08-07,DOT,,0.0624791059930837,0,-9.78803824468177e-06
2023-08-07,ETC,,-0.0731719407273805,0,-0.0005896671145926063
2023-08-07,ETH,,-0.0601666907895024,0,-0.009619961715960055
2023-08-07,FET,,0.04389301387511768,0,0.0
2023-08-07,FIL,,0.007367850414279691,0,0.0005608531653556127
2023-08-07,HBAR,,-0.05308855230608875,0,0.0687172313880967
2023-08-07,ICP,,-0.0993214415298688,0,0.0023611517867308026
2023-08-07,JST,,-0.3756205443145562,-1,-0.022110610397870066
2023-08-07,LINK,,-0.737134493256995,-1,-0.03244718079754161
2023-08-07,LTC,,-0.03801314719717104,0,-0.001760307626568659
2023-08-07,LUNC,,0.2208921701607409,1,0.004097632692670169
2023-08-07,NEAR,,0.22657145454307803,1,0.004965393028798202
2023-08-07,NEXO,,-0.13689957078813134,-1,0.007890021309003986
2023-08-07,PEPE,,-0.1610702639306958,-1,-1.4938821107575093e-05
2023-08-07,QNT,,-0.20715328983962178,-1,-0.005125835673504122
2023-08-07,SHIB,,0.20773043682842537,1,0.07397544048276489
2023-08-07,SOL,,0.13676736755215937,0,-0.004171234985965426
2023-08-07,STX,,0.5134575870838375,1,0.1271926277869716
2023-08-07,SUI,,0.24449798984820806,1,0.008315253643327532
2023-08-07,TRX,,-0.18628390697184255,-1,-0.010788711667224851
2023-08-07,UNI,,-0.10575793787644822,0,0.0001803371395784512
2023-08-07,VET,,0.20504359261341548,1,0.0020778584321467387
2023-08-07,WLD,,0.14838194025059337,0,0.0005339737807076515
2023-08-07,XLM,,-0.8199290383082218,-1,-0.03570049877710922
2023-08-07,XRP,,-0.12813566880187022,-1,-0.009097860880164507
2023-08-07,ZEC,,0.37241866328675666,1,0.053567465902413236
2023-08-14,AAVE,,0.0308504371732196,0,-5.932914945152055e-06
2023-08-14,ADA,,0.1351147129247233,1,0.00283366948466267
2023-08-14,ALGO,,-0.21613713827500053,-1,-7.485470343648881e-05
2023-08-14,APT,,0.01913441443668622,0,0.002283742064695251
2023-08-14,ARB,,0.16429413676338653,1,0.011123759366920274
2023-08-14,ATOM,,-0.016345565273410783,0,-0.0020781854891188858
2023-08-14,AVAX,,0.018622388293905664,0,-0.0037245966947745297
2023-08-14,BCH,,-0.04893905349757305,-1,-0.0004834108672871702
2023-08-14,BNB,,-0.00030923618995982137,0,-0.0020376638615474275
2023-08-14,BTC,,-0.07625758892993753,-1,-0.006011385436699825
2023-08-14,CAKE,,0.0641886039230416,1,0.0016196419228052573
2023-08-14,CHZ,,0.013223743264807186,0,6.829523951544145e-05
2023-08-14,DASH,,-0.05747923984415471,-1,0.006916935395087642
2023-08-14,DEXE,,0.3555364794232746,1,0.05714288549329892
2023-08-14,DOGE,,-0.31340671950540827,-1,-0.017759200020675898
2023-08-14,DOT,,0.013216573888716788,0,-1.5090649526182693e-06
2023-08-14,ETC,,-0.023047697828276342,0,-9.091157534317279e-05
2023-08-14,ETH,,0.007565588566681504,0,-0.0014831518541493817
2023-08-14,FET,,-0.025775345040619884,0,0.0
2023-08-14,FIL,,0.034982238795744844,0,8.646920192236038e-05
2023-08-14,HBAR,,0.6211573362283042,1,0.13829394432173941
2023-08-14,ICP,,-0.014058100225864826,0,0.0003640291670400299
2023-08-14,JST,,-0.3077254404824837,-1,-0.03689108276614025
2023-08-14,LINK,,-0.13201650296375742,-1,-0.01160313748345089
2023-08-14,LTC,,-0.19634230549670634,-1,-0.009556505043606911
2023-08-14,LUNC,,0.08678162004446754,1,0.0012841006181785668
2023-08-14,NEAR,,0.023286245790105648,0,0.0007655365057248056
2023-08-14,NEXO,,0.027887698965713394,0,0.0012164393247337934
2023-08-14,PEPE,,-0.7896710372178214,-1,-0.03133319220609365
2023-08-14,QNT,,0.3179625932172647,1,0.030512710876113652
2023-08-14,SHIB,,-0.6717239574275803,-1,-0.018424057701183327
2023-08-14,SOL,,0.07560645839706244,1,-0.0004262398109395908
2023-08-14,STX,,0.04183223791638597,0,0.019609847451201895
2023-08-14,SUI,,0.1539577167697068,1,0.007196140546748227
2023-08-14,TRX,,0.5634450180654299,1,0.11742551009948958
2023-08-14,UNI,,-0.199594496201643,-1,-0.008711868402494893
2023-08-14,VET,,0.0909535616014937,1,0.0011601572218052207
2023-08-14,WLD,,0.05877157068767734,1,8.232509488812829e-05
2023-08-14,XLM,,0.2717818719757206,1,0.019176687391303203
2023-08-14,XRP,,-0.06315153489394236,-1,-0.0032924061470921842
2023-08-14,ZEC,,-0.03817228781938057,-1,0.008258709122035517
2023-08-21,AAVE,,0.13383770436572207,1,0.00029201176324590767
2023-08-21,ADA,,0.11978189690307042,1,1.3581129870576507e-11
2023-08-21,ALGO,,-0.26356426704308505,-1,-0.012479311302585602
2023-08-21,APT,,-0.13768160902215043,-1,-0.007322678632974301
2023-08-21,ARB,,-0.011339765211361066,0,0.0
2023-08-21,ATOM,,-0.23866927906038637,-1,-0.021995645065403396
2023-08-21,AVAX,,0.0600493431048982,0,0.0
2023-08-21,BCH,,-0.06477125484900055,-1,-0.0020316724137534083
2023-08-21,BNB,,0.19488718726632162,1,0.008109391542674864
2023-08-21,BTC,,0.052632657937075215,0,0.0
2023-08-21,CAKE,,0.14668832285500322,1,0.0012785148567442375
2023-08-21,CHZ,,0.06425283215713742,0,0.0
2023-08-21,DASH,,-0.0011959123769081396,0,0.0
2023-08-21,DEXE,,0.34293944142998967,1,0.05760235489703512
2023-08-21,DOGE,,0.12229826093029436,1,1.3099584800777705e-05
2023-08-21,DOT,,0.21940630293585728,1,0.013489693748490976
2023-08-21,ETC,,0.17539063596576399,1,0.0039609912413585534
2023-08-21,ETH,,0.08884610419997553,0,0.0
2023-08-21,FET,,-0.23595747986541935,-1,-0.01297031380812119
2023-08-21,FIL,,0.03458989326058584,0,0.0
2023-08-21,HBAR,,-0.21696002479321558,-1,-0.014074009783256793
2023-08-21,ICP,,0.2147371949905946,1,0.012373104971269826
2023-08-21,JST,,0.033376440118769925,0,0.0
2023-08-21,LINK,,-0.13995369898325644,-1,-0.007274541321443055
2023-08-21,LTC,,-0.012941745077155654,-1,-1.4464344011722008e-08
2023-08-21,LUNC,,0.026681102713937078,0,0.0
2023-08-21,NEAR,,0.18499425596718191,1,0.0049924713618060565
2023-08-21,NEXO,,0.32859114627964586,1,0.051108032687493636
2023-08-21,PEPE,,-1.2567459541099866,-1,-0.040817556244669984
2023-08-21,QNT,,0.4085952378609524,1,0.09163252619174378
2023-08-21,SHIB,,-0.7975299893333867,-1,-0.030110759197213382
2023-08-21,SOL,,-0.10458585381224175,-1,-0.006771732608373814
2023-08-21,STX,,0.07355394858235415,0,0.0
2023-08-21,SUI,,0.10718262855685727,0,0.0
2023-08-21,TRX,,0.534306148293157,1,0.17560128379460066
2023-08-21,UNI,,-0.04968113483426292,-1,-0.0016484852283244235
2023-08-21,VET,,0.06258056900386813,0,0.0
2023-08-21,WLD,,-0.2443553497550552,-1,-0.02260588095931309
2023-08-21,XLM,,-0.0009147817240253006,0,0.0
2023-08-21,XRP,,0.0015390723303535534,0,0.0
2023-08-21,ZEC,,0.04510977184153123,0,0.0
2023-08-28,AAVE,,-0.0016281011295629297,-1,-1.7769687418669982e-08
2023-08-28,ADA,,0.09397631681232853,0,0.0
2023-08-28,ALGO,,-0.14340390162740932,-1,-0.005665233845827362
2023-08-28,APT,,-0.045992188434623354,-1,-0.001971898805246887
2023-08-28,ARB,,0.024592923823390386,0,0.0
2023-08-28,ATOM,,-0.12967699206021857,-1,-0.009906155010544837
2023-08-28,AVAX,,0.2442104817110676,1,0.035991455394628925
2023-08-28,BCH,,0.014937232375676988,0,0.0
2023-08-28,BNB,,0.18948049021300883,1,0.006397159348217454
2023-08-28,BTC,,0.1209581198245127,0,0.0
2023-08-28,CAKE,,0.21184088814577406,1,0.01589651560633628
2023-08-28,CHZ,,0.18889614611544023,1,0.005929762855428806
2023-08-28,DASH,,0.23783319796536392,1,0.02283164629960134
2023-08-28,DEXE,,0.24257089127629528,1,0.0348028713827885
2023-08-28,DOGE,,0.20967960788173642,1,0.010151869378778797
2023-08-28,DOT,,0.07961863288760612,0,0.0
2023-08-28,ETC,,0.06002365567445402,0,0.0
2023-08-28,ETH,,0.15813290797767626,1,6.385461982776206e-05
2023-08-28,FET,,-0.5666455024906127,-1,-0.020053656892241964
2023-08-28,FIL,,0.15550598106934266,1,4.4656884001692355e-11
2023-08-28,HBAR,,-0.5530646431305637,-1,-0.02447461765778144
2023-08-28,ICP,,0.08530986232619356,0,0.0
2023-08-28,JST,,-0.03663397301364061,-1,-0.002378792831064104
2023-08-28,LINK,,-0.012772698473926127,-1,-0.00040289193969959874
2023-08-28,LTC,,0.052258942407520534,0,0.0
2023-08-28,LUNC,,0.19069498632700954,1,0.00681464463301912
2023-08-28,NEAR,,0.10436930466999748,0,0.0
2023-08-28,NEXO,,0.2969494713415147,1,0.08335723091173806
2023-08-28,PEPE,,-1.0891552375861189,-1,-0.029637873962594166
2023-08-28,QNT,,0.1259119995751467,0,0.0
2023-08-28,SHIB,,-0.3954873702191201,-1,-0.014910605025924452
2023-08-28,SOL,,-0.12897431162381737,-1,-0.008027992804761002
2023-08-28,STX,,0.17470782642937602,1,0.001558918307774432
2023-08-28,SUI,,-0.4587867773866604,-1,-0.018545391868935
2023-08-28,TRX,,0.3831938753073745,1,0.196382933288699
2023-08-28,UNI,,0.004150489574006405,0,0.0
2023-08-28,VET,,0.0906480160785542,0,0.0
2023-08-28,WLD,,-0.49895729616786016,-1,-0.044065357310967154
2023-08-28,XLM,,0.14560086811988973,0,0.0
2023-08-28,XRP,,0.06989865833303255,0,0.0
2023-08-28,ZEC,,0.10522721910084237,0,0.0
2023-09-04,AAVE,,-0.06587205438934057,-1,-0.004530874878818445
2023-09-04,ADA,,0.02066586083991842,-1,-2.1983889795865055e-08
2023-09-04,ALGO,,0.04806133981027991,0,0.0
2023-09-04,APT,,0.20996840656035257,1,0.018207258460531565
2023-09-04,ARB,,-0.3405355265600694,-1,-0.028551584288819334
2023-09-04,ATOM,,0.0783902822464562,0,0.0
2023-09-04,AVAX,,0.1656373379160118,1,0.005681438771973856
2023-09-04,BCH,,-0.2019504267753012,-1,-0.008943965617697792
2023-09-04,BNB,,0.07622115086990187,0,0.0
2023-09-04,BTC,,0.06013381930384114,0,0.0
2023-09-04,CAKE,,0.2230229002205236,1,0.023060540463899704
2023-09-04,CHZ,,0.1695216764896821,1,0.006522558439195014
2023-09-04,DASH,,0.11691321898571931,1,1.4379881273563609e-11
2023-09-04,DEXE,,0.3707621538466557,1,0.1108515571109912
2023-09-04,DOGE,,0.05803398108085634,0,0.0
2023-09-04,DOT,,0.03760469325413896,0,0.0
2023-09-04,ETC,,-0.08021946218518525,-1,-0.0060057993474398955
2023-09-04,ETH,,0.15314258888567867,1,0.003332990525467486
2023-09-04,FET,,-1.364706066638264,-1,-0.04133726147576087
2023-09-04,FIL,,0.2054574582545962,1,0.016649472755827104
2023-09-04,HBAR,,-0.5233601817869664,-1,-0.022191421380773856
2023-09-04,ICP,,-0.01562758122888029,-1,-0.0022799676000571627
2023-09-04,JST,,-0.05979892042420826,-1,-0.005473648359610642
2023-09-04,LINK,,0.061442695206721805,0,0.0
2023-09-04,LTC,,-0.15114724717240546,-1,-0.006781011227189169
2023-09-04,LUNC,,0.23134385822731995,1,0.02521147713650792
2023-09-04,NEAR,,0.04556645868654337,0,0.0
2023-09-04,NEXO,,0.09705766657436798,0,0.0
2023-09-04,PEPE,,0.028026075541033278,0,0.0
2023-09-04,QNT,,0.08577848460053178,0,0.0
2023-09-04,SHIB,,0.060167434523685136,0,0.0
2023-09-04,SOL,,-0.20701530564888324,-1,-0.017185669480351388
2023-09-04,STX,,0.19012362079790482,1,0.008597336484082046
2023-09-04,SUI,,-0.566323271920473,-1,-0.02389538047565274
2023-09-04,TRX,,0.45594699762481955,1,0.18661336684071844
2023-09-04,UNI,,0.16555679048484717,1,0.0038723019459412935
2023-09-04,VET,,0.18959968069115096,1,0.011671594817349265
2023-09-04,WLD,,0.09479468871220931,0,0.0
2023-09-04,XLM,,-0.27901499970827315,-1,-0.012884928516411057
2023-09-04,XRP,,0.08826797604968564,0,0.0
2023-09-04,ZEC,,0.06836174815281906,0,0.0
2023-09-11,AAVE,,-0.17457730639190364,-1,-0.005665240324524613
2023-09-11,ADA,,0.0452396313928062,0,-9.895982786004805e-10
2023-09-11,ALGO,,0.3070377903378124,1,0.023120740474635724
2023-09-11,APT,,0.25191911913372483,1,0.004577584862291529
2023-09-11,ARB,,-0.7452891829333814,-1,-0.046925771035709274
2023-09-11,ATOM,,-0.13874839017109314,-1,-0.0047220091825673615
2023-09-11,AVAX,,0.023126366263923163,0,0.00025574828116982536
2023-09-11,BCH,,0.0019252416031594506,0,-0.00040260995944404673
2023-09-11,BNB,,0.2345393766563678,1,0.0008932702308721569
2023-09-11,BTC,,0.2203124925222485,1,2.9876538955507806e-11
2023-09-11,CAKE,,0.08076981945872347,0,0.0010380633890806797
2023-09-11,CHZ,,0.22679666917405628,1,0.0005107758894068214
2023-09-11,DASH,,0.3444490450945894,1,0.04409161505777623
2023-09-11,DEXE,,0.2781658857713887,1,0.016146648626390994
2023-09-11,DOGE,,0.307509628220701,1,0.02334765379624101
2023-09-11,DOT,,0.0796525106268394,0,0.0
2023-09-11,ETC,,0.10812392978465299,0,-0.0002703492762670366
2023-09-11,ETH,,0.18614106105947648,0,0.00015003357991790487
2023-09-11,FET,,-1.2923165763895148,-1,-0.03147548085088815
2023-09-11,FIL,,-0.06369165617132524,-1,-0.00011309792513328892
2023-09-11,HBAR,,-0.1952568844802915,-1,-0.005991987936251036
2023-09-11,ICP,,-0.04097646928591282,-1,-0.0001026489233363838
2023-09-11,JST,,-0.142908293326199,-1,-0.005690836731140535
2023-09-11,LINK,,0.3216103641125162,1,0.030578669072117096
2023-09-11,LTC,,0.211992801405692,0,-0.00030524520910121637
2023-09-11,LUNC,,0.18267630180236252,0,0.0011348871654167543
2023-09-11,NEAR,,-0.0006997114152509139,0,0.0
2023-09-11,NEXO,,0.037999316650280425,0,0.0
2023-09-11,PEPE,,0.29248578682694315,1,0.016611883181990455
2023-09-11,QNT,,-0.2095879939251436,-1,-0.009470801486007652
2023-09-11,SHIB,,0.1771704613807607,0,0.0
2023-09-11,SOL,,0.000853924580655736,0,-0.0007736078142800452
2023-09-11,STX,,0.3950686423655672,1,0.08199133605948582
2023-09-11,SUI,,-0.44984253908107946,-1,-0.013612084255946063
2023-09-11,TRX,,0.07884680443176752,0,0.008400345357633204
2023-09-11,UNI,,0.3155382531218797,1,0.02753307651701326
2023-09-11,VET,,-0.36095160957676103,-1,-0.012431044092138105
2023-09-11,WLD,,-0.7213122449133004,-1,-0.016605617395098003
2023-09-11,XLM,,-0.8359757401316724,-1,-0.02422831534736576
2023-09-11,XRP,,0.20730498967286778,0,0.0
2023-09-11,ZEC,,0.45487838474106884,1,0.13861504500351557
2023-09-18,AAVE,,-0.10164879813223147,-1,-0.0023031018638430736
2023-09-18,ADA,,-0.008122990442276455,0,0.0
2023-09-18,ALGO,,0.28939907537263665,1,0.014670905501627758
2023-09-18,APT,,0.34242146722000577,1,0.027126591086971446
2023-09-18,ARB,,0.15844452526184985,0,0.0
2023-09-18,ATOM,,0.018053590825948294,0,0.0
2023-09-18,AVAX,,-0.7435089272213828,-1,-0.057121124350100506
2023-09-18,BCH,,-0.06685355822182487,-1,-0.0006780653476974033
2023-09-18,BNB,,-0.018977241807688196,0,0.0
2023-09-18,BTC,,0.07758702443653202,0,0.0
2023-09-18,CAKE,,-0.012195365836697829,0,0.0
2023-09-18,CHZ,,0.3097972422537545,1,0.019062281011116615
2023-09-18,DASH,,0.5731163231766839,1,0.11757348121778456
2023-09-18,DEXE,,0.1591290703503269,1,9.114460037395057e-12
2023-09-18,DOGE,,0.29049612039236267,1,0.014894039505208135
2023-09-18,DOT,,0.11012659119304272,0,0.0
2023-09-18,ETC,,0.10612062016553024,0,0.0
2023-09-18,ETH,,-0.04403897698531491,0,0.0
2023-09-18,FET,,-1.1477562507482093,-1,-0.0315417315029638
2023-09-18,FIL,,-0.06312142740734746,-1,-0.0005919298503246389
2023-09-18,HBAR,,-0.1417177867509778,-1,-0.003356247787197214
2023-09-18,ICP,,0.1561571729896493,0,0.0
2023-09-18,JST,,-0.08204931198521069,-1,-0.0018284118109945248
2023-09-18,LINK,,-0.05177410819644615,-1,-1.6580135147051653e-08
2023-09-18,LTC,,0.24495038870553054,1,0.00692167782664813
2023-09-18,LUNC,,0.17037022252853212,1,0.0001783446035298352
2023-09-18,NEAR,,0.1046982107759377,0,0.0
2023-09-18,NEXO,,-0.22263695097219074,-1,-0.012268109474293215
2023-09-18,PEPE,,-0.1324699917677689,-1,-0.002717536962427891
2023-09-18,QNT,,-0.049199361482384345,0,0.0
2023-09-18,SHIB,,0.34719779578583443,1,0.028412205557105503
2023-09-18,SOL,,0.07320134809093788,0,0.0
2023-09-18,STX,,0.4850740244662753,1,0.07645273307391445
2023-09-18,SUI,,0.02647442043342802,0,0.0
2023-09-18,TRX,,-0.02239207691901524,0,0.0
2023-09-18,UNI,,0.3369501257572316,1,0.025686508256059556
2023-09-18,VET,,-0.41678859704040144,-1,-0.018577447653532024
2023-09-18,WLD,,-1.130563277510787,-1,-0.024693075704969248
2023-09-18,XLM,,-0.6907650791029402,-1,-0.0244759099688086
2023-09-18,XRP,,0.2813547907379314,1,0.013080671253585288
2023-09-18,ZEC,,0.4854599276111373,1,0.07661573917197843
2023-09-25,AAVE,,0.04522887368678702,0,0.0
2023-09-25,ADA,,-0.11476805710225327,-1,-1.936540485626361e-08
2023-09-25,ALGO,,0.4308000822224335,1,0.02440801541972697
2023-09-25,APT,,0.2753592968077796,1,0.00032703746425400386
2023-09-25,ARB,,-0.6318176286671897,-1,-0.01714822887613616
2023-09-25,ATOM,,0.177505224201653,0,0.0
2023-09-25,AVAX,,-0.1916755556691437,-1,-0.003511402221526678
2023-09-25,BCH,,-0.3369338690061012,-1,-0.008100630162870836
2023-09-25,BNB,,-0.015849473905659755,0,0.0
2023-09-25,BTC,,0.19335076654994246,0,0.0
2023-09-25,CAKE,,0.02328076914526151,0,0.0
2023-09-25,CHZ,,-0.053741492255995324,0,0.0
2023-09-25,DASH,,0.7226713481429303,1,0.14652518465468736
2023-09-25,DEXE,,0.5529039140740805,1,0.06437858645334679
2023-09-25,DOGE,,0.3070820210076021,1,0.0024144688626226325
2023-09-25,DOT,,0.06135333500882705,0,0.0
2023-09-25,ETC,,-0.007179554900880582,0,0.0
2023-09-25,ETH,,-0.08677817530050447,0,0.0
2023-09-25,FET,,-0.37316746058676664,-1,-0.011962833712946465
2023-09-25,FIL,,-0.03963823155175132,0,0.0
2023-09-25,HBAR,,0.29975408558982997,1,0.0017833521616779486
2023-09-25,ICP,,-0.28393651747151766,-1,-0.007216570947466738
2023-09-25,JST,,0.3442346960943185,1,0.006854358053538052
2023-09-25,LINK,,0.16143188723237384,0,0.0
2023-09-25,LTC,,0.20641950381800572,0,0.0
2023-09-25,LUNC,,0.2751430572112495,1,0.00031891179237944234
2023-09-25,NEAR,,0.15269563546656928,0,0.0
2023-09-25,NEXO,,0.0020138682386962926,0,0.0
2023-09-25,PEPE,,-0.8627932788532064,-1,-0.019080217719493062
2023-09-25,QNT,,-0.18767376436091832,-1,-0.004938204303285272
2023-09-25,SHIB,,0.29612864230818914,1,0.0015028406739705073
2023-09-25,SOL,,-0.6835652431684696,-1,-0.01870059234830983
2023-09-25,STX,,0.45188917061167533,1,0.029543900143391227
2023-09-25,SUI,,-0.2637290245061339,-1,-0.005530644976353698
2023-09-25,TRX,,0.25978179580753696,1,9.290761402117063e-12
2023-09-25,UNI,,0.17624196287320387,0,0.0
2023-09-25,VET,,-0.5597429780775497,-1,-0.02455240721074403
2023-09-25,WLD,,-0.8430552112728659,-1,-0.023724637550330673
2023-09-25,XLM,,-1.0024482261850434,-1,-0.035750617497370483
2023-09-25,XRP,,0.4798622328723286,1,0.03843274910519151
2023-09-25,ZEC,,0.6433615738706777,1,0.10447048511130572
2023-10-02,AAVE,,-0.36350437991961293,-1,-0.011919510407539314
2023-10-02,ADA,,0.06616753873937313,0,-3.4086065752654514e-10
2023-10-02,ALGO,,0.1573755690936836,0,0.00042961829337614943
2023-10-02,APT,,-0.06776564643233847,0,5.756358099860627e-06
2023-10-02,ARB,,-0.720929860904091,-1,-0.02690494681737306
2023-10-02,ATOM,,-0.28937542740458316,-1,-0.011478992846693197
2023-10-02,AVAX,,0.7043735589846627,1,0.07398444773575033
2023-10-02,BCH,,-0.1893371535069045,-1,-0.0020589732619838525
2023-10-02,BNB,,0.22224343315738448,1,0.001278481989714036
2023-10-02,BTC,,0.6385987651317648,1,0.08219151534889849
2023-10-02,CAKE,,0.613036051734576,1,0.0741889536981311
2023-10-02,CHZ,,-0.11863416170633426,0,0.0
2023-10-02,DASH,,0.10962098246291524,0,0.0025790666994209843
2023-10-02,DEXE,,0.1765140829861485,1,0.0011331613035324567
2023-10-02,DOGE,,0.3049215302596091,1,0.008242141177802918
2023-10-02,DOT,,-0.050732662436931406,0,0.0
2023-10-02,ETC,,-0.1720594861175559,-1,-0.0016217768146138947
2023-10-02,ETH,,-0.14633343915982383,-1,-2.5955730110901618e-08
2023-10-02,FET,,-0.0878849628189589,0,-0.00021056411655430776
2023-10-02,FIL,,0.40051007748840783,1,0.018707502861460824
2023-10-02,HBAR,,-0.010964105202125481,0,3.13897176404405e-05
2023-10-02,ICP,,-0.17270140124262134,-1,-0.0015355250897931992
2023-10-02,JST,,-0.4036398172710568,-1,-0.02174776000657557
2023-10-02,LINK,,-0.09638069556899279,0,0.0
2023-10-02,LTC,,0.3057471392534439,1,0.00829478287276329
2023-10-02,LUNC,,-0.27274497390672553,-1,-0.009144745428286812
2023-10-02,NEAR,,0.04935039768053306,0,0.0
2023-10-02,NEXO,,0.08822766859366937,0,0.0
2023-10-02,PEPE,,-0.8022539868177747,-1,-0.025830719583432353
2023-10-02,QNT,,0.04977278167042611,0,-8.691992645192687e-05
2023-10-02,SHIB,,0.19635881621562265,1,0.0003109818098082321
2023-10-02,SOL,,-0.2494470588395391,-1,-0.005293360396653421
2023-10-02,STX,,0.5978079847853441,1,0.06608618591211607
2023-10-02,SUI,,-0.582377928423482,-1,-0.02275808411794163
2023-10-02,TRX,,0.20876949063752212,1,0.0006820799198351061
2023-10-02,UNI,,0.09044395865037483,0,0.0
2023-10-02,VET,,0.03009589410061892,0,-0.0004321598090941438
2023-10-02,WLD,,-1.0686703581519255,-1,-0.03891228158611182
2023-10-02,XLM,,0.1766182332661872,1,-0.0006292472986656333
2023-10-02,XRP,,0.6395519691375234,1,0.08317342688360785
2023-10-02,ZEC,,0.03963158180158835,0,0.0018388398544448153
2023-10-09,AAVE,,-0.1924882065596213,-1,-0.006517754788907956
2023-10-09,ADA,,0.024174949985228622,0,0.0
2023-10-09,ALGO,,-0.08009481128680919,0,0.0
2023-10-09,APT,,0.06694633989432057,0,0.0
2023-10-09,ARB,,-0.42052181945607714,-1,-0.021093907369815788
2023-10-09,ATOM,,-0.07424144901572162,0,0.0
2023-10-09,AVAX,,-0.019408152849208538,0,0.0
2023-10-09,BCH,,-0.34010488027675173,-1,-0.018344290665637097
2023-10-09,BNB,,0.44806565508076235,1,0.08043400247476835
2023-10-09,BTC,,0.21013711887685715,1,0.005749322667463046
2023-10-09,CAKE,,0.27103733869385904,1,0.01744229551645948
2023-10-09,CHZ,,-0.21974097777604876,-1,-0.010558338956967016
2023-10-09,DASH,,0.12111701461872303,0,0.0
2023-10-09,DEXE,,0.10649856694713059,0,0.0
2023-10-09,DOGE,,0.20720426865715824,1,0.005331425302736261
2023-10-09,DOT,,-0.139189116658143,-1,-0.004192552543586818
2023-10-09,ETC,,-0.014046413823232346,0,0.0
2023-10-09,ETH,,-0.11228009951426281,-1,-0.0006537492100534184
2023-10-09,FET,,0.18865205955544334,1,0.0021178145573555636
2023-10-09,FIL,,0.14875867821152752,1,0.00014378757001841993
2023-10-09,HBAR,,0.36771797001709655,1,0.046811363390069215
2023-10-09,ICP,,0.3008735100593641,1,0.015394045107229975
2023-10-09,JST,,-0.10500474788450465,-1,-3.607027295362143e-08
2023-10-09,LINK,,-0.2138329441182596,-1,-0.008531993700194153
2023-10-09,LTC,,-0.0784133117430254,0,0.0
2023-10-09,LUNC,,0.2999381683452174,1,0.016568625375434357
2023-10-09,NEAR,,-0.08960796826871696,0,0.0
2023-10-09,NEXO,,-0.19295451584914378,-1,-0.014466902524846665
2023-10-09,PEPE,,-0.4801670129712376,-1,-0.022253889149101397
2023-10-09,QNT,,0.13870531258981889,1,1.053418161293736e-11
2023-10-09,SHIB,,0.12132347042215673,0,0.0
2023-10-09,SOL,,-0.4848225313072473,-1,-0.02775882308738686
2023-10-09,STX,,0.7081115129806919,1,0.2
2023-10-09,SUI,,-0.26769207214070917,-1,-0.01144579734098477
2023-10-09,TRX,,0.32332633278057077,1,0.0317622382718015
2023-10-09,UNI,,-0.057204760837879357,0,0.0
2023-10-09,VET,,0.16700138524943073,1,0.0010857642036803498
2023-10-09,WLD,,-0.706419717300246,-1,-0.03482228056058112
2023-10-09,XLM,,0.0324893032881566,0,0.0
2023-10-09,XRP,,0.0005046384215386954,0,0.0
2023-10-09,ZEC,,0.03565191496179646,0,0.0
2023-10-16,AAVE,,-0.27821493382455004,-1,-0.008575652092199036
2023-10-16,ADA,,0.035682179307231096,0,0.0
2023-10-16,ALGO,,-0.18838220565819297,-1,-0.009772016982043441
2023-10-16,APT,,-0.20164102371218232,-1,-0.004210706495278361
2023-10-16,ARB,,-0.46241131995870477,-1,-0.022212654605369146
2023-10-16,ATOM,,-0.14134407012747444,-1,-0.0017436691526060229
2023-10-16,AVAX,,0.02610389524692371,0,0.0
2023-10-16,BCH,,-0.26892743220083437,-1,-0.009908639582650001
2023-10-16,BNB,,0.3974306574214558,1,0.05136448024156452
2023-10-16,BTC,,0.2670057886718346,1,0.008646153017018699
2023-10-16,CAKE,,-0.2218976851380386,-1,-0.01631992098265702
2023-10-16,CHZ,,-0.09751740467850922,0,0.0
2023-10-16,DASH,,0.04173356895690451,0,0.0
2023-10-16,DEXE,,-0.04798888770682123,0,0.0
2023-10-16,DOGE,,0.3476578849533948,1,0.032586758856978794
2023-10-16,DOT,,0.030057349623700488,0,0.0
2023-10-16,ETC,,-0.020790797009502326,0,0.0
2023-10-16,ETH,,-0.05932496861989277,0,0.0
2023-10-16,FET,,0.2783479640758402,1,0.007691213919410369
2023-10-16,FIL,,0.17461223950692675,1,9.708178434125296e-12
2023-10-16,HBAR,,0.6261034951753983,1,0.16969396190605737
2023-10-16,ICP,,-0.08216932564246918,0,0.0
2023-10-16,JST,,-0.14653987789014122,-1,-0.0022042434606773056
2023-10-16,LINK,,-0.7750396393699925,-1,-0.03291997490531644
2023-10-16,LTC,,0.05023047040708037,0,0.0
2023-10-16,LUNC,,0.16406906759071987,0,0.0
2023-10-16,NEAR,,-0.0136227746405852,0,0.0
2023-10-16,NEXO,,0.35176181508854804,1,0.03374935557858735
2023-10-16,PEPE,,-0.502658482888307,-1,-0.021510612199476743
2023-10-16,QNT,,0.31126164109967663,1,0.014822566585270529
2023-10-16,SHIB,,0.20116084696399036,1,0.0011159687205321723
2023-10-16,SOL,,-0.6434205538452319,-1,-0.026750491691573237
2023-10-16,STX,,0.17301717073827347,0,0.0
2023-10-16,SUI,,-0.4509633511965716,-1,-0.02460418688344444
2023-10-16,TRX,,0.18852355578049274,1,0.0003487116283969929
2023-10-16,UNI,,-0.12268611201630442,-1,-3.358609343333581e-08
2023-10-16,VET,,0.3015045487761119,1,0.017201183790562707
2023-10-16,WLD,,0.11999510586971354,0,0.0
2023-10-16,XLM,,0.4687085341791881,1,0.08465084299643733
2023-10-16,XRP,,0.2071283003153743,1,0.0013818969995231614
2023-10-16,ZEC,,-0.03655523362447354,0,0.0
2023-10-23,AAVE,,-0.336294479109866,-1,-0.011953711832855988
2023-10-23,ADA,,0.2015032048387871,1,0.0007108579980242816
2023-10-23,ALGO,,-0.010825693917038755,0,0.0
2023-10-23,APT,,-0.24120796436863406,-1,-0.0069351615756385885
2023-10-23,ARB,,0.12194003580353424,0,0.0
2023-10-23,ATOM,,0.03696550619909422,0,0.0
2023-10-23,AVAX,,0.280988523475689,1,0.013501907375658694
2023-10-23,BCH,,-0.24278205308444156,-1,-0.011973649715784561
2023-10-23,BNB,,0.34359964935065385,1,0.06488023880877182
2023-10-23,BTC,,0.2517750329755141,1,0.008015628794068572
2023-10-23,CAKE,,0.11717943712886832,0,0.0
2023-10-23,CHZ,,-0.00915228903934055,0,0.0
2023-10-23,DASH,,0.18504070242304776,1,2.1359279538961592e-11
2023-10-23,DEXE,,0.14567996756694462,0,0.0
2023-10-23,DOGE,,0.20200407234306203,1,0.000785851220329504
2023-10-23,DOT,,0.1028459273430917,0,0.0
2023-10-23,ETC,,0.08596671274969934,0,0.0
2023-10-23,ETH,,0.09000540192550915,0,0.0
2023-10-23,FET,,-0.9318091556420784,-1,-0.0206829044261476
2023-10-23,FIL,,0.334146564266938,1,0.039780280601928224
2023-10-23,HBAR,,0.14723616057867878,0,0.0
2023-10-23,ICP,,-0.06583810951224835,-1,-1.606654539836361e-06
2023-10-23,JST,,-0.3716917688379833,-1,-0.012944711587680792
2023-10-23,LINK,,-0.8079364203000553,-1,-0.026580457968842612
2023-10-23,LTC,,0.1027321492118064,0,0.0
2023-10-23,LUNC,,0.13801138766344995,0,0.0
2023-10-23,NEAR,,-0.10403519216265468,-1,-0.0015682938564002104
2023-10-23,NEXO,,0.2813221330544057,1,0.01662012134500039
2023-10-23,PEPE,,-0.8444621695637488,-1,-0.01793785593881954
2023-10-23,QNT,,0.2858740035595127,1,0.01664090373776788
2023-10-23,SHIB,,0.14407866127283125,0,0.0
2023-10-23,SOL,,-0.4127835876440567,-1,-0.012837006778905176
2023-10-23,STX,,-0.4771557526624926,-1,-0.023123855142646407
2023-10-23,SUI,,-0.06576274754993117,-1,-1.6735388158333786e-08
2023-10-23,TRX,,0.38358901196050454,1,0.09725842684434334
2023-10-23,UNI,,-0.3347770005560733,-1,-0.03389835375692316
2023-10-23,VET,,0.3452008476746271,1,0.05343495978243966
2023-10-23,WLD,,0.16423058559562762,0,0.0
2023-10-23,XLM,,0.4018181534677659,1,0.11391820949793521
2023-10-23,XRP,,0.20168017866292168,1,0.0008951539754235725
2023-10-23,ZEC,,0.16110037285807588,0,0.0
2023-10-30,AAVE,,-0.1496153420140777,0,-0.002018764599256659
2023-10-30,ADA,,0.15874190932797008,0,0.00012005099182376864
2023-10-30,ALGO,,0.19709402182958943,0,0.0
2023-10-30,APT,,-0.1837981650145973,-1,-0.0026198998878380446
2023-10-30,ARB,,0.576298156003679,1,0.16622363618122565
2023-10-30,ATOM,,0.23083127284875538,1,0.0010903807970869344
2023-10-30,AVAX,,0.10739138476285064,0,0.002280226678838204
2023-10-30,BCH,,-0.3596713992951452,-1,-0.021041177104298987
2023-10-30,BNB,,0.23613295061242878,1,0.014342081020135587
2023-10-30,BTC,,-0.6110759898908774,-1,-0.04570817201089931
2023-10-30,CAKE,,-0.6633921904762189,-1,-0.009593460877168832
2023-10-30,CHZ,,0.2603043223265592,1,0.0072951793279532945
2023-10-30,DASH,,0.32223607237306295,1,0.07498246151711628
2023-10-30,DEXE,,0.09806190591004775,0,0.0
2023-10-30,DOGE,,-0.16417068626628661,-1,-0.0007420064180504415
2023-10-30,DOT,,0.1778383781604082,0,0.0
2023-10-30,ETC,,0.282938916645101,1,0.03361891046668702
2023-10-30,ETH,,-0.22387423725166464,-1,-0.008420924751799987
2023-10-30,FET,,-0.6372286927729521,-1,-0.017994142612261864
2023-10-30,FIL,,0.29848378441129625,1,0.043116380779303826
2023-10-30,HBAR,,0.2566470272478064,1,0.013457253670888798
2023-10-30,ICP,,-0.1545956400275121,-1,-2.9146307369202176e-07
2023-10-30,JST,,-0.18987909354165877,-1,-0.003993635100203981
2023-10-30,LINK,,-0.5795074277356878,-1,-0.025256866275018552
2023-10-30,LTC,,-0.06697449935942831,0,0.0
2023-10-30,LUNC,,0.20994963207378378,0,0.0
2023-10-30,NEAR,,0.1947575851603573,0,-0.0002648563193426109
2023-10-30,NEXO,,0.27064623626494566,1,0.018348196869214427
2023-10-30,PEPE,,-0.19810812503952122,-1,-0.004076183949875044
2023-10-30,QNT,,-0.4137466166502101,-1,-0.02145421642356217
2023-10-30,SHIB,,-0.14671196567580355,0,0.0
2023-10-30,SOL,,-0.12982692925853553,0,-0.00216793705654187
2023-10-30,STX,,-0.38760195448600493,-1,-0.02046543561909913
2023-10-30,SUI,,0.42186552329369226,1,0.15213610424053614
2023-10-30,TRX,,0.02990276013812591,0,0.016425180047680954
2023-10-30,UNI,,0.09081879402844992,0,-0.005724815646756767
2023-10-30,VET,,0.21833863713148555,1,0.009024193275850446
2023-10-30,WLD,,0.25741976678784767,1,0.011560511061979877
2023-10-30,XLM,,0.30216221132851495,1,0.0719952593279144
2023-10-30,XRP,,-0.006844986422110804,0,0.00015117523173864393
2023-10-30,ZEC,,0.06776269251153097,0,0.0
2023-11-06,AAVE,,0.06379708853243586,0,-0.0004584378679651647
2023-11-06,ADA,,0.028883225633637055,0,2.7262178442725315e-05
2023-11-06,ALGO,,0.07829387478886649,0,0.0
2023-11-06,APT,,0.12061467810351928,1,-0.0005656117172558204
2023-11-06,ARB,,0.33386719588970226,1,0.11291384897906835
2023-11-06,ATOM,,0.09502619337294718,0,0.000247612746959577
2023-11-06,AVAX,,-0.2664356217171569,-1,-0.0015161714268360337
2023-11-06,BCH,,0.007806706885640224,0,-0.004778205628691974
2023-11-06,BNB,,-0.3519941474726564,-1,-0.011356930371003052
2023-11-06,BTC,,-0.6635353949410597,-1,-0.0419221603981104
2023-11-06,CAKE,,-0.7511886751803624,-1,-0.006929748149127602
2023-11-06,CHZ,,0.0433524998299005,0,0.0016566500416947605
2023-11-06,DASH,,0.27473236001726675,1,0.059453340328715104
2023-11-06,DEXE,,-0.09636644603092012,0,0.0
2023-11-06,DOGE,,-0.15902025557627925,-1,-0.0022484660172770845
2023-11-06,DOT,,0.08497799429387197,0,0.0
2023-11-06,ETC,,0.2986880492249434,1,0.062325838319886126
2023-11-06,ETH,,0.15019677476663945,1,0.0006947394593682377
2023-11-06,FET,,-0.4697606148835526,-1,-0.008622655630467787
2023-11-06,FIL,,0.11663267479539105,1,0.009791226628402289
2023-11-06,HBAR,,0.2612428813920473,1,0.03918962910828244
2023-11-06,ICP,,-0.10540554937778877,0,-6.618786070606957e-08
2023-11-06,JST,,-0.2439122627265746,-1,-0.003974940120821817
2023-11-06,LINK,,-0.30670980011453797,-1,-0.009723130812003947
2023-11-06,LTC,,0.4268765272182485,1,0.1427632752980925
2023-11-06,LUNC,,0.11367746222221603,0,0.0
2023-11-06,NEAR,,-0.15071275830144773,-1,-0.0006992171048944033
2023-11-06,NEXO,,0.21060639317543414,1,0.020799566388942498
2023-11-06,PEPE,,0.010534503246604487,0,-0.0009256537786043084
2023-11-06,QNT,,-0.21794607412907613,-1,-0.008808495855269289
2023-11-06,SHIB,,-0.08681230728869097,0,0.0
2023-11-06,SOL,,0.04315260800312304,0,-0.0004923131911713165
2023-11-06,STX,,-0.08206970735766561,0,-0.004647461460168655
2023-11-06,SUI,,0.23265683652734004,1,0.04640342064472544
2023-11-06,TRX,,-0.1195166532327053,-1,0.0037299483265754805
2023-11-06,UNI,,0.03718166215814197,0,-0.001300038786374181
2023-11-06,VET,,1.1222548469699098,1,0.15663162426179658
2023-11-06,WLD,,0.3954288260862622,1,0.12040409052096895
2023-11-06,XLM,,-0.28920057821701134,-1,0.006013314752624788
2023-11-06,XRP,,-0.37939102334140146,-1,-0.010556443388965452
2023-11-06,ZEC,,0.189496006754795,1,0.010521441107793274
2023-11-13,AAVE,,0.06457592925787059,0,-0.00011851559356626024
2023-11-13,ADA,,-0.026686451938538573,0,7.0478324017823245e-06
2023-11-13,ALGO,,0.05860572193609835,0,0.0
2023-11-13,APT,,0.16090848327159202,1,0.008824756601951991
2023-11-13,ARB,,0.06837488093764393,0,0.029190546350377433
2023-11-13,ATOM,,0.12786668779386262,1,0.004806925720318184
2023-11-13,AVAX,,0.2124999326126444,1,0.009070005607523489
2023-11-13,BCH,,-0.004787922128543055,0,-0.0012352641782836004
2023-11-13,BNB,,-0.2056876922964211,-1,-0.018572855329451535
2023-11-13,BTC,,-0.33850107682287495,-1,-0.04055560725532578
2023-11-13,CAKE,,-0.7590509176548079,-1,-0.015673694667098503
2023-11-13,CHZ,,-0.11260269851425687,-1,-3.0193704851847218e-05
2023-11-13,DASH,,-0.008085298799889973,0,0.015369908140070929
2023-11-13,DEXE,,-0.048498182567410376,0,0.0
2023-11-13,DOGE,,0.2483068434766222,1,0.05805150906347113
2023-11-13,DOT,,-0.04134068896607908,0,0.0
2023-11-13,ETC,,0.14247015010631217,1,0.025398691603819384
2023-11-13,ETH,,-0.15831137721473043,-1,-0.007637584110691119
2023-11-13,FET,,-0.21122394588392973,-1,-0.005615540174437814
2023-11-13,FIL,,0.00437509142865921,0,0.0025312329471330807
2023-11-13,HBAR,,0.3032098264744901,1,0.1061096447217922
2023-11-13,ICP,,-0.009216320624710915,0,-1.711091981401687e-08
2023-11-13,JST,,-0.20408843601138393,-1,-0.006894945905940966
2023-11-13,LINK,,-0.21894342861331015,-1,-0.008255364281670891
2023-11-13,LTC,,-0.2168249657097906,-1,0.020275140470328343
2023-11-13,LUNC,,0.07398127134792488,1,6.743508090404862e-12
2023-11-13,NEAR,,0.398768011818676,1,0.08850046688051899
2023-11-13,NEXO,,0.21025975610338532,1,0.04031376549652133
2023-11-13,PEPE,,-0.03734232531594367,0,-0.0002393004912423102
2023-11-13,QNT,,-0.10436116162412637,-1,-0.00227721205539372
2023-11-13,SHIB,,-0.03298873309781876,0,0.0
2023-11-13,SOL,,0.24185289454238684,1,0.021395599259457623
2023-11-13,STX,,0.1123858203637781,1,0.0026497282235320467
2023-11-13,SUI,,0.13987973949010704,1,0.015787178236122516
2023-11-13,TRX,,-0.18644269277017347,-1,-0.008866840120517526
2023-11-13,UNI,,0.058207013371727886,0,-0.00033608669613218844
2023-11-13,VET,,-0.01646591519529317,0,0.04049248811628457
2023-11-13,WLD,,0.9309089870891963,1,0.17942282451660277
2023-11-13,XLM,,-0.26152746202440674,-1,-0.02329628155925606
2023-11-13,XRP,,-0.36637880460957184,-1,-0.024112473012362304
2023-11-13,ZEC,,0.011919456961035689,0,0.002720008370157857
2023-11-20,AAVE,,0.3213635595193895,1,0.01102998103070214
2023-11-20,ADA,,-0.1729123788489132,-1,1.2778093425947061e-06
2023-11-20,ALGO,,-0.15594966281105271,0,0.0
2023-11-20,APT,,0.1996212157487103,1,0.0016815528585106647
2023-11-20,ARB,,0.12254578485642759,0,0.005409905715019089
2023-11-20,ATOM,,0.19352821591175964,1,0.0008908711351884313
2023-11-20,AVAX,,-0.5000774719337929,-1,-0.008346858320561461
2023-11-20,BCH,,-0.06789442412895981,0,-0.00022893243098097752
2023-11-20,BNB,,-0.48553352968928193,-1,-0.048383265850319414
2023-11-20,BTC,,-0.24994652285860333,-1,-0.018152578983270436
2023-11-20,CAKE,,-0.9703842215576044,-1,-0.017713094204175217
2023-11-20,CHZ,,-0.12197638136297952,0,-5.5958218278944875e-06
2023-11-20,DASH,,0.08157445513478387,0,0.00284851653299778
2023-11-20,DEXE,,-0.2509766716545522,-1,-0.0026575380063135466
2023-11-20,DOGE,,-0.17022279821574668,0,0.010758729448854393
2023-11-20,DOT,,-0.20724697097801795,-1,-0.0019134020426691356
2023-11-20,ETC,,-0.07628943878040287,0,0.004707158448225935
2023-11-20,ETH,,-0.10727387002060168,0,-0.001415479156621973
2023-11-20,FET,,0.5738748949518068,1,0.0813588542380383
2023-11-20,FIL,,-0.2312856315612127,-1,-0.0022231497347535286
2023-11-20,HBAR,,0.0873009641541413,0,0.019665379555036874
2023-11-20,ICP,,0.11391209179910218,0,-3.1711795243560536e-09
2023-11-20,JST,,0.4626619454558963,1,0.07247220972898435
2023-11-20,LINK,,-0.3652429973208198,-1,-0.01022901643004951
2023-11-20,LTC,,-0.13708567839206243,0,0.0037576068973380443
2023-11-20,LUNC,,0.3264030060607777,1,0.005406287505972663
2023-11-20,NEAR,,-0.1608459825708191,0,0.016401857499066183
2023-11-20,NEXO,,0.3303114954889015,1,0.029282700183608953
2023-11-20,PEPE,,0.34676279664618215,1,0.018605391897401877
2023-11-20,QNT,,-0.019008109585210688,0,-0.00042203740775908984
2023-11-20,SHIB,,-0.23173167625883637,-1,-0.0061423795103096755
2023-11-20,SOL,,-0.37687000767884166,-1,-0.004338894592658644
2023-11-20,STX,,0.6004462691966838,1,0.15570520696145387
2023-11-20,SUI,,0.30846230950718084,1,0.008840851704563318
2023-11-20,TRX,,-0.036155919405181015,0,-0.001643298089264029
2023-11-20,UNI,,0.47226028435860584,1,0.04072616556688869
2023-11-20,VET,,0.21145404853281483,1,0.008009041440642461
2023-11-20,WLD,,0.7519927461921775,1,0.17495904522300557
2023-11-20,XLM,,-0.19024815553479318,-1,-0.0063496702956990815
2023-11-20,XRP,,-0.33518879437308097,-1,-0.015647464029673076
2023-11-20,ZEC,,0.11587121200602024,0,0.000504101178853971
2023-11-27,AAVE,,0.3086515225321424,1,0.006126856650927943
2023-11-27,ADA,,-0.024113564085290817,0,3.1771323364888524e-07
2023-11-27,ALGO,,-0.002249513410365783,0,0.0
2023-11-27,APT,,0.08478071585296697,0,0.0004180996166017255
2023-11-27,ARB,,0.421824390837798,1,0.02353913221169821
2023-11-27,ATOM,,-0.19193119738634049,-1,-0.0021729610369114333
2023-11-27,AVAX,,-0.8686895088396148,-1,-0.01916285359664742
2023-11-27,BCH,,0.39579085651924717,1,0.024598323359766465
2023-11-27,BNB,,-0.22832491980577282,-1,-0.0198506089485942
2023-11-27,BTC,,0.4526188663929799,1,0.03823191598528643
2023-11-27,CAKE,,-0.04177352419397022,0,-0.004404165981529229
2023-11-27,CHZ,,0.24522532117617993,1,0.00011637435350349829
2023-11-27,DASH,,0.1812134913987554,0,0.0007082522944802778
2023-11-27,DEXE,,-0.6488357131272128,-1,-0.015904058589498813
2023-11-27,DOGE,,0.259655068241081,1,0.00334849751209887
2023-11-27,DOT,,-0.1514377039072544,-1,-0.00047576133377421
2023-11-27,ETC,,0.0029724292921244257,0,0.0011703831565722704
2023-11-27,ETH,,0.4518570082679721,1,0.04212209925938479
2023-11-27,FET,,0.16942695563544918,0,0.020228983937030216
2023-11-27,FIL,,-0.4207205955001197,-1,-0.011127665920601843
2023-11-27,HBAR,,-0.13937921048217142,0,0.00488958025355834
2023-11-27,ICP,,-0.13528632859407178,0,-7.884788971087223e-10
2023-11-27,JST,,-0.4806518108228448,-1,-0.020708521718786038
2023-11-27,LINK,,-0.4047484732175788,-1,-0.011241835733784927
2023-11-27,LTC,,0.23686936541432624,1,0.0009342876218100937
2023-11-27,LUNC,,-1.048778530290876,-1,-0.012042209490242133
2023-11-27,NEAR,,0.0355656020003609,0,0.0040781414019832995
2023-11-27,NEXO,,0.8398839928586201,1,0.1575530217564896
2023-11-27,PEPE,,0.27557069314103555,1,0.005807416920219993
2023-11-27,QNT,,0.11453101229284675,0,-0.00010493495787693814
2023-11-27,SHIB,,0.1471903967706455,0,-0.001527235082313936
2023-11-27,SOL,,-0.47705940570963823,-1,-0.011842141564333095
2023-11-27,STX,,0.454715402895012,1,0.0607227155736149
2023-11-27,SUI,,-0.20976459965436675,-1,0.0002466444426376009
2023-11-27,TRX,,-0.19448585329555387,-1,-0.003217441717695528
2023-11-27,UNI,,-0.025252336769763066,0,0.01012611296932749
2023-11-27,VET,,0.13906118411601245,0,0.0019913600329196594
2023-11-27,WLD,,-0.29279703402318963,-1,0.037553176308431774
2023-11-27,XLM,,0.31197316328289604,1,0.0048182411597638124
2023-11-27,XRP,,0.19882763148227334,0,-0.0038905697662040585
2023-11-27,ZEC,,0.25807475271527147,1,0.0006408796742087863
2023-12-04,AAVE,,-0.2506318068468625,-1,-0.016094189628297194
2023-12-04,ADA,,-0.50701061998622,-1,-0.012259036275030373
2023-12-04,ALGO,,0.00549051060218892,0,0.0
2023-12-04,APT,,0.2811194671792653,1,0.05077735347401548
2023-12-04,ARB,,0.22014192620172363,1,0.0251295223253384
2023-12-04,ATOM,,-0.07111936519587447,-1,-0.0006636256151968555
2023-12-04,AVAX,,-0.34914235628737206,-1,-0.0055556879924850144
2023-12-04,BCH,,0.3417398662451111,1,0.17348510097641504
2023-12-04,BNB,,-0.3296861871258268,-1,-0.03486625871931166
2023-12-04,BTC,,-0.10035769216180035,-1,-0.004234643710014762
2023-12-04,CAKE,,0.13855182507748476,1,2.6535521301675922e-11
2023-12-04,CHZ,,0.16027025472571435,1,0.001581511451355103
2023-12-04,DASH,,0.17645763808891332,1,0.00559698332543307
2023-12-04,DEXE,,0.14818322760127617,1,0.00022899748816651686
2023-12-04,DOGE,,0.05487513515864824,0,0.0
2023-12-04,DOT,,-0.0849664277887989,-1,-0.0007174186565501226
2023-12-04,ETC,,0.1209496018398406,0,0.0
2023-12-04,ETH,,-0.06080266710167398,-1,-3.714351229606777e-08
2023-12-04,FET,,-0.4712768558791248,-1,-0.031331277019065545
2023-12-04,FIL,,0.12906276921513132,0,0.0
2023-12-04,HBAR,,-0.0458958206411941,0,0.0
2023-12-04,ICP,,0.13048328719615915,0,0.0
2023-12-04,JST,,-0.009382177217402808,0,0.0
2023-12-04,LINK,,-0.024438970702912826,0,0.0
2023-12-04,LTC,,0.0039274770695031875,0,0.0
2023-12-04,LUNC,,-0.9327272917072391,-1,-0.01346551031072875
2023-12-04,NEAR,,0.14656882659856413,1,0.00018521895507523484
2023-12-04,NEXO,,0.5201779958931485,1,0.2
2023-12-04,PEPE,,0.41699980386064095,1,0.09012430998538555
2023-12-04,QNT,,0.09398214010993267,0,0.0
2023-12-04,SHIB,,0.08403806139587261,0,0.0
2023-12-04,SOL,,0.17853141381284393,1,0.004881229002178152
2023-12-04,STX,,0.4303930352127504,1,0.1550386191176681
2023-12-04,SUI,,0.03995779920525188,0,0.0
2023-12-04,TRX,,-0.3566663176467285,-1,-0.037760676245678616
2023-12-04,UNI,,-0.2547910738812677,-1,-0.012061157433213928
2023-12-04,VET,,0.018096750607605912,0,0.0
2023-12-04,WLD,,-0.17120389066358482,-1,-0.0051122438724634615
2023-12-04,XLM,,0.006023223121507743,0,0.0
2023-12-04,XRP,,-0.05627377326776539,0,0.0
2023-12-04,ZEC,,0.2303512580825615,1,0.03450778052805621
2023-12-11,AAVE,,0.2507410420669212,1,0.04770413445478582
2023-12-11,ADA,,-0.35508327389740074,-1,-0.009031808698759063
2023-12-11,ALGO,,-0.04020558887538885,0,0.0
2023-12-11,APT,,0.2706683380759876,1,0.05167074162462847
2023-12-11,ARB,,0.20374303421270176,1,0.03208646203321744
2023-12-11,ATOM,,0.25279210777739825,1,0.0409809032909825
2023-12-11,AVAX,,-0.1622723963300226,-1,-0.0015959966348755503
2023-12-11,BCH,,0.10864747096705486,1,0.04567171458564237
2023-12-11,BNB,,-0.15363934840669682,-1,-0.009178939681583145
2023-12-11,BTC,,-0.4508777718343839,-1,-0.03449117670267501
2023-12-11,CAKE,,0.20696572530925744,1,0.017973771513845466
2023-12-11,CHZ,,0.03198746900185391,0,0.00041634894977082707
2023-12-11,DASH,,0.010869833637182075,0,0.0014734626976189115
2023-12-11,DEXE,,0.09878218390300433,0,6.028591422249459e-05
2023-12-11,DOGE,,-0.1970047669814347,-1,-0.0022258058503864756
2023-12-11,DOT,,-0.09757883395612359,0,-0.0001888677467018693
2023-12-11,ETC,,-0.07954842964028691,0,0.0
2023-12-11,ETH,,-0.4389145302063992,-1,-0.033966811527452026
2023-12-11,FET,,0.357794060666746,1,0.05888431057740777
2023-12-11,FIL,,0.37221653862157994,1,0.102839964493793
2023-12-11,HBAR,,0.17312418281021946,1,0.006452942824093053
2023-12-11,ICP,,-0.20077322212029108,-1,-0.0007172491960386675
2023-12-11,JST,,-0.02679779965196415,0,0.0
2023-12-11,LINK,,-0.2194438111293087,-1,-0.004607054885254446
2023-12-11,LTC,,-0.20435048060601482,-1,-0.005173703099313905
2023-12-11,LUNC,,-0.5220888008479754,-1,-0.009186852622769564
2023-12-11,NEAR,,-0.021359508198536416,0,4.876077081651743e-05
2023-12-11,NEXO,,0.10221958088216113,0,0.05265203099403201
2023-12-11,PEPE,,0.3397210843282184,1,0.052592180232591726
2023-12-11,QNT,,0.014587660327594829,0,0.0
2023-12-11,SHIB,,0.08602912347904063,0,0.0
2023-12-11,SOL,,-0.036211861952913364,0,0.0012850331035582597
2023-12-11,STX,,0.6573242951804864,1,0.18816345990124492
2023-12-11,SUI,,0.04384824520190861,0,0.0
2023-12-11,TRX,,-0.2674370882572109,-1,-0.02455613963530455
2023-12-11,UNI,,-0.09430238146984893,0,-0.003175222174987396
2023-12-11,VET,,0.25077658075287984,1,0.026716271597800368
2023-12-11,WLD,,0.21284603328147617,1,0.004127202333414671
2023-12-11,XLM,,-0.21315069364594108,-1,-0.0052609822500447045
2023-12-11,XRP,,-0.2473966754427024,-1,-0.010857182253345971
2023-12-11,ZEC,,-0.017247327032828802,0,0.009084523649492346
2023-12-18,AAVE,,0.10884743250930498,0,0.0
2023-12-18,ADA,,-0.5565792930349098,-1,-0.006516449146904449
2023-12-18,ALGO,,0.07414838307890971,0,0.0
2023-12-18,APT,,0.42410430530851684,1,0.12412460795279347
2023-12-18,ARB,,0.44547058387562694,1,0.13380109063236417
2023-12-18,ATOM,,-0.10211497315868188,-1,-1.4753620921656792e-08
2023-12-18,AVAX,,-0.23233319703886693,-1,-0.001381827451719183
2023-12-18,BCH,,-0.023628673052690403,0,0.0
2023-12-18,BNB,,-0.020999532672389794,0,0.0
2023-12-18,BONK,,0.2666531946428291,1,0.028118580134707104
2023-12-18,BTC,,-0.5359558896503231,-1,-0.02379338856342752
2023-12-18,CAKE,,0.4830836295461563,1,0.11736380024229937
2023-12-18,CHZ,,0.04611866286190654,0,0.0
2023-12-18,DASH,,0.13209051883837922,0,0.0
2023-12-18,DEXE,,-0.020317139351948423,0,0.0
2023-12-18,DOGE,,-0.39217176938107745,-1,-0.00830356801509335
2023-12-18,DOT,,0.046202810340681695,0,0.0
2023-12-18,ETC,,-0.07210660331639651,0,0.0
2023-12-18,ETH,,-0.48628687261271025,-1,-0.021437872165766432
2023-12-18,FET,,0.2874267088335526,1,0.03551286507599466
2023-12-18,FIL,,0.37061092908957877,1,0.15652762345435547
2023-12-18,HBAR,,0.1438084242952002,1,2.0973712332798558e-11
2023-12-18,ICP,,-0.5937025526632115,-1,-0.0041196043475384535
2023-12-18,JST,,-0.0525080856258179,0,0.0
2023-12-18,LINK,,-0.021486875142785886,0,0.0
2023-12-18,LTC,,-0.2817978376411294,-1,-0.009524228978321078
2023-12-18,LUNC,,-0.4668243444587624,-1,-0.0024377089447301364
2023-12-18,NEAR,,0.05462151110696509,0,0.0
2023-12-18,NEXO,,0.27931205330587533,1,0.05160336639621593
2023-12-18,PEPE,,0.24494201337833676,1,0.01006744935502104
2023-12-18,QNT,,0.1997035726899887,1,0.005538543562593812
2023-12-18,SHIB,,-0.055092518151889494,0,0.0
2023-12-18,SOL,,-0.006519643024494259,0,0.0
2023-12-18,STX,,0.7824452779422035,1,0.2
2023-12-18,SUI,,0.25793928027412355,1,0.019189715324136103
2023-12-18,TRX,,-0.2008556197514447,-1,-0.005713869900938956
2023-12-18,UNI,,0.10912626938493741,0,0.0
2023-12-18,VET,,0.23334508587425584,1,0.015850653138786214
2023-12-18,WLD,,-0.3232890275086661,-1,-0.002217081853620576
2023-12-18,XLM,,-0.23682763027874118,-1,-0.0058749911894830165
2023-12-18,XRP,,-0.27566088334676647,-1,-0.009812819828995775
2023-12-18,ZEC,,-0.03294168631363457,0,0.0
2023-12-25,AAVE,,0.47527795256222466,1,0.11955588541345659
2023-12-25,ADA,,-0.6312219757597805,-1,-0.029827225637131485
2023-12-25,ALGO,,-0.21111622929979992,-1,-0.003290650515092981
2023-12-25,APT,,0.2874579470801323,1,0.02122772768581402
2023-12-25,ARB,,0.5415482018146958,1,0.0982032730547544
2023-12-25,ATOM,,-0.2567686495721364,-1,-0.017443185374808143
2023-12-25,AVAX,,-0.5732864938182041,-1,-0.01753945670225498
2023-12-25,BCH,,0.372576189619154,1,0.030162358905998086
2023-12-25,BNB,,0.37942489398256296,1,0.04242861918962397
2023-12-25,BONK,,0.2328374876214728,1,0.004934594334471437
2023-12-25,BTC,,-0.37129696321690725,-1,-0.04865349323488727
2023-12-25,CAKE,,0.563194946064121,1,0.07639140303756176
2023-12-25,CHZ,,0.07590187848923778,0,0.0
2023-12-25,DASH,,-0.07678086810768969,0,0.0
2023-12-25,DEXE,,0.09745321558739421,0,0.0
2023-12-25,DOGE,,-0.2639898360570269,-1,-0.012367403236028026
2023-12-25,DOT,,-0.23609640925579964,-1,-0.004666623468282805
2023-12-25,ETC,,0.18782030382147843,1,1.2252915020460575e-11
2023-12-25,ETH,,-0.18648272419555978,-1,-0.006958792802524547
2023-12-25,FET,,-0.1555001957793753,0,0.003252711584505019
2023-12-25,FIL,,0.6808334768305552,1,0.1960182569755104
2023-12-25,HBAR,,-0.16177995150670113,-1,-3.83232666279804e-08
2023-12-25,ICP,,-0.7243622802506539,-1,-0.02285211428670203
2023-12-25,JST,,0.03912476358727564,0,0.0
2023-12-25,LINK,,0.06072489797882218,0,0.0
2023-12-25,LTC,,0.044386756680380786,0,-0.0008723478059280663
2023-12-25,LUNC,,0.1972675978048814,1,-6.259668651962527e-05
2023-12-25,NEAR,,-0.43796631919894213,-1,-0.011644902832898884
2023-12-25,NEXO,,0.00973348469563777,0,0.0047264805956163045
2023-12-25,PEPE,,0.0914540554252917,0,0.0009221027104802625
2023-12-25,QNT,,0.09578905111592351,0,0.0005072889717228773
2023-12-25,SHIB,,-0.1557123770301093,0,0.0
2023-12-25,SOL,,-0.4919029089187941,-1,-0.016104014629211762
2023-12-25,STX,,0.36476852157711387,1,0.043032168977175766
2023-12-25,SUI,,0.35909417388570697,1,0.02306342096184253
2023-12-25,TRX,,0.04864200664793538,0,-0.0005233475468500526
2023-12-25,UNI,,0.25388858685792076,1,0.005326970039140966
2023-12-25,VET,,-0.059207632131384705,0,0.0014518007199974346
2023-12-25,WLD,,-0.3511955591316053,-1,-0.008825727771393977
2023-12-25,XLM,,0.02968079358790361,0,-0.0005381050461573077
2023-12-25,XRP,,0.0015679018538954986,0,-0.0008987805592742971
2023-12-25,ZEC,,-0.14578171194125203,0,0.0
2024-01-01,AAVE,,0.11561419867573856,1,0.02671007076056614
2024-01-01,ADA,,-0.10748330563512963,0,-0.006604893749714978
2024-01-01,ALGO,,-0.034177135590119784,0,-0.0007286764543255799
2024-01-01,APT,,0.18418081367149858,1,0.010183866342820742
2024-01-01,ARB,,0.5660004729531127,1,0.14454455040688163
2024-01-01,ATOM,,-0.1665510492490325,-1,-0.012012775053100028
2024-01-01,AVAX,,0.07689708001227864,0,-0.003883909598414177
2024-01-01,BCH,,0.14072806583489963,1,0.00802691101730068
2024-01-01,BNB,,-0.05097973844084025,0,0.009395326441146504
2024-01-01,BONK,,0.23548292694755968,1,0.014840979661830652
2024-01-01,BTC,,0.053145656694348974,0,-0.010773752721032877
2024-01-01,CAKE,,0.209066007166479,1,0.02126413213178375
2024-01-01,CHZ,,0.06301569343948847,0,0.0
2024-01-01,DASH,,-0.04982442817793176,0,0.0
2024-01-01,DEXE,,0.606919193200049,1,0.1344406221241661
2024-01-01,DOGE,,-0.2867755862204545,-1,-0.04199010513001285
2024-01-01,DOT,,-0.12050203852039836,-1,-0.0012525739258523764
2024-01-01,ETC,,-0.009287409704889947,0,2.7132661555247438e-12
2024-01-01,ETH,,-0.14207301632638833,-1,-0.006920845192907222
2024-01-01,FET,,-0.0352724313559561,0,0.0007202753174394409
2024-01-01,FIL,,0.10292468763977829,1,0.04340597332891932
2024-01-01,HBAR,,-0.09611956330710066,0,-8.486243651997644e-09
2024-01-01,ICP,,-0.731516797048469,-1,-0.023212359492745013
2024-01-01,JST,,-0.024702295603238684,0,0.0
2024-01-01,LINK,,-0.04370898614157288,0,0.0
2024-01-01,LTC,,-0.1399952957542846,-1,-0.0039216662517160975
2024-01-01,LUNC,,0.11084908531965157,1,0.00010896195580451228
2024-01-01,NEAR,,-0.4643918049526481,-1,-0.014618083462806263
2024-01-01,NEXO,,0.4113786982909915,1,0.09099413509492635
2024-01-01,PEPE,,0.35113472239916876,1,0.049116214881735495
2024-01-01,QNT,,-0.06667402646328532,0,0.00011233326891994507
2024-01-01,SHIB,,-0.13421353158550922,-1,-0.002592637622271307
2024-01-01,SOL,,-0.4630328659564242,-1,-0.017081622823929516
2024-01-01,STX,,0.43380166189661695,1,0.07468222552029535
2024-01-01,SUI,,0.39897403726814573,1,0.05630375613324481
2024-01-01,TRX,,-0.07655224454707299,0,-0.00011588925444059537
2024-01-01,UNI,,-0.0070385002176452695,0,0.0011795958345063437
2024-01-01,VET,,-0.09528789179411197,0,0.00032148445913137715
2024-01-01,WLD,,-0.3146731419855997,-1,-0.008486600414418373
2024-01-01,XLM,,-0.11571782010706708,-1,-0.0001192084456736314
2024-01-01,XRP,,-0.15005431443333866,-1,-0.006619598633759894
2024-01-01,ZEC,,-0.13350778229129093,-1,-0.002120921344875281
2024-01-08,AAVE,,0.12058893493562708,0,0.0019418487560183863
2024-01-08,ADA,,0.1491277676746048,0,-0.0004801823561790446
2024-01-08,ALGO,,-0.20057245528115245,-1,-0.0026921706034303775
2024-01-08,APT,,0.22227230646507426,1,0.0013242382274726433
2024-01-08,ARB,,1.2199368882478236,1,0.19596833356331572
2024-01-08,ATOM,,0.21240497405202008,1,-0.000468725120141171
2024-01-08,AVAX,,-0.03002930705398838,0,-0.00028236409741389185
2024-01-08,BCH,,0.09776403345777866,0,0.0005835644283139754
2024-01-08,BNB,,-0.18299427093990678,-1,-0.0018620907949263212
2024-01-08,BONK,,-0.5222019891735294,-1,-0.01432425256490912
2024-01-08,BTC,,-0.09360842134059648,0,-0.0007832625569032369
2024-01-08,CAKE,,-0.3134422231540508,-1,-0.0074544582206052395
2024-01-08,CHZ,,0.2185436078451686,1,0.0005220941364969612
2024-01-08,DASH,,0.09288451214705255,0,0.0
2024-01-08,DEXE,,0.3300949463747047,1,0.03438250787143973
2024-01-08,DOGE,,0.1367573244492273,0,-0.003052722478450988
2024-01-08,DOT,,-0.2992171391801199,-1,-0.009255345733984923
2024-01-08,ETC,,-0.14885780705141322,0,1.9725715278265485e-13
2024-01-08,ETH,,0.4930918619220628,1,0.08889944281261733
2024-01-08,FET,,0.10743893434250588,0,5.236473320113669e-05
2024-01-08,FIL,,-0.19381598896828872,-1,0.0009768042081631234
2024-01-08,HBAR,,-0.06687409302087574,0,-6.169583684978337e-10
2024-01-08,ICP,,-0.4469024909993734,-1,-0.0179903045170636
2024-01-08,JST,,0.05628163654143669,0,0.0
2024-01-08,LINK,,0.20484670562376486,1,9.792386730276185e-05
2024-01-08,LTC,,0.21295361140580485,1,9.946096583021702e-05
2024-01-08,LUNC,,0.2765500710538445,1,0.0048902283109547974
2024-01-08,NEAR,,-1.3208920895131155,-1,-0.04758957314634499
2024-01-08,NEXO,,0.168987848264004,0,0.006615364280499067
2024-01-08,PEPE,,0.33810710927182774,1,0.018908623756298825
2024-01-08,QNT,,-0.2368932453586447,-1,-0.0052599544995319564
2024-01-08,SHIB,,0.1953422269015512,1,-0.00018848732946264313
2024-01-08,SOL,,-1.109662319013725,-1,-0.04250948822031332
2024-01-08,STX,,-0.358455672122489,-1,-0.010797729105662901
2024-01-08,SUI,,-0.16940364191466772,-1,0.003644300517624627
2024-01-08,TRX,,0.43486349290221926,1,0.067513855891156
2024-01-08,UNI,,0.052746189373768654,0,8.575779242121578e-05
2024-01-08,VET,,-0.15768924613242927,-1,2.3347045116136635e-05
2024-01-08,WLD,,0.009440353101174654,0,-0.000616984305481268
2024-01-08,XLM,,0.13351187207499396,0,-8.666572769997408e-06
2024-01-08,XRP,,0.21405632154753618,1,8.960754191973067e-05
2024-01-08,ZEC,,0.15291887024278825,0,-0.0001541930948846205
2024-01-15,AAVE,,0.0742817923269242,0,0.00028096341315503293
2024-01-15,ADA,,0.11671646407803182,0,-6.947692157319212e-05
2024-01-15,ALGO,,0.07857817299394791,0,-0.0003895264444211334
2024-01-15,APT,,-0.2194043937522543,-1,-0.006846863386254745
2024-01-15,ARB,,-0.2142967861833512,-1,0.021988095047612427
2024-01-15,ATOM,,0.1357892004977628,0,-6.781918992311022e-05
2024-01-15,AVAX,,0.10539960838910252,0,-4.08548710685973e-05
2024-01-15,BCH,,-0.022942513133966377,0,8.443513073136963e-05
2024-01-15,BNB,,0.01308961249981637,0,-0.0002694233439785533
2024-01-15,BONK,,-1.0077570417239017,-1,-0.024037235597203617
2024-01-15,BTC,,-0.09722618417073865,-1,-0.002139577903425104
2024-01-15,CAKE,,-0.24170134557063172,-1,-0.007123322562793427
2024-01-15,CHZ,,0.5257756792212825,1,0.08305748870489053
2024-01-15,DASH,,0.3844077538580799,1,0.04398945052233881
2024-01-15,DEXE,,0.02968734203669041,0,0.004974757552280773
2024-01-15,DOGE,,0.486771828658345,1,0.10102539644951078
2024-01-15,DOT,,0.04059890806566792,0,-0.0013391431847051914
2024-01-15,ETC,,-0.643221580725915,-1,-0.01744476386718776
2024-01-15,ETH,,0.25454568302144254,1,0.018255857548989854
2024-01-15,FET,,-0.17456468019742583,-1,-0.009141509522607442
2024-01-15,FIL,,-0.3711852081572454,-1,-0.010578609659661096
2024-01-15,HBAR,,0.24331348495347202,1,0.0032588833763302905
2024-01-15,ICP,,-0.8220332535466288,-1,-0.02493799066018811
2024-01-15,JST,,-0.0767192551604765,-1,-3.009421981575993e-08
2024-01-15,LINK,,0.3914098636949391,1,0.03883803335239209
2024-01-15,LTC,,0.37041796766495266,1,0.03692335975987769
2024-01-15,LUNC,,0.12292837265588911,0,0.0007075603767259728
2024-01-15,NEAR,,-0.22541883817023545,-1,-0.019562791484648154
2024-01-15,NEXO,,-0.02865223782122231,0,0.0009571679162716975
2024-01-15,PEPE,,0.2757667290585362,1,0.010742756236570958
2024-01-15,QNT,,0.2278932700397813,1,-2.5308677481417248e-05
2024-01-15,SHIB,,0.20524217571448308,0,-2.7271971237805286e-05
2024-01-15,SOL,,0.22106721397431425,1,-0.005700864055924584
2024-01-15,STX,,-0.30892635422814757,-1,-0.0170511229758303
2024-01-15,SUI,,-1.1568886904191698,-1,-0.02552727893912684
2024-01-15,TRX,,0.20801670515115267,1,0.00976848653876733
2024-01-15,UNI,,0.3205787797862938,1,0.01557947624021496
2024-01-15,VET,,0.12833084749223733,0,3.3780516956245272e-06
2024-01-15,WLD,,0.051445803939020526,0,-8.927060657728343e-05
2024-01-15,XLM,,0.17990131064314807,0,-1.2539544381446583e-06
2024-01-15,XRP,,0.020932455595838523,0,1.2965191415742694e-05
2024-01-15,ZEC,,0.3980513369501601,1,0.039116625633129856
2024-01-22,AAVE,,-0.025699715545726618,-1,3.147177067725019e-05
2024-01-22,ADA,,0.05842935743862571,0,-7.787975033654468e-06
2024-01-22,ALGO,,0.09663114564253843,0,-4.366373977730348e-05
2024-01-22,APT,,-0.051797075095048196,-1,-0.0016954506937878798
2024-01-22,ARB,,-0.2549800791788658,-1,-0.0077720465366808295
2024-01-22,ATOM,,0.04892643858138861,0,-7.602152570439314e-06
2024-01-22,AVAX,,0.44515083549122114,1,0.08302570324467519
2024-01-22,BCH,,0.22348314546092546,1,0.010429060848159514
2024-01-22,BNB,,0.09851801757133556,0,-3.0200852727451505e-05
2024-01-22,BONK,,-0.8672498159495906,-1,-0.021769516294877982
2024-01-22,BTC,,0.32481395997772977,1,0.06307127132648423
2024-01-22,CAKE,,0.14115938730153213,0,-0.0007984846913123515
2024-01-22,CHZ,,0.2747583771487356,1,0.023142915912580553
2024-01-22,DASH,,0.18097511907672992,1,0.007030944169314289
2024-01-22,DEXE,,-0.41112245359490496,-1,-0.04476860190060528
2024-01-22,DOGE,,-0.04263657054223433,-1,0.010508132110724211
2024-01-22,DOT,,0.14316785139452384,0,-0.0001501104748572611
2024-01-22,ETC,,-0.9848535535234544,-1,-0.028916703712847987
2024-01-22,ETH,,-0.3319792171194789,-1,-0.019407353627417807
2024-01-22,FET,,0.14806949566428101,1,-0.0010061618313100939
2024-01-22,FIL,,0.11969737371258542,0,-0.0011858030847470002
2024-01-22,HBAR,,0.14642673553079272,1,0.00036735327933217973
2024-01-22,ICP,,0.06633526988283515,0,-0.0027954095295723673
2024-01-22,JST,,-0.05205320336663479,-1,-0.0019716434269608585
2024-01-22,LINK,,-0.09968929031121415,-1,0.0009191096339444954
2024-01-22,LTC,,-0.022598507866520276,0,0.00413890249391137
2024-01-22,LUNC,,-0.05058322829223146,-1,-0.001023187873220308
2024-01-22,NEAR,,0.046690958569747754,0,-0.00219287971057449
2024-01-22,NEXO,,0.292768797794176,1,0.04450009948712133
2024-01-22,PEPE,,0.04802079852785754,0,0.0012042029996235833
2024-01-22,QNT,,0.08104033125398427,0,-2.8369614527674115e-06
2024-01-22,SHIB,,0.026647605581575858,0,-3.0570357222120076e-06
2024-01-22,SOL,,0.4393214925828318,1,0.09346904777426326
2024-01-22,STX,,0.04104301123566527,0,-0.0019113356928407328
2024-01-22,SUI,,-1.2206841986463404,-1,-0.0284390821281068
2024-01-22,TRX,,0.308134626743899,1,0.0482845966532701
2024-01-22,UNI,,0.047907236678594464,0,0.0017463723096652513
2024-01-22,VET,,0.24331037582721612,1,0.01263043381094767
2024-01-22,WLD,,0.06943503328004474,0,-1.0006736618729703e-05
2024-01-22,XLM,,0.1738480469782106,1,0.0020321839870748857
2024-01-22,XRP,,-0.06455984920931175,-1,-0.002938085322876462
2024-01-22,ZEC,,0.14577593331197444,1,0.004384755364533102
2024-01-29,AAVE,,-0.20071658486061955,-1,-0.014763759699465846
2024-01-29,ADA,,0.266512346114662,1,0.010717264470077176
2024-01-29,ALGO,,0.180777753188298,1,1.4138191756983462e-11
2024-01-29,APT,,-0.06172947239767239,0,0.0
2024-01-29,ARB,,-0.28650383540669666,-1,-0.01235655742082098
2024-01-29,ATOM,,-0.0806278248725773,-1,-0.00040858569469327734
2024-01-29,AVAX,,0.415145625549365,1,0.04987157737369152
2024-01-29,BCH,,0.2382756533785305,1,0.005221328717050248
2024-01-29,BNB,,-0.015904934852085335,0,0.0
2024-01-29,BONK,,-0.8745369446441766,-1,-0.025278437638276807
2024-01-29,BTC,,0.2920080216251847,1,0.017123883689258993
2024-01-29,CAKE,,-0.004541746094549505,0,0.0
2024-01-29,CHZ,,-0.04822033658580787,0,0.0
2024-01-29,DASH,,0.08491873216889388,0,0.0
2024-01-29,DEXE,,-0.19506111021718334,-1,-0.016054764252338198
2024-01-29,DOGE,,0.0008602071898746079,0,0.0
2024-01-29,DOT,,0.14530214169675873,0,0.0
2024-01-29,ETC,,-0.8098604737489273,-1,-0.029080653246993007
2024-01-29,ETH,,-0.15205832828526217,-1,-0.0060994730099443815
2024-01-29,FET,,-0.2145594003765464,-1,-0.011359960822418476
2024-01-29,FIL,,0.10801637493110187,0,0.0
2024-01-29,HBAR,,-0.14573261429991868,-1,-0.008889178438631913
2024-01-29,ICP,,0.11893686835608665,0,0.0
2024-01-29,JST,,-0.14634597373262678,-1,-0.008975734717635794
2024-01-29,LINK,,-6.951275029414873e-06,0,0.0
2024-01-29,LTC,,-0.04373844974615938,0,0.0
2024-01-29,LUNC,,0.3636795966043294,1,0.025508470570120154
2024-01-29,NEAR,,0.07850424137610426,0,0.0
2024-01-29,NEXO,,0.5104845302853702,1,0.12106717597336672
2024-01-29,PEPE,,-0.243038661574512,-1,-0.012280667521531402
2024-01-29,QNT,,0.0007704882967421612,0,0.0
2024-01-29,SHIB,,0.10876767267674814,0,0.0
2024-01-29,SOL,,0.38671477997596215,1,0.051894299346359696
2024-01-29,STX,,0.30551187374210703,1,0.021046196442439706
2024-01-29,SUI,,-1.2838501902810247,-1,-0.03445300449904684
2024-01-29,TRX,,0.4431869743751747,1,0.08027109972071995
2024-01-29,UNI,,0.25939908905054804,1,0.009150019896532928
2024-01-29,VET,,0.3254616682396392,1,0.027488796377439725
2024-01-29,WLD,,0.19874853520615884,1,0.0006436620793990167
2024-01-29,XLM,,-0.07641300603301639,-1,-4.206423769235845e-08
2024-01-29,XRP,,-0.06585666277461227,0,0.0
2024-01-29,ZEC,,0.1173203280313648,0,0.0
2024-02-05,AAVE,,0.0013423771457878042,0,0.0
2024-02-05,ADA,,0.3475828011146991,1,0.024807936926313206
2024-02-05,ALGO,,0.03840629756096938,0,0.0
2024-02-05,APT,,-0.0705240249693662,0,0.0
2024-02-05,ARB,,-0.10719423017291288,-1,-0.0013472865449027254
2024-02-05,ATOM,,0.11109853103222303,0,0.0
2024-02-05,AVAX,,0.13773866240997165,0,0.0
2024-02-05,BCH,,-0.0711359673578126,-1,-1.2621082703548674e-08
2024-02-05,BNB,,0.11407005253629825,0,0.0
2024-02-05,BONK,,-0.780683341483283,-1,-0.017943229333221962
2024-02-05,BTC,,0.16005214478896396,0,0.0
2024-02-05,CAKE,,0.34721780527235674,1,0.03068015788224486
2024-02-05,CHZ,,-0.5886588224604152,-1,-0.028104632554890315
2024-02-05,DASH,,0.37187084500499185,1,0.04038575771975321
2024-02-05,DEXE,,-0.06269789779509041,0,0.0
2024-02-05,DOGE,,-0.015397388500923667,0,0.0
2024-02-05,DOT,,0.24660485884180766,1,0.0035970087637724017
2024-02-05,ETC,,0.1467309841011129,0,0.0
2024-02-05,ETH,,0.03870752073642926,0,0.0
2024-02-05,FET,,-0.7105444786983434,-1,-0.020371635668043137
2024-02-05,FIL,,0.19247446775610616,0,0.0
2024-02-05,HBAR,,-0.15415347079637265,-1,-0.003409241685424158
2024-02-05,ICP,,-0.30685187198409497,-1,-0.010599450624725774
2024-02-05,JST,,0.07406625120344057,0,0.0
2024-02-05,JUP,,0.12610203810570214,0,0.0
2024-02-05,LINK,,-0.5564300432136987,-1,-0.0170316502730403
2024-02-05,LTC,,0.24821209861208074,1,0.004204018658177475
2024-02-05,LUNC,,0.19778482102181758,1,8.015479221201112e-12
2024-02-05,NEAR,,-0.20425513559647074,-1,-0.005103049143860035
2024-02-05,NEXO,,0.3804299329225909,1,0.04125090057045094
2024-02-05,PEPE,,-0.40631110602494325,-1,-0.011699045415529418
2024-02-05,QNT,,0.257321501927337,1,0.005854289016541556
2024-02-05,SHIB,,0.40641078334578,1,0.0559391027282039
2024-02-05,SOL,,0.2779382973010228,1,0.007263485557645342
2024-02-05,STX,,-0.6233718551723033,-1,-0.017490839220576655
2024-02-05,SUI,,-0.8894652458696013,-1,-0.022873897509553803
2024-02-05,TRX,,0.5941972599635905,1,0.17762978011504835
2024-02-05,UNI,,0.26273465868568097,1,0.004481965883568536
2024-02-05,VET,,0.3411392779929191,1,0.023908119670740344
2024-02-05,WLD,,0.11100685883006983,0,0.0
2024-02-05,XLM,,0.19383430633583293,0,0.0
2024-02-05,XRP,,0.16974820676233024,0,0.0
2024-02-05,ZEC,,-0.3471487612162763,-1,-0.024026580956862505
2024-02-12,AAVE,,-0.06182664189447862,0,0.0
2024-02-12,ADA,,0.31133711440626716,1,0.022937576095570317
2024-02-12,ALGO,,0.1758561339993251,1,0.0011612732810173186
2024-02-12,APT,,0.4992748561459581,1,0.13822928816803903
2024-02-12,ARB,,0.030377680037412983,0,0.0
2024-02-12,ATOM,,0.07204025725192405,0,0.0
2024-02-12,AVAX,,0.08680115097284422,0,0.0
2024-02-12,BCH,,-0.4040841031941679,-1,-0.032879582702295136
2024-02-12,BNB,,0.020482117845336968,0,0.0
2024-02-12,BONK,,-0.07424943320858748,0,0.0
2024-02-12,BTC,,0.08115404049527086,0,0.0
2024-02-12,CAKE,,0.19918969809649284,1,0.0033654300278468624
2024-02-12,CHZ,,0.09146412773671243,0,0.0
2024-02-12,DASH,,0.1766080143757408,1,0.0019372425754865148
2024-02-12,DEXE,,-0.08829700122950133,-1,-0.0009643161086066477
2024-02-12,DOGE,,-0.07485320639622353,-1,-4.70952732917268e-08
2024-02-12,DOT,,0.3374325404955779,1,0.03850118160197477
2024-02-12,ETC,,-0.08773346579386276,-1,-0.0017884661758422985
2024-02-12,ETH,,-0.08079430737621195,-1,-0.00038014156638178025
2024-02-12,FET,,-0.17651892266365732,-1,-0.004483153833080251
2024-02-12,FIL,,0.1418566540759727,1,6.441450702761462e-12
2024-02-12,HBAR,,0.02428140211495007,0,0.0
2024-02-12,ICP,,0.13272260127670552,0,0.0
2024-02-12,JST,,0.018201533091637617,0,0.0
2024-02-12,JUP,,0.1297701387989558,0,0.0
2024-02-12,LINK,,-0.6704804507103367,-1,-0.04399679865750606
2024-02-12,LTC,,-0.3274869705088417,-1,-0.04723395413044183
2024-02-12,LUNC,,0.2613528613990651,1,0.009924524154044363
2024-02-12,NEAR,,0.16083310167790368,1,0.00037654241691451734
2024-02-12,NEXO,,0.1740170869584143,1,0.000890569134422347
2024-02-12,PEPE,,-0.10481991671044337,-1,-0.00124211588768777
2024-02-12,QNT,,0.08900981148646757,0,0.0
2024-02-12,SHIB,,0.06941794138362985,0,0.0
2024-02-12,SOL,,0.18933501171531458,1,0.0033963300416009665
2024-02-12,STX,,-0.16166471354758527,-1,-0.0034795941875344722
2024-02-12,SUI,,-0.027999391475020008,0,0.0
2024-02-12,TRX,,0.9779531918192665,1,0.2
2024-02-12,UNI,,0.19747556402190866,1,0.002445828426915865
2024-02-12,VET,,-0.3375943456172297,-1,-0.010111124085627672
2024-02-12,WLD,,-1.838959541428736,-1,-0.02840658609223867
2024-02-12,XLM,,0.028771788367003615,0,0.0
2024-02-12,XRP,,0.0181570142368078,0,0.0
2024-02-12,ZEC,,-0.17781102252798303,-1,-0.005747266668335635
2024-02-19,AAVE,,0.19833671033299383,1,2.521421117886777e-11
2024-02-19,ADA,,-0.17571447900578657,-1,0.0091740384825958
2024-02-19,ALGO,,0.2814894518958377,1,0.020155783408719645
2024-02-19,APT,,0.10263058683253051,0,0.055285793629296476
2024-02-19,ARB,,-0.21533580907980984,-1,-0.0010677712707206205
2024-02-19,ATOM,,-0.18305687033118034,-1,-0.0002002411667429022
2024-02-19,AVAX,,-0.16078240700743193,0,0.0
2024-02-19,BCH,,-0.2130834794306511,-1,-0.014027422978127157
2024-02-19,BNB,,-0.01493705478104582,0,0.0
2024-02-19,BONK,,0.026338302131995596,0,0.0
2024-02-19,BTC,,-0.7089579954639905,-1,-0.024582464898873134
2024-02-19,CAKE,,0.6782281977420516,1,0.12135459568705571
2024-02-19,CHZ,,0.2821965195177445,1,0.017721625417044102
2024-02-19,DASH,,0.3030317272048361,1,0.04297993208845331
2024-02-19,DEXE,,0.45176484298276354,1,0.07627637136578386
2024-02-19,DOGE,,-0.01037281058621635,0,-1.8836091790883907e-08
2024-02-19,DOT,,0.1155618074360992,0,0.015398823279356256
2024-02-19,ETC,,0.28822051635643015,1,0.03135669776276476
2024-02-19,ETH,,-0.16283792404221753,0,-0.0001520403415761781
2024-02-19,FET,,0.10077824571238418,0,-0.0017930694783203872
2024-02-19,FIL,,0.29526779116204227,1,0.01246957825074936
2024-02-19,HBAR,,0.19911197855041218,1,2.5170404321645716e-06
2024-02-19,ICP,,-0.241052565495161,-1,-0.0025631366093573217
2024-02-19,JST,,0.021663969874457827,0,0.0
2024-02-19,JUP,,0.25277416966517546,1,0.008277648122759731
2024-02-19,LINK,,-0.5377452633173604,-1,-0.024961075183175946
2024-02-19,LTC,,-0.33881729199425303,-1,-0.027542421296117885
2024-02-19,LUNC,,0.562460517916151,1,0.12397795235091454
2024-02-19,NEAR,,0.2841774436895561,1,0.017945709337857923
2024-02-19,NEXO,,-0.06669500913005279,0,0.00035618950246232427
2024-02-19,PEPE,,0.48039991833603196,1,0.07235788985514878
2024-02-19,QNT,,0.034305149136166176,0,0.0
2024-02-19,SHIB,,-0.11454914288067507,0,0.0
2024-02-19,SOL,,-0.31796612191964724,-1,-0.002992126717575911
2024-02-19,STX,,-0.3145580582530962,-1,-0.0030426754203523934
2024-02-19,SUI,,-0.14850317091968185,0,0.0
2024-02-19,TRX,,-0.08380467570569002,0,0.07999143215161185
2024-02-19,UNI,,0.14085118103027494,0,0.0009782265933306197
2024-02-19,VET,,-0.27331032948575457,-1,-0.00504215329921494
2024-02-19,WLD,,-0.5193398914939855,-1,-0.012890076415004679
2024-02-19,XLM,,-0.14452505106753574,0,0.0
2024-02-19,XRP,,-0.298023937185796,-1,-0.006303167771629768
2024-02-19,ZEC,,0.14438031107109373,0,-0.002298660458786951
2024-02-26,AAVE,,0.589761271976816,1,0.14884703648056752
2024-02-26,ADA,,-0.1892804571543882,-1,0.0008993239737359084
2024-02-26,ALGO,,0.34370253206940665,1,0.06318818285329728
2024-02-26,APT,,0.1672923317934954,1,0.014452493248545098
2024-02-26,ARB,,-0.09226107047520794,0,-0.0002730983243257796
2024-02-26,ATOM,,-0.038873263398972006,0,-5.121464549389805e-05
2024-02-26,AVAX,,-0.1047092059541325,0,0.0
2024-02-26,BCH,,-0.144339484052182,0,-0.003587721279811244
2024-02-26,BNB,,0.04425583328660268,0,0.0
2024-02-26,BONK,,-0.005875506165741507,0,0.0
2024-02-26,BTC,,-0.48443614058715667,-1,-0.02398018594815718
2024-02-26,CAKE,,0.43301458775362045,1,0.17988527250850883
2024-02-26,CHZ,,0.1685680334408254,1,0.004907136343810507
2024-02-26,DASH,,0.20602289746917138,1,0.014898135844991046
2024-02-26,DEXE,,0.39729775362028535,1,0.040966694106620676
2024-02-26,DOGE,,-0.12112570765754654,0,-4.817609581746192e-09
2024-02-26,DOT,,0.07191210775316804,0,0.00393847722775202
2024-02-26,ETC,,0.05223218510767866,0,0.00801994008475396
2024-02-26,ETH,,0.1127023820941229,0,-3.888657023554393e-05
2024-02-26,FET,,0.45580222178672075,1,0.0507078744983894
2024-02-26,FIL,,0.3758078419706658,1,0.05141375880067491
2024-02-26,HBAR,,-0.1338889659060658,0,6.437703870984154e-07
2024-02-26,ICP,,-0.10013637069125599,0,-0.0006555601674515319
2024-02-26,JST,,0.15479817678115265,1,1.5098145789115842e-11
2024-02-26,JUP,,0.2144702807028972,1,0.005165507108549295
2024-02-26,LINK,,-0.3263570697185484,-1,-0.016335240251444488
2024-02-26,LTC,,-0.14839617912462696,-1,-0.007044392228165917
2024-02-26,LUNC,,0.39476680529931174,1,0.06842749219506697
2024-02-26,NEAR,,0.4695199354073006,1,0.15343691755014618
2024-02-26,NEXO,,0.10068966078254651,0,9.110074313878558e-05
2024-02-26,PEPE,,-0.30130775189197484,-1,0.01805727319087687
2024-02-26,QNT,,0.09138780777762126,0,0.0
2024-02-26,SHIB,,-0.1738415457006247,-1,-0.00015221662226611797
2024-02-26,SOL,,-0.20115575726186996,-1,-0.002330446162805136
2024-02-26,STX,,-0.22375251850674868,-1,-0.0025094336676302403
2024-02-26,SUI,,-0.2732184707303282,-1,-0.005133524659514642
2024-02-26,TRX,,-0.41524937143614876,-1,-0.0058217866567033955
2024-02-26,UNI,,-0.1217769739062971,0,0.00025019594624344193
2024-02-26,VET,,-0.40463126894715623,-1,-0.006762786966499051
2024-02-26,WLD,,-0.5573249119306052,-1,-0.00652401797921564
2024-02-26,XLM,,-0.09229357689217152,0,0.0
2024-02-26,XRP,,-0.17395016961396953,-1,-0.002940511787409864
2024-02-26,ZEC,,-0.015822909169689082,0,-0.0005879164730335734
2024-03-04,AAVE,,0.7707461758269549,1,0.2
2024-03-04,ADA,,-0.2987416860732136,-1,-0.006693069381326639
2024-03-04,ALGO,,0.10296954906972387,0,0.0
2024-03-04,APT,,0.23047196255124658,1,0.02349498106294775
2024-03-04,ARB,,0.05369919023083223,0,0.0
2024-03-04,ATOM,,0.01628458552020974,0,0.0
2024-03-04,AVAX,,-0.08356818318019256,0,0.0
2024-03-04,BCH,,-0.24472224616030708,-1,-0.0013515012688309837
2024-03-04,BNB,,-0.08979427109771085,0,0.0
2024-03-04,BONK,,-0.0677130422034765,0,0.0
2024-03-04,BTC,,-0.5112218930847386,-1,-0.0243225035102422
2024-03-04,CAKE,,0.644788898944137,1,0.2
2024-03-04,CHZ,,-0.11759170940319101,0,0.0
2024-03-04,DASH,,0.13192897524000533,1,0.0007819252524079653
2024-03-04,DEXE,,0.4723816455824127,1,0.06117831074321251
2024-03-04,DOGE,,-0.17907033094255256,-1,-0.00045242666502245385
2024-03-04,DOT,,-0.017210070491613286,0,0.0
2024-03-04,ETC,,0.023893370130730843,0,0.0
2024-03-04,ETH,,0.21614926231315876,1,0.03147014102611588
2024-03-04,FET,,0.649642540490842,1,0.2
2024-03-04,FIL,,-0.05807257533090961,0,0.0
2024-03-04,HBAR,,0.012568003320073844,0,0.0
2024-03-04,ICP,,0.15822422407582967,1,0.0047122240640825866
2024-03-04,JST,,0.15746305490329446,1,0.004219081001234303
2024-03-04,JUP,,0.3993353981829331,1,0.06235357783439157
2024-03-04,LINK,,-0.13135779961562152,0,0.0
2024-03-04,LTC,,-0.29659992504876687,-1,-0.005534435541926938
2024-03-04,LUNC,,0.2743200869977557,1,0.021334878165476738
2024-03-04,NEAR,,0.4167953261567615,1,0.0904548808327876
2024-03-04,NEXO,,0.037332110168993154,0,0.0
2024-03-04,PEPE,,-0.36333036941558267,-1,-0.0008392832547357784
2024-03-04,QNT,,-0.07028942042426375,0,0.0
2024-03-04,SHIB,,-0.14547500530759336,-1,-2.7979405536664687e-09
2024-03-04,SOL,,-0.12527365412308236,0,0.0
2024-03-04,STX,,-0.22359142500171791,-1,-0.0019226637362654963
2024-03-04,SUI,,-0.008293633993202154,0,0.0
2024-03-04,TRX,,-0.5019078362524595,-1,-0.03964836663108405
2024-03-04,UNI,,-0.14362636176707833,0,0.0
2024-03-04,VET,,-0.32238811044801463,-1,-0.0041263077901375214
2024-03-04,WLD,,-0.40027203332078454,-1,-0.00240613722005572
2024-03-04,XLM,,-0.15555953497328862,-1,-0.0006237390853852094
2024-03-04,XRP,,-0.32761382407256384,-1,-0.012079563117046437
2024-03-04,ZEC,,0.11429058202604143,1,1.7343036298309398e-11
2024-03-11,AAVE,,0.2907949312518473,1,0.10413890543134585
2024-03-11,ADA,,-0.2460622714379219,-1,-0.0036451877273956574
2024-03-11,ALGO,,0.15903546283669842,1,4.7927487640763125e-11
2024-03-11,APT,,0.2922885615380209,1,0.07569337415592423
2024-03-11,ARB,,-0.09108171262393933,0,0.0
2024-03-11,ATOM,,-0.12249346133791045,0,0.0
2024-03-11,AVAX,,0.24917990265030684,1,0.015276773912202586
2024-03-11,BCH,,-0.14394704677357964,0,0.0
2024-03-11,BNB,,-0.008463428141650135,0,0.0
2024-03-11,BONK,,0.04409414812429746,0,0.0
2024-03-11,BTC,,-0.5603808265902624,-1,-0.02190892555146815
2024-03-11,CAKE,,0.6391224770212145,1,0.2
2024-03-11,CHZ,,-0.07178677104826528,0,0.0
2024-03-11,DASH,,0.02702811905082551,0,0.0
2024-03-11,DEXE,,0.3563713899391387,1,0.04998127456221866
2024-03-11,DOGE,,-0.17509272794138905,-1,-0.0003056630952847854
2024-03-11,DOT,,-0.06884732701238906,0,0.0
2024-03-11,ETC,,-0.11046718277335457,0,0.0
2024-03-11,ETH,,-0.47588568066676984,-1,-0.021919932613786403
2024-03-11,FET,,0.0761981741007483,0,0.0
2024-03-11,FIL,,-0.07663218115817458,0,0.0
2024-03-11,HBAR,,-0.09945835059250419,0,0.0
2024-03-11,ICP,,-0.021556814701873858,0,0.0
2024-03-11,JST,,0.04611355249950138,0,0.0
2024-03-11,JUP,,0.49292388713747126,1,0.08951245414061376
2024-03-11,LINK,,-0.2681423876312581,-1,-0.0056124785938895805
2024-03-11,LTC,,-0.1937703605309002,-1,-0.0013576350743591747
2024-03-11,LUNC,,0.2546595789699884,1,0.014491623160804249
2024-03-11,NEAR,,0.6488734713482858,1,0.2
2024-03-11,NEXO,,0.13299701253479257,0,0.0
2024-03-11,PEPE,,-0.436974226696539,-1,-0.0010025989490569814
2024-03-11,QNT,,0.23704159183815995,1,0.02833672377495562
2024-03-11,SHIB,,-0.15942833715279428,-1,-7.337754810815718e-05
2024-03-11,SOL,,0.1746802598144612,1,0.0006574414092480185
2024-03-11,STX,,-0.10388883251244033,0,0.0
2024-03-11,SUI,,0.29685317428918734,1,0.12126631275522325
2024-03-11,TRX,,-0.4870189441439043,-1,-0.03823817623857539
2024-03-11,UNI,,-0.14752542231438026,-1,-6.612291134949904e-09
2024-03-11,VET,,-0.17084007143450078,-1,-0.0011563249473158885
2024-03-11,WLD,,0.17135214539062887,1,0.0003714926107844489
2024-03-11,XLM,,-0.22412127279470143,-1,-0.004037048261753774
2024-03-11,XRP,,-0.16465754481780542,-1,-0.0008208094390826474
2024-03-11,ZEC,,0.03891534249364059,0,0.0
2024-03-18,AAVE,,0.10438004753523883,1,0.020335078522188882
2024-03-18,ADA,,-0.2582027628190334,-1,-0.0036209510306594505
2024-03-18,ALGO,,-0.05893227085075296,0,8.750699184696866e-12
2024-03-18,APT,,0.9519191083268925,1,0.1773038408026002
2024-03-18,ARB,,0.007166619755122741,0,0.0
2024-03-18,ATOM,,-0.18637177813933667,-1,-0.001262801256602122
2024-03-18,AVAX,,0.019570816987166274,0,0.0027892647747429673
2024-03-18,BCH,,0.010258202188632864,0,0.0
2024-03-18,BNB,,-0.3617934537952606,-1,-0.006603938047877865
2024-03-18,BONK,,0.04948975020938061,0,0.0
2024-03-18,BTC,,-0.6184255740447989,-1,-0.02075849287861479
2024-03-18,CAKE,,0.29083254237058354,1,0.09384504051071006
2024-03-18,CHZ,,0.008342481518796008,0,0.0
2024-03-18,DASH,,0.08020890524807367,0,0.0
2024-03-18,DEXE,,0.4265105342045725,1,0.05777622835707361
2024-03-18,DOGE,,-0.07362494661936594,0,-5.58085960764102e-05
2024-03-18,DOT,,-0.14380625819482337,-1,-8.478532486638967e-05
2024-03-18,ETC,,-0.0553877576839304,0,0.0
2024-03-18,ETH,,-0.6008971662808964,-1,-0.021864120371216374
2024-03-18,FET,,-0.1391708809759142,-1,-2.9230992614442156e-09
2024-03-18,FIL,,-0.027745435464745657,0,0.0
2024-03-18,HBAR,,-0.19524091147457387,-1,-0.0019948989941281255
2024-03-18,ICP,,0.3916045550271284,1,0.08037690334991414
2024-03-18,JST,,0.08051611632970054,1,1.1626945526272664e-11
2024-03-18,JUP,,0.14533604675352055,1,0.017961843288891083
2024-03-18,LINK,,-0.16275862297743587,-1,-0.0016814913884970924
2024-03-18,LTC,,-0.09026693057726927,0,-0.000247879801823919
2024-03-18,LUNC,,0.4174672597308782,1,0.052491116798932
2024-03-18,NEAR,,0.021837149610226148,0,0.03651641100108177
2024-03-18,NEXO,,0.1077474144504181,1,0.001261346389534798
2024-03-18,PEPE,,-0.42680892949072996,-1,-0.0008355304805757893
2024-03-18,QNT,,0.36325241873863934,1,0.12300817388304253
2024-03-18,SHIB,,-0.178592782846731,-1,-0.00019263260782347561
2024-03-18,SOL,,-0.16618354330204346,-1,-0.00025593605592432204
2024-03-18,STX,,0.33534308204495444,1,0.040023660374206356
2024-03-18,SUI,,0.4619720468955315,1,0.18562464158469552
2024-03-18,TRX,,-0.5624384255192405,-1,-0.039341446782425536
2024-03-18,UNI,,-0.07793181812412205,0,-1.2072857037132003e-09
2024-03-18,VET,,0.04241937158778562,0,-0.000211124185134956
2024-03-18,WLD,,0.07104632671450035,0,6.782788429634916e-05
2024-03-18,XLM,,-0.10972645574577515,0,-0.0007370925677870174
2024-03-18,XRP,,-0.06778145171258161,0,-0.00014986507415554672
2024-03-18,ZEC,,0.1748673604116197,1,0.010432653806118802
2024-03-25,AAVE,,0.021909256992922888,0,0.0006164037522131648
2024-03-25,ADA,,-0.22175120742010376,-1,-0.004332700210104378
2024-03-25,ALGO,,0.0922664034582727,0,2.6525414229653146e-13
2024-03-25,APT,,0.35432251734517567,1,0.17164629081718485
2024-03-25,ARB,,0.06846562300372472,0,0.0
2024-03-25,ATOM,,-0.018228148631996406,0,-3.827845719994098e-05
2024-03-25,AVAX,,-0.5476561142259303,-1,-0.008778632995306212
2024-03-25,BCH,,0.10629706863303424,0,0.0
2024-03-25,BNB,,-0.5458264337190124,-1,-0.015566121533886144
2024-03-25,BONK,,0.4589709551311346,1,0.1513238947887068
2024-03-25,BTC,,-0.4003463589530442,-1,-0.020944037921642518
2024-03-25,CAKE,,0.2975450364407766,1,0.03650184084574445
2024-03-25,CHZ,,0.2893869818068727,1,0.0387423373035095
2024-03-25,DASH,,0.32425846164082783,1,0.072086320371105
2024-03-25,DEXE,,0.30756304211336283,1,0.026828804593646366
2024-03-25,DOGE,,0.30412027579838197,1,0.024523670769308226
2024-03-25,DOT,,-0.021444662308156122,0,-2.57004133636506e-06
2024-03-25,ETC,,0.12942278377135832,0,0.0
2024-03-25,ETH,,-0.4838224770812023,-1,-0.018767564605273353
2024-03-25,FET,,-0.5462866786928514,-1,-0.006553231290325048
2024-03-25,FIL,,0.1856327496501973,0,0.0
2024-03-25,HBAR,,-0.0650544130371618,0,-6.0470050505341414e-05
2024-03-25,ICP,,0.28568406795026097,1,0.01620168746460382
2024-03-25,JST,,0.3097031563285431,1,0.04885940680756106
2024-03-25,JUP,,-0.53697988841234,-1,-0.004233956650030912
2024-03-25,LINK,,-0.07830891173148474,0,-5.0969933558543505e-05
2024-03-25,LTC,,0.19219770747717863,0,-7.513816077739545e-06
2024-03-25,LUNC,,0.3644052991241804,1,0.0773346866035026
2024-03-25,NEAR,,-0.4071537483172043,-1,-0.0032826705947005957
2024-03-25,NEXO,,-0.21442629528765103,-1,-0.003537750569701874
2024-03-25,PEPE,,0.33026347517600374,1,0.025081514195192597
2024-03-25,QNT,,-0.04027287532221956,0,0.003728665215217239
2024-03-25,SHIB,,-0.21837999717308743,-1,-0.000781734898461339
2024-03-25,SOL,,-0.5400437084703006,-1,-0.009080448091301315
2024-03-25,STX,,-0.2525898896940558,-1,-0.000770425691801524
2024-03-25,SUI,,0.6142754759421399,1,0.19956424929183658
2024-03-25,TRX,,-0.1695439022922865,-1,-0.0011925584873999084
2024-03-25,UNI,,0.001407732153066295,0,-3.659565105441366e-11
2024-03-25,VET,,0.22343873886027907,1,-6.3996075151173996e-06
2024-03-25,WLD,,-0.12014133154925849,0,2.0560216838764236e-06
2024-03-25,XLM,,0.13015921199366712,0,-2.234299828331556e-05
2024-03-25,XRP,,-0.14926034616875777,0,-4.542760625899923e-06
2024-03-25,ZEC,,0.18582136769675014,0,0.00031623811752758135
2024-04-01,AAVE,,0.051160491906478464,0,0.00023640572393684322
2024-04-01,ADA,,-0.42462644954990675,-1,-0.03361182284498937
2024-04-01,ALGO,,-0.049881209055634805,0,1.0173136894723574e-13
2024-04-01,APT,,-0.16460453406251657,-1,0.0646678646680218
2024-04-01,ARB,,0.12292241552056238,1,1.3757656048428669e-11
2024-04-01,ATOM,,-0.0982986650360154,0,-1.4680712687174082e-05
2024-04-01,AVAX,,-0.3998219069308773,-1,-0.009867426264130333
2024-04-01,BCH,,0.08728088838144077,0,0.0
2024-04-01,BNB,,-0.06934311627768282,0,-0.005969983500091753
2024-04-01,BONK,,0.2686146906298277,1,0.06996511397268378
2024-04-01,BTC,,-0.16447430494082044,-1,-0.01174672649552027
2024-04-01,CAKE,,0.13580595239032203,1,0.014206578096524435
2024-04-01,CHZ,,0.41039266328846497,1,0.11495664319230145
2024-04-01,DASH,,0.19935552700042958,1,0.035427439087782606
2024-04-01,DEXE,,0.3193230925582432,1,0.03343727328870304
2024-04-01,DOGE,,-0.020850875092543818,0,0.009405419939433153
2024-04-01,DOT,,-0.14922450106960797,-1,-0.0020212114485424135
2024-04-01,ETC,,0.35425968745877234,1,0.050550940742349774
2024-04-01,ETH,,-0.23544973929419044,-1,-0.01706704512489815
2024-04-01,FET,,-0.008191553665362348,0,-0.002513322447750309
2024-04-01,FIL,,0.04913013383396658,0,0.0
2024-04-01,HBAR,,-0.05134025428631283,0,-2.319172460402066e-05
2024-04-01,ICP,,-0.0022048222497496276,0,0.00621373838221477
2024-04-01,JST,,0.11641387275437845,0,0.01873876237124487
2024-04-01,JUP,,-0.8016655030316033,-1,-0.009967475964795514
2024-04-01,LINK,,0.030270957890114455,0,-1.9548200345401676e-05
2024-04-01,LTC,,0.11433556954108971,0,-2.881729909995788e-06
2024-04-01,LUNC,,0.1969173646968783,1,0.03379180111565252
2024-04-01,NEAR,,-0.2212456667295467,-1,-0.0032708323715190937
2024-04-01,NEXO,,0.6614111854673074,1,0.12193835761196503
2024-04-01,PEPE,,0.47905506088440436,1,0.08531021613313197
2024-04-01,QNT,,-0.0794190627903672,0,0.0014300331501173667
2024-04-01,SHIB,,0.26975379739967503,1,0.020362573420085104
2024-04-01,SOL,,-0.4837066179249408,-1,-0.011709889231217279
2024-04-01,STX,,-0.29562024207232934,-1,-0.004847176241144911
2024-04-01,SUI,,0.011993974823897625,0,0.07653770869557286
2024-04-01,TRX,,0.11149383874667923,0,-0.0004573749779078338
2024-04-01,UNI,,-0.033796852633715735,0,-1.403531589383792e-11
2024-04-01,VET,,0.13292158616510713,1,0.00015673658098899545
2024-04-01,WLD,,-0.12164254176293472,-1,7.642570327636599e-07
2024-04-01,XLM,,-0.13275070274479436,-1,-0.0006986806448711595
2024-04-01,XRP,,-0.2750706926395676,-1,-0.015116742976868245
2024-04-01,ZEC,,0.16041706250298077,1,0.0021700892566364075
2024-04-08,AAVE,,0.006561566776340247,0,6.50835303410937e-05
2024-04-08,ADA,,-0.08804015576327172,-1,-0.00959190353914878
2024-04-08,ALGO,,-0.074687870476415,0,2.800709106048233e-14
2024-04-08,APT,,-0.2639827282579643,-1,0.006099197556279537
2024-04-08,ARB,,0.022383319535154697,0,3.787542915371404e-12
2024-04-08,ATOM,,-0.07684701946897936,0,-4.041664447430352e-06
2024-04-08,AVAX,,-0.005981549712334009,0,-0.0027165456316176157
2024-04-08,BCH,,-0.5925677576146833,-1,-0.029137378012922283
2024-04-08,BNB,,0.5332448477139476,1,0.06397596576071639
2024-04-08,BONK,,-0.17843968494616144,-1,0.013112059287734422
2024-04-08,BTC,,0.31781746500489666,1,0.01812049443156572
2024-04-08,CAKE,,-0.06236572639133346,0,0.003911133119751702
2024-04-08,CHZ,,0.016248639679639014,0,0.03164806693561796
2024-04-08,DASH,,0.06899147576785344,1,0.009753329017581868
2024-04-08,DEXE,,-0.10947526345819568,-1,0.007819872956075075
2024-04-08,DOGE,,-0.22498403594578237,-1,-0.006895671698109894
2024-04-08,DOT,,-0.05668070985932426,0,-0.0005564483568600885
2024-04-08,ENA,,0.061691284645793286,0,0.0
2024-04-08,ETC,,0.09957553232537789,1,0.014119480650703856
2024-04-08,ETH,,0.17406782860595665,1,-0.0010232271010970802
2024-04-08,FET,,-0.09560565144522083,-1,-0.0014165733317764641
2024-04-08,FIL,,-0.16045362200802363,-1,-0.005519620755385643
2024-04-08,HBAR,,-0.018426032268312246,0,-6.384783273400396e-06
2024-04-08,ICP,,-0.31913722589145177,-1,-0.01260844786225086
2024-04-08,JST,,0.07114326980994434,1,0.005161631008309625
2024-04-08,JUP,,-0.515364121725244,-1,-0.02772791624729801
2024-04-08,LINK,,0.005595347974828478,0,-5.381705100480645e-06
2024-04-08,LTC,,-0.08479199754502187,-1,-8.193149177791502e-07
2024-04-08,LUNC,,0.012483554803681685,0,0.009303030724325118
2024-04-08,NEAR,,0.1389321978460882,1,0.0002013890809175107
2024-04-08,NEXO,,0.5782544933935745,1,0.11108229607104061
2024-04-08,PEPE,,-0.007386477406057521,0,0.02348627582972261
2024-04-08,QNT,,0.10995975548185238,1,0.0009048319792462037
2024-04-08,SHIB,,0.07634332279301864,1,0.0056217161099308514
2024-04-08,SOL,,0.0303185395945033,0,-0.0032237837493071016
2024-04-08,STX,,-0.3770957120847263,-1,-0.021189559687840635
2024-04-08,SUI,,-0.16231963875565747,-1,0.01562437888363858
2024-04-08,TRX,,0.2830623705801232,1,0.016162529555757383
2024-04-08,UNI,,-0.10657776426224032,-1,-0.0013964496930280027
2024-04-08,VET,,0.8256719295254594,1,0.11975809866690568
2024-04-08,WLD,,-0.08002081423612127,0,2.1040330560505507e-07
2024-04-08,XLM,,0.08267251890302806,1,-0.00012767362533183896
2024-04-08,XRP,,0.06600132647894064,0,-0.004161705494306726
2024-04-08,ZEC,,0.08021097228251989,1,0.0006341341022307774
2024-04-15,AAVE,,0.0012500161753765116,0,0.0
2024-04-15,ADA,,0.1952888042894968,1,0.004736833693737419
2024-04-15,ALGO,,0.10263996165925743,0,0.0
2024-04-15,APT,,0.019394622859387315,0,0.0
2024-04-15,ARB,,0.10350908146476523,0,0.0
2024-04-15,ATOM,,0.05032061108498421,0,0.0
2024-04-15,AVAX,,0.05425744471380946,0,0.0
2024-04-15,BCH,,-1.0682538910994421,-1,-0.03579164214955739
2024-04-15,BNB,,0.544223147442299,1,0.2
2024-04-15,BONK,,-0.2413364850619694,-1,-0.005320870186807524
2024-04-15,BTC,,0.00025682897286204067,0,0.0
2024-04-15,CAKE,,-0.06021041984858039,-1,-0.000141514401405916
2024-04-15,CHZ,,0.050869927054067635,0,0.0
2024-04-15,DASH,,0.031467995625124714,0,0.0
2024-04-15,DEXE,,-0.0852440841319753,-1,-0.0011486785132862854
2024-04-15,DOGE,,-0.5351032538463474,-1,-0.02242323321369759
2024-04-15,DOT,,0.14920276605102428,1,1.919243897615152e-11
2024-04-15,ENA,,0.06406901747249531,0,0.0
2024-04-15,ETC,,-0.021684650718942867,0,0.0
2024-04-15,ETH,,0.07083325220162588,0,0.0
2024-04-15,FET,,-0.055655394511054654,-1,-1.4017364728728055e-08
2024-04-15,FIL,,-0.1579367910542247,-1,-0.004049221032309434
2024-04-15,HBAR,,0.17733046965048038,1,0.0018126141068466489
2024-04-15,ICP,,-0.22022901732603054,-1,-0.0056531525138760995
2024-04-15,JST,,-0.3888975167296001,-1,-0.03690955757335147
2024-04-15,JUP,,-0.7019295953347984,-1,-0.02206131876088335
2024-04-15,LINK,,0.16759244800601245,1,0.0008564869456441429
2024-04-15,LTC,,-0.16350871704873016,-1,-0.004989044696988369
2024-04-15,LUNC,,0.22883938391908465,1,0.011750055040860378
2024-04-15,NEAR,,0.3682822807082042,1,0.07334134665367449
2024-04-15,NEXO,,-0.2714118693810887,-1,-0.034658734101715875
2024-04-15,PEPE,,0.08545101222774065,0,0.0
2024-04-15,QNT,,0.24925977685682277,1,0.03535474868332898
2024-04-15,SHIB,,0.2827802863870867,1,0.023984877688942332
2024-04-15,SOL,,-0.12874614127882708,-1,-0.0045945648673948155
2024-04-15,STX,,0.178073390744257,1,0.002815608900274806
2024-04-15,SUI,,-0.028341432732989107,0,0.0
2024-04-15,TAO,,0.030838673853282463,0,0.0
2024-04-15,TRX,,0.042980112650866834,0,0.0
2024-04-15,UNI,,-0.11595245657344705,-1,-0.0022827871401964275
2024-04-15,VET,,0.17942508961543713,1,0.0038019554247805012
2024-04-15,WLD,,0.13781577800836753,0,0.0
2024-04-15,XLM,,0.2087587895395658,1,0.009908582230972072
2024-04-15,XRP,,0.2871867511144624,1,0.04900893367724652
2024-04-15,ZEC,,0.18224399632980134,1,0.0027393351995678014
2024-04-22,AAVE,,0.038834062711757655,0,0.0
2024-04-22,ADA,,-0.12737054022762148,-1,-0.0015019420735696279
2024-04-22,ALGO,,0.15548236787910508,1,0.0015367107892588995
2024-04-22,APT,,-0.09750376304235553,0,0.0
2024-04-22,ARB,,0.1003103755415662,1,6.079099283236521e-12
2024-04-22,ATOM,,-0.0477278339209403,0,0.0
2024-04-22,AVAX,,0.09387068216881894,0,0.0
2024-04-22,BCH,,0.035414278870406476,0,0.0
2024-04-22,BNB,,0.6568526028069507,1,0.2
2024-04-22,BONK,,-0.7064026466108391,-1,-0.03200079712325134
2024-04-22,BTC,,-0.17911145131455644,-1,-0.016707135364257143
2024-04-22,CAKE,,0.09352339977725084,0,0.0
2024-04-22,CHZ,,-0.11148930205520696,-1,-2.6772676718851782e-08
2024-04-22,DASH,,0.165647876506092,1,0.003084696971970706
2024-04-22,DEXE,,-0.15224285200964646,-1,-0.004347696273900512
2024-04-22,DOGE,,0.09914914196972374,0,0.0
2024-04-22,DOT,,0.02430803100486898,0,0.0
2024-04-22,ENA,,0.06283714429615163,0,0.0
2024-04-22,ETC,,0.2702470980994508,1,0.014599853958425392
2024-04-22,ETH,,0.4083332770290434,1,0.08347912448924331
2024-04-22,FET,,-0.24312594821431652,-1,-0.015187476771594679
2024-04-22,FIL,,-0.11588744732887328,-1,-0.0002822133781414203
2024-04-22,HBAR,,-0.07283455936130498,0,0.0
2024-04-22,ICP,,-0.5059885864153542,-1,-0.03331379645548738
2024-04-22,JST,,0.025900101584996768,0,0.0
2024-04-22,JUP,,-0.11059079731990165,0,0.0
2024-04-22,LINK,,-0.16599589472408358,-1,-0.005659675036912626
2024-04-22,LTC,,0.09940204641932499,0,0.0
2024-04-22,LUNC,,0.13555383743894558,1,0.0007175712451349963
2024-04-22,NEAR,,0.0979226878773522,0,0.0
2024-04-22,NEXO,,0.18429646250877815,1,0.008752370245792063
2024-04-22,PEPE,,-0.24282277392853874,-1,-0.0078073515236430245
2024-04-22,QNT,,0.16052791861637683,1,0.0038952573553836527
2024-04-22,SHIB,,-0.32217382903322833,-1,-0.019750382480714042
2024-04-22,SOL,,0.04366890338385573,0,0.0
2024-04-22,STX,,-0.13042030211843791,-1,-0.0026087594019086197
2024-04-22,SUI,,-0.4474530467813527,-1,-0.028115088384032486
2024-04-22,TAO,,0.032480057025071875,0,0.0
2024-04-22,TRX,,0.45328284317212025,1,0.08827526882671054
2024-04-22,UNI,,0.10548851777273391,1,1.7077359074560924e-05
2024-04-22,VET,,-0.06075000953691744,0,0.0
2024-04-22,WLD,,-0.25437058857761,-1,-0.01271750045284066
2024-04-22,XLM,,0.20869450913048188,1,0.009013207700297043
2024-04-22,XRP,,0.13948399463113825,1,0.0013677738709418092
2024-04-22,ZEC,,0.20274995429872394,1,0.005824285776379086
2024-04-29,AAVE,,0.009085037084875465,0,0.0
2024-04-29,ADA,,-0.10532754055499018,-1,-0.0026625116986012443
2024-04-29,ALGO,,0.12437352566430458,0,0.0
2024-04-29,APT,,0.009655367751089246,0,0.0
2024-04-29,ARB,,0.1144185240928661,0,0.0
2024-04-29,ATOM,,-0.1197828724454907,-1,-0.0024619625350642375
2024-04-29,AVAX,,0.05478482800684726,0,0.0
2024-04-29,BCH,,0.23159785242419945,1,0.010765043017216189
2024-04-29,BNB,,0.29411189413003247,1,0.054974457956543855
2024-04-29,BONK,,-0.7892173405365336,-1,-0.02216645987394935
2024-04-29,BTC,,0.3257473945279864,1,0.07679291052892526
2024-04-29,CAKE,,0.11215608644954163,0,0.0
2024-04-29,CHZ,,-0.04206903439735718,0,0.0
2024-04-29,DASH,,0.18410714636139794,1,0.003077946234162661
2024-04-29,DEXE,,0.057543421551724726,0,0.0
2024-04-29,DOGE,,0.14861346371612472,1,0.0001554203030283373
2024-04-29,DOT,,0.07872869718981569,0,0.0
2024-04-29,ENA,,-0.09114062553628881,-1,-0.002384542649147113
2024-04-29,ETC,,0.1811963579114068,1,0.0024699079815236635
2024-04-29,ETH,,0.043670890581794804,0,0.0
2024-04-29,FET,,-0.031491682492980844,0,0.0
2024-04-29,FIL,,-0.0355060056196074,0,0.0
2024-04-29,HBAR,,-0.12099847487647425,-1,-0.0026019583497234127
2024-04-29,ICP,,-0.5905770764690115,-1,-0.023659557452072242
2024-04-29,JST,,-0.19483868890492057,-1,-0.018932774864665422
2024-04-29,JUP,,0.09882414109780997,0,0.0
2024-04-29,LINK,,-0.050841784538711944,0,0.0
2024-04-29,LTC,,-0.05383139768249321,-1,-1.773461574819014e-08
2024-04-29,LUNC,,0.20566067474857141,1,0.004352769524688773
2024-04-29,NEAR,,0.03247576185493745,0,0.0
2024-04-29,NEXO,,0.6507049518413047,1,0.2
2024-04-29,PEPE,,-0.1501768868068126,-1,-0.0028072896644743585
2024-04-29,QNT,,0.2207539747936444,1,0.013702344880723914
2024-04-29,SHIB,,-0.3085138060396959,-1,-0.012191658261370582
2024-04-29,SOL,,0.2362921612837158,1,0.013146705993100402
2024-04-29,STX,,-0.19608990233841345,-1,-0.012036437298054798
2024-04-29,SUI,,-0.6041558975361659,-1,-0.024791977276686073
2024-04-29,TAO,,0.03039630879744155,0,0.0
2024-04-29,TRX,,0.2399635558443049,1,0.019602691173123524
2024-04-29,UNI,,0.0016905987477847315,0,0.0
2024-04-29,VET,,-0.32842666460469144,-1,-0.03941025524070477
2024-04-29,WLD,,-0.47438606447806814,-1,-0.01389256255932545
2024-04-29,XLM,,0.13907494932071138,1,1.650233818541648e-11
2024-04-29,XRP,,0.23527319872156055,1,0.012770436234748876
2024-04-29,ZEC,,0.22647098136291513,1,0.008452237317015289
2024-05-06,AAVE,,0.09693124603468188,0,0.0
2024-05-06,ADA,,0.05512959262960625,0,0.0
2024-05-06,ALGO,,0.008388724868932898,0,0.0
2024-05-06,APT,,0.09733121299447176,0,0.0
2024-05-06,ARB,,0.16777090666690567,1,1.2259045310598935e-11
2024-05-06,ATOM,,-0.27501593438063043,-1,-0.0069160717213576535
2024-05-06,AVAX,,-0.14187199003232884,-1,-1.2200463336155518e-05
2024-05-06,BCH,,0.13131227337313875,0,0.0
2024-05-06,BNB,,0.3730983926387029,1,0.04475743801738847
2024-05-06,BONK,,-0.9951291600940251,-1,-0.030490498949124725
2024-05-06,BTC,,0.030462968162999864,0,0.0
2024-05-06,CAKE,,0.3884201784517766,1,0.050947712610235875
2024-05-06,CHZ,,0.5640810555257574,1,0.12297291471979199
2024-05-06,DASH,,0.23686513686144064,1,0.006301779059341583
2024-05-06,DEXE,,-0.016060849445247227,0,0.0
2024-05-06,DOGE,,-0.24124903619178525,-1,-0.005657596165845964
2024-05-06,DOT,,-0.0993152697765594,0,0.0
2024-05-06,ENA,,0.2403357578203189,1,0.0036488973936091534
2024-05-06,ETC,,0.2588402143541425,1,0.010359407030061612
2024-05-06,ETH,,-0.14149151914351396,-1,-3.384045938252125e-08
2024-05-06,FET,,-0.22461258072518417,-1,-0.004072359228443686
2024-05-06,FIL,,0.07698529853792187,0,0.0
2024-05-06,HBAR,,-0.04005408981159483,0,0.0
2024-05-06,ICP,,-0.5582675916058644,-1,-0.019976990544145253
2024-05-06,JST,,-0.020869724410549288,0,0.0
2024-05-06,JUP,,0.2285107555427278,1,0.002760229477324341
2024-05-06,LINK,,0.005154205615489214,0,0.0
2024-05-06,LTC,,0.35193066364689707,1,0.03679691544302736
2024-05-06,LUNC,,0.16325849984048157,0,0.0
2024-05-06,NEAR,,-0.24604421897244616,-1,-0.0061614474537679325
2024-05-06,NEXO,,0.15989179552152194,0,0.0
2024-05-06,PEPE,,0.21236080074081487,1,0.0016860563181909669
2024-05-06,QNT,,0.08079330214438206,0,0.0
2024-05-06,SHIB,,-0.4270517136683554,-1,-0.014618055603747248
2024-05-06,SOL,,0.31372059501075383,1,0.022951362393760097
2024-05-06,STX,,-0.20448573314715138,-1,-0.004718896973772798
2024-05-06,SUI,,-0.4425630982820542,-1,-0.014788789091990053
2024-05-06,TAO,,-0.4594191526075446,-1,-0.014847329003053378
2024-05-06,TRX,,0.3817540388051026,1,0.04821070426228076
2024-05-06,UNI,,0.24166684408857106,1,0.007111877084668139
2024-05-06,VET,,-0.5367457037362657,-1,-0.048529026879231704
2024-05-06,WLD,,-0.38212061085974497,-1,-0.009210635228058936
2024-05-06,XLM,,0.05171370597899228,0,0.0
2024-05-06,XRP,,0.12210655172066066,0,0.0
2024-05-06,ZEC,,0.41355325931365966,1,0.061865864412562276
2024-05-13,AAVE,,0.29816358075392785,1,0.012463833813241489
2024-05-13,ADA,,0.26732274344280477,1,0.006583440839593853
2024-05-13,ALGO,,0.0021103071155092606,0,0.0
2024-05-13,APT,,0.03241456028911052,0,0.0
2024-05-13,ARB,,0.053953836370612386,0,0.0
2024-05-13,ATOM,,-0.5105089359133039,-1,-0.024504330436802873
2024-05-13,AVAX,,-0.15030840579243446,-1,-0.0009163647110828558
2024-05-13,BCH,,0.08212411993487823,0,0.0
2024-05-13,BNB,,-0.11516257008239703,0,0.0
2024-05-13,BONK,,-0.4892353438747275,-1,-0.01644251142068979
2024-05-13,BTC,,0.14824365501114012,1,5.659342552315022e-12
2024-05-13,CAKE,,0.4412915125108471,1,0.041647760067748174
2024-05-13,CHZ,,-0.26959571563454227,-1,-0.010234216738879209
2024-05-13,DASH,,0.43637761027728567,1,0.04039915644627853
2024-05-13,DEXE,,-0.05733483250991729,0,0.0
2024-05-13,DOGE,,-0.2553786297336177,-1,-0.007170148342766593
2024-05-13,DOT,,-0.08207239789993295,0,0.0
2024-05-13,ENA,,-0.30872926845411464,-1,-0.011493772436290883
2024-05-13,ETC,,0.5273037972076512,1,0.06618754468172532
2024-05-13,ETH,,0.07813845943309287,0,0.0
2024-05-13,FET,,-0.249354596088379,-1,-0.00767007988693538
2024-05-13,FIL,,0.04443754139063106,0,0.0
2024-05-13,HBAR,,-0.20148464263019475,-1,-0.005169977496079866
2024-05-13,ICP,,0.1030876652365565,0,0.0
2024-05-13,JST,,-0.2364923316629398,-1,-0.012465266375623915
2024-05-13,JUP,,0.09955222056544422,0,0.0
2024-05-13,LINK,,-0.44141229680721883,-1,-0.014664284338690093
2024-05-13,LTC,,0.6746186109758423,1,0.11951776630219298
2024-05-13,LUNC,,0.0527516493886094,0,0.0
2024-05-13,NEAR,,-0.014090548456460818,0,0.0
2024-05-13,NEXO,,0.2873351822425723,1,0.010890465078744844
2024-05-13,PEPE,,-0.0852361052701819,0,0.0
2024-05-13,QNT,,0.16984224534447148,1,0.00038115490748527885
2024-05-13,SHIB,,0.11875082906232652,0,0.0
2024-05-13,SOL,,-0.13022811730434583,-1,-1.6599509633297523e-08
2024-05-13,STX,,-0.0501077751802158,0,0.0
2024-05-13,SUI,,0.23191745364731867,1,0.003523633054275436
2024-05-13,TAO,,-0.46011059985091474,-1,-0.01755171010894877
2024-05-13,TRX,,-0.21927563899486596,-1,-0.008488678473379453
2024-05-13,UNI,,0.42202163255303643,1,0.0285282998522009
2024-05-13,VET,,0.037012378506150606,0,0.0
2024-05-13,WLD,,-1.2636837029291523,-1,-0.04322545550610078
2024-05-13,XLM,,0.20504524278371988,1,0.00217251212425757
2024-05-13,XRP,,0.17952890548508046,1,0.0007425674741937729
2024-05-13,ZEC,,0.5964567155412417,1,0.08948978146405191
2024-05-20,AAVE,,-0.12848522026208803,-1,-0.000707267248183269
2024-05-20,ADA,,0.09130455993948133,0,0.0
2024-05-20,ALGO,,0.209200243214748,1,9.492459770094973e-05
2024-05-20,APT,,0.24676753911499116,1,0.0025958169890839193
2024-05-20,ARB,,-0.038879524182894185,0,0.0
2024-05-20,ATOM,,-0.16766283290129075,-1,-0.003113081086164014
2024-05-20,AVAX,,0.09177708154304237,0,0.0
2024-05-20,BCH,,0.07062580149016505,0,0.0
2024-05-20,BNB,,0.13389379216674402,0,0.0
2024-05-20,BONK,,-0.1835771653955287,-1,-0.0019428644473002696
2024-05-20,BTC,,0.10303051860144306,0,0.0
2024-05-20,CAKE,,0.42922604063702124,1,0.05465645035928528
2024-05-20,CHZ,,0.01771540276332695,0,0.0
2024-05-20,DASH,,0.4495787690593291,1,0.10256331430326356
2024-05-20,DEXE,,-0.10240634030976466,-1,-2.6263582717120657e-08
2024-05-20,DOGE,,0.07218995040788534,0,0.0
2024-05-20,DOT,,0.19302522329349958,0,0.0
2024-05-20,ENA,,-0.4035775280580413,-1,-0.008852337800972023
2024-05-20,ETC,,0.29501840113332595,1,0.010608923465298533
2024-05-20,ETH,,-0.24822719438912566,-1,-0.0052391410347481454
2024-05-20,FET,,-0.0061617071229525715,0,0.0
2024-05-20,FIL,,0.29842758453145013,1,0.014225399432143179
2024-05-20,HBAR,,-0.0790274372943402,0,0.0
2024-05-20,ICP,,-0.014539737898832353,0,0.0
2024-05-20,JST,,-0.7088433353411216,-1,-0.065
2024-05-20,JUP,,0.055173494862380865,0,0.0
2024-05-20,LINK,,-0.15591440629953757,-1,-0.002101203379522879
2024-05-20,LTC,,0.44913634444783845,1,0.10223261900558515
2024-05-20,LUNC,,0.3225979266098023,1,0.01960125752830986
2024-05-20,NEAR,,-0.0310736231974508,0,0.0
2024-05-20,NEXO,,0.32275303074508194,1,0.021682485822308417
2024-05-20,PEPE,,-1.134294745325869,-1,-0.01872216869170977
2024-05-20,QNT,,-0.028820416701545407,0,0.0
2024-05-20,SHIB,,0.20276891160793636,1,1.426060750394814e-11
2024-05-20,SOL,,-0.22982576404669938,-1,-0.006342824778326226
2024-05-20,STX,,0.052808316316105344,0,0.0
2024-05-20,SUI,,0.23558944606325288,1,0.0021047478090651145
2024-05-20,TAO,,-0.22588308589877046,-1,-0.0037022382778107757
2024-05-20,TRX,,-0.4696825642164035,-1,-0.03841606460009472
2024-05-20,UNI,,-0.4804519137611206,-1,-0.008705941824384344
2024-05-20,VET,,0.1344108797551684,0,0.0
2024-05-20,WLD,,-0.632851455653494,-1,-0.01715425064798837
2024-05-20,XLM,,0.2776082904838851,1,0.011972397743003453
2024-05-20,XRP,,0.27287582186412007,1,0.01064429780580897
2024-05-20,ZEC,,0.4426826276048471,1,0.06810415871844241
2024-05-27,AAVE,,-0.16514153426260766,-1,-0.002043830248869306
2024-05-27,ADA,,0.01019294505308777,0,0.0
2024-05-27,ALGO,,0.13356166707264927,0,1.3213314441477017e-05
2024-05-27,APT,,0.1877536495950818,1,0.0012227414364519144
2024-05-27,ARB,,-0.10962921707351152,-1,-0.0004051801243653438
2024-05-27,ATOM,,0.18946735036622658,1,0.001328250164164851
2024-05-27,AVAX,,0.07731244570010005,0,0.0
2024-05-27,BCH,,0.034778330019043506,0,0.0
2024-05-27,BNB,,-0.07970204939094852,0,0.0
2024-05-27,BONK,,-0.06419298699112123,0,-0.000270442851285195
2024-05-27,BTC,,-0.36595122370282246,-1,-0.027895625173955513
2024-05-27,CAKE,,0.16898334567342094,1,0.0076080712801164865
2024-05-27,CHZ,,0.14485471870450944,0,0.0
2024-05-27,DASH,,0.28972377279992656,1,0.057143972921903916
2024-05-27,DEXE,,0.45142591982919067,1,0.17216039573167516
2024-05-27,DOGE,,-0.0057987796376943075,0,0.0
2024-05-27,DOT,,-0.011019221915979795,0,0.0
2024-05-27,ENA,,-0.10608538615761483,-1,-0.0014676925474466796
2024-05-27,ETC,,-0.09805913816796558,-1,0.0013765974192033945
2024-05-27,ETH,,-0.5405854145162073,-1,-0.018950947338974424
2024-05-27,FET,,0.06935364043678031,0,0.0
2024-05-27,FIL,,0.2871195971148405,1,0.0370037115179945
2024-05-27,HBAR,,-0.05368459095901427,0,0.0
2024-05-27,ICP,,0.1414715155392463,0,0.0
2024-05-27,JST,,-1.242424671695558,-1,-0.065
2024-05-27,JUP,,0.16896651010591318,1,2.0978160043366213e-11
2024-05-27,LINK,,-0.17080450181348003,-1,-0.0033351698465637026
2024-05-27,LTC,,0.18459827931498346,1,0.015311863684540697
2024-05-27,LUNC,,0.5533550115009952,1,0.17488885529296663
2024-05-27,NEAR,,-0.09673694438234759,-1,-5.539432494546252e-05
2024-05-27,NEXO,,0.11593289118489329,0,0.003018158727894845
2024-05-27,PEPE,,-0.6085228553778231,-1,-0.01019825057358754
2024-05-27,QNT,,0.21563682110779775,1,0.0077440195718643905
2024-05-27,SHIB,,0.3416718101320554,1,0.05813364553509023
2024-05-27,SOL,,-0.23351329854501632,-1,-0.0075578266034725195
2024-05-27,STX,,0.07513297506425806,0,0.0
2024-05-27,SUI,,0.2945450251403449,1,0.04629005895789615
2024-05-27,TAO,,-0.12174443777306837,-1,-0.0011631437176596012
2024-05-27,TRX,,-0.09502175792871974,-1,-0.005347466943373458
2024-05-27,UNI,,-0.5799655101543211,-1,-0.011192207507206252
2024-05-27,VET,,0.008563494382592561,0,0.0
2024-05-27,WLD,,0.34520530743001243,1,0.034392940575136116
2024-05-27,XLM,,0.0213202843949367,0,0.0016665338576952599
2024-05-27,XRP,,0.024515315226530957,0,0.0014816649985704457
2024-05-27,ZEC,,0.2131408975564037,1,0.014118881838407378
2024-06-03,AAVE,,-0.3960374997204826,-1,-0.013383390740688582
2024-06-03,ADA,,0.15841652384959806,1,0.0009380797328844254
2024-06-03,ALGO,,0.06161361907068483,0,0.0
2024-06-03,APT,,0.1333528829203789,1,8.052871634570762e-12
2024-06-03,ARB,,-0.2327861797566239,-1,-0.00754385821105438
2024-06-03,ATOM,,0.08933953950453241,0,0.0
2024-06-03,AVAX,,0.1118336717664432,0,0.0
2024-06-03,BCH,,0.17469732408959937,1,0.0015845567601848031
2024-06-03,BNB,,0.20250803127287695,1,0.004535372062501276
2024-06-03,BONK,,-0.28780493554980247,-1,-0.007520971927993895
2024-06-03,BTC,,0.023288777218137494,0,0.0
2024-06-03,CAKE,,0.2195078515633805,1,0.004090667033717752
2024-06-03,CHZ,,-0.11187306696638688,-1,-0.003134027493322994
2024-06-03,DASH,,0.11743592242779428,0,0.0
2024-06-03,DEXE,,0.47723033167472106,1,0.10458225504032036
2024-06-03,DOGE,,0.04436215359933905,0,0.0
2024-06-03,DOT,,-0.021500277314908497,0,0.0
2024-06-03,ENA,,-0.16425819266172134,-1,-0.003704079756247341
2024-06-03,ETC,,-0.1349474241663486,-1,-0.004930081701873921
2024-06-03,ETH,,-0.3929514505301692,-1,-0.018266555667732425
2024-06-03,FET,,0.0628869253221328,0,0.0
2024-06-03,FIL,,0.5111899760181208,1,0.1239023116863012
2024-06-03,HBAR,,-0.03932601510176725,-1,-3.5690873032746546e-08
2024-06-03,ICP,,0.1019528664412728,0,0.0
2024-06-03,JST,,-1.1657672781483135,-1,-0.065
2024-06-03,JUP,,0.24369001060356513,1,0.00872694959674772
2024-06-03,LINK,,-0.28027907980506767,-1,-0.011308308811891614
2024-06-03,LTC,,0.025830850621246883,0,0.0
2024-06-03,LUNC,,0.26025776812799367,1,0.013850008751648987
2024-06-03,NEAR,,-0.09742497140203937,-1,-0.0031109710938810996
2024-06-03,NEXO,,0.2724219237242507,1,0.01884713114635905
2024-06-03,PEPE,,-1.1412549783713053,-1,-0.019280183560275686
2024-06-03,QNT,,0.09425816160934178,0,0.0
2024-06-03,SHIB,,0.28523607802205025,1,0.024024354472158272
2024-06-03,SOL,,-0.10535515467502493,-1,-0.0035248063727494664
2024-06-03,STX,,0.09971328741277284,0,0.0
2024-06-03,SUI,,0.5719233237938426,1,0.16203233914680176
2024-06-03,TAO,,0.061610493646225374,0,0.0
2024-06-03,TRX,,0.28581804360103635,1,0.02419030318633493
2024-06-03,UNI,,-0.6177924939500865,-1,-0.015083973993856145
2024-06-03,VET,,0.10917615399702556,0,0.0
2024-06-03,WLD,,0.3630700187632334,1,0.024651415160382138
2024-06-03,XLM,,-0.014071932630488612,0,0.0
2024-06-03,XRP,,0.05963074366846548,0,0.0
2024-06-03,ZEC,,-0.01882232357951957,0,0.0
2024-06-10,AAVE,,-0.3839987404195245,-1,-0.010370070456574116
2024-06-10,ADA,,0.02862738506566956,0,0.0
2024-06-10,ALGO,,0.06322949274143101,0,0.0
2024-06-10,APT,,0.11242514562989576,0,0.0
2024-06-10,ARB,,-0.12349198743096544,-1,-0.0029928619540394575
2024-06-10,ATOM,,0.04287234548198435,0,0.0
2024-06-10,AVAX,,0.12975167565473741,0,0.0
2024-06-10,BCH,,0.17797346017727284,1,0.0032604455647120166
2024-06-10,BNB,,0.0926591098182931,0,0.0
2024-06-10,BONK,,-0.36097427425696704,-1,-0.007922378500490407
2024-06-10,BTC,,0.09280582568654323,0,0.0
2024-06-10,CAKE,,0.20278823130180862,1,0.005092121592145464
2024-06-10,CHZ,,-0.12304608249990218,-1,-0.002741359051633391
2024-06-10,DASH,,0.20514530178159546,1,0.01243059399319392
2024-06-10,DEXE,,0.33563529456481234,1,0.10026767302197113
2024-06-10,DOGE,,0.11915270744967545,0,0.0
2024-06-10,DOT,,0.1848966789749896,1,0.003665718420329225
2024-06-10,ENA,,-0.09543553820440302,-1,-0.0018443332076320518
2024-06-10,ETC,,-0.016639762248128964,0,0.0
2024-06-10,ETH,,-0.20262906718304663,-1,-0.006678278756240089
2024-06-10,FET,,0.04237892765039881,0,0.0
2024-06-10,FIL,,0.13460006551184214,0,0.0
2024-06-10,HBAR,,-0.32201438270289673,-1,-0.030700626795338033
2024-06-10,ICP,,0.006873758574673026,0,0.0
2024-06-10,JST,,-0.6119317615712142,-1,-0.06442747629366175
2024-06-10,JUP,,-0.22514940350651344,-1,-0.0200426272100481
2024-06-10,LINK,,0.027269894243441263,0,0.0
2024-06-10,LTC,,0.14886213069574833,1,3.497813001686253e-11
2024-06-10,LUNC,,0.2617248335401957,1,0.0324054883687385
2024-06-10,NEAR,,0.015080067705493609,0,0.0
2024-06-10,NEXO,,0.16401193794118119,1,0.0007968846138274882
2024-06-10,PEPE,,-1.2732437233291418,-1,-0.017578525311248233
2024-06-10,QNT,,-0.07777586921198264,-1,-0.004932745928919174
2024-06-10,SHIB,,0.15284297766087432,1,8.895634322155836e-05
2024-06-10,SOL,,0.0857005325176279,0,0.0
2024-06-10,STX,,-0.13243006683560643,-1,-0.0029634739798075345
2024-06-10,SUI,,0.1735744725784323,1,0.001776207907800767
2024-06-10,TAO,,-0.020588027029184698,-1,-9.136924313607214e-09
2024-06-10,TRX,,0.47729434252378095,1,0.2
2024-06-10,UNI,,-0.36311152393009455,-1,-0.006728145048846383
2024-06-10,VET,,0.10779748692652656,0,0.0
2024-06-10,WLD,,0.16556238145878382,1,0.0007595509198846014
2024-06-10,XLM,,0.2622166243047722,1,0.04383219485646568
2024-06-10,XRP,,0.23743935414184794,1,0.028118045279873292
2024-06-10,ZEC,,0.08126776805524741,0,0.0
2024-06-17,AAVE,,-0.1177333375087585,-1,-0.0028367646802384136
2024-06-17,ADA,,0.039543565529053366,0,0.0
2024-06-17,ALGO,,0.04049733517914002,0,0.0
2024-06-17,APT,,0.09430446183658028,1,1.5180097521393418e-05
2024-06-17,ARB,,0.14230021818429378,1,0.004764309786913833
2024-06-17,ATOM,,0.042268939726482005,0,0.0
2024-06-17,AVAX,,0.1184955952043328,1,0.0014050939213906247
2024-06-17,BCH,,-0.012312932350243356,0,0.0
2024-06-17,BNB,,-0.22245955339741041,-1,-0.010910187788212972
2024-06-17,BONK,,0.18286300793903607,1,0.01123565219162047
2024-06-17,BTC,,-0.014215323580872468,0,0.0
2024-06-17,CAKE,,0.049527399139979764,0,0.0
2024-06-17,CHZ,,-0.3241572686731666,-1,-0.013333028089930905
2024-06-17,DASH,,0.14189968464125569,1,0.004696151692356979
2024-06-17,DEXE,,-0.05595128896728757,0,0.0
2024-06-17,DOGE,,-0.10968517259170027,-1,-0.0016940103079394254
2024-06-17,DOT,,0.08596893260327275,0,0.0
2024-06-17,ENA,,0.03351510150149799,0,0.0
2024-06-17,ETC,,-0.1367908354027188,-1,-0.005700706175154897
2024-06-17,ETH,,0.02232991555943152,0,0.0
2024-06-17,FET,,0.36725785670472205,1,0.08571135366673555
2024-06-17,FIL,,-0.20445972551207423,-1,-0.007498077501847542
2024-06-17,HBAR,,-0.10704749640513292,-1,-0.0013326727917180327
2024-06-17,ICP,,0.03197876343491465,0,0.0
2024-06-17,JST,,-0.38546592843161714,-1,-0.049469147431530185
2024-06-17,JUP,,0.22186564308288256,1,0.017347214860963384
2024-06-17,LINK,,-0.16769743706910056,-1,-0.006221402033598792
2024-06-17,LTC,,0.0920662758807474,1,1.645088849009779e-11
2024-06-17,LUNC,,-0.11223924021306726,-1,-0.0007347680023474732
2024-06-17,NEAR,,0.15554901762845413,1,0.0072607567598223875
2024-06-17,NEXO,,0.04696989606952585,0,0.0
2024-06-17,PEPE,,0.3157047867163681,1,0.0700449321859987
2024-06-17,QNT,,0.07737431002995719,0,0.0
2024-06-17,SHIB,,0.04481720793871704,0,0.0
2024-06-17,SOL,,0.04104639636346999,0,0.0
2024-06-17,STX,,-0.9867756367886275,-1,-0.044267072482754716
2024-06-17,SUI,,-0.09622565563628978,-1,-2.8513034362878797e-08
2024-06-17,TAO,,0.21896418764649606,1,0.025258850041730438
2024-06-17,TRX,,1.0889433407965323,1,0.2
2024-06-17,UNI,,-0.7636397604838159,-1,-0.032831386769236665
2024-06-17,VET,,0.07382429225173186,0,0.0
2024-06-17,WLD,,-0.04127369740229272,0,0.0
2024-06-17,XLM,,0.10198293908169584,1,0.0002568775787014037
2024-06-17,XRP,,-0.11978598440424347,-1,-0.003135941067459031
2024-06-17,ZEC,,0.10605720414784635,1,0.00038185792122480324
2024-06-24,AAVE,,-0.439613788767696,-1,-0.01678158899238577
2024-06-24,ADA,,0.18124697961709407,1,0.008191759302537892
2024-06-24,ALGO,,-0.05412574609426118,-1,-1.6810791435695517e-08
2024-06-24,APT,,0.10990874275668683,0,0.0
2024-06-24,ARB,,0.11180882931088337,0,0.0
2024-06-24,ATOM,,0.20737131282825166,1,0.024670895948257304
2024-06-24,AVAX,,-0.331819586700414,-1,-0.011602015810004482
2024-06-24,BCH,,0.07869357247522493,0,0.0
2024-06-24,BNB,,-0.2634520635884251,-1,-0.013444461641374186
2024-06-24,BONK,,-0.23262873228233938,-1,-0.007030504870544253
2024-06-24,BTC,,-0.03175127946672371,0,0.0
2024-06-24,CAKE,,0.0038127118786721818,0,0.0
2024-06-24,CHZ,,-0.08782101090437758,-1,-0.0013469294573706398
2024-06-24,DASH,,0.18058605433505365,1,0.006280710546699293
2024-06-24,DEXE,,0.14775529222706577,1,1.004338402405664e-05
2024-06-24,DOGE,,0.2019586066717242,1,0.01956461753601599
2024-06-24,DOT,,-0.005469282409537321,0,0.0
2024-06-24,ENA,,0.09583189398662634,0,0.0
2024-06-24,ETC,,0.14674482502250455,1,4.6080607394575665e-11
2024-06-24,ETH,,0.19313050270261972,1,0.015236582711427816
2024-06-24,FET,,0.16183838617459637,1,0.0011333643920096237
2024-06-24,FIL,,-0.1743565369649604,-1,-0.005374620693266187
2024-06-24,HBAR,,0.12603785290738126,0,0.0
2024-06-24,ICP,,0.0346278843965429,0,0.0
2024-06-24,JST,,0.11271259718533386,0,0.0
2024-06-24,JUP,,-0.11090688818484515,-1,-0.002196994776346269
2024-06-24,LINK,,-0.04811488952589025,0,0.0
2024-06-24,LTC,,0.24586099320503987,1,0.05976510465822399
2024-06-24,LUNC,,-0.2359923439233183,-1,-0.006645306086246601
2024-06-24,NEAR,,0.20336422210190666,1,0.01596325714800445
2024-06-24,NEXO,,0.07593417450199082,0,0.0
2024-06-24,PEPE,,0.10995744154654093,0,0.0
2024-06-24,QNT,,0.1851254351943392,1,0.008596670523172152
2024-06-24,SHIB,,0.13456316911047006,0,0.0
2024-06-24,SOL,,-0.20049039874814012,-1,-0.006795897203158075
2024-06-24,STX,,-1.0265348041559847,-1,-0.03350567580094748
2024-06-24,SUI,,-0.3210045501805398,-1,-0.018674106983983505
2024-06-24,TAO,,0.2630248407023719,1,0.0595423477638514
2024-06-24,TRX,,1.1227610534039778,1,0.2
2024-06-24,UNI,,-0.9291549181986635,-1,-0.03485078972316501
2024-06-24,VET,,0.027998756152259677,0,0.0
2024-06-24,WLD,,-0.24175998095626355,-1,-0.021751079592523054
2024-06-24,XLM,,0.15811891023963573,1,0.0011966963611688038
2024-06-24,XRP,,0.08180094438043727,0,0.0
2024-06-24,ZEC,,0.03242081603714993,0,0.0
2024-07-01,AAVE,,-0.7043840779477116,-1,-0.04146873546053479
2024-07-01,ADA,,0.11833046228356209,1,0.002139658010379311
2024-07-01,ALGO,,-0.04915951234854793,-1,-2.6022459096946624e-08
2024-07-01,APT,,-0.050255979861980986,-1,-5.626892716106679e-05
2024-07-01,ARB,,0.04574594470470163,0,0.0
2024-07-01,ATOM,,0.08747575741444094,1,1.9273443856113693e-11
2024-07-01,AVAX,,-0.3462676868322566,-1,-0.019608838981438653
2024-07-01,BCH,,-0.020364555019492588,0,0.0
2024-07-01,BNB,,0.050802756875975214,0,0.0
2024-07-01,BONK,,-0.038415837708146314,0,0.0
2024-07-01,BTC,,-0.0034627637477742676,0,0.0
2024-07-01,CAKE,,0.13819069093337233,1,0.004183748256621812
2024-07-01,CHZ,,0.12072342817662583,1,0.0013583701964904943
2024-07-01,DASH,,0.11247350706451607,1,0.0012162643992919015
2024-07-01,DEXE,,-0.10852158928780214,-1,-0.004010021396986674
2024-07-01,DOGE,,0.07446283362526239,0,0.0
2024-07-01,DOT,,0.1677832600980102,1,0.008597054687054788
2024-07-01,ENA,,0.09973715669947796,1,0.0002188752959298883
2024-07-01,ETC,,-0.001948987559305931,0,0.0
2024-07-01,ETH,,0.04112291614131966,0,0.0
2024-07-01,FET,,-0.03866702250672064,0,0.0
2024-07-01,FIL,,-0.060952450359301,-1,-0.0007771813249179402
2024-07-01,HBAR,,0.07494611675584748,0,0.0
2024-07-01,ICP,,0.08389452166099486,0,0.0
2024-07-01,JST,,0.0496196649216309,0,0.0
2024-07-01,JUP,,-0.11711056666277397,-1,-0.004123279238860077
2024-07-01,LINK,,-0.09218156647045958,-1,-0.0034948872060876226
2024-07-01,LTC,,-0.01192156868866091,0,0.0
2024-07-01,LUNC,,-0.16471456488192104,-1,-0.006321688425496686
2024-07-01,NEAR,,0.04600764277233344,0,0.0
2024-07-01,NEXO,,0.12152161256934776,1,0.002426559975127134
2024-07-01,PEPE,,-0.24679140318679058,-1,-0.011659940220604624
2024-07-01,QNT,,0.16165190342746835,1,0.009423296904225326
2024-07-01,SHIB,,0.38699556661487083,1,0.13571879787592275
2024-07-01,SOL,,-0.176615265526346,-1,-0.00918837728166768
2024-07-01,STX,,-0.2533825003189884,-1,-0.014317164025798187
2024-07-01,SUI,,0.06369312680632779,0,0.0
2024-07-01,TAO,,0.07301965737723363,0,0.0
2024-07-01,TRX,,0.9212711372750467,1,0.2
2024-07-01,UNI,,-0.8398243493204396,-1,-0.046059216206526574
2024-07-01,VET,,-0.04800719578896902,0,0.0
2024-07-01,WLD,,-0.15424769137557298,-1,-0.01891434288425058
2024-07-01,XLM,,0.251320770469361,1,0.04982883133901794
2024-07-01,XRP,,0.12846189672381084,1,0.0044355199818725205
2024-07-01,ZEC,,0.10794480400842804,1,0.0007076029370903185
2024-07-08,AAVE,,-0.4863992271323142,-1,-0.025190305522343373
2024-07-08,ADA,,-0.0014803851769696515,0,0.0
2024-07-08,ALGO,,-0.024663910559661217,0,0.0
2024-07-08,APT,,-0.0927855112802219,-1,-0.0025506489928062304
2024-07-08,ARB,,0.04604471678193885,0,0.0
2024-07-08,ATOM,,0.19033210578318388,1,0.0179832310216938
2024-07-08,AVAX,,-0.307937588711437,-1,-0.022449254780705044
2024-07-08,BCH,,-0.08313723450751276,-1,-0.0019538832380880757
2024-07-08,BNB,,0.15067443543440961,1,0.004310496812167679
2024-07-08,BONK,,0.16261863621360234,1,0.004572483995423416
2024-07-08,BTC,,0.20987548655340768,1,0.02973414205418307
2024-07-08,CAKE,,0.11403537987062266,1,3.528564215706919e-05
2024-07-08,CHZ,,0.024579087358365222,0,0.0
2024-07-08,DASH,,0.06380684490652036,0,0.0
2024-07-08,DEXE,,-0.10539567130041763,-1,-0.0033269936185604337
2024-07-08,DOGE,,0.1280736339791362,1,0.0008707802898215925
2024-07-08,DOT,,0.22222082934667817,1,0.030478032730924715
2024-07-08,ENA,,-0.08205522678775565,-1,-0.002024622455207352
2024-07-08,ETC,,0.049606256506687284,0,0.0
2024-07-08,ETH,,0.1472818328565512,1,0.003848750102035411
2024-07-08,FET,,0.026266282869662743,0,0.0
2024-07-08,FIL,,-0.12368736637430167,-1,-0.004794060386423031
2024-07-08,HBAR,,0.11087813229515314,1,2.064470034051136e-11
2024-07-08,ICP,,-0.1445273041982067,-1,-0.005718584207392764
2024-07-08,JST,,0.22011075134027117,1,0.04225938443491762
2024-07-08,JUP,,-0.04479023914314495,0,0.0
2024-07-08,LINK,,0.019992838773000836,0,0.0
2024-07-08,LTC,,0.06524660080852913,0,0.0
2024-07-08,LUNC,,-0.03875956307601222,0,0.0
2024-07-08,NEAR,,-0.030617079504504232,0,0.0
2024-07-08,NEXO,,0.1279396434851061,1,0.0007566379679076616
2024-07-08,PEPE,,-0.050840741291769666,-1,-2.0426256085326353e-08
2024-07-08,QNT,,0.22203992532913128,1,0.031969833205639106
2024-07-08,SHIB,,0.2859416769164673,1,0.053316054414850246
2024-07-08,SOL,,0.01680160311575983,0,0.0
2024-07-08,STX,,-0.4746058821272433,-1,-0.02398446010798389
2024-07-08,SUI,,-0.20563431598302706,-1,-0.009560286234880266
2024-07-08,TAO,,-0.20441795355578327,-1,-0.009244542898015998
2024-07-08,TRX,,1.2455691638316129,1,0.2
2024-07-08,UNI,,0.07980700703252619,0,0.0
2024-07-08,VET,,-0.5091984220284254,-1,-0.025775859083690476
2024-07-08,WLD,,-0.03132549735257856,0,0.0
2024-07-08,XLM,,0.06092613470693279,0,0.0
2024-07-08,XRP,,0.04675639012582984,0,0.0
2024-07-08,ZEC,,-0.9951662761298053,-1,-0.04342646892115967
2024-07-15,AAVE,,-0.9922731467084167,-1,-0.036625741185586695
2024-07-15,ADA,,-0.2112948444560262,-1,-0.00769988559211134
2024-07-15,ALGO,,0.007371620757453606,0,0.0
2024-07-15,APT,,0.06837488587433224,0,0.0
2024-07-15,ARB,,0.245297862622639,1,0.0027978246718527635
2024-07-15,ATOM,,0.22745198652494833,1,0.0006942677620626859
2024-07-15,AVAX,,0.08929997784702802,0,0.0
2024-07-15,BCH,,-0.11043553094657843,-1,-0.0017738353488350308
2024-07-15,BNB,,0.24808246531794778,1,0.0037390844069839567
2024-07-15,BONK,,0.4780968661816008,1,0.12519348833373922
2024-07-15,BTC,,0.30369211620637315,1,0.02839544711017834
2024-07-15,CAKE,,0.19304222768793525,0,0.0
2024-07-15,CHZ,,0.3907109344611542,1,0.08553364151855772
2024-07-15,DASH,,-0.0676190089717174,-1,-1.685121541084544e-08
2024-07-15,DEXE,,-0.18890935158929983,-1,-0.005394094783638319
2024-07-15,DOGE,,0.18737413641681064,0,0.0
2024-07-15,DOT,,0.24895366206446698,1,0.007562122881721635
2024-07-15,ENA,,-0.11656088371476778,-1,-0.0015956662053958361
2024-07-15,ETC,,0.10212486219340568,0,0.0
2024-07-15,ETH,,0.21692596624077146,1,3.28393328530917e-11
2024-07-15,FET,,0.0737943589858395,0,0.0
2024-07-15,FIL,,0.09716596728048572,0,0.0
2024-07-15,HBAR,,0.08138620337524005,0,0.0
2024-07-15,ICP,,0.20445138747328329,0,0.0
2024-07-15,JST,,-0.06096221258694855,0,0.0
2024-07-15,JUP,,0.2247567369643208,1,0.000191540409160469
2024-07-15,LINK,,0.27668460635868836,1,0.013341663251197433
2024-07-15,LTC,,0.05089728009995911,0,0.0
2024-07-15,LUNC,,0.37245432083526225,1,0.0512432587374533
2024-07-15,NEAR,,0.0852111911262244,0,0.0
2024-07-15,NEXO,,0.16481055074960554,0,0.0
2024-07-15,PEPE,,-0.2766822132609342,-1,-0.006424562910411764
2024-07-15,QNT,,0.24781023719457176,1,0.005812731460823104
2024-07-15,SHIB,,0.3171574354612897,1,0.0383491095484942
2024-07-15,SOL,,0.3776390745654813,1,0.06085988933326255
2024-07-15,STX,,-0.34561690416824603,-1,-0.010477338079783365
2024-07-15,SUI,,-0.33625325973854936,-1,-0.011176467454371833
2024-07-15,TAO,,-0.04614081115252061,0,0.0
2024-07-15,TRX,,0.008264465486586804,0,0.0
2024-07-15,UNI,,-0.14632736539034763,-1,-0.005183238099444624
2024-07-15,VET,,-0.8049193393254773,-1,-0.030810954271000925
2024-07-15,WLD,,-0.5731671583567111,-1,-0.016877289002147206
2024-07-15,XLM,,-0.2810828184897988,-1,-0.01268130943699704
2024-07-15,XRP,,0.037669816497397236,0,0.0
2024-07-15,ZEC,,-1.068708353994765,-1,-0.03327272912129319
2024-07-22,AAVE,,-0.4085959624310352,-1,-0.015767771962153766
2024-07-22,ADA,,-0.32415490934909835,-1,-0.0118302978807124
2024-07-22,ALGO,,-0.28041146319441634,-1,-0.007409740703161279
2024-07-22,APT,,0.008394920237884584,0,0.0
2024-07-22,ARB,,0.0780941475900809,0,0.0
2024-07-22,ATOM,,0.33748347868781026,1,0.019675396782879547
2024-07-22,AVAX,,-0.2509364059866469,-1,-0.0036021926116046156
2024-07-22,BCH,,0.35679889638233525,1,0.013878498269486143
2024-07-22,BNB,,0.37474265636713644,1,0.022108193447821493
2024-07-22,BONK,,-0.2570407539554795,-1,-0.0034172689865767966
2024-07-22,BTC,,0.5162361978056021,1,0.07281634865844025
2024-07-22,CAKE,,0.2803528128620631,1,0.005811784930319951
2024-07-22,CHZ,,0.2681576629053098,1,0.005203901327126975
2024-07-22,DASH,,-0.09204796502540294,0,0.0
2024-07-22,DEXE,,-0.0682326084373158,0,0.0
2024-07-22,DOGE,,0.06809424627418251,0,0.0
2024-07-22,DOT,,-0.17307978738202368,0,0.0
2024-07-22,ENA,,0.04528029381508843,0,0.0
2024-07-22,ETC,,0.13748324250046726,0,0.0
2024-07-22,ETH,,0.11023203517213273,0,0.0
2024-07-22,FET,,-0.2545727731279941,-1,-0.003475749786779723
2024-07-22,FIL,,0.0693213006983374,0,0.0
2024-07-22,HBAR,,-0.0053912522015607586,0,0.0
2024-07-22,ICP,,-0.2863052576407615,-1,-0.005677603321386181
2024-07-22,JST,,0.36226981313147966,1,0.04424659650129743
2024-07-22,JUP,,0.3304164274656858,1,0.008507593263767006
2024-07-22,LINK,,0.028037724753592303,0,0.0
2024-07-22,LTC,,0.2468223626443867,1,0.0031407981834052435
2024-07-22,LUNC,,0.23682743828550312,1,0.0017485956885056422
2024-07-22,NEAR,,-0.33995734807930456,-1,-0.010835819958920832
2024-07-22,NEXO,,0.17982077675553848,1,6.119555998212467e-12
2024-07-22,PEPE,,-0.12812480525255854,0,0.0
2024-07-22,QNT,,0.24256113543428348,1,0.004531845633173331
2024-07-22,SHIB,,0.15707640699927322,0,0.0
2024-07-22,SOL,,0.41244874303820517,1,0.02555703278852056
2024-07-22,STX,,-0.22600392769284156,-1,-0.0010784761270085162
2024-07-22,SUI,,-0.37839213692645085,-1,-0.013930290898423337
2024-07-22,TAO,,-0.0924809360200877,0,0.0
2024-07-22,TRX,,0.7231060386760046,1,0.2
2024-07-22,UNI,,0.10537216828298723,0,0.0
2024-07-22,VET,,-0.764518734493182,-1,-0.04512265680379679
2024-07-22,WLD,,-0.33552216607735846,-1,-0.008124777143547552
2024-07-22,XLM,,-0.20807225670369764,-1,-3.531504188279297e-08
2024-07-22,XRP,,0.14546855451827137,0,0.0
2024-07-22,ZEC,,-0.9470580313064323,-1,-0.049701393743458125
2024-07-29,AAVE,,0.5581844479250071,1,0.1251552236376873
2024-07-29,ADA,,-0.014824622286471342,0,0.0
2024-07-29,ALGO,,-0.027595281067199814,0,0.0
2024-07-29,APT,,0.0032139790514701897,0,0.0
2024-07-29,ARB,,0.0636405333795294,0,0.0
2024-07-29,ATOM,,0.0656913975609868,0,0.0
2024-07-29,AVAX,,-0.16659868778806974,-1,-0.005607377421022963
2024-07-29,BCH,,0.1479991337260325,1,0.0017835005460921972
2024-07-29,BNB,,0.23653233091053338,1,0.019296589297053177
2024-07-29,BONK,,-0.4006157908096385,-1,-0.024234048127789426
2024-07-29,BTC,,0.16353242948274513,1,0.0044722611734306856
2024-07-29,CAKE,,0.1809403171850458,1,0.006084087562087286
2024-07-29,CHZ,,0.12937336188397355,1,0.0007041421590415288
2024-07-29,DASH,,0.07342568351412451,0,0.0
2024-07-29,DEXE,,0.10707013187738933,1,9.367573461754066e-12
2024-07-29,DOGE,,-0.021882876151342726,0,0.0
2024-07-29,DOT,,-0.0430344163769848,0,0.0
2024-07-29,ENA,,-0.24223968912170055,-1,-0.011977221004545223
2024-07-29,ETC,,0.12393136093648259,1,0.0004463026455660182
2024-07-29,ETH,,0.04120135938365852,0,0.0
2024-07-29,FET,,-0.18602788739550932,-1,-0.007376463276852543
2024-07-29,FIL,,0.022638854410749445,0,0.0
2024-07-29,HBAR,,0.021986345366712883,0,0.0
2024-07-29,ICP,,-0.1605685959210979,-1,-0.004247832715858482
2024-07-29,JST,,0.08424505470332425,0,0.0
2024-07-29,JUP,,-0.10898280877581613,-1,-2.679656504909898e-08
2024-07-29,LINK,,0.03255760868645378,0,0.0
2024-07-29,LTC,,0.3273650089768144,1,0.05728148115801207
2024-07-29,LUNC,,0.15830386053680118,1,0.002434749851979559
2024-07-29,NEAR,,-0.1970316937222478,-1,-0.008061757429316143
2024-07-29,NEXO,,0.138345788696603,1,0.0012702037071675332
2024-07-29,PEPE,,-0.3113201939716531,-1,-0.01656136275586151
2024-07-29,QNT,,0.10110745664475825,0,0.0
2024-07-29,RENDER,,0.03485102000560816,0,0.0
2024-07-29,SHIB,,0.07546280966628131,0,0.0
2024-07-29,SOL,,-0.10731779381782007,0,0.0
2024-07-29,STX,,-0.3004571310417467,-1,-0.01746267603590851
2024-07-29,SUI,,-0.18993046889603551,-1,-0.007817604738075634
2024-07-29,TAO,,-0.3429447829220912,-1,-0.018236337011874805
2024-07-29,TRX,,0.6005298300085851,1,0.2
2024-07-29,UNI,,0.052340856212828,0,0.0
2024-07-29,VET,,-0.3197556529765219,-1,-0.019459935788947905
2024-07-29,WLD,,-0.44893809182504535,-1,-0.028710445155478558
2024-07-29,XLM,,0.12800270097171787,1,0.0005662656950005459
2024-07-29,XRP,,0.15834912517444175,1,0.002770873495008206
2024-07-29,ZEC,,-0.24075632201166686,-1,-0.010244350885653165
2024-08-05,AAVE,,-0.008134531502405923,0,0.0
2024-08-05,ADA,,-0.02566907731217974,0,0.0
2024-08-05,ALGO,,0.1825096465961349,1,0.00337469087443203
2024-08-05,APT,,0.17977557427703847,1,0.0020530500347552267
2024-08-05,ARB,,0.03356772715509504,0,0.0
2024-08-05,ATOM,,0.049297866666483385,0,0.0
2024-08-05,AVAX,,-0.28071298947815515,-1,-0.010132414364578485
2024-08-05,BCH,,0.1333353363177035,1,4.399254314127218e-05
2024-08-05,BNB,,0.11122518862718243,0,0.0
2024-08-05,BONK,,-0.5173189927504446,-1,-0.02825548578618292
2024-08-05,BTC,,-0.041432579191409455,0,0.0
2024-08-05,CAKE,,0.12806634334514355,1,9.621024904337894e-12
2024-08-05,CHZ,,0.10019626136100253,0,0.0
2024-08-05,DASH,,0.39020285107511266,1,0.05210628998850087
2024-08-05,DEXE,,0.3201741618539864,1,0.03510268228932176
2024-08-05,DOGE,,-0.2146697371511155,-1,-0.003787889279368707
2024-08-05,DOT,,0.03813805916597992,0,0.0
2024-08-05,ENA,,-0.20097081866022154,-1,-0.00163716597829976
2024-08-05,ETC,,0.0504063884127713,0,0.0
2024-08-05,ETH,,-0.10807912972524365,0,0.0
2024-08-05,FET,,-0.34273116857516706,-1,-0.017836804741589926
2024-08-05,FIL,,0.018461228367860443,0,0.0
2024-08-05,HBAR,,0.0003793413112514357,0,0.0
2024-08-05,ICP,,-0.3449648906743563,-1,-0.017768708567513947
2024-08-05,JST,,0.05471735124639663,0,0.0
2024-08-05,JUP,,-0.39221676501424796,-1,-0.019253026179351044
2024-08-05,LINK,,-0.17850647271817532,-1,-5.348591825531312e-08
2024-08-05,LTC,,0.029942176475129038,0,0.0
2024-08-05,LUNC,,0.239839503619808,1,0.006559922169988127
2024-08-05,NEAR,,-0.21657611135443156,-1,-0.003964336421338166
2024-08-05,NEXO,,0.28626074316144473,1,0.021234419886120966
2024-08-05,PEPE,,-0.4498291140452107,-1,-0.021954653420051706
2024-08-05,QNT,,0.38813505823412886,1,0.055895402125463685
2024-08-05,RENDER,,0.035045304709508555,0,0.0
2024-08-05,SHIB,,0.26269967381448606,1,0.016887633328303345
2024-08-05,SOL,,-0.228880763048992,-1,-0.0046527057927808185
2024-08-05,STX,,-0.00039650340883422633,0,0.0
2024-08-05,SUI,,-0.451836302817861,-1,-0.018646863256628836
2024-08-05,TAO,,-0.1849244619021781,-1,-0.0003231079860759126
2024-08-05,TRX,,0.29663488779853814,1,0.05203211391449225
2024-08-05,UNI,,0.1084201398808199,0,0.0
2024-08-05,VET,,0.25148468122867423,1,0.01790755479739154
2024-08-05,WLD,,-0.570348322050603,-1,-0.03178565983167031
2024-08-05,XLM,,0.44572836727073417,1,0.08808993852163846
2024-08-05,XRP,,0.11512987166754207,0,0.0
2024-08-05,ZEC,,0.5084249977412758,1,0.07021337352378487
2024-08-12,AAVE,,0.25180552392874195,1,0.026610953053022635
2024-08-12,ADA,,0.09150321813277938,0,0.0
2024-08-12,ALGO,,0.14214422598450085,1,0.001922017755692416
2024-08-12,APT,,0.03521489082845032,0,0.00010598296569678482
2024-08-12,ARB,,0.039843409419695955,0,0.0
2024-08-12,ATOM,,-0.2597288457313411,-1,-0.028700632841947016
2024-08-12,AVAX,,0.07722936404339016,0,-0.0005230575513736867
2024-08-12,BCH,,0.026235302275809367,0,2.270991993242707e-06
2024-08-12,BNB,,0.24903966192169577,1,0.03676325828269499
2024-08-12,BONK,,0.013785749319287902,0,-0.0014586104235789106
2024-08-12,BTC,,-0.04287035180128898,-1,-0.0030233324559643853
2024-08-12,CAKE,,0.2687458447501524,1,0.039573551557016036
2024-08-12,CHZ,,0.0929560324338175,0,0.0
2024-08-12,DASH,,0.20359913972740493,1,0.015538895559293775
2024-08-12,DEXE,,0.26649875068125445,1,0.04304471250208579
2024-08-12,DOGE,,0.0742106952369882,0,-0.00019553918938289066
2024-08-12,DOT,,-0.03314634124888388,-1,-0.002188305752949744
2024-08-12,ENA,,-0.010885630706828792,-1,-0.00014426589630931234
2024-08-12,ETC,,0.12229476115074957,1,0.00018928539410230022
2024-08-12,ETH,,0.02608854128075258,0,0.0
2024-08-12,FET,,-0.059237888987545034,-1,-0.004177596028956095
2024-08-12,FIL,,0.1228113576204982,1,0.0001638470535231031
2024-08-12,HBAR,,0.06620627562954343,0,0.0
2024-08-12,ICP,,0.07246684494173275,0,-0.0009172598810099249
2024-08-12,JST,,0.11578915294450969,1,2.6990028045065965e-11
2024-08-12,JUP,,-0.05372254071698484,-1,-0.0034129025786419805
2024-08-12,LINK,,-0.028390626834481365,-1,-0.0015688578639174713
2024-08-12,LTC,,0.268202545529867,1,0.04256431757678282
2024-08-12,LUNC,,-0.16313470981807224,-1,-0.007467728539180268
2024-08-12,NEAR,,0.013858336853622436,0,-0.00020464777956728667
2024-08-12,NEXO,,0.11861174519029498,1,0.001128594177756695
2024-08-12,PEPE,,0.06618922619641553,0,-0.001133347576002721
2024-08-12,QNT,,-0.11243457514190314,-1,-0.0048587418094957965
2024-08-12,RENDER,,0.036244619535742525,0,0.0
2024-08-12,SHIB,,0.13622804578371042,1,0.0020308388474871205
2024-08-12,SOL,,-0.005101280671120408,0,-0.00024018292301011216
2024-08-12,STX,,0.022771590384094296,0,0.0
2024-08-12,SUI,,-1.6118142312654444,-1,-0.048324148043652496
2024-08-12,TAO,,-0.8001928964845524,-1,-0.027026698414416125
2024-08-12,TON,,-0.008936218117851693,-1,-2.384645394969144e-08
2024-08-12,TRX,,0.42588928352587807,1,0.1923615717445991
2024-08-12,UNI,,0.1910824048718567,1,0.012205262462590802
2024-08-12,VET,,0.08307808405354918,0,0.0009244274292767134
2024-08-12,WLD,,-0.032443729398450145,-1,-0.002847268097555842
2024-08-12,XLM,,-0.23671108674885244,-1,-0.014553270453489808
2024-08-12,XRP,,0.1312375229352068,1,0.0008190656305834675
2024-08-12,ZEC,,-0.39311119343838635,-1,-0.0156098431329392
2024-08-19,AAVE,,0.6160438182519393,1,0.2
2024-08-19,ADA,,0.21575324459954837,1,0.007386802737372401
2024-08-19,ALGO,,0.2004263635495109,1,0.0038983194351614294
2024-08-19,APT,,0.008782752543230039,0,0.0
2024-08-19,ARB,,0.1269508107960741,0,0.0
2024-08-19,ATOM,,0.011201449811420709,0,0.0
2024-08-19,AVAX,,-0.04328293634566544,-1,-0.0005854795516736975
2024-08-19,BCH,,0.15026597561741584,1,1.726147658050261e-11
2024-08-19,BNB,,0.27605906702381533,1,0.02980475579724256
2024-08-19,BONK,,-0.025439395177877428,-1,-1.3382215568201357e-08
2024-08-19,BTC,,0.09747539098776564,0,0.0
2024-08-19,CAKE,,0.30322063623634343,1,0.026281980282749945
2024-08-19,CHZ,,0.15846572862518488,1,0.0001674486663423798
2024-08-19,DASH,,-0.040256357359935234,-1,-0.000880436176008824
2024-08-19,DEXE,,0.3179520181246462,1,0.036904728833873
2024-08-19,DOGE,,0.1445125252527811,0,0.0
2024-08-19,DOT,,0.12435816150497786,0,0.0
2024-08-19,ENA,,-0.07361254822513216,-1,-0.0016518558315508263
2024-08-19,ETC,,0.21444617854231776,1,0.008817207989187469
2024-08-19,ETH,,0.0864243670026023,0,0.0
2024-08-19,FET,,-1.1416113846060825,-1,-0.02882401547788503
2024-08-19,FIL,,0.13966625773227928,0,0.0
2024-08-19,HBAR,,0.18200680064571484,1,0.0021275552204305295
2024-08-19,ICP,,0.12603879817169436,0,0.0
2024-08-19,JST,,0.11654986376495206,0,0.0
2024-08-19,JUP,,0.10787844201871868,0,0.0
2024-08-19,LINK,,0.05261397053508162,0,0.0
2024-08-19,LTC,,-0.1165536387735227,-1,-0.007825971456386244
2024-08-19,LUNC,,0.04212149652900232,0,0.0
2024-08-19,NEAR,,-0.0736832064478604,-1,-0.0017977691541363262
2024-08-19,NEXO,,-0.003975692633211885,0,0.0
2024-08-19,PEPE,,-0.06708502262797741,-1,-0.0013800352971410728
2024-08-19,QNT,,0.05844334058725114,0,0.0
2024-08-19,RENDER,,-0.446361383241268,-1,-0.014453054220552947
2024-08-19,SHIB,,0.18581857469218205,1,0.0022124965362662475
2024-08-19,SOL,,0.04028593574028051,0,0.0
2024-08-19,STX,,-0.13568150136386029,-1,-0.00397974199742439
2024-08-19,SUI,,-1.196643559402688,-1,-0.03855502590777833
2024-08-19,TAO,,-0.5243608197918385,-1,-0.01636164312388029
2024-08-19,TON,,-0.002824492821526508,0,0.0
2024-08-19,TRX,,0.4107329023621402,1,0.08515205710317951
2024-08-19,UNI,,0.24428129306179872,1,0.01571774963111233
2024-08-19,VET,,0.17572888937042244,1,0.001363611171397371
2024-08-19,WLD,,-0.091593121548144,-1,-0.002489829771611583
2024-08-19,XLM,,-0.08030327497906094,-1,-0.004025239343884668
2024-08-19,XRP,,0.15814583414743807,1,0.00023031973963897394
2024-08-19,ZEC,,-1.0293825524828697,-1,-0.05718988719335008
2024-08-26,AAVE,,0.13023475418897598,1,0.0004427232689018366
2024-08-26,ADA,,0.10014061188693017,0,0.0
2024-08-26,ALGO,,0.05167662787031644,0,0.0
2024-08-26,APT,,0.13494587940248845,1,0.0006434491123131378
2024-08-26,ARB,,-0.012153914947322549,0,0.0
2024-08-26,ATOM,,0.04055153860530883,0,0.0
2024-08-26,AVAX,,-0.10172370092722155,-1,-0.0045158636753106635
2024-08-26,BCH,,0.1378691683255257,1,0.0017224646876479609
2024-08-26,BNB,,0.16689512612934793,1,0.005935687132096655
2024-08-26,BONK,,0.04739109946022291,0,0.0
2024-08-26,BTC,,0.08257041226641118,0,0.0
2024-08-26,CAKE,,0.21033615269406036,1,0.00892359701836522
2024-08-26,CHZ,,0.009715359961475784,0,0.0
2024-08-26,DASH,,-0.034896855419511943,-1,-0.0012076979866747876
2024-08-26,DEXE,,-0.013436010683962173,0,0.0
2024-08-26,DOGE,,0.15174254965978604,1,0.003033249394296066
2024-08-26,DOT,,-0.022234024155089904,-1,-3.6642075401514964e-08
2024-08-26,ENA,,-0.3860440820590995,-1,-0.021517271916190912
2024-08-26,ETC,,0.10273825123698999,0,0.0
2024-08-26,ETH,,-5.8220652752824335e-05,0,0.0
2024-08-26,FET,,-0.7718641465981072,-1,-0.028383173623351653
2024-08-26,FIL,,-0.04438942081952695,-1,-0.0015344856953100926
2024-08-26,HBAR,,-0.1081357251186378,-1,-0.00827695484465556
2024-08-26,ICP,,0.16642609734749803,1,0.0032438706545619405
2024-08-26,JST,,0.030704324644016432,0,0.0
2024-08-26,JUP,,0.10536863916079849,0,0.0
2024-08-26,LINK,,0.10964415326197179,1,9.031880292777611e-12
2024-08-26,LTC,,0.506369454047534,1,0.2
2024-08-26,LUNC,,-0.019246254946186262,0,0.0
2024-08-26,NEAR,,-0.1426016475528636,-1,-0.007381698283145748
2024-08-26,NEXO,,0.1331973637054458,1,0.0016748192071021834
2024-08-26,PEPE,,0.06698529758291369,0,0.0
2024-08-26,QNT,,0.22599092004048696,1,0.017062142845184727
2024-08-26,RENDER,,-0.4141493770114496,-1,-0.020278408678242314
2024-08-26,SHIB,,0.312128211487575,1,0.04332652060646632
2024-08-26,SOL,,-0.03162563736848664,-1,-0.0006898736399116813
2024-08-26,STX,,-0.11981828276618209,-1,-0.00562829759336048
2024-08-26,SUI,,-0.7953848118909602,-1,-0.034834175029623944
2024-08-26,TAO,,-0.1878390402959043,-1,-0.008272969641746416
2024-08-26,TON,,-0.006424228299446342,0,0.0
2024-08-26,TRX,,0.49704486481533616,1,0.1224444299735937
2024-08-26,UNI,,0.0445170134039235,0,0.0
2024-08-26,VET,,0.016476186421221246,0,0.0
2024-08-26,WLD,,-0.06158722057899537,-1,-0.002280550460278351
2024-08-26,XLM,,0.1268204991929069,1,0.0005504534613614916
2024-08-26,XRP,,0.19601284555992618,1,0.014647490810289529
2024-08-26,ZEC,,-0.6308808002676841,-1,-0.0351919019823975
2024-09-02,AAVE,,0.0054671829348478945,0,4.4313148078850594e-05
2024-09-02,ADA,,0.12426871901514322,0,0.0
2024-09-02,ALGO,,0.12153504165267204,0,0.0
2024-09-02,APT,,-0.2150432772229618,-1,-0.005525222321643635
2024-09-02,ARB,,0.2762092894082039,1,0.007984229685242544
2024-09-02,ATOM,,-0.3902823132962306,-1,-0.022774150009437086
2024-09-02,AVAX,,-0.1218321452254214,-1,-0.001518449997930868
2024-09-02,BCH,,0.168859307822559,1,0.00046921629419660366
2024-09-02,BNB,,0.11047581033074841,0,0.000594116011762299
2024-09-02,BONK,,0.015733592721274392,0,0.0
2024-09-02,BTC,,-0.16766975588519706,-1,-0.006796953233132721
2024-09-02,CAKE,,-0.031524610720663995,0,0.0008931824998755274
2024-09-02,CHZ,,0.1956141775791877,1,0.0011643558914887248
2024-09-02,DASH,,0.5412681156168071,1,0.08474492850442425
2024-09-02,DEXE,,0.13334043919141397,0,0.0
2024-09-02,DOGE,,0.30551111695571437,1,0.015854229341519883
2024-09-02,DOT,,0.22893871919253198,1,0.003893487625047878
2024-09-02,ENA,,-0.2774173340235946,-1,-0.008916311251790973
2024-09-02,ETC,,0.32873155303607376,1,0.02168258918872529
2024-09-02,ETH,,-0.12426349563249532,-1,-0.00312857553452451
2024-09-02,FET,,-1.4722274328298677,-1,-0.04033773750537516
2024-09-02,FIL,,-0.011250480002038479,0,-0.00015359005640209773
2024-09-02,HBAR,,0.16281593410333595,1,-0.0007505721572927532
2024-09-02,ICP,,0.14284302158911139,0,0.0003246861657414117
2024-09-02,JST,,-0.48598645605729474,-1,-0.02688989418364653
2024-09-02,JUP,,0.15399310779170983,1,4.2100660638965205e-07
2024-09-02,LINK,,-0.07502433955828872,0,9.04020811549095e-13
2024-09-02,LTC,,0.1441117896089899,0,0.020018440950152983
2024-09-02,LUNC,,0.048075886492790036,0,0.0
2024-09-02,NEAR,,-0.3567797610725917,-1,-0.012419039585315372
2024-09-02,NEXO,,0.038036070353555745,0,0.00016763634699778563
2024-09-02,PEPE,,-0.10557531064913105,-1,-0.0004985733078114854
2024-09-02,QNT,,0.7292845723408382,1,0.1349583992536271
2024-09-02,RENDER,,-0.6348646975636161,-1,-0.02104502832146502
2024-09-02,SHIB,,0.19664313689776036,1,0.00570905503935254
2024-09-02,SOL,,0.15342020870400058,1,-6.905096826346384e-05
2024-09-02,STX,,-0.3600400319303432,-1,-0.011697729885264078
2024-09-02,SUI,,0.16191515809968174,1,-0.0034507971647142616
2024-09-02,TAO,,-0.29096797740026886,-1,-0.009150126181902791
2024-09-02,TON,,0.02469185641322487,0,0.0
2024-09-02,TRX,,-0.09047465281773025,-1,0.01225571389849224
2024-09-02,UNI,,0.67048793438811,1,0.10738025936727777
2024-09-02,VET,,0.04904834193107012,0,0.0
2024-09-02,WLD,,-0.11366526814257683,-1,-0.0010559163159326035
2024-09-02,XLM,,0.1823752121852451,1,0.0009901822103522435
2024-09-02,XRP,,-0.007485174375595482,0,0.0014660996492684483
2024-09-02,ZEC,,-0.08132078195069227,0,-0.0035224350587909833
2024-09-09,AAVE,,0.27301230269734655,1,0.0009518666220478043
2024-09-09,ADA,,-0.1466020554535173,-1,-0.00039935510498231944
2024-09-09,ALGO,,-0.16500179296851927,-1,-0.0011246906227249886
2024-09-09,APT,,-0.5600677752807753,-1,-0.018631944888266975
2024-09-09,ARB,,0.08059696855819459,0,0.0
2024-09-09,ATOM,,-0.048539983451328136,0,0.0
2024-09-09,AVAX,,-0.4076718486210589,-1,-0.010019637856609274
2024-09-09,BCH,,0.36456454544168776,1,0.013635583141588645
2024-09-09,BNB,,0.5226266385448272,1,0.04974927459337628
2024-09-09,BONK,,-0.1394230808091155,-1,-4.547929045911829e-05
2024-09-09,BTC,,0.19534692383408367,0,0.0
2024-09-09,CAKE,,0.09674616865480437,0,0.0
2024-09-09,CHZ,,-0.004151617847661588,0,0.0
2024-09-09,DASH,,0.23336251640172764,1,8.514223054159348e-12
2024-09-09,DEXE,,0.038092250962215225,0,0.0
2024-09-09,DOGE,,0.4936476693603925,1,0.038723552807971566
2024-09-09,DOT,,0.31339668544091953,1,0.00422580958925857
2024-09-09,ENA,,-0.45514086532151105,-1,-0.01069458930791586
2024-09-09,ETC,,0.07366172348612104,0,0.0
2024-09-09,ETH,,0.01446448950473396,0,0.0
2024-09-09,FET,,-1.4758200971095938,-1,-0.032457688276178766
2024-09-09,FIL,,-0.16809454158615608,-1,-0.0012403335800529143
2024-09-09,HBAR,,0.01919923069883625,0,0.0
2024-09-09,ICP,,0.30979817034438356,1,0.0028906863862158878
2024-09-09,JST,,-0.7492487134732191,-1,-0.038382211954302095
2024-09-09,JUP,,0.09838823955098064,0,0.0
2024-09-09,LINK,,-0.1377627878846398,-1,-1.5425929345991015e-08
2024-09-09,LTC,,0.6060477801824737,1,0.15035216689691117
2024-09-09,LUNC,,0.04340458235170671,0,0.0
2024-09-09,NEAR,,-0.3607609806945578,-1,-0.008346387767279475
2024-09-09,NEXO,,0.40712781766857276,1,0.03638104166267634
2024-09-09,PEPE,,-0.18697421298438846,-1,-0.0016257580287858987
2024-09-09,QNT,,0.5030502530209007,1,0.03671912328253112
2024-09-09,RENDER,,-0.8880383138900564,-1,-0.023850275413666532
2024-09-09,SHIB,,0.12001709399381391,0,0.0
2024-09-09,SOL,,0.04288922813945556,0,0.0
2024-09-09,STX,,-0.34063889483643456,-1,-0.007058024414303752
2024-09-09,SUI,,0.14284166001893944,0,0.0
2024-09-09,TAO,,0.007354336871746576,0,0.0
2024-09-09,TON,,0.3932728511139354,1,0.012797693999830627
2024-09-09,TRX,,-0.5809461548217548,-1,-0.026123425608981007
2024-09-09,UNI,,0.3593333410679501,1,0.008704929535871894
2024-09-09,VET,,0.06312260218907388,0,0.0
2024-09-09,WLD,,-0.12856120488002692,0,0.0
2024-09-09,XLM,,0.4102937786800953,1,0.023339648441294526
2024-09-09,XRP,,0.47080309963430156,1,0.04198392891032694
2024-09-09,ZEC,,0.2469819735000927,1,0.00014896194147410226
2024-09-16,AAVE,,0.2785828753638232,1,0.01982850105517223
2024-09-16,ADA,,-0.013881342782519221,0,0.0
2024-09-16,ALGO,,-0.043162405715236024,-1,-0.0003775082043422007
2024-09-16,APT,,-0.3817464882385448,-1,-0.013436317315814279
2024-09-16,ARB,,0.013908785747788224,0,0.0
2024-09-16,ATOM,,0.02837764490394455,0,0.0
2024-09-16,AVAX,,-0.0360117129343039,0,0.0
2024-09-16,BCH,,0.3234070786223277,1,0.03772038056601166
2024-09-16,BNB,,0.17534763199836506,1,0.005993434838042408
2024-09-16,BONK,,0.08229671036417446,0,0.0
2024-09-16,BTC,,0.1274535271014356,1,0.0014067752642321762
2024-09-16,CAKE,,0.2844180170178492,1,0.020359106893942953
2024-09-16,CHZ,,0.05462803927612865,0,0.0
2024-09-16,DASH,,0.03858891663793727,0,0.0
2024-09-16,DEXE,,0.04585116731076758,0,0.0
2024-09-16,DOGE,,0.13818123195141893,1,0.0022645708829136576
2024-09-16,DOT,,-0.25189613709562764,-1,-0.01898123371086912
2024-09-16,ENA,,-0.5381066094562296,-1,-0.01668861019601779
2024-09-16,ETC,,0.1238609463950667,1,0.0013527118355777857
2024-09-16,ETH,,0.14552596663831766,1,0.0026197246436919404
2024-09-16,FET,,0.076622334956583,0,0.0
2024-09-16,FIL,,0.0030548936239472445,0,0.0
2024-09-16,HBAR,,-0.03858800924689877,-1,-9.472407577542384e-05
2024-09-16,ICP,,-0.19633987978280149,-1,-0.010975166391620139
2024-09-16,JST,,-0.23390342000687378,-1,-0.02810653435290723
2024-09-16,JUP,,0.18277413473993753,1,0.004587559825804668
2024-09-16,LINK,,0.042307134148667325,0,0.0
2024-09-16,LTC,,0.622850638844095,1,0.2
2024-09-16,LUNC,,-0.100514552199213,-1,-0.0036756707706622925
2024-09-16,NEAR,,0.004380354380591629,0,0.0
2024-09-16,NEXO,,0.41839961257281505,1,0.07923348079698732
2024-09-16,PEPE,,0.19911880777688845,1,0.006316299283679101
2024-09-16,POL,,0.06478103195025733,0,0.0
2024-09-16,QNT,,-0.30125511217415896,-1,-0.020484993382782035
2024-09-16,RENDER,,-0.026793708130148374,0,0.0
2024-09-16,SHIB,,0.32843098953573313,1,0.03853582061744198
2024-09-16,SOL,,0.05116455039759794,0,0.0
2024-09-16,STX,,0.06201184657596872,0,0.0
2024-09-16,SUI,,-0.6687575061070716,-1,-0.01960542345505834
2024-09-16,TAO,,-0.8130899285330966,-1,-0.020648795355965432
2024-09-16,TON,,-0.09403885476752234,-1,-0.004030774135111728
2024-09-16,TRX,,0.003854360514956433,0,0.0
2024-09-16,UNI,,-0.30066602634079304,-1,-0.01881913745853392
2024-09-16,VET,,0.11780659939967048,1,0.0006599025037448699
2024-09-16,WLD,,0.06365350848558932,0,0.0
2024-09-16,XLM,,-0.03648081565382335,-1,-3.403552782041272e-08
2024-09-16,XRP,,0.08905864768075053,1,9.992458334874825e-12
2024-09-16,ZEC,,-0.11546547574853332,-1,-0.0040746918191394785
2024-09-23,AAVE,,-0.32828238752915745,-1,-0.006177624147247721
2024-09-23,ADA,,0.24209303977708238,0,0.0
2024-09-23,ALGO,,0.79151073908826,1,0.14105305040852764
2024-09-23,APT,,-0.9622264622872807,-1,-0.03329504355121435
2024-09-23,ARB,,0.12182814524388558,0,0.0
2024-09-23,ATOM,,-0.2722572147686632,-1,-0.001695223619839256
2024-09-23,AVAX,,0.411134779079577,1,0.014971383553748288
2024-09-23,BCH,,0.11864052197603091,0,0.004051933231216012
2024-09-23,BNB,,-0.2453915693074827,-1,0.0002376378599174755
2024-09-23,BONK,,-0.4120637098290255,-1,-0.0072900271128865275
2024-09-23,BTC,,-0.21707556937811223,0,0.0001511161699977977
2024-09-23,CAKE,,0.44312658458192616,1,0.02147193212002937
2024-09-23,CHZ,,0.1752333742494347,0,0.0
2024-09-23,DASH,,0.23532546308418456,0,0.0
2024-09-23,DEXE,,0.25446643708539607,1,6.598512789407932e-12
2024-09-23,DOGE,,0.17144867904120462,0,0.0002432608016471093
2024-09-23,DOT,,0.11922941220183994,0,-0.0020389691325609118
2024-09-23,ENA,,-0.466317473632549,-1,-0.00904443032215984
2024-09-23,ETC,,0.4191176641529235,1,0.016945311677001616
2024-09-23,ETH,,-0.24098842596715822,-1,0.0002813811424924326
2024-09-23,FET,,-0.6132544244240293,-1,-0.021600171296045852
2024-09-23,FIL,,0.5825730691495031,1,0.05811885658638513
2024-09-23,HBAR,,0.41341784655072883,1,0.013206806715023903
2024-09-23,ICP,,0.018854161013925078,0,-0.0011789552690887085
2024-09-23,JST,,-0.21683481188211157,0,-0.0030192113348261745
2024-09-23,JUP,,0.5931782464771514,1,0.052466977818938644
2024-09-23,LINK,,0.27968607112740346,1,0.000556978536197271
2024-09-23,LTC,,-0.2682592201896154,-1,0.018503219706034912
2024-09-23,LUNC,,0.35216854179645746,1,0.004370328838166155
2024-09-23,NEAR,,0.12123779503950008,0,0.0
2024-09-23,NEXO,,-0.14594296219481848,0,0.008511281409379873
2024-09-23,PEPE,,-0.5155648294811477,-1,-0.010024454423437357
2024-09-23,POL,,0.06491159721556057,0,0.0
2024-09-23,QNT,,-0.27578573642120474,-1,-0.005885165729045662
2024-09-23,RENDER,,0.31725444967226935,1,0.0016863433236618942
2024-09-23,SHIB,,-0.4343133400589177,-1,-0.004786231954776857
2024-09-23,SOL,,0.4796049046144049,1,0.029273634373934137
2024-09-23,STX,,0.417667957862247,1,0.012521750524230187
2024-09-23,SUI,,-0.620770573623888,-1,-0.019991865105365426
2024-09-23,TAO,,-1.1827867370234975,-1,-0.03292737725169768
2024-09-23,TON,,-0.32945550907268667,-1,-0.007804567168298448
2024-09-23,TRX,,0.12428222533821785,0,0.0
2024-09-23,UNI,,0.1965768496200883,0,-0.002021556710373306
2024-09-23,VET,,0.3924301873276565,1,0.011840041412549223
2024-09-23,WLD,,-0.1655272020786133,0,0.0
2024-09-23,XLM,,0.2575606882250583,1,1.314072882483191e-05
2024-09-23,XRP,,-0.007982733207213356,0,1.0733925103900876e-12
2024-09-23,ZEC,,-0.19347853823474462,0,-0.0004377044701349628
2024-09-30,AAVE,,-0.15962239236311604,-1,-0.0097282429750158
2024-09-30,ADA,,-0.03749802707394928,0,0.0
2024-09-30,ALGO,,0.004535075559045197,0,0.015306383501302673
2024-09-30,APT,,-0.08795813058242233,-1,-0.00504371992291322
2024-09-30,ARB,,-0.23562428171915173,-1,-0.013280407870636194
2024-09-30,ATOM,,0.06853755229095435,1,-0.0001809554141937275
2024-09-30,AVAX,,0.13480248685490867,1,0.003564076226392855
2024-09-30,BCH,,-0.020092232704192872,0,0.0004396958717237014
2024-09-30,BNB,,0.05479897392127044,0,2.5787292141438254e-05
2024-09-30,BONK,,0.052811503494791995,0,-0.0007910778987165338
2024-09-30,BTC,,0.0417911677383906,0,1.6398383760827195e-05
2024-09-30,CAKE,,0.04109057059553225,0,0.0023300285005622146
2024-09-30,CHZ,,0.09068927042674015,1,0.0002234644954953163
2024-09-30,DASH,,0.19964459934164866,1,0.011761306917422946
2024-09-30,DEXE,,0.05316515321971337,0,7.160381643672847e-13
2024-09-30,DOGE,,-0.05501250492715394,0,2.6397466131082434e-05
2024-09-30,DOT,,-0.1130272422368805,-1,-0.00504794625453993
2024-09-30,ENA,,-0.8400864031124106,-1,-0.03012971135082928
2024-09-30,ETC,,0.06667710646678704,1,0.001838821911302111
2024-09-30,ETH,,-0.1846736314777162,-1,-0.0146662156013205
2024-09-30,FET,,-0.3223995687918576,-1,-0.019897940381434265
2024-09-30,FIL,,0.10925745028167853,1,0.0071806294449901845
2024-09-30,HBAR,,-0.05760903118787646,-1,0.0014331118889970434
2024-09-30,ICP,,-0.03240837517844791,0,-0.00012793442911931702
2024-09-30,JST,,0.09343629244266824,1,0.00032879980146647853
2024-09-30,JUP,,0.0039009597989700592,0,0.005693458463500646
2024-09-30,LINK,,-0.005602731809734694,0,6.0440572198459876e-05
2024-09-30,LTC,,0.07457243924060078,1,0.0020808365462607475
2024-09-30,LUNC,,0.1853370429458115,1,0.00475904611763128
2024-09-30,NEAR,,-0.0014546978067027112,0,0.0
2024-09-30,NEXO,,0.014599329144387897,0,0.0009236024103141264
2024-09-30,PEPE,,-0.28513159502135427,-1,-0.01166648880256568
2024-09-30,POL,,0.06650620850274586,0,0.0
2024-09-30,QNT,,-0.051233995911970344,0,-0.000638629248758525
2024-09-30,RENDER,,-0.29873349816557876,-1,-0.014334647925517469
2024-09-30,SHIB,,-0.14515191305949204,-1,-0.0051525645465959466
2024-09-30,SOL,,0.17988453786600894,1,0.008452096631831552
2024-09-30,STX,,0.3139719194509408,1,0.021234172311863544
2024-09-30,SUI,,-0.233972048828868,-1,-0.011186838004841501
2024-09-30,TAO,,-0.006735933526442814,0,-0.003573117082167572
2024-09-30,TON,,-0.07366064708944253,-1,-0.002158613615062411
2024-09-30,TRX,,0.5404924262992467,1,0.11582594902849977
2024-09-30,UNI,,0.40336201786455944,1,0.04355132723060123
2024-09-30,VET,,0.022842400222923703,0,0.0012848230790252178
2024-09-30,WLD,,0.1642801482338826,1,0.0021984307181504422
2024-09-30,XLM,,-0.08664958709729534,-1,-0.003291233690791197
2024-09-30,XRP,,-0.37560794100254585,-1,-0.02705860586785524
2024-09-30,ZEC,,0.7289597784703918,1,0.17824948582214306
2024-10-07,AAVE,,0.11888711776438521,0,0.0
2024-10-07,ADA,,-0.11102476637012938,0,0.0
2024-10-07,ALGO,,-0.013131244599662988,0,0.0
2024-10-07,APT,,0.12129474565512464,1,1.913486052929779e-12
2024-10-07,ARB,,-0.2494790906145235,-1,-0.008725694918822417
2024-10-07,ATOM,,-0.1948146237930099,-1,-0.005743392567448532
2024-10-07,AVAX,,0.41861682895578733,1,0.02188947967445938
2024-10-07,BCH,,0.12368614379721411,1,4.994576008929222e-06
2024-10-07,BNB,,0.26012593066084005,1,0.010197619359660803
2024-10-07,BONK,,-0.41347613383399523,-1,-0.016786578222376548
2024-10-07,BTC,,0.11342626234960702,0,0.0
2024-10-07,CAKE,,0.04335026365344485,0,0.0
2024-10-07,CHZ,,0.31149841562435243,1,0.007166382525253149
2024-10-07,DASH,,0.2078523724595812,1,0.004356875559082556
2024-10-07,DEXE,,0.30198593338195456,1,0.009086364703863198
2024-10-07,DOGE,,-0.11977747162860897,0,0.0
2024-10-07,DOT,,-0.006312445315959987,0,0.0
2024-10-07,ENA,,-0.6085797925164245,-1,-0.018898729425355143
2024-10-07,ETC,,0.08324140851019085,0,0.0
2024-10-07,ETH,,0.028478638189112837,0,0.0
2024-10-07,FET,,-0.24258368474894385,-1,-0.008559291729887331
2024-10-07,FIL,,0.031104008912179744,0,0.0
2024-10-07,HBAR,,-0.20504748827204886,-1,-0.006008653721050171
2024-10-07,ICP,,-0.23393425849950072,-1,-0.00878727982054302
2024-10-07,JST,,0.41696810851148974,1,0.039763180691197005
2024-10-07,JUP,,0.12564515909999155,1,8.142433331430544e-06
2024-10-07,LINK,,-0.14957571410321785,-1,-0.0018806952794322787
2024-10-07,LTC,,-0.05667550156264117,0,0.0
2024-10-07,LUNC,,0.011355296780175602,0,0.0
2024-10-07,NEAR,,-0.28769308535811283,-1,-0.010809536414037346
2024-10-07,NEXO,,0.15109839331141187,1,0.0005119789583679678
2024-10-07,PEPE,,-0.7054201197321046,-1,-0.02908777793464628
2024-10-07,POL,,0.11786557064262099,0,0.0
2024-10-07,QNT,,-0.13080963705727325,-1,-0.0003058986143783484
2024-10-07,RENDER,,-0.23557909400389188,-1,-0.006239687958045677
2024-10-07,SHIB,,-0.5479061546994717,-1,-0.026118212240683863
2024-10-07,SOL,,0.2079079770634095,1,0.002611388874296767
2024-10-07,STX,,-0.05285220888406429,0,0.0
2024-10-07,SUI,,-0.08400426203583765,0,0.0
2024-10-07,TAO,,-0.7769593864953325,-1,-0.032037067590454965
2024-10-07,TON,,0.14103376712669466,1,0.0002687519477350876
2024-10-07,TRX,,0.9477954722766777,1,0.2
2024-10-07,UNI,,0.5415316850884193,1,0.04877849986986299
2024-10-07,VET,,-0.03700058598966653,0,0.0
2024-10-07,WLD,,-0.037612893478980225,0,0.0
2024-10-07,XLM,,0.010670794166223919,0,0.0
2024-10-07,XRP,,-0.12815960280507407,-1,-2.7403971858544342e-08
2024-10-07,ZEC,,0.792988952417588,1,0.08015867470792344
2024-10-14,AAVE,,0.40631583400854726,1,0.037229816580068194
2024-10-14,ADA,,-0.18550263662384486,-1,-0.003952969578692622
2024-10-14,ALGO,,0.1234840566787934,0,0.0
2024-10-14,APT,,0.09495096596654456,0,0.0
2024-10-14,ARB,,-0.00037755070881763907,0,0.0
2024-10-14,ATOM,,-0.0019976588597864853,0,0.0
2024-10-14,AVAX,,0.266924580017262,1,0.004332327891244698
2024-10-14,BCH,,0.2871467352494484,1,0.0046704733655808205
2024-10-14,BNB,,0.603889962706492,1,0.11853369486618923
2024-10-14,BONK,,-0.5578928144777215,-1,-0.014661247214115153
2024-10-14,BTC,,0.43715392960707156,1,0.0399454818019055
2024-10-14,CAKE,,0.15069658453966106,0,0.0
2024-10-14,CHZ,,-0.3221188932521621,-1,-0.008655098935009648
2024-10-14,DASH,,0.4459261288810128,1,0.050228730232505646
2024-10-14,DEXE,,0.4944360171322925,1,0.05683753084139105
2024-10-14,DOGE,,-0.2308596740338924,-1,-0.0038013939339057133
2024-10-14,DOT,,0.07258121257352894,0,0.0
2024-10-14,ENA,,-0.8199845054396254,-1,-0.01622848684115152
2024-10-14,ETC,,0.24599369626598402,1,0.002132467556345025
2024-10-14,ETH,,0.32780269073009954,1,0.010483522306215201
2024-10-14,FET,,0.23661615305696995,1,0.0023674090054271453
2024-10-14,FIL,,0.17407178392478204,0,0.0
2024-10-14,HBAR,,-0.1829761749721084,-1,-0.0030458255674038538
2024-10-14,ICP,,-0.33406163012894835,-1,-0.010466664660192086
2024-10-14,JST,,0.18749640650750315,1,9.093535041999085e-12
2024-10-14,JUP,,0.09381460811720449,0,0.0
2024-10-14,LINK,,-0.04144159778019006,0,0.0
2024-10-14,LTC,,0.18315467292617998,0,0.0
2024-10-14,LUNC,,-0.09473742277927875,0,0.0
2024-10-14,NEAR,,-0.4374899332918511,-1,-0.013557952828458167
2024-10-14,NEXO,,0.49793903831829656,1,0.06987176350280422
2024-10-14,PEPE,,-1.0193705473097634,-1,-0.02558541463106549
2024-10-14,POL,,0.25031339292240495,1,0.0027736304799898925
2024-10-14,QNT,,0.014826655938551044,0,0.0
2024-10-14,RENDER,,-0.4223672866511442,-1,-0.011927980836881014
2024-10-14,SHIB,,-0.8258335516515107,-1,-0.025102779459892578
2024-10-14,SOL,,0.3949634217127875,1,0.018130526600539765
2024-10-14,STX,,0.0679740010635458,0,0.0
2024-10-14,SUI,,-0.5603500649962235,-1,-0.017797864898974954
2024-10-14,TAO,,-0.48749263632230005,-1,-0.0193791211494094
2024-10-14,TON,,0.13287926172215106,0,0.0
2024-10-14,TRX,,-0.10727852145013689,-1,-3.233084818825219e-08
2024-10-14,UNI,,0.1518995161342634,0,0.0
2024-10-14,VET,,0.15476799466689023,0,0.0
2024-10-14,WLD,,-0.08305444426884721,0,0.0
2024-10-14,XLM,,0.15666284285122714,0,0.0
2024-10-14,XRP,,-0.23132815711461063,-1,-0.005835020600961203
2024-10-14,ZEC,,0.2918335578932732,1,0.0045367430383785054
2024-10-21,AAVE,,0.1246495784409184,0,0.0
2024-10-21,ADA,,0.19358165190600746,1,0.0006575924527075258
2024-10-21,ALGO,,-0.04283769140045619,0,0.0
2024-10-21,APT,,-0.3781104987723804,-1,-0.01763913742519447
2024-10-21,ARB,,-0.3901744967044341,-1,-0.014253527963103373
2024-10-21,ATOM,,0.2648915832582972,1,0.00558894290578587
2024-10-21,AVAX,,-0.1167520870759931,-1,-0.003004927315532669
2024-10-21,BCH,,0.009128545508998172,0,0.0
2024-10-21,BNB,,0.41490550072357346,1,0.04314268726979219
2024-10-21,BONK,,-0.1387499432008825,-1,-0.003318050118043671
2024-10-21,BTC,,0.2880514236611404,1,0.009821369206486283
2024-10-21,CAKE,,0.049332214496746254,0,0.0
2024-10-21,CHZ,,-0.643555876433356,-1,-0.026295370360343302
2024-10-21,DASH,,0.07285785047850507,0,0.0
2024-10-21,DEXE,,0.04950474633661137,0,0.0
2024-10-21,DOGE,,-0.41444691175282444,-1,-0.013562948103282195
2024-10-21,DOT,,-0.06820382497344896,0,0.0
2024-10-21,ENA,,-0.6708900250679407,-1,-0.018553029132133584
2024-10-21,ETC,,0.009639920959333134,0,0.0
2024-10-21,ETH,,-0.12150843725567824,-1,-0.002940552211060663
2024-10-21,FET,,-0.028638862144603337,0,0.0
2024-10-21,FIL,,-0.12356316126242883,-1,-0.0028183506775387537
2024-10-21,HBAR,,-0.1452852470526622,-1,-0.004095890505937309
2024-10-21,ICP,,0.2565289882302176,1,0.005024137055016405
2024-10-21,JST,,0.16566113079688966,1,8.336397485441807e-12
2024-10-21,JUP,,0.02732647080796939,0,0.0
2024-10-21,LINK,,-0.07454432448293954,-1,-0.00025070322284363115
2024-10-21,LTC,,-0.01745781578367806,0,0.0
2024-10-21,LUNC,,0.5679336941472967,1,0.07959294009302238
2024-10-21,NEAR,,-0.06877500386828658,-1,-2.0991061995701717e-08
2024-10-21,NEXO,,0.2732380834680355,1,0.009507805936327126
2024-10-21,PEPE,,-0.05498512027201329,0,0.0
2024-10-21,POL,,-0.00949648050121685,0,0.0
2024-10-21,QNT,,0.11289288525469027,0,0.0
2024-10-21,RENDER,,0.16834929145877264,1,6.450969614168154e-06
2024-10-21,SHIB,,0.08140175688678447,0,0.0
2024-10-21,SOL,,0.5493737168801482,1,0.05371994231278168
2024-10-21,STX,,-0.06379779478654549,0,0.0
2024-10-21,SUI,,-1.1440335748838477,-1,-0.03895807789228875
2024-10-21,TAO,,-0.4528451795228994,-1,-0.020491535667378404
2024-10-21,TON,,0.23282498916511085,1,0.003762458084188037
2024-10-21,TRX,,0.7262476046865293,1,0.18558228376628394
2024-10-21,UNI,,0.22616530871339394,1,0.0028284833898087063
2024-10-21,VET,,-0.005335436434961271,0,0.0
2024-10-21,WLD,,-0.38380183044175853,-1,-0.013818004264785598
2024-10-21,XLM,,0.3433482985504165,1,0.017082613753090736
2024-10-21,XRP,,0.2540685070667775,1,0.0038472761167627247
2024-10-21,ZEC,,0.09588588219206895,0,0.0
2024-10-28,AAVE,,-0.05642344434278797,0,0.0
2024-10-28,ADA,,0.42534161548627225,1,0.03392333360155541
2024-10-28,ALGO,,0.07205134735724293,0,0.0
2024-10-28,APT,,-0.3705804627104215,-1,-0.018039616515986266
2024-10-28,ARB,,-0.2610186801506481,-1,-0.008716421589029215
2024-10-28,ATOM,,-0.09956654920655358,0,0.0
2024-10-28,AVAX,,-0.019188936057522685,0,0.0
2024-10-28,BCH,,0.003965233360672601,0,0.0
2024-10-28,BNB,,0.13585052344778345,1,0.0001509446595234912
2024-10-28,BONK,,-0.3709424818534176,-1,-0.01668193143172163
2024-10-28,BTC,,0.4287909573188479,1,0.03422061645131315
2024-10-28,CAKE,,-0.05628318172486349,0,0.0
2024-10-28,CHZ,,-0.48547207069496245,-1,-0.023209519792217206
2024-10-28,DASH,,0.38433858788167913,1,0.02320590951928741
2024-10-28,DEXE,,0.12496254027083106,1,1.0011450422160627e-05
2024-10-28,DOGE,,-0.15301214212000697,-1,-0.0012145997808643563
2024-10-28,DOT,,-0.09359667499212457,0,0.0
2024-10-28,ENA,,-0.29879712672752756,-1,-0.009310449516603259
2024-10-28,ETC,,0.14876912743275356,1,0.0003106938980424453
2024-10-28,ETH,,0.06455247433648917,0,0.0
2024-10-28,FET,,-0.026277607280001884,0,0.0
2024-10-28,FIL,,-0.08083303227165684,0,0.0
2024-10-28,HBAR,,-0.2560999530065886,-1,-0.010666552811935367
2024-10-28,ICP,,0.10642657351229928,0,0.0
2024-10-28,JST,,-0.005182891028641527,0,0.0
2024-10-28,JUP,,-0.4036429741074165,-1,-0.017605651046305997
2024-10-28,LINK,,0.09425290102884137,0,0.0
2024-10-28,LTC,,-0.1860580472556116,-1,-0.004588836655532434
2024-10-28,LUNC,,0.13306406494741474,1,8.161611904634971e-05
2024-10-28,NEAR,,-0.2022404497884243,-1,-0.006278733081192636
2024-10-28,NEXO,,0.5582636668282149,1,0.0651090478210832
2024-10-28,PEPE,,-0.07793860447028461,0,0.0
2024-10-28,POL,,0.06402291861472365,0,0.0
2024-10-28,QNT,,-0.016196586912525623,0,0.0
2024-10-28,RENDER,,0.2146568011643441,1,0.003118141924653744
2024-10-28,SHIB,,0.30542502310045,1,0.009594937683365027
2024-10-28,SOL,,0.014772847658766191,0,0.0
2024-10-28,STX,,-0.31052659202088806,-1,-0.014436569132004091
2024-10-28,SUI,,-0.5666499299712449,-1,-0.021711763291289213
2024-10-28,TAO,,-0.1319237600307181,-1,-3.522931223538506e-08
2024-10-28,TON,,0.3087478031430115,1,0.014229142744097688
2024-10-28,TRX,,0.9062195643245723,1,0.18669824052926962
2024-10-28,UNI,,0.12081536680227285,1,3.5567661149269533e-12
2024-10-28,VET,,-0.14486556182335195,-1,-0.0010062657172965075
2024-10-28,WLD,,-0.5656896745588884,-1,-0.026533072868598413
2024-10-28,XLM,,0.2724478107643357,1,0.00922617579155462
2024-10-28,XRP,,0.455496922765966,1,0.040207861572041044
2024-10-28,ZEC,,-0.10422725644070559,0,0.0
2024-11-04,AAVE,,-0.320371121292999,-1,-0.010854195974148209
2024-11-04,ADA,,-0.8119616686505329,-1,-0.029098721442662498
2024-11-04,ALGO,,0.018257948293171067,0,0.0
2024-11-04,APT,,-0.09279398099449236,0,0.0
2024-11-04,ARB,,-0.044584665706275825,0,0.0
2024-11-04,ATOM,,-0.07160668093573674,0,0.0
2024-11-04,AVAX,,-0.09780839767579674,0,0.0
2024-11-04,BCH,,0.20040889860780361,1,0.001388184338270097
2024-11-04,BNB,,0.23741915159301127,1,0.007158514682024093
2024-11-04,BONK,,-0.2973490488804527,-1,-0.00863908441798059
2024-11-04,BTC,,0.5809669395643997,1,0.1165037931566047
2024-11-04,CAKE,,0.04046489403167774,0,0.0
2024-11-04,CHZ,,-0.01804414485130611,0,0.0
2024-11-04,DASH,,0.3503152343618175,1,0.020688359194439693
2024-11-04,DEXE,,0.155059286382284,1,6.024293971802717e-05
2024-11-04,DOGE,,-0.5958996068531677,-1,-0.019640650928400605
2024-11-04,DOT,,-0.14207041432016376,-1,-1.9804989404908276e-08
2024-11-04,ENA,,-0.3457487159255722,-1,-0.00880355590731836
2024-11-04,ETC,,0.14644650678258647,1,4.099048579991476e-12
2024-11-04,ETH,,0.12249656343536468,0,0.0
2024-11-04,FET,,-0.04003520836238621,0,0.0
2024-11-04,FIL,,0.03696932425559117,0,0.0
2024-11-04,HBAR,,-0.17458605015831083,-1,-0.0020831455243785295
2024-11-04,ICP,,0.15231007007311828,1,2.737690335734474e-05
2024-11-04,JST,,0.05470133076534823,0,0.0
2024-11-04,JUP,,-0.05951700193170964,0,0.0
2024-11-04,LINK,,0.12383614368136693,0,0.0
2024-11-04,LTC,,0.013545011137112166,0,0.0
2024-11-04,LUNC,,0.21548097056076562,1,0.0025248448524681556
2024-11-04,NEAR,,-0.19053432498178896,-1,-0.003174841025962715
2024-11-04,NEXO,,0.5233772028793378,1,0.07305267056865225
2024-11-04,PEPE,,-0.3292032184731571,-1,-0.009430199049959674
2024-11-04,POL,,-0.06281666628965893,0,0.0
2024-11-04,QNT,,0.07279930415785014,0,0.0
2024-11-04,RENDER,,0.1741105992714972,1,0.0003945156200648715
2024-11-04,SHIB,,-0.2644174488313526,-1,-0.006136976196930428
2024-11-04,SOL,,0.16563553491389024,1,0.00022858767498370027
2024-11-04,STX,,-0.1647140390676839,-1,-0.0015517049135987632
2024-11-04,SUI,,-0.2633698329100279,-1,-0.0053164922315596715
2024-11-04,TAO,,-0.19832056368576328,-1,-0.0035745162919609895
2024-11-04,TON,,0.31753307868162245,1,0.025235296122167197
2024-11-04,TRX,,-0.3551628413115581,-1,-0.06478715471598603
2024-11-04,UNI,,0.12173391575033778,0,0.0
2024-11-04,VET,,-0.06537445372120636,0,0.0
2024-11-04,WLD,,-0.24262783766991053,-1,-0.006908757065346206
2024-11-04,XLM,,0.38457920875690516,1,0.03003392674383594
2024-11-04,XRP,,0.5080723860132595,1,0.06971885936058772
2024-11-04,ZEC,,0.5323984295308899,1,0.07311552948898634
2024-11-11,AAVE,,-0.581919480483238,-1,-0.032504926707776646
2024-11-11,ADA,,-0.561330308125177,-1,-0.021783619648930733
2024-11-11,ALGO,,0.2687692229201104,1,0.005569125968524395
2024-11-11,APT,,0.06219888606416634,0,0.0
2024-11-11,ARB,,0.1293583520901669,0,0.0
2024-11-11,ATOM,,0.04001352837613084,0,0.0
2024-11-11,AVAX,,0.018613811167454794,0,0.0
2024-11-11,BCH,,-0.10095053779955847,0,0.0
2024-11-11,BNB,,-0.0001313063437048097,0,0.0
2024-11-11,BONK,,-0.5642272297851944,-1,-0.015252598377245042
2024-11-11,BTC,,0.4172139176005393,1,0.08775020972748349
2024-11-11,CAKE,,-0.0864462934769704,0,0.0
2024-11-11,CHZ,,0.14272388135829372,0,0.0
2024-11-11,DASH,,0.29911808384316724,1,0.01758150525489192
2024-11-11,DEXE,,0.17006374026308843,0,0.0
2024-11-11,DOGE,,-0.39150172560552987,-1,-0.0123576757686222
2024-11-11,DOT,,-0.1490818316240968,-1,-0.00023669253272071253
2024-11-11,ENA,,-0.3073798156945433,-1,-0.008255326915606738
2024-11-11,ETC,,0.18297430440436982,0,0.0
2024-11-11,ETH,,-0.2733476852541734,-1,-0.013170292667204524
2024-11-11,FET,,-0.30583652211619583,-1,-0.01527654123577419
2024-11-11,FIL,,0.0006138799442025329,0,0.0
2024-11-11,HBAR,,-0.14486700269864802,-1,-1.4786689635666179e-08
2024-11-11,ICP,,0.043087058761678634,0,0.0
2024-11-11,JST,,0.3474227663338085,1,0.052733186258535354
2024-11-11,JUP,,-0.1345241404740411,0,0.0
2024-11-11,LINK,,-0.23601036917499232,-1,-0.008381143654322321
2024-11-11,LTC,,0.41244328011857784,1,0.06567996213635464
2024-11-11,LUNC,,0.28091810371892584,1,0.011170709678213462
2024-11-11,NEAR,,0.20969765049485517,1,0.0006460169418201805
2024-11-11,NEXO,,0.32781809439793314,1,0.03083949069600058
2024-11-11,PEPE,,-0.08007249606276656,0,0.0
2024-11-11,POL,,-0.08563748922212434,0,0.0
2024-11-11,QNT,,0.3651992570343399,1,0.030178425879800064
2024-11-11,RENDER,,0.4985833094867282,1,0.06221373660392151
2024-11-11,SHIB,,-0.5044312606834745,-1,-0.023569590419214293
2024-11-11,SOL,,0.25912861656100955,1,0.006397671811256313
2024-11-11,STX,,0.09517467896810494,0,0.0
2024-11-11,SUI,,-0.004109543307792865,0,0.0
2024-11-11,TAO,,-0.27230501357267645,-1,-0.010485183416745493
2024-11-11,TON,,0.30499763614750225,1,0.03292527096406633
2024-11-11,TRX,,0.38684390795973145,1,0.05766129331088907
2024-11-11,UNI,,-0.21430814327450243,-1,-0.0065167501230162074
2024-11-11,VET,,0.1839495732703254,1,8.868245865285097e-12
2024-11-11,WLD,,0.20020096769525675,1,0.00034174562533680633
2024-11-11,XLM,,-0.36790453666152706,-1,-0.010482487702579927
2024-11-11,XRP,,-0.291644561382466,-1,-0.0067022412606346435
2024-11-11,ZEC,,0.010840783842924135,0,0.0
2024-11-18,AAVE,,-0.36022590214300665,-1,-0.013201431898088149
2024-11-18,ADA,,-0.23810130671949856,-1,-0.0064304567036164335
2024-11-18,ALGO,,0.3598173531908793,1,0.044144424736590276
2024-11-18,APT,,-0.1420610206060425,-1,-1.3156167573915472e-08
2024-11-18,ARB,,0.32713430765299645,1,0.04019640534052188
2024-11-18,ATOM,,0.1168389077095553,0,0.0
2024-11-18,AVAX,,0.026180585886152054,0,0.0
2024-11-18,BCH,,-0.0257678967379174,0,0.0
2024-11-18,BNB,,-0.3591767752887123,-1,-0.02218155124108165
2024-11-18,BONK,,-0.4285639525948538,-1,-0.007474387200468276
2024-11-18,BTC,,-0.27399981529048945,-1,0.0017626061567462548
2024-11-18,CAKE,,0.1913306344869484,0,0.0
2024-11-18,CHZ,,0.2863898811302733,1,0.01619027454265021
2024-11-18,DASH,,0.44839061539810937,1,0.16399681308462244
2024-11-18,DEXE,,-0.11215879617511587,0,0.0
2024-11-18,DOGE,,-0.4790328022148501,-1,-0.010757625782157356
2024-11-18,DOT,,0.0031686963524071472,0,-4.671503023268128e-05
2024-11-18,ENA,,0.07016716875727422,0,-0.0016293198691582087
2024-11-18,ETC,,-0.008590104990449529,0,0.0
2024-11-18,ETH,,-0.5751474931065954,-1,-0.02750317831635255
2024-11-18,FET,,-0.007693876898797344,0,-0.0030150680187366295
2024-11-18,FIL,,0.18044986008918804,0,0.0
2024-11-18,HBAR,,0.26469186591607613,1,0.006167613074524764
2024-11-18,ICP,,0.2165846235941297,1,0.0013766044389084756
2024-11-18,JST,,0.21006763500481046,1,0.012303871243311636
2024-11-18,JUP,,-0.20542419954710528,-1,-0.001839114315643829
2024-11-18,LINK,,-0.08244160542387927,0,-0.0016541518006319873
2024-11-18,LTC,,0.055935787349579554,0,0.012962983587241295
2024-11-18,LUNC,,0.3738100955879942,1,0.08886315510263508
2024-11-18,NEAR,,0.19604941098916115,1,0.0001275017258951333
2024-11-18,NEXO,,0.2496028308848731,1,0.024134095893832534
2024-11-18,PEPE,,-0.14108011313047064,0,0.0
2024-11-18,POL,,0.2135716376594536,1,0.000727464210172447
2024-11-18,QNT,,0.33236608988554883,1,0.05782714175738631
2024-11-18,RENDER,,0.42318489660011216,1,0.12953942667623686
2024-11-18,SHIB,,-0.3696481952866017,-1,-0.011333108632141415
2024-11-18,SOL,,-0.3096415755765187,-1,-0.007361868219948626
2024-11-18,STX,,0.03549858421698593,0,0.0
2024-11-18,SUI,,-0.3631511143792587,-1,-0.006520564620075758
2024-11-18,TAO,,-0.07152935226543246,0,-0.00206941746187843
2024-11-18,TON,,0.28756460100277487,1,0.054036485422613176
2024-11-18,TRX,,-0.19333210374112658,-1,0.007861968254259818
2024-11-18,UNI,,-0.11583937030432945,0,-0.0012861841289042554
2024-11-18,VET,,0.1688241480385831,0,1.750289157607173e-12
2024-11-18,WLD,,0.3471451178516118,1,0.05683464766881036
2024-11-18,XLM,,-0.4645160545630786,-1,-0.005534315307748827
2024-11-18,XRP,,-0.18079286569672423,-1,-0.002083348027270243
2024-11-18,ZEC,,0.1231509574453647,0,0.0
2024-11-25,AAVE,,-0.11297322763806979,0,-0.001321465207371213
2024-11-25,ADA,,-0.43765085078638255,-1,-0.00519666804057332
2024-11-25,ALGO,,0.5135405559548716,1,0.03604059533563104
2024-11-25,APT,,-0.04546377470637781,0,-1.3169342420947863e-09
2024-11-25,ARB,,0.31813669486575447,1,0.014151620686376216
2024-11-25,ATOM,,-0.17885102701577482,-1,-1.0407684007624503e-05
2024-11-25,AVAX,,-0.025339424157260905,0,0.0
2024-11-25,BCH,,-0.16029852477663364,0,0.0
2024-11-25,BNB,,-0.4379383106903438,-1,-0.02263951198901768
2024-11-25,BONK,,-0.4769164238901057,-1,-0.003815772781643634
2024-11-25,BTC,,-0.7334973936819902,-1,-0.04134552953442694
2024-11-25,CAKE,,0.16129187240289164,0,0.0
2024-11-25,CHZ,,0.13431673786992537,0,0.0016206487804552912
2024-11-25,DASH,,0.5319459689423369,1,0.07565422999188903
2024-11-25,DEXE,,0.1964713988882313,1,7.5165678587118e-12
2024-11-25,DOGE,,-0.7332502181888194,-1,-0.009776613413424421
2024-11-25,DOT,,-0.284678770173209,-1,-0.0017611666330539406
2024-11-25,ENA,,0.04210571697048853,0,-0.0001630951502376802
2024-11-25,ETC,,0.17125265060781308,0,0.0
2024-11-25,ETH,,-0.47054320839322894,-1,-0.013933840047060232
2024-11-25,FET,,0.14248505643010728,0,-0.0003018087367624967
2024-11-25,FIL,,0.242475391285455,1,0.00151195671455133
2024-11-25,HBAR,,0.4268789440700933,1,0.021498224372611154
2024-11-25,ICP,,0.11904919230041118,0,0.00013779829978850778
2024-11-25,JST,,0.45242188686812135,1,0.08926384032075485
2024-11-25,JUP,,0.015535727646601487,0,-0.00018409560411803533
2024-11-25,LINK,,-0.2403078411156775,-1,-0.0017252039807693531
2024-11-25,LTC,,0.5349860530050512,1,0.13893295841298456
2024-11-25,LUNC,,0.24524591681157998,1,0.011365198960878481
2024-11-25,NEAR,,0.027732237864459046,0,1.27629408651194e-05
2024-11-25,NEXO,,0.26582150723889425,1,0.009794414423890103
2024-11-25,PEPE,,-0.108813570407212,0,0.0
2024-11-25,POL,,0.040538144166575286,0,7.281927072546484e-05
2024-11-25,QNT,,0.7037316394187246,1,0.18576847670385346
2024-11-25,RENDER,,0.32886893936254813,1,0.02786745199461381
2024-11-25,SHIB,,-0.16870687058717096,0,-0.001134445783180697
2024-11-25,SOL,,-0.4732004888500374,-1,-0.011089196149185968
2024-11-25,STX,,0.35728911795359763,1,0.02259841928104018
2024-11-25,SUI,,-0.2913489629837798,-1,-0.0024977404985941235
2024-11-25,TAO,,0.1935982030585295,0,-0.0002071489817551404
2024-11-25,TON,,0.36939151023565736,1,0.04739040041910238
2024-11-25,TRX,,-0.4288320478923602,-1,-0.011347207268237292
2024-11-25,UNI,,-0.013441703121778717,0,-0.00012874721391898172
2024-11-25,VET,,-0.17799203801463728,-1,-6.02608708721087e-09
2024-11-25,WLD,,0.6808998163917147,1,0.12210126084579712
2024-11-25,XLM,,-1.1346164220944803,-1,-0.007853484249375445
2024-11-25,XRP,,-0.27718001158822075,-1,-0.0019030510806565689
2024-11-25,ZEC,,0.19583023014311196,0,0.0
2024-12-02,AAVE,,-0.007245447066048804,0,-0.00046195718197826724
2024-12-02,ADA,,-0.3516147691762994,-1,-0.009516815963422307
2024-12-02,ALGO,,-0.35216092545962296,-1,0.008020959361557698
2024-12-02,APT,,1.3253569876411573,1,0.1300840941640721
2024-12-02,ARB,,0.304321513134584,1,0.012331755498895283
2024-12-02,ATOM,,-0.289551703194159,-1,-0.003352005685903983
2024-12-02,AVAX,,0.20521113031232557,1,0.0009821142644921056
2024-12-02,BCH,,-0.02897598917764371,0,0.0
2024-12-02,BNB,,-0.2159146965920842,-1,-0.009942197500498273
2024-12-02,BONK,,-0.5927568086582561,-1,-0.008734108243380834
2024-12-02,BTC,,-0.585511046764656,-1,-0.056730881406100706
2024-12-02,CAKE,,0.051747302894890254,0,0.0
2024-12-02,CHZ,,0.05939791139041104,0,0.0005665456339066009
2024-12-02,DASH,,0.23002483563239007,1,0.027823866921025446
2024-12-02,DEXE,,0.26677480074564547,1,0.003559851699268396
2024-12-02,DOGE,,-0.39254754710789946,-1,-0.016800607452685763
2024-12-02,DOT,,-0.42755285073835464,-1,-0.008258497321646184
2024-12-02,ENA,,0.40056591062939184,1,0.014603961064394478
2024-12-02,ETC,,0.8181795119554284,1,0.13008409462444534
2024-12-02,ETH,,-0.20682743908317108,-1,-0.005927174708890466
2024-12-02,FET,,0.012428029047480523,0,-0.00010550615540501202
2024-12-02,FIL,,0.018580427072261006,0,0.0005285491129325265
2024-12-02,HBAR,,0.6316087435074501,1,0.06388611349316439
2024-12-02,ICP,,-0.007008016179417924,0,4.817146444462811e-05
2024-12-02,JST,,-0.03148147730839067,0,0.03120481106662258
2024-12-02,JUP,,0.3173021602240618,1,0.009438767083492798
2024-12-02,LINK,,-0.20823759758759355,-1,-0.0010008809043567431
2024-12-02,LTC,,0.10366358799150238,0,0.048568117869740496
2024-12-02,LUNC,,0.30737627910268234,1,0.01201812261887599
2024-12-02,NEAR,,0.12377314612063844,0,4.461662829197438e-06
2024-12-02,NEXO,,0.2913477525147078,1,0.01454374897911681
2024-12-02,PEPE,,-0.171468180282646,0,0.0
2024-12-02,POL,,-0.021677725268363604,0,2.5456126207792482e-05
2024-12-02,QNT,,0.1448529598245466,0,0.06494085619493774
2024-12-02,RENDER,,0.36916704040073556,1,0.027807471404580026
2024-12-02,SHIB,,0.058461434217421226,0,-0.00039657902015279294
2024-12-02,SOL,,-0.28811180988302315,-1,-0.013200535070027403
2024-12-02,STX,,0.39682788859535006,1,0.036441374828022316
2024-12-02,SUI,,0.09643447258264672,0,-0.0008731589417619872
2024-12-02,TAO,,0.16491809114580108,1,-7.24150404242174e-05
2024-12-02,TON,,-0.12462276710122015,0,0.016566713757058038
2024-12-02,TRX,,-0.3732110431498801,-1,-0.01051084638664655
2024-12-02,UNI,,-0.13496248551833287,0,-4.500739012862909e-05
2024-12-02,VET,,-0.1969743156094218,-1,-1.217498113997352e-08
2024-12-02,WLD,,0.2996545634050382,1,0.047867280825836966
2024-12-02,XLM,,-1.4077198519720382,-1,-0.01850456822780793
2024-12-02,XRP,,-0.6586141690694363,-1,-0.016797485908543127
2024-12-02,ZEC,,0.07677218185940382,0,0.0
2024-12-09,AAVE,,0.2549494115101075,1,0.02655823278139033
2024-12-09,ADA,,-0.2428599147110398,-1,-0.0052280210814016
2024-12-09,ALGO,,-0.2786982415061752,-1,0.0017615559952862308
2024-12-09,APT,,0.11924513453264933,1,0.05056063481427128
2024-12-09,ARB,,0.09447141872510607,0,0.004740762374737344
2024-12-09,ATOM,,-0.19654605409687753,-1,-0.0018171658352171259
2024-12-09,AVAX,,-0.01926699238258064,0,0.0003775594118140042
2024-12-09,BCH,,-0.007404557871623475,0,0.0
2024-12-09,BNB,,-0.32378348781450267,-1,-0.014201730661220624
2024-12-09,BONK,,0.3799939866113528,1,0.11975523624570567
2024-12-09,BTC,,-0.4764728446838378,-1,-0.053181588805748414
2024-12-09,CAKE,,0.09070183985860071,0,0.0
2024-12-09,CHZ,,-0.0022685507766511737,0,0.00021780015221974997
2024-12-09,DASH,,0.06402233946428862,0,0.010696477190997908
2024-12-09,DEXE,,0.2602107811182873,1,0.020439697822401945
2024-12-09,DOGE,,-0.03871470198259546,0,-0.006458746906842222
2024-12-09,DOT,,-0.28566853253372565,-1,-0.004926871844302641
2024-12-09,ENA,,1.8753090531282688,1,0.1287272143945771
2024-12-09,ETC,,-0.05229494324946256,0,0.05000892057927914
2024-12-09,ETH,,-0.31012852204952623,-1,-0.015459680349875512
2024-12-09,FET,,0.03957710767849213,0,-4.0560292643823485e-05
2024-12-09,FIL,,-0.0288784560177005,0,0.000203192947509849
2024-12-09,HBAR,,-0.15977044811417612,-1,0.024560074417624582
2024-12-09,ICP,,-0.054757940791157686,0,1.8518812361755692e-05
2024-12-09,JST,,-0.03320574785135772,0,0.011996231536433258
2024-12-09,JUP,,0.2938702352965682,1,0.04535996042327951
2024-12-09,LINK,,-0.10618097379677824,0,-0.0003847739710208008
2024-12-09,LTC,,-0.21704234770607045,-1,0.0169733257817331
2024-12-09,LUNC,,0.20550509980345585,1,0.014108149101828468
2024-12-09,NEAR,,0.05644566035193978,0,1.7152207786894754e-06
2024-12-09,NEXO,,0.13873837105707237,1,0.009678696833855782
2024-12-09,PEPE,,0.41925542162700447,1,0.10414904748215373
2024-12-09,POL,,0.08025919030784574,0,9.78623403158446e-06
2024-12-09,QNT,,-0.06292019819900344,0,0.02496555885005742
2024-12-09,RENDER,,0.24946663700983052,1,0.03780190206567149
2024-12-09,SHIB,,0.09283995756554143,0,-0.0001524589826257087
2024-12-09,SOL,,-0.16493313680095342,-1,-0.005363523669760995
2024-12-09,STX,,0.10962857563745629,1,0.014022966548385325
2024-12-09,SUI,,0.2364783343808317,1,0.019318284621225878
2024-12-09,TAO,,0.16511294429438425,1,0.003648260555703783
2024-12-09,TON,,-0.07106385299657157,0,0.00636882990905391
2024-12-09,TRX,,-0.38350827245589403,-1,-0.00779215472916382
2024-12-09,UNI,,-0.1914145011307596,-1,-0.0006109553033462027
2024-12-09,VET,,-0.17853773653809688,-1,-0.0002017840637930357
2024-12-09,WLD,,0.2220697735362768,1,0.028308926323913616
2024-12-09,XLM,,-1.1481989234074317,-1,-0.013193618529599079
2024-12-09,XRP,,-0.5211868138664482,-1,-0.012822486412559597
2024-12-09,ZEC,,0.10755541983563068,1,8.61530493566312e-12
2024-12-16,AAVE,,0.17347881955027356,1,0.010507512141194487
2024-12-16,ADA,,0.09885138507096276,0,-0.0016516810970519731
2024-12-16,ALGO,,-0.7910677255648405,-1,-0.01888418986592769
2024-12-16,APT,,0.12129916076623251,1,0.016101899128968415
2024-12-16,ARB,,0.038268590485289446,0,0.0014977421624837173
2024-12-16,ATOM,,0.04007293425221505,0,-0.0005740945595866145
2024-12-16,AVAX,,0.024032605573450817,0,0.00011928179588366675
2024-12-16,BCH,,0.06998986633828415,0,0.0
2024-12-16,BNB,,0.19959281348301477,1,0.00447281121167656
2024-12-16,BONK,,0.15012837694411402,1,0.040099820605147135
2024-12-16,BTC,,0.19963617291752656,1,-0.0023382662245296296
2024-12-16,CAKE,,-0.258846313406737,-1,-0.006768164341077005
2024-12-16,CHZ,,-0.02723791512655348,0,6.880928534051746e-05
2024-12-16,DASH,,-0.22859526348956286,-1,-0.002606318837006398
2024-12-16,DEXE,,0.7266713859859768,1,0.13650844489196307
2024-12-16,DOGE,,0.046124092238112376,0,-0.002040502517219046
2024-12-16,DOT,,0.06253904224545696,0,-0.0015565394565414835
2024-12-16,ENA,,0.3294155468164586,1,0.0616367093938273
2024-12-16,ETC,,0.04802669767200095,0,0.015799245549833273
2024-12-16,ETH,,0.09635018601622831,0,-0.004884154329674125
2024-12-16,FET,,-0.023730143576358574,0,-1.2814154267476509e-05
2024-12-16,FIL,,-0.031084692337392437,-1,6.41825715185521e-05
2024-12-16,HBAR,,-0.541512353727365,-1,-0.006653311356145344
2024-12-16,ICP,,0.06348976750261655,0,5.85062145724249e-06
2024-12-16,JST,,-0.30781027638948455,-1,-0.008570915567249093
2024-12-16,JUP,,0.18394004661861743,1,0.01765874699733927
2024-12-16,LINK,,-0.14700599951989696,-1,-0.004102293584767155
2024-12-16,LTC,,-0.03379032213199418,-1,0.005277115287805632
2024-12-16,LUNC,,0.03873888180269441,0,0.004457167028032276
2024-12-16,NEAR,,0.022230470982052844,0,5.41887206138171e-07
2024-12-16,NEXO,,0.30635322393211406,1,0.04348389670500657
2024-12-16,PEPE,,0.16348466121557162,1,0.03462455065216476
2024-12-16,POL,,0.1366327157483397,1,0.0005807929463474775
2024-12-16,QNT,,-0.32991825618628595,-1,-0.0014064795449406295
2024-12-16,RENDER,,0.10878021354258768,1,0.01194269994910684
2024-12-16,SHIB,,0.05057329466477237,0,-4.816614465738701e-05
2024-12-16,SOL,,-0.054625336935144486,-1,-0.0038212970363294464
2024-12-16,STX,,0.004242297300032656,0,0.0044302554278053425
2024-12-16,SUI,,0.43714172083397473,1,0.07010108356460452
2024-12-16,TAO,,0.009735686575276323,0,0.0011525896516394298
2024-12-16,TON,,0.14437667207397054,1,0.003430449665639491
2024-12-16,TRX,,-0.44382521980270623,-1,-0.015537059459508742
2024-12-16,UNI,,-0.23288748734732326,-1,-0.006993106748436751
2024-12-16,VET,,-0.35027824391128715,-1,-0.010136170631531428
2024-12-16,WLD,,-0.13840969813591578,-1,0.005632676981237442
2024-12-16,XLM,,0.0662124447305195,0,-0.00416824071436438
2024-12-16,XRP,,-0.5564377095909968,-1,-0.020821544816185124
2024-12-16,ZEC,,0.336653183301113,1,0.02332061806948802
2024-12-23,AAVE,,-0.2734329009242229,-1,-0.007619118926479387
2024-12-23,ADA,,0.14535799384262435,1,8.19296860613338e-06
2024-12-23,ALGO,,-0.0022753441536211604,0,0.0
2024-12-23,APT,,0.09897054842227576,0,0.0
2024-12-23,ARB,,-0.012802148701037932,0,0.0
2024-12-23,ATOM,,0.037572605978679355,0,0.0
2024-12-23,AVAX,,-0.06195753972666679,-1,-1.233832797509118e-08
2024-12-23,BCH,,0.0169988166614682,0,0.0
2024-12-23,BNB,,0.5146185003078793,1,0.06566186452635286
2024-12-23,BONK,,0.4271393683268407,1,0.04233846171528701
2024-12-23,BTC,,0.09138198942107321,0,0.0
2024-12-23,CAKE,,-0.33932057274305705,-1,-0.0076409830029987025
2024-12-23,CHZ,,-0.11679415262013164,-1,-0.0018823976370027874
2024-12-23,DASH,,0.015721943704817613,0,0.0
2024-12-23,DEXE,,0.7364061842270704,1,0.06873303465956664
2024-12-23,DOGE,,0.2472579380403325,1,0.005162603311015728
2024-12-23,DOT,,0.14095412265453192,0,0.0
2024-12-23,ENA,,-0.30401468514532454,-1,-0.009433373397136197
2024-12-23,ETC,,0.0832656502193418,0,0.0
2024-12-23,ETH,,0.2799447696793695,1,0.010274550479972359
2024-12-23,FET,,0.18604963683320516,1,0.0007434646530406107
2024-12-23,FIL,,0.1099651115189104,0,0.0
2024-12-23,HBAR,,-0.8963340583827277,-1,-0.02358678151430363
2024-12-23,ICP,,0.1428684008342714,1,3.773477525424101e-12
2024-12-23,JST,,-0.5349999147450343,-1,-0.019817401558042184
2024-12-23,JUP,,0.27446291486738505,1,0.006731108517549021
2024-12-23,LINK,,-0.5778914734222761,-1,-0.017478289053763932
2024-12-23,LTC,,0.060412443627641886,0,0.0
2024-12-23,LUNC,,-0.004846955236079425,0,0.0
2024-12-23,NEAR,,0.12956699534911884,0,0.0
2024-12-23,NEXO,,0.4217381403567044,1,0.05701148155628181
2024-12-23,PENGU,,0.047104593941813606,0,0.0
2024-12-23,PEPE,,0.09898125307332468,0,0.0
2024-12-23,POL,,0.08142607917955273,0,0.0
2024-12-23,QNT,,-0.4975270876544874,-1,-0.01245346954054938
2024-12-23,RENDER,,-0.007950892442097238,0,0.0
2024-12-23,SHIB,,0.269844919769274,1,0.007862578402585113
2024-12-23,SOL,,0.49320009703507955,1,0.056137631311245426
2024-12-23,STX,,-0.039934487676663744,0,0.0
2024-12-23,SUI,,-0.16994586983914303,-1,-0.005568759698233068
2024-12-23,TAO,,0.1920082197115639,1,0.0010611414141436545
2024-12-23,TON,,0.5655856859426989,1,0.0963668061430534
2024-12-23,TRX,,-0.7252623899740211,-1,-0.019556026902594167
2024-12-23,UNI,,-0.6411934625192425,-1,-0.019283313063902754
2024-12-23,VET,,-0.7110991991808918,-1,-0.019230931462738615
2024-12-23,WLD,,0.032003553085253655,0,0.0
2024-12-23,XLM,,-0.16309828880779775,-1,-0.015430998353553552
2024-12-23,XRP,,-0.07861287442186489,-1,-0.0010193252514336703
2024-12-23,ZEC,,0.2184858217042874,1,0.002092970165563248
2024-12-30,AAVE,,-0.9014403298625059,-1,-0.065
2024-12-30,ADA,,-0.18052130249802514,-1,-0.005934998774428719
2024-12-30,ALGO,,-0.22864270533990186,-1,-0.010835962682137344
2024-12-30,APT,,-0.11570524975673042,-1,-0.00024837927147758793
2024-12-30,ARB,,-0.1573290639972485,-1,-0.003541051706774748
2024-12-30,ATOM,,-0.10439407904177023,0,0.0
2024-12-30,AVAX,,-0.11367211412227361,-1,-9.819166369924855e-05
2024-12-30,BCH,,0.1803993111491883,1,0.0038376521263554534
2024-12-30,BNB,,0.4034496038032907,1,0.08349984831654891
2024-12-30,BONK,,0.17742606855692586,1,0.0028495971269892266
2024-12-30,BTC,,0.28804319799622324,1,0.03853980331967562
2024-12-30,CAKE,,-0.050778280510860474,0,0.0
2024-12-30,CHZ,,0.051158293925292114,0,0.0
2024-12-30,DASH,,-0.030789041505225847,0,0.0
2024-12-30,DEXE,,-0.09918235963307816,0,0.0
2024-12-30,DOGE,,-0.08969832767819723,0,0.0
2024-12-30,DOT,,0.07409543435030405,0,0.0
2024-12-30,ENA,,-0.5664378115349361,-1,-0.038726404836083916
2024-12-30,ETC,,0.09390730916267485,0,0.0
2024-12-30,ETH,,0.3046458891320477,1,0.025882991978957926
2024-12-30,FET,,-0.2350316148253216,-1,-0.009661675834000072
2024-12-30,FIL,,-0.1182818936157977,-1,-0.0004102984282111325
2024-12-30,HBAR,,0.5028486437134742,1,0.10015980639566327
2024-12-30,ICP,,-0.003937085356099562,0,0.0
2024-12-30,JST,,-0.028088389600738933,0,0.0
2024-12-30,JUP,,-0.015049447415996973,0,0.0
2024-12-30,LINK,,-0.2280132251074913,-1,-0.011980170067634554
2024-12-30,LTC,,0.08174720630733688,0,0.0
2024-12-30,LUNC,,0.1559627061163619,1,0.0013697403748579454
2024-12-30,NEAR,,-0.0064853590517031144,0,0.0
2024-12-30,NEXO,,0.4312842932659446,1,0.1079641447439835
2024-12-30,PENGU,,0.04539500387750074,0,0.0
2024-12-30,PEPE,,0.1144647592450767,1,6.436260118090619e-06
2024-12-30,POL,,0.15619238408452582,1,0.0013631805443352725
2024-12-30,QNT,,0.040469021664331875,0,0.0
2024-12-30,RENDER,,-0.06277795728573897,0,0.0
2024-12-30,SHIB,,0.11196900957634902,1,5.701600026789368e-12
2024-12-30,SOL,,0.30125048471629967,1,0.019647626770698652
2024-12-30,STX,,-0.15141269942593036,-1,-0.0034176355120418343
2024-12-30,SUI,,-0.08441287499679938,0,0.0
2024-12-30,TAO,,-0.15350119773356752,-1,-0.0032737383905209485
2024-12-30,TON,,0.22248163564278411,1,0.011338829254504752
2024-12-30,TRX,,0.23118136247902332,1,0.012361578357495928
2024-12-30,UNI,,0.044032439908655824,0,0.0
2024-12-30,VET,,0.08115277264979007,0,0.0
2024-12-30,WLD,,-0.11203570234433281,-1,-3.070407966103405e-08
2024-12-30,XLM,,-0.332736517745502,-1,-0.01979451073770677
2024-12-30,XRP,,0.23385005682696214,1,0.011229785966473168
2024-12-30,ZEC,,-0.15705225816459717,-1,-0.007076979896847122
2025-01-06,AAVE,,-0.14625245031038503,0,0.0
2025-01-06,ADA,,-0.2976586814063879,-1,-0.010890254047577463
2025-01-06,ALGO,,-0.17861268181667928,-1,-0.002083036141051527
2025-01-06,APT,,0.07276028449496677,0,0.0
2025-01-06,ARB,,-0.4548014227965525,-1,-0.021564250796447967
2025-01-06,ATOM,,-0.016369806718555494,0,0.0
2025-01-06,AVAX,,-0.20575007030255127,-1,-0.003829245229119981
2025-01-06,BCH,,0.5360969639791321,1,0.05133685542668172
2025-01-06,BNB,,0.5697760759403141,1,0.08952073306810827
2025-01-06,BONK,,-0.15281117129838892,-1,-0.000459192612835397
2025-01-06,BTC,,0.4735476822466797,1,0.07109592209811967
2025-01-06,CAKE,,-0.14668766079956244,-1,-2.1581637418281927e-08
2025-01-06,CHZ,,0.13674923461619384,1,0.0001284912655250701
2025-01-06,DASH,,-0.12235168171349932,0,0.0
2025-01-06,DEXE,,0.10495374750260913,0,0.0
2025-01-06,DOGE,,-0.16617997493320338,-1,-0.001213613095836391
2025-01-06,DOT,,0.04272051276271806,0,0.0
2025-01-06,ENA,,-0.963928579181177,-1,-0.050943778786797136
2025-01-06,ETC,,0.19162907780122898,1,0.00169573825852023
2025-01-06,ETH,,0.1486528360227821,1,0.0004184690117842491
2025-01-06,FET,,-0.4877379054099053,-1,-0.022293386130818934
2025-01-06,FIL,,-0.17269575653407218,-1,-0.0015564819516501965
2025-01-06,HBAR,,0.3398216598740672,1,0.01909356309044905
2025-01-06,ICP,,-0.23960257817194958,-1,-0.006634541913626222
2025-01-06,JST,,0.3302390934939423,1,0.018515684711073704
2025-01-06,JUP,,-0.03845733961990894,0,0.0
2025-01-06,LINK,,-0.10114711587514845,0,0.0
2025-01-06,LTC,,-0.056711611001123964,0,0.0
2025-01-06,LUNC,,-0.05724433110553446,0,0.0
2025-01-06,NEAR,,-0.14243025130342785,0,0.0
2025-01-06,NEXO,,0.21268103638835753,1,0.0051486342815685515
2025-01-06,PENGU,,0.05159144390878173,0,0.0
2025-01-06,PEPE,,0.013073045387839152,0,0.0
2025-01-06,POL,,0.16799138903545588,1,0.0008035562103043711
2025-01-06,QNT,,0.11842987301024567,1,2.6838218321970857e-12
2025-01-06,RENDER,,-0.15560800514347778,-1,-0.0005047637429392832
2025-01-06,SHIB,,0.22678000618414024,1,0.0032792426945562527
2025-01-06,SOL,,0.05520838344082846,0,0.0
2025-01-06,STX,,0.018029922885430556,0,0.0
2025-01-06,SUI,,-0.26866388411987685,-1,-0.009567455735249386
2025-01-06,TAO,,-0.49377830245537324,-1,-0.026148565330456675
2025-01-06,TON,,0.3359017239603139,1,0.018230637981690802
2025-01-06,TRX,,0.11729918486839092,0,0.0
2025-01-06,UNI,,0.10936603136932783,0,0.0
2025-01-06,VET,,0.07324260866519193,0,0.0
2025-01-06,WLD,,0.15999896574278272,1,0.0004987135499347407
2025-01-06,XLM,,-0.10813841885813963,0,0.0
2025-01-06,XRP,,0.8553839859387343,1,0.14029874314201082
2025-01-06,ZEC,,-0.2883050886455763,-1,-0.02231186792123748
2025-01-13,AAVE,,0.2837770837380734,1,0.00421321872261975
2025-01-13,ADA,,-0.3427976468738389,-1,-0.011086112856962265
2025-01-13,ALGO,,-0.11572228105041435,0,0.0
2025-01-13,APT,,0.18505929020639209,1,4.123205378162632e-12
2025-01-13,ARB,,-0.39100526032130467,-1,-0.01258585364731263
2025-01-13,ATOM,,-0.09352439452474896,0,0.0
2025-01-13,AVAX,,-0.13231828894658393,-1,-0.0002712967753839882
2025-01-13,BCH,,0.27418536518946046,1,0.00650291390824044
2025-01-13,BNB,,0.37387435595033186,1,0.028351328584292144
2025-01-13,BONK,,0.09222213698671558,0,0.0
2025-01-13,BTC,,0.6924493558171425,1,0.1606687157759522
2025-01-13,CAKE,,0.010645671946160716,0,0.0
2025-01-13,CHZ,,0.10105560816115085,0,0.0
2025-01-13,DASH,,0.03104827656803826,0,0.0
2025-01-13,DEXE,,-0.3100388613657595,-1,-0.008641428092196252
2025-01-13,DOGE,,-0.007255432089250988,0,0.0
2025-01-13,DOT,,0.037096443492653675,0,0.0
2025-01-13,ENA,,-0.9336531284306492,-1,-0.028979205866114233
2025-01-13,ETC,,0.3212668903601044,1,0.00941310110457619
2025-01-13,ETH,,0.17580037165305729,0,0.0
2025-01-13,FET,,-0.482544286485918,-1,-0.016778282836119825
2025-01-13,FIL,,-0.07481524225039674,0,0.0
2025-01-13,HBAR,,0.5116897992040458,1,0.03678796509562986
2025-01-13,ICP,,-0.1972594769091528,-1,-0.003708473334320733
2025-01-13,JST,,-0.12557793611258158,-1,-4.476878954979157e-08
2025-01-13,JUP,,0.2620612363179143,1,0.0016664546416227492
2025-01-13,LINK,,0.017274187304494558,0,0.0
2025-01-13,LTC,,0.14971750115293558,0,0.0
2025-01-13,LUNC,,-0.2637647651567099,-1,-0.00835222764267725
2025-01-13,NEAR,,0.03848090902182963,0,0.0
2025-01-13,NEXO,,0.5897571919525426,1,0.08864831654011673
2025-01-13,PENGU,,-0.9736502176943951,-1,-0.031602919330425756
2025-01-13,PEPE,,-0.08637574101493257,0,0.0
2025-01-13,POL,,0.27635511611121866,1,0.0039615392137827
2025-01-13,QNT,,0.34342730154033557,1,0.01169716187566109
2025-01-13,RENDER,,-0.23099034136381208,-1,-0.005469452295768759
2025-01-13,SHIB,,0.11814148516469258,0,0.0
2025-01-13,SOL,,-0.12962583676063108,-1,-0.00012091259723697661
2025-01-13,STX,,0.0897993976528397,0,0.0
2025-01-13,SUI,,-0.6350106622682682,-1,-0.026555880893438934
2025-01-13,TAO,,-0.4423610363440658,-1,-0.015326513473979732
2025-01-13,TON,,0.06460772228774156,0,0.0
2025-01-13,TRX,,0.2591697110067391,1,0.0036798868004938134
2025-01-13,UNI,,-0.011604836791924464,0,0.0
2025-01-13,VET,,0.20650862008363313,1,0.0002685194866203243
2025-01-13,WLD,,-0.04382966515639403,0,0.0
2025-01-13,XLM,,-0.3346990007867414,-1,-0.010521404904889417
2025-01-13,XRP,,0.6286721267653631,1,0.06323351954679989
2025-01-13,ZEC,,0.22428118306286635,1,0.0009228817640658031
2025-01-20,AAVE,,0.2733100137076257,1,0.011107004709019229
2025-01-20,ADA,,-0.3680867820604395,-1,-0.014639893201024195
2025-01-20,ALGO,,-0.15363360828863076,-1,-0.0016905103299780175
2025-01-20,APT,,-0.022072218561622448,0,4.822207190032414e-13
2025-01-20,ARB,,-0.17533441520967438,-1,-0.00393685612758987
2025-01-20,ATOM,,0.17012144291324593,1,7.85441961583573e-12
2025-01-20,AVAX,,-0.050658724846334824,0,-3.1728937583804125e-05
2025-01-20,BCH,,0.18734503833374774,1,0.0015284293381130588
2025-01-20,BNB,,-0.3415959625845602,-1,-0.03595143767224839
2025-01-20,BONK,,-0.1939197049625222,-1,-0.003151643067758736
2025-01-20,BTC,,0.055404754150569994,0,0.01879066806934862
2025-01-20,CAKE,,0.06726723161130482,0,0.0
2025-01-20,CHZ,,0.04912146413881165,0,0.0
2025-01-20,DASH,,0.10449635385845599,0,0.0
2025-01-20,DEXE,,0.010442765998949083,0,-0.0010106398507101775
2025-01-20,DOGE,,-0.23802915306079273,-1,-0.006642286970361667
2025-01-20,DOT,,0.12258125659914278,0,0.0
2025-01-20,ENA,,-0.4915939263596082,-1,-0.01629837278671803
2025-01-20,ETC,,0.3278454150339103,1,0.028726058947207866
2025-01-20,ETH,,-0.06428616475986608,0,0.0
2025-01-20,FET,,-0.16430816705098358,-1,-0.0038662420447936035
2025-01-20,FIL,,-0.02773439581595192,0,0.0
2025-01-20,HBAR,,0.1330274957028536,0,0.004302458245964445
2025-01-20,ICP,,-0.33750062379980506,-1,-0.012830626325403141
2025-01-20,JST,,0.23645322669692248,1,0.008626022239108275
2025-01-20,JUP,,0.4683844740987905,1,0.04501574353607338
2025-01-20,LINK,,-0.04639809867552026,0,0.0
2025-01-20,LTC,,-0.02904889695591368,0,0.0
2025-01-20,LUNC,,-0.11548379559364749,0,-0.0009768170269814072
2025-01-20,NEAR,,-0.02946417087549596,0,0.0
2025-01-20,NEXO,,0.6659904256451407,1,0.18697710059638745
2025-01-20,PENGU,,-0.35837491138961153,-1,-0.013463534434294443
2025-01-20,PEPE,,-0.08129754170121595,0,0.0
2025-01-20,POL,,0.25795173752276707,1,0.008834391062675542
2025-01-20,QNT,,0.523991916230997,1,0.14199837379578972
2025-01-20,RENDER,,-0.004937274411634427,0,-0.000639668165109652
2025-01-20,SHIB,,-0.011498764859986983,0,0.0
2025-01-20,SOL,,-0.5525212591264319,-1,-0.020035641393168865
2025-01-20,STX,,0.04740861603309841,0,0.0
2025-01-20,SUI,,-0.7063084722102195,-1,-0.03257991725095688
2025-01-20,TAO,,-0.11684074784074787,-1,-0.0017924939486926462
2025-01-20,TON,,0.2645061751558079,1,0.017160113789203728
2025-01-20,TRUMP,,0.08740215095487915,0,0.0
2025-01-20,TRX,,0.45717470093369655,1,0.08731488926934929
2025-01-20,UNI,,-0.4370344360899691,-1,-0.02136578237937185
2025-01-20,VET,,0.20184945277185282,1,0.001272010299174371
2025-01-20,WLD,,0.34726525620882215,1,0.023039689627563854
2025-01-20,XLM,,-0.3788883972708523,-1,-0.015005565987862825
2025-01-20,XRP,,0.209297490996035,1,0.009845089120764212
2025-01-20,ZEC,,0.2282117590646047,1,0.005430492732206302
2025-01-27,AAVE,,-0.1790088100489083,-1,-0.006151026343781219
2025-01-27,ADA,,0.052883141665309615,0,-0.0014787312862921415
2025-01-27,ALGO,,-0.2063388752939997,-1,-0.008906674178390245
2025-01-27,APT,,0.14141574786803435,1,0.002935080154089774
2025-01-27,ARB,,0.04419007842119541,0,-0.0003976499176299177
2025-01-27,ATOM,,0.12515739668262385,1,0.000519463504414497
2025-01-27,AVAX,,0.07935692213811678,0,-3.204843918034821e-06
2025-01-27,BCH,,0.11646806670011993,1,0.0002586669433361352
2025-01-27,BNB,,0.007643882954914617,0,-0.00363134586729201
2025-01-27,BONK,,-0.5407944686467882,-1,-0.020919270398456546
2025-01-27,BTC,,0.1083228679598095,0,0.0018979884882310907
2025-01-27,CAKE,,0.23603264405878283,1,0.04518887115992085
2025-01-27,CHZ,,0.103325196115804,0,0.0
2025-01-27,DASH,,0.12276348836493899,1,0.0004196081341143283
2025-01-27,DEXE,,0.7584690425916105,1,0.17969652387873622
2025-01-27,DOGE,,-0.11826667919822813,-1,-0.004552608552647792
2025-01-27,DOT,,0.17639245253465405,1,0.012987112563841822
2025-01-27,ENA,,0.10128956418677099,0,-0.001646249287780753
2025-01-27,ETC,,0.1753117396972938,1,0.013663394214628777
2025-01-27,ETH,,0.13925464054022754,1,0.003241362675564526
2025-01-27,FET,,-0.06338512991612225,-1,-0.0006795540713394163
2025-01-27,FIL,,0.025554349704849308,0,0.0
2025-01-27,HBAR,,-0.40376868396338605,-1,-0.0178137174879501
2025-01-27,ICP,,0.06842353107742938,0,-0.0012959827171942651
2025-01-27,JST,,-0.05676926613122304,-1,0.0008712465009984927
2025-01-27,JUP,,-0.16388780184528512,-1,-8.821047726106229e-05
2025-01-27,LINK,,-0.5721832932886021,-1,-0.024184917520352834
2025-01-27,LTC,,0.010326072958982444,0,0.0
2025-01-27,LUNC,,-0.04455109352489114,0,-9.86653303371932e-05
2025-01-27,NEAR,,0.038999040289161666,0,0.0
2025-01-27,NEXO,,0.26600981025671516,1,0.07111994160698268
2025-01-27,PENGU,,-0.12244759189047279,-1,-0.003903870121210398
2025-01-27,PEPE,,0.0038836941492892394,0,0.0
2025-01-27,POL,,0.09590373936519547,0,0.000892335092909289
2025-01-27,QNT,,0.24417140071373614,1,0.05582377862508546
2025-01-27,RENDER,,-0.047008927308264024,0,-6.461094460214747e-05
2025-01-27,SHIB,,0.09231914985485346,0,0.0
2025-01-27,SOL,,-0.9771127717832297,-1,-0.040085111840657627
2025-01-27,STX,,0.14897554766994503,1,0.004407418656188922
2025-01-27,SUI,,-0.17232015816680785,-1,-0.020905744691626163
2025-01-27,TAO,,0.0840738165219422,0,-0.00018105438653307393
2025-01-27,TON,,0.04365252501083961,0,0.00173329113730512
2025-01-27,TRUMP,,0.0388696551267487,0,0.0
2025-01-27,TRX,,0.24667568614041038,1,0.050696295205681384
2025-01-27,UNI,,-0.05873937525799596,-1,-0.0022970787857471697
2025-01-27,VET,,0.1413033827625824,1,0.0025906261355896332
2025-01-27,WLD,,-0.06668614775614659,-1,0.0019089776814827236
2025-01-27,XLM,,0.11236621483540861,1,-0.0015156667550709074
2025-01-27,XRP,,-0.3658597355102656,-1,-0.018352872485194897
2025-01-27,ZEC,,0.009344320612315158,0,0.0005485176287033135
2025-02-03,AAVE,,-0.14835517321814107,-1,-0.001960301292515982
2025-02-03,ADA,,-0.2689357978864527,-1,-0.013339416156867704
2025-02-03,ALGO,,-0.10687765042008178,0,-0.0006901751015264083
2025-02-03,APT,,0.2843933152400182,1,0.03526764621913269
2025-02-03,ARB,,0.12345364756260477,0,-3.081375458171285e-05
2025-02-03,ATOM,,0.11513138821453664,0,4.025304728990731e-05
2025-02-03,AVAX,,-0.022741975548747698,0,-2.4834224674711774e-07
2025-02-03,BCH,,-0.1523337311920029,-1,-0.003075291137700109
2025-02-03,BNB,,0.0036977148433757724,0,-0.00028139173528055755
2025-02-03,BONK,,-0.19605788416836875,-1,-0.004370794764729069
2025-02-03,BTC,,-0.26129693606156235,-1,-0.021917304734854242
2025-02-03,CAKE,,0.5390131041027757,1,0.1853356016862782
2025-02-03,CHZ,,0.3456565881572363,1,0.06296766699055707
2025-02-03,DASH,,0.26707432866545877,1,0.028357474516119505
2025-02-03,DEXE,,0.1456959252815591,1,0.014404671090228943
2025-02-03,DOGE,,-0.10107150328267982,0,-0.00035278006213106724
2025-02-03,DOT,,0.04122175087173119,0,0.0010063668607112348
2025-02-03,ENA,,-0.015858785509123164,0,-0.00012756728792084416
2025-02-03,ETC,,-0.1300369331438927,-1,0.000605948790601973
2025-02-03,ETH,,-0.39998646232110724,-1,-0.04280578756166866
2025-02-03,FET,,0.07887177697087232,0,-5.265840995029335e-05
2025-02-03,FIL,,0.08369208491495195,0,0.0
2025-02-03,HBAR,,-0.314239356085074,-1,-0.011102410313230138
2025-02-03,ICP,,-0.024103671339687188,0,-0.00010042525251301843
2025-02-03,JST,,0.17902564090151435,1,0.005470867185374043
2025-02-03,JUP,,-0.12369434419362282,-1,-6.851099732342169e-06
2025-02-03,LINK,,-0.5454744038842279,-1,-0.023342983817446226
2025-02-03,LTC,,-0.046644219645710375,0,0.0
2025-02-03,LUNC,,0.35740957872581924,1,0.050698983185803535
2025-02-03,NEAR,,-0.15614919063805827,-1,-0.0023228099495008194
2025-02-03,NEXO,,0.1741735075866931,1,0.009763644291592502
2025-02-03,PENGU,,0.0387066685786752,0,-0.00030250954545855665
2025-02-03,PEPE,,0.11867886495278217,0,0.0
2025-02-03,POL,,0.1333878178262963,1,6.914675132866971e-05
2025-02-03,QNT,,0.288667163357368,1,0.04549893372785106
2025-02-03,RENDER,,0.07060378969682897,0,-5.006679750191979e-06
2025-02-03,SHIB,,0.3577420437049486,1,0.07173718277075589
2025-02-03,SOL,,-0.7950363158745498,-1,-0.03284518304404477
2025-02-03,STX,,-0.017189452516410214,0,0.0003415293472713906
2025-02-03,SUI,,-0.2678588025661612,-1,-0.025044992855673083
2025-02-03,TAO,,0.33951717672255616,1,0.0489372614013114
2025-02-03,TON,,-0.08171465145480254,0,0.0001343121307352678
2025-02-03,TRUMP,,0.0897032168559743,0,0.0
2025-02-03,TRX,,0.2657272525143925,1,0.03708290906283682
2025-02-03,UNI,,0.1897053850886827,1,0.005189508323354711
2025-02-03,VET,,-0.13630846144343003,-1,-0.0006321267442979104
2025-02-03,WLD,,0.05377621188629001,0,0.00014792602027877372
2025-02-03,XLM,,-0.09848798445620403,0,-0.0001174484926258219
2025-02-03,XRP,,-0.48785802114774063,-1,-0.024383257254779425
2025-02-03,ZEC,,0.21358576477389923,1,0.00814903724519028
2025-02-10,AAVE,,0.0041736516008863914,0,-0.00028422172625151084
2025-02-10,ADA,,-0.13698132249333966,-1,-0.006744867933728389
2025-02-10,ALGO,,0.07390727103521105,0,-0.00010006765772208374
2025-02-10,APT,,0.12420285566717496,1,0.006008531800874756
2025-02-10,ARB,,0.03752831472442399,0,-4.46764920930308e-06
2025-02-10,ATOM,,0.07216377069063859,0,5.83624090403842e-06
2025-02-10,AVAX,,-0.0030046558636762357,0,-3.600684361180618e-08
2025-02-10,BCH,,0.006555259093766455,0,-0.00044588276262434376
2025-02-10,BNB,,0.37748797781068677,1,0.12638309201099704
2025-02-10,BONK,,0.10442349448763517,1,-0.0006337162635650841
2025-02-10,BTC,,-0.05897151708464228,-1,-0.00339984614850717
2025-02-10,CAKE,,-1.2267378455928093,-1,-0.008314465994945813
2025-02-10,CHZ,,0.21586653423564905,1,0.0265021022793107
2025-02-10,DASH,,0.18142194335903808,1,0.013063312431040135
2025-02-10,DEXE,,-0.5916089141382351,-1,-0.05321394207462625
2025-02-10,DOGE,,0.08257553272301721,0,-5.114915683053847e-05
2025-02-10,DOT,,0.11176145707558165,1,0.00030351759879462673
2025-02-10,ENA,,-0.08532036142649899,-1,-0.0023167949502875275
2025-02-10,ETC,,-0.07127183118168368,-1,-0.0010593707882169052
2025-02-10,ETH,,-0.057761035369514116,-1,-0.0062681535476682496
2025-02-10,FET,,-0.007020819845263565,0,-7.63487951309918e-06
2025-02-10,FIL,,0.02626103000712371,0,0.0
2025-02-10,HBAR,,-0.09495336078873395,-1,-0.004747578713859051
2025-02-10,ICP,,0.08658880656631751,0,-1.4560536555000648e-05
2025-02-10,JST,,0.04034330181322334,0,0.0007932144520111199
2025-02-10,JUP,,0.06881100221312066,0,-9.93332708641103e-07
2025-02-10,LINK,,-0.06717854170684158,-1,-0.004060951940724051
2025-02-10,LTC,,0.2588053755668161,1,0.0304897473447502
2025-02-10,LUNC,,0.2225798448020515,1,0.021779025623546586
2025-02-10,NEAR,,-0.08012770252925006,-1,-0.0016536202098827617
2025-02-10,NEXO,,0.17498870767821928,1,0.013994243014005887
2025-02-10,PENGU,,-0.18060232473593305,-1,-0.005038933764252731
2025-02-10,PEPE,,0.148243283558907,1,0.0032353003140888495
2025-02-10,POL,,0.11034468310074479,1,7.975501195061072e-05
2025-02-10,QNT,,0.2526160665275426,1,0.036287135336429396
2025-02-10,RENDER,,-0.03522993992938976,0,-7.25912474179755e-07
2025-02-10,SHIB,,0.24612669218472744,1,0.03889605332625419
2025-02-10,SOL,,-0.1868152862719937,-1,-0.023379700340637608
2025-02-10,STX,,-0.00956021912650832,0,4.951792921711548e-05
2025-02-10,SUI,,0.03457754438262177,0,-0.0036312433861939754
2025-02-10,TAO,,0.09077302455629487,0,0.00709535466134921
2025-02-10,TON,,-0.033407440008425784,0,1.9473754264121723e-05
2025-02-10,TRUMP,,-0.7065547092784751,-1,-0.02588503928278566
2025-02-10,TRX,,0.3553903170530994,1,0.11420277498865292
2025-02-10,UNI,,0.15354820845643558,1,0.004278797282157309
2025-02-10,VET,,-0.05699795513333227,-1,-9.167664471533023e-05
2025-02-10,WLD,,-0.15732029524650143,-1,-0.005397502729841192
2025-02-10,XLM,,0.1033393658626215,0,-1.702871566079774e-05
2025-02-10,XRP,,-0.02060215404825934,0,-0.0035352991374572526
2025-02-10,ZEC,,0.10262291496572906,0,0.001181519107271086
2025-02-17,AAVE,,-0.04822624409973883,-1,-3.0882058609801345e-05
2025-02-17,ADA,,-0.09542928380498385,-1,-0.002348634904697406
2025-02-17,ALGO,,0.006465506306486862,0,-1.086708281538964e-05
2025-02-17,APT,,0.20917204651746754,1,0.023788669959621794
2025-02-17,ARB,,0.1619149127928116,1,-4.851050588503492e-07
2025-02-17,ATOM,,0.22530268484026497,1,0.04007402272307163
2025-02-17,AVAX,,0.11235322021868178,0,-3.9102479298256625e-09
2025-02-17,BCH,,0.15878378696450254,0,-4.842168806279683e-05
2025-02-17,BNB,,-0.20921746115863196,-1,0.001417835070158649
2025-02-17,BONK,,0.05782828984035294,0,-6.881990919331029e-05
2025-02-17,BTC,,-0.24418179595608575,-1,-0.021719541290979763
2025-02-17,CAKE,,-1.2244998592790208,-1,-0.022180347072393646
2025-02-17,CHZ,,-0.2865110477996589,-1,-0.009349026966170022
2025-02-17,DASH,,0.23990049928796714,1,0.060399814398778444
2025-02-17,DEXE,,0.12863376419865274,0,-0.005778893287023454
2025-02-17,DOGE,,-0.2350905100029466,-1,-0.00919882981571504
2025-02-17,DOT,,0.23584811704360775,1,0.06541470157938944
2025-02-17,ENA,,0.23290018056643993,1,0.049436817088949085
2025-02-17,ETC,,0.13682837914662418,0,-0.0001150448641431235
2025-02-17,ETH,,0.033639744205962684,0,-0.0006807048875998294
2025-02-17,FET,,0.06274742541187235,0,-8.291277106215335e-07
2025-02-17,FIL,,0.13011979781568228,0,0.0
2025-02-17,HBAR,,0.04203863490008626,0,-0.0005155744846089419
2025-02-17,ICP,,0.19794079178856658,1,0.021102611736376346
2025-02-17,JST,,0.11917360415195954,0,8.614099037182151e-05
2025-02-17,JUP,,-0.2276222231393687,-1,-0.011345418557235086
2025-02-17,LINK,,-0.2133347259695299,-1,-0.010877451095149007
2025-02-17,LTC,,0.0410259007558319,0,0.0033111058753460265
2025-02-17,LUNC,,-0.06676450461628466,-1,0.0017679589655009154
2025-02-17,NEAR,,0.033731500652974575,0,-0.0001795787787489322
2025-02-17,NEXO,,0.17453955180962671,1,0.006365016114746103
2025-02-17,PENGU,,0.12362525186549587,0,-0.0005472148720566377
2025-02-17,PEPE,,0.26499174924327246,1,0.09881655380057436
2025-02-17,POL,,-0.06896519300421215,-1,-0.0007124430336806232
2025-02-17,QNT,,0.17361649771577056,1,0.006085689661064323
2025-02-17,RENDER,,-0.01629428395979949,0,-7.883217368337466e-08
2025-02-17,SHIB,,0.08926559694217763,0,0.00422400845897819
2025-02-17,SOL,,-0.7880984441860823,-1,-0.06048014559853329
2025-02-17,STX,,0.060619304154086895,0,5.377516071611219e-06
2025-02-17,SUI,,0.16973959257591392,1,0.0005378834093040805
2025-02-17,TAO,,0.18977789292475128,1,0.006933630187142785
2025-02-17,TON,,0.06720695640521374,0,2.114798178873084e-06
2025-02-17,TRUMP,,-0.4629564125096484,-1,-0.015066728125656579
2025-02-17,TRX,,0.24951850325883668,1,0.14887315296557185
2025-02-17,UNI,,-0.11715323371946218,-1,-0.002737916019314118
2025-02-17,VET,,0.052219409594919435,0,-9.955841008344937e-06
2025-02-17,WLD,,0.20242756344439541,1,0.012938338117286455
2025-02-17,XLM,,0.055927813946393706,0,-1.849273456960037e-06
2025-02-17,XRP,,-0.3573152095603683,-1,-0.014784823769651631
2025-02-17,ZEC,,0.22183596147817783,1,0.02737355604340337
2025-02-24,AAVE,,-0.36496518688975116,-1,-0.01635091790744522
2025-02-24,ADA,,-0.8581977363328248,-1,-0.013002246266886761
2025-02-24,ALGO,,0.2313531001096016,0,-3.3497699124628864e-07
2025-02-24,APT,,0.5677587633201202,1,0.10244586157402993
2025-02-24,ARB,,0.14900335050585875,0,-1.4953326096118182e-08
2025-02-24,ATOM,,0.3236560160457371,1,0.013713747247367718
2025-02-24,AVAX,,0.3184111043104217,1,0.011067301670240436
2025-02-24,BCH,,0.23481693517864505,1,-1.4925808144188434e-06
2025-02-24,BNB,,-0.35926505347683213,-1,-0.016487524080315
2025-02-24,BONK,,0.18747578070645868,0,-2.121368403190118e-06
2025-02-24,BTC,,-0.4427358184721309,-1,-0.02915260410787266
2025-02-24,CAKE,,-1.8126023724069953,-1,-0.024740460080531806
2025-02-24,CHZ,,0.04051540156656306,0,-0.00028818303655264374
2025-02-24,DASH,,0.4240125519333753,1,0.05051477737566553
2025-02-24,DEXE,,0.06814034305711462,0,-0.00017813394071857728
2025-02-24,DOGE,,-0.09077765085490054,0,-0.00028355322095190844
2025-02-24,DOT,,0.413061434750417,1,0.04162632056073645
2025-02-24,ENA,,0.2586797450732362,1,0.0020832770629500563
2025-02-24,ETC,,0.18784432144742608,0,-3.546249081163338e-06
2025-02-24,ETH,,-0.36513515192566476,-1,-0.01348686974471753
2025-02-24,FET,,0.2422046552950288,1,0.00014190953207290528
2025-02-24,FIL,,0.4360796205787576,1,0.04910291878686967
2025-02-24,HBAR,,-0.1089165404297215,-1,-1.5900176321782052e-05
2025-02-24,ICP,,0.35571702835114904,1,0.022379479302937256
2025-02-24,JST,,-0.27893910657321963,-1,-0.013558082413606837
2025-02-24,JUP,,0.11534829035765859,0,-0.0003497216536668263
2025-02-24,LINK,,-0.031737685719608937,0,-0.00033529659267172995
2025-02-24,LTC,,-0.2880992572106514,-1,-0.007935490467445658
2025-02-24,LUNC,,-0.05774342161981615,0,5.4497199015701193e-05
2025-02-24,NEAR,,0.06159595900433035,0,-5.5355020311256625e-06
2025-02-24,NEXO,,-0.26345668906869896,-1,-0.012012566616748287
2025-02-24,PENGU,,0.2601125436507484,1,0.00050194572150082
2025-02-24,PEPE,,-0.0019261554913028046,0,0.003046012664094752
2025-02-24,POL,,0.10444420011015668,0,-2.1961001669991973e-05
2025-02-24,QNT,,0.32185373144359836,1,0.012214094475512334
2025-02-24,RENDER,,0.26948304080860197,1,0.001394441102245674
2025-02-24,SHIB,,-0.006298472593955411,0,0.00013020473558769414
2025-02-24,SOL,,0.02185024175063254,0,-0.0018642958323684886
2025-02-24,STX,,0.011723869842654796,0,1.657615189511457e-07
2025-02-24,SUI,,-0.16253162534226515,-1,-0.0022493082022572485
2025-02-24,TAO,,-0.5611464220884964,-1,-0.01210004429263392
2025-02-24,TON,,-0.2129380516870897,-1,-0.007898775418062977
2025-02-24,TRUMP,,-0.28840089005218844,-1,-0.004245102269264696
2025-02-24,TRX,,0.22824702764896113,0,0.004589003480044568
2025-02-24,UNI,,-0.24805187137268006,-1,-0.009268380878297957
2025-02-24,VET,,0.0488162260698162,0,-3.068880326906954e-07
2025-02-24,WLD,,0.2767927825942663,1,0.003033755522566295
2025-02-24,XLM,,0.09228988943922531,0,-5.7003711955413416e-08
2025-02-24,XRP,,-0.09012623121399038,0,-0.00045574105457729837
2025-02-24,ZEC,,0.6427034358722253,1,0.13770343482501252
2025-03-03,AAVE,,-0.19556361468219902,-1,-0.011927346486197019
2025-03-03,ADA,,-0.5246741790939335,-1,-0.014633730876908516
2025-03-03,ALGO,,0.05361763301943391,0,-7.823719128919284e-08
2025-03-03,APT,,0.17299308674871922,1,0.03501160346958214
2025-03-03,ARB,,0.06582868759123905,0,-3.49249729015422e-09
2025-03-03,ATOM,,0.06513780006662112,0,0.003202981382966366
2025-03-03,AVAX,,-0.003381717498461396,0,0.0025848778287974362
2025-03-03,BCH,,1.3934798802032629,1,0.15328767216234102
2025-03-03,BNB,,-0.29416612674482295,-1,-0.02451388934242494
2025-03-03,BONK,,0.18769453978262188,1,0.010513523090611725
2025-03-03,BTC,,-0.5120245850793255,-1,-0.05662748593807228
2025-03-03,CAKE,,-0.7547400104933462,-1,-0.02159829035944398
2025-03-03,CHZ,,0.14215945984416864,1,0.0051856398243493185
2025-03-03,DASH,,0.12290428173436398,1,0.014303582993027086
2025-03-03,DEXE,,0.33078582754082414,1,0.11697742590700114
2025-03-03,DOGE,,-0.08231174385075671,0,-6.622666083943164e-05
2025-03-03,DOT,,0.095012000498554,1,0.00986020112668682
2025-03-03,ENA,,0.4382795013961207,1,0.15377459074384198
2025-03-03,ETC,,-0.008274857177685717,0,-8.28261567129872e-07
2025-03-03,ETH,,-0.3801709212862912,-1,-0.0253967343412063
2025-03-03,FET,,0.028691200199830173,0,3.314437557409623e-05
2025-03-03,FIL,,0.0969231932411016,1,0.01168374887650303
2025-03-03,HBAR,,-0.023658372587824796,0,-3.7136435305329036e-06
2025-03-03,ICP,,0.01910373056292845,0,0.0052269488619565985
2025-03-03,JST,,-0.03875371915705414,0,-0.0031666243205584702
2025-03-03,JUP,,0.12945246277239153,1,0.001542859807908975
2025-03-03,LINK,,-0.13830827959364844,-1,-0.0039056571590485928
2025-03-03,LTC,,-0.29708348828151876,-1,-0.011833630355455994
2025-03-03,LUNC,,0.07086044050888485,0,1.2728360142747165e-05
2025-03-03,NEAR,,-0.02454771606105122,0,-1.2928712795455092e-06
2025-03-03,NEXO,,-0.10535498177620026,-1,-0.004587186483684109
2025-03-03,PENGU,,0.19300861348205103,1,0.009577054714679577
2025-03-03,PEPE,,0.0692678184140494,0,0.0007114264015072869
2025-03-03,POL,,0.12102862514793794,1,0.0016009736033754628
2025-03-03,QNT,,0.06790691948325842,0,0.002852722637305972
2025-03-03,RENDER,,0.08710479012721391,1,0.00032568552883342566
2025-03-03,SHIB,,-0.022612849606796527,0,3.0410604522516032e-05
2025-03-03,SOL,,-0.19580372731684662,-1,-0.006379478248085217
2025-03-03,STX,,-0.04062287255153293,0,3.8715243152425426e-08
2025-03-03,SUI,,-0.08583032189927577,-1,-0.0005253633872595658
2025-03-03,TAO,,-0.1984170802494627,-1,-0.006853033558273274
2025-03-03,TON,,-0.14986777483938934,-1,-0.006128126870472739
2025-03-03,TRUMP,,-0.022899709514441927,0,-0.000991485645169154
2025-03-03,TRX,,0.14392023370231136,1,0.013544911711920878
2025-03-03,UNI,,-0.11409423388644345,-1,-0.003898629764078898
2025-03-03,VET,,0.05360342310553361,0,-7.167673704589708e-08
2025-03-03,WLD,,0.07557718485290454,0,0.0007085636248047649
2025-03-03,XLM,,0.13747316947021915,1,0.0032755441514426297
2025-03-03,XRP,,-0.1748387614768324,-1,-0.0036390359099806612
2025-03-03,ZEC,,0.02618714120858981,0,0.03216199993766816
2025-03-10,AAVE,,-0.2473432463622149,-1,-0.015808952141314187
2025-03-10,ADA,,-1.2773074404510019,-1,-0.02592421665465767
2025-03-10,ALGO,,-0.2456479070781348,-1,-0.005795964504966377
2025-03-10,APT,,-0.12616281398770496,-1,0.0027839978689098988
2025-03-10,ARB,,0.20095034105211482,1,0.007065181601630307
2025-03-10,ATOM,,0.07507654586479248,0,0.0004912087955101208
2025-03-10,AVAX,,0.1475310502689773,1,0.00041485399372965647
2025-03-10,BCH,,0.2753515965648071,1,0.09127402020768695
2025-03-10,BNB,,0.40275370388665693,1,0.15701244331820333
2025-03-10,BONK,,0.15749468904227704,1,0.0019355341486660856
2025-03-10,BTC,,0.10459675013461471,0,-0.00868438365216026
2025-03-10,CAKE,,0.06503480026644269,0,-0.0033123109141255137
2025-03-10,CHZ,,0.22559599069020445,1,0.015914697617939753
2025-03-10,DASH,,0.2833977937470767,1,0.04261850544927903
2025-03-10,DEXE,,0.1965550886780809,1,0.032475000062856973
2025-03-10,DOGE,,0.1129864196982832,0,-1.0156511828197564e-05
2025-03-10,DOT,,0.20064028541890633,1,0.0075431039722040185
2025-03-10,ENA,,-0.18685974154679125,-1,0.0169465769420164
2025-03-10,ETC,,0.08438933324198593,0,-1.270220829008988e-07
2025-03-10,ETH,,-0.1943182609039916,-1,-0.010576929095310723
2025-03-10,FET,,0.08107589505469626,0,5.083016994812745e-06
2025-03-10,FIL,,0.17477606521534417,1,0.004004751178931783
2025-03-10,HBAR,,-0.5439873810981574,-1,-0.014355914671818472
2025-03-10,ICP,,0.14526864935691222,1,0.0008016041947240928
2025-03-10,JST,,-0.4775377769725956,-1,-0.05066114869714716
2025-03-10,JUP,,-0.05226459903863606,0,0.00023661277330999154
2025-03-10,LINK,,0.044685606515571,0,-0.0005989710583315885
2025-03-10,LTC,,-0.10671247447831465,-1,-0.0034914316479709665
2025-03-10,LUNC,,0.316702676813817,1,0.05875433044249826
2025-03-10,NEAR,,0.005332601857846887,0,-1.9827456611284547e-07
2025-03-10,NEXO,,0.1523647729843815,1,-0.0003663406780655869
2025-03-10,PENGU,,-0.04460840979895537,0,0.0014687358271734535
2025-03-10,PEPE,,0.05846229654733931,0,0.00010910425756357372
2025-03-10,POL,,0.07644956352571025,0,0.00024552509719217956
2025-03-10,QNT,,0.14321877630292362,0,0.00043749316123022726
2025-03-10,RENDER,,0.03819202977284893,0,4.994708904151743e-05
2025-03-10,SHIB,,0.1826044843263075,1,0.0028081926860090934
2025-03-10,SOL,,-0.06576253717207312,-1,-0.0010758285253037667
2025-03-10,STX,,0.11810037284465374,0,5.937364499812343e-09
2025-03-10,SUI,,0.00653652132642,0,-8.056965864156518e-05
2025-03-10,TAO,,-0.41139800505608565,-1,-0.010308427961868384
2025-03-10,TON,,-0.21010117271910783,-1,-0.004501683808800446
2025-03-10,TRUMP,,0.0690702257867212,0,-0.000152054105627697
2025-03-10,TRX,,-0.20568003648350427,-1,-0.013541876712796276
2025-03-10,UNI,,0.12049359038410738,0,-0.0005978933379811066
2025-03-10,VET,,0.15350812537463365,1,0.00024793139891037886
2025-03-10,WLD,,0.07564204788079537,0,0.00010866522251224981
2025-03-10,XLM,,0.11172586622521559,0,0.0005023370119561039
2025-03-10,XRP,,-0.14910198712527278,-1,-0.0030374199205534724
2025-03-10,ZEC,,-0.06177076637892223,-1,0.004932351411268809
2025-03-17,AAVE,,0.033727048671292996,0,-0.002642497124674858
2025-03-17,ADA,,-1.0309763137794787,-1,-0.03060632167371341
2025-03-17,ALGO,,-0.1353692002773644,-1,-0.004674119247312814
2025-03-17,APT,,0.09965375036845518,0,0.00046535066321503737
2025-03-17,ARB,,0.23107141457669783,1,0.05989817167558699
2025-03-17,ATOM,,-0.04050095643757689,-1,8.20937164754915e-05
2025-03-17,AVAX,,0.09963539418449863,0,6.934365262107548e-05
2025-03-17,BCH,,-0.5087021384222796,-1,-0.03887849331386077
2025-03-17,BNB,,-0.062088877067714585,-1,0.024716605103854733
2025-03-17,BONK,,0.147780324546091,1,0.0009953437310096839
2025-03-17,BTC,,-0.22171039168988618,-1,-0.01819012967220216
2025-03-17,CAKE,,-0.040359805311095155,0,-0.000553659217155313
2025-03-17,CHZ,,0.19878821041088876,1,0.036474967566816854
2025-03-17,DASH,,0.23489109657100432,1,0.08259137312414996
2025-03-17,DEXE,,-0.054987156540452116,-1,0.0036923162130112486
2025-03-17,DOGE,,0.028759806850172365,0,-1.697680723101181e-06
2025-03-17,DOT,,0.16359651336761075,1,0.007230444761369805
2025-03-17,ENA,,-0.03216666560726366,0,0.0028326533246521013
2025-03-17,ETC,,-0.019748885846693154,0,-2.1231988422474515e-08
2025-03-17,ETH,,-0.1984869280725803,-1,-0.012866308385780182
2025-03-17,FET,,0.047494983370699316,0,8.496361854600149e-07
2025-03-17,FIL,,0.2014006729150614,1,0.03053672483742283
2025-03-17,HBAR,,-0.5029317322846605,-1,-0.021411048769710606
2025-03-17,ICP,,0.10642955619652092,0,0.0001339897015786419
2025-03-17,JST,,0.16561106252828278,1,0.007964171553550482
2025-03-17,JUP,,0.10094493429540774,0,3.955028565739082e-05
2025-03-17,LINK,,0.05375660811917271,0,-0.00010011917837794801
2025-03-17,LTC,,-0.17943366738582517,-1,-0.008958397699283577
2025-03-17,LUNC,,0.194216153935886,1,0.03819033561300281
2025-03-17,NEAR,,0.07486767767804192,0,-3.31419796939049e-08
2025-03-17,NEXO,,0.2681211545194446,1,0.14499472213643633
2025-03-17,PENGU,,0.11007196271521813,0,0.0002455020526041117
2025-03-17,PEPE,,0.24085056473807848,1,0.043058692544842694
2025-03-17,POL,,0.10143009290053753,0,4.1039997943337136e-05
2025-03-17,QNT,,0.014460289422420225,0,7.312783353898407e-05
2025-03-17,RENDER,,0.1737002268923831,1,0.007569258662633433
2025-03-17,SHIB,,-0.11242915943107432,-1,-0.0029705887492620254
2025-03-17,SOL,,-0.15706828368806566,-1,-0.005309951135755909
2025-03-17,STX,,0.04675438875740572,0,9.92442034023163e-10
2025-03-17,SUI,,0.032479490529433754,0,-1.3467375281627753e-05
2025-03-17,TAO,,0.10893450272547622,0,-0.0017230738005694704
2025-03-17,TON,,-0.26074636260412604,-1,-0.008290652426929697
2025-03-17,TRUMP,,0.07899168779282145,0,-2.5416139749461896e-05
2025-03-17,TRX,,0.16086121308694856,1,0.007249071738895866
2025-03-17,UNI,,0.14110748186999758,1,0.00024480574504786483
2025-03-17,VET,,0.1356527150908204,1,4.1442285548192365e-05
2025-03-17,WLD,,0.0406247012723355,0,1.816360347441113e-05
2025-03-17,XLM,,0.2418829647284237,1,0.062278938593718566
2025-03-17,XRP,,-0.20207269299050007,-1,-0.007144250065125112
2025-03-17,ZEC,,-0.31876942819088877,-1,-0.010869287359875673
2025-03-24,AAVE,,-0.33133645878749,-1,-0.012829188104506357
2025-03-24,ADA,,0.06976568225686589,0,-0.007444671203712578
2025-03-24,ALGO,,0.16261102374802863,1,-0.0006753867984481158
2025-03-24,APT,,0.06307864234194696,0,0.00011319173597528262
2025-03-24,ARB,,-0.02123877944425491,0,0.014569610768067572
2025-03-24,ATOM,,-0.495509848971581,-1,-0.0156164971252154
2025-03-24,AVAX,,0.11806257724061289,1,1.6867128113616232e-05
2025-03-24,BCH,,-0.4407244153268091,-1,-0.04628164812482967
2025-03-24,BNB,,0.03984779890977905,0,0.006012058562013978
2025-03-24,BONK,,-0.8160704244942077,-1,-0.018410572078846124
2025-03-24,BTC,,-0.005759288285567047,0,-0.004424560912811282
2025-03-24,CAKE,,-1.3612395256714853,-1,-0.028950144525258674
2025-03-24,CHZ,,0.05840822895279235,0,0.008872158621212246
2025-03-24,DASH,,0.16244861929912532,1,0.020705864470020457
2025-03-24,DEXE,,1.0489918961080043,1,0.15225018621523248
2025-03-24,DOGE,,0.2047783166665058,1,0.0014718202509505795
2025-03-24,DOT,,-0.11881710758674276,-1,0.00045115810862121977
2025-03-24,ENA,,0.5283516152467671,1,0.04221483447795469
2025-03-24,ETC,,-0.08418981116733054,0,-5.164461593635766e-09
2025-03-24,ETH,,-0.17360546806128216,-1,-0.008133185748345984
2025-03-24,FET,,0.012473747815058025,0,2.0666521481929324e-07
2025-03-24,FIL,,-0.03952369496533084,0,0.007427742493084571
2025-03-24,HBAR,,-0.0307174829745403,0,-0.005208016171183719
2025-03-24,ICP,,-0.06112040190985012,0,3.259160913130177e-05
2025-03-24,JST,,0.4376713813968277,1,0.040114007705257484
2025-03-24,JUP,,-0.11404764512715174,-1,-0.0006668560950004876
2025-03-24,LINK,,-0.006907527304614646,0,-2.4352954665892725e-05
2025-03-24,LTC,,0.07129086823640887,0,-0.002179037588843645
2025-03-24,LUNC,,0.1586001022140243,1,0.009788042706167677
2025-03-24,NEAR,,-0.0002510327500156867,0,-8.061443792285195e-09
2025-03-24,NEXO,,0.07161049628928423,0,0.03526846656344601
2025-03-24,PENGU,,-0.1725031921034242,-1,-0.002215919590864807
2025-03-24,PEPE,,-0.04837203225145958,0,0.010473581630471414
2025-03-24,POL,,0.31480323691668277,1,0.007642511724852498
2025-03-24,QNT,,-0.05012884734124669,0,1.7787589189626034e-05
2025-03-24,RENDER,,0.14322425751537743,1,0.0019677943503116236
2025-03-24,SHIB,,-0.10153445282215028,-1,-0.0012621651448823416
2025-03-24,SOL,,0.050230088335398215,0,-0.001291590696030436
2025-03-24,STX,,0.20310503147984055,1,0.0014775450354081608
2025-03-24,SUI,,0.42303026690273604,1,0.014290673523887961
2025-03-24,TAO,,-0.10290234686540851,-1,-0.0009512679373765024
2025-03-24,TON,,-0.32427786414607535,-1,-0.009284181100117193
2025-03-24,TRUMP,,-0.08624540523354564,-1,-6.1925381417461655e-06
2025-03-24,TRX,,0.6570293483326191,1,0.080386591044984
2025-03-24,UNI,,-0.15196221285041936,-1,-0.0028929436494938045
2025-03-24,VET,,-0.0030693720015019165,0,1.0080407346095472e-05
2025-03-24,WLD,,0.04246930251797089,0,4.418108689543679e-06
2025-03-24,XLM,,0.17053039638360684,1,0.015784257691027655
2025-03-24,XRP,,-0.27488857512365644,-1,-0.009337972926179529
2025-03-24,ZEC,,0.20453028846088267,1,-0.0015987459705042607
2025-03-31,AAVE,,-0.31038687645203145,-1,-0.011530482225955674
2025-03-31,ADA,,0.02414716501583835,0,-0.000556348830385826
2025-03-31,ALGO,,0.21347220011519352,1,0.027844914091200774
2025-03-31,APT,,-0.12550839200479713,-1,-0.0032944209206910483
2025-03-31,ARB,,-0.005736680904517733,0,0.0010888037481022479
2025-03-31,ATOM,,0.2427727330715904,1,0.01841858673659609
2025-03-31,AVAX,,0.01634832237702351,0,1.2604998583817317e-06
2025-03-31,BCH,,-0.6173492050802091,-1,-0.06360115606350647
2025-03-31,BNB,,-0.21046716645047744,-1,-0.011751336507472968
2025-03-31,BONK,,-0.14894277664576272,-1,-0.003627814144745521
2025-03-31,BTC,,-0.27381968956863184,-1,-0.025654264297551254
2025-03-31,CAKE,,-0.7279348326619952,-1,-0.01488517827742505
2025-03-31,CHZ,,0.11407295918264602,0,0.0006630266047810696
2025-03-31,DASH,,0.18145440026042023,1,0.012763641221752385
2025-03-31,DEXE,,-0.02723930276469384,0,0.011377831298261726
2025-03-31,DOGE,,0.12961994116492648,1,0.0004455528517950606
2025-03-31,DOT,,0.16979770757318052,1,0.005404857586329055
2025-03-31,ENA,,0.031123126312356142,0,0.003154763070668455
2025-03-31,ETC,,-0.21322216491747506,-1,-0.013096516189095244
2025-03-31,ETH,,-0.31623420617217274,-1,-0.018883236011791843
2025-03-31,FET,,-0.013109473719138403,0,1.5444328889744783e-08
2025-03-31,FIL,,-0.003889849277425108,0,0.000555083728395407
2025-03-31,HBAR,,-0.09110437147644469,-1,-0.003439437870073258
2025-03-31,ICP,,0.03695756200653766,0,2.435608386781318e-06
2025-03-31,JST,,0.49302084612902003,1,0.18805153614253678
2025-03-31,JUP,,-0.009848416761728714,0,-4.983492196460797e-05
2025-03-31,LINK,,-0.1815324265786127,-1,-0.007152863480291858
2025-03-31,LTC,,-0.2227419373298927,-1,-0.011972713404778436
2025-03-31,LUNC,,0.17564982746857044,1,0.008956064175558396
2025-03-31,NEAR,,-0.04536919268416753,-1,-1.4941988904897618e-08
2025-03-31,NEXO,,0.033297723775066665,0,0.002635653017461631
2025-03-31,PENGU,,0.08613890556117969,0,-0.00016559821634458188
2025-03-31,PEPE,,0.34871273925585455,1,0.07171648342268495
2025-03-31,POL,,0.13998803356695907,1,0.0017370804453990772
2025-03-31,QNT,,0.15924689936163416,1,0.006074639238593973
2025-03-31,RENDER,,0.09090422918466518,0,0.00014705553210862463
2025-03-31,SHIB,,0.12163975584358422,1,-9.432303159464714e-05
2025-03-31,SOL,,-0.1350625862386252,-1,-0.005278522266683767
2025-03-31,STX,,0.08683827877126574,0,0.0001104186376803015
2025-03-31,SUI,,0.10105325185098073,0,0.0010679584474430348
2025-03-31,TAO,,0.020371623360226014,0,-7.10893456354431e-05
2025-03-31,TON,,-0.497290330791576,-1,-0.012571028915340652
2025-03-31,TRUMP,,0.10516759336772896,0,-4.6277548840061615e-07
2025-03-31,TRX,,0.3739658620866678,1,0.14000873061858277
2025-03-31,UNI,,-0.02197631511484131,0,-0.00021619300191059445
2025-03-31,VET,,0.04242021267163562,0,7.533204198482447e-07
2025-03-31,WLD,,0.12564827161290212,1,5.472316891096985e-05
2025-03-31,XLM,,0.13895784131821143,1,0.00196672616066464
2025-03-31,XRP,,-0.029395462902712242,0,-0.0006978374428495519
2025-03-31,ZEC,,0.42537364423206486,1,0.10626124957254032
2025-04-07,AAVE,,-0.42547337422603254,-1,-0.019899789939024942
2025-04-07,ADA,,0.29150607115435095,1,0.008781258453609213
2025-04-07,ALGO,,0.4232759730634828,1,0.030327709241116357
2025-04-07,APT,,-0.0738685215586353,0,0.0
2025-04-07,ARB,,-0.01852739223511387,0,0.0
2025-04-07,ATOM,,-0.012588468833761763,0,0.0
2025-04-07,AVAX,,0.018219432016382396,0,0.0
2025-04-07,BCH,,-0.15357044695498184,-1,-0.0004157563109575799
2025-04-07,BNB,,0.17049712955016194,1,0.00045469622737069333
2025-04-07,BONK,,-0.4856986493829879,-1,-0.014394209664205994
2025-04-07,BTC,,0.25228171623468393,1,0.008726878677916262
2025-04-07,CAKE,,-1.248545889778513,-1,-0.043198947636538955
2025-04-07,CHZ,,-0.08576842294894295,0,0.0
2025-04-07,DASH,,0.2462895417164162,1,0.007250596274462792
2025-04-07,DEXE,,-0.1559226426800839,-1,-0.0009982937844500031
2025-04-07,DOGE,,0.38220993576883006,1,0.027427931099857063
2025-04-07,DOT,,0.041800274104950186,0,0.0
2025-04-07,ENA,,-0.16493297032785922,-1,-0.0010909979754713962
2025-04-07,ETC,,0.023223140649907735,0,0.0
2025-04-07,ETH,,-0.15681014578919666,-1,-0.0010887083218803616
2025-04-07,FET,,-0.22895437753663841,-1,-0.004116668884862694
2025-04-07,FIL,,0.0361376113779625,0,0.0
2025-04-07,HBAR,,0.0006927870477743394,0,0.0
2025-04-07,ICP,,0.15050952458843417,1,4.63492250721894e-12
2025-04-07,JST,,0.40954510983257525,1,0.05543516034902939
2025-04-07,JUP,,-0.1449695872160168,-1,-1.565309923000701e-08
2025-04-07,LINK,,-0.05198418077434697,0,0.0
2025-04-07,LTC,,-0.02381864150588835,0,0.0
2025-04-07,LUNC,,0.3231304260614462,1,0.017778459512099148
2025-04-07,NEAR,,-0.3118189371417695,-1,-0.015977102983138307
2025-04-07,NEXO,,0.06901864057301804,0,0.0
2025-04-07,PENGU,,-0.25455174241248807,-1,-0.004994830775307164
2025-04-07,PEPE,,0.38941241354384704,1,0.02022470473765884
2025-04-07,POL,,0.22753077080369652,1,0.0032116381849167787
2025-04-07,QNT,,0.35043150707029075,1,0.027255323054218485
2025-04-07,RENDER,,-0.33709763910528323,-1,-0.009121474563137772
2025-04-07,SHIB,,0.37932571593315095,1,0.03465365651479534
2025-04-07,SOL,,-0.015526694816976095,0,0.0
2025-04-07,STX,,0.244989903064045,1,0.003872138930486698
2025-04-07,SUI,,0.018504779190835468,0,0.0
2025-04-07,TAO,,-0.3122836222982306,-1,-0.008082665055195662
2025-04-07,TON,,-0.45038219449013484,-1,-0.023376968557029674
2025-04-07,TRUMP,,0.05225008097977143,0,0.0
2025-04-07,TRX,,0.7860617063370877,1,0.2
2025-04-07,UNI,,0.009925660478087812,0,0.0
2025-04-07,VET,,0.1342710882911194,0,0.0
2025-04-07,WLD,,0.0683914748181152,0,0.0
2025-04-07,XLM,,0.08904012426610461,0,0.0
2025-04-07,XRP,,0.14309273267497993,0,0.0
2025-04-07,ZEC,,-0.6184707291776299,-1,-0.0382765672149244
2025-04-14,AAVE,,-0.16067253564295825,-1,-0.005915348411977861
2025-04-14,ADA,,-0.03561014543437521,0,0.0019159613757190903
2025-04-14,ALGO,,0.417439481867757,1,0.06519010913873585
2025-04-14,APT,,0.06376472852279,0,0.0
2025-04-14,ARB,,0.012808722718134144,0,0.0
2025-04-14,ATOM,,-0.077008268121192,0,0.0
2025-04-14,AVAX,,-0.25415219673316214,-1,-0.006101506287083395
2025-04-14,BCH,,-0.5988905015871331,-1,-0.02518882460387643
2025-04-14,BNB,,-0.09773030170193622,0,9.920906142665316e-05
2025-04-14,BONK,,-0.23961666728648695,-1,-0.0071311621712846504
2025-04-14,BTC,,-0.194025848583026,-1,-0.006486982007971957
2025-04-14,CAKE,,-0.06588396888739406,0,-0.009425473077757048
2025-04-14,CHZ,,0.1984278890682773,1,0.010958158831661001
2025-04-14,DASH,,0.41869771439561404,1,0.09720206627494715
2025-04-14,DEXE,,0.005058505373636082,0,-0.00021781528726563142
2025-04-14,DOGE,,-0.10698454362294713,0,0.005984433424984944
2025-04-14,DOT,,0.36225023136358725,1,0.05590275964485862
2025-04-14,ENA,,-0.2819501882153634,-1,-0.00800469859778341
2025-04-14,ETC,,0.09613738669891428,0,0.0
2025-04-14,ETH,,-0.24477504917808976,-1,-0.013268627203736661
2025-04-14,FET,,-0.018099640210434226,0,-0.00089820594869061
2025-04-14,FIL,,0.2765077297091945,1,0.019088598023138018
2025-04-14,HBAR,,-0.13013643991305535,-1,-1.5868492044985382e-08
2025-04-14,ICP,,-0.08267499022106371,0,1.0112824431938504e-12
2025-04-14,JST,,-0.35058597206914816,-1,-0.0238953429947222
2025-04-14,JUP,,0.05778222114058063,0,-3.415311563078419e-09
2025-04-14,LINK,,-0.018019785403679055,0,0.0
2025-04-14,LTC,,-0.18009078189463248,-1,-0.0029861265607396396
2025-04-14,LUNC,,0.3771761108002061,1,0.06416917059091524
2025-04-14,NEAR,,0.19855817469061612,1,0.0021235829319003995
2025-04-14,NEXO,,0.09584629332420964,0,0.0
2025-04-14,ONDO,,0.12031986480352425,1,8.185255843193387e-12
2025-04-14,PENGU,,-0.06520198049481843,0,-0.0010898099508514308
2025-04-14,PEPE,,0.36750022828426526,1,0.04593171763764946
2025-04-14,POL,,0.39239894131036973,1,0.051059360190928785
2025-04-14,QNT,,0.1581317478146116,1,0.008317146805490852
2025-04-14,RENDER,,-0.1636849337195083,-1,-0.002969358104242951
2025-04-14,SHIB,,0.3239189917485607,1,0.05271908777452831
2025-04-14,SOL,,-0.16356765174609544,-1,-0.0014228063095909373
2025-04-14,STX,,0.13285927518247276,1,0.0010184233524220248
2025-04-14,SUI,,-0.30297001187105893,-1,-0.009519466859371755
2025-04-14,TAO,,-0.03726929865594984,0,-0.0017635369850962897
2025-04-14,TON,,-0.10084949108734458,0,-0.005100563782889169
2025-04-14,TRUMP,,0.203856215652581,1,0.00526007458652766
2025-04-14,TRX,,-0.29980521835367896,-1,0.022605548020561
2025-04-14,UNI,,-0.0005692518122330696,0,0.0
2025-04-14,VET,,0.09273181338998754,0,0.0
2025-04-14,VIRTUAL,,0.1791300590238939,1,0.0031481850732032633
2025-04-14,WLD,,0.1080915289428607,0,0.0
2025-04-14,XLM,,0.31851435405467643,1,0.03198558486564897
2025-04-14,XRP,,-0.2033749073514259,-1,-0.0052259714954956404
2025-04-14,ZEC,,-0.5037076400831193,-1,-0.030735519619387912
2025-04-21,AAVE,,-0.082101704966613,0,-4.460806436333564e-05
2025-04-21,ADA,,0.0961504233360204,0,1.444840141498374e-05
2025-04-21,ALGO,,0.4387350436150905,1,0.15094848432809893
2025-04-21,APT,,-0.08578693915973422,0,0.0
2025-04-21,ARB,,0.0406655632991593,0,0.0
2025-04-21,ATOM,,0.21498968232426457,1,0.02244361448550851
2025-04-21,AVAX,,-0.13858197048897503,-1,-0.0016105963889412886
2025-04-21,BCH,,-0.587297792152261,-1,-0.023261311180778708
2025-04-21,BNB,,-0.4445534599692025,-1,-0.04329140247158586
2025-04-21,BONK,,0.2610648226666255,1,0.010342810954115197
2025-04-21,BTC,,-0.19104410406653655,-1,-0.009062849458101405
2025-04-21,CAKE,,-0.0348981750724916,0,-7.107816487294388e-05
2025-04-21,CHZ,,0.24708820477822516,1,0.03082471482647129
2025-04-21,DASH,,-0.014974821504797575,0,0.0007330077159719284
2025-04-21,DEXE,,-0.7656643728527803,-1,-0.05290715243134116
2025-04-21,DOGE,,0.11147896001064135,0,4.512903937480255e-05
2025-04-21,DOT,,0.26608074409920246,1,0.04812177330191973
2025-04-21,ENA,,-0.0217894588842522,0,-6.0364003164377e-05
2025-04-21,ETC,,-0.19033079442661172,-1,-0.005833376215522819
2025-04-21,ETH,,-0.17125308287480073,-1,-0.0044773864039673004
2025-04-21,FET,,0.14830824421563366,1,-6.773423464707809e-06
2025-04-21,FIL,,-0.04341378351888056,0,0.0001439484794332306
2025-04-21,HBAR,,0.019518428778296293,0,-1.196654305363414e-10
2025-04-21,ICP,,-0.176657152615751,-1,-0.005218560285067215
2025-04-21,JST,,0.12477729871627256,0,-0.00018019648616710016
2025-04-21,JUP,,0.20027133683228193,1,0.003472336338945687
2025-04-21,LINK,,-0.09385685801065957,-1,-1.5013901947262273e-08
2025-04-21,LTC,,-0.1608354080776933,-1,-0.002963228994653877
2025-04-21,LUNC,,0.09380932835171478,0,0.00048390429312079875
2025-04-21,NEAR,,0.15828408676000758,1,0.00032787218818769296
2025-04-21,NEXO,,0.12345629903241397,0,0.0
2025-04-21,ONDO,,0.12623723788931832,0,6.172559823259156e-14
2025-04-21,PENGU,,-0.5792539831555742,-1,-0.00415409659726748
2025-04-21,PEPE,,0.463087342181707,1,0.16693569047627382
2025-04-21,POL,,0.3665829726594773,1,0.05829474779788686
2025-04-21,QNT,,0.30967584229080397,1,0.07484815046935807
2025-04-21,RENDER,,-0.31434117040842807,-1,-0.006217930932131187
2025-04-21,SHIB,,0.22859846324704905,1,0.021191858989386372
2025-04-21,SOL,,-0.24705165084087227,-1,-0.006415571371587422
2025-04-21,STX,,0.2510314503198949,1,0.013415572175984533
2025-04-21,SUI,,-0.19416573113016675,-1,-0.0016573761886700521
2025-04-21,TAO,,0.09232988699924821,0,-1.3298958211659237e-05
2025-04-21,TON,,-0.06819816218270988,0,-3.846371535034306e-05
2025-04-21,TRUMP,,-0.03307130958717549,0,3.96665976997489e-05
2025-04-21,TRX,,-0.50622989553176,-1,-0.044450155515416256
2025-04-21,UNI,,-0.03644913296740771,0,0.0
2025-04-21,VET,,0.13225118594171592,0,0.0
2025-04-21,VIRTUAL,,0.1662383676310012,1,0.0008934128863111518
2025-04-21,WLD,,0.2399523654621752,1,0.007895502875351984
2025-04-21,XLM,,0.28570741885144724,1,0.0329964659821447
2025-04-21,XRP,,-0.12956494765295562,-1,-0.0020895164639947684
2025-04-21,ZEC,,0.10499486180939666,0,-0.0002317787460576308
2025-04-28,AAVE,,0.3482713573143307,1,0.056002630319115586
2025-04-28,ADA,,-0.023477334315336284,0,5.784546766928978e-06
2025-04-28,ALGO,,-0.009963676860968058,0,0.06043357613856251
2025-04-28,APT,,-0.016690158401858213,0,0.0
2025-04-28,ARB,,0.07177299486013898,1,5.2564400192073904e-05
2025-04-28,ATOM,,-0.08918670878302311,0,0.0089855018476793
2025-04-28,AVAX,,-0.20842502373485566,-1,-0.00212483260648263
2025-04-28,BCH,,-0.17925114382688576,-1,-0.01039527366763766
2025-04-28,BNB,,-0.5802495588023167,-1,-0.0388990423467727
2025-04-28,BONK,,0.06584524325672457,1,0.004140998112276376
2025-04-28,BTC,,-0.448580552171662,-1,-0.018689221850150817
2025-04-28,CAKE,,0.18691496749404546,1,0.011345711561268254
2025-04-28,CHZ,,0.09001006484440208,1,0.013243984491762999
2025-04-28,DASH,,0.7486542422564278,1,0.12022167692705032
2025-04-28,DEXE,,0.1335450605188261,1,-0.017751387797235306
2025-04-28,DOGE,,-0.03951318957268384,0,1.8067814653834383e-05
2025-04-28,DOT,,0.0052697165393714995,0,0.019265982455597647
2025-04-28,ENA,,0.023643751727327883,0,-2.416726870429219e-05
2025-04-28,ETC,,-0.1348086697906268,-1,-0.0032732814269906966
2025-04-28,ETH,,-0.16592067388440668,-1,-0.003526092876665944
2025-04-28,FET,,-0.03983085655220006,0,-2.711800681505396e-06
2025-04-28,FIL,,-0.023019502697758383,0,5.7631061554415825e-05
2025-04-28,HBAR,,0.005701070786920507,0,-4.7909125683918215e-11
2025-04-28,ICP,,-0.20100490641429233,-1,-0.0045051599668473
2025-04-28,JST,,-0.05007617630269158,0,-7.2143275337636e-05
2025-04-28,JUP,,0.22675159947462364,1,0.014916283462944494
2025-04-28,LINK,,-0.15041772176507612,-1,-0.0010418902593314027
2025-04-28,LTC,,0.02241813550361262,0,-0.0011863552380901635
2025-04-28,LUNC,,-0.06138255242936856,0,0.00019373541292755668
2025-04-28,NEAR,,-0.05015319747228627,0,0.000131266563799936
2025-04-28,NEXO,,0.818353525237127,1,0.11992821073021818
2025-04-28,ONDO,,0.14945516412470858,1,0.005322098573800045
2025-04-28,PENGU,,-0.42945856042863784,-1,-0.0025574268002747135
2025-04-28,PEPE,,0.06535266818060816,1,0.0668341971530842
2025-04-28,POL,,0.22744033363312086,1,0.03561220910061598
2025-04-28,QNT,,0.6993208293362816,1,0.149894337388295
2025-04-28,RENDER,,-0.030854008226279563,0,-0.0024894042764583325
2025-04-28,SHIB,,-0.07958494710152231,0,0.008484350336165385
2025-04-28,SOL,,-0.3250506950696103,-1,-0.0072383996043216105
2025-04-28,STX,,-0.11435762469991,-1,0.0053141709535548115
2025-04-28,SUI,,-0.28264350790280446,-1,-0.0016856474751886692
2025-04-28,TAO,,-0.008385576358047103,0,-5.324356897158064e-06
2025-04-28,TON,,-0.08764940828656893,0,-1.539929255032771e-05
2025-04-28,TRUMP,,-0.20548089283986973,-1,-0.00039409354523114667
2025-04-28,TRX,,-0.08759699015142886,0,-0.017796017427197202
2025-04-28,UNI,,-0.21285540724413451,-1,-0.00311768077599885
2025-04-28,VET,,0.054540603102560634,0,0.0
2025-04-28,VIRTUAL,,0.24081695708844386,1,0.020354546259690156
2025-04-28,WLD,,-0.10747049786565278,-1,0.00316103282846462
2025-04-28,XLM,,0.14910623569050163,1,0.018236934886454035
2025-04-28,XRP,,-0.26653822112294523,-1,-0.005310561854916363
2025-04-28,ZEC,,0.37669342010559326,1,0.05187368837039799
2025-05-05,AAVE,,0.2739816389786333,1,0.03741392382077832
2025-05-05,ADA,,-0.047830367322277564,0,8.978783706354462e-07
2025-05-05,ALGO,,0.04550867026493025,0,0.00938051035997993
2025-05-05,APT,,0.169920467550096,1,0.0014944791761447235
2025-05-05,ARB,,0.1238144750360372,0,8.15905547997592e-06
2025-05-05,ATOM,,0.06148812057000768,0,0.0013947311835148897
2025-05-05,AVAX,,-0.07386587431778227,-1,-0.0003298241872523803
2025-05-05,BCH,,0.19468780157414856,1,0.006683916738054137
2025-05-05,BNB,,-0.29106111335183477,-1,-0.019153398081553155
2025-05-05,BONK,,-0.09343122200017538,-1,0.0004609397870388265
2025-05-05,BTC,,-0.44004660155731756,-1,-0.02887009695398621
2025-05-05,CAKE,,0.42588136918596464,1,0.12788120162241606
2025-05-05,CHZ,,0.21753654198627997,1,0.012528329121846302
2025-05-05,DASH,,0.6190795663769273,1,0.18761679460484382
2025-05-05,DEXE,,-0.3701341552342725,-1,-0.013844296712619823
2025-05-05,DOGE,,-0.12160883064946951,-1,-0.0007473794304606473
2025-05-05,DOT,,0.1448598477705247,0,0.002990469198869819
2025-05-05,ENA,,-0.027352754580176813,0,-3.751247715893054e-06
2025-05-05,ETC,,0.08550608933996678,0,-0.0005080793211147288
2025-05-05,ETH,,-0.28383814204503865,-1,-0.004611760323491004
2025-05-05,FET,,0.10573642846672902,0,-4.209261806505943e-07
2025-05-05,FIL,,0.23506145363963457,1,0.02029372234808009
2025-05-05,HBAR,,0.06518675032089043,0,-7.436462948761469e-12
2025-05-05,ICP,,-0.005417495962421384,0,-0.0006992917256043612
2025-05-05,JST,,-0.4258913390552647,-1,-0.008608827769688647
2025-05-05,JUP,,0.2670213054096429,1,0.02236961681884332
2025-05-05,LINK,,-0.002019898382440182,0,-0.00016172239003714982
2025-05-05,LTC,,0.1050228878114713,0,-0.00018414626955064618
2025-05-05,LUNC,,0.16189915178766137,1,0.00045933007021181356
2025-05-05,NEAR,,0.05921114189323684,0,2.0375219212926017e-05
2025-05-05,NEXO,,0.23843670700160027,1,0.05997913282031567
2025-05-05,ONDO,,0.1318685685911574,0,0.0008260970804358763
2025-05-05,PENGU,,-0.9041290185236321,-1,-0.004708848830480802
2025-05-05,PEPE,,-0.11019704238275724,-1,0.010051372102914083
2025-05-05,POL,,-0.050773136618546495,0,0.005527733385232127
2025-05-05,QNT,,0.30641930524703753,1,0.0877755499049177
2025-05-05,RENDER,,0.35244135308880203,1,0.08382897494798836
2025-05-05,SHIB,,0.0184486511777293,0,0.0013169423574011206
2025-05-05,SOL,,-0.04481632898086066,0,-0.00112354566478628
2025-05-05,STX,,-0.12957991064046712,-1,8.23052913930672e-06
2025-05-05,SUI,,-0.6700099712037729,-1,-0.006883796092171502
2025-05-05,TAO,,0.15159779121946804,1,-8.26432512614821e-07
2025-05-05,TON,,-0.007688856409148004,0,-2.3902809089686758e-06
2025-05-05,TRUMP,,-0.548166422536888,-1,-0.0040123556766950815
2025-05-05,TRX,,0.03933764942596481,0,-0.002762300967585559
2025-05-05,UNI,,-0.07029698766380899,0,-0.0004839269605908039
2025-05-05,VET,,0.18823073709284552,1,0.00344050057176393
2025-05-05,VIRTUAL,,-0.3192948845187421,-1,0.0007129495982927635
2025-05-05,WLD,,-0.16748412983152622,-1,-0.0005731511330396037
2025-05-05,XLM,,0.16010649672091504,1,0.0031152831074993514
2025-05-05,XRP,,-0.22706097752495544,-1,-0.008232128239632097
2025-05-05,ZEC,,0.48370449376527314,1,0.17700780775174976
2025-05-12,AAVE,,0.555847214702599,1,0.14086812385121963
2025-05-12,ADA,,-0.12403270978849662,-1,-0.00017581736763629
2025-05-12,ALGO,,0.10171197253415075,1,0.003979860438092684
2025-05-12,APT,,-0.2770758186192621,-1,-0.010314894655607214
2025-05-12,ARB,,-0.05291637388430726,0,2.967414365798083e-06
2025-05-12,ATOM,,-0.0099394397152191,0,0.000507257900200093
2025-05-12,AVAX,,-0.12025530382370685,-1,-0.00011997181435972765
2025-05-12,BCH,,0.18126059931823904,1,0.01899296415895664
2025-05-12,BNB,,-0.13168585720684595,-1,-0.008183701029277454
2025-05-12,BONK,,0.0330867671552101,0,0.00016764187339867923
2025-05-12,BTC,,-0.14360274773276216,-1,-0.01363244832588727
2025-05-12,CAKE,,0.3161599155440998,1,0.07996954365418923
2025-05-12,CHZ,,0.08574161394003284,1,0.004653646112889764
2025-05-12,DASH,,0.2495610653717277,1,0.11035312228183573
2025-05-12,DEXE,,-0.36032175049117304,-1,-0.02605866552118989
2025-05-12,DOGE,,0.06511336282139095,0,-0.00027181877413308875
2025-05-12,DOT,,0.015457349923193633,0,0.0010876211447491194
2025-05-12,ENA,,0.1687599432073384,1,0.003293099517912309
2025-05-12,ETC,,-0.10534142648602483,0,-0.0001847863248559787
2025-05-12,ETH,,-0.255625142440841,-1,-0.0077665236765531494
2025-05-12,FET,,-0.007024804030627382,0,-1.5308909204852953e-07
2025-05-12,FIL,,-0.0606065470645848,0,0.007380741971788651
2025-05-12,HBAR,,0.08788341138987373,1,0.00015120698406618176
2025-05-12,ICP,,-0.05650831766714655,0,-0.00025432947692717947
2025-05-12,JST,,-0.17161845424680022,-1,-0.005538746699296784
2025-05-12,JUP,,0.17621888804150115,1,0.013232846479980487
2025-05-12,LINK,,-0.19236643161136105,-1,-0.0039988355381889214
2025-05-12,LTC,,0.2377813522351999,1,0.028110126542429035
2025-05-12,LUNC,,-0.032346169700045384,0,0.00016705642611877428
2025-05-12,NEAR,,-0.10738541473370052,0,7.410382040802133e-06
2025-05-12,NEXO,,0.481190190962724,1,0.14907499602126412
2025-05-12,ONDO,,0.08532155127217217,1,0.0003816911950794694
2025-05-12,PENGU,,-0.5423737614093971,-1,-0.006604170998999126
2025-05-12,PEPE,,0.013067674172959037,0,0.003655642009956938
2025-05-12,POL,,0.07654945887142568,0,0.00201041352125821
2025-05-12,QNT,,0.0767530100137172,1,0.03192360052931067
2025-05-12,RENDER,,-0.053915367478482204,0,0.03048824770726065
2025-05-12,SHIB,,-0.06483529557838308,0,0.00047896642937052475
2025-05-12,SOL,,0.012953789341345832,0,-0.00040862886084049575
2025-05-12,STX,,-0.1741555494806392,-1,-0.001643197435819543
2025-05-12,SUI,,-0.332733768580986,-1,-0.007790620574449812
2025-05-12,TAO,,0.05690071795536833,0,-3.005700495988125e-07
2025-05-12,TON,,-0.1412022663060832,-1,-0.0012942020762184273
2025-05-12,TRUMP,,-0.1506380279613578,-1,-0.0019219699243392392
2025-05-12,TRX,,0.46419620408940465,1,0.1262561988688348
2025-05-12,UNI,,-0.1831534285950141,-1,-0.0022339750696626875
2025-05-12,VET,,0.031890092808144775,0,0.0012512956735304536
2025-05-12,VIRTUAL,,-0.1490597249460275,-1,-0.00029523115726457785
2025-05-12,WLD,,0.007961039843296217,0,-0.0002084526707937262
2025-05-12,XLM,,0.19009792868992442,1,0.011282696338077387
2025-05-12,XRP,,0.2624061720671689,1,0.045280093344144325
2025-05-12,ZEC,,-0.03315138669292689,0,0.06437699962576034
2025-05-19,AAVE,,0.7505220393984612,1,0.19256906840335478
2025-05-19,ADA,,-0.07943639856949807,0,-2.209445932546225e-05
2025-05-19,ALGO,,0.02596140059796049,0,0.0005001375333542712
2025-05-19,APT,,0.09511686473143116,1,-0.001296242925936119
2025-05-19,ARB,,-0.25494836565218937,-1,-0.0038464770430124452
2025-05-19,ATOM,,-0.25090785124859283,-1,-0.0054287701743623564
2025-05-19,AVAX,,-0.06154229915958061,0,-1.5076510405140329e-05
2025-05-19,BCH,,0.33584546848654223,1,0.06987278517908652
2025-05-19,BNB,,0.028800270339346335,0,-0.0010284220037758817
2025-05-19,BONK,,0.061019793175091125,0,2.106706864542365e-05
2025-05-19,BTC,,-0.0833232629663807,0,-0.0017131502939224524
2025-05-19,CAKE,,0.3083520688701529,1,0.03428294480886558
2025-05-19,CHZ,,-0.04845836759745619,0,0.000584810227446015
2025-05-19,DASH,,0.24926714868980204,1,0.04347311498288842
2025-05-19,DEXE,,-0.05158354723727757,0,-0.0032747170155840513
2025-05-19,DOGE,,-0.34398356071853253,-1,-0.011410575277269776
2025-05-19,DOT,,-0.29064834468726486,-1,-0.008290881155048503
2025-05-19,ENA,,-0.16224069793245402,0,0.0004138342777587735
2025-05-19,ETC,,-0.1809275399739414,-1,-0.0009214098641450281
2025-05-19,ETH,,-0.5293182893937225,-1,-0.02643999086176365
2025-05-19,FET,,0.1840601097966772,1,0.00410956379874557
2025-05-19,FIL,,-0.08728167883292698,0,0.0009275164648396023
2025-05-19,HBAR,,-0.042945052118468996,0,1.90017437076364e-05
2025-05-19,ICP,,-0.10433443592925516,0,-3.1960848685086304e-05
2025-05-19,JST,,0.34962152541537245,1,0.0706946219113407
2025-05-19,JUP,,0.3394146677921908,1,0.02584099511331727
2025-05-19,LINK,,-0.2370751194670024,-1,-0.0060970197778986435
2025-05-19,LTC,,-0.201199624266722,-1,-2.7260673713988548e-05
2025-05-19,LUNC,,0.01976176615202763,0,2.099349718154064e-05
2025-05-19,NEAR,,-0.2800446899563354,-1,-0.006492283318561411
2025-05-19,NEXO,,0.18116586773823187,1,0.032535910669065526
2025-05-19,ONDO,,0.08514237411369176,0,4.796602689454511e-05
2025-05-19,PENGU,,0.3760202157396707,1,0.02445343479946091
2025-05-19,PEPE,,-0.6374242176206575,-1,-0.01778791741463115
2025-05-19,POL,,0.18896973522078891,1,0.010582703063516934
2025-05-19,QNT,,0.015731237382741833,0,0.004011746409923914
2025-05-19,RENDER,,0.17629665023480162,1,0.008626849464424755
2025-05-19,SHIB,,-0.20164831748992515,-1,-0.002303173859976193
2025-05-19,SOL,,-0.07774680750039654,0,-5.135120532419329e-05
2025-05-19,STX,,-0.183565236580108,-1,-0.000994301400893247
2025-05-19,SUI,,-0.16759808130557624,-1,-0.0009790501221867863
2025-05-19,TAO,,-0.005230252808369905,0,-3.7771767514180396e-08
2025-05-19,TON,,-0.09476549884589072,0,-0.00016263862618561171
2025-05-19,TRUMP,,0.22802174745259018,1,0.006908922728235758
2025-05-19,TRX,,0.5318512723408109,1,0.19073283011512226
2025-05-19,UNI,,-0.30508435385549265,-1,-0.007436350362064314
2025-05-19,VET,,-0.17113807737339956,-1,-3.816249699262002e-05
2025-05-19,VIRTUAL,,-0.26040461614823374,-1,-0.0045507317094079834
2025-05-19,WLD,,0.2998610203203611,1,0.01315879002093833
2025-05-19,XLM,,0.0771711980234847,0,0.001417863767809809
2025-05-19,XRP,,-0.1596576385392985,0,0.005690218174093695
2025-05-19,ZEC,,0.6464877817627062,1,0.11483821324273726
2025-05-26,AAVE,,-0.00659222398073321,0,0.06537300612473082
2025-05-26,ADA,,-0.13582189862030822,0,-7.500587902210037e-06
2025-05-26,ALGO,,-0.049940035120776854,0,0.00016978580361978296
2025-05-26,APT,,0.11425412950530003,1,0.00026915134472074134
2025-05-26,ARB,,-0.3157371897768872,-1,-0.007577336724754325
2025-05-26,ATOM,,-0.16347685950189902,-1,-0.0027009669368436963
2025-05-26,AVAX,,-0.1301023996092222,0,-5.118147037977967e-06
2025-05-26,BCH,,0.07524316825491909,1,0.023816857743179584
2025-05-26,BNB,,0.06120931918599441,1,-0.0003491268746381484
2025-05-26,BONK,,-0.06555052614000437,0,7.151811134603861e-06
2025-05-26,BTC,,-0.28482812757509934,-1,-0.025539750112752804
2025-05-26,CAKE,,0.4019009717461242,1,0.029805780784352556
2025-05-26,CHZ,,-0.019881938493065736,0,0.00019853033977687117
2025-05-26,DASH,,0.13964344515959162,1,0.016933993604724834
2025-05-26,DEXE,,0.95962925718286,1,0.1309926592539345
2025-05-26,DOGE,,-0.36926224431843374,-1,-0.014651725187871787
2025-05-26,DOT,,-0.20515628806516728,-1,-0.005771411483204933
2025-05-26,ENA,,-0.29394517280811483,-1,-0.005543125067146849
2025-05-26,ETC,,-0.14432476941367725,-1,-0.00031281878846702135
2025-05-26,ETH,,-0.47318827539209096,-1,-0.02727220190768729
2025-05-26,FET,,-0.02206103274225024,0,0.0013951074365829252
2025-05-26,FIL,,-0.05670150198981971,0,0.0003148716459994656
2025-05-26,HBAR,,-0.0807410965794489,0,6.450678284312867e-06
2025-05-26,ICP,,-0.031734439184011656,0,-1.0850012279569935e-05
2025-05-26,JST,,0.042537370524435965,0,0.02399928498130021
2025-05-26,JUP,,0.1764208113916369,1,0.01075589828402093
2025-05-26,LINK,,-0.2130356239545764,-1,-0.006255248977907326
2025-05-26,LTC,,-0.21821773329387403,-1,-0.006018198774878797
2025-05-26,LUNC,,0.1991558667604969,1,0.0040984610629631775
2025-05-26,NEAR,,-0.2835482229334221,-1,-0.008515957043937063
2025-05-26,NEXO,,-0.01964500639265891,0,0.011045233302927802
2025-05-26,ONDO,,0.051297219856760154,0,1.6283421818233574e-05
2025-05-26,PENGU,,0.11610696377972207,1,0.00871481535196289
2025-05-26,PEPE,,-0.69991498942248,-1,-0.02315207285239751
2025-05-26,POL,,0.11218822321689484,1,0.004517485339677259
2025-05-26,QNT,,0.9800799247224284,1,0.13346625494660108
2025-05-26,RENDER,,-0.029262014708385138,0,0.002928627570102247
2025-05-26,SHIB,,-0.15928909460793378,-1,-0.001506588316084194
2025-05-26,SOL,,-0.25142118315755385,-1,-0.008118999979253217
2025-05-26,STX,,-0.20083454341141538,-1,-0.002751426816702263
2025-05-26,SUI,,-0.08049936467414745,0,-0.000332366200682208
2025-05-26,TAO,,-0.02448792599225343,0,-1.282269270719184e-08
2025-05-26,TON,,0.49903137996272307,1,0.0398793263926584
2025-05-26,TRUMP,,0.2723218756452531,1,0.008869070831678958
2025-05-26,TRX,,0.47449495361722066,1,0.1352010193698807
2025-05-26,UNI,,-0.01979915740869711,0,-0.0025244790443012064
2025-05-26,VET,,-0.11864635207164001,0,-1.295533685819144e-05
2025-05-26,VIRTUAL,,0.4653882860099376,1,0.03762588097788287
2025-05-26,WLD,,-0.06544897846191301,0,0.004467122719994745
2025-05-26,XLM,,0.048273415068236604,0,0.0004813338795559641
2025-05-26,XRP,,-0.25975350191078095,-1,-0.01330744948676612
2025-05-26,ZEC,,0.3036731301222064,1,0.045593433858807306
2025-06-02,AAVE,,-0.3351531978414785,-1,0.0018047063973487265
2025-06-02,ADA,,-0.06350497174360874,0,-1.6791331993587172e-06
2025-06-02,ALGO,,0.10792282948651143,0,3.800941784227004e-05
2025-06-02,APT,,0.08627388367233554,0,6.0254071342791087e-05
2025-06-02,ARB,,0.20680856157108907,1,0.016244776046174476
2025-06-02,ATOM,,0.01635086564487625,0,-0.0006046570366421752
2025-06-02,AVAX,,0.07365643219862138,0,-1.1457836002609953e-06
2025-06-02,BCH,,0.07654536157462909,0,0.005331805594757856
2025-06-02,BNB,,-0.25606399188399837,-1,-0.017663892451936027
2025-06-02,BONK,,0.15080096093830797,1,0.0026510030093720603
2025-06-02,BTC,,-0.3498357056527277,-1,-0.03313567902121419
2025-06-02,CAKE,,0.20671847360009357,1,0.032615865309521444
2025-06-02,CHZ,,-0.0474273452389656,0,4.444436742099739e-05
2025-06-02,DASH,,-0.04953173676556179,0,0.0037909602860655093
2025-06-02,DEXE,,-0.5043786051104628,-1,0.01655932669683871
2025-06-02,DOGE,,-0.10669158603168818,-1,-0.0058395214055907245
2025-06-02,DOT,,0.09890400832025806,0,-0.0012920278723423948
2025-06-02,ENA,,0.20689225113631807,1,0.015286023291653267
2025-06-02,ETC,,0.02662102448517371,0,-7.002976565921972e-05
2025-06-02,ETH,,-0.20180391621921767,-1,-0.018211446937160574
2025-06-02,FET,,-0.12982327874268318,-1,-0.0026823067982885535
2025-06-02,FIL,,-0.06754886560069168,-1,7.046164538674493e-05
2025-06-02,HBAR,,0.11491672207843445,0,1.4440932106642687e-06
2025-06-02,ICP,,0.09044632769104606,0,-2.4289583789435417e-06
2025-06-02,JST,,0.13033932268987913,1,0.006156150939791844
2025-06-02,JUP,,-0.18596242635592372,-1,-0.0031739858929485023
2025-06-02,LINK,,-0.0879755324316891,-1,-0.002926213984827764
2025-06-02,LTC,,-0.09860229544962804,-1,-0.003766148394163298
2025-06-02,LUNC,,0.3278430231463958,1,0.12157889150170251
2025-06-02,NEAR,,0.08194763140314579,0,-0.001906440719476688
2025-06-02,NEXO,,0.154851709780452,1,0.00797234986681045
2025-06-02,ONDO,,0.20387332971733058,1,0.024486200246845186
2025-06-02,PENGU,,0.22920578196946242,1,0.032789596209274144
2025-06-02,PEPE,,0.16156987386713698,1,0.0003559860123218926
2025-06-02,POL,,0.1434900701173465,1,0.0039088897768081365
2025-06-02,QNT,,0.26790190626015664,1,0.07022774756304453
2025-06-02,RENDER,,0.08687844040689452,0,0.0006556227119299519
2025-06-02,SHIB,,-0.051357314878013434,0,-0.0003372752232605025
2025-06-02,SOL,,-0.20551457182867292,-1,-0.013758103515820637
2025-06-02,STX,,-0.2617469585023969,-1,-0.014347599076942446
2025-06-02,SUI,,-0.02150837681359158,0,-7.440578381139669e-05
2025-06-02,TAO,,-0.12809951923947432,-1,-0.0050421528927467275
2025-06-02,TON,,0.09672063004254262,0,0.008927660309699798
2025-06-02,TRUMP,,0.11265956742188882,0,0.0019854912008361583
2025-06-02,TRX,,0.6098633374585433,1,0.18549365448692678
2025-06-02,UNI,,0.2401821739532931,1,0.03532704392831253
2025-06-02,VET,,0.11692167572706168,1,-2.9002393320608167e-06
2025-06-02,VIRTUAL,,-0.046028453029759414,0,0.00842318851919157
2025-06-02,WLD,,-0.4638269761962896,-1,-0.011131837105895603
2025-06-02,XLM,,0.1906567758687317,1,0.018303586669893197
2025-06-02,XRP,,0.0022217073650619536,0,-0.002979097175227317
2025-06-02,ZEC,,-0.9575990340364943,-1,-0.014893506632702315
2025-06-09,AAVE,,-0.11588789560832878,-1,3.053150881716406e-05
2025-06-09,ADA,,-0.1276213679150534,-1,-0.0014386878277367556
2025-06-09,ALGO,,-0.0039374215590047,0,6.435219129932111e-07
2025-06-09,APT,,0.08698529417608705,0,1.0201370464827576e-06
2025-06-09,ARB,,0.21974503137377846,1,0.016103649317190823
2025-06-09,ATOM,,0.0013430017920875513,0,-1.0237201067890382e-05
2025-06-09,AVAX,,-0.14067102993224406,-1,-0.0024866276458677884
2025-06-09,BCH,,0.1934107050072169,1,0.009299227981929302
2025-06-09,BNB,,-0.20159015445458953,-1,-0.013117794162749044
2025-06-09,BONK,,0.27861814169139476,1,0.021910850874603247
2025-06-09,BTC,,-0.27805563575661524,-1,-0.026414064820276795
2025-06-09,CAKE,,0.3204990004073619,1,0.054885579199964306
2025-06-09,CHZ,,-0.04177666226228805,0,7.524694133233115e-07
2025-06-09,DASH,,-0.22061964313421353,-1,-0.01591809967568602
2025-06-09,DEXE,,-0.4537036374586341,-1,-0.016207289406166912
2025-06-09,DOGE,,0.03391285109208746,0,-9.886654937691416e-05
2025-06-09,DOT,,0.018479369157883403,0,-2.187479564934769e-05
2025-06-09,ENA,,0.22479917355677959,1,0.013279266000666468
2025-06-09,ETC,,0.09153665948189323,1,-1.1856330983412854e-06
2025-06-09,ETH,,0.11634010684245895,1,0.0006862527152076449
2025-06-09,FET,,-0.14590160970719143,-1,-0.00250056584806445
2025-06-09,FIL,,0.06428289393539897,0,1.1929573091619666e-06
2025-06-09,HBAR,,-0.1521194902222116,-1,-0.004972276940843124
2025-06-09,ICP,,0.01847059144247005,0,-4.112370121229125e-08
2025-06-09,JST,,0.021892539310352416,0,0.00010422727456362458
2025-06-09,JUP,,-0.122441532095734,-1,-0.00046420640029594265
2025-06-09,LINK,,-0.020940599622871432,0,-4.9542532568065244e-05
2025-06-09,LTC,,0.05868744365748634,0,-6.376311863774513e-05
2025-06-09,LUNC,,0.5303171124272323,1,0.17725869401623767
2025-06-09,NEAR,,-0.0702360908165897,0,-3.227716835592885e-05
2025-06-09,NEXO,,0.23992719314664898,1,0.02502494671053705
2025-06-09,ONDO,,0.17987915984395145,1,0.010200498852755738
2025-06-09,PENGU,,0.5027801825174207,1,0.10871084203905987
2025-06-09,PEPE,,0.21304963803464477,1,0.01542305413567726
2025-06-09,POL,,0.03941354175555508,0,6.617981462619937e-05
2025-06-09,QNT,,-0.28550236915226546,-1,-0.010928462233406447
2025-06-09,RENDER,,0.013535873202336447,0,1.1100080078410481e-05
2025-06-09,SHIB,,0.06815163255055941,0,-5.710268906998039e-06
2025-06-09,SOL,,0.018776398922497137,0,-0.00023293282550130266
2025-06-09,STX,,0.014669942130396015,0,-0.00024291333382606313
2025-06-09,SUI,,-0.3396806312872446,-1,-0.03684644842467602
2025-06-09,TAO,,-0.10406409360372987,0,-8.536662909728113e-05
2025-06-09,TON,,-0.19159723608324916,-1,-0.00973425977833909
2025-06-09,TRUMP,,0.3348821435754258,1,0.06066438635934826
2025-06-09,TRX,,0.01520668090566688,0,0.00314051722335984
2025-06-09,UNI,,0.4736430585501278,1,0.10913720570359023
2025-06-09,VET,,-0.06989864246419672,0,-4.91027663420397e-08
2025-06-09,VIRTUAL,,0.22393515228753547,1,0.01636896780917021
2025-06-09,WLD,,-0.4835450895560788,-1,-0.01890064851068882
2025-06-09,XLM,,0.09765196716316252,1,0.00038990504994914146
2025-06-09,XRP,,-0.1914412227858017,-1,-0.011209645122959355
2025-06-09,ZEC,,-0.9535904244597697,-1,-0.0399485861715156
2025-06-16,AAVE,,-0.21698148879473933,-1,-0.00842623959655185
2025-06-16,ADA,,-0.1354572540482599,-1,-0.005616452226790596
2025-06-16,ALGO,,0.04676704177175609,0,8.509144887191088e-08
2025-06-16,APT,,0.02103737652760219,0,1.3489041721885472e-07
2025-06-16,ARB,,0.09676571712871682,1,0.00329218378035152
2025-06-16,ATOM,,-0.031640250396719964,0,-1.3536419718920366e-06
2025-06-16,AVAX,,-0.11234452651573651,-1,-0.0021503897379336733
2025-06-16,BCH,,0.1019674839760087,1,0.003027055643741892
2025-06-16,BNB,,-0.2603130326603635,-1,-0.02877331475050677
2025-06-16,BONK,,0.3175409770352118,1,0.061510168455617666
2025-06-16,BTC,,-0.33943377563040134,-1,-0.045061781561354
2025-06-16,CAKE,,0.21240190957096522,1,0.0344031515359752
2025-06-16,CHZ,,-0.045251901285378586,0,9.949733073371319e-08
2025-06-16,DASH,,-0.2657670370360827,-1,-0.03012610914328747
2025-06-16,DEXE,,-0.2296806636858191,-1,-0.008389851030940379
2025-06-16,DOGE,,-0.00843326207912326,0,-1.3072900489616575e-05
2025-06-16,DOT,,-0.019019113386775373,0,-2.8924548146655015e-06
2025-06-16,ENA,,0.048501416529098396,0,0.0017558873460834824
2025-06-16,ETC,,-0.0069195269221773575,0,-1.5677358630896716e-07
2025-06-16,ETH,,-0.18034781313632514,-1,-0.010186884635563028
2025-06-16,FET,,0.0005084806715756545,0,-0.000330644173438842
2025-06-16,FIL,,0.02069513598315723,0,1.5774205016076712e-07
2025-06-16,HBAR,,-0.10124082779208704,-1,-0.0012842361676424431
2025-06-16,ICP,,-0.30731536989703345,-1,-0.014297914433425518
2025-06-16,JST,,0.5095771667655253,1,0.17356823352687134
2025-06-16,JUP,,0.15181795951622232,1,0.009064957665113312
2025-06-16,LINK,,-0.09494124043916212,-1,-6.600064494863949e-06
2025-06-16,LTC,,-0.004220707886752646,0,-8.431253139835998e-06
2025-06-16,LUNC,,0.16197533303742945,1,0.03507944685347364
2025-06-16,NEAR,,-0.08050106944126995,0,-4.267937059227313e-06
2025-06-16,NEXO,,0.05829337855150818,0,0.0033089921734559824
2025-06-16,ONDO,,0.11653655450720173,1,0.0053134897624412
2025-06-16,PENGU,,0.5817120480079484,1,0.18792904086037693
2025-06-16,PEPE,,0.10059206985944176,1,0.0034372734496773034
2025-06-16,POL,,0.0660576350809542,0,8.750807391196316e-06
2025-06-16,QNT,,-0.3873217272796869,-1,-0.018671616018209963
2025-06-16,RENDER,,0.04392900702356351,0,1.4677385142534315e-06
2025-06-16,SHIB,,0.011059531452558207,0,-7.550559583661176e-07
2025-06-16,SOL,,-0.11776623274072331,-1,-0.002396665721193109
2025-06-16,STX,,0.24419166491768945,1,0.049140930071684887
2025-06-16,SUI,,0.021608076984716666,0,-0.004872122640947114
2025-06-16,TAO,,0.08615441558892233,1,0.0007014964158397812
2025-06-16,TON,,-0.0813260599311695,0,-0.0012871391812933914
2025-06-16,TRUMP,,0.23771792524734559,1,0.05399728858622654
2025-06-16,TRX,,0.06761213542716639,1,0.000415263515846369
2025-06-16,UNI,,-0.1449903866305701,-1,0.011069784754898837
2025-06-16,VET,,-0.05034779095052332,0,-6.492747872763015e-09
2025-06-16,VIRTUAL,,0.09434364629367703,1,0.002808741898325612
2025-06-16,WLD,,0.09310591136422813,1,-0.0011587784195367032
2025-06-16,XLM,,0.034137178469076254,0,5.1556263979152576e-05
2025-06-16,XRP,,-0.16719996729848627,-1,-0.011969038107876789
2025-06-16,ZEC,,-0.15784615142389874,-1,-0.014619952976991285
2025-06-23,AAVE,,-0.11556250497332919,-1,-0.005529806573547269
2025-06-23,ADA,,-0.28172194750110585,-1,-0.0412428095191181
2025-06-23,ALGO,,0.22515225372956166,1,0.04248341631494542
2025-06-23,APT,,0.05970178582227227,1,4.723110259754469e-06
2025-06-23,ARB,,-0.0762064280984584,-1,0.0005022328629879481
2025-06-23,ATOM,,0.18461795536037653,1,0.031076664216139444
2025-06-23,AVAX,,-0.05971877798625757,0,-0.00045106593817422847
2025-06-23,BCH,,0.4468602773786969,1,0.15868293808620468
2025-06-23,BNB,,-0.011036691479444843,0,-0.006035493000813425
2025-06-23,BONK,,0.13453895243732458,1,0.019667342505836363
2025-06-23,BTC,,-0.08984714618168646,-1,-0.0140161412082636
2025-06-23,CAKE,,0.21063861979824297,1,0.04457413574539934
2025-06-23,CHZ,,0.16835406213512336,1,0.02203498503629229
2025-06-23,DASH,,0.18427020417368303,1,0.026324974333641393
2025-06-23,DEXE,,-0.18062452568355236,-1,-0.014263904086677784
2025-06-23,DOGE,,-0.07221762470479508,-1,-2.787373640013266e-06
2025-06-23,DOT,,-0.09602553048629549,-1,-0.0025874752450640234
2025-06-23,ENA,,-0.04647195621621459,0,0.0003683150822001511
2025-06-23,ETC,,0.12356978630432192,1,0.010578121902476027
2025-06-23,ETH,,-0.21429552578177258,-1,-0.02439681073879188
2025-06-23,FET,,0.013343199163775453,0,-6.935595053450435e-05
2025-06-23,FIL,,0.017857500520412038,0,3.308798614043948e-08
2025-06-23,HBAR,,-0.023813303063364297,0,-0.0002693814900509824
2025-06-23,ICP,,-0.22163812626754018,-1,-0.02013772038718586
2025-06-23,JST,,0.2482752292116093,1,0.16025045720295486
2025-06-23,JUP,,-0.1159874122238368,-1,-0.0006180886068471742
2025-06-23,LINK,,-0.024339374716185365,0,-1.3844301016088867e-06
2025-06-23,LTC,,0.11246216042441093,1,0.009249747269433522
2025-06-23,LUNC,,0.057574856819459896,0,0.007358267818372153
2025-06-23,NEAR,,-0.012238156162485504,0,-8.952428481819257e-07
2025-06-23,NEXO,,0.08969400840261206,1,0.0036739685017630253
2025-06-23,ONDO,,0.13262670831980405,1,0.009455257937585362
2025-06-23,PENGU,,-0.2724644653486859,-1,0.03058203660486364
2025-06-23,PEPE,,-0.00872101847441525,0,0.0007210027773057954
2025-06-23,POL,,-0.0023164490837521024,0,1.8355701183194941e-06
2025-06-23,QNT,,-0.13155706353517566,-1,-0.008748578622626723
2025-06-23,RENDER,,-0.02662479421943166,0,3.078729582119092e-07
2025-06-23,SHIB,,0.04731549728845546,0,-1.5838060339783812e-07
2025-06-23,SOL,,-0.1292300265510785,-1,-0.007108652577649351
2025-06-23,STX,,0.0857476967924335,1,0.011435178065600633
2025-06-23,SUI,,-0.05480853959858742,0,-0.0010219768682724686
2025-06-23,TAO,,-0.017865786934343434,0,0.0001471459491062682
2025-06-23,TON,,-0.00886935621344366,0,-0.0002699904264465104
2025-06-23,TRUMP,,-0.005620748764462565,0,0.011326475943107428
2025-06-23,TRX,,0.13326277737141898,1,0.02327985381632336
2025-06-23,UNI,,0.02763600370651008,0,0.0023219990115155714
2025-06-23,VET,,0.019349700444468317,0,-1.3619193576373495e-09
2025-06-23,VIRTUAL,,-0.09885975854911837,-1,-0.0013435035102213003
2025-06-23,WLD,,0.05839375339326438,1,-0.00024306544678159034
2025-06-23,XLM,,-0.14908346229158342,-1,-0.01657847193976112
2025-06-23,XRP,,-0.034092736858839116,0,-0.002510626472929652
2025-06-23,ZEC,,-0.19938375104898023,-1,-0.028572582016560447
2025-06-30,AAVE,,-0.00897417066240285,0,-0.0012504191226550276
2025-06-30,ADA,,0.11277497808154727,1,-0.008212733768299937
2025-06-30,ALGO,,-0.10647217150293128,0,0.00960649806632305
2025-06-30,APT,,-0.42027596119892385,-1,-0.04180161839655717
2025-06-30,ARB,,-0.44529985513489095,-1,-0.033329180353787714
2025-06-30,ATOM,,-0.05447270812746221,0,0.007027163552171541
2025-06-30,AVAX,,-0.08530094917249079,0,-0.00010199660099676438
2025-06-30,BCH,,-0.1940177252008363,-1,0.014587617163115768
2025-06-30,BNB,,0.07869489295801803,1,-0.001364766684830731
2025-06-30,BONK,,0.40661141331406575,1,0.024881566372042883
2025-06-30,BTC,,-0.16421050940701698,-1,-0.022356721023829754
2025-06-30,CAKE,,0.163661601457921,1,0.014841888474448658
2025-06-30,CHZ,,0.04071605147481738,0,0.004982627563973281
2025-06-30,DASH,,0.08297426620227992,1,0.00597950664466396
2025-06-30,DEXE,,-0.1332941145194988,-1,-0.0073491394420878795
2025-06-30,DOGE,,0.11440282577269048,1,0.0010151138262526475
2025-06-30,DOT,,-0.07302589185650747,0,-0.0005850889145565703
2025-06-30,ENA,,-0.0783240391434872,0,8.328468922374875e-05
2025-06-30,ETC,,-0.04546533169809532,0,0.002391961768049162
2025-06-30,ETH,,-0.0031205596039423434,0,-0.005516691818030751
2025-06-30,FET,,-0.15511629373959465,-1,-0.004663320979133892
2025-06-30,FIL,,-0.11754979050208252,-1,-4.9041218897682545e-08
2025-06-30,HBAR,,0.20263298048903647,1,0.008139800365303436
2025-06-30,ICP,,-0.1246533776178962,-1,-0.005566742498300914
2025-06-30,JST,,0.537329044979027,1,0.19101169493559056
2025-06-30,JUP,,-0.22499604512091664,-1,-0.010340314666835215
2025-06-30,LINK,,-0.14665279120909763,-1,-0.004532272231719182
2025-06-30,LTC,,-0.013855996933022538,0,0.002091585069313986
2025-06-30,LUNC,,0.16252601406336367,1,0.007128656505098197
2025-06-30,NEAR,,-0.14797011064188192,-1,-0.004091187805177317
2025-06-30,NEXO,,0.2775571820901911,1,0.03045634700256029
2025-06-30,ONDO,,0.1775927443522538,1,0.007166028130638621
2025-06-30,PENGU,,-0.20389460141763993,-1,0.001553794592677328
2025-06-30,PEPE,,0.012280983714488197,0,0.0001630356592477012
2025-06-30,POL,,0.24996862185060678,1,0.021956755557920527
2025-06-30,QNT,,-0.1484191910924157,-1,-0.0056361909751460725
2025-06-30,RENDER,,-0.09355736271320782,0,6.961730562839418e-08
2025-06-30,SHIB,,0.08705084175105464,1,8.118184485614089e-05
2025-06-30,SOL,,-0.15399097492795227,-1,-0.007494613733475219
2025-06-30,STX,,-0.14634421091495645,-1,-0.0011609765415663623
2025-06-30,SUI,,0.050272380825825164,0,-0.0002310929689859375
2025-06-30,TAO,,-0.09195553723677047,0,3.3273154519340145e-05
2025-06-30,TON,,-0.08239072484227956,0,-6.105117560123576e-05
2025-06-30,TRUMP,,-0.13084776291322178,-1,-0.0005974528140342307
2025-06-30,TRX,,0.5396701953858707,1,0.1600394250309717
2025-06-30,UNI,,0.0075892987301779905,0,0.0005250585039763185
2025-06-30,VET,,-0.09856767591960956,0,-3.079619486964025e-10
2025-06-30,VIRTUAL,,0.012372701015973046,0,-0.00030379769313652796
2025-06-30,WLD,,-0.02103723811572302,0,-5.496280542004937e-05
2025-06-30,XLM,,0.431543448427638,1,0.08433173263591187
2025-06-30,XRP,,0.14375252400128982,1,0.0038301377212013694
2025-06-30,ZEC,,0.022078682148608243,0,-0.00646093176351694
2025-07-07,AAVE,,-0.2676049527345532,-1,-0.016195422997174403
2025-07-07,ADA,,0.06072586123787552,0,0.0
2025-07-07,ALGO,,-0.10904340692535394,-1,-0.0008364673941714064
2025-07-07,APT,,-0.3071921851788517,-1,-0.017730146070816244
2025-07-07,ARB,,-0.2321994185250615,-1,-0.007867318061819012
2025-07-07,ATOM,,0.07717517835517555,0,0.0
2025-07-07,AVAX,,0.02258304272007414,0,0.0
2025-07-07,BCH,,-0.26911693162702105,-1,-0.04353549956740103
2025-07-07,BNB,,-0.16566620895626227,-1,-0.020464286081374437
2025-07-07,BONK,,0.08537907462849535,1,0.00013552254507239982
2025-07-07,BTC,,-0.22016737824393276,-1,-0.030106619463370055
2025-07-07,CAKE,,0.011567052942194879,0,0.0
2025-07-07,CHZ,,0.1368693971348306,1,0.013623599603747028
2025-07-07,DASH,,0.14885626000366642,1,0.023476316340262624
2025-07-07,DEXE,,-0.07367300960936256,0,0.0
2025-07-07,DOGE,,0.08825375123668723,1,0.0005196662406585747
2025-07-07,DOT,,0.05916130270860456,0,0.0
2025-07-07,ENA,,0.0644074173550763,0,0.0
2025-07-07,ETC,,0.0020677283013942217,0,0.0
2025-07-07,ETH,,-0.09039872954431734,-1,-1.1157057942267282e-05
2025-07-07,FET,,-0.20060592853254713,-1,-0.009530372456780694
2025-07-07,FIL,,-0.05050296277854281,0,0.0
2025-07-07,HBAR,,-0.09268392801178459,-1,-8.697990511532462e-05
2025-07-07,ICP,,0.0012307750969469096,0,0.0
2025-07-07,JST,,1.2185087326466073,1,0.2
2025-07-07,JUP,,-0.18075845392817655,-1,-0.005314981129939496
2025-07-07,LINK,,-0.09021081187592234,-1,-3.043429991358736e-08
2025-07-07,LTC,,-0.04828787327053582,0,0.0
2025-07-07,LUNC,,0.19206347553542966,1,0.049462711521535814
2025-07-07,NEAR,,-0.0432714497580293,0,0.0
2025-07-07,NEXO,,-0.038875950698582046,0,0.0
2025-07-07,ONDO,,0.13729840345440142,1,0.011528468435643447
2025-07-07,PENGU,,-0.1794829733064815,-1,-0.0026190510842247373
2025-07-07,PEPE,,0.12162993091979435,1,0.004943132865710549
2025-07-07,POL,,0.25850322377494217,1,0.0761152061864925
2025-07-07,QNT,,-0.2429795456591493,-1,-0.014128545369842848
2025-07-07,RENDER,,0.02041871388056811,0,0.0
2025-07-07,SHIB,,0.09916819061518288,1,0.00224168212962324
2025-07-07,SOL,,-0.31511637440047824,-1,-0.02672773860926155
2025-07-07,STX,,0.010839158878208941,0,0.0
2025-07-07,SUI,,0.0897387609188033,1,0.0004816101235827068
2025-07-07,TAO,,0.07686732218152009,0,0.0
2025-07-07,TON,,-0.06176513951006479,0,0.0
2025-07-07,TRUMP,,0.18265476685092763,1,0.044474178175984036
2025-07-07,TRX,,0.2873335743939401,1,0.2
2025-07-07,UNI,,0.02635103901687182,0,0.0
2025-07-07,VET,,0.07838360330014792,1,3.007381443836389e-11
2025-07-07,VIRTUAL,,0.07347860129643671,0,0.0
2025-07-07,WLD,,0.15628166230118193,1,0.018206186693739735
2025-07-07,XLM,,-0.6280667923135788,-1,-0.019741349814977258
2025-07-07,XRP,,0.0393193542328612,0,0.0
2025-07-07,ZEC,,0.08055504946974713,1,5.066031995264283e-05
2025-07-14,AAVE,,-0.23623574521215093,-1,-0.003600349338852168
2025-07-14,ADA,,-0.03989345640459811,0,0.0
2025-07-14,ALGO,,-0.42924177305710104,-1,-0.0039689572810046835
2025-07-14,APT,,-0.3241834105214781,-1,-0.003897040359781835
2025-07-14,ARB,,-0.13216698244131256,-1,-0.00016350705031599968
2025-07-14,ATOM,,0.05955025622231459,0,0.0
2025-07-14,AVAX,,0.10464833066788722,0,0.0
2025-07-14,BCH,,-0.22762314042632426,-1,-0.004888428715470001
2025-07-14,BNB,,-0.08872235261808817,0,0.0
2025-07-14,BONK,,0.30213954918149966,1,0.02891558481349066
2025-07-14,BTC,,-0.9895080660093544,-1,-0.054906395978993855
2025-07-14,CAKE,,0.25871356696721826,1,0.02286594452342546
2025-07-14,CHZ,,0.21997961576765374,1,0.006289892326214866
2025-07-14,DASH,,0.2781352212110852,1,0.03577378805776521
2025-07-14,DEXE,,-0.20370052492750818,-1,-0.004380457599762179
2025-07-14,DOGE,,-0.050781861992567054,0,0.0
2025-07-14,DOT,,0.10751999283180141,0,0.0
2025-07-14,ENA,,0.1319682015361336,0,0.0
2025-07-14,ETC,,-0.12838600757758792,-1,-0.00015286204340107928
2025-07-14,ETH,,-0.12162422291882062,-1,-8.125208237594995e-05
2025-07-14,FET,,-0.10447360165870218,0,0.0
2025-07-14,FIL,,0.06625578606142508,0,0.0
2025-07-14,HBAR,,-0.4565669905002305,-1,-0.0046896617183912115
2025-07-14,ICP,,0.04790083684953393,0,0.0
2025-07-14,JST,,0.5254809606374742,1,0.2
2025-07-14,JUP,,-0.11255358490502271,0,0.0
2025-07-14,LINK,,-0.007858979327608833,0,0.0
2025-07-14,LTC,,-0.11740909673042275,-1,-8.25693106651655e-09
2025-07-14,LUNC,,0.3527716924203193,1,0.11469127721279547
2025-07-14,NEAR,,0.09888305376841275,0,0.0
2025-07-14,NEXO,,0.09612251490125592,0,0.0
2025-07-14,ONDO,,0.40018498741479613,1,0.13252259943457262
2025-07-14,PENGU,,-0.48399257059149725,-1,-0.0026118843391871273
2025-07-14,PEPE,,0.22275408315313766,1,0.0048365460886734
2025-07-14,POL,,0.02221488643642712,0,0.0
2025-07-14,QNT,,-0.3527887806675289,-1,-0.006287219411932865
2025-07-14,RENDER,,0.18173365401203292,1,3.216991103336363e-05
2025-07-14,SHIB,,0.25846801774588685,1,0.0219831225124959
2025-07-14,SOL,,-0.21345847154497624,-1,-0.0032335198401988396
2025-07-14,STX,,-0.05606195747750901,0,0.0
2025-07-14,SUI,,0.17906665744465225,1,2.7409970513032254e-11
2025-07-14,TAO,,-0.04279598878913331,0,0.0
2025-07-14,TON,,0.0858648804782336,0,0.0
2025-07-14,TRUMP,,0.38022915113323286,1,0.09924242768182523
2025-07-14,TRX,,0.8702273301634144,1,0.2
2025-07-14,UNI,,0.15822283162858086,0,0.0
2025-07-14,VET,,0.12220522504107734,0,0.0
2025-07-14,VIRTUAL,,0.18901739769186782,1,0.00041027481549824795
2025-07-14,WLD,,0.29515490322140914,1,0.030237693975743274
2025-07-14,XLM,,-1.1565189296569331,-1,-0.007905643044438502
2025-07-14,XRP,,-0.1245085214798596,-1,-0.00013574899348489747
2025-07-14,ZEC,,0.18564143284753987,1,0.00036529471443511215
2025-07-21,AAVE,,-0.13203215818373926,-1,-0.0015863183122974377
2025-07-21,ADA,,-0.24480642219673293,-1,-0.0019275367323507758
2025-07-21,ALGO,,-0.4185863214970282,-1,-0.004316364063605859
2025-07-21,APT,,-0.12126597413162342,0,-0.0015070091856457671
2025-07-21,ARB,,0.04538667806950206,0,-6.322916983026845e-05
2025-07-21,ATOM,,-0.14052949858455704,-1,-0.0002688566386465721
2025-07-21,AVAX,,0.09825067286687603,0,0.0
2025-07-21,BCH,,0.24756118947718866,1,0.014700891542722123
2025-07-21,BNB,,0.2453452105120142,1,0.01606469745058561
2025-07-21,BONK,,0.12277943982271805,1,0.011181832342310679
2025-07-21,BTC,,-0.6979035973727186,-1,-0.04997221860519512
2025-07-21,CAKE,,0.7502979999386286,1,0.13150118447610107
2025-07-21,CHZ,,0.08532505126825474,0,0.0024323395800959257
2025-07-21,DASH,,-0.09053927969394247,0,0.013833941204400329
2025-07-21,DEXE,,0.2438674671605917,1,0.014023795310843013
2025-07-21,DOGE,,-0.4258734657977483,-1,-0.0033174193179816825
2025-07-21,DOT,,-0.06284966581409493,0,0.0
2025-07-21,ENA,,0.432500300621181,1,0.019389918622648526
2025-07-21,ETC,,-0.31857110729591753,-1,-0.002503860182223733
2025-07-21,ETH,,-0.29760923350628793,-1,-0.003421122189997162
2025-07-21,FET,,0.023147127641382416,0,0.0
2025-07-21,FIL,,-0.036143886735446676,0,0.0
2025-07-21,HBAR,,-0.3550708568703011,-1,-0.004213458960206122
2025-07-21,ICP,,-0.0215129601480528,0,0.0
2025-07-21,JST,,0.05336529485281487,0,0.07734121520517856
2025-07-21,JUP,,0.5179488810733204,1,0.08333075571251959
2025-07-21,LINK,,-0.15969454417644424,-1,-0.0005386583654868584
2025-07-21,LTC,,-0.26843934656972007,-1,-0.002722733539288296
2025-07-21,LUNC,,-0.021548355329888184,0,0.04435181376535803
2025-07-21,NEAR,,0.05017588336267699,0,0.0
2025-07-21,NEXO,,0.07779389396153974,0,0.0
2025-07-21,ONDO,,0.3613732714646932,1,0.0854007005270366
2025-07-21,PENGU,,-0.12508360171144248,-1,-0.001010033291012409
2025-07-21,PEPE,,-0.0046439134168398165,0,0.0018703217594692703
2025-07-21,POL,,-0.06428809203429997,0,0.0
2025-07-21,QNT,,0.46793747925893453,1,0.08439894361165536
2025-07-21,RENDER,,0.21312569167552792,1,0.004301983248809953
2025-07-21,SHIB,,-0.17505787353570423,-1,0.007659384897138683
2025-07-21,SOL,,0.08019511307733332,0,-0.0012504217691551652
2025-07-21,STX,,0.009053895019462,0,0.0
2025-07-21,SUI,,0.47489661582258674,1,0.0666421937184822
2025-07-21,TAO,,0.1405995994100167,1,0.00024032167142805743
2025-07-21,TON,,0.2158391179423814,1,0.009236277079917851
2025-07-21,TRUMP,,0.2700224059668509,1,0.04968373458043417
2025-07-21,TRX,,0.38015878541310516,1,0.1384125335943767
2025-07-21,UNI,,0.060704614721937646,0,0.0
2025-07-21,VET,,-0.11071785885112743,0,0.0
2025-07-21,VIRTUAL,,0.09947232704298294,0,0.00015865576399357463
2025-07-21,WLD,,0.2013603404399351,1,0.014811714487326625
2025-07-21,XLM,,-1.0125771602987408,-1,-0.008306985665996053
2025-07-21,XRP,,-0.5160806102566922,-1,-0.006365472483908512
2025-07-21,ZEC,,-0.1470585638753362,-1,-0.0004365255523714409
2025-07-28,AAVE,,-0.12260828863652978,-1,-0.0005854250078506824
2025-07-28,ADA,0.0,-0.08984131293649254,0,-0.0005028929420144177
2025-07-28,ALGO,1.0,-0.07096969033420328,0,-0.0011261362682851517
2025-07-28,APT,2.0,-0.21117312921037262,-1,-0.00325518708057346
2025-07-28,ARB,1.0,0.16233953997199962,1,0.008374117196831236
2025-07-28,ATOM,1.0,-0.08254078504701333,0,-7.014450293986763e-05
2025-07-28,AVAX,3.0,-0.0522440812383848,0,0.0
2025-07-28,BCH,4.0,-0.1075463966973805,0,0.0038354519911732686
2025-07-28,BNB,3.0,-0.3358512316421,-1,-0.004135181167847692
2025-07-28,BONK,0.0,0.5872108759479454,1,0.15073747636272447
2025-07-28,BTC,6.0,-0.6314818110380581,-1,-0.05038333935919445
2025-07-28,CAKE,5.0,0.2118926557465636,1,0.058735657197347094
2025-07-28,CHZ,1.0,0.03668972752952169,0,0.0006345956405825592
2025-07-28,DASH,6.0,-0.04209111140886403,0,0.0036092652737417796
2025-07-28,DEXE,0.0,-0.21471186351969881,-1,-0.003345940937191167
2025-07-28,DOGE,0.0,-0.21273907189599642,-1,-0.0021985296373385668
2025-07-28,DOT,7.0,-0.040339964725968104,0,0.0
2025-07-28,ENA,,0.24454602450173185,1,0.025334829359776854
2025-07-28,ETC,7.0,-0.17395222857020476,-1,-0.0015665564291678646
2025-07-28,ETH,0.0,-0.25070441971900176,-1,-0.004051729942459093
2025-07-28,FET,2.0,-0.12360159436029054,-1,-0.00017185841123845626
2025-07-28,FIL,6.0,-0.10562125324419476,0,0.0
2025-07-28,HBAR,1.0,-0.038790164946305064,0,-0.0010992884010935997
2025-07-28,ICP,7.0,-0.04743017456664279,0,0.0
2025-07-28,JST,5.0,-0.14639511870634167,-1,0.018987545226348518
2025-07-28,JUP,3.0,0.18303176916804836,1,0.03617837245966712
2025-07-28,LINK,5.0,-0.17296578280407224,-1,-0.0012531802584321997
2025-07-28,LTC,1.0,-0.11613130609605597,-1,-0.0007103683577491279
2025-07-28,LUNC,7.0,0.06697077738783609,0,0.011571356194563814
2025-07-28,NEAR,2.0,-0.013112627246419569,0,0.0
2025-07-28,NEXO,1.0,0.18018113493858987,1,0.043296427360817305
2025-07-28,ONDO,1.0,0.2056596025376508,1,0.04560704570911413
2025-07-28,PENGU,0.0,0.4223907052375062,1,0.03787318392801305
2025-07-28,PEPE,6.0,0.09951817642143697,1,0.0014856060231144567
2025-07-28,POL,,0.06244179467636565,0,0.0
2025-07-28,QNT,3.0,-0.06505250015910158,0,0.02201962346212262
2025-07-28,RENDER,5.0,0.11798030836132886,1,0.004053857484414784
2025-07-28,SHIB,2.0,-0.11173824401899865,0,0.001998327990484129
2025-07-28,SOL,0.0,-0.28507570722218395,-1,-0.005858916078334282
2025-07-28,STX,3.0,-0.055314682745194285,0,0.0
2025-07-28,SUI,0.0,0.15354598061988264,1,0.024752370879463262
2025-07-28,TAO,0.0,0.07122425435821787,1,6.269976234437742e-05
2025-07-28,TON,2.0,0.9325758147503588,1,0.15022988239922935
2025-07-28,TRUMP,3.0,0.18542292669152505,1,0.03133209726129191
2025-07-28,TRX,0.0,0.831299783494874,1,0.18393187447371473
2025-07-28,UNI,7.0,-0.010626710198491407,0,0.0
2025-07-28,VET,2.0,-0.02971666452019043,0,0.0
2025-07-28,VIRTUAL,6.0,0.044702302053169066,0,4.1393174295032917e-05
2025-07-28,WLD,5.0,0.1189493868707591,1,0.006657292837640666
2025-07-28,XLM,7.0,-0.47594312392006616,-1,-0.005283412330668253
2025-07-28,XRP,7.0,-0.2714391851809967,-1,-0.00487860632834676
2025-07-28,ZEC,6.0,-0.21082331470950288,-1,-0.0033464548929647915
2025-08-04,AAVE,,-0.0036664791590085392,0,-0.0001679967499964495
2025-08-04,ADA,0.0,-0.07848034177022763,0,-0.0001443128987002953
2025-08-04,ALGO,0.0,0.25394419779572636,1,0.01521984773318506
2025-08-04,APT,1.0,-0.0023844380193027226,0,-0.0009341262208365608
2025-08-04,ARB,6.0,0.05217447112423049,0,0.002403082297973591
2025-08-04,ATOM,6.0,0.011275602453286147,0,-2.0129048752594087e-05
2025-08-04,AVAX,3.0,-0.15327454764772525,-1,-0.0005840924940422261
2025-08-04,BCH,4.0,-0.08047998903197558,0,0.0011006422012106208
2025-08-04,BNB,6.0,-0.3002341911522157,-1,-0.012760180259738647
2025-08-04,BONK,0.0,-0.0236361515657973,0,0.043256447524468056
2025-08-04,BTC,7.0,-0.23903311235443211,-1,-0.028720441380188307
2025-08-04,CAKE,3.0,0.06052213111268057,0,0.0168551042161435
2025-08-04,CHZ,6.0,0.13381483184417872,1,0.0019669794665246425
2025-08-04,DASH,8.0,0.032313039062605714,0,0.001035734428376722
2025-08-04,DEXE,6.0,0.40372107507428734,1,0.10448726889376955
2025-08-04,DOGE,5.0,-0.6854800145522395,-1,-0.018167408829572615
2025-08-04,DOT,2.0,0.04716630052378442,0,0.0
2025-08-04,ENA,,-0.31177169938866955,-1,0.0020923159786773206
2025-08-04,ETC,1.0,-0.5311420798804047,-1,-0.014881067122889268
2025-08-04,ETH,6.0,-0.2867360409616489,-1,-0.007681410980633636
2025-08-04,FET,1.0,-0.01889484996016145,0,-4.9317426075822684e-05
2025-08-04,FIL,8.0,-0.052490129541370494,0,0.0
2025-08-04,HBAR,0.0,0.105725502126969,1,0.000192783244836312
2025-08-04,ICP,2.0,0.1271923294994017,1,0.00166597069089302
2025-08-04,JST,4.0,-0.021956849416709515,0,0.005448769433591991
2025-08-04,JUP,5.0,0.12725129605446384,1,0.011505908208864914
2025-08-04,LINK,3.0,-0.3931819912469953,-1,-0.00902032431075099
2025-08-04,LTC,0.0,-0.20188703431326888,-1,-0.0036241487729859923
2025-08-04,LUNC,2.0,0.15012554912442813,1,0.007025590083271527
2025-08-04,NEAR,1.0,-0.11326904412597993,0,0.0
2025-08-04,NEXO,6.0,0.4384827704351306,1,0.14490138511623457
2025-08-04,ONDO,6.0,0.132865972515351,1,0.014733589033653353
2025-08-04,PENGU,5.0,0.19452633395342306,1,0.014454420724687243
2025-08-04,PEPE,8.0,0.07931545000143157,1,0.00042631760280649553
2025-08-04,POL,,0.1505734348832279,1,0.002363340864610324
2025-08-04,QNT,6.0,-0.21749920681390525,-1,0.0015896235069782633
2025-08-04,RENDER,3.0,0.022175540818267097,0,0.0011633170315542272
2025-08-04,SHIB,1.0,-0.15249739954542654,-1,-1.0150674274929296e-05
2025-08-04,SOL,5.0,-0.14812091665195015,-1,-0.002149946119778853
2025-08-04,STX,5.0,0.0031555887241285305,0,0.0
2025-08-04,SUI,0.0,0.0643374844633017,0,0.007103075213208521
2025-08-04,TAO,6.0,0.10457473769059389,1,0.00044353919450737674
2025-08-04,TON,5.0,-0.1427304172764498,-1,0.042713451919346446
2025-08-04,TRUMP,5.0,0.11576336947856194,1,0.009909200908013293
2025-08-04,TRX,2.0,1.6741293020036647,1,0.195389003150273
2025-08-04,UNI,2.0,-0.1661914867584962,-1,-0.0009399507759647234
2025-08-04,VET,1.0,-0.043871317366713576,0,0.0
2025-08-04,VIRTUAL,8.0,-0.1375503001812855,-1,1.1866861190782228e-05
2025-08-04,WLD,4.0,-0.01847793517461875,0,0.001910413025580095
2025-08-04,XLM,2.0,0.4994493081920524,1,0.09598572676632583
2025-08-04,XRP,1.0,-0.4034593017835679,-1,-0.01587687836656909
2025-08-04,ZEC,8.0,-0.056178353314637684,0,-0.0009603169295616999
2025-08-11,AAVE,,-0.22883823841591255,-1,-0.010596814941978446
2025-08-11,ADA,0.0,0.07225193443445002,1,4.616549149910978e-05
2025-08-11,ALGO,1.0,0.27416368058365886,1,0.04592548367411729
2025-08-11,APT,2.0,0.07602777147247573,1,0.00014657688094011192
2025-08-11,ARB,0.0,0.05043788082245254,0,2.594092825807361e-05
2025-08-11,ATOM,0.0,0.0803387665778054,1,0.0003736578702954488
2025-08-11,AVAX,3.0,0.1770486282689252,1,0.011148478578934116
2025-08-11,BCH,2.0,0.1903972168068957,1,0.026310638015379542
2025-08-11,BNB,5.0,0.06658891454980338,1,-0.0001377443011009588
2025-08-11,BONK,1.0,-0.03302335954049276,0,0.00046694713821393563
2025-08-11,BTC,7.0,-0.1824630247650416,-1,-0.02114825006967437
2025-08-11,CAKE,6.0,0.03262673988156265,0,0.00018194842915784937
2025-08-11,CHZ,0.0,-0.011687510164033868,0,2.1233260828914082e-05
2025-08-11,DASH,0.0,0.05257877632043834,0,1.1180604394445256e-05
2025-08-11,DEXE,5.0,-0.018058404721044106,0,0.0011279250604696034
2025-08-11,DOGE,1.0,-0.12742820396384666,-1,-0.0038796728344675704
2025-08-11,DOT,7.0,0.04026610679164229,0,0.0
2025-08-11,ENA,,-1.0826584370769854,-1,-0.0373970446725887
2025-08-11,ETC,6.0,-0.09288151402448422,-1,-0.0023911721569607053
2025-08-11,ETH,5.0,-0.026251153124561187,0,-8.291972827456813e-05
2025-08-11,FET,2.0,-0.013282303586402122,0,-5.323745311529998e-07
2025-08-11,FIL,7.0,-0.04593189004020803,0,0.0
2025-08-11,HBAR,1.0,0.19273292013297894,1,0.018377681886631556
2025-08-11,ICP,6.0,0.02515665861180759,0,1.7983914329089716e-05
2025-08-11,JST,1.0,-0.11999164669001151,-1,-0.006744009961419424
2025-08-11,JUP,5.0,0.04935940404443186,0,0.0001242046265505902
2025-08-11,LINK,3.0,-0.38548346641432174,-1,-0.013477983660092313
2025-08-11,LTC,2.0,0.03571551643650848,0,-3.912216547718398e-05
2025-08-11,LUNC,7.0,0.15252553580847372,1,0.013013582091363957
2025-08-11,NEAR,2.0,0.002570774924643889,0,0.0
2025-08-11,NEXO,0.0,0.11095449155865476,1,0.007127866936149113
2025-08-11,ONDO,1.0,0.20983766315309774,1,0.022239624608544548
2025-08-11,PENGU,1.0,-0.7781570595161208,-1,-0.024355046935472385
2025-08-11,PEPE,7.0,-0.21852590061687305,-1,-0.009461411329565239
2025-08-11,POL,,-0.007884343276073404,0,2.5511925192877368e-05
2025-08-11,QNT,5.0,-0.19241518003664781,-1,-0.009633720689407207
2025-08-11,RENDER,2.0,0.15093165605535308,1,0.007588746473344284
2025-08-11,SHIB,6.0,-0.07357823713112661,-1,-0.0013877831846015843
2025-08-11,SOL,3.0,0.06220251536983721,0,-2.320835957176151e-05
2025-08-11,STX,3.0,-0.050997011483261905,-1,-1.9633677463599626e-08
2025-08-11,SUI,0.0,-0.05473423668478576,-1,-5.905804040064449e-05
2025-08-11,TAO,5.0,-0.043860991052045696,0,4.787941900309396e-06
2025-08-11,TON,4.0,0.28515960473614604,1,0.09258854577466205
2025-08-11,TRUMP,1.0,0.33037954665994135,1,0.08332737069154612
2025-08-11,TRX,1.0,1.7108709095759214,1,0.19995022495127288
2025-08-11,UNI,6.0,-0.03150148617326278,0,-1.0146633623818284e-05
2025-08-11,VET,1.0,0.1085327311633136,1,0.002718322784593236
2025-08-11,VIRTUAL,7.0,-0.48148569694413673,-1,-0.02098481039243949
2025-08-11,WLD,2.0,-0.07358035254322749,-1,-0.001151212411591944
2025-08-11,XLM,7.0,0.02175323897313517,0,0.0010361521342585611
2025-08-11,XRP,6.0,-0.009500170946625544,0,-0.00017138862161176355
2025-08-11,ZEC,0.0,-0.1772097647828259,-1,-0.010217337776424635
2025-08-18,AAVE,,-0.13140217892997727,-1,-1.8127767925345177e-08
2025-08-18,ADA,0.0,-0.32752718672396935,-1,-0.012315940381390285
2025-08-18,ALGO,0.0,0.22285992926208237,1,0.004087780491761869
2025-08-18,APT,0.0,-0.008448557836930968,0,0.0
2025-08-18,ARB,2.0,-0.1489692636129229,-1,-0.0007552953822880902
2025-08-18,ATOM,2.0,0.2842469371671242,1,0.010021372764241919
2025-08-18,AVAX,3.0,0.16986007204789844,1,0.0009740337720448772
2025-08-18,BCH,4.0,0.5773540980914632,1,0.1019592758043263
2025-08-18,BFUSD,,0.04380083065265852,0,0.0
2025-08-18,BNB,6.0,0.4787979479498957,1,0.042629401313658076
2025-08-18,BONK,7.0,-0.1398584450852996,-1,-0.0004687621801263107
2025-08-18,BTC,0.0,0.03159797262786196,0,0.0
2025-08-18,CAKE,8.0,0.19146479785403772,1,0.0021715575592992416
2025-08-18,CHZ,2.0,-0.03645951474177128,0,0.0
2025-08-18,DASH,0.0,0.11329521148585221,1,3.7445346310812326e-12
2025-08-18,DEXE,3.0,-0.09837053789776329,0,0.0
2025-08-18,DOGE,3.0,-0.2751606800726034,-1,-0.009002109740151401
2025-08-18,DOT,1.0,0.036523984007600055,0,0.0
2025-08-18,ENA,,-1.2415772369678633,-1,-0.05646805784506953
2025-08-18,ETC,1.0,-0.1669242942599954,-1,-0.0020859254151379416
2025-08-18,ETH,3.0,-0.03163841051769011,0,0.0
2025-08-18,FET,0.0,-0.13553555551409618,-1,-0.00022486703000858415
2025-08-18,FIL,1.0,-0.17432961883234555,-1,-0.0030752164173711914
2025-08-18,HBAR,7.0,0.2947946529946975,1,0.012709739196808791
2025-08-18,ICP,8.0,-0.03121532722956996,0,0.0
2025-08-18,JST,2.0,0.11423790344388321,1,9.689010900205857e-07
2025-08-18,JUP,3.0,0.012227102388761776,0,0.0
2025-08-18,LINK,3.0,-0.9365524391805911,-1,-0.03969823532906528
2025-08-18,LTC,7.0,-0.03119362913466546,0,0.0
2025-08-18,LUNC,8.0,0.28880918253018095,1,0.015252586395121887
2025-08-18,NEAR,7.0,-0.09653450276766865,0,0.0
2025-08-18,NEXO,7.0,0.09787847077448501,0,0.0
2025-08-18,ONDO,7.0,0.03846503082824373,0,0.0
2025-08-18,PENGU,7.0,-0.13218087262698086,-1,-2.557657466044611e-05
2025-08-18,PEPE,1.0,-0.34695568138918764,-1,-0.014253546824407055
2025-08-18,POL,,-0.15660901002398486,-1,-0.0013292053518192042
2025-08-18,QNT,8.0,0.26481575299745785,1,0.00941100081777815
2025-08-18,RENDER,7.0,-0.048849160195418045,0,0.0
2025-08-18,SHIB,1.0,-0.02431024397463058,0,0.0
2025-08-18,SOL,3.0,0.2951237170138342,1,0.008674197038445387
2025-08-18,STX,3.0,-0.13506268341507,-1,-0.00018535273130486818
2025-08-18,SUI,6.0,-0.07660020807218544,0,0.0
2025-08-18,TAO,6.0,-0.07882525197654376,0,0.0
2025-08-18,TON,5.0,0.16092800242118183,1,0.0014005249997657533
2025-08-18,TRUMP,6.0,0.16359031939366403,1,0.0012052595999550914
2025-08-18,TRX,0.0,1.9170142721125052,1,0.2
2025-08-18,UNI,8.0,-0.2524147804796101,-1,-0.007167621013859838
2025-08-18,VET,0.0,0.30186415162030417,1,0.0115201669002836
2025-08-18,VIRTUAL,1.0,-0.704306277682894,-1,-0.03294223786268474
2025-08-18,WLD,6.0,-0.11477883612183108,0,0.0
2025-08-18,XLM,8.0,-0.09348201040801357,0,0.0
2025-08-18,XRP,8.0,0.04418103790033247,0,0.0
2025-08-18,ZEC,2.0,0.032341018106065246,0,0.0
2025-08-25,AAVE,,-0.34497355000972874,-1,-0.009201220023837635
2025-08-25,ADA,0.0,-0.5481962052461854,-1,-0.021287862138603127
2025-08-25,ALGO,0.0,-0.18998089460374998,-1,-2.318648651953997e-08
2025-08-25,APT,1.0,-0.007970913152530477,0,0.0
2025-08-25,ARB,2.0,-0.3744112961019697,-1,-0.009221035982968199
2025-08-25,ATOM,2.0,0.20663694969167293,1,0.00020000742335213976
2025-08-25,AVAX,0.0,0.08920136945384075,0,0.0
2025-08-25,BCH,3.0,0.14500564385347242,0,0.0
2025-08-25,BFUSD,,0.042543206967852826,0,0.0
2025-08-25,BNB,3.0,0.5628000497446062,1,0.037743465644397865
2025-08-25,BONK,4.0,0.3168490560858222,1,0.0034362974975290714
2025-08-25,BTC,0.0,-0.07340379422735131,0,0.0
2025-08-25,CAKE,5.0,0.08637005739548333,0,0.0
2025-08-25,CHZ,2.0,0.24756701077723448,1,0.0010435801371864702
2025-08-25,DASH,6.0,0.662190171082746,1,0.050024645578193125
2025-08-25,DEXE,6.0,0.44042278801511736,1,0.011502868957440016
2025-08-25,DOGE,2.0,-0.19447728892528032,-1,-0.0002239603794013484
2025-08-25,DOT,2.0,-0.0052798021767013975,0,0.0
2025-08-25,ENA,,-1.1994171482676939,-1,-0.04473156628040115
2025-08-25,ETC,2.0,-0.2584870855421729,-1,-0.004089157731769389
2025-08-25,ETH,3.0,-0.28272721548691715,-1,-0.005592187828383361
2025-08-25,FET,1.0,-0.16777450529761812,0,0.0
2025-08-25,FIL,5.0,-0.05291439124475766,0,0.0
2025-08-25,HBAR,4.0,-0.08072225262142355,0,0.0
2025-08-25,ICP,5.0,-0.17627567788335297,0,0.0
2025-08-25,JST,2.0,1.0824651192911467,1,0.17777279827048215
2025-08-25,JUP,1.0,0.3164244772745654,1,0.003548454459759259
2025-08-25,LINK,3.0,-0.9588805196046116,-1,-0.035189704191544866
2025-08-25,LTC,4.0,-0.18222382548674473,0,0.0
2025-08-25,LUNC,5.0,0.2942007619908311,1,0.004174387670539818
2025-08-25,NEAR,4.0,-0.19039647628526007,-1,-1.8207408405863704e-05
2025-08-25,NEXO,4.0,0.09179625138446441,0,0.0
2025-08-25,ONDO,4.0,0.003280733982004706,0,0.0
2025-08-25,PENGU,4.0,-0.3874752675677013,-1,-0.010081877025571702
2025-08-25,PEPE,5.0,-0.27894063627659577,-1,-0.005487169008819087
2025-08-25,POL,,0.7537874654224059,1,0.04946955708107138
2025-08-25,QNT,1.0,0.49704398084914564,1,0.026826828019542434
2025-08-25,RENDER,4.0,-0.07589077342285136,0,0.0
2025-08-25,SHIB,2.0,0.07458357029590928,0,0.0
2025-08-25,SOL,1.0,0.48843201148470894,1,0.01977831065670552
2025-08-25,STX,0.0,-0.04599192695848711,0,0.0
2025-08-25,SUI,4.0,-0.1804023049038002,0,0.0
2025-08-25,TAO,4.0,-0.23711388712587003,-1,-0.0032661908172080885
2025-08-25,TON,3.0,0.12099949308312322,0,0.0
2025-08-25,TRUMP,0.0,0.5021205973914471,1,0.027610457364141066
2025-08-25,TRX,0.0,0.3514204344947491,1,0.008774278841688422
2025-08-25,UNI,5.0,-0.3768385424869684,-1,-0.011177138229858328
2025-08-25,VET,0.0,0.18967526034904747,1,2.202452575350571e-05
2025-08-25,VIRTUAL,5.0,-0.4016277214326276,-1,-0.011993457039180718
2025-08-25,WLD,4.0,-0.045528425149512386,0,0.0
2025-08-25,XLM,5.0,-0.306013400902977,-1,-0.008437387783118873
2025-08-25,XRP,5.0,-0.12368230893701256,0,0.0
2025-08-25,ZEC,2.0,0.18220157696704667,1,1.6118061639108595e-12
2025-09-01,AAVE,,-0.9562632691156469,-1,-0.032165022469969634
2025-09-01,ADA,5.0,-1.001709251287733,-1,-0.026994635159402706
2025-09-01,ALGO,1.0,-0.2318274890472528,-1,-0.0029580677732160155
2025-09-01,APT,6.0,0.14416683025037988,0,0.0
2025-09-01,ARB,3.0,-0.6286511062197183,-1,-0.015124832362519143
2025-09-01,ATOM,3.0,0.07657006074805404,0,0.0
2025-09-01,AVAX,5.0,0.1571530368948898,0,0.0
2025-09-01,BCH,7.0,-0.030934211577052933,0,0.0
2025-09-01,BFUSD,,0.04499202907176097,0,0.0
2025-09-01,BNB,2.0,0.35618268637169515,1,0.012809826905572443
2025-09-01,BONK,0.0,0.061765389443429644,0,0.0
2025-09-01,BTC,1.0,0.038912859117194026,0,0.0
2025-09-01,CAKE,0.0,0.03579589599295496,0,0.0
2025-09-01,CHZ,5.0,0.46870054794480936,1,0.03146556754842213
2025-09-01,DASH,1.0,1.1103417695493156,1,0.2
2025-09-01,DEXE,4.0,-0.23024615764885034,-1,-0.003431976850925799
2025-09-01,DOGE,5.0,0.2541839903204479,1,0.0021390678400146643
2025-09-01,DOT,3.0,0.1420825998802043,0,0.0
2025-09-01,ENA,,-0.4342201134118663,-1,-0.00891153320186813
2025-09-01,ETC,1.0,-0.1827978810221964,-1,-0.0008896436867707261
2025-09-01,ETH,2.0,-0.2786147887081045,-1,-0.005893035995956215
2025-09-01,FET,6.0,0.12879278034534938,0,0.0
2025-09-01,FIL,3.0,0.23170951486488245,1,0.0012419829676831604
2025-09-01,HBAR,0.0,-0.031554348865009685,0,0.0
2025-09-01,ICP,5.0,0.017037372730717308,0,0.0
2025-09-01,JST,4.0,-0.4375723353217057,-1,-0.018163102584104626
2025-09-01,JUP,6.0,0.7333290627417379,1,0.10222232457416187
2025-09-01,LINK,2.0,-0.6706439748345547,-1,-0.018648720674653223
2025-09-01,LTC,0.0,0.02352926488884141,0,0.0
2025-09-01,LUNC,3.0,0.42024775349267945,1,0.022536494432883327
2025-09-01,NEAR,0.0,0.08337737955118646,0,0.0
2025-09-01,NEXO,0.0,0.20352962563579782,1,0.00028833255908933394
2025-09-01,ONDO,0.0,0.26565218428416726,1,0.0034054696729833023
2025-09-01,PENGU,6.0,-0.40827681533448007,-1,-0.007447382145819986
2025-09-01,PEPE,5.0,0.1019947561345254,0,0.0
2025-09-01,POL,,0.40487649345348026,1,0.01998280293577116
2025-09-01,QNT,6.0,0.16569595505144583,0,0.0
2025-09-01,RENDER,7.0,0.19332145820478341,1,8.780551634830444e-05
2025-09-01,SHIB,3.0,0.30902266322801897,1,0.007244848553803952
2025-09-01,SOL,6.0,0.34024473054702264,1,0.010773070878866657
2025-09-01,STX,1.0,0.1824146297615218,1,4.737976074302616e-12
2025-09-01,SUI,7.0,0.07887844016465008,0,0.0
2025-09-01,TAO,7.0,0.019225867518124037,0,0.0
2025-09-01,TON,2.0,-0.36259680422105034,-1,-0.014881115735604324
2025-09-01,TRUMP,7.0,0.3180931709611229,1,0.008205758338232684
2025-09-01,TRX,2.0,-0.2343688232597139,-1,-0.004780214363359955
2025-09-01,UNI,0.0,-0.0304555740112868,0,0.0
2025-09-01,VET,1.0,-0.163436039227382,-1,-2.1460466033037674e-08
2025-09-01,VIRTUAL,5.0,0.23663157931223136,1,0.001265243058898379
2025-09-01,WLD,7.0,-0.4053620165058984,-1,-0.007746032100076795
2025-09-01,XLM,5.0,-0.08532786561078565,0,0.0
2025-09-01,XRP,1.0,0.020878330028038697,0,0.0
2025-09-01,ZEC,3.0,-0.5644718432551752,-1,-0.011957958712204208
2025-09-08,AAVE,,-0.7895711166162979,-1,-0.03549597709134345
2025-09-08,ADA,0.0,0.055159895717616016,0,0.0
2025-09-08,ALGO,1.0,-0.1745143933057488,-1,-0.0024302876872754034
2025-09-08,APT,2.0,0.21611877574607044,1,0.003962350128304525
2025-09-08,ARB,3.0,-0.12708659322190097,-1,-3.50769904650755e-06
2025-09-08,ATOM,4.0,0.17664367777417864,1,0.0021208762212227682
2025-09-08,AVAX,4.0,0.015863384863606278,0,0.0
2025-09-08,BCH,5.0,-0.2064572112699746,-1,-0.005014625969625054
2025-09-08,BFUSD,,0.6161923367039053,1,0.07253690296544148
2025-09-08,BNB,6.0,0.745548133716727,1,0.1088507865247864
2025-09-08,BONK,7.0,-0.17722894367414732,-1,-0.0020365664578340446
2025-09-08,BTC,1.0,0.08247041324301564,0,0.0
2025-09-08,CAKE,6.0,0.14505170177115712,1,0.0006816136059385947
2025-09-08,CHZ,8.0,0.570131250482802,1,0.06120358855009392
2025-09-08,DASH,0.0,0.10997155513559072,1,1.8738909947741708e-05
2025-09-08,DEXE,2.0,-0.542341490902317,-1,-0.03605153082397738
2025-09-08,DOGE,4.0,-0.15693045546338144,-1,-0.000986055192178587
2025-09-08,DOT,4.0,0.2124893221905569,1,0.0028421554942080164
2025-09-08,ENA,,-0.3703136009239289,-1,-0.012694971121274184
2025-09-08,ETC,1.0,-0.12694866424554013,-1,-2.1223163758560617e-08
2025-09-08,ETH,6.0,-0.055822544071766976,0,0.0
2025-09-08,FET,2.0,0.10477806033238111,1,2.9106150806341844e-12
2025-09-08,FIL,8.0,0.19731564494276047,1,0.002606790987958957
2025-09-08,HBAR,7.0,-0.11764820398448117,0,0.0
2025-09-08,ICP,8.0,-0.0826717365936889,0,0.0
2025-09-08,JST,8.0,-0.4732361597973599,-1,-0.032249581478846205
2025-09-08,JUP,5.0,0.7664798705946212,1,0.11533462755638091
2025-09-08,LINK,6.0,0.0422608269660378,0,0.0
2025-09-08,LTC,7.0,-0.15182547613593275,-1,-0.0018294579154531437
2025-09-08,LUNC,8.0,0.3047567391036038,1,0.013382612862951563
2025-09-08,NEAR,7.0,0.024897644221731467,0,0.0
2025-09-08,NEXO,7.0,0.06698422880938566,0,0.0
2025-09-08,ONDO,4.0,-0.005397978308423165,0,0.0
2025-09-08,PENGU,5.0,-0.1801297752694127,-1,-0.0019344957218875502
2025-09-08,PEPE,8.0,-0.19209146633630525,-1,-0.002515702670569783
2025-09-08,POL,,-0.2720016760449239,-1,-0.013528081162985968
2025-09-08,QNT,5.0,0.15483893896046838,1,0.0011063160486228798
2025-09-08,RENDER,4.0,0.03415526975060724,0,0.0
2025-09-08,SHIB,4.0,0.2852295349091007,1,0.008543653339992326
2025-09-08,SOL,2.0,0.39007755457912086,1,0.015891843202267688
2025-09-08,STX,1.0,0.16253298692494608,1,0.0010438437533767365
2025-09-08,SUI,7.0,0.08021726840598044,0,0.0
2025-09-08,TAO,7.0,-0.005988265680114399,0,0.0
2025-09-08,TON,0.0,2.5370012998725613e-05,0,0.0
2025-09-08,TRUMP,7.0,0.2776215243419254,1,0.010293100393725847
2025-09-08,TRX,0.0,0.09088593431347096,0,0.0
2025-09-08,UNI,6.0,-0.06451852499514181,0,0.0
2025-09-08,VET,0.0,0.02851442481070758,0,0.0
2025-09-08,VIRTUAL,8.0,0.10430866811887907,0,0.0
2025-09-08,WLD,7.0,-1.5226435129392495,-1,-0.03051493956438496
2025-09-08,WLFI,,0.021370268501597338,0,0.0
2025-09-08,XLM,8.0,-0.14721574428101208,-1,-0.0008850410195028772
2025-09-08,XRP,1.0,0.03331297856917969,0,0.0
2025-09-08,ZEC,3.0,-0.17362065045368327,-1,-0.001829069121373326
2025-09-15,AAVE,,-0.07962696294133607,-1,-0.0011350940108629888
2025-09-15,ADA,0.0,0.08585930202369459,0,0.0
2025-09-15,ALGO,0.0,0.004700227669378856,0,0.0
2025-09-15,APT,1.0,0.3744325431569011,1,0.038359619705162516
2025-09-15,ARB,2.0,0.022572384843426344,0,0.0
2025-09-15,ATOM,2.0,-0.019427481211909663,0,0.0
2025-09-15,AVAX,3.0,0.342902692400089,1,0.014300094555296058
2025-09-15,BCH,5.0,-0.2075978404182189,-1,-0.010421420246711886
2025-09-15,BFUSD,,0.3202849593876344,1,0.02867906214898994
2025-09-15,BNB,6.0,0.6490849747884978,1,0.13492750534355508
2025-09-15,BONK,6.0,-0.10748014827148289,-1,-0.0017071141429246788
2025-09-15,BTC,7.0,0.044092651670736685,0,0.0
2025-09-15,CAKE,6.0,0.37543735313613547,1,0.022582554375886358
2025-09-15,CHZ,2.0,0.437489363894241,1,0.06745150510466025
2025-09-15,DASH,0.0,-0.17749540167563044,-1,-0.011782524629175974
2025-09-15,DEXE,3.0,-1.4489031374317616,-1,-0.028977655434535357
2025-09-15,DOGE,8.0,-0.22974017957542361,-1,-0.006597208681974994
2025-09-15,DOT,3.0,0.16755056607238386,1,0.0010707465363178224
2025-09-15,ENA,,-0.580090962900353,-1,-0.02531024454228698
2025-09-15,ETC,0.0,-0.07644709302693571,-1,-0.0006861931986686841
2025-09-15,ETH,4.0,-0.04179142811210216,0,0.0
2025-09-15,FET,1.0,0.03924284388706659,0,0.0
2025-09-15,FIL,7.0,0.018490342821203924,0,0.0
2025-09-15,HBAR,6.0,-0.021104701378650625,0,0.0
2025-09-15,ICP,2.0,-0.03450524678053576,0,0.0
2025-09-15,JST,3.0,-0.2474610217709811,-1,-0.017785088559969763
2025-09-15,JUP,4.0,0.3684582427497857,1,0.042854795522022184
2025-09-15,LINK,4.0,-0.010898425990515662,0,0.0
2025-09-15,LTC,8.0,-0.06872808264125116,-1,-0.0001534049768299684
2025-09-15,LUNC,7.0,0.14774093201146335,1,0.0004927399052511162
2025-09-15,NEAR,6.0,0.31490313785826207,1,0.011960587163168059
2025-09-15,NEXO,8.0,0.0584562647108173,0,0.0
2025-09-15,ONDO,8.0,-0.07487997265078507,-1,-0.0003351030807448435
2025-09-15,PENGU,6.0,0.048478261803451876,0,0.0
2025-09-15,PEPE,2.0,-0.2683785698160956,-1,-0.00878932335156446
2025-09-15,POL,,-0.284753506626841,-1,-0.015398118189604541
2025-09-15,PUMP,0.0,0.41163591442491865,1,0.03975023535025789
2025-09-15,QNT,5.0,-0.25366784964193523,-1,-0.020924606230804728
2025-09-15,RENDER,4.0,0.19729637499226838,1,0.002678493419653684
2025-09-15,SHIB,8.0,-0.06638675333979865,-1,-2.131328296458587e-08
2025-09-15,SOL,4.0,0.12499149208311447,0,0.0
2025-09-15,STX,0.0,0.14211909149436902,1,0.00020764098023547678
2025-09-15,SUI,5.0,0.12758846130193668,1,4.978697551021804e-12
2025-09-15,TAO,5.0,-0.0195450395913577,0,0.0
2025-09-15,TON,4.0,-0.13719210752174815,-1,-0.007177791888910337
2025-09-15,TRUMP,5.0,0.07709668758213183,0,0.0
2025-09-15,TRX,8.0,0.129246407044233,1,5.501561045311493e-06
2025-09-15,UNI,4.0,0.04521712966829205,0,0.0
2025-09-15,VET,0.0,0.24286943957205243,1,0.011375187532903246
2025-09-15,VIRTUAL,3.0,0.21912853146903283,1,0.004144132602594264
2025-09-15,WLD,5.0,-1.0622819551718556,-1,-0.022818734680007204
2025-09-15,WLFI,,0.019847796056449093,0,0.0
2025-09-15,XLM,7.0,-0.03816474553390638,0,0.0
2025-09-15,XRP,7.0,-0.013336593853894449,0,0.0
2025-09-15,ZEC,2.0,0.01267083730133841,0,0.0
2025-09-22,AAVE,,-0.21979857432484376,-1,-0.029227508932198103
2025-09-22,ADA,0.0,0.022080701149569254,0,0.0
2025-09-22,ALGO,0.0,0.004744150460768885,0,0.0
2025-09-22,APT,1.0,0.1000849181332735,1,0.0013195714614052288
2025-09-22,ARB,2.0,-0.06522676644362323,-1,-0.00033575056783532103
2025-09-22,ATOM,3.0,-0.017383542439357545,0,0.0
2025-09-22,AVAX,1.0,0.04701468978694545,0,0.0
2025-09-22,BCH,6.0,-0.01652121551854158,0,0.0
2025-09-22,BFUSD,,0.40260915206842374,1,0.05313923876765642
2025-09-22,BNB,1.0,0.2360386668196632,1,0.011114119529790656
2025-09-22,BONK,6.0,-0.16601911942817982,-1,-0.006964947064297699
2025-09-22,BTC,6.0,0.08575978411557943,1,0.0008586713948126936
2025-09-22,CAKE,1.0,0.19006836677199904,1,0.005007491632461771
2025-09-22,CHZ,3.0,0.1290633208111525,1,0.0035945057657112123
2025-09-22,DASH,8.0,-0.039457921788459485,0,0.0
2025-09-22,DEXE,7.0,-1.1998733406693025,-1,-0.03467861728322426
2025-09-22,DOGE,4.0,-0.28100094706607626,-1,-0.014990978067283486
2025-09-22,DOT,1.0,0.12870281471254896,1,0.0026369849905126075
2025-09-22,ENA,,-0.0879467829817253,-1,-0.0016343280783939758
2025-09-22,ETC,0.0,-0.08160526039723366,-1,-0.002964133704900838
2025-09-22,ETH,4.0,-0.06440650913760841,-1,-0.0002628879846316164
2025-09-22,FET,1.0,-0.040831154118320966,0,0.0
2025-09-22,FIL,3.0,-0.025004816009238783,0,0.0
2025-09-22,HBAR,4.0,0.038016667338464046,0,0.0
2025-09-22,ICP,3.0,-0.11800111318378657,-1,-0.009365204844325637
2025-09-22,JST,8.0,-0.01196459348738281,0,0.0
2025-09-22,JUP,4.0,0.04736682622352562,0,0.0
2025-09-22,LINK,2.0,-0.0029283386127704376,0,0.0
2025-09-22,LTC,0.0,-0.011103652682703153,0,0.0
2025-09-22,LUNC,3.0,0.0003460556149231957,0,0.0
2025-09-22,NEAR,1.0,0.09168219261218145,1,0.0005050769891547825
2025-09-22,NEXO,0.0,0.18313523945916768,1,0.009194681448207257
2025-09-22,ONDO,4.0,-0.07634867041053138,-1,-0.0009955421309145777
2025-09-22,PENGU,4.0,0.050131603058020356,1,2.3265507569306277e-12
2025-09-22,PEPE,3.0,-0.19997814485779133,-1,-0.010047468812997949
2025-09-22,POL,,-0.025355756936946635,0,0.0
2025-09-22,PUMP,8.0,0.410951172359605,1,0.04354770415014118
2025-09-22,QNT,6.0,0.5674033904674982,1,0.10599169081313133
2025-09-22,RENDER,4.0,-0.035052467006055334,0,0.0
2025-09-22,SHIB,4.0,-0.027595855852430583,0,0.0
2025-09-22,SKY,,0.01773076822569658,0,0.0
2025-09-22,SOL,4.0,-0.11433417820735983,-1,-0.003883153107879783
2025-09-22,STX,0.0,-0.06401417698980702,-1,-0.00018600916449082938
2025-09-22,SUI,6.0,0.03554775812715324,0,0.0
2025-09-22,TAO,6.0,0.05936581033379859,1,5.3399196746410466e-05
2025-09-22,TON,5.0,-0.15031312471068137,-1,-0.013398162392890522
2025-09-22,TRUMP,6.0,-0.044272219518734036,0,0.0
2025-09-22,TRX,4.0,0.3019042148258739,1,0.02899979054488525
2025-09-22,UNI,4.0,-0.15867716299799647,-1,-0.013403424726266334
2025-09-22,VET,8.0,-0.005988127118033058,0,0.0
2025-09-22,VIRTUAL,1.0,-0.06188772218941811,-1,-2.6392804023917958e-08
2025-09-22,WLD,6.0,-1.039671472538294,-1,-0.03765470349743995
2025-09-22,WLFI,,0.01871286126293878,0,0.0
2025-09-22,XLM,3.0,0.3170335975702372,1,0.03164522575708763
2025-09-22,XRP,3.0,0.15347966446820782,1,0.00583886251712798
2025-09-22,ZEC,2.0,0.8135883408460156,1,0.12034253097382606
2025-09-29,AAVE,,0.012049101053484047,0,0.0
2025-09-29,ADA,0.0,0.009567805595541334,0,0.0
2025-09-29,ALGO,3.0,0.15501992888653196,1,1.105623270877179e-11
2025-09-29,APT,0.0,0.26096256377511473,1,0.00540497666180031
2025-09-29,ARB,3.0,-0.07437099149194547,0,0.0
2025-09-29,ATOM,3.0,-0.2229751104601147,-1,-0.025582489486017174
2025-09-29,AVAX,7.0,-0.12631410681750577,-1,-0.00236728088143099
2025-09-29,BCH,1.0,0.23126827183326118,1,0.008789565583081943
2025-09-29,BFUSD,,0.38717750253585154,1,0.07023215045812377
2025-09-29,BNB,8.0,0.3455980515028423,1,0.024645587867757984
2025-09-29,BONK,5.0,-0.18156300145944693,-1,-0.0064091530965340515
2025-09-29,BTC,1.0,0.34532073443195566,1,0.044371816438514455
2025-09-29,CAKE,8.0,0.3392534095545441,1,0.017105804281405897
2025-09-29,CHZ,6.0,0.34267263162908346,1,0.0389214915795871
2025-09-29,DASH,0.0,-0.4109567797030047,-1,-0.009552480452047167
2025-09-29,DEXE,2.0,-0.44628307163849745,-1,-0.010608377606315935
2025-09-29,DOGE,4.0,-0.11460238200903053,-1,-0.0013745013673223331
2025-09-29,DOT,7.0,0.10245351110200826,0,0.0
2025-09-29,ENA,,-0.09734718554236658,-1,-0.0007169242955544178
2025-09-29,ETC,3.0,0.1218081999929358,0,0.0
2025-09-29,ETH,5.0,0.14612759513821946,0,0.0
2025-09-29,FET,0.0,-0.19327994092096537,-1,-0.016436190668637874
2025-09-29,FIL,3.0,0.09330552564780173,0,0.0
2025-09-29,HBAR,8.0,-0.10309567262055136,-1,-0.0012468216469233432
2025-09-29,ICP,6.0,0.09167498249234161,0,0.0
2025-09-29,JST,5.0,-0.14546848993264397,-1,-0.009647444602569721
2025-09-29,JUP,5.0,-0.06209841787775075,0,0.0
2025-09-29,LINK,3.0,-0.08465780651804429,0,0.0
2025-09-29,LTC,6.0,0.26968174725263544,1,0.01346370162254099
2025-09-29,LUNC,7.0,-0.1897909606664215,-1,-0.01859575264217134
2025-09-29,NEAR,8.0,0.018148945021188904,0,0.0
2025-09-29,NEXO,7.0,0.21664225972439985,1,0.006451560319557316
2025-09-29,ONDO,4.0,-0.10510777822681888,-1,-0.0010231840719762087
2025-09-29,PENGU,8.0,0.22606488848317033,1,0.0033917181748287467
2025-09-29,PEPE,4.0,-0.0911461667891236,-1,-2.35562232529529e-08
2025-09-29,POL,,0.20629608096345528,1,0.0038319340475409646
2025-09-29,PUMP,1.0,0.3105421651486096,1,0.024566885136650573
2025-09-29,QNT,4.0,0.3067712866459547,1,0.03267136378188113
2025-09-29,RENDER,4.0,-0.12461630826927501,-1,-0.0029091260813993713
2025-09-29,SHIB,4.0,-0.012426528580505285,0,0.0
2025-09-29,SKY,,0.0055472970538711095,0,0.0
2025-09-29,SOL,4.0,0.002286272617579457,0,0.0
2025-09-29,STX,3.0,-0.08006641275502573,0,0.0
2025-09-29,SUI,4.0,0.21961743104086012,1,0.004017551301826598
2025-09-29,TAO,4.0,0.05023547272193554,0,0.0
2025-09-29,TON,1.0,-0.08339626677066782,0,0.0
2025-09-29,TRUMP,4.0,-0.02275009027835438,0,0.0
2025-09-29,TRX,5.0,0.15327075371568188,0,0.0
2025-09-29,UNI,5.0,-0.038628376511615437,0,0.0
2025-09-29,VET,0.0,-0.020906733805799122,0,0.0
2025-09-29,VIRTUAL,7.0,-0.0453826144646799,0,0.0
2025-09-29,WLD,4.0,-0.6136275105844851,-1,-0.019312911397867543
2025-09-29,WLFI,,-0.4647650877166664,-1,-0.0329286061277492
2025-09-29,XLM,7.0,0.5077906432507421,1,0.12144634496101102
2025-09-29,XRP,7.0,0.18043184820879865,1,0.001309850294149026
2025-09-29,ZEC,6.0,-1.5019631146090955,-1,-0.021288538509447633
2025-10-06,AAVE,,-0.08900844351285464,0,0.0
2025-10-06,ADA,4.0,-0.2376955664350768,-1,-0.0034508360569564783
2025-10-06,ALGO,3.0,0.12956978551455578,1,0.005616901486886292
2025-10-06,APT,4.0,0.057355621539503146,0,0.0017176046754154104
2025-10-06,ARB,3.0,-0.06997649225937194,0,0.0
2025-10-06,ATOM,3.0,-0.21218910637445343,-1,-0.01191524788699087
2025-10-06,AVAX,1.0,-0.08032539796412604,0,-0.0007522794203172463
2025-10-06,BCH,6.0,-0.19699044458133683,-1,-0.000267438555640322
2025-10-06,BFUSD,,0.6707779659380686,1,0.1587621040684588
2025-10-06,BNB,1.0,0.15917803079001266,1,0.015976419841366225
2025-10-06,BONK,0.0,0.14505761318579716,1,0.004137593963735821
2025-10-06,BTC,3.0,-0.5476715879226413,-1,-0.0007797058209365326
2025-10-06,CAKE,1.0,0.5763141909862344,1,0.14187950377421918
2025-10-06,CHZ,3.0,0.14068265204448405,1,0.016681160688346082
2025-10-06,DASH,4.0,0.35574091083015025,1,0.015966896502212426
2025-10-06,DEXE,1.0,0.014403931545644606,0,-0.003371152201998828
2025-10-06,DOGE,7.0,-0.06736873760182174,0,-0.0004367918906224015
2025-10-06,DOT,1.0,-0.02109717214736524,0,0.0
2025-10-06,ENA,,0.08057094422047408,1,-0.0001869145332791996
2025-10-06,ETC,3.0,-0.15430018894045638,-1,-0.001544549713973371
2025-10-06,ETH,2.0,-0.3280286796215016,-1,-0.006682431836618727
2025-10-06,FET,4.0,-0.09882514127124696,-1,-0.005281046596936095
2025-10-06,FIL,7.0,-0.09293810040387679,-1,-4.482123737546607e-09
2025-10-06,HBAR,2.0,-0.17323485179762546,-1,-0.0029110932787965726
2025-10-06,ICP,3.0,-0.13820458795959584,-1,-0.0007201373719666974
2025-10-06,JST,0.0,0.021400726677384324,0,-0.0030657849223100168
2025-10-06,JUP,2.0,0.013170176175056872,0,0.0
2025-10-06,LINK,3.0,-0.3260638223440165,-1,-0.008306826959817264
2025-10-06,LTC,3.0,-0.21863131006297148,-1,0.0020285607368182995
2025-10-06,LUNC,7.0,-0.018853061077943566,0,-0.005909396779971149
2025-10-06,MORPHO,3.0,0.07572899570455291,1,1.1320631035887034e-11
2025-10-06,NEAR,1.0,0.06902964622859002,0,0.0
2025-10-06,NEXO,3.0,-0.05588596223271612,0,0.002050190197288513
2025-10-06,ONDO,7.0,0.0024238035550814266,0,-0.00032514955305126955
2025-10-06,PENGU,2.0,0.5404084557598855,1,0.13752141309416424
2025-10-06,PEPE,7.0,0.10349145034865187,1,0.00099886855006044
2025-10-06,POL,,0.08323950749007696,1,0.0013449469289806143
2025-10-06,PUMP,4.0,0.25497808575946934,1,0.026995857123936134
2025-10-06,QNT,0.0,-0.09514237215442135,-1,0.010334621115363752
2025-10-06,RENDER,2.0,0.023572589488816506,0,-0.0009244681099363234
2025-10-06,SHIB,7.0,-0.08927617521073976,0,0.0
2025-10-06,SKY,,0.1617555107894938,1,0.008634116756685463
2025-10-06,SOL,2.0,-0.2377516777398584,-1,-0.0030474452805091833
2025-10-06,STX,7.0,-0.04711739242354503,0,0.0
2025-10-06,SUI,6.0,0.08137675608356316,1,0.0013274323086447711
2025-10-06,TAO,6.0,0.47009209499412946,1,0.10074034637060349
2025-10-06,TON,4.0,-0.2560329021774459,-1,-0.003760868933908278
2025-10-06,TRUMP,6.0,0.11344325677260247,1,0.002097578517009087
2025-10-06,TRX,2.0,-0.18833221309441694,-1,-0.0038573231410465162
2025-10-06,UNI,2.0,-0.175194160458202,-1,-0.0016475203186103167
2025-10-06,VET,4.0,-0.04564733141079812,0,0.0
2025-10-06,VIRTUAL,1.0,0.27528277881962143,1,0.029535839545437724
2025-10-06,WLD,6.0,0.029355938350440078,0,-0.006137296974342869
2025-10-06,WLFI,,-0.05031306397638449,0,-0.01046412063897717
2025-10-06,XLM,1.0,0.029865387792087854,0,0.03859347097488948
2025-10-06,XRP,7.0,-0.38746507905408933,-1,-0.00819062171538646
2025-10-06,ZEC,5.0,0.02129421482645949,0,-0.006765115848698032
2025-10-13,AAVE,,-0.29271129908300797,-1,-0.00585724502618552
2025-10-13,ADA,0.0,-0.23619951336897543,-1,-0.003539383221029227
2025-10-13,ALGO,1.0,-0.034918635546037156,0,0.0008386737863484506
2025-10-13,APT,2.0,-0.07500648941292964,0,0.000256459904084767
2025-10-13,ARB,3.0,0.10963968864509935,0,0.0
2025-10-13,ASTER,,0.1267965770986582,1,2.971082506415356e-05
2025-10-13,ATOM,3.0,-0.15381440862234974,-1,-0.0019040991391464368
2025-10-13,AVAX,4.0,-0.132966195179891,0,-0.00011232474546731441
2025-10-13,BCH,5.0,-0.3264063488198178,-1,-0.006487219858883894
2025-10-13,BFUSD,,0.4337365437841659,1,0.18608787969855403
2025-10-13,BNB,2.0,-0.30803152687680163,-1,-0.0008463198109253389
2025-10-13,BONK,1.0,0.21345722805410383,1,0.009584964883395736
2025-10-13,BTC,4.0,-0.5914388743828443,-1,-0.019360140127872065
2025-10-13,CAKE,6.0,0.15487962705433303,1,0.02198637456679929
2025-10-13,CHZ,1.0,0.16328624628104974,1,0.004226999626718547
2025-10-13,DASH,1.0,0.06415649302952069,0,0.0023840577544413342
2025-10-13,DEXE,6.0,0.25726662906271774,1,0.004923401757064114
2025-10-13,DOGE,6.0,-0.10628340155325526,0,-6.521850340616514e-05
2025-10-13,DOT,8.0,-0.009199251345563111,0,0.0
2025-10-13,ENA,,0.5165410861543464,1,0.06548117181137392
2025-10-13,ETC,3.0,-0.09485571996384783,0,-0.00023062062951357707
2025-10-13,ETH,5.0,-0.3291864871000631,-1,-0.008078973244355275
2025-10-13,FET,2.0,-0.2104936051292681,-1,-0.0018879130554644635
2025-10-13,FIL,8.0,-0.008375538927421577,0,-6.692372466611107e-10
2025-10-13,HBAR,6.0,-0.24322045546800006,-1,-0.004978312679600985
2025-10-13,ICP,8.0,-0.15222703600011284,-1,-0.0001457754003548567
2025-10-13,JST,5.0,0.5491046937810474,1,0.16967973336968345
2025-10-13,JUP,5.0,0.12304772277539135,1,1.2779972209845422e-11
2025-10-13,LINK,3.0,-0.3938639366787466,-1,-0.013452979179855468
2025-10-13,LTC,4.0,-0.17444662785235687,-1,-0.0002331339233308848
2025-10-13,LUNC,1.0,0.26165002188913455,1,0.015847094063757172
2025-10-13,MORPHO,3.0,0.18276178418183908,1,0.004331514662844304
2025-10-13,NEAR,4.0,-0.010655012955052199,0,0.0
2025-10-13,NEXO,4.0,-0.07766707702044215,0,0.00030611909066035627
2025-10-13,ONDO,6.0,-0.23294239339805725,-1,-0.0042295467450678085
2025-10-13,PENGU,6.0,0.3551062107520125,1,0.06012078134590072
2025-10-13,PEPE,6.0,0.14258484875163874,1,0.000642084178897764
2025-10-13,POL,,0.23136034134860228,1,0.014630961438646261
2025-10-13,PUMP,0.0,0.025307579537636106,0,0.004030819796770925
2025-10-13,QNT,6.0,-0.09116083772944117,0,0.001543088452153625
2025-10-13,RENDER,5.0,0.015514623877626525,0,-0.0001380346747987015
2025-10-13,SHIB,6.0,-0.05371235826486065,0,0.0
2025-10-13,SKY,,-0.25992748626795925,-1,-0.005181534746560298
2025-10-13,SOL,5.0,-0.2591729958066564,-1,-0.0037198935915885877
2025-10-13,STX,1.0,0.09338226989110782,0,0.0
2025-10-13,SUI,8.0,0.05671686983835523,0,0.0001982022798533217
2025-10-13,TAO,1.0,0.7327112892310752,1,0.18517928973200687
2025-10-13,TON,0.0,-0.04012782736498084,0,-0.0005615448652829414
2025-10-13,TRUMP,1.0,0.3150806383071494,1,0.03687499457695411
2025-10-13,TRX,3.0,0.027096236996863678,0,-0.0005759466872302778
2025-10-13,UNI,5.0,-0.051385287991013606,0,-0.0002459954312748465
2025-10-13,VET,5.0,-0.07897694298482898,0,0.0
2025-10-13,VIRTUAL,6.0,0.45757105343392007,1,0.07048145703373948
2025-10-13,WLD,8.0,-0.14999983997649713,-1,-0.0009163898895197349
2025-10-13,WLFI,,0.16282680605288027,1,0.00036131440021649336
2025-10-13,XLM,8.0,0.007732677112238363,0,0.0057624888929256116
2025-10-13,XRP,8.0,-0.3310797337273834,-1,-0.008593505581333007
2025-10-13,ZEC,5.0,-0.2688626421240725,-1,-0.001454741765463968
2025-10-20,AAVE,,-0.01357783701044535,0,0.0
2025-10-20,ADA,0.0,-0.15103370145248562,-1,-0.0014531715446908624
2025-10-20,ALGO,9.0,0.06262787493163648,0,0.0
2025-10-20,APT,2.0,-0.11703216953106498,-1,-0.0002688010279872636
2025-10-20,ARB,1.0,0.209689090139507,1,0.021255492481272027
2025-10-20,ASTER,,0.1036054043275211,1,0.00022467281292661245
2025-10-20,ATOM,1.0,-0.0753537221906473,0,0.0
2025-10-20,AVAX,4.0,-0.2153976845269105,-1,-0.00233460514024448
2025-10-20,BCH,0.0,-0.015446226725489919,0,0.0
2025-10-20,BFUSD,,0.4561777746875845,1,0.2
2025-10-20,BNB,4.0,-0.5897010548366882,-1,-0.008541675302627703
2025-10-20,BONK,6.0,0.27341173129246066,1,0.048659649404615125
2025-10-20,BTC,0.0,-0.5839362687740307,-1,-0.01432802922224599
2025-10-20,CAKE,4.0,-0.19159661982745546,-1,-0.0014568331422336789
2025-10-20,CHZ,5.0,0.0651474719629715,0,0.0
2025-10-20,DASH,5.0,-0.06356134410842462,0,0.0
2025-10-20,DEXE,4.0,-0.020387150815162236,0,0.0
2025-10-20,DOGE,8.0,-0.02237669050041907,0,0.0
2025-10-20,DOT,9.0,0.0669355204407539,0,0.0
2025-10-20,ENA,,0.3476311675882625,1,0.0544762272424538
2025-10-20,ETC,1.0,0.07421998043351555,0,0.0
2025-10-20,ETH,5.0,-0.2855859593376491,-1,-0.005757586880953196
2025-10-20,FET,2.0,-0.3930912380078527,-1,-0.004346396991047125
2025-10-20,FIL,6.0,0.029468648841132986,0,0.0
2025-10-20,HBAR,8.0,0.018566445106545586,0,0.0
2025-10-20,ICP,9.0,-0.03292420267094677,0,0.0
2025-10-20,JST,2.0,0.6293772612109193,1,0.2
2025-10-20,JUP,9.0,0.3963565437896821,1,0.08378282926808939
2025-10-20,LINK,1.0,-0.0849184422351105,-1,-0.00011650943687651434
2025-10-20,LTC,0.0,-0.13519211857797964,-1,-0.0008555148188205948
2025-10-20,LUNC,9.0,0.3598984580715005,1,0.07370990489415012
2025-10-20,MORPHO,1.0,0.2537401140643497,1,0.04084334606987302
2025-10-20,NEAR,4.0,-0.0004297030888288098,0,0.0
2025-10-20,NEXO,4.0,-0.4653714588315698,-1,-0.017742503746682695
2025-10-20,ONDO,9.0,0.08352871010459915,0,0.0
2025-10-20,PENGU,9.0,0.17255551177561188,1,0.0104009450669899
2025-10-20,PEPE,8.0,0.2195102598328815,1,0.02283984916385963
2025-10-20,POL,,0.1940609768392644,1,0.021385132218248806
2025-10-20,PUMP,3.0,0.2315462742037313,1,0.01510770630434457
2025-10-20,QNT,8.0,-0.2125564801003233,-1,-0.004718604384820049
2025-10-20,RENDER,9.0,0.024594387121686826,0,0.0
2025-10-20,SHIB,8.0,0.09477591108445352,1,2.2756190289350895e-11
2025-10-20,SKY,,0.04695384520381536,0,0.0
2025-10-20,SOL,5.0,-0.18428542295969,-1,-0.002070424769000293
2025-10-20,STX,6.0,0.149064014608362,1,0.005054603551115328
2025-10-20,SUI,6.0,-0.021484800210164738,0,0.0
2025-10-20,TAO,5.0,-0.07767308340618852,-1,-4.884620113908064e-09
2025-10-20,TON,5.0,-0.1524701052753979,-1,-0.0014936911996421658
2025-10-20,TRUMP,6.0,0.30096201038924436,1,0.06558448768159107
2025-10-20,TRX,5.0,-0.7576232904720716,-1,-0.03291514844712381
2025-10-20,UNI,9.0,0.06529042413152224,0,0.0
2025-10-20,VET,5.0,-0.05865393681875424,0,0.0
2025-10-20,VIRTUAL,8.0,0.1531253252672311,1,0.001494626689541825
2025-10-20,WLD,6.0,0.07388733910631577,0,0.0
2025-10-20,WLFI,,0.28275807885850984,1,0.03518052712817256
2025-10-20,XLM,6.0,0.038159082770188625,0,0.0
2025-10-20,XRP,6.0,-0.10875573839895344,-1,-0.0004988552545230971
2025-10-20,ZEC,2.0,-0.4472091874950586,-1,-0.0011016438058603468
2025-10-27,AAVE,,-0.07999101710266147,-1,-0.0032529236833277425
2025-10-27,ADA,0.0,-0.11988457072249627,-1,-0.00914637481438911
2025-10-27,ALGO,1.0,0.022924242348593867,0,0.0
2025-10-27,APT,2.0,0.02014703870798614,0,-2.364678268025486e-05
2025-10-27,ARB,3.0,0.04078173456063414,0,0.0018698738439729724
2025-10-27,ASTER,,-0.03496209453870984,0,1.9764765117226e-05
2025-10-27,ATOM,3.0,0.027020744393192204,0,0.0
2025-10-27,AVAX,4.0,-0.005502104273337689,0,-0.00020537830829345976
2025-10-27,BCH,2.0,-0.05694412017903493,-1,-0.00042130091754980094
2025-10-27,BFUSD,,0.6492604426503934,1,0.17848684676798954
2025-10-27,BNB,4.0,-0.026466215060054046,0,-0.0007514224968518642
2025-10-27,BONK,8.0,0.09466552147994653,1,0.005136797831800315
2025-10-27,BTC,4.0,0.0014414978093699616,0,-0.0012604557199492761
2025-10-27,CAKE,4.0,-0.11894477884141566,-1,-0.00843137184939414
2025-10-27,CHZ,1.0,0.14952763842489636,1,0.003928012538061804
2025-10-27,DASH,7.0,-0.6167756418503443,-1,-0.018557780104708616
2025-10-27,DEXE,8.0,-0.04438348317469805,0,0.0
2025-10-27,DOGE,6.0,-0.045360551963077124,0,0.0
2025-10-27,DOT,1.0,0.04337137426594895,1,2.7669385251286115e-12
2025-10-27,ENA,,-0.45244355176372353,-1,-0.018624299370934717
2025-10-27,ETC,3.0,0.20148915078315852,1,0.008759874065947925
2025-10-27,ETH,5.0,-0.006211121822704476,0,-0.0005065025485804231
2025-10-27,FET,2.0,-0.09409509360854522,-1,-0.0038832734135340503
2025-10-27,FIL,2.0,0.1126712799412137,1,0.0010205246937097354
2025-10-27,HBAR,7.0,0.3487001242737259,1,0.021770545631937827
2025-10-27,ICP,7.0,-0.020673992877658035,0,0.0
2025-10-27,JST,8.0,0.3892320942588376,1,0.07624205004993238
2025-10-27,JUP,6.0,-0.04025583488504028,0,0.007370486530033957
2025-10-27,LINK,3.0,0.0254294000468886,0,-1.0249489574676578e-05
2025-10-27,LTC,2.0,0.16457641631344128,1,0.004359247566121699
2025-10-27,LUNC,6.0,-0.05938201758055218,-1,0.00596807095764286
2025-10-27,MORPHO,3.0,0.4587308909702799,1,0.08513713500699721
2025-10-27,NEAR,4.0,0.002683603067161728,0,0.0
2025-10-27,NEXO,4.0,0.0005425182033916235,0,-0.0015608315691459825
2025-10-27,ONDO,1.0,-0.009111788542825194,0,0.0
2025-10-27,PENGU,1.0,-0.26613331563647885,-1,-0.028396668016031877
2025-10-27,PEPE,1.0,0.048046755640484204,1,0.0020201592139332675
2025-10-27,POL,,0.19635976760116122,1,0.010130859674350314
2025-10-27,PUMP,7.0,-0.1559457451423107,-1,-0.00419439915539222
2025-10-27,QNT,1.0,-0.026496591396409547,0,-0.00041510188140807345
2025-10-27,RENDER,6.0,-0.06597619539257242,-1,-0.0015723686515203086
2025-10-27,SHIB,1.0,0.14739873620431235,1,0.004321836560652137
2025-10-27,SKY,,-0.11957058270656205,-1,-0.01564077610234465
2025-10-27,SOL,5.0,0.06006306405352034,1,-3.24227659447918e-05
2025-10-27,STX,6.0,-0.035355339984555735,0,0.0004446601733745304
2025-10-27,SUI,6.0,-0.09003669291309986,-1,-0.004112140029814293
2025-10-27,TAO,7.0,0.25451200901909005,1,0.008795569180610151
2025-10-27,TON,7.0,0.25424177696850825,1,0.011932831336076338
2025-10-27,TRUMP,7.0,0.2623810440531744,1,0.013330269073191292
2025-10-27,TRX,5.0,0.049835150410279624,1,-0.0028501717133730432
2025-10-27,UNI,6.0,-0.06350466660497597,-1,-0.0012000713328032203
2025-10-27,VET,5.0,-0.05039367867646613,-1,-5.210291319263504e-08
2025-10-27,VIRTUAL,7.0,-1.2090903653387135,-1,-0.03407109114589603
2025-10-27,WLD,6.0,-0.0918127120154398,-1,-0.004409321340484625
2025-10-27,WLFI,,-0.07188082328082586,-1,0.0018897200470838205
2025-10-27,XLM,6.0,0.00846194692701454,0,0.0
2025-10-27,XRP,6.0,0.015757582517705815,0,-4.38849578847959e-05
2025-10-27,ZEC,2.0,0.027331141980979936,0,-9.691306563553337e-05
2025-11-03,AAVE,,-0.1737395935928396,-1,-0.0014350163864438512
2025-11-03,ADA,5.0,-0.3227454542548495,-1,-0.0060593962870133375
2025-11-03,ALGO,1.0,0.1823284219841748,1,0.013559035809362357
2025-11-03,APT,2.0,0.016090188471651376,0,-7.222718958562403e-07
2025-11-03,ARB,3.0,0.14624027902201112,1,0.005310201926550958
2025-11-03,ASTER,,-0.059386156106546684,0,6.036988018793862e-07
2025-11-03,ATOM,3.0,-0.04083253283701646,0,0.0
2025-11-03,AVAX,3.0,-0.2710005769014165,-1,-0.005486827500629669
2025-11-03,BCH,6.0,-0.2591449167050055,-1,-0.001898511723500587
2025-11-03,BFUSD,,0.38199611629193503,1,0.1459343276299877
2025-11-03,BNB,3.0,-0.4957064747068486,-1,-0.009362600092128408
2025-11-03,BONK,0.0,0.09155570413236716,0,0.0001568993447765149
2025-11-03,BTC,5.0,-0.7836655534157995,-1,-0.023555789662246994
2025-11-03,CAKE,4.0,0.1524756777131711,1,0.0044906295491090285
2025-11-03,CHZ,1.0,0.3874506704647661,1,0.1309154092706476
2025-11-03,DASH,2.0,-0.15822912003076464,-1,-0.0007724687158883158
2025-11-03,DEXE,4.0,0.0954746079796928,0,0.0
2025-11-03,DOGE,8.0,-0.2131726615011821,-1,-0.0028360248681716573
2025-11-03,DOT,1.0,0.22411044150836112,1,0.02023950075630209
2025-11-03,ENA,,0.03476489192402223,0,-0.0005688641959259652
2025-11-03,ETC,3.0,0.06148712715255645,0,0.0002675632848081772
2025-11-03,ETH,3.0,-0.5926777944364096,-1,-0.015388712084963199
2025-11-03,FET,2.0,-0.1627682071641351,-1,-0.00046163724976187436
2025-11-03,FIL,2.0,-0.04819029364684566,0,3.117110328540885e-05
2025-11-03,HBAR,6.0,0.044312632035961086,0,0.000664963749192584
2025-11-03,ICP,2.0,-0.08815028409613855,0,0.0
2025-11-03,JST,6.0,0.888705052634879,1,0.19621991328180322
2025-11-03,JUP,5.0,0.031080553241519086,0,0.0002251255636512295
2025-11-03,LINK,3.0,-0.2845817658168107,-1,-0.0038054791281701607
2025-11-03,LTC,2.0,0.1412398692470116,1,0.0035296484020688546
2025-11-03,LUNC,5.0,-0.008334238452584774,0,0.0001822899116326977
2025-11-03,MORPHO,3.0,0.3187779054419142,1,0.08434593166185679
2025-11-03,NEAR,1.0,0.008489395231257576,0,0.0
2025-11-03,NEXO,4.0,-0.3453222591658522,-1,-0.008091981160300162
2025-11-03,ONDO,8.0,0.06628757543407353,0,0.0
2025-11-03,PENGU,3.0,0.1879564669232862,1,0.00962398463007385
2025-11-03,PEPE,8.0,-0.009225217381063137,0,6.170413307842468e-05
2025-11-03,POL,,-0.005408255427296633,0,0.0003094389339382067
2025-11-03,PUMP,7.0,0.08435305396269849,0,-0.00012811453764797337
2025-11-03,QNT,2.0,0.18369592716924604,1,0.015455023303572294
2025-11-03,RENDER,1.0,0.252280875397422,1,0.03160015637021697
2025-11-03,SHIB,8.0,-0.025332694271571483,0,0.00013200701035957513
2025-11-03,SKY,,0.12015152188032333,1,0.0011790585050203382
2025-11-03,SOL,3.0,-0.4890886676444485,-1,-0.008424133041475015
2025-11-03,STX,5.0,0.09587260473584838,1,1.3581800973510205e-05
2025-11-03,SUI,5.0,-0.16035617825747092,-1,-0.0014946761269932101
2025-11-03,TAO,6.0,0.049935536692611304,0,0.00026865356328235716
2025-11-03,TON,6.0,-0.16583936602169486,-1,-0.0015635133927395708
2025-11-03,TRUMP,6.0,0.4601398036820642,1,0.1049678877606532
2025-11-03,TRX,3.0,-0.1593971521105701,-1,-0.001939986345755066
2025-11-03,UNI,1.0,0.13383875098651477,1,0.0016392842235625244
2025-11-03,VET,1.0,0.18757414279375267,1,0.013176490948009491
2025-11-03,VIRTUAL,6.0,-0.09297135080345172,-1,-0.00104067496861502
2025-11-03,WLD,5.0,0.08331738085932616,0,-0.0001346791623661539
2025-11-03,WLFI,,0.08323649850100759,0,5.771997398125797e-05
2025-11-03,XLM,5.0,-0.08617933084762146,0,0.0
2025-11-03,XRP,5.0,-0.36622884991435534,-1,-0.005427557353146577
2025-11-03,ZEC,2.0,0.6724552720151679,1,0.09971913939336188
2025-11-10,AAVE,,-0.18705470790068246,-1,-0.0011413266568038112
2025-11-10,ADA,0.0,-0.3724939621456101,-1,-0.00534048611206654
2025-11-10,ALGO,1.0,0.04553049921145416,0,0.0
2025-11-10,APT,2.0,0.00041081149376133615,0,0.0
2025-11-10,ARB,3.0,0.06822713309329483,0,0.0
2025-11-10,ASTER,4.0,0.500949166940624,1,0.07741790704291013
2025-11-10,ATOM,6.0,-0.10969512364375562,-1,-9.076495636385286e-05
2025-11-10,AVAX,0.0,-0.32787890366291567,-1,-0.005696811826905119
2025-11-10,BCH,7.0,-0.1722808785791969,-1,-0.0008763697915993782
2025-11-10,BFUSD,,0.34004026159029344,1,0.0721908549184807
2025-11-10,BNB,2.0,-0.6471368505540611,-1,-0.020387264927707528
2025-11-10,BONK,8.0,0.041347174025503544,0,0.0
2025-11-10,BTC,2.0,-0.8689750805558792,-1,-0.02302803527422025
2025-11-10,CAKE,1.0,0.13595337775009178,1,0.002042279414143072
2025-11-10,CHZ,1.0,0.24541059987608413,1,0.02078764476176149
2025-11-10,DASH,6.0,-0.06977643524032992,0,0.0
2025-11-10,DEXE,7.0,0.2760795370093773,1,0.018572677494808894
2025-11-10,DOGE,6.0,-0.21508518290805345,-1,-0.0023251091968372575
2025-11-10,DOT,1.0,0.1260307760110468,1,0.0006609035223075536
2025-11-10,ENA,,0.21278423009112785,1,0.006938841971101944
2025-11-10,ETC,6.0,-0.01399461192661694,0,0.0
2025-11-10,ETH,6.0,-0.6280998419705592,-1,-0.01295348348024581
2025-11-10,FET,4.0,-0.06319210943293636,0,0.0
2025-11-10,FIL,4.0,0.025829160570478932,0,0.0
2025-11-10,HBAR,7.0,-0.05949527178069947,0,0.0
2025-11-10,ICP,4.0,0.08635317656727552,0,0.0
2025-11-10,JST,8.0,0.494620134834361,1,0.17620886278515885
2025-11-10,JUP,0.0,0.04983526119504729,0,0.0
2025-11-10,LINK,6.0,-0.3141593559768295,-1,-0.0039263590063429174
2025-11-10,LTC,6.0,-0.1057530705856043,-1,-4.722199204595761e-09
2025-11-10,LUNC,0.0,0.09916326293787014,1,5.430974737612397e-12
2025-11-10,MORPHO,5.0,0.4566727356564723,1,0.13745109446741174
2025-11-10,NEAR,1.0,-0.03747303913270868,0,0.0
2025-11-10,NEXO,0.0,-0.32567688096476577,-1,-0.007568398115054837
2025-11-10,ONDO,3.0,-0.03125595299326188,0,0.0
2025-11-10,PENGU,0.0,0.15030171325613784,1,0.0023843821289676096
2025-11-10,PEPE,3.0,-0.03119427771213381,0,0.0
2025-11-10,POL,,-0.010140333712137703,0,0.0
2025-11-10,PUMP,7.0,0.1120478563818175,1,0.00010878205600265301
2025-11-10,QNT,4.0,0.23546287838710533,1,0.025902603266823733
2025-11-10,RENDER,1.0,0.13348843655213427,1,0.001067363159784389
2025-11-10,SHIB,3.0,-0.15195149308266293,-1,-0.0010478018746632467
2025-11-10,SKY,,0.018281143736755195,0,0.0
2025-11-10,SOL,0.0,-0.5040289714410604,-1,-0.007229213224570334
2025-11-10,STX,3.0,0.015414308981866595,0,0.0
2025-11-10,SUI,0.0,-0.1879805482017395,-1,-0.0012254246065364694
2025-11-10,TAO,7.0,-0.05745161620195718,0,0.0
2025-11-10,TON,7.0,-0.214478889451355,-1,-0.002161081859751801
2025-11-10,TRUMP,3.0,0.3323774476370862,1,0.028790601972803597
2025-11-10,TRX,5.0,0.08372577145544931,0,0.0
2025-11-10,UNI,5.0,0.46581464253583793,1,0.07025342339731651
2025-11-10,VET,1.0,0.09788962909307186,0,0.0
2025-11-10,VIRTUAL,7.0,-0.029571643439519808,0,0.0
2025-11-10,WLD,3.0,-0.0043088806822285455,0,0.0
2025-11-10,WLFI,,0.5346355921902757,1,0.08411903227951084
2025-11-10,XLM,0.0,-0.11184836609820636,-1,-0.0001130268906682091
2025-11-10,XRP,6.0,-0.3391253815109365,-1,-0.004889037477463413
2025-11-10,ZEC,6.0,0.8068809424266962,1,0.17510274535527537
2025-11-17,AAVE,,0.10907121657210432,0,0.0
2025-11-17,ADA,0.0,-0.35908271691475013,-1,-0.005828959135769227
2025-11-17,ALGO,1.0,0.08990609232652634,0,0.0
2025-11-17,APT,2.0,0.0843284289518938,0,0.0
2025-11-17,ARB,3.0,0.14202651226750673,1,2.5280004199188463e-11
2025-11-17,ASTER,4.0,0.22944788872328167,1,0.011546478028075086
2025-11-17,ATOM,3.0,-0.1826248987084311,-1,-0.001593476723206933
2025-11-17,AVAX,2.0,-0.24877912658479187,-1,-0.0032108274508200283
2025-11-17,BCH,5.0,0.14083329873980738,0,0.0
2025-11-17,BFUSD,,0.26695284849752376,1,0.06075428196797242
2025-11-17,BNB,2.0,-0.8712513013979117,-1,-0.020659713824244932
2025-11-17,BONK,8.0,0.0734663608854327,0,0.0
2025-11-17,BTC,2.0,-0.8610019122735055,-1,-0.02035460653360899
2025-11-17,CAKE,8.0,0.17090898800382545,1,0.00369511274488906
2025-11-17,CHZ,1.0,0.17739641328817646,1,0.0041503952723277
2025-11-17,DASH,9.0,-0.09040434523890428,0,0.0
2025-11-17,DEXE,2.0,0.27440888313821193,1,0.02973798287463112
2025-11-17,DOGE,3.0,-0.2399810566155122,-1,-0.0029902580087257107
2025-11-17,DOT,1.0,-0.03595443497339122,0,0.0
2025-11-17,ENA,,0.3254403541653097,1,0.09610944294962623
2025-11-17,ETC,8.0,-0.0005480963484760619,0,0.0
2025-11-17,ETH,6.0,-0.6124564981358861,-1,-0.013097373359456804
2025-11-17,FET,4.0,0.03362016377210842,0,0.0
2025-11-17,FIL,4.0,-0.14602931737137997,-1,-8.76199508115892e-05
2025-11-17,HBAR,6.0,0.17202098690774761,1,0.0021116255969789175
2025-11-17,ICP,4.0,-0.13739514908786668,-1,-5.637814981775833e-05
2025-11-17,JST,5.0,0.5873230691967758,1,0.2
2025-11-17,JUP,3.0,0.14861295889083698,1,0.00024499734452747973
2025-11-17,LINK,6.0,-0.2567137969032766,-1,-0.0034109430018296042
2025-11-17,LTC,8.0,-0.10834921917020304,-1,-3.008131218415853e-09
2025-11-17,LUNC,3.0,-0.26214898628191463,-1,-0.0035486432942763023
2025-11-17,MORPHO,9.0,0.31489688544163785,1,0.04479762942235254
2025-11-17,NEAR,1.0,-0.10440567949835029,0,0.0
2025-11-17,NEXO,2.0,-0.05988433766298471,0,0.0
2025-11-17,ONDO,3.0,0.03878982815480486,0,0.0
2025-11-17,PENGU,0.0,-0.18760857565886307,-1,-0.0017114712908175525
2025-11-17,PEPE,3.0,0.02500077665012973,0,0.0
2025-11-17,POL,,0.11162336829276191,0,0.0
2025-11-17,PUMP,2.0,0.17102400260065134,1,0.0023835066466190115
2025-11-17,QNT,4.0,0.1123009778460114,0,0.0
2025-11-17,RENDER,8.0,0.15859461460757593,1,0.0008190406412474605
2025-11-17,SHIB,8.0,-0.11532960430842965,-1,-0.00011699673413262484
2025-11-17,SKY,,0.10939999671728229,0,0.0
2025-11-17,SOL,0.0,-0.26233933130282194,-1,-0.003222262482785472
2025-11-17,STX,3.0,0.11559867955898288,0,0.0
2025-11-17,SUI,0.0,-0.11173526300148734,-1,-4.553227913009976e-05
2025-11-17,TAO,5.0,-0.067474780661849,0,0.0
2025-11-17,TON,6.0,-0.13234134387841429,-1,-0.00023438173485336387
2025-11-17,TRUMP,6.0,0.30704665965876365,1,0.035128312532400736
2025-11-17,TRX,9.0,-0.09711401619554166,0,0.0
2025-11-17,UNI,9.0,0.1696276798473363,1,0.0014381377723135752
2025-11-17,VET,1.0,0.04196678448899311,0,0.0
2025-11-17,VIRTUAL,5.0,0.6120424517086086,1,0.2
2025-11-17,WLD,3.0,0.1359333783111471,0,0.0
2025-11-17,WLFI,,0.48243189126272173,1,0.17236218815650048
2025-11-17,XLM,0.0,0.08383640645571375,0,0.0
2025-11-17,XRP,0.0,-0.8433647711478505,-1,-0.019830553037581754
2025-11-17,ZEC,9.0,0.3784397133925982,1,0.03472086802425812
2025-11-24,AAVE,,0.07618874406505598,0,0.0
2025-11-24,ADA,6.0,-0.2661159703131427,-1,-0.0037830102006697246
2025-11-24,ALGO,1.0,-0.11131286020993593,-1,-5.637820765683246e-05
2025-11-24,APT,2.0,-0.30989555986403733,-1,-0.007328783601589134
2025-11-24,ARB,5.0,0.17726788805815666,1,0.00465711072611984
2025-11-24,ASTER,4.0,0.12032462500377972,0,0.0
2025-11-24,ATOM,8.0,-0.2947145767516125,-1,-0.007815894351455618
2025-11-24,AVAX,6.0,-0.02210807250188431,0,0.0
2025-11-24,BCH,5.0,0.054855430695284674,0,0.0
2025-11-24,BFUSD,,-0.22022579016628188,-1,-0.004443224280111835
2025-11-24,BNB,10.0,-0.3654860285614561,-1,-0.00940600088237532
2025-11-24,BONK,1.0,0.16042054284342505,1,0.002292341745266787
2025-11-24,BTC,10.0,-0.6085801013320801,-1,-0.01874036503462225
2025-11-24,CAKE,8.0,0.3528787870996158,1,0.1485786545979833
2025-11-24,CHZ,0.0,0.29587258185274873,1,0.05372966874307835
2025-11-24,DASH,8.0,0.29053721969583074,1,0.030417519875464736
2025-11-24,DEXE,2.0,-0.6534669866040432,-1,-0.025537968425810853
2025-11-24,DOGE,1.0,-0.0950911485295277,0,0.0
2025-11-24,DOT,0.0,-0.138903471550658,-1,-0.00042746246162040096
2025-11-24,ENA,,0.33416740610526363,1,0.06550418362019086
2025-11-24,ETC,1.0,0.10382752085735152,0,0.0
2025-11-24,ETH,6.0,-0.3360407803217409,-1,-0.005477077780297278
2025-11-24,FET,0.0,-0.11769595102607386,-1,-4.824427278550779e-05
2025-11-24,FIL,0.0,-0.4458747830035697,-1,-0.0017408700623419955
2025-11-24,HBAR,9.0,0.05873234674003237,0,0.0
2025-11-24,ICP,0.0,-0.4795892225886984,-1,-0.0016864909308208589
2025-11-24,JST,5.0,0.6180898131045851,1,0.2
2025-11-24,JUP,3.0,0.13051995012785278,1,1.99063387540293e-11
2025-11-24,LINK,3.0,-0.09354890390726495,0,0.0
2025-11-24,LTC,2.0,-0.23483993189824318,-1,-0.0021957318008056135
2025-11-24,LUNC,3.0,0.10545280254395181,0,0.0
2025-11-24,MORPHO,8.0,0.13912218145870475,1,0.00021879841454644085
2025-11-24,NEAR,0.0,-0.35646797318697154,-1,-0.0017893330353468727
2025-11-24,NEXO,10.0,0.05045396781346531,0,0.0
2025-11-24,ONDO,1.0,0.10472403999203585,0,0.0
2025-11-24,PENGU,6.0,0.34912295242506447,1,0.08562432954649106
2025-11-24,PEPE,5.0,0.14559992348064008,1,0.0005761135324791355
2025-11-24,POL,,0.15020567675910618,1,0.0016527175231849675
2025-11-24,PUMP,9.0,0.0885460362294708,0,0.0
2025-11-24,QNT,0.0,0.14616354176912796,1,0.00046698806928376454
2025-11-24,RENDER,8.0,0.12416761456292671,0,0.0
2025-11-24,SHIB,1.0,0.01909608639841407,0,0.0
2025-11-24,SKY,,0.15495154033898773,1,0.0009283773900301815
2025-11-24,SOL,6.0,-0.2503020177482224,-1,-0.003473183305060213
2025-11-24,STX,1.0,0.12343956770342994,0,0.0
2025-11-24,SUI,6.0,-0.037274449922009296,0,0.0
2025-11-24,TAO,9.0,-0.013807011003758224,0,0.0
2025-11-24,TON,9.0,-0.0655162464920718,0,0.0
2025-11-24,TRUMP,2.0,0.24799439138200882,1,0.05044476629683071
2025-11-24,TRX,4.0,0.054928837346642514,0,0.0
2025-11-24,UNI,8.0,0.020748553379198013,0,0.0
2025-11-24,VET,0.0,0.02441193510831335,0,0.0
2025-11-24,VIRTUAL,9.0,0.38437365718277183,1,0.0971850652626199
2025-11-24,WLD,5.0,0.20487932008242424,1,0.015182874962488857
2025-11-24,WLFI,,0.3785914335108671,1,0.14254048967403463
2025-11-24,XLM,6.0,0.11755176354386378,0,0.0
2025-11-24,XRP,3.0,-0.2821319815841696,-1,-0.006049979476936804
2025-11-24,ZEC,8.0,-0.10921886019293411,-1,-1.8896928556015703e-09
2025-12-01,AAVE,,0.06787832642867224,0,0.0
2025-12-01,ADA,0.0,-0.14344896577402672,-1,-0.0020856142665270465
2025-12-01,ALGO,1.0,0.10362827784048016,1,-1.9099135808629026e-05
2025-12-01,APT,2.0,-1.0429099596028415,-1,-0.02823493211806541
2025-12-01,ARB,2.0,0.18575286692567514,1,0.010735271982856433
2025-12-01,ASTER,3.0,0.11209233215069826,1,0.0001296232478333408
2025-12-01,ATOM,3.0,-0.4810200261682753,-1,-0.012692002191528912
2025-12-01,AVAX,2.0,-0.0069162015411240434,0,0.0
2025-12-01,BCH,0.0,0.0859221204484725,0,0.0
2025-12-01,BFUSD,,0.0854512177910655,0,-0.0015052248581934806
2025-12-01,BNB,2.0,-0.2630331842579087,-1,-0.006640582272756122
2025-12-01,BONK,2.0,0.1748093241900677,1,0.00813106839034608
2025-12-01,BTC,2.0,-0.5718065049062047,-1,-0.015792775655618915
2025-12-01,CAKE,3.0,0.22207718531736692,1,0.08523689450044751
2025-12-01,CHZ,6.0,0.3014126848100305,1,0.0762994666860842
2025-12-01,DASH,3.0,0.050302939015722886,0,0.01030450055066574
2025-12-01,DEXE,2.0,0.051537635387359296,0,-0.008651461749151945
2025-12-01,DOGE,1.0,-0.1168388665029564,-1,-0.0009495833323593755
2025-12-01,DOT,6.0,0.020470160881028425,0,-0.00014481085864956816
2025-12-01,ENA,,0.3397206287069244,1,0.0794570441667519
2025-12-01,ETC,1.0,0.03602825301592043,0,0.0
2025-12-01,ETH,0.0,-0.29837109116288796,-1,-0.00461893523169818
2025-12-01,FET,6.0,0.24953486800036392,1,0.032451719230039214
2025-12-01,FIL,6.0,0.40305261071231835,1,0.09098507179705057
2025-12-01,HBAR,8.0,-0.06864973352714179,-1,-2.6914247043464367e-05
2025-12-01,ICP,6.0,0.5314877654703654,1,0.13167495031260398
2025-12-01,JST,7.0,0.053638374064504286,0,0.06775371951989759
2025-12-01,JUP,2.0,0.03283328550902977,0,6.743642463042845e-12
2025-12-01,LINK,0.0,0.0009173606272463719,0,0.0
2025-12-01,LTC,1.0,-0.04665458191904101,0,-0.0007438449828635159
2025-12-01,LUNC,0.0,-0.8482813092779948,-1,-0.0021078209253962347
2025-12-01,MORPHO,3.0,0.06553170595229697,0,7.412203205288918e-05
2025-12-01,NEAR,6.0,0.20100313965171884,1,0.01182811600792355
2025-12-01,NEXO,4.0,0.17635218007799613,1,0.013840532877867462
2025-12-01,ONDO,7.0,0.04656909476599676,0,0.0
2025-12-01,PENGU,4.0,0.5070264146930817,1,0.16125311452096358
2025-12-01,PEPE,2.0,0.11597567361359423,1,0.0004733685818498041
2025-12-01,POL,,0.08353543810934334,0,0.0005598887975574707
2025-12-01,PUMP,8.0,-0.06590050220471985,-1,-1.76587698470311e-09
2025-12-01,QNT,3.0,-0.15920780598437212,-1,-0.00033622540201082453
2025-12-01,RENDER,3.0,0.15936861881397915,1,0.0072331514211759085
2025-12-01,SHIB,1.0,0.03747838078676487,0,0.0
2025-12-01,SKY,,-0.07847707446809085,-1,0.0002566016993975416
2025-12-01,SOL,0.0,-0.21158312400953444,-1,-0.00310150323241895
2025-12-01,STX,1.0,0.13372899148973136,1,0.002287014053487281
2025-12-01,SUI,4.0,0.04489798820158077,0,0.0
2025-12-01,TAO,8.0,-0.08117801268455435,-1,-0.0002275694295441298
2025-12-01,TON,8.0,-0.09678260251974669,-1,-0.00022362527887024867
2025-12-01,TRUMP,1.0,0.05833756302586375,0,0.017089102734611256
2025-12-01,TRX,4.0,-0.0930646810486725,-1,-0.0005004244597497134
2025-12-01,UNI,3.0,0.023471823281803868,0,0.0
2025-12-01,VET,6.0,0.04950914714594134,0,0.0
2025-12-01,VIRTUAL,8.0,0.1517648555632334,1,0.03629387138631214
2025-12-01,WLD,7.0,0.11192663059126613,1,0.005363843611758835
2025-12-01,WLFI,,-0.13534308007217707,-1,0.04740995630080097
2025-12-01,XLM,2.0,0.0936242604667979,0,0.0
2025-12-01,XRP,7.0,-0.3860591302817257,-1,-0.008519062382778619
2025-12-01,ZEC,3.0,0.026876314389695163,0,-6.401685985859158e-10
2025-12-08,AAVE,,0.3007730375211565,1,0.05226273933484792
2025-12-08,ADA,0.0,-0.11880861931474791,0,-0.0006902542346461881
2025-12-08,ALGO,1.0,-0.3854954644449607,-1,-0.007346883514885692
2025-12-08,APT,1.0,-0.17716495374598895,-1,-0.010671546217168492
2025-12-08,ARB,2.0,0.3369314886295498,1,0.04656330244526809
2025-12-08,ASTER,3.0,0.36778164983436856,1,0.0669304077731561
2025-12-08,ATOM,4.0,-0.2583154668696202,-1,-0.007796364635887517
2025-12-08,AVAX,2.0,-0.03652244754795269,0,0.0
2025-12-08,BCH,1.0,-0.026590275172954335,0,0.0
2025-12-08,BFUSD,,0.33025799262698285,1,0.06806708478531086
2025-12-08,BNB,2.0,-0.22800829450100465,-1,-0.004616362689181099
2025-12-08,BONK,9.0,0.333987973952815,1,0.04128947219345194
2025-12-08,BTC,2.0,-0.5402149206615018,-1,-0.01737314143554846
2025-12-08,CAKE,8.0,0.0855707009224359,0,0.02820997550759767
2025-12-08,CHZ,8.0,0.45044609627810633,1,0.12762515133115787
2025-12-08,DASH,4.0,0.07094073748840055,0,0.003410374226512688
2025-12-08,DEXE,1.0,-0.033844773062711525,0,-0.0028632850302542775
2025-12-08,DOGE,0.0,-0.1676095930186399,-1,-0.0014428059365220562
2025-12-08,DOT,8.0,-0.11904463332169296,-1,-4.793193075187031e-05
2025-12-08,ENA,,0.13249365798345597,1,0.02649020667536492
2025-12-08,ETC,1.0,0.016314841949663664,0,0.0
2025-12-08,ETH,9.0,-0.09511603772783386,0,-0.0015286813359524911
2025-12-08,FET,8.0,0.1238731512219902,1,0.010800056917939282
2025-12-08,FIL,8.0,-0.14694010690454581,-1,0.029632724437704705
2025-12-08,HBAR,7.0,-0.37142202904159305,-1,-0.00692412992849327
2025-12-08,ICP,8.0,-0.5781806143122968,-1,0.030222827520268947
2025-12-08,JST,1.0,0.11761724002802246,0,0.022423749473825777
2025-12-08,JUP,2.0,-0.07386018073072381,0,2.2318737658073117e-12
2025-12-08,LINK,0.0,0.11966727740297509,1,1.4047313731550437e-11
2025-12-08,LTC,1.0,-0.0676599871721696,0,-0.000246182699064887
2025-12-08,LUNC,5.0,-0.336154948107528,-1,-0.0013119555948104948
2025-12-08,MORPHO,4.0,0.11226291895713639,0,2.4531404165298342e-05
2025-12-08,NEAR,8.0,-0.04012016027578954,0,0.003914629513899001
2025-12-08,NEXO,9.0,0.08364671692994183,0,0.004580658361441026
2025-12-08,ONDO,0.0,0.10740692920367902,0,0.0
2025-12-08,PENGU,9.0,0.6089224225643973,1,0.1871763430992483
2025-12-08,PEPE,2.0,0.16000388945758884,1,0.0019793636427464243
2025-12-08,POL,,0.12878098504026714,1,0.00041835518563490234
2025-12-08,PUMP,7.0,0.2168129074150521,1,0.004789163936924526
2025-12-08,QNT,3.0,-0.30774409738553843,-1,-0.001305789255465373
2025-12-08,RENDER,4.0,0.027783014837309675,0,0.002393881494979224
2025-12-08,SHIB,2.0,0.024924120235106435,0,0.0
2025-12-08,SKY,,0.12287336927765889,1,9.495342300762076e-05
2025-12-08,SOL,9.0,-0.1478062770730839,-1,-0.0016607224734591637
2025-12-08,STX,0.0,0.0397847850535727,0,0.000756909444114827
2025-12-08,SUI,9.0,0.2142953555576289,1,0.006552775780777723
2025-12-08,TAO,7.0,0.2943503108237979,1,0.04889868166802568
2025-12-08,TON,7.0,-0.030040219991228183,0,-7.40109512058337e-05
2025-12-08,TRUMP,1.0,0.05813590760828126,0,0.00565580400852911
2025-12-08,TRX,5.0,-0.23409515657335825,-1,-0.0030798942363357783
2025-12-08,UNI,4.0,0.11908648639080871,0,0.0
2025-12-08,VET,8.0,-0.21115550896654628,-1,-0.0018315549281207484
2025-12-08,VIRTUAL,7.0,0.24833719817517233,1,0.02700253211064805
2025-12-08,WLD,2.0,0.2297977354554525,1,0.02078063921927259
2025-12-08,WLFI,,-0.21378032872744396,-1,0.014242527182878793
2025-12-08,XLM,2.0,-0.22294164237899136,-1,-0.0026050538607268366
2025-12-08,XRP,0.0,-0.39605706942522667,-1,-0.009773271014628512
2025-12-08,ZEC,4.0,-0.019167092367082562,0,-2.1186999588244025e-10
2025-12-15,AAVE,,-0.1370373330064974,-1,-0.0008368011853542536
2025-12-15,ADA,0.0,-0.22157446730128788,-1,-0.004661585925271113
2025-12-15,ALGO,1.0,-0.12762502929006514,-1,-0.0011090470417765392
2025-12-15,APT,1.0,0.06751677956434897,0,0.0
2025-12-15,ARB,2.0,0.26886062326730875,1,0.06614187068609262
2025-12-15,ASTER,3.0,0.08863370336062419,0,0.0
2025-12-15,ATOM,3.0,-0.31820002299171585,-1,-0.00862556538267855
2025-12-15,AVAX,0.0,-0.06005741909183688,0,0.0
2025-12-15,BCH,4.0,0.1213700351592623,1,2.576757250560192e-11
2025-12-15,BFUSD,,0.2398821005556277,1,0.05235916335050331
2025-12-15,BNB,0.0,-0.28153120468655746,-1,-0.007096000322417167
2025-12-15,BONK,0.0,0.1991348084211596,1,0.01842637874341504
2025-12-15,BTC,0.0,-0.41318770350704886,-1,-0.012697242716923891
2025-12-15,CAKE,3.0,0.0762329812628536,0,0.0
2025-12-15,CHZ,4.0,0.7451427651644756,1,0.2
2025-12-15,DASH,1.0,-0.09174646023241625,0,0.0
2025-12-15,DEXE,1.0,0.016214737739112133,0,0.0
2025-12-15,DOGE,3.0,-0.051244734354417384,0,0.0
2025-12-15,DOT,8.0,-0.3696791590394117,-1,-0.01081464389336511
2025-12-15,ENA,,0.16870272083300814,1,0.004784223593264909
2025-12-15,ETC,1.0,-0.025979739474604864,0,0.0
2025-12-15,ETH,0.0,-0.14695038691910856,-1,-0.001799988133605204
2025-12-15,FET,8.0,0.04258422381775616,0,0.0
2025-12-15,FIL,8.0,0.1667542588762134,1,0.009303782447117414
2025-12-15,HBAR,7.0,-0.20177141114017275,-1,-0.003880093863772328
2025-12-15,ICP,8.0,0.23342967648890448,1,0.04734008879132705
2025-12-15,JST,4.0,0.2200176728275864,1,0.019309231121390446
2025-12-15,JUP,5.0,0.2682228646057324,1,0.052084668403205615
2025-12-15,LINK,5.0,-0.006996064059149264,0,0.0
2025-12-15,LTC,1.0,-0.4235377382802226,-1,-0.013149001108529625
2025-12-15,LUNC,5.0,-0.513633240619672,-1,-0.0018786029994202124
2025-12-15,MORPHO,4.0,0.16546204592003774,1,0.0038243789016901637
2025-12-15,NEAR,8.0,-0.12091830643164704,-1,-0.000877267913430771
2025-12-15,NEXO,6.0,0.13431319446621248,1,0.0009726271992084173
2025-12-15,ONDO,3.0,0.07285751038010194,0,0.0
2025-12-15,PENGU,6.0,0.5207472507308905,1,0.2
2025-12-15,PEPE,5.0,0.29199936148685995,1,0.0771312039873587
2025-12-15,POL,,0.09948507366401584,0,0.0
2025-12-15,PUMP,3.0,0.06831218487107474,0,0.0
2025-12-15,QNT,1.0,-0.2660571514203269,-1,-0.0015538400132128502
2025-12-15,RENDER,3.0,-0.05732241936695481,0,0.0
2025-12-15,SHIB,3.0,-0.0707409915802651,0,0.0
2025-12-15,SKY,,0.1315340401359286,1,0.00023799870247707947
2025-12-15,SOL,0.0,-0.12129807300759701,-1,-0.0008902567714252212
2025-12-15,STX,3.0,-0.005040087462527497,0,0.0
2025-12-15,SUI,6.0,0.1935644069791951,1,0.0145068284750279
2025-12-15,TAO,7.0,-0.03319265872055515,0,0.0
2025-12-15,TON,7.0,-0.016587313513143773,0,0.0
2025-12-15,TRUMP,1.0,-0.565319062199532,-1,-0.019465792108051126
2025-12-15,TRX,5.0,-0.031143649167915326,0,0.0
2025-12-15,UNI,4.0,0.09826715680723107,0,0.0
2025-12-15,VET,8.0,-0.1363469735678375,-1,-0.0014171248546450865
2025-12-15,VIRTUAL,7.0,0.30708668820934093,1,0.11034277892447181
2025-12-15,WLD,2.0,0.20072412940940143,1,0.023234776647681886
2025-12-15,WLFI,,0.03670632475322976,0,0.0
2025-12-15,XLM,0.0,-0.003427904394463017,0,0.0
2025-12-15,XRP,3.0,-0.3329266003188475,-1,-0.009247143147999529
2025-12-15,ZEC,1.0,-0.09268601461169589,-1,-2.6181214163429176e-09
2025-12-22,AAVE,,-0.4098076996283671,-1,-0.014480385324994457
2025-12-22,ADA,0.0,-0.0572120823456905,-1,-0.0005128166898067717
2025-12-22,ALGO,1.0,0.07554563078230649,0,-1.2516465962705446e-05
2025-12-22,APT,7.0,-0.011162508043020897,0,0.0
2025-12-22,ARB,5.0,0.3181293645879983,1,0.04067527575792532
2025-12-22,ASTER,4.0,-0.27515850459141217,-1,-0.005788020107821598
2025-12-22,ATOM,4.0,-0.06758435183699273,-1,-0.0008088823051519908
2025-12-22,AVAX,5.0,0.15725654661018101,1,0.003266329017019085
2025-12-22,BCH,3.0,0.03771401804102656,0,2.9080727152139664e-13
2025-12-22,BFUSD,,0.4818591007997717,1,0.1332933295016968
2025-12-22,BNB,5.0,-0.17726128253650647,-1,-0.007592534002891658
2025-12-22,BONK,0.0,0.15720888657851353,1,0.003468391136675922
2025-12-22,BTC,5.0,-0.3432057904644112,-1,-0.018681726950874965
2025-12-22,CAKE,4.0,-0.0387952114577399,0,0.0
2025-12-22,CHZ,0.0,0.417766486072941,1,0.08471231636592738
2025-12-22,DASH,7.0,0.04582610427419249,0,0.0
2025-12-22,DEXE,2.0,-0.11578263315698244,-1,-0.003445268984698499
2025-12-22,DOGE,4.0,-0.7059707505575523,-1,-0.044668522332209235
2025-12-22,DOT,1.0,-0.01432013505870575,0,-0.00012205174090113881
2025-12-22,ENA,,0.05375850802328612,0,5.399371668414563e-05
2025-12-22,ETC,2.0,-0.035507417334240024,0,0.0
2025-12-22,ETH,0.0,-0.21893405411918543,-1,-0.010213538152522175
2025-12-22,FET,1.0,-0.011637586459591953,0,0.0
2025-12-22,FIL,3.0,0.38498516197562477,1,0.06213110400224393
2025-12-22,HBAR,2.0,0.0931216846482169,0,-4.3789903357223034e-05
2025-12-22,ICP,3.0,0.3614026130237758,1,0.05691468822319148
2025-12-22,JST,3.0,0.004737341709429094,0,0.00021791982214726738
2025-12-22,JUP,0.0,0.2937225400637373,1,0.02536946905466716
2025-12-22,LINK,6.0,-0.005942361464182802,0,0.0
2025-12-22,LTC,7.0,0.12274522342912886,1,0.00016886551715744602
2025-12-22,LUNC,6.0,-0.9990974272427503,-1,-0.00727459938582232
2025-12-22,MORPHO,2.0,-0.03933203981530334,0,4.31611162992839e-05
2025-12-22,NEAR,1.0,0.2255552157679223,1,0.015176127525521792
2025-12-22,NEXO,8.0,-0.059343838310109975,-1,-0.0005551053478210222
2025-12-22,ONDO,4.0,0.03473210860383267,0,0.0
2025-12-22,PENGU,8.0,0.3899588065553421,1,0.0561545924462212
2025-12-22,PEPE,0.0,0.47834282923141674,1,0.1313243698228908
2025-12-22,POL,,0.1225109029380762,1,0.000307052083422236
2025-12-22,PUMP,2.0,-0.03641149182244924,0,0.0
2025-12-22,QNT,1.0,-0.025979672764999687,0,-1.7536303605043303e-05
2025-12-22,RENDER,4.0,-0.04692080663559822,-1,-1.1996860237744632e-08
2025-12-22,SHIB,2.0,-0.018367462426092544,0,0.0
2025-12-22,SKY,,-0.054710221456084264,-1,-0.0001775609138996669
2025-12-22,SOL,0.0,-0.2085412735546289,-1,-0.009527914635108688
2025-12-22,STX,4.0,0.09803608388892784,0,0.0
2025-12-22,SUI,8.0,0.2522718968740843,1,0.0224856338118801
2025-12-22,TAO,2.0,-0.13759232899149076,-1,-0.0023903958397074455
2025-12-22,TON,5.0,0.1992665124650479,1,0.005915549474746244
2025-12-22,TRUMP,7.0,-0.38655560143140283,-1,-0.02176265300364868
2025-12-22,TRX,6.0,-0.12739277742653832,-1,-0.004419831763213213
2025-12-22,UNI,2.0,0.03795415739023037,0,0.0
2025-12-22,VET,1.0,0.03630253416540386,0,-1.5993365781541945e-05
2025-12-22,VIRTUAL,2.0,0.2316471348721586,1,0.01904981866589027
2025-12-22,WLD,5.0,0.05429745650792856,0,0.0002622226831748495
2025-12-22,WLFI,,0.10973487667007951,1,8.71256997086911e-12
2025-12-22,XLM,0.0,0.17093387109125116,1,0.005149806598222377
2025-12-22,XRP,4.0,-0.8225247746171556,-1,-0.05353561211428095
2025-12-22,ZEC,7.0,0.0037284879073530217,0,-2.9547554215007804e-11
2025-12-29,AAVE,,-0.30352147955919767,-1,-0.006388803852671685
2025-12-29,ADA,0.0,-0.07806882517815741,0,-6.468059718733437e-05
2025-12-29,ALGO,1.0,0.09415389569865702,0,-1.57867813047929e-06
2025-12-29,APT,2.0,0.3565102428089454,1,0.05707678563173366
2025-12-29,ARB,3.0,0.3853712541869049,1,0.07853185258573231
2025-12-29,ASTER,1.0,-0.23108690500052428,-1,-0.0022554992849541026
2025-12-29,ATOM,4.0,0.11067485178397524,0,-0.00010202279214276762
2025-12-29,AVAX,3.0,0.10872463105140229,0,0.0004119758885201626
2025-12-29,BCH,8.0,-0.044091664411971224,0,3.667897001462775e-14
2025-12-29,BFUSD,,0.6790627098149766,1,0.19158641407354599
2025-12-29,BNB,5.0,-0.1635676131919745,-1,-0.0023202488489969964
2025-12-29,BONK,0.0,-0.21595794870257778,-1,-0.00022446364295524443
2025-12-29,BTC,5.0,-0.43209837449466637,-1,-0.016472485903096013
2025-12-29,CAKE,4.0,-0.03854829669272496,0,0.0
2025-12-29,CHZ,7.0,0.5546045904872072,1,0.1573782565042805
2025-12-29,DASH,1.0,-0.17499276434829714,-1,-0.0008800479064405895
2025-12-29,DEXE,9.0,-0.04907047931852147,0,-0.0004345452475138173
2025-12-29,DOGE,8.0,-0.2461118109171818,-1,-0.00768159090437423
2025-12-29,DOT,1.0,0.011776562410489971,0,-1.53941547655441e-05
2025-12-29,ENA,,0.07672311228447198,0,6.8101251556578415e-06
2025-12-29,ETC,2.0,0.11573127186057582,1,2.077698905518837e-11
2025-12-29,ETH,0.0,-0.09934936698371401,0,-0.0012882142103247032
2025-12-29,FET,1.0,0.06770401532485269,0,0.0
2025-12-29,FIL,6.0,0.30272475844368507,1,0.04237325380084353
2025-12-29,HBAR,9.0,-0.017414463597579803,0,-5.523137519155373e-06
2025-12-29,ICP,6.0,0.15457444389830352,1,0.009732498812376443
2025-12-29,JST,6.0,0.019870781549591366,0,2.748581416247195e-05
2025-12-29,JUP,0.0,0.20704110894782968,1,0.012898606965636552
2025-12-29,LINK,5.0,0.057302822258783956,0,0.0
2025-12-29,LTC,1.0,0.09555408354545845,0,2.129868764257103e-05
2025-12-29,LUNC,5.0,0.700578847581481,1,0.17385684760944095
2025-12-29,MORPHO,9.0,-0.4468685492411071,-1,-0.009642903539950388
2025-12-29,NEAR,1.0,0.23564334207578744,1,0.020708107579823203
2025-12-29,NEXO,7.0,0.04162364514943586,0,-7.001438547656367e-05
2025-12-29,ONDO,8.0,0.016749944160768138,0,0.0
2025-12-29,PENGU,7.0,0.28120875863547673,1,0.019269810440585462
2025-12-29,PEPE,0.0,-0.3953685570928893,-1,0.014917502965839019
2025-12-29,POL,,0.21370212408590775,1,0.010979397090563078
2025-12-29,PUMP,8.0,-0.21599021773210655,-1,-0.0008626693047689615
2025-12-29,QNT,1.0,-0.3304603187767401,-1,-0.005703770843699258
2025-12-29,RENDER,4.0,-0.34393104164137217,-1,-0.0016769241747603162
2025-12-29,SHIB,8.0,-0.09565458188581774,0,0.0
2025-12-29,SKY,,-0.502270071265612,-1,-0.010097710407172781
2025-12-29,SOL,0.0,-0.03416565917498569,0,-0.001201737815477463
2025-12-29,STX,4.0,-0.00906670845300615,0,0.0
2025-12-29,SUI,7.0,0.31161640764915144,1,0.03637180455146872
2025-12-29,TAO,8.0,-0.2800724661725775,-1,-0.0023094182486727574
2025-12-29,TON,3.0,0.28999212579535827,1,0.027722147335519785
2025-12-29,TRUMP,2.0,0.14410643276807042,1,-0.0012836900465658628
2025-12-29,TRX,5.0,-0.32679760462637825,-1,-0.009415744395347252
2025-12-29,UNI,9.0,-0.6215975650090702,-1,-0.012840181826784206
2025-12-29,VET,1.0,0.032848037987232126,0,-2.017212915155695e-06
2025-12-29,VIRTUAL,9.0,0.16420180805494727,1,0.003979785747360926
2025-12-29,WLD,3.0,0.11487947970650059,0,3.3073650060424543e-05
2025-12-29,WLFI,,0.12449471929795482,1,0.0001137473284131668
2025-12-29,XLM,0.0,0.17265033966960214,1,0.008038400360061478
2025-12-29,XRP,8.0,-0.41911491047324934,-1,-0.015665833926977464
2025-12-29,ZEC,1.0,-0.12716290503180255,-1,-5.690006756115938e-09
2026-01-05,AAVE,,0.008600995199193273,0,-0.0005610510512842103
2026-01-05,ADA,6.0,-0.19849699075899607,-1,-0.002012203677000926
2026-01-05,ALGO,1.0,-0.04836151621263021,0,-1.3863612738312603e-07
2026-01-05,APT,0.0,0.04499281603475801,0,0.00501236089275401
2026-01-05,ARB,2.0,0.08761369685824562,0,0.006896498854648117
2026-01-05,ASTER,8.0,-0.308728900914421,-1,-0.003647987751647155
2026-01-05,ATOM,1.0,0.3303367153821436,1,0.036917625108943405
2026-01-05,AVAX,2.0,-0.05954381202774084,0,3.617883890132665e-05
2026-01-05,BCH,0.0,0.24641521215294496,1,0.028386741634843816
2026-01-05,BFUSD,,0.7106295634470203,1,0.19926113692986003
2026-01-05,BNB,5.0,-0.14717938248944099,-1,-0.00020377725548910647
2026-01-05,BONK,6.0,-0.39603594088422106,-1,-0.0026480102975341997
2026-01-05,BTC,4.0,-0.5234769484579909,-1,-0.025871390892078558
2026-01-05,CAKE,1.0,-0.03898757893237259,0,0.0
2026-01-05,CHZ,5.0,0.7219282570112692,1,0.19625704990366244
2026-01-05,DASH,2.0,-0.2538839753424307,-1,-0.0025695507440945875
2026-01-05,DEXE,0.0,0.42868053004429413,1,0.0859338453587181
2026-01-05,DOGE,4.0,-0.32535951636446553,-1,-0.004773870667925457
2026-01-05,DOT,1.0,-0.049966923498009526,0,-1.351881653281397e-06
2026-01-05,ENA,,-0.04502679641135735,0,5.980505844393828e-07
2026-01-05,ETC,2.0,-0.10783896956477565,0,1.824590615199315e-12
2026-01-05,ETH,4.0,-0.22626263060185556,-1,-0.004504946954097276
2026-01-05,FET,1.0,0.21453076854633357,1,0.00597569444395828
2026-01-05,FIL,2.0,0.2633174754180919,1,0.028899878502214496
2026-01-05,HBAR,0.0,-0.32339297631574776,-1,-0.007411539698607492
2026-01-05,ICP,2.0,0.05568865436773961,0,0.0008546871709048769
2026-01-05,JST,2.0,-0.0029292448893053716,0,2.4137452466643765e-06
2026-01-05,JUP,6.0,0.18427003649329926,1,0.009902713241712964
2026-01-05,LINK,6.0,-0.1394090554730727,0,0.0
2026-01-05,LTC,2.0,-0.2720762473728056,-1,-0.007258452470153354
2026-01-05,LUNC,6.0,-0.04593096914698946,0,0.015267735459345039
2026-01-05,MORPHO,8.0,0.40187839574223233,1,0.0690739187942856
2026-01-05,NEAR,1.0,0.1857733669587368,1,0.009500998513353856
2026-01-05,NEXO,5.0,0.17970257963668623,1,0.008484976829374878
2026-01-05,ONDO,2.0,-0.11958083857234253,0,0.0
2026-01-05,PENGU,5.0,0.10986317179080674,1,0.0016922334258166472
2026-01-05,PEPE,6.0,-0.44357017311260605,-1,-0.0010135351318771302
2026-01-05,POL,,0.24628115152289737,1,0.008483479210819047
2026-01-05,PUMP,0.0,-0.007868583277257795,0,-7.575776804430207e-05
2026-01-05,QNT,2.0,-0.22714319286153095,-1,-0.00464183816853898
2026-01-05,RENDER,1.0,0.22012664110055838,1,0.0032598895330225395
2026-01-05,SHIB,6.0,-0.3008576272735853,-1,-0.003162905818319261
2026-01-05,SKY,,-0.22165385012199254,-1,-0.003568648016370991
2026-01-05,SOL,5.0,0.12612155152981067,1,0.0005104369043933854
2026-01-05,STX,1.0,0.04193889613795521,0,0.0
2026-01-05,SUI,5.0,0.40794423273876423,1,0.060221499136742004
2026-01-05,TAO,0.0,-0.08089288443784722,0,-0.00020280815723133392
2026-01-05,TON,2.0,-5.038955217392255e-05,0,0.0024344995190210654
2026-01-05,TRUMP,0.0,0.2450901704580411,1,0.01977173950317422
2026-01-05,TRX,3.0,0.036017119857766934,0,-0.0008268704773936441
2026-01-05,UNI,8.0,-0.318862292641701,-1,-0.00617469792074109
2026-01-05,VET,1.0,-0.159209349955088,-1,-0.0003567128769964778
2026-01-05,VIRTUAL,0.0,0.6179165903094804,1,0.09068219407519174
2026-01-05,WLD,2.0,0.022196200249218465,0,2.90445701012522e-06
2026-01-05,WLFI,,-0.05267886721874928,0,9.989046409726609e-06
2026-01-05,XLM,4.0,-0.22456980430349607,-1,-0.003459790397550679
2026-01-05,XRP,4.0,-0.405023351026065,-1,-0.012550994440133936
2026-01-05,ZEC,2.0,-0.06300520897521533,0,-4.996841890830801e-10
2026-01-12,AAVE,,0.1263858785239197,0,-0.00010534927519985251
2026-01-12,ADA,0.0,-0.3438369536701386,-1,-0.008339438339771047
2026-01-12,ALGO,4.0,-0.015776043781458214,0,-2.6031883378342026e-08
2026-01-12,APT,3.0,0.14166686900207864,0,0.000941177430971836
2026-01-12,ARB,5.0,0.1453601069887453,1,0.0013018893846365722
2026-01-12,ASTER,1.0,-0.2459781551388055,-1,-0.003826846495784104
2026-01-12,ATOM,4.0,0.14405110813544544,1,0.00693206981160472
2026-01-12,AVAX,5.0,-0.20634405086658347,-1,-0.0018575837207900538
2026-01-12,BCH,2.0,-0.3108032846590675,-1,-0.000659505448299378
2026-01-12,BFUSD,,-0.08684430608140155,0,0.03741551914573535
2026-01-12,BNB,8.0,0.0927558509767761,0,-3.8263516517532815e-05
2026-01-12,BONK,0.0,-0.11857351669803637,0,-0.0004972202884718571
2026-01-12,BTC,8.0,-0.3394700048860138,-1,-0.013577379650466658
2026-01-12,CAKE,5.0,0.23324411635548065,1,0.016884861717867662
2026-01-12,CHZ,0.0,0.8832063152313664,1,0.19929718146173006
2026-01-12,DASH,5.0,-0.7418067289621827,-1,-0.002890221681845173
2026-01-12,DEXE,9.0,0.18334835486243337,1,0.018534920494338455
2026-01-12,DOGE,8.0,-0.3346446234840232,-1,-0.004080617144117022
2026-01-12,DOT,4.0,-0.027449545012364827,0,-2.5384455122788505e-07
2026-01-12,ENA,,-0.05988227029277829,0,1.1229672497596179e-07
2026-01-12,ETC,3.0,-0.11361250303051902,0,3.4260571904771055e-13
2026-01-12,ETH,8.0,-0.10045612883272596,0,-0.0008458996651759558
2026-01-12,FET,4.0,0.03083724579413627,0,0.0011220638069313381
2026-01-12,FIL,3.0,0.308884716012322,1,0.05052473944712578
2026-01-12,HBAR,9.0,-0.23514672121332586,-1,-0.004427808598619297
2026-01-12,ICP,3.0,0.45632501791377666,1,0.07521828149827431
2026-01-12,JST,7.0,0.1827751603126315,1,0.004261408722706037
2026-01-12,JUP,2.0,0.22432030046678125,1,0.015743795028653567
2026-01-12,LINK,7.0,-0.06611080979030184,0,0.0
2026-01-12,LTC,4.0,-0.4551494836947258,-1,-0.013134047147350001
2026-01-12,LUNC,7.0,0.25651840895921973,1,0.02077989147929343
2026-01-12,MORPHO,1.0,0.5508140337569081,1,0.17541584187712006
2026-01-12,NEAR,4.0,-0.03524586649928449,0,0.0017840146716874604
2026-01-12,NEXO,0.0,0.15618562244595457,1,0.002120982390243509
2026-01-12,ONDO,5.0,-0.24175262078621473,-1,-0.0020617224688109395
2026-01-12,PENGU,0.0,0.11624451497982462,0,0.00031775283990768
2026-01-12,PEPE,7.0,-0.10529213825414813,0,-0.00019031279112380404
2026-01-12,POL,,-0.061235915274151266,0,0.001592953767731325
2026-01-12,PUMP,2.0,0.338908722990799,1,0.030495202851540643
2026-01-12,QNT,5.0,0.18050970149231893,1,0.002065433182463195
2026-01-12,RENDER,4.0,0.19604812937885327,1,0.0017973830869705235
2026-01-12,SHIB,9.0,-0.17950279428567864,-1,-0.0013696927921118675
2026-01-12,SKY,,0.36646229619804405,1,0.08148764672130719
2026-01-12,SOL,8.0,-0.18841268076597564,-1,-0.0022904215430862287
2026-01-12,STX,4.0,0.14208850727498068,0,0.0
2026-01-12,SUI,0.0,0.12473990340448876,0,0.01130786810038522
2026-01-12,TAO,9.0,-0.12121608413336245,-1,-3.808656805208058e-05
2026-01-12,TON,5.0,-0.1419270603688772,-1,0.00015408601547727257
2026-01-12,TRUMP,3.0,0.02730149851820237,0,0.003712564875035851
2026-01-12,TRX,2.0,0.3202928641088308,1,0.06502583554492464
2026-01-12,UNI,1.0,-0.42507230058576617,-1,-0.013707197191236978
2026-01-12,VET,4.0,-0.12035199425906593,0,-6.698043424037105e-05
2026-01-12,VIRTUAL,9.0,0.46670210428711656,1,0.06513843302683534
2026-01-12,WLD,9.0,-0.08490666415898979,0,5.453736164747365e-07
2026-01-12,WLFI,,0.009887396293607045,0,1.87565605089528e-06
2026-01-12,XLM,6.0,-0.20697575931491613,-1,-0.0037703126224933954
2026-01-12,XRP,8.0,-0.5257882095940892,-1,-0.013883098485623078
2026-01-12,ZEC,5.0,-0.16629952629005418,-1,-0.0004249887971048881
2026-01-19,AAVE,,-0.08920149087511914,0,-3.246981011676064e-05
2026-01-19,ADA,0.0,-0.26220545486324826,-1,-0.00433717116468948
2026-01-19,ALGO,1.0,0.06137322499848375,0,-8.02331395895172e-09
2026-01-19,APT,1.0,0.13578073319914435,0,0.00029008127879249894
2026-01-19,ARB,2.0,0.14389856389171218,1,0.0004012566947526146
2026-01-19,ASTER,3.0,0.008695424486442758,0,-0.0011794763545205163
2026-01-19,ATOM,1.0,0.10268356734082468,0,0.002136540475213911
2026-01-19,AVAX,2.0,-0.10791156582010517,-1,-0.0006062562487060682
2026-01-19,BCH,4.0,-0.26400976223668604,-1,-0.002808075942147756
2026-01-19,BFUSD,,0.2485682146640554,1,0.03335233494366899
2026-01-19,BNB,5.0,-0.40115815392963616,-1,-0.005282182162357331
2026-01-19,BONK,6.0,0.009471461484964062,0,-0.00015324878431536426
2026-01-19,BTC,5.0,-0.6586305411071399,-1,-0.014482613797227336
2026-01-19,CAKE,7.0,0.20776116100292186,1,0.010393160241857524
2026-01-19,CHZ,7.0,0.41131586277707854,1,0.09335476658208289
2026-01-19,DASH,3.0,-0.29465659443765546,-1,-0.0011532295097592643
2026-01-19,DEXE,8.0,0.20325162376895978,1,0.010006868408844636
2026-01-19,DOGE,6.0,-0.24703611011318238,-1,-0.0021238332429221562
2026-01-19,DOT,7.0,0.0022401201661708366,0,-7.823769420252533e-08
2026-01-19,ENA,,0.0736374814490097,0,3.461109086689451e-08
2026-01-19,ETC,7.0,-0.11536406663562054,-1,-0.0001495068641655459
2026-01-19,ETH,5.0,-0.37578715017026226,-1,-0.0028451142236205667
2026-01-19,FET,7.0,0.12236732008479201,0,0.00034583245761145136
2026-01-19,FIL,7.0,0.16602866195069554,1,0.016205980451633767
2026-01-19,HBAR,9.0,-0.13128527340445492,-1,-0.0016414385363779775
2026-01-19,ICP,7.0,0.19151979373817177,1,0.024721278615260765
2026-01-19,JST,0.0,0.47979671712988253,1,0.1396712043890279
2026-01-19,JUP,9.0,0.18692106915898177,1,0.007510086435167327
2026-01-19,LINK,9.0,-0.1670078423508204,-1,-0.0005748952779638745
2026-01-19,LTC,7.0,-0.3843188494684401,-1,-0.008479086322631085
2026-01-19,LUNC,9.0,0.31707548185066114,1,0.036314768334229135
2026-01-19,MORPHO,9.0,0.06997766530447093,0,0.05406509979700147
2026-01-19,NEAR,7.0,0.02842431101609533,0,0.0005498530248577165
2026-01-19,NEXO,0.0,-0.10217895018006291,-1,0.0006537050744145156
2026-01-19,ONDO,2.0,-0.04056849496829389,0,-0.0006354456349961094
2026-01-19,PENGU,6.0,0.2999898560609022,1,0.00990146253085333
2026-01-19,PEPE,9.0,-0.035479848193901625,0,-5.865650407995687e-05
2026-01-19,POL,,-0.045776412237173394,0,0.0004909659441405152
2026-01-19,PUMP,0.0,0.6760364335590103,1,0.1477567494712274
2026-01-19,QNT,3.0,0.1101214588620975,0,0.0006365893179256581
2026-01-19,RENDER,1.0,0.30941350633511483,1,0.008086004383302675
2026-01-19,SHIB,6.0,-0.06872916648661893,0,-0.0004221544457121268
2026-01-19,SKY,,0.3780831020160177,1,0.10456037445791463
2026-01-19,SOL,5.0,-0.2932284063401354,-1,-0.002494963340908438
2026-01-19,STX,1.0,0.15849059934609266,1,0.00013580787293200326
2026-01-19,SUI,6.0,0.11573165439313211,0,0.003485209835078171
2026-01-19,TAO,6.0,0.023364768810636708,0,-1.1738700909941047e-05
2026-01-19,TON,2.0,-0.048019912408620656,0,4.749101172935536e-05
2026-01-19,TRUMP,1.0,0.14111982150429134,0,0.0011442534968549838
2026-01-19,TRX,7.0,-0.2997505413853683,-1,0.01699259572069009
2026-01-19,U,,0.519467640344596,1,0.11214528620691022
2026-01-19,UNI,9.0,-1.5648069555625448,-1,-0.03521024049437219
2026-01-19,VET,7.0,-0.066904618442994,0,-2.064410957927564e-05
2026-01-19,VIRTUAL,6.0,0.47092901784007074,1,0.05842447055223249
2026-01-19,WLD,2.0,0.033558924932762,0,1.6809017182161423e-07
2026-01-19,WLFI,,0.1626476051794687,1,0.000512719406759235
2026-01-19,XLM,8.0,-0.10770844024962578,-1,-0.0012243311491592639
2026-01-19,XRP,6.0,-0.4908844382976898,-1,-0.008453042580268095
2026-01-19,ZEC,3.0,0.09286619151769959,0,-0.00013098624093586125
2026-01-26,AAVE,,-0.09818266729495766,0,-4.432396126907207e-06
2026-01-26,ADA,0.0,-0.1972451122072566,-1,-0.0033732497631926506
2026-01-26,ALGO,0.0,-0.14199506180118,0,-1.0952483426523364e-09
2026-01-26,APT,1.0,-0.07259360358449164,0,3.9598480310929385e-05
2026-01-26,ARB,2.0,0.018258834840232472,0,5.4774838944900855e-05
2026-01-26,ASTER,3.0,-0.13902097079667614,0,-0.00016100822292326148
2026-01-26,ATOM,1.0,0.10039559673673817,0,0.0002916553467132933
2026-01-26,AVAX,4.0,-0.2066881872629919,-1,-0.00417948642797915
2026-01-26,BCH,0.0,-0.18228324243577199,-1,-0.0025272436330645116
2026-01-26,BFUSD,,0.46988431956508403,1,0.08962901977602424
2026-01-26,BNB,0.0,-0.22408933093147596,-1,-0.00449840425197795
2026-01-26,BONK,5.0,-0.11662782847177347,0,-2.0919719444310246e-05
2026-01-26,BTC,2.0,-0.4601124326422909,-1,-0.022005960632411885
2026-01-26,CAKE,6.0,0.14808513540231322,1,0.0017567905836281521
2026-01-26,CHZ,6.0,0.3369958825670193,1,0.02294100807303913
2026-01-26,DASH,3.0,-0.8307480137277629,-1,-0.004704329297933199
2026-01-26,DEXE,2.0,0.2536259861774457,1,0.008383515305020722
2026-01-26,DOGE,6.0,-0.37759413964897226,-1,-0.018630095600346286
2026-01-26,DOT,4.0,-0.010258807543227316,0,-1.0680088719780304e-08
2026-01-26,ENA,,0.002169182791003902,0,4.724698560133174e-09
2026-01-26,ETC,6.0,-0.09783918432544778,0,-2.0408916568666395e-05
2026-01-26,ETH,2.0,-0.22325607420168347,-1,-0.002739215207470375
2026-01-26,FET,1.0,0.12116959932684646,0,4.7208974741880174e-05
2026-01-26,FIL,8.0,0.15802055500738924,1,0.0029370746853115085
2026-01-26,HBAR,8.0,-0.24990882599427092,-1,-0.007734663972014506
2026-01-26,ICP,8.0,0.12580805040997955,1,0.003374657851977665
2026-01-26,JST,0.0,0.24703117264558092,1,0.028900845795074237
2026-01-26,JUP,8.0,0.13582930757818745,1,0.001171596644459187
2026-01-26,LINK,0.0,-0.08645758165046484,0,-7.847793363315611e-05
2026-01-26,LTC,4.0,-0.4893581484103693,-1,-0.029523644840252893
2026-01-26,LUNC,8.0,0.5504251593005718,1,0.12918666510175658
2026-01-26,MORPHO,3.0,0.12088274483096119,0,0.007380330777400572
2026-01-26,NEAR,4.0,-0.02584078604340225,0,7.505946012568488e-05
2026-01-26,NEXO,0.0,-0.01051801139462005,0,8.92361190150242e-05
2026-01-26,ONDO,4.0,-0.5146960096114498,-1,-0.030776639459606996
2026-01-26,PENGU,5.0,0.22642760036036452,1,0.009299572347337805
2026-01-26,PEPE,8.0,0.41983481246199883,1,0.05733818723281201
2026-01-26,POL,,-0.09676859566169346,0,6.702088929458962e-05
2026-01-26,PUMP,0.0,1.0928227362171186,1,0.19286836663140067
2026-01-26,QNT,3.0,0.08938038594640085,0,8.689967748680167e-05
2026-01-26,RENDER,1.0,0.3771771076486084,1,0.01133500563417603
2026-01-26,RLUSD,,0.0879231237377893,0,0.0
2026-01-26,SHIB,5.0,-0.25283033986450554,-1,-0.007805139287570397
2026-01-26,SKY,,0.1572220454178038,1,0.01521200350648938
2026-01-26,SOL,6.0,-0.15867894081030692,-1,-0.0006754291556876635
2026-01-26,STX,5.0,0.30422011031123397,1,0.012109530178558061
2026-01-26,SUI,5.0,0.11544780745299082,0,0.0004757598063835108
2026-01-26,TAO,5.0,0.1221440658746812,0,-1.6024292184353461e-06
2026-01-26,TON,4.0,-0.41194376144380623,-1,-0.0213720802736425
2026-01-26,TRUMP,1.0,0.10783631247491829,0,0.00015620001316367566
2026-01-26,TRX,8.0,-0.12127234486492552,0,0.0023196290704394443
2026-01-26,U,,0.35838571710012435,1,0.04935799205340738
2026-01-26,UNI,3.0,-0.33455462623935506,-1,-0.019337872453924657
2026-01-26,VET,8.0,-0.14788786116165958,-1,-2.8371056480683577e-06
2026-01-26,VIRTUAL,5.0,0.44485671976828944,1,0.030978781277772895
2026-01-26,WLD,2.0,-0.19277511085975907,-1,-0.003044064888876501
2026-01-26,WLFI,,0.17196781266251757,1,0.0011520409990729032
2026-01-26,XLM,2.0,-0.12393039861045549,0,-0.00016713127129696845
2026-01-26,XRP,6.0,-0.34028024896510717,-1,-0.015135502646251192
2026-01-26,ZEC,3.0,0.07200836384791642,0,-1.7880699176080298e-05
2026-02-02,AAVE,,-0.15160064875180362,-1,-0.0022850097368150475
2026-02-02,ADA,0.0,-0.08228557709542997,0,0.0
2026-02-02,ALGO,1.0,0.07760791043323953,0,0.0
2026-02-02,APT,2.0,-0.10715129460943634,0,0.0
2026-02-02,ARB,5.0,-0.059811060006166566,0,0.0
2026-02-02,ASTER,4.0,0.27660604227626406,1,0.013441093500910897
2026-02-02,ATOM,4.0,0.2780886645252669,1,0.02668236561147766
2026-02-02,AVAX,5.0,-0.24748266071977607,-1,-0.01192663026618465
2026-02-02,BCH,4.0,0.007020236053291071,0,0.0
2026-02-02,BFUSD,,0.21206814505843977,1,0.016189242069879407
2026-02-02,BNB,0.0,-0.23550878111355555,-1,-0.006575995611493785
2026-02-02,BONK,7.0,-0.04564160686306855,0,0.0
2026-02-02,BTC,6.0,-0.428929606457353,-1,-0.024156518466512122
2026-02-02,CAKE,8.0,0.10124217251295106,1,2.286708419441413e-05
2026-02-02,CHZ,8.0,0.09713175697016163,1,3.6304722980999408e-12
2026-02-02,DASH,2.0,-1.0549006490472503,-1,-0.007377104410607001
2026-02-02,DEXE,8.0,0.09940841172201124,1,1.0675458065399981e-05
2026-02-02,DOGE,5.0,-0.3156017348918057,-1,-0.018531084866905793
2026-02-02,DOT,2.0,-0.08633375849205675,0,0.0
2026-02-02,ENA,,0.00413989167738329,0,0.0
2026-02-02,ETC,8.0,-0.0760379005487891,0,0.0
2026-02-02,ETH,6.0,-0.21507807603181603,-1,-0.0041960496633653525
2026-02-02,FET,2.0,-0.2774750826193524,-1,-0.014801925858866662
2026-02-02,FIL,3.0,0.06933770748989039,0,0.0
2026-02-02,HBAR,1.0,0.14455250548992696,1,0.002294317906878548
2026-02-02,ICP,3.0,0.07539240814941195,0,0.0
2026-02-02,JST,0.0,0.29967944797074125,1,0.035321737385724486
2026-02-02,JUP,3.0,0.09574433288071665,0,0.0
2026-02-02,LINK,5.0,-0.07566853629218473,0,0.0
2026-02-02,LTC,4.0,-0.37261598611363117,-1,-0.02423490719258757
2026-02-02,LUNC,0.0,0.30811091754248005,1,0.04830933369740311
2026-02-02,MORPHO,3.0,0.5043299933392826,1,0.1045939899449808
2026-02-02,NEAR,2.0,-0.10923862771061306,-1,-2.3040160765445504e-08
2026-02-02,NEXO,0.0,0.2686031140909459,1,0.026842469096403924
2026-02-02,ONDO,5.0,-0.11111530900950135,-1,-0.00010538707108698321
2026-02-02,PENGU,7.0,-0.3359672068812592,-1,-0.020552386853416853
2026-02-02,PEPE,5.0,-0.01631953558425022,0,0.0
2026-02-02,POL,,0.08558026216022598,0,0.0
2026-02-02,PUMP,0.0,0.6395056790293264,1,0.11350661160946572
2026-02-02,QNT,1.0,0.06452243325457406,0,0.0
2026-02-02,RENDER,7.0,0.27874223629982275,1,0.031885127214560785
2026-02-02,RLUSD,,0.07961792264738735,0,0.0
2026-02-02,SHIB,7.0,-0.17690197040474911,-1,-0.005434994637487661
2026-02-02,SKY,,0.3148298618882569,1,0.03802251584606976
2026-02-02,SOL,8.0,-0.26060180388327864,-1,-0.010143974599364116
2026-02-02,STX,4.0,0.41929462147209506,1,0.052749227944184476
2026-02-02,SUI,7.0,-0.012230898560922163,0,0.0
2026-02-02,TAO,7.0,-0.33606390854531965,-1,-0.02056202936073071
2026-02-02,TON,5.0,0.08960018577897587,0,0.0
2026-02-02,TRUMP,2.0,0.05978573203349413,0,0.0
2026-02-02,TRX,3.0,0.006563547729007357,0,0.0
2026-02-02,U,,0.365363791846206,1,0.059665878534250316
2026-02-02,UNI,5.0,-0.2584588801854777,-1,-0.012972300929265134
2026-02-02,VET,1.0,0.08260824310522161,0,0.0
2026-02-02,VIRTUAL,4.0,0.388992887001575,1,0.06791263074998663
2026-02-02,WLD,5.0,0.1784851360555825,1,0.007549916341933197
2026-02-02,WLFI,,0.047237399188745144,0,0.0
2026-02-02,XLM,0.0,-0.012845619070559505,0,0.0
2026-02-02,XRP,8.0,-0.4346828573322801,-1,-0.030586442473018016
2026-02-02,ZEC,2.0,-0.12324402085121235,-1,-0.0005572349621317803
2026-02-09,AAVE,,-0.3412579215925193,-1,-0.00920195788636612
2026-02-09,ADA,0.0,-0.07574417586692395,-1,-5.7289660796608377e-05
2026-02-09,ALGO,1.0,0.16676665262157117,1,0.00852587695405665
2026-02-09,APT,2.0,-0.8838264589851937,-1,-0.047921570537189616
2026-02-09,ARB,3.0,-0.012025776167576593,0,0.0
2026-02-09,ASTER,1.0,-0.22785714332399878,-1,-4.8588780832022754e-05
2026-02-09,ATOM,1.0,0.023663259524964158,0,0.007010659984562136
2026-02-09,AVAX,2.0,-0.017180126270687164,0,-0.0031336632881546773
2026-02-09,BCH,5.0,0.08870632152184704,0,0.0
2026-02-09,BFUSD,,-9.706230612728777e-05,0,0.0042536435191815065
2026-02-09,BNB,7.0,-0.25347202771952604,-1,-0.0149192333035169
2026-02-09,BONK,1.0,0.04541049108636572,0,0.0
2026-02-09,BTC,3.0,-0.3813108740642693,-1,-0.03143198673841186
2026-02-09,CAKE,6.0,0.10560829425546281,1,0.0004658059398294365
2026-02-09,CHZ,6.0,0.2639275685041002,1,0.03238946568255609
2026-02-09,DASH,2.0,0.42194488934081703,1,0.04481859961217709
2026-02-09,DEXE,6.0,-0.20610608690117416,-1,-0.0033756115569535407
2026-02-09,DOGE,6.0,-0.10789796837485013,-1,-0.0062108441204444375
2026-02-09,DOT,2.0,-0.02422821776579677,0,0.0
2026-02-09,ENA,,0.1180352291890596,1,0.0007743345468207909
2026-02-09,ETC,6.0,0.02752457705151954,0,0.0
2026-02-09,ETH,3.0,-0.18356026736539902,-1,-0.0076694296690282444
2026-02-09,FET,1.0,-0.1389994898541588,-1,-0.006046106650891269
2026-02-09,FIL,9.0,0.11479372950814834,1,0.0006539418454683285
2026-02-09,HBAR,4.0,-0.01844938555074385,0,0.0006028207159675086
2026-02-09,ICP,9.0,0.29458802065732803,1,0.028818612791107256
2026-02-09,JST,8.0,0.014244997119828025,0,0.009280612314553974
2026-02-09,JUP,9.0,0.3161643997689039,1,0.05049044373961997
2026-02-09,LINK,2.0,-0.04507449432123459,0,0.0
2026-02-09,LTC,2.0,-0.07377938485902644,-1,-0.0063676223154069435
2026-02-09,LUNC,8.0,0.3990200520147163,1,0.11567734771800797
2026-02-09,MORPHO,9.0,0.09929645515090628,1,0.027574068841623917
2026-02-09,NEAR,2.0,-0.0040243293936082615,0,-6.053688622222653e-09
2026-02-09,NEXO,0.0,0.2040421908386643,1,0.019591864129923225
2026-02-09,ONDO,5.0,0.030717173609082892,0,-2.7689933228480413e-05
2026-02-09,PENGU,5.0,-0.07139843358053584,0,-0.005400038294899557
2026-02-09,PEPE,2.0,-0.1533219375051806,-1,-0.0019686216084187787
2026-02-09,POL,,-0.08409126462457304,-1,-0.00023385873938367837
2026-02-09,PUMP,0.0,0.3121771452193074,1,0.056077627331928205
2026-02-09,QNT,4.0,0.18623002921889203,1,0.009201703825683177
2026-02-09,RENDER,5.0,0.01424322608038645,0,0.00837765993917865
2026-02-09,RLUSD,,0.08912815061737797,1,7.987784092139959e-12
2026-02-09,SHIB,5.0,-0.028371031603875985,0,-0.0014280180391859345
2026-02-09,SKY,,-0.10408670786923932,-1,0.008425313231441862
2026-02-09,SOL,6.0,-0.23827027730647196,-1,-0.012110222832065694
2026-02-09,STX,1.0,0.022923903726677915,0,0.01385959951788402
2026-02-09,SUI,5.0,-0.06267472304962612,0,0.0
2026-02-09,TAO,5.0,-0.42898959575839507,-1,-0.015960633035000005
2026-02-09,TON,5.0,0.13454214361934722,1,0.0018322697285010972
2026-02-09,TRUMP,5.0,0.07100599603405633,0,0.0
2026-02-09,TRX,9.0,0.13199733010739842,1,0.0029273164277803876
2026-02-09,U,,1.1222682682222795,1,0.1631279016203343
2026-02-09,UNI,9.0,-0.015594711731480066,0,-0.0034084080983200656
2026-02-09,VET,4.0,0.030118623176191996,0,0.0
2026-02-09,VIRTUAL,1.0,0.03218012720196321,0,0.01784370882919284
2026-02-09,WLD,5.0,0.15160538102620683,1,0.00536120213595168
2026-02-09,WLFI,,-0.025796882036345517,0,0.0
2026-02-09,XLM,0.0,0.022503815450595894,0,0.0
2026-02-09,XRP,6.0,-0.30356014714709983,-1,-0.020807728251549938
2026-02-09,ZEC,3.0,-0.5443315385683318,-1,-0.010233271537586849
2026-02-16,AAVE,,-0.3753313149955672,-1,-0.013818240842811615
2026-02-16,ADA,0.0,-0.07225546701563226,0,0.0
2026-02-16,ALGO,1.0,-0.0811261233771233,0,0.0
2026-02-16,APT,2.0,-0.563671283277918,-1,-0.06024763577803177
2026-02-16,ARB,3.0,-0.3124395730077242,-1,-0.015269871037061488
2026-02-16,ASTER,4.0,-0.11368437671590784,0,0.0
2026-02-16,ATOM,5.0,0.1662058355493373,1,0.0021046882517574035
2026-02-16,AVAX,2.0,-0.008237487216189126,0,0.0
2026-02-16,BCH,6.0,0.2644260815697155,1,0.015941952796684318
2026-02-16,BFUSD,,-0.19282043415321384,-1,-0.008442732227985162
2026-02-16,BNB,3.0,-0.1809393862811559,-1,-0.004808492244828175
2026-02-16,BONK,0.0,0.0821953587112817,0,0.0
2026-02-16,BTC,3.0,-0.29640912159331134,-1,-0.021993369485779696
2026-02-16,CAKE,3.0,0.1308879126996365,1,0.0008392764787586607
2026-02-16,CHZ,3.0,-0.2939486301422352,-1,-0.021659613546834967
2026-02-16,DASH,8.0,-0.10370331776433979,0,0.0
2026-02-16,DEXE,9.0,0.03786688572283814,0,0.0
2026-02-16,DOGE,0.0,-0.13956727378011127,-1,-0.0013221231316481402
2026-02-16,DOT,2.0,0.008302497455886104,0,0.0
2026-02-16,ENA,,-0.14648921007334553,-1,-0.0016888313780771946
2026-02-16,ETC,7.0,0.061434587967375956,0,0.0
2026-02-16,ETH,3.0,-0.19977681027156582,-1,-0.005835865134106938
2026-02-16,FET,5.0,-0.1366274204637263,-1,-0.0009064129140277963
2026-02-16,FIL,9.0,0.13171814382119837,1,0.0007633425803119342
2026-02-16,HBAR,1.0,0.02006228457477914,0,0.0
2026-02-16,ICP,0.0,-0.02697019414436639,0,0.0
2026-02-16,JST,6.0,0.45976807191666386,1,0.08537586211601449
2026-02-16,JUP,9.0,0.07762248134418201,0,0.0
2026-02-16,LINK,0.0,-0.005156506975908843,0,0.0
2026-02-16,LTC,5.0,0.0024906677718230224,0,0.0
2026-02-16,LUNC,6.0,0.67179666992633,1,0.1950104131520993
2026-02-16,MORPHO,9.0,0.5098524503635722,1,0.05069789300791553
2026-02-16,NEAR,2.0,0.01755903703687026,0,0.0
2026-02-16,NEXO,7.0,0.3328100907997713,1,0.027971711903021133
2026-02-16,ONDO,4.0,0.09565001434012219,1,4.675673053622668e-12
2026-02-16,PENGU,0.0,0.045002371346751883,0,0.0
2026-02-16,PEPE,1.0,-0.03603334721431719,0,0.0
2026-02-16,POL,,-0.01985901622305918,0,0.0
2026-02-16,PUMP,7.0,0.16823033538300067,1,0.0021057265293457066
2026-02-16,QNT,1.0,-0.0953643972160763,0,0.0
2026-02-16,RENDER,5.0,0.15769822260803612,1,0.001558544233859245
2026-02-16,RLUSD,,0.1383177862682395,1,0.0018000941571640386
2026-02-16,SHIB,0.0,-0.029527611077098535,0,0.0
2026-02-16,SKY,,-0.24179758620953182,-1,-0.010884548318675918
2026-02-16,SOL,3.0,-0.21677730406299067,-1,-0.008114965980072001
2026-02-16,STX,5.0,-0.0044280782836318405,0,0.0
2026-02-16,SUI,0.0,-0.0023975612585870392,0,0.0
2026-02-16,TAO,0.0,-0.33147837186302165,-1,-0.01015882382520678
2026-02-16,TON,4.0,-0.04260363116781404,0,0.0
2026-02-16,TRUMP,7.0,0.24834770636650766,1,0.009023942412569892
2026-02-16,TRX,9.0,0.3232901060683182,1,0.03665625995129661
2026-02-16,U,,0.7259358834135691,1,0.2
2026-02-16,UNI,9.0,0.11041190015691625,1,0.00015600410750822474
2026-02-16,VET,1.0,-0.11900211960289331,-1,-3.055595689444893e-05
2026-02-16,VIRTUAL,5.0,0.25942497863569475,1,0.008215223427762382
2026-02-16,WLD,4.0,0.19904887883005923,1,0.0067790648892554276
2026-02-16,WLFI,,-0.09273597695548011,0,0.0
2026-02-16,XLM,7.0,-0.11818201997828019,-1,-2.238833042342763e-08
2026-02-16,XRP,7.0,-0.3022279998954424,-1,-0.015972406005642547
2026-02-16,ZEC,8.0,-0.5447882883909059,-1,-0.013845489803984925
2026-02-23,AAVE,,-0.41113624153949163,-1,-0.020998235892109068
2026-02-23,ADA,8.0,0.008179773646380891,0,0.0
2026-02-23,ALGO,1.0,0.018798101485311206,0,0.0
2026-02-23,APT,8.0,-0.10924206796939168,0,-0.010665850145416336
2026-02-23,ARB,9.0,-0.1568455207298071,-1,-0.0037077205258021096
2026-02-23,ASTER,4.0,0.0006331391535413463,0,0.0
2026-02-23,ATOM,5.0,-0.27243221636852694,-1,-0.00576242911256559
2026-02-23,AVAX,8.0,0.15673737105971747,1,0.003293016272211367
2026-02-23,BCH,3.0,-0.3648320540672022,-1,-0.008112933058624705
2026-02-23,BFUSD,,0.08481991652128379,0,-0.0014946464802922848
2026-02-23,BNB,6.0,-0.15619179376915265,-1,-0.0022143197537752408
2026-02-23,BONK,5.0,0.01064357276878431,0,0.0
2026-02-23,BTC,9.0,-0.40468527369108526,-1,-0.03796566376013433
2026-02-23,CAKE,6.0,0.29373038914203164,1,0.0256138289289409
2026-02-23,CHZ,5.0,-0.1353020106594537,-1,-0.003834513532195525
2026-02-23,DASH,9.0,-0.07898560970428045,0,0.0
2026-02-23,DEXE,2.0,-0.09672593727202664,0,0.0
2026-02-23,DOGE,5.0,-0.2405092535695838,-1,-0.00978163465769592
2026-02-23,DOT,8.0,-0.06347955517744637,0,0.0
2026-02-23,ENA,,0.07440363360468615,0,-0.0002989797386541825
2026-02-23,ETC,9.0,0.13600294350164796,1,0.0017313077425963337
2026-02-23,ETH,9.0,-0.07545080892216915,0,-0.0010331436609159186
2026-02-23,FET,5.0,-0.16550506501211498,-1,-0.0021689932998601343
2026-02-23,FIL,7.0,0.3639687590358519,1,0.034493033234747346
2026-02-23,HBAR,3.0,0.05342725928040004,0,0.0
2026-02-23,ICP,7.0,0.07231525418599315,0,0.0
2026-02-23,JST,2.0,0.4674935040762028,1,0.08025033937726983
2026-02-23,JUP,7.0,0.22778029761469948,1,0.007193589602264975
2026-02-23,LINK,8.0,0.1656052478888155,1,0.004278760291677711
2026-02-23,LTC,8.0,0.06631639926373023,0,0.0
2026-02-23,LUNC,3.0,0.37325977888837947,1,0.05496475513410387
2026-02-23,MORPHO,2.0,0.8019260799296939,1,0.17356852465647887
2026-02-23,NEAR,8.0,0.08995838432112085,1,3.5200917734883194e-12
2026-02-23,NEXO,9.0,0.21196985232543808,1,0.015067993479525527
2026-02-23,ONDO,4.0,-0.012922444193995672,0,8.277507901328267e-13
2026-02-23,PENGU,4.0,0.1450213533841243,1,0.0012054041522751142
2026-02-23,PEPE,3.0,-0.3436210715063192,-1,-0.009073006790356072
2026-02-23,POL,,-0.052757004859064066,0,0.0
2026-02-23,PUMP,8.0,0.026426969593369175,0,0.0003727841486091698
2026-02-23,QNT,3.0,-0.20066958136461477,-1,-0.005180762918899675
2026-02-23,RENDER,5.0,0.0817411157856728,0,0.000275914548822956
2026-02-23,RLUSD,,-0.09624517687601913,0,0.000318676978440902
2026-02-23,SHIB,5.0,-0.34622095328154107,-1,-0.01677708041815095
2026-02-23,SKY,,-0.005168152946254532,0,-0.001926929742027685
2026-02-23,SOL,9.0,-0.12080314895263566,0,-0.0014366208725182803
2026-02-23,STX,1.0,0.28895825085235033,1,0.01979732271236515
2026-02-23,SUI,5.0,0.01264363926651806,0,0.0
2026-02-23,TAO,4.0,-0.21709186174571737,-1,-0.005806565312023285
2026-02-23,TON,3.0,-0.2708917908552908,-1,-0.009497886754390755
2026-02-23,TRUMP,8.0,0.22868971324474996,1,0.0080927914127959
2026-02-23,TRX,7.0,-0.0595165752093616,0,0.006489386188901974
2026-02-23,U,,0.34375884925081246,1,0.07321380224831964
2026-02-23,UNI,2.0,0.2728062968640656,1,0.015025539487409579
2026-02-23,VET,3.0,-0.14504221551610214,-1,-0.0007068726154832666
2026-02-23,VIRTUAL,4.0,0.6284195084423725,1,0.09536570329339791
2026-02-23,WLD,4.0,0.2681004621581354,1,0.02119266598152139
2026-02-23,WLFI,,-0.16571952010559943,-1,-0.0011680889186723266
2026-02-23,XLM,5.0,-0.079612308841389,0,-3.963484611779826e-09
2026-02-23,XRP,9.0,-0.3701913590481141,-1,-0.029465488720633128
2026-02-23,ZEC,0.0,-0.7567392427821276,-1,-0.022726769232342892
2026-03-02,AAVE,,-0.5138814391814296,-1,-0.027332820278142458
2026-03-02,ADA,0.0,-0.29983949738144505,-1,-0.015147777897736968
2026-03-02,ALGO,1.0,-0.034554204889809016,0,0.0
2026-03-02,APT,2.0,-0.09985950564732003,0,-0.00032813398117998403
2026-03-02,ARB,3.0,-0.15842346770222054,-1,-0.00011408728027433122
2026-03-02,ASTER,0.0,-0.07058291466685249,0,0.0
2026-03-02,ATOM,1.0,-0.3674272872094509,-1,-0.010255742649896697
2026-03-02,AVAX,2.0,0.08151950337867804,0,0.00010130936819467218
2026-03-02,BCH,5.0,-0.36394225412852893,-1,-0.010330899934174683
2026-03-02,BFUSD,,0.24727593357347202,1,0.007237244200203516
2026-03-02,BNB,4.0,-0.16035104741432854,-1,-0.00022063792547326235
2026-03-02,BONK,1.0,0.0038075583796466483,0,0.0
2026-03-02,BTC,6.0,-0.32721699696551754,-1,-0.02204386056073876
2026-03-02,CAKE,4.0,0.3458892544060933,1,0.02743586702053144
2026-03-02,CHZ,1.0,-0.0025853987916577116,0,-0.00011796848577968859
2026-03-02,DASH,3.0,0.0673682929911343,0,0.0
2026-03-02,DEXE,2.0,0.9122976031906478,1,0.1938470168489851
2026-03-02,DOGE,1.0,-0.22486026054174102,-1,-0.006882742803323998
2026-03-02,DOT,0.0,-0.13488892396366825,0,0.0
2026-03-02,ENA,,0.04167070807528333,0,-9.198086472170111e-06
2026-03-02,ETC,4.0,-0.18587041766095003,-1,-0.0027775474412820803
2026-03-02,ETH,6.0,-0.04208590968013836,0,-3.1784577690967524e-05
2026-03-02,FET,8.0,-0.1910438570312407,-1,-0.0025660538908865195
2026-03-02,FIL,3.0,0.2915722971601187,1,0.01570784468814588
2026-03-02,HBAR,0.0,-0.053704627425217075,0,0.0
2026-03-02,ICP,3.0,0.18349488887880816,1,0.0005388287866517696
2026-03-02,JST,5.0,0.3035085728149289,1,0.017338191553813914
2026-03-02,JUP,6.0,0.12805613053695744,0,0.0002213101780902619
2026-03-02,LINK,3.0,-0.29094466867943775,-1,-0.015866429808016107
2026-03-02,LTC,2.0,0.000558493325317347,0,0.0
2026-03-02,LUNC,0.0,0.15386912256708293,1,0.0016909860651429312
2026-03-02,MORPHO,8.0,0.5585598046155921,1,0.08897124102158072
2026-03-02,NEAR,2.0,0.3626525693333871,1,0.023369005935911034
2026-03-02,NEXO,4.0,0.37540986908736623,1,0.03493458468211471
2026-03-02,ONDO,2.0,-0.022025030849674342,0,2.5465683324632815e-14
2026-03-02,PENGU,8.0,0.2262118234381788,1,0.0034268537051300317
2026-03-02,PEPE,0.0,-0.45779236485587543,-1,-0.014280881470135533
2026-03-02,POL,,-0.2923956175375429,-1,-0.008568489962184738
2026-03-02,PUMP,6.0,0.009089193960964737,0,1.1468672926788286e-05
2026-03-02,QNT,3.0,-0.09941020733375644,0,-0.00015938573474696266
2026-03-02,RENDER,1.0,0.2933841141057496,1,0.015003861389012925
2026-03-02,RLUSD,,0.3582811573830597,1,0.02983268146300432
2026-03-02,SHIB,0.0,-0.3523509574396306,-1,-0.01694256728967898
2026-03-02,SKY,,0.3419207571991487,1,0.023952193181608204
2026-03-02,SOL,4.0,-0.1744386623885505,-1,-0.0016093809437250776
2026-03-02,STX,1.0,0.355555219209196,1,0.029719900048123152
2026-03-02,SUI,1.0,0.15148236724602923,0,0.0
2026-03-02,TAO,8.0,-0.023809296272163005,0,-0.0001786384926507345
2026-03-02,TON,0.0,-0.05681199408708174,0,-0.00029220168585007006
2026-03-02,TRUMP,8.0,-0.10682012816769715,0,0.0002489740460380561
2026-03-02,TRX,4.0,0.0333958231196814,0,0.00019964541940371318
2026-03-02,U,,0.5884238494941694,1,0.11816109331639499
2026-03-02,UNI,8.0,0.16497339904990588,1,0.0006198706159993503
2026-03-02,VET,0.0,-0.13518522472773795,0,-2.1746876464911937e-05
2026-03-02,VIRTUAL,8.0,0.29381526880864534,1,0.011389583865901609
2026-03-02,WLD,0.0,0.028987758229098895,0,0.0006519905835469415
2026-03-02,WLFI,,-0.3998687060958286,-1,-0.015483011735540602
2026-03-02,XLM,8.0,-0.10567613480029908,0,-1.2193627017794084e-10
2026-03-02,XRP,1.0,-0.277638607186278,-1,-0.015146783194702994
2026-03-02,ZEC,3.0,-0.8767457228552687,-1,-0.0279027735477959
2026-03-09,AAVE,,-0.16704972455764217,-1,-0.0021152021022045643
2026-03-09,ADA,0.0,-0.18546305839396315,-1,-0.003855307788955988
2026-03-09,ALGO,1.0,-0.14423221584988954,0,0.0
2026-03-09,APT,2.0,-0.18149967723748286,-1,-0.0018297680979702056
2026-03-09,ARB,2.0,-0.16357281984000505,0,-8.828655984245945e-06
2026-03-09,ASTER,2.0,0.31606757841073707,1,0.02832552307868637
2026-03-09,ATOM,1.0,-0.22165497624352162,-1,-0.006004591611377102
2026-03-09,AVAX,2.0,0.07453733518779602,0,7.83983593632311e-06
2026-03-09,BCH,3.0,-0.37872753190100544,-1,-0.022712439885481286
2026-03-09,BFUSD,,-0.22938192764821907,-1,-0.014378655985633156
2026-03-09,BNB,0.0,0.035880348753899956,0,-1.7074088683656697e-05
2026-03-09,BONK,1.0,0.14644353695732193,1,0.00035290286328355455
2026-03-09,BTC,6.0,-0.25435768483736065,-1,-0.019677372315347625
2026-03-09,CAKE,0.0,0.2700755982693796,1,0.012177152779129336
2026-03-09,CHZ,1.0,-0.1721026218332905,-1,-0.0004926187816256081
2026-03-09,DASH,6.0,0.1257993210235148,1,4.61277706348379e-12
2026-03-09,DEXE,7.0,1.1768863955701991,1,0.19952385076244653
2026-03-09,DOGE,1.0,-0.11146913402231419,0,-0.0005326217637275374
2026-03-09,DOT,4.0,-0.3380844005196752,-1,-0.022340811525772525
2026-03-09,ENA,,-0.036271951210705526,0,-7.11794873020627e-07
2026-03-09,ETC,0.0,0.02939978315829075,0,-0.00021494079602947047
2026-03-09,ETH,6.0,0.014519644912872179,0,-2.4596528321415946e-06
2026-03-09,FET,1.0,-0.5867073029194289,-1,-0.026466841453450136
2026-03-09,FIL,4.0,-0.21109695011595672,-1,-0.008980755922787048
2026-03-09,HBAR,4.0,0.1697021269739814,1,0.0020221730736486383
2026-03-09,ICP,6.0,0.1831631994483862,1,0.0017071631890902069
2026-03-09,JST,7.0,0.6269055602057549,1,0.1632203905597429
2026-03-09,JUP,4.0,-0.06025209739283832,0,1.7126111021955313e-05
2026-03-09,LINK,0.0,0.1600525566429253,1,-0.00020079536536045384
2026-03-09,LTC,2.0,0.12256027049385376,0,0.0
2026-03-09,LUNC,2.0,-0.13876607030854357,0,0.00013085713155228562
2026-03-09,MORPHO,0.0,0.2954451249183305,1,0.02279455918935315
2026-03-09,NEAR,2.0,0.4458257032346877,1,0.05190437226473633
2026-03-09,NEXO,0.0,0.45717372603685924,1,0.07959714243172633
2026-03-09,ONDO,2.0,0.15641471381472663,1,0.0007048581898525338
2026-03-09,PENGU,7.0,0.37689912117246155,1,0.024587905047650283
2026-03-09,PEPE,3.0,-0.06379371267511307,0,-0.0011051274896592168
2026-03-09,POL,,-0.015634937598520762,0,-0.000663073481975307
2026-03-09,PUMP,1.0,0.13062544627351774,1,3.890240324248766e-05
2026-03-09,QNT,6.0,0.026126143685430776,0,-1.2334081568896949e-05
2026-03-09,RENDER,1.0,-0.20934957581856165,-1,-0.0011315339768431121
2026-03-09,RLUSD,,-0.09770252222461068,0,0.0023086051406531367
2026-03-09,SHIB,3.0,-0.23858043631580791,-1,-0.01009067797258701
2026-03-09,SKY,,-0.00255519967704111,0,0.0018535429467696624
2026-03-09,SOL,0.0,-0.04729839473537542,0,-0.00012454211079082622
2026-03-09,STX,4.0,0.13771241276017918,1,0.002480166237277783
2026-03-09,SUI,1.0,0.10891497281094857,0,0.0
2026-03-09,TAO,7.0,-0.6829786554064592,-1,-0.026816585843219592
2026-03-09,TON,3.0,-0.28354793305814946,-1,-0.01643804158722577
2026-03-09,TRUMP,7.0,-0.3881781743938204,-1,-0.01406936316122613
2026-03-09,TRX,0.0,0.028310170087634604,0,1.544958143017856e-05
2026-03-09,U,,0.09415246676191004,0,0.009143908427866582
2026-03-09,UNI,7.0,0.3019444063165214,1,0.020055375607049494
2026-03-09,VET,3.0,-0.09595093427352075,0,-1.682884284548938e-06
2026-03-09,VIRTUAL,7.0,0.36582729334499053,1,0.017966738011274852
2026-03-09,WLD,4.0,-0.020300231584488217,0,5.045435874413435e-05
2026-03-09,WLFI,,-0.18816514345026078,-1,-0.003318675038625537
2026-03-09,XLM,1.0,-0.09405969117466036,0,-9.436050879769463e-12
2026-03-09,XRP,1.0,-0.14992697280825384,0,-0.0011721353841763708
2026-03-09,ZEC,6.0,-0.21865229720063376,-1,-0.0062113886170637456
2026-03-16,AAVE,,-0.2076728524833955,-1,-0.009897430191285408
2026-03-16,ADA,2.0,-0.20078434533559078,-1,-0.009780340342676127
2026-03-16,ALGO,7.0,-0.09184986113173034,0,0.0
2026-03-16,APT,2.0,0.23680096154164082,1,0.01390277434111225
2026-03-16,ARB,3.0,-0.04599227683429451,0,0.0
2026-03-16,ASTER,4.0,0.010514998597027626,0,0.0
2026-03-16,ATOM,7.0,-0.05755693621534233,0,0.0
2026-03-16,AVAX,6.0,-0.10316899270451543,0,0.0
2026-03-16,BCH,7.0,-0.1736841221858497,-1,-0.0038075165626955897
2026-03-16,BFUSD,,-0.03785331229754387,0,0.0
2026-03-16,BNB,5.0,-0.23147244833331249,-1,-0.015872807421853426
2026-03-16,BONK,7.0,0.11587454612728376,1,0.0018317808420938437
2026-03-16,BTC,5.0,-0.4661587738853707,-1,-0.054966557354610236
2026-03-16,CAKE,5.0,-0.01890617521180504,0,0.0
2026-03-16,CHZ,4.0,-0.10627283137569109,0,0.0
2026-03-16,DASH,5.0,0.19101353462912132,1,0.005770377788918914
2026-03-16,DEXE,0.0,1.7628977631144043,1,0.2
2026-03-16,DOGE,7.0,-0.22285416931808635,-1,-0.014152874761674573
2026-03-16,DOT,2.0,-0.07695319076586904,0,0.0
2026-03-16,ENA,,-0.07901890099397037,0,0.0
2026-03-16,ETC,3.0,0.018167088627799862,0,0.0
2026-03-16,ETH,5.0,-0.17619000417500608,-1,-0.0065361941699209536
2026-03-16,FET,0.0,-0.33360395645703966,-1,-0.010871973857729627
2026-03-16,FIL,2.0,0.037471795336715935,1,4.161901339767177e-12
2026-03-16,HBAR,2.0,-0.12677736972620027,-1,-0.0003604513786920562
2026-03-16,ICP,3.0,0.08956095101177515,1,0.0006109596021604307
2026-03-16,JST,0.0,0.9355591408304638,1,0.2
2026-03-16,JUP,2.0,0.007660788903843058,0,0.0
2026-03-16,LINK,3.0,-0.10693500343251869,0,0.0
2026-03-16,LTC,0.0,-0.035801672537383374,0,0.0
2026-03-16,LUNC,4.0,-0.0029468110099521924,0,0.0
2026-03-16,MORPHO,1.0,0.055431551797461044,1,9.270529545590833e-05
2026-03-16,NEAR,3.0,0.23184359069073432,1,0.008283268862425393
2026-03-16,NEXO,1.0,0.11156497028068643,1,0.002426068731080805
2026-03-16,NIGHT,6.0,0.0935699833306827,1,0.0009280127296020876
2026-03-16,ONDO,6.0,-0.0421144522420517,0,0.0
2026-03-16,PENGU,6.0,0.1375747974548185,1,0.0019220661212044651
2026-03-16,PEPE,7.0,-0.03142648532676556,0,0.0
2026-03-16,POL,,0.18064300921930596,1,0.00794031101641892
2026-03-16,PUMP,5.0,-0.015837795150473167,0,0.0
2026-03-16,QNT,5.0,0.3456899124915256,1,0.030755664825887378
2026-03-16,RENDER,7.0,-0.30346031929450995,-1,-0.00813442536516126
2026-03-16,RLUSD,,0.31473044369408143,1,0.026090823289596606
2026-03-16,SHIB,7.0,-0.16866123720076986,-1,-0.004372224867323875
2026-03-16,SKY,,-0.0754840060675558,0,0.0
2026-03-16,SOL,3.0,-0.17624198584652076,-1,-0.005977691760678937
2026-03-16,STX,4.0,-0.09650370407086255,0,0.0
2026-03-16,SUI,7.0,-0.04318938865197251,0,0.0
2026-03-16,TAO,0.0,-0.6677871553673649,-1,-0.023303308074500043
2026-03-16,TON,8.0,-0.1859596317000877,-1,-0.007363603212675744
2026-03-16,TRUMP,7.0,-0.38313447661662553,-1,-0.011663890449121526
2026-03-16,TRX,3.0,0.18059382196449178,1,0.007935401438280372
2026-03-16,U,,0.7279702274138807,1,0.13482976174530345
2026-03-16,UNI,5.0,-0.12427881635620226,-1,-2.8584090427993515e-08
2026-03-16,VET,7.0,-0.09501766833203919,0,0.0
2026-03-16,VIRTUAL,6.0,0.11919123292903974,1,0.0009332537421937566
2026-03-16,WLD,4.0,-0.17833984782988452,-1,-0.006787680210474219
2026-03-16,WLFI,,0.08560407643401907,1,0.0007467696241035456
2026-03-16,XLM,0.0,-0.10566353223364836,0,0.0
2026-03-16,XRP,0.0,-0.21668049121488253,-1,-0.017016630520859995
2026-03-16,ZEC,5.0,-0.17769418650813104,-1,-0.004134370913975946
2026-03-23,AAVE,,-0.32511725452856344,-1,-0.014445060735596638
2026-03-23,ADA,0.0,-0.26859368625399155,-1,-0.012386060410202543
2026-03-23,ALGO,1.0,-0.12405422610633692,-1,-1.9948885544040618e-08
2026-03-23,APT,2.0,0.3817223109236601,1,0.04265726176780665
2026-03-23,ARB,2.0,0.10175629237534603,1,4.686438686827478e-06
2026-03-23,ASTER,3.0,0.03293970372999696,0,0.0
2026-03-23,ATOM,4.0,-0.11668357031842301,0,0.0
2026-03-23,AVAX,2.0,-0.17044951989290008,-1,-0.002707055473526251
2026-03-23,BCH,3.0,-0.07552986564570371,0,-0.0003207347042119115
2026-03-23,BFUSD,,0.23729465375691902,1,0.01143351340494039
2026-03-23,BNB,5.0,-0.26171970582489346,-1,-0.012986085111302363
2026-03-23,BONK,6.0,0.13705804314564698,1,0.0009456026003209319
2026-03-23,BTC,5.0,-0.5122925275914689,-1,-0.04122324291605447
2026-03-23,CAKE,5.0,-0.12533233094004015,-1,-4.476304404565511e-05
2026-03-23,CHZ,6.0,0.11366523979548035,1,9.768497508844758e-05
2026-03-23,DASH,6.0,0.13969202807864756,1,0.0013195956843011824
2026-03-23,DEXE,1.0,0.509865112218986,1,0.04134449754129882
2026-03-23,DOGE,6.0,-0.1750446348394297,-1,-0.005268838657917826
2026-03-23,DOT,0.0,-0.02108194115249981,0,0.0
2026-03-23,ENA,,0.007917179202963467,0,0.0
2026-03-23,ETC,4.0,-0.026448726308768163,0,0.0
2026-03-23,ETH,5.0,-0.3476304342589788,-1,-0.018611789741862027
2026-03-23,FET,6.0,-0.2464418071883566,-1,-0.004756968357697062
2026-03-23,FIL,0.0,-0.35086965548157323,-1,-0.02969579513207211
2026-03-23,HBAR,0.0,-0.04629636321977906,0,-3.036343097237242e-05
2026-03-23,ICP,2.0,0.08155000258576578,0,5.146555348025143e-05
2026-03-23,JST,5.0,0.18677494918869406,1,0.02154684957727837
2026-03-23,JUP,0.0,0.09925165564152322,1,6.399531084170425e-12
2026-03-23,LINK,2.0,-0.22763849716736106,-1,-0.007356463617920778
2026-03-23,LTC,1.0,-0.08553818582533142,0,0.0
2026-03-23,LUNC,3.0,0.37245565762531835,1,0.03862690407014346
2026-03-23,MORPHO,7.0,-0.0571839940769438,0,7.80923865394248e-06
2026-03-23,NEAR,2.0,0.030369373405931405,0,0.0006977597456902119
2026-03-23,NEXO,4.0,-0.029879829901172147,0,0.00020436534524490273
2026-03-23,NIGHT,1.0,0.015684819706703514,0,7.817323534453418e-05
2026-03-23,ONDO,6.0,0.05087403186004462,0,0.0
2026-03-23,PENGU,1.0,0.1308854199149016,1,0.0005162703503078538
2026-03-23,PEPE,6.0,0.15082808335523115,1,0.0014081838000588544
2026-03-23,POL,,0.23745605320133112,1,0.012086528218287745
2026-03-23,PUMP,7.0,0.1175347537866833,1,0.0003005249487561194
2026-03-23,QNT,3.0,0.15221440333119665,1,0.0044800882946512965
2026-03-23,RENDER,4.0,-0.373916316380162,-1,-0.007718520820912475
2026-03-23,RLUSD,,0.5208234548958715,1,0.08749188148315341
2026-03-23,SHIB,6.0,-0.08234627552287514,0,-0.0003683041758264314
2026-03-23,SKY,,0.04618710255543663,0,0.0
2026-03-23,SOL,2.0,-0.24719905222428054,-1,-0.008782003840514994
2026-03-23,STX,7.0,-0.011866011386756591,0,0.0
2026-03-23,SUI,2.0,-0.16175127548759335,-1,-0.001697184147438226
2026-03-23,TAO,6.0,-0.5783837620730563,-1,-0.013386835459320366
2026-03-23,TON,3.0,-0.0806397299116067,0,-0.000620289645353345
2026-03-23,TRUMP,7.0,-0.48436153794410275,-1,-0.010474524312694777
2026-03-23,TRX,4.0,1.3802805403588108,1,0.18382100742178764
2026-03-23,U,,0.8204557323254362,1,0.19451023869604872
2026-03-23,UNI,2.0,-0.13982806316653026,-1,-0.0007479825029107106
2026-03-23,VET,3.0,-0.0977616282391036,0,0.0
2026-03-23,VIRTUAL,1.0,0.07566029709432133,0,7.861472380444766e-05
2026-03-23,WLD,7.0,-0.09610592472553184,0,-0.0005717754785156395
2026-03-23,WLFI,,0.14967971474825092,1,0.0012904928781148175
2026-03-23,XLM,6.0,-0.06682315164303639,0,0.0
2026-03-23,XRP,1.0,-0.29846888925626086,-1,-0.020451070319728298
2026-03-23,ZEC,6.0,0.0324017656743166,0,-0.0003482680141665929
2026-03-30,AAVE,,-0.37417049315341494,-1,-0.013748783133617463
2026-03-30,ADA,0.0,-0.1296907145183858,-1,-0.004348614200364179
2026-03-30,ALGO,1.0,-0.3715018765193035,-1,-0.003299447352597169
2026-03-30,APT,1.0,-0.2787123722356029,-1,0.0019983495330014034
2026-03-30,ARB,1.0,0.23838169675778753,1,0.003975430575324205
2026-03-30,ASTER,2.0,0.09357802739817903,0,0.0
2026-03-30,ATOM,3.0,0.11990779807429959,0,0.0
2026-03-30,AVAX,4.0,-0.05306653230547838,0,-0.0008081553578915804
2026-03-30,BCH,2.0,-0.21931908759432656,-1,-0.00673144650385884
2026-03-30,BFUSD,,0.34053674716434557,1,0.03521063461811799
2026-03-30,BNB,5.0,-0.41959373860777477,-1,-0.018156962354710243
2026-03-30,BONK,6.0,0.14013046491357548,0,0.00028229706238347657
2026-03-30,BTC,5.0,-0.38562837352149376,-1,-0.024400591635541577
2026-03-30,CAKE,5.0,0.023752771251271156,0,-1.3363410626347541e-05
2026-03-30,CHZ,6.0,0.1525231613911021,1,2.916255323254169e-05
2026-03-30,DASH,8.0,-0.07289245549255495,0,0.0003939477166049532
2026-03-30,DEXE,8.0,0.36010408233376573,1,0.023833477737301198
2026-03-30,DOGE,6.0,-0.04081936421809084,0,-0.0015729416086608626
2026-03-30,DOT,0.0,-0.37370738543319176,-1,-0.017593014550461056
2026-03-30,ENA,,-0.24373977240245798,-1,-0.003688035598361059
2026-03-30,ETC,3.0,0.2727165991839217,1,0.01040963895015408
2026-03-30,ETH,5.0,-0.19892853571025093,-1,-0.008667539480787469
2026-03-30,FET,8.0,-0.04572037139889261,0,-0.0014201295478388771
2026-03-30,FIL,0.0,0.18072658107580492,1,-0.007856982800584698
2026-03-30,HBAR,0.0,-0.026761641907758,0,-9.064597923562269e-06
2026-03-30,ICP,1.0,0.06926912802730982,0,1.5364355551141437e-05
2026-03-30,JST,5.0,0.4190467744372149,1,0.06161877268032277
2026-03-30,JUP,0.0,0.26168811376816414,1,0.005870787045062484
2026-03-30,LINK,4.0,-0.099171212014415,0,-0.002196174236582191
2026-03-30,LTC,8.0,-0.012628542653250606,0,0.0
2026-03-30,LUNC,7.0,0.2780298722003202,1,0.02422975575836004
2026-03-30,MORPHO,7.0,-0.19024712375894773,-1,-0.002691496805614309
2026-03-30,NEAR,1.0,0.04764681479323873,0,0.00020830687901126342
2026-03-30,NEXO,3.0,-0.21933316294900082,-1,-0.006575634084309451
2026-03-30,NIGHT,8.0,0.015382259495541981,0,2.3337578267323278e-05
2026-03-30,ONDO,8.0,0.16967001759527478,1,0.0002526438295799205
2026-03-30,PENGU,0.0,0.04515664650104975,0,0.0001541256371737257
2026-03-30,PEPE,6.0,0.5545632846229195,1,0.10423730572872415
2026-03-30,POL,,0.21806971737306033,1,0.008379688554552654
2026-03-30,PUMP,3.0,0.1245959423867687,0,8.971772093055162e-05
2026-03-30,QNT,0.0,0.4299535975525708,1,0.05421020921932338
2026-03-30,RENDER,3.0,-0.10313400914829808,0,-0.0023042615925017345
2026-03-30,RLUSD,,0.14770653143189627,0,0.026119535962268826
2026-03-30,SHIB,6.0,0.17812216023759292,1,0.0005405356085297291
2026-03-30,SKY,,0.4968442157242884,1,0.09448923620540711
2026-03-30,SOL,0.0,-0.36673668140579563,-1,-0.012049099754639537
2026-03-30,STX,7.0,-0.08036629506206891,0,0.0
2026-03-30,SUI,4.0,-0.11108190245888643,-1,-0.0005066795611551207
2026-03-30,TAO,8.0,-0.5216513413557196,-1,-0.009003494684501897
2026-03-30,TON,2.0,0.3012448078543303,1,0.020665701989235917
2026-03-30,TRUMP,4.0,-0.46561044391287565,-1,-0.008033282260665252
2026-03-30,TRX,3.0,0.0003775941658367135,0,0.05487731355849698
2026-03-30,U,,0.3380962674580248,1,0.0891266856479339
2026-03-30,UNI,4.0,-0.3281927993457404,-1,-0.00685978383937104
2026-03-30,VET,1.0,0.17527323070071268,1,0.00035033441487788584
2026-03-30,VIRTUAL,8.0,0.029362117271584047,0,2.3469378767097156e-05
2026-03-30,WLD,7.0,-0.49155276847525775,-1,-0.01820972919973557
2026-03-30,WLFI,,0.09969324177229007,0,0.0003852594614217101
2026-03-30,XLM,8.0,-0.02153282843913294,0,0.0
2026-03-30,XRP,0.0,-0.38741181032117206,-1,-0.022048138480035884
2026-03-30,ZEC,6.0,0.31075337140549925,1,0.010791820673018565
2026-04-06,AAVE,,-0.2614589137918768,-1,-0.015624373382014622
2026-04-06,ADA,0.0,-0.2829257005179681,-1,-0.01447716611290375
2026-04-06,ALGO,1.0,-0.683713006951494,-1,-0.010942203707926802
2026-04-06,APT,5.0,-0.2924850609333417,-1,-0.014687097839675912
2026-04-06,ARB,5.0,0.25343116706197666,1,0.004448288152280016
2026-04-06,ASTER,10.0,0.037861240953714216,0,0.0
2026-04-06,ATOM,6.0,0.2848900907532806,1,0.02110604309966747
2026-04-06,AVAX,5.0,0.035603147880499696,0,-0.00021663779476748
2026-04-06,BCH,4.0,-0.25831941028854366,-1,-0.013415176911366252
2026-04-06,BFUSD,,0.2081821802341588,1,0.009506077623527155
2026-04-06,BNB,6.0,-0.32364061577169195,-1,-0.02345425129584603
2026-04-06,BONK,7.0,0.2718961956097209,1,0.015416004594766239
2026-04-06,BTC,9.0,-0.26998233418890083,-1,-0.019021758723503337
2026-04-06,CAKE,9.0,0.2925675650530264,1,0.018989184077251902
2026-04-06,CHZ,7.0,-0.25644097633918433,-1,-0.005039593104721471
2026-04-06,DASH,7.0,-0.13029006520377695,0,0.00010560341368228695
2026-04-06,DEXE,1.0,0.26506715092066835,1,0.010513771395262194
2026-04-06,DOGE,7.0,-0.06560582960462019,0,-0.0004216498697568703
2026-04-06,DOT,2.0,-0.08007128494916982,0,-0.004716063363692239
2026-04-06,ENA,,0.1329743366752207,0,-0.0009886315684862297
2026-04-06,ETC,0.0,-0.17197554036705587,-1,0.0007804465852526837
2026-04-06,ETH,9.0,-0.04351631315951228,0,-0.002323459989273219
2026-04-06,FET,1.0,0.2743565595936187,1,0.013630514907470711
2026-04-06,FIL,2.0,0.17074688206841487,0,-0.002106178485143495
2026-04-06,HBAR,2.0,-0.1932924217598597,-1,-0.005045899584154333
2026-04-06,ICP,5.0,0.2408976873287889,1,0.002965649472025144
2026-04-06,JST,9.0,0.216844972316215,1,0.016838766200479652
2026-04-06,JUP,2.0,0.012316789379755791,0,0.001573749832346533
2026-04-06,LINK,5.0,-0.055555500073019834,0,-0.0005887164378636071
2026-04-06,LTC,3.0,-0.09144600404387712,0,0.0
2026-04-06,LUNC,10.0,0.33464738809665845,1,0.03497650289519011
2026-04-06,MORPHO,10.0,-0.11886871524297117,0,-0.0007214948547927895
2026-04-06,NEAR,5.0,0.23550583106997838,1,0.0022431400990271305
2026-04-06,NEXO,6.0,0.05756695729040006,0,-0.0017626943301337211
2026-04-06,NIGHT,2.0,-0.42834378151080393,-1,-0.010643440315723679
2026-04-06,ONDO,7.0,-0.09071991609479665,0,6.772485211828258e-05
2026-04-06,PENGU,0.0,0.4097142466706897,1,0.09625439359210301
2026-04-06,PEPE,7.0,0.4338356940149658,1,0.16803539221790478
2026-04-06,POL,,-0.22344312485740844,-1,-0.0057812993527647915
2026-04-06,PUMP,8.0,0.2048995286282329,1,2.4050163354500135e-05
2026-04-06,QNT,3.0,0.08470553897058042,0,0.014531834831606062
2026-04-06,RENDER,6.0,0.3058179861774831,1,0.01226057028554136
2026-04-06,RLUSD,,-0.03469102404027179,0,0.007001721409084477
2026-04-06,SHIB,7.0,0.025968753535083933,0,0.0001448984295924054
2026-04-06,SKY,,0.06579315942655697,0,0.02532921369748453
2026-04-06,SOL,3.0,-0.1313885397244993,0,-0.0032299363906818056
2026-04-06,STX,10.0,0.039435525445438685,0,0.0
2026-04-06,SUI,5.0,0.2269720443178056,1,0.001279150675928456
2026-04-06,TAO,1.0,-0.10794968790228349,0,-0.0024135176666277717
2026-04-06,TON,10.0,0.1483997435959877,0,0.005539741910454067
2026-04-06,TRUMP,6.0,0.28100785667704087,1,0.00799806288486984
2026-04-06,TRX,1.0,-0.13595394136398997,-1,0.014710632444219773
2026-04-06,U,,0.2565369795065026,1,0.0334918772725214
2026-04-06,UNI,6.0,-0.2157585996038631,-1,-0.00879831059435974
2026-04-06,VET,1.0,-0.1957089159166214,-1,-0.0024070309258194416
2026-04-06,VIRTUAL,0.0,0.40579730196439556,1,0.09077728120033891
2026-04-06,WLD,10.0,-0.2053637260476102,-1,-0.007048455280247553
2026-04-06,WLFI,,-0.323430144071296,-1,-0.009238231032135827
2026-04-06,XLM,1.0,-0.23155530707726155,-1,-0.00698625107760259
2026-04-06,XRP,3.0,-0.19720557346426262,-1,-0.011333672674594345
2026-04-06,ZEC,7.0,-0.11314052635503673,0,0.0028929044512286603
2026-04-13,AAVE,,-0.20202837341756816,-1,-0.010971620277442005
2026-04-13,ADA,0.0,-0.2506783940438587,-1,-0.01983713349044702
2026-04-13,ALGO,1.0,-0.8460096849945836,-1,-0.026229406133561305
2026-04-13,APT,1.0,0.08571966297107014,0,0.0
2026-04-13,ARB,2.0,0.4476065648857788,1,0.03044642944297142
2026-04-13,ASTER,3.0,0.18618756110138063,1,0.005019784787737402
2026-04-13,ATOM,4.0,0.19787102430643452,1,0.00621523027216839
2026-04-13,AVAX,0.0,-0.1520279060037027,-1,-0.0021287815194501974
2026-04-13,BCH,4.0,0.06385730795798916,0,0.0
2026-04-13,BFUSD,,-0.01230801925939701,0,0.0
2026-04-13,BNB,4.0,-0.1374946093496054,-1,-5.6169126374901413e-08
2026-04-13,BONK,1.0,0.576763394309964,1,0.09802527507792617
2026-04-13,BTC,2.0,-0.1166627030683297,0,0.0
2026-04-13,CAKE,2.0,0.3995769816580411,1,0.043085898337174154
2026-04-13,CHZ,1.0,-0.08823614411622158,0,0.0
2026-04-13,DASH,6.0,-0.3046636416375375,-1,-0.00698913348286504
2026-04-13,DEXE,1.0,0.14997336992702093,1,0.0004587196935422872
2026-04-13,DOGE,1.0,0.09346586664156793,1,5.751090740245645e-12
2026-04-13,DOT,7.0,-0.08067998698244985,0,0.0
2026-04-13,ENA,,0.13996899734437787,1,0.00045654952590833066
2026-04-13,ETC,0.0,-0.2530545942167319,-1,-0.015056121195118939
2026-04-13,ETH,2.0,-0.02418977626535752,0,0.0
2026-04-13,FET,6.0,-0.17982182054423257,-1,-0.004011534189153091
2026-04-13,FIL,7.0,0.33508474447849335,1,0.027209267844960708
2026-04-13,HBAR,7.0,0.02879753598526706,0,0.0
2026-04-13,ICP,0.0,0.11478671494668384,1,0.0003409323319292815
2026-04-13,JST,2.0,-0.2997662671764307,-1,-0.010754875382678159
2026-04-13,JUP,7.0,0.029456925218446818,0,0.0
2026-04-13,LINK,2.0,0.06668520642375245,0,0.0
2026-04-13,LTC,5.0,-0.011634266822823487,0,0.0
2026-04-13,LUNC,3.0,0.4539136065089889,1,0.05564709570461901
2026-04-13,MORPHO,3.0,0.0928186915385246,0,0.0
2026-04-13,NEAR,0.0,-0.051944226115835955,0,0.0
2026-04-13,NEXO,4.0,0.1375951997727513,1,0.0013190983906028054
2026-04-13,NIGHT,7.0,-0.2911918854685289,-1,-0.011289496820097297
2026-04-13,ONDO,1.0,0.0405887427659157,0,0.0
2026-04-13,PENGU,5.0,0.5251402812988769,1,0.06584082718871238
2026-04-13,PEPE,1.0,0.6476731371660843,1,0.12541850639419477
2026-04-13,POL,,0.1253830005354524,1,0.0005320933311700052
2026-04-13,PUMP,4.0,0.08507524201104719,0,0.0
2026-04-13,QNT,6.0,-0.21763815378092669,-1,-0.01147405321447131
2026-04-13,RENDER,2.0,-0.156640703842725,-1,-0.0014729080441593784
2026-04-13,RLUSD,,-0.1041823713358722,0,0.0
2026-04-13,SHIB,1.0,0.03156216374909112,0,0.0
2026-04-13,SKY,,0.2507733696263862,1,0.012998827381996887
2026-04-13,SOL,5.0,-0.10327617902053986,0,0.0
2026-04-13,STX,3.0,0.11678641206771585,1,0.00041851729215684107
2026-04-13,SUI,0.0,0.21553908698649443,1,0.008235184747676556
2026-04-13,TAO,6.0,-0.42348289887148804,-1,-0.017937779654438546
2026-04-13,TON,0.0,-0.37554367987158327,-1,-0.020354480025335426
2026-04-13,TRUMP,5.0,0.036485852885874685,0,0.0
2026-04-13,TRX,6.0,0.03448795305910042,0,0.0
2026-04-13,U,,-0.15214257633703182,-1,-0.0021472636364396965
2026-04-13,UNI,5.0,-0.03215507312303961,0,0.0
2026-04-13,VET,1.0,-0.29041056073580473,-1,-0.013991371064272692
2026-04-13,VIRTUAL,5.0,0.7352656424684941,1,0.1633317622488015
2026-04-13,WLD,0.0,-0.41290545775119875,-1,-0.020488761525679407
2026-04-13,WLFI,,-0.2268122957481054,-1,-0.007661032023194978
2026-04-13,XLM,1.0,-0.07611311416981727,0,0.0
2026-04-13,XRP,5.0,-0.09787901125478707,0,0.0
2026-04-13,ZEC,6.0,-0.4733158652709508,-1,-0.012204192152069127
2026-04-20,AAVE,,0.024097552361487782,0,-0.0003458377097571054
2026-04-20,ADA,7.0,-0.17388731751145423,-1,-0.0026331740841956178
2026-04-20,ALGO,0.0,-0.5938895699500095,-1,-0.011871897920822735
2026-04-20,APT,2.0,-0.08506077064962209,0,0.0
2026-04-20,ARB,8.0,0.42629472855457107,1,0.03948464418734349
2026-04-20,ASTER,1.0,-0.15971675153089265,-1,-0.00030915884776312654
2026-04-20,ATOM,8.0,0.08697210254605885,0,0.00019591099113766292
2026-04-20,AVAX,7.0,0.0946298795298373,1,-6.710156336228344e-05
2026-04-20,BCH,1.0,-0.2751642287356104,-1,-0.01506690254114057
2026-04-20,BFUSD,,-0.34544748703038747,-1,-0.02497012816340241
2026-04-20,BNB,6.0,-0.1395567642819701,0,-1.7705135188184104e-09
2026-04-20,BONK,0.0,0.4567818088002071,1,0.051169048231637884
2026-04-20,BTC,6.0,0.2518951732357224,1,0.010712618556505155
2026-04-20,CAKE,8.0,0.3201104119068287,1,0.02184855290342676
2026-04-20,CHZ,0.0,-0.05567630909142166,0,0.0
2026-04-20,DASH,3.0,-0.4371220868380632,-1,-0.00883576612434902
2026-04-20,DEXE,0.0,-0.19806988336597492,-1,-0.000954017900080862
2026-04-20,DOGE,0.0,0.11046926027551017,1,0.00017200044780617534
2026-04-20,DOT,4.0,0.03019248597675904,0,0.0
2026-04-20,ENA,,-0.274895824354992,-1,-0.004930671434299167
2026-04-20,ETC,0.0,-0.15458867842627677,-1,-0.00047461381789740305
2026-04-20,ETH,8.0,0.3996285495928509,1,0.0352931427781387
2026-04-20,FET,3.0,-0.11967590743409343,0,-0.00012644803242429408
2026-04-20,FIL,4.0,0.562041524246232,1,0.0769625087937861
2026-04-20,HBAR,5.0,0.04944292923903248,0,0.0
2026-04-20,ICP,7.0,0.15709599332481083,1,0.0020436842249704004
2026-04-20,JST,6.0,-0.363513245971357,-1,-0.010685906934471507
2026-04-20,JUP,4.0,0.2216735601697003,1,0.005337377115533901
2026-04-20,LINK,8.0,0.16159601178733685,1,0.0023041064016460716
2026-04-20,LTC,5.0,0.056500224061152626,0,0.0
2026-04-20,LUNC,2.0,-0.2737625838446219,-1,-0.0014508680386814549
2026-04-20,MORPHO,7.0,0.015557756147658235,0,0.0
2026-04-20,NEAR,7.0,0.05664042084784631,0,0.0
2026-04-20,NEXO,8.0,0.02196666081741583,0,4.1579452698368297e-05
2026-04-20,NIGHT,4.0,0.16807382910003438,1,0.0022518782651122244
2026-04-20,ONDO,0.0,0.15755652089119035,1,0.0018744805401915074
2026-04-20,PENGU,5.0,0.18208612049886852,1,0.003512817701894315
2026-04-20,PEPE,0.0,0.5768295492228699,1,0.08444696332771981
2026-04-20,POL,,0.13165995540151523,1,0.0005373425134990374
2026-04-20,PUMP,8.0,-0.04487696677778066,0,0.0
2026-04-20,QNT,5.0,-0.45637813192792365,-1,-0.03582517477223345
2026-04-20,RENDER,7.0,0.04701360611650589,0,-4.642770454991161e-05
2026-04-20,RLUSD,,-0.07090197257125529,0,0.0
2026-04-20,SHIB,0.0,0.05312950675980999,0,0.0
2026-04-20,SKY,,0.02399018283062114,0,0.00040973753899965076
2026-04-20,SOL,5.0,0.061091537245441856,0,0.0
2026-04-20,STX,1.0,0.29869621836373084,1,0.01713476938648755
2026-04-20,SUI,8.0,1.0857566988962797,1,0.19395535911362036
2026-04-20,TAO,3.0,-0.06521400662662213,0,-0.0005654188239246072
2026-04-20,TON,1.0,-0.3733401032623994,-1,-0.013761301631305699
2026-04-20,TRUMP,7.0,-0.19181541322536375,-1,-0.004136072203743089
2026-04-20,TRX,5.0,-0.4858067908438753,-1,-0.04578906411091515
2026-04-20,U,,-0.005684974014399903,0,-6.768414504809608e-05
2026-04-20,UNI,7.0,-0.08446042455319022,0,0.0
2026-04-20,VET,0.0,-0.18312233782655785,-1,-0.0020427453853193896
2026-04-20,VIRTUAL,7.0,0.6008871243846348,1,0.09301448193762518
2026-04-20,WLD,1.0,-0.42095875953339934,-1,-0.015576525247135375
2026-04-20,WLFI,,-0.08309315434936923,0,-0.00024148427509152783
2026-04-20,XLM,0.0,-0.11107717753798704,0,0.0
2026-04-20,XRP,5.0,-0.1825320127513118,-1,-0.0030168796424836293
2026-04-20,ZEC,3.0,-0.48106824831435946,-1,-0.008911731584869303
2026-04-27,AAVE,,-0.11048296849035166,0,-6.446866181763388e-05
2026-04-27,ADA,3.0,-0.11135955019742066,0,-0.000490858008689081
2026-04-27,ALGO,1.0,0.14335630752328998,1,-0.0013367799031505697
2026-04-27,APT,2.0,0.06617622170601463,0,0.0
2026-04-27,ARB,3.0,0.07668993869964641,1,0.007360452900539945
2026-04-27,ASTER,5.0,0.16218882375479854,1,0.00389356643763994
2026-04-27,ATOM,6.0,-0.043227989307307035,0,3.652036512409842e-05
2026-04-27,AVAX,3.0,-0.04161460692641719,0,-1.2508606996258035e-05
2026-04-27,BCH,7.0,-0.3421747158274301,-1,-0.024188884455780876
2026-04-27,BFUSD,,-0.04975314862354323,0,-0.0046547577163866295
2026-04-27,BNB,3.0,-0.34235105030833524,-1,-0.021401137064447018
2026-04-27,BONK,8.0,0.31825867897012844,1,0.035163784018017716
2026-04-27,BTC,3.0,-0.20292800748074896,-1,-0.0036398262069789796
2026-04-27,CAKE,6.0,0.06510542212122304,0,0.0040728553555509535
2026-04-27,CHZ,7.0,-0.24051043675818073,-1,-0.0025312143848259068
2026-04-27,DASH,0.0,-0.1828479149209035,-1,-0.002479986027903656
2026-04-27,DEXE,7.0,-0.38353237257390826,-1,-0.004068215017934675
2026-04-27,DOGE,1.0,0.3462982501351112,1,0.031257864997519605
2026-04-27,DOT,4.0,-0.15463423417543376,-1,-0.0008624975441617509
2026-04-27,ENA,,-0.26395849227173224,-1,-0.005173207885218117
2026-04-27,ETC,1.0,0.06082230989659808,0,-8.847420873071843e-05
2026-04-27,ETH,6.0,-0.15234749862139818,-1,0.005916896570849373
2026-04-27,FET,0.0,-0.06630552922408546,0,-2.3571563221351497e-05
2026-04-27,FIL,4.0,0.22731382176280135,1,0.02529658354555494
2026-04-27,HBAR,8.0,-0.1439272954977583,-1,-3.1782435279272754e-08
2026-04-27,ICP,3.0,0.09464422517603407,1,0.0006190571357664665
2026-04-27,JST,2.0,-0.12680971126492485,0,-0.0019919924893586557
2026-04-27,JUP,6.0,0.2519667982971746,1,0.01418779341145597
2026-04-27,LINK,3.0,-0.0972122086158201,0,0.00042951549876933
2026-04-27,LTC,2.0,-0.10847256582660386,0,0.0
2026-04-27,LUNC,2.0,0.1838718631582347,1,0.001038121408829413
2026-04-27,MORPHO,5.0,0.03619186778173374,0,0.0
2026-04-27,NEAR,3.0,-0.060355648700896714,0,0.0
2026-04-27,NEXO,6.0,-0.042199277812246506,0,7.750952539143508e-06
2026-04-27,NIGHT,5.0,-0.07532307229823759,0,0.0004197794926121916
2026-04-27,ONDO,1.0,0.30733601068700594,1,0.01902354189599861
2026-04-27,PENGU,8.0,0.5043897466904337,1,0.031593708111210234
2026-04-27,PEPE,8.0,0.4995793111004001,1,0.08595231756960045
2026-04-27,POL,,0.28230575379527484,1,0.012559019202199123
2026-04-27,PUMP,6.0,0.34296311395874907,1,0.030533956986252213
2026-04-27,QNT,2.0,-0.7958631636867596,-1,-0.05956143188515083
2026-04-27,RENDER,0.0,0.426254316753331,1,0.04391673896283413
2026-04-27,RLUSD,,0.3574601084167074,1,0.03359118486708988
2026-04-27,SHIB,1.0,0.03692751088384951,0,0.0
2026-04-27,SKY,,-0.16998938731175564,-1,-0.0009607011585434895
2026-04-27,SOL,2.0,-0.24277553199771063,-1,-0.009943792549931222
2026-04-27,STX,8.0,0.08427483526817435,1,0.0032446343532540403
2026-04-27,SUI,6.0,0.0680814432462634,0,0.03615580979643826
2026-04-27,TAO,0.0,-0.06705927733369905,0,-0.00010540144673789687
2026-04-27,TON,0.0,-0.13867692751917002,0,-0.0025652861906302667
2026-04-27,TRUMP,5.0,-0.23898155724936207,-1,-0.01029580285638983
2026-04-27,TRX,2.0,-0.04886760315557585,0,-0.008535679036232965
2026-04-27,U,,0.3607144337758509,1,0.03428263402181854
2026-04-27,UNI,5.0,-0.052610142245488656,0,0.0
2026-04-27,VET,1.0,0.07266271167373464,0,-0.00038079439491483114
2026-04-27,VIRTUAL,3.0,0.995538154385207,1,0.18005650341545526
2026-04-27,WLD,3.0,-0.22990073841558428,-1,-0.00641764406946565
2026-04-27,WLFI,,-0.1963992151111664,-1,-0.002285442433462079
2026-04-27,XLM,7.0,-0.28976055997801814,-1,-0.008511277836433217
2026-04-27,XRP,2.0,-0.3733093622002622,-1,-0.025663840637398544
2026-04-27,ZEC,0.0,-0.18485021768954848,-1,-0.0023750852495917855
2026-05-04,AAVE,,-0.04536942783760998,0,-2.7652128629967516e-06
2026-05-04,ADA,0.0,0.017751327218640776,0,-2.105405698308991e-05
2026-05-04,ALGO,1.0,-0.12204623777332979,0,-5.733764094008895e-05
2026-05-04,APT,1.0,0.4419405688439198,1,0.040455625233835765
2026-05-04,ARB,0.0,0.149142736040497,1,0.00032710211795104836
2026-05-04,ASTER,2.0,0.3044957997675172,1,0.018801248978800283
2026-05-04,ATOM,3.0,-0.2695628711683124,-1,-0.010496211893442929
2026-05-04,AVAX,0.0,-0.00459603982576016,0,-5.365236378268193e-07
2026-05-04,BCH,4.0,-0.2506245059683891,-1,-0.016002145920809598
2026-05-04,BFUSD,,0.029945744343013767,0,-0.00019965353008095238
2026-05-04,BNB,3.0,-0.20594461785457774,-1,-0.009294651447483189
2026-05-04,BONK,6.0,0.2906122420179258,1,0.008973282168615128
2026-05-04,BTC,3.0,-0.24780866433179213,-1,-0.014696049545108624
2026-05-04,CAKE,3.0,0.1680194680814754,1,0.0007601640232017428
2026-05-04,CHZ,4.0,-0.3772247138965466,-1,-0.009696228595524676
2026-05-04,DASH,6.0,0.18468078998319065,1,0.0003605346807892943
2026-05-04,DEXE,4.0,-0.6524670276037133,-1,-0.011956163474381014
2026-05-04,DOGE,1.0,0.333573613733587,1,0.026515015159284495
2026-05-04,DOT,8.0,-0.00986499552988137,0,-3.6994552642735765e-05
2026-05-04,ENA,,-0.1310052984404274,0,-0.0002218910798494119
2026-05-04,ETC,1.0,0.056216197564811006,0,-3.7948673530357595e-06
2026-05-04,ETH,3.0,-0.42232359002405884,-1,-0.042107212285417285
2026-05-04,FET,6.0,-0.13367012032581954,0,-1.0110399065673434e-06
2026-05-04,FIL,8.0,0.16475902715782562,1,0.0012829749965244525
2026-05-04,HBAR,7.0,-0.051888463280849735,0,-1.3632235627941594e-09
2026-05-04,ICP,5.0,-0.23638555019361482,-1,-0.0028155722135980166
2026-05-04,JST,9.0,-0.19045968765670482,-1,-0.0038629434212782638
2026-05-04,JUP,8.0,-0.13492151990447618,0,0.0006085479011473383
2026-05-04,LINK,0.0,-0.05737206799567325,0,1.8422932143575957e-05
2026-05-04,LTC,7.0,-0.005577095907430526,0,0.0
2026-05-04,LUNC,2.0,0.40732974693258456,1,0.010814159365296882
2026-05-04,MORPHO,2.0,0.2930825714150994,1,0.01061896189744841
2026-05-04,NEAR,5.0,-0.16961841533715685,-1,-0.0012534613936887214
2026-05-04,NEXO,3.0,-0.1359666372654336,0,3.324566240004455e-07
2026-05-04,NIGHT,2.0,0.08878470761693577,0,1.8005331890974313e-05
2026-05-04,ONDO,6.0,0.009212613682923716,0,0.0008159645518837876
2026-05-04,PENGU,1.0,0.35205620547594063,1,0.016203282662821544
2026-05-04,PEPE,3.0,0.6419721090519005,1,0.14742225474830467
2026-05-04,POL,,1.044269018188748,1,0.19196021452064585
2026-05-04,PUMP,3.0,0.2421709194201328,1,0.004846816035602157
2026-05-04,QNT,9.0,-0.14842324058550743,-1,-0.003093403701278516
2026-05-04,RENDER,6.0,0.19051474599942786,1,0.0031180723574116
2026-05-04,RLUSD,,0.05959905441991086,0,0.00144080509597877
2026-05-04,SHIB,1.0,0.16035009259163346,1,0.00028623622636102486
2026-05-04,SKY,,-0.5363395151395108,-1,-0.027975904786128238
2026-05-04,SOL,7.0,-0.14162713264841154,-1,-0.00042654065667995476
2026-05-04,STX,1.0,0.14464095146114167,1,0.00013917001932666623
2026-05-04,SUI,3.0,-0.24709357687879108,-1,-0.0017024741232449375
2026-05-04,TAO,6.0,0.14964801669803485,1,1.3934826119172669e-05
2026-05-04,TON,6.0,-0.7639802599878233,-1,-0.011861619063966777
2026-05-04,TRUMP,2.0,-0.10179385705131502,0,-0.0004416112525168093
2026-05-04,TRX,9.0,-0.09733643347841504,0,-0.0003661153931218582
2026-05-04,U,,-0.18113306620399391,-1,-0.003430083933626746
2026-05-04,UNI,2.0,0.07954985734653132,0,0.0
2026-05-04,VET,1.0,0.1227801495209452,0,-1.6333169159834138e-05
2026-05-04,VIRTUAL,0.0,0.7838455748253141,1,0.15559652647375244
2026-05-04,WLD,5.0,-0.10001552176305645,0,-0.0002752678810244392
2026-05-04,WLFI,,-0.2242469016841638,-1,-0.003464136194756596
2026-05-04,XLM,4.0,-0.3031613094735273,-1,-0.014732812423513325
2026-05-04,XRP,7.0,-0.281464142991084,-1,-0.02078379911991528
2026-05-04,ZEC,6.0,0.0703686566075474,0,-0.00010187300461522285
2026-05-11,AAVE,,-0.19748878863179972,-1,-0.004278601854776555
2026-05-11,ADA,,-0.13927960220322572,-1,-0.001544561119419151
2026-05-11,ALGO,,-0.04910928474256575,0,-2.2803734718689132e-05
2026-05-11,APT,,-0.018911647821529754,0,0.016089593687243626
2026-05-11,ARB,,-0.027124710224835744,0,0.00013009167802126702
2026-05-11,ASTER,,-0.02142019417556161,0,0.00747743867838176
2026-05-11,ATOM,,0.2852555906851053,1,0.005860426289129153
2026-05-11,AVAX,,-0.017073635222554374,0,-2.1338064326875066e-07
2026-05-11,BCH,,-0.3495526026895915,-1,-0.022314228567351956
2026-05-11,BFUSD,,0.07709235022964037,1,0.00031317128373068207
2026-05-11,BNB,,0.027851027323706697,0,-0.0036965728348076297
2026-05-11,BONK,,0.033254186626779786,0,0.003568761162372396
2026-05-11,BTC,,-0.4662966569211874,-1,-0.04257398818994115
2026-05-11,CAKE,,-0.03222343319618271,0,0.000302324588936203
2026-05-11,CHZ,,0.22573796497401322,1,-0.0009915781225633118
2026-05-11,DASH,,0.1315656146539661,1,0.0010308007750430507
2026-05-11,DEXE,,0.41065807314911634,1,0.004181643090128752
2026-05-11,DOGE,,-0.016223600661034884,0,0.010545278142610075
2026-05-11,DOT,,0.006984241574650578,0,-1.4713091621313878e-05
2026-05-11,ENA,,-0.1046300947883393,-1,-8.825517268036195e-05
2026-05-11,ETC,,0.0043758880342316744,0,-1.5092554732355063e-06
2026-05-11,ETH,,-0.4951789751300977,-1,-0.05075350131399526
2026-05-11,FET,,-0.060309197323529955,0,-4.0210035574118226e-07
2026-05-11,FIL,,-0.004788494378026875,0,0.0005102515728197544
2026-05-11,HBAR,,0.053755027971945764,1,1.1685553032785798e-05
2026-05-11,ICP,,-0.23329884383514438,-1,-0.003375421597744548
2026-05-11,JST,,0.47922611917416624,1,0.04904302624821494
2026-05-11,JUP,,-0.19272538632313593,-1,-0.0011050694422437754
2026-05-11,LINK,,-0.09954697217594598,0,7.326978411642084e-06
2026-05-11,LTC,,-0.13485492858642198,-1,-0.0016187030719654017
2026-05-11,LUNC,,-0.33762023234207467,-1,0.00039317958786059745
2026-05-11,MORPHO,,-0.1967850829155867,-1,0.0011259366644090895
2026-05-11,NEAR,,0.17862404103833293,1,0.0016475421217374414
2026-05-11,NEXO,,-0.10791947886603388,-1,-0.00022878050321592598
2026-05-11,NIGHT,,0.3698545994461557,1,0.01445265931063643
2026-05-11,ONDO,,-0.1390655667582342,-1,-0.00023508389366439452
2026-05-11,PENGU,,-0.063085841800195,0,0.006444202331257337
2026-05-11,PEPE,,0.07554055229806576,1,0.05877457833782103
2026-05-11,POL,,0.05522960583129151,1,0.07636026293794884
2026-05-11,PUMP,,-0.007641382025484922,0,0.0019276256451088774
2026-05-11,QNT,,0.4152459078577252,1,0.02823404096309249
2026-05-11,RENDER,,0.16232588164375567,1,0.003757861465296231
2026-05-11,RLUSD,,0.9224720376155641,1,0.12103108651995464
2026-05-11,SHIB,,-0.13391149184578724,-1,-0.001254594324129334
2026-05-11,SKY,,-0.16867991234527688,-1,-0.013425220339083757
2026-05-11,SOL,,-0.19599554121345283,-1,-0.004104472171234235
2026-05-11,STX,,0.04809593177644593,1,5.5349264880518454e-05
2026-05-11,SUI,,-0.2744492414664123,-1,-0.0038192755713731563
2026-05-11,TAO,,-0.055792783299560056,0,5.5420152096020465e-06
2026-05-11,TON,,-0.6229342327664025,-1,-0.011212565157996108
2026-05-11,TRUMP,,-0.005236790098956654,0,-0.0001756330690637189
2026-05-11,TRX,,0.33844883920110697,1,0.024682642943543207
2026-05-11,U,,0.9643743386214716,1,0.11909388681215088
2026-05-11,UNI,,-0.07733581216811825,0,0.0
2026-05-11,VET,,-0.09819495302978529,0,-6.495859448167847e-06
2026-05-11,VIRTUAL,,0.09838300463737541,1,0.062174961628748235
2026-05-11,WLD,,0.021423469773040712,0,-0.00010947670034098294
2026-05-11,WLFI,,0.04841421556774404,1,-0.0013776863728953868
2026-05-11,XLM,,-0.08127722839564598,0,-0.005859382085793294
2026-05-11,XRP,,-0.17639711161095556,-1,-0.015003873499323726
2026-05-11,ZEC,,-0.03182877772672682,0,-4.0515879867968144e-05
2026-05-18,AAVE,,-0.23941764257811465,-1,-0.004905618609345283
2026-05-18,ADA,,-0.2674230653605621,-1,-0.0070639483336529425
2026-05-18,ALGO,,0.10374745370046162,0,0.0
2026-05-18,APT,,0.06353822341592995,0,0.0
2026-05-18,ARB,,-0.1450932057810314,0,0.0
2026-05-18,ASTER,,0.2844834053636939,1,0.008756379551889508
2026-05-18,ATOM,,0.1292018060599003,1,0.0003099606422851711
2026-05-18,AVAX,,-0.06395417511965508,0,0.0
2026-05-18,BCH,,-0.49260830508854075,-1,-0.03128223408177701
2026-05-18,BFUSD,,0.023305998404290745,0,0.0
2026-05-18,BNB,,-0.17701997445763867,-1,-5.022607565630556e-08
2026-05-18,BONK,,0.0548962605205557,0,0.0
2026-05-18,BTC,,-0.4781592935411976,-1,-0.053404154462662064
2026-05-18,CAKE,,-0.05612550119148477,0,0.0
2026-05-18,CHZ,,-0.20908015171682368,-1,-0.001354240704967825
2026-05-18,DASH,,0.22526427229645754,1,0.002131224353259841
2026-05-18,DEXE,,0.21243266518661075,1,0.001237548308893954
2026-05-18,DOGE,,-0.2924639058245201,-1,-0.0134928765852051
2026-05-18,DOT,,-0.10472217726161254,0,0.0
2026-05-18,ENA,,-0.20308691649857671,-1,-0.0008017499721070566
2026-05-18,ETC,,-0.07561056915327931,0,0.0
2026-05-18,ETH,,-0.33950102033652135,-1,-0.02620337991675633
2026-05-18,FET,,0.14516194183404502,1,0.0002701749122976756
2026-05-18,FIL,,-0.022149932692481774,0,0.0
2026-05-18,HBAR,,-0.07800110655196987,0,0.0
2026-05-18,ICP,,-0.285654422149592,-1,-0.003018115027607054
2026-05-18,JST,,0.8981740574159457,1,0.19525106340160403
2026-05-18,JUP,,-0.22474766163378967,-1,-0.0011066426709844558
2026-05-18,LINK,,-0.22268308646587773,-1,-0.002789275018554
2026-05-18,LTC,,-0.22252806823707397,-1,-0.004230403895518267
2026-05-18,LUNC,,-0.09484353953476546,0,0.0
2026-05-18,MORPHO,,0.05080586274259269,0,0.0
2026-05-18,NEAR,,-0.19820886429806134,-1,-0.0004669894796998106
2026-05-18,NEXO,,-0.018277853151293176,0,0.0
2026-05-18,NIGHT,,0.3469906227492357,1,0.010117774206463896
2026-05-18,ONDO,,-0.08489348001864078,0,0.0
2026-05-18,PENGU,,0.3406442534143704,1,0.007310266446233706
2026-05-18,PEPE,,0.11463733503336333,1,2.5996397327639363e-05
2026-05-18,POL,,0.1175645937442622,1,5.318820090364846e-05
2026-05-18,PUMP,,0.05729864556109807,0,0.0
2026-05-18,QNT,,0.2874403987419414,1,0.010952381425716416
2026-05-18,RENDER,,0.41262479819452247,1,0.016311824021172386
2026-05-18,RLUSD,,0.8655968782141594,1,0.18104207903900932
2026-05-18,SHIB,,-0.07962468140733982,0,0.0
2026-05-18,SKY,,0.09294066237854971,0,0.0
2026-05-18,SOL,,-0.23718149900014,-1,-0.004080017611114781
2026-05-18,STX,,0.03913098723982637,0,0.0
2026-05-18,SUI,,-0.38263415258736605,-1,-0.006214567026928828
2026-05-18,TAO,,0.10568139786065339,1,1.600024334915008e-12
2026-05-18,TON,,-0.8330375145910585,-1,-0.013213562862336723
2026-05-18,TRUMP,,0.17054837289248603,1,0.0010664381693602353
2026-05-18,TRX,,0.44517835686458473,1,0.04245295022470017
2026-05-18,U,,0.8281756157209447,1,0.1653118297718524
2026-05-18,UNI,,-0.21314420398891581,-1,-0.0016702307066222318
2026-05-18,VET,,0.0005254962609193554,0,0.0
2026-05-18,VIRTUAL,,0.21856040265781929,1,0.001624314559793027
2026-05-18,WLD,,0.18593033147064078,1,0.000774606365636866
2026-05-18,WLFI,,0.016010781893287772,0,0.0
2026-05-18,XLM,,-0.015401161468997674,0,0.0
2026-05-18,XRP,,-0.4090642420139286,-1,-0.03970194280808457
2026-05-18,ZEC,,-0.07015050413229976,0,0.0
2026-05-25,AAVE,,-0.17986557835492223,-1,-2.040553555374152e-08
2026-05-25,ADA,,-0.20365459979146017,-1,-0.0012616657228229885
2026-05-25,ALGO,,0.22387629351791205,1,0.002349660161234432
2026-05-25,APT,,0.10971245874146736,1,1.5457611538078695e-12
2026-05-25,ARB,,0.002300411174274073,0,0.0
2026-05-25,ASTER,,0.07266153492718168,0,0.0
2026-05-25,ATOM,,-0.04784775239258507,0,0.0
2026-05-25,AVAX,,-0.08506617106409846,0,0.0
2026-05-25,BCH,,-0.4660629627287692,-1,-0.0215076244273543
2026-05-25,BFUSD,,0.5804601089358395,1,0.07605987827125225
2026-05-25,BNB,,-0.32030173041431576,-1,-0.01832085161725622
2026-05-25,BONK,,0.05750934971396666,0,0.0
2026-05-25,BTC,,-0.6057251782747906,-1,-0.062073988280488566
2026-05-25,CAKE,,0.03209554473782596,0,0.0
2026-05-25,CHZ,,-0.11674528520181812,0,0.0
2026-05-25,DASH,,-0.015668337558360796,0,0.0
2026-05-25,DEXE,,1.0638850501431545,1,0.15540269047276628
2026-05-25,DOGE,,-0.2899033004320473,-1,-0.014009270922387896
2026-05-25,DOT,,-0.09945152629736247,0,0.0
2026-05-25,ENA,,-0.19572864317701605,-1,-0.0003563477580662595
2026-05-25,ETC,,-0.15597583304578966,0,0.0
2026-05-25,ETH,,-0.3487687591850223,-1,-0.021349707793296903
2026-05-25,FET,,0.36935918091859476,1,0.007765444832673679
2026-05-25,FIL,,0.06862843147284804,0,0.0
2026-05-25,HBAR,,0.08407157009011354,0,0.0
2026-05-25,ICP,,-0.1380131205104702,0,0.0
2026-05-25,JST,,0.7894980483766465,1,0.14736893433733841
2026-05-25,JUP,,-0.21320650646027853,-1,-0.0005696965367385786
2026-05-25,LINK,,-0.20627069588067773,-1,-0.0011707544664292789
2026-05-25,LTC,,-0.10841862583751358,0,0.0
2026-05-25,LUNC,,0.2996196882319113,1,0.004363790968750971
2026-05-25,MORPHO,,-0.14472468290700613,0,0.0
2026-05-25,NEAR,,-0.34776815900582325,-1,-0.003920678062082992
2026-05-25,NEXO,,-0.03882635642145431,0,0.0
2026-05-25,NIGHT,,0.6457220518723904,1,0.07322441388186691
2026-05-25,ONDO,,-0.34022186037119,-1,-0.0031915599631907247
2026-05-25,PENGU,,0.22218668538779904,1,0.0019135334690969419
2026-05-25,PEPE,,0.16859020798860763,1,0.0007609710096021662
2026-05-25,POL,,0.18920402794647156,1,0.0016570753304989004
2026-05-25,PUMP,,0.12367835970015988,1,3.7335765614134916e-05
2026-05-25,QNT,,-0.08296498625813742,0,0.0
2026-05-25,RENDER,,0.2967581516274065,1,0.0064001751581885934
2026-05-25,RLUSD,,0.6106334915255934,1,0.08505924384850483
2026-05-25,SHIB,,-0.011840598845952212,0,0.0
2026-05-25,SKY,,0.0006332569634585794,0,0.0
2026-05-25,SOL,,-0.23163475159411048,-1,-0.002686177921653597
2026-05-25,STX,,0.014080559994053228,0,0.0
2026-05-25,SUI,,-0.38435172037964,-1,-0.004671847944656313
2026-05-25,TAO,,0.09451379964775089,0,0.0
2026-05-25,TON,,-0.7248387258365004,-1,-0.008467734802660604
2026-05-25,TRUMP,,0.16133651672385446,1,0.0007270956810632996
2026-05-25,TRX,,-0.3484651107043456,-1,-0.022400632331006004
2026-05-25,U,,0.5869583625333846,1,0.07796019038405322
2026-05-25,UNI,,-0.2340699817611173,-1,-0.0018742590439303217
2026-05-25,VET,,-0.11801848758156784,0,0.0
2026-05-25,VIRTUAL,,0.2583770373908739,1,0.002625712328535068
2026-05-25,WLD,,0.18205549431904314,1,0.0006907944140565342
2026-05-25,WLFI,,0.0671261093649743,0,0.0
2026-05-25,XLM,,0.18285027378904078,1,0.0006330596833577582
2026-05-25,XRP,,-0.3515041423312371,-1,-0.022041705678070872
2026-05-25,ZEC,,-0.4024778871512185,-1,-0.005125476322372015
