week,VolC,MAXRET,CRASH8,BETA26,TVLC,SKEW52,NEWC,RMOM1w,RMOM2w,SMBC,NetRel,MomC,NetMom,FunC
2019-04-01,0.13242109909512248,0.13242109909512248,0.07150739351136615,0.0423747517104392,0.052968439638049,0.0476715956742441,0.0423747517104392,0.11917898918561025,0.11917898918561025,0.0953431913484882,0.12513793864489076,0.004414036636504083,0.004414036636504083,0.010593687927609799
2019-04-08,0.13242109909512248,0.13242109909512248,0.07150739351136615,0.0423747517104392,0.052968439638049,0.0476715956742441,0.0423747517104392,0.11917898918561025,0.11917898918561025,0.0953431913484882,0.12513793864489076,0.004414036636504083,0.004414036636504083,0.010593687927609799
2019-04-15,0.13242109909512248,0.13242109909512248,0.07150739351136615,0.0423747517104392,0.052968439638049,0.0476715956742441,0.0423747517104392,0.11917898918561025,0.11917898918561025,0.0953431913484882,0.12513793864489076,0.004414036636504083,0.004414036636504083,0.010593687927609799
2019-04-22,0.13242109909512248,0.13242109909512248,0.07150739351136615,0.0423747517104392,0.052968439638049,0.0476715956742441,0.0423747517104392,0.11917898918561025,0.11917898918561025,0.0953431913484882,0.12513793864489076,0.004414036636504083,0.004414036636504083,0.010593687927609799
2019-04-29,0.13242109909512248,0.13242109909512248,0.07150739351136615,0.0423747517104392,0.052968439638049,0.0476715956742441,0.0423747517104392,0.11917898918561025,0.11917898918561025,0.0953431913484882,0.12513793864489076,0.004414036636504083,0.004414036636504083,0.010593687927609799
2019-05-06,0.13242109909512248,0.13242109909512248,0.07150739351136615,0.0423747517104392,0.052968439638049,0.0476715956742441,0.0423747517104392,0.11917898918561025,0.11917898918561025,0.0953431913484882,0.12513793864489076,0.004414036636504083,0.004414036636504083,0.010593687927609799
2019-05-13,0.13242109909512248,0.13242109909512248,0.07150739351136615,0.0423747517104392,0.052968439638049,0.0476715956742441,0.0423747517104392,0.11917898918561025,0.11917898918561025,0.0953431913484882,0.12513793864489076,0.004414036636504083,0.004414036636504083,0.010593687927609799
2019-05-20,0.13242109909512248,0.13242109909512248,0.07150739351136615,0.0423747517104392,0.052968439638049,0.0476715956742441,0.0423747517104392,0.11917898918561025,0.11917898918561025,0.0953431913484882,0.12513793864489076,0.004414036636504083,0.004414036636504083,0.010593687927609799
2019-05-27,0.13242109909512248,0.13242109909512248,0.07150739351136615,0.0423747517104392,0.052968439638049,0.0476715956742441,0.0423747517104392,0.11917898918561025,0.11917898918561025,0.0953431913484882,0.12513793864489076,0.004414036636504083,0.004414036636504083,0.010593687927609799
2019-06-03,0.13242109909512248,0.13242109909512248,0.07150739351136615,0.0423747517104392,0.052968439638049,0.0476715956742441,0.0423747517104392,0.11917898918561025,0.11917898918561025,0.0953431913484882,0.12513793864489076,0.004414036636504083,0.004414036636504083,0.010593687927609799
2019-06-10,0.13242109909512248,0.13242109909512248,0.07150739351136615,0.0423747517104392,0.052968439638049,0.0476715956742441,0.0423747517104392,0.11917898918561025,0.11917898918561025,0.0953431913484882,0.12513793864489076,0.004414036636504083,0.004414036636504083,0.010593687927609799
2019-06-17,0.13242109909512248,0.13242109909512248,0.07150739351136615,0.0423747517104392,0.052968439638049,0.0476715956742441,0.0423747517104392,0.11917898918561025,0.11917898918561025,0.0953431913484882,0.12513793864489076,0.004414036636504083,0.004414036636504083,0.010593687927609799
2019-06-24,0.13242109909512248,0.13242109909512248,0.07150739351136615,0.0423747517104392,0.052968439638049,0.0476715956742441,0.0423747517104392,0.11917898918561025,0.11917898918561025,0.0953431913484882,0.12513793864489076,0.004414036636504083,0.004414036636504083,0.010593687927609799
2019-07-01,0.13242109909512248,0.13242109909512248,0.07150739351136615,0.0423747517104392,0.052968439638049,0.0476715956742441,0.0423747517104392,0.11917898918561025,0.11917898918561025,0.0953431913484882,0.12513793864489076,0.004414036636504083,0.004414036636504083,0.010593687927609799
2019-07-08,0.13242109909512248,0.13242109909512248,0.07150739351136615,0.0423747517104392,0.052968439638049,0.0476715956742441,0.0423747517104392,0.11917898918561025,0.11917898918561025,0.0953431913484882,0.12513793864489076,0.004414036636504083,0.004414036636504083,0.010593687927609799
2019-07-15,0.13242109909512248,0.13242109909512248,0.07150739351136615,0.0423747517104392,0.052968439638049,0.0476715956742441,0.0423747517104392,0.11917898918561025,0.11917898918561025,0.0953431913484882,0.12513793864489076,0.004414036636504083,0.004414036636504083,0.010593687927609799
2019-07-22,0.13242109909512248,0.13242109909512248,0.07150739351136615,0.0423747517104392,0.052968439638049,0.0476715956742441,0.0423747517104392,0.11917898918561025,0.11917898918561025,0.0953431913484882,0.12513793864489076,0.004414036636504083,0.004414036636504083,0.010593687927609799
2019-07-29,0.13242109909512248,0.13242109909512248,0.07150739351136615,0.0423747517104392,0.052968439638049,0.0476715956742441,0.0423747517104392,0.11917898918561025,0.11917898918561025,0.0953431913484882,0.12513793864489076,0.004414036636504083,0.004414036636504083,0.010593687927609799
2019-08-05,0.13242109909512248,0.13242109909512248,0.07150739351136615,0.0423747517104392,0.052968439638049,0.0476715956742441,0.0423747517104392,0.11917898918561025,0.11917898918561025,0.0953431913484882,0.12513793864489076,0.004414036636504083,0.004414036636504083,0.010593687927609799
2019-08-12,0.13242109909512248,0.13242109909512248,0.07150739351136615,0.0423747517104392,0.052968439638049,0.0476715956742441,0.0423747517104392,0.11917898918561025,0.11917898918561025,0.0953431913484882,0.12513793864489076,0.004414036636504083,0.004414036636504083,0.010593687927609799
2019-08-19,0.13242109909512248,0.13242109909512248,0.07150739351136615,0.0423747517104392,0.052968439638049,0.0476715956742441,0.0423747517104392,0.11917898918561025,0.11917898918561025,0.0953431913484882,0.12513793864489076,0.004414036636504083,0.004414036636504083,0.010593687927609799
2019-08-26,0.13242109909512248,0.13242109909512248,0.07150739351136615,0.0423747517104392,0.052968439638049,0.0476715956742441,0.0423747517104392,0.11917898918561025,0.11917898918561025,0.0953431913484882,0.12513793864489076,0.004414036636504083,0.004414036636504083,0.010593687927609799
2019-09-02,0.13242109909512248,0.13242109909512248,0.07150739351136615,0.0423747517104392,0.052968439638049,0.0476715956742441,0.0423747517104392,0.11917898918561025,0.11917898918561025,0.0953431913484882,0.12513793864489076,0.004414036636504083,0.004414036636504083,0.010593687927609799
2019-09-09,0.13242109909512248,0.13242109909512248,0.07150739351136615,0.0423747517104392,0.052968439638049,0.0476715956742441,0.0423747517104392,0.11917898918561025,0.11917898918561025,0.0953431913484882,0.12513793864489076,0.004414036636504083,0.004414036636504083,0.010593687927609799
2019-09-16,0.13242109909512248,0.13242109909512248,0.07150739351136615,0.0423747517104392,0.052968439638049,0.0476715956742441,0.0423747517104392,0.11917898918561025,0.11917898918561025,0.0953431913484882,0.12513793864489076,0.004414036636504083,0.004414036636504083,0.010593687927609799
2019-09-23,0.13242109909512248,0.13242109909512248,0.07150739351136615,0.0423747517104392,0.052968439638049,0.0476715956742441,0.0423747517104392,0.11917898918561025,0.11917898918561025,0.0953431913484882,0.12513793864489076,0.004414036636504083,0.004414036636504083,0.010593687927609799
2019-09-30,0.13242109909512248,0.13242109909512248,0.07150739351136615,0.0423747517104392,0.052968439638049,0.0476715956742441,0.0423747517104392,0.11917898918561025,0.11917898918561025,0.0953431913484882,0.12513793864489076,0.004414036636504083,0.004414036636504083,0.010593687927609799
2019-10-07,0.13242109909512248,0.13242109909512248,0.07150739351136615,0.0423747517104392,0.052968439638049,0.0476715956742441,0.0423747517104392,0.11917898918561025,0.11917898918561025,0.0953431913484882,0.12513793864489076,0.004414036636504083,0.004414036636504083,0.010593687927609799
2019-10-14,0.13242109909512248,0.13242109909512248,0.07150739351136615,0.0423747517104392,0.052968439638049,0.0476715956742441,0.0423747517104392,0.11917898918561025,0.11917898918561025,0.0953431913484882,0.12513793864489076,0.004414036636504083,0.004414036636504083,0.010593687927609799
2019-10-21,0.13242109909512248,0.13242109909512248,0.07150739351136615,0.0423747517104392,0.052968439638049,0.0476715956742441,0.0423747517104392,0.11917898918561025,0.11917898918561025,0.0953431913484882,0.12513793864489076,0.004414036636504083,0.004414036636504083,0.010593687927609799
2019-10-28,0.13242109909512248,0.13242109909512248,0.07150739351136615,0.0423747517104392,0.052968439638049,0.0476715956742441,0.0423747517104392,0.11917898918561025,0.11917898918561025,0.0953431913484882,0.12513793864489076,0.004414036636504083,0.004414036636504083,0.010593687927609799
2019-11-04,0.13242109909512248,0.13242109909512248,0.07150739351136615,0.0423747517104392,0.052968439638049,0.0476715956742441,0.0423747517104392,0.11917898918561025,0.11917898918561025,0.0953431913484882,0.12513793864489076,0.004414036636504083,0.004414036636504083,0.010593687927609799
2019-11-11,0.13242109909512248,0.13242109909512248,0.07150739351136615,0.0423747517104392,0.052968439638049,0.0476715956742441,0.0423747517104392,0.11917898918561025,0.11917898918561025,0.0953431913484882,0.12513793864489076,0.004414036636504083,0.004414036636504083,0.010593687927609799
2019-11-18,0.13242109909512248,0.13242109909512248,0.07150739351136615,0.0423747517104392,0.052968439638049,0.0476715956742441,0.0423747517104392,0.11917898918561025,0.11917898918561025,0.0953431913484882,0.12513793864489076,0.004414036636504083,0.004414036636504083,0.010593687927609799
2019-11-25,0.13242109909512248,0.13242109909512248,0.07150739351136615,0.0423747517104392,0.052968439638049,0.0476715956742441,0.0423747517104392,0.11917898918561025,0.11917898918561025,0.0953431913484882,0.12513793864489076,0.004414036636504083,0.004414036636504083,0.010593687927609799
2019-12-02,0.13242109909512248,0.13242109909512248,0.07150739351136615,0.0423747517104392,0.052968439638049,0.0476715956742441,0.0423747517104392,0.11917898918561025,0.11917898918561025,0.0953431913484882,0.12513793864489076,0.004414036636504083,0.004414036636504083,0.010593687927609799
2019-12-09,0.13242109909512248,0.13242109909512248,0.07150739351136615,0.0423747517104392,0.052968439638049,0.0476715956742441,0.0423747517104392,0.11917898918561025,0.11917898918561025,0.0953431913484882,0.12513793864489076,0.004414036636504083,0.004414036636504083,0.010593687927609799
2019-12-16,0.13242109909512248,0.13242109909512248,0.07150739351136615,0.0423747517104392,0.052968439638049,0.0476715956742441,0.0423747517104392,0.11917898918561025,0.11917898918561025,0.0953431913484882,0.12513793864489076,0.004414036636504083,0.004414036636504083,0.010593687927609799
2019-12-23,0.13242109909512248,0.13242109909512248,0.07150739351136615,0.0423747517104392,0.052968439638049,0.0476715956742441,0.0423747517104392,0.11917898918561025,0.11917898918561025,0.0953431913484882,0.12513793864489076,0.004414036636504083,0.004414036636504083,0.010593687927609799
2019-12-30,0.13242109909512248,0.13242109909512248,0.07150739351136615,0.0423747517104392,0.052968439638049,0.0476715956742441,0.0423747517104392,0.11917898918561025,0.11917898918561025,0.0953431913484882,0.12513793864489076,0.004414036636504083,0.004414036636504083,0.010593687927609799
2020-01-06,0.13242109909512248,0.13242109909512248,0.07150739351136615,0.0423747517104392,0.052968439638049,0.0476715956742441,0.0423747517104392,0.11917898918561025,0.11917898918561025,0.0953431913484882,0.12513793864489076,0.004414036636504083,0.004414036636504083,0.010593687927609799
2020-01-13,0.13242109909512248,0.13242109909512248,0.07150739351136615,0.0423747517104392,0.052968439638049,0.0476715956742441,0.0423747517104392,0.11917898918561025,0.11917898918561025,0.0953431913484882,0.12513793864489076,0.004414036636504083,0.004414036636504083,0.010593687927609799
2020-01-20,0.13242109909512248,0.13242109909512248,0.07150739351136615,0.0423747517104392,0.052968439638049,0.0476715956742441,0.0423747517104392,0.11917898918561025,0.11917898918561025,0.0953431913484882,0.12513793864489076,0.004414036636504083,0.004414036636504083,0.010593687927609799
2020-01-27,0.13242109909512248,0.13242109909512248,0.07150739351136615,0.0423747517104392,0.052968439638049,0.0476715956742441,0.0423747517104392,0.11917898918561025,0.11917898918561025,0.0953431913484882,0.12513793864489076,0.004414036636504083,0.004414036636504083,0.010593687927609799
2020-02-03,0.13242109909512248,0.13242109909512248,0.07150739351136615,0.0423747517104392,0.052968439638049,0.0476715956742441,0.0423747517104392,0.11917898918561025,0.11917898918561025,0.0953431913484882,0.12513793864489076,0.004414036636504083,0.004414036636504083,0.010593687927609799
2020-02-10,0.13242109909512248,0.13242109909512248,0.07150739351136615,0.0423747517104392,0.052968439638049,0.0476715956742441,0.0423747517104392,0.11917898918561025,0.11917898918561025,0.0953431913484882,0.12513793864489076,0.004414036636504083,0.004414036636504083,0.010593687927609799
2020-02-17,0.13242109909512248,0.13242109909512248,0.07150739351136615,0.0423747517104392,0.052968439638049,0.0476715956742441,0.0423747517104392,0.11917898918561025,0.11917898918561025,0.0953431913484882,0.12513793864489076,0.004414036636504083,0.004414036636504083,0.010593687927609799
2020-02-24,0.13242109909512248,0.13242109909512248,0.07150739351136615,0.0423747517104392,0.052968439638049,0.0476715956742441,0.0423747517104392,0.11917898918561025,0.11917898918561025,0.0953431913484882,0.12513793864489076,0.004414036636504083,0.004414036636504083,0.010593687927609799
2020-03-02,0.13242109909512248,0.13242109909512248,0.07150739351136615,0.0423747517104392,0.052968439638049,0.0476715956742441,0.0423747517104392,0.11917898918561025,0.11917898918561025,0.0953431913484882,0.12513793864489076,0.004414036636504083,0.004414036636504083,0.010593687927609799
2020-03-09,0.13242109909512248,0.13242109909512248,0.07150739351136615,0.0423747517104392,0.052968439638049,0.0476715956742441,0.0423747517104392,0.11917898918561025,0.11917898918561025,0.0953431913484882,0.12513793864489076,0.004414036636504083,0.004414036636504083,0.010593687927609799
2020-03-16,0.13242109909512248,0.13242109909512248,0.07150739351136615,0.0423747517104392,0.052968439638049,0.0476715956742441,0.0423747517104392,0.11917898918561025,0.11917898918561025,0.0953431913484882,0.12513793864489076,0.004414036636504083,0.004414036636504083,0.010593687927609799
2020-03-23,0.13242109909512248,0.13242109909512248,0.07150739351136615,0.0423747517104392,0.052968439638049,0.0476715956742441,0.0423747517104392,0.11917898918561025,0.11917898918561025,0.0953431913484882,0.12513793864489076,0.004414036636504083,0.004414036636504083,0.010593687927609799
2020-03-30,0.13242109909512248,0.13242109909512248,0.07150739351136615,0.0423747517104392,0.052968439638049,0.0476715956742441,0.0423747517104392,0.11917898918561025,0.11917898918561025,0.0953431913484882,0.12513793864489076,0.004414036636504083,0.004414036636504083,0.010593687927609799
2020-04-06,0.13242109909512248,0.13242109909512248,0.07150739351136615,0.0423747517104392,0.052968439638049,0.0476715956742441,0.0423747517104392,0.11917898918561025,0.11917898918561025,0.0953431913484882,0.12513793864489076,0.004414036636504083,0.004414036636504083,0.010593687927609799
2020-04-13,0.13242109909512248,0.13242109909512248,0.07150739351136615,0.0423747517104392,0.052968439638049,0.0476715956742441,0.0423747517104392,0.11917898918561025,0.11917898918561025,0.0953431913484882,0.12513793864489076,0.004414036636504083,0.004414036636504083,0.010593687927609799
2020-04-20,0.13242109909512248,0.13242109909512248,0.07150739351136615,0.0423747517104392,0.052968439638049,0.0476715956742441,0.0423747517104392,0.11917898918561025,0.11917898918561025,0.0953431913484882,0.12513793864489076,0.004414036636504083,0.004414036636504083,0.010593687927609799
2020-04-27,0.13242109909512248,0.13242109909512248,0.07150739351136615,0.0423747517104392,0.052968439638049,0.0476715956742441,0.0423747517104392,0.11917898918561025,0.11917898918561025,0.0953431913484882,0.12513793864489076,0.004414036636504083,0.004414036636504083,0.010593687927609799
2020-05-04,0.13242109909512248,0.13242109909512248,0.07150739351136615,0.0423747517104392,0.052968439638049,0.0476715956742441,0.0423747517104392,0.11917898918561025,0.11917898918561025,0.0953431913484882,0.12513793864489076,0.004414036636504083,0.004414036636504083,0.010593687927609799
2020-05-11,0.13242109909512248,0.13242109909512248,0.07150739351136615,0.0423747517104392,0.052968439638049,0.0476715956742441,0.0423747517104392,0.11917898918561025,0.11917898918561025,0.0953431913484882,0.12513793864489076,0.004414036636504083,0.004414036636504083,0.010593687927609799
2020-05-18,0.13242109909512248,0.13242109909512248,0.07150739351136615,0.0423747517104392,0.052968439638049,0.0476715956742441,0.0423747517104392,0.11917898918561025,0.11917898918561025,0.0953431913484882,0.12513793864489076,0.004414036636504083,0.004414036636504083,0.010593687927609799
2020-05-25,0.13242109909512248,0.13242109909512248,0.07150739351136615,0.0423747517104392,0.052968439638049,0.0476715956742441,0.0423747517104392,0.11917898918561025,0.11917898918561025,0.0953431913484882,0.12513793864489076,0.004414036636504083,0.004414036636504083,0.010593687927609799
2020-06-01,0.13242109909512248,0.13242109909512248,0.07150739351136615,0.0423747517104392,0.052968439638049,0.0476715956742441,0.0423747517104392,0.11917898918561025,0.11917898918561025,0.0953431913484882,0.12513793864489076,0.004414036636504083,0.004414036636504083,0.010593687927609799
2020-06-08,0.13242109909512248,0.13242109909512248,0.07150739351136615,0.0423747517104392,0.052968439638049,0.0476715956742441,0.0423747517104392,0.11917898918561025,0.11917898918561025,0.0953431913484882,0.12513793864489076,0.004414036636504083,0.004414036636504083,0.010593687927609799
2020-06-15,0.13242109909512248,0.13242109909512248,0.07150739351136615,0.0423747517104392,0.052968439638049,0.0476715956742441,0.0423747517104392,0.11917898918561025,0.11917898918561025,0.0953431913484882,0.12513793864489076,0.004414036636504083,0.004414036636504083,0.010593687927609799
2020-06-22,0.13242109909512248,0.13242109909512248,0.07150739351136615,0.0423747517104392,0.052968439638049,0.0476715956742441,0.0423747517104392,0.11917898918561025,0.11917898918561025,0.0953431913484882,0.12513793864489076,0.004414036636504083,0.004414036636504083,0.010593687927609799
2020-06-29,0.13242109909512248,0.13242109909512248,0.07150739351136615,0.0423747517104392,0.052968439638049,0.0476715956742441,0.0423747517104392,0.11917898918561025,0.11917898918561025,0.0953431913484882,0.12513793864489076,0.004414036636504083,0.004414036636504083,0.010593687927609799
2020-07-06,0.13242109909512248,0.13242109909512248,0.07150739351136615,0.0423747517104392,0.052968439638049,0.0476715956742441,0.0423747517104392,0.11917898918561025,0.11917898918561025,0.0953431913484882,0.12513793864489076,0.004414036636504083,0.004414036636504083,0.010593687927609799
2020-07-13,0.13242109909512248,0.13242109909512248,0.07150739351136615,0.0423747517104392,0.052968439638049,0.0476715956742441,0.0423747517104392,0.11917898918561025,0.11917898918561025,0.0953431913484882,0.12513793864489076,0.004414036636504083,0.004414036636504083,0.010593687927609799
2020-07-20,0.2410917575354072,0.16360206073649186,0.07577456198365935,0.010336023838043289,0.09988068953855915,0.02066849144433883,0.013780010362439529,0.1239949456231681,0.1317439153030596,0.03100502331548894,0.0697527294011725,0.0022964143771865104,0.0022964143771865104,0.013776962163798598
2020-07-27,0.24108596486318265,0.16360039864027354,0.07577433452292025,0.010337731657354606,0.09987818888851348,0.020669930840529992,0.013781534600595011,0.12399468890937348,0.1317432455316644,0.031008452851338773,0.06975568170097304,0.0022965272567054143,0.0022965272567054143,0.013776792479869966
2020-08-03,0.24108926419201407,0.16360134531941595,0.07577446407759648,0.01033675893573767,0.09987961318225443,0.020669111004508,0.013780666441186478,0.12399483512569492,0.13174362701295475,0.03100649949266957,0.06975400016135311,0.002296462963985793,0.002296462963985793,0.013776889126643039
2020-08-10,0.24110216249915062,0.16360504624131922,0.07577497055515306,0.010332956204086882,0.0998851812777861,0.02066590595967808,0.013777272482212725,0.12399540673983789,0.131745118365621,0.030998863084978633,0.06974742639572125,0.0022962116197619525,0.0022962116197619525,0.013777266954930706
2020-08-17,0.241102121981771,0.16360503461563405,0.07577496896415797,0.010332968149586402,0.09988516378675895,0.020665916027667347,0.013777283143636937,0.12399540494422959,0.13174511368084327,0.030998887073183108,0.0697474470458542,0.0022962124093081474,0.0022962124093081474,0.013777265768060832
2020-08-24,0.24052882449463858,0.16344053789488222,0.07575245730372039,0.01050199005893886,0.09963767586895572,0.020808372252944463,0.013928136130039143,0.12396999812546709,0.13167882678544274,0.031338306292588075,0.07003963448393048,0.002307384031320815,0.002307384031320815,0.013760472245810637
2020-08-31,0.24108632485852413,0.16360050193403375,0.0757743486588498,0.010337625522056028,0.09987834429560921,0.020669841386836908,0.013781439874255601,0.12399470486328329,0.1317432871557323,0.031008239717075104,0.06975549822534495,0.0022965202416181845,0.0022965202416181845,0.013776803025162616
2020-09-07,0.24076551916762465,0.16350845289259203,0.07576175158849441,0.010432206767611757,0.09973985505705131,0.02074955701231703,0.01386585415761321,0.12398048772082303,0.13170619434832628,0.031198171854629718,0.06991900041233874,0.002302771655585072,0.002302771655585072,0.013767405709407652
2020-09-14,0.23263726258104064,0.16117620552724862,0.07544257950709914,0.01282861261066346,0.09623095201258479,0.022769312509938792,0.016004659590831995,0.12362026785838619,0.1307663735637654,0.03601048407937199,0.07406165674934773,0.0024611637857537994,0.0024611637857537994,0.0135293058382136
2020-09-21,0.2338806032775863,0.16153295829862757,0.07549140174022782,0.012462045822525422,0.09676769219898824,0.022460360131219617,0.015677496710479147,0.12367536897507721,0.13091013347297306,0.03527436759857808,0.07342797434024324,0.002436935295996675,0.002436935295996675,0.01356572684148095
2020-09-28,0.23348778159665784,0.16142024564977894,0.07547597681949808,0.012577859116732702,0.0965981142363022,0.022557970700126828,0.015780860714371764,0.12365796030073739,0.13086471389542528,0.03550693660733647,0.07362818027720872,0.0024445900571568244,0.0024445900571568244,0.013554219971510129
2020-10-05,0.2376143081398184,0.16260427331374203,0.07563801305096833,0.011361259688036047,0.09837950258153076,0.02153258787874946,0.014695039013639444,0.12384083553454493,0.13134183901715257,0.03306383778068874,0.07152505014693263,0.00236417806198829,0.00236417806198829,0.013675097730220041
2020-10-12,0.2397271668476821,0.1632105176051552,0.07572097862966279,0.010738338044368394,0.09929160670540739,0.021007572711542587,0.014139078010702927,0.12393447107188162,0.1315861359961343,0.03181292552408158,0.07044820821630468,0.0023230056176985208,0.0023230056176985208,0.013736989401679322
2020-10-19,0.24110218140057982,0.16360505166474118,0.0757749712973372,0.010332950631499695,0.09988518943737787,0.020665901262944854,0.013777267508641203,0.12399540757749225,0.1317451205510772,0.03099885189444602,0.06974741676237751,0.0022962112514394633,0.0022962112514384805,0.013777267508607303
2020-10-26,0.24110218140068884,0.16360505166475314,0.07577497129735937,0.010332950631458095,0.09988518943742823,0.02066590126291619,0.013777267508610795,0.12399540757749715,0.1317451205510907,0.030998851894374287,0.06974741676234214,0.002296211251435132,0.002296211251435132,0.013777267508610793
2020-11-02,0.24110218140068884,0.16360505166475314,0.07577497129735937,0.010332950631458095,0.09988518943742823,0.02066590126291619,0.013777267508610795,0.12399540757749715,0.1317451205510907,0.030998851894374287,0.06974741676234214,0.002296211251435132,0.002296211251435132,0.013777267508610793
2020-11-09,0.24110218140068881,0.16360505166475314,0.07577497129735936,0.010332950631458096,0.09988518943742822,0.02066590126291619,0.013777267508610795,0.12399540757749715,0.1317451205510907,0.03099885189437429,0.06974741676234215,0.002296211251435132,0.002296211251435132,0.01377726750861079
2020-11-16,0.24110218140068884,0.16360505166475314,0.07577497129735937,0.010332950631458095,0.09988518943742823,0.02066590126291619,0.013777267508610795,0.12399540757749715,0.1317451205510907,0.030998851894374287,0.06974741676234214,0.002296211251435132,0.002296211251435132,0.013777267508610793
2020-11-23,0.24110218140068884,0.16360505166475314,0.07577497129735937,0.010332950631458095,0.09988518943742823,0.02066590126291619,0.013777267508610795,0.12399540757749715,0.1317451205510907,0.030998851894374287,0.06974741676234214,0.002296211251435132,0.002296211251435132,0.013777267508610793
2020-11-30,0.21972501486555218,0.15747133621730336,0.07493550580980127,0.016635480055887664,0.09065682941128039,0.02597782565409213,0.019402291466194415,0.12304803571364634,0.1292734065921594,0.043655164840002016,0.08064247231841004,0.0027127856793546287,0.00271278300052068,0.013151068375795433
2020-12-07,0.2202567271351105,0.16131108913721362,0.07153842047428867,0.01828643255697743,0.09025281166488522,0.02614585095669746,0.01959111978750053,0.12305776252745414,0.12916368472232329,0.044714094707114634,0.07651185605193983,0.003124281034530215,0.0029364069055706783,0.01310946233839385
2020-12-14,0.2411021801209834,0.16360505152392646,0.0757749710372769,0.01033295111972351,0.09988518884609517,0.0206659015993311,0.013777267865524034,0.12399540751993499,0.13174512039261596,0.03099885273635505,0.06974741717761206,0.002296211302270457,0.0022962112907368368,0.013777267467614132
2020-12-21,0.24110218140068884,0.16360505166475314,0.07577497129735937,0.010332950631458095,0.09988518943742823,0.02066590126291619,0.013777267508610795,0.12399540757749715,0.1317451205510907,0.030998851894374287,0.06974741676234214,0.002296211251435132,0.002296211251435132,0.013777267508610793
2020-12-28,0.24110218140068884,0.16360505166475314,0.07577497129735937,0.010332950631458095,0.09988518943742823,0.02066590126291619,0.013777267508610795,0.12399540757749715,0.1317451205510907,0.030998851894374287,0.06974741676234214,0.002296211251435132,0.002296211251435132,0.013777267508610793
2021-01-04,0.13243922478834394,0.13242629991522584,0.07150810525258282,0.04236940781944824,0.05297626435414283,0.04766709169874305,0.04236998225825349,0.11917979246176784,0.11918108494907963,0.09533246008107034,0.12512870068382412,0.004413683428269383,0.004413683428269383,0.010594218880979117
2021-01-11,0.24110218140068884,0.16360505166475314,0.07577497129735937,0.010332950631458095,0.09988518943742823,0.02066590126291619,0.013777267508610795,0.12399540757749715,0.1317451205510907,0.030998851894374287,0.06974741676234214,0.002296211251435132,0.002296211251435132,0.013777267508610793
2021-01-18,0.08111031002162943,0.14599855803893297,0.04325883201153569,0.0713770728190339,0.025955299206921415,0.06272530641672674,0.05839942321557318,0.11679884643114637,0.11193222782984859,0.13626532083633744,0.12166546503244413,0.008651766402307139,0.0072098053352559486,0.008651766402307139
2021-01-25,0.08111031002162943,0.14599855803893297,0.04325883201153569,0.0713770728190339,0.025955299206921415,0.06272530641672674,0.05839942321557318,0.11679884643114637,0.11193222782984859,0.13626532083633744,0.12166546503244413,0.008651766402307139,0.0072098053352559486,0.008651766402307139
2021-02-01,0.08111031002162943,0.14599855803893297,0.04325883201153569,0.0713770728190339,0.025955299206921415,0.06272530641672674,0.05839942321557318,0.11679884643114637,0.11193222782984859,0.13626532083633744,0.12166546503244413,0.008651766402307139,0.0072098053352559486,0.008651766402307139
2021-02-08,0.08111031002162943,0.14599855803893297,0.04325883201153569,0.0713770728190339,0.025955299206921415,0.06272530641672674,0.05839942321557318,0.11679884643114637,0.11193222782984859,0.13626532083633744,0.12166546503244413,0.008651766402307139,0.0072098053352559486,0.008651766402307139
2021-02-15,0.08111031002162943,0.14599855803893297,0.04325883201153569,0.0713770728190339,0.025955299206921415,0.06272530641672674,0.05839942321557318,0.11679884643114637,0.11193222782984859,0.13626532083633744,0.12166546503244413,0.008651766402307139,0.0072098053352559486,0.008651766402307139
2021-02-22,0.08111031002162943,0.14599855803893297,0.04325883201153569,0.0713770728190339,0.025955299206921415,0.06272530641672674,0.05839942321557318,0.11679884643114637,0.11193222782984859,0.13626532083633744,0.12166546503244413,0.008651766402307139,0.0072098053352559486,0.008651766402307139
2021-03-01,0.08111031002162943,0.14599855803893297,0.04325883201153569,0.0713770728190339,0.025955299206921415,0.06272530641672674,0.05839942321557318,0.11679884643114637,0.11193222782984859,0.13626532083633744,0.12166546503244413,0.008651766402307139,0.0072098053352559486,0.008651766402307139
2021-03-08,0.08111031002162943,0.14599855803893297,0.04325883201153569,0.0713770728190339,0.025955299206921415,0.06272530641672674,0.05839942321557318,0.11679884643114637,0.11193222782984859,0.13626532083633744,0.12166546503244413,0.008651766402307139,0.0072098053352559486,0.008651766402307139
2021-03-15,0.08111031002162943,0.14599855803893297,0.04325883201153569,0.0713770728190339,0.025955299206921415,0.06272530641672674,0.05839942321557318,0.11679884643114637,0.11193222782984859,0.13626532083633744,0.12166546503244413,0.008651766402307139,0.0072098053352559486,0.008651766402307139
2021-03-22,0.08111031002162943,0.14599855803893297,0.04325883201153569,0.0713770728190339,0.025955299206921415,0.06272530641672674,0.05839942321557318,0.11679884643114637,0.11193222782984859,0.13626532083633744,0.12166546503244413,0.008651766402307139,0.0072098053352559486,0.008651766402307139
2021-03-29,0.08111031002162943,0.14599855803893297,0.04325883201153569,0.0713770728190339,0.025955299206921415,0.06272530641672674,0.05839942321557318,0.11679884643114637,0.11193222782984859,0.13626532083633744,0.12166546503244413,0.008651766402307139,0.0072098053352559486,0.008651766402307139
2021-04-05,0.08111031002162943,0.14599855803893297,0.04325883201153569,0.0713770728190339,0.025955299206921415,0.06272530641672674,0.05839942321557318,0.11679884643114637,0.11193222782984859,0.13626532083633744,0.12166546503244413,0.008651766402307139,0.0072098053352559486,0.008651766402307139
2021-04-12,0.08111031002162943,0.14599855803893297,0.04325883201153569,0.0713770728190339,0.025955299206921415,0.06272530641672674,0.05839942321557318,0.11679884643114637,0.11193222782984859,0.13626532083633744,0.12166546503244413,0.008651766402307139,0.0072098053352559486,0.008651766402307139
2021-04-19,0.08113779297097758,0.14600158117563428,0.04326441870662128,0.07136658621690786,0.025967998889478573,0.06271808146923696,0.05839175803632552,0.11680008264070088,0.11193563129065268,0.13624723799298483,0.12165654801309249,0.008650674519300931,0.007208961212263177,0.008652646865822941
2021-04-26,0.17378680662734822,0.14429019578245855,0.07313169977923528,0.0301791447280364,0.07082568311854735,0.03739280904435404,0.03149010516974778,0.12101219281478828,0.1239618539057514,0.07085273665135502,0.1040554457906352,0.003607959422142342,0.0036079594163875264,0.011805407749212515
2021-05-03,0.2290271611851198,0.16193057233008165,0.07364132021016588,0.01477064494715795,0.09436489512888266,0.023812100040352172,0.01711420367229217,0.12345356080963434,0.13026583767756328,0.03881481220993278,0.07402764770206717,0.0027363336675040382,0.002645117683126145,0.013395792736120009
2021-05-10,0.2289435729999698,0.1602466565178458,0.07517676794897972,0.013981475672146741,0.09461402970081786,0.02369774707775401,0.016988203755900655,0.12345608573177487,0.13033324548425626,0.03824586276358349,0.07580780944655244,0.0025480472858087386,0.002541408970902954,0.013419086643706713
2021-05-17,0.222714151887784,0.15839693767103669,0.0749899139741792,0.01578751242057243,0.09193554442617351,0.02524059723222356,0.018621809562200362,0.123180250359391,0.1296158684134237,0.04191076141202479,0.07904792287931346,0.0026623090474189918,0.002658845374211888,0.01323757534004639
2021-05-24,0.24087008885386496,0.1635392368224708,0.07576513498861939,0.010401759350007051,0.09978486298398205,0.02072363640797536,0.013838408026316475,0.12398511900864065,0.13171824890331174,0.031136552133807043,0.06986488918387848,0.0023008231498070977,0.0023007834240011786,0.013770456763317772
2021-05-31,0.24082867179452733,0.16352657745773896,0.07576422757308751,0.010413589876647233,0.09976711682893853,0.020733864824028597,0.013849237040861407,0.12398328643963313,0.13171349611004032,0.031160784052123223,0.06988680965095821,0.002301541497753207,0.0023015412873280037,0.013769255566334388
2021-06-07,0.2409284713741948,0.163555211082253,0.07576814820980712,0.010384165599889375,0.09981019984068933,0.02070906589715262,0.013822976391365996,0.12398770926388746,0.13172503541796532,0.031101697255224586,0.06983594772806555,0.0022995965194697017,0.002299596408461969,0.013772179011573241
2021-06-14,0.24100120940457984,0.1635761144585005,0.07577097419914888,0.010362736655785885,0.09984159466348637,0.02069099419020972,0.013803839584732032,0.123990932672108,0.13173344415989302,0.031058645045178305,0.06979884186474042,0.0022981828311973225,0.0022981810594843635,0.013774309210955382
2021-06-21,0.24109238906859973,0.1636022976607117,0.07577453513248374,0.010335864963594168,0.09988095259259988,0.02066833905297648,0.013779849153411093,0.12399497340172307,0.1317439857363476,0.031004670176682254,0.0697523492096792,0.002296408445512714,0.002296405606547589,0.013776979799130782
2021-06-28,0.24106539802023247,0.16359449892583414,0.07577352549129858,0.010343796016423119,0.09986931008192582,0.020675041532732773,0.013786946535603164,0.12399377744300416,0.1317408674411072,0.031020629971096704,0.06976616220203409,0.002296928211630123,0.0022969281328183936,0.013776189994259221
2021-07-05,0.24098789595270334,0.16357227111513628,0.07577047302220942,0.010366650357055068,0.09983585135747057,0.020694300495583264,0.013807340703939528,0.1239903427474525,0.1317319058885854,0.03106651855599251,0.06980565160695994,0.0022984395989795003,0.002298439014645108,0.013773919583287475
2021-07-12,0.24094219725620947,0.16355917056760563,0.07576866761815197,0.01038012922719317,0.09981612156697048,0.020705656929952198,0.013819366552667604,0.12398831747444956,0.131726621478063,0.0310935787477613,0.06982893008591358,0.002299331463469967,0.0022993302770227975,0.013772580754569188
2021-07-19,0.2410916447883437,0.1636020400849137,0.07577454671161087,0.010336062814265114,0.0998806388563641,0.02066852041270756,0.013780041072865219,0.12399494058265417,0.13174390172360378,0.031005094425766624,0.06975277461782076,0.0022964179127472305,0.002296417316652452,0.013776958679684682
2021-07-26,0.2410665680524598,0.16359484352216647,0.07577356320514783,0.010343455415355774,0.09986981364996325,0.02067475151915759,0.013786639454074425,0.12399382926199326,0.13174100231258776,0.031019940564362965,0.0697655565888917,0.002296906427420939,0.002296905896251899,0.013776224130166333
2021-08-02,0.2410430563286666,0.1635881312399566,0.0757726084940363,0.010350403885519823,0.09985965799322925,0.020680596610342987,0.013792829171358344,0.12399278716574647,0.13173828221859848,0.031033873267499346,0.0697775040562434,0.002297368476074793,0.0022973662147583273,0.01377553487796929
2021-08-09,0.24108334383597077,0.16359981821359557,0.07577407250780406,0.01033858854262346,0.09987702792223387,0.020670596099240292,0.013782239578800985,0.12399457210926633,0.13174293450942087,0.03101006856605323,0.06975683788351619,0.002296597967705423,0.002296589222890306,0.013776713040878618
2021-08-16,0.24100753566807284,0.16357831058395417,0.07577086950065393,0.010361058276853215,0.09984426020781667,0.020689453212696184,0.01380220890376885,0.12399121160354562,0.13173415794037546,0.031055041518733843,0.06979521887441863,0.0022981031360359183,0.002298081955219938,0.013774488617854665
2021-08-23,0.23137992857943532,0.1608242387204545,0.07538504934443384,0.013203619856469817,0.09568665877806164,0.023082458458749792,0.01633628923735633,0.1235645135723597,0.130620587049608,0.03675816425810247,0.07469325833603484,0.002486671901451291,0.002486223464695517,0.013492338442786932
2021-08-30,0.24026400894297217,0.16350898402109015,0.07560817463603829,0.010650873550094388,0.09949854036172665,0.02088593215480262,0.014010694553049588,0.12395772028910801,0.13164150172669184,0.0315488995805485,0.07002341640091389,0.0023290688210158552,0.0023217097584419494,0.013750475203506076
2021-09-06,0.24091118721354604,0.16355063268185374,0.07576711637104629,0.010389448158735319,0.09980267294906202,0.020713391774976966,0.013827558374402039,0.12398694185228204,0.1317230192674455,0.03111207222838725,0.06984435801875989,0.002299976915062855,0.002299957393290213,0.01377166680114985
2021-09-13,0.23646990642244775,0.1622786360059926,0.07559054813381223,0.011699993757437082,0.09788500501945079,0.021817177307732586,0.014996410985441373,0.12379010886250302,0.13120939220976538,0.03374239363409363,0.0721054528621774,0.0023867905464449186,0.0023866516081188323,0.013641532644582437
2021-09-20,0.2410391612065907,0.16359282805327638,0.07576706564862833,0.010354402902899929,0.09985697742951254,0.020682037805655282,0.013794372501888315,0.12399259272554314,0.13173756187784652,0.03103834564016461,0.06977340288652654,0.0022981096178433494,0.0022978110960904887,0.01377533060753393
2021-09-27,0.24108061581416756,0.1635988737588524,0.07577411528103124,0.010339313552082922,0.09987587804156497,0.02067126081067462,0.013782942992171926,0.12399445181837569,0.13174262659285946,0.03101162343924353,0.0697583975134676,0.002296632627118996,0.002296632121383677,0.013776635637005393
2021-10-04,0.24108838598478452,0.1636010974868472,0.07577442574407003,0.010337019888057328,0.09987923335380422,0.02066932956444088,0.013780897895915576,0.1239947961906123,0.13174352527841404,0.03100702097983419,0.06975444340309586,0.00229648055231794,0.002296480340755231,0.013776863337050612
2021-10-11,0.14372430830685975,0.13566827238204196,0.07194758950062473,0.03904422214225847,0.05784726822736123,0.0448632301141884,0.03940086500120156,0.11967989862660268,0.12048572773050303,0.08865262278695919,0.11937301427346476,0.004194225568277438,0.004194025113683164,0.010924730225973692
2021-10-18,0.23027902453206736,0.1624133554127279,0.07357591589270701,0.014462155320982724,0.09488407941457556,0.023511090086829008,0.016795816676331652,0.123508575842055,0.13040484481558884,0.03811969370654598,0.07326025716219556,0.0027260786300214866,0.002628565686377115,0.013430546820994708
2021-10-25,0.24042221847244902,0.16341314510035043,0.07574530878991977,0.010534986864018318,0.09959110579238936,0.020835122469001977,0.013956472523797706,0.12396526167462646,0.1316663521977439,0.031402612736267606,0.07009062221625953,0.002309827052342634,0.0023096642204247773,0.013757299890408553
2021-11-01,0.22910173314718413,0.16016364846921316,0.07530199301755017,0.013871901070669051,0.09470436670548918,0.02364799528767427,0.01693513994695483,0.12346357672466943,0.13035749383504897,0.038104390808395665,0.07586159467796409,0.0025302760994662995,0.002530179528281912,0.013425710681438892
2021-11-08,0.22418093835326217,0.15876460698277942,0.07509682295158424,0.015328987627741972,0.09257788495576272,0.02487179138552707,0.01823110803858537,0.12324545355438073,0.1297879339923326,0.04102253498952794,0.0783560435943882,0.0026276400183014507,0.0026268868619426806,0.013281366693883403
2021-11-15,0.2240187586484561,0.15872291248100226,0.07508596817728888,0.01537917494213528,0.0925070416692261,0.024912484701102022,0.018274214236301257,0.12323824807535799,0.1297689574210228,0.04112035621843609,0.07843363408887423,0.002631354085117477,0.0026303543260779894,0.013276540929601531
2021-11-22,0.23731982484278036,0.16252223283562248,0.07562417304153601,0.011449284488412448,0.09825195452951739,0.021605962680007536,0.014772745986574532,0.12382777570513624,0.1313076756794128,0.033239100790475075,0.07167256612557668,0.002370197520068209,0.002370072388014171,0.013666433386866005
2021-11-29,0.24086158648892875,0.1635361345261152,0.07576541544399694,0.010403941147911213,0.09978130645124449,0.02072569517780715,0.013840586186770412,0.12398474469638743,0.1317172965968722,0.031141339032843746,0.06986991620654283,0.0023009130108990433,0.002300907051607097,0.013770217982073472
2021-12-06,0.2409915064803174,0.16357329603920634,0.07577062503766475,0.01036558047024695,0.09983741189148573,0.020693402431807627,0.013806389673162582,0.12399050279662595,0.13173232386484784,0.031064376836948154,0.06980382302566779,0.0022983679780803094,0.002298367956648504,0.01377402551729009
2021-12-13,0.24097533166355656,0.1635686547367498,0.07576999013224107,0.010370349073812797,0.09983042939585653,0.020697421622148108,0.013810645764883195,0.12398978597837439,0.13173045368089592,0.031073953000509816,0.06981206696144392,0.0022986831418727424,0.002298683133125296,0.013773551714529828
2021-12-20,0.24092875842656883,0.16355529163398488,0.07576816116159166,0.01038408008135036,0.09981032407031645,0.020708994421205315,0.01382290069707259,0.12398772199198616,0.1317250686922362,0.03110152663138834,0.06983580332583486,0.002299590718429103,0.0022995906997698404,0.01377218744826546
2021-12-27,0.23124489287503716,0.16077673111446053,0.0753878688548242,0.013239136045170472,0.09562987043482671,0.023115299671099137,0.016371040301797507,0.12355856207687126,0.1306053805099751,0.03683484745018299,0.0747712522333958,0.0024883008500095577,0.0024882988437462668,0.013488518738603263
2022-01-03,0.24055976776426866,0.16345211739788038,0.07575116863840947,0.010494191417503221,0.09965056974145896,0.020800903156458952,0.01392023476829637,0.12397135930214453,0.13168227916002295,0.0313209926923856,0.07002103666605,0.0023070900688376855,0.0023069524499580506,0.01376133677632517
2022-01-10,0.24021462853187742,0.1633504297964964,0.07574007861163398,0.010594644369435552,0.09950203236642657,0.020886449070495597,0.014010815140896764,0.12395607373960688,0.13164249615869855,0.031524341703678516,0.07019972146438558,0.002313511724942443,0.002313509462228134,0.013751267859197662
2022-01-17,0.23812155996058934,0.16275020075061947,0.07565757788163134,0.011211896548936937,0.09859841360678316,0.02140657409205667,0.01456159875527212,0.12386331397745236,0.13140047175250236,0.03276366276152144,0.07126612453366114,0.0023543370656147707,0.002354317639789829,0.013689950673569111
2022-01-24,0.1754172622413482,0.14477826377340386,0.0731769606763326,0.029708370189827804,0.0715260599488671,0.03698931174397962,0.031062884458910093,0.12108437374364124,0.12414943378624704,0.06989497061998184,0.10320327939902488,0.0035785030667311443,0.0035774717815654743,0.011852854570139066
2022-01-31,0.17004360876536576,0.14325232713209493,0.072951186515939,0.03130046275458319,0.06920355971500616,0.03832588453427039,0.032478285608729125,0.12084616981665613,0.12352737131866169,0.07308236263567598,0.10592534646356205,0.003685039928043654,0.0036831969603294506,0.011695197851082521
2022-02-07,0.17862750741469902,0.1458321158040714,0.07317997527404678,0.028826987816246416,0.0728890899252239,0.036202416661386766,0.030229999973560222,0.12122614402981592,0.12451445189138628,0.06804380604203336,0.10142820109887478,0.003531132546726619,0.003523338146275399,0.011944833375653108
2022-02-14,0.16329614070317094,0.14138903421739865,0.07261878308870608,0.03332545264555069,0.06627822931360472,0.04000845701440604,0.03426024861723065,0.12054686928148112,0.12274382419522244,0.07710429218426124,0.10928810205443458,0.003824850174052853,0.003819299716129214,0.01149641679435079
2022-02-21,0.1949141047517006,0.15058743199272218,0.0737433125175926,0.02406560150052489,0.07990576085851837,0.03216212064436476,0.02595180076175335,0.12194760855855571,0.12639375575860595,0.05843199148640228,0.09304152264643348,0.0032231654562025775,0.00321118330140043,0.01242063976522282
2022-02-28,0.16449284089083432,0.14172495554472417,0.07267267884855429,0.032968984665517696,0.06679611506996114,0.03971048777671603,0.03394469423598559,0.12059993138483131,0.1228825372052322,0.0763930138883372,0.10868598769598894,0.0038006783162791917,0.0037955073955770807,0.011531587081460877
2022-03-07,0.18969638470152453,0.14892130521568447,0.0736950905977661,0.025521054590849454,0.07768235194099164,0.03344489216902628,0.027309682801051373,0.1217170091349195,0.12579830954604848,0.061458163690000525,0.09587769728377991,0.0033055053351128336,0.003302134257295076,0.012270418735949815
2022-03-14,0.16471454325830734,0.14174568906404555,0.07272113324320169,0.03288259886797738,0.0668991900382636,0.039651907371306465,0.03388253419027028,0.12060991748296174,0.12291016225554985,0.07624577998759395,0.10861787965503596,0.003791452157556663,0.0037884660658571608,0.011538746362072375
2022-03-21,0.18961215725080732,0.1491685445035737,0.07344019356957596,0.02567894918139386,0.07759935697785421,0.0334879148092358,0.02735604357870271,0.12171225790787855,0.1257759691026575,0.06160914781224791,0.09563652540266203,0.0033381986856413255,0.003320998756703011,0.012263742461066169
2022-03-28,0.16893727406505485,0.143945404437566,0.07197100943308707,0.032122062925966845,0.06855233082315146,0.038683052149563864,0.0328594927077304,0.12079334817489146,0.12335253299148183,0.07411385215391787,0.10543142552203531,0.0038222135787614833,0.003768882153124602,0.011647118883666928
2022-04-04,0.18033349447215918,0.1484683562913544,0.07125697067545175,0.02937650190011416,0.07325668571502175,0.035953254378178374,0.029972497038892376,0.12129369207423328,0.12461202908915872,0.06783358792804273,0.09831159123724736,0.003743500348273629,0.0036263241733003283,0.011961514678572004
2022-04-11,0.17194381454384394,0.14489189167038335,0.0720113691739287,0.03127675578088373,0.06983582808374532,0.03794279288973091,0.03207584829638853,0.12092627445011646,0.12369626917513826,0.07236506597990139,0.10381137081323472,0.00377321606142138,0.0037156138945985072,0.011733889186684767
2022-04-18,0.1863562566648162,0.1497339332270339,0.07192223271915371,0.02737407790199286,0.07593613986439625,0.03441903204257703,0.02834647618268563,0.12156233855466658,0.12532988062788905,0.06409550059937542,0.09572619380460252,0.003573217369711509,0.003479608721316619,0.012145111719782798
2022-04-25,0.241075005061832,0.1635972596474603,0.07577389886967359,0.010340965671232466,0.09987345664887766,0.020672654659376,0.013784418985688305,0.12399420318253548,0.13174197805139487,0.03101494370006544,0.06976126150642466,0.0022967414795528962,0.0022967411885108937,0.013776471347375393
2022-05-02,0.2410522497992211,0.16359073147668401,0.07577300439790993,0.010347674968664127,0.09986363321039742,0.020678309099314274,0.013790406716846264,0.12399319473398862,0.13173934695187403,0.03102841626979922,0.06977285791602081,0.002297185018563972,0.0022971846757802315,0.013775804764936027
2022-05-09,0.24083441463582234,0.1635282592482423,0.07576442156678898,0.010411913414072266,0.09976959012661953,0.02073244057718715,0.013847728945479513,0.12398354081750651,0.13171415854148533,0.03115739668299141,0.0698838471660468,0.0023014334783805898,0.002301431535962068,0.013769423263415275
2022-05-16,0.2410094151441925,0.1635784895331824,0.07577127732247728,0.010360327503193698,0.09984513347657224,0.020688956857787138,0.013801682227219572,0.12399129624849695,0.1317343919833153,0.031053794532396057,0.06979463816012242,0.002298025285495652,0.002298022464413569,0.013774549261135142
2022-05-23,0.24109038838855912,0.1636016808751364,0.07577449618073219,0.010336433863658021,0.09988009625701076,0.020668832715096726,0.01378037178702816,0.1239948848979568,0.1317437563938533,0.031005838754476094,0.06975341360555988,0.0022964425433106856,0.0022964418814846884,0.013776921856137141
2022-05-30,0.24107820111997905,0.1635981741508719,0.07577402672764341,0.010340022148964395,0.09987483679865104,0.020671860277537354,0.0137835777732821,0.12399434483175877,0.1317423477102549,0.031013050534640988,0.06975963526302673,0.0022966789081440672,0.0022966787467348045,0.013776565008510515
2022-06-06,0.24106273419835705,0.16359376800004694,0.07577338992347715,0.010344597753608829,0.09986815439128056,0.020675706173781765,0.0137876504511697,0.12399365926507064,0.13174055788849584,0.03102221952591448,0.06976748487934613,0.0022969839425996765,0.002296982161627038,0.013776111445224138
2022-06-13,0.2410786899482307,0.1635983665071304,0.07577399762996184,0.01033990357185295,0.09987503887038496,0.02067174305150942,0.013783453791624429,0.12399436629965097,0.13174240181159128,0.031012780534645866,0.06975933159357173,0.002296675342962324,0.002296672527113168,0.013776578519769982
2022-06-20,0.23988084427788844,0.1632546650857008,0.07572696423646381,0.0106930560676812,0.09935793896369205,0.02096939035731598,0.014098645239408823,0.12394128139522703,0.13160390233464805,0.03172196084927663,0.0703698296526502,0.002320016994428416,0.0023200143098041867,0.01374149023581432
2022-06-27,0.23902413568444553,0.16302171129454368,0.07568140072221602,0.010951940391033884,0.09898589467336519,0.021183317219500956,0.014325219558685263,0.12390326638045687,0.13150424912743094,0.032233964930993536,0.07079299688146826,0.0023381829328848647,0.002337524881343621,0.013716195321631396
2022-07-04,0.24027821350169934,0.16340925324678685,0.0757049593575502,0.010595792595717041,0.09952250897877783,0.02087395236437115,0.013997701793998724,0.12395873935159821,0.13164796397204356,0.03150181482135945,0.07012483800080584,0.0023169153683641635,0.0023148455061827366,0.013752501140744855
2022-07-11,0.223554866028562,0.15864606446744486,0.07501560311108277,0.015543522762383744,0.09229711654220292,0.025032334876850207,0.018401295003673105,0.12321747863254924,0.12971270826103315,0.04141596217538105,0.07861117412506971,0.002646830232538635,0.0026429640348744655,0.01326207974635421
2022-07-18,0.23663529516792736,0.16303247349497968,0.07494223739486888,0.011997550539763887,0.09783502737730493,0.021833582215036514,0.015015870874303214,0.12379478752172553,0.13119571693291893,0.03390765119887822,0.07128174363693512,0.0024643859236782918,0.002428255040212814,0.013635422681466598
2022-07-25,0.24104798767171426,0.16358995478651092,0.07577242337457575,0.01034915032689827,0.09986171660775127,0.020679404502766105,0.013791568005465549,0.1239930041746829,0.1317388334283278,0.03103110590767119,0.06977456304199717,0.002297319128574184,0.002297296048463457,0.013775672994601109
2022-08-01,0.21461731920316818,0.15601856777431772,0.07472308879443144,0.018147620789755858,0.08844968112721305,0.02724805585811589,0.02074743032409602,0.12282163003230129,0.12868224115308774,0.046683926162920275,0.08323228132214831,0.002813780296491746,0.002813126093912719,0.01300125106803974
2022-08-08,0.23512358647856502,0.16292755620558008,0.07457804914607725,0.012604458012713447,0.09712593197854029,0.022235988645058193,0.015442968274794642,0.12372655909670287,0.13100565890525964,0.03492516896206276,0.07170798579459672,0.0025314668936535483,0.0024785808658684175,0.013586040740527104
2022-08-15,0.24065963197136664,0.1634811600140811,0.07575472987377545,0.010464939511611529,0.09969361356334168,0.020776119954237237,0.013893991924454736,0.12397578352524036,0.13169380781145684,0.03126201310148701,0.06996973309730271,0.002305188502923335,0.0023050310891562656,0.01376425605956501
2022-08-22,0.24108179557107953,0.16360154675925256,0.07577199757029406,0.010340110260259607,0.09987598620748882,0.020671157692596424,0.01378284069667309,0.12399449534090072,0.13174265460774426,0.031011794724497097,0.06975535257070467,0.0022968767302916472,0.0022967572763708624,0.013776633991846669
2022-08-29,0.24104310337308915,0.16358810761930143,0.07577264475018218,0.010350371817322436,0.09985968467995186,0.020680581898866627,0.013792813483024796,0.12399278938991229,0.13173828938154453,0.031033831585566177,0.06977751893459341,0.0022973633124822434,0.0022973629424791666,0.013775536831683664
2022-09-05,0.24104736223631737,0.16358937754665778,0.07577276755419018,0.010349139699570426,0.09986151496168147,0.02067952753377278,0.013791697112430305,0.12399297795004728,0.1317387795825869,0.031031327993689163,0.06977529818797276,0.0022972858052320738,0.0022972829931665983,0.013775660842684952
2022-09-12,0.24109254515221518,0.16360235053212566,0.07577453376562633,0.010335822910804168,0.09988101858322311,0.020668300926672663,0.013779808803740674,0.12399498028853354,0.1317440034078926,0.031004580780466907,0.06975226119555625,0.0022964063291284116,0.0022964030781505184,0.013776984245863984
2022-09-19,0.24103099029378347,0.16358464764759123,0.07577215460429976,0.01035395071472228,0.09985445287290183,0.020683593099290902,0.013796002218114563,0.12399225251599456,0.13173688809361284,0.031041008929754896,0.06978367612439479,0.002297601145148239,0.002297599978037979,0.013775181762352675
2022-09-26,0.23959794947108107,0.16317442454227066,0.07571499307109993,0.010776916563143928,0.09923565563150706,0.02103976143187696,0.014173166929448072,0.12392874085635538,0.13157114971842904,0.03188979469883603,0.07051303591437558,0.0023256361363337757,0.0023255860303847773,0.01373318900485778
2022-10-03,0.18845805608624114,0.1487966716572722,0.07343262752163986,0.025999239483646654,0.07710813849257409,0.03377137725074143,0.027656093691946486,0.12166126445152092,0.12564441835686224,0.06227725719421293,0.09626735611376776,0.0033560287187453207,0.003340903863239145,0.012230567117589889
2022-10-10,0.2386139034053762,0.16333116653224292,0.07526931844241548,0.011282311779830922,0.0987354030293624,0.021320026466335296,0.014471249498173619,0.12388348308551522,0.13143698276004587,0.03263598933254255,0.07055493608523668,0.0023950493731741012,0.002372626273425386,0.013697553936323357
2022-10-17,0.24108295997044607,0.1635995467130504,0.07577420701054423,0.01033862260675303,0.09987688993596845,0.020670678349331777,0.01378232619997338,0.123994555703036,0.13174289761741798,0.03101023571586735,0.06975720242859042,0.002296586986770961,0.0022965864635332606,0.013776704298716792
2022-10-24,0.24110142893202255,0.16360496619567647,0.07577482083684198,0.010333236426749262,0.09988484219026018,0.020666098858610885,0.013777477136704793,0.12399537374085301,0.13174502749136152,0.0309993459882075,0.06974766372895555,0.002296240838027123,0.002296234191916986,0.013777243443812183
2022-10-31,0.10113895409666869,0.14473156826571248,0.05054699914301705,0.062033485087703205,0.035806659214379054,0.05717752842405933,0.05250391143321909,0.11771277673132709,0.11457367812197163,0.12179428914738973,0.11879947733969203,0.007459014087722918,0.006374424925457214,0.009347233981680468
2022-11-07,0.23975927684425113,0.16344719865999227,0.07551138059630157,0.010840391607650492,0.09926638353779463,0.02101811039097301,0.014150909193173408,0.12393504046221643,0.1315792870842851,0.03187866209556859,0.07019373754576395,0.0023484048170563593,0.002336814769373862,0.013734402395599216
2022-11-14,0.24079488385808087,0.1635169253625054,0.07576286123583029,0.010423572311280424,0.09975252351046021,0.020742264119277317,0.013858131539872432,0.12398178889974396,0.13170958743396044,0.03118080401868987,0.06990398534602717,0.0023022047959126764,0.0023022024095491504,0.013768265158809776
2022-11-21,0.24110009898123144,0.16360452350367333,0.07577482524139958,0.010333598578665627,0.0998842785577012,0.02066642435960241,0.01377782164304516,0.12399531503068575,0.13174487655364886,0.031000110622473438,0.06974840549813333,0.0022962597650714933,0.0022962562315539145,0.013777205433114496
2022-11-28,0.2410282588520931,0.163583841937013,0.07577206772001258,0.010354745235495733,0.09985327750747608,0.020684270034588274,0.013796718988878071,0.12399213154919103,0.13173657329401317,0.03104261788491803,0.06978509123749893,0.002297651857395998,0.0022976518100056645,0.013775102091420407
2022-12-05,0.24110110435693652,0.16360476480201158,0.07577490844987667,0.010333279041278032,0.09988472067618004,0.020666170697938375,0.013777552890419263,0.12399535976294589,0.13174499498950443,0.03099949781664149,0.06974794247835127,0.002296234776357333,0.0022962336465208425,0.013777235615038227
2022-12-12,0.189874681855886,0.14890916778225938,0.07376076651458283,0.02543745604078867,0.07777019733411561,0.033395435360867115,0.027257123771829945,0.12172514826316576,0.1258218638857084,0.061329021132157324,0.09585308265617175,0.0032947890967208854,0.0032946431276720096,0.01227662317807434
2022-12-19,0.2390595533367863,0.16338019467364373,0.07535990355138839,0.011112269381820953,0.09894133370042917,0.021202870811652418,0.014346955312770542,0.1239035288248201,0.13149217129982557,0.03234276927980751,0.07041033535242773,0.002377344675628021,0.002358938801235787,0.013711830997763746
2022-12-26,0.24110207450906448,0.1636050322587033,0.07577495665808279,0.010332987668295435,0.09988514135765085,0.020665928740916113,0.013777296639536654,0.12399540279810954,0.13174510766884162,0.030998919376045337,0.06974745944960185,0.002296214623172548,0.002296214049220587,0.013777264202758916
2023-01-02,0.24110203160211868,0.16360501087513624,0.0757749633830784,0.010332995870457844,0.09988512439391133,0.02066593866417071,0.013777307120878032,0.12399540093064866,0.1317451031290078,0.030998941398958316,0.06974749081411764,0.0022962144213147908,0.0022962143096161985,0.013777263086585358
2023-01-09,0.22152567204200774,0.15798846094371155,0.07500578513654593,0.016104828800362347,0.0914340794868133,0.025530425602363897,0.018928521788527136,0.12312783369016327,0.12948158422045425,0.04258926228557009,0.07972426514732958,0.002677749689999264,0.0026777235384780676,0.013203807627673524
2023-01-16,0.08111275169886734,0.14599791206667495,0.04326017613260466,0.0713756927748361,0.02595658463377071,0.06272459008044698,0.05839866067608731,0.11679895969224359,0.11193257266870596,0.13626337356092585,0.12166563014261357,0.008651564759859837,0.007209672303643705,0.00865185880871939
2023-01-23,0.08111465607086539,0.14599903630503092,0.04325971528604965,0.07137541460503603,0.02595730745234168,0.06272416390714755,0.058398211090956734,0.11679904191988465,0.11193276603098679,0.13626246135820877,0.12166405472083314,0.00865159375881353,0.00720967186146357,0.008651905632381624
2023-01-30,0.0819828692714706,0.14609457981615193,0.043436167663218984,0.07104415205577835,0.026358496006048476,0.06249592399183403,0.05815606413224154,0.11683809483770655,0.11204028283848765,0.13569122146329124,0.12138231584751664,0.008617104647534157,0.007183007709534809,0.008679719719184985
2023-02-06,0.08113307414220725,0.14600104264412858,0.04326347750724959,0.0713683772291538,0.025965821694465617,0.06271932041043622,0.05839307241453913,0.11679987045625574,0.11193504781911295,0.13625033557186106,0.12165809943559784,0.00865085976962099,0.0072091049135771254,0.008652495991794188
2023-02-13,0.22409411927098677,0.1617333318752386,0.07231836157058301,0.016822270874991562,0.0920260222990995,0.02513705564093295,0.018520856737305094,0.12323037164493626,0.12963889756660887,0.04218926920522989,0.0752666556677891,0.002971838111564823,0.0028185517274778795,0.013232397807255712
2023-02-20,0.08111033479994337,0.14599855148228968,0.043258845652949865,0.0713770588136243,0.025955312251742715,0.06272529914719187,0.058399415477155034,0.11679884758053277,0.1119322313293568,0.13626530107477478,0.12166546670932422,0.008651764355879856,0.007209803985161051,0.008651767340073679
2023-02-27,0.23748747424286806,0.1632072669290529,0.07504033199918977,0.01171212459010686,0.09821488643950811,0.021616152241829518,0.014785418883612074,0.1238328151855109,0.1312974865291063,0.033377144324768904,0.07092040477160813,0.0024398027341857517,0.0024072244122178284,0.013661466716434896
2023-03-06,0.2410990989996545,0.16360468186021265,0.0757743732058391,0.010334111705319103,0.09988377036279196,0.020666709088018844,0.013778124470368141,0.12399526904348306,0.13174474025689747,0.031000868556739142,0.06974844904373775,0.0022963301966940942,0.002296303974942738,0.013777169235301413
2023-03-13,0.24110200801463474,0.1636050020296886,0.07577496438265166,0.01033300180609648,0.09988511456834703,0.020665944356210667,0.013777313142281552,0.1239953998931186,0.13174510049819022,0.030998954589864534,0.06974750501036744,0.002296214643268232,0.0022962146374219967,0.01377726242785823
2023-03-20,0.20045491615565322,0.15194209854173496,0.07417887578519602,0.022316743681082638,0.08233809166235737,0.03076616528739178,0.024472868832238176,0.12219404314644819,0.12704532492007514,0.05506395490924129,0.09046374717583712,0.003088288501656255,0.0030882884907805813,0.012586592910307203
2023-03-27,0.23750159501277998,0.16258366857587167,0.07562270794130325,0.011400244094956106,0.0983288286613721,0.021561550835034707,0.01472574381753176,0.12383579638536862,0.13132826176248058,0.033134941789709806,0.07157021066105715,0.0023677172063958,0.0023671192211325866,0.013671614035005903
2023-04-03,0.2395774283607754,0.1631716737246501,0.07571127902267412,0.010784504812239538,0.09922625776068952,0.021045116021648023,0.014178846407211709,0.12392781964895978,0.13156863131792412,0.03190311303228173,0.0705202106850429,0.0023263949686715326,0.0023261850083588246,0.013732539228872631
2023-04-10,0.24054009989948194,0.16345482107816717,0.07574265880921924,0.010504082251613261,0.0996406450538076,0.020806469810147298,0.013926154209149593,0.12397045635744394,0.13167961752369503,0.03133574682294546,0.07002232325968656,0.0023084283209324837,0.0023078654017150407,0.013760631201995407
2023-04-17,0.24109644439751876,0.16360350466424667,0.07577465413757609,0.010334690634901052,0.09988269578746677,0.020667334895016265,0.01377878593592516,0.12399515295880592,0.13174445261399192,0.03100228540140796,0.06975023693168461,0.002296334386908873,0.0022963293363677316,0.013777097918182213
2023-04-24,0.24107136036252377,0.16360165906387109,0.07576870814725911,0.010344709825671249,0.09987094763745029,0.02067400357007897,0.013785863500613223,0.12399402122601946,0.13174130381025945,0.031019130239503857,0.06975741922525584,0.0022974354948920527,0.002297157757670095,0.013776280138931497
2023-05-01,0.24107429985965878,0.16360198257018252,0.07576930553547223,0.010343588287497162,0.0998723059313864,0.020673230823547134,0.013785043669403136,0.12399415344683257,0.13174166782718444,0.03101719621036974,0.06975646531872827,0.002297318728571136,0.0022970674828784892,0.013776374308287999
2023-05-08,0.24109291134982352,0.1636040309004674,0.07577308787207794,0.01033648726520228,0.0998809059916486,0.020668338165544267,0.013779852894067513,0.12399499060563059,0.13174397260627968,0.03100495087879237,0.0697504255937254,0.0022965794249883414,0.0022964959087985737,0.013776970542953508
2023-05-15,0.24110138258267524,0.16360494003488654,0.07577483093946263,0.010333243785944229,0.09988482439159564,0.020666109328777,0.013777488185992608,0.12399537173505627,0.13174502272945443,0.030999368637341228,0.06974770081464056,0.00229624026968877,0.0022962342789160702,0.01377724228556879
2023-05-22,0.24109839487325319,0.16360463490166813,0.07577420180302175,0.010334395328200607,0.099883439750867,0.020666896677093358,0.013778323574857858,0.12399523725675629,0.13174465164264193,0.03100134320961154,0.06974864558023536,0.002296361660317522,0.0022963275370045254,0.013777146204471001
2023-05-29,0.2410975885972521,0.16360454601700122,0.07577403808416174,0.010334702881886848,0.09988306720957726,0.02066710862188135,0.013778548433360675,0.12399520099041238,0.13174455180323807,0.031001873639463443,0.06974890738467686,0.002296393671045826,0.002296352289000811,0.013777120377041359
2023-06-05,0.2410920594324398,0.16360367810003607,0.0757731548669698,0.010336685305874723,0.09988055684463296,0.020668541034074613,0.013780067399922087,0.12399495325786063,0.13174387913550342,0.03100541488303194,0.06975097320948194,0.0022965836284457117,0.002296505633421343,0.013776947268305048
2023-06-12,0.24106557514524082,0.16359524060270092,0.07577289203572202,0.010344082500117757,0.09986926783886353,0.020675053757311226,0.01378696152286276,0.12399378270005228,0.13174085584381182,0.031020782494957867,0.06976534876559722,0.0022970038017126842,0.002296968522152193,0.013776184468896929
2023-06-19,0.24110066591521714,0.16360488443450813,0.07577466371936312,0.010333528633599825,0.09988448923238603,0.020666299623575354,0.013777690140780863,0.1239953394114743,0.13174493289932473,0.030999848836095564,0.0697479090221056,0.002296271400669952,0.0022962577653103606,0.013777218965588983
2023-06-26,0.12025933582205399,0.13563928126664898,0.0648118460370239,0.049248942631822404,0.04656573750954998,0.0512396522569521,0.04617294717342948,0.11861484391797572,0.11746134903329655,0.1050426301195573,0.12431485437964422,0.005418473580180177,0.005076696104819887,0.010133410167045248
2023-07-03,0.09484684967103123,0.14273430431011455,0.05047778319696874,0.06379448346265784,0.0331233756786718,0.05872540796655357,0.05414246010251061,0.11743464962619361,0.11385506895488692,0.12544802960845375,0.1222071563212561,0.007559674260797255,0.006484861111818019,0.009165895728085943
2023-07-10,0.19397581093532398,0.15841894935055784,0.06619721064562384,0.028313776127041137,0.07810879126448078,0.03305469801974739,0.026920934493243183,0.1218756261882892,0.12590913947780308,0.06200558400290901,0.08504015269460032,0.004168267487480287,0.0037435322598915874,0.012267527053008424
2023-07-17,0.18491977463620948,0.14835680481942984,0.07276032638877415,0.027324498697270307,0.07548182659144566,0.03469742684738643,0.02863842797542118,0.12150229923369521,0.12520859308007593,0.0645864535388059,0.09746839744074443,0.0034908073321622776,0.003446365674648722,0.012117997743930494
2023-07-24,0.13916644652420898,0.13435654719549112,0.07177226292779541,0.040386060799874564,0.055880351913182164,0.04599547332154264,0.040599834103373145,0.11947792267732663,0.1199589126101984,0.09134962673258958,0.12170009733479302,0.004282592711642678,0.004282592711642678,0.010791278436339003
2023-07-31,0.14146988027801108,0.1350174733419928,0.07186271181283313,0.03970695304190778,0.05687472575280525,0.04542310298134837,0.03999372668350859,0.11958000392698802,0.12022524462058985,0.08998588503789433,0.12052612671324316,0.004237706606599014,0.004237706606599014,0.010858752595679587
2023-08-07,0.14908753113654988,0.1372032121847179,0.07216183394978383,0.0374610860674497,0.06016320440803472,0.04353022570359465,0.037989278020864464,0.11991759528069651,0.1211060271758797,0.08547587554694505,0.11664370626230237,0.004089264448860403,0.004089264448860403,0.011081895365460382
2023-08-14,0.23181339653753735,0.16093981296398632,0.07541022877639879,0.013071508166372394,0.09587529566272833,0.022974031437416564,0.016221445214085774,0.1235837565955224,0.1306711149528775,0.036498251731692986,0.0744815492379287,0.002477218138395613,0.002477218138395613,0.013505172446661584
2023-08-21,0.24080007985730106,0.16351836941978132,0.07576310868237315,0.010422017443763745,0.09975477462903241,0.020740969175278186,0.013856760129875736,0.12398201934654726,0.13171019039029921,0.0311777102922204,0.06990138617260919,0.0023020981850567198,0.0023020981850567198,0.013768418090804903
2023-08-28,0.24098296947412687,0.16357084608835679,0.07577029020513219,0.01036809717910106,0.09983372660679608,0.020695523721495208,0.0138086359962464,0.12399012446379011,0.1317313368023671,0.031069430991554396,0.06980817444607892,0.002298534287228667,0.002298534287228667,0.013773775450497612
2023-09-04,0.2409209924246546,0.16355306296244243,0.07576785655362672,0.010386369506248744,0.09980697161262683,0.02071092413178793,0.013824944149013732,0.12398737782753454,0.13172417077375576,0.031106124335280903,0.06983976173838576,0.002299742009546844,0.002299742009546844,0.01377195996554839
2023-09-11,0.24092075021327,0.16355299346453012,0.07576784704271736,0.010386440915999546,0.09980686705191869,0.02071098431785248,0.013825007882610211,0.12398736709345513,0.1317241427683291,0.031106267735872974,0.06983988518411074,0.002299746729424563,0.002299746729424563,0.01377195287048454
2023-09-18,0.2406525546181339,0.16347603988125062,0.07575731581189205,0.010465511438001233,0.09969108916889284,0.02077762708705444,0.013895578759640493,0.12397548147206057,0.13169313294574891,0.03126505220919111,0.0699765740508946,0.0023049729512057,0.0023049729512057,0.013764096654827898
2023-09-25,0.2404632642651748,0.163421726644178,0.07574988295156113,0.010521318793863156,0.0996093740447809,0.020824663032212344,0.013945387132574124,0.12396709269346119,0.1316712464555609,0.03137712104829178,0.07007304798375676,0.0023086615776542136,0.0023086615776542136,0.013758551799276436
2023-10-02,0.23885559255623606,0.16296043607496816,0.07568675454018822,0.010995299140813408,0.09891535508832856,0.02122414645622968,0.01436841720664754,0.12389584552309095,0.13148536117121776,0.03232893871495697,0.07089241574385649,0.002339989642150985,0.002339989642150985,0.013711458499164277
2023-10-09,0.2392174184384248,0.1630642550737237,0.07570096234953709,0.010888624154731451,0.09907155241380108,0.021134237899954677,0.014273209193162611,0.12391188055694102,0.13152719689341114,0.03211472068461587,0.07070800716032125,0.0023329388838955615,0.0023329388838955615,0.01372205741358413
2023-10-16,0.238945299498808,0.162986175761977,0.07569027706082611,0.010968851373195379,0.09895408085449348,0.021201855564141753,0.014344812428165645,0.12389982106472999,0.13149573343841311,0.03227582796337271,0.0708466956032383,0.002338241558343155,0.002338241558343155,0.013714086271952213
2023-10-23,0.23698908595992602,0.16291710614041943,0.07515717472980521,0.011786914541560178,0.09802502171798905,0.021728015512360158,0.014903440691251787,0.12381128036280874,0.13124669364084116,0.03361738744356178,0.07132845370633432,0.0024326780870545773,0.0024075978238707967,0.013649149642216743
2023-10-30,0.12248750252974949,0.13506670384907818,0.06602275777549685,0.047997864924161096,0.04773585594541596,0.05058733182231746,0.04547859484355267,0.11871813753581478,0.11777524865741307,0.10327193215858695,0.12444782757939132,0.005236398101204583,0.004956370320288005,0.010217473957529593
2023-11-06,0.08731910597357986,0.14435572381210485,0.04667693058623,0.0678677277938783,0.0292239742341292,0.06090375875607145,0.056460386386112595,0.11708685220702134,0.11280910873628455,0.13131362430810053,0.12208555437434138,0.008138995518610033,0.006871512573618265,0.008886744739917716
2023-11-13,0.1289459914563288,0.13344855147459866,0.06949419475898878,0.044391880010767666,0.051120390831373555,0.04869991611943874,0.043469668708986955,0.11901738519185033,0.11868318057767903,0.09815490875818769,0.1247898171382425,0.004713388470840507,0.00461023168181323,0.010460494820903568
2023-11-20,0.1296520520105841,0.15129618177280446,0.05316525233718878,0.05283453223366644,0.04839332041593122,0.04996082938375032,0.04485706152739728,0.1189824583548648,0.11794553795813442,0.10431086617511894,0.10595973845930441,0.006718424642381792,0.005716209016166963,0.010207535712706077
2023-11-27,0.24018857101451108,0.16339283656136633,0.07569281423962444,0.01062678307178902,0.0994822122841144,0.020896984655051826,0.014022119174805331,0.1239547317489946,0.13163716713813248,0.03155835397478224,0.07016078564940686,0.0023197267384968624,0.0023171827884316066,0.01374973096049299
2023-12-04,0.10946574381909517,0.1385334651551457,0.05883427023068702,0.055368452243676355,0.040876788848255796,0.05440940699775709,0.04954724564829003,0.11811402098142505,0.11593517332682099,0.11366507614565559,0.12354454624038355,0.006314265822603922,0.00566722184126969,0.009724322698934121
2023-12-11,0.10570884472646651,0.1395077824359624,0.05678431079822256,0.057482249491267734,0.0389023300039354,0.055510005043615765,0.05071878242540405,0.11793982481434939,0.11540549583820295,0.11665395484156849,0.12331102699373446,0.006622280250891518,0.005870667099955411,0.009582445236423424
2023-12-18,0.08146053616797494,0.14590588602841906,0.04345164303036454,0.07117911603813784,0.02613967933117124,0.06262255620618938,0.058290045646120926,0.1168150922897199,0.111981691117675,0.1359860041457707,0.1216891645101667,0.008622841656965075,0.007190722711187701,0.008665021120136927
2023-12-25,0.1314819723904158,0.13268890693542149,0.07097247414099195,0.042915036805943205,0.05247070901519527,0.047948690800791456,0.042669767734824705,0.11913535367210695,0.11904545750014324,0.09609936925096618,0.1250541767161445,0.0044938071336883675,0.004466431771433381,0.010557846131933522
2024-01-01,0.12767550071781328,0.1508317685699585,0.052992419087129726,0.05346762774082056,0.047522409123355557,0.050460335847976344,0.045386313910436855,0.1188944780688829,0.11771223195032188,0.10551934829844337,0.10685958569741932,0.006768693296916245,0.005761243815446477,0.010148043875079005
2024-01-08,0.24087987274303133,0.16354753976948425,0.07576042479567223,0.010401569169427135,0.09978814231687548,0.020721652613679895,0.013836323546599623,0.12398553197739681,0.1317191249853741,0.031132807111717,0.06985415005910077,0.002301261260128286,0.0023009415173526285,0.01377065813416054
2024-01-15,0.22800744024650668,0.16011220752375765,0.07501564807196617,0.01432324285644983,0.09418685720768989,0.023941283406404782,0.017246491344074143,0.12341409569187693,0.13021877711951754,0.038850079990264005,0.07614448961209637,0.002581638360307661,0.002568164444427014,0.01338958412466128
2024-01-22,0.24099696020681294,0.16359345100376219,0.07575360644545653,0.010373086740856425,0.09983657196084252,0.020693560550552062,0.013806612063340891,0.12399067472539824,0.1317320912846115,0.031068074059241654,0.06978158396600732,0.0023003886266402328,0.0022994413920551524,0.013773896974422344
2024-01-29,0.24109966950563552,0.16360434864465612,0.07577485623665418,0.010333699886206143,0.099884102027766,0.020666526875370534,0.013777930048760737,0.12399529619137153,0.13174482929320874,0.031000345656929537,0.0697486784288666,0.0022962622271170264,0.0022962613242376545,0.013777193653219598
2024-02-05,0.241100501580317,0.1636045795272342,0.07577489620071627,0.010333450714435248,0.09988446257917886,0.020666319476455194,0.013777710401934347,0.12399533309593298,0.1317449258661295,0.030999850099017,0.06974826258587909,0.0022962451129257835,0.0022962446108029063,0.013777218149041691
2024-02-12,0.23900288750365078,0.16300274182310331,0.0756924991680637,0.01095189377433644,0.09897893386730666,0.021187549210981753,0.014329662944262378,0.12390237303304664,0.1315023900250815,0.03224174889653065,0.07081730097130476,0.0023371242017708386,0.0023371220471218607,0.013715772533438756
2024-02-19,0.08117859500431768,0.14598048900188113,0.04329642551901852,0.07133847619967605,0.025991248601970728,0.06270527276696214,0.05837809740016337,0.11680201395224121,0.11194187190242397,0.13621086120018483,0.12167008623988983,0.008646126783253901,0.00720608469441916,0.008654350733597528
2024-02-26,0.08111747503383979,0.14599934652016178,0.043260288202254575,0.07137433904291886,0.025958610053829996,0.0627234228450086,0.05839742487464805,0.11679916871907649,0.11193311512258551,0.13626060662438177,0.12166313995627052,0.00865148177754752,0.007209585286755321,0.008651995940721118
2024-03-04,0.08111031002162943,0.14599855803893297,0.04325883201153569,0.0713770728190339,0.025955299206921415,0.06272530641672674,0.05839942321557318,0.11679884643114637,0.11193222782984859,0.13626532083633744,0.12166546503244413,0.008651766402307139,0.0072098053352559486,0.008651766402307139
2024-03-11,0.0811594138224451,0.14600396172443653,0.04326881168120906,0.07135833750210166,0.025977989350945068,0.06271239778183613,0.05838572803576863,0.11680105515901511,0.11193830869089097,0.13623301304670446,0.12164953063853388,0.008649815791244764,0.0072082972827336445,0.008653339492134985
2024-03-18,0.08111381565080479,0.14599894331162913,0.04325954495354114,0.0713757350139853,0.025956919193948637,0.06272438479928645,0.058398445441006065,0.11679900411903224,0.11193266197960132,0.13626301412221808,0.1216643279729095,0.00865162708569449,0.0072096976397820565,0.008651878716560752
2024-03-25,0.08178274910032156,0.14607255727403964,0.043395496077469606,0.07112050689555476,0.026266023432979145,0.06254853250381742,0.05821187816943367,0.11682909327415013,0.11201550058652121,0.13582289027045444,0.1214472557875334,0.00862505425936447,0.007189153699593001,0.008673308668767511
2024-04-01,0.13058014122096348,0.15144122701684584,0.05331409439217366,0.052501463004065094,0.04881480330476945,0.049720342200344894,0.04460204095361107,0.11902404350302596,0.11805847714014726,0.10371621879575348,0.10561365010760267,0.006686466696596772,0.00569042917063275,0.010236602493467653
2024-04-08,0.23958987706749568,0.1634367712282373,0.07546933784542337,0.01090905251937605,0.0991866949538208,0.02106331166396883,0.014198887607338437,0.12392738989962035,0.13155792774326122,0.03199317889565658,0.07024010998104173,0.002356073911733888,0.0023425385697649686,0.013728848113260785
2024-04-15,0.24102805479698397,0.1635842202809763,0.07577165471400434,0.010355019591274262,0.09985311434897136,0.020684356303820085,0.013796811634491351,0.12399212086653284,0.1317365294148738,0.031042901467826033,0.06978473791103619,0.0022977058193827168,0.002297683511169235,0.013775089338657474
2024-04-22,0.2407438593413583,0.16356561969237096,0.07570214728517707,0.010469666674490398,0.09971961408484852,0.02076009862768871,0.013877204477825969,0.12397928996734714,0.13170074706848828,0.031234609483835656,0.06986369380699581,0.0023104453221427235,0.0023072158677050285,0.013765788299725483
2024-04-29,0.24093483627047446,0.16358663597311185,0.07574096070972167,0.01039680035387369,0.09980786171445881,0.02070989372685537,0.013823940507637961,0.12398788026094193,0.13172439705380437,0.031108956431563986,0.06980172097463337,0.002302858909188867,0.002301350675298921,0.013771906438434818
2024-05-06,0.24086595081041529,0.16357905539165485,0.07572696069087856,0.010423083266902652,0.09977603075669356,0.02072800265607071,0.013843152844478634,0.12398478173836613,0.13171586649398004,0.031154279541290516,0.06982407460178723,0.002305595331587863,0.0023034662527097625,0.013769699623184157
2024-05-13,0.23950007968734782,0.16342874649774236,0.07544936623997724,0.010944224766219625,0.09914488180314357,0.02108706919150036,0.014224097910023612,0.12392334377298414,0.13154672128804476,0.03205295288585347,0.07026730563775745,0.0023598535209371934,0.002345414235514871,0.013725942562953489
2024-05-20,0.2404114496812644,0.16352903928043402,0.07563458961043773,0.01059649596733007,0.09956601247077602,0.020847484020774118,0.013969914410420392,0.1239643379174468,0.1316595824963248,0.03145331803983084,0.06997156216699088,0.0023236500425400735,0.0023174246747223073,0.013755139220707457
2024-05-27,0.13286478965205234,0.1516939406097249,0.053777215563291667,0.05163040224707228,0.049870282918493665,0.049119848786049275,0.043964962085169715,0.11912680393328388,0.11834134064241043,0.10221352010631331,0.1048709144813091,0.006595859144265735,0.005620346428804559,0.010309773401759124
2024-06-03,0.18965582025186142,0.1579435763545954,0.06531920857363507,0.029962060091866707,0.0761125827436757,0.03419035927816884,0.028125793580292612,0.12168130948880361,0.12537416416715652,0.0648479264215373,0.08644198154505969,0.004339878737631228,0.0038762073699633985,0.012129131395752465
2024-06-10,0.23333628584032193,0.16275044455563048,0.07419666022728144,0.013295990399646209,0.0962966833378949,0.022707435904271735,0.015943196301816075,0.12364609144177958,0.13078341634514776,0.03610841400378337,0.07226748317001885,0.002604705533703301,0.002534713733793018,0.013528479204911325
2024-06-17,0.23585281555770812,0.16302737902765357,0.0747081101534691,0.012335820697069086,0.09745953470130812,0.022045878901076357,0.015241329513694347,0.1237592869424739,0.13109505551087927,0.03445266615201198,0.07145085848643819,0.0025047383086824566,0.002457427272771433,0.01360909877476403
2024-06-24,0.24100536414247847,0.16359439729572267,0.07575529452612027,0.010369890786536705,0.09984045160662337,0.020691353032770816,0.013804270097765768,0.12399105266050837,0.13173313100478468,0.031062552698775163,0.06977883437776108,0.0023000572432271427,0.002299184656915384,0.013774165870010098
2024-07-01,0.2409401118832667,0.16358721653412533,0.07574203290519568,0.010394787469411946,0.09981029949752408,0.02070850684929746,0.01382246912528937,0.12398811756218554,0.13172505036918464,0.03110548534815606,0.06980000901566169,0.0023026493394915646,0.002301188653193791,0.013772075448016181
2024-07-08,0.24101614620459594,0.16359558382042738,0.07575748583140708,0.010365776943054166,0.09984543383892011,0.020688518594276645,0.013801262952149554,0.12399153764620573,0.13173446622161916,0.03105545865332626,0.06977533555237302,0.0022996289340272,0.002298853523363566,0.013774511284254177
2024-07-15,0.2387538250985118,0.1633466240339676,0.0752977002963007,0.011228954583499,0.0988000485352962,0.02128324805877156,0.014432230286831568,0.12388977665027336,0.13145430745486752,0.0325439502397902,0.07050946845159928,0.002389497915712111,0.0023683328506990215,0.013702035543879993
2024-07-22,0.23656421229998012,0.16310566551871264,0.07485269172101884,0.01206439072200362,0.09778826067102882,0.021858863626172616,0.01504291908240514,0.12379128613162614,0.1311831526574117,0.03398460347838799,0.07122000719326865,0.0024764786152949828,0.0024355791951538187,0.013631889087534963
2024-07-29,0.23966553266968596,0.16344695396574557,0.07548299227467882,0.010881096983644865,0.09922133519241351,0.02104357414417025,0.01417795263603916,0.1239307859792286,0.13156721046765885,0.03194409328519673,0.07021361543556519,0.0023532810273157226,0.0023403329223946508,0.013731243016262185
2024-08-05,0.24014893286631495,0.16350015030883042,0.07558123669165386,0.01069665798424968,0.09944470731229774,0.020916495658580947,0.014043131043811836,0.12395252970310167,0.1316270732354025,0.03162604067823383,0.07005674999905248,0.002334078322933706,0.002325486965998239,0.013746729229538224
2024-08-12,0.2362942588717421,0.1630759581762547,0.07479782741324112,0.012167390142638403,0.09766351916294491,0.02192983023537005,0.015118209806894045,0.12377914341252273,0.13114972246956957,0.03416221902800593,0.07130760823822883,0.002487202309483601,0.002443869876151948,0.01362324085695201
2024-08-19,0.2410607647333025,0.16360049391888734,0.0757665539314402,0.010348752959931035,0.09986605140468201,0.020676789068519726,0.013788818726588594,0.12399354462298103,0.1317399916405984,0.03102610194335191,0.06976085664849395,0.0022978564969808597,0.0022974832203800965,0.013775940683862271
2024-08-26,0.23879348089987087,0.16335098800326078,0.07530575979050733,0.011213824104914413,0.09881837289775416,0.021272823157795762,0.014421170179041863,0.12389156039964033,0.1314592183052209,0.032517858750602965,0.07049659997402351,0.0023879226192272513,0.002367114960632061,0.013703305957507798
2024-09-02,0.24072810071708609,0.16356388551603182,0.07569894456233016,0.010475679301115055,0.09971233225638694,0.02076424132792229,0.013881599599777741,0.12397858113194081,0.13169879556976868,0.031244977852667284,0.06986880754814143,0.0023110713214813195,0.002307699839061359,0.013765283456289096
2024-09-09,0.24071776123534172,0.16356274769560472,0.07569684320539469,0.010479624280203775,0.09970755453397012,0.02076695941883538,0.013884483308558364,0.12397811605385933,0.1316975151607027,0.03125178070286544,0.06987216275430072,0.0023114820495132565,0.0023080173802957397,0.013764952220554037
2024-09-16,0.2405437511885761,0.16354359855538403,0.0756614780654723,0.010546016969188967,0.09962714705110551,0.02081270398694791,0.01393301517042375,0.12397028894407659,0.13167596630100584,0.03136627041428364,0.06992862976059042,0.002318394465997246,0.002313361493899408,0.013759377633048325
2024-09-23,0.24027466240902803,0.16351398636420797,0.07560678948560497,0.010648686487311668,0.09950280508446199,0.020883443293287677,0.014008064742108183,0.1239581851175564,0.13164264318855196,0.031543317069284094,0.0700159502233433,0.002329083812675657,0.0023216256202191585,0.013750757102358988
2024-09-30,0.23367933183124703,0.16278819545510131,0.0742663795894354,0.013165102866389116,0.09645519984398052,0.022617254383208545,0.015847519868446264,0.12366152192226851,0.1308258980872392,0.03588270728607251,0.07215616327506294,0.0025910782931702825,0.002524178268853711,0.013539469029524565
2024-10-07,0.238072207843766,0.1632716146616321,0.07515917099850644,0.011489022339599456,0.09848508322869519,0.02146243476388398,0.014622335140357276,0.12385911696606627,0.13136989810688737,0.03299241953362708,0.07073065617337913,0.0024165746416543892,0.0023892663548919584,0.013680199247053403
2024-10-14,0.23978650423249148,0.16346026642362912,0.07550757807489418,0.010834940870853184,0.09927723437205394,0.021011772578701505,0.014144213347504713,0.12393622737597704,0.13158219120746475,0.031864500183689956,0.07017435964473712,0.0023484755241831522,0.0023366177014263077,0.013735118462393581
2024-10-21,0.24099711346971983,0.1635934167287368,0.07575368500092945,0.010373003191280497,0.09983665156871852,0.02069351609705554,0.01380656475832749,0.1239906818112044,0.13173211263874857,0.031067954166574544,0.06978158776421829,0.0023003766872686624,0.0022994334397611975,0.013773902677456104
2024-10-28,0.24104698225742813,0.16359896564104803,0.07576376355782123,0.010354005924765005,0.09985968471318941,0.020680411327940167,0.01379266166406546,0.12399292471971125,0.13173828539907867,0.03103516579733557,0.06976534123112454,0.0022984026716957144,0.0022979057670473343,0.013775499327749421
2024-11-04,0.2410189511194184,0.16359587997709316,0.07575806749142303,0.01036470060644076,0.09984673209893638,0.020687780206624377,0.013800479538327987,0.12399166386045686,0.13173481415450983,0.031053608500699312,0.06977443844417575,0.0022995160792375767,0.002298766586063845,0.013774601336592779
2024-11-11,0.2157265938914531,0.1580458761732173,0.07318240962573601,0.01865846102232497,0.08863489199272848,0.027111536592302556,0.02060791602607832,0.12286437622035705,0.1287311478502791,0.04666391063297162,0.08087797972361972,0.0029876961618410035,0.002899962954642366,0.013007241132448465
2024-11-18,0.09647400736431401,0.1419404494479508,0.05171035922343769,0.0626966581334288,0.034042433503903895,0.05821845481294304,0.053601899063018946,0.11751149157815904,0.11410174477694239,0.1240149651132337,0.12269755343502801,0.00738372376040555,0.0063731482873859635,0.009233111499848219
2024-11-25,0.09487608233571218,0.14235649375342224,0.050836930679657076,0.06359652391257542,0.03320235397496266,0.05868670636564626,0.05410033573989004,0.11743739443323636,0.11387638059480615,0.12528683732477494,0.12259651681447475,0.007514919100038375,0.006459783719291003,0.009172741251512488
2024-12-02,0.130218975648705,0.1330477274808622,0.07025432703037388,0.04364098715992074,0.05180156051113788,0.04832123634880363,0.04306640401112979,0.11907667493007729,0.11886593809697327,0.09711582407537715,0.12494293557211146,0.0046009337185285715,0.004536810740651496,0.010509664675347665
2024-12-09,0.09265551270930024,0.14436005747286046,0.04830183670568301,0.06554586132509213,0.03179000948531747,0.059453448170251756,0.05492007723064959,0.11732907555043293,0.11349701819808684,0.1275853651409915,0.12096404570001419,0.007860318382284454,0.0066706320498311385,0.009066741879204334
2024-12-16,0.21784952504464092,0.15975226396120262,0.07224863451175188,0.018570519099836754,0.08936280799056953,0.02667333828770578,0.020147132536758545,0.12295434042714622,0.12892566266943786,0.045815836609550256,0.07864743674388026,0.003071865811789232,0.002928224803835595,0.013052411501894476
2024-12-23,0.24098366723045578,0.16359138538829474,0.0757514635935227,0.010377863089957202,0.09983053304411216,0.020697006002192726,0.013810265767987844,0.12399007905884624,0.13173047311153713,0.03107659558339704,0.06978652855740436,0.0023008477157077513,0.0022998113881745976,0.013773480468409762
2024-12-30,0.2410696832757762,0.1636014598467964,0.07576838089219698,0.010345342522593701,0.09987017519931501,0.020674443257045663,0.013786329937488049,0.1239939458443443,0.1317410968057698,0.03102022821493076,0.06975797879278116,0.0022975004386023125,0.0022972083332444904,0.013776226639115232
2025-01-06,0.24106073542039283,0.16360025262762776,0.07576676865686202,0.010348647428003337,0.09986607876538335,0.020676777395188074,0.013788805676815546,0.12399354419786195,0.13173999906424194,0.031026032534145487,0.06976111535950692,0.0022978304239922227,0.0022974690132335535,0.013775943436745063
2025-01-13,0.24109229325541703,0.16360395859748292,0.07577296622417548,0.010336720995782728,0.09988062111542705,0.020668500304333193,0.013780024900276687,0.1239949628193314,0.1317438962623164,0.03100535595719726,0.06975063065241738,0.00229660348817211,0.0022965146195573797,0.013776950808113007
2025-01-20,0.13871292298360302,0.13429280324688642,0.0716929157374042,0.040552317430040265,0.05567316263662962,0.0461135714487317,0.040725089492030485,0.11945757474989233,0.11990339206886352,0.09164286739296723,0.1218617501122224,0.004299025658240775,0.0042956431290856216,0.01077696391340241
2025-01-27,0.22629709495493763,0.15956182061256946,0.07500376970641391,0.014798256105274838,0.0934587619091408,0.024361425187370056,0.017691221153949513,0.12333852213652387,0.13002378929038344,0.03984046675525471,0.07707861117229875,0.0026081441276866743,0.0025977088213553217,0.013340408066841085
2025-02-03,0.13925175856427707,0.1343933340257136,0.07176420339303993,0.04036694307254629,0.05591506557442063,0.04597527642236052,0.04057848312584865,0.1194816572606841,0.1199682052383923,0.09130370360471504,0.12164373332514959,0.004282338466070659,0.0042817113337578925,0.010793586593023726
2025-02-10,0.221878172967534,0.1583267003053405,0.07479984263298961,0.01611714384377742,0.09154551212367887,0.025462134489081027,0.018856906253464624,0.12314256570951367,0.1295113331074775,0.042468899465528925,0.07929642512900295,0.0026980071425755283,0.00268590035880263,0.013210456471232809
2025-02-17,0.14339110360958704,0.13560351930592907,0.07190590474832628,0.039157585487995424,0.05769812499251848,0.04494853829290095,0.03949129268001704,0.11966501621176298,0.1204457687312943,0.08886139079753486,0.1195105392300346,0.00420424860501693,0.004202476081314252,0.010914491225767842
2025-02-24,0.2206325228678813,0.1578006166573673,0.0749072824526748,0.016401698692484645,0.09103675652235545,0.02575793062049657,0.019169638846211704,0.12308799521572808,0.12937513764214845,0.04314354282008323,0.08010784072158043,0.0027029830541509445,0.0026994703382674195,0.013176583548569735
2025-03-03,0.13835885488953586,0.13420662505250458,0.07166472323020859,0.04066426265915866,0.05551766561774659,0.046202807121168636,0.040819630525606485,0.11944182566985147,0.1198617376024257,0.0918582355292279,0.12202606910635841,0.0043076888798174355,0.00430352092526534,0.010766353191124303
2025-03-10,0.2254256607356166,0.15929798323395591,0.07498233982320976,0.015048412134715305,0.09308494127402932,0.024576841087107205,0.017919293477973913,0.12329995456831085,0.12992367122760792,0.04035125705283434,0.07753718853506479,0.0026235469974897354,0.002613814633817723,0.013315095218266595
2025-03-17,0.14118537878425533,0.13494895774755442,0.07183938137211475,0.03979726162425998,0.05674965496634104,0.045494865268120736,0.04006975760871282,0.1195673464538119,0.12019174042452851,0.09015921022074337,0.12065739599579661,0.004244751270604139,0.00424408294434057,0.01085021531881585
2025-03-24,0.22422136920298422,0.1589507005638307,0.07493665860791228,0.015402616011460875,0.09256535629644926,0.024875949129299954,0.018236026643044145,0.12324659050142212,0.1297845068612555,0.041063608434603535,0.07815278451775876,0.002646816126919338,0.002637172130547719,0.013279844972511622
2025-03-31,0.14010935289884371,0.1346426703229509,0.07179485095838255,0.04011570484602446,0.05628472096559234,0.045762442363073745,0.040353113696906584,0.11951965100323124,0.1200672119996137,0.09079718403441935,0.12120323205057333,0.004266000536823856,0.004265206991229921,0.010818657332334317
2025-04-07,0.2249416216609865,0.15919647266402506,0.07492868689959191,0.015209442396439572,0.0928695634828568,0.02470016032391404,0.01804999196837681,0.12327836315427813,0.12986596936560552,0.040651755863741534,0.0777447613844887,0.0026372554230355027,0.002625618701585512,0.013300336711074457
2025-04-14,0.14102777501892572,0.1352116268029686,0.07154778328178146,0.03999467614383895,0.056628715202095004,0.045559090755185175,0.04013867883123157,0.11955920649544116,0.1201592219438199,0.09036722925062009,0.1204154312800666,0.004283048629407271,0.004266692516711253,0.010840823847907207
2025-04-21,0.13231439396844802,0.1324493345696236,0.07144864823795215,0.042435064490726274,0.05291226352726166,0.04770290113924866,0.042408076370491155,0.11917403947739671,0.11916391893230854,0.09542829237869326,0.12513071734224895,0.004422849354056028,0.004419850674029903,0.010589649537515027
2025-04-28,0.08111031002162943,0.14599855803893297,0.04325883201153569,0.0713770728190339,0.025955299206921415,0.06272530641672674,0.05839942321557318,0.11679884643114637,0.11193222782984859,0.13626532083633744,0.12166546503244413,0.008651766402307139,0.0072098053352559486,0.008651766402307139
2025-05-05,0.08342606258719369,0.1453857817407954,0.04453374280413791,0.07006814343542316,0.027174453119517307,0.06204590409408393,0.05767619960470282,0.11690626675715546,0.11225928782063532,0.13441842804710147,0.1218221843077092,0.008460509675319946,0.007083627027462129,0.008739408978762218
2025-05-12,0.08179602092199678,0.1458171105935677,0.04363634221728184,0.0709894894651386,0.02631629940164162,0.06252413052889713,0.05818527153082442,0.11683065435810745,0.11202907263273963,0.13571844266972274,0.12171187073093925,0.008595133917293888,0.007172443035703426,0.008677717996145438
2025-05-19,0.08740195566620308,0.14433371206851045,0.0467226247563971,0.06782085529480016,0.029267606626250494,0.06087944484769192,0.05643450401433869,0.11709069567114024,0.1128208139409672,0.1312475157624351,0.12209125410866267,0.008132142859084947,0.0068669927168114485,0.008889881666706493
2025-05-26,0.12113298282206586,0.13540807197193527,0.06529285164766666,0.048755116907969666,0.04702568421383941,0.05098333654337623,0.04590009907799578,0.11865536971602111,0.11758473802978091,0.10434585461173071,0.12437401186457414,0.005346315932806891,0.005029091729476459,0.010166474930760916
2025-06-02,0.1314499628622914,0.13267807355542993,0.07097274568986123,0.04292366560113022,0.052457174075602714,0.04795651048854648,0.04267804346250252,0.11913394129393078,0.11904183299194539,0.09611770609261605,0.12507221669823024,0.004494242242280745,0.004466950893544334,0.01055693405208793
2025-06-09,0.1323945141715896,0.13242813378927376,0.07149275748917769,0.04238977826728759,0.052954443706867416,0.04767939523757574,0.04238305434375076,0.11917775599636746,0.11917523452504114,0.0953643937447655,0.12513613950192057,0.004416232270674035,0.004415485168058832,0.010592681787649971
2025-06-16,0.13239295021023278,0.13242854763247308,0.07149189646834038,0.042390662262842715,0.052953620341869095,0.04767985407717463,0.04238354277839465,0.11917768344922172,0.11917501364255369,0.09536564105805598,0.12513603366034923,0.0044163614373797875,0.004415570383552225,0.010592622597559966
2025-06-23,0.13241318287923495,0.1324231938221408,0.07150303533026266,0.042379226181389285,0.0529642720574034,0.04767391815702594,0.04237722399280812,0.1191786219777729,0.11917787115705496,0.09534950480453619,0.125137402912518,0.004414690432407535,0.004414467967009626,0.010593388328435658
2025-06-30,0.13221731751588053,0.13247502217983084,0.07139520391970923,0.04248993486984699,0.05286115653995719,0.04773138171542466,0.04243839393705694,0.11916953641245893,0.11915020856266267,0.09550571420817437,0.12512414766312263,0.004430866844724796,0.00442514007441479,0.010585975556735452
2025-07-07,0.13235159899424442,0.1324394896672283,0.07146913103461713,0.04241403514924693,0.05293185053039939,0.04769198581896966,0.042396457014650155,0.11917576529908411,0.11916917349861031,0.09539862008343664,0.12513323520394354,0.004419776611498335,0.0044178234854320274,0.010591057608639015
2025-07-14,0.08138915300508594,0.1459247727936071,0.043412345791175394,0.07121946281359232,0.026102099223182254,0.06264349863923355,0.058312338855888095,0.11681178106182913,0.11197160957769003,0.13604293390988728,0.12168433581809278,0.008628736914117306,0.007194612029927945,0.008662319566690913
2025-07-21,0.08149820888298528,0.1460412448252744,0.04333766710044328,0.07122907189070592,0.026134541564632418,0.06262333376506736,0.0582912371981163,0.11681629442928705,0.11198026401106509,0.1360101032237826,0.12153959018871484,0.008636357415681393,0.007197892370341853,0.008664193133902163
2025-07-28,0.08532187633361146,0.14646202480625986,0.04411477472682175,0.06977017012870534,0.027901402046144063,0.061618150332352226,0.05722480624207577,0.11698828602095077,0.1124537750235182,0.13349432559416724,0.12029879370599798,0.008484465140457783,0.007080461718384656,0.008786688180552931
2025-08-04,0.12067821753494772,0.15035285495049133,0.05130046300729667,0.05628012970479866,0.04423904721171749,0.05232351138272618,0.04736382925170967,0.11857864226326147,0.11683219368441397,0.11023166130446728,0.10882550938647083,0.007079961433480379,0.005994614622185404,0.009919364262033017
2025-08-11,0.18259384421987732,0.1571664328977367,0.06388395943060143,0.03265652277966668,0.07284934750331719,0.03604684428928544,0.030095397356920947,0.12136365621123284,0.12449963115297491,0.0694943454816561,0.08873362304753443,0.0046204103531348245,0.004093091411332159,0.011902893864728986
2025-08-18,0.23982204494233994,0.1634641775428379,0.0755148012335571,0.010821380485466603,0.0992936572112592,0.02100242947206687,0.01413430094961148,0.12393782602526718,0.13158659245776197,0.03184111621425959,0.07016282653200107,0.002347063696572188,0.00233552619208811,0.013736257044910785
2025-08-25,0.23987886288857846,0.1634704301405459,0.07552634869679947,0.010799701873780033,0.09931991194840512,0.020987492906851046,0.01411845427426383,0.12394038174150948,0.13159362861443522,0.03180373291146106,0.07014438886482464,0.002344806646962318,0.0023337812264090023,0.013738077265174434
2025-09-01,0.23878237022630133,0.16334976531612241,0.07530350169947911,0.011218063328501962,0.0988132388189394,0.02127574398319249,0.014424268975260427,0.12389106063273947,0.13145784239417246,0.03252516900558125,0.07050020543523679,0.0023883639822666735,0.0023674561863421427,0.013702950015864126
2025-09-08,0.24083501722473896,0.16357565126884324,0.0757206738666056,0.010434885826416771,0.09976173680179587,0.0207361346205362,0.013851780303265927,0.12398339032117175,0.13171203577552412,0.03117463225863669,0.06983411268297515,0.002306824144702465,0.0023044162702466568,0.013768708634540548
2025-09-15,0.24056778830162867,0.16354624374775598,0.07566636327688528,0.010536845725340326,0.09963825424745315,0.02080638499919002,0.013926311156075191,0.12397137015246783,0.1316789429818718,0.03135045522321929,0.06992082961433936,0.0023174396100013967,0.0023126232775421062,0.01376014768622966
2025-09-22,0.23870645760078607,0.16334141142197933,0.07528807350626199,0.011247027422412416,0.09877816071138881,0.02129570024625332,0.014445441207116131,0.12388764602269342,0.13144844161216673,0.0325751156307893,0.07052483940771201,0.002391379553457578,0.002369787578708542,0.013700518078274378
2025-09-29,0.24070630213141173,0.1635614866650376,0.07569451430070555,0.010483996445704642,0.09970225945061131,0.0207699718412212,0.013887679282925178,0.12397760061428476,0.1316960961011287,0.031259320207201194,0.06987588128265995,0.002311937253683186,0.0023083693068329503,0.013764585116592043
2025-10-06,0.08111031004294611,0.14599855804127876,0.043258832015868005,0.07137707281090061,0.02595529921677154,0.06272530641112292,0.058399423209627904,0.11679884643210518,0.11193222783248838,0.1362653208223121,0.12166546502552678,0.008651766401460348,0.0072098053346012795,0.00865176640299004
2025-10-13,0.08118667637000442,0.14600696186354167,0.04327435241766075,0.0713479356093679,0.02599058697313106,0.06270523087689629,0.058378124439212926,0.11680228145000617,0.11194168479947351,0.1362150756846923,0.12164068382495546,0.008648732807321438,0.007207460008369375,0.008654212875366715
2025-10-20,0.08111031002162943,0.14599855803893297,0.04325883201153569,0.0713770728190339,0.025955299206921415,0.06272530641672674,0.05839942321557318,0.11679884643114637,0.11193222782984859,0.13626532083633744,0.12166546503244413,0.008651766402307139,0.0072098053352559486,0.008651766402307139
2025-10-27,0.24110218140068884,0.16360505166475314,0.07577497129735937,0.010332950631458095,0.09988518943742823,0.02066590126291619,0.013777267508610795,0.12399540757749715,0.1317451205510907,0.030998851894374287,0.06974741676234214,0.002296211251435132,0.002296211251435132,0.013777267508610793
2025-11-03,0.08111031002162943,0.14599855803893297,0.04325883201153569,0.0713770728190339,0.025955299206921415,0.06272530641672674,0.05839942321557318,0.11679884643114637,0.11193222782984859,0.13626532083633744,0.12166546503244413,0.008651766402307139,0.0072098053352559486,0.008651766402307139
2025-11-10,0.08111031002162943,0.14599855803893297,0.04325883201153569,0.0713770728190339,0.025955299206921415,0.06272530641672674,0.05839942321557318,0.11679884643114637,0.11193222782984859,0.13626532083633744,0.12166546503244413,0.008651766402307139,0.0072098053352559486,0.008651766402307139
2025-11-17,0.08111031002162943,0.14599855803893297,0.04325883201153569,0.0713770728190339,0.025955299206921415,0.06272530641672674,0.05839942321557318,0.11679884643114637,0.11193222782984859,0.13626532083633744,0.12166546503244413,0.008651766402307139,0.0072098053352559486,0.008651766402307139
2025-11-24,0.08111031002162943,0.14599855803893297,0.04325883201153569,0.0713770728190339,0.025955299206921415,0.06272530641672674,0.05839942321557318,0.11679884643114637,0.11193222782984859,0.13626532083633744,0.12166546503244413,0.008651766402307139,0.0072098053352559486,0.008651766402307139
2025-12-01,0.08111031002162943,0.14599855803893297,0.04325883201153569,0.0713770728190339,0.025955299206921415,0.06272530641672674,0.05839942321557318,0.11679884643114637,0.11193222782984859,0.13626532083633744,0.12166546503244413,0.008651766402307139,0.0072098053352559486,0.008651766402307139
2025-12-08,0.08111031002162943,0.14599855803893297,0.04325883201153569,0.0713770728190339,0.025955299206921415,0.06272530641672674,0.05839942321557318,0.11679884643114637,0.11193222782984859,0.13626532083633744,0.12166546503244413,0.008651766402307139,0.0072098053352559486,0.008651766402307139
2025-12-15,0.08111031002162943,0.14599855803893297,0.04325883201153569,0.0713770728190339,0.025955299206921415,0.06272530641672674,0.05839942321557318,0.11679884643114637,0.11193222782984859,0.13626532083633744,0.12166546503244413,0.008651766402307139,0.0072098053352559486,0.008651766402307139
2025-12-22,0.1275371702578192,0.1337134460745852,0.06881860297408265,0.04513528755423835,0.05039724052145107,0.04910445713147735,0.043900032390885156,0.11895243940835433,0.11848921872209688,0.09923829356574904,0.12480741724152057,0.004817397625130857,0.004680147051424946,0.010408849481184401
2025-12-29,0.08111031002162943,0.14599855803893297,0.04325883201153569,0.0713770728190339,0.025955299206921415,0.06272530641672674,0.05839942321557318,0.11679884643114637,0.11193222782984859,0.13626532083633744,0.12166546503244413,0.008651766402307139,0.0072098053352559486,0.008651766402307139
2026-01-05,0.08111031002162943,0.14599855803893297,0.04325883201153569,0.0713770728190339,0.025955299206921415,0.06272530641672674,0.05839942321557318,0.11679884643114637,0.11193222782984859,0.13626532083633744,0.12166546503244413,0.008651766402307139,0.0072098053352559486,0.008651766402307139
2026-01-12,0.08111031002162943,0.14599855803893297,0.04325883201153569,0.0713770728190339,0.025955299206921415,0.06272530641672674,0.05839942321557318,0.11679884643114637,0.11193222782984859,0.13626532083633744,0.12166546503244413,0.008651766402307139,0.0072098053352559486,0.008651766402307139
2026-01-19,0.08111031002162943,0.14599855803893297,0.04325883201153569,0.0713770728190339,0.025955299206921415,0.06272530641672674,0.05839942321557318,0.11679884643114637,0.11193222782984859,0.13626532083633744,0.12166546503244413,0.008651766402307139,0.0072098053352559486,0.008651766402307139
2026-01-26,0.13242109909512248,0.13242109909512248,0.07150739351136615,0.0423747517104392,0.052968439638049,0.0476715956742441,0.0423747517104392,0.11917898918561025,0.11917898918561025,0.0953431913484882,0.12513793864489076,0.004414036636504083,0.004414036636504083,0.010593687927609799
2026-02-02,0.13242109909512248,0.13242109909512248,0.07150739351136615,0.0423747517104392,0.052968439638049,0.0476715956742441,0.0423747517104392,0.11917898918561025,0.11917898918561025,0.0953431913484882,0.12513793864489076,0.004414036636504083,0.004414036636504083,0.010593687927609799
2026-02-09,0.13242109909512248,0.13242109909512248,0.07150739351136615,0.0423747517104392,0.052968439638049,0.0476715956742441,0.0423747517104392,0.11917898918561025,0.11917898918561025,0.0953431913484882,0.12513793864489076,0.004414036636504083,0.004414036636504083,0.010593687927609799
2026-02-16,0.13242109909512248,0.13242109909512248,0.07150739351136615,0.0423747517104392,0.052968439638049,0.0476715956742441,0.0423747517104392,0.11917898918561025,0.11917898918561025,0.0953431913484882,0.12513793864489076,0.004414036636504083,0.004414036636504083,0.010593687927609799
2026-02-23,0.13242109909512248,0.13242109909512248,0.07150739351136615,0.0423747517104392,0.052968439638049,0.0476715956742441,0.0423747517104392,0.11917898918561025,0.11917898918561025,0.0953431913484882,0.12513793864489076,0.004414036636504083,0.004414036636504083,0.010593687927609799
2026-03-02,0.13242109909512248,0.13242109909512248,0.07150739351136615,0.0423747517104392,0.052968439638049,0.0476715956742441,0.0423747517104392,0.11917898918561025,0.11917898918561025,0.0953431913484882,0.12513793864489076,0.004414036636504083,0.004414036636504083,0.010593687927609799
2026-03-09,0.13242109909512248,0.13242109909512248,0.07150739351136615,0.0423747517104392,0.052968439638049,0.0476715956742441,0.0423747517104392,0.11917898918561025,0.11917898918561025,0.0953431913484882,0.12513793864489076,0.004414036636504083,0.004414036636504083,0.010593687927609799
2026-03-16,0.13242109909512248,0.13242109909512248,0.07150739351136615,0.0423747517104392,0.052968439638049,0.0476715956742441,0.0423747517104392,0.11917898918561025,0.11917898918561025,0.0953431913484882,0.12513793864489076,0.004414036636504083,0.004414036636504083,0.010593687927609799
2026-03-23,0.13242109909512248,0.13242109909512248,0.07150739351136615,0.0423747517104392,0.052968439638049,0.0476715956742441,0.0423747517104392,0.11917898918561025,0.11917898918561025,0.0953431913484882,0.12513793864489076,0.004414036636504083,0.004414036636504083,0.010593687927609799
2026-03-30,0.13242109909512248,0.13242109909512248,0.07150739351136615,0.0423747517104392,0.052968439638049,0.0476715956742441,0.0423747517104392,0.11917898918561025,0.11917898918561025,0.0953431913484882,0.12513793864489076,0.004414036636504083,0.004414036636504083,0.010593687927609799
2026-04-06,0.13242109909512248,0.13242109909512248,0.07150739351136615,0.0423747517104392,0.052968439638049,0.0476715956742441,0.0423747517104392,0.11917898918561025,0.11917898918561025,0.0953431913484882,0.12513793864489076,0.004414036636504083,0.004414036636504083,0.010593687927609799
2026-04-13,0.13242109909512248,0.13242109909512248,0.07150739351136615,0.0423747517104392,0.052968439638049,0.0476715956742441,0.0423747517104392,0.11917898918561025,0.11917898918561025,0.0953431913484882,0.12513793864489076,0.004414036636504083,0.004414036636504083,0.010593687927609799
2026-04-20,0.13242109909512248,0.13242109909512248,0.07150739351136615,0.0423747517104392,0.052968439638049,0.0476715956742441,0.0423747517104392,0.11917898918561025,0.11917898918561025,0.0953431913484882,0.12513793864489076,0.004414036636504083,0.004414036636504083,0.010593687927609799
2026-04-27,0.13242109909512248,0.13242109909512248,0.07150739351136615,0.0423747517104392,0.052968439638049,0.0476715956742441,0.0423747517104392,0.11917898918561025,0.11917898918561025,0.0953431913484882,0.12513793864489076,0.004414036636504083,0.004414036636504083,0.010593687927609799
2026-05-04,0.13242109909512248,0.13242109909512248,0.07150739351136615,0.0423747517104392,0.052968439638049,0.0476715956742441,0.0423747517104392,0.11917898918561025,0.11917898918561025,0.0953431913484882,0.12513793864489076,0.004414036636504083,0.004414036636504083,0.010593687927609799
2026-05-11,0.13242109909512248,0.13242109909512248,0.07150739351136615,0.0423747517104392,0.052968439638049,0.0476715956742441,0.0423747517104392,0.11917898918561025,0.11917898918561025,0.0953431913484882,0.12513793864489076,0.004414036636504083,0.004414036636504083,0.010593687927609799
2026-05-18,0.13242109909512248,0.13242109909512248,0.07150739351136615,0.0423747517104392,0.052968439638049,0.0476715956742441,0.0423747517104392,0.11917898918561025,0.11917898918561025,0.0953431913484882,0.12513793864489076,0.004414036636504083,0.004414036636504083,0.010593687927609799
2026-05-25,0.13242109909512248,0.13242109909512248,0.07150739351136615,0.0423747517104392,0.052968439638049,0.0476715956742441,0.0423747517104392,0.11917898918561025,0.11917898918561025,0.0953431913484882,0.12513793864489076,0.004414036636504083,0.004414036636504083,0.010593687927609799
