week,factor,ic
2018-07-30,VOLC,
2018-07-30,MAXRET,
2018-07-30,CRASH8,
2018-07-30,BETA26,
2018-07-30,NEWC,-0.5731813873199579
2018-07-30,SKEW52,
2018-07-30,TVLC,
2018-08-06,VOLC,
2018-08-06,MAXRET,
2018-08-06,CRASH8,
2018-08-06,BETA26,
2018-08-06,NEWC,0.48171627232209224
2018-08-06,SKEW52,
2018-08-06,TVLC,
2018-08-13,VOLC,
2018-08-13,MAXRET,
2018-08-13,CRASH8,
2018-08-13,BETA26,
2018-08-13,NEWC,0.2500046476608327
2018-08-13,SKEW52,
2018-08-13,TVLC,
2018-08-20,VOLC,-0.006060606060606061
2018-08-20,MAXRET,0.07878787878787878
2018-08-20,CRASH8,
2018-08-20,BETA26,
2018-08-20,NEWC,0.15244185832977605
2018-08-20,SKEW52,
2018-08-20,TVLC,
2018-08-27,VOLC,0.4424242424242424
2018-08-27,MAXRET,0.33333333333333326
2018-08-27,CRASH8,
2018-08-27,BETA26,
2018-08-27,NEWC,-0.0731720919982925
2018-08-27,SKEW52,
2018-08-27,TVLC,
2018-09-03,VOLC,0.38181818181818183
2018-09-03,MAXRET,0.5151515151515151
2018-09-03,CRASH8,-0.38181818181818183
2018-09-03,BETA26,
2018-09-03,NEWC,-0.597572084652722
2018-09-03,SKEW52,
2018-09-03,TVLC,
2018-09-10,VOLC,-0.18787878787878787
2018-09-10,MAXRET,0.34545454545454546
2018-09-10,CRASH8,0.18787878787878787
2018-09-10,BETA26,
2018-09-10,NEWC,-0.006097674333191042
2018-09-10,SKEW52,
2018-09-10,TVLC,
2018-09-17,VOLC,0.18787878787878787
2018-09-17,MAXRET,0.2727272727272727
2018-09-17,CRASH8,-0.309090909090909
2018-09-17,BETA26,
2018-09-17,NEWC,-0.45122790065613705
2018-09-17,SKEW52,
2018-09-17,TVLC,
2018-09-24,VOLC,0.5151515151515151
2018-09-24,MAXRET,0.4666666666666666
2018-09-24,CRASH8,0.0303030303030303
2018-09-24,BETA26,
2018-09-24,NEWC,0.042683720332337284
2018-09-24,SKEW52,
2018-09-24,TVLC,
2018-10-01,VOLC,0.7212121212121211
2018-10-01,MAXRET,0.5878787878787878
2018-10-01,CRASH8,-0.4666666666666666
2018-10-01,BETA26,
2018-10-01,NEWC,-0.3597627856582714
2018-10-01,SKEW52,
2018-10-01,TVLC,
2018-10-08,VOLC,-0.6848484848484848
2018-10-08,MAXRET,-0.7696969696969697
2018-10-08,CRASH8,0.04242424242424241
2018-10-08,BETA26,
2018-10-08,NEWC,-0.3231767396591252
2018-10-08,SKEW52,
2018-10-08,TVLC,
2018-10-15,VOLC,0.09090909090909088
2018-10-15,MAXRET,0.16363636363636364
2018-10-15,CRASH8,0.11515151515151514
2018-10-15,BETA26,
2018-10-15,NEWC,-0.38415348299103563
2018-10-15,SKEW52,
2018-10-15,TVLC,
2018-10-22,VOLC,-0.3939393939393939
2018-10-22,MAXRET,-0.4424242424242424
2018-10-22,CRASH8,0.2606060606060606
2018-10-22,BETA26,0.2121212121212121
2018-10-22,NEWC,-0.3719581343246535
2018-10-22,SKEW52,
2018-10-22,TVLC,
2018-10-29,VOLC,-0.6727272727272726
2018-10-29,MAXRET,-0.8545454545454544
2018-10-29,CRASH8,0.5515151515151515
2018-10-29,BETA26,0.23636363636363633
2018-10-29,NEWC,-0.3658604599914625
2018-10-29,SKEW52,
2018-10-29,TVLC,
2018-11-05,VOLC,-0.309090909090909
2018-11-05,MAXRET,-0.709090909090909
2018-11-05,CRASH8,0.05454545454545454
2018-11-05,BETA26,0.0303030303030303
2018-11-05,NEWC,-0.5061069696548565
2018-11-05,SKEW52,
2018-11-05,TVLC,
2018-11-12,VOLC,0.7575757575757575
2018-11-12,MAXRET,-0.16363636363636364
2018-11-12,CRASH8,-0.43030303030303024
2018-11-12,BETA26,-0.13939393939393938
2018-11-12,NEWC,-0.4634232493225192
2018-11-12,SKEW52,
2018-11-12,TVLC,
2018-11-19,VOLC,0.04242424242424241
2018-11-19,MAXRET,0.34545454545454546
2018-11-19,CRASH8,0.34545454545454546
2018-11-19,BETA26,-0.18787878787878787
2018-11-19,NEWC,0.3475674369918894
2018-11-19,SKEW52,
2018-11-19,TVLC,
2018-11-26,VOLC,0.12727272727272726
2018-11-26,MAXRET,0.34545454545454546
2018-11-26,CRASH8,-0.32121212121212117
2018-11-26,BETA26,-0.29696969696969694
2018-11-26,NEWC,-0.07926976633148354
2018-11-26,SKEW52,
2018-11-26,TVLC,
2018-12-03,VOLC,-0.24848484848484845
2018-12-03,MAXRET,-0.5272727272727272
2018-12-03,CRASH8,-0.33333333333333326
2018-12-03,BETA26,-0.3939393939393939
2018-12-03,NEWC,-0.20122325299530439
2018-12-03,SKEW52,
2018-12-03,TVLC,
2018-12-10,VOLC,-0.6848484848484848
2018-12-10,MAXRET,-0.4545454545454545
2018-12-10,CRASH8,0.4787878787878787
2018-12-10,BETA26,0.24848484848484845
2018-12-10,NEWC,0.3719581343246535
2018-12-10,SKEW52,
2018-12-10,TVLC,
2018-12-17,VOLC,0.06666666666666665
2018-12-17,MAXRET,0.0303030303030303
2018-12-17,CRASH8,-0.24848484848484845
2018-12-17,BETA26,0.006060606060606061
2018-12-17,NEWC,-0.3353720883255073
2018-12-17,SKEW52,
2018-12-17,TVLC,
2018-12-24,VOLC,-0.33333333333333326
2018-12-24,MAXRET,-0.3939393939393939
2018-12-24,CRASH8,-0.09090909090909088
2018-12-24,BETA26,-0.09090909090909088
2018-12-24,NEWC,-0.3536651113250804
2018-12-24,SKEW52,
2018-12-24,TVLC,
2018-12-31,VOLC,0.19999999999999998
2018-12-31,MAXRET,0.19999999999999998
2018-12-31,CRASH8,-0.01818181818181818
2018-12-31,BETA26,-0.01818181818181818
2018-12-31,NEWC,0.15853953266296708
2018-12-31,SKEW52,
2018-12-31,TVLC,
2019-01-07,VOLC,-0.34545454545454546
2019-01-07,MAXRET,-0.3939393939393939
2019-01-07,CRASH8,0.33333333333333326
2019-01-07,BETA26,0.28484848484848485
2019-01-07,NEWC,-0.018293022999573125
2019-01-07,SKEW52,
2019-01-07,TVLC,
2019-01-14,VOLC,-0.07878787878787878
2019-01-14,MAXRET,-0.5757575757575757
2019-01-14,CRASH8,-0.6848484848484848
2019-01-14,BETA26,-0.1515151515151515
2019-01-14,NEWC,0.10366046366424772
2019-01-14,SKEW52,
2019-01-14,TVLC,
2019-01-21,VOLC,-0.07878787878787878
2019-01-21,MAXRET,-0.07878787878787878
2019-01-21,CRASH8,0.04242424242424241
2019-01-21,BETA26,-0.3939393939393939
2019-01-21,NEWC,-0.6666736168667458
2019-01-21,SKEW52,-0.07878787878787878
2019-01-21,TVLC,
2019-01-28,VOLC,-0.4424242424242424
2019-01-28,MAXRET,-0.16363636363636364
2019-01-28,CRASH8,0.33333333333333326
2019-01-28,BETA26,-0.38181818181818183
2019-01-28,NEWC,-0.41096318847950086
2019-01-28,SKEW52,0.34545454545454546
2019-01-28,TVLC,
2019-02-04,VOLC,0.19999999999999998
2019-02-04,MAXRET,0.12727272727272726
2019-02-04,CRASH8,0.22424242424242422
2019-02-04,BETA26,-0.24848484848484845
2019-02-04,NEWC,0.022831288248861156
2019-02-04,SKEW52,0.5151515151515151
2019-02-04,TVLC,
2019-02-11,VOLC,0.09090909090909091
2019-02-11,MAXRET,0.17272727272727276
2019-02-11,CRASH8,-0.2606060606060606
2019-02-11,BETA26,-0.43030303030303024
2019-02-11,NEWC,-0.40183067317995635
2019-02-11,SKEW52,0.11515151515151514
2019-02-11,TVLC,
2019-02-18,VOLC,-0.33636363636363636
2019-02-18,MAXRET,-0.36363636363636365
2019-02-18,CRASH8,-0.006060606060606061
2019-02-18,BETA26,-0.5515151515151515
2019-02-18,NEWC,-0.09132515299544462
2019-02-18,SKEW52,0.32121212121212117
2019-02-18,TVLC,
2019-02-25,VOLC,-0.6181818181818182
2019-02-25,MAXRET,-0.7636363636363637
2019-02-25,CRASH8,-0.24545454545454545
2019-02-25,BETA26,-0.18787878787878787
2019-02-25,NEWC,-0.03653006119817785
2019-02-25,SKEW52,0.22424242424242422
2019-02-25,TVLC,
2019-03-04,VOLC,0.045454545454545456
2019-03-04,MAXRET,-0.29090909090909095
2019-03-04,CRASH8,0.05454545454545456
2019-03-04,BETA26,-0.12727272727272726
2019-03-04,NEWC,-0.3052650370327892
2019-03-04,SKEW52,0.10303030303030303
2019-03-04,TVLC,
2019-03-11,VOLC,0.16363636363636366
2019-03-11,MAXRET,0.10909090909090911
2019-03-11,CRASH8,-0.13636363636363638
2019-03-11,BETA26,-0.17575757575757575
2019-03-11,NEWC,-0.2912298629163391
2019-03-11,SKEW52,-0.04242424242424241
2019-03-11,TVLC,
2019-03-18,VOLC,-0.4909090909090909
2019-03-18,MAXRET,-0.41818181818181827
2019-03-18,CRASH8,0.17272727272727276
2019-03-18,BETA26,0.4424242424242424
2019-03-18,NEWC,-0.18947485057207603
2019-03-18,SKEW52,-0.13939393939393938
2019-03-18,TVLC,
2019-03-25,VOLC,0.41958041958041964
2019-03-25,MAXRET,-0.1398601398601399
2019-03-25,CRASH8,-0.02727272727272728
2019-03-25,BETA26,0.28484848484848485
2019-03-25,NEWC,-0.11845774976654036
2019-03-25,SKEW52,0.35757575757575755
2019-03-25,TVLC,
2019-04-01,VOLC,0.32867132867132864
2019-04-01,MAXRET,0.23076923076923078
2019-04-01,CRASH8,-0.4090909090909091
2019-04-01,BETA26,-0.1515151515151515
2019-04-01,NEWC,-0.45594824261288697
2019-04-01,SKEW52,0.5636363636363636
2019-04-01,TVLC,
2019-04-08,VOLC,0.8321678321678322
2019-04-08,MAXRET,0.6853146853146854
2019-04-08,CRASH8,-0.2447552447552448
2019-04-08,BETA26,-0.7454545454545454
2019-04-08,NEWC,-0.04405297030076202
2019-04-08,SKEW52,0.5636363636363636
2019-04-08,TVLC,
2019-04-15,VOLC,0.15934065934065936
2019-04-15,MAXRET,-0.3681318681318681
2019-04-15,CRASH8,-0.5174825174825175
2019-04-15,BETA26,-0.09090909090909091
2019-04-15,NEWC,-0.5903098020302112
2019-04-15,SKEW52,0.17575757575757575
2019-04-15,TVLC,
2019-04-22,VOLC,0.3934065934065934
2019-04-22,MAXRET,0.09010989010989012
2019-04-22,CRASH8,-0.4755244755244756
2019-04-22,BETA26,-0.2545454545454546
2019-04-22,NEWC,-0.1718065841729719
2019-04-22,SKEW52,0.0303030303030303
2019-04-22,TVLC,
2019-04-29,VOLC,0.27912087912087913
2019-04-29,MAXRET,0.006593406593406593
2019-04-29,CRASH8,-0.3681318681318681
2019-04-29,BETA26,-0.09090909090909091
2019-04-29,NEWC,-0.2973575495301437
2019-04-29,SKEW52,-0.12727272727272726
2019-04-29,TVLC,
2019-05-06,VOLC,-0.37142857142857144
2019-05-06,MAXRET,-0.2967032967032967
2019-05-06,CRASH8,0.38461538461538464
2019-05-06,BETA26,-0.3272727272727273
2019-05-06,NEWC,0.2218250418828974
2019-05-06,SKEW52,0.11515151515151514
2019-05-06,TVLC,
2019-05-13,VOLC,0.4241758241758242
2019-05-13,MAXRET,0.4065934065934066
2019-05-13,CRASH8,-0.6043956043956044
2019-05-13,BETA26,-0.1272727272727273
2019-05-13,NEWC,-0.5885519256409134
2019-05-13,SKEW52,-0.0303030303030303
2019-05-13,TVLC,
2019-05-20,VOLC,0.2
2019-05-20,MAXRET,0.3054945054945055
2019-05-20,CRASH8,0.5252747252747253
2019-05-20,BETA26,0.1272727272727273
2019-05-20,NEWC,0.4579613767904979
2019-05-20,SKEW52,-0.7333333333333332
2019-05-20,TVLC,
2019-05-27,VOLC,-0.35
2019-05-27,MAXRET,-0.3571428571428571
2019-05-27,CRASH8,0.06813186813186813
2019-05-27,BETA26,0.02097902097902098
2019-05-27,NEWC,0.2236139535109853
2019-05-27,SKEW52,0.33333333333333326
2019-05-27,TVLC,
2019-06-03,VOLC,0.3714285714285714
2019-06-03,MAXRET,0.36428571428571427
2019-06-03,CRASH8,-0.3758241758241759
2019-06-03,BETA26,-0.31468531468531474
2019-06-03,NEWC,-0.13059054885041543
2019-06-03,SKEW52,-0.12727272727272726
2019-06-03,TVLC,
2019-06-10,VOLC,-0.1357142857142857
2019-06-10,MAXRET,-0.2071428571428571
2019-06-10,CRASH8,-0.18214285714285713
2019-06-10,BETA26,-0.44055944055944063
2019-06-10,NEWC,-0.3094817116592037
2019-06-10,SKEW52,0.11515151515151514
2019-06-10,TVLC,
2019-06-17,VOLC,0.075
2019-06-17,MAXRET,0.0
2019-06-17,CRASH8,-0.5928571428571427
2019-06-17,BETA26,-0.21428571428571427
2019-06-17,NEWC,-0.09660122791674566
2019-06-17,SKEW52,0.5151515151515151
2019-06-17,TVLC,
2019-06-24,VOLC,-0.4142857142857142
2019-06-24,MAXRET,-0.16428571428571426
2019-06-24,CRASH8,0.2642857142857143
2019-06-24,BETA26,-0.1384615384615385
2019-06-24,NEWC,-0.48306385230827004
2019-06-24,SKEW52,0.05454545454545454
2019-06-24,TVLC,
2019-07-01,VOLC,0.014285714285714282
2019-07-01,MAXRET,-0.42499999999999993
2019-07-01,CRASH8,-0.5642857142857142
2019-07-01,BETA26,-0.4945054945054946
2019-07-01,NEWC,-0.2047130349721022
2019-07-01,SKEW52,0.5393939393939393
2019-07-01,TVLC,
2019-07-08,VOLC,0.04285714285714285
2019-07-08,MAXRET,0.35357142857142854
2019-07-08,CRASH8,0.42499999999999993
2019-07-08,BETA26,-0.09010989010989012
2019-07-08,NEWC,-0.3141106658969356
2019-07-08,SKEW52,-0.5272727272727272
2019-07-08,TVLC,
2019-07-15,VOLC,0.02647058823529412
2019-07-15,MAXRET,0.044117647058823525
2019-07-15,CRASH8,0.0
2019-07-15,BETA26,0.2835164835164835
2019-07-15,NEWC,-0.38895734800518983
2019-07-15,SKEW52,-0.10000000000000002
2019-07-15,TVLC,
2019-07-22,VOLC,0.16176470588235295
2019-07-22,MAXRET,-0.0058823529411764705
2019-07-22,CRASH8,-0.1714285714285714
2019-07-22,BETA26,-0.178021978021978
2019-07-22,NEWC,-0.07975466126289381
2019-07-22,SKEW52,-0.20909090909090913
2019-07-22,TVLC,
2019-07-29,VOLC,0.04901960784313726
2019-07-29,MAXRET,-0.08333333333333334
2019-07-29,CRASH8,-0.09411764705882353
2019-07-29,BETA26,-0.16785714285714282
2019-07-29,NEWC,0.06380372901031504
2019-07-29,SKEW52,0.7363636363636363
2019-07-29,TVLC,
2019-08-05,VOLC,0.27941176470588236
2019-08-05,MAXRET,0.1593137254901961
2019-08-05,CRASH8,-0.37941176470588234
2019-08-05,BETA26,-0.17857142857142855
2019-08-05,NEWC,-0.2613498899845597
2019-08-05,SKEW52,-0.4272727272727273
2019-08-05,TVLC,
2019-08-12,VOLC,0.4093137254901961
2019-08-12,MAXRET,0.24754901960784317
2019-08-12,CRASH8,-0.07107843137254903
2019-08-12,BETA26,-0.021428571428571425
2019-08-12,NEWC,-0.30306771279899647
2019-08-12,SKEW52,0.3090909090909091
2019-08-12,TVLC,
2019-08-19,VOLC,0.37500000000000006
2019-08-19,MAXRET,-0.03676470588235294
2019-08-19,CRASH8,-0.3995098039215687
2019-08-19,BETA26,-0.38214285714285706
2019-08-19,NEWC,-0.4564420613814846
2019-08-19,SKEW52,0.16363636363636366
2019-08-19,TVLC,
2019-08-26,VOLC,-0.16666666666666669
2019-08-26,MAXRET,0.15441176470588236
2019-08-26,CRASH8,0.24509803921568632
2019-08-26,BETA26,0.4107142857142856
2019-08-26,NEWC,0.017177927041238668
2019-08-26,SKEW52,-0.09090909090909093
2019-08-26,TVLC,
2019-09-02,VOLC,-0.058823529411764705
2019-09-02,MAXRET,-0.5833333333333334
2019-09-02,CRASH8,-0.16421568627450983
2019-09-02,BETA26,0.42499999999999993
2019-09-02,NEWC,-0.08343564562887353
2019-09-02,SKEW52,-0.1398601398601399
2019-09-02,TVLC,
2019-09-09,VOLC,0.6740196078431374
2019-09-09,MAXRET,0.6348039215686275
2019-09-09,CRASH8,-0.49754901960784315
2019-09-09,BETA26,-0.2571428571428571
2019-09-09,NEWC,-0.4152894777986415
2019-09-09,SKEW52,-0.013986013986013986
2019-09-09,TVLC,
2019-09-16,VOLC,0.33333333333333337
2019-09-16,MAXRET,-0.16666666666666669
2019-09-16,CRASH8,-0.6813725490196079
2019-09-16,BETA26,-0.31764705882352945
2019-09-16,NEWC,-0.10640501545587085
2019-09-16,SKEW52,0.23076923076923078
2019-09-16,TVLC,
2019-09-23,VOLC,-0.286764705882353
2019-09-23,MAXRET,-0.45098039215686275
2019-09-23,CRASH8,-0.10049019607843139
2019-09-23,BETA26,0.11470588235294117
2019-09-23,NEWC,0.2179753229241626
2019-09-23,SKEW52,-0.4197802197802198
2019-09-23,TVLC,
2019-09-30,VOLC,-0.2776057791537668
2019-09-30,MAXRET,-0.24871001031991744
2019-09-30,CRASH8,0.1936274509803922
2019-09-30,BETA26,0.24019607843137256
2019-09-30,NEWC,0.02985075777342829
2019-09-30,SKEW52,0.006593406593406593
2019-09-30,TVLC,
2019-10-07,VOLC,0.22187822497420018
2019-10-07,MAXRET,-0.06707946336429307
2019-10-07,CRASH8,-0.5857843137254902
2019-10-07,BETA26,-0.3382352941176471
2019-10-07,NEWC,0.14661989847536835
2019-10-07,SKEW52,0.3274725274725274
2019-10-07,TVLC,
2019-10-14,VOLC,-0.03199174406604747
2019-10-14,MAXRET,0.0629514963880289
2019-10-14,CRASH8,-0.038183694530443756
2019-10-14,BETA26,-0.16666666666666669
2019-10-14,NEWC,-0.4960493571172642
2019-10-14,SKEW52,0.3142857142857143
2019-10-14,TVLC,
2019-10-21,VOLC,-0.5403508771929825
2019-10-21,MAXRET,-0.3508771929824562
2019-10-21,CRASH8,0.3931888544891641
2019-10-21,BETA26,0.6348039215686275
2019-10-21,NEWC,0.5548729092001965
2019-10-21,SKEW52,-0.15604395604395604
2019-10-21,TVLC,
2019-10-28,VOLC,0.39122807017543854
2019-10-28,MAXRET,0.2982456140350877
2019-10-28,CRASH8,-0.20123839009287925
2019-10-28,BETA26,-0.16176470588235298
2019-10-28,NEWC,-0.27389022049942763
2019-10-28,SKEW52,0.15
2019-10-28,TVLC,
2019-11-04,VOLC,-0.06842105263157894
2019-11-04,MAXRET,0.012280701754385965
2019-11-04,CRASH8,0.20175438596491227
2019-11-04,BETA26,0.08578431372549021
2019-11-04,NEWC,-0.08051168569626033
2019-11-04,SKEW52,-0.11428571428571425
2019-11-04,TVLC,
2019-11-11,VOLC,0.22280701754385965
2019-11-11,MAXRET,0.2210526315789474
2019-11-11,CRASH8,-0.01754385964912281
2019-11-11,BETA26,-0.17401960784313728
2019-11-11,NEWC,-0.11738152307118328
2019-11-11,SKEW52,0.05714285714285713
2019-11-11,TVLC,
2019-11-18,VOLC,-0.3037593984962406
2019-11-18,MAXRET,-0.3488721804511278
2019-11-18,CRASH8,0.2631578947368421
2019-11-18,BETA26,0.4730392156862746
2019-11-18,NEWC,-0.18209184989247665
2019-11-18,SKEW52,0.21428571428571427
2019-11-18,TVLC,
2019-11-25,VOLC,-0.15789473684210525
2019-11-25,MAXRET,-0.22105263157894736
2019-11-25,CRASH8,-0.1087719298245614
2019-11-25,BETA26,0.2034313725490196
2019-11-25,NEWC,-0.038374728696348386
2019-11-25,SKEW52,0.2821428571428571
2019-11-25,TVLC,
2019-12-02,VOLC,0.34736842105263155
2019-12-02,MAXRET,0.23609022556390977
2019-12-02,CRASH8,-0.22406015037593985
2019-12-02,BETA26,-0.3106295149638803
2019-12-02,NEWC,-0.0025990908670624284
2019-12-02,SKEW52,0.10714285714285714
2019-12-02,TVLC,
2019-12-09,VOLC,0.016541353383458645
2019-12-09,MAXRET,-0.156390977443609
2019-12-09,CRASH8,0.14736842105263157
2019-12-09,BETA26,0.3746130030959752
2019-12-09,NEWC,-0.07927227144540408
2019-12-09,SKEW52,-0.014285714285714282
2019-12-09,TVLC,
2019-12-16,VOLC,0.3669172932330827
2019-12-16,MAXRET,0.14887218045112782
2019-12-16,CRASH8,-0.15939849624060148
2019-12-16,BETA26,-0.17440660474716205
2019-12-16,NEWC,-0.4132554478629261
2019-12-16,SKEW52,-0.02941176470588235
2019-12-16,TVLC,
2019-12-23,VOLC,0.38051948051948054
2019-12-23,MAXRET,0.2922077922077922
2019-12-23,CRASH8,-0.4781954887218045
2019-12-23,BETA26,-0.2614035087719298
2019-12-23,NEWC,-0.04093568115623325
2019-12-23,SKEW52,0.2647058823529412
2019-12-23,TVLC,
2019-12-30,VOLC,0.11038961038961038
2019-12-30,MAXRET,-0.2909090909090909
2019-12-30,CRASH8,-0.16691729323308271
2019-12-30,BETA26,-0.5719298245614035
2019-12-30,NEWC,-0.3099415858971946
2019-12-30,SKEW52,-0.24754901960784317
2019-12-30,TVLC,
2020-01-06,VOLC,-0.2636363636363636
2020-01-06,MAXRET,-0.6610389610389611
2020-01-06,CRASH8,-0.274025974025974
2020-01-06,BETA26,-0.531578947368421
2020-01-06,NEWC,-0.24951272323799317
2020-01-06,SKEW52,-0.24754901960784317
2020-01-06,TVLC,
2020-01-13,VOLC,-0.29480519480519485
2020-01-13,MAXRET,-0.21428571428571425
2020-01-13,CRASH8,0.01818181818181818
2020-01-13,BETA26,0.2263157894736842
2020-01-13,NEWC,-0.030539317687983538
2020-01-13,SKEW52,-0.13480392156862747
2020-01-13,TVLC,
2020-01-20,VOLC,-0.1935064935064935
2020-01-20,MAXRET,-0.35454545454545455
2020-01-20,CRASH8,-0.21428571428571425
2020-01-20,BETA26,-0.03609022556390977
2020-01-20,NEWC,-0.3164393130648507
2020-01-20,SKEW52,0.04411764705882353
2020-01-20,TVLC,
2020-01-27,VOLC,0.16623376623376623
2020-01-27,MAXRET,0.36233766233766235
2020-01-27,CRASH8,0.4285714285714285
2020-01-27,BETA26,-0.18796992481203004
2020-01-27,NEWC,0.44379476555090963
2020-01-27,SKEW52,0.10784313725490197
2020-01-27,TVLC,
2020-02-03,VOLC,0.24025974025974026
2020-02-03,MAXRET,0.3090909090909091
2020-02-03,CRASH8,0.24545454545454545
2020-02-03,BETA26,0.07969924812030074
2020-02-03,NEWC,-0.12930477063635581
2020-02-03,SKEW52,0.232843137254902
2020-02-03,TVLC,
2020-02-10,VOLC,0.059740259740259746
2020-02-10,MAXRET,0.12207792207792208
2020-02-10,CRASH8,-0.2
2020-02-10,BETA26,-0.1609022556390977
2020-02-10,NEWC,-0.16049386104110497
2020-02-10,SKEW52,0.3504901960784314
2020-02-10,TVLC,
2020-02-17,VOLC,0.025974025974025972
2020-02-17,MAXRET,-0.024675324675324677
2020-02-17,CRASH8,0.2350649350649351
2020-02-17,BETA26,-0.11879699248120301
2020-02-17,NEWC,-0.14684863398902723
2020-02-17,SKEW52,-0.2034313725490196
2020-02-17,TVLC,
2020-02-24,VOLC,-0.5077922077922078
2020-02-24,MAXRET,-0.47402597402597396
2020-02-24,CRASH8,-0.031168831168831172
2020-02-24,BETA26,-0.10389610389610389
2020-02-24,NEWC,0.07927227144540408
2020-02-24,SKEW52,0.11519607843137256
2020-02-24,TVLC,
2020-03-02,VOLC,0.287012987012987
2020-03-02,MAXRET,0.1753246753246753
2020-03-02,CRASH8,-0.18441558441558442
2020-03-02,BETA26,-0.2961038961038961
2020-03-02,NEWC,-0.13905136138783994
2020-03-02,SKEW52,0.17647058823529413
2020-03-02,TVLC,
2020-03-09,VOLC,0.06623376623376624
2020-03-09,MAXRET,0.3311688311688311
2020-03-09,CRASH8,0.3038961038961039
2020-03-09,BETA26,0.2155844155844156
2020-03-09,NEWC,0.11630931630104369
2020-03-09,SKEW52,0.40350877192982454
2020-03-09,TVLC,
2020-03-16,VOLC,0.5324675324675324
2020-03-16,MAXRET,0.6467532467532467
2020-03-16,CRASH8,0.02727272727272727
2020-03-16,BETA26,-0.087012987012987
2020-03-16,NEWC,-0.36062385780491196
2020-03-16,SKEW52,-0.13725490196078433
2020-03-16,TVLC,
2020-03-23,VOLC,-0.16363636363636364
2020-03-23,MAXRET,0.16753246753246753
2020-03-23,CRASH8,0.512987012987013
2020-03-23,BETA26,0.3649350649350649
2020-03-23,NEWC,-0.19493181502968213
2020-03-23,SKEW52,0.6070175438596491
2020-03-23,TVLC,
2020-03-30,VOLC,-0.01948051948051948
2020-03-30,MAXRET,0.024675324675324677
2020-03-30,CRASH8,0.09480519480519481
2020-03-30,BETA26,-0.22337662337662337
2020-03-30,NEWC,-0.29434704069482004
2020-03-30,SKEW52,-0.08421052631578947
2020-03-30,TVLC,
2020-04-06,VOLC,-0.22207792207792207
2020-04-06,MAXRET,-0.41038961038961036
2020-04-06,CRASH8,0.5909090909090908
2020-04-06,BETA26,0.34935064935064936
2020-04-06,NEWC,-0.2274204508679625
2020-04-06,SKEW52,0.12105263157894736
2020-04-06,TVLC,
2020-04-13,VOLC,0.23636363636363636
2020-04-13,MAXRET,0.04935064935064935
2020-04-13,CRASH8,0.01818181818181818
2020-04-13,BETA26,-0.025974025974025972
2020-04-13,NEWC,0.027290454104155502
2020-04-13,SKEW52,0.30350877192982456
2020-04-13,TVLC,
2020-04-20,VOLC,0.23376623376623373
2020-04-20,MAXRET,0.29480519480519485
2020-04-20,CRASH8,-0.6350649350649351
2020-04-20,BETA26,-0.5974025974025974
2020-04-20,NEWC,-0.43339840208266
2020-04-20,SKEW52,0.03909774436090225
2020-04-20,TVLC,
2020-04-27,VOLC,-0.3181818181818181
2020-04-27,MAXRET,-0.21818181818181817
2020-04-27,CRASH8,0.4246753246753247
2020-04-27,BETA26,0.0012987012987012987
2020-04-27,NEWC,0.16634181549199542
2020-04-27,SKEW52,0.051127819548872175
2020-04-27,TVLC,
2020-05-04,VOLC,-0.34545454545454546
2020-05-04,MAXRET,-0.4402597402597402
2020-05-04,CRASH8,0.0987012987012987
2020-05-04,BETA26,0.274025974025974
2020-05-04,NEWC,-0.11500977086751245
2020-05-04,SKEW52,-0.07669172932330826
2020-05-04,TVLC,
2020-05-11,VOLC,-0.3571428571428571
2020-05-11,MAXRET,-0.22727272727272727
2020-05-11,CRASH8,0.011688311688311687
2020-05-11,BETA26,0.548051948051948
2020-05-11,NEWC,0.21702408739971277
2020-05-11,SKEW52,-0.35037593984962395
2020-05-11,TVLC,
2020-05-18,VOLC,0.1012987012987013
2020-05-18,MAXRET,-0.02857142857142857
2020-05-18,CRASH8,-0.1883116883116883
2020-05-18,BETA26,0.47922077922077916
2020-05-18,NEWC,-0.024691363237093072
2020-05-18,SKEW52,0.051127819548872175
2020-05-18,TVLC,
2020-05-25,VOLC,-0.35584415584415585
2020-05-25,MAXRET,-0.39610389610389607
2020-05-25,CRASH8,-0.24155844155844156
2020-05-25,BETA26,0.27662337662337666
2020-05-25,NEWC,-0.08447045317952892
2020-05-25,SKEW52,0.14415584415584418
2020-05-25,TVLC,
2020-06-01,VOLC,-0.3090909090909091
2020-06-01,MAXRET,-0.2662337662337662
2020-06-01,CRASH8,-0.14805194805194805
2020-06-01,BETA26,0.36103896103896105
2020-06-01,NEWC,0.24691363237093072
2020-06-01,SKEW52,-0.031168831168831172
2020-06-01,TVLC,
2020-06-08,VOLC,-0.43376623376623374
2020-06-08,MAXRET,-0.6077922077922078
2020-06-08,CRASH8,-0.02727272727272727
2020-06-08,BETA26,0.5077922077922078
2020-06-08,NEWC,0.1721897699428859
2020-06-08,SKEW52,-0.36363636363636365
2020-06-08,TVLC,
2020-06-15,VOLC,-0.20909090909090908
2020-06-15,MAXRET,-0.05714285714285714
2020-06-15,CRASH8,-0.23636363636363636
2020-06-15,BETA26,0.05844155844155843
2020-06-15,NEWC,-0.3781677211575834
2020-06-15,SKEW52,0.26233766233766237
2020-06-15,TVLC,
2020-06-22,VOLC,-0.6051948051948052
2020-06-22,MAXRET,-0.5818181818181818
2020-06-22,CRASH8,-0.044155844155844164
2020-06-22,BETA26,0.11688311688311687
2020-06-22,NEWC,-0.23261863260208737
2020-06-22,SKEW52,0.3025974025974026
2020-06-22,TVLC,
2020-06-29,VOLC,-0.2792207792207792
2020-06-29,MAXRET,-0.36363636363636365
2020-06-29,CRASH8,-0.0012987012987012987
2020-06-29,BETA26,0.23376623376623373
2020-06-29,NEWC,0.14100067953813678
2020-06-29,SKEW52,-0.2038961038961039
2020-06-29,TVLC,
2020-07-06,VOLC,-0.34675324675324676
2020-07-06,MAXRET,-0.41038961038961036
2020-07-06,CRASH8,0.0987012987012987
2020-07-06,BETA26,0.6025974025974027
2020-07-06,NEWC,-0.1923327241626197
2020-07-06,SKEW52,0.251948051948052
2020-07-06,TVLC,
2020-07-13,VOLC,0.6116883116883116
2020-07-13,MAXRET,0.5168831168831168
2020-07-13,CRASH8,-0.3675324675324675
2020-07-13,BETA26,-0.374025974025974
2020-07-13,NEWC,-0.34113067630194377
2020-07-13,SKEW52,0.287012987012987
2020-07-13,TVLC,
2020-07-20,VOLC,0.3506493506493506
2020-07-20,MAXRET,0.28441558441558445
2020-07-20,CRASH8,-0.34155844155844156
2020-07-20,BETA26,-0.4636363636363636
2020-07-20,NEWC,-0.21052636023205668
2020-07-20,SKEW52,0.3922077922077922
2020-07-20,TVLC,
2020-07-27,VOLC,-0.29740259740259745
2020-07-27,MAXRET,-0.21428571428571425
2020-07-27,CRASH8,0.374025974025974
2020-07-27,BETA26,0.7233766233766233
2020-07-27,NEWC,0.39051340277612984
2020-07-27,SKEW52,-0.05714285714285714
2020-07-27,TVLC,
2020-08-03,VOLC,-0.17922077922077922
2020-08-03,MAXRET,-0.22077922077922077
2020-08-03,CRASH8,0.5064935064935064
2020-08-03,BETA26,0.21038961038961035
2020-08-03,NEWC,0.2358674961859154
2020-08-03,SKEW52,-0.045454545454545456
2020-08-03,TVLC,
2020-08-10,VOLC,0.20779220779220778
2020-08-10,MAXRET,0.30129870129870134
2020-08-10,CRASH8,-0.09090909090909091
2020-08-10,BETA26,-0.22077922077922077
2020-08-10,NEWC,0.18453545156143245
2020-08-10,SKEW52,0.015584415584415586
2020-08-10,TVLC,
2020-08-17,VOLC,0.125974025974026
2020-08-17,MAXRET,0.12337662337662336
2020-08-17,CRASH8,0.05584415584415584
2020-08-17,BETA26,-0.21688311688311687
2020-08-17,NEWC,-0.22150809553136408
2020-08-17,SKEW52,0.5493506493506494
2020-08-17,TVLC,
2020-08-24,VOLC,0.5961038961038961
2020-08-24,MAXRET,0.5376623376623377
2020-08-24,CRASH8,-0.39350649350649347
2020-08-24,BETA26,-0.4896103896103896
2020-08-24,NEWC,-0.43637163958319125
2020-08-24,SKEW52,0.2597402597402597
2020-08-24,TVLC,
2020-08-31,VOLC,0.251948051948052
2020-08-31,MAXRET,0.27792207792207796
2020-08-31,CRASH8,-0.007792207792207793
2020-08-31,BETA26,0.07142857142857142
2020-08-31,NEWC,0.04742224198860204
2020-08-31,SKEW52,-0.1077922077922078
2020-08-31,TVLC,
2020-09-07,VOLC,0.47727272727272735
2020-09-07,MAXRET,0.43280632411067194
2020-09-07,CRASH8,-0.2324675324675325
2020-09-07,BETA26,-0.34675324675324676
2020-09-07,NEWC,-0.129214732757934
2020-09-07,SKEW52,0.087012987012987
2020-09-07,TVLC,
2020-09-14,VOLC,0.25304347826086954
2020-09-14,MAXRET,0.21130434782608692
2020-09-14,CRASH8,-0.3337662337662338
2020-09-14,BETA26,-0.2324675324675325
2020-09-14,NEWC,-0.27409185736531455
2020-09-14,SKEW52,0.31428571428571433
2020-09-14,TVLC,
2020-09-21,VOLC,0.14869565217391303
2020-09-21,MAXRET,0.09565217391304347
2020-09-21,CRASH8,-0.2964426877470355
2020-09-21,BETA26,-0.3363636363636363
2020-09-21,NEWC,-0.4013854815380722
2020-09-21,SKEW52,0.23636363636363636
2020-09-21,TVLC,
2020-09-28,VOLC,0.14260869565217388
2020-09-28,MAXRET,-0.04434782608695652
2020-09-28,CRASH8,-0.05391304347826086
2020-09-28,BETA26,0.13766233766233765
2020-09-28,NEWC,-0.2767231422906083
2020-09-28,SKEW52,0.13506493506493505
2020-09-28,TVLC,
2020-10-05,VOLC,0.1443478260869565
2020-10-05,MAXRET,0.023478260869565212
2020-10-05,CRASH8,-0.5252173913043477
2020-10-05,BETA26,-0.12467532467532469
2020-10-05,NEWC,-0.25209512468254425
2020-10-05,SKEW52,0.16753246753246753
2020-10-05,TVLC,
2020-10-12,VOLC,0.34384615384615386
2020-10-12,MAXRET,-0.036923076923076927
2020-10-12,CRASH8,-0.4434782608695652
2020-10-12,BETA26,-0.3090909090909091
2020-10-12,NEWC,-0.44809309814672044
2020-10-12,SKEW52,0.24545454545454545
2020-10-12,TVLC,
2020-10-19,VOLC,0.2957264957264957
2020-10-19,MAXRET,-0.3217094017094017
2020-10-19,CRASH8,-0.797391304347826
2020-10-19,BETA26,-0.612987012987013
2020-10-19,NEWC,-0.5159622282911485
2020-10-19,SKEW52,0.13636363636363635
2020-10-19,TVLC,
2020-10-26,VOLC,0.0030769230769230765
2020-10-26,MAXRET,-0.02427350427350427
2020-10-26,CRASH8,0.04076923076923076
2020-10-26,BETA26,0.10389610389610389
2020-10-26,NEWC,0.011586347219151444
2020-10-26,SKEW52,0.08051948051948052
2020-10-26,TVLC,
2020-11-02,VOLC,-0.1323076923076923
2020-11-02,MAXRET,0.13641025641025642
2020-11-02,CRASH8,0.08170940170940172
2020-11-02,BETA26,-0.1155844155844156
2020-11-02,NEWC,0.1898188799733322
2020-11-02,SKEW52,-0.22597402597402597
2020-11-02,TVLC,
2020-11-09,VOLC,0.3270935960591132
2020-11-09,MAXRET,0.18522167487684724
2020-11-09,CRASH8,-0.5083760683760683
2020-11-09,BETA26,-0.0909090909090909
2020-11-09,NEWC,-0.5058549892276333
2020-11-09,SKEW52,0.03506493506493507
2020-11-09,TVLC,
2020-11-16,VOLC,0.08620689655172412
2020-11-16,MAXRET,-0.003940886699507388
2020-11-16,CRASH8,-0.35521367521367525
2020-11-16,BETA26,-0.19913043478260867
2020-11-16,NEWC,-0.39023803506205823
2020-11-16,SKEW52,-0.38311688311688313
2020-11-16,TVLC,
2020-11-23,VOLC,0.04334975369458127
2020-11-23,MAXRET,0.03399014778325122
2020-11-23,CRASH8,0.18719211822660095
2020-11-23,BETA26,-0.07130434782608694
2020-11-23,NEWC,0.08036487645624193
2020-11-23,SKEW52,0.18311688311688312
2020-11-23,TVLC,
2020-11-30,VOLC,0.07142857142857141
2020-11-30,MAXRET,0.1004926108374384
2020-11-30,CRASH8,-0.21083743842364527
2020-11-30,BETA26,-0.07565217391304348
2020-11-30,NEWC,-0.2889191264009679
2020-11-30,SKEW52,0.14025974025974028
2020-11-30,TVLC,
2020-12-07,VOLC,0.044334975369458116
2020-12-07,MAXRET,-0.009359605911330046
2020-12-07,CRASH8,-0.3660098522167487
2020-12-07,BETA26,-0.3278260869565217
2020-12-07,NEWC,-0.261309107495756
2020-12-07,SKEW52,0.42987012987012985
2020-12-07,TVLC,
2020-12-14,VOLC,-0.10640394088669947
2020-12-14,MAXRET,-0.21379310344827585
2020-12-14,CRASH8,-0.3798029556650246
2020-12-14,BETA26,-0.32692307692307687
2020-12-14,NEWC,-0.17108351000193833
2020-12-14,SKEW52,0.5025974025974026
2020-12-14,TVLC,
2020-12-21,VOLC,0.20985221674876844
2020-12-21,MAXRET,-0.0901477832512315
2020-12-21,CRASH8,-0.3541871921182265
2020-12-21,BETA26,0.09196581196581195
2020-12-21,NEWC,0.05127574939539363
2020-12-21,SKEW52,0.22337662337662337
2020-12-21,TVLC,
2020-12-28,VOLC,0.4364532019704433
2020-12-28,MAXRET,0.5137931034482758
2020-12-28,CRASH8,0.3911330049261083
2020-12-28,BETA26,-0.1569230769230769
2020-12-28,NEWC,-0.05423396570666634
2020-12-28,SKEW52,-0.1077922077922078
2020-12-28,TVLC,
2021-01-04,VOLC,-0.004433497536945812
2021-01-04,MAXRET,-0.003448275862068965
2021-01-04,CRASH8,0.09261083743842362
2021-01-04,BETA26,0.4899145299145299
2021-01-04,NEWC,0.48169622268557283
2021-01-04,SKEW52,0.13376623376623376
2021-01-04,TVLC,
2021-01-11,VOLC,0.07586206896551723
2021-01-11,MAXRET,-0.014778325123152707
2021-01-11,CRASH8,-0.1650246305418719
2021-01-11,BETA26,0.10098522167487682
2021-01-11,NEWC,0.2849748379859377
2021-01-11,SKEW52,-0.08831168831168833
2021-01-11,TVLC,
2021-01-18,VOLC,-0.06453201970443348
2021-01-18,MAXRET,-0.06157635467980294
2021-01-18,CRASH8,0.1926108374384236
2021-01-18,BETA26,0.17487684729064035
2021-01-18,NEWC,0.022679658386424106
2021-01-18,SKEW52,0.13506493506493505
2021-01-18,TVLC,
2021-01-25,VOLC,-0.23596059113300488
2021-01-25,MAXRET,-0.234975369458128
2021-01-25,CRASH8,-0.4901477832512314
2021-01-25,BETA26,0.47044334975369445
2021-01-25,NEWC,0.030075199164605878
2021-01-25,SKEW52,0.2545454545454545
2021-01-25,TVLC,
2021-02-01,VOLC,0.3389162561576354
2021-02-01,MAXRET,0.502463054187192
2021-02-01,CRASH8,0.3325123152709359
2021-02-01,BETA26,-0.5177339901477831
2021-02-01,NEWC,-0.10772837733551449
2021-02-01,SKEW52,0.1753246753246753
2021-02-01,TVLC,
2021-02-08,VOLC,0.267487684729064
2021-02-08,MAXRET,0.25418719211822655
2021-02-08,CRASH8,-0.28620689655172404
2021-02-08,BETA26,-0.2344827586206896
2021-02-08,NEWC,-0.09959328247951453
2021-02-08,SKEW52,0.2766798418972332
2021-02-08,TVLC,
2021-02-15,VOLC,0.15960591133004923
2021-02-15,MAXRET,0.08472906403940884
2021-02-15,CRASH8,-0.12167487684729061
2021-02-15,BETA26,0.0024630541871921174
2021-02-15,NEWC,0.20165174521842302
2021-02-15,SKEW52,0.15217391304347824
2021-02-15,TVLC,
2021-02-22,VOLC,0.16847290640394083
2021-02-22,MAXRET,0.28472906403940884
2021-02-22,CRASH8,0.10935960591133002
2021-02-22,BETA26,-0.48522167487684714
2021-02-22,NEWC,0.1298007741306135
2021-02-22,SKEW52,0.5295652173913042
2021-02-22,TVLC,
2021-03-01,VOLC,-0.31034482758620685
2021-03-01,MAXRET,-0.21231527093596053
2021-03-01,CRASH8,0.0881773399014778
2021-03-01,BETA26,0.19014778325123147
2021-03-01,NEWC,-0.029388854520138907
2021-03-01,SKEW52,0.014782608695652172
2021-03-01,TVLC,
2021-03-08,VOLC,0.2389162561576354
2021-03-08,MAXRET,0.22019704433497533
2021-03-08,CRASH8,0.08571428571428569
2021-03-08,BETA26,-0.18768472906403935
2021-03-08,NEWC,-0.01669821279553347
2021-03-08,SKEW52,0.2269565217391304
2021-03-08,TVLC,
2021-03-15,VOLC,0.035817575083426034
2021-03-15,MAXRET,-0.17063403781979977
2021-03-15,CRASH8,-0.267487684729064
2021-03-15,BETA26,0.18177339901477826
2021-03-15,NEWC,-0.16742741362988223
2021-03-15,SKEW52,-0.21846153846153843
2021-03-15,TVLC,
2021-03-22,VOLC,0.3699666295884316
2021-03-22,MAXRET,0.22447163515016688
2021-03-22,CRASH8,0.3270935960591132
2021-03-22,BETA26,-0.167487684729064
2021-03-22,NEWC,-0.0013358570236426774
2021-03-22,SKEW52,0.09743589743589742
2021-03-22,TVLC,
2021-03-29,VOLC,0.37263626251390436
2021-03-29,MAXRET,0.35661846496106786
2021-03-29,CRASH8,0.23159065628476083
2021-03-29,BETA26,0.04729064039408866
2021-03-29,NEWC,-0.21663148066738752
2021-03-29,SKEW52,-0.0441025641025641
2021-03-29,TVLC,
2021-04-05,VOLC,-0.15016685205784203
2021-04-05,MAXRET,-0.18264738598442715
2021-04-05,CRASH8,0.21067853170189096
2021-04-05,BETA26,0.0354679802955665
2021-04-05,NEWC,-0.23800519304567036
2021-04-05,SKEW52,-0.06598290598290597
2021-04-05,TVLC,
2021-04-12,VOLC,0.33125695216907675
2021-04-12,MAXRET,0.2774193548387097
2021-04-12,CRASH8,-0.13726362625139044
2021-04-12,BETA26,-0.44334975369458113
2021-04-12,NEWC,0.18078598386630904
2021-04-12,SKEW52,0.48325123152709354
2021-04-12,TVLC,
2021-04-19,VOLC,-0.22580645161290322
2021-04-19,MAXRET,-0.13236929922135707
2021-04-19,CRASH8,0.4553948832035596
2021-04-19,BETA26,0.5773399014778323
2021-04-19,NEWC,0.01781142698190237
2021-04-19,SKEW52,-0.4980295566502462
2021-04-19,TVLC,
2021-04-26,VOLC,0.029588431590656286
2021-04-26,MAXRET,0.02246941045606229
2021-04-26,CRASH8,0.0028921023359288096
2021-04-26,BETA26,0.18275862068965515
2021-04-26,NEWC,-0.4392743179411671
2021-04-26,SKEW52,-0.08325123152709359
2021-04-26,TVLC,
2021-05-03,VOLC,0.13681868743047831
2021-05-03,MAXRET,-0.03270300333704116
2021-05-03,CRASH8,-0.03136818687430478
2021-05-03,BETA26,-0.15123152709359602
2021-05-03,NEWC,0.0970722770513679
2021-05-03,SKEW52,-0.15418719211822657
2021-05-03,TVLC,
2021-05-10,VOLC,0.12169076751946609
2021-05-10,MAXRET,0.008231368186874304
2021-05-10,CRASH8,-0.14527252502780869
2021-05-10,BETA26,-0.2266009852216748
2021-05-10,NEWC,-0.2560392628648465
2021-05-10,SKEW52,-0.005911330049261082
2021-05-10,TVLC,
2021-05-17,VOLC,-0.39488320355951056
2021-05-17,MAXRET,-0.1408231368186874
2021-05-17,CRASH8,0.575083426028921
2021-05-17,BETA26,0.20800889877641823
2021-05-17,NEWC,-0.25000006728503404
2021-05-17,SKEW52,0.1251231527093596
2021-05-17,TVLC,
2021-05-24,VOLC,0.3032258064516129
2021-05-24,MAXRET,0.25739710789766407
2021-05-24,CRASH8,-0.1221357063403782
2021-05-24,BETA26,-0.07052280311457175
2021-05-24,NEWC,0.07630229493072205
2021-05-24,SKEW52,-0.11527093596059108
2021-05-24,TVLC,
2021-05-31,VOLC,0.14838709677419354
2021-05-31,MAXRET,0.1332591768631813
2021-05-31,CRASH8,-0.05850945494994438
2021-05-31,BETA26,-0.06473859844271414
2021-05-31,NEWC,-0.461848987104707
2021-05-31,SKEW52,0.1339901477832512
2021-05-31,TVLC,
2021-06-07,VOLC,-0.3687683284457478
2021-06-07,MAXRET,-0.1033724340175953
2021-06-07,CRASH8,0.4082313681868743
2021-06-07,BETA26,0.12347052280311456
2021-06-07,NEWC,0.051907570830274856
2021-06-07,SKEW52,0.03399014778325122
2021-06-07,TVLC,
2021-06-14,VOLC,0.2778592375366568
2021-06-14,MAXRET,0.26099706744868034
2021-06-14,CRASH8,-0.7201334816462737
2021-06-14,BETA26,-0.2978865406006674
2021-06-14,NEWC,-0.2107484059504799
2021-06-14,SKEW52,-0.11133004926108372
2021-06-14,TVLC,
2021-06-21,VOLC,-0.04728739002932551
2021-06-21,MAXRET,0.2071114369501466
2021-06-21,CRASH8,0.26392961876832843
2021-06-21,BETA26,-0.03848720800889878
2021-06-21,NEWC,0.19570804973817413
2021-06-21,SKEW52,0.3798029556650246
2021-06-21,TVLC,
2021-06-28,VOLC,-0.21774193548387094
2021-06-28,MAXRET,-0.282258064516129
2021-06-28,CRASH8,0.2657624633431085
2021-06-28,BETA26,-0.18086763070077863
2021-06-28,NEWC,0.15719006431641538
2021-06-28,SKEW52,0.351231527093596
2021-06-28,TVLC,
2021-07-05,VOLC,0.6030058651026393
2021-07-05,MAXRET,0.5414222873900293
2021-07-05,CRASH8,-0.12096774193548386
2021-07-05,BETA26,0.016240266963292546
2021-07-05,NEWC,-0.4977991068316818
2021-07-05,SKEW52,-0.2866995073891625
2021-07-05,TVLC,
2021-07-12,VOLC,-0.3541055718475073
2021-07-12,MAXRET,-0.2730938416422287
2021-07-12,CRASH8,0.3020527859237536
2021-07-12,BETA26,-0.160845383759733
2021-07-12,NEWC,-0.02824652264262307
2021-07-12,SKEW52,0.2507389162561576
2021-07-12,TVLC,
2021-07-19,VOLC,0.005498533724340175
2021-07-19,MAXRET,0.18951612903225803
2021-07-19,CRASH8,0.0406891495601173
2021-07-19,BETA26,-0.15283648498331479
2021-07-19,NEWC,-0.045121068636917366
2021-07-19,SKEW52,0.35911330049261075
2021-07-19,TVLC,
2021-07-26,VOLC,-0.08431085043988269
2021-07-26,MAXRET,0.11473607038123164
2021-07-26,CRASH8,0.2104105571847507
2021-07-26,BETA26,-0.14972191323692993
2021-07-26,NEWC,0.38762550477635555
2021-07-26,SKEW52,0.08275862068965516
2021-07-26,TVLC,
2021-08-02,VOLC,0.2551319648093841
2021-08-02,MAXRET,0.06928152492668621
2021-08-02,CRASH8,-0.038489736070381225
2021-08-02,BETA26,0.36062291434927696
2021-08-02,NEWC,-0.38648531917026197
2021-08-02,SKEW52,-0.43842364532019695
2021-08-02,TVLC,
2021-08-09,VOLC,0.04142228739002932
2021-08-09,MAXRET,0.05865102639296187
2021-08-09,CRASH8,0.2921554252199413
2021-08-09,BETA26,-0.37903225806451607
2021-08-09,NEWC,0.13178415550821432
2021-08-09,SKEW52,0.21379310344827585
2021-08-09,TVLC,
2021-08-16,VOLC,-0.10427807486631017
2021-08-16,MAXRET,-0.1483957219251337
2021-08-16,CRASH8,0.10887096774193547
2021-08-16,BETA26,-0.08760997067448678
2021-08-16,NEWC,0.2022626887904496
2021-08-16,SKEW52,0.04160177975528365
2021-08-16,TVLC,
2021-08-23,VOLC,0.2360580595874713
2021-08-23,MAXRET,0.20061115355233
2021-08-23,CRASH8,0.04875366568914955
2021-08-23,BETA26,0.06524926686217009
2021-08-23,NEWC,-0.10288948568100723
2021-08-23,SKEW52,0.06963292547274749
2021-08-23,TVLC,
2021-08-30,VOLC,-0.042933537051184106
2021-08-30,MAXRET,-0.17830404889228418
2021-08-30,CRASH8,0.02840909090909091
2021-08-30,BETA26,-0.1997800586510264
2021-08-30,NEWC,0.12337565370664612
2021-08-30,SKEW52,0.09410456062291435
2021-08-30,TVLC,
2021-09-06,VOLC,-0.05454545454545454
2021-09-06,MAXRET,0.20061115355233
2021-09-06,CRASH8,0.09243697478991594
2021-09-06,BETA26,-0.19684750733137826
2021-09-06,NEWC,0.3407736457399184
2021-09-06,SKEW52,0.34905450500556173
2021-09-06,TVLC,
2021-09-13,VOLC,0.20091673032849505
2021-09-13,MAXRET,0.08235294117647057
2021-09-13,CRASH8,-0.22597402597402597
2021-09-13,BETA26,-0.03262463343108504
2021-09-13,NEWC,-0.3028589467073928
2021-09-13,SKEW52,0.15016685205784203
2021-09-13,TVLC,
2021-09-20,VOLC,-0.30572956455309397
2021-09-20,MAXRET,-0.21283422459893048
2021-09-20,CRASH8,0.2213903743315508
2021-09-20,BETA26,-0.044721407624633426
2021-09-20,NEWC,-0.15807983386948216
2021-09-20,SKEW52,-0.13770856507230256
2021-09-20,TVLC,
2021-09-27,VOLC,0.3833460656990068
2021-09-27,MAXRET,0.43346065699006875
2021-09-27,CRASH8,0.11841100076394193
2021-09-27,BETA26,0.19354838709677416
2021-09-27,NEWC,-0.2568415095751741
2021-09-27,SKEW52,-0.08698553948832036
2021-09-27,TVLC,
2021-10-04,VOLC,0.007181054239877769
2021-10-04,MAXRET,-0.10649350649350649
2021-10-04,CRASH8,-0.1343009931245225
2021-10-04,BETA26,-0.249633431085044
2021-10-04,NEWC,-0.17092190934824084
2021-10-04,SKEW52,0.2729699666295884
2021-10-04,TVLC,
2021-10-11,VOLC,-0.17158135981665393
2021-10-11,MAXRET,-0.12452253628724218
2021-10-11,CRASH8,0.173109243697479
2021-10-11,BETA26,0.24926686217008792
2021-10-11,NEWC,0.009937320310944235
2021-10-11,SKEW52,0.16751946607341492
2021-10-11,TVLC,
2021-10-18,VOLC,-0.2595874713521772
2021-10-18,MAXRET,-0.19052711993888463
2021-10-18,CRASH8,0.08143621084797555
2021-10-18,BETA26,-0.0945855614973262
2021-10-18,NEWC,-0.060846976673166235
2021-10-18,SKEW52,-0.23648498331479423
2021-10-18,TVLC,
2021-10-25,VOLC,-0.10129870129870129
2021-10-25,MAXRET,-0.15874713521772343
2021-10-25,CRASH8,-0.1437738731856379
2021-10-25,BETA26,-0.003819709702062643
2021-10-25,NEWC,-0.152728969086666
2021-10-25,SKEW52,0.13548387096774192
2021-10-25,TVLC,
2021-11-01,VOLC,0.1602750190985485
2021-11-01,MAXRET,0.10374331550802139
2021-11-01,CRASH8,0.19572192513368983
2021-11-01,BETA26,0.006264323911382734
2021-11-01,NEWC,-0.24338790669266494
2021-11-01,SKEW52,-0.0932146829810901
2021-11-01,TVLC,
2021-11-08,VOLC,0.02704354469060351
2021-11-08,MAXRET,0.09029793735676088
2021-11-08,CRASH8,-0.174025974025974
2021-11-08,BETA26,-0.06921313980137508
2021-11-08,NEWC,-0.14615504949634905
2021-11-08,SKEW52,-0.01063049853372434
2021-11-08,TVLC,
2021-11-15,VOLC,0.199694423223835
2021-11-15,MAXRET,0.1679144385026738
2021-11-15,CRASH8,-0.24216959511077155
2021-11-15,BETA26,-0.21436210847975554
2021-11-15,NEWC,-0.10380677678663286
2021-11-15,SKEW52,0.038489736070381225
2021-11-15,TVLC,
2021-11-22,VOLC,0.40748663101604277
2021-11-22,MAXRET,0.2510313216195569
2021-11-22,CRASH8,-0.23361344537815126
2021-11-22,BETA26,-0.42582123758594337
2021-11-22,NEWC,-0.07644092546880181
2021-11-22,SKEW52,-0.056085043988269793
2021-11-22,TVLC,
2021-11-29,VOLC,-0.0802139037433155
2021-11-29,MAXRET,-0.012987012987012986
2021-11-29,CRASH8,0.07990832696715049
2021-11-29,BETA26,0.21680672268907558
2021-11-29,NEWC,0.011466138820320272
2021-11-29,SKEW52,0.08174486803519061
2021-11-29,TVLC,
2021-12-06,VOLC,0.2968678380443086
2021-12-06,MAXRET,0.21405653170359049
2021-12-06,CRASH8,-0.10954927425515659
2021-12-06,BETA26,-0.10710466004583649
2021-12-06,NEWC,-0.1741324282179305
2021-12-06,SKEW52,0.12756598240469205
2021-12-06,TVLC,
2021-12-13,VOLC,0.21161191749427039
2021-12-13,MAXRET,0.4044308632543927
2021-12-13,CRASH8,0.1706646294881589
2021-12-13,BETA26,0.26569900687547743
2021-12-13,NEWC,0.1985935243679471
2021-12-13,SKEW52,-0.028592375366568914
2021-12-13,TVLC,
2021-12-20,VOLC,-0.16852559205500378
2021-12-20,MAXRET,-0.14102368220015277
2021-12-20,CRASH8,-0.038044308632543926
2021-12-20,BETA26,-0.31673032849503435
2021-12-20,NEWC,0.07414769770473775
2021-12-20,SKEW52,0.09494134897360704
2021-12-20,TVLC,
2021-12-27,VOLC,0.01390374331550802
2021-12-27,MAXRET,-0.03498854087089381
2021-12-27,CRASH8,0.16638655462184873
2021-12-27,BETA26,0.1755538579067991
2021-12-27,NEWC,-0.04433573677190505
2021-12-27,SKEW52,0.23240469208211137
2021-12-27,TVLC,
2022-01-03,VOLC,-0.2320855614973262
2022-01-03,MAXRET,-0.11199388846447668
2022-01-03,CRASH8,-0.21925133689839568
2022-01-03,BETA26,0.17433155080213902
2022-01-03,NEWC,-0.09524539313412704
2022-01-03,SKEW52,-0.16165689149560114
2022-01-03,TVLC,
2022-01-10,VOLC,0.253781512605042
2022-01-10,MAXRET,0.3203972498090145
2022-01-10,CRASH8,-0.3790679908326967
2022-01-10,BETA26,-0.2213903743315508
2022-01-10,NEWC,-0.6252867703347987
2022-01-10,SKEW52,-0.2994868035190616
2022-01-10,TVLC,
2022-01-17,VOLC,0.3851795263559969
2022-01-17,MAXRET,0.2647822765469824
2022-01-17,CRASH8,-0.2189457601222307
2022-01-17,BETA26,-0.17249809014514894
2022-01-17,NEWC,-0.34520721941710897
2022-01-17,SKEW52,-0.043114973262032084
2022-01-17,TVLC,
2022-01-24,VOLC,0.08999236058059586
2022-01-24,MAXRET,0.1336898395721925
2022-01-24,CRASH8,0.1605805958747135
2022-01-24,BETA26,0.43651642475171887
2022-01-24,NEWC,0.31631254958990185
2022-01-24,SKEW52,-0.05087853323147441
2022-01-24,TVLC,
2022-01-31,VOLC,0.5431627196333079
2022-01-31,MAXRET,0.36134453781512604
2022-01-31,CRASH8,-0.4502673796791444
2022-01-31,BETA26,-0.24736440030557674
2022-01-31,NEWC,-0.2757988590914369
2022-01-31,SKEW52,-0.2519480519480519
2022-01-31,TVLC,
2022-02-07,VOLC,0.08388082505729565
2022-02-07,MAXRET,0.06982429335370512
2022-02-07,CRASH8,-0.147135217723453
2022-02-07,BETA26,-0.2085561497326203
2022-02-07,NEWC,0.008255619950630596
2022-02-07,SKEW52,0.01145912910618793
2022-02-07,TVLC,
2022-02-14,VOLC,0.018487394957983194
2022-02-14,MAXRET,0.011153552330022918
2022-02-14,CRASH8,-0.03559969442322383
2022-02-14,BETA26,0.10527119938884644
2022-02-14,NEWC,-0.08805994614005967
2022-02-14,SKEW52,0.25469824293353704
2022-02-14,TVLC,
2022-02-21,VOLC,-0.35462184873949576
2022-02-21,MAXRET,-0.37845683728036666
2022-02-21,CRASH8,-0.0612681436210848
2022-02-21,BETA26,0.12543926661573718
2022-02-21,NEWC,-0.12505735406695975
2022-02-21,SKEW52,-0.045072574484339184
2022-02-21,TVLC,
2022-02-28,VOLC,0.093353705118411
2022-02-28,MAXRET,0.049350649350649346
2022-02-28,CRASH8,-0.1865546218487395
2022-02-28,BETA26,0.05546218487394957
2022-02-28,NEWC,-0.26310966546361586
2022-02-28,SKEW52,0.26019862490450724
2022-02-28,TVLC,
2022-03-07,VOLC,0.0239877769289534
2022-03-07,MAXRET,0.2592818945760122
2022-03-07,CRASH8,0.147135217723453
2022-03-07,BETA26,-0.09427043544690604
2022-03-07,NEWC,-0.09004741020224852
2022-03-07,SKEW52,0.29106187929717336
2022-03-07,TVLC,
2022-03-14,VOLC,-0.12177234530175705
2022-03-14,MAXRET,-0.017265087853323147
2022-03-14,CRASH8,0.2724216959511077
2022-03-14,BETA26,0.30450725744843393
2022-03-14,NEWC,0.09539827498506466
2022-03-14,SKEW52,-0.13216195569136746
2022-03-14,TVLC,
2022-03-21,VOLC,-0.0802139037433155
2022-03-21,MAXRET,-0.03284950343773873
2022-03-21,CRASH8,0.3757066462948816
2022-03-21,BETA26,0.2855614973262032
2022-03-21,NEWC,0.3071396385336457
2022-03-21,SKEW52,-0.030404889228418636
2022-03-21,TVLC,
2022-03-28,VOLC,0.2779220779220779
2022-03-28,MAXRET,0.33475935828877
2022-03-28,CRASH8,-0.10618792971734149
2022-03-28,BETA26,-0.1489686783804431
2022-03-28,NEWC,-0.2663201843333055
2022-03-28,SKEW52,0.08418640183346066
2022-03-28,TVLC,
2022-04-04,VOLC,0.34178762414056535
2022-04-04,MAXRET,0.30572956455309397
2022-04-04,CRASH8,-0.2553093964858671
2022-04-04,BETA26,-0.1865546218487395
2022-04-04,NEWC,0.06742089626348319
2022-04-04,SKEW52,0.093353705118411
2022-04-04,TVLC,
2022-04-11,VOLC,-0.17616501145912908
2022-04-11,MAXRET,-0.08449197860962566
2022-04-11,CRASH8,0.23880825057295646
2022-04-11,BETA26,-0.0019862490450725744
2022-04-11,NEWC,0.11145086933351303
2022-04-11,SKEW52,0.2663101604278075
2022-04-11,TVLC,
2022-04-18,VOLC,0.4062643239113827
2022-04-18,MAXRET,0.18594346829640948
2022-04-18,CRASH8,-0.42184873949579826
2022-04-18,BETA26,-0.4212375859434683
2022-04-18,NEWC,-0.33756312687022877
2022-04-18,SKEW52,0.28617265087853316
2022-04-18,TVLC,
2022-04-25,VOLC,0.12971734148204736
2022-04-25,MAXRET,0.05546218487394957
2022-04-25,CRASH8,-0.1902215431627196
2022-04-25,BETA26,-0.05851795263559969
2022-04-25,NEWC,-0.4269990096687269
2022-04-25,SKEW52,0.07929717341482047
2022-04-25,TVLC,
2022-05-02,VOLC,0.11718869365928188
2022-05-02,MAXRET,0.0019862490450725744
2022-05-02,CRASH8,-0.14682964094728798
2022-05-02,BETA26,-0.3799847211611917
2022-05-02,NEWC,-0.3936379542177956
2022-05-02,SKEW52,0.3766233766233766
2022-05-02,TVLC,
2022-05-09,VOLC,-0.02857142857142857
2022-05-09,MAXRET,-0.21008403361344533
2022-05-09,CRASH8,-0.08235294117647057
2022-05-09,BETA26,-0.09152024446142093
2022-05-09,NEWC,-0.24705721370095185
2022-05-09,SKEW52,0.494576012223071
2022-05-09,TVLC,
2022-05-16,VOLC,0.13766233766233765
2022-05-16,MAXRET,-0.19388846447669975
2022-05-16,CRASH8,-0.37937356760886176
2022-05-16,BETA26,-0.033155080213903745
2022-05-16,NEWC,-0.16269621390062683
2022-05-16,SKEW52,0.10771581359816654
2022-05-16,TVLC,
2022-05-23,VOLC,-0.06526610644257703
2022-05-23,MAXRET,-0.07366946778711485
2022-05-23,CRASH8,0.049350649350649346
2022-05-23,BETA26,-0.10618792971734149
2022-05-23,NEWC,-0.10790360439576459
2022-05-23,SKEW52,0.11382734912146676
2022-05-23,TVLC,
2022-05-30,VOLC,0.10644257703081232
2022-05-30,MAXRET,-0.21484593837535013
2022-05-30,CRASH8,-0.17952635599694422
2022-05-30,BETA26,-0.3830404889228418
2022-05-30,NEWC,-0.3096973580709606
2022-05-30,SKEW52,0.35462184873949576
2022-05-30,TVLC,
2022-06-06,VOLC,-0.3596638655462185
2022-06-06,MAXRET,-0.013725490196078433
2022-06-06,CRASH8,-0.17871148459383757
2022-06-06,BETA26,0.119938884644767
2022-06-06,NEWC,-0.0030829601255932732
2022-06-06,SKEW52,-0.24430863254392665
2022-06-06,TVLC,
2022-06-13,VOLC,0.02829131652661065
2022-06-13,MAXRET,0.09747899159663866
2022-06-13,CRASH8,0.32072829131652664
2022-06-13,BETA26,0.360733384262796
2022-06-13,NEWC,0.30198995775697746
2022-06-13,SKEW52,-0.30725744843391894
2022-06-13,TVLC,
2022-06-20,VOLC,0.24761904761904763
2022-06-20,MAXRET,0.08039215686274512
2022-06-20,CRASH8,-0.1235294117647059
2022-06-20,BETA26,-0.2666157372039725
2022-06-20,NEWC,-0.14223656943078056
2022-06-20,SKEW52,0.16210847975553858
2022-06-20,TVLC,
2022-06-27,VOLC,-0.4630252100840337
2022-06-27,MAXRET,-0.3504201680672269
2022-06-27,CRASH8,0.10336134453781515
2022-06-27,BETA26,0.3246753246753246
2022-06-27,NEWC,0.37177696423631607
2022-06-27,SKEW52,0.06462948815889992
2022-06-27,TVLC,
2022-07-04,VOLC,-0.2019607843137255
2022-07-04,MAXRET,-0.2504201680672269
2022-07-04,CRASH8,0.1495798319327731
2022-07-04,BETA26,0.1547746371275783
2022-07-04,NEWC,0.10818387349809123
2022-07-04,SKEW52,0.16210847975553858
2022-07-04,TVLC,
2022-07-11,VOLC,0.03305322128851541
2022-07-11,MAXRET,0.10812324929971989
2022-07-11,CRASH8,0.1235294117647059
2022-07-11,BETA26,-0.17188693659281895
2022-07-11,NEWC,-0.11561100470974775
2022-07-11,SKEW52,-0.12605042016806722
2022-07-11,TVLC,
2022-07-18,VOLC,-0.03725490196078432
2022-07-18,MAXRET,0.04229691876750701
2022-07-18,CRASH8,-0.08935574229691878
2022-07-18,BETA26,0.09518716577540105
2022-07-18,NEWC,0.03839686701875259
2022-07-18,SKEW52,0.40290297937356756
2022-07-18,TVLC,
2022-07-25,VOLC,-0.006162464985994398
2022-07-25,MAXRET,-0.006162464985994398
2022-07-25,CRASH8,0.15630252100840336
2022-07-25,BETA26,0.2607843137254902
2022-07-25,NEWC,0.13396863091214406
2022-07-25,SKEW52,-0.0744079449961803
2022-07-25,TVLC,
2022-08-01,VOLC,-0.004201680672268907
2022-08-01,MAXRET,0.18795518207282913
2022-08-01,CRASH8,-0.13053221288515407
2022-08-01,BETA26,-0.002801120448179272
2022-08-01,NEWC,-0.14307737673776053
2022-08-01,SKEW52,-0.11657754010695186
2022-08-01,TVLC,
2022-08-08,VOLC,0.24537815126050422
2022-08-08,MAXRET,0.29691876750700286
2022-08-08,CRASH8,-0.31344537815126056
2022-08-08,BETA26,-0.5030812324929972
2022-08-08,NEWC,-0.29820632487556753
2022-08-08,SKEW52,0.4860198624904507
2022-08-08,TVLC,
2022-08-15,VOLC,0.4549019607843138
2022-08-15,MAXRET,0.2717086834733894
2022-08-15,CRASH8,-0.4280112044817927
2022-08-15,BETA26,-0.36162464985994397
2022-08-15,NEWC,-0.05002803476530903
2022-08-15,SKEW52,0.27883880825057294
2022-08-15,TVLC,
2022-08-22,VOLC,-0.07030812324929972
2022-08-22,MAXRET,0.09159663865546218
2022-08-22,CRASH8,0.3254901960784314
2022-08-22,BETA26,0.40952380952380957
2022-08-22,NEWC,0.07945629050960845
2022-08-22,SKEW52,-0.3393430099312452
2022-08-22,TVLC,
2022-08-29,VOLC,0.06526610644257703
2022-08-29,MAXRET,0.17170868347338936
2022-08-29,CRASH8,0.1008403361344538
2022-08-29,BETA26,0.13445378151260504
2022-08-29,NEWC,-0.0700672755816653
2022-08-29,SKEW52,0.0426279602750191
2022-08-29,TVLC,
2022-09-05,VOLC,0.4476190476190477
2022-09-05,MAXRET,0.06862745098039216
2022-09-05,CRASH8,-0.6588235294117647
2022-09-05,BETA26,-0.523249299719888
2022-09-05,NEWC,-0.12401907777954758
2022-09-05,SKEW52,0.3647058823529411
2022-09-05,TVLC,
2022-09-12,VOLC,0.35602240896358545
2022-09-12,MAXRET,0.15742296918767507
2022-09-12,CRASH8,-0.22689075630252103
2022-09-12,BETA26,-0.1661064425770308
2022-09-12,NEWC,0.16482103654227745
2022-09-12,SKEW52,0.14407944996180289
2022-09-12,TVLC,
2022-09-19,VOLC,0.4442577030812326
2022-09-19,MAXRET,0.5042016806722689
2022-09-19,CRASH8,-0.036414565826330535
2022-09-19,BETA26,-0.14845938375350143
2022-09-19,NEWC,0.13778008523456006
2022-09-19,SKEW52,0.12177234530175705
2022-09-19,TVLC,
2022-09-26,VOLC,0.003081232492997199
2022-09-26,MAXRET,-0.08823529411764706
2022-09-26,CRASH8,-0.10728291316526611
2022-09-26,BETA26,-0.0075630252100840345
2022-09-26,NEWC,-0.21104818663499433
2022-09-26,SKEW52,0.06432391138273491
2022-09-26,TVLC,
2022-10-03,VOLC,0.3433719433719434
2022-10-03,MAXRET,-0.01312741312741313
2022-10-03,CRASH8,-0.3557422969187675
2022-10-03,BETA26,-0.11008403361344538
2022-10-03,NEWC,-0.004764358087550208
2022-10-03,SKEW52,0.19327731092436973
2022-10-03,TVLC,
2022-10-10,VOLC,0.26666666666666666
2022-10-10,MAXRET,0.24375804375804377
2022-10-10,CRASH8,0.25210084033613445
2022-10-10,BETA26,0.09215686274509804
2022-10-10,NEWC,-0.11048160105724535
2022-10-10,SKEW52,0.05332314744079449
2022-10-10,TVLC,
2022-10-17,VOLC,0.14980694980694978
2022-10-17,MAXRET,0.37503217503217506
2022-10-17,CRASH8,-0.018532818532818532
2022-10-17,BETA26,0.16218487394957984
2022-10-17,NEWC,-0.034895703830435304
2022-10-17,SKEW52,0.03223834988540871
2022-10-17,TVLC,
2022-10-24,VOLC,0.08519948519948521
2022-10-24,MAXRET,-0.02496782496782497
2022-10-24,CRASH8,0.0
2022-10-24,BETA26,-0.0484593837535014
2022-10-24,NEWC,-0.3712049753542343
2022-10-24,SKEW52,0.161624649859944
2022-10-24,TVLC,-0.23636363636363633
2022-10-31,VOLC,0.3045045045045045
2022-10-31,MAXRET,0.17065637065637068
2022-10-31,CRASH8,-0.05817245817245818
2022-10-31,BETA26,-0.4504201680672269
2022-10-31,NEWC,-0.42848676548078224
2022-10-31,SKEW52,0.25350140056022413
2022-10-31,TVLC,-0.43030303030303024
2022-11-07,VOLC,0.146975546975547
2022-11-07,MAXRET,0.27644787644787644
2022-11-07,CRASH8,-0.06280566280566281
2022-11-07,BETA26,-0.46694677871148466
2022-11-07,NEWC,-0.04684535631467174
2022-11-07,SKEW52,0.38907563025210085
2022-11-07,TVLC,-0.5030303030303029
2022-11-14,VOLC,-0.1657183499288762
2022-11-14,MAXRET,0.09198672356567092
2022-11-14,CRASH8,0.11377091377091379
2022-11-14,BETA26,0.1380952380952381
2022-11-14,NEWC,-0.11883303044886351
2022-11-14,SKEW52,0.015126050420168069
2022-11-14,TVLC,0.406060606060606
2022-11-21,VOLC,0.019677572309151254
2022-11-21,MAXRET,0.14153627311522046
2022-11-21,CRASH8,0.042728442728442735
2022-11-21,BETA26,0.26050420168067223
2022-11-21,NEWC,0.3671727168360094
2022-11-21,SKEW52,-0.16442577030812328
2022-11-21,TVLC,0.04242424242424241
2022-11-28,VOLC,0.1996206733048838
2022-11-28,MAXRET,-0.011379800853485063
2022-11-28,CRASH8,-0.26695116168800376
2022-11-28,BETA26,-0.21792717086834737
2022-11-28,NEWC,-0.39575431397989774
2022-11-28,SKEW52,0.34089635854341743
2022-11-28,TVLC,-0.3939393939393939
2022-12-05,VOLC,0.3425794215267899
2022-12-05,MAXRET,0.14722617354196302
2022-12-05,CRASH8,-0.164058795637743
2022-12-05,BETA26,-0.17271557271557272
2022-12-05,NEWC,-0.014943075685186429
2022-12-05,SKEW52,0.3526610644257704
2022-12-05,TVLC,-0.16363636363636364
2022-12-12,VOLC,0.0
2022-12-12,MAXRET,-0.20578473210052156
2022-12-12,CRASH8,-0.10573731626363203
2022-12-12,BETA26,-0.11093951093951093
2022-12-12,NEWC,-0.16117174489022507
2022-12-12,SKEW52,0.09663865546218488
2022-12-12,TVLC,-0.5515151515151515
2022-12-19,VOLC,-0.058795637743006154
2022-12-19,MAXRET,-0.0694642010431484
2022-12-19,CRASH8,-0.04077761972498814
2022-12-19,BETA26,-0.0023166023166023165
2022-12-19,NEWC,0.07424099507084686
2022-12-19,SKEW52,-0.08991596638655462
2022-12-19,TVLC,-0.12727272727272726
2022-12-26,VOLC,-0.26766239924134655
2022-12-26,MAXRET,0.15908013276434327
2022-12-26,CRASH8,0.23281175912754856
2022-12-26,BETA26,0.35881595881595885
2022-12-26,NEWC,-0.06973435319753665
2022-12-26,SKEW52,-0.1784313725490196
2022-12-26,TVLC,0.5151515151515151
2023-01-02,VOLC,-0.3376007586533902
2023-01-02,MAXRET,-0.2769084874348032
2023-01-02,CRASH8,0.27951635846372686
2023-01-02,BETA26,0.4375804375804376
2023-01-02,NEWC,0.20837288872121074
2023-01-02,SKEW52,-0.16330532212885157
2023-01-02,TVLC,0.6
2023-01-09,VOLC,-0.47747747747747743
2023-01-09,MAXRET,-0.47747747747747743
2023-01-09,CRASH8,-0.07539118065433853
2023-01-09,BETA26,0.3688545688545689
2023-01-09,NEWC,0.2680265956231851
2023-01-09,SKEW52,-0.3997198879551821
2023-01-09,TVLC,0.34545454545454546
2023-01-16,VOLC,-0.17638691322901845
2023-01-16,MAXRET,-0.11853959222380273
2023-01-16,CRASH8,0.15955429113323846
2023-01-16,BETA26,0.1085822664770033
2023-01-16,NEWC,0.11812145541623556
2023-01-16,SKEW52,0.10588235294117648
2023-01-16,TVLC,0.2727272727272727
2023-01-23,VOLC,0.1986723565670934
2023-01-23,MAXRET,0.27927927927927926
2023-01-23,CRASH8,0.016121384542437174
2023-01-23,BETA26,-0.16524419155998102
2023-01-23,NEWC,-0.15642791133937223
2023-01-23,SKEW52,0.1380952380952381
2023-01-23,TVLC,-0.6484848484848483
2023-01-30,VOLC,0.3617828354670459
2023-01-30,MAXRET,0.37956377430061633
2023-01-30,CRASH8,-0.003793266951161688
2023-01-30,BETA26,-0.484352773826458
2023-01-30,NEWC,-0.31795544374591117
2023-01-30,SKEW52,0.3523809523809524
2023-01-30,TVLC,-0.5757575757575757
2023-02-06,VOLC,0.04006638217164532
2023-02-06,MAXRET,-0.08511142721669036
2023-02-06,CRASH8,-0.1085822664770033
2023-02-06,BETA26,0.44262683736367936
2023-02-06,NEWC,0.02953036385405889
2023-02-06,SKEW52,0.05490196078431373
2023-02-06,TVLC,0.04242424242424241
2023-02-13,VOLC,0.444049312470365
2023-02-13,MAXRET,0.31531531531531526
2023-02-13,CRASH8,-0.4006638217164532
2023-02-13,BETA26,-0.4845898530109055
2023-02-13,NEWC,-0.2922201467325346
2023-02-13,SKEW52,0.27563025210084036
2023-02-13,TVLC,-0.38181818181818183
2023-02-20,VOLC,0.2719298245614035
2023-02-20,MAXRET,0.20080606922712183
2023-02-20,CRASH8,-0.34495021337126597
2023-02-20,BETA26,-0.22759601706970123
2023-02-20,NEWC,-0.41745735247504945
2023-02-20,SKEW52,0.17366946778711484
2023-02-20,TVLC,-0.3939393939393939
2023-02-27,VOLC,0.06685633001422475
2023-02-27,MAXRET,0.03437648174490279
2023-02-27,CRASH8,-0.30867709815078237
2023-02-27,BETA26,-0.009483167377904219
2023-02-27,NEWC,0.06178843199985817
2023-02-27,SKEW52,0.030532212885154068
2023-02-27,TVLC,0.5515151515151515
2023-03-06,VOLC,-0.35988620199146515
2023-03-06,MAXRET,-0.3684210526315789
2023-03-06,CRASH8,-0.053579895685158835
2023-03-06,BETA26,0.25201517306780463
2023-03-06,NEWC,-0.3470114242448848
2023-03-06,SKEW52,0.06048906048906049
2023-03-06,TVLC,-0.01818181818181818
2023-03-13,VOLC,0.3499288762446657
2023-03-13,MAXRET,0.301090564248459
2023-03-13,CRASH8,-0.19250829777145564
2023-03-13,BETA26,-0.5035561877667141
2023-03-13,NEWC,-0.4705882882446012
2023-03-13,SKEW52,0.3238095238095239
2023-03-13,TVLC,0.01818181818181818
2023-03-20,VOLC,0.4383594120436225
2023-03-20,MAXRET,0.34613560929350395
2023-03-20,CRASH8,-0.17022285443338073
2023-03-20,BETA26,-0.2164532954006638
2023-03-20,NEWC,-0.05111480651043929
2023-03-20,SKEW52,0.05070785070785071
2023-03-20,TVLC,-0.309090909090909
2023-03-27,VOLC,0.06567093409198671
2023-03-27,MAXRET,0.06140350877192982
2023-03-27,CRASH8,0.10146989094357514
2023-03-27,BETA26,0.1514935988620199
2023-03-27,NEWC,-0.09534757345384666
2023-03-27,SKEW52,-0.03758043758043759
2023-03-27,TVLC,-0.44545454545454555
2023-04-03,VOLC,0.08700806069227122
2023-04-03,MAXRET,0.13750592697961117
2023-04-03,CRASH8,0.23186344238975812
2023-04-03,BETA26,0.5417259364627786
2023-04-03,NEWC,-0.02944718399435678
2023-04-03,SKEW52,-0.024195624195624193
2023-04-03,TVLC,0.7090909090909092
2023-04-10,VOLC,0.36462778568041726
2023-04-10,MAXRET,0.19819819819819817
2023-04-10,CRASH8,-0.5232337600758652
2023-04-10,BETA26,-0.7045993361782835
2023-04-10,NEWC,-0.1399014912445649
2023-04-10,SKEW52,0.19356499356499354
2023-04-10,TVLC,-0.4000000000000001
2023-04-17,VOLC,-0.3043002516686727
2023-04-17,MAXRET,-0.38789801947696684
2023-04-17,CRASH8,0.07444286391654813
2023-04-17,BETA26,0.1519677572309151
2023-04-17,NEWC,0.014230981112514429
2023-04-17,SKEW52,-0.23518255097202462
2023-04-17,TVLC,0.8090909090909091
2023-04-24,VOLC,0.3323120691541744
2023-04-24,MAXRET,0.179560126928548
2023-04-24,CRASH8,-0.23684210526315785
2023-04-24,BETA26,-0.08416311047889995
2023-04-24,NEWC,-0.4228790772126403
2023-04-24,SKEW52,0.12114746325272638
2023-04-24,TVLC,-0.05454545454545456
2023-05-01,VOLC,0.3222453222453222
2023-05-01,MAXRET,-0.015209541525331
2023-05-01,CRASH8,-0.4255388992231098
2023-05-01,BETA26,-0.41915599810336646
2023-05-01,NEWC,-0.2649151868637301
2023-05-01,SKEW52,0.24395448079658605
2023-05-01,TVLC,0.10909090909090911
2023-05-08,VOLC,0.2598752598752599
2023-05-08,MAXRET,0.19203413940256045
2023-05-08,CRASH8,-0.2106357369515264
2023-05-08,BETA26,-0.21526789947842578
2023-05-08,NEWC,-0.5085636979254016
2023-05-08,SKEW52,0.16785206258890467
2023-05-08,TVLC,-0.790909090909091
2023-05-15,VOLC,0.06554327606959186
2023-05-15,MAXRET,-0.05810263705000547
2023-05-15,CRASH8,0.04322135901083269
2023-05-15,BETA26,0.2550972024656235
2023-05-15,NEWC,-0.21378632660528965
2023-05-15,SKEW52,-0.18326220957799902
2023-05-15,TVLC,0.39090909090909093
2023-05-22,VOLC,0.048035890141153295
2023-05-22,MAXRET,-0.001422475106685633
2023-05-22,CRASH8,-0.031185031185031187
2023-05-22,BETA26,-0.14959696538643907
2023-05-22,NEWC,-0.16826992256509407
2023-05-22,SKEW52,-0.14390706495969652
2023-05-22,TVLC,0.19090909090909092
2023-05-29,VOLC,0.2311444652908068
2023-05-29,MAXRET,-0.1103189493433396
2023-05-29,CRASH8,-0.5520297625560783
2023-05-29,BETA26,-0.4983404457088667
2023-05-29,NEWC,-0.250480994604705
2023-05-29,SKEW52,0.13584637268847793
2023-05-29,TVLC,-0.5636363636363637
2023-06-05,VOLC,-0.17899526263886778
2023-06-05,MAXRET,0.40968150521170626
2023-06-05,CRASH8,0.294906166661251
2023-06-05,BETA26,0.25096319171582654
2023-06-05,NEWC,0.3418113802570853
2023-06-05,SKEW52,-0.27668780796633874
2023-06-05,TVLC,0.30000000000000004
2023-06-12,VOLC,0.05947467166979363
2023-06-12,MAXRET,0.24484052532833023
2023-06-12,CRASH8,0.0878048780487805
2023-06-12,BETA26,0.4535324798482693
2023-06-12,NEWC,-0.10914552144071636
2023-06-12,SKEW52,-0.025841631104789
2023-06-12,TVLC,-0.3545454545454546
2023-06-19,VOLC,0.09962476547842404
2023-06-19,MAXRET,-0.033020637898686686
2023-06-19,CRASH8,-0.22889305816135086
2023-06-19,BETA26,0.007550060181639129
2023-06-19,NEWC,-0.457885639818792
2023-06-19,SKEW52,0.18847795163584638
2023-06-19,TVLC,0.02727272727272728
2023-06-26,VOLC,0.2532833020637899
2023-06-26,MAXRET,0.4058161350844278
2023-06-26,CRASH8,0.06547842401500939
2023-06-26,BETA26,-0.0346865083707189
2023-06-26,NEWC,0.2576134620419316
2023-06-26,SKEW52,0.04694167852062589
2023-06-26,TVLC,0.22727272727272727
2023-07-03,VOLC,0.09418386491557224
2023-07-03,MAXRET,0.08348968105065667
2023-07-03,CRASH8,0.11744840525328332
2023-07-03,BETA26,0.08151876572929204
2023-07-03,NEWC,-0.08033410692455134
2023-07-03,SKEW52,-0.08629682313892839
2023-07-03,TVLC,0.18181818181818182
2023-07-10,VOLC,0.20112570356472798
2023-07-10,MAXRET,0.30168855534709194
2023-07-10,CRASH8,-0.125328330206379
2023-07-10,BETA26,-0.18218623481781376
2023-07-10,NEWC,0.004973957554907969
2023-07-10,SKEW52,0.22735893788525366
2023-07-10,TVLC,-0.3545454545454546
2023-07-17,VOLC,0.10956848030018763
2023-07-17,MAXRET,-0.011632270168855536
2023-07-17,CRASH8,-0.42532833020637906
2023-07-17,BETA26,-0.422037422037422
2023-07-17,NEWC,-0.1601051243145848
2023-07-17,SKEW52,0.07325746799431009
2023-07-17,TVLC,-0.3090909090909091
2023-07-24,VOLC,0.41782363977485937
2023-07-24,MAXRET,0.13621013133208254
2023-07-24,CRASH8,0.11932457786116324
2023-07-24,BETA26,-0.19334719334719333
2023-07-24,NEWC,0.0901881737786143
2023-07-24,SKEW52,0.18752963489805594
2023-07-24,TVLC,-0.10909090909090911
2023-07-31,VOLC,-0.34465290806754223
2023-07-31,MAXRET,-0.09324577861163227
2023-07-31,CRASH8,0.31819887429643534
2023-07-31,BETA26,0.326454033771107
2023-07-31,NEWC,-0.04069539766512489
2023-07-31,SKEW52,-0.14058795637743005
2023-07-31,TVLC,0.5090909090909091
2023-08-07,VOLC,0.226078799249531
2023-08-07,MAXRET,0.07223264540337712
2023-08-07,CRASH8,-0.3195121951219513
2023-08-07,BETA26,-0.398686679174484
2023-08-07,NEWC,-0.11197770021345928
2023-08-07,SKEW52,0.2550972024656235
2023-08-07,TVLC,-0.24545454545454545
2023-08-14,VOLC,0.08198874296435274
2023-08-14,MAXRET,-0.17467166979362103
2023-08-14,CRASH8,-0.22851782363977488
2023-08-14,BETA26,-0.21707317073170734
2023-08-14,NEWC,-0.24234240022850606
2023-08-14,SKEW52,0.23636794689426266
2023-08-14,TVLC,-0.5272727272727273
2023-08-21,VOLC,-0.02717770034843206
2023-08-21,MAXRET,-0.07543554006968643
2023-08-21,CRASH8,-0.027767354596622894
2023-08-21,BETA26,-0.17298311444652908
2023-08-21,NEWC,-0.5728726857613085
2023-08-21,SKEW52,0.1386913229018492
2023-08-21,TVLC,0.0
2023-08-28,VOLC,0.37665505226480844
2023-08-28,MAXRET,0.18763066202090598
2023-08-28,CRASH8,-0.2671669793621013
2023-08-28,BETA26,-0.4354596622889307
2023-08-28,NEWC,-0.32521461260438134
2023-08-28,SKEW52,0.34755808440018965
2023-08-28,TVLC,-0.5909090909090909
2023-09-04,VOLC,-0.10278745644599305
2023-09-04,MAXRET,-0.0505226480836237
2023-09-04,CRASH8,0.08536585365853659
2023-09-04,BETA26,0.03395872420262664
2023-09-04,NEWC,-0.3115332904771338
2023-09-04,SKEW52,0.04220009483167377
2023-09-04,TVLC,-0.3272727272727273
2023-09-11,VOLC,-0.06689895470383277
2023-09-11,MAXRET,0.07874564459930315
2023-09-11,CRASH8,0.3898954703832753
2023-09-11,BETA26,0.23752345215759854
2023-09-11,NEWC,0.281294954310542
2023-09-11,SKEW52,0.060929350403034606
2023-09-11,TVLC,-0.23636363636363636
2023-09-18,VOLC,-0.2585365853658537
2023-09-18,MAXRET,-0.1785714285714286
2023-09-18,CRASH8,0.1630662020905924
2023-09-18,BETA26,0.6170731707317073
2023-09-18,NEWC,0.12287047260776465
2023-09-18,SKEW52,-0.18371813108655213
2023-09-18,TVLC,0.10909090909090911
2023-09-25,VOLC,0.4299651567944252
2023-09-25,MAXRET,0.4067944250871081
2023-09-25,CRASH8,-0.28484320557491294
2023-09-25,BETA26,-0.47729831144465296
2023-09-25,NEWC,-0.4011154506479012
2023-09-25,SKEW52,0.01630375314585841
2023-09-25,TVLC,0.18181818181818182
2023-10-02,VOLC,0.22613240418118472
2023-10-02,MAXRET,0.20993031358885023
2023-10-02,CRASH8,-0.2609756097560976
2023-10-02,BETA26,-0.44033771106941844
2023-10-02,NEWC,-0.13332753410629783
2023-10-02,SKEW52,0.11828427617901302
2023-10-02,TVLC,-0.6090909090909091
2023-10-09,VOLC,-0.2742160278745645
2023-10-09,MAXRET,-0.36986062717770046
2023-10-09,CRASH8,0.13310104529616726
2023-10-09,BETA26,0.31763602251407136
2023-10-09,NEWC,-0.08025794700124203
2023-10-09,SKEW52,-0.42181857971331654
2023-10-09,TVLC,0.4272727272727273
2023-10-16,VOLC,-0.051742160278745654
2023-10-16,MAXRET,-0.030487804878048783
2023-10-16,CRASH8,0.09756097560975611
2023-10-16,BETA26,0.02082551594746717
2023-10-16,NEWC,0.38473272096686595
2023-10-16,SKEW52,0.13973082394135025
2023-10-16,TVLC,0.10000000000000002
2023-10-23,VOLC,0.14895470383275264
2023-10-23,MAXRET,0.20104529616724742
2023-10-23,CRASH8,-0.02125435540069687
2023-10-23,BETA26,-0.021428571428571432
2023-10-23,NEWC,-0.1304518421942012
2023-10-23,SKEW52,0.06882591093117407
2023-10-23,TVLC,0.10000000000000002
2023-10-30,VOLC,-0.06167247386759582
2023-10-30,MAXRET,-0.030662020905923352
2023-10-30,CRASH8,0.12979094076655054
2023-10-30,BETA26,0.10365853658536586
2023-10-30,NEWC,0.21602546212386425
2023-10-30,SKEW52,0.16585365853658537
2023-10-30,TVLC,0.6272727272727273
2023-11-06,VOLC,-0.07282229965156796
2023-11-06,MAXRET,-0.09059233449477352
2023-11-06,CRASH8,-0.18519163763066207
2023-11-06,BETA26,-0.11062717770034845
2023-11-06,NEWC,-0.07607512240182876
2023-11-06,SKEW52,-0.18499061913696063
2023-11-06,TVLC,0.17272727272727276
2023-11-13,VOLC,0.10174216027874568
2023-11-13,MAXRET,0.1914634146341464
2023-11-13,CRASH8,0.1134146341463415
2023-11-13,BETA26,-0.18327526132404182
2023-11-13,NEWC,0.07712082855168206
2023-11-13,SKEW52,0.200562851782364
2023-11-13,TVLC,-0.44545454545454555
2023-11-20,VOLC,-0.12926829268292686
2023-11-20,MAXRET,-0.09355400696864112
2023-11-20,CRASH8,-0.10278745644599305
2023-11-20,BETA26,0.17195121951219514
2023-11-20,NEWC,0.007581369586436543
2023-11-20,SKEW52,-0.19099437148217638
2023-11-20,TVLC,0.4727272727272727
2023-11-27,VOLC,-0.21167247386759583
2023-11-27,MAXRET,-0.2616724738675959
2023-11-27,CRASH8,-0.18031358885017423
2023-11-27,BETA26,0.08658536585365856
2023-11-27,NEWC,0.190405661452458
2023-11-27,SKEW52,0.05497185741088181
2023-11-27,TVLC,0.5909090909090909
2023-12-04,VOLC,-0.0036585365853658547
2023-12-04,MAXRET,-0.05000000000000001
2023-12-04,CRASH8,-0.16707317073170735
2023-12-04,BETA26,-0.14320557491289201
2023-12-04,NEWC,-0.023789814909162946
2023-12-04,SKEW52,-0.036210131332082555
2023-12-04,TVLC,0.33636363636363636
2023-12-11,VOLC,0.009756097560975611
2023-12-11,MAXRET,-0.02630662020905924
2023-12-11,CRASH8,-0.13501742160278749
2023-12-11,BETA26,0.2871080139372823
2023-12-11,NEWC,0.10422204626871386
2023-12-11,SKEW52,-0.0001876172607879925
2023-12-11,TVLC,0.5363636363636364
2023-12-18,VOLC,0.20993031358885023
2023-12-18,MAXRET,0.15714285714285717
2023-12-18,CRASH8,0.12404181184668991
2023-12-18,BETA26,-0.3045296167247387
2023-12-18,NEWC,0.0378551478189968
2023-12-18,SKEW52,-0.18142589118198876
2023-12-18,TVLC,-0.5363636363636364
2023-12-25,VOLC,0.32108013937282237
2023-12-25,MAXRET,0.26916376306620216
2023-12-25,CRASH8,-0.12891986062717772
2023-12-25,BETA26,-0.20505226480836242
2023-12-25,NEWC,-0.2479633772554844
2023-12-25,SKEW52,-0.006941838649155724
2023-12-25,TVLC,0.10000000000000002
2024-01-01,VOLC,0.16602787456445997
2024-01-01,MAXRET,0.17979094076655056
2024-01-01,CRASH8,-0.09825783972125438
2024-01-01,BETA26,0.19163763066202094
2024-01-01,NEWC,0.1159161913943585
2024-01-01,SKEW52,0.14352720450281425
2024-01-01,TVLC,0.05454545454545456
2024-01-08,VOLC,0.43310914836723124
2024-01-08,MAXRET,0.4882100316019772
2024-01-08,CRASH8,-0.08170731707317076
2024-01-08,BETA26,-0.38501742160278746
2024-01-08,NEWC,-0.5594780090936101
2024-01-08,SKEW52,0.703377110694184
2024-01-08,TVLC,-0.07272727272727274
2024-01-15,VOLC,-0.02033870837047241
2024-01-15,MAXRET,-0.07268454744348109
2024-01-15,CRASH8,-0.35296167247386767
2024-01-15,BETA26,0.10418118466898957
2024-01-15,NEWC,0.0380172683664015
2024-01-15,SKEW52,-0.07992495309568483
2024-01-15,TVLC,0.4909090909090909
2024-01-22,VOLC,-0.22486022202414718
2024-01-22,MAXRET,-0.49096507576371445
2024-01-22,CRASH8,-0.2613240418118467
2024-01-22,BETA26,-0.04773519163763067
2024-01-22,NEWC,-0.26247316624820477
2024-01-22,SKEW52,0.10731707317073172
2024-01-22,TVLC,0.3454545454545455
2024-01-29,VOLC,-0.10201766469491938
2024-01-29,MAXRET,0.052913054047484004
2024-01-29,CRASH8,0.044809982983550774
2024-01-29,BETA26,0.20243902439024392
2024-01-29,NEWC,0.1799538076192139
2024-01-29,SKEW52,-0.35452961672473876
2024-01-29,TVLC,0.45454545454545453
2024-02-05,VOLC,-0.08629770683088892
2024-02-05,MAXRET,-0.12259946519730978
2024-02-05,CRASH8,0.1903411392917916
2024-02-05,BETA26,0.026480836236933803
2024-02-05,NEWC,0.01790097916763466
2024-02-05,SKEW52,0.019686411149825788
2024-02-05,TVLC,-0.5174825174825175
2024-02-12,VOLC,-0.29649137022931693
2024-02-12,MAXRET,-0.06928125759662913
2024-02-12,CRASH8,0.12065472814196583
2024-02-12,BETA26,0.14930313588850178
2024-02-12,NEWC,-0.1222100603089995
2024-02-12,SKEW52,0.19268292682926833
2024-02-12,TVLC,-0.44755244755244755
2024-02-19,VOLC,0.08791832104367556
2024-02-19,MAXRET,0.055181913945385304
2024-02-19,CRASH8,0.09910055911190342
2024-02-19,BETA26,0.11585365853658539
2024-02-19,NEWC,0.10053250325789762
2024-02-19,SKEW52,0.033623693379790945
2024-02-19,TVLC,0.37762237762237766
2024-02-26,VOLC,-0.13545756569012385
2024-02-26,MAXRET,-0.25762609483539717
2024-02-26,CRASH8,0.42322340166923267
2024-02-26,BETA26,0.1987804878048781
2024-02-26,NEWC,0.2680614981685039
2024-02-26,SKEW52,-0.1937282229965157
2024-02-26,TVLC,-0.034965034965034975
2024-03-04,VOLC,0.09317426759287224
2024-03-04,MAXRET,0.13273935366958622
2024-03-04,CRASH8,0.06944331901790779
2024-03-04,BETA26,0.064808362369338
2024-03-04,NEWC,0.08361343433996443
2024-03-04,SKEW52,-0.015679442508710804
2024-03-04,TVLC,0.5944055944055945
2024-03-11,VOLC,0.16732105104198125
2024-03-11,MAXRET,0.2449411054062217
2024-03-11,CRASH8,0.07610993657505286
2024-03-11,BETA26,-0.14804310833806014
2024-03-11,NEWC,-0.053023153483879884
2024-03-11,SKEW52,-0.1550522648083624
2024-03-11,TVLC,-0.23076923076923078
2024-03-18,VOLC,-0.4439746300211417
2024-03-18,MAXRET,-0.4309876170341287
2024-03-18,CRASH8,0.22591362126245848
2024-03-18,BETA26,0.31658698646787137
2024-03-18,NEWC,0.0513614592151543
2024-03-18,SKEW52,-0.16167247386759587
2024-03-18,TVLC,-0.0979020979020979
2024-03-25,VOLC,0.23421926910298999
2024-03-25,MAXRET,0.23437028088190878
2024-03-25,CRASH8,-0.24433705829054664
2024-03-25,BETA26,-0.3021635199740702
2024-03-25,NEWC,-0.5195815852074213
2024-03-25,SKEW52,0.1594076655052265
2024-03-25,TVLC,-0.2447552447552448
2024-04-01,VOLC,0.2722742373905165
2024-04-01,MAXRET,0.07112654787073391
2024-04-01,CRASH8,-0.5536091815161582
2024-04-01,BETA26,-0.24446965399886558
2024-04-01,NEWC,-0.517995422496365
2024-04-01,SKEW52,0.0017421602787456448
2024-04-01,TVLC,0.07692307692307693
2024-04-08,VOLC,-0.41060102688009664
2024-04-08,MAXRET,-0.1543340380549683
2024-04-08,CRASH8,0.4885231048021746
2024-04-08,BETA26,0.3656915971153067
2024-04-08,NEWC,0.2425716522602108
2024-04-08,SKEW52,-0.125609756097561
2024-04-08,TVLC,0.03846153846153846
2024-04-15,VOLC,0.2748414376321353
2024-04-15,MAXRET,0.13923286016309272
2024-04-15,CRASH8,-0.20009060706735127
2024-04-15,BETA26,-0.14237095859330687
2024-04-15,NEWC,-0.3831834374918541
2024-04-15,SKEW52,0.2209059233449478
2024-04-15,TVLC,-0.32417582417582413
2024-04-22,VOLC,-0.2710661431591664
2024-04-22,MAXRET,-0.26849894291754756
2024-04-22,CRASH8,0.24660223497432798
2024-04-22,BETA26,0.5719957864030468
2024-04-22,NEWC,0.2328753685462102
2024-04-22,SKEW52,-0.18066202090592337
2024-04-22,TVLC,0.5879120879120878
2024-04-29,VOLC,0.26370683579985904
2024-04-29,MAXRET,0.15447498238195911
2024-04-29,CRASH8,-0.26955602536997886
2024-04-29,BETA26,-0.32950770160072484
2024-04-29,NEWC,-0.20388126493547662
2024-04-29,SKEW52,0.15888501742160283
2024-04-29,TVLC,-0.1758241758241758
2024-05-06,VOLC,-0.08748353096179183
2024-05-06,MAXRET,-0.1525691699604743
2024-05-06,CRASH8,-0.012231954092419207
2024-05-06,BETA26,0.18438538205980065
2024-05-06,NEWC,-0.04428190369639311
2024-05-06,SKEW52,-0.3393728222996516
2024-05-06,TVLC,0.22527472527472525
2024-05-13,VOLC,0.09723320158102765
2024-05-13,MAXRET,0.19644268774703558
2024-05-13,CRASH8,0.3162790697674418
2024-05-13,BETA26,0.08501963153125942
2024-05-13,NEWC,0.1163717885830807
2024-05-13,SKEW52,0.14442508710801397
2024-05-13,TVLC,-0.38461538461538464
2024-05-20,VOLC,0.2341238471673254
2024-05-20,MAXRET,0.19051383399209484
2024-05-20,CRASH8,-0.16297760210803688
2024-05-20,BETA26,-0.20688613711869527
2024-05-20,NEWC,-0.11676716272322706
2024-05-20,SKEW52,0.22439024390243906
2024-05-20,TVLC,0.24175824175824176
2024-05-27,VOLC,0.3881422924901185
2024-05-27,MAXRET,0.30790513833992095
2024-05-27,CRASH8,-0.27312252964426875
2024-05-27,BETA26,-0.2162488674116581
2024-05-27,NEWC,-0.21699450725033112
2024-05-27,SKEW52,-0.04181184668989548
2024-05-27,TVLC,0.1758241758241758
2024-06-03,VOLC,0.2470355731225296
2024-06-03,MAXRET,0.1482213438735178
2024-06-03,CRASH8,-0.44848484848484843
2024-06-03,BETA26,-0.22651766837813353
2024-06-03,NEWC,-0.35201477611031545
2024-06-03,SKEW52,0.08222996515679444
2024-06-03,TVLC,-0.37912087912087916
2024-06-10,VOLC,0.3372859025032938
2024-06-10,MAXRET,0.24347826086956517
2024-06-10,CRASH8,-0.5678524374176547
2024-06-10,BETA26,-0.4774992449411054
2024-06-10,NEWC,-0.5715133195815736
2024-06-10,SKEW52,0.08467709261810227
2024-06-10,TVLC,-0.1868131868131868
2024-06-17,VOLC,0.06969696969696969
2024-06-17,MAXRET,0.29749670619235835
2024-06-17,CRASH8,0.07048748353096179
2024-06-17,BETA26,0.17623074599818786
2024-06-17,NEWC,0.0311686613815386
2024-06-17,SKEW52,0.11449639413337655
2024-06-17,TVLC,0.19780219780219782
2024-06-24,VOLC,0.2421607378129117
2024-06-24,MAXRET,-0.07944664031620552
2024-06-24,CRASH8,-0.3895915678524373
2024-06-24,BETA26,-0.41981274539414076
2024-06-24,NEWC,-0.42061218942571005
2024-06-24,SKEW52,0.10963455149501662
2024-06-24,TVLC,0.26373626373626374
2024-07-01,VOLC,-0.0678524374176548
2024-07-01,MAXRET,-0.05731225296442687
2024-07-01,CRASH8,0.03544137022397892
2024-07-01,BETA26,0.027906976744186046
2024-07-01,NEWC,-0.06451188053388222
2024-07-01,SKEW52,-0.02455230532371769
2024-07-01,TVLC,-0.03846153846153846
2024-07-08,VOLC,-0.22569169960474303
2024-07-08,MAXRET,0.069433465085639
2024-07-08,CRASH8,0.49855072463768113
2024-07-08,BETA26,0.33702239789196303
2024-07-08,NEWC,0.3902342763244642
2024-07-08,SKEW52,-0.35321286767684956
2024-07-08,TVLC,0.5989010989010989
2024-07-15,VOLC,0.12108036890645585
2024-07-15,MAXRET,0.006324110671936758
2024-07-15,CRASH8,-0.283399209486166
2024-07-15,BETA26,-0.17417654808959157
2024-07-15,NEWC,-0.23761985822796658
2024-07-15,SKEW52,0.1692731545255652
2024-07-15,TVLC,-0.1868131868131868
2024-07-22,VOLC,0.5441370223978919
2024-07-22,MAXRET,0.3752305665349143
2024-07-22,CRASH8,-0.7223978919631093
2024-07-22,BETA26,-0.6649538866930171
2024-07-22,NEWC,-0.6857105503938491
2024-07-22,SKEW52,0.3600194473705535
2024-07-22,TVLC,-0.37912087912087916
2024-07-29,VOLC,-0.0005270092226613965
2024-07-29,MAXRET,-0.09907773386034253
2024-07-29,CRASH8,-0.19222661396574436
2024-07-29,BETA26,-0.1691699604743083
2024-07-29,NEWC,0.05508775388837764
2024-07-29,SKEW52,0.126698882512836
2024-07-29,TVLC,0.30769230769230765
2024-08-05,VOLC,0.4571805006587614
2024-08-05,MAXRET,0.4025032938076416
2024-08-05,CRASH8,-0.419631093544137
2024-08-05,BETA26,-0.28524374176548084
2024-08-05,NEWC,-0.4195429050334337
2024-08-05,SKEW52,0.22334642102083965
2024-08-05,TVLC,-0.3516483516483516
2024-08-12,VOLC,-0.38774703557312246
2024-08-12,MAXRET,0.12108036890645585
2024-08-12,CRASH8,0.5978919631093544
2024-08-12,BETA26,0.3204216073781291
2024-08-12,NEWC,0.4040713782264764
2024-08-12,SKEW52,-0.19057686499546966
2024-08-12,TVLC,-0.11538461538461539
2024-08-19,VOLC,0.8109158186864014
2024-08-19,MAXRET,0.6334258402713535
2024-08-19,CRASH8,-0.7361001317523056
2024-08-19,BETA26,-0.5877470355731225
2024-08-19,NEWC,-0.5439088753714055
2024-08-19,SKEW52,0.28918755662941714
2024-08-19,TVLC,-0.2802197802197803
2024-08-26,VOLC,-0.08788159111933394
2024-08-26,MAXRET,0.010175763182238668
2024-08-26,CRASH8,-0.03662714097496706
2024-08-26,BETA26,0.09209486166007903
2024-08-26,NEWC,0.17245468010181086
2024-08-26,SKEW52,0.035638779824826335
2024-08-26,TVLC,0.021978021978021976
2024-09-02,VOLC,-0.0977104532839963
2024-09-02,MAXRET,-0.10360777058279372
2024-09-02,CRASH8,0.0845513413506013
2024-09-02,BETA26,0.21897233201581026
2024-09-02,NEWC,0.04198594827428393
2024-09-02,SKEW52,-0.23527635155542131
2024-09-02,TVLC,0.12087912087912088
2024-09-09,VOLC,-0.44565217391304346
2024-09-09,MAXRET,-0.3694495837187789
2024-09-09,CRASH8,0.48344125809435706
2024-09-09,BETA26,0.410935441370224
2024-09-09,NEWC,0.2821039334462218
2024-09-09,SKEW52,0.16913319238900631
2024-09-09,TVLC,0.0879120879120879
2024-09-16,VOLC,-0.318686401480111
2024-09-16,MAXRET,0.008788159111933395
2024-09-16,CRASH8,0.5681082331174838
2024-09-16,BETA26,0.46521739130434775
2024-09-16,NEWC,0.40093380495610526
2024-09-16,SKEW52,-0.3776804590758079
2024-09-16,TVLC,-0.14725274725274726
2024-09-23,VOLC,0.01156336725254394
2024-09-23,MAXRET,0.09655411655874191
2024-09-23,CRASH8,-0.16385291396854768
2024-09-23,BETA26,-0.09209486166007903
2024-09-23,NEWC,-0.11998154488192182
2024-09-23,SKEW52,0.08426457263666566
2024-09-23,TVLC,0.16923076923076924
2024-09-30,VOLC,0.02983348751156337
2024-09-30,MAXRET,-0.04787234042553192
2024-09-30,CRASH8,0.08591581868640147
2024-09-30,BETA26,0.007905138339920948
2024-09-30,NEWC,0.025136405104221632
2024-09-30,SKEW52,-0.03636363636363636
2024-09-30,TVLC,-0.006593406593406593
2024-10-07,VOLC,-0.11105080330004342
2024-10-07,MAXRET,-0.007815892314372557
2024-10-07,CRASH8,0.059320074005550415
2024-10-07,BETA26,0.11554677206851119
2024-10-07,NEWC,-0.0587420957295201
2024-10-07,SKEW52,-0.17035573122529643
2024-10-07,TVLC,-0.0857142857142857
2024-10-14,VOLC,0.37168910117238385
2024-10-14,MAXRET,0.22210160660008685
2024-10-14,CRASH8,-0.5520351526364478
2024-10-14,BETA26,-0.5559947299077733
2024-10-14,NEWC,-0.42992482077825295
2024-10-14,SKEW52,-0.12424242424242424
2024-10-14,TVLC,0.0945054945054945
2024-10-21,VOLC,0.31144159791576204
2024-10-21,MAXRET,0.1075770733825445
2024-10-21,CRASH8,-0.4259661311333044
2024-10-21,BETA26,-0.5826086956521739
2024-10-21,NEWC,-0.44121720147302207
2024-10-21,SKEW52,0.057048748353096174
2024-10-21,TVLC,0.01978021978021978
2024-10-28,VOLC,-0.5011940946591402
2024-10-28,MAXRET,-0.38080764220581853
2024-10-28,CRASH8,0.4021927920104212
2024-10-28,BETA26,0.4854147394387912
2024-10-28,NEWC,0.29121312522471887
2024-10-28,SKEW52,-0.2096179183135705
2024-10-28,TVLC,-0.054945054945054944
2024-11-04,VOLC,0.0009769865392965696
2024-11-04,MAXRET,0.05112896222318714
2024-11-04,CRASH8,0.11409031697785496
2024-11-04,BETA26,-0.015032377428307124
2024-11-04,NEWC,-0.1450636596943417
2024-11-04,SKEW52,-0.09762845849802369
2024-11-04,TVLC,0.23076923076923075
2024-11-11,VOLC,-0.1503473729917499
2024-11-11,MAXRET,-0.13818931828050368
2024-11-11,CRASH8,0.09313938341293963
2024-11-11,BETA26,-0.04509713228492137
2024-11-11,NEWC,-0.2731887483465297
2024-11-11,SKEW52,0.08748353096179183
2024-11-11,TVLC,-0.04615384615384615
2024-11-18,VOLC,-0.05851063829787234
2024-11-18,MAXRET,-0.00510204081632653
2024-11-18,CRASH8,0.24250976986539294
2024-11-18,BETA26,0.038274745605920445
2024-11-18,NEWC,0.05385596946736038
2024-11-18,SKEW52,0.06613965744400527
2024-11-18,TVLC,-0.7098901098901099
2024-11-25,VOLC,0.13840642640034737
2024-11-25,MAXRET,0.08760312635692576
2024-11-25,CRASH8,0.10475466782457664
2024-11-25,BETA26,-0.1389916743755782
2024-11-25,NEWC,0.03431146441872153
2024-11-25,SKEW52,0.24637681159420288
2024-11-25,TVLC,-0.5604395604395604
2024-12-02,VOLC,0.2470690403821103
2024-12-02,MAXRET,0.24359531046461136
2024-12-02,CRASH8,-0.1873643074250977
2024-12-02,BETA26,-0.1836262719703978
2024-12-02,NEWC,-0.16781129195928526
2024-12-02,SKEW52,0.1885375494071146
2024-12-02,TVLC,0.2879120879120879
2024-12-09,VOLC,0.0832609639600521
2024-12-09,MAXRET,0.04287885366912723
2024-12-09,CRASH8,-0.2206904038211029
2024-12-09,BETA26,-0.3664785062961355
2024-12-09,NEWC,-0.22601048477078756
2024-12-09,SKEW52,-0.13122529644268774
2024-12-09,TVLC,-0.14285714285714285
2024-12-16,VOLC,-0.03506296135475467
2024-12-16,MAXRET,-0.004450716456795484
2024-12-16,CRASH8,-0.004342162396873643
2024-12-16,BETA26,-0.4116369952236214
2024-12-16,NEWC,-0.01102092923576024
2024-12-16,SKEW52,0.17641633728590247
2024-12-16,TVLC,-0.006593406593406593
2024-12-23,VOLC,0.07642205818497612
2024-12-23,MAXRET,0.19333478072079896
2024-12-23,CRASH8,0.33130699088145893
2024-12-23,BETA26,0.6118106817194963
2024-12-23,NEWC,0.20280166899480373
2024-12-23,SKEW52,-0.12555994729907774
2024-12-23,TVLC,-0.01098901098901099
2024-12-30,VOLC,0.5105297438124186
2024-12-30,MAXRET,0.3003690838037342
2024-12-30,CRASH8,-0.5779418150238819
2024-12-30,BETA26,-0.39307425097698656
2024-12-30,NEWC,-0.4012145751477471
2024-12-30,SKEW52,-0.2853754940711462
2024-12-30,TVLC,0.389010989010989
2025-01-06,VOLC,0.2278549717759444
2025-01-06,MAXRET,-0.0021710811984368217
2025-01-06,CRASH8,-0.37386018237082064
2025-01-06,BETA26,-0.08108988276161529
2025-01-06,NEWC,-0.3698298176158386
2025-01-06,SKEW52,-0.10566534914361
2025-01-06,TVLC,0.4241758241758242
2025-01-13,VOLC,0.2727551020408163
2025-01-13,MAXRET,0.21765306122448977
2025-01-13,CRASH8,-0.1724924012158055
2025-01-13,BETA26,-0.39785062961354756
2025-01-13,NEWC,-0.1583016550633823
2025-01-13,SKEW52,-0.07852437417654808
2025-01-13,TVLC,-0.06813186813186813
2025-01-20,VOLC,0.3798979591836734
2025-01-20,MAXRET,0.2471428571428571
2025-01-20,CRASH8,-0.5889057750759878
2025-01-20,BETA26,-0.5838037342596614
2025-01-20,NEWC,-0.4527749199195143
2025-01-20,SKEW52,0.03311748381128584
2025-01-20,TVLC,0.11208791208791209
2025-01-27,VOLC,0.3475510204081632
2025-01-27,MAXRET,0.052653061224489796
2025-01-27,CRASH8,-0.3761224489795918
2025-01-27,BETA26,-0.5486322188449847
2025-01-27,NEWC,-0.1629163602807884
2025-01-27,SKEW52,0.22516188714153562
2025-01-27,TVLC,-0.06813186813186813
2025-02-03,VOLC,0.06591836734693876
2025-02-03,MAXRET,-0.017040816326530612
2025-02-03,CRASH8,-0.1213265306122449
2025-02-03,BETA26,0.04971775944420321
2025-02-03,NEWC,-0.16200379812119672
2025-02-03,SKEW52,-0.014569842738205366
2025-02-03,TVLC,-0.21318681318681318
2025-02-10,VOLC,0.30525810324129654
2025-02-10,MAXRET,0.023289315726290515
2025-02-10,CRASH8,-0.22918367346938773
2025-02-10,BETA26,-0.3355405992184108
2025-02-10,NEWC,-0.20225259231792453
2025-02-10,SKEW52,0.188945420906568
2025-02-10,TVLC,0.12087912087912088
2025-02-17,VOLC,-0.13536614645858341
2025-02-17,MAXRET,0.13123649459783912
2025-02-17,CRASH8,0.19979591836734692
2025-02-17,BETA26,0.31382978723404253
2025-02-17,NEWC,-0.03314041526938208
2025-02-17,SKEW52,-0.1757631822386679
2025-02-17,TVLC,0.1252747252747253
2025-02-24,VOLC,0.4575750300120048
2025-02-24,MAXRET,0.22410564225690274
2025-02-24,CRASH8,-0.5322929171668667
2025-02-24,BETA26,-0.4896873643074251
2025-02-24,NEWC,-0.33039553135953525
2025-02-24,SKEW52,0.29370952821461616
2025-02-24,TVLC,-0.07692307692307693
2025-03-03,VOLC,-0.2763505402160864
2025-03-03,MAXRET,0.14036014405762304
2025-03-03,CRASH8,0.24955582232893156
2025-03-03,BETA26,0.09444203213200174
2025-03-03,NEWC,0.18721933147833525
2025-03-03,SKEW52,0.06961147086031452
2025-03-03,TVLC,0.221978021978022
2025-03-10,VOLC,0.026074429771908762
2025-03-10,MAXRET,0.1673469387755102
2025-03-10,CRASH8,0.014069627851140454
2025-03-10,BETA26,0.06860616587060356
2025-03-10,NEWC,0.12982397459875328
2025-03-10,SKEW52,0.061984368215371254
2025-03-10,TVLC,-0.24395604395604395
2025-03-17,VOLC,0.23466986794717884
2025-03-17,MAXRET,0.19356542617046818
2025-03-17,CRASH8,-0.1499639855942377
2025-03-17,BETA26,-0.2909183673469387
2025-03-17,NEWC,0.0058115800689785965
2025-03-17,SKEW52,0.16999565783760315
2025-03-17,TVLC,0.23956043956043957
2025-03-24,VOLC,0.32801920768307324
2025-03-24,MAXRET,-0.015222088835534215
2025-03-24,CRASH8,-0.42597839135654264
2025-03-24,BETA26,-0.21704081632653058
2025-03-24,NEWC,-0.5126678153411366
2025-03-24,SKEW52,-0.2376248371689101
2025-03-24,TVLC,0.4065934065934066
2025-03-31,VOLC,-0.12595438175270107
2025-03-31,MAXRET,0.09262905162064825
2025-03-31,CRASH8,0.48168067226890754
2025-03-31,BETA26,0.34918367346938767
2025-03-31,NEWC,0.20374150952567938
2025-03-31,SKEW52,-0.07631350412505426
2025-03-31,TVLC,0.13406593406593406
2025-04-07,VOLC,-0.16581032412965185
2025-04-07,MAXRET,-0.11923169267707083
2025-04-07,CRASH8,0.09551020408163265
2025-04-07,BETA26,0.04377551020408163
2025-04-07,NEWC,0.12554934132487644
2025-04-07,SKEW52,0.31437255753365173
2025-04-07,TVLC,0.3054945054945055
2025-04-14,VOLC,-0.30842737094837935
2025-04-14,MAXRET,-0.24043217286914764
2025-04-14,CRASH8,0.563889555822329
2025-04-14,BETA26,0.4389435774309724
2025-04-14,NEWC,0.3278681599840404
2025-04-14,SKEW52,-0.26726009552757274
2025-04-14,TVLC,-0.5464285714285714
2025-04-21,VOLC,0.5096278511404562
2025-04-21,MAXRET,0.46016806722689074
2025-04-21,CRASH8,-0.5004081632653061
2025-04-21,BETA26,-0.5795438175270108
2025-04-21,NEWC,-0.3395243662186599
2025-04-21,SKEW52,0.1506730351715154
2025-04-21,TVLC,0.3071428571428571
2025-04-28,VOLC,-0.3054501800720288
2025-04-28,MAXRET,-0.20739495798319327
2025-04-28,CRASH8,0.3834333733493397
2025-04-28,BETA26,0.4661224489795918
2025-04-28,NEWC,0.20921395805727283
2025-04-28,SKEW52,-0.12418584455058619
2025-04-28,TVLC,-0.33928571428571425
2025-05-05,VOLC,0.22359771194399383
2025-05-05,MAXRET,0.192948006488517
2025-05-05,CRASH8,-0.3890996398559423
2025-05-05,BETA26,-0.2139255702280912
2025-05-05,NEWC,-0.2810725481410259
2025-05-05,SKEW52,-0.2299174989144594
2025-05-05,TVLC,0.19999999999999998
2025-05-12,VOLC,0.0040980107572782375
2025-05-12,MAXRET,-0.05156663536241783
2025-05-12,CRASH8,0.045570228091236495
2025-05-12,BETA26,-0.09983193277310923
2025-05-12,NEWC,-0.022330387768153815
2025-05-12,SKEW52,0.20397307859313937
2025-05-12,TVLC,-0.10714285714285714
2025-05-19,VOLC,0.46657559976094937
2025-05-19,MAXRET,0.37402885682574916
2025-05-19,CRASH8,-0.24878340305643298
2025-05-19,BETA26,-0.6255462184873949
2025-05-19,NEWC,-0.2069083348460294
2025-05-19,SKEW52,0.2232957012592271
2025-05-19,TVLC,0.07857142857142857
2025-05-26,VOLC,0.3248527277384103
2025-05-26,MAXRET,0.3236574746008708
2025-05-26,CRASH8,-0.37539486041150855
2025-05-26,BETA26,-0.4010084033613445
2025-05-26,NEWC,-0.26070620977504244
2025-05-26,SKEW52,-0.0898827616152844
2025-05-26,TVLC,-0.2821428571428571
2025-06-02,VOLC,0.3617348245539144
2025-06-02,MAXRET,-0.0353453427815248
2025-06-02,CRASH8,-0.38239562878852557
2025-06-02,BETA26,-0.22199279711884753
2025-06-02,NEWC,-0.1552879929498574
2025-06-02,SKEW52,0.15099869735128094
2025-06-02,TVLC,-0.028571428571428564
2025-06-09,VOLC,0.43174250832408434
2025-06-09,MAXRET,-0.028771450525057623
2025-06-09,CRASH8,-0.5206181166225561
2025-06-09,BETA26,-0.7079471788715486
2025-06-09,NEWC,-0.5829384019093767
2025-06-09,SKEW52,0.08380373425966132
2025-06-09,TVLC,0.2785714285714285
2025-06-16,VOLC,-0.45940408093571244
2025-06-16,MAXRET,0.2285494749423717
2025-06-16,CRASH8,0.5480235635618543
2025-06-16,BETA26,0.6100840336134454
2025-06-16,NEWC,0.4000256271507325
2025-06-16,SKEW52,-0.00520408163265306
2025-06-16,TVLC,-0.2964285714285714
2025-06-23,VOLC,0.3777853666865875
2025-06-23,MAXRET,0.2506616579868522
2025-06-23,CRASH8,-0.3994706736105182
2025-06-23,BETA26,-0.26280912364945974
2025-06-23,NEWC,-0.3558772123280345
2025-06-23,SKEW52,-0.3907142857142856
2025-06-23,TVLC,0.07857142857142857
2025-06-30,VOLC,-0.4026295569025869
2025-06-30,MAXRET,-0.3080338085887475
2025-06-30,CRASH8,0.3502091692990694
2025-06-30,BETA26,0.5828091236494598
2025-06-30,NEWC,0.09751932249036963
2025-06-30,SKEW52,-0.5313265306122448
2025-06-30,TVLC,-0.125
2025-07-07,VOLC,-0.10637752924101425
2025-07-07,MAXRET,-0.14257662426363865
2025-07-07,CRASH8,0.1025356441560659
2025-07-07,BETA26,0.2942030222829335
2025-07-07,NEWC,-0.08731480494431079
2025-07-07,SKEW52,-0.11204081632653061
2025-07-07,TVLC,0.10714285714285714
2025-07-14,VOLC,0.009732775548535815
2025-07-14,MAXRET,-0.02655169469819858
2025-07-14,CRASH8,0.05788440194655511
2025-07-14,BETA26,0.050712883121318185
2025-07-14,NEWC,0.14128346677786036
2025-07-14,SKEW52,0.17301320528211284
2025-07-14,TVLC,0.12857142857142856
2025-07-21,VOLC,0.3435499018184923
2025-07-21,MAXRET,0.3502945445231793
2025-07-21,CRASH8,-0.6191411252454537
2025-07-21,BETA26,-0.7566806112866046
2025-07-21,NEWC,-0.4583920517760982
2025-07-21,SKEW52,0.14823529411764705
2025-07-21,TVLC,0.24285714285714283
2025-07-28,VOLC,-0.48894390847775976
2025-07-28,MAXRET,-0.44847605224963716
2025-07-28,CRASH8,0.504738324938103
2025-07-28,BETA26,0.45052505762827627
2025-07-28,NEWC,0.09700696177675996
2025-07-28,SKEW52,-0.08168067226890756
2025-07-28,TVLC,-0.22499999999999998
2025-08-04,VOLC,0.1432596260565184
2025-08-04,MAXRET,0.0070861436011269525
2025-08-04,CRASH8,-0.3243404763937505
2025-08-04,BETA26,-0.2474173994706736
2025-08-04,NEWC,-0.29567482847890086
2025-08-04,SKEW52,0.04633853541416567
2025-08-04,TVLC,0.7107142857142856
2025-08-11,VOLC,-0.14522325621104754
2025-08-11,MAXRET,-0.28660462733714676
2025-08-11,CRASH8,-0.04746862460513959
2025-08-11,BETA26,-0.10620677879279432
2025-08-11,NEWC,-0.34229965341737884
2025-08-11,SKEW52,-0.0912845138055222
2025-08-11,TVLC,0.039285714285714285
2025-08-18,VOLC,0.46298984034833085
2025-08-18,MAXRET,0.4055323145223256
2025-08-18,CRASH8,-0.4012635533168274
2025-08-18,BETA26,-0.5483650644582942
2025-08-18,NEWC,0.07931771603614259
2025-08-18,SKEW52,0.23505402160864344
2025-08-18,TVLC,0.18928571428571428
2025-08-25,VOLC,-0.17527533509775464
2025-08-25,MAXRET,-0.19824127038333475
2025-08-25,CRASH8,0.09741313070946811
2025-08-25,BETA26,0.1513702723469649
2025-08-25,NEWC,0.0007258357339352142
2025-08-25,SKEW52,0.17906362545018004
2025-08-25,TVLC,0.3607142857142856
2025-09-01,VOLC,-0.22376846239221376
2025-09-01,MAXRET,0.058567403739434816
2025-09-01,CRASH8,0.5834542815674891
2025-09-01,BETA26,0.5524630752155724
2025-09-01,NEWC,0.07589015840367073
2025-09-01,SKEW52,-0.22237695078031214
2025-09-01,TVLC,0.5785714285714285
2025-09-08,VOLC,0.2281083696178036
2025-09-08,MAXRET,0.1655378164812127
2025-09-08,CRASH8,-0.31255869546657555
2025-09-08,BETA26,-0.4229488602407581
2025-09-08,NEWC,-0.19958063648916752
2025-09-08,SKEW52,0.2967106842737095
2025-09-08,TVLC,0.38928571428571423
2025-09-15,VOLC,0.44162231898080956
2025-09-15,MAXRET,0.3134978229317852
2025-09-15,CRASH8,-0.5591223426961496
2025-09-15,BETA26,-0.5490480662511739
2025-09-15,NEWC,-0.42179325961525904
2025-09-15,SKEW52,-0.024345738295318126
2025-09-15,TVLC,-0.06071428571428571
2025-09-22,VOLC,-0.04249314626673117
2025-09-22,MAXRET,-0.1481212707627802
2025-09-22,CRASH8,-0.1128850185453959
2025-09-22,BETA26,-0.34961154273029965
2025-09-22,NEWC,-0.38325073196904375
2025-09-22,SKEW52,0.018487394957983194
2025-09-22,TVLC,0.3735294117647059
2025-09-29,VOLC,0.2237087859729369
2025-09-29,MAXRET,0.0511911568515342
2025-09-29,CRASH8,-0.42952749556523134
2025-09-29,BETA26,-0.39264065568172113
2025-09-29,NEWC,-0.35012818833026355
2025-09-29,SKEW52,-0.18588235294117647
2025-09-29,TVLC,-0.008823529411764706
2025-10-06,VOLC,0.19675324675324682
2025-10-06,MAXRET,0.2696969696969697
2025-10-06,CRASH8,0.07071440090308015
2025-10-06,BETA26,-0.049688380431998636
2025-10-06,NEWC,0.1976597218918814
2025-10-06,SKEW52,-0.01844104840775207
2025-10-06,TVLC,-0.23529411764705882
2025-10-13,VOLC,-0.26992481203007523
2025-10-13,MAXRET,-0.1304853041695147
2025-10-13,CRASH8,0.2177625309700781
2025-10-13,BETA26,0.07666695125074703
2025-10-13,NEWC,-0.04150258478835123
2025-10-13,SKEW52,-0.032442585161786046
2025-10-13,TVLC,-0.27941176470588236
2025-10-20,VOLC,0.08981544771018456
2025-10-20,MAXRET,-0.1511278195488722
2025-10-20,CRASH8,-0.35620490620490625
2025-10-20,BETA26,-0.6077862204388287
2025-10-20,NEWC,-0.048824760607200444
2025-10-20,SKEW52,-0.016733543925552805
2025-10-20,TVLC,-0.14705882352941177
2025-10-27,VOLC,0.23023074928701065
2025-10-27,MAXRET,0.2601114856105782
2025-10-27,CRASH8,-0.09945317840054682
2025-10-27,BETA26,-0.08887560829847178
2025-10-27,NEWC,-0.24587743337917203
2025-10-27,SKEW52,0.05660377358490566
2025-10-27,TVLC,-0.27450980392156865
2025-11-03,VOLC,0.30518172173965186
2025-11-03,MAXRET,0.18090653215914645
2025-11-03,CRASH8,-0.5104325091741357
2025-11-03,BETA26,-0.567062238538376
2025-11-03,NEWC,-0.1711046519082542
2025-11-03,SKEW52,-0.10262101938017586
2025-11-03,TVLC,0.022058823529411766
2025-11-10,VOLC,0.3921683226183519
2025-11-10,MAXRET,0.25595988803100683
2025-11-10,CRASH8,-0.42973813844957226
2025-11-10,BETA26,-0.3277697145621674
2025-11-10,NEWC,-0.31162318852572984
2025-11-10,SKEW52,0.10996328865363271
2025-11-10,TVLC,0.02450980392156863
2025-11-17,VOLC,0.4803285244086253
2025-11-17,MAXRET,0.5657202620812698
2025-11-17,CRASH8,-0.2490694884493525
2025-11-17,BETA26,0.0027414933075310434
2025-11-17,NEWC,0.13693699399032716
2025-11-17,SKEW52,0.04243148638265175
2025-11-17,TVLC,-0.4387254901960785
2025-11-24,VOLC,0.2889353717432096
2025-11-24,MAXRET,0.1250422959795749
2025-11-24,CRASH8,-0.2712787228152204
2025-11-24,BETA26,-0.15247540719238833
2025-11-24,NEWC,-0.20271351458150202
2025-11-24,SKEW52,0.24775890036711343
2025-11-24,TVLC,0.17401960784313728
2025-12-01,VOLC,0.13636223814943554
2025-12-01,MAXRET,-0.16644621489433697
2025-12-01,CRASH8,-0.2573748808022394
2025-12-01,BETA26,-0.1797979797979798
2025-12-01,NEWC,-0.1267843972667127
2025-12-01,SKEW52,0.14718688636557672
2025-12-01,TVLC,-0.11029411764705883
2025-12-08,VOLC,-0.03829708696053401
2025-12-08,MAXRET,-0.09231289796671692
2025-12-08,CRASH8,-0.34172075425266857
2025-12-08,BETA26,-0.397907647907648
2025-12-08,NEWC,-0.2559069683243184
2025-12-08,SKEW52,0.1602492956544011
2025-12-08,TVLC,0.058823529411764705
2025-12-15,VOLC,0.15426497277676954
2025-12-15,MAXRET,0.37691100925897447
2025-12-15,CRASH8,0.15161955150881296
2025-12-15,BETA26,0.11551606288448395
2025-12-15,NEWC,-0.1664102899334261
2025-12-15,SKEW52,-0.0437121147443012
2025-12-15,TVLC,0.49754901960784315
2025-12-22,VOLC,-0.03559014426774124
2025-12-22,MAXRET,0.21590944046264113
2025-12-22,CRASH8,0.26069703774339414
2025-12-22,BETA26,0.5388926862611073
2025-12-22,NEWC,0.3421732750304242
2025-12-22,SKEW52,-0.08042346111158541
2025-12-22,TVLC,0.03186274509803922
2025-12-29,VOLC,0.19290042757390263
2025-12-29,MAXRET,0.11649081792734321
2025-12-29,CRASH8,-0.11446061090774863
2025-12-29,BETA26,-0.1738397718434016
2025-12-29,NEWC,-0.0332574456309916
2025-12-29,SKEW52,0.2706394604285836
2025-12-29,TVLC,0.03676470588235294
2026-01-05,VOLC,0.46734750376818734
2026-01-05,MAXRET,0.49226368082684807
2026-01-05,CRASH8,-0.1160601679534898
2026-01-05,BETA26,-0.3870005229321112
2026-01-05,NEWC,-0.2194806818977744
2026-01-05,SKEW52,0.12234269614957739
2026-01-05,TVLC,-0.04411764705882353
2026-01-12,VOLC,0.46144144698391226
2026-01-12,MAXRET,0.5326832569442309
2026-01-12,CRASH8,-0.26174290196560956
2026-01-12,BETA26,-0.543203420591221
2026-01-12,NEWC,-0.051378292510412565
2026-01-12,SKEW52,0.19047212498932808
2026-01-12,TVLC,-0.056372549019607844
2026-01-19,VOLC,0.34707311821341785
2026-01-19,MAXRET,0.2743547940570304
2026-01-19,CRASH8,-0.2352271678612077
2026-01-19,BETA26,-0.3889692085268695
2026-01-19,NEWC,0.10755516701136536
2026-01-19,SKEW52,0.3076923076923077
2026-01-19,TVLC,-0.07843137254901962
2026-01-26,VOLC,0.30985265618751734
2026-01-26,MAXRET,0.04457227229382633
2026-01-26,CRASH8,-0.5245624288658527
2026-01-26,BETA26,-0.43455658433049316
2026-01-26,NEWC,0.06875086908105545
2026-01-26,SKEW52,0.12507470332109621
2026-01-26,TVLC,-0.3823529411764707
2026-02-02,VOLC,0.25362207388723124
2026-02-02,MAXRET,0.3248638838475499
2026-02-02,CRASH8,0.09963394752222463
2026-02-02,BETA26,0.15389584422775232
2026-02-02,NEWC,0.20289009505286412
2026-02-02,SKEW52,-0.15444378041492357
2026-02-02,TVLC,-0.31617647058823534
2026-02-09,VOLC,0.18673290473407367
2026-02-09,MAXRET,0.023144360023378146
2026-02-09,CRASH8,-0.22107724014888186
2026-02-09,BETA26,-0.4978006090621059
2026-02-09,NEWC,0.08859246993953306
2026-02-09,SKEW52,0.14578293823576843
2026-02-09,TVLC,0.11029411764705883
2026-02-16,VOLC,0.21300361211447627
2026-02-16,MAXRET,0.24579049736037792
2026-02-16,CRASH8,-0.016149374019502293
2026-02-16,BETA26,-0.0317758159278969
2026-02-16,NEWC,0.17657357402628387
2026-02-16,SKEW52,-0.11030478955007257
2026-02-16,TVLC,-0.18382352941176472
2026-02-23,VOLC,0.2372881355932204
2026-02-23,MAXRET,0.10380661294804115
2026-02-23,CRASH8,-0.32630040911747527
2026-02-23,BETA26,-0.2871512504229598
2026-02-23,NEWC,0.07692094002278152
2026-02-23,SKEW52,0.3710691823899371
2026-02-23,TVLC,0.05147058823529412
2026-03-02,VOLC,0.03295359822172826
2026-03-02,MAXRET,0.09519310919699918
2026-03-02,CRASH8,0.4647402056126703
2026-03-02,BETA26,0.22704481835799317
2026-03-02,NEWC,-0.2095595407195793
2026-03-02,SKEW52,-0.27417571945873825
2026-03-02,TVLC,-0.03676470588235294
2026-03-09,VOLC,0.2689080300083357
2026-03-09,MAXRET,0.32620172270075026
2026-03-09,CRASH8,-0.35871075298694094
2026-03-09,BETA26,-0.24697776000492175
2026-03-09,NEWC,-0.16570793546092713
2026-03-09,SKEW52,0.36226551226551235
2026-03-09,TVLC,0.2622549019607843
2026-03-16,VOLC,0.1823839955543207
2026-03-16,MAXRET,0.014448457904973606
2026-03-16,CRASH8,-0.26612948041122536
2026-03-16,BETA26,-0.07324125626749517
2026-03-16,NEWC,0.08573317541556716
2026-03-16,SKEW52,0.07026657552973344
2026-03-16,TVLC,0.37254901960784315
2026-03-23,VOLC,-0.13642678521811616
2026-03-23,MAXRET,-0.19749930536260074
2026-03-23,CRASH8,-0.1034176160044457
2026-03-23,BETA26,0.14423698052846903
2026-03-23,NEWC,-0.1756445870173341
2026-03-23,SKEW52,-0.15440874914559127
2026-03-23,TVLC,-0.16421568627450983
2026-03-30,VOLC,0.026285079188663525
2026-03-30,MAXRET,0.11597666018338429
2026-03-30,CRASH8,0.03723256460127814
2026-03-30,BETA26,-0.020948045156725832
2026-03-30,NEWC,0.06645511098683536
2026-03-30,SKEW52,-0.0686414311641172
2026-03-30,TVLC,-0.30147058823529416
2026-04-06,VOLC,0.21771837281612913
2026-04-06,MAXRET,0.251008077865377
2026-04-06,CRASH8,-0.08060684367051409
2026-04-06,BETA26,-0.05740037221713439
2026-04-06,NEWC,-0.09282153736935246
2026-04-06,SKEW52,-0.015442115140943978
2026-04-06,TVLC,-0.12254901960784316
2026-04-13,VOLC,-0.09973558963511368
2026-04-13,MAXRET,-0.22993125330512956
2026-04-13,CRASH8,0.17904973603778832
2026-04-13,BETA26,0.15476329631794275
2026-04-13,NEWC,-0.22004495762891252
2026-04-13,SKEW52,-0.34178227567750474
2026-04-13,TVLC,-0.16421568627450983
2026-04-20,VOLC,0.030301427815970384
2026-04-20,MAXRET,-0.04336329984135377
2026-04-20,CRASH8,-0.06441036488630354
2026-04-20,BETA26,-0.01694915254237288
2026-04-20,NEWC,0.08671162313005698
2026-04-20,SKEW52,-0.0784705773785721
2026-04-20,TVLC,0.16666666666666669
2026-04-27,VOLC,-0.34420941300898994
2026-04-27,MAXRET,-0.31544156530936013
2026-04-27,CRASH8,0.4905869910100476
2026-04-27,BETA26,0.5236454570714089
2026-04-27,NEWC,0.09197408516204275
2026-04-27,SKEW52,-0.19080869912947188
2026-04-27,TVLC,0.01715686274509804
2026-05-04,VOLC,0.47419354838709665
2026-05-04,MAXRET,0.5837652035959809
2026-05-04,CRASH8,-0.33997884717080906
2026-05-04,BETA26,-0.6450125034731872
2026-05-04,NEWC,-0.3116752638642426
2026-05-04,SKEW52,0.43634070565074295
2026-05-04,TVLC,0.24509803921568632
2026-05-11,VOLC,-0.21221575885774716
2026-05-11,MAXRET,-0.2586462189317821
2026-05-11,CRASH8,0.18820729772607084
2026-05-11,BETA26,0.18227285357043627
2026-05-11,NEWC,0.281713608174595
2026-05-11,SKEW52,-0.13888461656771972
2026-05-11,TVLC,0.12745098039215688
2026-05-18,VOLC,0.22665256478053938
2026-05-18,MAXRET,0.1934955050237969
2026-05-18,CRASH8,-0.25769434161819144
2026-05-18,BETA26,-0.2421228118921923
2026-05-18,NEWC,-0.04030146802385082
2026-05-18,SKEW52,-0.06413608539173768
2026-05-18,TVLC,0.25000000000000006
