week,symbol,cluster_id,w_fast,w_slow,w
2018-06-18,ADA,,-0.05,0.05,-0.015999999999999997
2018-06-18,BNB,,-0.05,-0.05,-0.04
2018-06-18,BTC,,0.05,-0.05,0.015999999999999997
2018-06-18,ETC,,0.0,0.05,0.012
2018-06-18,ETH,,0.05,0.0,0.027999999999999997
2018-06-18,LTC,,0.05,-0.05,0.015999999999999997
2018-06-18,TRX,,0.0,0.05,0.012
2018-06-18,XLM,,0.0,0.0,0.0
2018-06-18,XRP,,-0.05,0.0,-0.027999999999999997
2018-06-25,ADA,,-0.05,0.05,-0.015999999999999997
2018-06-25,BNB,,-0.05,-0.05,-0.04
2018-06-25,BTC,,0.0,-0.05,-0.012
2018-06-25,ETC,,0.0,0.05,0.012
2018-06-25,ETH,,0.05,0.0,0.027999999999999997
2018-06-25,LTC,,0.05,-0.05,0.015999999999999997
2018-06-25,TRX,,0.0,0.05,0.012
2018-06-25,XLM,,-0.05,0.0,-0.027999999999999997
2018-06-25,XRP,,0.05,0.0,0.027999999999999997
2018-07-02,ADA,,-0.05,0.05,-0.011999999999999999
2018-07-02,BNB,,-0.05,-0.05,-0.029999999999999995
2018-07-02,BTC,,0.05,-0.05,0.011999999999999999
2018-07-02,ETC,,0.0,0.05,0.009
2018-07-02,ETH,,0.0,0.0,0.0
2018-07-02,LTC,,0.05,-0.05,0.011999999999999999
2018-07-02,TRX,,0.0,0.05,0.009
2018-07-02,XLM,,-0.05,0.0,-0.020999999999999998
2018-07-02,XRP,,0.05,0.0,0.020999999999999998
2018-07-09,ADA,,-0.05,0.05,-0.011999999999999999
2018-07-09,BNB,,0.05,-0.05,0.011999999999999999
2018-07-09,BTC,,0.0,-0.05,-0.009
2018-07-09,ETC,,-0.05,0.05,-0.011999999999999999
2018-07-09,ETH,,0.0,0.0,0.0
2018-07-09,LTC,,0.0,-0.05,-0.009
2018-07-09,TRX,,0.05,0.05,0.029999999999999995
2018-07-09,XLM,,-0.05,0.0,-0.020999999999999998
2018-07-09,XRP,,0.05,0.0,0.020999999999999998
2018-07-16,ADA,,-0.05,0.05,-0.011999999999999999
2018-07-16,BNB,,0.05,-0.05,0.011999999999999999
2018-07-16,BTC,,0.0,-0.05,-0.009
2018-07-16,ETC,,-0.05,0.05,-0.011999999999999999
2018-07-16,ETH,,0.0,0.0,0.0
2018-07-16,LTC,,0.05,-0.05,0.011999999999999999
2018-07-16,TRX,,0.0,0.05,0.009
2018-07-16,XLM,,-0.05,0.0,-0.020999999999999998
2018-07-16,XRP,,0.05,0.0,0.020999999999999998
2018-07-23,ADA,,-0.05,0.05,-0.015999999999999997
2018-07-23,BNB,,-0.05,-0.05,-0.04
2018-07-23,BTC,,0.0,-0.05,-0.012
2018-07-23,ETC,,0.0,-0.05,-0.012
2018-07-23,ETH,,0.05,0.0,0.027999999999999997
2018-07-23,LTC,,0.05,0.0,0.027999999999999997
2018-07-23,TRX,,0.0,0.0,0.0
2018-07-23,XLM,,-0.05,0.05,-0.015999999999999997
2018-07-23,XRP,,0.05,0.05,0.04
2018-07-30,ADA,,-0.05,0.05,-0.011999999999999999
2018-07-30,BNB,,0.0,-0.05,-0.009
2018-07-30,BTC,,-0.05,-0.05,-0.029999999999999995
2018-07-30,ETC,,0.05,-0.05,0.011999999999999999
2018-07-30,ETH,,0.05,0.0,0.020999999999999998
2018-07-30,LTC,,0.0,0.0,0.0
2018-07-30,TRX,,0.0,0.0,0.0
2018-07-30,VET,,0.0,0.0,0.0
2018-07-30,XLM,,-0.05,0.05,-0.011999999999999999
2018-07-30,XRP,,0.05,0.05,0.029999999999999995
2018-08-06,ADA,,-0.05,0.05,-0.015999999999999997
2018-08-06,BNB,,0.0,-0.05,-0.012
2018-08-06,BTC,,0.0,-0.05,-0.012
2018-08-06,ETC,,0.05,-0.05,0.015999999999999997
2018-08-06,ETH,,0.05,0.0,0.027999999999999997
2018-08-06,LTC,,0.05,0.0,0.027999999999999997
2018-08-06,TRX,,-0.05,0.0,-0.027999999999999997
2018-08-06,VET,,0.0,0.0,0.0
2018-08-06,XLM,,-0.05,0.05,-0.015999999999999997
2018-08-06,XRP,,0.0,0.05,0.012
2018-08-13,ADA,,0.05,0.05,0.029999999999999995
2018-08-13,BNB,,-0.05,-0.05,-0.029999999999999995
2018-08-13,BTC,,0.0,-0.05,-0.009
2018-08-13,ETC,,0.0,-0.05,-0.009
2018-08-13,ETH,,0.05,0.0,0.020999999999999998
2018-08-13,LTC,,0.05,0.0,0.020999999999999998
2018-08-13,TRX,,-0.05,0.0,-0.020999999999999998
2018-08-13,VET,,0.0,0.0,0.0
2018-08-13,XLM,,0.0,0.05,0.009
2018-08-13,XRP,,-0.05,0.05,-0.011999999999999999
2018-08-20,ADA,,0.05,0.0,0.027999999999999997
2018-08-20,BNB,,-0.05,-0.05,-0.04
2018-08-20,BTC,,0.05,-0.05,0.015999999999999997
2018-08-20,ETC,,0.0,0.05,0.012
2018-08-20,ETH,,0.05,0.0,0.027999999999999997
2018-08-20,LTC,,0.0,-0.05,-0.012
2018-08-20,TRX,,0.0,0.05,0.012
2018-08-20,VET,,-0.05,0.0,-0.027999999999999997
2018-08-20,XLM,,0.0,0.0,0.0
2018-08-20,XRP,,-0.05,0.05,-0.015999999999999997
2018-08-27,ADA,,0.0,0.0,0.0
2018-08-27,BNB,,0.0,-0.05,-0.009
2018-08-27,BTC,,0.05,-0.05,0.011999999999999999
2018-08-27,ETC,,0.0,0.05,0.009
2018-08-27,ETH,,0.05,0.0,0.020999999999999998
2018-08-27,LTC,,0.0,-0.05,-0.009
2018-08-27,TRX,,-0.05,0.05,-0.011999999999999999
2018-08-27,VET,,-0.05,0.0,-0.020999999999999998
2018-08-27,XLM,,0.05,0.0,0.020999999999999998
2018-08-27,XRP,,-0.05,0.05,-0.011999999999999999
2018-09-03,ADA,,-0.05,0.0,-0.020999999999999998
2018-09-03,BNB,,0.0,-0.05,-0.009
2018-09-03,BTC,,0.05,-0.05,0.011999999999999999
2018-09-03,ETC,,0.05,0.05,0.029999999999999995
2018-09-03,ETH,,0.0,0.0,0.0
2018-09-03,LTC,,0.0,-0.05,-0.009
2018-09-03,TRX,,-0.05,0.05,-0.011999999999999999
2018-09-03,VET,,-0.05,0.0,-0.020999999999999998
2018-09-03,XLM,,0.05,0.0,0.020999999999999998
2018-09-03,XRP,,0.0,0.05,0.009
2018-09-10,ADA,,-0.05,0.0,-0.020999999999999998
2018-09-10,BNB,,0.0,-0.05,-0.009
2018-09-10,BTC,,0.05,-0.05,0.011999999999999999
2018-09-10,ETC,,0.05,0.05,0.029999999999999995
2018-09-10,ETH,,-0.05,0.0,-0.020999999999999998
2018-09-10,LTC,,0.0,-0.05,-0.009
2018-09-10,TRX,,0.0,0.05,0.009
2018-09-10,VET,,-0.05,0.0,-0.020999999999999998
2018-09-10,XLM,,0.0,0.0,0.0
2018-09-10,XRP,,0.05,0.05,0.029999999999999995
2018-09-17,ADA,,-0.05,0.0,-0.020999999999999998
2018-09-17,BNB,,0.05,-0.05,0.011999999999999999
2018-09-17,BTC,,0.05,-0.05,0.011999999999999999
2018-09-17,ETC,,0.05,0.0,0.020999999999999998
2018-09-17,ETH,,0.0,0.05,0.009
2018-09-17,LTC,,0.0,-0.05,-0.009
2018-09-17,TRX,,0.0,0.0,0.0
2018-09-17,VET,,0.0,0.05,0.009
2018-09-17,XLM,,-0.05,0.0,-0.020999999999999998
2018-09-17,XRP,,-0.05,0.05,-0.011999999999999999
2018-09-24,ADA,,-0.05,0.0,-0.034999999999999996
2018-09-24,BNB,,0.0,-0.05,-0.015
2018-09-24,BTC,,0.05,-0.05,0.019999999999999997
2018-09-24,ETC,,0.05,0.0,0.034999999999999996
2018-09-24,ETH,,0.0,0.05,0.015
2018-09-24,LTC,,0.0,-0.05,-0.015
2018-09-24,TRX,,0.0,0.0,0.0
2018-09-24,VET,,0.05,0.05,0.049999999999999996
2018-09-24,XLM,,-0.05,0.0,-0.034999999999999996
2018-09-24,XRP,,-0.05,0.05,-0.019999999999999997
2018-10-01,ADA,,-0.05,0.0,-0.027999999999999997
2018-10-01,BNB,,0.0,-0.05,-0.012
2018-10-01,BTC,,0.05,-0.05,0.015999999999999997
2018-10-01,ETC,,0.05,0.0,0.027999999999999997
2018-10-01,ETH,,0.0,0.05,0.012
2018-10-01,LTC,,0.0,-0.05,-0.012
2018-10-01,TRX,,0.0,0.0,0.0
2018-10-01,VET,,0.05,0.05,0.04
2018-10-01,XLM,,-0.05,0.0,-0.027999999999999997
2018-10-01,XRP,,-0.05,0.05,-0.015999999999999997
2018-10-08,ADA,,-0.05,0.0,-0.027999999999999997
2018-10-08,BNB,,0.0,-0.05,-0.012
2018-10-08,BTC,,0.05,-0.05,0.015999999999999997
2018-10-08,ETC,,0.05,0.0,0.027999999999999997
2018-10-08,ETH,,0.0,0.05,0.012
2018-10-08,LTC,,0.0,-0.05,-0.012
2018-10-08,TRX,,0.0,0.0,0.0
2018-10-08,VET,,0.05,0.05,0.04
2018-10-08,XLM,,-0.05,0.0,-0.027999999999999997
2018-10-08,XRP,,-0.05,0.05,-0.015999999999999997
2018-10-15,ADA,,0.0,0.05,0.012
2018-10-15,BNB,,0.0,-0.05,-0.012
2018-10-15,BTC,,0.05,-0.05,0.015999999999999997
2018-10-15,ETC,,0.0,-0.05,-0.012
2018-10-15,ETH,,0.0,0.05,0.012
2018-10-15,LTC,,0.05,0.0,0.027999999999999997
2018-10-15,TRX,,-0.05,0.0,-0.027999999999999997
2018-10-15,VET,,0.05,0.0,0.027999999999999997
2018-10-15,XLM,,-0.05,0.0,-0.027999999999999997
2018-10-15,XRP,,-0.05,0.05,-0.015999999999999997
2018-10-22,ADA,,0.0,0.05,0.009
2018-10-22,BNB,,0.0,-0.05,-0.009
2018-10-22,BTC,,0.05,-0.05,0.011999999999999999
2018-10-22,ETC,,0.0,-0.05,-0.009
2018-10-22,ETH,,0.0,0.05,0.009
2018-10-22,LTC,,0.05,0.0,0.020999999999999998
2018-10-22,TRX,,-0.05,0.0,-0.020999999999999998
2018-10-22,VET,,0.05,0.0,0.020999999999999998
2018-10-22,XLM,,-0.05,0.0,-0.020999999999999998
2018-10-22,XRP,,-0.05,0.05,-0.011999999999999999
2018-10-29,ADA,,-0.05,0.05,-0.011999999999999999
2018-10-29,BNB,,0.05,-0.05,0.011999999999999999
2018-10-29,BTC,,0.05,-0.05,0.011999999999999999
2018-10-29,ETC,,0.0,-0.05,-0.009
2018-10-29,ETH,,0.0,0.05,0.009
2018-10-29,LTC,,0.0,0.0,0.0
2018-10-29,TRX,,0.0,0.0,0.0
2018-10-29,VET,,0.05,0.0,0.020999999999999998
2018-10-29,XLM,,-0.05,0.0,-0.020999999999999998
2018-10-29,XRP,,-0.05,0.05,-0.011999999999999999
2018-11-05,ADA,,-0.05,0.05,-0.011999999999999999
2018-11-05,BNB,,0.0,-0.05,-0.009
2018-11-05,BTC,,0.05,-0.05,0.011999999999999999
2018-11-05,ETC,,0.05,-0.05,0.011999999999999999
2018-11-05,ETH,,0.0,0.05,0.009
2018-11-05,LTC,,0.0,0.0,0.0
2018-11-05,TRX,,0.0,0.0,0.0
2018-11-05,VET,,0.05,0.0,0.020999999999999998
2018-11-05,XLM,,-0.05,0.0,-0.020999999999999998
2018-11-05,XRP,,-0.05,0.05,-0.011999999999999999
2018-11-12,ADA,,-0.05,0.05,-0.015999999999999997
2018-11-12,BNB,,0.0,-0.05,-0.012
2018-11-12,BTC,,0.05,-0.05,0.015999999999999997
2018-11-12,ETC,,0.05,0.0,0.027999999999999997
2018-11-12,ETH,,0.0,-0.05,-0.012
2018-11-12,LTC,,-0.05,0.0,-0.027999999999999997
2018-11-12,TRX,,0.05,0.0,0.027999999999999997
2018-11-12,VET,,0.0,0.05,0.012
2018-11-12,XLM,,-0.05,0.0,-0.027999999999999997
2018-11-12,XRP,,0.0,0.05,0.012
2018-11-19,ADA,,-0.05,0.05,-0.015999999999999997
2018-11-19,BNB,,0.0,-0.05,-0.012
2018-11-19,BTC,,0.05,-0.05,0.015999999999999997
2018-11-19,ETC,,0.0,0.0,0.0
2018-11-19,ETH,,0.0,-0.05,-0.012
2018-11-19,LTC,,0.05,0.0,0.027999999999999997
2018-11-19,TRX,,0.0,0.0,0.0
2018-11-19,VET,,-0.05,0.05,-0.015999999999999997
2018-11-19,XLM,,-0.05,0.0,-0.027999999999999997
2018-11-19,XRP,,0.05,0.05,0.04
2018-11-26,ADA,,-0.05,0.05,-0.015999999999999997
2018-11-26,BNB,,0.0,-0.05,-0.012
2018-11-26,BTC,,0.05,-0.05,0.015999999999999997
2018-11-26,ETC,,0.0,0.0,0.0
2018-11-26,ETH,,0.05,-0.05,0.015999999999999997
2018-11-26,LTC,,0.05,0.0,0.027999999999999997
2018-11-26,TRX,,-0.05,0.0,-0.027999999999999997
2018-11-26,VET,,0.0,0.05,0.012
2018-11-26,XLM,,-0.05,0.0,-0.027999999999999997
2018-11-26,XRP,,0.0,0.05,0.012
2018-12-03,ADA,,-0.05,0.05,-0.015999999999999997
2018-12-03,BNB,,0.0,-0.05,-0.012
2018-12-03,BTC,,0.05,-0.05,0.015999999999999997
2018-12-03,ETC,,-0.05,0.0,-0.027999999999999997
2018-12-03,ETH,,0.05,-0.05,0.015999999999999997
2018-12-03,LTC,,0.0,0.0,0.0
2018-12-03,TRX,,-0.05,0.0,-0.027999999999999997
2018-12-03,VET,,0.0,0.05,0.012
2018-12-03,XLM,,0.05,0.0,0.027999999999999997
2018-12-03,XRP,,0.0,0.05,0.012
2018-12-10,ADA,,-0.05,0.05,-0.015999999999999997
2018-12-10,BNB,,0.0,-0.05,-0.012
2018-12-10,BTC,,0.05,-0.05,0.015999999999999997
2018-12-10,ETC,,0.0,0.0,0.0
2018-12-10,ETH,,0.05,0.0,0.027999999999999997
2018-12-10,LTC,,-0.05,-0.05,-0.04
2018-12-10,TRX,,-0.05,0.0,-0.027999999999999997
2018-12-10,VET,,0.0,0.05,0.012
2018-12-10,XLM,,0.0,0.05,0.012
2018-12-10,XRP,,0.05,0.0,0.027999999999999997
2018-12-17,ADA,,-0.05,0.05,-0.011999999999999999
2018-12-17,BNB,,0.05,-0.05,0.011999999999999999
2018-12-17,BTC,,0.05,-0.05,0.011999999999999999
2018-12-17,ETC,,0.0,0.0,0.0
2018-12-17,ETH,,-0.05,0.0,-0.020999999999999998
2018-12-17,LTC,,0.0,-0.05,-0.009
2018-12-17,TRX,,-0.05,0.0,-0.020999999999999998
2018-12-17,VET,,0.0,0.05,0.009
2018-12-17,XLM,,0.0,0.05,0.009
2018-12-17,XRP,,0.05,0.0,0.020999999999999998
2018-12-24,ADA,,-0.05,0.05,-0.015999999999999997
2018-12-24,BNB,,0.05,-0.05,0.015999999999999997
2018-12-24,BTC,,0.05,-0.05,0.015999999999999997
2018-12-24,ETC,,0.0,0.0,0.0
2018-12-24,ETH,,-0.05,0.0,-0.027999999999999997
2018-12-24,LTC,,0.05,-0.05,0.015999999999999997
2018-12-24,TRX,,-0.05,0.0,-0.027999999999999997
2018-12-24,VET,,0.0,0.05,0.012
2018-12-24,XLM,,0.0,0.05,0.012
2018-12-24,XRP,,0.0,0.0,0.0
2018-12-31,ADA,,-0.05,0.05,-0.015999999999999997
2018-12-31,BNB,,0.05,-0.05,0.015999999999999997
2018-12-31,BTC,,0.05,-0.05,0.015999999999999997
2018-12-31,ETC,,0.0,0.0,0.0
2018-12-31,ETH,,-0.05,0.0,-0.027999999999999997
2018-12-31,LTC,,0.05,-0.05,0.015999999999999997
2018-12-31,TRX,,-0.05,0.0,-0.027999999999999997
2018-12-31,VET,,0.0,0.05,0.012
2018-12-31,XLM,,0.0,0.05,0.012
2018-12-31,XRP,,0.0,0.0,0.0
2019-01-07,ADA,,-0.05,0.05,-0.015999999999999997
2019-01-07,BNB,,0.05,-0.05,0.015999999999999997
2019-01-07,BTC,,0.05,-0.05,0.015999999999999997
2019-01-07,ETC,,0.0,0.0,0.0
2019-01-07,ETH,,-0.05,0.0,-0.027999999999999997
2019-01-07,LTC,,0.0,-0.05,-0.012
2019-01-07,TRX,,-0.05,0.05,-0.015999999999999997
2019-01-07,VET,,0.0,0.05,0.012
2019-01-07,XLM,,0.05,0.0,0.027999999999999997
2019-01-07,XRP,,0.0,0.0,0.0
2019-01-14,ADA,,-0.05,0.05,-0.015999999999999997
2019-01-14,BNB,,0.0,-0.05,-0.012
2019-01-14,BTC,,0.05,-0.05,0.015999999999999997
2019-01-14,ETC,,0.0,0.0,0.0
2019-01-14,ETH,,-0.05,0.0,-0.027999999999999997
2019-01-14,LTC,,-0.05,-0.05,-0.04
2019-01-14,TRX,,0.0,0.05,0.012
2019-01-14,VET,,0.0,0.05,0.012
2019-01-14,XLM,,0.05,0.0,0.027999999999999997
2019-01-14,XRP,,0.05,0.0,0.027999999999999997
2019-01-21,ADA,,0.0,0.05,0.012
2019-01-21,BNB,,0.0,-0.05,-0.012
2019-01-21,BTC,,0.05,-0.05,0.015999999999999997
2019-01-21,ETC,,0.0,0.0,0.0
2019-01-21,ETH,,-0.05,0.0,-0.027999999999999997
2019-01-21,LINK,,0.0,0.0,0.0
2019-01-21,LTC,,-0.05,-0.05,-0.04
2019-01-21,TRX,,-0.05,0.05,-0.015999999999999997
2019-01-21,VET,,0.05,0.05,0.04
2019-01-21,XLM,,0.05,0.0,0.027999999999999997
2019-01-21,XRP,,0.0,0.0,0.0
2019-01-28,ADA,,0.0,0.05,0.012
2019-01-28,BNB,,-0.05,-0.05,-0.04
2019-01-28,BTC,,0.05,-0.05,0.015999999999999997
2019-01-28,ETC,,0.05,0.0,0.027999999999999997
2019-01-28,ETH,,0.0,0.0,0.0
2019-01-28,LINK,,0.0,0.0,0.0
2019-01-28,LTC,,-0.05,-0.05,-0.04
2019-01-28,TRX,,-0.05,0.05,-0.015999999999999997
2019-01-28,VET,,0.0,0.05,0.012
2019-01-28,XLM,,0.05,0.0,0.027999999999999997
2019-01-28,XRP,,0.0,0.0,0.0
2019-02-04,ADA,,0.0,0.05,0.012
2019-02-04,BNB,,0.0,-0.05,-0.012
2019-02-04,BTC,,0.05,-0.05,0.015999999999999997
2019-02-04,ETC,,0.05,0.05,0.04
2019-02-04,ETH,,0.0,0.05,0.012
2019-02-04,LINK,,-0.05,0.0,-0.027999999999999997
2019-02-04,LTC,,0.0,0.0,0.0
2019-02-04,TRX,,-0.05,0.0,-0.027999999999999997
2019-02-04,VET,,0.0,-0.05,-0.012
2019-02-04,XLM,,0.05,0.0,0.027999999999999997
2019-02-04,XRP,,-0.05,0.0,-0.027999999999999997
2019-02-11,ADA,,0.0,0.05,0.012
2019-02-11,BNB,,0.0,-0.05,-0.012
2019-02-11,BTC,,0.05,-0.05,0.015999999999999997
2019-02-11,ETC,,0.05,0.05,0.04
2019-02-11,ETH,,0.0,0.05,0.012
2019-02-11,LINK,,-0.05,0.0,-0.027999999999999997
2019-02-11,LTC,,0.05,0.0,0.027999999999999997
2019-02-11,TRX,,-0.05,0.0,-0.027999999999999997
2019-02-11,VET,,0.0,-0.05,-0.012
2019-02-11,XLM,,0.0,0.0,0.0
2019-02-11,XRP,,-0.05,0.0,-0.027999999999999997
2019-02-18,ADA,,-0.10000000000000003,0.05,-0.03300000000000001
2019-02-18,BNB,,-0.05,-0.05,-0.029999999999999995
2019-02-18,BTC,,-0.10000000000000003,-0.05,-0.05100000000000001
2019-02-18,ETC,,-0.10000000000000003,0.05,-0.03300000000000001
2019-02-18,ETH,,-0.10000000000000003,0.05,-0.03300000000000001
2019-02-18,LINK,,-0.10000000000000003,0.0,-0.04200000000000001
2019-02-18,LTC,,-0.05,0.0,-0.020999999999999998
2019-02-18,TRX,,-0.10000000000000003,0.0,-0.04200000000000001
2019-02-18,VET,,-0.10000000000000003,-0.05,-0.05100000000000001
2019-02-18,XLM,,-0.10000000000000003,0.0,-0.04200000000000001
2019-02-18,XRP,,-0.10000000000000003,0.0,-0.04200000000000001
2019-02-25,ADA,,0.0,0.05,0.012
2019-02-25,BNB,,0.0,-0.05,-0.012
2019-02-25,BTC,,0.05,-0.05,0.015999999999999997
2019-02-25,ETC,,0.05,0.05,0.04
2019-02-25,ETH,,0.0,0.05,0.012
2019-02-25,LINK,,-0.05,0.0,-0.027999999999999997
2019-02-25,LTC,,0.05,0.0,0.027999999999999997
2019-02-25,TRX,,-0.05,0.0,-0.027999999999999997
2019-02-25,VET,,0.0,-0.05,-0.012
2019-02-25,XLM,,0.0,0.0,0.0
2019-02-25,XRP,,-0.05,0.0,-0.027999999999999997
2019-03-04,ADA,,0.0,0.0,0.0
2019-03-04,BNB,,0.0,-0.05,-0.012
2019-03-04,BTC,,0.05,-0.05,0.015999999999999997
2019-03-04,ETC,,0.05,0.0,0.027999999999999997
2019-03-04,ETH,,0.0,0.0,0.0
2019-03-04,FET,,-0.05,0.0,-0.027999999999999997
2019-03-04,LINK,,-0.05,0.05,-0.015999999999999997
2019-03-04,LTC,,0.05,-0.05,0.015999999999999997
2019-03-04,TRX,,-0.05,0.05,-0.015999999999999997
2019-03-04,VET,,0.0,0.0,0.0
2019-03-04,XLM,,0.0,0.05,0.012
2019-03-04,XRP,,-0.05,0.0,-0.027999999999999997
2019-03-11,ADA,,0.0,0.0,0.0
2019-03-11,BNB,,0.0,-0.05,-0.015
2019-03-11,BTC,,0.05,-0.05,0.019999999999999997
2019-03-11,ETC,,0.05,0.0,0.034999999999999996
2019-03-11,ETH,,0.0,0.0,0.0
2019-03-11,FET,,-0.05,0.0,-0.034999999999999996
2019-03-11,LINK,,-0.05,0.05,-0.019999999999999997
2019-03-11,LTC,,0.05,-0.05,0.019999999999999997
2019-03-11,TRX,,-0.05,0.05,-0.019999999999999997
2019-03-11,VET,,0.0,0.0,0.0
2019-03-11,XLM,,0.0,0.05,0.015
2019-03-11,XRP,,-0.05,0.0,-0.034999999999999996
2019-03-18,ADA,,0.0,0.0,0.0
2019-03-18,BNB,,0.05,-0.05,0.015999999999999997
2019-03-18,BTC,,0.05,-0.05,0.015999999999999997
2019-03-18,ETC,,0.05,0.0,0.027999999999999997
2019-03-18,ETH,,0.0,0.0,0.0
2019-03-18,FET,,-0.05,0.0,-0.027999999999999997
2019-03-18,LINK,,-0.05,0.05,-0.015999999999999997
2019-03-18,LTC,,0.0,-0.05,-0.012
2019-03-18,TRX,,-0.05,0.05,-0.015999999999999997
2019-03-18,VET,,0.0,0.0,0.0
2019-03-18,XLM,,0.0,0.05,0.012
2019-03-18,XRP,,-0.05,0.0,-0.027999999999999997
2019-03-25,ADA,,0.0,0.0,0.0
2019-03-25,BNB,,0.05,-0.05,0.015999999999999997
2019-03-25,BTC,,0.05,-0.05,0.015999999999999997
2019-03-25,ETC,,0.05,0.0,0.027999999999999997
2019-03-25,ETH,,0.0,0.0,0.0
2019-03-25,FET,,-0.05,0.0,-0.027999999999999997
2019-03-25,LINK,,-0.05,0.05,-0.015999999999999997
2019-03-25,LTC,,0.0,-0.05,-0.012
2019-03-25,TRX,,-0.05,0.05,-0.015999999999999997
2019-03-25,VET,,0.0,0.0,0.0
2019-03-25,XLM,,0.05,0.05,0.04
2019-03-25,XRP,,-0.05,0.0,-0.027999999999999997
2019-03-25,ZEC,,-0.05,0.0,-0.027999999999999997
2019-04-01,ADA,,0.0,0.05,0.012
2019-04-01,BNB,,0.05,-0.05,0.015999999999999997
2019-04-01,BTC,,0.05,-0.05,0.015999999999999997
2019-04-01,DASH,,0.0,0.0,0.0
2019-04-01,ETC,,-0.05,0.0,-0.027999999999999997
2019-04-01,ETH,,0.0,0.0,0.0
2019-04-01,FET,,0.0,0.0,0.0
2019-04-01,LINK,,0.0,0.05,0.012
2019-04-01,LTC,,-0.05,0.05,-0.015999999999999997
2019-04-01,TRX,,-0.05,0.05,-0.015999999999999997
2019-04-01,VET,,0.05,-0.05,0.015999999999999997
2019-04-01,XLM,,0.05,0.0,0.027999999999999997
2019-04-01,XRP,,-0.05,-0.05,-0.04
2019-04-01,ZEC,,0.0,0.0,0.0
2019-04-08,ADA,,0.0,0.05,0.015
2019-04-08,BNB,,0.05,-0.05,0.019999999999999997
2019-04-08,BTC,,0.05,-0.05,0.019999999999999997
2019-04-08,DASH,,0.0,0.0,0.0
2019-04-08,ETC,,-0.05,0.0,-0.034999999999999996
2019-04-08,ETH,,0.0,0.0,0.0
2019-04-08,FET,,0.0,0.0,0.0
2019-04-08,LINK,,0.0,0.05,0.015
2019-04-08,LTC,,-0.05,0.05,-0.019999999999999997
2019-04-08,TRX,,-0.05,0.05,-0.019999999999999997
2019-04-08,VET,,0.05,-0.05,0.019999999999999997
2019-04-08,XLM,,0.05,0.0,0.034999999999999996
2019-04-08,XRP,,-0.05,-0.05,-0.049999999999999996
2019-04-08,ZEC,,0.0,0.0,0.0
2019-04-15,ADA,,-0.05,0.05,-0.011999999999999999
2019-04-15,BNB,,0.05,-0.05,0.011999999999999999
2019-04-15,BTC,,0.0,-0.05,-0.009
2019-04-15,DASH,,-0.05,0.0,-0.020999999999999998
2019-04-15,ETC,,-0.05,0.0,-0.020999999999999998
2019-04-15,ETH,,0.05,0.0,0.020999999999999998
2019-04-15,FET,,0.0,0.0,0.0
2019-04-15,LINK,,0.05,0.05,0.029999999999999995
2019-04-15,LTC,,-0.05,0.05,-0.011999999999999999
2019-04-15,TRX,,0.0,0.05,0.009
2019-04-15,VET,,0.0,-0.05,-0.009
2019-04-15,XLM,,0.0,0.0,0.0
2019-04-15,XRP,,0.05,-0.05,0.011999999999999999
2019-04-15,ZEC,,0.0,0.0,0.0
2019-04-22,ADA,,0.0,0.05,0.012
2019-04-22,BNB,,0.05,-0.05,0.015999999999999997
2019-04-22,BTC,,0.05,-0.05,0.015999999999999997
2019-04-22,DASH,,0.0,0.0,0.0
2019-04-22,ETC,,-0.05,0.0,-0.027999999999999997
2019-04-22,ETH,,0.05,0.0,0.027999999999999997
2019-04-22,FET,,-0.05,0.0,-0.027999999999999997
2019-04-22,LINK,,0.05,0.05,0.04
2019-04-22,LTC,,-0.05,0.05,-0.015999999999999997
2019-04-22,TRX,,0.0,0.05,0.012
2019-04-22,VET,,0.0,-0.05,-0.012
2019-04-22,XLM,,0.0,0.0,0.0
2019-04-22,XRP,,-0.05,-0.05,-0.04
2019-04-22,ZEC,,0.0,0.0,0.0
2019-04-29,ADA,,0.05,0.05,0.04
2019-04-29,BNB,,-0.05,-0.05,-0.04
2019-04-29,BTC,,0.05,-0.05,0.015999999999999997
2019-04-29,DASH,,0.0,0.05,0.012
2019-04-29,ETC,,0.0,0.05,0.012
2019-04-29,ETH,,0.0,-0.05,-0.012
2019-04-29,FET,,-0.05,0.05,-0.015999999999999997
2019-04-29,LINK,,-0.05,0.0,-0.027999999999999997
2019-04-29,LTC,,0.0,0.0,0.0
2019-04-29,TRX,,0.05,0.0,0.027999999999999997
2019-04-29,VET,,0.0,0.0,0.0
2019-04-29,XLM,,0.05,0.0,0.027999999999999997
2019-04-29,XRP,,-0.05,-0.05,-0.04
2019-04-29,ZEC,,0.0,0.0,0.0
2019-05-06,ADA,,0.0,0.05,0.009
2019-05-06,ATOM,,0.0,0.0,0.0
2019-05-06,BNB,,-0.05,-0.05,-0.029999999999999995
2019-05-06,BTC,,0.0,-0.05,-0.009
2019-05-06,DASH,,0.0,0.05,0.009
2019-05-06,ETC,,0.05,0.05,0.029999999999999995
2019-05-06,ETH,,0.0,-0.05,-0.009
2019-05-06,FET,,-0.05,0.05,-0.011999999999999999
2019-05-06,LINK,,-0.05,0.0,-0.020999999999999998
2019-05-06,LTC,,-0.05,0.0,-0.020999999999999998
2019-05-06,TRX,,0.05,0.0,0.020999999999999998
2019-05-06,VET,,0.0,0.0,0.0
2019-05-06,XLM,,0.0,0.0,0.0
2019-05-06,XRP,,0.05,-0.05,0.011999999999999999
2019-05-06,ZEC,,0.05,0.0,0.020999999999999998
2019-05-13,ADA,,0.05,0.05,0.04
2019-05-13,ATOM,,0.0,0.0,0.0
2019-05-13,BNB,,0.0,-0.05,-0.012
2019-05-13,BTC,,0.05,-0.05,0.015999999999999997
2019-05-13,DASH,,0.0,0.05,0.012
2019-05-13,ETC,,0.0,0.05,0.012
2019-05-13,ETH,,0.0,-0.05,-0.012
2019-05-13,FET,,-0.05,0.05,-0.015999999999999997
2019-05-13,LINK,,-0.05,0.0,-0.027999999999999997
2019-05-13,LTC,,0.05,0.0,0.027999999999999997
2019-05-13,TRX,,0.05,0.0,0.027999999999999997
2019-05-13,VET,,0.0,0.0,0.0
2019-05-13,XLM,,-0.05,0.0,-0.027999999999999997
2019-05-13,XRP,,-0.05,-0.05,-0.04
2019-05-13,ZEC,,0.0,0.0,0.0
2019-05-20,ADA,,0.05,0.05,0.04
2019-05-20,ATOM,,0.0,0.0,0.0
2019-05-20,BNB,,0.0,-0.05,-0.012
2019-05-20,BTC,,0.05,-0.05,0.015999999999999997
2019-05-20,DASH,,0.0,0.05,0.012
2019-05-20,ETC,,0.0,0.05,0.012
2019-05-20,ETH,,0.0,-0.05,-0.012
2019-05-20,FET,,-0.05,0.05,-0.015999999999999997
2019-05-20,LINK,,-0.05,0.0,-0.027999999999999997
2019-05-20,LTC,,0.05,0.0,0.027999999999999997
2019-05-20,TRX,,0.05,0.0,0.027999999999999997
2019-05-20,VET,,0.0,0.0,0.0
2019-05-20,XLM,,-0.05,0.0,-0.027999999999999997
2019-05-20,XRP,,-0.05,-0.05,-0.04
2019-05-20,ZEC,,0.0,0.0,0.0
2019-05-27,ADA,,0.05,0.0,0.027999999999999997
2019-05-27,ATOM,,-0.05,0.05,-0.015999999999999997
2019-05-27,BNB,,0.0,-0.05,-0.012
2019-05-27,BTC,,0.05,-0.05,0.015999999999999997
2019-05-27,DASH,,0.0,0.0,0.0
2019-05-27,ETC,,0.0,0.05,0.012
2019-05-27,ETH,,0.0,-0.05,-0.012
2019-05-27,FET,,-0.05,0.05,-0.015999999999999997
2019-05-27,LINK,,-0.05,0.0,-0.027999999999999997
2019-05-27,LTC,,0.05,0.0,0.027999999999999997
2019-05-27,TRX,,0.05,0.0,0.027999999999999997
2019-05-27,VET,,0.0,0.0,0.0
2019-05-27,XLM,,-0.05,0.0,-0.027999999999999997
2019-05-27,XRP,,0.0,-0.05,-0.012
2019-05-27,ZEC,,0.0,0.05,0.012
2019-06-03,ADA,,0.05,0.0,0.034999999999999996
2019-06-03,ATOM,,0.0,0.05,0.015
2019-06-03,BNB,,0.0,-0.05,-0.015
2019-06-03,BTC,,0.05,-0.05,0.019999999999999997
2019-06-03,DASH,,0.0,0.0,0.0
2019-06-03,ETC,,0.0,0.05,0.015
2019-06-03,ETH,,0.0,-0.05,-0.015
2019-06-03,FET,,-0.05,0.05,-0.019999999999999997
2019-06-03,LINK,,-0.05,0.0,-0.034999999999999996
2019-06-03,LTC,,0.05,0.0,0.034999999999999996
2019-06-03,TRX,,0.0,0.0,0.0
2019-06-03,VET,,0.05,0.0,0.034999999999999996
2019-06-03,XLM,,-0.05,0.0,-0.034999999999999996
2019-06-03,XRP,,-0.05,-0.05,-0.049999999999999996
2019-06-03,ZEC,,0.0,0.05,0.015
2019-06-10,ADA,,0.0,0.0,0.0
2019-06-10,ATOM,,-0.05,0.05,-0.015999999999999997
2019-06-10,BNB,,0.05,-0.05,0.015999999999999997
2019-06-10,BTC,,0.0,-0.05,-0.012
2019-06-10,DASH,,0.05,0.0,0.027999999999999997
2019-06-10,ETC,,-0.05,0.05,-0.015999999999999997
2019-06-10,ETH,,0.0,-0.05,-0.012
2019-06-10,FET,,0.0,0.05,0.012
2019-06-10,LINK,,-0.05,0.0,-0.027999999999999997
2019-06-10,LTC,,0.05,0.0,0.027999999999999997
2019-06-10,TRX,,-0.05,0.0,-0.027999999999999997
2019-06-10,VET,,0.05,0.0,0.027999999999999997
2019-06-10,XLM,,0.0,0.0,0.0
2019-06-10,XRP,,0.0,-0.05,-0.012
2019-06-10,ZEC,,0.0,0.05,0.012
2019-06-17,ADA,,0.0,0.0,0.0
2019-06-17,ATOM,,-0.05,0.05,-0.015999999999999997
2019-06-17,BNB,,0.05,-0.05,0.015999999999999997
2019-06-17,BTC,,0.0,-0.05,-0.012
2019-06-17,DASH,,0.0,0.0,0.0
2019-06-17,ETC,,-0.05,0.05,-0.015999999999999997
2019-06-17,ETH,,0.0,-0.05,-0.012
2019-06-17,FET,,0.0,0.05,0.012
2019-06-17,LINK,,-0.05,0.0,-0.027999999999999997
2019-06-17,LTC,,0.05,0.0,0.027999999999999997
2019-06-17,TRX,,-0.05,0.0,-0.027999999999999997
2019-06-17,VET,,0.05,0.0,0.027999999999999997
2019-06-17,XLM,,0.05,0.0,0.027999999999999997
2019-06-17,XRP,,0.0,-0.05,-0.012
2019-06-17,ZEC,,0.0,0.05,0.012
2019-06-24,ADA,,0.0,0.0,0.0
2019-06-24,ALGO,,0.0,0.0,0.0
2019-06-24,ATOM,,0.0,0.05,0.012
2019-06-24,BNB,,0.0,0.0,0.0
2019-06-24,BTC,,-0.05,-0.05,-0.04
2019-06-24,DASH,,0.0,0.0,0.0
2019-06-24,ETC,,0.05,0.05,0.04
2019-06-24,ETH,,0.0,0.0,0.0
2019-06-24,FET,,0.05,0.05,0.04
2019-06-24,LINK,,-0.05,-0.05,-0.04
2019-06-24,LTC,,0.0,-0.05,-0.012
2019-06-24,TRX,,-0.05,0.05,-0.015999999999999997
2019-06-24,VET,,0.05,-0.05,0.015999999999999997
2019-06-24,XLM,,0.05,0.0,0.027999999999999997
2019-06-24,XRP,,0.0,0.0,0.0
2019-06-24,ZEC,,-0.05,0.0,-0.027999999999999997
2019-07-01,ADA,,0.05,0.0,0.034999999999999996
2019-07-01,ALGO,,0.0,0.0,0.0
2019-07-01,ATOM,,0.0,0.05,0.015
2019-07-01,BNB,,0.05,0.0,0.034999999999999996
2019-07-01,BTC,,0.05,-0.05,0.019999999999999997
2019-07-01,DASH,,0.0,0.0,0.0
2019-07-01,ETC,,-0.05,0.05,-0.019999999999999997
2019-07-01,ETH,,0.0,0.0,0.0
2019-07-01,FET,,0.0,0.05,0.015
2019-07-01,LINK,,-0.05,-0.05,-0.049999999999999996
2019-07-01,LTC,,-0.05,-0.05,-0.049999999999999996
2019-07-01,TRX,,0.0,0.05,0.015
2019-07-01,VET,,0.05,-0.05,0.019999999999999997
2019-07-01,XLM,,0.0,0.0,0.0
2019-07-01,XRP,,-0.05,0.0,-0.034999999999999996
2019-07-01,ZEC,,0.0,0.0,0.0
2019-07-08,ADA,,0.05,0.0,0.020999999999999998
2019-07-08,ALGO,,0.0,0.0,0.0
2019-07-08,ATOM,,0.0,0.05,0.009
2019-07-08,BNB,,0.0,0.0,0.0
2019-07-08,BTC,,0.05,-0.05,0.011999999999999999
2019-07-08,DASH,,0.0,0.0,0.0
2019-07-08,DOGE,,0.0,0.0,0.0
2019-07-08,ETC,,-0.05,0.05,-0.011999999999999999
2019-07-08,ETH,,-0.05,0.0,-0.020999999999999998
2019-07-08,FET,,0.05,0.05,0.029999999999999995
2019-07-08,LINK,,-0.05,-0.05,-0.029999999999999995
2019-07-08,LTC,,0.05,-0.05,0.011999999999999999
2019-07-08,TRX,,-0.05,0.05,-0.011999999999999999
2019-07-08,VET,,0.0,-0.05,-0.009
2019-07-08,XLM,,0.05,0.0,0.020999999999999998
2019-07-08,XRP,,0.0,0.0,0.0
2019-07-08,ZEC,,-0.05,0.0,-0.020999999999999998
2019-07-15,ADA,,-0.065,0.0,-0.027299999999999998
2019-07-15,ALGO,,-0.065,0.0,-0.027299999999999998
2019-07-15,ATOM,,-0.05,0.05,-0.011999999999999999
2019-07-15,BNB,,-0.065,0.0,-0.027299999999999998
2019-07-15,BTC,,-0.065,-0.05,-0.0363
2019-07-15,DASH,,-0.065,0.0,-0.027299999999999998
2019-07-15,DOGE,,-0.065,0.0,-0.027299999999999998
2019-07-15,ETC,,-0.05,0.05,-0.011999999999999999
2019-07-15,ETH,,-0.065,0.0,-0.027299999999999998
2019-07-15,FET,,-0.065,0.05,-0.0183
2019-07-15,LINK,,-0.05,-0.05,-0.029999999999999995
2019-07-15,LTC,,-0.05,-0.05,-0.029999999999999995
2019-07-15,TRX,,-0.05,0.05,-0.011999999999999999
2019-07-15,VET,,-0.05,-0.05,-0.029999999999999995
2019-07-15,XLM,,-0.065,0.0,-0.027299999999999998
2019-07-15,XRP,,-0.05,0.0,-0.020999999999999998
2019-07-15,ZEC,,-0.065,0.0,-0.027299999999999998
2019-07-22,ADA,,-0.05,0.0,-0.020999999999999998
2019-07-22,ALGO,,-0.065,0.0,-0.027299999999999998
2019-07-22,ATOM,,-0.05,0.05,-0.011999999999999999
2019-07-22,BNB,,-0.065,-0.05,-0.0363
2019-07-22,BTC,,-0.065,-0.05,-0.0363
2019-07-22,DASH,,-0.065,-0.05,-0.0363
2019-07-22,DOGE,,-0.065,0.0,-0.027299999999999998
2019-07-22,ETC,,-0.05,0.05,-0.011999999999999999
2019-07-22,ETH,,-0.05,0.05,-0.011999999999999999
2019-07-22,FET,,-0.065,0.05,-0.0183
2019-07-22,LINK,,-0.065,-0.05,-0.0363
2019-07-22,LTC,,-0.05,0.0,-0.020999999999999998
2019-07-22,TRX,,-0.065,0.05,-0.0183
2019-07-22,VET,,-0.05,0.0,-0.020999999999999998
2019-07-22,XLM,,-0.065,-0.05,-0.0363
2019-07-22,XRP,,-0.05,0.0,-0.020999999999999998
2019-07-22,ZEC,,-0.065,0.0,-0.027299999999999998
2019-07-29,ADA,,0.0,0.0,0.0
2019-07-29,ALGO,,-0.05,0.0,-0.020999999999999998
2019-07-29,ATOM,,-0.05,0.05,-0.011999999999999999
2019-07-29,BNB,,0.05,-0.05,0.011999999999999999
2019-07-29,BTC,,0.0,-0.05,-0.009
2019-07-29,DASH,,0.05,-0.05,0.011999999999999999
2019-07-29,DOGE,,0.05,0.0,0.020999999999999998
2019-07-29,ETC,,-0.05,0.05,-0.011999999999999999
2019-07-29,ETH,,0.0,0.05,0.009
2019-07-29,FET,,0.0,0.05,0.009
2019-07-29,LINK,,0.0,-0.05,-0.009
2019-07-29,LTC,,-0.05,0.0,-0.020999999999999998
2019-07-29,TRX,,-0.05,0.05,-0.011999999999999999
2019-07-29,VET,,0.0,0.0,0.0
2019-07-29,XLM,,0.05,-0.05,0.011999999999999999
2019-07-29,XRP,,0.0,0.0,0.0
2019-07-29,ZEC,,0.05,0.0,0.020999999999999998
2019-08-05,ADA,,-0.06363636363636363,0.0,-0.026727272727272725
2019-08-05,ALGO,,-0.05,0.0,-0.020999999999999998
2019-08-05,ATOM,,-0.05,0.05,-0.011999999999999999
2019-08-05,BNB,,-0.05,-0.05,-0.029999999999999995
2019-08-05,BTC,,-0.05,-0.05,-0.029999999999999995
2019-08-05,DASH,,-0.06363636363636363,-0.05,-0.035727272727272726
2019-08-05,DOGE,,-0.06363636363636363,0.0,-0.026727272727272725
2019-08-05,ETC,,-0.06363636363636363,0.05,-0.017727272727272723
2019-08-05,ETH,,-0.06363636363636363,0.05,-0.017727272727272723
2019-08-05,FET,,-0.06363636363636363,0.05,-0.017727272727272723
2019-08-05,LINK,,-0.05,-0.05,-0.029999999999999995
2019-08-05,LTC,,-0.05,0.0,-0.020999999999999998
2019-08-05,TRX,,-0.06363636363636363,0.05,-0.017727272727272723
2019-08-05,VET,,-0.06363636363636363,0.0,-0.026727272727272725
2019-08-05,XLM,,-0.06363636363636363,-0.05,-0.035727272727272726
2019-08-05,XRP,,-0.06363636363636363,0.0,-0.026727272727272725
2019-08-05,ZEC,,-0.06363636363636363,0.0,-0.026727272727272725
2019-08-12,ADA,,0.05,0.0,0.027999999999999997
2019-08-12,ALGO,,-0.05,0.0,-0.027999999999999997
2019-08-12,ATOM,,-0.05,0.05,-0.015999999999999997
2019-08-12,BNB,,0.0,-0.05,-0.012
2019-08-12,BTC,,0.0,-0.05,-0.012
2019-08-12,DASH,,0.0,-0.05,-0.012
2019-08-12,DOGE,,0.0,0.0,0.0
2019-08-12,ETC,,0.0,0.05,0.012
2019-08-12,ETH,,0.05,0.05,0.04
2019-08-12,FET,,0.0,0.05,0.012
2019-08-12,LINK,,-0.05,-0.05,-0.04
2019-08-12,LTC,,0.0,0.0,0.0
2019-08-12,TRX,,-0.05,0.05,-0.015999999999999997
2019-08-12,VET,,0.05,0.0,0.027999999999999997
2019-08-12,XLM,,0.05,-0.05,0.015999999999999997
2019-08-12,XRP,,-0.05,0.0,-0.027999999999999997
2019-08-12,ZEC,,0.05,0.0,0.027999999999999997
2019-08-19,ADA,,0.05,0.0,0.020999999999999998
2019-08-19,ALGO,,-0.05,0.05,-0.011999999999999999
2019-08-19,ATOM,,0.0,0.05,0.009
2019-08-19,BNB,,-0.05,-0.05,-0.029999999999999995
2019-08-19,BTC,,-0.05,-0.05,-0.029999999999999995
2019-08-19,DASH,,0.0,0.0,0.0
2019-08-19,DOGE,,0.0,-0.05,-0.009
2019-08-19,ETC,,-0.05,0.05,-0.011999999999999999
2019-08-19,ETH,,0.0,0.0,0.0
2019-08-19,FET,,0.05,0.05,0.029999999999999995
2019-08-19,LINK,,-0.05,-0.05,-0.029999999999999995
2019-08-19,LTC,,0.0,0.0,0.0
2019-08-19,TRX,,0.0,0.05,0.009
2019-08-19,VET,,0.0,0.0,0.0
2019-08-19,XLM,,0.05,-0.05,0.011999999999999999
2019-08-19,XRP,,0.05,0.0,0.020999999999999998
2019-08-19,ZEC,,0.05,0.0,0.020999999999999998
2019-08-26,ADA,,0.05,0.0,0.027999999999999997
2019-08-26,ALGO,,-0.05,0.05,-0.015999999999999997
2019-08-26,ATOM,,0.0,0.05,0.012
2019-08-26,BNB,,-0.05,-0.05,-0.04
2019-08-26,BTC,,0.0,-0.05,-0.012
2019-08-26,DASH,,0.0,0.0,0.0
2019-08-26,DOGE,,0.05,-0.05,0.015999999999999997
2019-08-26,ETC,,-0.05,0.05,-0.015999999999999997
2019-08-26,ETH,,0.05,0.0,0.027999999999999997
2019-08-26,FET,,-0.05,0.05,-0.015999999999999997
2019-08-26,LINK,,-0.05,-0.05,-0.04
2019-08-26,LTC,,0.0,0.0,0.0
2019-08-26,TRX,,0.0,0.05,0.012
2019-08-26,VET,,0.0,0.0,0.0
2019-08-26,XLM,,0.0,-0.05,-0.012
2019-08-26,XRP,,0.05,0.0,0.027999999999999997
2019-08-26,ZEC,,0.05,0.0,0.027999999999999997
2019-09-02,ADA,,0.0,0.0,0.0
2019-09-02,ALGO,,0.0,0.05,0.012
2019-09-02,ATOM,,-0.05,0.05,-0.015999999999999997
2019-09-02,BNB,,0.0,-0.05,-0.012
2019-09-02,BTC,,0.0,-0.05,-0.012
2019-09-02,DASH,,-0.05,0.0,-0.027999999999999997
2019-09-02,DOGE,,0.05,-0.05,0.015999999999999997
2019-09-02,ETC,,-0.05,0.05,-0.015999999999999997
2019-09-02,ETH,,0.0,0.0,0.0
2019-09-02,FET,,-0.05,0.05,-0.015999999999999997
2019-09-02,LINK,,-0.05,-0.05,-0.04
2019-09-02,LTC,,0.0,0.0,0.0
2019-09-02,TRX,,0.05,0.05,0.04
2019-09-02,VET,,0.05,0.0,0.027999999999999997
2019-09-02,XLM,,0.05,-0.05,0.015999999999999997
2019-09-02,XRP,,0.05,0.0,0.027999999999999997
2019-09-02,ZEC,,0.0,0.0,0.0
2019-09-09,ADA,,0.0,0.0,0.0
2019-09-09,ALGO,,-0.05,0.05,-0.015999999999999997
2019-09-09,ATOM,,-0.05,0.05,-0.015999999999999997
2019-09-09,BNB,,0.0,-0.05,-0.012
2019-09-09,BTC,,0.05,-0.05,0.015999999999999997
2019-09-09,CHZ,,0.0,0.0,0.0
2019-09-09,DASH,,-0.05,0.0,-0.027999999999999997
2019-09-09,DOGE,,0.05,-0.05,0.015999999999999997
2019-09-09,ETC,,-0.05,0.05,-0.015999999999999997
2019-09-09,ETH,,0.0,0.0,0.0
2019-09-09,FET,,-0.05,0.05,-0.015999999999999997
2019-09-09,LINK,,0.0,-0.05,-0.012
2019-09-09,LTC,,0.0,0.0,0.0
2019-09-09,TRX,,0.0,0.05,0.012
2019-09-09,VET,,0.05,0.0,0.027999999999999997
2019-09-09,XLM,,0.05,-0.05,0.015999999999999997
2019-09-09,XRP,,0.05,0.0,0.027999999999999997
2019-09-09,ZEC,,0.0,0.0,0.0
2019-09-16,ADA,,0.05,-0.05,0.015999999999999997
2019-09-16,ALGO,,0.0,0.05,0.012
2019-09-16,ATOM,,-0.05,0.05,-0.015999999999999997
2019-09-16,BNB,,0.0,0.0,0.0
2019-09-16,BTC,,0.05,-0.05,0.015999999999999997
2019-09-16,CHZ,,0.0,0.0,0.0
2019-09-16,DASH,,-0.05,0.0,-0.027999999999999997
2019-09-16,DOGE,,0.05,0.0,0.027999999999999997
2019-09-16,ETC,,0.0,0.05,0.012
2019-09-16,ETH,,0.0,-0.05,-0.012
2019-09-16,FET,,-0.05,0.05,-0.015999999999999997
2019-09-16,LINK,,-0.05,0.05,-0.015999999999999997
2019-09-16,LTC,,0.05,0.0,0.027999999999999997
2019-09-16,TRX,,0.0,0.0,0.0
2019-09-16,VET,,0.0,-0.05,-0.012
2019-09-16,XLM,,-0.05,0.0,-0.027999999999999997
2019-09-16,XRP,,0.05,-0.05,0.015999999999999997
2019-09-16,ZEC,,0.0,0.0,0.0
2019-09-23,ADA,,0.0,-0.05,-0.012
2019-09-23,ALGO,,0.05,0.05,0.04
2019-09-23,ATOM,,-0.05,0.05,-0.015999999999999997
2019-09-23,BNB,,0.0,0.0,0.0
2019-09-23,BTC,,0.05,-0.05,0.015999999999999997
2019-09-23,CHZ,,0.0,0.0,0.0
2019-09-23,DASH,,-0.05,0.0,-0.027999999999999997
2019-09-23,DOGE,,0.05,0.0,0.027999999999999997
2019-09-23,ETC,,0.0,0.05,0.012
2019-09-23,ETH,,0.0,-0.05,-0.012
2019-09-23,FET,,-0.05,0.05,-0.015999999999999997
2019-09-23,LINK,,0.0,0.05,0.012
2019-09-23,LTC,,-0.05,0.0,-0.027999999999999997
2019-09-23,TRX,,0.0,0.0,0.0
2019-09-23,VET,,0.05,-0.05,0.015999999999999997
2019-09-23,XLM,,-0.05,0.0,-0.027999999999999997
2019-09-23,XRP,,0.05,-0.05,0.015999999999999997
2019-09-23,ZEC,,0.0,0.0,0.0
2019-09-30,ADA,,0.0,-0.05,-0.012
2019-09-30,ALGO,,0.05,0.05,0.04
2019-09-30,ATOM,,-0.05,0.05,-0.015999999999999997
2019-09-30,BNB,,0.0,0.0,0.0
2019-09-30,BTC,,0.05,-0.05,0.015999999999999997
2019-09-30,CHZ,,-0.05,0.0,-0.027999999999999997
2019-09-30,DASH,,0.0,0.0,0.0
2019-09-30,DOGE,,0.05,0.0,0.027999999999999997
2019-09-30,ETC,,0.0,0.05,0.012
2019-09-30,ETH,,0.0,-0.05,-0.012
2019-09-30,FET,,-0.05,0.05,-0.015999999999999997
2019-09-30,HBAR,,0.0,0.0,0.0
2019-09-30,LINK,,-0.05,0.05,-0.015999999999999997
2019-09-30,LTC,,0.0,0.0,0.0
2019-09-30,TRX,,-0.05,0.0,-0.027999999999999997
2019-09-30,VET,,0.0,-0.05,-0.012
2019-09-30,XLM,,0.0,0.0,0.0
2019-09-30,XRP,,0.05,-0.05,0.015999999999999997
2019-09-30,ZEC,,0.05,0.0,0.027999999999999997
2019-10-07,ADA,,0.0,-0.05,-0.015
2019-10-07,ALGO,,-0.05,0.05,-0.019999999999999997
2019-10-07,ATOM,,-0.05,0.05,-0.019999999999999997
2019-10-07,BNB,,-0.05,0.0,-0.034999999999999996
2019-10-07,BTC,,0.05,-0.05,0.019999999999999997
2019-10-07,CHZ,,-0.05,0.0,-0.034999999999999996
2019-10-07,DASH,,0.0,0.0,0.0
2019-10-07,DOGE,,0.05,0.0,0.034999999999999996
2019-10-07,ETC,,0.0,0.05,0.015
2019-10-07,ETH,,0.0,-0.05,-0.015
2019-10-07,FET,,-0.05,0.05,-0.019999999999999997
2019-10-07,HBAR,,0.0,0.0,0.0
2019-10-07,LINK,,0.0,0.05,0.015
2019-10-07,LTC,,0.0,0.0,0.0
2019-10-07,TRX,,0.0,0.0,0.0
2019-10-07,VET,,0.05,-0.05,0.019999999999999997
2019-10-07,XLM,,0.0,0.0,0.0
2019-10-07,XRP,,0.05,-0.05,0.019999999999999997
2019-10-07,ZEC,,0.05,0.0,0.034999999999999996
2019-10-14,ADA,,0.0,0.0,0.0
2019-10-14,ALGO,,-0.05,0.05,-0.019999999999999997
2019-10-14,ATOM,,-0.05,0.05,-0.019999999999999997
2019-10-14,BNB,,0.0,0.0,0.0
2019-10-14,BTC,,0.05,-0.05,0.019999999999999997
2019-10-14,CHZ,,-0.05,0.05,-0.019999999999999997
2019-10-14,DASH,,0.0,0.0,0.0
2019-10-14,DOGE,,0.0,0.0,0.0
2019-10-14,ETC,,0.0,0.0,0.0
2019-10-14,ETH,,0.0,0.0,0.0
2019-10-14,FET,,-0.05,0.05,-0.019999999999999997
2019-10-14,HBAR,,0.0,0.05,0.015
2019-10-14,LINK,,-0.05,0.0,-0.034999999999999996
2019-10-14,LTC,,0.0,-0.05,-0.015
2019-10-14,TRX,,0.0,0.0,0.0
2019-10-14,VET,,0.05,-0.05,0.019999999999999997
2019-10-14,XLM,,0.05,-0.05,0.019999999999999997
2019-10-14,XRP,,0.05,-0.05,0.019999999999999997
2019-10-14,ZEC,,0.05,0.0,0.034999999999999996
2019-10-21,ADA,,0.05,0.0,0.034999999999999996
2019-10-21,ALGO,,-0.05,0.05,-0.019999999999999997
2019-10-21,ATOM,,0.0,0.05,0.015
2019-10-21,BNB,,0.05,0.0,0.034999999999999996
2019-10-21,BTC,,0.05,-0.05,0.019999999999999997
2019-10-21,CHZ,,-0.05,0.05,-0.019999999999999997
2019-10-21,DASH,,0.0,0.0,0.0
2019-10-21,DOGE,,0.0,0.0,0.0
2019-10-21,ETC,,0.0,0.0,0.0
2019-10-21,ETH,,0.0,0.0,0.0
2019-10-21,FET,,-0.05,0.05,-0.019999999999999997
2019-10-21,HBAR,,0.0,0.05,0.015
2019-10-21,LINK,,-0.05,0.0,-0.034999999999999996
2019-10-21,LTC,,0.0,-0.05,-0.015
2019-10-21,TRX,,-0.05,0.0,-0.034999999999999996
2019-10-21,VET,,0.05,-0.05,0.019999999999999997
2019-10-21,XLM,,0.0,-0.05,-0.015
2019-10-21,XRP,,0.05,-0.05,0.019999999999999997
2019-10-21,ZEC,,0.0,0.0,0.0
2019-10-28,ADA,,0.05,0.0,0.027999999999999997
2019-10-28,ALGO,,-0.05,0.05,-0.015999999999999997
2019-10-28,ATOM,,0.05,0.05,0.04
2019-10-28,BNB,,0.05,0.0,0.027999999999999997
2019-10-28,BTC,,0.05,-0.05,0.015999999999999997
2019-10-28,CHZ,,-0.05,0.05,-0.015999999999999997
2019-10-28,DASH,,0.0,0.0,0.0
2019-10-28,DOGE,,0.0,0.0,0.0
2019-10-28,ETC,,0.0,0.0,0.0
2019-10-28,ETH,,0.0,0.0,0.0
2019-10-28,FET,,-0.05,0.05,-0.015999999999999997
2019-10-28,HBAR,,-0.05,0.05,-0.015999999999999997
2019-10-28,LINK,,-0.05,0.0,-0.027999999999999997
2019-10-28,LTC,,0.0,-0.05,-0.012
2019-10-28,STX,,0.0,0.0,0.0
2019-10-28,TRX,,0.0,0.0,0.0
2019-10-28,VET,,0.05,-0.05,0.015999999999999997
2019-10-28,XLM,,0.0,-0.05,-0.012
2019-10-28,XRP,,0.0,-0.05,-0.012
2019-10-28,ZEC,,0.0,0.0,0.0
2019-11-04,ADA,,0.05,0.0,0.033940594059405936
2019-11-04,ALGO,,-0.23749999999999996,0.05,-0.13078076379066475
2019-11-04,ATOM,,0.05,0.05,0.04848656294200848
2019-11-04,BNB,,0.05,0.0,0.033940594059405936
2019-11-04,BTC,,0.05,-0.05,0.01939462517680339
2019-11-04,CHZ,,-0.05,0.05,-0.01939462517680339
2019-11-04,DASH,,0.0,0.0,0.0
2019-11-04,DOGE,,0.0,0.0,0.0
2019-11-04,ETC,,-0.23749999999999996,0.0,-0.14108910891089108
2019-11-04,ETH,,0.0,0.0,0.0
2019-11-04,FET,,-0.23749999999999996,0.05,-0.13078076379066475
2019-11-04,HBAR,,0.0,0.05,0.010308345120226312
2019-11-04,LINK,,-0.23749999999999996,0.0,-0.1453267326732673
2019-11-04,LTC,,0.0,-0.05,-0.014545968882602546
2019-11-04,STX,,0.0,0.0,0.0
2019-11-04,TRX,,0.0,0.0,0.0
2019-11-04,VET,,0.0,-0.05,-0.010308345120226312
2019-11-04,XLM,,0.0,-0.05,-0.014545968882602546
2019-11-04,XRP,,0.05,-0.05,0.015157001414427159
2019-11-04,ZEC,,0.0,0.0,0.0
2019-11-11,ADA,,0.05,0.0,0.028828285568104975
2019-11-11,ALGO,,0.0,0.05,-0.007907646418553599
2019-11-11,ATOM,,0.05,0.05,0.04118326509729282
2019-11-11,BNB,,0.05,0.0,0.028828285568104975
2019-11-11,BTC,,0.05,0.0,0.02680016919134507
2019-11-11,CHZ,,0.0,0.05,0.0076227079834147345
2019-11-11,DASH,,-0.05,0.0,-0.024096014022331864
2019-11-11,DOGE,,0.0,-0.05,-0.010326863152427944
2019-11-11,ETC,,-0.05,0.0,-0.043767796264825104
2019-11-11,ETH,,0.0,0.0,0.0
2019-11-11,FET,,-0.05,0.05,-0.03200366044088547
2019-11-11,HBAR,,0.0,0.0,0.0014372726715116864
2019-11-11,LINK,,-0.05,-0.05,-0.05468550312250127
2019-11-11,LTC,,0.0,0.0,-0.0020281163767599045
2019-11-11,STX,,0.0,0.0,0.0
2019-11-11,TRX,,0.0,0.05,0.010326863152427944
2019-11-11,VET,,0.05,-0.05,0.012331878198392234
2019-11-11,XLM,,0.0,-0.05,-0.012354979529187848
2019-11-11,XRP,,0.0,-0.05,-0.008213551688662956
2019-11-11,ZEC,,-0.05,0.0,-0.024096014022331864
2019-11-18,ADA,,0.05,0.0,0.027999999999999997
2019-11-18,ALGO,,0.0,0.05,0.012
2019-11-18,ATOM,,0.05,0.05,0.04
2019-11-18,BNB,,0.05,0.0,0.027999999999999997
2019-11-18,BTC,,0.05,0.0,0.027999999999999997
2019-11-18,CHZ,,0.0,0.05,0.012
2019-11-18,DASH,,0.0,0.0,0.0
2019-11-18,DOGE,,0.0,-0.05,-0.012
2019-11-18,ETC,,-0.05,0.0,-0.027999999999999997
2019-11-18,ETH,,-0.05,0.0,-0.027999999999999997
2019-11-18,FET,,-0.05,0.05,-0.015999999999999997
2019-11-18,HBAR,,0.0,0.0,0.0
2019-11-18,LINK,,-0.05,-0.05,-0.04
2019-11-18,LTC,,0.0,0.0,0.0
2019-11-18,STX,,0.0,0.0,0.0
2019-11-18,TRX,,0.0,0.05,0.012
2019-11-18,VET,,0.05,-0.05,0.015999999999999997
2019-11-18,XLM,,-0.05,-0.05,-0.04
2019-11-18,XRP,,0.0,-0.05,-0.012
2019-11-18,ZEC,,0.0,0.0,0.0
2019-11-25,ADA,,0.05,0.0,0.027999999999999997
2019-11-25,ALGO,,0.0,0.05,0.012
2019-11-25,ATOM,,0.05,0.05,0.04
2019-11-25,BNB,,0.05,0.0,0.027999999999999997
2019-11-25,BTC,,0.05,0.0,0.027999999999999997
2019-11-25,CHZ,,0.0,0.05,0.012
2019-11-25,DASH,,0.0,0.0,0.0
2019-11-25,DOGE,,0.0,-0.05,-0.012
2019-11-25,ETC,,-0.05,0.0,-0.027999999999999997
2019-11-25,ETH,,-0.05,0.0,-0.027999999999999997
2019-11-25,FET,,-0.05,0.05,-0.015999999999999997
2019-11-25,HBAR,,0.0,0.0,0.0
2019-11-25,LINK,,-0.05,-0.05,-0.04
2019-11-25,LTC,,0.0,0.0,0.0
2019-11-25,STX,,0.0,0.0,0.0
2019-11-25,TRX,,0.0,0.05,0.012
2019-11-25,VET,,0.05,-0.05,0.015999999999999997
2019-11-25,XLM,,-0.05,-0.05,-0.04
2019-11-25,XRP,,0.0,-0.05,-0.012
2019-11-25,ZEC,,0.0,0.0,0.0
2019-12-02,ADA,,0.0,0.0,0.0
2019-12-02,ALGO,,0.0,0.05,0.015
2019-12-02,ATOM,,0.05,0.05,0.049999999999999996
2019-12-02,BCH,,0.0,0.0,0.0
2019-12-02,BNB,,0.05,0.0,0.034999999999999996
2019-12-02,BTC,,0.05,0.0,0.034999999999999996
2019-12-02,CHZ,,0.0,0.05,0.015
2019-12-02,DASH,,0.05,0.0,0.034999999999999996
2019-12-02,DOGE,,0.0,-0.05,-0.015
2019-12-02,ETC,,-0.05,0.0,-0.034999999999999996
2019-12-02,ETH,,-0.05,0.0,-0.034999999999999996
2019-12-02,FET,,-0.05,0.05,-0.019999999999999997
2019-12-02,HBAR,,0.0,0.0,0.0
2019-12-02,LINK,,-0.05,-0.05,-0.049999999999999996
2019-12-02,LTC,,0.0,0.0,0.0
2019-12-02,STX,,0.0,0.0,0.0
2019-12-02,TRX,,0.0,0.05,0.015
2019-12-02,VET,,0.05,-0.05,0.019999999999999997
2019-12-02,XLM,,-0.05,-0.05,-0.049999999999999996
2019-12-02,XRP,,-0.05,-0.05,-0.049999999999999996
2019-12-02,ZEC,,0.05,0.0,0.034999999999999996
2019-12-09,ADA,,0.0,0.0,0.0
2019-12-09,ALGO,,0.0,0.05,0.012
2019-12-09,ATOM,,0.05,0.0,0.027999999999999997
2019-12-09,BCH,,0.0,0.0,0.0
2019-12-09,BNB,,0.05,0.0,0.027999999999999997
2019-12-09,BTC,,0.05,-0.05,0.015999999999999997
2019-12-09,CHZ,,0.0,0.05,0.012
2019-12-09,DASH,,0.05,0.0,0.027999999999999997
2019-12-09,DOGE,,0.0,-0.05,-0.012
2019-12-09,ETC,,-0.05,-0.05,-0.04
2019-12-09,ETH,,-0.05,0.0,-0.027999999999999997
2019-12-09,FET,,-0.05,0.05,-0.015999999999999997
2019-12-09,HBAR,,0.0,0.0,0.0
2019-12-09,LINK,,-0.05,-0.05,-0.04
2019-12-09,LTC,,0.0,0.0,0.0
2019-12-09,STX,,0.0,0.05,0.012
2019-12-09,TRX,,0.0,0.05,0.012
2019-12-09,VET,,0.05,0.05,0.04
2019-12-09,XLM,,-0.05,-0.05,-0.04
2019-12-09,XRP,,-0.05,-0.05,-0.04
2019-12-09,ZEC,,0.05,0.0,0.027999999999999997
2019-12-16,ADA,,0.05,0.0,0.02727272727272727
2019-12-16,ALGO,,0.0,0.05,0.012
2019-12-16,ATOM,,0.05,0.0,0.027999999999999997
2019-12-16,BCH,,0.0,0.0,0.0
2019-12-16,BNB,,0.05,0.0,0.027999999999999997
2019-12-16,BTC,,0.05,-0.05,0.015999999999999997
2019-12-16,CHZ,,0.0,0.05,0.012
2019-12-16,DASH,,0.0,0.0,0.0007272727272727257
2019-12-16,DOGE,,0.0,-0.05,-0.012
2019-12-16,ETC,,-0.19,-0.05,-0.11636363636363634
2019-12-16,ETH,,0.05,0.0,0.026545454545454546
2019-12-16,FET,,-0.05,0.05,-0.015999999999999997
2019-12-16,HBAR,,0.0,0.0,0.0
2019-12-16,LINK,,-0.19,-0.05,-0.11636363636363634
2019-12-16,LTC,,-0.19,0.0,-0.10363636363636364
2019-12-16,STX,,0.0,0.05,0.012
2019-12-16,TRX,,0.05,0.05,0.03927272727272728
2019-12-16,VET,,0.0,0.05,0.012727272727272726
2019-12-16,XLM,,-0.19,-0.05,-0.11636363636363634
2019-12-16,XRP,,-0.19,-0.05,-0.11636363636363634
2019-12-16,ZEC,,0.0,0.0,0.0007272727272727257
2019-12-23,ADA,,0.05,0.0,0.027878176314099622
2019-12-23,ALGO,,0.0,0.05,0.012
2019-12-23,ATOM,,0.0,0.0,0.004690211907164479
2019-12-23,BCH,,0.0,0.0,0.0
2019-12-23,BNB,,0.05,0.0,0.027999999999999997
2019-12-23,BTC,,0.05,-0.05,0.015999999999999997
2019-12-23,CHZ,,0.05,0.05,0.035309788092835526
2019-12-23,DASH,,0.0,0.0,0.00012182368590037585
2019-12-23,DOGE,,0.05,-0.05,0.011309788092835518
2019-12-23,ETC,,-0.05,-0.05,-0.05279148701953949
2019-12-23,ETH,,0.05,0.0,0.027756352628199244
2019-12-23,FET,,-0.05,0.05,-0.015999999999999997
2019-12-23,HBAR,,-0.05,0.0,-0.02330978809283552
2019-12-23,LINK,,0.0,-0.05,-0.029481698926703964
2019-12-23,LTC,,0.0,0.0,-0.017359875240803596
2019-12-23,STX,,-0.05,0.05,-0.011309788092835518
2019-12-23,TRX,,0.0,0.05,0.016568388221264104
2019-12-23,VET,,-0.05,0.05,-0.01118796440693514
2019-12-23,XLM,,0.0,-0.05,-0.029481698926703964
2019-12-23,XRP,,0.0,-0.05,-0.029481698926703964
2019-12-23,ZEC,,-0.05,0.0,-0.02318796440693514
2019-12-30,ADA,,0.05,0.0,0.027999999999999997
2019-12-30,ALGO,,0.05,0.05,0.04
2019-12-30,ATOM,,0.0,0.0,0.0
2019-12-30,BCH,,0.0,0.0,0.0
2019-12-30,BNB,,0.05,0.0,0.027999999999999997
2019-12-30,BTC,,0.05,-0.05,0.015999999999999997
2019-12-30,CHZ,,-0.05,0.05,-0.015999999999999997
2019-12-30,DASH,,-0.05,0.0,-0.027999999999999997
2019-12-30,DOGE,,0.05,-0.05,0.015999999999999997
2019-12-30,ETC,,0.0,-0.05,-0.012
2019-12-30,ETH,,0.05,0.0,0.027999999999999997
2019-12-30,FET,,-0.05,0.05,-0.015999999999999997
2019-12-30,HBAR,,0.0,0.0,0.0
2019-12-30,LINK,,0.0,-0.05,-0.012
2019-12-30,LTC,,0.0,0.0,0.0
2019-12-30,STX,,-0.05,0.05,-0.015999999999999997
2019-12-30,TRX,,0.0,0.05,0.012
2019-12-30,VET,,-0.05,0.05,-0.015999999999999997
2019-12-30,XLM,,0.0,-0.05,-0.012
2019-12-30,XRP,,0.0,-0.05,-0.012
2019-12-30,ZEC,,-0.05,0.0,-0.027999999999999997
2020-01-06,ADA,,0.0,0.0,0.0
2020-01-06,ALGO,,0.05,0.0,0.020999999999999998
2020-01-06,ATOM,,0.05,-0.05,0.011999999999999999
2020-01-06,BCH,,-0.05,-0.05,-0.029999999999999995
2020-01-06,BNB,,0.05,0.0,0.020999999999999998
2020-01-06,BTC,,0.0,-0.05,-0.009
2020-01-06,CHZ,,0.0,0.0,0.0
2020-01-06,DASH,,-0.05,0.0,-0.020999999999999998
2020-01-06,DOGE,,0.05,-0.05,0.011999999999999999
2020-01-06,ETC,,0.05,-0.05,0.011999999999999999
2020-01-06,ETH,,0.0,0.0,0.0
2020-01-06,FET,,0.0,0.05,0.009
2020-01-06,HBAR,,-0.05,0.05,-0.011999999999999999
2020-01-06,LINK,,-0.05,0.0,-0.020999999999999998
2020-01-06,LTC,,0.0,0.05,0.009
2020-01-06,STX,,-0.05,0.05,-0.011999999999999999
2020-01-06,TRX,,0.0,0.05,0.009
2020-01-06,VET,,0.05,0.05,0.029999999999999995
2020-01-06,XLM,,0.0,0.0,0.0
2020-01-06,XRP,,0.0,-0.05,-0.009
2020-01-06,ZEC,,-0.05,0.0,-0.020999999999999998
2020-01-13,ADA,,0.05,0.0,0.027999999999999997
2020-01-13,ALGO,,0.05,0.0,0.027999999999999997
2020-01-13,ATOM,,0.05,-0.05,0.015999999999999997
2020-01-13,BCH,,0.0,-0.05,-0.012
2020-01-13,BNB,,0.0,0.0,0.0
2020-01-13,BTC,,0.05,-0.05,0.015999999999999997
2020-01-13,CHZ,,0.0,0.0,0.0
2020-01-13,DASH,,-0.05,0.0,-0.027999999999999997
2020-01-13,DOGE,,0.05,-0.05,0.015999999999999997
2020-01-13,ETC,,-0.05,-0.05,-0.04
2020-01-13,ETH,,0.0,0.0,0.0
2020-01-13,FET,,0.0,0.05,0.012
2020-01-13,HBAR,,0.0,0.05,0.012
2020-01-13,LINK,,-0.05,0.0,-0.027999999999999997
2020-01-13,LTC,,0.0,0.05,0.012
2020-01-13,STX,,-0.05,0.05,-0.015999999999999997
2020-01-13,TRX,,0.0,0.05,0.012
2020-01-13,VET,,0.05,0.05,0.04
2020-01-13,XLM,,-0.05,0.0,-0.027999999999999997
2020-01-13,XRP,,0.0,-0.05,-0.012
2020-01-13,ZEC,,-0.05,0.0,-0.027999999999999997
2020-01-20,ADA,,0.05,0.0,0.034999999999999996
2020-01-20,ALGO,,0.05,0.0,0.034999999999999996
2020-01-20,ATOM,,0.05,-0.05,0.019999999999999997
2020-01-20,BCH,,-0.05,-0.05,-0.049999999999999996
2020-01-20,BNB,,0.0,0.0,0.0
2020-01-20,BTC,,0.05,-0.05,0.019999999999999997
2020-01-20,CHZ,,0.0,0.0,0.0
2020-01-20,DASH,,-0.05,0.0,-0.034999999999999996
2020-01-20,DOGE,,0.05,-0.05,0.019999999999999997
2020-01-20,ETC,,-0.05,-0.05,-0.049999999999999996
2020-01-20,ETH,,0.0,0.0,0.0
2020-01-20,FET,,0.0,0.05,0.015
2020-01-20,HBAR,,0.0,0.05,0.015
2020-01-20,LINK,,-0.05,0.0,-0.034999999999999996
2020-01-20,LTC,,0.0,0.05,0.015
2020-01-20,STX,,0.0,0.05,0.015
2020-01-20,TRX,,0.0,0.05,0.015
2020-01-20,VET,,0.05,0.05,0.049999999999999996
2020-01-20,XLM,,-0.05,0.0,-0.034999999999999996
2020-01-20,XRP,,0.0,-0.05,-0.015
2020-01-20,ZEC,,-0.05,0.0,-0.034999999999999996
2020-01-27,ADA,,0.0,0.0,0.0
2020-01-27,ALGO,,0.05,0.0,0.027999999999999997
2020-01-27,ATOM,,0.05,-0.05,0.015999999999999997
2020-01-27,BCH,,-0.05,-0.05,-0.04
2020-01-27,BNB,,0.0,0.0,0.0
2020-01-27,BTC,,0.05,-0.05,0.015999999999999997
2020-01-27,CHZ,,0.0,0.0,0.0
2020-01-27,DASH,,-0.05,0.0,-0.027999999999999997
2020-01-27,DOGE,,0.0,-0.05,-0.012
2020-01-27,ETC,,-0.05,-0.05,-0.04
2020-01-27,ETH,,0.0,0.0,0.0
2020-01-27,FET,,0.05,0.05,0.04
2020-01-27,HBAR,,0.0,0.05,0.012
2020-01-27,LINK,,-0.05,0.0,-0.027999999999999997
2020-01-27,LTC,,-0.05,0.05,-0.015999999999999997
2020-01-27,STX,,0.0,0.05,0.012
2020-01-27,TRX,,0.05,0.05,0.04
2020-01-27,VET,,0.05,0.05,0.04
2020-01-27,XLM,,0.0,0.0,0.0
2020-01-27,XRP,,0.0,-0.05,-0.012
2020-01-27,ZEC,,-0.05,0.0,-0.027999999999999997
2020-02-03,ADA,,0.05,0.0,0.027999999999999997
2020-02-03,ALGO,,0.0,0.05,0.012
2020-02-03,ATOM,,0.05,0.0,0.027999999999999997
2020-02-03,BCH,,0.0,0.0,0.0
2020-02-03,BNB,,0.0,0.0,0.0
2020-02-03,BTC,,0.05,-0.05,0.015999999999999997
2020-02-03,CHZ,,-0.05,0.05,-0.015999999999999997
2020-02-03,DASH,,-0.05,0.05,-0.015999999999999997
2020-02-03,DOGE,,0.0,0.0,0.0
2020-02-03,ETC,,-0.05,-0.05,-0.04
2020-02-03,ETH,,0.0,-0.05,-0.012
2020-02-03,FET,,0.0,0.05,0.012
2020-02-03,HBAR,,-0.05,0.05,-0.015999999999999997
2020-02-03,LINK,,0.0,0.0,0.0
2020-02-03,LTC,,0.0,-0.05,-0.012
2020-02-03,STX,,-0.05,0.05,-0.015999999999999997
2020-02-03,TRX,,0.05,0.0,0.027999999999999997
2020-02-03,VET,,0.05,-0.05,0.015999999999999997
2020-02-03,XLM,,0.0,0.0,0.0
2020-02-03,XRP,,0.05,-0.05,0.015999999999999997
2020-02-03,ZEC,,-0.05,0.0,-0.027999999999999997
2020-02-10,ADA,,0.0,0.0,0.0
2020-02-10,ALGO,,-0.05,0.05,-0.019999999999999997
2020-02-10,ATOM,,0.05,0.0,0.034999999999999996
2020-02-10,BCH,,0.0,0.0,0.0
2020-02-10,BNB,,0.0,0.0,0.0
2020-02-10,BTC,,0.05,-0.05,0.019999999999999997
2020-02-10,CHZ,,-0.05,0.05,-0.019999999999999997
2020-02-10,DASH,,0.0,0.05,0.015
2020-02-10,DOGE,,-0.05,0.0,-0.034999999999999996
2020-02-10,ETC,,-0.05,-0.05,-0.049999999999999996
2020-02-10,ETH,,0.0,-0.05,-0.015
2020-02-10,FET,,0.0,0.05,0.015
2020-02-10,HBAR,,-0.05,0.05,-0.019999999999999997
2020-02-10,LINK,,0.0,0.0,0.0
2020-02-10,LTC,,0.0,-0.05,-0.015
2020-02-10,STX,,-0.05,0.05,-0.019999999999999997
2020-02-10,TRX,,0.05,0.0,0.034999999999999996
2020-02-10,VET,,0.05,-0.05,0.019999999999999997
2020-02-10,XLM,,0.05,0.0,0.034999999999999996
2020-02-10,XRP,,0.05,-0.05,0.019999999999999997
2020-02-10,ZEC,,0.0,0.0,0.0
2020-02-17,ADA,,0.05,0.0,0.024999999999999998
2020-02-17,ALGO,,0.0,0.05,0.005000000000000001
2020-02-17,ATOM,,0.05,0.0,0.034999999999999996
2020-02-17,BCH,,0.0,0.0,0.0
2020-02-17,BNB,,0.0,0.0,0.0
2020-02-17,BTC,,0.05,-0.05,0.019999999999999997
2020-02-17,CHZ,,0.0,0.05,0.005000000000000001
2020-02-17,DASH,,-0.19,0.05,-0.07999999999999999
2020-02-17,DOGE,,-0.19,0.0,-0.10499999999999998
2020-02-17,ETC,,-0.19,-0.05,-0.11999999999999997
2020-02-17,ETH,,0.05,-0.05,0.009999999999999998
2020-02-17,FET,,-0.19,0.05,-0.07999999999999999
2020-02-17,HBAR,,-0.05,0.05,-0.019999999999999997
2020-02-17,LINK,,-0.19,0.0,-0.09499999999999999
2020-02-17,LTC,,0.0,-0.05,-0.015
2020-02-17,STX,,0.0,0.05,0.005000000000000001
2020-02-17,TRX,,0.05,0.0,0.034999999999999996
2020-02-17,VET,,0.05,-0.05,0.019999999999999997
2020-02-17,XLM,,0.0,0.0,0.009999999999999998
2020-02-17,XRP,,0.0,-0.05,-0.005000000000000001
2020-02-17,ZEC,,0.0,0.0,0.0
2020-02-24,ADA,,0.05,0.0,0.034999999999999996
2020-02-24,ALGO,,0.0,0.05,0.015
2020-02-24,ATOM,,0.05,0.0,0.034999999999999996
2020-02-24,BCH,,0.0,0.0,0.0
2020-02-24,BNB,,0.0,0.0,0.0
2020-02-24,BTC,,0.05,-0.05,0.019999999999999997
2020-02-24,CHZ,,0.0,0.05,0.015
2020-02-24,DASH,,-0.19,0.05,-0.11799999999999998
2020-02-24,DOGE,,-0.19,0.0,-0.13299999999999998
2020-02-24,ETC,,0.0,-0.05,-0.015
2020-02-24,ETH,,0.05,-0.05,0.019999999999999997
2020-02-24,FET,,-0.19,0.05,-0.11799999999999998
2020-02-24,HBAR,,-0.05,0.05,-0.019999999999999997
2020-02-24,LINK,,-0.19,0.0,-0.13299999999999998
2020-02-24,LTC,,0.0,-0.05,-0.015
2020-02-24,STX,,-0.19,0.05,-0.11799999999999998
2020-02-24,TRX,,0.05,0.0,0.034999999999999996
2020-02-24,VET,,0.05,-0.05,0.019999999999999997
2020-02-24,XLM,,0.0,0.0,0.0
2020-02-24,XRP,,0.0,-0.05,-0.015
2020-02-24,ZEC,,0.0,0.0,0.0
2020-03-02,ADA,,0.05,0.0,0.030503211991434687
2020-03-02,ALGO,,0.0,0.19,0.034657387580299785
2020-03-02,ATOM,,0.05,0.19,0.05979657387580299
2020-03-02,BCH,,0.0,0.19,0.029293361884368308
2020-03-02,BNB,,0.0,-0.05,-0.007708779443254818
2020-03-02,BTC,,0.05,-0.05,0.017430406852248392
2020-03-02,CHZ,,-0.05,0.0,-0.012623126338329762
2020-03-02,DASH,,-0.05,0.0,-0.06018415417558886
2020-03-02,DOGE,,0.0,-0.05,-0.05526980728051391
2020-03-02,ETC,,-0.05,0.0,-0.02335117773019272
2020-03-02,ETH,,0.05,-0.05,0.017430406852248392
2020-03-02,FET,,-0.05,0.19,-0.030890792291220562
2020-03-02,HBAR,,0.0,0.05,0.0005567451820128501
2020-03-02,LINK,,-0.05,-0.05,-0.07325695931477516
2020-03-02,LTC,,0.0,0.0,-0.005364025695931477
2020-03-02,STX,,0.0,0.19,-0.012903640256959323
2020-03-02,TRX,,0.05,0.0,0.030503211991434687
2020-03-02,VET,,0.0,0.0,0.007152034261241969
2020-03-02,XLM,,-0.05,0.0,-0.01798715203426124
2020-03-02,XRP,,0.05,-0.05,0.004914346895074945
2020-03-02,ZEC,,0.0,0.0,0.0
2020-03-09,ADA,,0.05,0.0,0.027999999999999997
2020-03-09,ALGO,,0.0,0.19,0.0456
2020-03-09,ATOM,,0.0,0.19,0.0456
2020-03-09,BCH,,0.0,0.19,0.0456
2020-03-09,BNB,,0.05,-0.05,0.015999999999999997
2020-03-09,BTC,,0.05,-0.05,0.015999999999999997
2020-03-09,CHZ,,-0.05,0.0,-0.027999999999999997
2020-03-09,DASH,,-0.05,0.0,-0.027999999999999997
2020-03-09,DOGE,,0.0,-0.05,-0.012
2020-03-09,ETC,,-0.05,0.0,-0.027999999999999997
2020-03-09,ETH,,0.05,-0.05,0.015999999999999997
2020-03-09,FET,,-0.05,0.19,0.0176
2020-03-09,HBAR,,0.0,0.05,0.012
2020-03-09,LINK,,-0.05,-0.05,-0.04
2020-03-09,LTC,,0.0,0.0,0.0
2020-03-09,STX,,0.0,0.19,0.0456
2020-03-09,TRX,,0.05,0.0,0.027999999999999997
2020-03-09,VET,,0.05,0.0,0.027999999999999997
2020-03-09,XLM,,-0.05,0.0,-0.027999999999999997
2020-03-09,XRP,,0.0,-0.05,-0.012
2020-03-09,ZEC,,0.0,0.0,0.0
2020-03-16,ADA,,0.05,0.0,0.027999999999999997
2020-03-16,ALGO,,0.0,0.19,0.0456
2020-03-16,ATOM,,0.05,0.19,0.0736
2020-03-16,BCH,,0.0,0.19,0.0456
2020-03-16,BNB,,0.0,-0.05,-0.012
2020-03-16,BTC,,0.05,-0.05,0.015999999999999997
2020-03-16,CHZ,,-0.05,0.0,-0.027999999999999997
2020-03-16,DASH,,-0.05,0.0,-0.027999999999999997
2020-03-16,DOGE,,0.0,-0.05,-0.012
2020-03-16,ETC,,0.0,0.0,0.0
2020-03-16,ETH,,0.05,-0.05,0.015999999999999997
2020-03-16,FET,,-0.05,0.19,0.0176
2020-03-16,HBAR,,-0.05,0.05,-0.015999999999999997
2020-03-16,LINK,,-0.05,-0.05,-0.04
2020-03-16,LTC,,0.0,0.0,0.0
2020-03-16,STX,,-0.05,0.19,0.0176
2020-03-16,TRX,,0.05,0.0,0.027999999999999997
2020-03-16,VET,,0.0,0.0,0.0
2020-03-16,XLM,,0.0,0.0,0.0
2020-03-16,XRP,,0.05,-0.05,0.015999999999999997
2020-03-16,ZEC,,0.0,0.0,0.0
2020-03-23,ADA,,0.05,0.0,0.027999999999999997
2020-03-23,ALGO,,0.0,0.19,0.0456
2020-03-23,ATOM,,0.05,0.19,0.0736
2020-03-23,BCH,,0.0,0.19,0.0456
2020-03-23,BNB,,0.0,-0.05,-0.012
2020-03-23,BTC,,0.0,-0.05,-0.012
2020-03-23,CHZ,,-0.05,0.0,-0.027999999999999997
2020-03-23,DASH,,-0.05,0.0,-0.027999999999999997
2020-03-23,DOGE,,0.05,-0.05,0.015999999999999997
2020-03-23,ETC,,0.0,0.0,0.0
2020-03-23,ETH,,0.05,-0.05,0.015999999999999997
2020-03-23,FET,,-0.05,0.19,0.0176
2020-03-23,HBAR,,-0.05,0.05,-0.015999999999999997
2020-03-23,LINK,,0.0,-0.05,-0.012
2020-03-23,LTC,,0.0,0.0,0.0
2020-03-23,STX,,-0.05,0.19,0.0176
2020-03-23,TRX,,0.05,0.0,0.027999999999999997
2020-03-23,VET,,0.0,0.0,0.0
2020-03-23,XLM,,0.05,0.0,0.027999999999999997
2020-03-23,XRP,,0.0,-0.05,-0.012
2020-03-23,ZEC,,-0.05,0.0,-0.027999999999999997
2020-03-30,ADA,,0.0,0.0,0.0
2020-03-30,ALGO,,-0.05,0.05,-0.011999999999999999
2020-03-30,ATOM,,0.05,0.0,0.020999999999999998
2020-03-30,BCH,,0.0,0.0,0.0
2020-03-30,BNB,,-0.05,0.0,-0.020999999999999998
2020-03-30,BTC,,0.0,0.0,0.0
2020-03-30,CHZ,,0.0,0.05,0.009
2020-03-30,DASH,,-0.05,0.0,-0.020999999999999998
2020-03-30,DOGE,,0.05,-0.05,0.011999999999999999
2020-03-30,ETC,,0.05,-0.05,0.011999999999999999
2020-03-30,ETH,,0.0,0.0,0.0
2020-03-30,FET,,-0.05,0.05,-0.011999999999999999
2020-03-30,HBAR,,0.05,-0.05,0.011999999999999999
2020-03-30,LINK,,0.0,0.05,0.009
2020-03-30,LTC,,0.05,-0.05,0.011999999999999999
2020-03-30,STX,,-0.05,0.05,-0.011999999999999999
2020-03-30,TRX,,0.0,0.0,0.0
2020-03-30,VET,,-0.05,0.05,-0.011999999999999999
2020-03-30,XLM,,0.0,-0.05,-0.009
2020-03-30,XRP,,0.05,-0.05,0.011999999999999999
2020-03-30,ZEC,,0.0,0.0,0.0
2020-04-06,ADA,,0.0,0.0,0.0
2020-04-06,ALGO,,-0.05,0.05,-0.011999999999999999
2020-04-06,ATOM,,0.05,0.0,0.020999999999999998
2020-04-06,BCH,,0.0,0.0,0.0
2020-04-06,BNB,,-0.05,0.0,-0.020999999999999998
2020-04-06,BTC,,0.0,0.0,0.0
2020-04-06,CHZ,,0.0,0.05,0.009
2020-04-06,DASH,,-0.05,0.0,-0.020999999999999998
2020-04-06,DOGE,,0.05,-0.05,0.011999999999999999
2020-04-06,ETC,,0.05,-0.05,0.011999999999999999
2020-04-06,ETH,,0.0,0.0,0.0
2020-04-06,FET,,0.0,0.05,0.009
2020-04-06,HBAR,,0.05,-0.05,0.011999999999999999
2020-04-06,LINK,,-0.05,0.05,-0.011999999999999999
2020-04-06,LTC,,0.05,-0.05,0.011999999999999999
2020-04-06,STX,,-0.05,0.05,-0.011999999999999999
2020-04-06,TRX,,0.0,0.0,0.0
2020-04-06,VET,,-0.05,0.05,-0.011999999999999999
2020-04-06,XLM,,0.0,-0.05,-0.009
2020-04-06,XRP,,0.05,-0.05,0.011999999999999999
2020-04-06,ZEC,,0.0,0.0,0.0
2020-04-13,ADA,,0.05,0.0,0.027999999999999997
2020-04-13,ALGO,,0.0,0.05,0.012
2020-04-13,ATOM,,0.05,0.0,0.027999999999999997
2020-04-13,BCH,,0.0,0.0,0.0
2020-04-13,BNB,,0.0,0.0,0.0
2020-04-13,BTC,,0.05,0.0,0.027999999999999997
2020-04-13,CHZ,,-0.05,0.05,-0.015999999999999997
2020-04-13,DASH,,0.0,0.0,0.0
2020-04-13,DOGE,,0.0,-0.05,-0.012
2020-04-13,ETC,,0.0,-0.05,-0.012
2020-04-13,ETH,,0.05,0.0,0.027999999999999997
2020-04-13,FET,,-0.05,0.05,-0.015999999999999997
2020-04-13,HBAR,,-0.05,-0.05,-0.04
2020-04-13,LINK,,-0.05,0.05,-0.015999999999999997
2020-04-13,LTC,,0.05,-0.05,0.015999999999999997
2020-04-13,STX,,0.0,0.05,0.012
2020-04-13,TRX,,0.0,0.0,0.0
2020-04-13,VET,,0.0,0.05,0.012
2020-04-13,XLM,,-0.05,-0.05,-0.04
2020-04-13,XRP,,0.05,-0.05,0.015999999999999997
2020-04-13,ZEC,,-0.05,0.0,-0.027999999999999997
2020-04-20,ADA,,0.0,0.0,0.0
2020-04-20,ALGO,,0.0,0.05,0.012
2020-04-20,ATOM,,0.0,0.0,0.0
2020-04-20,BCH,,0.0,0.0,0.0
2020-04-20,BNB,,0.0,0.0,0.0
2020-04-20,BTC,,0.05,0.0,0.027999999999999997
2020-04-20,CHZ,,0.0,0.05,0.012
2020-04-20,DASH,,0.0,0.0,0.0
2020-04-20,DOGE,,0.0,-0.05,-0.012
2020-04-20,ETC,,0.0,-0.05,-0.012
2020-04-20,ETH,,0.05,0.0,0.027999999999999997
2020-04-20,FET,,-0.05,0.05,-0.015999999999999997
2020-04-20,HBAR,,-0.05,-0.05,-0.04
2020-04-20,LINK,,-0.05,0.05,-0.015999999999999997
2020-04-20,LTC,,0.05,-0.05,0.015999999999999997
2020-04-20,STX,,-0.05,0.05,-0.015999999999999997
2020-04-20,TRX,,0.05,0.0,0.027999999999999997
2020-04-20,VET,,0.05,0.05,0.04
2020-04-20,XLM,,-0.05,-0.05,-0.04
2020-04-20,XRP,,0.05,-0.05,0.015999999999999997
2020-04-20,ZEC,,-0.05,0.0,-0.027999999999999997
2020-04-27,ADA,,-0.05,0.0,-0.027999999999999997
2020-04-27,ALGO,,0.0,0.05,0.012
2020-04-27,ATOM,,0.0,0.0,0.0
2020-04-27,BCH,,0.05,0.0,0.027999999999999997
2020-04-27,BNB,,0.05,0.0,0.027999999999999997
2020-04-27,BTC,,0.0,-0.05,-0.012
2020-04-27,CHZ,,0.0,0.05,0.012
2020-04-27,DASH,,0.0,0.0,0.0
2020-04-27,DOGE,,0.0,-0.05,-0.012
2020-04-27,ETC,,0.0,-0.05,-0.012
2020-04-27,ETH,,0.05,0.0,0.027999999999999997
2020-04-27,FET,,0.0,0.05,0.012
2020-04-27,HBAR,,-0.05,0.0,-0.027999999999999997
2020-04-27,LINK,,-0.05,0.05,-0.015999999999999997
2020-04-27,LTC,,0.05,-0.05,0.015999999999999997
2020-04-27,STX,,-0.05,0.05,-0.015999999999999997
2020-04-27,TRX,,0.05,0.0,0.027999999999999997
2020-04-27,VET,,0.0,0.05,0.012
2020-04-27,XLM,,-0.05,-0.05,-0.04
2020-04-27,XRP,,0.05,-0.05,0.015999999999999997
2020-04-27,ZEC,,-0.05,0.0,-0.027999999999999997
2020-05-04,ADA,,-0.05,0.0,-0.027999999999999997
2020-05-04,ALGO,,0.0,0.05,0.012
2020-05-04,ATOM,,0.0,0.0,0.0
2020-05-04,BCH,,0.05,0.0,0.027999999999999997
2020-05-04,BNB,,0.0,0.0,0.0
2020-05-04,BTC,,0.05,-0.05,0.015999999999999997
2020-05-04,CHZ,,0.0,0.05,0.012
2020-05-04,DASH,,0.0,0.0,0.0
2020-05-04,DOGE,,0.0,-0.05,-0.012
2020-05-04,ETC,,0.0,-0.05,-0.012
2020-05-04,ETH,,0.0,0.0,0.0
2020-05-04,FET,,-0.05,0.05,-0.015999999999999997
2020-05-04,HBAR,,-0.05,0.0,-0.027999999999999997
2020-05-04,LINK,,0.05,0.05,0.04
2020-05-04,LTC,,0.05,-0.05,0.015999999999999997
2020-05-04,STX,,-0.05,0.05,-0.015999999999999997
2020-05-04,TRX,,0.05,0.0,0.027999999999999997
2020-05-04,VET,,0.0,0.05,0.012
2020-05-04,XLM,,-0.05,-0.05,-0.04
2020-05-04,XRP,,0.05,-0.05,0.015999999999999997
2020-05-04,ZEC,,-0.05,0.0,-0.027999999999999997
2020-05-11,ADA,,-0.05,0.0,-0.020999999999999998
2020-05-11,ALGO,,-0.05,0.05,-0.011999999999999999
2020-05-11,ATOM,,0.0,0.0,0.0
2020-05-11,BCH,,0.05,0.0,0.020999999999999998
2020-05-11,BNB,,0.05,0.0,0.020999999999999998
2020-05-11,BTC,,0.0,-0.05,-0.009
2020-05-11,CHZ,,0.0,0.05,0.009
2020-05-11,DASH,,0.05,0.0,0.020999999999999998
2020-05-11,DOGE,,-0.05,-0.05,-0.029999999999999995
2020-05-11,ETC,,0.0,-0.05,-0.009
2020-05-11,ETH,,0.05,0.0,0.020999999999999998
2020-05-11,FET,,-0.05,0.05,-0.011999999999999999
2020-05-11,HBAR,,0.0,0.0,0.0
2020-05-11,LINK,,0.05,0.05,0.029999999999999995
2020-05-11,LTC,,0.05,-0.05,0.011999999999999999
2020-05-11,STX,,-0.05,0.05,-0.011999999999999999
2020-05-11,TRX,,0.0,0.0,0.0
2020-05-11,VET,,0.0,0.05,0.009
2020-05-11,XLM,,-0.05,-0.05,-0.029999999999999995
2020-05-11,XRP,,0.0,-0.05,-0.009
2020-05-11,ZEC,,0.0,0.0,0.0
2020-05-18,ADA,,-0.050000195628968874,0.0,-0.021000082164166926
2020-05-18,ALGO,,-0.050000195628968874,0.05,-0.012000082164166927
2020-05-18,ATOM,,-0.050000195628968874,0.0,-0.021000082164166926
2020-05-18,BCH,,-0.050000195628968874,0.0,-0.021000082164166926
2020-05-18,BNB,,-0.05,0.0,-0.020999999999999998
2020-05-18,BTC,,-0.04583114787198954,-0.05,-0.028249082106235605
2020-05-18,CHZ,,-0.05,0.05,-0.011999999999999999
2020-05-18,DASH,,-0.050000195628968874,0.0,-0.021000082164166926
2020-05-18,DOGE,,-0.050000195628968874,-0.05,-0.030000082164166924
2020-05-18,ETC,,-0.04181728214165605,-0.05,-0.02656325849949554
2020-05-18,ETH,,-0.05,0.0,-0.020999999999999998
2020-05-18,FET,,-0.04399546879383906,0.05,-0.009478096893412403
2020-05-18,HBAR,,-0.048020253192895476,0.0,-0.0201685063410161
2020-05-18,LINK,,-0.050000195628968874,0.05,-0.012000082164166927
2020-05-18,LTC,,-0.05,-0.05,-0.029999999999999995
2020-05-18,STX,,-0.0312766378917058,0.05,-0.004136187914516435
2020-05-18,TRX,,-0.05,0.0,-0.020999999999999998
2020-05-18,VET,,-0.050000195628968874,0.05,-0.012000082164166927
2020-05-18,XLM,,-0.039057645076162974,-0.05,-0.025404210931988448
2020-05-18,XRP,,-0.05,-0.05,-0.029999999999999995
2020-05-18,ZEC,,-0.05,0.0,-0.020999999999999998
2020-05-25,ADA,,-0.029413414356964863,-0.05,-0.02135363402992524
2020-05-25,ALGO,,-0.05,0.0,-0.020999999999999998
2020-05-25,ATOM,,-0.050001349611441016,0.0,-0.021000566836805224
2020-05-25,BCH,,-0.050001349611441016,-0.05,-0.03000056683680522
2020-05-25,BNB,,-0.050001349611441016,0.0,-0.021000566836805224
2020-05-25,BTC,,-0.05,0.0,-0.020999999999999998
2020-05-25,CHZ,,-0.05,-0.05,-0.029999999999999995
2020-05-25,DASH,,-0.050001349611441016,0.05,-0.012000566836805225
2020-05-25,DOGE,,-0.050001349611441016,-0.05,-0.03000056683680522
2020-05-25,ETC,,-0.05,0.05,-0.011999999999999999
2020-05-25,ETH,,-0.050001349611441016,0.0,-0.021000566836805224
2020-05-25,FET,,-0.04916017830747524,0.05,-0.011647274889139596
2020-05-25,HBAR,,-0.049556582289630106,0.05,-0.011813764561644641
2020-05-25,LINK,,-0.050001349611441016,-0.05,-0.03000056683680522
2020-05-25,LTC,,-0.05,0.05,-0.011999999999999999
2020-05-25,STX,,-0.0395240437794814,0.0,-0.016600098387382186
2020-05-25,TRX,,-0.05,0.0,-0.020999999999999998
2020-05-25,VET,,-0.03233363476347913,-0.05,-0.02258012660066123
2020-05-25,XLM,,-0.05,0.05,-0.011999999999999999
2020-05-25,XRP,,-0.050001349611441016,0.0,-0.021000566836805224
2020-05-25,ZEC,,-0.050001349611441016,0.0,-0.021000566836805224
2020-06-01,ADA,,0.0,-0.05,-0.012
2020-06-01,ALGO,,0.0,0.0,0.0
2020-06-01,ATOM,,0.0,0.0,0.0
2020-06-01,BCH,,0.05,-0.05,0.015999999999999997
2020-06-01,BNB,,0.0,0.0,0.0
2020-06-01,BTC,,0.05,0.0,0.027999999999999997
2020-06-01,CHZ,,-0.05,-0.05,-0.04
2020-06-01,DASH,,-0.05,0.05,-0.015999999999999997
2020-06-01,DOGE,,0.0,-0.05,-0.012
2020-06-01,ETC,,-0.05,0.05,-0.015999999999999997
2020-06-01,ETH,,0.05,0.0,0.027999999999999997
2020-06-01,FET,,0.0,0.05,0.012
2020-06-01,HBAR,,-0.05,0.05,-0.015999999999999997
2020-06-01,LINK,,-0.05,-0.05,-0.04
2020-06-01,LTC,,0.05,0.05,0.04
2020-06-01,STX,,-0.05,0.0,-0.027999999999999997
2020-06-01,TRX,,0.05,0.0,0.027999999999999997
2020-06-01,VET,,0.0,-0.05,-0.012
2020-06-01,XLM,,0.0,0.05,0.012
2020-06-01,XRP,,0.05,0.0,0.027999999999999997
2020-06-01,ZEC,,0.0,0.0,0.0
2020-06-08,ADA,,0.0,-0.05,-0.012
2020-06-08,ALGO,,0.0,0.0,0.0
2020-06-08,ATOM,,0.0,0.0,0.0
2020-06-08,BCH,,0.05,-0.05,0.015999999999999997
2020-06-08,BNB,,0.0,0.0,0.0
2020-06-08,BTC,,0.05,0.0,0.027999999999999997
2020-06-08,CHZ,,-0.05,-0.05,-0.04
2020-06-08,DASH,,-0.05,0.05,-0.015999999999999997
2020-06-08,DOGE,,0.0,-0.05,-0.012
2020-06-08,ETC,,-0.05,0.05,-0.015999999999999997
2020-06-08,ETH,,0.05,0.0,0.027999999999999997
2020-06-08,FET,,0.0,0.05,0.012
2020-06-08,HBAR,,-0.05,0.05,-0.015999999999999997
2020-06-08,LINK,,-0.05,-0.05,-0.04
2020-06-08,LTC,,0.05,0.05,0.04
2020-06-08,STX,,-0.05,0.0,-0.027999999999999997
2020-06-08,TRX,,0.05,0.0,0.027999999999999997
2020-06-08,VET,,0.0,-0.05,-0.012
2020-06-08,XLM,,0.0,0.05,0.012
2020-06-08,XRP,,0.05,0.0,0.027999999999999997
2020-06-08,ZEC,,0.0,0.0,0.0
2020-06-15,ADA,,-0.05,-0.05,-0.04
2020-06-15,ALGO,,0.0,0.0,0.0
2020-06-15,ATOM,,0.0,0.0,0.0
2020-06-15,BCH,,0.0,-0.05,-0.012
2020-06-15,BNB,,0.05,0.0,0.027999999999999997
2020-06-15,BTC,,0.05,0.0,0.027999999999999997
2020-06-15,CHZ,,-0.05,-0.05,-0.04
2020-06-15,DASH,,0.0,0.05,0.012
2020-06-15,DOGE,,0.05,-0.05,0.015999999999999997
2020-06-15,ETC,,0.0,0.05,0.012
2020-06-15,ETH,,0.0,0.0,0.0
2020-06-15,FET,,-0.05,0.05,-0.015999999999999997
2020-06-15,HBAR,,-0.05,0.05,-0.015999999999999997
2020-06-15,LINK,,0.0,-0.05,-0.012
2020-06-15,LTC,,0.05,0.05,0.04
2020-06-15,STX,,0.05,0.0,0.027999999999999997
2020-06-15,TRX,,-0.05,0.0,-0.027999999999999997
2020-06-15,VET,,-0.05,-0.05,-0.04
2020-06-15,XLM,,0.0,0.05,0.012
2020-06-15,XRP,,0.05,0.0,0.027999999999999997
2020-06-15,ZEC,,0.0,0.0,0.0
2020-06-22,ADA,,-0.05,0.05,-0.015999999999999997
2020-06-22,ALGO,,0.0,0.05,0.012
2020-06-22,ATOM,,0.0,-0.05,-0.012
2020-06-22,BCH,,0.0,-0.05,-0.012
2020-06-22,BNB,,0.05,0.0,0.027999999999999997
2020-06-22,BTC,,0.05,-0.05,0.015999999999999997
2020-06-22,CHZ,,-0.05,0.05,-0.015999999999999997
2020-06-22,DASH,,0.0,0.0,0.0
2020-06-22,DOGE,,0.0,-0.05,-0.012
2020-06-22,ETC,,0.05,0.0,0.027999999999999997
2020-06-22,ETH,,0.0,0.0,0.0
2020-06-22,FET,,-0.05,0.05,-0.015999999999999997
2020-06-22,HBAR,,-0.05,0.05,-0.015999999999999997
2020-06-22,LINK,,0.0,0.0,0.0
2020-06-22,LTC,,0.05,0.0,0.027999999999999997
2020-06-22,STX,,0.0,0.05,0.012
2020-06-22,TRX,,-0.05,0.0,-0.027999999999999997
2020-06-22,VET,,-0.05,-0.05,-0.04
2020-06-22,XLM,,0.0,0.0,0.0
2020-06-22,XRP,,0.05,-0.05,0.015999999999999997
2020-06-22,ZEC,,0.05,0.0,0.027999999999999997
2020-06-29,ADA,,-0.05,0.05,-0.015999999999999997
2020-06-29,ALGO,,0.0,0.05,0.012
2020-06-29,ATOM,,-0.05,-0.05,-0.04
2020-06-29,BCH,,0.05,-0.05,0.015999999999999997
2020-06-29,BNB,,0.05,0.0,0.027999999999999997
2020-06-29,BTC,,0.05,-0.05,0.015999999999999997
2020-06-29,CHZ,,-0.05,0.05,-0.015999999999999997
2020-06-29,DASH,,0.0,0.0,0.0
2020-06-29,DOGE,,0.0,-0.05,-0.012
2020-06-29,ETC,,0.0,0.0,0.0
2020-06-29,ETH,,0.05,0.0,0.027999999999999997
2020-06-29,FET,,0.0,0.05,0.012
2020-06-29,HBAR,,-0.05,0.05,-0.015999999999999997
2020-06-29,LINK,,-0.05,0.0,-0.027999999999999997
2020-06-29,LTC,,0.05,0.0,0.027999999999999997
2020-06-29,STX,,0.0,0.05,0.012
2020-06-29,TRX,,0.0,0.0,0.0
2020-06-29,VET,,-0.05,-0.05,-0.04
2020-06-29,XLM,,0.0,0.0,0.0
2020-06-29,XRP,,0.05,-0.05,0.015999999999999997
2020-06-29,ZEC,,0.0,0.0,0.0
2020-07-06,ADA,,0.0,0.05,0.015
2020-07-06,ALGO,,0.0,0.05,0.015
2020-07-06,ATOM,,0.0,-0.05,-0.015
2020-07-06,BCH,,0.05,-0.05,0.019999999999999997
2020-07-06,BNB,,0.0,0.0,0.0
2020-07-06,BTC,,0.05,-0.05,0.019999999999999997
2020-07-06,CHZ,,0.0,0.05,0.015
2020-07-06,DASH,,0.0,0.0,0.0
2020-07-06,DOGE,,-0.05,-0.05,-0.049999999999999996
2020-07-06,ETC,,0.0,0.0,0.0
2020-07-06,ETH,,0.05,0.0,0.034999999999999996
2020-07-06,FET,,-0.05,0.05,-0.019999999999999997
2020-07-06,HBAR,,-0.05,0.05,-0.019999999999999997
2020-07-06,LINK,,-0.05,0.0,-0.034999999999999996
2020-07-06,LTC,,0.05,0.0,0.034999999999999996
2020-07-06,STX,,0.0,0.05,0.015
2020-07-06,TRX,,0.05,0.0,0.034999999999999996
2020-07-06,VET,,-0.05,-0.05,-0.049999999999999996
2020-07-06,XLM,,-0.05,0.0,-0.034999999999999996
2020-07-06,XRP,,0.05,-0.05,0.019999999999999997
2020-07-06,ZEC,,0.0,0.0,0.0
2020-07-13,ADA,,0.0,0.05,0.015
2020-07-13,ALGO,,0.0,0.05,0.015
2020-07-13,ATOM,,0.0,-0.05,-0.015
2020-07-13,BCH,,0.05,-0.05,0.019999999999999997
2020-07-13,BNB,,0.0,0.0,0.0
2020-07-13,BTC,,0.05,-0.05,0.019999999999999997
2020-07-13,CHZ,,-0.05,0.05,-0.019999999999999997
2020-07-13,DASH,,-0.05,0.0,-0.034999999999999996
2020-07-13,DOGE,,-0.05,-0.05,-0.049999999999999996
2020-07-13,ETC,,-0.05,0.0,-0.034999999999999996
2020-07-13,ETH,,0.05,0.0,0.034999999999999996
2020-07-13,FET,,0.0,0.05,0.015
2020-07-13,HBAR,,-0.05,0.05,-0.019999999999999997
2020-07-13,LINK,,0.0,0.0,0.0
2020-07-13,LTC,,0.05,0.0,0.034999999999999996
2020-07-13,STX,,-0.05,0.05,-0.019999999999999997
2020-07-13,TRX,,0.05,0.0,0.034999999999999996
2020-07-13,VET,,0.0,-0.05,-0.015
2020-07-13,XLM,,0.0,0.0,0.0
2020-07-13,XRP,,0.05,-0.05,0.019999999999999997
2020-07-13,ZEC,,0.0,0.0,0.0
2020-07-20,ADA,,0.0,0.0,0.0009374999999999991
2020-07-20,ALGO,,0.0,0.05,0.015
2020-07-20,ATOM,,0.0,0.0,-0.0009374999999999991
2020-07-20,BCH,,0.05,0.0,0.034062499999999996
2020-07-20,BNB,,0.0,-0.05,-0.0140625
2020-07-20,BTC,,0.05,-0.05,0.019999999999999997
2020-07-20,CHZ,,-0.19,0.05,-0.11187499999999997
2020-07-20,DASH,,-0.19,0.0,-0.126875
2020-07-20,DOGE,,-0.05,0.0,-0.0359375
2020-07-20,ETC,,-0.19,-0.05,-0.14093749999999997
2020-07-20,ETH,,0.05,-0.05,0.020937499999999998
2020-07-20,FET,,0.0,0.05,0.015
2020-07-20,HBAR,,-0.19,0.05,-0.11187499999999997
2020-07-20,LINK,,0.0,0.05,0.0140625
2020-07-20,LTC,,0.05,-0.05,0.020937499999999998
2020-07-20,STX,,-0.19,0.05,-0.11187499999999997
2020-07-20,TRX,,0.05,0.0,0.034999999999999996
2020-07-20,VET,,0.0,0.0,-0.0009374999999999991
2020-07-20,XLM,,0.0,0.0,0.0
2020-07-20,XRP,,0.05,-0.05,0.019999999999999997
2020-07-20,ZEC,,0.0,0.0,0.0
2020-07-27,ADA,,0.0,0.0,0.0
2020-07-27,ALGO,,0.0,0.05,0.015
2020-07-27,ATOM,,0.0,0.0,0.0
2020-07-27,BCH,,0.05,0.0,0.034999999999999996
2020-07-27,BNB,,0.05,-0.05,0.019999999999999997
2020-07-27,BTC,,0.05,-0.05,0.019999999999999997
2020-07-27,CHZ,,-0.19,0.05,-0.11799999999999998
2020-07-27,DASH,,-0.19,0.0,-0.13299999999999998
2020-07-27,DOGE,,-0.05,0.0,-0.034999999999999996
2020-07-27,ETC,,-0.19,-0.05,-0.14799999999999996
2020-07-27,ETH,,0.05,-0.05,0.019999999999999997
2020-07-27,FET,,0.0,0.05,0.015
2020-07-27,HBAR,,-0.19,0.05,-0.11799999999999998
2020-07-27,LINK,,0.0,0.05,0.015
2020-07-27,LTC,,0.05,-0.05,0.019999999999999997
2020-07-27,STX,,-0.19,0.05,-0.11799999999999998
2020-07-27,TRX,,0.05,0.0,0.034999999999999996
2020-07-27,VET,,0.0,0.0,0.0
2020-07-27,XLM,,0.0,0.0,0.0
2020-07-27,XRP,,0.0,-0.05,-0.015
2020-07-27,ZEC,,0.0,0.0,0.0
2020-08-03,ADA,,0.0,0.0,0.0
2020-08-03,ALGO,,0.0,0.05,0.015
2020-08-03,ATOM,,0.0,0.0,0.0
2020-08-03,BCH,,0.05,0.0,0.034999999999999996
2020-08-03,BNB,,0.05,-0.05,0.019999999999999997
2020-08-03,BTC,,0.05,-0.05,0.019999999999999997
2020-08-03,CHZ,,-0.05,0.05,-0.019999999999999997
2020-08-03,DASH,,-0.05,0.0,-0.034999999999999996
2020-08-03,DOGE,,-0.05,0.0,-0.034999999999999996
2020-08-03,ETC,,-0.05,-0.05,-0.049999999999999996
2020-08-03,ETH,,0.05,-0.05,0.019999999999999997
2020-08-03,FET,,0.0,0.05,0.015
2020-08-03,HBAR,,-0.05,0.05,-0.019999999999999997
2020-08-03,LINK,,0.0,0.05,0.015
2020-08-03,LTC,,0.05,-0.05,0.019999999999999997
2020-08-03,STX,,-0.05,0.05,-0.019999999999999997
2020-08-03,TRX,,0.05,0.0,0.034999999999999996
2020-08-03,VET,,0.0,0.0,0.0
2020-08-03,XLM,,0.0,0.0,0.0
2020-08-03,XRP,,0.0,-0.05,-0.015
2020-08-03,ZEC,,0.0,0.0,0.0
2020-08-10,ADA,,0.0,0.0,0.0
2020-08-10,ALGO,,0.0,0.05,0.015
2020-08-10,ATOM,,0.0,0.0,0.0
2020-08-10,BCH,,0.05,0.0,0.034999999999999996
2020-08-10,BNB,,0.05,-0.05,0.019999999999999997
2020-08-10,BTC,,0.05,-0.05,0.019999999999999997
2020-08-10,CHZ,,-0.05,0.05,-0.019999999999999997
2020-08-10,DASH,,-0.05,0.0,-0.034999999999999996
2020-08-10,DOGE,,-0.05,0.0,-0.034999999999999996
2020-08-10,ETC,,-0.05,-0.05,-0.049999999999999996
2020-08-10,ETH,,0.05,-0.05,0.019999999999999997
2020-08-10,FET,,0.0,0.05,0.015
2020-08-10,HBAR,,-0.05,0.05,-0.019999999999999997
2020-08-10,LINK,,0.0,0.05,0.015
2020-08-10,LTC,,0.05,-0.05,0.019999999999999997
2020-08-10,STX,,-0.05,0.05,-0.019999999999999997
2020-08-10,TRX,,0.05,0.0,0.034999999999999996
2020-08-10,VET,,0.0,0.0,0.0
2020-08-10,XLM,,0.0,0.0,0.0
2020-08-10,XRP,,0.0,-0.05,-0.015
2020-08-10,ZEC,,0.0,0.0,0.0
2020-08-17,ADA,,0.0,0.0,0.0
2020-08-17,ALGO,,0.0,0.05,0.015
2020-08-17,ATOM,,0.0,0.0,0.0
2020-08-17,BCH,,0.05,0.0,0.034999999999999996
2020-08-17,BNB,,0.05,-0.05,0.019999999999999997
2020-08-17,BTC,,0.05,-0.05,0.019999999999999997
2020-08-17,CHZ,,-0.05,0.05,-0.019999999999999997
2020-08-17,DASH,,-0.05,-0.05,-0.049999999999999996
2020-08-17,DOGE,,-0.05,0.0,-0.034999999999999996
2020-08-17,ETC,,-0.05,-0.05,-0.049999999999999996
2020-08-17,ETH,,0.05,0.0,0.034999999999999996
2020-08-17,FET,,0.0,0.05,0.015
2020-08-17,HBAR,,-0.05,0.0,-0.034999999999999996
2020-08-17,JST,,0.0,0.05,0.015
2020-08-17,LINK,,0.0,0.05,0.015
2020-08-17,LTC,,0.05,-0.05,0.019999999999999997
2020-08-17,SOL,,0.0,0.05,0.015
2020-08-17,STX,,-0.05,0.0,-0.034999999999999996
2020-08-17,TRX,,0.05,0.0,0.034999999999999996
2020-08-17,VET,,0.0,0.0,0.0
2020-08-17,XLM,,0.0,0.0,0.0
2020-08-17,XRP,,0.0,-0.05,-0.015
2020-08-17,ZEC,,0.0,0.0,0.0
2020-08-24,ADA,,0.0,0.0,0.0
2020-08-24,ALGO,,0.0,0.05,0.015
2020-08-24,ATOM,,0.0,0.0,0.0
2020-08-24,BCH,,0.05,0.0,0.034999999999999996
2020-08-24,BNB,,0.05,-0.05,0.019999999999999997
2020-08-24,BTC,,0.05,-0.05,0.019999999999999997
2020-08-24,CHZ,,-0.05,0.05,-0.019999999999999997
2020-08-24,DASH,,-0.05,-0.05,-0.049999999999999996
2020-08-24,DOGE,,-0.05,0.0,-0.034999999999999996
2020-08-24,DOT,,0.0,0.0,0.0
2020-08-24,ETC,,0.0,-0.05,-0.015
2020-08-24,ETH,,0.05,0.0,0.034999999999999996
2020-08-24,FET,,0.0,0.05,0.015
2020-08-24,HBAR,,-0.05,0.0,-0.034999999999999996
2020-08-24,JST,,0.0,0.05,0.015
2020-08-24,LINK,,-0.05,0.05,-0.019999999999999997
2020-08-24,LTC,,0.05,-0.05,0.019999999999999997
2020-08-24,SOL,,0.0,0.05,0.015
2020-08-24,STX,,-0.05,0.0,-0.034999999999999996
2020-08-24,TRX,,0.05,0.0,0.034999999999999996
2020-08-24,VET,,0.0,0.0,0.0
2020-08-24,XLM,,0.0,0.0,0.0
2020-08-24,XRP,,0.0,-0.05,-0.015
2020-08-24,ZEC,,0.0,0.0,0.0
2020-08-31,ADA,,0.05,0.0,0.034999999999999996
2020-08-31,ALGO,,-0.05,0.05,-0.019999999999999997
2020-08-31,ATOM,,0.0,0.0,0.0
2020-08-31,BCH,,0.05,0.0,0.034999999999999996
2020-08-31,BNB,,0.05,-0.05,0.019999999999999997
2020-08-31,BTC,,0.05,-0.05,0.019999999999999997
2020-08-31,CHZ,,-0.05,0.05,-0.019999999999999997
2020-08-31,DASH,,0.0,-0.05,-0.015
2020-08-31,DOGE,,-0.05,0.0,-0.034999999999999996
2020-08-31,DOT,,0.0,0.0,0.0
2020-08-31,ETC,,0.0,-0.05,-0.015
2020-08-31,ETH,,0.05,0.0,0.034999999999999996
2020-08-31,FET,,-0.05,0.05,-0.019999999999999997
2020-08-31,HBAR,,-0.05,0.0,-0.034999999999999996
2020-08-31,JST,,0.0,0.05,0.015
2020-08-31,LINK,,-0.05,0.05,-0.019999999999999997
2020-08-31,LTC,,0.05,-0.05,0.019999999999999997
2020-08-31,SOL,,0.0,0.05,0.015
2020-08-31,STX,,0.0,0.0,0.0
2020-08-31,TRX,,0.0,0.0,0.0
2020-08-31,VET,,0.0,0.0,0.0
2020-08-31,XLM,,0.0,0.0,0.0
2020-08-31,XRP,,0.0,-0.05,-0.015
2020-08-31,ZEC,,0.0,0.0,0.0
2020-09-07,ADA,,0.05,0.0,0.027999999999999997
2020-09-07,ALGO,,0.0,0.05,0.012
2020-09-07,ATOM,,-0.05,0.0,-0.027999999999999997
2020-09-07,BCH,,0.05,0.0,0.027999999999999997
2020-09-07,BNB,,-0.05,-0.05,-0.04
2020-09-07,BTC,,0.05,-0.05,0.015999999999999997
2020-09-07,CHZ,,-0.05,0.05,-0.015999999999999997
2020-09-07,DASH,,0.0,-0.05,-0.012
2020-09-07,DOGE,,0.05,0.0,0.027999999999999997
2020-09-07,DOT,,0.0,0.0,0.0
2020-09-07,ETC,,0.05,-0.05,0.015999999999999997
2020-09-07,ETH,,0.0,0.0,0.0
2020-09-07,FET,,0.0,0.05,0.012
2020-09-07,HBAR,,0.0,0.0,0.0
2020-09-07,JST,,-0.05,0.05,-0.015999999999999997
2020-09-07,LINK,,0.0,0.05,0.012
2020-09-07,LTC,,0.0,-0.05,-0.012
2020-09-07,SOL,,-0.05,0.05,-0.015999999999999997
2020-09-07,STX,,0.0,0.0,0.0
2020-09-07,TRX,,-0.05,0.0,-0.027999999999999997
2020-09-07,VET,,0.0,0.0,0.0
2020-09-07,XLM,,0.0,0.0,0.0
2020-09-07,XRP,,0.05,-0.05,0.015999999999999997
2020-09-07,ZEC,,0.0,0.0,0.0
2020-09-14,ADA,,0.05,0.0,0.020999999999999998
2020-09-14,ALGO,,0.0,0.05,0.009
2020-09-14,ATOM,,0.0,0.05,0.009
2020-09-14,BCH,,0.05,0.0,0.020999999999999998
2020-09-14,BNB,,-0.05,-0.05,-0.029999999999999995
2020-09-14,BTC,,0.05,-0.05,0.011999999999999999
2020-09-14,CHZ,,-0.05,0.05,-0.011999999999999999
2020-09-14,DASH,,0.0,0.0,0.0
2020-09-14,DOGE,,0.05,-0.05,0.011999999999999999
2020-09-14,DOT,,-0.05,0.0,-0.020999999999999998
2020-09-14,ETC,,0.0,0.0,0.0
2020-09-14,ETH,,0.0,-0.05,-0.009
2020-09-14,FET,,0.0,0.05,0.009
2020-09-14,HBAR,,0.05,0.0,0.020999999999999998
2020-09-14,JST,,-0.05,0.0,-0.020999999999999998
2020-09-14,LINK,,0.0,0.0,0.0
2020-09-14,LTC,,0.0,0.0,0.0
2020-09-14,SOL,,-0.05,0.0,-0.020999999999999998
2020-09-14,STX,,0.0,0.0,0.0
2020-09-14,TRX,,0.0,-0.05,-0.009
2020-09-14,VET,,-0.05,0.05,-0.011999999999999999
2020-09-14,XLM,,0.0,0.0,0.0
2020-09-14,XRP,,0.05,-0.05,0.011999999999999999
2020-09-14,ZEC,,0.0,0.05,0.009
2020-09-21,ADA,,-0.05,0.0,-0.020999999999999998
2020-09-21,ALGO,,0.0,0.05,0.009
2020-09-21,ATOM,,0.0,0.05,0.009
2020-09-21,BCH,,0.05,0.0,0.020999999999999998
2020-09-21,BNB,,-0.05,-0.05,-0.029999999999999995
2020-09-21,BTC,,0.05,-0.05,0.011999999999999999
2020-09-21,CHZ,,-0.05,0.05,-0.011999999999999999
2020-09-21,DASH,,0.0,0.0,0.0
2020-09-21,DOGE,,0.05,-0.05,0.011999999999999999
2020-09-21,DOT,,0.0,0.0,0.0
2020-09-21,ETC,,0.0,0.0,0.0
2020-09-21,ETH,,0.05,-0.05,0.011999999999999999
2020-09-21,FET,,0.05,0.05,0.029999999999999995
2020-09-21,HBAR,,0.05,0.0,0.020999999999999998
2020-09-21,JST,,-0.05,0.0,-0.020999999999999998
2020-09-21,LINK,,-0.05,0.0,-0.020999999999999998
2020-09-21,LTC,,0.0,0.0,0.0
2020-09-21,SOL,,-0.05,0.0,-0.020999999999999998
2020-09-21,STX,,0.0,0.0,0.0
2020-09-21,TRX,,0.0,-0.05,-0.009
2020-09-21,UNI,,0.0,0.0,0.0
2020-09-21,VET,,-0.05,0.05,-0.011999999999999999
2020-09-21,XLM,,0.0,0.0,0.0
2020-09-21,XRP,,0.05,-0.05,0.011999999999999999
2020-09-21,ZEC,,0.0,0.05,0.009
2020-09-28,ADA,,0.0,0.0,0.0
2020-09-28,ALGO,,0.0,0.05,0.009
2020-09-28,ATOM,,-0.05,0.05,-0.011999999999999999
2020-09-28,AVAX,,0.0,0.0,0.0
2020-09-28,BCH,,0.05,0.0,0.020999999999999998
2020-09-28,BNB,,-0.05,-0.05,-0.029999999999999995
2020-09-28,BTC,,0.0,-0.05,-0.009
2020-09-28,CHZ,,0.0,0.05,0.009
2020-09-28,DASH,,0.0,0.0,0.0
2020-09-28,DOGE,,0.05,-0.05,0.011999999999999999
2020-09-28,DOT,,-0.05,0.0,-0.020999999999999998
2020-09-28,ETC,,0.0,0.0,0.0
2020-09-28,ETH,,0.05,-0.05,0.011999999999999999
2020-09-28,FET,,0.05,0.05,0.029999999999999995
2020-09-28,HBAR,,0.0,0.0,0.0
2020-09-28,JST,,0.0,0.0,0.0
2020-09-28,LINK,,-0.05,0.0,-0.020999999999999998
2020-09-28,LTC,,0.05,0.0,0.020999999999999998
2020-09-28,SOL,,-0.05,0.0,-0.020999999999999998
2020-09-28,STX,,0.0,0.0,0.0
2020-09-28,TRX,,0.0,-0.05,-0.009
2020-09-28,UNI,,0.0,0.0,0.0
2020-09-28,VET,,-0.05,0.05,-0.011999999999999999
2020-09-28,XLM,,0.05,0.0,0.020999999999999998
2020-09-28,XRP,,0.05,-0.05,0.011999999999999999
2020-09-28,ZEC,,-0.05,0.05,-0.011999999999999999
2020-10-05,ADA,,-0.05,0.0,-0.027999999999999997
2020-10-05,ALGO,,0.0,0.05,0.012
2020-10-05,ATOM,,-0.05,0.05,-0.015999999999999997
2020-10-05,AVAX,,0.0,0.0,0.0
2020-10-05,BCH,,0.0,0.0,0.0
2020-10-05,BNB,,0.0,-0.05,-0.012
2020-10-05,BTC,,0.05,-0.05,0.015999999999999997
2020-10-05,CHZ,,0.05,0.05,0.04
2020-10-05,DASH,,0.0,0.0,0.0
2020-10-05,DOGE,,0.05,-0.05,0.015999999999999997
2020-10-05,DOT,,0.05,0.0,0.027999999999999997
2020-10-05,ETC,,0.0,0.0,0.0
2020-10-05,ETH,,0.05,-0.05,0.015999999999999997
2020-10-05,FET,,0.0,0.05,0.012
2020-10-05,HBAR,,-0.05,0.0,-0.027999999999999997
2020-10-05,JST,,0.0,0.0,0.0
2020-10-05,LINK,,-0.05,0.0,-0.027999999999999997
2020-10-05,LTC,,0.0,0.0,0.0
2020-10-05,SOL,,-0.05,0.0,-0.027999999999999997
2020-10-05,STX,,0.0,0.0,0.0
2020-10-05,TRX,,0.05,-0.05,0.015999999999999997
2020-10-05,UNI,,0.0,0.0,0.0
2020-10-05,VET,,-0.05,0.05,-0.015999999999999997
2020-10-05,XLM,,0.0,0.0,0.0
2020-10-05,XRP,,0.05,-0.05,0.015999999999999997
2020-10-05,ZEC,,-0.05,0.05,-0.015999999999999997
2020-10-12,ADA,,-0.05,0.0,-0.020999999999999998
2020-10-12,ALGO,,0.0,0.05,0.009
2020-10-12,ATOM,,-0.05,0.05,-0.011999999999999999
2020-10-12,AVAX,,0.0,0.0,0.0
2020-10-12,BCH,,0.0,-0.05,-0.009
2020-10-12,BNB,,0.0,-0.05,-0.009
2020-10-12,BTC,,0.05,-0.05,0.011999999999999999
2020-10-12,CHZ,,0.05,0.0,0.020999999999999998
2020-10-12,DASH,,0.0,0.0,0.0
2020-10-12,DOGE,,0.05,-0.05,0.011999999999999999
2020-10-12,DOT,,0.05,0.0,0.020999999999999998
2020-10-12,ETC,,0.0,0.0,0.0
2020-10-12,ETH,,0.0,-0.05,-0.009
2020-10-12,FET,,0.0,0.05,0.009
2020-10-12,HBAR,,-0.05,0.0,-0.020999999999999998
2020-10-12,JST,,0.05,0.05,0.029999999999999995
2020-10-12,LINK,,-0.05,0.0,-0.020999999999999998
2020-10-12,LTC,,0.0,0.0,0.0
2020-10-12,SOL,,-0.05,0.05,-0.011999999999999999
2020-10-12,STX,,-0.05,0.0,-0.020999999999999998
2020-10-12,TRX,,0.05,-0.05,0.011999999999999999
2020-10-12,UNI,,0.0,0.0,0.0
2020-10-12,VET,,0.0,0.05,0.009
2020-10-12,XLM,,0.0,0.0,0.0
2020-10-12,XRP,,0.05,-0.05,0.011999999999999999
2020-10-12,ZEC,,-0.05,0.05,-0.011999999999999999
2020-10-19,AAVE,,0.0,0.0,0.0
2020-10-19,ADA,,0.0,0.0,0.0
2020-10-19,ALGO,,0.0,0.05,0.012
2020-10-19,ATOM,,-0.05,0.05,-0.015999999999999997
2020-10-19,AVAX,,0.0,0.0,0.0
2020-10-19,BCH,,0.0,-0.05,-0.012
2020-10-19,BNB,,0.0,-0.05,-0.012
2020-10-19,BTC,,0.0,-0.05,-0.012
2020-10-19,CHZ,,0.05,0.0,0.027999999999999997
2020-10-19,DASH,,-0.05,0.0,-0.027999999999999997
2020-10-19,DOGE,,0.05,-0.05,0.015999999999999997
2020-10-19,DOT,,0.05,0.0,0.027999999999999997
2020-10-19,ETC,,0.0,0.0,0.0
2020-10-19,ETH,,0.05,-0.05,0.015999999999999997
2020-10-19,FET,,-0.05,0.05,-0.015999999999999997
2020-10-19,FIL,,0.0,0.0,0.0
2020-10-19,HBAR,,-0.05,0.0,-0.027999999999999997
2020-10-19,JST,,0.0,0.05,0.012
2020-10-19,LINK,,-0.05,0.0,-0.027999999999999997
2020-10-19,LTC,,-0.05,0.0,-0.027999999999999997
2020-10-19,NEAR,,0.0,0.0,0.0
2020-10-19,SOL,,0.0,0.05,0.012
2020-10-19,STX,,-0.05,0.0,-0.027999999999999997
2020-10-19,TRX,,0.05,-0.05,0.015999999999999997
2020-10-19,UNI,,0.0,0.0,0.0
2020-10-19,VET,,0.05,0.05,0.04
2020-10-19,XLM,,0.05,0.0,0.027999999999999997
2020-10-19,XRP,,0.05,-0.05,0.015999999999999997
2020-10-19,ZEC,,-0.05,0.05,-0.015999999999999997
2020-10-26,AAVE,,0.0,0.0,0.0
2020-10-26,ADA,,0.0,0.0,0.0
2020-10-26,ALGO,,-0.05,0.05,-0.015999999999999997
2020-10-26,ATOM,,-0.05,0.05,-0.015999999999999997
2020-10-26,AVAX,,0.0,0.0,0.0
2020-10-26,BCH,,0.05,-0.05,0.015999999999999997
2020-10-26,BNB,,0.0,-0.05,-0.012
2020-10-26,BTC,,0.05,-0.05,0.015999999999999997
2020-10-26,CHZ,,0.05,0.0,0.027999999999999997
2020-10-26,DASH,,0.0,0.0,0.0
2020-10-26,DOGE,,0.05,-0.05,0.015999999999999997
2020-10-26,DOT,,0.05,0.0,0.027999999999999997
2020-10-26,ETC,,0.0,0.0,0.0
2020-10-26,ETH,,0.05,-0.05,0.015999999999999997
2020-10-26,FET,,-0.05,0.05,-0.015999999999999997
2020-10-26,FIL,,0.0,0.0,0.0
2020-10-26,HBAR,,-0.05,0.0,-0.027999999999999997
2020-10-26,JST,,0.0,0.05,0.012
2020-10-26,LINK,,-0.05,0.0,-0.027999999999999997
2020-10-26,LTC,,-0.05,0.0,-0.027999999999999997
2020-10-26,NEAR,,0.0,0.0,0.0
2020-10-26,SOL,,0.0,0.05,0.012
2020-10-26,STX,,-0.05,0.0,-0.027999999999999997
2020-10-26,TRX,,0.05,-0.05,0.015999999999999997
2020-10-26,UNI,,0.05,0.0,0.027999999999999997
2020-10-26,VET,,0.0,0.05,0.012
2020-10-26,XLM,,0.0,0.0,0.0
2020-10-26,XRP,,0.0,-0.05,-0.012
2020-10-26,ZEC,,-0.05,0.05,-0.015999999999999997
2020-11-02,AAVE,,-0.11874999999999998,0.0,-0.04022177419354838
2020-11-02,ADA,,0.0,0.0,0.0
2020-11-02,ALGO,,0.0,0.05,0.004161290322580648
2020-11-02,ATOM,,0.05,0.05,0.021096774193548395
2020-11-02,AVAX,,0.0,0.0,0.0
2020-11-02,BCH,,0.05,-0.05,0.012774193548387094
2020-11-02,BNB,,0.0,-0.05,-0.009580645161290322
2020-11-02,BTC,,0.0,-0.05,-0.004161290322580648
2020-11-02,CHZ,,-0.11874999999999998,0.0,-0.0348024193548387
2020-11-02,DASH,,0.05,0.0,0.016935483870967744
2020-11-02,DOGE,,0.05,-0.05,0.012774193548387094
2020-11-02,DOT,,0.05,0.0,0.022354838709677416
2020-11-02,ETC,,0.05,0.0,0.016935483870967744
2020-11-02,ETH,,-0.11874999999999998,-0.05,-0.04438306451612903
2020-11-02,FET,,0.0,0.05,0.004161290322580648
2020-11-02,FIL,,-0.11874999999999998,0.0,-0.04022177419354838
2020-11-02,HBAR,,0.0,0.0,-0.005419354838709672
2020-11-02,JST,,0.0,0.05,0.009580645161290322
2020-11-02,LINK,,0.0,0.0,-0.005419354838709672
2020-11-02,LTC,,-0.11874999999999998,0.0,-0.04564112903225805
2020-11-02,NEAR,,-0.11874999999999998,0.0,-0.04022177419354838
2020-11-02,SOL,,-0.05,0.05,-0.007354838709677423
2020-11-02,STX,,-0.11874999999999998,0.0,-0.04564112903225805
2020-11-02,TRX,,0.05,-0.05,0.012774193548387094
2020-11-02,UNI,,-0.11874999999999998,0.0,-0.0348024193548387
2020-11-02,VET,,0.0,0.05,0.009580645161290322
2020-11-02,XLM,,0.05,0.0,0.016935483870967744
2020-11-02,XRP,,0.0,-0.05,-0.009580645161290322
2020-11-02,ZEC,,0.0,0.05,0.004161290322580648
2020-11-09,AAVE,,-0.05,0.0,-0.030359946073293297
2020-11-09,ADA,,0.0,0.0,0.0
2020-11-09,ALGO,,0.0,0.05,0.010486395524090341
2020-11-09,ATOM,,0.0,0.0,0.00407365155244822
2020-11-09,AVAX,,0.0,0.05,0.009682877098607436
2020-11-09,BCH,,0.05,0.0,0.025059994598233087
2020-11-09,BNB,,0.05,-0.05,0.01106054177203144
2020-11-09,BTC,,0.05,-0.05,0.012106984372660338
2020-11-09,CHZ,,0.0,0.0,-0.0067201235759137175
2020-11-09,DASH,,0.0,-0.05,-0.006412743971642123
2020-11-09,DOGE,,0.0,0.0,0.0024666147014824075
2020-11-09,DOT,,0.05,0.0,0.026909955624344895
2020-11-09,ETC,,0.0,-0.05,-0.006412743971642123
2020-11-09,ETH,,0.05,-0.05,0.004340418196117725
2020-11-09,FET,,0.0,0.05,0.010486395524090341
2020-11-09,FIL,,-0.13571428571428573,0.0,-0.06909145446772305
2020-11-09,HBAR,,-0.13571428571428573,0.0,-0.06237133089180933
2020-11-09,JST,,-0.13571428571428573,0.05,-0.04979205016646119
2020-11-09,LINK,,0.0,0.05,0.008636434497978535
2020-11-09,LTC,,0.0,-0.05,-0.018495885875778956
2020-11-09,NEAR,,-0.13571428571428573,0.0,-0.06909145446772305
2020-11-09,SOL,,-0.13571428571428573,0.05,-0.0530621832934265
2020-11-09,STX,,-0.13571428571428573,0.05,-0.060455019969744506
2020-11-09,TRX,,0.05,-0.05,0.015377117499625653
2020-11-09,UNI,,-0.13571428571428573,0.05,-0.0583621347684867
2020-11-09,VET,,0.0,0.0,0.001849961026111806
2020-11-09,XLM,,0.0,0.0,0.003270133126965313
2020-11-09,XRP,,0.05,-0.05,0.01106054177203144
2020-11-09,ZEC,,0.05,0.0,0.023396898322233586
2020-11-16,AAVE,,-0.05,0.0,-0.022019510258861796
2020-11-16,ADA,,-0.05,0.0,-0.018712624061244753
2020-11-16,ALGO,,0.0,0.05,0.009161902159870368
2020-11-16,ATOM,,0.05,0.0,0.01915633703952775
2020-11-16,AVAX,,0.05,0.05,0.027787004853839115
2020-11-16,BCH,,0.0,0.0,0.002729601365206419
2020-11-16,BNB,,0.05,-0.05,0.011897671707327574
2020-11-16,BTC,,0.05,-0.05,0.012011653022849813
2020-11-16,CHZ,,0.05,0.0,0.017980650300625376
2020-11-16,DASH,,0.0,-0.05,-0.008718189181587368
2020-11-16,DOGE,,0.0,0.0,0.00026867024373099105
2020-11-16,DOT,,0.0,0.0,0.002931104048004663
2020-11-16,ETC,,0.0,-0.05,-0.008718189181587368
2020-11-16,ETH,,0.0,-0.05,-0.0075469261145365545
2020-11-16,FET,,-0.05,0.05,-0.009550721901374385
2020-11-16,FIL,,0.0,0.0,-0.007525625263003495
2020-11-16,HBAR,,0.05,0.0,0.011918972558860631
2020-11-16,JST,,0.0,0.05,0.002596213288530727
2020-11-16,LINK,,0.0,0.05,0.008960399477072124
2020-11-16,LTC,,-0.05,-0.05,-0.028746941245502967
2020-11-16,NEAR,,-0.05,0.0,-0.026238249324248245
2020-11-16,SOL,,-0.05,0.05,-0.016472602383721016
2020-11-16,STX,,0.0,0.05,0.0014347742140686237
2020-11-16,TRX,,0.05,-0.05,0.012367844633856808
2020-11-16,UNI,,-0.05,0.05,-0.01704988721613164
2020-11-16,VET,,0.0,0.0,0.0002015026827982434
2020-11-16,XLM,,0.0,0.0,0.0003561916110069959
2020-11-16,XRP,,-0.05,-0.05,-0.02552757641516193
2020-11-16,ZEC,,0.05,0.0,0.021261076549996184
2020-11-23,AAVE,,-0.05,0.0,-0.027999999999999997
2020-11-23,ADA,,-0.05,0.0,-0.027999999999999997
2020-11-23,ALGO,,0.0,0.05,0.012
2020-11-23,ATOM,,0.05,0.0,0.027999999999999997
2020-11-23,AVAX,,0.0,0.05,0.012
2020-11-23,BCH,,0.0,0.0,0.0
2020-11-23,BNB,,0.05,-0.05,0.015999999999999997
2020-11-23,BTC,,0.05,-0.05,0.015999999999999997
2020-11-23,CHZ,,0.05,0.0,0.027999999999999997
2020-11-23,DASH,,0.0,-0.05,-0.012
2020-11-23,DOGE,,0.0,0.0,0.0
2020-11-23,DOT,,0.0,0.0,0.0
2020-11-23,ETC,,0.0,-0.05,-0.012
2020-11-23,ETH,,0.0,-0.05,-0.012
2020-11-23,FET,,0.0,0.05,0.012
2020-11-23,FIL,,0.05,0.0,0.027999999999999997
2020-11-23,HBAR,,0.05,0.0,0.027999999999999997
2020-11-23,JST,,0.0,0.05,0.012
2020-11-23,LINK,,0.0,0.05,0.012
2020-11-23,LTC,,0.0,-0.05,-0.012
2020-11-23,NEAR,,-0.05,0.0,-0.027999999999999997
2020-11-23,SOL,,-0.05,0.05,-0.015999999999999997
2020-11-23,STX,,-0.05,0.05,-0.015999999999999997
2020-11-23,TRX,,0.05,-0.05,0.015999999999999997
2020-11-23,UNI,,-0.05,0.05,-0.015999999999999997
2020-11-23,VET,,0.0,0.0,0.0
2020-11-23,XLM,,-0.05,0.0,-0.027999999999999997
2020-11-23,XRP,,-0.05,-0.05,-0.04
2020-11-23,ZEC,,0.05,0.0,0.027999999999999997
2020-11-30,AAVE,,0.0,0.0,-0.007462102689486549
2020-11-30,ADA,,-0.13571428571428573,0.0,-0.07714425427872862
2020-11-30,ALGO,,0.0,0.05,0.014200488997555012
2020-11-30,ATOM,,0.05,0.0,0.03313447432762836
2020-11-30,AVAX,,0.05,0.05,0.03987286063569682
2020-11-30,BCH,,0.0,0.0,0.0
2020-11-30,BNB,,0.05,-0.05,0.018933985330073348
2020-11-30,BTC,,0.05,-0.05,0.018933985330073348
2020-11-30,CHZ,,0.05,0.0,0.03313447432762836
2020-11-30,DASH,,0.0,-0.05,-0.014200488997555012
2020-11-30,DOGE,,-0.13571428571428573,0.0,-0.06968215158924206
2020-11-30,DOT,,0.0,0.0,0.0
2020-11-30,ETC,,0.0,-0.05,-0.014200488997555012
2020-11-30,ETH,,0.05,-0.05,0.011471882640586798
2020-11-30,FET,,0.0,0.05,0.014200488997555012
2020-11-30,FIL,,0.0,0.0,0.007462102689486549
2020-11-30,HBAR,,-0.13571428571428573,0.0,-0.062220048899755506
2020-11-30,JST,,-0.13571428571428573,0.05,-0.05548166259168705
2020-11-30,LINK,,0.0,0.05,0.014200488997555012
2020-11-30,LTC,,0.0,-0.05,-0.014200488997555012
2020-11-30,NEAR,,0.0,0.0,-0.007462102689486549
2020-11-30,SOL,,0.0,0.05,0.006738386308068462
2020-11-30,STX,,-0.13571428571428573,0.05,-0.0629437652811736
2020-11-30,TRX,,0.05,-0.05,0.018933985330073348
2020-11-30,UNI,,-0.13571428571428573,0.05,-0.0629437652811736
2020-11-30,VET,,0.0,0.0,0.0
2020-11-30,XLM,,-0.05,0.0,-0.03313447432762836
2020-11-30,XRP,,-0.13571428571428573,-0.05,-0.09134474327628363
2020-11-30,ZEC,,0.05,0.0,0.03313447432762836
2020-12-07,AAVE,,0.0,0.05,0.015
2020-12-07,ADA,,-0.13571428571428573,0.0,-0.095
2020-12-07,ALGO,,0.0,0.05,0.015
2020-12-07,ATOM,,0.05,0.0,0.034999999999999996
2020-12-07,AVAX,,0.0,0.0,0.0
2020-12-07,BCH,,0.0,0.0,0.0
2020-12-07,BNB,,0.05,-0.05,0.019999999999999997
2020-12-07,BTC,,0.05,-0.05,0.019999999999999997
2020-12-07,CHZ,,0.05,0.0,0.034999999999999996
2020-12-07,DASH,,0.0,-0.05,-0.015
2020-12-07,DOGE,,-0.13571428571428573,0.0,-0.095
2020-12-07,DOT,,0.0,0.0,0.0
2020-12-07,ETC,,0.0,-0.05,-0.015
2020-12-07,ETH,,0.0,-0.05,-0.015
2020-12-07,FET,,0.0,0.05,0.015
2020-12-07,FIL,,0.05,0.05,0.049999999999999996
2020-12-07,HBAR,,-0.13571428571428573,0.0,-0.095
2020-12-07,JST,,-0.13571428571428573,0.05,-0.08
2020-12-07,LINK,,0.0,0.05,0.015
2020-12-07,LTC,,0.0,-0.05,-0.015
2020-12-07,NEAR,,-0.13571428571428573,0.05,-0.08
2020-12-07,SOL,,0.0,0.05,0.015
2020-12-07,STX,,-0.13571428571428573,0.0,-0.095
2020-12-07,TRX,,0.05,-0.05,0.019999999999999997
2020-12-07,UNI,,0.05,0.0,0.034999999999999996
2020-12-07,VET,,0.0,0.0,0.0
2020-12-07,XLM,,-0.05,0.0,-0.034999999999999996
2020-12-07,XRP,,-0.13571428571428573,0.0,-0.095
2020-12-07,ZEC,,0.05,-0.05,0.019999999999999997
2020-12-14,AAVE,,-0.05,0.05,-0.004096509240246404
2020-12-14,ADA,,0.0,0.0,-0.036478439425051336
2020-12-14,ALGO,,0.0,0.05,0.013151950718685832
2020-12-14,ATOM,,0.05,0.0,0.030687885010266938
2020-12-14,AVAX,,0.05,0.0,0.017248459958932236
2020-12-14,BCH,,0.0,0.0,0.0
2020-12-14,BNB,,0.0,-0.05,0.00028747433264886615
2020-12-14,BTC,,0.0,-0.05,0.00028747433264886615
2020-12-14,CHZ,,0.0,0.0,0.013439425051334698
2020-12-14,DASH,,-0.05,-0.05,-0.03040041067761807
2020-12-14,DOGE,,-0.05,0.0,-0.05372689938398357
2020-12-14,DOT,,0.05,0.0,0.017248459958932236
2020-12-14,ETC,,0.05,-0.05,0.004096509240246404
2020-12-14,ETH,,0.05,-0.05,0.004096509240246404
2020-12-14,FET,,0.0,0.05,0.013151950718685832
2020-12-14,FIL,,0.05,0.05,0.043839835728952774
2020-12-14,HBAR,,0.0,0.0,-0.036478439425051336
2020-12-14,JST,,-0.05,0.05,-0.04057494866529774
2020-12-14,LINK,,0.05,0.05,0.03040041067761807
2020-12-14,LTC,,-0.05,-0.05,-0.03040041067761807
2020-12-14,NEAR,,0.0,0.05,-0.0233264887063655
2020-12-14,SOL,,0.0,0.05,0.013151950718685832
2020-12-14,STX,,-0.05,0.0,-0.05372689938398357
2020-12-14,TRX,,0.05,-0.05,0.017535934291581106
2020-12-14,UNI,,0.0,0.0,0.013439425051334698
2020-12-14,VET,,0.0,0.0,0.0
2020-12-14,XLM,,-0.05,0.0,-0.030687885010266938
2020-12-14,XRP,,-0.05,0.0,-0.05372689938398357
2020-12-14,ZEC,,0.0,-0.05,0.00028747433264886615
2020-12-21,AAVE,,-0.05,0.05,-0.015999999999999997
2020-12-21,ADA,,0.05,0.0,0.027999999999999997
2020-12-21,ALGO,,0.0,0.05,0.012
2020-12-21,ATOM,,0.05,0.0,0.027999999999999997
2020-12-21,AVAX,,0.05,0.0,0.027999999999999997
2020-12-21,BCH,,0.0,0.0,0.0
2020-12-21,BNB,,0.0,-0.05,-0.012
2020-12-21,BTC,,0.05,-0.05,0.015999999999999997
2020-12-21,CHZ,,-0.05,0.0,-0.027999999999999997
2020-12-21,DASH,,0.0,-0.05,-0.012
2020-12-21,DOGE,,-0.05,0.0,-0.027999999999999997
2020-12-21,DOT,,0.0,0.0,0.0
2020-12-21,ETC,,0.0,-0.05,-0.012
2020-12-21,ETH,,0.05,-0.05,0.015999999999999997
2020-12-21,FET,,0.05,0.05,0.04
2020-12-21,FIL,,0.0,0.05,0.012
2020-12-21,HBAR,,-0.05,0.0,-0.027999999999999997
2020-12-21,JST,,-0.05,0.05,-0.015999999999999997
2020-12-21,LINK,,0.05,0.05,0.04
2020-12-21,LTC,,-0.05,-0.05,-0.04
2020-12-21,NEAR,,0.0,0.05,0.012
2020-12-21,SOL,,0.0,0.05,0.012
2020-12-21,STX,,-0.05,0.0,-0.027999999999999997
2020-12-21,TRX,,0.05,-0.05,0.015999999999999997
2020-12-21,UNI,,0.0,0.0,0.0
2020-12-21,VET,,0.0,0.0,0.0
2020-12-21,XLM,,0.0,0.0,0.0
2020-12-21,XRP,,-0.05,0.0,-0.027999999999999997
2020-12-21,ZEC,,0.0,-0.05,-0.012
2020-12-28,AAVE,,0.0,0.05,0.009
2020-12-28,ADA,,0.0,0.0,0.0
2020-12-28,ALGO,,0.0,0.05,0.009
2020-12-28,ATOM,,0.0,0.0,0.0
2020-12-28,AVAX,,0.0,0.0,0.0
2020-12-28,BCH,,0.0,0.0,0.0
2020-12-28,BNB,,0.0,-0.05,-0.009
2020-12-28,BTC,,0.0,-0.05,-0.009
2020-12-28,CHZ,,-0.05,0.0,-0.020999999999999998
2020-12-28,DASH,,0.0,-0.05,-0.009
2020-12-28,DOGE,,-0.05,0.0,-0.020999999999999998
2020-12-28,DOT,,-0.05,0.0,-0.020999999999999998
2020-12-28,ETC,,0.05,-0.05,0.011999999999999999
2020-12-28,ETH,,0.0,-0.05,-0.009
2020-12-28,FET,,0.05,0.05,0.029999999999999995
2020-12-28,FIL,,0.05,0.05,0.029999999999999995
2020-12-28,HBAR,,0.05,0.0,0.020999999999999998
2020-12-28,JST,,0.0,0.05,0.009
2020-12-28,LINK,,0.05,0.05,0.029999999999999995
2020-12-28,LTC,,0.0,-0.05,-0.009
2020-12-28,NEAR,,0.0,0.05,0.009
2020-12-28,SOL,,-0.05,0.05,-0.011999999999999999
2020-12-28,STX,,-0.05,0.0,-0.020999999999999998
2020-12-28,TRX,,0.05,-0.05,0.011999999999999999
2020-12-28,UNI,,-0.05,0.0,-0.020999999999999998
2020-12-28,VET,,-0.05,0.0,-0.020999999999999998
2020-12-28,XLM,,0.05,0.0,0.020999999999999998
2020-12-28,XRP,,-0.05,0.0,-0.020999999999999998
2020-12-28,ZEC,,0.05,-0.05,0.011999999999999999
2021-01-04,AAVE,,0.0,0.05,0.012
2021-01-04,ADA,,0.0,0.0,0.0
2021-01-04,ALGO,,0.0,0.0,0.0
2021-01-04,ATOM,,0.05,-0.05,0.015999999999999997
2021-01-04,AVAX,,-0.05,0.05,-0.015999999999999997
2021-01-04,BCH,,0.0,0.0,0.0
2021-01-04,BNB,,0.05,-0.05,0.015999999999999997
2021-01-04,BTC,,0.05,-0.05,0.015999999999999997
2021-01-04,CHZ,,0.0,0.0,0.0
2021-01-04,DASH,,-0.05,0.0,-0.027999999999999997
2021-01-04,DOGE,,-0.05,0.0,-0.027999999999999997
2021-01-04,DOT,,-0.05,0.05,-0.015999999999999997
2021-01-04,ETC,,0.0,0.0,0.0
2021-01-04,ETH,,0.0,-0.05,-0.012
2021-01-04,FET,,0.05,0.0,0.027999999999999997
2021-01-04,FIL,,0.05,0.05,0.04
2021-01-04,HBAR,,-0.05,0.05,-0.015999999999999997
2021-01-04,JST,,0.05,0.0,0.027999999999999997
2021-01-04,LINK,,0.0,0.0,0.0
2021-01-04,LTC,,0.0,-0.05,-0.012
2021-01-04,NEAR,,0.05,0.0,0.027999999999999997
2021-01-04,SOL,,-0.05,0.05,-0.015999999999999997
2021-01-04,STX,,0.0,-0.05,-0.012
2021-01-04,TRX,,0.05,-0.05,0.015999999999999997
2021-01-04,UNI,,0.0,0.0,0.0
2021-01-04,VET,,0.0,-0.05,-0.012
2021-01-04,XLM,,-0.05,0.05,-0.015999999999999997
2021-01-04,XRP,,0.0,0.05,0.012
2021-01-04,ZEC,,-0.05,0.0,-0.027999999999999997
2021-01-11,AAVE,,0.0,0.05,0.012
2021-01-11,ADA,,0.0,0.0,0.0
2021-01-11,ALGO,,0.0,0.0,0.0
2021-01-11,ATOM,,0.05,-0.05,0.015999999999999997
2021-01-11,AVAX,,-0.05,0.05,-0.015999999999999997
2021-01-11,BCH,,0.0,0.0,0.0
2021-01-11,BNB,,0.05,-0.05,0.015999999999999997
2021-01-11,BTC,,0.05,-0.05,0.015999999999999997
2021-01-11,CHZ,,0.0,0.0,0.0
2021-01-11,DASH,,-0.05,0.0,-0.027999999999999997
2021-01-11,DOGE,,-0.05,0.0,-0.027999999999999997
2021-01-11,DOT,,-0.05,0.05,-0.015999999999999997
2021-01-11,ETC,,0.0,0.0,0.0
2021-01-11,ETH,,0.0,-0.05,-0.012
2021-01-11,FET,,0.05,0.0,0.027999999999999997
2021-01-11,FIL,,0.05,0.05,0.04
2021-01-11,HBAR,,-0.05,0.05,-0.015999999999999997
2021-01-11,JST,,0.05,0.0,0.027999999999999997
2021-01-11,LINK,,0.0,0.0,0.0
2021-01-11,LTC,,0.05,-0.05,0.015999999999999997
2021-01-11,NEAR,,0.0,0.0,0.0
2021-01-11,SOL,,-0.05,0.05,-0.015999999999999997
2021-01-11,STX,,0.0,-0.05,-0.012
2021-01-11,TRX,,0.05,-0.05,0.015999999999999997
2021-01-11,UNI,,0.0,0.0,0.0
2021-01-11,VET,,0.0,-0.05,-0.012
2021-01-11,XLM,,-0.05,0.05,-0.015999999999999997
2021-01-11,XRP,,0.0,0.05,0.012
2021-01-11,ZEC,,-0.05,0.0,-0.027999999999999997
2021-01-18,AAVE,,0.0,0.05,0.015
2021-01-18,ADA,,0.0,0.0,0.0
2021-01-18,ALGO,,0.0,0.0,0.0
2021-01-18,ATOM,,0.05,-0.05,0.019999999999999997
2021-01-18,AVAX,,-0.05,0.05,-0.019999999999999997
2021-01-18,BCH,,0.0,0.0,0.0
2021-01-18,BNB,,0.05,-0.05,0.019999999999999997
2021-01-18,BTC,,0.05,-0.05,0.019999999999999997
2021-01-18,CHZ,,0.05,0.0,0.034999999999999996
2021-01-18,DASH,,-0.05,0.0,-0.034999999999999996
2021-01-18,DOGE,,-0.05,0.0,-0.034999999999999996
2021-01-18,DOT,,-0.05,0.05,-0.019999999999999997
2021-01-18,ETC,,0.0,0.0,0.0
2021-01-18,ETH,,0.05,-0.05,0.019999999999999997
2021-01-18,FET,,0.05,0.0,0.034999999999999996
2021-01-18,FIL,,0.0,0.05,0.015
2021-01-18,HBAR,,-0.05,0.05,-0.019999999999999997
2021-01-18,JST,,0.0,0.0,0.0
2021-01-18,LINK,,0.0,0.0,0.0
2021-01-18,LTC,,0.05,-0.05,0.019999999999999997
2021-01-18,NEAR,,0.0,0.0,0.0
2021-01-18,SOL,,-0.05,0.05,-0.019999999999999997
2021-01-18,STX,,0.0,-0.05,-0.015
2021-01-18,TRX,,0.05,-0.05,0.019999999999999997
2021-01-18,UNI,,0.0,0.0,0.0
2021-01-18,VET,,0.0,-0.05,-0.015
2021-01-18,XLM,,-0.05,0.05,-0.019999999999999997
2021-01-18,XRP,,0.0,0.05,0.015
2021-01-18,ZEC,,-0.05,0.0,-0.034999999999999996
2021-01-25,AAVE,,0.0,0.05,0.015
2021-01-25,ADA,,0.0,0.0,0.0
2021-01-25,ALGO,,0.0,0.0,0.0
2021-01-25,ATOM,,0.05,-0.05,0.019999999999999997
2021-01-25,AVAX,,-0.13571428571428573,0.05,-0.08
2021-01-25,BCH,,0.0,0.0,0.0
2021-01-25,BNB,,0.05,-0.05,0.019999999999999997
2021-01-25,BTC,,0.05,-0.05,0.019999999999999997
2021-01-25,CHZ,,0.05,0.0,0.034999999999999996
2021-01-25,DASH,,-0.13571428571428573,0.0,-0.095
2021-01-25,DOGE,,-0.05,0.0,-0.034999999999999996
2021-01-25,DOT,,-0.13571428571428573,0.05,-0.08
2021-01-25,ETC,,0.0,0.0,0.0
2021-01-25,ETH,,0.05,-0.05,0.019999999999999997
2021-01-25,FET,,0.05,0.0,0.034999999999999996
2021-01-25,FIL,,0.0,0.05,0.015
2021-01-25,HBAR,,-0.13571428571428573,0.05,-0.08
2021-01-25,JST,,0.0,0.0,0.0
2021-01-25,LINK,,0.0,0.0,0.0
2021-01-25,LTC,,0.05,-0.05,0.019999999999999997
2021-01-25,NEAR,,0.0,0.0,0.0
2021-01-25,SOL,,-0.13571428571428573,0.05,-0.08
2021-01-25,STX,,0.0,-0.05,-0.015
2021-01-25,TRX,,0.05,-0.05,0.019999999999999997
2021-01-25,UNI,,0.0,0.0,0.0
2021-01-25,VET,,0.0,-0.05,-0.015
2021-01-25,XLM,,-0.13571428571428573,0.05,-0.08
2021-01-25,XRP,,-0.13571428571428573,0.05,-0.08
2021-01-25,ZEC,,0.0,0.0,0.0
2021-02-01,AAVE,,0.0,0.13571428571428573,0.03910714285714286
2021-02-01,ADA,,-0.13571428571428573,0.0,-0.0890625
2021-02-01,ALGO,,0.05,0.0,0.032812499999999994
2021-02-01,ATOM,,0.0,0.0,0.0012500000000000011
2021-02-01,AVAX,,-0.13571428571428573,0.13571428571428573,-0.05589285714285714
2021-02-01,BCH,,0.0,0.0,0.0
2021-02-01,BNB,,0.0,-0.05,-0.012812499999999998
2021-02-01,BTC,,0.05,-0.05,0.019999999999999997
2021-02-01,CHZ,,0.05,0.0,0.034999999999999996
2021-02-01,DASH,,-0.13571428571428573,0.0,-0.095
2021-02-01,DOGE,,-0.05,0.05,-0.020937499999999998
2021-02-01,DOT,,-0.13571428571428573,0.13571428571428573,-0.05589285714285714
2021-02-01,ETC,,0.05,-0.05,0.018749999999999996
2021-02-01,ETH,,0.05,-0.05,0.019999999999999997
2021-02-01,FET,,0.0,0.0,0.002187500000000002
2021-02-01,FIL,,0.0,0.13571428571428573,0.03910714285714286
2021-02-01,HBAR,,-0.13571428571428573,0.0,-0.0940625
2021-02-01,JST,,0.0,0.0,0.0
2021-02-01,LINK,,0.0,-0.05,-0.014062499999999999
2021-02-01,LTC,,0.05,-0.05,0.019999999999999997
2021-02-01,NEAR,,0.0,0.13571428571428573,0.03816964285714286
2021-02-01,SOL,,0.0,0.13571428571428573,0.033169642857142856
2021-02-01,STX,,0.05,-0.05,0.017812499999999995
2021-02-01,TRX,,0.05,-0.05,0.019999999999999997
2021-02-01,UNI,,0.0,0.0,0.0
2021-02-01,VET,,0.0,0.0,-0.0009375000000000008
2021-02-01,XLM,,-0.13571428571428573,0.0,-0.0940625
2021-02-01,XRP,,-0.13571428571428573,0.13571428571428573,-0.05589285714285714
2021-02-01,ZEC,,0.0,0.0,0.0
2021-02-08,AAVE,,0.0,0.13571428571428573,0.040409288986875194
2021-02-08,ADA,,-0.13571428571428573,0.0,-0.09387320653484446
2021-02-08,ALGO,,0.05,0.0,0.03458486556546901
2021-02-08,ATOM,,0.0,0.0,0.00023721967687484967
2021-02-08,AVAX,,0.0,0.13571428571428573,0.022380593544386644
2021-02-08,BCH,,0.0,0.0,0.0
2021-02-08,BNB,,-0.13571428571428573,-0.05,-0.09155617012298045
2021-02-08,BTC,,0.05,-0.05,0.019999999999999997
2021-02-08,CHZ,,0.05,0.0,0.034999999999999996
2021-02-08,DASH,,-0.13571428571428573,0.0,-0.095
2021-02-08,DOGE,,-0.05,0.05,-0.020177914757656134
2021-02-08,DOT,,0.0,0.13571428571428573,0.022380593544386644
2021-02-08,ETC,,-0.13571428571428573,-0.05,-0.08556637328189051
2021-02-08,ETH,,0.05,-0.05,0.019999999999999997
2021-02-08,FET,,0.0,0.0,0.0004151344345309869
2021-02-08,FIL,,-0.13571428571428573,0.13571428571428573,-0.03656201557063624
2021-02-08,HBAR,,0.0,0.0,-0.01785078068483241
2021-02-08,JST,,0.05,0.0,0.028357849047504213
2021-02-08,LINK,,0.05,-0.05,0.01353576380516035
2021-02-08,LTC,,0.05,-0.05,0.019999999999999997
2021-02-08,NEAR,,0.0,0.13571428571428573,0.04023137422921906
2021-02-08,SOL,,0.0,0.13571428571428573,0.03928249552171966
2021-02-08,STX,,0.05,-0.05,0.019584865565469012
2021-02-08,TRX,,0.0,-0.05,-0.008357849047504216
2021-02-08,UNI,,0.0,0.0,0.0
2021-02-08,VET,,0.0,0.0,-0.0001779147576561372
2021-02-08,XLM,,-0.13571428571428573,0.0,-0.09482208524234387
2021-02-08,XRP,,-0.13571428571428573,0.13571428571428573,-0.05459071101312481
2021-02-08,ZEC,,0.0,0.0,0.0
2021-02-15,AAVE,,0.0,0.13571428571428573,0.04071428571428572
2021-02-15,ADA,,-0.13571428571428573,0.0,-0.095
2021-02-15,ALGO,,0.0,0.0,0.0
2021-02-15,ATOM,,0.0,0.0,0.0
2021-02-15,AVAX,,0.0,0.13571428571428573,0.04071428571428572
2021-02-15,BCH,,0.0,0.0,0.0
2021-02-15,BNB,,-0.13571428571428573,-0.05,-0.11
2021-02-15,BTC,,0.05,-0.05,0.019999999999999997
2021-02-15,CHZ,,0.05,0.0,0.034999999999999996
2021-02-15,DASH,,-0.13571428571428573,0.0,-0.095
2021-02-15,DOGE,,-0.05,0.05,-0.019999999999999997
2021-02-15,DOT,,0.0,0.13571428571428573,0.04071428571428572
2021-02-15,ETC,,-0.13571428571428573,-0.05,-0.11
2021-02-15,ETH,,0.05,-0.05,0.019999999999999997
2021-02-15,FET,,0.0,0.0,0.0
2021-02-15,FIL,,-0.13571428571428573,0.13571428571428573,-0.054285714285714284
2021-02-15,HBAR,,0.05,0.0,0.034999999999999996
2021-02-15,JST,,0.05,0.0,0.034999999999999996
2021-02-15,LINK,,0.05,-0.05,0.019999999999999997
2021-02-15,LTC,,0.05,-0.05,0.019999999999999997
2021-02-15,NEAR,,0.0,0.13571428571428573,0.04071428571428572
2021-02-15,SOL,,0.0,0.13571428571428573,0.04071428571428572
2021-02-15,STX,,0.05,-0.05,0.019999999999999997
2021-02-15,TRX,,0.0,-0.05,-0.015
2021-02-15,UNI,,0.0,0.0,0.0
2021-02-15,VET,,0.0,0.0,0.0
2021-02-15,XLM,,-0.13571428571428573,0.0,-0.095
2021-02-15,XRP,,-0.13571428571428573,0.13571428571428573,-0.054285714285714284
2021-02-15,ZEC,,0.0,0.0,0.0
2021-02-22,AAVE,,0.0,0.13571428571428573,0.04071428571428572
2021-02-22,ADA,,-0.05,0.0,-0.037857142857142846
2021-02-22,ALGO,,0.0,0.0,0.0
2021-02-22,ATOM,,0.0,0.0,0.0
2021-02-22,AVAX,,-0.05,0.13571428571428573,0.007380952380952384
2021-02-22,BCH,,0.0,0.0,0.0
2021-02-22,BNB,,-0.05,-0.05,-0.052857142857142846
2021-02-22,BTC,,0.05,-0.05,0.019999999999999997
2021-02-22,CAKE,,0.0,0.0,0.0
2021-02-22,CHZ,,0.0,0.0,0.0016666666666666635
2021-02-22,DASH,,-0.05,0.0,-0.037857142857142846
2021-02-22,DOGE,,-0.05,0.05,-0.019999999999999997
2021-02-22,DOT,,0.0,0.13571428571428573,0.04071428571428572
2021-02-22,ETC,,-0.05,-0.05,-0.052857142857142846
2021-02-22,ETH,,0.05,-0.05,0.019999999999999997
2021-02-22,FET,,0.0,0.0,0.0
2021-02-22,FIL,,-0.05,0.13571428571428573,0.0028571428571428706
2021-02-22,HBAR,,0.05,0.0,0.034999999999999996
2021-02-22,JST,,0.05,0.0,0.034999999999999996
2021-02-22,LINK,,0.05,-0.05,0.019999999999999997
2021-02-22,LTC,,0.05,-0.05,0.019999999999999997
2021-02-22,NEAR,,0.0,0.13571428571428573,0.04071428571428572
2021-02-22,SOL,,0.0,0.13571428571428573,0.04071428571428572
2021-02-22,STX,,0.05,-0.05,0.019999999999999997
2021-02-22,TRX,,0.0,-0.05,-0.015
2021-02-22,UNI,,0.05,0.0,0.03333333333333333
2021-02-22,VET,,-0.05,0.0,-0.03333333333333333
2021-02-22,XLM,,0.0,0.0,-0.004523809523809513
2021-02-22,XRP,,0.0,0.13571428571428573,0.0361904761904762
2021-02-22,ZEC,,0.0,0.0,0.0
2021-03-01,AAVE,,0.05,-0.13571428571428573,-0.000430796489348545
2021-03-01,ADA,,0.0,-0.13571428571428573,-0.03305472001318555
2021-03-01,ALGO,,0.0,0.0,0.0
2021-03-01,ATOM,,0.0,0.0,0.0
2021-03-01,AVAX,,-0.05,0.05,-0.013862197316192117
2021-03-01,BCH,,0.0,0.05,0.010902797807903085
2021-03-01,BNB,,-0.05,0.05,-0.019369978161440517
2021-03-01,BTC,,0.05,-0.13571428571428573,-0.0023247764638015603
2021-03-01,CAKE,,0.0,0.0,0.0
2021-03-01,CHZ,,-0.05,-0.05,-0.036190270166330155
2021-03-01,DASH,,-0.05,0.05,-0.01799847542131938
2021-03-01,DOGE,,0.0,0.0,-0.0018286703201615233
2021-03-01,DOT,,0.0,0.0,0.003722650294614535
2021-03-01,ETC,,-0.05,0.05,-0.019369978161440517
2021-03-01,ETH,,0.05,-0.13571428571428573,-0.0023247764638015603
2021-03-01,FET,,0.0,0.0,0.0
2021-03-01,FIL,,-0.05,0.0,-0.02517862293460793
2021-03-01,HBAR,,0.0,0.0,0.0032001730602826683
2021-03-01,JST,,0.05,0.05,0.03954283241995962
2021-03-01,LINK,,0.05,0.0,0.027268531871935387
2021-03-01,LTC,,0.0,0.0,0.0018286703201615233
2021-03-01,NEAR,,0.05,0.0,0.029162511846388395
2021-03-01,SOL,,0.05,-0.13571428571428573,-0.000430796489348545
2021-03-01,STX,,0.05,-0.13571428571428573,-0.0023247764638015603
2021-03-01,TRX,,0.0,0.0,-0.0013715027401211433
2021-03-01,UNI,,0.0,0.0,0.0030477838669358756
2021-03-01,VET,,-0.05,0.05,-0.017584847610806652
2021-03-01,XLM,,0.0,-0.13571428571428573,-0.030006936146249677
2021-03-01,XRP,,0.0,0.0,0.003309022484101809
2021-03-01,ZEC,,-0.05,0.05,-0.014537063743870777
2021-03-08,AAVE,,0.0,-0.13571428571428573,-0.027293064307876907
2021-03-08,ADA,,0.0,-0.13571428571428573,-0.03816235366645898
2021-03-08,ALGO,,0.0,0.0,0.0
2021-03-08,ATOM,,0.05,0.0,0.023339074934613215
2021-03-08,AVAX,,0.0,0.05,0.0053840022820993184
2021-03-08,BCH,,0.0,0.05,0.013634938064577697
2021-03-08,BNB,,-0.05,0.05,-0.019790096072885732
2021-03-08,BTC,,0.05,-0.13571428571428573,-0.0045850053320476885
2021-03-08,CAKE,,0.0,0.0,0.0
2021-03-08,CHZ,,-0.05,-0.05,-0.0453990221496097
2021-03-08,DASH,,-0.17,0.05,-0.07534693332511387
2021-03-08,DOGE,,-0.17,0.0,-0.07996211156547638
2021-03-08,DOT,,0.0,0.0,0.0012402727465754323
2021-03-08,ETC,,-0.17,0.05,-0.07580387591595744
2021-03-08,ETH,,0.05,-0.13571428571428573,-0.0045850053320476885
2021-03-08,FET,,0.0,0.0,0.0
2021-03-08,FIL,,0.0,0.0,-0.008388743865431203
2021-03-08,HBAR,,-0.05,0.0,-0.022272875555978195
2021-03-08,JST,,0.05,0.05,0.04651599292722734
2021-03-08,LINK,,0.05,0.0,0.03242411227180606
2021-03-08,LTC,,0.05,0.0,0.023948331722404657
2021-03-08,NEAR,,0.0,0.0,0.009716053295976843
2021-03-08,SOL,,0.05,-0.13571428571428573,-0.003953989373263694
2021-03-08,STX,,0.05,-0.13571428571428573,-0.0045850053320476885
2021-03-08,TRX,,0.0,0.0,-0.0004569425908435799
2021-03-08,UNI,,-0.17,0.0,-0.07833742679803254
2021-03-08,VET,,0.0,0.05,0.004143729535523888
2021-03-08,XLM,,-0.17,-0.13571428571428573,-0.11649978046449151
2021-03-08,XRP,,0.0,0.0,0.0011024646636226066
2021-03-08,ZEC,,0.0,0.05,0.005159157515176288
2021-03-15,AAVE,,0.0,-0.13571428571428573,-0.04071428571428572
2021-03-15,ADA,,0.0,-0.13571428571428573,-0.04071428571428572
2021-03-15,ALGO,,0.0,0.0,0.0
2021-03-15,ATOM,,0.05,0.0,0.034999999999999996
2021-03-15,AVAX,,0.0,0.05,0.015
2021-03-15,BCH,,0.0,0.05,0.015
2021-03-15,BNB,,-0.15000000000000002,0.05,-0.09000000000000001
2021-03-15,BTC,,0.05,-0.13571428571428573,-0.00571428571428572
2021-03-15,CAKE,,0.0,0.0,0.0
2021-03-15,CHZ,,-0.05,-0.05,-0.049999999999999996
2021-03-15,DASH,,-0.15000000000000002,0.05,-0.09000000000000001
2021-03-15,DOGE,,-0.15000000000000002,0.0,-0.10500000000000001
2021-03-15,DOT,,0.0,0.0,0.0
2021-03-15,ETC,,-0.15000000000000002,0.05,-0.09000000000000001
2021-03-15,ETH,,0.05,-0.13571428571428573,-0.00571428571428572
2021-03-15,FET,,0.0,0.0,0.0
2021-03-15,FIL,,0.0,0.0,0.0
2021-03-15,HBAR,,-0.05,0.0,-0.034999999999999996
2021-03-15,JST,,0.05,0.05,0.049999999999999996
2021-03-15,LINK,,0.0,0.0,0.0
2021-03-15,LTC,,0.05,0.0,0.034999999999999996
2021-03-15,NEAR,,-0.15000000000000002,0.0,-0.10500000000000001
2021-03-15,SOL,,0.05,-0.13571428571428573,-0.00571428571428572
2021-03-15,STX,,0.05,-0.13571428571428573,-0.00571428571428572
2021-03-15,TRX,,0.0,0.0,0.0
2021-03-15,UNI,,0.05,0.0,0.034999999999999996
2021-03-15,VET,,0.0,0.05,0.015
2021-03-15,XLM,,-0.15000000000000002,-0.13571428571428573,-0.14571428571428574
2021-03-15,XRP,,0.0,0.0,0.0
2021-03-15,ZEC,,0.0,0.05,0.015
2021-03-22,AAVE,,0.0,-0.13571428571428573,-0.03324377457404981
2021-03-22,ADA,,0.0,-0.13571428571428573,-0.03324377457404981
2021-03-22,ALGO,,0.05,0.0,0.025688073394495407
2021-03-22,ATOM,,0.05,0.0,0.028577981651376143
2021-03-22,AVAX,,0.0,0.05,0.012247706422018348
2021-03-22,BCH,,0.0,0.05,0.012247706422018348
2021-03-22,BNB,,-0.15000000000000002,0.05,-0.0734862385321101
2021-03-22,BTC,,0.05,-0.13571428571428573,-0.004665792922673662
2021-03-22,CAKE,,-0.15000000000000002,0.0,-0.07706422018348626
2021-03-22,CHZ,,-0.05,-0.05,-0.0408256880733945
2021-03-22,DASH,,0.0,0.05,0.0035779816513761414
2021-03-22,DOGE,,-0.15000000000000002,0.0,-0.08573394495412846
2021-03-22,DOT,,0.0,0.0,0.0
2021-03-22,ETC,,-0.15000000000000002,0.05,-0.0734862385321101
2021-03-22,ETH,,0.05,-0.13571428571428573,-0.004665792922673662
2021-03-22,FET,,-0.15000000000000002,0.0,-0.07706422018348626
2021-03-22,FIL,,0.0,0.0,0.0
2021-03-22,HBAR,,-0.05,0.0,-0.028577981651376143
2021-03-22,JST,,0.0,0.05,0.01513761467889909
2021-03-22,LINK,,0.05,0.0,0.025688073394495407
2021-03-22,LTC,,0.05,0.0,0.028577981651376143
2021-03-22,NEAR,,-0.15000000000000002,0.0,-0.08573394495412846
2021-03-22,SOL,,0.05,-0.13571428571428573,-0.004665792922673662
2021-03-22,STX,,0.05,-0.13571428571428573,-0.004665792922673662
2021-03-22,TRX,,0.0,0.0,0.0
2021-03-22,UNI,,0.0,0.0,0.0028899082568807355
2021-03-22,VET,,0.0,0.05,0.012247706422018348
2021-03-22,XLM,,0.0,-0.13571428571428573,-0.04191349934469203
2021-03-22,XRP,,0.0,0.0,0.0
2021-03-22,ZEC,,0.0,0.05,0.012247706422018348
2021-03-29,AAVE,,0.0,-0.13571428571428573,-0.03260296779873607
2021-03-29,ADA,,0.0,-0.13571428571428573,-0.03260296779873607
2021-03-29,ALGO,,0.05,0.0,0.027891549323644415
2021-03-29,ATOM,,0.05,0.0,0.028027112669088892
2021-03-29,AVAX,,0.0,0.13571428571428573,0.031618058595098635
2021-03-29,BCH,,0.0,0.13571428571428573,0.031618058595098635
2021-03-29,BNB,,0.0,0.13571428571428573,0.027596346013579104
2021-03-29,BTC,,0.05,-0.13571428571428573,-0.004575855129647172
2021-03-29,CAKE,,-0.13571428571428573,0.13571428571428573,-0.045006393513599585
2021-03-29,CHZ,,-0.05,0.05,-0.017164553691342087
2021-03-29,DASH,,0.0,0.13571428571428573,0.0312113685587652
2021-03-29,DOGE,,-0.13571428571428573,0.0,-0.07645661177624316
2021-03-29,DOT,,0.0,0.0,0.0
2021-03-29,ETC,,0.0,0.13571428571428573,0.027596346013579104
2021-03-29,ETH,,0.05,-0.13571428571428573,-0.004575855129647172
2021-03-29,FET,,-0.13571428571428573,0.0,-0.07604992173990972
2021-03-29,FIL,,0.0,0.0,0.0
2021-03-29,HBAR,,-0.13571428571428573,0.0,-0.07377547005523014
2021-03-29,JST,,-0.13571428571428573,0.13571428571428573,-0.04068127725418052
2021-03-29,LINK,,0.05,0.0,0.027891549323644415
2021-03-29,LTC,,0.05,0.0,0.028027112669088892
2021-03-29,NEAR,,-0.13571428571428573,-0.05,-0.08789370112277847
2021-03-29,SOL,,0.0,-0.13571428571428573,-0.03126239693822956
2021-03-29,STX,,0.05,-0.13571428571428573,-0.004575855129647172
2021-03-29,TRX,,-0.13571428571428573,0.0,-0.07243489919472364
2021-03-29,UNI,,0.05,0.0,0.026822105154026863
2021-03-29,VET,,0.0,0.0,0.0005745303687885034
2021-03-29,XLM,,0.0,-0.13571428571428573,-0.033009657835069504
2021-03-29,XRP,,0.0,0.0,0.0
2021-03-29,ZEC,,0.0,0.0,0.0005745303687885034
2021-04-05,AAVE,,0.0,-0.13571428571428573,-0.03802277073220349
2021-04-05,ADA,,0.05,-0.13571428571428573,-0.014636546120329736
2021-04-05,ALGO,,0.05,0.0,0.032641258585349484
2021-04-05,ATOM,,0.05,0.0,0.03268624150663106
2021-04-05,AVAX,,0.0,0.13571428571428573,0.03769595603881082
2021-04-05,BCH,,0.0,0.13571428571428573,0.03769595603881082
2021-04-05,BNB,,-0.17,0.13571428571428573,-0.04315170097291335
2021-04-05,BTC,,0.05,-0.13571428571428573,-0.005336529225572425
2021-04-05,CAKE,,-0.17,0.13571428571428573,-0.06724289838523587
2021-04-05,CHZ,,-0.17,0.05,-0.07518607516695859
2021-04-05,DASH,,0.0,0.13571428571428573,0.03756100727496609
2021-04-05,DOGE,,-0.17,0.0,-0.10488316128341237
2021-04-05,DOT,,0.0,0.0,0.0
2021-04-05,ETC,,0.0,0.13571428571428573,0.03636146270745741
2021-04-05,ETH,,0.05,-0.13571428571428573,-0.005336529225572425
2021-04-05,FET,,0.0,0.0,-0.02523504883919688
2021-04-05,FIL,,-0.17,0.0,-0.07951316368037076
2021-04-05,HBAR,,0.0,0.0,-0.024480335382139333
2021-04-05,JST,,-0.05,0.13571428571428573,-0.009680789923469556
2021-04-05,LINK,,0.05,0.0,0.032641258585349484
2021-04-05,LTC,,0.05,0.0,0.03268624150663106
2021-04-05,NEAR,,0.0,-0.05,-0.039187744915690145
2021-04-05,SOL,,0.0,-0.13571428571428573,-0.037577939621752356
2021-04-05,STX,,0.0,-0.13571428571428573,-0.028722753837446175
2021-04-05,TRX,,-0.05,0.0,-0.047421728883561956
2021-04-05,UNI,,0.05,0.0,0.032286393317461505
2021-04-05,VET,,0.0,0.0,0.00019064190447905764
2021-04-05,XLM,,0.0,-0.13571428571428573,-0.038157719496048216
2021-04-05,XRP,,-0.05,0.0,-0.02338622461187375
2021-04-05,ZEC,,0.0,0.0,0.00019064190447905764
2021-04-12,AAVE,,0.05,-0.13571428571428573,-0.01806337930488301
2021-04-12,ADA,,0.0,-0.13571428571428573,-0.030746735496490277
2021-04-12,ALGO,,0.0,0.0,0.012476287791328526
2021-04-12,ATOM,,0.05,0.0,0.0341156248841502
2021-04-12,AVAX,,0.0,0.13571428571428573,0.03956060625116495
2021-04-12,BCH,,0.0,0.13571428571428573,0.03956060625116495
2021-04-12,BNB,,-0.13571428571428573,0.13571428571428573,-0.05003002193856516
2021-04-12,BTC,,0.05,-0.13571428571428573,-0.005569897940269427
2021-04-12,CAKE,,0.0,0.13571428571428573,-0.0005495918548103496
2021-04-12,CHZ,,-0.13571428571428573,0.05,-0.07816000012788095
2021-04-12,DASH,,0.0,0.13571428571428573,0.03950902553130979
2021-04-12,DOGE,,-0.05,0.0,-0.06171105434430186
2021-04-12,DOT,,0.0,0.0,0.0
2021-04-12,ETC,,-0.13571428571428573,0.13571428571428573,-0.019638145023605356
2021-04-12,ETH,,0.05,-0.13571428571428573,-0.005569897940269427
2021-04-12,FET,,0.0,0.0,-0.00964545318995028
2021-04-12,FIL,,0.0,0.0,-0.0303918769149598
2021-04-12,HBAR,,-0.13571428571428573,0.0,-0.06804565850548139
2021-04-12,JST,,0.0,0.13571428571428573,0.021452054594171825
2021-04-12,LINK,,0.0,0.0,0.012476287791328526
2021-04-12,LTC,,0.05,0.0,0.0341156248841502
2021-04-12,NEAR,,0.05,-0.05,-0.002623004482410818
2021-04-12,SOL,,0.05,-0.13571428571428573,-0.01789335396906414
2021-04-12,STX,,0.0,-0.13571428571428573,-0.0361308287877354
2021-04-12,TRX,,-0.13571428571428573,0.0,-0.07681442049759188
2021-04-12,UNI,,0.05,0.0,0.03396279312161639
2021-04-12,VET,,0.0,0.0,7.286800106522974e-05
2021-04-12,XLM,,-0.13571428571428573,-0.13571428571428573,-0.09842577881158851
2021-04-12,XRP,,-0.13571428571428573,0.0,-0.06762746259524305
2021-04-12,ZEC,,0.0,0.0,7.286800106522974e-05
2021-04-19,AAVE,,0.05,-0.13571428571428573,-0.00571428571428572
2021-04-19,ADA,,0.0,-0.13571428571428573,-0.04071428571428572
2021-04-19,ALGO,,0.0,0.0,0.0
2021-04-19,ATOM,,0.0,0.0,0.0
2021-04-19,AVAX,,0.0,0.13571428571428573,0.04071428571428572
2021-04-19,BCH,,0.0,0.13571428571428573,0.04071428571428572
2021-04-19,BNB,,-0.13571428571428573,0.13571428571428573,-0.054285714285714284
2021-04-19,BTC,,0.05,-0.13571428571428573,-0.00571428571428572
2021-04-19,CAKE,,0.0,0.13571428571428573,0.04071428571428572
2021-04-19,CHZ,,-0.13571428571428573,0.05,-0.08
2021-04-19,DASH,,0.0,0.13571428571428573,0.04071428571428572
2021-04-19,DOGE,,-0.05,0.0,-0.034999999999999996
2021-04-19,DOT,,0.0,0.0,0.0
2021-04-19,ETC,,-0.13571428571428573,0.13571428571428573,-0.054285714285714284
2021-04-19,ETH,,0.05,-0.13571428571428573,-0.00571428571428572
2021-04-19,FET,,0.05,0.0,0.034999999999999996
2021-04-19,FIL,,0.0,0.0,0.0
2021-04-19,HBAR,,-0.13571428571428573,0.0,-0.095
2021-04-19,JST,,0.0,0.13571428571428573,0.04071428571428572
2021-04-19,LINK,,0.0,0.0,0.0
2021-04-19,LTC,,0.05,0.0,0.034999999999999996
2021-04-19,NEAR,,0.05,-0.05,0.019999999999999997
2021-04-19,SOL,,0.05,-0.13571428571428573,-0.00571428571428572
2021-04-19,STX,,0.0,-0.13571428571428573,-0.04071428571428572
2021-04-19,TRX,,-0.13571428571428573,0.0,-0.095
2021-04-19,UNI,,0.05,0.0,0.034999999999999996
2021-04-19,VET,,0.0,0.0,0.0
2021-04-19,XLM,,-0.13571428571428573,-0.13571428571428573,-0.13571428571428573
2021-04-19,XRP,,-0.13571428571428573,0.0,-0.095
2021-04-19,ZEC,,0.0,0.0,0.0
2021-04-26,AAVE,,0.0,-0.05,-0.010329670329670332
2021-04-26,ADA,,0.05,-0.05,-0.010536770921386312
2021-04-26,ALGO,,0.0,0.0,0.0
2021-04-26,ATOM,,0.05,0.0,0.017396449704142006
2021-04-26,AVAX,,0.0,0.13571428571428573,0.04071428571428572
2021-04-26,BCH,,0.0,0.13571428571428573,0.04071428571428572
2021-04-26,BNB,,-0.13571428571428573,-0.05,-0.08197802197802198
2021-04-26,BTC,,0.05,-0.05,0.007066779374471676
2021-04-26,CAKE,,-0.13571428571428573,0.0,-0.026741335587489437
2021-04-26,CHZ,,0.0,0.13571428571428573,-0.02000000000000001
2021-04-26,DASH,,0.0,0.13571428571428573,0.04071428571428572
2021-04-26,DOGE,,-0.05,0.05,-0.02754437869822485
2021-04-26,DOT,,0.05,0.0,0.017396449704142006
2021-04-26,ETC,,-0.13571428571428573,0.0,-0.07452240067624682
2021-04-26,ETH,,0.05,-0.05,0.007066779374471676
2021-04-26,FET,,-0.13571428571428573,0.13571428571428573,-0.009378698224852065
2021-04-26,FIL,,0.05,0.0,0.017396449704142006
2021-04-26,HBAR,,0.0,0.0,-0.0477810650887574
2021-04-26,JST,,0.0,0.13571428571428573,0.04071428571428572
2021-04-26,LINK,,0.0,0.0,0.0
2021-04-26,LTC,,0.0,-0.05,0.01014792899408284
2021-04-26,NEAR,,0.05,0.0,0.027455621301775143
2021-04-26,SOL,,0.0,-0.05,-0.010329670329670332
2021-04-26,STX,,-0.13571428571428573,-0.05,-0.07515215553677092
2021-04-26,TRX,,0.0,0.0,-0.0477810650887574
2021-04-26,UNI,,0.05,0.0,0.034999999999999996
2021-04-26,VET,,-0.13571428571428573,0.13571428571428573,-0.026982248520710055
2021-04-26,XLM,,0.0,0.0,-0.06825866441251058
2021-04-26,XRP,,-0.13571428571428573,0.0,-0.095
2021-04-26,ZEC,,0.0,0.0,0.0
2021-05-03,AAVE,,0.0,-0.05,-0.0132246645658809
2021-05-03,ADA,,0.0,-0.05,-0.01330338984757487
2021-05-03,ALGO,,0.0,0.0,0.0
2021-05-03,ATOM,,0.05,0.0,0.028308351056012617
2021-05-03,AVAX,,-0.13571428571428573,0.13571428571428573,-0.018173302925809286
2021-05-03,BCH,,-0.13571428571428573,0.13571428571428573,-0.018173302925809286
2021-05-03,BNB,,0.05,-0.05,-0.01876497136147119
2021-05-03,BTC,,0.05,-0.05,0.015083686490131717
2021-05-03,CAKE,,0.0,0.0,-0.010165201168933529
2021-05-03,CHZ,,0.0,0.13571428571428573,0.017634925070737405
2021-05-03,DASH,,0.0,0.13571428571428573,0.04071428571428572
2021-05-03,DOGE,,-0.05,0.05,-0.022867849547423158
2021-05-03,DOT,,0.05,0.0,0.028308351056012617
2021-05-03,ETC,,-0.13571428571428573,0.0,-0.08721583694270856
2021-05-03,ETH,,0.0,-0.05,-0.006611740903587493
2021-05-03,FET,,-0.13571428571428573,0.13571428571428573,-0.03721518126533832
2021-05-03,FIL,,0.05,0.0,0.028308351056012617
2021-05-03,HBAR,,0.0,0.0,-0.01816304713368003
2021-05-03,JST,,0.0,0.13571428571428573,0.04071428571428572
2021-05-03,LINK,,0.0,0.0,0.0
2021-05-03,LTC,,-0.13571428571428573,-0.05,-0.06432809014868446
2021-05-03,NEAR,,0.05,0.0,0.032132150452576835
2021-05-03,SOL,,0.0,-0.05,-0.0132246645658809
2021-05-03,STX,,0.05,-0.05,-0.01617025034237403
2021-05-03,TRX,,0.0,0.0,-0.01816304713368003
2021-05-03,UNI,,0.05,0.0,0.034999999999999996
2021-05-03,VET,,-0.13571428571428573,0.13571428571428573,-0.043906830209325697
2021-05-03,XLM,,0.0,0.0,-0.025947210190971473
2021-05-03,XRP,,-0.13571428571428573,0.0,-0.095
2021-05-03,ZEC,,0.0,0.0,0.0
2021-05-10,AAVE,,0.0,-0.05,-0.015
2021-05-10,ADA,,0.0,-0.05,-0.015
2021-05-10,ALGO,,0.0,0.0,0.0
2021-05-10,ATOM,,0.05,0.0,0.034999999999999996
2021-05-10,AVAX,,-0.05,0.13571428571428573,0.00571428571428572
2021-05-10,BCH,,-0.05,0.13571428571428573,0.00571428571428572
2021-05-10,BNB,,0.05,-0.05,0.019999999999999997
2021-05-10,BTC,,0.05,-0.05,0.019999999999999997
2021-05-10,CAKE,,0.0,0.0,0.0
2021-05-10,CHZ,,0.0,0.13571428571428573,0.04071428571428572
2021-05-10,DASH,,0.0,0.13571428571428573,0.04071428571428572
2021-05-10,DOGE,,-0.05,0.05,-0.019999999999999997
2021-05-10,DOT,,0.05,0.0,0.034999999999999996
2021-05-10,ETC,,-0.05,0.0,-0.034999999999999996
2021-05-10,ETH,,0.0,-0.05,-0.015
2021-05-10,FET,,-0.05,0.13571428571428573,0.00571428571428572
2021-05-10,FIL,,0.05,0.0,0.034999999999999996
2021-05-10,HBAR,,0.0,0.0,0.0
2021-05-10,JST,,0.0,0.13571428571428573,0.04071428571428572
2021-05-10,LINK,,0.0,0.0,0.0
2021-05-10,LTC,,-0.05,-0.05,-0.049999999999999996
2021-05-10,NEAR,,0.05,0.0,0.034999999999999996
2021-05-10,SOL,,-0.05,-0.05,-0.049999999999999996
2021-05-10,STX,,0.05,-0.05,0.019999999999999997
2021-05-10,TRX,,0.0,0.0,0.0
2021-05-10,UNI,,0.05,0.0,0.034999999999999996
2021-05-10,VET,,0.0,0.13571428571428573,0.04071428571428572
2021-05-10,XLM,,0.0,0.0,0.0
2021-05-10,XRP,,-0.05,0.0,-0.034999999999999996
2021-05-10,ZEC,,0.0,0.0,0.0
2021-05-17,AAVE,,0.0,-0.05,-0.015
2021-05-17,ADA,,0.0,-0.05,-0.015
2021-05-17,ALGO,,0.05,0.0,0.034999999999999996
2021-05-17,ATOM,,0.0,0.0,0.0
2021-05-17,AVAX,,-0.05,0.13571428571428573,0.00571428571428572
2021-05-17,BCH,,-0.05,0.13571428571428573,0.00571428571428572
2021-05-17,BNB,,0.05,-0.05,0.019999999999999997
2021-05-17,BTC,,0.05,-0.05,0.019999999999999997
2021-05-17,CAKE,,-0.05,0.0,-0.034999999999999996
2021-05-17,CHZ,,0.0,0.13571428571428573,0.04071428571428572
2021-05-17,DASH,,0.0,0.13571428571428573,0.04071428571428572
2021-05-17,DOGE,,-0.05,0.05,-0.019999999999999997
2021-05-17,DOT,,0.0,0.0,0.0
2021-05-17,ETC,,-0.05,0.0,-0.034999999999999996
2021-05-17,ETH,,0.0,-0.05,-0.015
2021-05-17,FET,,-0.05,0.13571428571428573,0.00571428571428572
2021-05-17,FIL,,0.05,0.0,0.034999999999999996
2021-05-17,HBAR,,0.0,0.0,0.0
2021-05-17,ICP,,0.0,0.0,0.0
2021-05-17,JST,,0.0,0.13571428571428573,0.04071428571428572
2021-05-17,LINK,,0.0,0.0,0.0
2021-05-17,LTC,,-0.05,-0.05,-0.049999999999999996
2021-05-17,NEAR,,0.05,0.0,0.034999999999999996
2021-05-17,SHIB,,0.0,0.0,0.0
2021-05-17,SOL,,0.05,-0.05,0.019999999999999997
2021-05-17,STX,,0.05,-0.05,0.019999999999999997
2021-05-17,TRX,,0.0,0.0,0.0
2021-05-17,UNI,,0.05,0.0,0.034999999999999996
2021-05-17,VET,,0.0,0.13571428571428573,0.04071428571428572
2021-05-17,XLM,,0.0,0.0,0.0
2021-05-17,XRP,,-0.05,0.0,-0.034999999999999996
2021-05-17,ZEC,,0.0,0.0,0.0
2021-05-24,AAVE,,0.05,-0.05,0.015970504281636533
2021-05-24,ADA,,0.0,-0.05,-0.012002854424357754
2021-05-24,ALGO,,0.05,-0.05,0.01601807802093244
2021-05-24,ATOM,,0.0,0.0,0.0
2021-05-24,AVAX,,0.0,0.05,0.011994019301345658
2021-05-24,BCH,,-0.05,0.0,-0.02796792170721761
2021-05-24,BNB,,0.0,0.05,0.012007611798287346
2021-05-24,BTC,,0.05,-0.05,0.01600380589914367
2021-05-24,CAKE,,0.0,0.05,0.011955280685061846
2021-05-24,CHZ,,0.0,0.05,0.012027320918852794
2021-05-24,DASH,,0.0,0.05,0.012027320918852794
2021-05-24,DOGE,,-0.05,0.0,-0.027992388201712654
2021-05-24,DOT,,0.0,0.05,0.011988582302568981
2021-05-24,ETC,,-0.05,0.0,-0.028006660323501423
2021-05-24,ETH,,0.0,-0.05,-0.012002854424357754
2021-05-24,FET,,-0.05,0.05,-0.01597933940464863
2021-05-24,FIL,,0.05,-0.05,0.01601807802093244
2021-05-24,HBAR,,0.05,-0.05,0.015984776403425306
2021-05-24,ICP,,0.0,0.0,0.0
2021-05-24,JST,,0.05,0.0,0.0280120973222781
2021-05-24,LINK,,-0.05,0.0,-0.027973358705994288
2021-05-24,LTC,,-0.05,0.0,-0.028020932445290195
2021-05-24,NEAR,,0.0,0.0,3.330161750713517e-05
2021-05-24,SHIB,,0.0,0.0,0.0
2021-05-24,SOL,,0.0,0.0,1.902949571836246e-05
2021-05-24,STX,,0.05,-0.05,0.01600380589914367
2021-05-24,TRX,,0.0,0.0,0.0
2021-05-24,UNI,,-0.05,0.0,-0.02794005708848716
2021-05-24,VET,,0.0,0.0,3.8738616283812144e-05
2021-05-24,XLM,,0.0,0.0,0.0
2021-05-24,XRP,,0.05,0.0,0.02794005708848716
2021-05-24,ZEC,,-0.05,0.05,-0.015984776403425306
2021-05-31,AAVE,,0.0,-0.05,-0.012
2021-05-31,ADA,,0.0,-0.05,-0.012
2021-05-31,ALGO,,0.0,-0.05,-0.012
2021-05-31,ATOM,,0.0,0.0,0.0
2021-05-31,AVAX,,0.05,0.05,0.04
2021-05-31,BCH,,0.0,0.0,0.0
2021-05-31,BNB,,-0.05,0.05,-0.015999999999999997
2021-05-31,BTC,,0.05,-0.05,0.015999999999999997
2021-05-31,CAKE,,-0.05,0.05,-0.015999999999999997
2021-05-31,CHZ,,0.0,0.05,0.012
2021-05-31,DASH,,0.0,0.05,0.012
2021-05-31,DOGE,,0.0,0.0,0.0
2021-05-31,DOT,,0.0,0.05,0.012
2021-05-31,ETC,,0.0,0.0,0.0
2021-05-31,ETH,,0.05,-0.05,0.015999999999999997
2021-05-31,FET,,-0.05,0.05,-0.015999999999999997
2021-05-31,FIL,,0.0,-0.05,-0.012
2021-05-31,HBAR,,0.05,-0.05,0.015999999999999997
2021-05-31,ICP,,0.0,0.0,0.0
2021-05-31,JST,,0.05,0.0,0.027999999999999997
2021-05-31,LINK,,-0.05,0.0,-0.027999999999999997
2021-05-31,LTC,,0.0,0.0,0.0
2021-05-31,NEAR,,0.0,0.0,0.0
2021-05-31,SHIB,,0.0,0.0,0.0
2021-05-31,SOL,,-0.05,0.0,-0.027999999999999997
2021-05-31,STX,,0.05,-0.05,0.015999999999999997
2021-05-31,TRX,,0.0,0.0,0.0
2021-05-31,UNI,,-0.05,0.0,-0.027999999999999997
2021-05-31,VET,,-0.05,0.0,-0.027999999999999997
2021-05-31,XLM,,0.05,0.0,0.027999999999999997
2021-05-31,XRP,,0.05,0.0,0.027999999999999997
2021-05-31,ZEC,,-0.05,0.05,-0.015999999999999997
2021-06-07,AAVE,,0.0,-0.05,-0.012
2021-06-07,ADA,,0.0,-0.05,-0.012
2021-06-07,ALGO,,0.0,-0.05,-0.012
2021-06-07,ATOM,,0.0,0.0,0.0
2021-06-07,AVAX,,0.05,0.05,0.04
2021-06-07,BCH,,0.0,0.0,0.0
2021-06-07,BNB,,-0.05,0.05,-0.015999999999999997
2021-06-07,BTC,,0.05,-0.05,0.015999999999999997
2021-06-07,CAKE,,-0.05,0.05,-0.015999999999999997
2021-06-07,CHZ,,0.0,0.05,0.012
2021-06-07,DASH,,0.0,0.05,0.012
2021-06-07,DOGE,,0.0,0.0,0.0
2021-06-07,DOT,,0.0,0.05,0.012
2021-06-07,ETC,,0.0,0.0,0.0
2021-06-07,ETH,,0.0,-0.05,-0.012
2021-06-07,FET,,-0.05,0.05,-0.015999999999999997
2021-06-07,FIL,,0.0,-0.05,-0.012
2021-06-07,HBAR,,0.05,-0.05,0.015999999999999997
2021-06-07,ICP,,0.05,0.0,0.027999999999999997
2021-06-07,JST,,0.05,0.0,0.027999999999999997
2021-06-07,LINK,,-0.05,0.0,-0.027999999999999997
2021-06-07,LTC,,0.0,0.0,0.0
2021-06-07,NEAR,,0.0,0.0,0.0
2021-06-07,SHIB,,0.05,0.0,0.027999999999999997
2021-06-07,SOL,,-0.05,0.0,-0.027999999999999997
2021-06-07,STX,,0.05,-0.05,0.015999999999999997
2021-06-07,TRX,,0.0,0.0,0.0
2021-06-07,UNI,,-0.05,0.0,-0.027999999999999997
2021-06-07,VET,,-0.05,0.0,-0.027999999999999997
2021-06-07,XLM,,0.05,0.0,0.027999999999999997
2021-06-07,XRP,,0.0,0.0,0.0
2021-06-07,ZEC,,-0.05,0.05,-0.015999999999999997
2021-06-14,AAVE,,0.05,-0.05,0.011999999999999999
2021-06-14,ADA,,0.0,-0.05,-0.009
2021-06-14,ALGO,,0.0,-0.05,-0.009
2021-06-14,ATOM,,0.0,0.0,0.0
2021-06-14,AVAX,,0.05,0.05,0.029999999999999995
2021-06-14,BCH,,0.0,0.0,0.0
2021-06-14,BNB,,0.0,0.05,0.009
2021-06-14,BTC,,0.05,-0.05,0.011999999999999999
2021-06-14,CAKE,,0.0,0.05,0.009
2021-06-14,CHZ,,-0.05,0.05,-0.011999999999999999
2021-06-14,DASH,,0.0,0.05,0.009
2021-06-14,DOGE,,0.0,0.0,0.0
2021-06-14,DOT,,0.0,0.05,0.009
2021-06-14,ETC,,-0.05,0.0,-0.020999999999999998
2021-06-14,ETH,,0.0,-0.05,-0.009
2021-06-14,FET,,-0.05,0.05,-0.011999999999999999
2021-06-14,FIL,,-0.05,-0.05,-0.029999999999999995
2021-06-14,HBAR,,0.05,-0.05,0.011999999999999999
2021-06-14,ICP,,0.05,0.0,0.020999999999999998
2021-06-14,JST,,0.05,0.0,0.020999999999999998
2021-06-14,LINK,,-0.05,0.0,-0.020999999999999998
2021-06-14,LTC,,0.0,0.0,0.0
2021-06-14,NEAR,,0.0,0.0,0.0
2021-06-14,SHIB,,0.0,0.0,0.0
2021-06-14,SOL,,-0.05,0.0,-0.020999999999999998
2021-06-14,STX,,0.05,-0.05,0.011999999999999999
2021-06-14,TRX,,0.0,0.0,0.0
2021-06-14,UNI,,-0.05,0.0,-0.020999999999999998
2021-06-14,VET,,0.0,0.0,0.0
2021-06-14,XLM,,0.05,0.0,0.020999999999999998
2021-06-14,XRP,,0.0,0.0,0.0
2021-06-14,ZEC,,-0.05,0.05,-0.011999999999999999
2021-06-21,AAVE,,0.0,-0.05,-0.009
2021-06-21,ADA,,0.0,0.0,0.0
2021-06-21,ALGO,,0.0,-0.05,-0.009
2021-06-21,ATOM,,-0.05,0.0,-0.020999999999999998
2021-06-21,AVAX,,0.0,0.05,0.009
2021-06-21,BCH,,0.05,0.0,0.020999999999999998
2021-06-21,BNB,,-0.05,0.05,-0.011999999999999999
2021-06-21,BTC,,0.0,-0.05,-0.009
2021-06-21,CAKE,,-0.05,0.0,-0.020999999999999998
2021-06-21,CHZ,,0.0,0.0,0.0
2021-06-21,DASH,,0.05,0.05,0.029999999999999995
2021-06-21,DOGE,,-0.05,-0.05,-0.029999999999999995
2021-06-21,DOT,,-0.05,0.05,-0.011999999999999999
2021-06-21,ETC,,0.05,0.0,0.020999999999999998
2021-06-21,ETH,,0.0,0.0,0.0
2021-06-21,FET,,0.0,0.0,0.0
2021-06-21,FIL,,-0.05,-0.05,-0.029999999999999995
2021-06-21,HBAR,,0.0,-0.05,-0.009
2021-06-21,ICP,,0.0,-0.05,-0.009
2021-06-21,JST,,0.0,0.0,0.0
2021-06-21,LINK,,0.0,0.0,0.0
2021-06-21,LTC,,0.05,0.0,0.020999999999999998
2021-06-21,NEAR,,0.0,0.05,0.009
2021-06-21,SHIB,,0.0,0.0,0.0
2021-06-21,SOL,,-0.05,0.05,-0.011999999999999999
2021-06-21,STX,,0.05,-0.05,0.011999999999999999
2021-06-21,TRX,,0.0,0.0,0.0
2021-06-21,UNI,,0.05,0.05,0.029999999999999995
2021-06-21,VET,,-0.05,0.0,-0.020999999999999998
2021-06-21,XLM,,0.05,0.0,0.020999999999999998
2021-06-21,XRP,,0.0,0.0,0.0
2021-06-21,ZEC,,0.05,0.05,0.029999999999999995
2021-06-28,AAVE,,-0.05,-0.05,-0.029999999999999995
2021-06-28,ADA,,0.0,0.0,0.0
2021-06-28,ALGO,,0.05,-0.05,0.011999999999999999
2021-06-28,ATOM,,-0.05,0.0,-0.020999999999999998
2021-06-28,AVAX,,0.0,0.05,0.009
2021-06-28,BCH,,0.0,0.0,0.0
2021-06-28,BNB,,0.05,0.05,0.029999999999999995
2021-06-28,BTC,,0.0,-0.05,-0.009
2021-06-28,CAKE,,0.0,0.0,0.0
2021-06-28,CHZ,,0.0,0.0,0.0
2021-06-28,DASH,,0.0,0.05,0.009
2021-06-28,DOGE,,0.05,-0.05,0.011999999999999999
2021-06-28,DOT,,0.0,0.05,0.009
2021-06-28,ETC,,-0.05,0.0,-0.020999999999999998
2021-06-28,ETH,,0.0,0.0,0.0
2021-06-28,FET,,-0.05,0.0,-0.020999999999999998
2021-06-28,FIL,,0.05,-0.05,0.011999999999999999
2021-06-28,HBAR,,0.05,-0.05,0.011999999999999999
2021-06-28,ICP,,0.0,-0.05,-0.009
2021-06-28,JST,,-0.05,0.0,-0.020999999999999998
2021-06-28,LINK,,0.05,0.0,0.020999999999999998
2021-06-28,LTC,,0.0,0.0,0.0
2021-06-28,NEAR,,-0.05,0.05,-0.011999999999999999
2021-06-28,SHIB,,0.0,0.0,0.0
2021-06-28,SOL,,0.0,0.05,0.009
2021-06-28,STX,,-0.05,-0.05,-0.029999999999999995
2021-06-28,TRX,,0.05,0.0,0.020999999999999998
2021-06-28,UNI,,-0.05,0.05,-0.011999999999999999
2021-06-28,VET,,0.0,0.0,0.0
2021-06-28,XLM,,0.05,0.0,0.020999999999999998
2021-06-28,XRP,,0.0,0.0,0.0
2021-06-28,ZEC,,0.0,0.05,0.009
2021-07-05,AAVE,,-0.05,-0.05,-0.029999999999999995
2021-07-05,ADA,,0.0,0.0,0.0
2021-07-05,ALGO,,0.05,-0.05,0.011999999999999999
2021-07-05,ATOM,,-0.05,0.0,-0.020999999999999998
2021-07-05,AVAX,,0.0,0.05,0.009
2021-07-05,BCH,,0.0,0.0,0.0
2021-07-05,BNB,,0.05,0.05,0.029999999999999995
2021-07-05,BTC,,0.05,-0.05,0.011999999999999999
2021-07-05,CAKE,,0.0,0.0,0.0
2021-07-05,CHZ,,0.0,0.0,0.0
2021-07-05,DASH,,0.0,0.05,0.009
2021-07-05,DOGE,,0.05,-0.05,0.011999999999999999
2021-07-05,DOT,,0.0,0.05,0.009
2021-07-05,ETC,,-0.05,0.0,-0.020999999999999998
2021-07-05,ETH,,-0.05,0.0,-0.020999999999999998
2021-07-05,FET,,-0.05,0.0,-0.020999999999999998
2021-07-05,FIL,,0.05,-0.05,0.011999999999999999
2021-07-05,HBAR,,0.0,-0.05,-0.009
2021-07-05,ICP,,0.0,-0.05,-0.009
2021-07-05,JST,,-0.05,0.0,-0.020999999999999998
2021-07-05,LINK,,0.05,0.0,0.020999999999999998
2021-07-05,LTC,,0.0,0.0,0.0
2021-07-05,NEAR,,0.0,0.05,0.009
2021-07-05,SHIB,,0.0,0.0,0.0
2021-07-05,SOL,,0.0,0.05,0.009
2021-07-05,STX,,-0.05,-0.05,-0.029999999999999995
2021-07-05,TRX,,0.05,0.0,0.020999999999999998
2021-07-05,UNI,,-0.05,0.05,-0.011999999999999999
2021-07-05,VET,,0.0,0.0,0.0
2021-07-05,XLM,,0.05,0.0,0.020999999999999998
2021-07-05,XRP,,0.0,0.0,0.0
2021-07-05,ZEC,,0.0,0.05,0.009
2021-07-12,AAVE,,-0.05,-0.05,-0.04
2021-07-12,ADA,,0.0,0.0,0.0
2021-07-12,ALGO,,0.05,-0.05,0.015999999999999997
2021-07-12,ATOM,,-0.05,0.0,-0.027999999999999997
2021-07-12,AVAX,,0.0,0.05,0.012
2021-07-12,BCH,,0.0,0.0,0.0
2021-07-12,BNB,,0.0,0.05,0.012
2021-07-12,BTC,,0.05,-0.05,0.015999999999999997
2021-07-12,CAKE,,0.0,0.0,0.0
2021-07-12,CHZ,,0.0,0.0,0.0
2021-07-12,DASH,,0.0,0.05,0.012
2021-07-12,DOGE,,0.05,-0.05,0.015999999999999997
2021-07-12,DOT,,0.0,0.05,0.012
2021-07-12,ETC,,-0.05,0.0,-0.027999999999999997
2021-07-12,ETH,,0.0,0.0,0.0
2021-07-12,FET,,-0.05,0.0,-0.027999999999999997
2021-07-12,FIL,,0.05,-0.05,0.015999999999999997
2021-07-12,HBAR,,0.0,-0.05,-0.012
2021-07-12,ICP,,0.0,-0.05,-0.012
2021-07-12,JST,,-0.05,0.0,-0.027999999999999997
2021-07-12,LINK,,0.05,0.0,0.027999999999999997
2021-07-12,LTC,,0.05,0.0,0.027999999999999997
2021-07-12,NEAR,,-0.05,0.05,-0.015999999999999997
2021-07-12,SHIB,,0.0,0.0,0.0
2021-07-12,SOL,,0.0,0.05,0.012
2021-07-12,STX,,-0.05,-0.05,-0.04
2021-07-12,TRX,,0.05,0.0,0.027999999999999997
2021-07-12,UNI,,-0.05,0.05,-0.015999999999999997
2021-07-12,VET,,0.0,0.0,0.0
2021-07-12,XLM,,0.05,0.0,0.027999999999999997
2021-07-12,XRP,,0.0,0.0,0.0
2021-07-12,ZEC,,0.0,0.05,0.012
2021-07-19,AAVE,,-0.05,-0.05,-0.029999999999999995
2021-07-19,ADA,,0.0,-0.05,-0.009
2021-07-19,ALGO,,0.0,-0.05,-0.009
2021-07-19,ATOM,,-0.05,0.0,-0.020999999999999998
2021-07-19,AVAX,,0.0,0.05,0.009
2021-07-19,BCH,,0.0,-0.05,-0.009
2021-07-19,BNB,,0.05,0.0,0.020999999999999998
2021-07-19,BTC,,0.05,-0.05,0.011999999999999999
2021-07-19,CAKE,,0.0,0.0,0.0
2021-07-19,CHZ,,0.05,0.0,0.020999999999999998
2021-07-19,DASH,,-0.05,0.0,-0.020999999999999998
2021-07-19,DOGE,,0.0,0.0,0.0
2021-07-19,DOT,,0.0,0.05,0.009
2021-07-19,ETC,,-0.05,0.0,-0.020999999999999998
2021-07-19,ETH,,0.0,0.0,0.0
2021-07-19,FET,,-0.05,0.05,-0.011999999999999999
2021-07-19,FIL,,0.05,0.0,0.020999999999999998
2021-07-19,HBAR,,0.05,-0.05,0.011999999999999999
2021-07-19,ICP,,-0.05,0.05,-0.011999999999999999
2021-07-19,JST,,0.0,0.0,0.0
2021-07-19,LINK,,0.05,0.0,0.020999999999999998
2021-07-19,LTC,,0.0,0.0,0.0
2021-07-19,NEAR,,0.0,0.05,0.009
2021-07-19,SHIB,,0.0,0.0,0.0
2021-07-19,SOL,,0.0,0.05,0.009
2021-07-19,STX,,-0.05,0.05,-0.011999999999999999
2021-07-19,TRX,,0.05,-0.05,0.011999999999999999
2021-07-19,UNI,,-0.05,0.05,-0.011999999999999999
2021-07-19,VET,,0.0,0.0,0.0
2021-07-19,XLM,,0.0,-0.05,-0.009
2021-07-19,XRP,,0.05,0.0,0.020999999999999998
2021-07-19,ZEC,,0.0,0.0,0.0
2021-07-26,AAVE,,0.05,-0.05,-0.0005756929637526637
2021-07-26,ADA,,0.05,-0.05,0.00699147121535181
2021-07-26,ALGO,,0.0,-0.05,-0.010918976545842217
2021-07-26,ATOM,,0.05,0.0,0.010343283582089552
2021-07-26,AVAX,,0.0,0.05,0.010918976545842217
2021-07-26,BCH,,0.05,-0.05,0.00699147121535181
2021-07-26,BNB,,0.0,0.0,0.0075671641791044755
2021-07-26,BTC,,0.05,-0.05,0.014558635394456287
2021-07-26,CAKE,,0.0,0.0,0.0
2021-07-26,CHZ,,-0.11874999999999998,0.0,-0.03497014925373134
2021-07-26,DASH,,0.0,0.0,-0.0075671641791044755
2021-07-26,DEXE,,0.0,0.0,0.0
2021-07-26,DOGE,,-0.11874999999999998,0.0,-0.042537313432835816
2021-07-26,DOT,,-0.11874999999999998,0.05,-0.031618336886993594
2021-07-26,ETC,,-0.11874999999999998,0.0,-0.05010447761194029
2021-07-26,ETH,,0.05,0.0,0.017910447761194027
2021-07-26,FET,,-0.11874999999999998,0.05,-0.039185501066098076
2021-07-26,FIL,,0.0,0.0,0.0075671641791044755
2021-07-26,HBAR,,-0.11874999999999998,-0.05,-0.045889125799573556
2021-07-26,ICP,,-0.11874999999999998,0.05,-0.039185501066098076
2021-07-26,JST,,0.0,0.0,0.0
2021-07-26,LINK,,-0.11874999999999998,0.0,-0.03497014925373134
2021-07-26,LTC,,0.05,0.0,0.017910447761194027
2021-07-26,NEAR,,0.05,0.05,0.02882942430703625
2021-07-26,SHIB,,0.05,0.0,0.017910447761194027
2021-07-26,SOL,,0.0,0.05,0.010918976545842217
2021-07-26,STX,,-0.05,0.05,-0.014558635394456287
2021-07-26,TRX,,0.0,-0.05,-0.0033518123667377418
2021-07-26,UNI,,0.0,0.05,0.0033518123667377418
2021-07-26,VET,,0.0,0.0,0.0
2021-07-26,XLM,,0.0,-0.05,-0.010918976545842217
2021-07-26,XRP,,0.0,0.0,0.0075671641791044755
2021-07-26,ZEC,,0.0,0.0,0.0
2021-08-02,AAVE,,0.05,-0.05,0.015999999999999997
2021-08-02,ADA,,0.05,-0.05,0.015999999999999997
2021-08-02,ALGO,,0.05,-0.05,0.015999999999999997
2021-08-02,ATOM,,0.05,0.0,0.027999999999999997
2021-08-02,AVAX,,0.0,0.05,0.012
2021-08-02,BCH,,0.05,-0.05,0.015999999999999997
2021-08-02,BNB,,0.0,0.0,0.0
2021-08-02,BTC,,0.05,-0.05,0.015999999999999997
2021-08-02,CAKE,,0.0,0.0,0.0
2021-08-02,CHZ,,-0.05,0.0,-0.027999999999999997
2021-08-02,DASH,,0.0,0.0,0.0
2021-08-02,DEXE,,0.0,0.0,0.0
2021-08-02,DOGE,,-0.05,0.0,-0.027999999999999997
2021-08-02,DOT,,-0.05,0.05,-0.015999999999999997
2021-08-02,ETC,,-0.05,0.0,-0.027999999999999997
2021-08-02,ETH,,0.05,0.0,0.027999999999999997
2021-08-02,FET,,-0.05,0.05,-0.015999999999999997
2021-08-02,FIL,,0.0,0.0,0.0
2021-08-02,HBAR,,-0.05,-0.05,-0.04
2021-08-02,ICP,,-0.05,0.05,-0.015999999999999997
2021-08-02,JST,,-0.05,0.0,-0.027999999999999997
2021-08-02,LINK,,-0.05,0.0,-0.027999999999999997
2021-08-02,LTC,,0.05,0.0,0.027999999999999997
2021-08-02,NEAR,,0.05,0.05,0.04
2021-08-02,QNT,,0.0,0.0,0.0
2021-08-02,SHIB,,0.0,0.0,0.0
2021-08-02,SOL,,0.0,0.05,0.012
2021-08-02,STX,,0.0,0.05,0.012
2021-08-02,TRX,,0.0,-0.05,-0.012
2021-08-02,UNI,,0.0,0.05,0.012
2021-08-02,VET,,0.0,0.0,0.0
2021-08-02,XLM,,0.0,-0.05,-0.012
2021-08-02,XRP,,0.0,0.0,0.0
2021-08-02,ZEC,,0.0,0.0,0.0
2021-08-09,AAVE,,0.05,-0.05,0.015999999999999997
2021-08-09,ADA,,-0.05,-0.05,-0.04
2021-08-09,ALGO,,0.0,-0.05,-0.012
2021-08-09,ATOM,,0.05,0.0,0.027999999999999997
2021-08-09,AVAX,,0.0,0.05,0.012
2021-08-09,BCH,,0.0,-0.05,-0.012
2021-08-09,BNB,,0.0,0.0,0.0
2021-08-09,BTC,,0.05,-0.05,0.015999999999999997
2021-08-09,CAKE,,0.05,0.0,0.027999999999999997
2021-08-09,CHZ,,-0.05,0.0,-0.027999999999999997
2021-08-09,DASH,,0.0,0.0,0.0
2021-08-09,DEXE,,0.0,0.0,0.0
2021-08-09,DOGE,,-0.05,0.0,-0.027999999999999997
2021-08-09,DOT,,0.0,0.05,0.012
2021-08-09,ETC,,0.0,0.0,0.0
2021-08-09,ETH,,0.05,0.0,0.027999999999999997
2021-08-09,FET,,-0.05,0.05,-0.015999999999999997
2021-08-09,FIL,,0.05,0.0,0.027999999999999997
2021-08-09,HBAR,,0.0,-0.05,-0.012
2021-08-09,ICP,,-0.05,0.05,-0.015999999999999997
2021-08-09,JST,,0.0,0.0,0.0
2021-08-09,LINK,,0.0,0.0,0.0
2021-08-09,LTC,,0.05,0.0,0.027999999999999997
2021-08-09,NEAR,,0.0,0.05,0.012
2021-08-09,QNT,,0.0,0.0,0.0
2021-08-09,SHIB,,0.0,0.0,0.0
2021-08-09,SOL,,-0.05,0.05,-0.015999999999999997
2021-08-09,STX,,0.05,0.05,0.04
2021-08-09,TRX,,0.0,-0.05,-0.012
2021-08-09,UNI,,0.05,0.05,0.04
2021-08-09,VET,,-0.05,0.0,-0.027999999999999997
2021-08-09,XLM,,-0.05,-0.05,-0.04
2021-08-09,XRP,,-0.05,0.0,-0.027999999999999997
2021-08-09,ZEC,,0.0,0.0,0.0
2021-08-16,AAVE,,0.05,0.0,0.024737864077669904
2021-08-16,ADA,,-0.11874999999999998,-0.11874999999999998,-0.08004854368932038
2021-08-16,ALGO,,0.0,-0.11874999999999998,-0.024014563106796116
2021-08-16,ATOM,,0.0,0.05,0.016349514563106793
2021-08-16,AVAX,,-0.05,0.0,-0.01712621359223301
2021-08-16,BCH,,0.0,0.0,-0.0032621359223300953
2021-08-16,BNB,,0.0,-0.11874999999999998,-0.02075242718446602
2021-08-16,BTC,,0.05,-0.11874999999999998,0.003985436893203886
2021-08-16,CAKE,,0.05,0.0,0.027999999999999997
2021-08-16,CHZ,,-0.11874999999999998,0.05,-0.047296116504854366
2021-08-16,DASH,,0.0,0.0,0.0
2021-08-16,DEXE,,0.0,0.0,0.0
2021-08-16,DOGE,,-0.11874999999999998,0.05,-0.047296116504854366
2021-08-16,DOT,,0.0,0.0,0.0032621359223300953
2021-08-16,ETC,,-0.11874999999999998,0.05,-0.03968446601941747
2021-08-16,ETH,,0.05,-0.11874999999999998,0.007247572815533981
2021-08-16,FET,,0.0,0.05,0.004388349514563111
2021-08-16,FIL,,0.0,0.0,0.00761165048543689
2021-08-16,HBAR,,-0.11874999999999998,0.0,-0.05168446601941748
2021-08-16,ICP,,0.0,0.05,0.004388349514563111
2021-08-16,JST,,0.0,0.05,0.008737864077669905
2021-08-16,LINK,,0.05,0.0,0.020388349514563107
2021-08-16,LTC,,0.05,-0.11874999999999998,0.007247572815533981
2021-08-16,NEAR,,-0.11874999999999998,0.0,-0.04516019417475728
2021-08-16,QNT,,0.0,0.0,0.0
2021-08-16,SHIB,,0.0,0.0,0.0
2021-08-16,SOL,,0.0,0.0,-0.004349514563106793
2021-08-16,STX,,0.05,0.05,0.04
2021-08-16,TRX,,0.0,-0.11874999999999998,-0.024014563106796116
2021-08-16,UNI,,0.05,0.05,0.04
2021-08-16,VET,,0.0,0.0,-0.00761165048543689
2021-08-16,XLM,,-0.11874999999999998,-0.11874999999999998,-0.08004854368932038
2021-08-16,XRP,,-0.11874999999999998,-0.05,-0.06477184466019417
2021-08-16,ZEC,,0.05,0.0,0.020388349514563107
2021-08-23,AAVE,,0.05,0.0,0.034999999999999996
2021-08-23,ADA,,-0.11874999999999998,-0.11874999999999998,-0.11874999999999997
2021-08-23,ALGO,,0.0,-0.11874999999999998,-0.03562499999999999
2021-08-23,ATOM,,0.0,0.05,0.015
2021-08-23,AVAX,,-0.05,0.0,-0.034999999999999996
2021-08-23,BCH,,0.05,0.0,0.034999999999999996
2021-08-23,BNB,,0.0,-0.11874999999999998,-0.03562499999999999
2021-08-23,BTC,,0.05,-0.11874999999999998,-0.0006249999999999936
2021-08-23,CAKE,,0.05,0.0,0.034999999999999996
2021-08-23,CHZ,,-0.11874999999999998,0.05,-0.06812499999999998
2021-08-23,DASH,,0.0,0.0,0.0
2021-08-23,DEXE,,0.0,0.0,0.0
2021-08-23,DOGE,,-0.11874999999999998,0.05,-0.06812499999999998
2021-08-23,DOT,,0.0,0.0,0.0
2021-08-23,ETC,,-0.11874999999999998,0.05,-0.06812499999999998
2021-08-23,ETH,,0.05,-0.11874999999999998,-0.0006249999999999936
2021-08-23,FET,,0.0,0.05,0.015
2021-08-23,FIL,,0.0,0.0,0.0
2021-08-23,HBAR,,-0.11874999999999998,0.0,-0.08312499999999998
2021-08-23,ICP,,0.0,0.05,0.015
2021-08-23,JST,,0.0,0.05,0.015
2021-08-23,LINK,,0.05,0.0,0.034999999999999996
2021-08-23,LTC,,0.05,-0.11874999999999998,-0.0006249999999999936
2021-08-23,NEAR,,0.0,0.0,0.0
2021-08-23,QNT,,0.0,0.0,0.0
2021-08-23,SHIB,,0.0,0.0,0.0
2021-08-23,SOL,,0.0,0.0,0.0
2021-08-23,STX,,0.05,0.05,0.049999999999999996
2021-08-23,TRX,,-0.11874999999999998,-0.11874999999999998,-0.11874999999999997
2021-08-23,UNI,,0.05,0.05,0.049999999999999996
2021-08-23,VET,,0.0,0.0,0.0
2021-08-23,XLM,,-0.11874999999999998,-0.11874999999999998,-0.11874999999999997
2021-08-23,XRP,,-0.11874999999999998,-0.05,-0.09812499999999998
2021-08-23,ZEC,,0.0,0.0,0.0
2021-08-30,AAVE,,0.05,0.0,0.029688586784698066
2021-08-30,ADA,,-0.11874999999999998,-0.11874999999999998,-0.100729133733797
2021-08-30,ALGO,,0.0,-0.11874999999999998,-0.0302187401201391
2021-08-30,ATOM,,0.0,0.05,0.012723680050584888
2021-08-30,AVAX,,-0.05,0.0,-0.029688586784698066
2021-08-30,BCH,,0.0,0.0,0.008442933923490353
2021-08-30,BNB,,0.05,-0.11874999999999998,-0.008973087258931381
2021-08-30,BTC,,0.05,-0.11874999999999998,-0.0005301533354410316
2021-08-30,CAKE,,0.05,0.0,0.029688586784698066
2021-08-30,CHZ,,-0.11874999999999998,0.05,-0.057786713563073015
2021-08-30,DASH,,0.0,0.0,0.0
2021-08-30,DEXE,,0.0,0.0,0.0
2021-08-30,DOGE,,-0.11874999999999998,0.05,-0.057786713563073015
2021-08-30,DOT,,0.0,0.0,0.0
2021-08-30,ETC,,0.0,0.05,-0.007328288017704694
2021-08-30,ETH,,0.05,-0.11874999999999998,-0.0005301533354410316
2021-08-30,FET,,0.0,0.05,0.012723680050584888
2021-08-30,FIL,,-0.11874999999999998,0.0,-0.05045842554536832
2021-08-30,HBAR,,0.0,0.0,-0.020051968068289586
2021-08-30,ICP,,0.05,0.05,0.033969332911792605
2021-08-30,JST,,0.0,0.05,0.012723680050584888
2021-08-30,LINK,,0.0,0.0,0.008442933923490353
2021-08-30,LTC,,0.0,-0.11874999999999998,-0.021775806196648748
2021-08-30,NEAR,,-0.11874999999999998,0.0,-0.05045842554536832
2021-08-30,QNT,,-0.11874999999999998,0.0,-0.05045842554536832
2021-08-30,SHIB,,0.05,0.0,0.021245652861207717
2021-08-30,SOL,,0.0,0.0,0.0
2021-08-30,STX,,0.05,0.05,0.04241226683528296
2021-08-30,TRX,,0.0,-0.11874999999999998,-0.05027070818842869
2021-08-30,UNI,,0.05,0.05,0.04241226683528296
2021-08-30,VET,,0.0,0.0,0.0
2021-08-30,XLM,,-0.11874999999999998,-0.11874999999999998,-0.100729133733797
2021-08-30,XRP,,-0.11874999999999998,-0.05,-0.08323407366424279
2021-08-30,ZEC,,0.0,0.0,0.0
2021-09-06,AAVE,,0.0,0.0,0.007378379755100018
2021-09-06,ADA,,0.0,-0.11874999999999998,-0.046450803180181736
2021-09-06,ALGO,,-0.05,-0.11874999999999998,-0.04996842888675207
2021-09-06,ATOM,,0.05,0.05,0.033221130787804115
2021-09-06,AVAX,,-0.05,0.0,-0.028419657380032895
2021-09-06,BCH,,0.05,0.0,0.02313956452509736
2021-09-06,BNB,,-0.1285714285714286,-0.11874999999999998,-0.07775320087099677
2021-09-06,BTC,,0.05,-0.11874999999999998,-0.0005074938817862966
2021-09-06,CAKE,,0.05,0.0,0.028419657380032895
2021-09-06,CHZ,,-0.1285714285714286,0.05,-0.059449941219604424
2021-09-06,DASH,,0.0,0.0,0.0
2021-09-06,DEXE,,0.0,0.0,0.0
2021-09-06,DOGE,,-0.1285714285714286,0.05,-0.059449941219604424
2021-09-06,DOT,,0.0,0.0,0.0
2021-09-06,ETC,,-0.1285714285714286,0.05,-0.04690972068913253
2021-09-06,ETH,,0.05,-0.11874999999999998,-0.0005074938817862966
2021-09-06,FET,,0.0,0.05,0.012179853162871242
2021-09-06,FIL,,0.0,0.0,-0.012540220530471893
2021-09-06,HBAR,,-0.1285714285714286,0.0,-0.05908957385200377
2021-09-06,ICP,,0.0,0.05,0.017459946017806777
2021-09-06,JST,,0.0,0.05,0.012179853162871242
2021-09-06,LINK,,0.05,0.0,0.02313956452509736
2021-09-06,LTC,,0.05,-0.11874999999999998,-0.00578758673672183
2021-09-06,NEAR,,0.0,0.0,-0.012540220530471893
2021-09-06,QNT,,0.0,0.0,-0.012540220530471893
2021-09-06,SHIB,,0.0,0.0,0.005280092854935536
2021-09-06,SOL,,0.0,0.0,0.0
2021-09-06,STX,,0.0,0.05,0.01955823291797126
2021-09-06,TRX,,-0.1285714285714286,-0.11874999999999998,-0.08801672511382296
2021-09-06,UNI,,0.05,0.05,0.04059951054290414
2021-09-06,VET,,0.0,0.0,0.0
2021-09-06,XLM,,-0.1285714285714286,-0.11874999999999998,-0.10055694564429485
2021-09-06,XRP,,0.0,-0.05,-0.02970350508123378
2021-09-06,ZEC,,0.05,0.0,0.021041277624932877
2021-09-13,AAVE,,0.05,-0.05,0.013391278659706017
2021-09-13,ADA,,0.05,-0.05,-0.002896302359293876
2021-09-13,ALGO,,-0.05,0.0,-0.0346471855198565
2021-09-13,ATOM,,0.0,-0.05,0.0016829651002261622
2021-09-13,AVAX,,0.0,-0.05,-0.01696824371648073
2021-09-13,BCH,,0.05,0.0,0.026529334233434735
2021-09-13,BNB,,0.0,0.0,-0.023526486742247707
2021-09-13,BTC,,0.05,-0.05,0.011005178801552768
2021-09-13,CAKE,,0.05,0.0,0.02812697951566021
2021-09-13,CHZ,,-0.05,0.0,-0.037516092159023774
2021-09-13,DASH,,0.0,0.05,0.008369051849384614
2021-09-13,DEXE,,0.0,0.05,0.008369051849384614
2021-09-13,DOGE,,-0.05,0.05,-0.029147040309639164
2021-09-13,DOT,,-0.05,0.0,-0.019527787648564093
2021-09-13,ETC,,0.0,0.05,-0.0058248451157895675
2021-09-13,ETH,,0.05,-0.05,0.011005178801552768
2021-09-13,FET,,0.0,0.0,0.003685367943041192
2021-09-13,FIL,,-0.05,0.05,-0.014953143344464985
2021-09-13,HBAR,,-0.05,-0.05,-0.04577610440616408
2021-09-13,ICP,,0.0,0.05,0.013652065074651281
2021-09-13,JST,,0.0,0.0,0.003685367943041192
2021-09-13,LINK,,0.0,0.0,0.007001546584870639
2021-09-13,LTC,,0.0,0.0,-0.0017512022798521895
2021-09-13,NEAR,,-0.05,-0.05,-0.031691247043234214
2021-09-13,QNT,,-0.05,0.0,-0.023322195193849597
2021-09-13,SHIB,,0.0,0.0,0.0015976452822254752
2021-09-13,SOL,,-0.05,0.0,-0.019527787648564093
2021-09-13,STX,,0.05,0.0,0.02544569845213182
2021-09-13,TRX,,0.0,-0.05,-0.03500106562232281
2021-09-13,UNI,,0.05,0.05,0.040181399308086015
2021-09-13,VET,,0.0,0.05,0.008369051849384614
2021-09-13,XLM,,0.0,0.0,-0.030426421318223706
2021-09-13,XRP,,0.0,0.0,-0.008987657236791714
2021-09-13,ZEC,,0.05,0.05,0.03426348850451829
2021-09-20,AAVE,,0.0,-0.05,-0.012
2021-09-20,ADA,,0.05,-0.05,0.015999999999999997
2021-09-20,ALGO,,-0.05,0.0,-0.027999999999999997
2021-09-20,ATOM,,0.0,-0.05,-0.012
2021-09-20,AVAX,,0.0,-0.05,-0.012
2021-09-20,BCH,,0.05,0.0,0.027999999999999997
2021-09-20,BNB,,0.05,0.0,0.027999999999999997
2021-09-20,BTC,,0.05,-0.05,0.015999999999999997
2021-09-20,CAKE,,0.05,0.0,0.027999999999999997
2021-09-20,CHZ,,-0.05,0.0,-0.027999999999999997
2021-09-20,DASH,,0.0,0.05,0.012
2021-09-20,DEXE,,0.05,0.05,0.04
2021-09-20,DOGE,,0.0,0.05,0.012
2021-09-20,DOT,,-0.05,0.0,-0.027999999999999997
2021-09-20,ETC,,0.0,0.05,0.012
2021-09-20,ETH,,0.05,-0.05,0.015999999999999997
2021-09-20,FET,,0.0,0.0,0.0
2021-09-20,FIL,,-0.05,0.05,-0.015999999999999997
2021-09-20,HBAR,,-0.05,-0.05,-0.04
2021-09-20,ICP,,0.0,0.05,0.012
2021-09-20,JST,,0.0,0.0,0.0
2021-09-20,LINK,,0.0,0.0,0.0
2021-09-20,LTC,,-0.05,0.0,-0.027999999999999997
2021-09-20,NEAR,,-0.05,-0.05,-0.04
2021-09-20,QNT,,-0.05,0.0,-0.027999999999999997
2021-09-20,SHIB,,0.0,0.0,0.0
2021-09-20,SOL,,-0.05,0.0,-0.027999999999999997
2021-09-20,STX,,0.05,0.0,0.027999999999999997
2021-09-20,TRX,,0.0,-0.05,-0.012
2021-09-20,UNI,,0.05,0.05,0.04
2021-09-20,VET,,0.0,0.05,0.012
2021-09-20,XLM,,0.0,0.0,0.0
2021-09-20,XRP,,0.0,0.0,0.0
2021-09-20,ZEC,,0.0,0.05,0.012
2021-09-27,AAVE,,0.05,-0.05,0.012000000000000004
2021-09-27,ADA,,0.05,-0.05,0.015999999999999997
2021-09-27,ALGO,,-0.05,0.0,-0.027999999999999997
2021-09-27,ATOM,,-0.11874999999999998,-0.05,-0.069
2021-09-27,AVAX,,0.0,-0.05,-0.012
2021-09-27,BCH,,0.0,0.0,0.003999999999999993
2021-09-27,BNB,,-0.11874999999999998,0.0,-0.053000000000000005
2021-09-27,BTC,,0.05,-0.05,0.015999999999999997
2021-09-27,CAKE,,0.0,0.0,0.003999999999999993
2021-09-27,CHZ,,-0.11874999999999998,0.0,-0.061
2021-09-27,DASH,,0.0,0.05,0.012
2021-09-27,DEXE,,0.05,0.05,0.04
2021-09-27,DOGE,,-0.11874999999999998,0.05,-0.045
2021-09-27,DOT,,0.0,0.0,-0.003999999999999993
2021-09-27,ETC,,-0.11874999999999998,0.05,-0.045
2021-09-27,ETH,,0.05,-0.05,0.015999999999999997
2021-09-27,FET,,0.0,0.0,0.0
2021-09-27,FIL,,-0.11874999999999998,0.05,-0.049
2021-09-27,HBAR,,-0.11874999999999998,-0.05,-0.073
2021-09-27,ICP,,0.0,0.05,0.012
2021-09-27,JST,,0.0,0.0,0.0
2021-09-27,LINK,,0.05,0.0,0.024000000000000004
2021-09-27,LTC,,0.05,0.0,0.02000000000000001
2021-09-27,NEAR,,-0.11874999999999998,-0.05,-0.073
2021-09-27,QNT,,0.0,0.0,-0.003999999999999993
2021-09-27,SHIB,,0.0,0.0,0.0
2021-09-27,SOL,,0.0,0.0,-0.003999999999999993
2021-09-27,STX,,0.05,0.0,0.027999999999999997
2021-09-27,TRX,,0.0,-0.05,-0.012
2021-09-27,UNI,,0.05,0.05,0.04
2021-09-27,VET,,0.0,0.05,0.012
2021-09-27,XLM,,0.0,0.0,0.0
2021-09-27,XRP,,0.0,0.0,0.0
2021-09-27,ZEC,,0.0,0.05,0.012
2021-10-04,AAVE,,0.05,-0.05,0.012
2021-10-04,ADA,,0.05,-0.05,0.012799999999999999
2021-10-04,ALGO,,0.0,0.0,-0.005600000000000001
2021-10-04,ATOM,,-0.11874999999999998,-0.05,-0.06089999999999999
2021-10-04,AVAX,,0.0,-0.05,-0.0096
2021-10-04,BCH,,0.0,0.0,0.0007999999999999991
2021-10-04,BNB,,-0.11874999999999998,0.0,-0.05049999999999999
2021-10-04,BTC,,0.0,-0.05,-0.003999999999999997
2021-10-04,CAKE,,0.0,0.0,0.0007999999999999991
2021-10-04,CHZ,,0.0,0.0,-0.012200000000000003
2021-10-04,DASH,,0.0,0.05,0.0096
2021-10-04,DEXE,,0.05,0.05,0.032
2021-10-04,DOGE,,0.05,0.05,0.014999999999999993
2021-10-04,DOT,,0.0,0.0,-0.0007999999999999991
2021-10-04,ETC,,0.0,0.05,-0.001800000000000003
2021-10-04,ETH,,0.05,-0.05,0.012799999999999999
2021-10-04,FET,,0.05,0.0,0.016799999999999995
2021-10-04,FIL,,-0.11874999999999998,0.05,-0.04249999999999999
2021-10-04,HBAR,,-0.11874999999999998,-0.05,-0.061699999999999984
2021-10-04,ICP,,0.0,0.05,0.0096
2021-10-04,JST,,-0.11874999999999998,0.0,-0.039899999999999984
2021-10-04,LINK,,0.0,0.0,0.004800000000000002
2021-10-04,LTC,,0.0,0.0,0.0040000000000000036
2021-10-04,NEAR,,0.0,-0.05,-0.0218
2021-10-04,QNT,,0.05,0.0,0.015999999999999997
2021-10-04,SHIB,,-0.05,0.0,-0.016799999999999995
2021-10-04,SOL,,-0.11874999999999998,0.0,-0.04069999999999997
2021-10-04,STX,,-0.11874999999999998,0.0,-0.034299999999999976
2021-10-04,TRX,,0.0,-0.05,-0.0096
2021-10-04,UNI,,0.05,0.05,0.032
2021-10-04,VET,,-0.11874999999999998,0.05,-0.03029999999999999
2021-10-04,XLM,,0.0,0.0,0.0
2021-10-04,XRP,,0.0,0.0,0.0
2021-10-04,ZEC,,0.05,0.05,0.026399999999999993
2021-10-11,AAVE,,0.0,-0.11874999999999998,-0.0121887318335656
2021-10-11,ADA,,0.0,-0.11874999999999998,-0.011866533943858254
2021-10-11,ALGO,,0.0,-0.11874999999999998,-0.019277085407127213
2021-10-11,ATOM,,0.05,0.0,-0.007804240493728833
2021-10-11,AVAX,,0.0,0.05,0.003300656977901658
2021-10-11,BCH,,0.05,0.0,0.01704527174995023
2021-10-11,BNB,,-0.11874999999999998,0.0,-0.06005604220585307
2021-10-11,BTC,,0.05,-0.11874999999999998,-0.0019096157674696346
2021-10-11,CAKE,,0.05,0.0,0.01704527174995023
2021-10-11,CHZ,,-0.11874999999999998,0.0,-0.04463081823611388
2021-10-11,DASH,,0.0,0.05,0.011033406330877961
2021-10-11,DEXE,,0.0,-0.11874999999999998,-0.004133784590881949
2021-10-11,DOGE,,-0.11874999999999998,0.0,-0.03367608998606412
2021-10-11,DOT,,0.0,0.0,-0.0003221978897073457
2021-10-11,ETC,,-0.11874999999999998,0.05,-0.03327521401552857
2021-10-11,ETH,,0.05,-0.11874999999999998,0.004856539916384631
2021-10-11,FET,,0.05,0.0,0.02348922954409715
2021-10-11,FIL,,-0.11874999999999998,0.05,-0.04966703165438979
2021-10-11,HBAR,,-0.11874999999999998,-0.11874999999999998,-0.0815885128409317
2021-10-11,ICP,,0.0,0.05,0.011033406330877961
2021-10-11,JST,,0.0,0.05,-0.008902588094764068
2021-10-11,LINK,,0.05,0.0,0.018656261198486963
2021-10-11,LTC,,0.05,0.0,0.018334063308779618
2021-10-11,NEAR,,0.0,0.05,-0.0016128608401353751
2021-10-11,QNT,,0.0,0.0,0.00644395779414692
2021-10-11,SHIB,,-0.05,0.0,-0.02348922954409715
2021-10-11,SOL,,0.0,0.0,-0.01639181763886122
2021-10-11,STX,,-0.11874999999999998,-0.05,-0.06069856659366911
2021-10-11,TRX,,0.0,-0.11874999999999998,-0.020888074855663942
2021-10-11,UNI,,0.05,0.0,0.02961098944853673
2021-10-11,VET,,0.0,0.05,-0.0050362134182759186
2021-10-11,XLM,,-0.11874999999999998,0.0,-0.03971730041807685
2021-10-11,XRP,,0.0,0.0,0.0
2021-10-11,ZEC,,0.0,0.05,0.017799562014732227
2021-10-18,AAVE,,0.05,-0.11874999999999998,-0.0013105780722738412
2021-10-18,ADA,,0.05,-0.11874999999999998,-0.0012850618945926592
2021-10-18,ALGO,,0.0,-0.11874999999999998,-0.02120885750428002
2021-10-18,ATOM,,0.0,0.0,-0.0006180499421816121
2021-10-18,AVAX,,-0.11874999999999998,0.05,-0.03737654781071055
2021-10-18,BCH,,0.0,0.0,0.0013498852614795727
2021-10-18,BNB,,-0.11874999999999998,0.0,-0.0506812786573187
2021-10-18,BTC,,0.0,-0.11874999999999998,-0.019833456065119263
2021-10-18,CAKE,,0.05,0.0,0.020686808784499744
2021-10-18,CHZ,,0.05,0.0,0.01580242523936097
2021-10-18,DASH,,0.05,0.05,0.028497957343830878
2021-10-18,DEXE,,0.05,-0.11874999999999998,-0.0006726736302442829
2021-10-18,DOGE,,0.0,0.0,-0.0026669482424990093
2021-10-18,DOT,,0.0,0.0,-2.5516177681182272e-05
2021-10-18,ETC,,0.0,0.05,0.005652051714832691
2021-10-18,ETH,,0.0,-0.11874999999999998,-0.019297616333814438
2021-10-18,FET,,0.05,0.0,0.021197132338123387
2021-10-18,FIL,,-0.11874999999999998,0.05,-0.04157127719187036
2021-10-18,HBAR,,-0.11874999999999998,-0.11874999999999998,-0.072068749405367
2021-10-18,ICP,,0.0,0.05,0.009161033820810714
2021-10-18,JST,,0.0,0.05,0.0075822203267875594
2021-10-18,LINK,,0.0,0.0,0.0014774661498854827
2021-10-18,LTC,,0.0,0.0,0.0014519499722043007
2021-10-18,NEAR,,-0.11874999999999998,0.05,-0.037765669520348585
2021-10-18,QNT,,0.05,0.0,0.019847247076643815
2021-10-18,SHIB,,-0.05,0.0,-0.021197132338123387
2021-10-18,SOL,,-0.11874999999999998,0.0,-0.04722332890670304
2021-10-18,STX,,-0.11874999999999998,-0.05,-0.05901941574791129
2021-10-18,TRX,,0.05,-0.11874999999999998,-0.001999514869665764
2021-10-18,UNI,,0.0,0.0,0.002345016191045681
2021-10-18,VET,,0.0,0.05,0.007888414458961747
2021-10-18,XLM,,0.0,0.0,-0.003145376574021176
2021-10-18,XRP,,0.0,0.0,0.0
2021-10-18,ZEC,,-0.11874999999999998,0.05,-0.03622831981505736
2021-10-25,AAVE,,-0.037958051057699886,-0.11874999999999998,-0.025925198438055408
2021-10-25,ADA,,-0.041851533508050515,-0.11874999999999998,-0.027035007699273146
2021-10-25,ALGO,,-0.03385247517051779,-0.11874999999999998,-0.03104203200750502
2021-10-25,ATOM,,-0.018783389335038203,0.0,-0.005588562111129826
2021-10-25,AVAX,,-0.015630077036503917,0.05,-0.010160713768306427
2021-10-25,BCH,,-0.041851533508050515,0.0,-0.01158916806760884
2021-10-25,BNB,,-0.020944173574617097,0.0,-0.022048450217703016
2021-10-25,BTC,,-0.027369800600215974,-0.11874999999999998,-0.02874558750175685
2021-10-25,CAKE,,-0.03401904033745232,0.0,-0.003222327398039508
2021-10-25,CHZ,,-0.014510177937607078,0.0,0.0008336163857992369
2021-10-25,DASH,,-0.036987914393640534,0.05,0.004549120042012852
2021-10-25,DEXE,,-0.03974774624954292,-0.11874999999999998,-0.026237222701395595
2021-10-25,DOGE,,-0.03183881290524321,0.0,-0.009985237556567363
2021-10-25,DOT,,-0.020563375127125163,0.0,-0.00591215346410733
2021-10-25,ETC,,-0.041851533508050515,0.05,-0.004075514382306775
2021-10-25,ETH,,-0.03985385535038452,-0.11874999999999998,-0.03216042905642756
2021-10-25,FET,,-0.041851533508050515,0.0,-0.005309702808494951
2021-10-25,FIL,,-0.041830933358248154,0.05,-0.01901057630010027
2021-10-25,HBAR,,-0.018663073796331694,-0.11874999999999998,-0.04277245488110981
2021-10-25,ICP,,-0.03478939594026567,0.05,-0.0009376535748819529
2021-10-25,JST,,-0.019405826840276377,0.05,0.0029796996502434977
2021-10-25,LINK,,-0.026415424668963513,0.0,-0.007116844158572267
2021-10-25,LTC,,-0.041851533508050515,0.0,-0.01155687584074723
2021-10-25,NEAR,,-0.016296794474233583,0.05,-0.010475253334390137
2021-10-25,QNT,,-0.041851533508050515,0.0,-0.005736792649746841
2021-10-25,SHIB,,-0.0023472513003425445,0.0,-0.007380489234616781
2021-10-25,SOL,,-0.012252449342673008,0.0,-0.01845885461230558
2021-10-25,STX,,-0.00709952361692991,-0.05,-0.026864018764266757
2021-10-25,TRX,,-0.041851533508050515,-0.11874999999999998,-0.027261053287304427
2021-10-25,UNI,,-0.034798983419665086,0.0,-0.009249416691468518
2021-10-25,VET,,-0.03815183353007156,0.05,-0.002305707955181818
2021-10-25,XLM,,-0.02546949064925333,0.0,-0.00830787106052434
2021-10-25,XRP,,-0.041851533508050515,0.0,-0.01201625790886073
2021-10-25,ZEC,,-0.015607861922752844,0.05,-0.009791047894605526
2021-11-01,AAVE,,0.0,-0.11874999999999998,-0.027624840875836276
2021-11-01,ADA,,0.0,-0.11874999999999998,-0.028002058178867025
2021-11-01,ALGO,,0.0,-0.11874999999999998,-0.02936402095530968
2021-11-01,ATOM,,0.05,0.0,0.016583455504472145
2021-11-01,AVAX,,-0.05,0.05,-0.014015262729446726
2021-11-01,BCH,,0.05,0.0,0.014543886657326642
2021-11-01,BNB,,-0.11874999999999998,0.0,-0.051391193189344445
2021-11-01,BTC,,0.05,-0.11874999999999998,-0.010100500475406789
2021-11-01,CAKE,,0.05,0.0,0.017387724046825342
2021-11-01,CHZ,,-0.11874999999999998,0.0,-0.043613720290558065
2021-11-01,DASH,,0.0,0.05,0.009467491990584182
2021-11-01,DEXE,,0.0,-0.11874999999999998,-0.02773089599288242
2021-11-01,DOGE,,-0.11874999999999998,0.0,-0.04729098182426087
2021-11-01,DOT,,0.0,0.0,-0.002009504392121776
2021-11-01,ETC,,-0.11874999999999998,0.05,-0.03736102924519816
2021-11-01,ETH,,0.05,-0.11874999999999998,-0.011261183996930848
2021-11-01,FET,,0.0,0.0,-0.0018047351408093004
2021-11-01,FIL,,-0.11874999999999998,0.05,-0.04243736440845464
2021-11-01,HBAR,,-0.11874999999999998,-0.11874999999999998,-0.07724818047378026
2021-11-01,ICP,,0.0,0.05,0.007602571577292314
2021-11-01,JST,,0.0,0.05,0.008934055707258241
2021-11-01,LINK,,0.05,0.0,0.016064001889916798
2021-11-01,LTC,,0.05,0.0,0.014554862585489495
2021-11-01,NEAR,,0.05,0.05,0.022843773612322635
2021-11-01,QNT,,0.0,0.0,-0.0019499003360358164
2021-11-01,SHIB,,0.0,0.0,-0.0025085826379524206
2021-11-01,SOL,,0.05,0.0,0.012208922694047258
2021-11-01,STX,,0.0,-0.05,-0.017052188034818627
2021-11-01,TRX,,-0.11874999999999998,-0.11874999999999998,-0.07197595101966493
2021-11-01,UNI,,0.0,0.0,-0.0031438195200632953
2021-11-01,VET,,0.0,0.05,0.007137578355691442
2021-11-01,XLM,,-0.11874999999999998,0.0,-0.046720855327805774
2021-11-01,XRP,,0.0,0.0,-0.004084251735229536
2021-11-01,ZEC,,0.0,0.05,0.00459335761174165
2021-11-08,AAVE,,0.0,-0.05,-0.017508967668173312
2021-11-08,ADA,,0.0,-0.05,-0.01764196600990271
2021-11-08,ALGO,,0.0,-0.05,-0.018122163469851342
2021-11-08,ATOM,,0.0,0.0,0.005846953637909488
2021-11-08,AVAX,,-0.11874999999999998,0.05,-0.040225991678873196
2021-11-08,BCH,,0.11874999999999998,0.0,0.048181442336390115
2021-11-08,BNB,,-0.11874999999999998,0.0,-0.06117297434348282
2021-11-08,BTC,,0.11874999999999998,-0.05,0.03172331566158858
2021-11-08,CAKE,,0.11874999999999998,0.05,0.0569531852177019
2021-11-08,CHZ,,-0.11874999999999998,0.0,-0.05843081222612204
2021-11-08,DASH,,0.0,0.0,0.0033380248598548707
2021-11-08,DEXE,,0.0,-0.05,-0.017546360318472558
2021-11-08,DOGE,,-0.11874999999999998,0.0,-0.05972733198319137
2021-11-08,DOT,,0.0,0.05,0.00706056366547156
2021-11-08,ETC,,-0.11874999999999998,0.0,-0.05622625391530847
2021-11-08,ETH,,0.11874999999999998,-0.05,0.03131408474244711
2021-11-08,FET,,0.0,-0.05,-0.00840537878599426
2021-11-08,FIL,,0.0,0.05,-0.007193391014338517
2021-11-08,HBAR,,-0.11874999999999998,0.0,-0.0702895668309376
2021-11-08,ICP,,0.11874999999999998,0.05,0.05350316041353451
2021-11-08,JST,,0.0,0.05,0.010919016960533953
2021-11-08,LINK,,0.11874999999999998,0.0,0.04871740079732956
2021-11-08,LTC,,0.05,0.0,0.023259546775594192
2021-11-08,NEAR,,0.11874999999999998,0.05,0.05887686565010611
2021-11-08,QNT,,0.0,0.05,0.007081578715831359
2021-11-08,SHIB,,-0.05,0.0,-0.01901229924967695
2021-11-08,SOL,,0.11874999999999998,0.05,0.055127256272949066
2021-11-08,STX,,0.0,0.0,-0.006012218191655646
2021-11-08,TRX,,-0.11874999999999998,0.0,-0.06843069723778676
2021-11-08,UNI,,0.0,0.0,-0.0011084400940930459
2021-11-08,VET,,0.0,0.0,0.002516549685403004
2021-11-08,XLM,,-0.11874999999999998,-0.05,-0.06729538793946596
2021-11-08,XRP,,0.0,-0.05,-0.009209085096830754
2021-11-08,ZEC,,0.0,0.0,0.0016195146416227526
2021-11-15,AAVE,,0.0,-0.05,-0.012
2021-11-15,ADA,,0.0,-0.05,-0.012
2021-11-15,ALGO,,0.0,-0.05,-0.012
2021-11-15,ATOM,,0.0,0.0,0.0
2021-11-15,AVAX,,-0.11874999999999998,0.05,-0.054499999999999986
2021-11-15,BCH,,0.05,0.0,0.027999999999999997
2021-11-15,BNB,,-0.11874999999999998,0.0,-0.06649999999999999
2021-11-15,BTC,,0.05,-0.05,0.015999999999999997
2021-11-15,CAKE,,0.05,0.05,0.04
2021-11-15,CHZ,,-0.11874999999999998,0.0,-0.06649999999999999
2021-11-15,DASH,,0.0,0.0,0.0
2021-11-15,DEXE,,0.0,-0.05,-0.012
2021-11-15,DOGE,,-0.11874999999999998,0.0,-0.06649999999999999
2021-11-15,DOT,,0.0,0.05,0.012
2021-11-15,ETC,,-0.11874999999999998,0.0,-0.06649999999999999
2021-11-15,ETH,,0.05,-0.05,0.015999999999999997
2021-11-15,FET,,0.0,-0.05,-0.012
2021-11-15,FIL,,0.0,0.05,0.012
2021-11-15,HBAR,,-0.11874999999999998,0.0,-0.06649999999999999
2021-11-15,ICP,,0.05,0.05,0.04
2021-11-15,JST,,0.0,0.05,0.012
2021-11-15,LINK,,0.05,0.0,0.027999999999999997
2021-11-15,LTC,,0.05,0.0,0.027999999999999997
2021-11-15,NEAR,,0.05,0.05,0.04
2021-11-15,QNT,,0.0,0.05,0.012
2021-11-15,SHIB,,-0.05,0.0,-0.027999999999999997
2021-11-15,SOL,,0.05,0.05,0.04
2021-11-15,STX,,0.0,0.0,0.0
2021-11-15,TRX,,-0.11874999999999998,0.0,-0.06649999999999999
2021-11-15,UNI,,0.0,0.0,0.0
2021-11-15,VET,,0.0,0.0,0.0
2021-11-15,XLM,,-0.11874999999999998,-0.05,-0.07849999999999999
2021-11-15,XRP,,0.0,-0.05,-0.012
2021-11-15,ZEC,,0.0,0.0,0.0
2021-11-22,AAVE,,0.05,-0.05,0.004216216216216217
2021-11-22,ADA,,0.0,-0.05,-0.012
2021-11-22,ALGO,,0.0,-0.05,-0.012
2021-11-22,ATOM,,0.05,0.0,0.016216216216216217
2021-11-22,AVAX,,-0.05,0.05,-0.03220270270270269
2021-11-22,BCH,,0.0,0.0,0.01178378378378378
2021-11-22,BNB,,-0.05,0.0,-0.0442027027027027
2021-11-22,BTC,,0.05,-0.05,0.015999999999999997
2021-11-22,CAKE,,0.0,0.05,0.023783783783783784
2021-11-22,CHZ,,-0.05,0.0,-0.0442027027027027
2021-11-22,DASH,,-0.05,0.0,-0.016216216216216217
2021-11-22,DEXE,,0.0,-0.05,-0.012
2021-11-22,DOGE,,0.05,0.0,-0.011770270270270264
2021-11-22,DOT,,-0.05,0.05,-0.004216216216216217
2021-11-22,ETC,,0.0,0.0,-0.02798648648648648
2021-11-22,ETH,,0.05,-0.05,0.015999999999999997
2021-11-22,FET,,0.0,-0.05,-0.012
2021-11-22,FIL,,0.0,0.05,0.012
2021-11-22,HBAR,,0.0,0.0,-0.02798648648648648
2021-11-22,ICP,,0.0,0.05,0.023783783783783784
2021-11-22,JST,,0.05,0.05,0.028216216216216217
2021-11-22,LINK,,0.0,0.0,0.01178378378378378
2021-11-22,LTC,,-0.05,0.0,-0.004432432432432437
2021-11-22,NEAR,,0.0,0.05,0.023783783783783784
2021-11-22,QNT,,0.0,0.05,0.012
2021-11-22,SHIB,,0.05,0.0,0.004432432432432437
2021-11-22,SOL,,-0.05,0.05,0.007567567567567567
2021-11-22,STX,,-0.05,0.0,-0.016216216216216217
2021-11-22,TRX,,0.0,0.0,-0.02798648648648648
2021-11-22,UNI,,0.05,0.0,0.016216216216216217
2021-11-22,VET,,-0.05,0.0,-0.016216216216216217
2021-11-22,XLM,,0.05,-0.05,-0.02377027027027026
2021-11-22,XRP,,0.0,-0.05,-0.012
2021-11-22,ZEC,,0.0,0.0,0.0
2021-11-29,AAVE,,0.0,-0.05,-0.009
2021-11-29,ADA,,0.05,-0.05,0.011999999999999999
2021-11-29,ALGO,,0.0,-0.05,-0.009
2021-11-29,ATOM,,0.05,0.0,0.020999999999999998
2021-11-29,AVAX,,-0.05,0.05,-0.011999999999999999
2021-11-29,BCH,,-0.05,0.0,-0.020999999999999998
2021-11-29,BNB,,0.0,0.0,0.0
2021-11-29,BTC,,0.0,-0.05,-0.009
2021-11-29,CAKE,,0.05,0.05,0.029999999999999995
2021-11-29,CHZ,,-0.05,0.0,-0.020999999999999998
2021-11-29,DASH,,-0.05,0.0,-0.020999999999999998
2021-11-29,DEXE,,0.0,-0.05,-0.009
2021-11-29,DOGE,,0.0,0.0,0.0
2021-11-29,DOT,,0.05,0.05,0.029999999999999995
2021-11-29,ETC,,0.0,0.0,0.0
2021-11-29,ETH,,0.05,-0.05,0.011999999999999999
2021-11-29,FET,,0.0,-0.05,-0.009
2021-11-29,FIL,,-0.05,0.05,-0.011999999999999999
2021-11-29,HBAR,,-0.05,0.0,-0.020999999999999998
2021-11-29,ICP,,0.0,0.05,0.009
2021-11-29,JST,,0.0,0.05,0.009
2021-11-29,LINK,,0.0,0.0,0.0
2021-11-29,LTC,,-0.05,0.0,-0.020999999999999998
2021-11-29,NEAR,,-0.05,0.05,-0.011999999999999999
2021-11-29,QNT,,0.0,0.05,0.009
2021-11-29,SHIB,,0.05,0.0,0.020999999999999998
2021-11-29,SOL,,0.05,0.05,0.029999999999999995
2021-11-29,STX,,0.0,0.0,0.0
2021-11-29,TRX,,0.0,0.0,0.0
2021-11-29,UNI,,0.05,0.0,0.020999999999999998
2021-11-29,VET,,0.0,0.0,0.0
2021-11-29,XLM,,0.0,-0.05,-0.009
2021-11-29,XRP,,0.05,-0.05,0.011999999999999999
2021-11-29,ZEC,,-0.05,0.0,-0.020999999999999998
2021-12-06,AAVE,,0.05,0.0,0.027999999999999997
2021-12-06,ADA,,0.05,-0.05,0.015999999999999997
2021-12-06,ALGO,,0.0,-0.05,-0.012
2021-12-06,ATOM,,0.05,-0.05,0.015999999999999997
2021-12-06,AVAX,,-0.05,0.05,-0.015999999999999997
2021-12-06,BCH,,0.0,0.0,0.0
2021-12-06,BNB,,0.0,-0.05,-0.012
2021-12-06,BTC,,0.0,-0.05,-0.012
2021-12-06,CAKE,,0.0,0.0,0.0
2021-12-06,CHZ,,-0.05,0.05,-0.015999999999999997
2021-12-06,DASH,,0.0,0.05,0.012
2021-12-06,DEXE,,-0.05,-0.05,-0.04
2021-12-06,DOGE,,0.0,0.0,0.0
2021-12-06,DOT,,0.0,0.05,0.012
2021-12-06,ETC,,0.05,0.0,0.027999999999999997
2021-12-06,ETH,,0.05,-0.05,0.015999999999999997
2021-12-06,FET,,-0.05,0.0,-0.027999999999999997
2021-12-06,FIL,,-0.05,0.05,-0.015999999999999997
2021-12-06,HBAR,,0.05,0.0,0.027999999999999997
2021-12-06,ICP,,0.0,0.05,0.012
2021-12-06,JST,,-0.05,0.0,-0.027999999999999997
2021-12-06,LINK,,0.0,0.0,0.0
2021-12-06,LTC,,0.0,0.0,0.0
2021-12-06,NEAR,,-0.05,0.05,-0.015999999999999997
2021-12-06,QNT,,-0.05,0.0,-0.027999999999999997
2021-12-06,SHIB,,0.0,0.0,0.0
2021-12-06,SOL,,0.05,0.0,0.027999999999999997
2021-12-06,STX,,0.0,0.0,0.0
2021-12-06,TRX,,0.0,-0.05,-0.012
2021-12-06,UNI,,0.05,0.0,0.027999999999999997
2021-12-06,VET,,0.0,0.05,0.012
2021-12-06,XLM,,0.05,-0.05,0.015999999999999997
2021-12-06,XRP,,0.0,0.0,0.0
2021-12-06,ZEC,,-0.05,0.05,-0.015999999999999997
2021-12-13,AAVE,,0.0,0.0,0.0
2021-12-13,ADA,,0.05,-0.05,0.015999999999999997
2021-12-13,ALGO,,0.0,-0.05,-0.012
2021-12-13,ATOM,,0.05,-0.05,0.015999999999999997
2021-12-13,AVAX,,-0.05,0.05,-0.015999999999999997
2021-12-13,BCH,,0.0,0.0,0.0
2021-12-13,BNB,,0.0,-0.05,-0.012
2021-12-13,BTC,,0.05,-0.05,0.015999999999999997
2021-12-13,CAKE,,-0.05,0.0,-0.027999999999999997
2021-12-13,CHZ,,0.0,0.05,0.012
2021-12-13,DASH,,0.0,0.05,0.012
2021-12-13,DEXE,,-0.05,-0.05,-0.04
2021-12-13,DOGE,,0.0,0.0,0.0
2021-12-13,DOT,,0.0,0.05,0.012
2021-12-13,ETC,,0.05,0.0,0.027999999999999997
2021-12-13,ETH,,0.05,-0.05,0.015999999999999997
2021-12-13,FET,,0.05,0.0,0.027999999999999997
2021-12-13,FIL,,-0.05,0.05,-0.015999999999999997
2021-12-13,HBAR,,-0.05,0.0,-0.027999999999999997
2021-12-13,ICP,,0.0,0.05,0.012
2021-12-13,JST,,-0.05,0.0,-0.027999999999999997
2021-12-13,LINK,,0.0,0.0,0.0
2021-12-13,LTC,,0.0,0.0,0.0
2021-12-13,NEAR,,-0.05,0.05,-0.015999999999999997
2021-12-13,QNT,,-0.05,0.0,-0.027999999999999997
2021-12-13,SHIB,,0.0,0.0,0.0
2021-12-13,SOL,,0.0,0.0,0.0
2021-12-13,STX,,0.0,0.0,0.0
2021-12-13,TRX,,0.0,-0.05,-0.012
2021-12-13,UNI,,0.05,0.0,0.027999999999999997
2021-12-13,VET,,0.05,0.05,0.04
2021-12-13,XLM,,0.05,-0.05,0.015999999999999997
2021-12-13,XRP,,0.0,0.0,0.0
2021-12-13,ZEC,,-0.05,0.05,-0.015999999999999997
2021-12-20,AAVE,,-0.05,0.0,-0.023076923076923075
2021-12-20,ADA,,0.0,-0.05,-0.007076923076923078
2021-12-20,ALGO,,0.0,-0.05,-0.012
2021-12-20,ATOM,,-0.05,-0.05,-0.030153846153846153
2021-12-20,AVAX,,-0.05,0.05,-0.015999999999999997
2021-12-20,BCH,,0.05,0.0,0.023076923076923075
2021-12-20,BNB,,0.05,-0.05,0.011076923076923074
2021-12-20,BTC,,0.05,-0.05,0.015999999999999997
2021-12-20,CAKE,,0.05,0.0,0.018153846153846152
2021-12-20,CHZ,,-0.05,0.05,-0.011076923076923074
2021-12-20,DASH,,0.0,0.05,0.012
2021-12-20,DEXE,,0.0,-0.05,-0.016923076923076926
2021-12-20,DOGE,,0.0,0.0,0.0
2021-12-20,DOT,,-0.05,0.05,-0.011076923076923074
2021-12-20,ETC,,0.0,0.0,0.004923076923076922
2021-12-20,ETH,,0.05,-0.05,0.015999999999999997
2021-12-20,FET,,0.0,0.0,0.004923076923076922
2021-12-20,FIL,,0.0,0.05,0.007076923076923078
2021-12-20,HBAR,,-0.05,0.0,-0.027999999999999997
2021-12-20,ICP,,0.0,0.05,0.012
2021-12-20,JST,,0.0,0.0,-0.004923076923076922
2021-12-20,LINK,,0.0,0.0,0.0
2021-12-20,LTC,,0.05,0.0,0.023076923076923075
2021-12-20,NEAR,,-0.05,0.05,-0.015999999999999997
2021-12-20,QNT,,0.0,0.0,-0.004923076923076922
2021-12-20,SHIB,,-0.05,0.0,-0.023076923076923075
2021-12-20,SOL,,0.05,0.0,0.023076923076923075
2021-12-20,STX,,0.05,0.0,0.023076923076923075
2021-12-20,TRX,,0.05,-0.05,0.011076923076923074
2021-12-20,UNI,,-0.05,0.0,-0.018153846153846152
2021-12-20,VET,,0.0,0.05,0.016923076923076926
2021-12-20,XLM,,0.0,-0.05,-0.007076923076923078
2021-12-20,XRP,,0.0,0.0,0.0
2021-12-20,ZEC,,0.0,0.05,0.007076923076923078
2021-12-27,AAVE,,-0.11874999999999998,0.0,-0.06440195968014416
2021-12-27,ADA,,0.0,-0.05,-0.011762135375605363
2021-12-27,ALGO,,0.0,-0.05,-0.012
2021-12-27,ATOM,,-0.11874999999999998,-0.05,-0.07616409505574952
2021-12-27,AVAX,,0.0,0.05,0.010647144948755495
2021-12-27,BCH,,0.05,0.0,0.02776213537560536
2021-12-27,BNB,,0.05,-0.05,0.01576213537560536
2021-12-27,BTC,,0.05,-0.05,0.015999999999999997
2021-12-27,CAKE,,0.05,0.0,0.027524270751210722
2021-12-27,CHZ,,-0.11874999999999998,0.05,-0.052401959680144154
2021-12-27,DASH,,0.0,0.05,0.012
2021-12-27,DEXE,,0.05,-0.05,0.014409280324360858
2021-12-27,DOGE,,0.0,0.0,0.0
2021-12-27,DOT,,-0.11874999999999998,0.05,-0.052401959680144154
2021-12-27,ETC,,0.0,0.0,0.00023786462439463838
2021-12-27,ETH,,0.05,-0.05,0.015999999999999997
2021-12-27,FET,,-0.11874999999999998,0.0,-0.06304910462889965
2021-12-27,FIL,,0.05,0.05,0.03840928032436086
2021-12-27,HBAR,,-0.11874999999999998,0.0,-0.0646398243045388
2021-12-27,ICP,,0.0,0.05,0.012
2021-12-27,JST,,0.0,0.0,-0.00023786462439463838
2021-12-27,LINK,,0.0,0.0,0.0
2021-12-27,LTC,,0.05,0.0,0.02776213537560536
2021-12-27,NEAR,,-0.05,0.05,-0.015999999999999997
2021-12-27,QNT,,0.0,0.0,-0.00023786462439463838
2021-12-27,SHIB,,-0.11874999999999998,0.0,-0.06440195968014416
2021-12-27,SOL,,0.0,0.0,0.0011149904268498642
2021-12-27,STX,,0.0,0.0,0.0011149904268498642
2021-12-27,TRX,,0.0,-0.05,-0.010885009573150136
2021-12-27,UNI,,-0.11874999999999998,0.0,-0.06416409505574952
2021-12-27,VET,,0.0,0.05,0.012237864624394638
2021-12-27,XLM,,0.0,-0.05,-0.011762135375605363
2021-12-27,XRP,,0.0,0.0,0.0
2021-12-27,ZEC,,0.05,0.05,0.03840928032436086
2022-01-03,AAVE,,-0.05,-0.05,-0.03319122232002405
2022-01-03,ADA,,0.0,-0.11874999999999998,-0.020483283701453095
2022-01-03,ALGO,,0.0,-0.11874999999999998,-0.020505348691516743
2022-01-03,ATOM,,-0.05,-0.11874999999999998,-0.04550937127762107
2022-01-03,AVAX,,0.0,0.05,0.009152793787727657
2022-01-03,BCH,,0.05,0.0,0.021627274653603847
2022-01-03,BNB,,0.05,0.0,0.020514120978745283
2022-01-03,BTC,,0.0,-0.11874999999999998,-0.017907990116846764
2022-01-03,CAKE,,0.05,0.0,0.021605209663540202
2022-01-03,CHZ,,-0.05,0.05,-0.015747799157453328
2022-01-03,DASH,,0.0,0.05,0.00927828841871464
2022-01-03,DEXE,,0.0,-0.11874999999999998,-0.01805554973789739
2022-01-03,DOGE,,0.0,0.0,0.0
2022-01-03,DOT,,-0.05,0.0,-0.023912933901309406
2022-01-03,ETC,,0.0,0.0,2.2064990063645296e-05
2022-01-03,ETH,,0.05,0.0,0.020536185968808927
2022-01-03,FET,,0.0,0.0,-0.0058486118761834766
2022-01-03,FIL,,0.05,0.05,0.030780068441331507
2022-01-03,HBAR,,-0.05,0.0,-0.025048152566231614
2022-01-03,ICP,,-0.05,0.05,-0.009773692650282873
2022-01-03,JST,,0.0,-0.11874999999999998,-0.019414260006721824
2022-01-03,LINK,,-0.05,0.0,-0.01905198106899751
2022-01-03,LTC,,0.05,0.05,0.029792409397459925
2022-01-03,NEAR,,-0.05,0.0,-0.020536185968808927
2022-01-03,QNT,,0.05,0.0,0.019029916078933867
2022-01-03,SHIB,,-0.05,0.0,-0.02502608757616797
2022-01-03,SOL,,0.0,0.05,0.008268564384779414
2022-01-03,STX,,0.0,-0.11874999999999998,-0.019288765375734842
2022-01-03,TRX,,0.05,0.0,0.018042257035062282
2022-01-03,UNI,,0.0,0.0,-0.005952041517106814
2022-01-03,VET,,0.0,0.05,0.009300353408778286
2022-01-03,XLM,,0.0,-0.11874999999999998,-0.020483283701453095
2022-01-03,XRP,,0.0,0.0,0.0
2022-01-03,ZEC,,0.05,0.05,0.030780068441331507
2022-01-10,AAVE,,-0.05,-0.05,-0.04
2022-01-10,ADA,,0.0,-0.11874999999999998,-0.028499999999999994
2022-01-10,ALGO,,0.0,-0.11874999999999998,-0.028499999999999994
2022-01-10,ATOM,,-0.05,-0.11874999999999998,-0.056499999999999995
2022-01-10,AVAX,,0.0,0.05,0.012
2022-01-10,BCH,,0.05,0.0,0.027999999999999997
2022-01-10,BNB,,0.0,0.0,0.0
2022-01-10,BTC,,0.05,-0.11874999999999998,-0.0004999999999999949
2022-01-10,CAKE,,0.0,0.0,0.0
2022-01-10,CHZ,,-0.05,0.05,-0.015999999999999997
2022-01-10,DASH,,0.0,0.05,0.012
2022-01-10,DEXE,,0.05,-0.11874999999999998,-0.0004999999999999949
2022-01-10,DOGE,,0.0,0.0,0.0
2022-01-10,DOT,,-0.05,0.0,-0.027999999999999997
2022-01-10,ETC,,0.0,0.0,0.0
2022-01-10,ETH,,0.05,0.0,0.027999999999999997
2022-01-10,FET,,0.0,0.0,0.0
2022-01-10,FIL,,0.05,0.05,0.04
2022-01-10,HBAR,,0.05,0.0,0.027999999999999997
2022-01-10,ICP,,-0.05,0.05,-0.015999999999999997
2022-01-10,JST,,0.05,-0.11874999999999998,-0.0004999999999999949
2022-01-10,LINK,,-0.05,0.0,-0.027999999999999997
2022-01-10,LTC,,0.0,0.05,0.012
2022-01-10,NEAR,,-0.05,0.0,-0.027999999999999997
2022-01-10,QNT,,0.05,0.0,0.027999999999999997
2022-01-10,SHIB,,-0.05,0.0,-0.027999999999999997
2022-01-10,SOL,,0.0,0.05,0.012
2022-01-10,STX,,0.0,-0.11874999999999998,-0.028499999999999994
2022-01-10,TRX,,0.0,0.0,0.0
2022-01-10,UNI,,-0.05,0.0,-0.027999999999999997
2022-01-10,VET,,0.0,0.05,0.012
2022-01-10,XLM,,0.0,-0.11874999999999998,-0.028499999999999994
2022-01-10,XRP,,0.0,0.0,0.0
2022-01-10,ZEC,,0.05,0.05,0.04
2022-01-17,AAVE,,-0.05,-0.05,-0.04
2022-01-17,ADA,,-0.05,-0.11874999999999998,-0.056499999999999995
2022-01-17,ALGO,,0.0,-0.11874999999999998,-0.028499999999999994
2022-01-17,ATOM,,-0.05,-0.11874999999999998,-0.056499999999999995
2022-01-17,AVAX,,0.0,0.05,0.012
2022-01-17,BCH,,0.05,0.0,0.027999999999999997
2022-01-17,BNB,,0.0,0.0,0.0
2022-01-17,BTC,,0.05,-0.11874999999999998,-0.0004999999999999949
2022-01-17,CAKE,,0.0,0.0,0.0
2022-01-17,CHZ,,0.0,0.05,0.012
2022-01-17,DASH,,0.0,0.05,0.012
2022-01-17,DEXE,,0.05,-0.11874999999999998,-0.0004999999999999949
2022-01-17,DOGE,,-0.05,0.0,-0.027999999999999997
2022-01-17,DOT,,-0.05,0.0,-0.027999999999999997
2022-01-17,ETC,,0.0,0.0,0.0
2022-01-17,ETH,,0.0,0.0,0.0
2022-01-17,FET,,0.0,0.0,0.0
2022-01-17,FIL,,0.0,0.05,0.012
2022-01-17,HBAR,,0.05,0.0,0.027999999999999997
2022-01-17,ICP,,-0.05,0.05,-0.015999999999999997
2022-01-17,JST,,0.0,-0.11874999999999998,-0.028499999999999994
2022-01-17,LINK,,-0.05,0.0,-0.027999999999999997
2022-01-17,LTC,,0.0,0.05,0.012
2022-01-17,NEAR,,-0.05,0.0,-0.027999999999999997
2022-01-17,QNT,,0.05,0.0,0.027999999999999997
2022-01-17,SHIB,,0.0,0.0,0.0
2022-01-17,SOL,,0.0,0.05,0.012
2022-01-17,STX,,0.0,-0.11874999999999998,-0.028499999999999994
2022-01-17,TRX,,0.05,0.0,0.027999999999999997
2022-01-17,UNI,,-0.05,0.0,-0.027999999999999997
2022-01-17,VET,,0.0,0.05,0.012
2022-01-17,XLM,,0.05,-0.11874999999999998,-0.0004999999999999949
2022-01-17,XRP,,0.05,0.0,0.027999999999999997
2022-01-17,ZEC,,0.05,0.05,0.04
2022-01-24,AAVE,,-0.05,-0.05,-0.029999999999999995
2022-01-24,ADA,,-0.05,-0.11874999999999998,-0.042374999999999996
2022-01-24,ALGO,,0.0,-0.11874999999999998,-0.021374999999999995
2022-01-24,ATOM,,-0.05,-0.11874999999999998,-0.042374999999999996
2022-01-24,AVAX,,0.0,0.05,0.009
2022-01-24,BCH,,0.05,0.0,0.020999999999999998
2022-01-24,BNB,,0.0,0.0,0.0
2022-01-24,BTC,,0.05,-0.11874999999999998,-0.00037499999999999616
2022-01-24,CAKE,,0.0,0.0,0.0
2022-01-24,CHZ,,0.0,0.05,0.009
2022-01-24,DASH,,0.0,0.05,0.009
2022-01-24,DEXE,,0.05,-0.11874999999999998,-0.00037499999999999616
2022-01-24,DOGE,,-0.05,0.0,-0.020999999999999998
2022-01-24,DOT,,-0.05,0.0,-0.020999999999999998
2022-01-24,ETC,,0.0,0.0,0.0
2022-01-24,ETH,,0.0,0.0,0.0
2022-01-24,FET,,0.0,0.0,0.0
2022-01-24,FIL,,0.0,0.05,0.009
2022-01-24,HBAR,,0.05,0.0,0.020999999999999998
2022-01-24,ICP,,-0.05,0.05,-0.011999999999999999
2022-01-24,JST,,0.0,-0.11874999999999998,-0.021374999999999995
2022-01-24,LINK,,-0.05,0.0,-0.020999999999999998
2022-01-24,LTC,,0.0,0.05,0.009
2022-01-24,NEAR,,-0.05,0.0,-0.020999999999999998
2022-01-24,QNT,,0.05,0.0,0.020999999999999998
2022-01-24,SHIB,,0.0,0.0,0.0
2022-01-24,SOL,,0.0,0.05,0.009
2022-01-24,STX,,0.0,-0.11874999999999998,-0.021374999999999995
2022-01-24,TRX,,0.05,0.0,0.020999999999999998
2022-01-24,UNI,,-0.05,0.0,-0.020999999999999998
2022-01-24,VET,,0.0,0.05,0.009
2022-01-24,XLM,,0.05,-0.11874999999999998,-0.00037499999999999616
2022-01-24,XRP,,0.05,0.0,0.020999999999999998
2022-01-24,ZEC,,0.05,0.05,0.029999999999999995
2022-01-31,AAVE,,0.0,-0.05,-0.009
2022-01-31,ADA,,0.0,-0.05,-0.009
2022-01-31,ALGO,,0.05,0.0,0.020999999999999998
2022-01-31,ATOM,,-0.05,-0.05,-0.029999999999999995
2022-01-31,AVAX,,0.0,0.05,0.009
2022-01-31,BCH,,0.05,0.0,0.020999999999999998
2022-01-31,BNB,,0.05,0.0,0.020999999999999998
2022-01-31,BTC,,0.05,-0.05,0.011999999999999999
2022-01-31,CAKE,,0.0,0.0,0.0
2022-01-31,CHZ,,-0.05,0.0,-0.020999999999999998
2022-01-31,DASH,,0.0,0.0,0.0
2022-01-31,DEXE,,0.0,0.05,0.009
2022-01-31,DOGE,,0.0,-0.05,-0.009
2022-01-31,DOT,,-0.05,0.0,-0.020999999999999998
2022-01-31,ETC,,0.0,0.0,0.0
2022-01-31,ETH,,0.0,0.0,0.0
2022-01-31,FET,,0.05,0.0,0.020999999999999998
2022-01-31,FIL,,0.0,0.05,0.009
2022-01-31,HBAR,,0.0,-0.05,-0.009
2022-01-31,ICP,,0.0,0.0,0.0
2022-01-31,JST,,-0.05,-0.05,-0.029999999999999995
2022-01-31,LINK,,0.05,0.05,0.029999999999999995
2022-01-31,LTC,,0.0,0.0,0.0
2022-01-31,NEAR,,-0.05,0.05,-0.011999999999999999
2022-01-31,QNT,,-0.05,0.05,-0.011999999999999999
2022-01-31,SHIB,,-0.05,0.0,-0.020999999999999998
2022-01-31,SOL,,-0.05,0.05,-0.011999999999999999
2022-01-31,STX,,0.0,0.0,0.0
2022-01-31,TRX,,0.05,-0.05,0.011999999999999999
2022-01-31,UNI,,0.0,0.05,0.009
2022-01-31,VET,,0.0,0.05,0.009
2022-01-31,XLM,,0.05,0.0,0.020999999999999998
2022-01-31,XRP,,0.05,-0.05,0.011999999999999999
2022-01-31,ZEC,,-0.05,0.0,-0.020999999999999998
2022-02-07,AAVE,,0.0,-0.05,-0.009
2022-02-07,ADA,,0.05,-0.05,0.011999999999999999
2022-02-07,ALGO,,0.05,0.0,0.020999999999999998
2022-02-07,ATOM,,0.0,-0.05,-0.009
2022-02-07,AVAX,,0.0,0.05,0.009
2022-02-07,BCH,,0.05,0.0,0.020999999999999998
2022-02-07,BNB,,0.05,0.0,0.020999999999999998
2022-02-07,BTC,,0.05,-0.05,0.011999999999999999
2022-02-07,CAKE,,0.0,0.0,0.0
2022-02-07,CHZ,,-0.05,0.0,-0.020999999999999998
2022-02-07,DASH,,0.0,0.0,0.0
2022-02-07,DEXE,,0.0,0.05,0.009
2022-02-07,DOGE,,0.05,-0.05,0.011999999999999999
2022-02-07,DOT,,-0.05,0.0,-0.020999999999999998
2022-02-07,ETC,,0.0,0.0,0.0
2022-02-07,ETH,,0.0,0.0,0.0
2022-02-07,FET,,0.05,0.0,0.020999999999999998
2022-02-07,FIL,,0.0,0.05,0.009
2022-02-07,HBAR,,0.0,-0.05,-0.009
2022-02-07,ICP,,-0.05,0.0,-0.020999999999999998
2022-02-07,JST,,-0.05,-0.05,-0.029999999999999995
2022-02-07,LINK,,0.0,0.05,0.009
2022-02-07,LTC,,0.0,0.0,0.0
2022-02-07,NEAR,,-0.05,0.05,-0.011999999999999999
2022-02-07,QNT,,-0.05,0.05,-0.011999999999999999
2022-02-07,SHIB,,-0.05,0.0,-0.020999999999999998
2022-02-07,SOL,,-0.05,0.05,-0.011999999999999999
2022-02-07,STX,,0.0,0.0,0.0
2022-02-07,TRX,,0.05,-0.05,0.011999999999999999
2022-02-07,UNI,,0.0,0.05,0.009
2022-02-07,VET,,0.0,0.05,0.009
2022-02-07,XLM,,0.05,0.0,0.020999999999999998
2022-02-07,XRP,,0.0,-0.05,-0.009
2022-02-07,ZEC,,-0.05,0.0,-0.020999999999999998
2022-02-14,AAVE,,0.0,-0.05,-0.009
2022-02-14,ADA,,0.0,-0.05,-0.009
2022-02-14,ALGO,,0.05,0.0,0.020999999999999998
2022-02-14,ATOM,,0.0,-0.05,-0.009
2022-02-14,AVAX,,0.0,0.05,0.009
2022-02-14,BCH,,0.05,0.0,0.020999999999999998
2022-02-14,BNB,,0.05,0.0,0.020999999999999998
2022-02-14,BTC,,0.05,-0.05,0.011999999999999999
2022-02-14,CAKE,,0.0,0.0,0.0
2022-02-14,CHZ,,-0.05,0.0,-0.020999999999999998
2022-02-14,DASH,,0.0,0.0,0.0
2022-02-14,DEXE,,0.05,0.05,0.029999999999999995
2022-02-14,DOGE,,0.05,-0.05,0.011999999999999999
2022-02-14,DOT,,-0.05,0.0,-0.020999999999999998
2022-02-14,ETC,,0.0,0.0,0.0
2022-02-14,ETH,,0.0,0.0,0.0
2022-02-14,FET,,0.0,0.0,0.0
2022-02-14,FIL,,0.0,0.05,0.009
2022-02-14,HBAR,,0.0,-0.05,-0.009
2022-02-14,ICP,,-0.05,0.0,-0.020999999999999998
2022-02-14,JST,,-0.05,-0.05,-0.029999999999999995
2022-02-14,LINK,,0.05,0.05,0.029999999999999995
2022-02-14,LTC,,0.0,0.0,0.0
2022-02-14,NEAR,,-0.05,0.05,-0.011999999999999999
2022-02-14,QNT,,-0.05,0.05,-0.011999999999999999
2022-02-14,SHIB,,-0.05,0.0,-0.020999999999999998
2022-02-14,SOL,,-0.05,0.05,-0.011999999999999999
2022-02-14,STX,,0.0,0.0,0.0
2022-02-14,TRX,,0.05,-0.05,0.011999999999999999
2022-02-14,UNI,,0.05,0.05,0.029999999999999995
2022-02-14,VET,,0.0,0.05,0.009
2022-02-14,XLM,,0.0,0.0,0.0
2022-02-14,XRP,,0.0,-0.05,-0.009
2022-02-14,ZEC,,-0.05,0.0,-0.020999999999999998
2022-02-21,AAVE,,0.0,-0.05,-0.009
2022-02-21,ADA,,0.05,-0.05,0.011999999999999999
2022-02-21,ALGO,,0.05,0.0,0.020999999999999998
2022-02-21,ATOM,,0.0,-0.05,-0.009
2022-02-21,AVAX,,0.0,0.05,0.009
2022-02-21,BCH,,0.05,0.0,0.020999999999999998
2022-02-21,BNB,,0.05,0.0,0.020999999999999998
2022-02-21,BTC,,0.05,-0.05,0.011999999999999999
2022-02-21,CAKE,,0.0,0.0,0.0
2022-02-21,CHZ,,-0.05,0.0,-0.020999999999999998
2022-02-21,DASH,,0.0,0.0,0.0
2022-02-21,DEXE,,0.0,0.05,0.009
2022-02-21,DOGE,,0.05,-0.05,0.011999999999999999
2022-02-21,DOT,,-0.05,0.0,-0.020999999999999998
2022-02-21,ETC,,0.0,0.0,0.0
2022-02-21,ETH,,0.0,0.0,0.0
2022-02-21,FET,,0.0,0.0,0.0
2022-02-21,FIL,,0.0,0.05,0.009
2022-02-21,HBAR,,0.0,-0.05,-0.009
2022-02-21,ICP,,-0.05,0.0,-0.020999999999999998
2022-02-21,JST,,-0.05,-0.05,-0.029999999999999995
2022-02-21,LINK,,0.05,0.05,0.029999999999999995
2022-02-21,LTC,,0.0,0.0,0.0
2022-02-21,NEAR,,-0.05,0.05,-0.011999999999999999
2022-02-21,QNT,,-0.05,0.05,-0.011999999999999999
2022-02-21,SHIB,,-0.05,0.0,-0.020999999999999998
2022-02-21,SOL,,-0.05,0.05,-0.011999999999999999
2022-02-21,STX,,0.0,0.0,0.0
2022-02-21,TRX,,0.05,-0.05,0.011999999999999999
2022-02-21,UNI,,0.05,0.05,0.029999999999999995
2022-02-21,VET,,0.0,0.05,0.009
2022-02-21,XLM,,0.0,0.0,0.0
2022-02-21,XRP,,0.0,-0.05,-0.009
2022-02-21,ZEC,,-0.05,0.0,-0.020999999999999998
2022-02-28,AAVE,,0.05,0.0,0.025905660377358482
2022-02-28,ADA,,0.05,-0.05,0.015773584905660373
2022-02-28,ALGO,,0.05,0.0,0.027603773584905657
2022-02-28,ATOM,,-0.05,-0.05,-0.03824528301886792
2022-02-28,AVAX,,0.05,0.0,0.02692452830188679
2022-02-28,BCH,,0.0,0.0,0.001188679245283021
2022-02-28,BNB,,0.0,0.0,0.001188679245283021
2022-02-28,BTC,,0.0,-0.05,-0.010641509433962264
2022-02-28,CAKE,,0.0,0.0,0.0
2022-02-28,CHZ,,-0.05,0.05,-0.016283018867924527
2022-02-28,DASH,,0.05,0.0,0.026415094339622636
2022-02-28,DEXE,,-0.05,0.0,-0.025905660377358482
2022-02-28,DOGE,,0.05,-0.05,0.015773584905660373
2022-02-28,DOT,,0.0,0.05,0.010132075471698112
2022-02-28,ETC,,-0.05,-0.05,-0.03773584905660377
2022-02-28,ETH,,0.0,0.0,0.0
2022-02-28,FET,,-0.05,0.0,-0.026415094339622636
2022-02-28,FIL,,0.0,0.05,0.011830188679245283
2022-02-28,HBAR,,0.05,-0.05,0.01458490566037735
2022-02-28,ICP,,0.0,0.05,0.010132075471698112
2022-02-28,JST,,-0.05,0.0,-0.028113207547169807
2022-02-28,LINK,,0.0,0.0,0.0016981132075471715
2022-02-28,LTC,,0.0,0.0,0.0
2022-02-28,NEAR,,-0.05,0.05,-0.015773584905660373
2022-02-28,QNT,,0.0,0.05,0.010641509433962264
2022-02-28,SHIB,,-0.05,0.05,-0.016283018867924527
2022-02-28,SOL,,0.0,0.05,0.010641509433962264
2022-02-28,STX,,0.05,0.0,0.026415094339622636
2022-02-28,TRX,,0.0,-0.05,-0.010641509433962264
2022-02-28,UNI,,0.0,0.05,0.013018867924528305
2022-02-28,VET,,0.0,0.0,0.0005094339622641521
2022-02-28,XLM,,0.05,-0.05,0.015094339622641504
2022-02-28,XRP,,-0.05,-0.05,-0.03824528301886792
2022-02-28,ZEC,,0.0,0.0,-0.001188679245283021
2022-03-07,AAVE,,0.0,0.0,0.0029758304444389497
2022-03-07,ADA,,0.05,-0.05,0.012433478578942307
2022-03-07,ALGO,,0.05,0.0,0.02175858751314904
2022-03-07,ATOM,,0.0,-0.05,-0.012359458986802897
2022-03-07,AVAX,,0.05,0.0,0.02168056136893942
2022-03-07,BCH,,0.0,0.0,0.00013654575236682755
2022-03-07,BNB,,0.0,0.0,0.00013654575236682755
2022-03-07,BTC,,0.0,-0.05,-0.009188563181839905
2022-03-07,CAKE,,0.0,0.0,0.0
2022-03-07,CHZ,,-0.11874999999999998,0.05,-0.03805007428585533
2022-03-07,DASH,,-0.11874999999999998,0.0,-0.04111141775434568
2022-03-07,DEXE,,-0.11874999999999998,0.0,-0.047121598251380806
2022-03-07,DOGE,,0.05,-0.05,0.012433478578942307
2022-03-07,DOT,,0.0,0.05,0.009130043573682693
2022-03-07,ETC,,0.0,-0.05,-0.012300939378645685
2022-03-07,ETH,,0.05,0.0,0.018587691708186048
2022-03-07,FET,,-0.11874999999999998,0.0,-0.04718011785953802
2022-03-07,FIL,,0.0,0.05,0.009325108934206731
2022-03-07,HBAR,,0.05,-0.05,0.01229693282657548
2022-03-07,ICP,,0.05,0.05,0.027717735281868737
2022-03-07,JST,,0.0,0.0,-0.003229415413120204
2022-03-07,LINK,,0.05,0.0,0.018782757068710087
2022-03-07,LTC,,0.0,0.0,0.0
2022-03-07,NEAR,,-0.11874999999999998,0.05,-0.03799155467769812
2022-03-07,QNT,,0.0,0.05,0.009188563181839905
2022-03-07,SHIB,,0.0,0.05,0.006095693521086531
2022-03-07,SOL,,0.05,0.05,0.02777625489002595
2022-03-07,STX,,-0.11874999999999998,0.0,-0.04111141775434568
2022-03-07,TRX,,0.0,-0.05,-0.009188563181839905
2022-03-07,UNI,,-0.11874999999999998,0.05,-0.0346841131203683
2022-03-07,VET,,-0.11874999999999998,0.0,-0.04408724819878464
2022-03-07,XLM,,0.0,-0.05,-0.006232239273453356
2022-03-07,XRP,,0.0,-0.05,-0.012359458986802897
2022-03-07,ZEC,,-0.05,0.0,-0.018724237460552875
2022-03-14,AAVE,,-0.05,0.0,-0.02360981686644659
2022-03-14,ADA,,0.0,-0.05,-0.008537059894367786
2022-03-14,ALGO,,0.0,0.0,0.0030838296355448318
2022-03-14,ATOM,,0.05,-0.05,0.011980633392738832
2022-03-14,AVAX,,-0.05,0.0,-0.020958808223766626
2022-03-14,BCH,,0.0,0.0,1.9352535521992013e-05
2022-03-14,BNB,,0.05,0.0,0.0240509318031066
2022-03-14,BTC,,0.05,-0.05,0.01243004227319398
2022-03-14,CAKE,,0.0,0.0,0.0
2022-03-14,CHZ,,-0.05,0.05,-0.019125141855260274
2022-03-14,DASH,,-0.05,0.0,-0.029858272215989447
2022-03-14,DEXE,,-0.05,0.0,-0.03071009096206062
2022-03-14,DOGE,,0.0,-0.05,-0.008537059894367786
2022-03-14,DOT,,0.05,0.05,0.035624822318180094
2022-03-14,ETC,,-0.05,-0.05,-0.036074231198635245
2022-03-14,ETH,,0.0,0.0,0.0026344207550896837
2022-03-14,FET,,-0.05,0.0,-0.03071838490585576
2022-03-14,FIL,,0.05,0.05,0.03565246879749723
2022-03-14,HBAR,,0.05,-0.05,0.015475166837694829
2022-03-14,ICP,,0.05,0.05,0.03825924307326978
2022-03-14,JST,,0.0,0.0,-0.0004577028242502869
2022-03-14,LINK,,0.0,0.0,0.002662067234406814
2022-03-14,LTC,,0.0,0.0,0.0
2022-03-14,NEAR,,-0.05,0.05,-0.019116847911465135
2022-03-14,QNT,,0.05,0.05,0.03563311626197524
2022-03-14,SHIB,,0.0,0.05,0.011163186705662333
2022-03-14,SOL,,0.0,0.05,0.01423595774948031
2022-03-14,STX,,0.0,0.0,-0.005826692948404842
2022-03-14,TRX,,0.05,-0.05,0.01243004227319398
2022-03-14,UNI,,0.0,0.05,0.0053834927720966055
2022-03-14,VET,,0.0,0.0,-0.00624845534954286
2022-03-14,XLM,,0.0,-0.05,-0.011182539241184324
2022-03-14,XRP,,0.0,-0.05,-0.012050945874845773
2022-03-14,ZEC,,-0.05,0.0,-0.026685352558196283
2022-03-21,AAVE,,-0.05,0.0,-0.027999999999999997
2022-03-21,ADA,,-0.05,-0.05,-0.04
2022-03-21,ALGO,,-0.05,0.0,-0.027999999999999997
2022-03-21,ATOM,,0.05,-0.05,0.015999999999999997
2022-03-21,AVAX,,0.0,0.0,0.0
2022-03-21,BCH,,0.0,0.0,0.0
2022-03-21,BNB,,0.05,0.0,0.027999999999999997
2022-03-21,BTC,,0.05,-0.05,0.015999999999999997
2022-03-21,CAKE,,0.0,0.0,0.0
2022-03-21,CHZ,,-0.05,0.05,-0.015999999999999997
2022-03-21,DASH,,0.0,0.0,0.0
2022-03-21,DEXE,,0.0,0.0,0.0
2022-03-21,DOGE,,0.0,-0.05,-0.012
2022-03-21,DOT,,0.0,0.05,0.012
2022-03-21,ETC,,-0.05,-0.05,-0.04
2022-03-21,ETH,,0.05,0.0,0.027999999999999997
2022-03-21,FET,,-0.05,0.0,-0.027999999999999997
2022-03-21,FIL,,-0.05,0.05,-0.015999999999999997
2022-03-21,HBAR,,0.05,-0.05,0.015999999999999997
2022-03-21,ICP,,0.0,0.05,0.012
2022-03-21,JST,,0.0,0.0,0.0
2022-03-21,LINK,,0.0,0.0,0.0
2022-03-21,LTC,,0.05,0.0,0.027999999999999997
2022-03-21,NEAR,,0.0,0.05,0.012
2022-03-21,QNT,,0.0,0.05,0.012
2022-03-21,SHIB,,0.0,0.05,0.012
2022-03-21,SOL,,0.0,0.05,0.012
2022-03-21,STX,,0.0,0.0,0.0
2022-03-21,TRX,,0.05,-0.05,0.015999999999999997
2022-03-21,UNI,,0.0,0.05,0.012
2022-03-21,VET,,-0.05,0.0,-0.027999999999999997
2022-03-21,XLM,,0.05,-0.05,0.015999999999999997
2022-03-21,XRP,,0.05,-0.05,0.015999999999999997
2022-03-21,ZEC,,-0.05,0.0,-0.027999999999999997
2022-03-28,AAVE,,-0.05,0.0,-0.027999999999999997
2022-03-28,ADA,,-0.05,0.0,-0.027999999999999997
2022-03-28,ALGO,,-0.05,0.0,-0.027999999999999997
2022-03-28,ATOM,,0.05,0.0,0.027999999999999997
2022-03-28,AVAX,,0.0,-0.05,-0.012
2022-03-28,BCH,,0.0,-0.05,-0.012
2022-03-28,BNB,,0.05,-0.05,0.015999999999999997
2022-03-28,BTC,,0.05,-0.05,0.015999999999999997
2022-03-28,CAKE,,0.0,0.05,0.012
2022-03-28,CHZ,,0.0,0.05,0.012
2022-03-28,DASH,,0.0,0.0,0.0
2022-03-28,DEXE,,0.0,0.0,0.0
2022-03-28,DOGE,,-0.05,-0.05,-0.04
2022-03-28,DOT,,0.0,0.05,0.012
2022-03-28,ETC,,-0.05,0.0,-0.027999999999999997
2022-03-28,ETH,,0.05,-0.05,0.015999999999999997
2022-03-28,FET,,-0.05,0.0,-0.027999999999999997
2022-03-28,FIL,,-0.05,0.0,-0.027999999999999997
2022-03-28,HBAR,,0.0,0.0,0.0
2022-03-28,ICP,,0.0,0.05,0.012
2022-03-28,JST,,0.0,0.05,0.012
2022-03-28,LINK,,0.05,0.0,0.027999999999999997
2022-03-28,LTC,,0.05,0.0,0.027999999999999997
2022-03-28,NEAR,,0.0,0.05,0.012
2022-03-28,QNT,,0.0,0.0,0.0
2022-03-28,SHIB,,0.0,0.05,0.012
2022-03-28,SOL,,0.0,0.05,0.012
2022-03-28,STX,,0.0,0.0,0.0
2022-03-28,TRX,,0.05,-0.05,0.015999999999999997
2022-03-28,UNI,,0.0,0.05,0.012
2022-03-28,VET,,-0.05,0.0,-0.027999999999999997
2022-03-28,XLM,,0.05,-0.05,0.015999999999999997
2022-03-28,XRP,,0.05,-0.05,0.015999999999999997
2022-03-28,ZEC,,-0.05,0.0,-0.027999999999999997
2022-04-04,AAVE,,-0.05,0.0,-0.027999999999999997
2022-04-04,ADA,,0.0,0.0,0.0
2022-04-04,ALGO,,-0.05,0.0,-0.027999999999999997
2022-04-04,ATOM,,0.05,0.0,0.027999999999999997
2022-04-04,AVAX,,-0.05,-0.05,-0.04
2022-04-04,BCH,,0.0,-0.05,-0.012
2022-04-04,BNB,,0.05,-0.05,0.015999999999999997
2022-04-04,BTC,,0.05,-0.05,0.015999999999999997
2022-04-04,CAKE,,0.0,0.05,0.012
2022-04-04,CHZ,,0.0,0.05,0.012
2022-04-04,DASH,,0.0,0.0,0.0
2022-04-04,DEXE,,0.0,0.0,0.0
2022-04-04,DOGE,,-0.05,-0.05,-0.04
2022-04-04,DOT,,0.05,0.05,0.04
2022-04-04,ETC,,-0.05,0.0,-0.027999999999999997
2022-04-04,ETH,,0.05,-0.05,0.015999999999999997
2022-04-04,FET,,-0.05,0.0,-0.027999999999999997
2022-04-04,FIL,,0.0,0.0,0.0
2022-04-04,HBAR,,0.0,0.0,0.0
2022-04-04,ICP,,0.0,0.05,0.012
2022-04-04,JST,,0.0,0.05,0.012
2022-04-04,LINK,,0.05,0.0,0.027999999999999997
2022-04-04,LTC,,0.05,0.0,0.027999999999999997
2022-04-04,NEAR,,0.0,0.05,0.012
2022-04-04,QNT,,-0.05,0.0,-0.027999999999999997
2022-04-04,SHIB,,-0.05,0.05,-0.015999999999999997
2022-04-04,SOL,,0.0,0.05,0.012
2022-04-04,STX,,0.0,0.0,0.0
2022-04-04,TRX,,0.05,-0.05,0.015999999999999997
2022-04-04,UNI,,0.0,0.05,0.012
2022-04-04,VET,,-0.05,0.0,-0.027999999999999997
2022-04-04,XLM,,0.05,-0.05,0.015999999999999997
2022-04-04,XRP,,0.0,-0.05,-0.012
2022-04-04,ZEC,,0.0,0.0,0.0
2022-04-11,AAVE,,-0.05,0.0,-0.027999999999999997
2022-04-11,ADA,,-0.05,0.0,-0.027999999999999997
2022-04-11,ALGO,,-0.05,0.0,-0.027999999999999997
2022-04-11,ATOM,,0.05,0.0,0.027999999999999997
2022-04-11,AVAX,,0.0,-0.05,-0.012
2022-04-11,BCH,,0.0,-0.05,-0.012
2022-04-11,BNB,,0.05,-0.05,0.015999999999999997
2022-04-11,BTC,,0.05,-0.05,0.015999999999999997
2022-04-11,CAKE,,0.0,0.05,0.012
2022-04-11,CHZ,,0.0,0.05,0.012
2022-04-11,DASH,,0.05,0.0,0.027999999999999997
2022-04-11,DEXE,,0.05,0.0,0.027999999999999997
2022-04-11,DOGE,,0.0,-0.05,-0.012
2022-04-11,DOT,,0.0,0.05,0.012
2022-04-11,ETC,,-0.05,0.0,-0.027999999999999997
2022-04-11,ETH,,0.05,-0.05,0.015999999999999997
2022-04-11,FET,,-0.05,0.0,-0.027999999999999997
2022-04-11,FIL,,-0.05,0.0,-0.027999999999999997
2022-04-11,HBAR,,0.0,0.0,0.0
2022-04-11,ICP,,-0.05,0.05,-0.015999999999999997
2022-04-11,JST,,0.0,0.05,0.012
2022-04-11,LINK,,0.0,0.0,0.0
2022-04-11,LTC,,0.05,0.0,0.027999999999999997
2022-04-11,NEAR,,0.0,0.05,0.012
2022-04-11,QNT,,-0.05,0.0,-0.027999999999999997
2022-04-11,SHIB,,0.0,0.05,0.012
2022-04-11,SOL,,0.0,0.05,0.012
2022-04-11,STX,,0.0,0.0,0.0
2022-04-11,TRX,,0.05,-0.05,0.015999999999999997
2022-04-11,UNI,,0.0,0.05,0.012
2022-04-11,VET,,-0.05,0.0,-0.027999999999999997
2022-04-11,XLM,,0.0,-0.05,-0.012
2022-04-11,XRP,,0.05,-0.05,0.015999999999999997
2022-04-11,ZEC,,0.0,0.0,0.0
2022-04-18,AAVE,,-0.05,0.0,-0.027999999999999997
2022-04-18,ADA,,0.0,0.0,-0.007310344827586208
2022-04-18,ALGO,,0.0,0.0,-0.007310344827586208
2022-04-18,ATOM,,0.0,0.0,0.007310344827586208
2022-04-18,AVAX,,-0.11874999999999998,-0.05,-0.061137931034482756
2022-04-18,BCH,,0.05,-0.05,0.008689655172413789
2022-04-18,BNB,,0.05,-0.05,0.015999999999999997
2022-04-18,BTC,,0.05,-0.05,0.015999999999999997
2022-04-18,CAKE,,-0.11874999999999998,0.05,-0.03713793103448275
2022-04-18,CHZ,,0.0,0.05,0.012
2022-04-18,DASH,,0.05,0.0,0.027999999999999997
2022-04-18,DEXE,,0.0,0.0,0.007310344827586208
2022-04-18,DOGE,,0.0,-0.05,-0.012
2022-04-18,DOT,,0.05,0.05,0.03268965517241379
2022-04-18,ETC,,-0.11874999999999998,0.0,-0.05644827586206896
2022-04-18,ETH,,0.05,-0.05,0.015999999999999997
2022-04-18,FET,,0.0,0.0,-0.007310344827586208
2022-04-18,FIL,,0.0,0.0,-0.007310344827586208
2022-04-18,HBAR,,0.0,0.0,0.0
2022-04-18,ICP,,0.0,0.05,0.0046896551724137925
2022-04-18,JST,,-0.11874999999999998,0.05,-0.03713793103448275
2022-04-18,LINK,,0.0,0.0,0.0
2022-04-18,LTC,,0.05,0.0,0.027999999999999997
2022-04-18,NEAR,,-0.11874999999999998,0.05,-0.03713793103448275
2022-04-18,QNT,,-0.11874999999999998,0.0,-0.05644827586206896
2022-04-18,SHIB,,-0.11874999999999998,0.05,-0.03713793103448275
2022-04-18,SOL,,-0.11874999999999998,0.05,-0.03713793103448275
2022-04-18,STX,,0.0,0.0,0.0
2022-04-18,TRX,,0.05,-0.05,0.015999999999999997
2022-04-18,UNI,,0.0,0.05,0.012
2022-04-18,VET,,0.0,0.0,-0.007310344827586208
2022-04-18,XLM,,0.05,-0.05,0.008689655172413789
2022-04-18,XRP,,0.0,-0.05,-0.0046896551724137925
2022-04-18,ZEC,,0.0,0.0,0.0
2022-04-25,AAVE,,-0.05,0.05,-0.018195341848234403
2022-04-25,ADA,,0.05,0.0,0.02154014352703438
2022-04-25,ALGO,,-0.05,0.0,-0.024214927847871708
2022-04-25,ATOM,,0.0,0.0,0.0013373921604186625
2022-04-25,AVAX,,0.0,0.0,-0.011184888209539098
2022-04-25,BCH,,0.0,0.0,0.0015897303038938815
2022-04-25,BNB,,0.05,-0.05,0.015999999999999997
2022-04-25,BTC,,0.05,-0.05,0.015999999999999997
2022-04-25,CAKE,,-0.05,0.0,-0.029671740200523322
2022-04-25,CHZ,,0.05,0.05,0.03487753568745305
2022-04-25,DASH,,0.05,0.0,0.027999999999999997
2022-04-25,DEXE,,-0.05,0.0,-0.02154014352703438
2022-04-25,DOGE,,0.0,-0.05,-0.012
2022-04-25,DOT,,0.0,0.0,0.005980414000362699
2022-04-25,ETC,,0.0,0.0,-0.010326938521723353
2022-04-25,ETH,,0.05,-0.05,0.015999999999999997
2022-04-25,FET,,-0.05,0.05,-0.014410269696106115
2022-04-25,FIL,,0.0,0.05,0.00846726599134693
2022-04-25,HBAR,,0.0,0.0,0.0
2022-04-25,ICP,,-0.05,0.05,-0.012214927847871707
2022-04-25,JST,,0.0,-0.05,-0.016598862664835873
2022-04-25,LINK,,0.05,0.0,0.022877535687453043
2022-04-25,LTC,,0.0,-0.05,-0.004682193839218633
2022-04-25,NEAR,,0.0,0.05,0.003010453638695308
2022-04-25,QNT,,0.0,0.0,-0.010326938521723353
2022-04-25,SHIB,,-0.05,0.0,-0.029671740200523322
2022-04-25,SOL,,0.0,0.05,0.003010453638695308
2022-04-25,STX,,0.0,0.0,0.0
2022-04-25,TRX,,-0.05,-0.05,-0.02975507137490609
2022-04-25,UNI,,0.05,0.0,0.025072877535687453
2022-04-25,VET,,0.0,0.05,0.00846726599134693
2022-04-25,XLM,,0.05,-0.05,0.014662607839581334
2022-04-25,XRP,,0.0,-0.05,-0.010662607839581338
2022-04-25,ZEC,,-0.05,0.05,-0.013072877535687453
2022-05-02,AAVE,,0.0,0.05,0.009
2022-05-02,ADA,,0.05,0.0,0.020999999999999998
2022-05-02,ALGO,,-0.05,0.0,-0.020999999999999998
2022-05-02,ATOM,,0.0,0.0,0.0
2022-05-02,AVAX,,0.0,0.0,0.0
2022-05-02,BCH,,0.0,0.0,0.0
2022-05-02,BNB,,0.05,-0.05,0.011999999999999999
2022-05-02,BTC,,0.0,-0.05,-0.009
2022-05-02,CAKE,,-0.05,0.0,-0.020999999999999998
2022-05-02,CHZ,,0.05,0.05,0.029999999999999995
2022-05-02,DASH,,0.05,0.0,0.020999999999999998
2022-05-02,DEXE,,-0.05,0.0,-0.020999999999999998
2022-05-02,DOGE,,0.0,-0.05,-0.009
2022-05-02,DOT,,-0.05,0.0,-0.020999999999999998
2022-05-02,ETC,,0.0,0.0,0.0
2022-05-02,ETH,,0.05,-0.05,0.011999999999999999
2022-05-02,FET,,-0.05,0.05,-0.011999999999999999
2022-05-02,FIL,,0.0,0.05,0.009
2022-05-02,HBAR,,0.0,0.0,0.0
2022-05-02,ICP,,0.0,0.05,0.009
2022-05-02,JST,,-0.05,-0.05,-0.029999999999999995
2022-05-02,LINK,,0.05,0.0,0.020999999999999998
2022-05-02,LTC,,0.05,-0.05,0.011999999999999999
2022-05-02,NEAR,,-0.05,0.05,-0.011999999999999999
2022-05-02,NEXO,,0.0,0.0,0.0
2022-05-02,QNT,,0.0,0.0,0.0
2022-05-02,SHIB,,0.0,0.0,0.0
2022-05-02,SOL,,0.0,0.05,0.009
2022-05-02,STX,,0.0,0.0,0.0
2022-05-02,TRX,,-0.05,-0.05,-0.029999999999999995
2022-05-02,UNI,,0.0,0.0,0.0
2022-05-02,VET,,0.05,0.05,0.029999999999999995
2022-05-02,XLM,,0.05,-0.05,0.011999999999999999
2022-05-02,XRP,,0.0,-0.05,-0.009
2022-05-02,ZEC,,-0.05,0.05,-0.011999999999999999
2022-05-09,AAVE,,0.0,0.05,0.012
2022-05-09,ADA,,0.0,0.0,0.0
2022-05-09,ALGO,,-0.05,0.0,-0.027999999999999997
2022-05-09,ATOM,,0.05,0.0,0.027999999999999997
2022-05-09,AVAX,,-0.05,0.0,-0.027999999999999997
2022-05-09,BCH,,0.05,0.0,0.027999999999999997
2022-05-09,BNB,,0.05,-0.05,0.015999999999999997
2022-05-09,BTC,,0.05,-0.05,0.015999999999999997
2022-05-09,CAKE,,-0.05,0.0,-0.027999999999999997
2022-05-09,CHZ,,0.05,0.05,0.04
2022-05-09,DASH,,0.05,0.0,0.027999999999999997
2022-05-09,DEXE,,-0.05,0.0,-0.027999999999999997
2022-05-09,DOGE,,0.0,-0.05,-0.012
2022-05-09,DOT,,0.0,0.0,0.0
2022-05-09,ETC,,0.0,0.0,0.0
2022-05-09,ETH,,0.05,-0.05,0.015999999999999997
2022-05-09,FET,,-0.05,0.05,-0.015999999999999997
2022-05-09,FIL,,0.0,0.05,0.012
2022-05-09,HBAR,,0.0,0.0,0.0
2022-05-09,ICP,,0.0,0.05,0.012
2022-05-09,JST,,-0.05,-0.05,-0.04
2022-05-09,LINK,,0.05,0.0,0.027999999999999997
2022-05-09,LTC,,0.0,-0.05,-0.012
2022-05-09,NEAR,,0.0,0.05,0.012
2022-05-09,NEXO,,0.0,0.0,0.0
2022-05-09,QNT,,0.0,0.0,0.0
2022-05-09,SHIB,,-0.05,0.0,-0.027999999999999997
2022-05-09,SOL,,0.0,0.05,0.012
2022-05-09,STX,,0.0,0.0,0.0
2022-05-09,TRX,,-0.05,-0.05,-0.04
2022-05-09,UNI,,0.0,0.0,0.0
2022-05-09,VET,,0.0,0.05,0.012
2022-05-09,XLM,,0.05,-0.05,0.015999999999999997
2022-05-09,XRP,,0.0,-0.05,-0.012
2022-05-09,ZEC,,-0.05,0.05,-0.015999999999999997
2022-05-16,AAVE,,-0.05,0.05,-0.011999999999999999
2022-05-16,ADA,,0.05,0.0,0.020999999999999998
2022-05-16,ALGO,,-0.05,0.0,-0.020999999999999998
2022-05-16,ATOM,,0.0,0.0,0.0
2022-05-16,AVAX,,0.0,0.0,0.0
2022-05-16,BCH,,0.05,0.0,0.020999999999999998
2022-05-16,BNB,,0.0,-0.05,-0.009
2022-05-16,BTC,,0.05,-0.05,0.011999999999999999
2022-05-16,CAKE,,-0.05,0.0,-0.020999999999999998
2022-05-16,CHZ,,0.0,0.05,0.009
2022-05-16,DASH,,0.0,0.0,0.0
2022-05-16,DEXE,,-0.05,0.0,-0.020999999999999998
2022-05-16,DOGE,,-0.05,-0.05,-0.029999999999999995
2022-05-16,DOT,,0.05,0.0,0.020999999999999998
2022-05-16,ETC,,0.0,0.0,0.0
2022-05-16,ETH,,0.0,-0.05,-0.009
2022-05-16,FET,,0.0,0.05,0.009
2022-05-16,FIL,,0.0,0.05,0.009
2022-05-16,HBAR,,0.0,0.0,0.0
2022-05-16,ICP,,0.0,0.05,0.009
2022-05-16,JST,,-0.05,-0.05,-0.029999999999999995
2022-05-16,LINK,,0.05,0.0,0.020999999999999998
2022-05-16,LTC,,0.0,-0.05,-0.009
2022-05-16,NEAR,,-0.05,0.05,-0.011999999999999999
2022-05-16,NEXO,,0.0,0.0,0.0
2022-05-16,QNT,,0.05,0.0,0.020999999999999998
2022-05-16,SHIB,,0.0,0.0,0.0
2022-05-16,SOL,,0.05,0.05,0.029999999999999995
2022-05-16,STX,,0.05,0.0,0.020999999999999998
2022-05-16,TRX,,-0.05,-0.05,-0.029999999999999995
2022-05-16,UNI,,-0.05,0.0,-0.020999999999999998
2022-05-16,VET,,0.0,0.05,0.009
2022-05-16,XLM,,0.05,-0.05,0.011999999999999999
2022-05-16,XRP,,0.0,-0.05,-0.009
2022-05-16,ZEC,,0.0,0.05,0.009
2022-05-23,AAVE,,-0.05,-0.11874999999999998,-0.042374999999999996
2022-05-23,ADA,,0.05,0.0,0.020999999999999998
2022-05-23,ALGO,,-0.05,0.05,-0.011999999999999999
2022-05-23,ATOM,,0.05,0.0,0.020999999999999998
2022-05-23,AVAX,,0.0,0.11874999999999998,0.021374999999999995
2022-05-23,BCH,,0.05,-0.11874999999999998,-0.00037499999999999616
2022-05-23,BNB,,0.0,-0.11874999999999998,-0.021374999999999995
2022-05-23,BTC,,0.05,-0.11874999999999998,-0.00037499999999999616
2022-05-23,CAKE,,-0.05,0.11874999999999998,0.00037499999999999616
2022-05-23,CHZ,,0.0,0.0,0.0
2022-05-23,DASH,,0.0,0.0,0.0
2022-05-23,DEXE,,0.0,0.11874999999999998,0.021374999999999995
2022-05-23,DOGE,,0.0,0.0,0.0
2022-05-23,DOT,,0.0,-0.11874999999999998,-0.021374999999999995
2022-05-23,ETC,,-0.05,-0.11874999999999998,-0.042374999999999996
2022-05-23,ETH,,0.05,0.0,0.020999999999999998
2022-05-23,FET,,0.0,0.0,0.0
2022-05-23,FIL,,0.0,0.11874999999999998,0.021374999999999995
2022-05-23,HBAR,,0.05,0.0,0.020999999999999998
2022-05-23,ICP,,0.0,0.0,0.0
2022-05-23,JST,,-0.05,-0.05,-0.029999999999999995
2022-05-23,LINK,,0.0,0.0,0.0
2022-05-23,LTC,,0.0,0.0,0.0
2022-05-23,NEAR,,-0.05,0.11874999999999998,0.00037499999999999616
2022-05-23,NEXO,,0.0,0.0,0.0
2022-05-23,QNT,,0.05,-0.11874999999999998,-0.00037499999999999616
2022-05-23,SHIB,,-0.05,0.11874999999999998,0.00037499999999999616
2022-05-23,SOL,,0.05,0.11874999999999998,0.042374999999999996
2022-05-23,STX,,0.0,0.0,0.0
2022-05-23,TRX,,-0.05,0.0,-0.020999999999999998
2022-05-23,UNI,,-0.05,0.11874999999999998,0.00037499999999999616
2022-05-23,VET,,0.0,0.0,0.0
2022-05-23,XLM,,0.05,-0.11874999999999998,-0.00037499999999999616
2022-05-23,XRP,,0.0,0.0,0.0
2022-05-23,ZEC,,0.0,0.0,0.0
2022-05-30,AAVE,,-0.05,-0.11874999999999998,-0.042374999999999996
2022-05-30,ADA,,-0.05,0.0,-0.020999999999999998
2022-05-30,ALGO,,-0.05,0.05,-0.011999999999999999
2022-05-30,ATOM,,0.05,0.0,0.020999999999999998
2022-05-30,AVAX,,0.0,0.11874999999999998,0.021374999999999995
2022-05-30,BCH,,0.05,-0.11874999999999998,-0.00037499999999999616
2022-05-30,BNB,,0.05,-0.11874999999999998,-0.00037499999999999616
2022-05-30,BTC,,0.05,-0.11874999999999998,-0.00037499999999999616
2022-05-30,CAKE,,-0.05,0.11874999999999998,0.00037499999999999616
2022-05-30,CHZ,,-0.05,0.0,-0.020999999999999998
2022-05-30,DASH,,0.0,0.0,0.0
2022-05-30,DEXE,,0.0,0.11874999999999998,0.021374999999999995
2022-05-30,DOGE,,0.0,0.0,0.0
2022-05-30,DOT,,0.05,-0.11874999999999998,-0.00037499999999999616
2022-05-30,ETC,,-0.05,-0.11874999999999998,-0.042374999999999996
2022-05-30,ETH,,0.05,0.0,0.020999999999999998
2022-05-30,FET,,0.0,0.0,0.0
2022-05-30,FIL,,0.0,0.11874999999999998,0.021374999999999995
2022-05-30,HBAR,,0.0,0.0,0.0
2022-05-30,ICP,,0.0,0.0,0.0
2022-05-30,JST,,-0.05,-0.05,-0.029999999999999995
2022-05-30,LINK,,-0.05,0.0,-0.020999999999999998
2022-05-30,LTC,,0.0,0.0,0.0
2022-05-30,NEAR,,-0.05,0.11874999999999998,0.00037499999999999616
2022-05-30,NEXO,,0.0,0.0,0.0
2022-05-30,QNT,,0.05,-0.11874999999999998,-0.00037499999999999616
2022-05-30,SHIB,,0.0,0.11874999999999998,0.021374999999999995
2022-05-30,SOL,,0.05,0.11874999999999998,0.042374999999999996
2022-05-30,STX,,0.0,0.0,0.0
2022-05-30,TRX,,0.0,0.0,0.0
2022-05-30,UNI,,0.0,0.11874999999999998,0.021374999999999995
2022-05-30,VET,,0.0,0.0,0.0
2022-05-30,XLM,,0.0,-0.11874999999999998,-0.021374999999999995
2022-05-30,XRP,,0.0,0.0,0.0
2022-05-30,ZEC,,0.05,0.0,0.020999999999999998
2022-06-06,AAVE,,-0.05,-0.11874999999999998,-0.042374999999999996
2022-06-06,ADA,,-0.05,0.0,-0.020999999999999998
2022-06-06,ALGO,,0.0,0.05,0.009
2022-06-06,ATOM,,0.0,0.0,0.0
2022-06-06,AVAX,,0.0,0.11874999999999998,0.021374999999999995
2022-06-06,BCH,,0.05,-0.11874999999999998,-0.00037499999999999616
2022-06-06,BNB,,0.05,-0.11874999999999998,-0.00037499999999999616
2022-06-06,BTC,,0.05,-0.11874999999999998,-0.00037499999999999616
2022-06-06,CAKE,,0.05,0.11874999999999998,0.042374999999999996
2022-06-06,CHZ,,-0.05,0.0,-0.020999999999999998
2022-06-06,DASH,,0.0,0.0,0.0
2022-06-06,DEXE,,0.0,0.11874999999999998,0.021374999999999995
2022-06-06,DOGE,,0.0,0.0,0.0
2022-06-06,DOT,,0.0,-0.11874999999999998,-0.021374999999999995
2022-06-06,ETC,,-0.05,-0.11874999999999998,-0.042374999999999996
2022-06-06,ETH,,0.0,0.0,0.0
2022-06-06,FET,,0.0,0.0,0.0
2022-06-06,FIL,,0.0,0.11874999999999998,0.021374999999999995
2022-06-06,HBAR,,-0.05,0.0,-0.020999999999999998
2022-06-06,ICP,,0.0,0.0,0.0
2022-06-06,JST,,0.0,-0.05,-0.009
2022-06-06,LINK,,-0.05,0.0,-0.020999999999999998
2022-06-06,LTC,,-0.05,0.0,-0.020999999999999998
2022-06-06,NEAR,,-0.05,0.11874999999999998,0.00037499999999999616
2022-06-06,NEXO,,0.0,0.0,0.0
2022-06-06,QNT,,0.0,-0.11874999999999998,-0.021374999999999995
2022-06-06,SHIB,,0.0,0.11874999999999998,0.021374999999999995
2022-06-06,SOL,,0.05,0.11874999999999998,0.042374999999999996
2022-06-06,STX,,0.0,0.0,0.0
2022-06-06,TRX,,0.05,0.0,0.020999999999999998
2022-06-06,UNI,,0.0,0.11874999999999998,0.021374999999999995
2022-06-06,VET,,0.05,0.0,0.020999999999999998
2022-06-06,XLM,,-0.05,-0.11874999999999998,-0.042374999999999996
2022-06-06,XRP,,0.05,0.0,0.020999999999999998
2022-06-06,ZEC,,0.05,0.0,0.020999999999999998
2022-06-13,AAVE,,-0.05,-0.11874999999999998,-0.042374999999999996
2022-06-13,ADA,,-0.05,0.0,-0.020999999999999998
2022-06-13,ALGO,,0.0,0.05,0.009
2022-06-13,ATOM,,0.0,0.0,0.0
2022-06-13,AVAX,,0.0,0.11874999999999998,0.021374999999999995
2022-06-13,BCH,,0.05,-0.11874999999999998,-0.00037499999999999616
2022-06-13,BNB,,0.05,-0.11874999999999998,-0.00037499999999999616
2022-06-13,BTC,,0.0,-0.11874999999999998,-0.021374999999999995
2022-06-13,CAKE,,0.05,0.11874999999999998,0.042374999999999996
2022-06-13,CHZ,,-0.05,0.0,-0.020999999999999998
2022-06-13,DASH,,0.0,0.0,0.0
2022-06-13,DEXE,,0.0,0.11874999999999998,0.021374999999999995
2022-06-13,DOGE,,0.05,0.0,0.020999999999999998
2022-06-13,DOT,,0.0,-0.11874999999999998,-0.021374999999999995
2022-06-13,ETC,,-0.05,-0.11874999999999998,-0.042374999999999996
2022-06-13,ETH,,0.0,0.0,0.0
2022-06-13,FET,,0.0,0.0,0.0
2022-06-13,FIL,,0.05,0.11874999999999998,0.042374999999999996
2022-06-13,HBAR,,0.0,0.0,0.0
2022-06-13,ICP,,0.0,0.0,0.0
2022-06-13,JST,,0.0,-0.05,-0.009
2022-06-13,LINK,,-0.05,0.0,-0.020999999999999998
2022-06-13,LTC,,-0.05,0.0,-0.020999999999999998
2022-06-13,NEAR,,-0.05,0.11874999999999998,0.00037499999999999616
2022-06-13,NEXO,,0.0,0.0,0.0
2022-06-13,QNT,,-0.05,-0.11874999999999998,-0.042374999999999996
2022-06-13,SHIB,,0.05,0.11874999999999998,0.042374999999999996
2022-06-13,SOL,,-0.05,0.11874999999999998,0.00037499999999999616
2022-06-13,STX,,0.0,0.0,0.0
2022-06-13,TRX,,0.0,0.0,0.0
2022-06-13,UNI,,0.0,0.11874999999999998,0.021374999999999995
2022-06-13,VET,,0.05,0.0,0.020999999999999998
2022-06-13,XLM,,0.0,-0.11874999999999998,-0.021374999999999995
2022-06-13,XRP,,0.05,0.0,0.020999999999999998
2022-06-13,ZEC,,0.05,0.0,0.020999999999999998
2022-06-20,AAVE,,0.0,0.05,0.004685944825099167
2022-06-20,ADA,,-0.05,-0.05,-0.037444284168770284
2022-06-20,ALGO,,-0.05,0.05,-0.012637216011539843
2022-06-20,ATOM,,0.0,0.0,0.0
2022-06-20,AVAX,,-0.05,0.05,-0.010972637937252071
2022-06-20,BCH,,0.05,-0.05,0.013797376487558598
2022-06-20,BNB,,0.05,-0.05,0.013797376487558598
2022-06-20,BTC,,0.05,-0.05,0.010972637937252071
2022-06-20,CAKE,,0.05,0.05,0.040319464478903715
2022-06-20,CHZ,,0.0,0.0,-0.0028247385503065263
2022-06-20,DASH,,0.05,0.0,0.024233681932924626
2022-06-20,DEXE,,0.05,0.0,0.027108862243058057
2022-06-20,DOGE,,0.0,0.0,0.0028247385503065263
2022-06-20,DOT,,0.0,0.0,-0.002875180310133431
2022-06-20,ETC,,-0.05,0.0,-0.029933600793364587
2022-06-20,ETH,,0.05,0.0,0.024233681932924626
2022-06-20,FET,,0.0,0.05,0.010385863685539128
2022-06-20,FIL,,0.0,0.05,0.016085782545979085
2022-06-20,HBAR,,0.0,0.0,0.0
2022-06-20,ICP,,0.0,0.0,0.0
2022-06-20,JST,,0.0,0.05,0.009175261449693472
2022-06-20,LINK,,0.0,-0.05,-0.013210602235845654
2022-06-20,LTC,,0.0,0.0,-0.0028247385503065263
2022-06-20,NEAR,,-0.05,0.05,-0.013797376487558598
2022-06-20,NEXO,,0.0,0.0,0.0
2022-06-20,QNT,,-0.05,0.0,-0.029933600793364587
2022-06-20,SHIB,,-0.05,0.05,-0.008147899386945545
2022-06-20,SOL,,0.0,0.0,5.044175982690178e-05
2022-06-20,STX,,-0.05,0.0,-0.024233681932924626
2022-06-20,TRX,,0.05,-0.05,0.0138478182473855
2022-06-20,UNI,,0.0,0.0,0.002875180310133431
2022-06-20,VET,,0.0,0.0,0.0028247385503065263
2022-06-20,XLM,,0.0,-0.05,-0.013261043995672557
2022-06-20,XRP,,-0.05,-0.05,-0.03179480706815723
2022-06-20,ZEC,,0.05,-0.05,0.01667255679769203
2022-06-27,AAVE,,-0.05,0.05,-0.015999999999999997
2022-06-27,ADA,,-0.05,-0.05,-0.04
2022-06-27,ALGO,,-0.05,0.05,-0.015999999999999997
2022-06-27,ATOM,,0.0,0.0,0.0
2022-06-27,AVAX,,-0.05,0.05,-0.015999999999999997
2022-06-27,BCH,,0.05,-0.05,0.015999999999999997
2022-06-27,BNB,,0.05,-0.05,0.015999999999999997
2022-06-27,BTC,,0.05,-0.05,0.015999999999999997
2022-06-27,CAKE,,0.05,0.05,0.04
2022-06-27,CHZ,,0.0,0.0,0.0
2022-06-27,DASH,,0.0,0.0,0.0
2022-06-27,DEXE,,0.05,0.0,0.027999999999999997
2022-06-27,DOGE,,0.0,0.0,0.0
2022-06-27,DOT,,0.0,0.0,0.0
2022-06-27,ETC,,0.0,0.0,0.0
2022-06-27,ETH,,0.05,0.0,0.027999999999999997
2022-06-27,FET,,0.0,0.05,0.012
2022-06-27,FIL,,0.0,0.05,0.012
2022-06-27,HBAR,,0.0,0.0,0.0
2022-06-27,ICP,,0.0,0.0,0.0
2022-06-27,JST,,0.0,0.05,0.012
2022-06-27,LINK,,0.05,-0.05,0.015999999999999997
2022-06-27,LTC,,0.0,0.0,0.0
2022-06-27,NEAR,,-0.05,0.05,-0.015999999999999997
2022-06-27,NEXO,,0.0,0.0,0.0
2022-06-27,QNT,,-0.05,0.0,-0.027999999999999997
2022-06-27,SHIB,,-0.05,0.05,-0.015999999999999997
2022-06-27,SOL,,0.0,0.0,0.0
2022-06-27,STX,,-0.05,0.0,-0.027999999999999997
2022-06-27,TRX,,0.05,-0.05,0.015999999999999997
2022-06-27,UNI,,0.0,0.0,0.0
2022-06-27,VET,,0.0,0.0,0.0
2022-06-27,XLM,,0.0,-0.05,-0.012
2022-06-27,XRP,,-0.05,-0.05,-0.04
2022-06-27,ZEC,,0.05,-0.05,0.015999999999999997
2022-07-04,AAVE,,0.0,0.05,0.012
2022-07-04,ADA,,-0.11874999999999998,-0.05,-0.07849999999999999
2022-07-04,ALGO,,-0.11874999999999998,0.05,-0.054499999999999986
2022-07-04,ATOM,,0.0,0.0,0.0
2022-07-04,AVAX,,-0.11874999999999998,0.05,-0.054499999999999986
2022-07-04,BCH,,0.05,-0.05,0.015999999999999997
2022-07-04,BNB,,0.05,-0.05,0.015999999999999997
2022-07-04,BTC,,0.05,-0.05,0.015999999999999997
2022-07-04,CAKE,,0.05,0.05,0.04
2022-07-04,CHZ,,0.0,0.0,0.0
2022-07-04,DASH,,0.05,0.0,0.027999999999999997
2022-07-04,DEXE,,0.05,0.0,0.027999999999999997
2022-07-04,DOGE,,0.0,0.0,0.0
2022-07-04,DOT,,0.0,0.0,0.0
2022-07-04,ETC,,-0.11874999999999998,0.0,-0.06649999999999999
2022-07-04,ETH,,0.05,0.0,0.027999999999999997
2022-07-04,FET,,0.0,0.05,0.012
2022-07-04,FIL,,0.0,0.05,0.012
2022-07-04,HBAR,,0.0,0.0,0.0
2022-07-04,ICP,,0.0,0.0,0.0
2022-07-04,JST,,0.0,0.05,0.012
2022-07-04,LINK,,0.0,-0.05,-0.012
2022-07-04,LTC,,0.0,0.0,0.0
2022-07-04,NEAR,,-0.11874999999999998,0.05,-0.054499999999999986
2022-07-04,NEXO,,0.0,0.0,0.0
2022-07-04,QNT,,-0.05,0.0,-0.027999999999999997
2022-07-04,SHIB,,-0.11874999999999998,0.05,-0.054499999999999986
2022-07-04,SOL,,0.0,0.0,0.0
2022-07-04,STX,,0.0,0.0,0.0
2022-07-04,TRX,,0.05,-0.05,0.015999999999999997
2022-07-04,UNI,,0.05,0.0,0.027999999999999997
2022-07-04,VET,,0.0,0.0,0.0
2022-07-04,XLM,,-0.11874999999999998,-0.05,-0.07849999999999999
2022-07-04,XRP,,-0.11874999999999998,-0.05,-0.07849999999999999
2022-07-04,ZEC,,0.0,-0.05,-0.012
2022-07-11,AAVE,,0.0,0.05,0.015
2022-07-11,ADA,,-0.11874999999999998,-0.05,-0.09812499999999998
2022-07-11,ALGO,,-0.11874999999999998,0.05,-0.06812499999999998
2022-07-11,ATOM,,0.0,0.0,0.0
2022-07-11,AVAX,,-0.11874999999999998,0.05,-0.06812499999999998
2022-07-11,BCH,,0.11874999999999998,-0.05,0.06812499999999998
2022-07-11,BNB,,0.11874999999999998,-0.05,0.06812499999999998
2022-07-11,BTC,,0.11874999999999998,-0.05,0.06812499999999998
2022-07-11,CAKE,,0.11874999999999998,0.05,0.09812499999999998
2022-07-11,CHZ,,0.0,0.0,0.0
2022-07-11,DASH,,0.11874999999999998,0.0,0.08312499999999998
2022-07-11,DEXE,,0.11874999999999998,0.0,0.08312499999999998
2022-07-11,DOGE,,0.0,0.0,0.0
2022-07-11,DOT,,0.0,0.0,0.0
2022-07-11,ETC,,-0.11874999999999998,0.0,-0.08312499999999998
2022-07-11,ETH,,0.11874999999999998,0.0,0.08312499999999998
2022-07-11,FET,,0.0,0.05,0.015
2022-07-11,FIL,,0.0,0.05,0.015
2022-07-11,HBAR,,0.0,0.0,0.0
2022-07-11,ICP,,0.0,0.0,0.0
2022-07-11,JST,,0.0,0.05,0.015
2022-07-11,LINK,,0.0,-0.05,-0.015
2022-07-11,LTC,,0.0,0.0,0.0
2022-07-11,NEAR,,-0.11874999999999998,0.05,-0.06812499999999998
2022-07-11,NEXO,,0.0,0.0,0.0
2022-07-11,QNT,,-0.05,0.0,-0.034999999999999996
2022-07-11,SHIB,,-0.11874999999999998,0.05,-0.06812499999999998
2022-07-11,SOL,,0.0,0.0,0.0
2022-07-11,STX,,0.0,0.0,0.0
2022-07-11,TRX,,0.11874999999999998,-0.05,0.06812499999999998
2022-07-11,UNI,,0.05,0.0,0.034999999999999996
2022-07-11,VET,,0.0,0.0,0.0
2022-07-11,XLM,,-0.11874999999999998,-0.05,-0.09812499999999998
2022-07-11,XRP,,-0.11874999999999998,-0.05,-0.09812499999999998
2022-07-11,ZEC,,0.0,-0.05,-0.015
2022-07-18,AAVE,,0.0,0.05,0.012284043757072802
2022-07-18,ADA,,-0.11874999999999998,-0.05,-0.0803581195775179
2022-07-18,ALGO,,-0.11874999999999998,-0.05,-0.07751768200678988
2022-07-18,ATOM,,0.0,0.0,0.0
2022-07-18,AVAX,,-0.11874999999999998,0.05,-0.0557900320633723
2022-07-18,BCH,,0.05,0.0,0.03179908525084872
2022-07-18,BNB,,0.05,-0.05,0.020935260279139938
2022-07-18,BTC,,0.05,-0.05,0.020935260279139938
2022-07-18,CAKE,,0.05,0.0,0.03463952282157674
2022-07-18,CHZ,,0.0,0.0,0.0
2022-07-18,DASH,,0.05,0.0,0.03321930403621273
2022-07-18,DEXE,,0.05,0.0,0.03321930403621273
2022-07-18,DOGE,,0.0,0.0,0.0
2022-07-18,DOT,,0.0,0.0,0.0
2022-07-18,ETC,,-0.11874999999999998,0.05,-0.05721025084873631
2022-07-18,ETH,,0.05,0.0,0.03321930403621273
2022-07-18,FET,,0.0,0.05,0.012284043757072802
2022-07-18,FIL,,0.0,0.0,0.0014202187853640108
2022-07-18,HBAR,,0.0,0.0,0.0
2022-07-18,ICP,,0.0,0.05,0.010863824971708791
2022-07-18,JST,,0.0,0.0,0.0014202187853640108
2022-07-18,LINK,,0.0,-0.05,-0.012284043757072802
2022-07-18,LTC,,0.0,0.0,0.0
2022-07-18,NEAR,,-0.11874999999999998,0.05,-0.0557900320633723
2022-07-18,NEXO,,0.0,0.05,0.010863824971708791
2022-07-18,QNT,,-0.05,0.05,-0.017798943794794412
2022-07-18,SHIB,,-0.11874999999999998,0.0,-0.06665385703508109
2022-07-18,SOL,,0.0,0.05,0.010863824971708791
2022-07-18,STX,,0.0,0.0,0.0
2022-07-18,TRX,,0.05,-0.05,0.020935260279139938
2022-07-18,UNI,,0.05,0.0,0.028662768766503203
2022-07-18,VET,,0.0,0.0,0.0
2022-07-18,XLM,,-0.11874999999999998,-0.05,-0.0803581195775179
2022-07-18,XRP,,-0.11874999999999998,-0.05,-0.0803581195775179
2022-07-18,ZEC,,0.0,-0.05,-0.012284043757072802
2022-07-25,AAVE,,0.0,0.05,0.012
2022-07-25,ADA,,-0.1285714285714286,-0.05,-0.08400000000000002
2022-07-25,ALGO,,-0.1285714285714286,-0.05,-0.08400000000000002
2022-07-25,ATOM,,0.0,0.0,0.0
2022-07-25,AVAX,,-0.1285714285714286,0.05,-0.06000000000000001
2022-07-25,BCH,,0.0,0.0,0.0
2022-07-25,BNB,,0.05,-0.05,0.015999999999999997
2022-07-25,BTC,,0.05,-0.05,0.015999999999999997
2022-07-25,CAKE,,0.05,0.0,0.027999999999999997
2022-07-25,CHZ,,0.0,0.0,0.0
2022-07-25,DASH,,0.05,0.0,0.027999999999999997
2022-07-25,DEXE,,0.05,0.0,0.027999999999999997
2022-07-25,DOGE,,0.0,0.0,0.0
2022-07-25,DOT,,0.0,0.0,0.0
2022-07-25,ETC,,-0.1285714285714286,0.05,-0.06000000000000001
2022-07-25,ETH,,0.05,0.0,0.027999999999999997
2022-07-25,FET,,0.0,0.05,0.012
2022-07-25,FIL,,-0.05,0.0,-0.027999999999999997
2022-07-25,HBAR,,0.0,0.0,0.0
2022-07-25,ICP,,0.0,0.05,0.012
2022-07-25,JST,,0.0,0.0,0.0
2022-07-25,LINK,,0.05,-0.05,0.015999999999999997
2022-07-25,LTC,,0.0,0.0,0.0
2022-07-25,NEAR,,-0.1285714285714286,0.05,-0.06000000000000001
2022-07-25,NEXO,,0.0,0.05,0.012
2022-07-25,QNT,,-0.05,0.05,-0.015999999999999997
2022-07-25,SHIB,,-0.1285714285714286,0.0,-0.07200000000000001
2022-07-25,SOL,,0.0,0.05,0.012
2022-07-25,STX,,0.0,0.0,0.0
2022-07-25,TRX,,0.05,-0.05,0.015999999999999997
2022-07-25,UNI,,0.05,0.0,0.027999999999999997
2022-07-25,VET,,0.0,0.0,0.0
2022-07-25,XLM,,0.0,-0.05,-0.012
2022-07-25,XRP,,-0.1285714285714286,-0.05,-0.08400000000000002
2022-07-25,ZEC,,0.0,-0.05,-0.012
2022-08-01,AAVE,,0.0,0.05,0.015
2022-08-01,ADA,,-0.11874999999999998,-0.05,-0.09812499999999998
2022-08-01,ALGO,,-0.11874999999999998,-0.05,-0.09812499999999998
2022-08-01,ATOM,,0.0,0.0,0.0
2022-08-01,AVAX,,-0.11874999999999998,0.05,-0.06812499999999998
2022-08-01,BCH,,0.0,0.0,0.0
2022-08-01,BNB,,0.05,-0.05,0.019999999999999997
2022-08-01,BTC,,0.05,-0.05,0.019999999999999997
2022-08-01,CAKE,,0.05,0.0,0.034999999999999996
2022-08-01,CHZ,,0.0,0.0,0.0
2022-08-01,DASH,,0.05,0.0,0.034999999999999996
2022-08-01,DEXE,,0.05,0.0,0.034999999999999996
2022-08-01,DOGE,,-0.11874999999999998,0.0,-0.08312499999999998
2022-08-01,DOT,,0.0,0.0,0.0
2022-08-01,ETC,,-0.11874999999999998,0.05,-0.06812499999999998
2022-08-01,ETH,,0.05,0.0,0.034999999999999996
2022-08-01,FET,,0.0,0.05,0.015
2022-08-01,FIL,,-0.05,0.0,-0.034999999999999996
2022-08-01,HBAR,,0.0,0.0,0.0
2022-08-01,ICP,,0.0,0.05,0.015
2022-08-01,JST,,0.0,0.0,0.0
2022-08-01,LINK,,0.05,-0.05,0.019999999999999997
2022-08-01,LTC,,0.0,0.0,0.0
2022-08-01,NEAR,,0.0,0.05,0.015
2022-08-01,NEXO,,0.0,0.05,0.015
2022-08-01,QNT,,-0.11874999999999998,0.05,-0.06812499999999998
2022-08-01,SHIB,,-0.11874999999999998,0.0,-0.08312499999999998
2022-08-01,SOL,,0.0,0.05,0.015
2022-08-01,STX,,0.0,0.0,0.0
2022-08-01,TRX,,0.05,-0.05,0.019999999999999997
2022-08-01,UNI,,0.05,0.0,0.034999999999999996
2022-08-01,VET,,0.0,0.0,0.0
2022-08-01,XLM,,0.0,-0.05,-0.015
2022-08-01,XRP,,-0.11874999999999998,-0.05,-0.09812499999999998
2022-08-01,ZEC,,0.0,-0.05,-0.015
2022-08-08,AAVE,,0.0,0.05,0.015
2022-08-08,ADA,,-0.11874999999999998,-0.05,-0.09812499999999998
2022-08-08,ALGO,,-0.11874999999999998,-0.05,-0.09812499999999998
2022-08-08,ATOM,,0.0,0.0,0.0
2022-08-08,AVAX,,-0.11874999999999998,0.05,-0.06812499999999998
2022-08-08,BCH,,0.05,0.0,0.034999999999999996
2022-08-08,BNB,,0.05,-0.05,0.019999999999999997
2022-08-08,BTC,,0.05,-0.05,0.019999999999999997
2022-08-08,CAKE,,0.05,0.0,0.034999999999999996
2022-08-08,CHZ,,0.0,0.0,0.0
2022-08-08,DASH,,0.05,0.0,0.034999999999999996
2022-08-08,DEXE,,0.05,0.0,0.034999999999999996
2022-08-08,DOGE,,0.0,0.0,0.0
2022-08-08,DOT,,0.0,0.0,0.0
2022-08-08,ETC,,-0.11874999999999998,0.05,-0.06812499999999998
2022-08-08,ETH,,0.05,0.0,0.034999999999999996
2022-08-08,FET,,0.0,0.05,0.015
2022-08-08,FIL,,-0.05,0.0,-0.034999999999999996
2022-08-08,HBAR,,0.0,0.0,0.0
2022-08-08,ICP,,0.0,0.05,0.015
2022-08-08,JST,,0.0,0.0,0.0
2022-08-08,LINK,,0.0,-0.05,-0.015
2022-08-08,LTC,,0.0,0.0,0.0
2022-08-08,NEAR,,-0.11874999999999998,0.05,-0.06812499999999998
2022-08-08,NEXO,,0.0,0.05,0.015
2022-08-08,QNT,,-0.11874999999999998,0.05,-0.06812499999999998
2022-08-08,SHIB,,-0.11874999999999998,0.0,-0.08312499999999998
2022-08-08,SOL,,0.0,0.05,0.015
2022-08-08,STX,,-0.11874999999999998,0.0,-0.08312499999999998
2022-08-08,TRX,,0.05,-0.05,0.019999999999999997
2022-08-08,UNI,,0.0,0.0,0.0
2022-08-08,VET,,0.0,0.0,0.0
2022-08-08,XLM,,0.0,-0.05,-0.015
2022-08-08,XRP,,0.05,-0.05,0.019999999999999997
2022-08-08,ZEC,,0.0,-0.05,-0.015
2022-08-15,AAVE,,0.0,0.11874999999999998,0.03562499999999999
2022-08-15,ADA,,-0.11874999999999998,0.0,-0.08312499999999998
2022-08-15,ALGO,,-0.11874999999999998,0.0,-0.08312499999999998
2022-08-15,ATOM,,-0.11874999999999998,-0.05,-0.09812499999999998
2022-08-15,AVAX,,0.0,0.11874999999999998,0.03562499999999999
2022-08-15,BCH,,0.05,0.0,0.034999999999999996
2022-08-15,BNB,,0.0,-0.05,-0.015
2022-08-15,BTC,,0.05,-0.05,0.019999999999999997
2022-08-15,CAKE,,0.05,0.0,0.034999999999999996
2022-08-15,CHZ,,0.0,-0.05,-0.015
2022-08-15,DASH,,0.05,0.0,0.034999999999999996
2022-08-15,DEXE,,0.05,0.0,0.034999999999999996
2022-08-15,DOGE,,0.0,0.0,0.0
2022-08-15,DOT,,0.0,0.0,0.0
2022-08-15,ETC,,-0.11874999999999998,0.11874999999999998,-0.04749999999999999
2022-08-15,ETH,,0.05,0.0,0.034999999999999996
2022-08-15,FET,,0.0,0.0,0.0
2022-08-15,FIL,,-0.05,0.05,-0.019999999999999997
2022-08-15,HBAR,,0.0,0.0,0.0
2022-08-15,ICP,,0.0,0.11874999999999998,0.03562499999999999
2022-08-15,JST,,0.0,0.0,0.0
2022-08-15,LINK,,0.05,0.0,0.034999999999999996
2022-08-15,LTC,,0.0,-0.05,-0.015
2022-08-15,NEAR,,-0.11874999999999998,0.11874999999999998,-0.04749999999999999
2022-08-15,NEXO,,0.0,0.0,0.0
2022-08-15,QNT,,-0.11874999999999998,0.0,-0.08312499999999998
2022-08-15,SHIB,,-0.11874999999999998,0.11874999999999998,-0.04749999999999999
2022-08-15,SOL,,0.0,0.11874999999999998,0.03562499999999999
2022-08-15,STX,,-0.11874999999999998,0.0,-0.08312499999999998
2022-08-15,TRX,,0.05,-0.05,0.019999999999999997
2022-08-15,UNI,,0.0,0.11874999999999998,0.03562499999999999
2022-08-15,VET,,0.0,0.0,0.0
2022-08-15,XLM,,0.0,-0.05,-0.015
2022-08-15,XRP,,0.05,-0.05,0.019999999999999997
2022-08-15,ZEC,,0.0,-0.05,-0.015
2022-08-22,AAVE,,0.0,0.11874999999999998,0.030163486106675175
2022-08-22,ADA,,-0.05,0.0,-0.04087012935164483
2022-08-22,ALGO,,-0.05,0.0,-0.04087012935164483
2022-08-22,ATOM,,0.0,-0.05,-0.03210775311402106
2022-08-22,AVAX,,0.0,0.11874999999999998,0.030163486106675175
2022-08-22,BCH,,0.05,0.0,0.029634302139891405
2022-08-22,BNB,,0.0,-0.05,-0.012700415202810603
2022-08-22,BTC,,0.05,-0.05,0.0169338869370808
2022-08-22,CAKE,,0.05,0.0,0.029634302139891405
2022-08-22,CHZ,,0.0,-0.05,-0.012700415202810603
2022-08-22,DASH,,0.05,0.0,0.029634302139891405
2022-08-22,DEXE,,0.0,0.0,0.008171510699457037
2022-08-22,DOGE,,0.0,0.0,0.0
2022-08-22,DOT,,0.0,0.0,0.0
2022-08-22,ETC,,-0.05,0.11874999999999998,-0.01070664324496965
2022-08-22,ETH,,0.0,0.0,0.008171510699457037
2022-08-22,FET,,0.0,0.0,0.0
2022-08-22,FIL,,0.0,0.05,0.004528904503353571
2022-08-22,HBAR,,0.0,0.0,0.0
2022-08-22,ICP,,0.05,0.11874999999999998,0.05162627754710955
2022-08-22,JST,,0.0,0.0,0.0
2022-08-22,LINK,,0.0,0.0,0.008171510699457037
2022-08-22,LTC,,0.0,-0.05,-0.012700415202810603
2022-08-22,NEAR,,-0.05,0.11874999999999998,-0.01070664324496965
2022-08-22,NEXO,,-0.05,0.0,-0.021462791440434368
2022-08-22,QNT,,-0.05,0.0,-0.04087012935164483
2022-08-22,SHIB,,-0.05,0.11874999999999998,-0.01070664324496965
2022-08-22,SOL,,0.0,0.11874999999999998,0.030163486106675175
2022-08-22,STX,,-0.05,0.0,-0.04087012935164483
2022-08-22,TRX,,0.05,-0.05,0.0169338869370808
2022-08-22,UNI,,0.05,0.11874999999999998,0.05162627754710955
2022-08-22,VET,,-0.05,0.0,-0.021462791440434368
2022-08-22,XLM,,0.05,-0.05,0.008762376237623763
2022-08-22,XRP,,0.05,-0.05,0.0169338869370808
2022-08-22,ZEC,,0.0,-0.05,-0.012700415202810603
2022-08-29,AAVE,,0.0,0.11874999999999998,0.028499999999999994
2022-08-29,ADA,,-0.05,0.0,-0.027999999999999997
2022-08-29,ALGO,,-0.05,0.0,-0.027999999999999997
2022-08-29,ATOM,,-0.05,-0.05,-0.04
2022-08-29,AVAX,,0.05,0.11874999999999998,0.056499999999999995
2022-08-29,BCH,,0.05,0.0,0.027999999999999997
2022-08-29,BNB,,0.05,-0.05,0.015999999999999997
2022-08-29,BTC,,0.05,-0.05,0.015999999999999997
2022-08-29,CAKE,,0.05,0.0,0.027999999999999997
2022-08-29,CHZ,,0.0,-0.05,-0.012
2022-08-29,DASH,,0.0,0.0,0.0
2022-08-29,DEXE,,-0.05,0.0,-0.027999999999999997
2022-08-29,DOGE,,-0.05,0.0,-0.027999999999999997
2022-08-29,DOT,,0.0,0.0,0.0
2022-08-29,ETC,,0.0,0.11874999999999998,0.028499999999999994
2022-08-29,ETH,,0.0,0.0,0.0
2022-08-29,FET,,0.0,0.0,0.0
2022-08-29,FIL,,-0.05,0.05,-0.015999999999999997
2022-08-29,HBAR,,0.05,0.0,0.027999999999999997
2022-08-29,ICP,,0.0,0.11874999999999998,0.028499999999999994
2022-08-29,JST,,0.0,0.0,0.0
2022-08-29,LINK,,0.0,0.0,0.0
2022-08-29,LTC,,0.0,-0.05,-0.012
2022-08-29,NEAR,,-0.05,0.11874999999999998,0.0004999999999999949
2022-08-29,NEXO,,-0.05,0.0,-0.027999999999999997
2022-08-29,QNT,,0.0,0.0,0.0
2022-08-29,SHIB,,-0.05,0.11874999999999998,0.0004999999999999949
2022-08-29,SOL,,0.0,0.11874999999999998,0.028499999999999994
2022-08-29,STX,,0.0,0.0,0.0
2022-08-29,TRX,,0.05,-0.05,0.015999999999999997
2022-08-29,UNI,,0.0,0.11874999999999998,0.028499999999999994
2022-08-29,VET,,0.0,0.0,0.0
2022-08-29,XLM,,0.05,-0.05,0.015999999999999997
2022-08-29,XRP,,0.05,-0.05,0.015999999999999997
2022-08-29,ZEC,,0.0,-0.05,-0.012
2022-09-05,AAVE,,0.0,0.11874999999999998,0.028499999999999994
2022-09-05,ADA,,-0.05,0.0,-0.027999999999999997
2022-09-05,ALGO,,0.0,0.0,0.0
2022-09-05,ATOM,,-0.05,-0.05,-0.04
2022-09-05,AVAX,,0.0,0.11874999999999998,0.028499999999999994
2022-09-05,BCH,,0.0,0.0,0.0
2022-09-05,BNB,,0.05,-0.05,0.015999999999999997
2022-09-05,BTC,,0.0,-0.05,-0.012
2022-09-05,CAKE,,0.0,0.0,0.0
2022-09-05,CHZ,,0.0,-0.05,-0.012
2022-09-05,DASH,,0.05,0.0,0.027999999999999997
2022-09-05,DEXE,,-0.05,0.0,-0.027999999999999997
2022-09-05,DOGE,,0.05,0.0,0.027999999999999997
2022-09-05,DOT,,0.0,0.0,0.0
2022-09-05,ETC,,-0.05,0.11874999999999998,0.0004999999999999949
2022-09-05,ETH,,0.0,0.0,0.0
2022-09-05,FET,,0.0,0.0,0.0
2022-09-05,FIL,,-0.05,0.05,-0.015999999999999997
2022-09-05,HBAR,,0.05,0.0,0.027999999999999997
2022-09-05,ICP,,0.0,0.11874999999999998,0.028499999999999994
2022-09-05,JST,,0.05,0.0,0.027999999999999997
2022-09-05,LINK,,-0.05,0.0,-0.027999999999999997
2022-09-05,LTC,,0.0,-0.05,-0.012
2022-09-05,NEAR,,-0.05,0.11874999999999998,0.0004999999999999949
2022-09-05,NEXO,,0.0,0.0,0.0
2022-09-05,QNT,,-0.05,0.0,-0.027999999999999997
2022-09-05,SHIB,,0.0,0.11874999999999998,0.028499999999999994
2022-09-05,SOL,,0.0,0.11874999999999998,0.028499999999999994
2022-09-05,STX,,0.0,0.0,0.0
2022-09-05,TRX,,0.05,-0.05,0.015999999999999997
2022-09-05,UNI,,-0.05,0.11874999999999998,0.0004999999999999949
2022-09-05,VET,,0.0,0.0,0.0
2022-09-05,XLM,,0.05,-0.05,0.015999999999999997
2022-09-05,XRP,,0.05,-0.05,0.015999999999999997
2022-09-05,ZEC,,0.05,-0.05,0.015999999999999997
2022-09-12,AAVE,,0.0,0.05,0.012
2022-09-12,ADA,,-0.05,0.0,-0.027999999999999997
2022-09-12,ALGO,,0.0,0.0,0.0
2022-09-12,ATOM,,-0.05,-0.05,-0.04
2022-09-12,AVAX,,0.0,0.05,0.012
2022-09-12,BCH,,0.0,0.0,0.0
2022-09-12,BNB,,0.05,-0.05,0.015999999999999997
2022-09-12,BTC,,0.0,-0.05,-0.012
2022-09-12,CAKE,,0.0,0.0,0.0
2022-09-12,CHZ,,0.0,-0.05,-0.012
2022-09-12,DASH,,0.0,0.0,0.0
2022-09-12,DEXE,,-0.05,0.0,-0.027999999999999997
2022-09-12,DOGE,,0.05,0.0,0.027999999999999997
2022-09-12,DOT,,0.0,0.0,0.0
2022-09-12,ETC,,-0.05,0.05,-0.015999999999999997
2022-09-12,ETH,,-0.05,0.05,-0.015999999999999997
2022-09-12,FET,,0.0,0.0,0.0
2022-09-12,FIL,,-0.05,0.05,-0.015999999999999997
2022-09-12,HBAR,,0.05,0.0,0.027999999999999997
2022-09-12,ICP,,0.0,0.05,0.012
2022-09-12,JST,,0.05,-0.05,0.015999999999999997
2022-09-12,LINK,,0.0,0.0,0.0
2022-09-12,LTC,,0.0,-0.05,-0.012
2022-09-12,LUNC,,0.0,0.0,0.0
2022-09-12,NEAR,,-0.05,0.05,-0.015999999999999997
2022-09-12,NEXO,,0.0,0.0,0.0
2022-09-12,QNT,,-0.05,0.0,-0.027999999999999997
2022-09-12,SHIB,,-0.05,0.05,-0.015999999999999997
2022-09-12,SOL,,0.0,0.0,0.0
2022-09-12,STX,,0.0,0.0,0.0
2022-09-12,TRX,,0.05,-0.05,0.015999999999999997
2022-09-12,UNI,,0.0,0.05,0.012
2022-09-12,VET,,0.05,0.0,0.027999999999999997
2022-09-12,XLM,,0.05,-0.05,0.015999999999999997
2022-09-12,XRP,,0.05,-0.05,0.015999999999999997
2022-09-12,ZEC,,0.05,0.0,0.027999999999999997
2022-09-19,AAVE,,-0.05,0.05,-0.015999999999999997
2022-09-19,ADA,,-0.05,0.0,-0.027999999999999997
2022-09-19,ALGO,,-0.05,0.0,-0.027999999999999997
2022-09-19,ATOM,,-0.05,-0.05,-0.04
2022-09-19,AVAX,,0.0,0.05,0.012
2022-09-19,BCH,,0.0,0.0,0.0
2022-09-19,BNB,,0.05,-0.05,0.015999999999999997
2022-09-19,BTC,,0.0,-0.05,-0.012
2022-09-19,CAKE,,0.05,0.0,0.027999999999999997
2022-09-19,CHZ,,0.05,-0.05,0.015999999999999997
2022-09-19,DASH,,0.0,0.0,0.0
2022-09-19,DEXE,,0.0,0.0,0.0
2022-09-19,DOGE,,0.05,0.0,0.027999999999999997
2022-09-19,DOT,,0.0,0.0,0.0
2022-09-19,ETC,,-0.05,0.05,-0.015999999999999997
2022-09-19,ETH,,-0.05,0.05,-0.015999999999999997
2022-09-19,FET,,0.0,0.0,0.0
2022-09-19,FIL,,0.0,0.05,0.012
2022-09-19,HBAR,,0.05,0.0,0.027999999999999997
2022-09-19,ICP,,0.0,0.05,0.012
2022-09-19,JST,,0.05,-0.05,0.015999999999999997
2022-09-19,LINK,,0.0,0.0,0.0
2022-09-19,LTC,,0.0,-0.05,-0.012
2022-09-19,LUNC,,0.0,0.0,0.0
2022-09-19,NEAR,,-0.05,0.05,-0.015999999999999997
2022-09-19,NEXO,,0.0,0.0,0.0
2022-09-19,QNT,,0.0,0.0,0.0
2022-09-19,SHIB,,-0.05,0.05,-0.015999999999999997
2022-09-19,SOL,,0.0,0.0,0.0
2022-09-19,STX,,0.0,0.0,0.0
2022-09-19,TRX,,0.05,-0.05,0.015999999999999997
2022-09-19,UNI,,0.0,0.05,0.012
2022-09-19,VET,,0.05,0.0,0.027999999999999997
2022-09-19,XLM,,0.05,-0.05,0.015999999999999997
2022-09-19,XRP,,-0.05,-0.05,-0.04
2022-09-19,ZEC,,0.0,0.0,0.0
2022-09-26,AAVE,,0.0,0.05,0.012
2022-09-26,ADA,,0.05,0.0,0.027999999999999997
2022-09-26,ALGO,,-0.05,0.0,-0.027999999999999997
2022-09-26,ATOM,,-0.05,-0.05,-0.04
2022-09-26,AVAX,,0.0,0.05,0.012
2022-09-26,BCH,,0.0,0.0,0.0
2022-09-26,BNB,,0.05,-0.05,0.015999999999999997
2022-09-26,BTC,,0.0,-0.05,-0.012
2022-09-26,CAKE,,0.0,0.0,0.0
2022-09-26,CHZ,,-0.05,-0.05,-0.04
2022-09-26,DASH,,0.05,0.0,0.027999999999999997
2022-09-26,DEXE,,0.0,0.0,0.0
2022-09-26,DOGE,,0.05,0.0,0.027999999999999997
2022-09-26,DOT,,0.0,0.0,0.0
2022-09-26,ETC,,-0.05,0.05,-0.015999999999999997
2022-09-26,ETH,,-0.05,0.05,-0.015999999999999997
2022-09-26,FET,,-0.05,0.0,-0.027999999999999997
2022-09-26,FIL,,-0.05,0.05,-0.015999999999999997
2022-09-26,HBAR,,0.05,0.0,0.027999999999999997
2022-09-26,ICP,,0.0,0.05,0.012
2022-09-26,JST,,0.0,-0.05,-0.012
2022-09-26,LINK,,0.0,0.0,0.0
2022-09-26,LTC,,0.05,-0.05,0.015999999999999997
2022-09-26,LUNC,,0.0,0.0,0.0
2022-09-26,NEAR,,-0.05,0.05,-0.015999999999999997
2022-09-26,NEXO,,0.05,0.0,0.027999999999999997
2022-09-26,QNT,,0.0,0.0,0.0
2022-09-26,SHIB,,0.0,0.05,0.012
2022-09-26,SOL,,0.0,0.0,0.0
2022-09-26,STX,,0.0,0.0,0.0
2022-09-26,TRX,,0.05,-0.05,0.015999999999999997
2022-09-26,UNI,,0.0,0.05,0.012
2022-09-26,VET,,0.05,0.0,0.027999999999999997
2022-09-26,XLM,,0.0,-0.05,-0.012
2022-09-26,XRP,,-0.05,-0.05,-0.04
2022-09-26,ZEC,,0.0,0.0,0.0
2022-10-03,AAVE,,0.0,0.05,0.012
2022-10-03,ADA,,0.05,0.0,0.027999999999999997
2022-10-03,ALGO,,-0.11874999999999998,0.0,-0.056448275862068964
2022-10-03,ATOM,,-0.11874999999999998,-0.05,-0.06844827586206896
2022-10-03,AVAX,,0.0,0.05,0.012
2022-10-03,BCH,,0.05,0.0,0.020689655172413793
2022-10-03,BNB,,0.05,-0.05,0.015999999999999997
2022-10-03,BTC,,0.05,-0.05,0.008689655172413793
2022-10-03,CAKE,,0.05,0.0,0.020689655172413793
2022-10-03,CHZ,,-0.11874999999999998,-0.05,-0.06844827586206896
2022-10-03,DASH,,0.0,0.0,0.007310344827586204
2022-10-03,DEXE,,0.05,0.0,0.020689655172413793
2022-10-03,DOGE,,0.0,0.0,0.007310344827586204
2022-10-03,DOT,,0.0,0.0,0.0
2022-10-03,ETC,,0.0,0.05,0.004689655172413796
2022-10-03,ETH,,0.0,0.05,0.004689655172413796
2022-10-03,FET,,0.0,0.0,-0.007310344827586204
2022-10-03,FIL,,-0.11874999999999998,0.05,-0.04444827586206896
2022-10-03,HBAR,,0.0,0.0,0.007310344827586204
2022-10-03,ICP,,0.0,0.05,0.012
2022-10-03,JST,,0.0,-0.05,-0.012
2022-10-03,LINK,,0.0,0.0,0.0
2022-10-03,LTC,,0.0,-0.05,-0.004689655172413796
2022-10-03,LUNC,,-0.05,0.0,-0.020689655172413793
2022-10-03,NEAR,,0.0,0.05,0.004689655172413796
2022-10-03,NEXO,,0.05,0.0,0.027999999999999997
2022-10-03,QNT,,-0.11874999999999998,0.0,-0.04913793103448276
2022-10-03,SHIB,,-0.11874999999999998,0.05,-0.03713793103448276
2022-10-03,SOL,,0.05,0.0,0.020689655172413793
2022-10-03,STX,,0.0,0.0,0.0
2022-10-03,TRX,,0.05,-0.05,0.015999999999999997
2022-10-03,UNI,,-0.11874999999999998,0.05,-0.03713793103448276
2022-10-03,VET,,0.0,0.0,0.007310344827586204
2022-10-03,XLM,,0.0,-0.05,-0.012
2022-10-03,XRP,,-0.11874999999999998,-0.05,-0.06844827586206896
2022-10-03,ZEC,,0.0,0.0,0.0
2022-10-10,AAVE,,0.05,0.0,0.020999999999999998
2022-10-10,ADA,,0.0,0.0,0.0
2022-10-10,ALGO,,-0.11874999999999998,-0.05,-0.05887499999999998
2022-10-10,ATOM,,-0.11874999999999998,0.0,-0.04987499999999998
2022-10-10,AVAX,,0.0,0.05,0.009
2022-10-10,BCH,,0.05,0.0,0.020999999999999998
2022-10-10,BNB,,0.05,0.0,0.020999999999999998
2022-10-10,BTC,,0.05,-0.1285714285714286,-0.0021428571428571477
2022-10-10,CAKE,,0.0,-0.1285714285714286,-0.023142857142857146
2022-10-10,CHZ,,-0.11874999999999998,0.0,-0.04987499999999998
2022-10-10,DASH,,0.0,0.0,0.0
2022-10-10,DEXE,,0.05,0.05,0.029999999999999995
2022-10-10,DOGE,,0.0,-0.1285714285714286,-0.023142857142857146
2022-10-10,DOT,,0.0,0.0,0.0
2022-10-10,ETC,,0.0,0.05,0.009
2022-10-10,ETH,,0.05,0.05,0.029999999999999995
2022-10-10,FET,,0.05,0.0,0.020999999999999998
2022-10-10,FIL,,0.0,0.0,0.0
2022-10-10,HBAR,,0.0,-0.1285714285714286,-0.023142857142857146
2022-10-10,ICP,,0.0,0.05,0.009
2022-10-10,JST,,0.0,-0.1285714285714286,-0.023142857142857146
2022-10-10,LINK,,-0.11874999999999998,0.0,-0.04987499999999998
2022-10-10,LTC,,0.0,0.0,0.0
2022-10-10,LUNC,,-0.05,0.0,-0.020999999999999998
2022-10-10,NEAR,,0.0,0.05,0.009
2022-10-10,NEXO,,0.0,-0.1285714285714286,-0.023142857142857146
2022-10-10,QNT,,-0.11874999999999998,0.0,-0.04987499999999998
2022-10-10,SHIB,,0.0,0.05,0.009
2022-10-10,SOL,,0.0,0.05,0.009
2022-10-10,STX,,0.0,0.0,0.0
2022-10-10,TRX,,0.05,-0.1285714285714286,-0.0021428571428571477
2022-10-10,UNI,,-0.11874999999999998,0.05,-0.04087499999999999
2022-10-10,VET,,0.05,0.0,0.020999999999999998
2022-10-10,XLM,,-0.11874999999999998,0.0,-0.04987499999999998
2022-10-10,XRP,,-0.11874999999999998,-0.05,-0.05887499999999998
2022-10-10,ZEC,,0.0,0.0,0.0
2022-10-17,AAVE,,-0.11874999999999998,0.0,-0.06649999999999999
2022-10-17,ADA,,0.0,0.0,0.0
2022-10-17,ALGO,,0.05,-0.05,0.015999999999999997
2022-10-17,ATOM,,-0.11874999999999998,0.0,-0.06649999999999999
2022-10-17,AVAX,,0.0,0.05,0.012
2022-10-17,BCH,,0.05,0.0,0.027999999999999997
2022-10-17,BNB,,0.05,0.0,0.027999999999999997
2022-10-17,BTC,,0.05,-0.1285714285714286,-0.0028571428571428636
2022-10-17,CAKE,,0.05,-0.1285714285714286,-0.0028571428571428636
2022-10-17,CHZ,,-0.11874999999999998,0.0,-0.06649999999999999
2022-10-17,DASH,,0.0,0.0,0.0
2022-10-17,DEXE,,0.05,0.05,0.04
2022-10-17,DOGE,,0.0,-0.1285714285714286,-0.03085714285714286
2022-10-17,DOT,,0.0,0.0,0.0
2022-10-17,ETC,,-0.11874999999999998,0.05,-0.054499999999999986
2022-10-17,ETH,,0.05,0.05,0.04
2022-10-17,FET,,0.0,0.0,0.0
2022-10-17,FIL,,0.0,0.0,0.0
2022-10-17,HBAR,,0.0,-0.1285714285714286,-0.03085714285714286
2022-10-17,ICP,,0.0,0.05,0.012
2022-10-17,JST,,0.0,-0.1285714285714286,-0.03085714285714286
2022-10-17,LINK,,0.0,0.0,0.0
2022-10-17,LTC,,0.0,0.0,0.0
2022-10-17,LUNC,,-0.05,0.0,-0.027999999999999997
2022-10-17,NEAR,,0.0,0.05,0.012
2022-10-17,NEXO,,0.0,-0.1285714285714286,-0.03085714285714286
2022-10-17,QNT,,-0.11874999999999998,0.0,-0.06649999999999999
2022-10-17,SHIB,,0.0,0.05,0.012
2022-10-17,SOL,,0.0,0.05,0.012
2022-10-17,STX,,0.0,0.0,0.0
2022-10-17,TRX,,0.05,-0.1285714285714286,-0.0028571428571428636
2022-10-17,UNI,,-0.11874999999999998,0.05,-0.054499999999999986
2022-10-17,VET,,0.05,0.0,0.027999999999999997
2022-10-17,XLM,,-0.11874999999999998,0.0,-0.06649999999999999
2022-10-17,XRP,,-0.11874999999999998,-0.05,-0.07849999999999999
2022-10-17,ZEC,,0.0,0.0,0.0
2022-10-24,AAVE,,-0.10555555555555557,0.0,-0.04987994644451056
2022-10-24,ADA,,-0.10555555555555557,0.0,-0.03324010711097888
2022-10-24,ALGO,,-0.10555555555555557,-0.05,-0.035984528414162456
2022-10-24,APT,,0.0,0.0,0.0
2022-10-24,ATOM,,-0.10555555555555557,0.0,-0.04987994644451056
2022-10-24,AVAX,,0.0,0.05,0.00975066944361797
2022-10-24,BCH,,0.0,0.0,0.007006248140434396
2022-10-24,BNB,,0.0,0.0,0.007006248140434396
2022-10-24,BTC,,0.05,-0.1285714285714286,-0.0023215879627661888
2022-10-24,CAKE,,0.05,-0.1285714285714286,-0.0023215879627661888
2022-10-24,CHZ,,-0.10555555555555557,0.0,-0.04987994644451056
2022-10-24,DASH,,0.0,0.0,0.0
2022-10-24,DEXE,,0.05,0.05,0.032502231478726565
2022-10-24,DOGE,,-0.05,-0.1285714285714286,-0.04081846389254898
2022-10-24,DOT,,0.0,0.0,0.0
2022-10-24,ETC,,0.0,0.05,-0.006889169889913713
2022-10-24,ETH,,0.0,0.05,0.01675691758405237
2022-10-24,FET,,0.05,0.0,0.015745313894674203
2022-10-24,FIL,,0.05,0.0,0.015745313894674203
2022-10-24,HBAR,,0.05,-0.1285714285714286,-0.009327836103200583
2022-10-24,ICP,,0.0,0.05,0.00975066944361797
2022-10-24,JST,,0.0,-0.1285714285714286,-0.025073149997874786
2022-10-24,LINK,,0.0,0.0,0.0
2022-10-24,LTC,,0.05,0.0,0.015745313894674203
2022-10-24,LUNC,,0.0,0.0,-0.007006248140434396
2022-10-24,NEAR,,0.0,0.05,0.00975066944361797
2022-10-24,NEXO,,0.0,-0.1285714285714286,-0.025073149997874786
2022-10-24,QNT,,-0.10555555555555557,0.0,-0.04987994644451056
2022-10-24,SHIB,,-0.10555555555555557,0.05,-0.023489437667360908
2022-10-24,SOL,,-0.10555555555555557,0.05,-0.023489437667360908
2022-10-24,STX,,0.0,0.0,0.0
2022-10-24,TRX,,0.05,-0.1285714285714286,-0.0023215879627661888
2022-10-24,UNI,,0.0,0.05,-0.006889169889913713
2022-10-24,VET,,0.05,0.0,0.022751562035108596
2022-10-24,XLM,,0.0,0.0,-0.016639839333531685
2022-10-24,XRP,,-0.10555555555555557,-0.05,-0.059630615888128534
2022-10-24,ZEC,,0.05,0.0,0.015745313894674203
2022-10-31,AAVE,,-0.10555555555555557,0.0,-0.06609706694152644
2022-10-31,ADA,,-0.10555555555555557,0.0,-0.06069680136881456
2022-10-31,ALGO,,0.0,-0.05,-0.021810283686227394
2022-10-31,APT,,0.0,0.0,0.0
2022-10-31,ATOM,,-0.10555555555555557,0.0,-0.06609706694152644
2022-10-31,AVAX,,0.0,0.05,0.01329639105791788
2022-10-31,BCH,,0.05,0.0,0.02591495468266845
2022-10-31,BNB,,0.0,0.0,0.00227379603061553
2022-10-31,BTC,,0.05,-0.1285714285714286,-0.0031658073947423595
2022-10-31,CAKE,,0.05,-0.1285714285714286,-0.0031658073947423595
2022-10-31,CHZ,,-0.10555555555555557,0.0,-0.06609706694152644
2022-10-31,DASH,,0.05,0.0,0.02364115865205292
2022-10-31,DEXE,,0.05,0.05,0.04432130352639293
2022-10-31,DOGE,,-0.05,-0.1285714285714286,-0.06294183630107691
2022-10-31,DOT,,0.0,0.0,0.0
2022-10-31,ETC,,0.0,0.05,0.007896125485205999
2022-10-31,ETH,,0.0,0.05,0.015570187088533409
2022-10-31,FET,,0.05,0.0,0.02875111643785952
2022-10-31,FIL,,-0.10555555555555557,0.0,-0.044799154924082915
2022-10-31,HBAR,,0.05,-0.1285714285714286,-0.005439603425357888
2022-10-31,ICP,,0.0,0.05,0.01329639105791788
2022-10-31,JST,,0.0,-0.1285714285714286,-0.03419071986321741
2022-10-31,LINK,,0.0,0.0,0.0
2022-10-31,LTC,,-0.10555555555555557,0.0,-0.044799154924082915
2022-10-31,LUNC,,0.0,0.0,-0.00227379603061553
2022-10-31,NEAR,,-0.10555555555555557,0.05,-0.03661272165197162
2022-10-31,NEXO,,0.0,-0.1285714285714286,-0.03419071986321741
2022-10-31,QNT,,-0.10555555555555557,0.0,-0.06609706694152644
2022-10-31,SHIB,,-0.10555555555555557,0.05,-0.04740041031089667
2022-10-31,SOL,,0.0,0.05,0.0025087023989928334
2022-10-31,STX,,0.05,0.0,0.02364115865205292
2022-10-31,TRX,,0.05,-0.1285714285714286,-0.0031658073947423595
2022-10-31,UNI,,0.0,0.05,0.007896125485205999
2022-10-31,VET,,0.0,0.0,0.007383753816422126
2022-10-31,XLM,,0.05,0.0,0.018240893079341042
2022-10-31,XRP,,0.0,-0.05,-0.029484345289554802
2022-10-31,ZEC,,0.0,0.0,0.005109957785806599
2022-11-07,AAVE,,-0.10555555555555557,0.05,-0.0504332694719095
2022-11-07,ADA,,0.0,-0.05,-0.020520955555599567
2022-11-07,ALGO,,-0.10555555555555557,0.05,-0.04268397791247375
2022-11-07,APT,,0.0,0.05,0.009900242648530984
2022-11-07,ATOM,,-0.10555555555555557,0.0,-0.06033351212044048
2022-11-07,AVAX,,0.0,0.05,0.012226842221186814
2022-11-07,BCH,,0.05,-0.05,0.017734916582034597
2022-11-07,BNB,,0.0,-0.05,-0.00950237432094548
2022-11-07,BTC,,0.05,-0.05,0.012646371252170871
2022-11-07,CAKE,,0.05,0.0,0.022546613900701857
2022-11-07,CHZ,,-0.10555555555555557,0.0,-0.06033351212044048
2022-11-07,DASH,,0.05,0.0,0.02723729090298008
2022-11-07,DEXE,,0.05,0.0,0.030855898088758393
2022-11-07,DOGE,,-0.05,0.0,-0.03411411480391777
2022-11-07,DOT,,0.0,-0.05,-0.009900242648530984
2022-11-07,ETC,,0.0,0.0,0.0013816622946402624
2022-11-07,ETH,,0.0,0.0,0.0027244679002413324
2022-11-07,FET,,0.0,0.0,0.005030864008611434
2022-11-07,FIL,,-0.10555555555555557,0.05,-0.04670656552777889
2022-11-07,HBAR,,0.05,0.0,0.022148745573116354
2022-11-07,ICP,,0.0,0.0,0.0023265995726558294
2022-11-07,JST,,0.0,-0.05,-0.01588292726393169
2022-11-07,LINK,,0.0,0.0,0.0
2022-11-07,LTC,,-0.10555555555555557,-0.05,-0.06650705082484085
2022-11-07,LUNC,,0.0,0.0,-0.00039786832758550235
2022-11-07,NEAR,,-0.10555555555555557,0.05,-0.045274105240660036
2022-11-07,NEXO,,0.0,0.05,0.003917558033130278
2022-11-07,QNT,,0.05,0.05,0.02143515864335245
2022-11-07,SHIB,,-0.10555555555555557,0.0,-0.05706197526976908
2022-11-07,SOL,,-0.10555555555555557,0.05,-0.03842864709474759
2022-11-07,STX,,0.0,0.05,0.014036967371605438
2022-11-07,TRX,,0.05,-0.05,0.012646371252170871
2022-11-07,UNI,,0.0,0.0,0.0013816622946402624
2022-11-07,VET,,0.0,0.0,0.0012920076131224803
2022-11-07,XLM,,0.05,-0.05,0.01639211097643353
2022-11-07,XRP,,0.0,0.0,-0.005159164231249465
2022-11-07,ZEC,,0.05,-0.05,0.01409446281691162
2022-11-14,AAVE,,0.0,0.05,0.012
2022-11-14,ADA,,0.0,-0.05,-0.012
2022-11-14,ALGO,,-0.10555555555555557,0.05,-0.04711111111111112
2022-11-14,APT,,0.0,0.05,0.012
2022-11-14,ATOM,,-0.10555555555555557,0.0,-0.059111111111111114
2022-11-14,AVAX,,0.0,0.05,0.012
2022-11-14,BCH,,0.05,-0.05,0.015999999999999997
2022-11-14,BNB,,0.0,-0.05,-0.012
2022-11-14,BTC,,0.05,-0.05,0.015999999999999997
2022-11-14,CAKE,,0.05,0.0,0.027999999999999997
2022-11-14,CHZ,,-0.10555555555555557,0.0,-0.059111111111111114
2022-11-14,DASH,,0.05,0.0,0.027999999999999997
2022-11-14,DEXE,,0.05,0.0,0.027999999999999997
2022-11-14,DOGE,,-0.05,0.0,-0.027999999999999997
2022-11-14,DOT,,0.0,-0.05,-0.012
2022-11-14,ETC,,0.0,0.0,0.0
2022-11-14,ETH,,-0.10555555555555557,0.0,-0.059111111111111114
2022-11-14,FET,,0.0,0.0,0.0
2022-11-14,FIL,,-0.10555555555555557,0.05,-0.04711111111111112
2022-11-14,HBAR,,0.05,0.0,0.027999999999999997
2022-11-14,ICP,,0.0,0.0,0.0
2022-11-14,JST,,0.0,-0.05,-0.012
2022-11-14,LINK,,0.0,0.0,0.0
2022-11-14,LTC,,-0.10555555555555557,-0.05,-0.07111111111111111
2022-11-14,LUNC,,0.05,0.0,0.027999999999999997
2022-11-14,NEAR,,-0.10555555555555557,0.05,-0.04711111111111112
2022-11-14,NEXO,,0.0,0.05,0.012
2022-11-14,QNT,,0.0,0.05,0.012
2022-11-14,SHIB,,-0.10555555555555557,0.0,-0.059111111111111114
2022-11-14,SOL,,-0.10555555555555557,0.05,-0.04711111111111112
2022-11-14,STX,,0.0,0.05,0.012
2022-11-14,TRX,,0.05,-0.05,0.015999999999999997
2022-11-14,UNI,,0.0,0.0,0.0
2022-11-14,VET,,0.0,0.0,0.0
2022-11-14,XLM,,0.05,-0.05,0.015999999999999997
2022-11-14,XRP,,0.0,0.0,0.0
2022-11-14,ZEC,,0.05,-0.05,0.015999999999999997
2022-11-21,AAVE,,-0.05,0.05,-0.005910447761194027
2022-11-21,ADA,,0.05,-0.05,0.005910447761194027
2022-11-21,ALGO,,-0.05,0.05,-0.020908789386401328
2022-11-21,APT,,-0.05,0.05,-0.005910447761194027
2022-11-21,ATOM,,0.0,0.0,-0.014998341625207301
2022-11-21,AVAX,,0.0,0.05,0.009761194029850746
2022-11-21,BCH,,0.05,-0.05,0.013014925373134327
2022-11-21,BNB,,0.0,-0.05,-0.009761194029850746
2022-11-21,BTC,,0.05,-0.05,0.013014925373134327
2022-11-21,CAKE,,0.05,0.0,0.022776119402985073
2022-11-21,CHZ,,-0.05,0.0,-0.030669983416252076
2022-11-21,DASH,,-0.05,0.0,-0.008567164179104476
2022-11-21,DEXE,,0.0,0.0,0.0071044776119402984
2022-11-21,DOGE,,-0.05,0.0,-0.022776119402985073
2022-11-21,DOT,,0.05,-0.05,0.005910447761194027
2022-11-21,ETC,,0.0,0.0,0.0
2022-11-21,ETH,,0.05,0.0,0.0006733001658374635
2022-11-21,FET,,0.0,0.0,0.0
2022-11-21,FIL,,0.0,0.05,-0.005237147595356553
2022-11-21,HBAR,,0.0,0.0,0.0071044776119402984
2022-11-21,ICP,,0.0,0.0,0.0
2022-11-21,JST,,0.0,-0.05,-0.009761194029850746
2022-11-21,LINK,,-0.05,0.0,-0.01567164179104477
2022-11-21,LTC,,-0.05,-0.05,-0.04043117744610282
2022-11-21,LUNC,,0.05,0.0,0.022776119402985073
2022-11-21,NEAR,,0.0,0.05,-0.005237147595356553
2022-11-21,NEXO,,0.0,0.05,0.009761194029850746
2022-11-21,QNT,,-0.05,0.05,-0.005910447761194027
2022-11-21,SHIB,,0.0,0.0,-0.014998341625207301
2022-11-21,SOL,,-0.05,0.05,-0.020908789386401328
2022-11-21,STX,,0.0,0.05,0.009761194029850746
2022-11-21,TRX,,0.05,-0.05,0.013014925373134327
2022-11-21,UNI,,0.05,0.0,0.01567164179104477
2022-11-21,VET,,0.0,0.0,0.0
2022-11-21,XLM,,0.05,-0.05,0.013014925373134327
2022-11-21,XRP,,0.0,0.0,0.0
2022-11-21,ZEC,,0.0,-0.05,-0.0026567164179104458
2022-11-28,AAVE,,-0.05,0.05,-0.015999999999999997
2022-11-28,ADA,,0.05,-0.05,0.015999999999999997
2022-11-28,ALGO,,0.05,0.05,0.04
2022-11-28,APT,,-0.05,0.05,-0.015999999999999997
2022-11-28,ATOM,,0.0,0.0,0.0
2022-11-28,AVAX,,0.0,0.05,0.012
2022-11-28,BCH,,0.05,-0.05,0.015999999999999997
2022-11-28,BNB,,0.0,-0.05,-0.012
2022-11-28,BTC,,0.05,-0.05,0.015999999999999997
2022-11-28,CAKE,,0.05,0.0,0.027999999999999997
2022-11-28,CHZ,,0.05,0.0,0.027999999999999997
2022-11-28,DASH,,-0.05,0.0,-0.027999999999999997
2022-11-28,DEXE,,0.0,0.0,0.0
2022-11-28,DOGE,,-0.05,0.0,-0.027999999999999997
2022-11-28,DOT,,0.05,-0.05,0.015999999999999997
2022-11-28,ETC,,0.0,0.0,0.0
2022-11-28,ETH,,0.0,0.0,0.0
2022-11-28,FET,,0.0,0.0,0.0
2022-11-28,FIL,,0.0,0.05,0.012
2022-11-28,HBAR,,0.0,0.0,0.0
2022-11-28,ICP,,0.0,0.0,0.0
2022-11-28,JST,,0.0,-0.05,-0.012
2022-11-28,LINK,,-0.05,0.0,-0.027999999999999997
2022-11-28,LTC,,-0.05,-0.05,-0.04
2022-11-28,LUNC,,0.0,0.0,0.0
2022-11-28,NEAR,,-0.05,0.05,-0.015999999999999997
2022-11-28,NEXO,,0.05,0.05,0.04
2022-11-28,QNT,,-0.05,0.05,-0.015999999999999997
2022-11-28,SHIB,,0.0,0.0,0.0
2022-11-28,SOL,,-0.05,0.05,-0.015999999999999997
2022-11-28,STX,,0.0,0.05,0.012
2022-11-28,TRX,,0.05,-0.05,0.015999999999999997
2022-11-28,UNI,,0.0,0.0,0.0
2022-11-28,VET,,0.0,0.0,0.0
2022-11-28,XLM,,0.05,-0.05,0.015999999999999997
2022-11-28,XRP,,0.0,0.0,0.0
2022-11-28,ZEC,,-0.05,-0.05,-0.04
2022-12-05,AAVE,,0.0,0.0,0.0
2022-12-05,ADA,,0.05,-0.05,0.011999999999999999
2022-12-05,ALGO,,0.05,0.10555555555555557,0.04
2022-12-05,APT,,-0.10555555555555557,0.10555555555555557,-0.025333333333333333
2022-12-05,ATOM,,0.0,0.10555555555555557,0.019
2022-12-05,AVAX,,0.0,0.10555555555555557,0.019
2022-12-05,BCH,,0.0,-0.05,-0.009
2022-12-05,BNB,,-0.10555555555555557,0.0,-0.044333333333333336
2022-12-05,BTC,,0.05,-0.05,0.011999999999999999
2022-12-05,CAKE,,0.05,-0.05,0.011999999999999999
2022-12-05,CHZ,,0.05,0.0,0.020999999999999998
2022-12-05,DASH,,0.0,0.0,0.0
2022-12-05,DEXE,,0.0,0.0,0.0
2022-12-05,DOGE,,-0.10555555555555557,0.0,-0.044333333333333336
2022-12-05,DOT,,0.0,-0.05,-0.009
2022-12-05,ETC,,0.0,-0.05,-0.009
2022-12-05,ETH,,0.0,0.0,0.0
2022-12-05,FET,,-0.05,0.05,-0.011999999999999999
2022-12-05,FIL,,0.0,0.0,0.0
2022-12-05,HBAR,,0.0,0.0,0.0
2022-12-05,ICP,,-0.10555555555555557,0.0,-0.044333333333333336
2022-12-05,JST,,0.0,-0.05,-0.009
2022-12-05,LINK,,-0.10555555555555557,0.0,-0.044333333333333336
2022-12-05,LTC,,-0.10555555555555557,-0.05,-0.05333333333333334
2022-12-05,LUNC,,0.0,0.0,0.0
2022-12-05,NEAR,,-0.10555555555555557,0.10555555555555557,-0.025333333333333333
2022-12-05,NEXO,,0.05,0.10555555555555557,0.04
2022-12-05,QNT,,0.0,0.10555555555555557,0.019
2022-12-05,SHIB,,0.05,0.0,0.020999999999999998
2022-12-05,SOL,,-0.10555555555555557,0.10555555555555557,-0.025333333333333333
2022-12-05,STX,,0.0,0.10555555555555557,0.019
2022-12-05,TRX,,0.05,0.0,0.020999999999999998
2022-12-05,UNI,,-0.10555555555555557,0.0,-0.044333333333333336
2022-12-05,VET,,0.05,0.0,0.020999999999999998
2022-12-05,XLM,,0.05,-0.05,0.011999999999999999
2022-12-05,XRP,,0.0,0.0,0.0
2022-12-05,ZEC,,0.0,-0.05,-0.009
2022-12-12,AAVE,,0.0,0.0,0.0
2022-12-12,ADA,,0.0,-0.05,-0.004933797909407662
2022-12-12,ALGO,,0.05,0.10555555555555557,0.05672473867595819
2022-12-12,APT,,-0.10555555555555557,0.10555555555555557,-0.035925667828106855
2022-12-12,ATOM,,0.0,0.10555555555555557,0.02694425087108014
2022-12-12,AVAX,,0.0,0.10555555555555557,0.02694425087108014
2022-12-12,BCH,,0.0,-0.05,-0.01276306620209059
2022-12-12,BNB,,0.0,0.0,-0.016528455284552847
2022-12-12,BTC,,0.05,-0.05,0.017017421602787453
2022-12-12,CAKE,,0.05,-0.05,0.017017421602787453
2022-12-12,CHZ,,0.05,0.0,0.029780487804878047
2022-12-12,DASH,,0.0,0.0,0.0
2022-12-12,DEXE,,0.05,0.0,0.021951219512195117
2022-12-12,DOGE,,-0.10555555555555557,0.0,-0.062869918699187
2022-12-12,DOT,,0.0,-0.05,-0.01276306620209059
2022-12-12,ETC,,-0.10555555555555557,-0.05,-0.059104529616724744
2022-12-12,ETH,,0.05,0.0,0.021951219512195117
2022-12-12,FET,,-0.05,0.05,-0.017017421602787453
2022-12-12,FIL,,-0.10555555555555557,0.0,-0.046341463414634146
2022-12-12,HBAR,,0.05,0.0,0.021951219512195117
2022-12-12,ICP,,-0.10555555555555557,0.0,-0.062869918699187
2022-12-12,JST,,0.0,-0.05,-0.01276306620209059
2022-12-12,LINK,,0.0,0.0,-0.016528455284552847
2022-12-12,LTC,,-0.10555555555555557,-0.05,-0.0756329849012776
2022-12-12,LUNC,,0.0,0.0,0.0
2022-12-12,NEAR,,-0.10555555555555557,0.10555555555555557,-0.035925667828106855
2022-12-12,NEXO,,0.05,0.10555555555555557,0.05672473867595819
2022-12-12,QNT,,-0.10555555555555557,0.10555555555555557,-0.019397212543554
2022-12-12,SHIB,,0.0,0.0,0.007829268292682927
2022-12-12,SOL,,0.0,0.10555555555555557,0.01041579558652729
2022-12-12,STX,,0.0,0.10555555555555557,0.02694425087108014
2022-12-12,TRX,,0.05,0.0,0.029780487804878047
2022-12-12,UNI,,0.0,0.0,-0.016528455284552847
2022-12-12,VET,,0.0,0.0,0.007829268292682927
2022-12-12,XLM,,0.05,-0.05,0.017017421602787453
2022-12-12,XRP,,0.0,0.0,0.0
2022-12-12,ZEC,,-0.10555555555555557,-0.05,-0.059104529616724744
2022-12-19,AAVE,,0.0,0.0,0.0
2022-12-19,ADA,,0.0,-0.05,-0.00840717299952427
2022-12-19,ALGO,,0.0,0.10555555555555557,0.024500032505698988
2022-12-19,APT,,-0.10555555555555557,0.10555555555555557,-0.026877629889842516
2022-12-19,ATOM,,0.0,0.10555555555555557,0.020158222417381886
2022-12-19,AVAX,,0.0,0.10555555555555557,0.020158222417381886
2022-12-19,BCH,,0.05,-0.05,0.00838969880687146
2022-12-19,BNB,,0.05,0.0,0.015528584393210008
2022-12-19,BTC,,0.05,-0.05,0.012731508895188558
2022-12-19,CAKE,,0.0,-0.05,-0.005206821583074322
2022-12-19,CHZ,,0.0,0.0,0.004341810088317098
2022-12-19,DASH,,0.0,0.0,0.0
2022-12-19,DEXE,,0.0,0.0,0.003200351416449948
2022-12-19,DOGE,,0.0,0.0,-0.009166043519780544
2022-12-19,DOT,,0.0,-0.05,-0.00954863167139142
2022-12-19,ETC,,0.0,-0.05,-0.016304929106119095
2022-12-19,ETH,,0.0,0.0,0.003200351416449948
2022-12-19,FET,,-0.05,0.05,-0.012731508895188558
2022-12-19,FIL,,-0.10555555555555557,0.0,-0.04462610622217154
2022-12-19,HBAR,,0.05,0.0,0.021138681894712828
2022-12-19,ICP,,-0.10555555555555557,0.0,-0.0470358523072244
2022-12-19,JST,,0.0,-0.05,-0.00954863167139142
2022-12-19,LINK,,0.0,0.0,-0.00240974608505287
2022-12-19,LTC,,-0.10555555555555557,-0.05,-0.056584483978615825
2022-12-19,LUNC,,-0.10555555555555557,0.0,-0.037869808787443865
2022-12-19,NEAR,,-0.10555555555555557,0.10555555555555557,-0.026877629889842516
2022-12-19,NEXO,,0.05,0.10555555555555557,0.042438362983961864
2022-12-19,QNT,,0.0,0.10555555555555557,0.013401924982654214
2022-12-19,SHIB,,0.05,0.0,0.019079789150130026
2022-12-19,SOL,,0.05,0.10555555555555557,0.0356868068105919
2022-12-19,STX,,-0.10555555555555557,0.10555555555555557,-0.017711586370061976
2022-12-19,TRX,,0.05,0.0,0.022280140566579978
2022-12-19,UNI,,-0.10555555555555557,0.0,-0.04027955487249674
2022-12-19,VET,,0.0,0.0,0.0011414586718671484
2022-12-19,XLM,,0.05,-0.05,0.012731508895188558
2022-12-19,XRP,,0.05,0.0,0.01793833047826288
2022-12-19,ZEC,,-0.10555555555555557,-0.05,-0.05417473789356295
2022-12-26,AAVE,,0.05,0.0,0.020999999999999998
2022-12-26,ADA,,0.0,-0.05,-0.009
2022-12-26,ALGO,,-0.10555555555555557,0.10555555555555557,-0.025333333333333333
2022-12-26,APT,,0.0,0.10555555555555557,0.019
2022-12-26,ATOM,,-0.10555555555555557,0.10555555555555557,-0.025333333333333333
2022-12-26,AVAX,,0.05,0.10555555555555557,0.04
2022-12-26,BCH,,0.05,-0.05,0.011999999999999999
2022-12-26,BNB,,0.0,0.0,0.0
2022-12-26,BTC,,0.05,-0.05,0.011999999999999999
2022-12-26,CAKE,,0.0,-0.05,-0.009
2022-12-26,CHZ,,0.0,0.0,0.0
2022-12-26,DASH,,-0.10555555555555557,0.0,-0.044333333333333336
2022-12-26,DEXE,,0.0,0.0,0.0
2022-12-26,DOGE,,0.0,0.0,0.0
2022-12-26,DOT,,0.05,-0.05,0.011999999999999999
2022-12-26,ETC,,-0.10555555555555557,-0.05,-0.05333333333333334
2022-12-26,ETH,,0.0,0.0,0.0
2022-12-26,FET,,-0.05,0.05,-0.011999999999999999
2022-12-26,FIL,,-0.10555555555555557,0.0,-0.044333333333333336
2022-12-26,HBAR,,0.0,0.0,0.0
2022-12-26,ICP,,-0.10555555555555557,0.0,-0.044333333333333336
2022-12-26,JST,,0.0,-0.05,-0.009
2022-12-26,LINK,,0.0,0.0,0.0
2022-12-26,LTC,,-0.10555555555555557,-0.05,-0.05333333333333334
2022-12-26,LUNC,,-0.10555555555555557,0.0,-0.044333333333333336
2022-12-26,NEAR,,0.0,0.10555555555555557,0.019
2022-12-26,NEXO,,0.0,0.10555555555555557,0.019
2022-12-26,QNT,,0.0,0.10555555555555557,0.019
2022-12-26,SHIB,,0.05,0.0,0.020999999999999998
2022-12-26,SOL,,0.0,0.10555555555555557,0.019
2022-12-26,STX,,-0.10555555555555557,0.10555555555555557,-0.025333333333333333
2022-12-26,TRX,,0.05,0.0,0.020999999999999998
2022-12-26,UNI,,0.0,0.0,0.0
2022-12-26,VET,,0.0,0.0,0.0
2022-12-26,XLM,,0.05,-0.05,0.011999999999999999
2022-12-26,XRP,,0.05,0.0,0.020999999999999998
2022-12-26,ZEC,,0.05,-0.05,0.011999999999999999
2023-01-02,AAVE,,0.0,-0.05,-0.004210084033613445
2023-01-02,ADA,,-0.05,0.0,-0.019084033613445375
2023-01-02,ALGO,,-0.05,0.0,-0.02169187675070028
2023-01-02,APT,,-0.05,0.10555555555555557,0.001352941176470595
2023-01-02,ATOM,,0.0,0.0,-0.0040448179271708705
2023-01-02,AVAX,,0.0,0.0,0.006386554621848742
2023-01-02,BCH,,0.05,-0.05,0.011999999999999999
2023-01-02,BNB,,0.0,0.10555555555555557,0.015966386554621848
2023-01-02,BTC,,0.05,-0.05,0.011999999999999999
2023-01-02,CAKE,,0.0,0.0,-0.0014369747899159674
2023-01-02,CHZ,,0.0,0.10555555555555557,0.015966386554621848
2023-01-02,DASH,,-0.05,0.0,-0.02472549019607843
2023-01-02,DEXE,,0.05,-0.05,0.010084033613445375
2023-01-02,DOGE,,0.0,0.0,0.0
2023-01-02,DOT,,0.0,0.0,0.0019159663865546232
2023-01-02,ETC,,-0.05,0.10555555555555557,-0.010196078431372553
2023-01-02,ETH,,0.0,0.0,0.0
2023-01-02,FET,,-0.05,0.05,-0.011999999999999999
2023-01-02,FIL,,-0.05,0.10555555555555557,-0.00875910364145658
2023-01-02,HBAR,,0.0,0.0,0.0
2023-01-02,ICP,,0.0,0.0,-0.0070784313725490225
2023-01-02,JST,,0.05,-0.05,0.008647058823529409
2023-01-02,LINK,,0.0,0.0,0.0
2023-01-02,LTC,,0.0,0.10555555555555557,0.0074509803921568515
2023-01-02,LUNC,,0.0,0.0,-0.0070784313725490225
2023-01-02,NEAR,,-0.05,0.10555555555555557,0.001352941176470595
2023-01-02,NEXO,,0.05,-0.05,0.013117647058823529
2023-01-02,QNT,,0.0,0.0,0.003033613445378152
2023-01-02,SHIB,,0.05,-0.05,0.013436974789915967
2023-01-02,SOL,,-0.05,0.10555555555555557,0.001352941176470595
2023-01-02,STX,,0.0,0.10555555555555557,0.01192156862745098
2023-01-02,TRX,,0.05,-0.05,0.013436974789915967
2023-01-02,UNI,,0.05,0.0,0.017647058823529408
2023-01-02,VET,,0.0,0.0,0.0
2023-01-02,XLM,,0.05,0.0,0.01956302521008403
2023-01-02,XRP,,0.05,-0.05,0.013436974789915967
2023-01-02,ZEC,,-0.05,-0.05,-0.02329411764705882
2023-01-09,AAVE,,0.0,-0.05,-0.00934754535594513
2023-01-09,ADA,,-0.10555555555555557,0.0,-0.045178567169656916
2023-01-09,ALGO,,0.0,0.0,-0.01136360559801685
2023-01-09,APT,,0.0,0.10555555555555557,0.015786380021297564
2023-01-09,ATOM,,0.0,0.0,-0.0021189367876467387
2023-01-09,AVAX,,0.0,0.0,0.003345689664705376
2023-01-09,BCH,,0.0,-0.05,-0.000855656720133725
2023-01-09,BNB,,0.05,0.10555555555555557,0.04010658643369856
2023-01-09,BTC,,0.05,-0.05,0.015809083472632213
2023-01-09,CAKE,,0.05,0.0,0.01591196001820723
2023-01-09,CHZ,,0.0,0.10555555555555557,0.023441846240932623
2023-01-09,DASH,,0.05,0.0,0.0037119320040140333
2023-01-09,DEXE,,0.05,-0.05,0.0148053765732206
2023-01-09,DOGE,,-0.10555555555555557,0.0,-0.0351811181847281
2023-01-09,DOT,,0.0,0.0,0.0010037068994116132
2023-01-09,ETC,,-0.10555555555555557,0.10555555555555557,-0.02544486030710609
2023-01-09,ETH,,0.05,0.0,0.01666474019276594
2023-01-09,FET,,-0.05,0.05,-0.015809083472632213
2023-01-09,FIL,,-0.10555555555555557,0.10555555555555557,-0.024692080132547378
2023-01-09,HBAR,,0.0,0.0,0.0
2023-01-09,ICP,,0.0,0.0,-0.0037081393783817917
2023-01-09,JST,,-0.10555555555555557,-0.05,-0.03779326197883215
2023-01-09,LINK,,0.05,0.0,0.01666474019276594
2023-01-09,LTC,,0.05,0.10555555555555557,0.035645666880758056
2023-01-09,LUNC,,0.0,0.0,-0.0037081393783817917
2023-01-09,NEAR,,0.0,0.10555555555555557,0.015786380021297564
2023-01-09,NEXO,,0.0,-0.05,-0.0002701610288102854
2023-01-09,QNT,,0.0,0.0,0.0015892025907350534
2023-01-09,SHIB,,-0.10555555555555557,-0.05,-0.03528399473030311
2023-01-09,SOL,,0.0,0.10555555555555557,0.015786380021297564
2023-01-09,STX,,0.05,0.10555555555555557,0.03798764964605182
2023-01-09,TRX,,0.05,-0.05,0.016561863647190922
2023-01-09,UNI,,0.0,0.0,0.009244668810370112
2023-01-09,VET,,-0.10555555555555557,0.0,-0.0351811181847281
2023-01-09,XLM,,0.0,0.0,0.010248375709781725
2023-01-09,XRP,,-0.10555555555555557,-0.05,-0.03528399473030311
2023-01-09,ZEC,,-0.10555555555555557,-0.05,-0.05452611252560205
2023-01-16,AAVE,,0.0,-0.05,-0.01309094643862715
2023-01-16,ADA,,0.0,0.0,-0.015258557562008956
2023-01-16,ALGO,,0.0,0.0,-0.003837931147266706
2023-01-16,APT,,-0.05,0.10555555555555557,0.003124136769584996
2023-01-16,ATOM,,0.0,0.0,-0.0007156472852083069
2023-01-16,AVAX,,-0.10555555555555557,0.0,-0.047803770735141346
2023-01-16,BCH,,0.0,-0.05,-0.010222905691050648
2023-01-16,BNB,,0.05,0.10555555555555557,0.05769629557091158
2023-01-16,BTC,,0.0,-0.05,-0.004594575413723389
2023-01-16,CAKE,,0.05,0.0,0.02855322722576894
2023-01-16,CHZ,,0.0,0.10555555555555557,0.028888825230660744
2023-01-16,DASH,,0.05,0.0,0.0244328037290779
2023-01-16,DEXE,,0.05,-0.05,0.01824557382989099
2023-01-16,DOGE,,-0.10555555555555557,0.0,-0.060815770718307335
2023-01-16,DOT,,0.0,0.0,0.000338990819309198
2023-01-16,ETC,,-0.10555555555555557,0.10555555555555557,-0.03655585521330142
2023-01-16,ETH,,0.0,0.0,0.005628330277327259
2023-01-16,FET,,-0.10555555555555557,0.05,-0.04433916471911528
2023-01-16,FIL,,-0.10555555555555557,0.10555555555555557,-0.036301612098819526
2023-01-16,HBAR,,-0.10555555555555557,0.0,-0.048933740132838674
2023-01-16,ICP,,0.0,0.0,-0.0012523827491145367
2023-01-16,JST,,0.0,-0.05,-0.022698170210310405
2023-01-16,LINK,,0.05,0.0,0.028807470340250836
2023-01-16,LTC,,0.05,0.10555555555555557,0.05618966970731515
2023-01-16,LUNC,,0.0,0.0,-0.0012523827491145367
2023-01-16,NEAR,,-0.10555555555555557,0.10555555555555557,-0.022630463300330098
2023-01-16,NEXO,,0.05,-0.05,0.013153979016469962
2023-01-16,QNT,,0.0,0.0,0.0005367354639062298
2023-01-16,SHIB,,0.0,-0.05,-0.02185069316203741
2023-01-16,SOL,,-0.10555555555555557,0.10555555555555557,-0.022630463300330098
2023-01-16,STX,,0.05,0.10555555555555557,0.056980648285703275
2023-01-16,TRX,,0.05,-0.05,0.01883880776368209
2023-01-16,UNI,,0.0,0.0,0.0031222838620583995
2023-01-16,VET,,-0.10555555555555557,0.0,-0.060815770718307335
2023-01-16,XLM,,0.05,0.0,0.02664041474429118
2023-01-16,XRP,,0.0,-0.05,-0.02185069316203741
2023-01-16,ZEC,,0.0,-0.05,-0.028349504000636107
2023-01-23,AAVE,,0.0,-0.05,-0.0144141042987554
2023-01-23,ADA,,-0.10555555555555557,0.0,-0.05589502020860805
2023-01-23,ALGO,,0.0,0.0,-0.0011778754699995268
2023-01-23,APT,,0.0,0.10555555555555557,0.022906857142349444
2023-01-23,ATOM,,0.05,0.0,0.02403873383388797
2023-01-23,AVAX,,0.0,0.0,-0.0146711566106403
2023-01-23,BCH,,0.0,-0.05,-0.013533891831698678
2023-01-23,BNB,,0.0,0.10555555555555557,0.03965525744723237
2023-01-23,BTC,,0.05,-0.05,0.012451832520364619
2023-01-23,CAKE,,0.05,0.0,0.03302146124564129
2023-01-23,CHZ,,0.0,0.10555555555555557,0.03081413670678194
2023-01-23,DASH,,0.05,0.0,0.031756887813619586
2023-01-23,DEXE,,0.05,-0.05,0.01946156002533596
2023-01-23,DOGE,,-0.10555555555555557,0.0,-0.06987669986864042
2023-01-23,DOT,,0.0,0.0,0.0001040375544266112
2023-01-23,ETC,,-0.10555555555555557,0.10555555555555557,-0.0404831929255201
2023-01-23,ETH,,0.05,0.0,0.025985724352063297
2023-01-23,FET,,-0.05,0.05,-0.02746978097909362
2023-01-23,FIL,,-0.10555555555555557,0.10555555555555557,-0.04040516475970014
2023-01-23,HBAR,,0.0,0.0,-0.015017948458729002
2023-01-23,ICP,,0.0,0.0,-0.00038436096496498014
2023-01-23,JST,,-0.10555555555555557,-0.05,-0.06857470896185666
2023-01-23,LINK,,0.05,0.0,0.03309948941146124
2023-01-23,LTC,,0.05,0.10555555555555557,0.06345123698745825
2023-01-23,LUNC,,0.0,0.0,-0.00038436096496498014
2023-01-23,NEAR,,0.0,0.10555555555555557,0.015002673743018391
2023-01-23,NEXO,,0.0,-0.05,-0.006359438198885204
2023-01-23,QNT,,-0.10555555555555557,0.0,-0.051047385510958485
2023-01-23,SHIB,,-0.10555555555555557,-0.05,-0.06831461507579015
2023-01-23,SOL,,0.0,0.10555555555555557,0.015002673743018391
2023-01-23,STX,,0.05,0.10555555555555557,0.06369399128112034
2023-01-23,TRX,,0.05,-0.05,0.019643625745582528
2023-01-23,UNI,,0.0,0.0,0.0009582406328766811
2023-01-23,VET,,-0.10555555555555557,0.0,-0.06987669986864042
2023-01-23,XLM,,0.0,0.0,0.00817604324670124
2023-01-23,XRP,,0.0,-0.05,-0.017102503436989512
2023-01-23,ZEC,,-0.10555555555555557,-0.05,-0.07030912450736346
2023-01-30,AAVE,,-0.10555555555555557,0.0,-0.037755509862790027
2023-01-30,ADA,,0.0,0.0,-0.0267058545632168
2023-01-30,ALGO,,0.0,0.12142857142857144,0.014656037523022181
2023-01-30,APT,,-0.05,0.05,0.002589149167092006
2023-01-30,ATOM,,0.0,-0.05,0.005218800186820083
2023-01-30,AVAX,,-0.10555555555555557,0.0,-0.037878325842294405
2023-01-30,BCH,,0.0,-0.05,-0.012732871944945509
2023-01-30,BNB,,0.05,0.0,0.03356871809189723
2023-01-30,BTC,,0.0,-0.05,-0.00031725830573316877
2023-01-30,CAKE,,0.05,0.0,0.030399183562693718
2023-01-30,CHZ,,0.0,0.12142857142857144,0.029941371014076363
2023-01-30,DASH,,0.05,0.0,0.02979498816149269
2023-01-30,DEXE,,0.05,-0.05,0.017653884697660962
2023-01-30,DOGE,,-0.10555555555555557,0.12142857142857144,-0.04903594815786249
2023-01-30,DOT,,0.0,0.0,4.97076803489901e-05
2023-01-30,ETC,,0.0,0.0,-0.01934230023513056
2023-01-30,ETH,,0.0,-0.05,0.006149044874455872
2023-01-30,FET,,-0.10555555555555557,0.05,-0.037726759804391205
2023-01-30,FIL,,-0.10555555555555557,0.12142857142857144,-0.034954863162514616
2023-01-30,HBAR,,-0.10555555555555557,0.0,-0.03804401811012437
2023-01-30,ICP,,-0.10555555555555557,0.0,-0.031052295808423058
2023-01-30,JST,,0.05,-0.05,-0.024408606506128305
2023-01-30,LINK,,0.05,0.0,0.030436464322955457
2023-01-30,LTC,,0.05,0.0,0.044938102455992814
2023-01-30,LUNC,,0.0,0.12142857142857144,0.015035167593754173
2023-01-30,NEAR,,-0.10555555555555557,0.12142857142857144,-0.008481777166779999
2023-01-30,NEXO,,0.0,0.0,-0.003038450134007439
2023-01-30,QNT,,0.0,0.0,-0.02438972288050394
2023-01-30,SHIB,,0.0,0.0,-0.03263976232493113
2023-01-30,SOL,,-0.10555555555555557,0.05,-0.017434018259289245
2023-01-30,STX,,0.0,0.12142857142857144,0.04565090311630774
2023-01-30,TRX,,0.05,-0.05,0.017740873138271693
2023-01-30,UNI,,0.0,0.0,0.00045783389795122417
2023-01-30,VET,,0.0,0.0,-0.03338610447021669
2023-01-30,XLM,,0.05,-0.05,0.01226182349728686
2023-01-30,XRP,,0.0,-0.05,-0.014437904381964427
2023-01-30,ZEC,,0.05,-0.05,-0.025237285861420024
2023-02-06,AAVE,,0.0,0.0,-0.002083124231660967
2023-02-06,ADA,,0.0,0.0,-0.0014734700437108485
2023-02-06,ALGO,,0.05,0.12142857142857144,0.05479868740980545
2023-02-06,APT,,-0.05,0.05,-0.014974361431837165
2023-02-06,ATOM,,0.0,-0.05,-0.011049969129283459
2023-02-06,AVAX,,-0.1125,0.0,-0.06161393559859238
2023-02-06,BCH,,0.0,-0.05,-0.012040435510280981
2023-02-06,BNB,,0.05,0.0,0.02830724870723975
2023-02-06,BTC,,0.0,-0.05,-0.011355415874292084
2023-02-06,CAKE,,0.0,0.0,0.001677245947208552
2023-02-06,CHZ,,0.0,0.12142857142857144,0.02918691438378699
2023-02-06,DASH,,0.05,0.0,0.028099036759093938
2023-02-06,DEXE,,0.05,-0.05,0.01609125151011313
2023-02-06,DOGE,,-0.1125,0.12142857142857144,-0.034694618956512276
2023-02-06,DOT,,0.0,0.0,2.742573833884051e-06
2023-02-06,ETC,,0.0,0.0,-0.0010671929597108262
2023-02-06,ETH,,0.05,-0.05,0.015456482950393152
2023-02-06,FET,,-0.05,0.05,-0.017198753241274865
2023-02-06,FIL,,-0.1125,0.12142857142857144,-0.03391770852758451
2023-02-06,HBAR,,-0.1125,0.0,-0.06162307751137199
2023-02-06,ICP,,-0.1125,0.0,-0.06123731590463833
2023-02-06,JST,,0.0,-0.05,-0.012684633024106953
2023-02-06,LINK,,0.05,0.0,0.028134429594227992
2023-02-06,LTC,,0.05,0.0,0.028934543641250334
2023-02-06,LUNC,,0.0,0.12142857142857144,0.028364478833061094
2023-02-06,NEAR,,0.0,0.12142857142857144,0.0270669538449644
2023-02-06,NEXO,,-0.1125,0.0,-0.05969167869940755
2023-02-06,QNT,,0.0,0.0,-0.0013456796880909408
2023-02-06,SHIB,,-0.1125,0.0,-0.06132490285498031
2023-02-06,SOL,,0.0,0.05,0.01037600612747901
2023-02-06,STX,,0.05,0.12142857142857144,0.05650879954467246
2023-02-06,TRX,,0.05,-0.05,0.016096051014322425
2023-02-06,UNI,,0.0,0.0,2.5260548469984638e-05
2023-02-06,VET,,-0.1125,0.0,-0.06136608157071225
2023-02-06,XLM,,0.05,-0.05,0.01579374967830319
2023-02-06,XRP,,0.0,-0.05,-0.012134509048109761
2023-02-06,ZEC,,0.0,-0.05,-0.012730354616837625
2023-02-13,AAVE,,0.0,0.0,0.0
2023-02-13,ADA,,0.0,0.0,0.0
2023-02-13,ALGO,,0.0,0.12142857142857144,0.029142857142857144
2023-02-13,APT,,-0.1125,0.05,-0.051000000000000004
2023-02-13,ATOM,,0.05,-0.05,0.015999999999999997
2023-02-13,AVAX,,-0.1125,0.0,-0.063
2023-02-13,BCH,,0.0,-0.05,-0.012
2023-02-13,BNB,,0.05,0.0,0.027999999999999997
2023-02-13,BTC,,0.0,-0.05,-0.012
2023-02-13,CAKE,,0.05,0.0,0.027999999999999997
2023-02-13,CHZ,,0.0,0.12142857142857144,0.029142857142857144
2023-02-13,DASH,,0.05,0.0,0.027999999999999997
2023-02-13,DEXE,,0.05,-0.05,0.015999999999999997
2023-02-13,DOGE,,-0.1125,0.12142857142857144,-0.033857142857142856
2023-02-13,DOT,,0.0,0.0,0.0
2023-02-13,ETC,,0.0,0.0,0.0
2023-02-13,ETH,,0.0,-0.05,-0.012
2023-02-13,FET,,-0.1125,0.05,-0.051000000000000004
2023-02-13,FIL,,-0.05,0.12142857142857144,0.0011428571428571455
2023-02-13,HBAR,,-0.1125,0.0,-0.063
2023-02-13,ICP,,-0.1125,0.0,-0.063
2023-02-13,JST,,0.05,-0.05,0.015999999999999997
2023-02-13,LINK,,0.0,0.0,0.0
2023-02-13,LTC,,0.05,0.0,0.027999999999999997
2023-02-13,LUNC,,0.0,0.12142857142857144,0.029142857142857144
2023-02-13,NEAR,,0.0,0.12142857142857144,0.029142857142857144
2023-02-13,NEXO,,0.05,0.0,0.027999999999999997
2023-02-13,QNT,,0.0,0.0,0.0
2023-02-13,SHIB,,-0.1125,0.0,-0.063
2023-02-13,SOL,,0.0,0.05,0.012
2023-02-13,STX,,-0.05,0.12142857142857144,0.0011428571428571455
2023-02-13,TRX,,0.05,-0.05,0.015999999999999997
2023-02-13,UNI,,0.0,0.0,0.0
2023-02-13,VET,,-0.1125,0.0,-0.063
2023-02-13,XLM,,0.05,-0.05,0.015999999999999997
2023-02-13,XRP,,0.0,-0.05,-0.012
2023-02-13,ZEC,,0.0,-0.05,-0.012
2023-02-20,AAVE,,0.0,0.0,0.0
2023-02-20,ADA,,0.0,0.0,0.0
2023-02-20,ALGO,,0.0,0.12142857142857144,0.03642857142857143
2023-02-20,APT,,0.0,0.05,0.015
2023-02-20,ATOM,,0.05,-0.05,0.019999999999999997
2023-02-20,AVAX,,0.0,0.0,0.0
2023-02-20,BCH,,0.0,-0.05,-0.015
2023-02-20,BNB,,0.05,0.0,0.034999999999999996
2023-02-20,BTC,,0.0,-0.05,-0.015
2023-02-20,CAKE,,0.05,0.0,0.034999999999999996
2023-02-20,CHZ,,0.0,0.12142857142857144,0.03642857142857143
2023-02-20,DASH,,0.05,0.0,0.034999999999999996
2023-02-20,DEXE,,0.05,-0.05,0.019999999999999997
2023-02-20,DOGE,,-0.12142857142857144,0.12142857142857144,-0.04857142857142858
2023-02-20,DOT,,0.0,0.0,0.0
2023-02-20,ETC,,-0.12142857142857144,0.0,-0.085
2023-02-20,ETH,,0.0,-0.05,-0.015
2023-02-20,FET,,-0.05,0.05,-0.019999999999999997
2023-02-20,FIL,,-0.05,0.12142857142857144,0.0014285714285714318
2023-02-20,HBAR,,-0.12142857142857144,0.0,-0.085
2023-02-20,ICP,,-0.12142857142857144,0.0,-0.085
2023-02-20,JST,,0.05,-0.05,0.019999999999999997
2023-02-20,LINK,,0.0,0.0,0.0
2023-02-20,LTC,,0.05,0.0,0.034999999999999996
2023-02-20,LUNC,,0.0,0.12142857142857144,0.03642857142857143
2023-02-20,NEAR,,0.0,0.12142857142857144,0.03642857142857143
2023-02-20,NEXO,,0.05,0.0,0.034999999999999996
2023-02-20,QNT,,0.0,0.0,0.0
2023-02-20,SHIB,,-0.12142857142857144,0.0,-0.085
2023-02-20,SOL,,0.0,0.05,0.015
2023-02-20,STX,,-0.05,0.12142857142857144,0.0014285714285714318
2023-02-20,TRX,,0.05,-0.05,0.019999999999999997
2023-02-20,UNI,,0.0,0.0,0.0
2023-02-20,VET,,-0.12142857142857144,0.0,-0.085
2023-02-20,XLM,,0.05,-0.05,0.019999999999999997
2023-02-20,XRP,,0.0,-0.05,-0.015
2023-02-20,ZEC,,-0.12142857142857144,-0.05,-0.1
2023-02-27,AAVE,,0.0,0.0,0.0
2023-02-27,ADA,,0.0,0.0,0.0
2023-02-27,ALGO,,0.0,0.0,0.012567061759201501
2023-02-27,APT,,0.0,0.10555555555555557,0.021768558951965066
2023-02-27,ATOM,,0.05,0.0,0.02524017467248908
2023-02-27,AVAX,,0.0,0.10555555555555557,0.016593886462882096
2023-02-27,BCH,,0.0,0.0,-0.005174672489082972
2023-02-27,BNB,,0.05,-0.05,0.022554585152838428
2023-02-27,BTC,,0.0,-0.05,-0.013034934497816595
2023-02-27,CAKE,,0.05,-0.05,0.022554585152838428
2023-02-27,CHZ,,0.0,0.0,0.012567061759201501
2023-02-27,DASH,,0.0,0.0,0.012074235807860264
2023-02-27,DEXE,,0.05,0.0,0.02524017467248908
2023-02-27,DOGE,,-0.1125,0.0,-0.05802245789145352
2023-02-27,DOT,,-0.1125,0.0,-0.04126637554585152
2023-02-27,ETC,,0.0,0.0,-0.02932314410480351
2023-02-27,ETH,,0.05,-0.05,0.00530567685589519
2023-02-27,FET,,-0.1125,0.10555555555555557,-0.03157205240174672
2023-02-27,FIL,,-0.05,0.05,-0.009987523393636925
2023-02-27,HBAR,,-0.1125,0.10555555555555557,-0.05399563318777294
2023-02-27,ICP,,-0.1125,0.10555555555555557,-0.05399563318777294
2023-02-27,JST,,0.05,-0.05,0.017379912663755458
2023-02-27,LINK,,0.0,-0.05,-0.007860262008733623
2023-02-27,LTC,,0.05,-0.05,0.022554585152838428
2023-02-27,LUNC,,0.0,0.0,0.012567061759201501
2023-02-27,NEAR,,0.0,0.10555555555555557,0.029160948222083597
2023-02-27,NEXO,,0.05,0.0,0.03041484716157205
2023-02-27,QNT,,0.0,0.0,0.0
2023-02-27,SHIB,,0.0,0.10555555555555557,-0.012729257641921413
2023-02-27,SOL,,-0.1125,0.10555555555555557,-0.019497816593886455
2023-02-27,STX,,-0.05,0.0,-0.017847785402370548
2023-02-27,TRX,,0.05,-0.05,0.017379912663755458
2023-02-27,UNI,,0.0,0.0,0.0
2023-02-27,VET,,-0.1125,0.0,-0.07058951965065503
2023-02-27,XLM,,0.05,-0.05,0.017379912663755458
2023-02-27,XRP,,0.0,-0.05,-0.013034934497816595
2023-02-27,ZEC,,-0.1125,0.10555555555555557,-0.059170305676855904
2023-03-06,AAVE,,-0.1125,0.0,-0.03142443932901341
2023-03-06,ADA,,0.0,0.0,0.0
2023-03-06,ALGO,,0.0,0.0,0.0042091174248947896
2023-03-06,APT,,0.0,0.10555555555555557,0.01992728037387357
2023-03-06,ATOM,,0.05,0.0,0.022420172307620244
2023-03-06,AVAX,,0.0,0.10555555555555557,0.018194114375387482
2023-03-06,BCH,,0.0,0.0,-0.0017331659984860899
2023-03-06,BNB,,0.05,-0.05,0.015535073601975423
2023-03-06,BTC,,0.0,-0.05,-0.010351430702617001
2023-03-06,CAKE,,0.05,-0.05,0.015535073601975423
2023-03-06,CHZ,,0.0,0.0,0.0042091174248947896
2023-03-06,DASH,,-0.1125,0.0,-0.027380385332545876
2023-03-06,DEXE,,0.0,0.0,0.00845375482805873
2023-03-06,DOGE,,0.05,0.0,-0.0054671894546387476
2023-03-06,DOT,,-0.1125,0.0,-0.04524588969668728
2023-03-06,ETC,,0.0,0.0,-0.009821273991421176
2023-03-06,ETH,,0.0,-0.05,-0.004208563872539725
2023-03-06,FET,,0.0,0.10555555555555557,0.002061776009732154
2023-03-06,FIL,,-0.05,0.05,-0.011325956177080633
2023-03-06,HBAR,,0.05,0.10555555555555557,0.008517807495853943
2023-03-06,ICP,,-0.1125,0.10555555555555557,-0.03687304931272098
2023-03-06,JST,,0.0,-0.05,-0.00016450987607218373
2023-03-06,LINK,,-0.1125,-0.05,-0.04004270403314432
2023-03-06,LTC,,0.0,-0.05,0.0015686561224139105
2023-03-06,LUNC,,0.05,0.0,0.018175534904456305
2023-03-06,NEAR,,-0.1125,0.10555555555555557,-0.009021207528731142
2023-03-06,NEXO,,0.05,0.0,0.024153338306106335
2023-03-06,QNT,,0.05,0.0,0.013966417479561516
2023-03-06,SHIB,,0.0,0.10555555555555557,0.008372840383966306
2023-03-06,SOL,,-0.1125,0.10555555555555557,-0.025318609322813712
2023-03-06,STX,,-0.05,0.0,-0.019944220881211543
2023-03-06,TRX,,0.0,-0.05,-0.00016450987607218373
2023-03-06,UNI,,0.0,0.0,0.0
2023-03-06,VET,,-0.1125,0.0,-0.05506716368810846
2023-03-06,XLM,,0.05,-0.05,0.013801907603489334
2023-03-06,XRP,,0.05,-0.05,0.0036149867769445163
2023-03-06,ZEC,,0.0,0.10555555555555557,-0.007181775982193661
2023-03-13,AAVE,,0.0,0.0,-0.006205208680705201
2023-03-13,ADA,,0.05,0.0,0.016853247183490787
2023-03-13,ALGO,,0.0,0.0,0.0008311509303190697
2023-03-13,APT,,-0.10555555555555557,0.10555555555555557,-0.01639597250631926
2023-03-13,ATOM,,0.05,0.0,0.021280433500788218
2023-03-13,AVAX,,0.0,0.10555555555555557,0.01884086626268351
2023-03-13,BCH,,0.0,0.0,-0.0003422386183666757
2023-03-13,BNB,,-0.10555555555555557,-0.05,-0.03973427331297647
2023-03-13,BTC,,-0.10555555555555557,-0.05,-0.04484593686700726
2023-03-13,CAKE,,0.05,-0.05,0.012698051257883758
2023-03-13,CHZ,,0.0,0.0,0.0008311509303190697
2023-03-13,DASH,,-0.10555555555555557,0.0,-0.040985729291885736
2023-03-13,DEXE,,0.05,0.0,0.018522562976030353
2023-03-13,DOGE,,0.0,0.0,-0.0010795753937815561
2023-03-13,DOT,,0.0,0.0,-0.008934453358819192
2023-03-13,ETC,,0.0,0.0,-0.0019393521707444968
2023-03-13,ETH,,0.0,-0.05,-0.008053861844920482
2023-03-13,FET,,0.0,0.10555555555555557,0.015655303426747282
2023-03-13,FIL,,-0.10555555555555557,0.05,-0.030592730531443346
2023-03-13,HBAR,,0.0,0.10555555555555557,0.016930139938582885
2023-03-13,ICP,,0.0,0.10555555555555557,0.007967060733119827
2023-03-13,JST,,-0.10555555555555557,-0.05,-0.04283438245610102
2023-03-13,LINK,,0.0,-0.05,-0.015129829541976336
2023-03-13,LTC,,-0.10555555555555557,-0.05,-0.042492143837734336
2023-03-13,LUNC,,0.0,0.0,0.0035890214550769357
2023-03-13,NEAR,,-0.10555555555555557,0.10555555555555557,-0.02211226887507206
2023-03-13,NEXO,,0.05,0.0,0.021622672119154893
2023-03-13,QNT,,0.05,0.0,0.01961111770824865
2023-03-13,SHIB,,0.05,0.10555555555555557,0.03375476127542981
2023-03-13,SOL,,0.0,0.10555555555555557,0.010248651522230999
2023-03-13,STX,,-0.05,0.0,-0.020791521188835826
2023-03-13,TRX,,0.05,-0.05,0.009597942114759216
2023-03-13,UNI,,0.0,0.0,0.0
2023-03-13,VET,,-0.10555555555555557,0.0,-0.046452882916933134
2023-03-13,XLM,,0.05,-0.05,0.012355812639517082
2023-03-13,XRP,,0.05,-0.05,0.01034425822861084
2023-03-13,ZEC,,0.0,0.10555555555555557,0.013830030795458345
2023-03-20,AAVE,,0.0,0.0,0.0
2023-03-20,ADA,,0.05,0.0,0.020999999999999998
2023-03-20,ALGO,,0.0,0.0,0.0
2023-03-20,APT,,0.0,0.10555555555555557,0.019
2023-03-20,ATOM,,0.05,0.0,0.020999999999999998
2023-03-20,AVAX,,0.0,0.10555555555555557,0.019
2023-03-20,BCH,,-0.10555555555555557,0.0,-0.044333333333333336
2023-03-20,BNB,,-0.10555555555555557,-0.05,-0.05333333333333334
2023-03-20,BTC,,-0.10555555555555557,-0.05,-0.05333333333333334
2023-03-20,CAKE,,0.05,-0.05,0.011999999999999999
2023-03-20,CHZ,,0.05,0.0,0.020999999999999998
2023-03-20,DASH,,-0.10555555555555557,0.0,-0.044333333333333336
2023-03-20,DEXE,,0.05,0.0,0.020999999999999998
2023-03-20,DOGE,,0.05,0.0,0.020999999999999998
2023-03-20,DOT,,0.0,0.0,0.0
2023-03-20,ETC,,0.0,0.0,0.0
2023-03-20,ETH,,0.0,-0.05,-0.009
2023-03-20,FET,,-0.10555555555555557,0.10555555555555557,-0.025333333333333333
2023-03-20,FIL,,0.0,0.05,0.009
2023-03-20,HBAR,,0.0,0.10555555555555557,0.019
2023-03-20,ICP,,0.0,0.10555555555555557,0.019
2023-03-20,JST,,-0.10555555555555557,-0.05,-0.05333333333333334
2023-03-20,LINK,,0.0,-0.05,-0.009
2023-03-20,LTC,,-0.10555555555555557,-0.05,-0.05333333333333334
2023-03-20,LUNC,,0.0,0.0,0.0
2023-03-20,NEAR,,0.0,0.10555555555555557,0.019
2023-03-20,NEXO,,-0.10555555555555557,0.0,-0.044333333333333336
2023-03-20,QNT,,0.05,0.0,0.020999999999999998
2023-03-20,SHIB,,0.05,0.10555555555555557,0.04
2023-03-20,SOL,,0.0,0.10555555555555557,0.019
2023-03-20,STX,,-0.05,0.0,-0.020999999999999998
2023-03-20,TRX,,0.05,-0.05,0.011999999999999999
2023-03-20,UNI,,0.0,0.0,0.0
2023-03-20,VET,,-0.10555555555555557,0.0,-0.044333333333333336
2023-03-20,XLM,,0.05,-0.05,0.011999999999999999
2023-03-20,XRP,,0.0,-0.05,-0.009
2023-03-20,ZEC,,0.0,0.10555555555555557,0.019
2023-03-27,AAVE,,0.0,-0.10555555555555557,-0.019
2023-03-27,ADA,,0.05,0.0,0.020999999999999998
2023-03-27,ALGO,,0.0,0.0,0.0
2023-03-27,APT,,0.0,0.05,0.009
2023-03-27,ARB,,0.0,0.0,0.0
2023-03-27,ATOM,,0.05,0.0,0.020999999999999998
2023-03-27,AVAX,,0.05,0.05,0.029999999999999995
2023-03-27,BCH,,-0.10555555555555557,0.0,-0.044333333333333336
2023-03-27,BNB,,-0.10555555555555557,0.0,-0.044333333333333336
2023-03-27,BTC,,-0.10555555555555557,-0.05,-0.05333333333333334
2023-03-27,CAKE,,0.05,-0.10555555555555557,0.001999999999999996
2023-03-27,CHZ,,0.05,0.0,0.020999999999999998
2023-03-27,DASH,,-0.10555555555555557,0.05,-0.035333333333333335
2023-03-27,DEXE,,0.05,0.0,0.020999999999999998
2023-03-27,DOGE,,0.0,0.0,0.0
2023-03-27,DOT,,0.0,0.0,0.0
2023-03-27,ETC,,0.0,-0.10555555555555557,-0.019
2023-03-27,ETH,,0.0,0.0,0.0
2023-03-27,FET,,-0.10555555555555557,0.0,-0.044333333333333336
2023-03-27,FIL,,0.0,0.05,0.009
2023-03-27,HBAR,,-0.10555555555555557,0.05,-0.035333333333333335
2023-03-27,ICP,,0.05,0.05,0.029999999999999995
2023-03-27,JST,,-0.10555555555555557,-0.10555555555555557,-0.06333333333333334
2023-03-27,LINK,,0.0,-0.10555555555555557,-0.019
2023-03-27,LTC,,-0.10555555555555557,0.05,-0.035333333333333335
2023-03-27,LUNC,,0.0,0.0,0.0
2023-03-27,NEAR,,0.0,0.05,0.009
2023-03-27,NEXO,,-0.10555555555555557,0.05,-0.035333333333333335
2023-03-27,QNT,,0.05,-0.10555555555555557,0.001999999999999996
2023-03-27,SHIB,,0.05,0.0,0.020999999999999998
2023-03-27,SOL,,0.0,0.0,0.0
2023-03-27,STX,,-0.05,0.0,-0.020999999999999998
2023-03-27,TRX,,0.05,-0.10555555555555557,0.001999999999999996
2023-03-27,UNI,,0.0,0.0,0.0
2023-03-27,VET,,0.0,0.0,0.0
2023-03-27,XLM,,0.0,-0.10555555555555557,-0.019
2023-03-27,XRP,,0.0,-0.10555555555555557,-0.019
2023-03-27,ZEC,,0.0,0.05,0.009
2023-04-03,AAVE,,0.0,-0.10555555555555557,-0.019
2023-04-03,ADA,,0.05,0.0,0.020999999999999998
2023-04-03,ALGO,,0.0,0.0,0.0
2023-04-03,APT,,-0.10555555555555557,0.05,-0.035333333333333335
2023-04-03,ARB,,0.0,0.0,0.0
2023-04-03,ATOM,,0.0,0.0,0.0
2023-04-03,AVAX,,0.0,0.05,0.009
2023-04-03,BCH,,-0.10555555555555557,0.0,-0.044333333333333336
2023-04-03,BNB,,-0.10555555555555557,0.0,-0.044333333333333336
2023-04-03,BTC,,-0.10555555555555557,-0.05,-0.05333333333333334
2023-04-03,CAKE,,0.05,-0.10555555555555557,0.001999999999999996
2023-04-03,CHZ,,0.0,0.0,0.0
2023-04-03,DASH,,0.0,0.05,0.009
2023-04-03,DEXE,,0.05,0.0,0.020999999999999998
2023-04-03,DOGE,,0.05,0.0,0.020999999999999998
2023-04-03,DOT,,0.0,0.0,0.0
2023-04-03,ETC,,0.0,-0.10555555555555557,-0.019
2023-04-03,ETH,,0.0,0.0,0.0
2023-04-03,FET,,-0.10555555555555557,0.0,-0.044333333333333336
2023-04-03,FIL,,0.0,0.05,0.009
2023-04-03,HBAR,,-0.10555555555555557,0.05,-0.035333333333333335
2023-04-03,ICP,,0.05,0.05,0.029999999999999995
2023-04-03,JST,,-0.10555555555555557,-0.10555555555555557,-0.06333333333333334
2023-04-03,LINK,,0.05,-0.10555555555555557,0.001999999999999996
2023-04-03,LTC,,0.0,0.05,0.009
2023-04-03,LUNC,,0.05,0.0,0.020999999999999998
2023-04-03,NEAR,,0.0,0.05,0.009
2023-04-03,NEXO,,-0.10555555555555557,0.05,-0.035333333333333335
2023-04-03,QNT,,0.05,-0.10555555555555557,0.001999999999999996
2023-04-03,SHIB,,0.05,0.0,0.020999999999999998
2023-04-03,SOL,,0.0,0.0,0.0
2023-04-03,STX,,-0.05,0.0,-0.020999999999999998
2023-04-03,TRX,,0.05,-0.10555555555555557,0.001999999999999996
2023-04-03,UNI,,0.0,0.0,0.0
2023-04-03,VET,,0.0,0.0,0.0
2023-04-03,XLM,,0.0,-0.10555555555555557,-0.019
2023-04-03,XRP,,-0.10555555555555557,-0.10555555555555557,-0.06333333333333334
2023-04-03,ZEC,,0.0,0.05,0.009
2023-04-10,AAVE,,0.0,-0.10555555555555557,-0.019
2023-04-10,ADA,,0.0,0.0,0.0
2023-04-10,ALGO,,0.0,0.0,0.0
2023-04-10,APT,,-0.05,0.05,-0.011999999999999999
2023-04-10,ARB,,0.0,0.0,0.0
2023-04-10,ATOM,,-0.05,0.0,-0.020999999999999998
2023-04-10,AVAX,,0.0,0.05,0.009
2023-04-10,BCH,,0.0,0.0,0.0
2023-04-10,BNB,,0.0,0.0,0.0
2023-04-10,BTC,,0.05,-0.05,0.011999999999999999
2023-04-10,CAKE,,0.05,-0.10555555555555557,0.001999999999999996
2023-04-10,CHZ,,0.0,0.0,0.0
2023-04-10,DASH,,0.0,0.05,0.009
2023-04-10,DEXE,,0.0,0.0,0.0
2023-04-10,DOGE,,0.05,0.0,0.020999999999999998
2023-04-10,DOT,,0.0,0.0,0.0
2023-04-10,ETC,,0.0,-0.10555555555555557,-0.019
2023-04-10,ETH,,0.0,0.0,0.0
2023-04-10,FET,,-0.05,0.0,-0.020999999999999998
2023-04-10,FIL,,0.0,0.05,0.009
2023-04-10,HBAR,,-0.05,0.05,-0.011999999999999999
2023-04-10,ICP,,-0.05,0.05,-0.011999999999999999
2023-04-10,JST,,0.05,-0.10555555555555557,0.001999999999999996
2023-04-10,LINK,,0.0,-0.10555555555555557,-0.019
2023-04-10,LTC,,0.0,0.05,0.009
2023-04-10,LUNC,,0.05,0.0,0.020999999999999998
2023-04-10,NEAR,,-0.05,0.05,-0.011999999999999999
2023-04-10,NEXO,,-0.05,0.05,-0.011999999999999999
2023-04-10,QNT,,0.05,-0.10555555555555557,0.001999999999999996
2023-04-10,SHIB,,0.05,0.0,0.020999999999999998
2023-04-10,SOL,,-0.05,0.0,-0.020999999999999998
2023-04-10,STX,,0.05,0.0,0.020999999999999998
2023-04-10,TRX,,0.05,-0.10555555555555557,0.001999999999999996
2023-04-10,UNI,,0.0,0.0,0.0
2023-04-10,VET,,0.0,0.0,0.0
2023-04-10,XLM,,-0.05,-0.10555555555555557,-0.04
2023-04-10,XRP,,-0.05,-0.10555555555555557,-0.04
2023-04-10,ZEC,,0.05,0.05,0.029999999999999995
2023-04-17,AAVE,,0.0,-0.10555555555555557,-0.026922168172341908
2023-04-17,ADA,,0.0,0.0,0.0
2023-04-17,ALGO,,0.0,0.0,0.0
2023-04-17,APT,,-0.10555555555555557,0.05,-0.04132592077831828
2023-04-17,ARB,,-0.05,0.0,-0.02189020152883947
2023-04-17,ATOM,,0.0,0.0,-0.007865879082696314
2023-04-17,AVAX,,0.0,0.05,0.012752605976372481
2023-04-17,BCH,,0.05,0.0,0.02189020152883947
2023-04-17,BNB,,0.0,0.0,0.0
2023-04-17,BTC,,0.05,-0.05,0.017003474635163305
2023-04-17,CAKE,,0.05,-0.10555555555555557,0.0028339124391938792
2023-04-17,CHZ,,0.0,0.0,0.0
2023-04-17,DASH,,0.05,0.05,0.03464280750521195
2023-04-17,DEXE,,0.05,0.0,0.02189020152883947
2023-04-17,DOGE,,-0.10555555555555557,0.0,-0.03834676858929813
2023-04-17,DOT,,0.0,0.0,0.0
2023-04-17,ETC,,0.0,-0.10555555555555557,-0.026922168172341908
2023-04-17,ETH,,0.0,0.0,0.0
2023-04-17,FET,,-0.10555555555555557,0.0,-0.05407852675469076
2023-04-17,FIL,,-0.10555555555555557,0.05,-0.03346004169562196
2023-04-17,HBAR,,-0.10555555555555557,0.05,-0.04132592077831828
2023-04-17,ICP,,-0.10555555555555557,0.05,-0.04132592077831828
2023-04-17,JST,,0.05,-0.10555555555555557,0.0028339124391938792
2023-04-17,LINK,,0.0,-0.10555555555555557,-0.026922168172341908
2023-04-17,LTC,,0.0,0.05,0.012752605976372481
2023-04-17,LUNC,,0.0,0.0,0.007865879082696314
2023-04-17,NEAR,,0.0,0.05,0.0048867268936761635
2023-04-17,NEXO,,0.05,0.05,0.02677692842251564
2023-04-17,QNT,,0.05,-0.10555555555555557,0.0028339124391938792
2023-04-17,SHIB,,0.0,0.0,0.007865879082696314
2023-04-17,SOL,,-0.10555555555555557,0.0,-0.05407852675469076
2023-04-17,STX,,-0.10555555555555557,0.0,-0.03834676858929813
2023-04-17,TRX,,0.05,-0.10555555555555557,0.0028339124391938792
2023-04-17,UNI,,0.0,0.0,0.0
2023-04-17,VET,,0.0,0.0,0.0
2023-04-17,XLM,,0.0,-0.10555555555555557,-0.03478804725503822
2023-04-17,XRP,,-0.10555555555555557,-0.10555555555555557,-0.08100069492703267
2023-04-17,ZEC,,0.05,0.05,0.04250868658790827
2023-04-24,AAVE,,0.0,0.0,-0.009166397670420531
2023-04-24,ADA,,-0.05,0.0,-0.018466624637036112
2023-04-24,ALGO,,0.0,0.10555555555555557,0.016707898481127914
2023-04-24,APT,,-0.05,0.10555555555555557,-0.015829280263044518
2023-04-24,ARB,,-0.05,0.05,-0.018005482219211798
2023-04-24,ATOM,,-0.05,0.0,-0.02114478098900147
2023-04-24,AVAX,,-0.05,0.10555555555555557,0.0025832516879752097
2023-04-24,BCH,,0.0,-0.05,-0.00046114241782431106
2023-04-24,BNB,,0.0,-0.05,-0.007914267701586906
2023-04-24,BTC,,0.05,-0.05,0.01634166072729375
2023-04-24,CAKE,,0.05,0.10555555555555557,0.03613940708347145
2023-04-24,CHZ,,0.0,0.0,0.0
2023-04-24,DASH,,0.0,0.0,0.011795103127646003
2023-04-24,DEXE,,0.05,-0.05,0.018005482219211798
2023-04-24,DOGE,,0.0,0.0,-0.013056219247089006
2023-04-24,DOT,,0.0,0.0,0.0
2023-04-24,ETC,,0.0,-0.05,-0.017080665372007434
2023-04-24,ETH,,0.0,0.0,0.0
2023-04-24,FET,,-0.05,0.10555555555555557,-0.020171258106927922
2023-04-24,FIL,,-0.05,0.10555555555555557,-0.013151123911079154
2023-04-24,HBAR,,0.0,0.0,-0.014070554107136316
2023-04-24,ICP,,-0.05,0.0,-0.03253717874417243
2023-04-24,JST,,0.05,-0.05,0.011517240900756627
2023-04-24,LINK,,0.0,0.0,-0.009166397670420531
2023-04-24,LTC,,0.0,0.0,0.004341977843883408
2023-04-24,LUNC,,0.0,0.0,0.002678156351965358
2023-04-24,NEAR,,-0.05,0.10555555555555557,-9.490466399014828e-05
2023-04-24,NEXO,,0.05,0.0,0.027583571412716754
2023-04-24,QNT,,0.05,-0.05,0.011517240900756627
2023-04-24,SHIB,,0.05,0.0,0.02114478098900147
2023-04-24,SOL,,-0.05,0.10555555555555557,-0.020171258106927922
2023-04-24,STX,,0.0,0.10555555555555557,0.0036516792340389043
2023-04-24,TRX,,0.05,-0.05,0.011517240900756627
2023-04-24,UNI,,0.0,0.0,0.0
2023-04-24,VET,,0.0,0.0,0.0
2023-04-24,XLM,,0.05,-0.05,-0.001292197086936682
2023-04-24,XRP,,0.05,-0.05,-0.017026572685991045
2023-04-24,ZEC,,0.0,0.0,0.01447325947961136
2023-05-01,AAVE,,0.0,0.0,0.0
2023-05-01,ADA,,-0.05,0.0,-0.027999999999999997
2023-05-01,ALGO,,0.0,0.10555555555555557,0.025333333333333336
2023-05-01,APT,,-0.05,0.10555555555555557,-0.002666666666666662
2023-05-01,ARB,,-0.05,0.05,-0.015999999999999997
2023-05-01,ATOM,,-0.05,0.0,-0.027999999999999997
2023-05-01,AVAX,,-0.05,0.10555555555555557,-0.002666666666666662
2023-05-01,BCH,,0.05,-0.05,0.015999999999999997
2023-05-01,BNB,,0.0,-0.05,-0.012
2023-05-01,BTC,,0.05,-0.05,0.015999999999999997
2023-05-01,CAKE,,0.0,0.10555555555555557,0.025333333333333336
2023-05-01,CHZ,,0.0,0.0,0.0
2023-05-01,DASH,,0.0,0.0,0.0
2023-05-01,DEXE,,0.05,-0.05,0.015999999999999997
2023-05-01,DOGE,,0.0,0.0,0.0
2023-05-01,DOT,,0.0,0.0,0.0
2023-05-01,ETC,,0.0,-0.05,-0.012
2023-05-01,ETH,,0.0,0.0,0.0
2023-05-01,FET,,-0.05,0.10555555555555557,-0.002666666666666662
2023-05-01,FIL,,-0.05,0.10555555555555557,-0.002666666666666662
2023-05-01,HBAR,,0.0,0.0,0.0
2023-05-01,ICP,,-0.05,0.0,-0.027999999999999997
2023-05-01,JST,,0.05,-0.05,0.015999999999999997
2023-05-01,LINK,,0.0,0.0,0.0
2023-05-01,LTC,,0.0,0.0,0.0
2023-05-01,LUNC,,0.0,0.0,0.0
2023-05-01,NEAR,,-0.05,0.10555555555555557,-0.002666666666666662
2023-05-01,NEXO,,0.05,0.0,0.027999999999999997
2023-05-01,QNT,,0.05,-0.05,0.015999999999999997
2023-05-01,SHIB,,0.05,0.0,0.027999999999999997
2023-05-01,SOL,,-0.05,0.10555555555555557,-0.002666666666666662
2023-05-01,STX,,0.0,0.10555555555555557,0.025333333333333336
2023-05-01,TRX,,0.05,-0.05,0.015999999999999997
2023-05-01,UNI,,0.0,0.0,0.0
2023-05-01,VET,,0.0,0.0,0.0
2023-05-01,XLM,,0.05,-0.05,0.015999999999999997
2023-05-01,XRP,,0.05,-0.05,0.015999999999999997
2023-05-01,ZEC,,0.0,0.0,0.0
2023-05-08,AAVE,,0.0,0.0,0.0
2023-05-08,ADA,,0.0,0.0,0.0
2023-05-08,ALGO,,0.0,0.10555555555555557,0.025333333333333336
2023-05-08,APT,,-0.05,0.10555555555555557,-0.002666666666666662
2023-05-08,ARB,,-0.05,0.05,-0.015999999999999997
2023-05-08,ATOM,,-0.05,0.0,-0.027999999999999997
2023-05-08,AVAX,,0.0,0.10555555555555557,0.025333333333333336
2023-05-08,BCH,,0.05,-0.05,0.015999999999999997
2023-05-08,BNB,,0.05,-0.05,0.015999999999999997
2023-05-08,BTC,,0.0,-0.05,-0.012
2023-05-08,CAKE,,0.05,0.10555555555555557,0.05333333333333334
2023-05-08,CHZ,,-0.05,0.0,-0.027999999999999997
2023-05-08,DASH,,0.0,0.0,0.0
2023-05-08,DEXE,,0.05,-0.05,0.015999999999999997
2023-05-08,DOGE,,0.0,0.0,0.0
2023-05-08,DOT,,0.0,0.0,0.0
2023-05-08,ETC,,0.05,-0.05,0.015999999999999997
2023-05-08,ETH,,0.0,0.0,0.0
2023-05-08,FET,,0.0,0.10555555555555557,0.025333333333333336
2023-05-08,FIL,,-0.05,0.10555555555555557,-0.002666666666666662
2023-05-08,HBAR,,-0.05,0.0,-0.027999999999999997
2023-05-08,ICP,,-0.05,0.0,-0.027999999999999997
2023-05-08,JST,,0.05,-0.05,0.015999999999999997
2023-05-08,LINK,,0.05,0.0,0.027999999999999997
2023-05-08,LTC,,0.0,0.0,0.0
2023-05-08,LUNC,,0.0,0.0,0.0
2023-05-08,NEAR,,-0.05,0.10555555555555557,-0.002666666666666662
2023-05-08,NEXO,,0.0,0.0,0.0
2023-05-08,PEPE,,0.0,0.0,0.0
2023-05-08,QNT,,0.0,-0.05,-0.012
2023-05-08,SHIB,,0.05,0.0,0.027999999999999997
2023-05-08,SOL,,-0.05,0.10555555555555557,-0.002666666666666662
2023-05-08,STX,,-0.05,0.10555555555555557,-0.002666666666666662
2023-05-08,SUI,,0.0,0.0,0.0
2023-05-08,TRX,,0.05,-0.05,0.015999999999999997
2023-05-08,UNI,,0.0,0.0,0.0
2023-05-08,VET,,0.0,0.0,0.0
2023-05-08,XLM,,0.05,-0.05,0.015999999999999997
2023-05-08,XRP,,0.0,-0.05,-0.012
2023-05-08,ZEC,,0.0,0.0,0.0
2023-05-15,AAVE,,0.0,0.0,0.0
2023-05-15,ADA,,0.0,0.0,0.0
2023-05-15,ALGO,,0.05,0.10555555555555557,0.05333333333333334
2023-05-15,APT,,0.0,0.10555555555555557,0.025333333333333336
2023-05-15,ARB,,0.0,0.05,0.012
2023-05-15,ATOM,,0.0,0.0,0.0
2023-05-15,AVAX,,0.0,0.10555555555555557,0.025333333333333336
2023-05-15,BCH,,0.05,-0.05,0.015999999999999997
2023-05-15,BNB,,0.0,-0.05,-0.012
2023-05-15,BTC,,0.0,-0.05,-0.012
2023-05-15,CAKE,,-0.05,0.10555555555555557,-0.002666666666666662
2023-05-15,CHZ,,-0.05,0.0,-0.027999999999999997
2023-05-15,DASH,,-0.05,0.0,-0.027999999999999997
2023-05-15,DEXE,,0.05,-0.05,0.015999999999999997
2023-05-15,DOGE,,0.0,0.0,0.0
2023-05-15,DOT,,0.05,0.0,0.027999999999999997
2023-05-15,ETC,,0.05,-0.05,0.015999999999999997
2023-05-15,ETH,,0.05,0.0,0.027999999999999997
2023-05-15,FET,,-0.05,0.10555555555555557,-0.002666666666666662
2023-05-15,FIL,,-0.05,0.10555555555555557,-0.002666666666666662
2023-05-15,HBAR,,-0.05,0.0,-0.027999999999999997
2023-05-15,ICP,,-0.05,0.0,-0.027999999999999997
2023-05-15,JST,,0.0,-0.05,-0.012
2023-05-15,LINK,,0.05,0.0,0.027999999999999997
2023-05-15,LTC,,-0.05,0.0,-0.027999999999999997
2023-05-15,LUNC,,0.0,0.0,0.0
2023-05-15,NEAR,,0.0,0.10555555555555557,0.025333333333333336
2023-05-15,NEXO,,0.0,0.0,0.0
2023-05-15,PEPE,,0.0,0.0,0.0
2023-05-15,QNT,,0.0,-0.05,-0.012
2023-05-15,SHIB,,0.05,0.0,0.027999999999999997
2023-05-15,SOL,,0.0,0.10555555555555557,0.025333333333333336
2023-05-15,STX,,-0.05,0.10555555555555557,-0.002666666666666662
2023-05-15,SUI,,0.0,0.0,0.0
2023-05-15,TRX,,0.0,-0.05,-0.012
2023-05-15,UNI,,0.05,0.0,0.027999999999999997
2023-05-15,VET,,0.0,0.0,0.0
2023-05-15,XLM,,0.05,-0.05,0.015999999999999997
2023-05-15,XRP,,-0.05,-0.05,-0.04
2023-05-15,ZEC,,0.0,0.0,0.0
2023-05-22,AAVE,,-0.05,0.0,-0.020999999999999998
2023-05-22,ADA,,0.0,0.0,0.0
2023-05-22,ALGO,,0.05,0.05,0.029999999999999995
2023-05-22,APT,,0.0,0.05,0.009
2023-05-22,ARB,,-0.05,0.05,-0.011999999999999999
2023-05-22,ATOM,,0.0,0.0,0.0
2023-05-22,AVAX,,0.0,0.05,0.009
2023-05-22,BCH,,0.05,-0.05,0.011999999999999999
2023-05-22,BNB,,0.05,-0.05,0.011999999999999999
2023-05-22,BTC,,0.0,-0.05,-0.009
2023-05-22,CAKE,,-0.05,0.05,-0.011999999999999999
2023-05-22,CHZ,,0.0,0.0,0.0
2023-05-22,DASH,,-0.05,0.05,-0.011999999999999999
2023-05-22,DEXE,,0.0,-0.05,-0.009
2023-05-22,DOGE,,0.05,0.0,0.020999999999999998
2023-05-22,DOT,,0.0,0.0,0.0
2023-05-22,ETC,,0.05,0.0,0.020999999999999998
2023-05-22,ETH,,0.0,0.0,0.0
2023-05-22,FET,,-0.05,0.05,-0.011999999999999999
2023-05-22,FIL,,-0.05,0.0,-0.020999999999999998
2023-05-22,HBAR,,0.0,0.0,0.0
2023-05-22,ICP,,0.0,0.0,0.0
2023-05-22,JST,,0.05,-0.05,0.011999999999999999
2023-05-22,LINK,,0.05,0.0,0.020999999999999998
2023-05-22,LTC,,-0.05,0.0,-0.020999999999999998
2023-05-22,LUNC,,0.0,0.0,0.0
2023-05-22,NEAR,,0.0,0.05,0.009
2023-05-22,NEXO,,0.05,-0.05,0.011999999999999999
2023-05-22,PEPE,,0.0,0.0,0.0
2023-05-22,QNT,,0.0,-0.05,-0.009
2023-05-22,SHIB,,0.0,-0.05,-0.009
2023-05-22,SOL,,0.0,0.05,0.009
2023-05-22,STX,,-0.05,0.05,-0.011999999999999999
2023-05-22,SUI,,0.0,0.0,0.0
2023-05-22,TRX,,0.0,-0.05,-0.009
2023-05-22,UNI,,0.05,0.0,0.020999999999999998
2023-05-22,VET,,-0.05,0.0,-0.020999999999999998
2023-05-22,XLM,,0.05,0.0,0.020999999999999998
2023-05-22,XRP,,-0.05,-0.05,-0.029999999999999995
2023-05-22,ZEC,,0.0,0.0,0.0
2023-05-29,AAVE,,-0.05,0.0,-0.027999999999999997
2023-05-29,ADA,,0.0,0.0,0.0
2023-05-29,ALGO,,0.05,0.05,0.04
2023-05-29,APT,,-0.05,0.05,-0.015999999999999997
2023-05-29,ARB,,-0.05,0.05,-0.015999999999999997
2023-05-29,ATOM,,0.0,0.0,0.0
2023-05-29,AVAX,,0.0,0.05,0.012
2023-05-29,BCH,,0.05,-0.05,0.015999999999999997
2023-05-29,BNB,,0.05,-0.05,0.015999999999999997
2023-05-29,BTC,,0.0,-0.05,-0.012
2023-05-29,CAKE,,0.0,0.05,0.012
2023-05-29,CHZ,,0.0,0.0,0.0
2023-05-29,DASH,,-0.05,0.05,-0.015999999999999997
2023-05-29,DEXE,,0.0,-0.05,-0.012
2023-05-29,DOGE,,0.0,0.0,0.0
2023-05-29,DOT,,0.0,0.0,0.0
2023-05-29,ETC,,0.05,0.0,0.027999999999999997
2023-05-29,ETH,,0.0,0.0,0.0
2023-05-29,FET,,-0.05,0.05,-0.015999999999999997
2023-05-29,FIL,,-0.05,0.0,-0.027999999999999997
2023-05-29,HBAR,,0.0,0.0,0.0
2023-05-29,ICP,,0.05,0.0,0.027999999999999997
2023-05-29,JST,,0.0,-0.05,-0.012
2023-05-29,LINK,,0.05,0.0,0.027999999999999997
2023-05-29,LTC,,0.0,0.0,0.0
2023-05-29,LUNC,,-0.05,0.0,-0.027999999999999997
2023-05-29,NEAR,,0.0,0.05,0.012
2023-05-29,NEXO,,0.05,-0.05,0.015999999999999997
2023-05-29,PEPE,,-0.05,0.0,-0.027999999999999997
2023-05-29,QNT,,0.0,-0.05,-0.012
2023-05-29,SHIB,,0.0,-0.05,-0.012
2023-05-29,SOL,,0.0,0.05,0.012
2023-05-29,STX,,-0.05,0.05,-0.015999999999999997
2023-05-29,SUI,,0.05,0.0,0.027999999999999997
2023-05-29,TRX,,0.0,-0.05,-0.012
2023-05-29,UNI,,0.05,0.0,0.027999999999999997
2023-05-29,VET,,0.0,0.0,0.0
2023-05-29,XLM,,0.05,0.0,0.027999999999999997
2023-05-29,XRP,,-0.05,-0.05,-0.04
2023-05-29,ZEC,,0.0,0.0,0.0
2023-06-05,AAVE,,0.0,0.0,-0.002999999999999999
2023-06-05,ADA,,-0.05,0.0,-0.024999999999999998
2023-06-05,ALGO,,0.0,0.05,0.015
2023-06-05,APT,,-0.05,0.05,-0.015999999999999997
2023-06-05,ARB,,0.0,0.05,0.009000000000000001
2023-06-05,ATOM,,0.0,0.0,0.0
2023-06-05,AVAX,,0.0,0.05,0.012
2023-06-05,BCH,,0.05,-0.05,0.015999999999999997
2023-06-05,BNB,,0.0,-0.05,-0.009000000000000001
2023-06-05,BTC,,0.05,-0.05,0.012999999999999998
2023-06-05,CAKE,,0.0,0.05,0.012
2023-06-05,CHZ,,-0.05,0.0,-0.024999999999999998
2023-06-05,DASH,,-0.05,0.05,-0.015999999999999997
2023-06-05,DEXE,,0.0,-0.05,-0.012
2023-06-05,DOGE,,0.0,0.0,0.0
2023-06-05,DOT,,0.05,0.0,0.024999999999999998
2023-06-05,ETC,,0.0,0.0,0.002999999999999999
2023-06-05,ETH,,0.05,0.0,0.024999999999999998
2023-06-05,FET,,-0.05,0.05,-0.015999999999999997
2023-06-05,FIL,,-0.05,0.0,-0.027999999999999997
2023-06-05,HBAR,,0.05,0.0,0.024999999999999998
2023-06-05,ICP,,0.0,0.0,0.002999999999999999
2023-06-05,JST,,0.0,-0.05,-0.012
2023-06-05,LINK,,0.0,0.0,0.002999999999999999
2023-06-05,LTC,,0.0,0.0,0.0
2023-06-05,LUNC,,-0.05,0.0,-0.027999999999999997
2023-06-05,NEAR,,-0.05,0.05,-0.012999999999999998
2023-06-05,NEXO,,0.05,-0.05,0.015999999999999997
2023-06-05,PEPE,,0.05,0.0,0.022
2023-06-05,QNT,,0.0,-0.05,-0.012
2023-06-05,SHIB,,0.0,-0.05,-0.012
2023-06-05,SOL,,-0.05,0.05,-0.012999999999999998
2023-06-05,STX,,0.05,0.05,0.034
2023-06-05,SUI,,-0.05,0.0,-0.022
2023-06-05,TRX,,0.0,-0.05,-0.012
2023-06-05,UNI,,0.0,0.0,0.002999999999999999
2023-06-05,VET,,0.0,0.0,0.0
2023-06-05,XLM,,0.05,0.0,0.027999999999999997
2023-06-05,XRP,,0.05,-0.05,0.009999999999999995
2023-06-05,ZEC,,0.0,0.0,0.0
2023-06-12,AAVE,,0.0,0.0,0.0
2023-06-12,ADA,,-0.05,0.0,-0.027999999999999997
2023-06-12,ALGO,,0.0,0.05,0.012
2023-06-12,APT,,-0.05,0.05,-0.015999999999999997
2023-06-12,ARB,,0.0,0.05,0.012
2023-06-12,ATOM,,0.0,0.0,0.0
2023-06-12,AVAX,,0.0,0.05,0.012
2023-06-12,BCH,,0.05,-0.05,0.015999999999999997
2023-06-12,BNB,,0.0,-0.05,-0.012
2023-06-12,BTC,,0.05,-0.05,0.015999999999999997
2023-06-12,CAKE,,0.0,0.05,0.012
2023-06-12,CHZ,,0.0,0.0,0.0
2023-06-12,DASH,,-0.05,0.05,-0.015999999999999997
2023-06-12,DEXE,,0.0,-0.05,-0.012
2023-06-12,DOGE,,0.05,0.0,0.027999999999999997
2023-06-12,DOT,,0.05,0.0,0.027999999999999997
2023-06-12,ETC,,0.0,0.0,0.0
2023-06-12,ETH,,0.05,0.0,0.027999999999999997
2023-06-12,FET,,-0.05,0.05,-0.015999999999999997
2023-06-12,FIL,,-0.05,0.0,-0.027999999999999997
2023-06-12,HBAR,,0.05,0.0,0.027999999999999997
2023-06-12,ICP,,-0.05,0.0,-0.027999999999999997
2023-06-12,JST,,0.0,-0.05,-0.012
2023-06-12,LINK,,0.0,0.0,0.0
2023-06-12,LTC,,0.0,0.0,0.0
2023-06-12,LUNC,,-0.05,0.0,-0.027999999999999997
2023-06-12,NEAR,,0.0,0.05,0.012
2023-06-12,NEXO,,0.05,-0.05,0.015999999999999997
2023-06-12,PEPE,,0.0,0.0,0.0
2023-06-12,QNT,,0.0,-0.05,-0.012
2023-06-12,SHIB,,-0.05,-0.05,-0.04
2023-06-12,SOL,,-0.05,0.05,-0.015999999999999997
2023-06-12,STX,,0.05,0.05,0.04
2023-06-12,SUI,,-0.05,0.0,-0.027999999999999997
2023-06-12,TRX,,0.05,-0.05,0.015999999999999997
2023-06-12,UNI,,0.0,0.0,0.0
2023-06-12,VET,,0.0,0.0,0.0
2023-06-12,XLM,,0.05,0.0,0.027999999999999997
2023-06-12,XRP,,0.0,-0.05,-0.012
2023-06-12,ZEC,,0.0,0.0,0.0
2023-06-19,AAVE,,-0.05,-0.05,-0.023968042609853527
2023-06-19,ADA,,0.0,0.10555555555555557,0.00954993342210387
2023-06-19,ALGO,,0.0,0.0,0.0024127829560585887
2023-06-19,APT,,0.0,0.10555555555555557,0.011962716378162451
2023-06-19,ARB,,0.0,0.0,0.0024127829560585887
2023-06-19,ATOM,,0.0,0.0,0.0
2023-06-19,AVAX,,0.0,0.10555555555555557,0.01759254327563249
2023-06-19,BCH,,-0.05,-0.05,-0.020750998668442076
2023-06-19,BNB,,0.05,0.10555555555555557,0.029544607190412787
2023-06-19,BTC,,0.05,-0.1125,0.0038162450066577865
2023-06-19,CAKE,,0.0,0.0,0.0024127829560585887
2023-06-19,CHZ,,-0.05,0.10555555555555557,-0.0015978695073235656
2023-06-19,DASH,,-0.05,0.10555555555555557,-0.004814913448735015
2023-06-19,DEXE,,0.0,0.0,-0.0024127829560585887
2023-06-19,DOGE,,0.05,0.0,0.022407456724367506
2023-06-19,DOT,,0.0,0.0,0.005629826897470037
2023-06-19,ETC,,0.0,0.0,0.0
2023-06-19,ETH,,0.05,-0.1125,0.0062290279627163735
2023-06-19,FET,,-0.05,0.10555555555555557,-0.004814913448735015
2023-06-19,FIL,,0.0,0.0,-0.005629826897470037
2023-06-19,HBAR,,0.05,-0.1125,0.0062290279627163735
2023-06-19,ICP,,0.0,0.0,-0.005629826897470037
2023-06-19,JST,,0.0,-0.1125,-0.01859121171770972
2023-06-19,LINK,,0.0,0.0,0.0
2023-06-19,LTC,,0.0,0.0,0.0
2023-06-19,LUNC,,-0.05,0.0,-0.022407456724367506
2023-06-19,NEAR,,0.0,0.0,0.0024127829560585887
2023-06-19,NEXO,,0.05,-0.1125,0.0038162450066577865
2023-06-19,PEPE,,-0.05,0.05,-0.009587217043941412
2023-06-19,QNT,,0.05,-0.1125,-0.001813581890812252
2023-06-19,SHIB,,0.0,0.0,-0.008042609853528629
2023-06-19,SOL,,0.0,0.10555555555555557,0.011962716378162451
2023-06-19,STX,,-0.05,0.0,-0.00873501997336884
2023-06-19,SUI,,-0.05,0.10555555555555557,-0.007227696404793604
2023-06-19,TRX,,0.05,0.0,0.01999467376830892
2023-06-19,UNI,,0.0,0.0,0.0
2023-06-19,VET,,-0.05,0.0,-0.01677762982689747
2023-06-19,XLM,,0.05,-0.1125,0.0062290279627163735
2023-06-19,XRP,,0.05,-0.1125,-0.001813581890812252
2023-06-19,ZEC,,0.0,0.0,0.0
2023-06-26,AAVE,,-0.05,-0.05,-0.04
2023-06-26,ADA,,0.0,0.10555555555555557,0.025333333333333336
2023-06-26,ALGO,,0.0,0.0,0.0
2023-06-26,APT,,0.0,0.10555555555555557,0.025333333333333336
2023-06-26,ARB,,0.0,0.0,0.0
2023-06-26,ATOM,,0.0,0.0,0.0
2023-06-26,AVAX,,0.0,0.10555555555555557,0.025333333333333336
2023-06-26,BCH,,-0.05,-0.05,-0.04
2023-06-26,BNB,,0.05,0.10555555555555557,0.05333333333333334
2023-06-26,BTC,,0.05,-0.1125,0.0009999999999999955
2023-06-26,CAKE,,0.0,0.0,0.0
2023-06-26,CHZ,,-0.05,0.10555555555555557,-0.002666666666666662
2023-06-26,DASH,,-0.05,0.10555555555555557,-0.002666666666666662
2023-06-26,DEXE,,0.0,0.0,0.0
2023-06-26,DOGE,,0.05,0.0,0.027999999999999997
2023-06-26,DOT,,0.0,0.0,0.0
2023-06-26,ETC,,0.0,0.0,0.0
2023-06-26,ETH,,0.05,-0.1125,0.0009999999999999955
2023-06-26,FET,,-0.05,0.10555555555555557,-0.002666666666666662
2023-06-26,FIL,,0.0,0.0,0.0
2023-06-26,HBAR,,0.0,-0.1125,-0.027000000000000003
2023-06-26,ICP,,0.0,0.0,0.0
2023-06-26,JST,,0.05,-0.1125,0.0009999999999999955
2023-06-26,LINK,,0.0,0.0,0.0
2023-06-26,LTC,,-0.05,0.0,-0.027999999999999997
2023-06-26,LUNC,,0.05,0.0,0.027999999999999997
2023-06-26,NEAR,,0.0,0.0,0.0
2023-06-26,NEXO,,0.05,-0.1125,0.0009999999999999955
2023-06-26,PEPE,,-0.05,0.05,-0.015999999999999997
2023-06-26,QNT,,0.05,-0.1125,0.0009999999999999955
2023-06-26,SHIB,,0.0,0.0,0.0
2023-06-26,SOL,,0.0,0.10555555555555557,0.025333333333333336
2023-06-26,STX,,-0.05,0.0,-0.027999999999999997
2023-06-26,SUI,,-0.05,0.10555555555555557,-0.002666666666666662
2023-06-26,TRX,,0.05,0.0,0.027999999999999997
2023-06-26,UNI,,0.0,0.0,0.0
2023-06-26,VET,,-0.05,0.0,-0.027999999999999997
2023-06-26,XLM,,0.0,-0.1125,-0.027000000000000003
2023-06-26,XRP,,0.05,-0.1125,0.0009999999999999955
2023-06-26,ZEC,,0.0,0.0,0.0
2023-07-03,AAVE,,-0.1125,-0.05,-0.056249999999999994
2023-07-03,ADA,,0.0,0.10555555555555557,0.019
2023-07-03,ALGO,,-0.1125,0.0,-0.04725
2023-07-03,APT,,0.0,0.10555555555555557,0.019
2023-07-03,ARB,,0.0,0.0,0.0
2023-07-03,ATOM,,0.05,0.0,0.020999999999999998
2023-07-03,AVAX,,0.0,0.10555555555555557,0.019
2023-07-03,BCH,,-0.05,-0.05,-0.029999999999999995
2023-07-03,BNB,,0.05,0.10555555555555557,0.04
2023-07-03,BTC,,0.0,-0.1125,-0.02025
2023-07-03,CAKE,,0.0,0.0,0.0
2023-07-03,CHZ,,0.0,0.10555555555555557,0.019
2023-07-03,DASH,,0.0,0.10555555555555557,0.019
2023-07-03,DEXE,,0.0,0.0,0.0
2023-07-03,DOGE,,0.05,0.0,0.020999999999999998
2023-07-03,DOT,,0.0,0.0,0.0
2023-07-03,ETC,,-0.1125,0.0,-0.04725
2023-07-03,ETH,,0.0,-0.1125,-0.02025
2023-07-03,FET,,-0.1125,0.10555555555555557,-0.028249999999999997
2023-07-03,FIL,,0.05,0.0,0.020999999999999998
2023-07-03,HBAR,,0.0,-0.1125,-0.02025
2023-07-03,ICP,,0.0,0.0,0.0
2023-07-03,JST,,0.0,-0.1125,-0.02025
2023-07-03,LINK,,0.0,0.0,0.0
2023-07-03,LTC,,-0.1125,0.0,-0.04725
2023-07-03,LUNC,,0.05,0.0,0.020999999999999998
2023-07-03,NEAR,,0.0,0.0,0.0
2023-07-03,NEXO,,0.05,-0.1125,0.0007499999999999964
2023-07-03,PEPE,,-0.05,0.05,-0.011999999999999999
2023-07-03,QNT,,0.05,-0.1125,0.0007499999999999964
2023-07-03,SHIB,,0.05,0.0,0.020999999999999998
2023-07-03,SOL,,0.0,0.10555555555555557,0.019
2023-07-03,STX,,-0.1125,0.0,-0.04725
2023-07-03,SUI,,0.0,0.10555555555555557,0.019
2023-07-03,TRX,,0.05,0.0,0.020999999999999998
2023-07-03,UNI,,0.0,0.0,0.0
2023-07-03,VET,,-0.1125,0.0,-0.04725
2023-07-03,XLM,,0.0,-0.1125,-0.02025
2023-07-03,XRP,,0.05,-0.1125,0.0007499999999999964
2023-07-03,ZEC,,-0.1125,0.0,-0.04725
2023-07-10,AAVE,,-0.10555555555555557,-0.05,-0.05333333333333334
2023-07-10,ADA,,0.0,0.10555555555555557,0.019
2023-07-10,ALGO,,-0.10555555555555557,0.0,-0.044333333333333336
2023-07-10,APT,,0.0,0.10555555555555557,0.019
2023-07-10,ARB,,0.0,0.0,0.0
2023-07-10,ATOM,,0.05,0.0,0.020999999999999998
2023-07-10,AVAX,,0.0,0.10555555555555557,0.019
2023-07-10,BCH,,-0.05,-0.05,-0.029999999999999995
2023-07-10,BNB,,0.05,0.10555555555555557,0.04
2023-07-10,BTC,,0.0,-0.1125,-0.02025
2023-07-10,CAKE,,0.0,0.0,0.0
2023-07-10,CHZ,,0.0,0.10555555555555557,0.019
2023-07-10,DASH,,0.0,0.10555555555555557,0.019
2023-07-10,DEXE,,0.0,0.0,0.0
2023-07-10,DOGE,,0.05,0.0,0.020999999999999998
2023-07-10,DOT,,0.0,0.0,0.0
2023-07-10,ETC,,0.0,0.0,0.0
2023-07-10,ETH,,0.0,-0.1125,-0.02025
2023-07-10,FET,,-0.10555555555555557,0.10555555555555557,-0.025333333333333333
2023-07-10,FIL,,0.0,0.0,0.0
2023-07-10,HBAR,,0.0,-0.1125,-0.02025
2023-07-10,ICP,,0.05,0.0,0.020999999999999998
2023-07-10,JST,,0.05,-0.1125,0.0007499999999999964
2023-07-10,LINK,,0.0,0.0,0.0
2023-07-10,LTC,,-0.10555555555555557,0.0,-0.044333333333333336
2023-07-10,LUNC,,0.0,0.0,0.0
2023-07-10,NEAR,,0.0,0.0,0.0
2023-07-10,NEXO,,0.05,-0.1125,0.0007499999999999964
2023-07-10,PEPE,,-0.10555555555555557,0.05,-0.035333333333333335
2023-07-10,QNT,,0.05,-0.1125,0.0007499999999999964
2023-07-10,SHIB,,0.05,0.0,0.020999999999999998
2023-07-10,SOL,,0.0,0.10555555555555557,0.019
2023-07-10,STX,,-0.10555555555555557,0.0,-0.044333333333333336
2023-07-10,SUI,,0.05,0.10555555555555557,0.04
2023-07-10,TRX,,0.05,0.0,0.020999999999999998
2023-07-10,UNI,,0.0,0.0,0.0
2023-07-10,VET,,-0.10555555555555557,0.0,-0.044333333333333336
2023-07-10,XLM,,-0.10555555555555557,-0.1125,-0.06458333333333334
2023-07-10,XRP,,-0.10555555555555557,-0.1125,-0.06458333333333334
2023-07-10,ZEC,,0.0,0.0,0.0
2023-07-17,AAVE,,0.0,0.0,-0.03051615933540454
2023-07-17,ADA,,0.0,0.0,0.010871381763237866
2023-07-17,ALGO,,0.0,0.0,-0.025366557447555022
2023-07-17,APT,,0.0,0.10555555555555557,0.02441907882450809
2023-07-17,ARB,,-0.1125,0.10555555555555557,-0.020143286420046515
2023-07-17,ATOM,,0.05,0.0,0.026989508174456306
2023-07-17,AVAX,,0.0,0.0,0.010871381763237866
2023-07-17,BCH,,-0.05,0.0,-0.03213911006230582
2023-07-17,BNB,,0.0,-0.12142857142857144,0.007302174761896679
2023-07-17,BTC,,0.05,-0.12142857142857144,-0.012197778551177362
2023-07-17,CAKE,,0.05,0.0,0.01497377043614077
2023-07-17,CHZ,,0.0,0.0,0.010871381763237866
2023-07-17,DASH,,0.0,0.0,0.010871381763237866
2023-07-17,DEXE,,0.0,0.0,0.0
2023-07-17,DOGE,,0.0,0.0,0.012015737738315536
2023-07-17,DOT,,0.0,0.0,0.0
2023-07-17,ETC,,-0.1125,0.0,-0.03369098348131674
2023-07-17,ETH,,0.05,-0.12142857142857144,-0.012197778551177362
2023-07-17,FET,,0.0,0.10555555555555557,-0.0009474786230469316
2023-07-17,FIL,,0.0,0.10555555555555557,0.013547697061270224
2023-07-17,HBAR,,0.0,-0.12142857142857144,-0.027171548987318134
2023-07-17,ICP,,0.05,0.10555555555555557,0.04053720523572653
2023-07-17,JST,,0.0,0.0,0.00042913349065412426
2023-07-17,LINK,,-0.1125,0.0,-0.03369098348131674
2023-07-17,LTC,,-0.1125,-0.05,-0.06547487111578923
2023-07-17,LUNC,,-0.1125,0.0,-0.03369098348131674
2023-07-17,NEAR,,0.0,0.10555555555555557,0.013547697061270224
2023-07-17,NEXO,,0.0,-0.12142857142857144,-0.015155811249002595
2023-07-17,PEPE,,0.05,0.10555555555555557,0.00830451193770549
2023-07-17,QNT,,0.0,-0.12142857142857144,-0.015155811249002595
2023-07-17,SHIB,,0.05,0.0,0.026989508174456306
2023-07-17,SOL,,-0.1125,0.05,-0.0164022715311614
2023-07-17,STX,,0.05,0.10555555555555557,0.0031549100498559704
2023-07-17,SUI,,0.05,0.10555555555555557,0.051408586998964396
2023-07-17,TRX,,0.05,-0.12142857142857144,0.011404563434799585
2023-07-17,UNI,,0.0,0.0,0.0
2023-07-17,VET,,-0.1125,0.0,-0.05905754092887176
2023-07-17,XLM,,-0.1125,-0.05,-0.07706147536345065
2023-07-17,XRP,,-0.05,-0.05,-0.05834426231827468
2023-07-17,ZEC,,0.0,0.0,0.0
2023-07-24,AAVE,,0.0,0.0,-0.010126730896021164
2023-07-24,ADA,,0.0,0.0,0.0036076478817075397
2023-07-24,ALGO,,0.0,0.0,-0.008417845057317592
2023-07-24,APT,,0.0,0.10555555555555557,0.02502993966968164
2023-07-24,ARB,,-0.10555555555555557,0.10555555555555557,-0.02925319710016675
2023-07-24,ATOM,,0.05,0.0,0.027664670161227072
2023-07-24,AVAX,,0.0,0.0,0.0036076478817075397
2023-07-24,BCH,,0.0,0.0,-0.010665304085661163
2023-07-24,BNB,,0.05,-0.12142857142857144,0.0016596110369617653
2023-07-24,BTC,,0.05,-0.12142857142857144,-0.004811412315487884
2023-07-24,CAKE,,0.0,0.0,0.004969017956649257
2023-07-24,CHZ,,0.0,0.0,0.0036076478817075397
2023-07-24,DASH,,0.0,0.0,0.0036076478817075397
2023-07-24,DEXE,,0.0,0.0,0.0
2023-07-24,DOGE,,-0.10555555555555557,0.0,-0.035507798195371684
2023-07-24,DOT,,0.0,0.0,0.0
2023-07-24,ETC,,0.05,0.0,0.007527961511808651
2023-07-24,ETH,,0.05,-0.12142857142857144,-0.004811412315487884
2023-07-24,FET,,-0.10555555555555557,0.10555555555555557,-0.02288310387331597
2023-07-24,FIL,,0.0,0.10555555555555557,0.0214222917879741
2023-07-24,HBAR,,0.0,-0.12142857142857144,-0.028488682186406624
2023-07-24,ICP,,0.05,0.10555555555555557,0.049086961949201174
2023-07-24,JST,,0.05,0.0,0.018850659067494776
2023-07-24,LINK,,-0.10555555555555557,0.0,-0.05067548888814085
2023-07-24,LTC,,0.0,-0.05,-0.029745536833029308
2023-07-24,LUNC,,-0.10555555555555557,0.0,-0.05067548888814085
2023-07-24,NEAR,,-0.10555555555555557,0.10555555555555557,-0.01807290669770592
2023-07-24,NEXO,,0.05,-0.12142857142857144,-0.005793029981828809
2023-07-24,PEPE,,0.0,0.10555555555555557,0.019682350526009338
2023-07-24,QNT,,0.0,-0.12142857142857144,-0.024501281896098293
2023-07-24,SHIB,,0.0,0.0,0.00895641824695759
2023-07-24,SOL,,-0.10555555555555557,0.05,-0.03692043963318242
2023-07-24,STX,,0.05,0.10555555555555557,0.03668171660157525
2023-07-24,SUI,,0.0,0.10555555555555557,0.03398635791663923
2023-07-24,TRX,,0.05,-0.12142857142857144,0.0030209811119034837
2023-07-24,UNI,,0.0,0.0,0.0
2023-07-24,VET,,0.0,0.0,-0.019598135459778426
2023-07-24,XLM,,-0.10555555555555557,-0.05,-0.07308572845579236
2023-07-24,XRP,,-0.05,-0.05,-0.04608750943857026
2023-07-24,ZEC,,-0.10555555555555557,0.0,-0.03949519848568002
2023-07-31,AAVE,,0.0,0.0,-0.001090565988860535
2023-07-31,ADA,,-0.10625000000000001,0.0,-0.052703823116913504
2023-07-31,ALGO,,0.0,0.0,-0.0009065329782403202
2023-07-31,APT,,0.0,0.10555555555555557,0.025300660320273977
2023-07-31,ARB,,-0.10625000000000001,0.10555555555555557,-0.03363752623116526
2023-07-31,ATOM,,0.05,0.0,0.02796388772240807
2023-07-31,AVAX,,0.0,0.0,0.00038851413353156554
2023-07-31,BCH,,0.0,0.0,-0.001148565910964152
2023-07-31,BNB,,0.05,-0.12142857142857144,-0.0008410542695354876
2023-07-31,BTC,,0.05,-0.12142857142857144,-0.0015379304928462723
2023-07-31,CAKE,,0.05,0.0,0.025519751836557185
2023-07-31,CHZ,,0.0,0.0,0.00038851413353156554
2023-07-31,DASH,,0.05,0.0,0.025373143427858652
2023-07-31,DEXE,,0.05,0.0,0.024984629294327088
2023-07-31,DOGE,,-0.10625000000000001,0.0,-0.056916236339776105
2023-07-31,DOT,,0.0,0.0,0.0
2023-07-31,ETC,,0.05,0.0,0.02579532910204641
2023-07-31,ETH,,0.05,-0.12142857142857144,-0.0015379304928462723
2023-07-31,FET,,-0.10625000000000001,0.10555555555555557,-0.03295151935585629
2023-07-31,FIL,,0.0,0.10555555555555557,0.02491214618674241
2023-07-31,HBAR,,0.0,-0.12142857142857144,-0.02907240785714051
2023-07-31,ICP,,0.05,0.10555555555555557,0.05287603390915049
2023-07-31,JST,,0.0,0.0,0.0020300616119553992
2023-07-31,LINK,,-0.10625000000000001,0.0,-0.05854967241790767
2023-07-31,LTC,,0.0,-0.05,-0.013911048997241292
2023-07-31,LUNC,,-0.10625000000000001,0.0,-0.05854967241790767
2023-07-31,NEAR,,0.0,0.10555555555555557,0.020658836739297526
2023-07-31,NEXO,,0.05,-0.12142857142857144,-0.001643642676962537
2023-07-31,PEPE,,0.0,0.10555555555555557,0.024724768761352406
2023-07-31,QNT,,0.0,-0.12142857142857144,-0.028642997499026674
2023-07-31,SHIB,,-0.10625000000000001,0.0,-0.05212780435010113
2023-07-31,SOL,,-0.05,0.05,-0.018252960029274883
2023-07-31,STX,,0.05,0.10555555555555557,0.05154009057279633
2023-07-31,SUI,,0.0,0.10555555555555557,0.026265193220617912
2023-07-31,TRX,,0.0,-0.12142857142857144,-0.025679075155164044
2023-07-31,UNI,,-0.10625000000000001,0.0,-0.053092337250445064
2023-07-31,VET,,0.0,0.0,-0.002110558698258047
2023-07-31,WLD,,0.0,0.0,0.0
2023-07-31,XLM,,-0.05,-0.05,-0.04356306201290874
2023-07-31,XRP,,-0.05,-0.05,-0.04065557491541329
2023-07-31,ZEC,,0.0,0.0,-0.0042533094474448765
2023-08-07,AAVE,,0.05,0.0,0.020571979725971863
2023-08-07,ADA,,0.0,0.0,-0.013457457884495448
2023-08-07,ALGO,,0.0,0.0,-0.0002314752261617294
2023-08-07,APT,,-0.095,0.10555555555555557,-0.014290857143878219
2023-08-07,ARB,,0.0,0.10555555555555557,0.01027564278892467
2023-08-07,ATOM,,0.05,0.0,0.02799077904739987
2023-08-07,AVAX,,0.05,0.0,0.02094964983181468
2023-08-07,BCH,,-0.095,0.0,-0.03990912391826096
2023-08-07,BNB,,0.05,-0.12142857142857144,-0.0010657944324701542
2023-08-07,BTC,,0.05,-0.12142857142857144,-0.0012437356494689172
2023-08-07,CAKE,,0.05,0.0,0.0273666904366959
2023-08-07,CHZ,,0.05,0.0,0.02094964983181468
2023-08-07,DASH,,0.0,0.0,0.006478809104990543
2023-08-07,DEXE,,0.05,0.0,0.027230051600095173
2023-08-07,DOGE,,-0.095,0.0,-0.054148908277876315
2023-08-07,DOT,,0.0,0.0,0.0
2023-08-07,ETC,,0.0,0.0,0.006586610505227023
2023-08-07,ETH,,0.05,-0.12142857142857144,-0.0012437356494689172
2023-08-07,FET,,-0.095,0.10555555555555557,-0.029165039097103735
2023-08-07,FIL,,0.0,0.10555555555555557,0.0252257868983401
2023-08-07,HBAR,,-0.095,-0.12142857142857144,-0.06874071624768133
2023-08-07,ICP,,0.0,0.10555555555555557,0.032366119782280316
2023-08-07,JST,,0.0,0.0,0.0005183583852203211
2023-08-07,LINK,,-0.095,0.0,-0.05456599181998878
2023-08-07,LTC,,0.0,-0.05,-0.012487969560358681
2023-08-07,LUNC,,0.05,0.0,0.0059003020540442305
2023-08-07,NEAR,,0.05,0.10555555555555557,0.04499018788758644
2023-08-07,NEXO,,0.0,-0.12142857142857144,-0.022121174489768483
2023-08-07,PEPE,,-0.05,0.10555555555555557,0.004327495556645508
2023-08-07,QNT,,-0.095,-0.12142857142857144,-0.0686310700879205
2023-08-07,SHIB,,-0.095,0.0,-0.05292622426706227
2023-08-07,SOL,,0.0,0.05,0.0042751726269998624
2023-08-07,STX,,0.0,0.10555555555555557,0.032024998396357765
2023-08-07,SUI,,0.0,0.10555555555555557,0.025571275563056675
2023-08-07,TRX,,0.0,-0.12142857142857144,-0.028258410864319624
2023-08-07,UNI,,-0.095,0.0,-0.05317250926342382
2023-08-07,VET,,0.0,0.0,-0.0005389126085133718
2023-08-07,WLD,,0.0,0.0,0.0
2023-08-07,XLM,,-0.095,-0.05,-0.0596751981072645
2023-08-07,XRP,,0.0,-0.05,-0.01931694912767008
2023-08-07,ZEC,,0.0,0.0,-0.0010860451742133142
2023-08-14,AAVE,,0.0,0.0,0.007600789822429694
2023-08-14,ADA,,0.05,-0.05,0.005116266442725802
2023-08-14,ALGO,,-0.05,0.095,-0.0033642645464110462
2023-08-14,APT,,-0.05,0.095,-0.00855882571229238
2023-08-14,ARB,,0.05,0.095,0.03582734661644747
2023-08-14,ATOM,,0.05,-0.05,0.020430268382552304
2023-08-14,AVAX,,0.05,0.0,0.025395086398259763
2023-08-14,BCH,,-0.05,0.095,-0.01802408204448615
2023-08-14,BNB,,0.05,-0.05,0.009694650764688688
2023-08-14,BTC,,0.0,-0.05,-0.008025851391460202
2023-08-14,CAKE,,0.05,0.0,0.027766009253978992
2023-08-14,CHZ,,0.0,0.0,0.007740328706628668
2023-08-14,DASH,,0.0,0.095,0.016769761622499386
2023-08-14,DEXE,,0.05,-0.05,0.020149200176373942
2023-08-14,DOGE,,-0.05,0.0,-0.03766131400835514
2023-08-14,DOT,,0.05,0.0,0.017654757691631096
2023-08-14,ETC,,0.0,0.0,0.0024335743452650596
2023-08-14,ETH,,0.05,-0.05,0.009628906300170891
2023-08-14,FET,,-0.05,0.0,-0.028430450419937907
2023-08-14,FIL,,0.0,0.0,0.009320245638664501
2023-08-14,HBAR,,-0.05,-0.05,-0.0506189169177978
2023-08-14,ICP,,0.0,0.0,0.011958405418906502
2023-08-14,JST,,0.0,-0.05,-0.007374805328639076
2023-08-14,LINK,,0.0,0.0,-0.02016065739908069
2023-08-14,LTC,,-0.05,0.095,-0.007892707537068833
2023-08-14,LUNC,,0.0,0.0,0.0021800019443447972
2023-08-14,NEAR,,0.0,0.0,0.016622656971290194
2023-08-14,NEXO,,0.05,-0.05,0.0019152576008476321
2023-08-14,PEPE,,-0.05,0.05,-0.008489540462293213
2023-08-14,QNT,,0.0,-0.05,-0.03292364793720571
2023-08-14,SHIB,,-0.05,0.095,-0.022833548375225544
2023-08-14,SOL,,0.0,0.0,0.0015795605977292717
2023-08-14,STX,,-0.05,0.095,0.008553629583534464
2023-08-14,SUI,,0.0,0.0,0.009447894351210493
2023-08-14,TRX,,0.05,-0.05,-0.00035228516338333543
2023-08-14,UNI,,-0.05,0.095,-0.02292454401680683
2023-08-14,VET,,0.0,0.0,-0.0001991136256466422
2023-08-14,WLD,,0.0,0.0,0.0
2023-08-14,XLM,,0.0,0.0,-0.022048370864984596
2023-08-14,XRP,,0.0,0.0,-0.00713708997800651
2023-08-14,ZEC,,0.0,0.095,0.01397475267443277
2023-08-21,AAVE,,0.0,0.0,0.00020620385634408447
2023-08-21,ADA,,0.05,-0.05,0.01570473228659623
2023-08-21,ALGO,,-0.095,0.095,-0.029666540314905527
2023-08-21,APT,,-0.095,0.095,-0.029807464951613554
2023-08-21,ARB,,0.0,0.095,0.023153422364385785
2023-08-21,ATOM,,0.05,-0.05,0.016120189933738954
2023-08-21,AVAX,,0.05,0.0,0.027929330603441115
2023-08-21,BCH,,-0.095,0.095,-0.03006425041767446
2023-08-21,BNB,,0.0,-0.05,-0.011411440027388245
2023-08-21,BTC,,0.0,-0.05,-0.011892184261384638
2023-08-21,CAKE,,0.05,0.0,0.027993652002580575
2023-08-21,CHZ,,0.0,0.0,0.0002099894439874725
2023-08-21,DASH,,0.0,0.095,0.022636404053109675
2023-08-21,DEXE,,0.05,-0.05,0.016112564759334227
2023-08-21,DOGE,,-0.095,0.0,-0.05277844683922957
2023-08-21,DOT,,0.0,0.0,0.00047896063486610116
2023-08-21,ETC,,0.0,0.0,6.602108812598035e-05
2023-08-21,ETH,,0.05,-0.05,0.015827156898069003
2023-08-21,FET,,-0.095,0.0,-0.05252802027649252
2023-08-21,FIL,,0.0,0.0,0.00025285143224134006
2023-08-21,HBAR,,-0.095,-0.05,-0.06480442590421971
2023-08-21,ICP,,0.05,0.0,0.027564803297840373
2023-08-21,JST,,0.05,-0.05,0.015365858665656817
2023-08-21,LINK,,0.0,0.0,-0.0005469438570521387
2023-08-21,LTC,,-0.095,0.095,-0.02978939365379834
2023-08-21,LUNC,,0.0,0.0,5.914185476290452e-05
2023-08-21,NEAR,,0.0,0.0,0.0004509604988747369
2023-08-21,NEXO,,0.05,-0.05,0.015617891263122723
2023-08-21,PEPE,,-0.05,0.05,-0.01579624673806645
2023-08-21,QNT,,0.0,-0.05,-0.012567643231063394
2023-08-21,SHIB,,-0.095,0.095,-0.03019472771378768
2023-08-21,SOL,,0.0,0.0,4.285232116533187e-05
2023-08-21,STX,,-0.095,0.095,-0.02934321658322659
2023-08-21,SUI,,-0.095,0.0,-0.051500408548472806
2023-08-21,TRX,,0.05,-0.05,0.015556374490085564
2023-08-21,UNI,,0.0,0.095,0.021559526637874266
2023-08-21,VET,,0.0,0.0,-5.4018067093276325e-06
2023-08-21,WLD,,0.05,0.0,0.027240380524587545
2023-08-21,XLM,,0.0,0.0,-0.0005981561396485278
2023-08-21,XRP,,0.0,0.0,-0.00019362401946659922
2023-08-21,ZEC,,0.0,0.095,0.02256057750914884
2023-08-28,AAVE,,0.0,0.0,0.0
2023-08-28,ADA,,0.05,-0.05,0.011999999999999999
2023-08-28,ALGO,,-0.05,0.095,-0.003899999999999999
2023-08-28,APT,,-0.05,0.095,-0.003899999999999999
2023-08-28,ARB,,0.0,0.095,0.017099999999999997
2023-08-28,ATOM,,0.05,-0.05,0.011999999999999999
2023-08-28,AVAX,,0.05,0.0,0.020999999999999998
2023-08-28,BCH,,-0.05,0.095,-0.003899999999999999
2023-08-28,BNB,,0.0,-0.05,-0.009
2023-08-28,BTC,,0.0,-0.05,-0.009
2023-08-28,CAKE,,0.0,0.0,0.0
2023-08-28,CHZ,,0.0,0.0,0.0
2023-08-28,DASH,,0.0,0.095,0.017099999999999997
2023-08-28,DEXE,,0.05,-0.05,0.011999999999999999
2023-08-28,DOGE,,0.0,0.0,0.0
2023-08-28,DOT,,0.0,0.0,0.0
2023-08-28,ETC,,0.0,0.0,0.0
2023-08-28,ETH,,0.0,-0.05,-0.009
2023-08-28,FET,,-0.05,0.0,-0.020999999999999998
2023-08-28,FIL,,0.0,0.0,0.0
2023-08-28,HBAR,,-0.05,-0.05,-0.029999999999999995
2023-08-28,ICP,,0.05,0.0,0.020999999999999998
2023-08-28,JST,,0.05,-0.05,0.011999999999999999
2023-08-28,LINK,,-0.05,0.0,-0.020999999999999998
2023-08-28,LTC,,-0.05,0.095,-0.003899999999999999
2023-08-28,LUNC,,0.0,0.0,0.0
2023-08-28,NEAR,,0.0,0.0,0.0
2023-08-28,NEXO,,0.05,-0.05,0.011999999999999999
2023-08-28,PEPE,,-0.05,0.05,-0.011999999999999999
2023-08-28,QNT,,0.05,-0.05,0.011999999999999999
2023-08-28,SHIB,,-0.05,0.095,-0.003899999999999999
2023-08-28,SOL,,0.0,0.0,0.0
2023-08-28,STX,,0.0,0.095,0.017099999999999997
2023-08-28,SUI,,-0.05,0.0,-0.020999999999999998
2023-08-28,TRX,,0.05,-0.05,0.011999999999999999
2023-08-28,UNI,,-0.05,0.095,-0.003899999999999999
2023-08-28,VET,,0.0,0.0,0.0
2023-08-28,WLD,,0.05,0.0,0.020999999999999998
2023-08-28,XLM,,0.05,0.0,0.020999999999999998
2023-08-28,XRP,,0.0,0.0,0.0
2023-08-28,ZEC,,0.0,0.095,0.017099999999999997
2023-09-04,AAVE,,0.0,0.0,0.0
2023-09-04,ADA,,0.05,-0.05,0.014868068833652005
2023-09-04,ALGO,,0.0,0.095,0.015244359464627153
2023-09-04,APT,,0.0,0.095,0.015244359464627153
2023-09-04,ARB,,0.05,0.095,0.04126347992351817
2023-09-04,ATOM,,0.05,-0.05,0.014868068833652005
2023-09-04,AVAX,,0.0,0.0,0.00594263862332696
2023-09-04,BCH,,-0.095,0.095,-0.022900956022944542
2023-09-04,BNB,,0.0,-0.05,-0.011151051625239005
2023-09-04,BTC,,0.0,-0.05,-0.011151051625239005
2023-09-04,CAKE,,0.0,0.0,0.0
2023-09-04,CHZ,,0.0,0.0,0.0
2023-09-04,DASH,,0.0,0.095,0.02118699808795411
2023-09-04,DEXE,,0.05,-0.05,0.014868068833652005
2023-09-04,DOGE,,-0.095,0.0,-0.0381453154875717
2023-09-04,DOT,,0.0,0.0,0.0
2023-09-04,ETC,,0.0,0.0,0.0
2023-09-04,ETH,,0.05,-0.05,0.008925430210325042
2023-09-04,FET,,-0.05,0.0,-0.02601912045889101
2023-09-04,FIL,,0.0,0.0,0.0
2023-09-04,HBAR,,-0.095,-0.05,-0.05523900573613766
2023-09-04,ICP,,0.0,0.0,0.00594263862332696
2023-09-04,JST,,0.05,-0.05,0.014868068833652005
2023-09-04,LINK,,0.0,0.0,-0.00594263862332696
2023-09-04,LTC,,-0.095,0.095,-0.022900956022944542
2023-09-04,LUNC,,-0.095,0.0,-0.0381453154875717
2023-09-04,NEAR,,-0.095,0.0,-0.0381453154875717
2023-09-04,NEXO,,0.05,-0.05,0.014868068833652005
2023-09-04,PEPE,,0.05,0.05,0.025284894837476098
2023-09-04,QNT,,0.05,-0.05,0.014868068833652005
2023-09-04,SHIB,,0.0,0.095,0.015244359464627153
2023-09-04,SOL,,0.05,0.0,0.02007648183556405
2023-09-04,STX,,-0.095,0.095,-0.01695831739961759
2023-09-04,SUI,,-0.095,0.0,-0.04408795411089866
2023-09-04,TRX,,0.05,-0.05,0.014868068833652005
2023-09-04,UNI,,0.0,0.095,0.015244359464627153
2023-09-04,VET,,0.0,0.0,0.0
2023-09-04,WLD,,0.0,0.0,0.00594263862332696
2023-09-04,XLM,,-0.095,0.0,-0.03220267686424473
2023-09-04,XRP,,-0.095,0.0,-0.0381453154875717
2023-09-04,ZEC,,0.0,0.095,0.02118699808795411
2023-09-11,AAVE,,-0.095,-0.05,-0.03202201186988206
2023-09-11,ADA,,0.05,-0.05,0.01298992293927893
2023-09-11,ALGO,,0.0,0.095,0.01645951985828653
2023-09-11,APT,,0.0,0.095,0.01645951985828653
2023-09-11,ARB,,0.05,0.0,0.02799400355059351
2023-09-11,ATOM,,-0.095,-0.05,-0.026890251352660065
2023-09-11,AVAX,,0.05,0.0,0.0158029045687856
2023-09-11,BCH,,-0.095,0.095,-0.022834845287462612
2023-09-11,BNB,,0.0,0.0,-0.003848820387916488
2023-09-11,BTC,,0.05,0.0,0.009902963850683167
2023-09-11,CAKE,,0.05,-0.05,0.007858162422056947
2023-09-11,CHZ,,0.0,0.0,0.0
2023-09-11,DASH,,0.0,0.0,0.007312758737041328
2023-09-11,DEXE,,0.05,-0.05,0.01298992293927893
2023-09-11,DOGE,,0.05,0.0,0.0005858091461898585
2023-09-11,DOT,,0.0,-0.05,-0.00589362181654271
2023-09-11,ETC,,0.0,0.0,0.0
2023-09-11,ETH,,0.05,0.0,0.016832424425635692
2023-09-11,FET,,-0.05,0.0,-0.02273236514373813
2023-09-11,FIL,,-0.095,0.0,-0.026128390053339345
2023-09-11,HBAR,,-0.095,0.095,-0.03399642441242043
2023-09-11,ICP,,0.0,0.0,0.0020511203301859476
2023-09-11,JST,,0.0,-0.05,-0.0007618612993207253
2023-09-11,LINK,,0.0,0.0,-0.0020511203301859476
2023-09-11,LTC,,0.0,0.095,0.0032935447658767325
2023-09-11,LUNC,,0.0,0.0,-0.013165975092409798
2023-09-11,NEAR,,0.0,0.0,-0.013165975092409798
2023-09-11,NEXO,,0.05,-0.05,0.01298992293927893
2023-09-11,PEPE,,0.0,0.095,0.019925042084114213
2023-09-11,QNT,,0.0,-0.05,-0.0007618612993207253
2023-09-11,SHIB,,0.05,0.095,0.030211304096886188
2023-09-11,SOL,,-0.095,0.0,-0.01919892947838682
2023-09-11,STX,,0.0,0.095,0.005344665096062677
2023-09-11,SUI,,-0.095,0.095,-0.030147604024503942
2023-09-11,TRX,,0.0,-0.05,-0.0007618612993207253
2023-09-11,UNI,,0.0,0.095,0.01645951985828653
2023-09-11,VET,,-0.095,-0.05,-0.03202201186988206
2023-09-11,WLD,,-0.095,0.05,-0.01818364790661069
2023-09-11,XLM,,-0.095,0.0,-0.037243244815563195
2023-09-11,XRP,,0.05,0.0,0.0005858091461898585
2023-09-11,ZEC,,0.0,0.0,0.007312758737041328
2023-09-18,AAVE,,-0.10000000000000003,-0.05,-0.05100000000000001
2023-09-18,ADA,,0.05,-0.05,0.011999999999999999
2023-09-18,ALGO,,0.0,0.095,0.017099999999999997
2023-09-18,APT,,0.0,0.095,0.017099999999999997
2023-09-18,ARB,,0.0,0.0,0.0
2023-09-18,ATOM,,0.0,-0.05,-0.009
2023-09-18,AVAX,,0.05,0.0,0.020999999999999998
2023-09-18,BCH,,-0.10000000000000003,0.095,-0.024900000000000012
2023-09-18,BNB,,0.0,0.0,0.0
2023-09-18,BTC,,0.05,0.0,0.020999999999999998
2023-09-18,CAKE,,0.05,-0.05,0.011999999999999999
2023-09-18,CHZ,,0.0,0.0,0.0
2023-09-18,DASH,,0.05,0.0,0.020999999999999998
2023-09-18,DEXE,,0.05,-0.05,0.011999999999999999
2023-09-18,DOGE,,0.05,0.0,0.020999999999999998
2023-09-18,DOT,,0.05,-0.05,0.011999999999999999
2023-09-18,ETC,,0.0,0.0,0.0
2023-09-18,ETH,,0.05,0.0,0.020999999999999998
2023-09-18,FET,,-0.05,0.0,-0.020999999999999998
2023-09-18,FIL,,-0.10000000000000003,0.0,-0.04200000000000001
2023-09-18,HBAR,,-0.10000000000000003,0.095,-0.024900000000000012
2023-09-18,ICP,,0.0,0.0,0.0
2023-09-18,JST,,0.0,-0.05,-0.009
2023-09-18,LINK,,-0.10000000000000003,0.0,-0.04200000000000001
2023-09-18,LTC,,0.0,0.095,0.017099999999999997
2023-09-18,LUNC,,0.0,0.0,0.0
2023-09-18,NEAR,,0.0,0.0,0.0
2023-09-18,NEXO,,0.05,-0.05,0.011999999999999999
2023-09-18,PEPE,,-0.10000000000000003,0.095,-0.024900000000000012
2023-09-18,QNT,,0.0,-0.05,-0.009
2023-09-18,SHIB,,0.0,0.095,0.017099999999999997
2023-09-18,SOL,,0.0,0.0,0.0
2023-09-18,STX,,0.0,0.095,0.017099999999999997
2023-09-18,SUI,,-0.10000000000000003,0.095,-0.024900000000000012
2023-09-18,TRX,,0.0,-0.05,-0.009
2023-09-18,UNI,,0.0,0.095,0.017099999999999997
2023-09-18,VET,,-0.10000000000000003,-0.05,-0.05100000000000001
2023-09-18,WLD,,-0.05,0.05,-0.011999999999999999
2023-09-18,XLM,,-0.10000000000000003,0.0,-0.04200000000000001
2023-09-18,XRP,,0.0,0.0,0.0
2023-09-18,ZEC,,0.05,0.0,0.020999999999999998
2023-09-25,AAVE,,0.0,-0.05,-0.026920971393290808
2023-09-25,ADA,,0.05,-0.05,0.014469643959662479
2023-09-25,ALGO,,0.05,0.095,0.03790675036015641
2023-09-25,APT,,-0.095,0.095,-0.012227022020991973
2023-09-25,ARB,,-0.05,0.0,-0.01728750771763737
2023-09-25,ATOM,,0.05,-0.05,0.0064352747478905094
2023-09-25,AVAX,,-0.095,0.0,-0.024811895451739036
2023-09-25,BCH,,-0.095,0.095,-0.028295760444535915
2023-09-25,BNB,,0.0,0.0,0.0
2023-09-25,BTC,,-0.095,0.0,-0.024811895451739036
2023-09-25,CAKE,,0.05,-0.05,0.014469643959662479
2023-09-25,CHZ,,0.0,0.0,0.0
2023-09-25,DASH,,0.05,0.0,0.02532187692940934
2023-09-25,DEXE,,0.05,-0.05,0.014469643959662479
2023-09-25,DOGE,,-0.095,0.0,-0.024811895451739036
2023-09-25,DOT,,0.0,-0.05,-0.0028178637579748932
2023-09-25,ETC,,0.0,0.0,0.0
2023-09-25,ETH,,0.0,0.0,0.00803436921177197
2023-09-25,FET,,-0.095,0.0,-0.04088063387528298
2023-09-25,FIL,,-0.095,0.0,-0.04891500308705495
2023-09-25,HBAR,,0.0,0.095,0.004550504218975092
2023-09-25,ICP,,0.0,0.0,0.0
2023-09-25,JST,,0.05,-0.05,0.0064352747478905094
2023-09-25,LINK,,0.0,0.0,-0.016068738423543942
2023-09-25,LTC,,0.0,0.095,0.020619242642519037
2023-09-25,LUNC,,0.0,0.0,0.0
2023-09-25,NEAR,,0.0,0.0,0.0
2023-09-25,NEXO,,0.05,-0.05,0.014469643959662479
2023-09-25,PEPE,,0.0,0.095,0.004550504218975092
2023-09-25,QNT,,0.05,-0.05,0.0064352747478905094
2023-09-25,SHIB,,0.0,0.095,0.020619242642519037
2023-09-25,SOL,,0.0,0.0,0.0
2023-09-25,STX,,-0.095,0.095,-0.012227022020991973
2023-09-25,SUI,,0.0,0.095,0.004550504218975092
2023-09-25,TRX,,0.05,-0.05,0.0064352747478905094
2023-09-25,UNI,,0.0,0.095,0.020619242642519037
2023-09-25,VET,,0.0,-0.05,-0.026920971393290808
2023-09-25,WLD,,0.0,0.05,0.0028178637579748932
2023-09-25,XLM,,-0.095,0.0,-0.04891500308705495
2023-09-25,XRP,,-0.095,0.0,-0.03284626466351101
2023-09-25,ZEC,,0.05,0.0,0.02532187692940934
2023-10-02,AAVE,,-0.05,-0.05,-0.03797262472707551
2023-10-02,ADA,,0.0,-0.05,-0.007896950510574867
2023-10-02,ALGO,,0.05,0.095,0.04880142225439796
2023-10-02,APT,,-0.05,0.095,-0.006289256023214674
2023-10-02,ARB,,-0.05,0.0,-0.026339460626799486
2023-10-02,ATOM,,0.0,-0.05,-0.009142355040475251
2023-10-02,AVAX,,0.0,0.0,-0.0038460825207951056
2023-10-02,BCH,,-0.05,0.095,-0.008780065083015442
2023-10-02,BNB,,0.05,0.0,0.02365973060011765
2023-10-02,BTC,,0.05,0.0,0.019813648079322545
2023-10-02,CAKE,,0.05,-0.05,0.01576278008954278
2023-10-02,CHZ,,0.0,0.0,0.0
2023-10-02,DASH,,0.05,0.0,0.02758486515669987
2023-10-02,DEXE,,0.05,-0.05,0.01576278008954278
2023-10-02,DOGE,,0.0,0.0,-0.0038460825207951056
2023-10-02,DOT,,0.0,-0.05,-0.010576680537256706
2023-10-02,ETC,,0.0,0.0,0.0
2023-10-02,ETH,,0.0,0.0,0.0012454045299003834
2023-10-02,FET,,0.0,0.0,-0.006336891580595874
2023-10-02,FIL,,0.0,0.0,-0.00758229611049626
2023-10-02,HBAR,,0.05,0.095,0.04363088316791536
2023-10-02,ICP,,-0.05,0.0,-0.02365973060011765
2023-10-02,JST,,0.0,-0.05,-0.009142355040475251
2023-10-02,LINK,,-0.05,0.0,-0.02615053965991842
2023-10-02,LTC,,0.0,0.095,0.02246196162759847
2023-10-02,LUNC,,0.0,0.0,0.0
2023-10-02,NEAR,,0.0,0.0,0.0
2023-10-02,NEXO,,0.05,-0.05,0.01576278008954278
2023-10-02,PEPE,,-0.05,0.095,-0.003688578032319952
2023-10-02,QNT,,0.05,-0.05,0.014517375559642397
2023-10-02,SHIB,,0.05,0.095,0.04612169222771612
2023-10-02,SOL,,-0.05,0.0,-0.02365973060011765
2023-10-02,STX,,-0.05,0.095,-0.006289256023214674
2023-10-02,SUI,,-0.05,0.095,-0.003688578032319952
2023-10-02,TRX,,0.05,-0.05,0.014517375559642397
2023-10-02,UNI,,0.0,0.095,0.02246196162759847
2023-10-02,VET,,0.0,-0.05,-0.014312894126957857
2023-10-02,WLD,,-0.05,0.05,-0.013083050062860943
2023-10-02,XLM,,0.0,0.0,-0.00758229611049626
2023-10-02,XRP,,0.0,0.0,-0.005091487050695488
2023-10-02,ZEC,,0.0,0.0,0.0039251345565822215
2023-10-09,AAVE,,-0.05,0.0,-0.020999999999999998
2023-10-09,ADA,,0.0,-0.05,-0.009
2023-10-09,ALGO,,0.0,0.0,0.0
2023-10-09,APT,,0.0,0.10000000000000003,0.018000000000000006
2023-10-09,ARB,,-0.05,0.10000000000000003,-0.0029999999999999923
2023-10-09,ATOM,,0.0,0.0,0.0
2023-10-09,AVAX,,-0.05,0.10000000000000003,-0.0029999999999999923
2023-10-09,BCH,,-0.05,0.0,-0.020999999999999998
2023-10-09,BNB,,0.05,0.0,0.020999999999999998
2023-10-09,BTC,,0.05,-0.05,0.011999999999999999
2023-10-09,CAKE,,0.05,-0.05,0.011999999999999999
2023-10-09,CHZ,,-0.05,0.0,-0.020999999999999998
2023-10-09,DASH,,0.0,0.0,0.0
2023-10-09,DEXE,,0.05,-0.05,0.011999999999999999
2023-10-09,DOGE,,0.05,-0.05,0.011999999999999999
2023-10-09,DOT,,0.0,0.0,0.0
2023-10-09,ETC,,0.0,0.0,0.0
2023-10-09,ETH,,0.0,0.0,0.0
2023-10-09,FET,,0.0,0.10000000000000003,0.018000000000000006
2023-10-09,FIL,,0.0,0.0,0.0
2023-10-09,HBAR,,0.05,0.10000000000000003,0.039
2023-10-09,ICP,,-0.05,0.0,-0.020999999999999998
2023-10-09,JST,,0.0,-0.05,-0.009
2023-10-09,LINK,,-0.05,0.0,-0.020999999999999998
2023-10-09,LTC,,0.0,0.0,0.0
2023-10-09,LUNC,,0.0,0.10000000000000003,0.018000000000000006
2023-10-09,NEAR,,0.0,0.0,0.0
2023-10-09,NEXO,,0.05,-0.05,0.011999999999999999
2023-10-09,PEPE,,-0.05,0.05,-0.011999999999999999
2023-10-09,QNT,,0.05,0.0,0.020999999999999998
2023-10-09,SHIB,,0.05,-0.05,0.011999999999999999
2023-10-09,SOL,,-0.05,0.10000000000000003,-0.0029999999999999923
2023-10-09,STX,,0.0,-0.05,-0.009
2023-10-09,SUI,,-0.05,0.10000000000000003,-0.0029999999999999923
2023-10-09,TRX,,0.0,-0.05,-0.009
2023-10-09,UNI,,0.0,0.0,0.0
2023-10-09,VET,,0.0,-0.05,-0.009
2023-10-09,WLD,,-0.05,0.05,-0.011999999999999999
2023-10-09,XLM,,0.05,0.10000000000000003,0.039
2023-10-09,XRP,,0.05,0.0,0.020999999999999998
2023-10-09,ZEC,,0.0,0.0,0.0
2023-10-16,AAVE,,-0.05,0.0,-0.020999999999999998
2023-10-16,ADA,,0.0,-0.05,-0.009
2023-10-16,ALGO,,0.05,0.0,0.020999999999999998
2023-10-16,APT,,-0.05,0.10000000000000003,-0.0029999999999999923
2023-10-16,ARB,,-0.05,0.10000000000000003,-0.0029999999999999923
2023-10-16,ATOM,,0.0,0.0,0.0
2023-10-16,AVAX,,-0.05,0.10000000000000003,-0.0029999999999999923
2023-10-16,BCH,,-0.05,0.0,-0.020999999999999998
2023-10-16,BNB,,0.05,0.0,0.020999999999999998
2023-10-16,BTC,,0.0,-0.05,-0.009
2023-10-16,CAKE,,0.05,-0.05,0.011999999999999999
2023-10-16,CHZ,,-0.05,0.0,-0.020999999999999998
2023-10-16,DASH,,0.0,0.0,0.0
2023-10-16,DEXE,,0.05,-0.05,0.011999999999999999
2023-10-16,DOGE,,0.05,-0.05,0.011999999999999999
2023-10-16,DOT,,0.0,0.0,0.0
2023-10-16,ETC,,0.0,0.0,0.0
2023-10-16,ETH,,0.0,0.0,0.0
2023-10-16,FET,,0.0,0.10000000000000003,0.018000000000000006
2023-10-16,FIL,,0.0,0.0,0.0
2023-10-16,HBAR,,0.05,0.10000000000000003,0.039
2023-10-16,ICP,,0.0,0.0,0.0
2023-10-16,JST,,0.0,-0.05,-0.009
2023-10-16,LINK,,-0.05,0.0,-0.020999999999999998
2023-10-16,LTC,,0.0,0.0,0.0
2023-10-16,LUNC,,0.0,0.10000000000000003,0.018000000000000006
2023-10-16,NEAR,,0.0,0.0,0.0
2023-10-16,NEXO,,0.05,-0.05,0.011999999999999999
2023-10-16,PEPE,,-0.05,0.05,-0.011999999999999999
2023-10-16,QNT,,0.0,0.0,0.0
2023-10-16,SHIB,,0.05,-0.05,0.011999999999999999
2023-10-16,SOL,,-0.05,0.10000000000000003,-0.0029999999999999923
2023-10-16,STX,,-0.05,-0.05,-0.029999999999999995
2023-10-16,SUI,,-0.05,0.10000000000000003,-0.0029999999999999923
2023-10-16,TRX,,0.05,-0.05,0.011999999999999999
2023-10-16,UNI,,0.0,0.0,0.0
2023-10-16,VET,,0.05,-0.05,0.011999999999999999
2023-10-16,WLD,,0.0,0.05,0.009
2023-10-16,XLM,,0.05,0.10000000000000003,0.039
2023-10-16,XRP,,0.0,0.0,0.0
2023-10-16,ZEC,,0.0,0.0,0.0
2023-10-23,AAVE,,-0.10000000000000003,0.0,-0.04670379436964506
2023-10-23,ADA,,0.0,-0.05,-0.011203182374541003
2023-10-23,ALGO,,0.0,0.0,0.005577723378212976
2023-10-23,APT,,-0.10000000000000003,0.10000000000000003,-0.024297429620563034
2023-10-23,ARB,,0.0,0.10000000000000003,0.016828641370869035
2023-10-23,ATOM,,0.05,0.0,0.020563035495716028
2023-10-23,AVAX,,0.0,0.10000000000000003,0.016828641370869035
2023-10-23,BCH,,-0.10000000000000003,0.0,-0.04670379436964506
2023-10-23,BNB,,0.05,0.0,0.026140758873929006
2023-10-23,BTC,,0.0,-0.05,-0.011203182374541003
2023-10-23,CAKE,,0.0,-0.05,-0.005625458996328029
2023-10-23,CHZ,,0.0,0.0,-0.005577723378212976
2023-10-23,DASH,,0.05,0.0,0.020563035495716028
2023-10-23,DEXE,,0.05,-0.05,0.014937576499388
2023-10-23,DOGE,,0.0,-0.05,-0.005625458996328029
2023-10-23,DOT,,0.0,0.0,0.0
2023-10-23,ETC,,0.05,0.0,0.020563035495716028
2023-10-23,ETH,,0.0,0.0,0.0
2023-10-23,FET,,-0.05,0.10000000000000003,0.0018433292533659856
2023-10-23,FIL,,0.0,0.0,0.0
2023-10-23,HBAR,,0.05,0.10000000000000003,0.048547123623011015
2023-10-23,ICP,,-0.10000000000000003,0.0,-0.041126070991432076
2023-10-23,JST,,-0.10000000000000003,-0.05,-0.05232925336597308
2023-10-23,LINK,,-0.10000000000000003,0.0,-0.04670379436964506
2023-10-23,LTC,,0.05,0.0,0.020563035495716028
2023-10-23,LUNC,,0.0,0.10000000000000003,0.022406364749082013
2023-10-23,NEAR,,-0.10000000000000003,0.0,-0.041126070991432076
2023-10-23,NEXO,,0.0,-0.05,-0.005625458996328029
2023-10-23,PEPE,,-0.05,0.05,-0.014937576499388
2023-10-23,QNT,,0.0,0.0,0.0
2023-10-23,SHIB,,0.0,-0.05,-0.005625458996328029
2023-10-23,SOL,,-0.10000000000000003,0.10000000000000003,-0.024297429620563034
2023-10-23,STX,,-0.10000000000000003,-0.05,-0.05790697674418605
2023-10-23,SUI,,0.0,0.10000000000000003,0.016828641370869035
2023-10-23,TRX,,0.05,-0.05,0.014937576499388
2023-10-23,UNI,,0.05,0.0,0.020563035495716028
2023-10-23,VET,,0.05,-0.05,0.014937576499388
2023-10-23,WLD,,0.0,0.05,0.011203182374541003
2023-10-23,XLM,,0.05,0.10000000000000003,0.048547123623011015
2023-10-23,XRP,,0.0,0.0,0.0
2023-10-23,ZEC,,0.0,0.0,0.0
2023-10-30,AAVE,,-0.095,0.0,-0.0532
2023-10-30,ADA,,0.0,-0.05,-0.012
2023-10-30,ALGO,,0.0,0.0,0.0
2023-10-30,APT,,-0.095,0.10000000000000003,-0.029199999999999983
2023-10-30,ARB,,0.0,0.10000000000000003,0.024000000000000007
2023-10-30,ATOM,,0.0,0.0,0.0
2023-10-30,AVAX,,0.0,0.10000000000000003,0.024000000000000007
2023-10-30,BCH,,0.0,0.0,0.0
2023-10-30,BNB,,0.05,0.0,0.027999999999999997
2023-10-30,BTC,,0.0,-0.05,-0.012
2023-10-30,CAKE,,-0.05,-0.05,-0.04
2023-10-30,CHZ,,0.0,0.0,0.0
2023-10-30,DASH,,0.05,0.0,0.027999999999999997
2023-10-30,DEXE,,0.0,-0.05,-0.012
2023-10-30,DOGE,,0.0,-0.05,-0.012
2023-10-30,DOT,,0.0,0.0,0.0
2023-10-30,ETC,,0.05,0.0,0.027999999999999997
2023-10-30,ETH,,0.05,0.0,0.027999999999999997
2023-10-30,FET,,-0.095,0.10000000000000003,-0.029199999999999983
2023-10-30,FIL,,0.0,0.0,0.0
2023-10-30,HBAR,,0.05,0.10000000000000003,0.052000000000000005
2023-10-30,ICP,,-0.095,0.0,-0.0532
2023-10-30,JST,,-0.095,-0.05,-0.0652
2023-10-30,LINK,,-0.095,0.0,-0.0532
2023-10-30,LTC,,0.05,0.0,0.027999999999999997
2023-10-30,LUNC,,0.05,0.10000000000000003,0.052000000000000005
2023-10-30,NEAR,,-0.095,0.0,-0.0532
2023-10-30,NEXO,,0.0,-0.05,-0.012
2023-10-30,PEPE,,-0.095,0.05,-0.041199999999999994
2023-10-30,QNT,,0.0,0.0,0.0
2023-10-30,SHIB,,0.0,-0.05,-0.012
2023-10-30,SOL,,-0.095,0.10000000000000003,-0.029199999999999983
2023-10-30,STX,,-0.095,-0.05,-0.0652
2023-10-30,SUI,,0.0,0.10000000000000003,0.024000000000000007
2023-10-30,TRX,,0.05,-0.05,0.015999999999999997
2023-10-30,UNI,,0.0,0.0,0.0
2023-10-30,VET,,0.05,-0.05,0.015999999999999997
2023-10-30,WLD,,0.0,0.05,0.012
2023-10-30,XLM,,0.05,0.10000000000000003,0.052000000000000005
2023-10-30,XRP,,0.0,0.0,0.0
2023-10-30,ZEC,,0.05,0.0,0.027999999999999997
2023-11-06,AAVE,,0.0,0.10625000000000001,0.0008187311497962757
2023-11-06,ADA,,0.0,0.0,-0.004380549235409282
2023-11-06,ALGO,,0.0,0.0,0.0
2023-11-06,APT,,-0.095,0.10625000000000001,-0.032644626699825374
2023-11-06,ARB,,0.0,0.10625000000000001,0.029000264564262662
2023-11-06,ATOM,,0.0,0.0,0.0
2023-11-06,AVAX,,-0.095,0.05,-0.02393904439388326
2023-11-06,BCH,,0.0,0.10625000000000001,0.020239166093444096
2023-11-06,BNB,,0.05,-0.095,0.014348484046774962
2023-11-06,BTC,,0.0,-0.095,-0.022476744801312235
2023-11-06,CAKE,,-0.05,0.05,-0.0273009153923488
2023-11-06,CHZ,,0.0,0.0,0.0
2023-11-06,DASH,,0.05,0.0,0.03244467961267791
2023-11-06,DEXE,,-0.095,0.0,-0.04660500555584951
2023-11-06,DOGE,,0.0,-0.095,-0.022476744801312235
2023-11-06,DOT,,0.0,0.0,0.0
2023-11-06,ETC,,0.05,0.0,0.03244467961267791
2023-11-06,ETH,,0.05,-0.095,0.014348484046774962
2023-11-06,FET,,-0.095,0.0,-0.05288379279326947
2023-11-06,FIL,,0.0,0.0,0.0
2023-11-06,HBAR,,0.05,-0.095,0.02310958251759353
2023-11-06,ICP,,0.0,0.0,-0.019420434943647813
2023-11-06,JST,,-0.095,0.0,-0.06602544049949732
2023-11-06,LINK,,-0.095,0.0,-0.061644891264088036
2023-11-06,LTC,,0.05,-0.095,0.014348484046774962
2023-11-06,LUNC,,-0.095,0.10625000000000001,-0.0030029102068892394
2023-11-06,NEAR,,-0.095,0.0,-0.061644891264088036
2023-11-06,NEXO,,0.0,0.0,-0.004380549235409282
2023-11-06,PEPE,,-0.095,0.05,-0.04774002857294036
2023-11-06,QNT,,0.0,-0.095,-0.018096195565902952
2023-11-06,SHIB,,0.0,0.0,-0.004380549235409282
2023-11-06,SOL,,-0.095,0.10625000000000001,-0.032644626699825374
2023-11-06,STX,,0.0,-0.05,-0.0333252976347955
2023-11-06,SUI,,0.0,0.10625000000000001,0.029000264564262662
2023-11-06,TRX,,0.05,-0.095,0.00996793481136568
2023-11-06,UNI,,0.0,0.0,0.0
2023-11-06,VET,,0.05,0.0,0.028064130377268633
2023-11-06,WLD,,0.05,0.10625000000000001,0.046843113392242966
2023-11-06,XLM,,0.05,-0.095,0.02310958251759353
2023-11-06,XRP,,0.0,-0.095,-0.018096195565902952
2023-11-06,ZEC,,0.05,0.0,0.03244467961267791
2023-11-13,AAVE,,0.0,0.10625000000000001,0.031875
2023-11-13,ADA,,0.0,0.0,0.0
2023-11-13,ALGO,,0.0,0.0,0.0
2023-11-13,APT,,0.0,0.10625000000000001,0.031875
2023-11-13,ARB,,0.0,0.10625000000000001,0.031875
2023-11-13,ATOM,,0.0,0.0,0.0
2023-11-13,AVAX,,-0.095,0.05,-0.05149999999999999
2023-11-13,BCH,,0.05,0.10625000000000001,0.06687499999999999
2023-11-13,BNB,,0.05,-0.095,0.006499999999999999
2023-11-13,BTC,,0.0,-0.095,-0.028499999999999998
2023-11-13,CAKE,,-0.05,0.05,-0.019999999999999997
2023-11-13,CHZ,,0.0,0.0,0.0
2023-11-13,DASH,,0.0,0.0,0.0
2023-11-13,DEXE,,-0.095,0.0,-0.06649999999999999
2023-11-13,DOGE,,0.0,-0.095,-0.028499999999999998
2023-11-13,DOT,,0.0,0.0,0.0
2023-11-13,ETC,,0.05,0.0,0.034999999999999996
2023-11-13,ETH,,0.05,-0.095,0.006499999999999999
2023-11-13,FET,,-0.095,0.0,-0.06649999999999999
2023-11-13,FIL,,-0.095,0.0,-0.06649999999999999
2023-11-13,HBAR,,0.05,-0.095,0.006499999999999999
2023-11-13,ICP,,0.0,0.0,0.0
2023-11-13,JST,,-0.095,0.0,-0.06649999999999999
2023-11-13,LINK,,-0.095,0.0,-0.06649999999999999
2023-11-13,LTC,,0.05,-0.095,0.006499999999999999
2023-11-13,LUNC,,-0.095,0.10625000000000001,-0.03462499999999999
2023-11-13,NEAR,,-0.095,0.0,-0.06649999999999999
2023-11-13,NEXO,,0.0,0.0,0.0
2023-11-13,PEPE,,-0.095,0.05,-0.05149999999999999
2023-11-13,QNT,,0.0,-0.095,-0.028499999999999998
2023-11-13,SHIB,,0.0,0.0,0.0
2023-11-13,SOL,,-0.095,0.10625000000000001,-0.03462499999999999
2023-11-13,STX,,0.05,-0.05,0.019999999999999997
2023-11-13,SUI,,0.0,0.10625000000000001,0.031875
2023-11-13,TRX,,0.05,-0.095,0.006499999999999999
2023-11-13,UNI,,0.0,0.0,0.0
2023-11-13,VET,,0.05,0.0,0.034999999999999996
2023-11-13,WLD,,0.0,0.10625000000000001,0.031875
2023-11-13,XLM,,0.05,-0.095,0.006499999999999999
2023-11-13,XRP,,0.0,-0.095,-0.028499999999999998
2023-11-13,ZEC,,0.05,0.0,0.034999999999999996
2023-11-20,AAVE,,0.0,0.10625000000000001,0.027134635642582727
2023-11-20,ADA,,0.0,0.0,0.0
2023-11-20,ALGO,,0.0,0.0,0.0
2023-11-20,APT,,0.0,0.10625000000000001,0.027134635642582727
2023-11-20,ARB,,0.0,0.10625000000000001,0.027134635642582727
2023-11-20,ATOM,,0.0,0.0,0.0
2023-11-20,AVAX,,-0.095,0.05,-0.043841058371545415
2023-11-20,BCH,,0.05,0.10625000000000001,0.05692952968149708
2023-11-20,BNB,,0.05,-0.095,0.00553333746436981
2023-11-20,BTC,,0.05,-0.095,-0.0034411327302020095
2023-11-20,CAKE,,-0.05,0.05,-0.01702565373652249
2023-11-20,CHZ,,0.0,0.0,0.0
2023-11-20,DASH,,0.0,0.0,0.0
2023-11-20,DEXE,,-0.095,0.0,-0.056610298673937284
2023-11-20,DOGE,,0.05,-0.095,-0.0034411327302020095
2023-11-20,DOT,,0.0,0.0,0.0
2023-11-20,ETC,,0.0,0.0,0.008974470194571815
2023-11-20,ETH,,0.05,-0.095,0.00553333746436981
2023-11-20,FET,,0.0,0.0,-0.01705149336968645
2023-11-20,FIL,,-0.095,0.0,-0.056610298673937284
2023-11-20,HBAR,,0.0,-0.095,-0.015287086379972736
2023-11-20,ICP,,0.0,0.0,0.0
2023-11-20,JST,,0.05,0.0,0.003768930474656096
2023-11-20,LINK,,-0.095,0.0,-0.056610298673937284
2023-11-20,LTC,,0.05,-0.095,0.00553333746436981
2023-11-20,LUNC,,-0.095,0.10625000000000001,-0.029475663031354557
2023-11-20,NEAR,,-0.095,0.0,-0.056610298673937284
2023-11-20,NEXO,,0.05,0.0,0.020820423844342545
2023-11-20,PEPE,,0.0,0.05,-0.004282253067294579
2023-11-20,QNT,,0.05,-0.095,-0.0034411327302020095
2023-11-20,SHIB,,0.0,0.0,0.0
2023-11-20,SOL,,-0.095,0.10625000000000001,-0.029475663031354557
2023-11-20,STX,,0.0,-0.05,-0.003794770107820058
2023-11-20,SUI,,-0.095,0.10625000000000001,-0.012424169661668108
2023-11-20,TRX,,0.0,-0.095,-0.015287086379972736
2023-11-20,UNI,,0.0,0.0,0.0
2023-11-20,VET,,0.05,0.0,0.02979489403891436
2023-11-20,WLD,,-0.095,0.10625000000000001,-0.012424169661668108
2023-11-20,XLM,,0.05,-0.095,0.00553333746436981
2023-11-20,XRP,,-0.095,-0.095,-0.06382036187879539
2023-11-20,ZEC,,0.0,0.0,0.008974470194571815
2023-11-27,AAVE,,0.0,0.10625000000000001,0.030363931703882786
2023-11-27,ADA,,0.05,0.0,0.02384318031770082
2023-11-27,ALGO,,0.0,0.0,0.0
2023-11-27,APT,,-0.10000000000000003,0.10625000000000001,-0.01732242893151887
2023-11-27,ARB,,0.0,0.10625000000000001,0.030363931703882786
2023-11-27,ATOM,,0.0,0.0,0.0
2023-11-27,AVAX,,-0.05,0.05,-0.027599725408185755
2023-11-27,BCH,,0.0,0.10625000000000001,0.03986153913946502
2023-11-27,BNB,,0.05,-0.095,0.006191860582752567
2023-11-27,BTC,,0.0,-0.095,-0.020512078183662713
2023-11-27,CAKE,,-0.10000000000000003,0.05,-0.04289505903386258
2023-11-27,CHZ,,0.05,0.0,0.02384318031770082
2023-11-27,DASH,,0.05,0.0,0.02384318031770082
2023-11-27,DEXE,,-0.10000000000000003,0.0,-0.0657318147630079
2023-11-27,DOGE,,0.05,-0.095,0.0033311021340381034
2023-11-27,DOT,,0.0,0.0,0.0
2023-11-27,ETC,,0.0,0.0,0.002860758448714462
2023-11-27,ETH,,0.0,-0.095,-0.017651319734948254
2023-11-27,FET,,0.0,0.0,-0.005435441052557478
2023-11-27,FIL,,-0.10000000000000003,0.0,-0.0657318147630079
2023-11-27,HBAR,,0.0,-0.095,-0.024288168721816022
2023-11-27,ICP,,0.0,0.0,0.0
2023-11-27,JST,,0.05,0.0,0.025044588252011113
2023-11-27,LINK,,-0.10000000000000003,0.0,-0.0657318147630079
2023-11-27,LTC,,0.05,-0.095,0.006191860582752567
2023-11-27,LUNC,,-0.05,0.10625000000000001,-0.01152470274142428
2023-11-27,NEAR,,0.0,0.0,-0.018045454127606247
2023-11-27,NEXO,,0.05,0.0,0.03048002930456859
2023-11-27,PEPE,,0.0,0.05,0.008853467984563832
2023-11-27,QNT,,0.05,-0.095,0.0033311021340381034
2023-11-27,SHIB,,0.0,0.0,0.0
2023-11-27,SOL,,-0.10000000000000003,0.10625000000000001,-0.03536788305912512
2023-11-27,STX,,-0.10000000000000003,-0.05,-0.059114511223808494
2023-11-27,SUI,,0.0,0.10625000000000001,0.017753918628834017
2023-11-27,TRX,,0.05,-0.095,-0.0004449884041152069
2023-11-27,UNI,,0.0,0.0,0.0
2023-11-27,VET,,0.0,0.0,0.009497607435582235
2023-11-27,WLD,,-0.10000000000000003,0.10625000000000001,-0.02993244200656764
2023-11-27,XLM,,0.0,-0.095,-0.017651319734948254
2023-11-27,XRP,,-0.10000000000000003,-0.095,-0.0874453008809809
2023-11-27,ZEC,,0.05,0.0,0.02670393876641528
2023-12-04,AAVE,,0.0,0.10000000000000003,0.030159969508314732
2023-12-04,ADA,,-0.05,-0.05,-0.017541554852767514
2023-12-04,ALGO,,0.0,0.0,0.0
2023-12-04,APT,,-0.10625000000000001,0.10000000000000003,-0.03248379501207751
2023-12-04,ARB,,0.0,0.10000000000000003,0.030159969508314732
2023-12-04,ATOM,,0.05,0.0,0.01961542995215744
2023-12-04,AVAX,,-0.05,0.05,-0.023340528796760074
2023-12-04,BCH,,-0.10625000000000001,0.0,-0.024161284616736937
2023-12-04,BNB,,0.05,-0.095,0.006364554501453013
2023-12-04,BTC,,0.0,-0.095,-0.024988835922281977
2023-12-04,CAKE,,-0.10625000000000001,0.10000000000000003,-0.04372447841542248
2023-12-04,CHZ,,0.0,0.0,0.010480487936028834
2023-12-04,DASH,,0.05,0.0,0.030095917888186274
2023-12-04,DEXE,,-0.10625000000000001,0.0,-0.07057580889385762
2023-12-04,DOGE,,0.0,-0.095,-0.014508347986253146
2023-12-04,DOT,,-0.10625000000000001,0.0,-0.041682788648334565
2023-12-04,ETC,,0.0,-0.095,-0.0147150918540652
2023-12-04,ETH,,0.05,-0.095,-0.004115933434575822
2023-12-04,FET,,0.0,0.0,-0.00238919781754256
2023-12-04,FIL,,0.0,0.0,-0.028893020245523045
2023-12-04,HBAR,,0.0,-0.095,-0.026648651047745265
2023-12-04,ICP,,0.0,0.0,0.0
2023-12-04,JST,,0.05,-0.095,0.014651443342041803
2023-12-04,LINK,,0.0,0.0,-0.028893020245523045
2023-12-04,LTC,,0.05,0.0,0.02233711889106693
2023-12-04,LUNC,,-0.05,0.05,-0.016274605589975823
2023-12-04,NEAR,,0.0,0.10000000000000003,0.008881181299812448
2023-12-04,NEXO,,0.05,-0.095,0.017040641159584362
2023-12-04,PEPE,,-0.10625000000000001,0.10000000000000003,-0.02097794016434664
2023-12-04,QNT,,0.0,0.0,0.0014642164033607723
2023-12-04,SHIB,,0.05,0.0,0.01961542995215744
2023-12-04,SOL,,0.0,0.10000000000000003,0.0012669492627916876
2023-12-04,STX,,-0.10625000000000001,0.0,-0.06766711261309619
2023-12-04,SUI,,0.05,0.10000000000000003,0.04423255290454936
2023-12-04,TRX,,0.05,-0.095,0.003447266840441008
2023-12-04,UNI,,0.0,0.0,0.0
2023-12-04,VET,,0.0,0.0,0.00417476019656072
2023-12-04,WLD,,0.0,0.10000000000000003,0.0036561470803342516
2023-12-04,XLM,,0.0,-0.095,-0.023731363386733262
2023-12-04,XRP,,-0.10625000000000001,0.0,-0.08012017026999511
2023-12-04,ZEC,,0.05,0.0,0.031353390423734986
2023-12-11,AAVE,,0.0,0.10000000000000003,0.030028970339216712
2023-12-11,ADA,,0.0,-0.05,-0.015460273379584801
2023-12-11,ALGO,,0.0,0.0,0.0
2023-12-11,APT,,-0.125,0.10000000000000003,-0.052969586972856676
2023-12-11,ARB,,0.0,0.10000000000000003,0.030028970339216712
2023-12-11,ATOM,,0.05,0.0,0.03221386770713646
2023-12-11,AVAX,,-0.05,0.05,-0.02060496686790405
2023-12-11,BCH,,-0.125,0.0,-0.07602941357678378
2023-12-11,BNB,,0.05,-0.095,0.006475470937682935
2023-12-11,BTC,,0.0,-0.095,-0.027864131230703814
2023-12-11,CAKE,,-0.125,0.10000000000000003,-0.05500526498833079
2023-12-11,CHZ,,0.05,0.0,0.03055953763061015
2023-12-11,DASH,,0.05,0.0,0.03411187498278545
2023-12-11,DEXE,,-0.05,0.0,-0.04144274813632626
2023-12-11,DOGE,,0.05,-0.095,0.0026954063999063346
2023-12-11,DOT,,0.0,0.0,-0.00754871687337251
2023-12-11,ETC,,0.0,-0.095,-0.026003565090209818
2023-12-11,ETH,,0.0,-0.095,-0.024084066692927213
2023-12-11,FET,,0.0,0.0,-0.0004326816526424729
2023-12-11,FIL,,-0.125,0.0,-0.07688632679539549
2023-12-11,HBAR,,0.0,-0.095,-0.02816472231039311
2023-12-11,ICP,,-0.05,0.0,-0.028661530354961162
2023-12-11,JST,,0.0,-0.095,-0.02068531103533871
2023-12-11,LINK,,0.0,0.0,-0.005232500907992578
2023-12-11,LTC,,0.05,0.0,0.032706763213494056
2023-12-11,LUNC,,-0.05,0.05,-0.019325334303321836
2023-12-11,NEAR,,0.0,0.10000000000000003,0.02617540024942237
2023-12-11,NEXO,,0.0,-0.095,-0.020252629382696237
2023-12-11,PEPE,,-0.05,0.10000000000000003,-0.007893591106341646
2023-12-11,QNT,,0.0,0.0,0.0002651683207562912
2023-12-11,SHIB,,0.05,0.0,0.03221386770713646
2023-12-11,SOL,,0.0,0.10000000000000003,0.024796469431224134
2023-12-11,STX,,-0.125,0.0,-0.08390828129498962
2023-12-11,SUI,,0.05,0.10000000000000003,0.06123903334230103
2023-12-11,TRX,,0.05,-0.095,0.005947152672392337
2023-12-11,UNI,,0.05,0.0,0.028661530354961162
2023-12-11,VET,,0.0,0.0,0.0007560454508918992
2023-12-11,WLD,,0.0,0.10000000000000003,0.025229151083866606
2023-12-11,XLM,,0.0,-0.095,-0.027636404045102512
2023-12-11,XRP,,-0.125,0.0,-0.08616351923630883
2023-12-11,ZEC,,0.05,0.0,0.034339602168386746
2023-12-18,AAVE,,0.0,0.10000000000000003,0.03000000000000001
2023-12-18,ADA,,0.0,-0.05,-0.015
2023-12-18,ALGO,,0.0,0.0,0.0
2023-12-18,APT,,-0.125,0.10000000000000003,-0.05749999999999998
2023-12-18,ARB,,0.0,0.10000000000000003,0.03000000000000001
2023-12-18,ATOM,,0.05,0.0,0.034999999999999996
2023-12-18,AVAX,,-0.05,0.05,-0.019999999999999997
2023-12-18,BCH,,-0.125,0.0,-0.0875
2023-12-18,BNB,,0.05,-0.095,0.006499999999999999
2023-12-18,BONK,,0.0,0.0,0.0
2023-12-18,BTC,,0.0,-0.095,-0.028499999999999998
2023-12-18,CAKE,,-0.125,0.10000000000000003,-0.05749999999999998
2023-12-18,CHZ,,0.05,0.0,0.034999999999999996
2023-12-18,DASH,,0.05,0.0,0.034999999999999996
2023-12-18,DEXE,,-0.05,0.0,-0.034999999999999996
2023-12-18,DOGE,,0.05,-0.095,0.006499999999999999
2023-12-18,DOT,,0.0,0.0,0.0
2023-12-18,ETC,,0.0,-0.095,-0.028499999999999998
2023-12-18,ETH,,0.0,-0.095,-0.028499999999999998
2023-12-18,FET,,0.0,0.0,0.0
2023-12-18,FIL,,-0.125,0.0,-0.0875
2023-12-18,HBAR,,0.0,-0.095,-0.028499999999999998
2023-12-18,ICP,,-0.05,0.0,-0.034999999999999996
2023-12-18,JST,,0.0,-0.095,-0.028499999999999998
2023-12-18,LINK,,0.0,0.0,0.0
2023-12-18,LTC,,0.05,0.0,0.034999999999999996
2023-12-18,LUNC,,-0.05,0.05,-0.019999999999999997
2023-12-18,NEAR,,-0.05,0.10000000000000003,-0.004999999999999987
2023-12-18,NEXO,,0.0,-0.095,-0.028499999999999998
2023-12-18,PEPE,,0.0,0.10000000000000003,0.03000000000000001
2023-12-18,QNT,,0.0,0.0,0.0
2023-12-18,SHIB,,0.05,0.0,0.034999999999999996
2023-12-18,SOL,,0.0,0.10000000000000003,0.03000000000000001
2023-12-18,STX,,-0.125,0.0,-0.0875
2023-12-18,SUI,,0.05,0.10000000000000003,0.065
2023-12-18,TRX,,0.05,-0.095,0.006499999999999999
2023-12-18,UNI,,0.05,0.0,0.034999999999999996
2023-12-18,VET,,0.0,0.0,0.0
2023-12-18,WLD,,0.0,0.10000000000000003,0.03000000000000001
2023-12-18,XLM,,0.0,-0.095,-0.028499999999999998
2023-12-18,XRP,,-0.125,0.0,-0.0875
2023-12-18,ZEC,,0.05,0.0,0.034999999999999996
2023-12-25,AAVE,,0.0,0.10000000000000003,0.03000000000000001
2023-12-25,ADA,,-0.095,-0.05,-0.06134146341463414
2023-12-25,ALGO,,0.0,0.0,0.0
2023-12-25,APT,,0.0,0.10000000000000003,0.003475609756097578
2023-12-25,ARB,,0.0,0.10000000000000003,0.03000000000000001
2023-12-25,ATOM,,0.05,0.0,0.034999999999999996
2023-12-25,AVAX,,-0.095,0.05,-0.04195121951219512
2023-12-25,BCH,,-0.095,0.0,-0.07286585365853658
2023-12-25,BNB,,0.05,-0.095,0.006499999999999999
2023-12-25,BONK,,0.0,0.0,0.0
2023-12-25,BTC,,0.0,-0.095,-0.028499999999999998
2023-12-25,CAKE,,-0.095,0.10000000000000003,-0.04286585365853656
2023-12-25,CHZ,,0.0,0.0,0.010609756097560971
2023-12-25,DASH,,0.05,0.0,0.034999999999999996
2023-12-25,DEXE,,-0.095,0.0,-0.05695121951219512
2023-12-25,DOGE,,0.0,-0.095,-0.017890243902439026
2023-12-25,DOT,,0.0,0.0,0.0
2023-12-25,ETC,,0.0,-0.095,-0.028499999999999998
2023-12-25,ETH,,0.05,-0.095,-0.004109756097560972
2023-12-25,FET,,0.0,0.0,0.0
2023-12-25,FIL,,0.0,0.0,-0.026524390243902435
2023-12-25,HBAR,,0.0,-0.095,-0.028499999999999998
2023-12-25,ICP,,-0.05,0.0,-0.034999999999999996
2023-12-25,JST,,0.0,-0.095,-0.028499999999999998
2023-12-25,LINK,,0.0,0.0,0.0
2023-12-25,LTC,,0.05,0.0,0.034999999999999996
2023-12-25,LUNC,,0.0,0.05,0.004390243902439028
2023-12-25,NEAR,,-0.095,0.10000000000000003,-0.0269512195121951
2023-12-25,NEXO,,0.05,-0.095,-0.004109756097560972
2023-12-25,PEPE,,-0.095,0.10000000000000003,-0.01634146341463413
2023-12-25,QNT,,0.0,0.0,0.0
2023-12-25,SHIB,,0.05,0.0,0.034999999999999996
2023-12-25,SOL,,-0.095,0.10000000000000003,-0.01634146341463413
2023-12-25,STX,,-0.095,0.0,-0.07286585365853658
2023-12-25,SUI,,0.05,0.10000000000000003,0.065
2023-12-25,TRX,,0.05,-0.095,0.006499999999999999
2023-12-25,UNI,,0.05,0.0,0.034999999999999996
2023-12-25,VET,,0.0,0.0,0.0
2023-12-25,WLD,,-0.095,0.10000000000000003,-0.01634146341463413
2023-12-25,XLM,,0.0,-0.095,-0.028499999999999998
2023-12-25,XRP,,0.0,0.0,-0.026524390243902435
2023-12-25,ZEC,,0.05,0.0,0.034999999999999996
2024-01-01,AAVE,,0.0,0.0,0.015930931932781126
2024-01-01,ADA,,0.0,0.0,-0.03257422261052399
2024-01-01,ALGO,,-0.095,0.10625000000000001,-0.01623804939424845
2024-01-01,APT,,0.0,0.0,0.001845656748310017
2024-01-01,ARB,,0.0,0.0,0.015930931932781126
2024-01-01,ATOM,,0.05,0.0,0.034999999999999996
2024-01-01,AVAX,,-0.095,0.10625000000000001,-0.03851545014577977
2024-01-01,BCH,,0.0,-0.095,-0.05205964649246249
2024-01-01,BNB,,0.0,-0.095,-0.009913912745088693
2024-01-01,BONK,,0.0,0.10625000000000001,0.014948384821420059
2024-01-01,BTC,,0.05,-0.095,-0.012086087254911306
2024-01-01,CAKE,,-0.095,0.10625000000000001,-0.03900114929007187
2024-01-01,CHZ,,0.0,0.0,0.005634110073788443
2024-01-01,DASH,,0.0,0.0,0.018586087254911305
2024-01-01,DEXE,,0.0,0.10625000000000001,-0.015294481896501823
2024-01-01,DOGE,,0.05,0.0,0.006913637482735071
2024-01-01,DOT,,-0.095,0.10625000000000001,-0.01623804939424845
2024-01-01,ETC,,0.0,0.0,-0.015134385336142064
2024-01-01,ETH,,0.05,-0.095,0.0008658899262115561
2024-01-01,FET,,0.0,-0.05,-0.007034534033609439
2024-01-01,FIL,,-0.095,0.0,-0.04527170940013962
2024-01-01,HBAR,,0.0,0.0,-0.015134385336142064
2024-01-01,ICP,,-0.05,0.0,-0.034999999999999996
2024-01-01,JST,,0.05,-0.095,-0.012086087254911306
2024-01-01,LINK,,0.0,0.0,0.0
2024-01-01,LTC,,0.05,-0.095,0.021634385336142065
2024-01-01,LUNC,,0.05,0.10625000000000001,0.033693653459110864
2024-01-01,NEAR,,-0.095,0.05,-0.03846383496719982
2024-01-01,NEXO,,0.0,-0.095,-0.015548022818877134
2024-01-01,PEPE,,0.0,0.10625000000000001,0.0062705601100677515
2024-01-01,QNT,,-0.095,0.0,-0.03118643421566851
2024-01-01,SHIB,,0.0,0.0,0.018586087254911305
2024-01-01,SOL,,-0.095,0.05,-0.03282972489341138
2024-01-01,STX,,-0.095,-0.095,-0.083246080708131
2024-01-01,SUI,,0.0,0.0,0.03451701918769243
2024-01-01,TRX,,0.05,-0.095,0.006499999999999999
2024-01-01,UNI,,0.0,0.0,0.018586087254911305
2024-01-01,VET,,0.0,0.0,0.0
2024-01-01,WLD,,-0.095,0.05,-0.03282972489341138
2024-01-01,XLM,,0.05,-0.095,-0.012086087254911306
2024-01-01,XRP,,0.05,0.0,0.002328637560617578
2024-01-01,ZEC,,0.05,0.0,0.034999999999999996
2024-01-08,AAVE,,0.0,0.0,0.005084325599781385
2024-01-08,ADA,,0.0,0.0,-0.010395999092235916
2024-01-08,ALGO,,0.0,0.10625000000000001,0.012179383609476572
2024-01-08,APT,,0.0,0.0,0.0005890377219258949
2024-01-08,ARB,,0.0,0.0,0.005084325599781385
2024-01-08,ATOM,,0.05,0.0,0.030234036235208275
2024-01-08,AVAX,,0.0,0.10625000000000001,0.005069594965879845
2024-01-08,BCH,,0.0,-0.095,-0.032138158641935144
2024-01-08,BNB,,0.0,-0.095,-0.018687430591781795
2024-01-08,BONK,,-0.05,0.10625000000000001,0.003068617705272938
2024-01-08,BTC,,0.05,-0.095,-0.00031682075606341044
2024-01-08,CAKE,,-0.05,0.10625000000000001,-0.014149270020109638
2024-01-08,CHZ,,0.0,0.0,0.0017981151511421959
2024-01-08,DASH,,0.0,0.0,0.005931713199744946
2024-01-08,DEXE,,0.05,0.10625000000000001,0.03154437638011927
2024-01-08,DOGE,,0.05,0.0,0.02127032886681321
2024-01-08,DOT,,-0.05,0.10625000000000001,-0.006884471449690311
2024-01-08,ETC,,-0.05,0.0,-0.023893964378959194
2024-01-08,ETH,,0.05,-0.095,0.003816777292539341
2024-01-08,FET,,0.0,-0.05,-0.010415281300912856
2024-01-08,FIL,,-0.05,0.0,-0.03351223209198562
2024-01-08,HBAR,,0.0,0.0,-0.004830109319792315
2024-01-08,ICP,,-0.05,0.0,-0.030234036235208275
2024-01-08,JST,,0.05,-0.095,-0.00031682075606341044
2024-01-08,LINK,,0.0,0.0,0.0
2024-01-08,LTC,,0.0,-0.095,-0.008618853295693032
2024-01-08,LUNC,,0.0,0.10625000000000001,0.028114988389484764
2024-01-08,NEAR,,-0.05,0.05,-0.023169288756923312
2024-01-08,NEXO,,0.05,-0.095,-0.0014216906837571062
2024-01-08,PEPE,,0.0,0.10625000000000001,0.019362962071875982
2024-01-08,QNT,,-0.05,0.0,-0.02901694421413013
2024-01-08,SHIB,,0.05,0.0,0.02499556825891183
2024-01-08,SOL,,-0.05,0.05,-0.021371173605781113
2024-01-08,STX,,-0.05,-0.095,-0.06115510285606528
2024-01-08,SUI,,-0.05,0.0,-0.008047816259640551
2024-01-08,TRX,,0.05,-0.095,0.005614892443681537
2024-01-08,UNI,,0.0,0.0,0.005931713199744946
2024-01-08,VET,,0.0,0.0,0.0
2024-01-08,WLD,,0.0,0.05,-0.0023073185466142322
2024-01-08,XLM,,0.05,-0.095,-0.00031682075606341044
2024-01-08,XRP,,0.05,0.0,0.019807035157607837
2024-01-08,ZEC,,0.0,0.0,0.011170181176041395
2024-01-15,AAVE,,0.0,0.0,0.002388031054410778
2024-01-15,ADA,,0.0,0.0,-0.004882843985238296
2024-01-15,ALGO,,0.05,0.10625000000000001,0.04118529387922652
2024-01-15,APT,,0.0,0.0,0.00027666213435246947
2024-01-15,ARB,,-0.10000000000000003,0.0,-0.0347340246581616
2024-01-15,ATOM,,0.05,0.0,0.03276149869807541
2024-01-15,AVAX,,0.0,0.10625000000000001,0.019284905524089506
2024-01-15,BCH,,-0.10000000000000003,-0.095,-0.06733084395740618
2024-01-15,BNB,,0.0,-0.095,-0.02389118413828693
2024-01-15,BONK,,-0.05,0.10625000000000001,-0.00021595117354872555
2024-01-15,BTC,,0.0,-0.095,-0.015262785756789512
2024-01-15,CAKE,,-0.10000000000000003,0.10625000000000001,-0.026863961221010813
2024-01-15,CHZ,,0.0,0.0,0.0008445475680233234
2024-01-15,DASH,,0.05,0.0,0.021347064086432086
2024-01-15,DEXE,,0.0,0.10625000000000001,0.03171971107207791
2024-01-15,DOGE,,0.05,0.0,0.028551380534262587
2024-01-15,DOT,,0.0,0.10625000000000001,0.013670260815241997
2024-01-15,ETC,,-0.10000000000000003,0.0,-0.04834469042196096
2024-01-15,ETH,,0.0,-0.095,-0.01332129709466693
2024-01-15,FET,,0.0,-0.05,-0.012846626771969788
2024-01-15,FIL,,-0.10000000000000003,0.0,-0.05286224570782449
2024-01-15,HBAR,,0.05,0.0,0.016292398354595942
2024-01-15,ICP,,-0.10000000000000003,0.0,-0.051322526554361605
2024-01-15,JST,,0.0,-0.095,-0.015262785756789512
2024-01-15,LINK,,0.0,0.0,0.0
2024-01-15,LTC,,0.0,-0.095,-0.019162125232651712
2024-01-15,LUNC,,-0.10000000000000003,0.10625000000000001,-0.007013076459009532
2024-01-15,NEAR,,0.0,0.05,-0.0029275392748694673
2024-01-15,NEXO,,0.05,-0.095,0.0027793013576742753
2024-01-15,PEPE,,0.0,0.10625000000000001,0.025998284486813673
2024-01-15,QNT,,0.0,0.0,-0.0136288210751938
2024-01-15,SHIB,,0.05,0.0,0.030301069294130435
2024-01-15,SOL,,0.0,0.05,-0.0020829917068461434
2024-01-15,STX,,-0.10000000000000003,-0.095,-0.08095966503259999
2024-01-15,SUI,,-0.05,0.0,-0.022340965779427843
2024-01-15,TRX,,0.05,-0.095,0.006084278329642576
2024-01-15,UNI,,0.05,0.0,0.021347064086432086
2024-01-15,VET,,0.05,0.0,0.01856102785628618
2024-01-15,WLD,,0.0,0.05,0.006871013500852204
2024-01-15,XLM,,0.0,-0.095,-0.015262785756789512
2024-01-15,XRP,,-0.10000000000000003,0.0,-0.02781899002098736
2024-01-15,ZEC,,0.05,0.0,0.023807493490377064
2024-01-22,AAVE,,0.0,0.0,0.0005833399366360203
2024-01-22,ADA,,0.0,0.0,-0.001192764179381781
2024-01-22,ALGO,,0.0,0.10625000000000001,0.029331549142011887
2024-01-22,APT,,-0.10000000000000003,0.0,-0.042252932321418274
2024-01-22,ARB,,-0.10000000000000003,0.0,-0.05080522136196758
2024-01-22,ATOM,,0.05,0.0,0.029163122373847494
2024-01-22,AVAX,,-0.10000000000000003,0.10625000000000001,-0.01833871609198219
2024-01-22,BCH,,0.0,-0.095,-0.03367783998641144
2024-01-22,BNB,,0.05,-0.095,-0.0019062934799573966
2024-01-22,BONK,,-0.05,0.10625000000000001,-0.0019420604810667262
2024-01-22,BTC,,0.05,-0.095,0.00020142172577092797
2024-01-22,CAKE,,0.0,0.10625000000000001,0.012708713318758585
2024-01-22,CHZ,,-0.10000000000000003,0.0,-0.04211421123892556
2024-01-22,DASH,,0.05,0.0,0.026374843908710477
2024-01-22,DEXE,,0.05,0.10625000000000001,0.0481795866244448
2024-01-22,DOGE,,0.0,0.0,0.006974432129333061
2024-01-22,DOT,,0.0,0.10625000000000001,0.02261027237534812
2024-01-22,ETC,,-0.10000000000000003,0.0,-0.05412998754939381
2024-01-22,ETH,,0.0,-0.095,-0.020484575356766895
2024-01-22,FET,,0.0,-0.05,-0.012206811049045203
2024-01-22,FIL,,0.0,0.0,-0.012913005886034716
2024-01-22,HBAR,,0.05,0.0,0.025140107709497567
2024-01-22,ICP,,-0.10000000000000003,0.0,-0.05485740302314931
2024-01-22,JST,,0.05,-0.095,0.00020142172577092797
2024-01-22,LINK,,-0.10000000000000003,0.0,-0.04232051438724806
2024-01-22,LTC,,0.0,-0.095,-0.021911352579626175
2024-01-22,LUNC,,-0.10000000000000003,0.10625000000000001,-0.024762695845236004
2024-01-22,NEAR,,0.0,0.05,0.008353552522422023
2024-01-22,NEXO,,0.05,-0.095,0.004608680138383876
2024-01-22,PEPE,,0.0,0.10625000000000001,0.02562171920479331
2024-01-22,QNT,,0.0,0.0,-0.003329201103872935
2024-01-22,SHIB,,0.05,0.0,0.028562097219696474
2024-01-22,SOL,,0.0,0.05,0.008559855670744517
2024-01-22,STX,,-0.10000000000000003,-0.095,-0.07932755547753242
2024-01-22,SUI,,-0.05,0.0,-0.02661763076424307
2024-01-22,TRX,,0.05,-0.095,0.005416008440857392
2024-01-22,UNI,,0.0,0.0,0.0052145867150864625
2024-01-22,VET,,0.0,0.0,0.004534023455677771
2024-01-22,WLD,,0.0,0.05,0.010747108981730511
2024-01-22,XLM,,0.05,-0.095,0.00020142172577092797
2024-01-22,XRP,,0.0,0.0,-0.006795526317024767
2024-01-22,ZEC,,0.0,0.0,0.005815611869237482
2024-01-29,AAVE,,0.0,0.0,0.0
2024-01-29,ADA,,0.0,0.0,0.0
2024-01-29,ALGO,,0.0,0.10000000000000003,0.024000000000000007
2024-01-29,APT,,-0.10000000000000003,0.0,-0.05600000000000002
2024-01-29,ARB,,-0.10000000000000003,0.0,-0.05600000000000002
2024-01-29,ATOM,,0.0,0.0,0.0
2024-01-29,AVAX,,-0.10000000000000003,0.10000000000000003,-0.03200000000000001
2024-01-29,BCH,,0.0,-0.05,-0.012
2024-01-29,BNB,,0.0,-0.05,-0.012
2024-01-29,BONK,,-0.05,0.05,-0.015999999999999997
2024-01-29,BTC,,0.05,-0.05,0.015999999999999997
2024-01-29,CAKE,,0.0,0.10000000000000003,0.024000000000000007
2024-01-29,CHZ,,-0.10000000000000003,0.0,-0.05600000000000002
2024-01-29,DASH,,0.05,0.0,0.027999999999999997
2024-01-29,DEXE,,0.05,0.10000000000000003,0.052000000000000005
2024-01-29,DOGE,,0.0,0.0,0.0
2024-01-29,DOT,,0.0,0.0,0.0
2024-01-29,ETC,,-0.10000000000000003,0.0,-0.05600000000000002
2024-01-29,ETH,,0.0,-0.05,-0.012
2024-01-29,FET,,0.0,0.0,0.0
2024-01-29,FIL,,0.0,0.10000000000000003,0.024000000000000007
2024-01-29,HBAR,,0.05,0.0,0.027999999999999997
2024-01-29,ICP,,-0.10000000000000003,0.0,-0.05600000000000002
2024-01-29,JST,,0.0,-0.05,-0.012
2024-01-29,LINK,,-0.10000000000000003,0.0,-0.05600000000000002
2024-01-29,LTC,,0.0,-0.05,-0.012
2024-01-29,LUNC,,-0.10000000000000003,0.10000000000000003,-0.03200000000000001
2024-01-29,NEAR,,0.0,0.0,0.0
2024-01-29,NEXO,,0.05,-0.05,0.015999999999999997
2024-01-29,PEPE,,-0.10000000000000003,0.10000000000000003,-0.03200000000000001
2024-01-29,QNT,,0.05,0.0,0.027999999999999997
2024-01-29,SHIB,,0.05,0.0,0.027999999999999997
2024-01-29,SOL,,0.0,0.10000000000000003,0.024000000000000007
2024-01-29,STX,,0.0,-0.05,-0.012
2024-01-29,SUI,,-0.05,0.05,-0.015999999999999997
2024-01-29,TRX,,0.05,-0.05,0.015999999999999997
2024-01-29,UNI,,0.0,0.0,0.0
2024-01-29,VET,,0.05,0.0,0.027999999999999997
2024-01-29,WLD,,0.0,0.10000000000000003,0.024000000000000007
2024-01-29,XLM,,0.05,-0.05,0.015999999999999997
2024-01-29,XRP,,0.0,-0.05,-0.012
2024-01-29,ZEC,,0.05,0.0,0.027999999999999997
2024-02-05,AAVE,,0.05,0.0,0.020689655172413786
2024-02-05,ADA,,0.0,0.0,0.0
2024-02-05,ALGO,,0.0,0.10000000000000003,0.024000000000000007
2024-02-05,APT,,0.0,0.0,-0.01462068965517243
2024-02-05,ARB,,0.0,0.0,-0.01462068965517243
2024-02-05,ATOM,,0.0,0.0,0.0
2024-02-05,AVAX,,-0.05,0.10000000000000003,-0.011310344827586208
2024-02-05,BCH,,-0.05,-0.05,-0.03268965517241379
2024-02-05,BNB,,0.05,-0.05,0.008689655172413786
2024-02-05,BONK,,-0.05,0.05,-0.015999999999999997
2024-02-05,BTC,,0.0,-0.05,-0.004689655172413789
2024-02-05,CAKE,,0.0,0.10000000000000003,0.024000000000000007
2024-02-05,CHZ,,0.0,0.0,-0.01462068965517243
2024-02-05,DASH,,0.05,0.0,0.027999999999999997
2024-02-05,DEXE,,0.0,0.10000000000000003,0.03131034482758622
2024-02-05,DOGE,,0.0,0.0,0.0
2024-02-05,DOT,,0.0,0.0,0.0
2024-02-05,ETC,,0.0,0.0,-0.01462068965517243
2024-02-05,ETH,,0.0,-0.05,-0.012
2024-02-05,FET,,-0.05,0.0,-0.020689655172413786
2024-02-05,FIL,,0.0,0.10000000000000003,0.024000000000000007
2024-02-05,HBAR,,0.0,0.0,0.007310344827586211
2024-02-05,ICP,,-0.05,0.0,-0.035310344827586215
2024-02-05,JST,,0.05,-0.05,0.008689655172413786
2024-02-05,JUP,,0.0,0.0,0.0
2024-02-05,LINK,,-0.05,0.0,-0.035310344827586215
2024-02-05,LTC,,0.05,-0.05,0.008689655172413786
2024-02-05,LUNC,,0.0,0.10000000000000003,0.009379310344827578
2024-02-05,NEAR,,-0.05,0.0,-0.020689655172413786
2024-02-05,NEXO,,0.0,-0.05,-0.004689655172413789
2024-02-05,PEPE,,-0.05,0.10000000000000003,-0.011310344827586208
2024-02-05,QNT,,0.05,0.0,0.027999999999999997
2024-02-05,SHIB,,0.05,0.0,0.027999999999999997
2024-02-05,SOL,,0.0,0.10000000000000003,0.024000000000000007
2024-02-05,STX,,-0.05,-0.05,-0.03268965517241379
2024-02-05,SUI,,-0.05,0.05,-0.015999999999999997
2024-02-05,TRX,,0.05,-0.05,0.015999999999999997
2024-02-05,UNI,,0.0,0.0,0.0
2024-02-05,VET,,0.0,0.0,0.007310344827586211
2024-02-05,WLD,,-0.05,0.10000000000000003,0.0033103448275862216
2024-02-05,XLM,,0.05,-0.05,0.015999999999999997
2024-02-05,XRP,,0.05,-0.05,0.008689655172413786
2024-02-05,ZEC,,0.05,0.0,0.027999999999999997
2024-02-12,AAVE,,0.0,0.0,0.0040553330210414615
2024-02-12,ADA,,0.0,0.0,0.0
2024-02-12,ALGO,,0.0,0.10000000000000003,0.01917604657610203
2024-02-12,APT,,0.05,0.0,0.014018068315440276
2024-02-12,ARB,,0.0,0.0,-0.0028657686682026368
2024-02-12,ATOM,,0.0,0.0,0.0
2024-02-12,AVAX,,0.0,0.10000000000000003,0.012254944886857931
2024-02-12,BCH,,0.0,-0.05,-0.013643356309092476
2024-02-12,BNB,,0.0,-0.05,-0.005532690267009548
2024-02-12,BONK,,-0.095,0.05,-0.0279794843360133
2024-02-12,BTC,,0.0,-0.05,-0.008155138953949693
2024-02-12,CAKE,,0.0,0.10000000000000003,0.01917604657610203
2024-02-12,CHZ,,0.0,0.0,-0.0028657686682026368
2024-02-12,DASH,,0.05,0.0,0.022372054338785693
2024-02-12,DEXE,,0.0,0.10000000000000003,0.020608930910203348
2024-02-12,DOGE,,0.05,0.0,0.016883836983642913
2024-02-12,DOT,,0.0,0.0,0.0
2024-02-12,ETC,,0.05,0.0,0.014018068315440276
2024-02-12,ETH,,0.0,-0.05,-0.009588023288051011
2024-02-12,FET,,-0.095,0.0,-0.03613462328996299
2024-02-12,FIL,,-0.095,0.10000000000000003,-0.012903243692819505
2024-02-12,HBAR,,-0.095,0.0,-0.030646405934820216
2024-02-12,ICP,,0.05,0.0,0.009962735294398818
2024-02-12,JST,,0.05,-0.05,0.011351146716633363
2024-02-12,JUP,,0.0,0.0,0.0
2024-02-12,LINK,,-0.095,0.0,-0.03900039195816563
2024-02-12,LTC,,0.05,-0.05,0.011351146716633363
2024-02-12,LUNC,,0.0,0.10000000000000003,0.016310277907899393
2024-02-12,NEAR,,0.0,0.0,-0.0040553330210414615
2024-02-12,NEXO,,-0.095,-0.05,-0.040234429222871224
2024-02-12,PEPE,,-0.095,0.10000000000000003,-0.0198243453820636
2024-02-12,QNT,,0.0,0.0,0.00548821735514278
2024-02-12,SHIB,,0.05,0.0,0.022372054338785693
2024-02-12,SOL,,0.0,0.10000000000000003,0.01917604657610203
2024-02-12,STX,,-0.095,-0.05,-0.045722646578014
2024-02-12,SUI,,0.0,0.05,0.004099805932908231
2024-02-12,TRX,,0.05,-0.05,0.012784031050734682
2024-02-12,UNI,,0.0,0.0,0.0
2024-02-12,VET,,-0.095,0.0,-0.030646405934820216
2024-02-12,WLD,,-0.05,0.10000000000000003,-0.001763123428582345
2024-02-12,XLM,,0.05,-0.05,0.012784031050734682
2024-02-12,XRP,,0.05,-0.05,0.011351146716633363
2024-02-12,ZEC,,-0.095,0.0,-0.026591072913778754
2024-02-19,AAVE,,0.0,0.0,0.002495897471274473
2024-02-19,ADA,,0.0,0.0,0.0
2024-02-19,ALGO,,0.0,0.10000000000000003,0.023338283726705707
2024-02-19,APT,,0.095,0.0,0.034199441722926
2024-02-19,ARB,,0.0,0.0,-0.0017637675463672967
2024-02-19,ATOM,,0.095,0.0,0.025571873757700075
2024-02-19,AVAX,,-0.10625000000000001,0.10000000000000003,-0.00952150325678483
2024-02-19,BCH,,-0.10625000000000001,-0.05,-0.04276516130047609
2024-02-19,BNB,,0.095,-0.05,0.016398629365621697
2024-02-19,BONK,,0.0,0.05,-0.011452176853132396
2024-02-19,BTC,,0.0,-0.05,-0.010787258090169201
2024-02-19,CAKE,,-0.10625000000000001,0.10000000000000003,-0.005261838239143061
2024-02-19,CHZ,,0.095,0.0,0.023808106211332777
2024-02-19,DASH,,0.095,0.0,0.03934099051375142
2024-02-19,DEXE,,-0.10625000000000001,0.10000000000000003,-0.004379954465959408
2024-02-19,DOGE,,0.095,0.0,0.03596320926929329
2024-02-19,DOT,,0.0,0.0,0.0
2024-02-19,ETC,,0.0,0.0,0.00862756796522593
2024-02-19,ETH,,0.095,-0.05,0.013902731894347223
2024-02-19,FET,,0.0,0.0,-0.0222394349433016
2024-02-19,FIL,,0.0,0.10000000000000003,0.003594746254678583
2024-02-19,HBAR,,0.0,0.0,-0.01886165369884348
2024-02-19,ICP,,-0.10625000000000001,0.0,-0.022468451471897306
2024-02-19,JST,,0.0,-0.05,0.0012180911195148487
2024-02-19,JUP,,0.0,0.0,0.0
2024-02-19,LINK,,0.0,0.0,-0.024003202489668897
2024-02-19,LTC,,0.095,-0.05,0.02678996487721492
2024-02-19,LUNC,,-0.10625000000000001,0.10000000000000003,-0.007025605785510355
2024-02-19,NEAR,,-0.10625000000000001,0.0,-0.03109601943712324
2024-02-19,NEXO,,0.0,-0.05,-0.030530795562196327
2024-02-19,PEPE,,0.0,0.10000000000000003,-0.0006649187629631861
2024-02-19,QNT,,0.0,0.0,0.0033777812444581216
2024-02-19,SHIB,,0.095,0.0,0.03934099051375142
2024-02-19,SOL,,0.0,0.10000000000000003,0.023338283726705707
2024-02-19,STX,,-0.05,-0.05,-0.04736745773175975
2024-02-19,SUI,,0.0,0.05,0.008291360618894728
2024-02-19,TRX,,0.095,-0.05,0.02767184865039857
2024-02-19,UNI,,0.0,0.0,0.0
2024-02-19,VET,,-0.05,0.0,-0.03232053462394878
2024-02-19,WLD,,-0.05,0.10000000000000003,-0.0030078301812672924
2024-02-19,XLM,,0.0,-0.05,0.002099974892698496
2024-02-19,XRP,,-0.10625000000000001,-0.05,-0.02738203084633392
2024-02-19,ZEC,,0.05,0.0,-0.002906875302463703
2024-02-26,AAVE,,0.0,0.0,0.0013942595861353535
2024-02-26,ADA,,0.0,0.0,0.0
2024-02-26,ALGO,,0.05,0.0,0.02848552579103792
2024-02-26,APT,,0.05,0.11428571428571431,0.04968580185924516
2024-02-26,ARB,,0.0,0.11428571428571431,0.014147733379821269
2024-02-26,ATOM,,0.05,0.0,0.029733255053979186
2024-02-26,AVAX,,-0.125,0.0,-0.04393961026125978
2024-02-26,BCH,,-0.05,0.0,-0.039337778576917136
2024-02-26,BNB,,0.05,-0.10000000000000003,0.011367508459274476
2024-02-26,BONK,,0.0,0.05,0.0002232707568732735
2024-02-26,BTC,,0.0,-0.10000000000000003,-0.0192673677937389
2024-02-26,CAKE,,-0.125,0.0,-0.04156007390092212
2024-02-26,CHZ,,0.05,-0.10000000000000003,0.015506594395006228
2024-02-26,DASH,,0.05,-0.10000000000000003,0.024183582567889775
2024-02-26,DEXE,,-0.05,0.11428571428571431,-0.002762003561448758
2024-02-26,DOGE,,-0.05,0.0,0.004641506081625751
2024-02-26,DOT,,0.0,0.0,0.0
2024-02-26,ETC,,0.0,0.0,0.004819536651242396
2024-02-26,ETH,,0.05,-0.10000000000000003,0.009973248873139122
2024-02-26,FET,,0.0,0.11428571428571431,0.002709605059543277
2024-02-26,FIL,,0.05,0.0,0.017456380282692967
2024-02-26,HBAR,,0.05,0.0,0.004911774077655275
2024-02-26,ICP,,-0.125,0.0,-0.051172041427953924
2024-02-26,JST,,0.0,-0.10000000000000003,-0.012560933169259995
2024-02-26,JUP,,0.0,0.11428571428571431,0.015133010154023586
2024-02-26,LINK,,0.0,0.0,-0.013408681868682628
2024-02-26,LTC,,0.0,-0.05,0.00834473262820544
2024-02-26,LUNC,,-0.125,0.11428571428571431,-0.027412340521100843
2024-02-26,NEAR,,0.0,0.0,-0.017370875081948636
2024-02-26,NEXO,,0.0,0.0,-0.01705512941731322
2024-02-26,PEPE,,-0.125,0.05,-0.032371448331406136
2024-02-26,QNT,,0.0,0.0,0.0018868979732365127
2024-02-26,SHIB,,-0.05,0.05,0.013149095997247586
2024-02-26,SOL,,0.0,0.0,0.013037244592138852
2024-02-26,STX,,0.0,0.0,-0.02646043468269716
2024-02-26,SUI,,0.0,0.11428571428571431,0.019764734476856498
2024-02-26,TRX,,0.05,-0.10000000000000003,0.01766496027182035
2024-02-26,UNI,,0.0,0.0,0.0
2024-02-26,VET,,0.0,-0.05,-0.02467560635577654
2024-02-26,WLD,,-0.05,0.05,-0.0105078249681024
2024-02-26,XLM,,0.0,-0.10000000000000003,-0.012068294782158834
2024-02-26,XRP,,-0.125,-0.10000000000000003,-0.06715825166232096
2024-02-26,ZEC,,0.05,0.0,0.013824440955938055
2024-03-04,AAVE,,0.0,0.0,0.0003217824496507223
2024-03-04,ADA,,0.0,0.0,0.0
2024-03-04,ALGO,,0.05,0.0,0.03349651851779144
2024-03-04,APT,,0.05,0.11428571428571431,0.06476223250639188
2024-03-04,ARB,,0.0,0.11428571428571431,0.029638051188141983
2024-03-04,ATOM,,0.05,0.0,0.03378448309965457
2024-03-04,AVAX,,-0.125,0.0,-0.07744665766887454
2024-03-04,BCH,,-0.05,0.0,-0.03600111989933796
2024-03-04,BNB,,0.05,-0.10000000000000003,0.0064695631219408465
2024-03-04,BONK,,0.0,0.05,0.011589665094676868
2024-03-04,BTC,,0.0,-0.10000000000000003,-0.027523005961821195
2024-03-04,CAKE,,-0.125,0.0,-0.07689748228813731
2024-03-04,CHZ,,0.05,-0.10000000000000003,0.00742482656424313
2024-03-04,DASH,,0.05,-0.10000000000000003,0.009427396629118952
2024-03-04,DEXE,,-0.125,0.11428571428571431,-0.041570357206963074
2024-03-04,DOGE,,-0.05,0.0,-0.02585110042517491
2024-03-04,DOT,,0.0,0.0,0.0
2024-03-04,ETC,,0.0,0.0,0.0011123052875088228
2024-03-04,ETH,,0.05,-0.10000000000000003,0.006147780672290125
2024-03-04,FET,,0.0,0.11428571428571431,0.026998235054246637
2024-03-04,FIL,,0.05,0.0,0.030951091902460308
2024-03-04,HBAR,,0.05,0.0,0.02805591072192453
2024-03-04,ICP,,-0.125,0.0,-0.07911583709635824
2024-03-04,JST,,0.0,-0.10000000000000003,-0.025975221759118393
2024-03-04,JUP,,0.0,0.11428571428571431,0.029865444119228493
2024-03-04,LINK,,0.0,0.0,-0.0030946019960683673
2024-03-04,LTC,,0.0,-0.05,-0.009612247729013756
2024-03-04,LUNC,,-0.125,0.11428571428571431,-0.04725943109999532
2024-03-04,NEAR,,0.0,0.0,-0.0040090402045860375
2024-03-04,NEXO,,0.0,0.0,-0.003936168972827395
2024-03-04,PEPE,,-0.05,0.05,-0.022855217915941757
2024-03-04,QNT,,0.0,0.0,0.00043547891519397767
2024-03-04,SHIB,,-0.05,0.05,-0.012349489707818469
2024-03-04,SOL,,0.0,0.0,0.003008877646079034
2024-03-04,STX,,0.0,0.0,-0.0061068280079909325
2024-03-04,SUI,,0.0,0.11428571428571431,0.03093440402707403
2024-03-04,TRX,,0.05,-0.10000000000000003,0.007922957806079437
2024-03-04,UNI,,0.0,0.0,0.0
2024-03-04,VET,,0.0,-0.05,-0.017233042071919898
2024-03-04,WLD,,-0.05,0.05,-0.01780929221168653
2024-03-04,XLM,,0.0,-0.10000000000000003,-0.025861525293575136
2024-03-04,XRP,,-0.125,-0.10000000000000003,-0.10588158169333473
2024-03-04,ZEC,,0.05,0.0,0.03011287329154481
2024-03-11,AAVE,,0.0,0.0,6.1068948610918826e-06
2024-03-11,ADA,,0.0,0.0,0.0
2024-03-11,ALGO,,0.05,0.0,0.034971466426004856
2024-03-11,APT,,0.05,0.11428571428571431,0.06919986613687219
2024-03-11,ARB,,0.0,0.11428571428571431,0.03419750938231618
2024-03-11,ATOM,,0.05,0.0,0.03497693151406999
2024-03-11,AVAX,,0.0,0.0,-0.0014698085499696006
2024-03-11,BCH,,-0.05,0.0,-0.035018999587998784
2024-03-11,BNB,,0.0,-0.10000000000000003,-0.02930786844385892
2024-03-11,BONK,,-0.05,0.05,-0.019400480779359797
2024-03-11,BTC,,0.0,-0.10000000000000003,-0.029952990779394197
2024-03-11,CAKE,,-0.11428571428571431,0.0,-0.07994111938208072
2024-03-11,CHZ,,0.05,-0.10000000000000003,0.0050460191688523875
2024-03-11,DASH,,0.05,-0.10000000000000003,0.005084024612752268
2024-03-11,DEXE,,-0.11428571428571431,0.11428571428571431,-0.04563564085427682
2024-03-11,DOGE,,-0.11428571428571431,0.0,-0.07897234408866546
2024-03-11,DOT,,0.0,0.0,0.0
2024-03-11,ETC,,0.0,0.0,2.1109701450859478e-05
2024-03-11,ETH,,0.05,-0.10000000000000003,0.00502178296515821
2024-03-11,FET,,0.0,0.11428571428571431,0.0341474100695668
2024-03-11,FIL,,0.0,0.0,0.0005874001652031793
2024-03-11,HBAR,,0.05,0.0,0.03486821275314028
2024-03-11,ICP,,0.0,0.0,-0.0015014867949422611
2024-03-11,JST,,0.0,-0.10000000000000003,-0.029923616413564662
2024-03-11,JUP,,-0.11428571428571431,0.11428571428571431,-0.04427990834465603
2024-03-11,LINK,,0.0,0.0,-5.87303908197224e-05
2024-03-11,LTC,,0.0,-0.05,-0.014897749436949603
2024-03-11,LUNC,,-0.11428571428571431,0.11428571428571431,-0.04574360999976453
2024-03-11,NEAR,,0.0,0.0,-7.608490472327516e-05
2024-03-11,NEXO,,0.0,0.0,-7.470193013522225e-05
2024-03-11,PEPE,,-0.05,0.05,-0.020054187279750925
2024-03-11,QNT,,0.05,0.0,0.0343440229682569
2024-03-11,SHIB,,-0.05,0.05,-0.019854806059066404
2024-03-11,SOL,,0.0,0.0,5.710348545869817e-05
2024-03-11,STX,,0.0,0.0,-0.00011589742268433914
2024-03-11,SUI,,0.05,0.11428571428571431,0.06855787030358024
2024-03-11,TRX,,0.05,-0.10000000000000003,0.005055472870022918
2024-03-11,UNI,,0.0,0.0,0.0
2024-03-11,VET,,0.0,-0.05,-0.015042379418667524
2024-03-11,WLD,,-0.11428571428571431,0.05,-0.06410439897764297
2024-03-11,XLM,,0.0,-0.10000000000000003,-0.029921458644047074
2024-03-11,XRP,,-0.11428571428571431,-0.10000000000000003,-0.10992183928110408
2024-03-11,ZEC,,0.05,0.0,0.03490725047617182
2024-03-18,AAVE,,0.0,0.0,0.0
2024-03-18,ADA,,0.0,0.0,0.0
2024-03-18,ALGO,,0.05,0.0,0.034999999999999996
2024-03-18,APT,,0.05,0.11428571428571431,0.06928571428571428
2024-03-18,ARB,,0.0,0.11428571428571431,0.034285714285714294
2024-03-18,ATOM,,0.05,0.0,0.034999999999999996
2024-03-18,AVAX,,0.0,0.0,0.0
2024-03-18,BCH,,-0.10625000000000001,0.0,-0.074375
2024-03-18,BNB,,0.0,-0.10000000000000003,-0.03000000000000001
2024-03-18,BONK,,-0.05,0.05,-0.019999999999999997
2024-03-18,BTC,,0.0,-0.10000000000000003,-0.03000000000000001
2024-03-18,CAKE,,-0.10625000000000001,0.0,-0.074375
2024-03-18,CHZ,,0.05,-0.10000000000000003,0.004999999999999987
2024-03-18,DASH,,0.05,-0.10000000000000003,0.004999999999999987
2024-03-18,DEXE,,-0.10625000000000001,0.11428571428571431,-0.0400892857142857
2024-03-18,DOGE,,-0.10625000000000001,0.0,-0.074375
2024-03-18,DOT,,0.0,0.0,0.0
2024-03-18,ETC,,0.0,0.0,0.0
2024-03-18,ETH,,0.05,-0.10000000000000003,0.004999999999999987
2024-03-18,FET,,0.0,0.11428571428571431,0.034285714285714294
2024-03-18,FIL,,0.0,0.0,0.0
2024-03-18,HBAR,,0.05,0.0,0.034999999999999996
2024-03-18,ICP,,0.0,0.0,0.0
2024-03-18,JST,,0.0,-0.10000000000000003,-0.03000000000000001
2024-03-18,JUP,,-0.10625000000000001,0.11428571428571431,-0.0400892857142857
2024-03-18,LINK,,0.0,0.0,0.0
2024-03-18,LTC,,0.0,-0.05,-0.015
2024-03-18,LUNC,,-0.10625000000000001,0.11428571428571431,-0.0400892857142857
2024-03-18,NEAR,,0.0,0.0,0.0
2024-03-18,NEXO,,0.0,0.0,0.0
2024-03-18,PEPE,,-0.05,0.05,-0.019999999999999997
2024-03-18,QNT,,0.05,0.0,0.034999999999999996
2024-03-18,SHIB,,-0.05,0.05,-0.019999999999999997
2024-03-18,SOL,,0.0,0.0,0.0
2024-03-18,STX,,0.0,0.0,0.0
2024-03-18,SUI,,0.05,0.11428571428571431,0.06928571428571428
2024-03-18,TRX,,0.05,-0.10000000000000003,0.004999999999999987
2024-03-18,UNI,,0.0,0.0,0.0
2024-03-18,VET,,0.0,-0.05,-0.015
2024-03-18,WLD,,-0.10625000000000001,0.05,-0.059375
2024-03-18,XLM,,0.0,-0.10000000000000003,-0.03000000000000001
2024-03-18,XRP,,-0.10625000000000001,-0.10000000000000003,-0.10437500000000001
2024-03-18,ZEC,,0.05,0.0,0.034999999999999996
2024-03-25,AAVE,,0.0,-0.095,-0.012193444877377951
2024-03-25,ADA,,0.05,0.0,0.014974405989762395
2024-03-25,ALGO,,0.05,0.0,0.031256398502559395
2024-03-25,APT,,0.05,0.0,0.047206105453870745
2024-03-25,ARB,,0.05,0.10000000000000003,0.04375931807515581
2024-03-25,ATOM,,0.0,0.0,0.016281992512797
2024-03-25,AVAX,,-0.05,0.0,-0.014974405989762395
2024-03-25,BCH,,-0.05,0.0,-0.04957364007945603
2024-03-25,BNB,,0.0,-0.095,-0.02614943845977539
2024-03-25,BONK,,0.0,0.10000000000000003,0.00353120941248377
2024-03-25,BTC,,0.0,-0.095,-0.02614943845977539
2024-03-25,CAKE,,0.0,-0.095,-0.04679267896707158
2024-03-25,CHZ,,0.05,0.0,0.01730040492016196
2024-03-25,DASH,,0.05,0.0,0.01730040492016196
2024-03-25,DEXE,,-0.05,-0.05,-0.040041535695185704
2024-03-25,DOGE,,-0.05,0.0,-0.04957364007945603
2024-03-25,DOT,,0.05,0.0,0.014974405989762395
2024-03-25,ETC,,0.0,0.0,0.0
2024-03-25,ETH,,0.0,0.0,0.002325998930399566
2024-03-25,FET,,-0.05,0.0,0.0009753009615489638
2024-03-25,FIL,,0.0,0.10000000000000003,0.012835205134082059
2024-03-25,HBAR,,0.0,0.0,0.016281992512797
2024-03-25,ICP,,0.0,0.0,0.0
2024-03-25,JST,,0.0,-0.095,-0.02614943845977539
2024-03-25,JUP,,-0.05,0.05,-0.027206330561103644
2024-03-25,LINK,,0.0,0.0,0.0
2024-03-25,LTC,,0.0,-0.095,-0.019171441668576667
2024-03-25,LUNC,,0.0,0.10000000000000003,-0.005814322004300217
2024-03-25,NEAR,,-0.05,0.05,-0.008556803422721368
2024-03-25,NEXO,,0.05,-0.095,0.002780961112384445
2024-03-25,PEPE,,-0.05,0.10000000000000003,-0.011443196577278623
2024-03-25,QNT,,0.05,0.0,0.031256398502559395
2024-03-25,SHIB,,-0.05,0.10000000000000003,-0.011443196577278623
2024-03-25,SOL,,-0.05,0.0,-0.014974405989762395
2024-03-25,STX,,-0.05,0.0,-0.014974405989762395
2024-03-25,SUI,,0.0,0.0,0.03223169946410835
2024-03-25,TRX,,0.05,-0.095,0.005106960042784011
2024-03-25,UNI,,0.0,0.10000000000000003,0.012835205134082059
2024-03-25,VET,,0.0,0.0,-0.006977996791198716
2024-03-25,WLD,,0.0,0.10000000000000003,-0.014786032164412856
2024-03-25,XLM,,0.05,-0.095,-0.011175032470012992
2024-03-25,XRP,,0.0,-0.095,-0.06074867254946902
2024-03-25,ZEC,,0.0,0.10000000000000003,0.02911719764687906
2024-04-01,AAVE,,0.05,-0.095,0.0006535390729981473
2024-04-01,ADA,,0.05,0.0,0.024595248690754922
2024-04-01,ALGO,,0.0,0.0,0.008170089106126967
2024-04-01,APT,,0.0,0.0,0.012339172341937259
2024-04-01,ARB,,0.05,0.10000000000000003,0.04984597366149802
2024-04-01,ATOM,,0.05,0.0,0.024937037857740645
2024-04-01,AVAX,,-0.095,0.0,-0.043208237539820796
2024-04-01,BCH,,-0.095,0.0,-0.05225210820500303
2024-04-01,BNB,,0.0,-0.095,-0.023675507479520165
2024-04-01,BONK,,0.0,0.10000000000000003,0.018649676514043458
2024-04-01,BTC,,0.05,-0.095,-0.00299440875833586
2024-04-01,CAKE,,0.0,-0.095,-0.029071430313368382
2024-04-01,CHZ,,0.05,0.0,0.025203239995977254
2024-04-01,DASH,,0.0,0.0,0.004522141274792956
2024-04-01,DEXE,,-0.095,-0.05,-0.058623845836659125
2024-04-01,DOGE,,-0.095,0.0,-0.05225210820500303
2024-04-01,DOT,,0.0,0.0,0.003914149969570624
2024-04-01,ETC,,0.0,0.0,0.0
2024-04-01,ETH,,0.05,0.0,0.021289090026406634
2024-04-01,FET,,0.0,0.0,0.00025493326623967467
2024-04-01,FIL,,0.0,0.10000000000000003,0.0210816417349328
2024-04-01,HBAR,,0.05,0.0,0.024937037857740645
2024-04-01,ICP,,-0.095,0.0,-0.03929408757025017
2024-04-01,JST,,0.0,-0.095,-0.023675507479520165
2024-04-01,JUP,,-0.05,0.05,-0.018929215252660458
2024-04-01,LINK,,0.0,0.0,0.0
2024-04-01,LTC,,0.0,-0.095,-0.021851533563853158
2024-04-01,LUNC,,0.0,0.10000000000000003,0.016206854305560868
2024-04-01,NEAR,,-0.095,0.05,-0.0326674166723544
2024-04-01,NEXO,,0.05,-0.095,0.004567689042568771
2024-04-01,PEPE,,-0.095,0.10000000000000003,-0.024558561025777328
2024-04-01,QNT,,0.0,0.0,0.008170089106126967
2024-04-01,SHIB,,-0.095,0.10000000000000003,-0.024558561025777328
2024-04-01,SOL,,-0.095,0.0,-0.043208237539820796
2024-04-01,STX,,-0.095,0.0,-0.043208237539820796
2024-04-01,SUI,,0.0,0.0,0.008425022372366638
2024-04-01,TRX,,0.05,-0.095,0.005175680347791105
2024-04-01,UNI,,0.0,0.10000000000000003,0.0210816417349328
2024-04-01,VET,,0.0,0.0,-0.0018239739156670045
2024-04-01,WLD,,0.0,0.10000000000000003,0.013861744985417573
2024-04-01,XLM,,0.0,-0.095,-0.01976135750994954
2024-04-01,XRP,,0.0,-0.095,-0.032719378144702396
2024-04-01,ZEC,,0.05,0.10000000000000003,0.046018679592673445
2024-04-08,AAVE,,0.0,-0.095,-0.01951725453205772
2024-04-08,ADA,,0.05,0.0,0.027523443694569626
2024-04-08,ALGO,,0.0,0.0,0.0011435512100048438
2024-04-08,APT,,-0.05,0.0,-0.022353805846790302
2024-04-08,ARB,,0.05,0.10000000000000003,0.051698505194523646
2024-04-08,ATOM,,0.0,0.0,0.0034903878581655154
2024-04-08,AVAX,,0.05,0.0,0.018033123856640958
2024-04-08,BCH,,-0.05,0.0,-0.031394519609608845
2024-04-08,BNB,,0.05,-0.095,0.0011583523400073847
2024-04-08,BONK,,-0.05,0.10000000000000003,-0.0008297695842229107
2024-04-08,BTC,,0.05,-0.095,0.004053044816384939
2024-04-08,CAKE,,-0.05,-0.095,-0.04775869508470989
2024-04-08,CHZ,,0.0,0.0,0.003527647644849856
2024-04-08,DASH,,0.0,0.0,0.0006329551684723044
2024-04-08,DEXE,,-0.05,-0.05,-0.04260674285981579
2024-04-08,DOGE,,-0.05,0.0,-0.031394519609608845
2024-04-08,DOT,,0.05,0.0,0.024628751218192073
2024-04-08,ENA,,0.0,0.0,0.0
2024-04-08,ETC,,0.0,0.0,0.0
2024-04-08,ETH,,0.05,0.0,0.027060687206608168
2024-04-08,FET,,-0.05,0.0,-0.02404521288501203
2024-04-08,FIL,,0.0,0.10000000000000003,0.023591523166773976
2024-04-08,HBAR,,0.0,0.0,0.0034903878581655154
2024-04-08,ICP,,-0.05,0.0,-0.029580811095092543
2024-04-08,JST,,0.0,-0.095,-0.02292254304996781
2024-04-08,JUP,,-0.05,0.05,-0.016409996464302017
2024-04-08,LINK,,0.0,0.0,0.0
2024-04-08,LTC,,0.0,-0.095,-0.02266724502920154
2024-04-08,LUNC,,0.0,0.10000000000000003,0.022909208813654602
2024-04-08,NEAR,,0.0,0.05,0.005747990050052748
2024-04-08,NEXO,,0.05,-0.095,0.0051114966861343595
2024-04-08,PEPE,,-0.05,0.10000000000000003,-0.006877541117557142
2024-04-08,QNT,,0.05,0.0,0.025224446599980035
2024-04-08,SHIB,,0.0,0.10000000000000003,0.017203354272418054
2024-04-08,SOL,,0.0,0.0,-0.006047771533334231
2024-04-08,STX,,-0.05,0.0,-0.030128666923309427
2024-04-08,SUI,,0.0,0.0,0.0011792337149680076
2024-04-08,TRX,,0.05,-0.095,0.005196596026389782
2024-04-08,UNI,,0.0,0.10000000000000003,0.023591523166773976
2024-04-08,VET,,0.0,0.0,-0.0002552980207662697
2024-04-08,WLD,,0.0,0.10000000000000003,0.022580968501240826
2024-04-08,XLM,,0.0,-0.095,-0.022374687221750927
2024-04-08,XRP,,0.0,-0.095,-0.02418839573626723
2024-04-08,ZEC,,0.05,0.10000000000000003,0.051162806414914684
2024-04-15,AAVE,,0.0,-0.095,-0.017099999999999997
2024-04-15,ADA,,0.0,0.0,0.0
2024-04-15,ALGO,,0.0,0.0,0.0
2024-04-15,APT,,0.0,0.0,0.0
2024-04-15,ARB,,0.05,0.10000000000000003,0.039
2024-04-15,ATOM,,0.0,0.0,0.0
2024-04-15,AVAX,,0.05,0.0,0.020999999999999998
2024-04-15,BCH,,-0.05,0.0,-0.020999999999999998
2024-04-15,BNB,,0.05,-0.095,0.003899999999999999
2024-04-15,BONK,,-0.05,0.10000000000000003,-0.0029999999999999923
2024-04-15,BTC,,0.05,-0.095,0.003899999999999999
2024-04-15,CAKE,,0.0,-0.095,-0.017099999999999997
2024-04-15,CHZ,,0.0,0.0,0.0
2024-04-15,DASH,,0.0,0.0,0.0
2024-04-15,DEXE,,-0.05,-0.05,-0.029999999999999995
2024-04-15,DOGE,,-0.05,0.0,-0.020999999999999998
2024-04-15,DOT,,0.0,0.0,0.0
2024-04-15,ENA,,0.0,0.0,0.0
2024-04-15,ETC,,0.0,0.0,0.0
2024-04-15,ETH,,0.05,0.0,0.020999999999999998
2024-04-15,FET,,-0.05,0.0,-0.020999999999999998
2024-04-15,FIL,,-0.05,0.10000000000000003,-0.0029999999999999923
2024-04-15,HBAR,,0.0,0.0,0.0
2024-04-15,ICP,,-0.05,0.0,-0.020999999999999998
2024-04-15,JST,,0.0,-0.095,-0.017099999999999997
2024-04-15,JUP,,-0.05,0.05,-0.011999999999999999
2024-04-15,LINK,,0.0,0.0,0.0
2024-04-15,LTC,,-0.05,-0.095,-0.0381
2024-04-15,LUNC,,0.0,0.10000000000000003,0.018000000000000006
2024-04-15,NEAR,,0.0,0.05,0.009
2024-04-15,NEXO,,0.05,-0.095,0.003899999999999999
2024-04-15,PEPE,,-0.05,0.10000000000000003,-0.0029999999999999923
2024-04-15,QNT,,0.05,0.0,0.020999999999999998
2024-04-15,SHIB,,-0.05,0.10000000000000003,-0.0029999999999999923
2024-04-15,SOL,,0.0,0.0,0.0
2024-04-15,STX,,0.05,0.0,0.020999999999999998
2024-04-15,SUI,,-0.05,0.0,-0.020999999999999998
2024-04-15,TAO,,0.0,0.0,0.0
2024-04-15,TRX,,0.05,-0.095,0.003899999999999999
2024-04-15,UNI,,0.0,0.10000000000000003,0.018000000000000006
2024-04-15,VET,,0.05,0.0,0.020999999999999998
2024-04-15,WLD,,0.0,0.10000000000000003,0.018000000000000006
2024-04-15,XLM,,0.05,-0.095,0.003899999999999999
2024-04-15,XRP,,0.05,-0.095,0.003899999999999999
2024-04-15,ZEC,,0.0,0.10000000000000003,0.018000000000000006
2024-04-22,AAVE,,-0.08636363636363636,-0.05,-0.04139444967074317
2024-04-22,ADA,,0.0,0.0,0.0
2024-04-22,ALGO,,0.0,0.0,0.0
2024-04-22,APT,,-0.08636363636363636,0.08636363636363636,-0.01787394167450611
2024-04-22,ARB,,0.0,0.08636363636363636,0.018774223894637815
2024-04-22,ATOM,,0.0,0.0,0.0
2024-04-22,AVAX,,0.0,0.08636363636363636,0.016296331138287865
2024-04-22,BCH,,0.0,0.0,-0.0028908748824082765
2024-04-22,BNB,,0.05,-0.08636363636363636,0.0052405456255879565
2024-04-22,BONK,,-0.05,0.05,-0.010761053621825022
2024-04-22,BTC,,0.05,-0.08636363636363636,0.0052405456255879565
2024-04-22,CAKE,,0.0,0.08636363636363636,0.01105145813734713
2024-04-22,CHZ,,-0.08636363636363636,0.08636363636363636,-0.01787394167450611
2024-04-22,DASH,,0.0,0.0,0.0
2024-04-22,DEXE,,0.0,0.0,-0.004129821260583252
2024-04-22,DOGE,,0.05,0.0,0.015218250235183445
2024-04-22,DOT,,0.0,0.0,0.0
2024-04-22,ENA,,0.0,0.0,0.0
2024-04-22,ETC,,0.0,0.0,0.0
2024-04-22,ETH,,0.05,-0.08636363636363636,0.00759454374412041
2024-04-22,FET,,0.0,0.0,-0.0028908748824082765
2024-04-22,FIL,,-0.08636363636363636,0.08636363636363636,-0.018286923800564438
2024-04-22,HBAR,,-0.08636363636363636,0.0,-0.0312793979303857
2024-04-22,ICP,,-0.08636363636363636,0.0,-0.03417027281279397
2024-04-22,JST,,0.05,-0.08636363636363636,0.002349670743179679
2024-04-22,JUP,,0.0,0.08636363636363636,0.011753527751646285
2024-04-22,LINK,,0.0,0.0,0.0
2024-04-22,LTC,,0.0,0.0,-0.005244873000940731
2024-04-22,LUNC,,0.0,0.0,0.002477892756349954
2024-04-22,NEAR,,0.0,0.0,0.001238946378174976
2024-04-22,NEXO,,0.05,-0.08636363636363636,0.0052405456255879565
2024-04-22,PEPE,,-0.08636363636363636,0.08636363636363636,-0.018286923800564438
2024-04-22,QNT,,0.05,-0.08636363636363636,0.00759454374412041
2024-04-22,SHIB,,-0.08636363636363636,0.0,-0.03169238005644402
2024-04-22,SOL,,0.05,0.0,0.01810912511759172
2024-04-22,STX,,0.05,-0.08636363636363636,0.00759454374412041
2024-04-22,SUI,,-0.08636363636363636,0.08636363636363636,-0.020764816556914388
2024-04-22,TAO,,0.0,0.0,0.0
2024-04-22,TRX,,0.05,-0.08636363636363636,0.0052405456255879565
2024-04-22,UNI,,-0.08636363636363636,0.08636363636363636,-0.015396048918156161
2024-04-22,VET,,0.05,-0.08636363636363636,0.00759454374412041
2024-04-22,WLD,,-0.08636363636363636,0.08636363636363636,-0.015396048918156161
2024-04-22,XLM,,0.05,-0.08636363636363636,0.0052405456255879565
2024-04-22,XRP,,0.0,-0.08636363636363636,-0.012868579492003764
2024-04-22,ZEC,,0.0,0.0,0.002477892756349954
2024-04-29,AAVE,,0.0,-0.05,-0.012
2024-04-29,ADA,,0.0,0.0,0.0
2024-04-29,ALGO,,0.0,0.0,0.0
2024-04-29,APT,,0.0,0.08636363636363636,0.02072727272727273
2024-04-29,ARB,,0.05,0.08636363636363636,0.04872727272727273
2024-04-29,ATOM,,-0.05,0.0,-0.027999999999999997
2024-04-29,AVAX,,-0.05,0.08636363636363636,-0.00727272727272727
2024-04-29,BCH,,0.0,0.0,0.0
2024-04-29,BNB,,0.05,-0.08636363636363636,0.00727272727272727
2024-04-29,BONK,,-0.05,0.05,-0.015999999999999997
2024-04-29,BTC,,0.05,-0.08636363636363636,0.00727272727272727
2024-04-29,CAKE,,0.0,0.08636363636363636,0.02072727272727273
2024-04-29,CHZ,,0.0,0.08636363636363636,0.02072727272727273
2024-04-29,DASH,,0.05,0.0,0.027999999999999997
2024-04-29,DEXE,,0.0,0.0,0.0
2024-04-29,DOGE,,-0.05,0.0,-0.027999999999999997
2024-04-29,DOT,,0.0,0.0,0.0
2024-04-29,ENA,,0.05,0.0,0.027999999999999997
2024-04-29,ETC,,0.0,0.0,0.0
2024-04-29,ETH,,0.05,-0.08636363636363636,0.00727272727272727
2024-04-29,FET,,0.0,0.0,0.0
2024-04-29,FIL,,0.0,0.08636363636363636,0.02072727272727273
2024-04-29,HBAR,,-0.05,0.0,-0.027999999999999997
2024-04-29,ICP,,-0.05,0.0,-0.027999999999999997
2024-04-29,JST,,0.05,-0.08636363636363636,0.00727272727272727
2024-04-29,JUP,,0.0,0.08636363636363636,0.02072727272727273
2024-04-29,LINK,,0.0,0.0,0.0
2024-04-29,LTC,,0.0,0.0,0.0
2024-04-29,LUNC,,-0.05,0.0,-0.027999999999999997
2024-04-29,NEAR,,-0.05,0.0,-0.027999999999999997
2024-04-29,NEXO,,0.05,-0.08636363636363636,0.00727272727272727
2024-04-29,PEPE,,-0.05,0.08636363636363636,-0.00727272727272727
2024-04-29,QNT,,0.05,-0.08636363636363636,0.00727272727272727
2024-04-29,SHIB,,-0.05,0.0,-0.027999999999999997
2024-04-29,SOL,,0.0,0.0,0.0
2024-04-29,STX,,0.05,-0.08636363636363636,0.00727272727272727
2024-04-29,SUI,,-0.05,0.08636363636363636,-0.00727272727272727
2024-04-29,TAO,,0.0,0.0,0.0
2024-04-29,TRX,,0.0,-0.08636363636363636,-0.02072727272727273
2024-04-29,UNI,,0.0,0.08636363636363636,0.02072727272727273
2024-04-29,VET,,0.05,-0.08636363636363636,0.00727272727272727
2024-04-29,WLD,,-0.05,0.08636363636363636,-0.00727272727272727
2024-04-29,XLM,,0.05,-0.08636363636363636,0.00727272727272727
2024-04-29,XRP,,0.0,-0.08636363636363636,-0.02072727272727273
2024-04-29,ZEC,,0.0,0.0,0.0
2024-05-06,AAVE,,0.0,-0.05,-0.012
2024-05-06,ADA,,0.0,0.0,0.0
2024-05-06,ALGO,,0.0,0.0,0.0
2024-05-06,APT,,0.0,0.08636363636363636,0.02072727272727273
2024-05-06,ARB,,0.05,0.08636363636363636,0.04872727272727273
2024-05-06,ATOM,,-0.05,0.0,-0.027999999999999997
2024-05-06,AVAX,,-0.05,0.08636363636363636,-0.00727272727272727
2024-05-06,BCH,,0.05,0.0,0.027999999999999997
2024-05-06,BNB,,0.05,-0.08636363636363636,0.00727272727272727
2024-05-06,BONK,,-0.05,0.05,-0.015999999999999997
2024-05-06,BTC,,0.05,-0.08636363636363636,0.00727272727272727
2024-05-06,CAKE,,0.0,0.08636363636363636,0.02072727272727273
2024-05-06,CHZ,,0.0,0.08636363636363636,0.02072727272727273
2024-05-06,DASH,,0.05,0.0,0.027999999999999997
2024-05-06,DEXE,,-0.05,0.0,-0.027999999999999997
2024-05-06,DOGE,,-0.05,0.0,-0.027999999999999997
2024-05-06,DOT,,0.0,0.0,0.0
2024-05-06,ENA,,-0.05,0.0,-0.027999999999999997
2024-05-06,ETC,,0.05,0.0,0.027999999999999997
2024-05-06,ETH,,0.0,-0.08636363636363636,-0.02072727272727273
2024-05-06,FET,,-0.05,0.0,-0.027999999999999997
2024-05-06,FIL,,0.0,0.08636363636363636,0.02072727272727273
2024-05-06,HBAR,,0.0,0.0,0.0
2024-05-06,ICP,,-0.05,0.0,-0.027999999999999997
2024-05-06,JST,,0.05,-0.08636363636363636,0.00727272727272727
2024-05-06,JUP,,0.0,0.08636363636363636,0.02072727272727273
2024-05-06,LINK,,0.0,0.0,0.0
2024-05-06,LTC,,0.05,0.0,0.027999999999999997
2024-05-06,LUNC,,0.0,0.0,0.0
2024-05-06,NEAR,,0.0,0.0,0.0
2024-05-06,NEXO,,0.0,-0.08636363636363636,-0.02072727272727273
2024-05-06,PEPE,,0.0,0.08636363636363636,0.02072727272727273
2024-05-06,QNT,,0.05,-0.08636363636363636,0.00727272727272727
2024-05-06,SHIB,,-0.05,0.0,-0.027999999999999997
2024-05-06,SOL,,0.0,0.0,0.0
2024-05-06,STX,,0.0,-0.08636363636363636,-0.02072727272727273
2024-05-06,SUI,,-0.05,0.08636363636363636,-0.00727272727272727
2024-05-06,TAO,,-0.05,0.0,-0.027999999999999997
2024-05-06,TRX,,0.0,-0.08636363636363636,-0.02072727272727273
2024-05-06,UNI,,0.0,0.08636363636363636,0.02072727272727273
2024-05-06,VET,,0.05,-0.08636363636363636,0.00727272727272727
2024-05-06,WLD,,-0.05,0.08636363636363636,-0.00727272727272727
2024-05-06,XLM,,0.05,-0.08636363636363636,0.00727272727272727
2024-05-06,XRP,,0.0,-0.08636363636363636,-0.02072727272727273
2024-05-06,ZEC,,0.05,0.0,0.027999999999999997
2024-05-13,AAVE,,0.05,-0.05,0.012999999999999998
2024-05-13,ADA,,0.0,0.0,0.0
2024-05-13,ALGO,,0.0,0.0,0.0
2024-05-13,APT,,0.0,0.08636363636363636,0.02072727272727273
2024-05-13,ARB,,0.05,0.08636363636363636,0.04872727272727273
2024-05-13,ATOM,,0.0,0.0,-0.002999999999999999
2024-05-13,AVAX,,-0.08636363636363636,0.08636363636363636,-0.025454545454545452
2024-05-13,BCH,,-0.08636363636363636,0.0,-0.04018181818181818
2024-05-13,BNB,,0.05,-0.08636363636363636,0.00727272727272727
2024-05-13,BONK,,-0.08636363636363636,0.05,-0.03418181818181818
2024-05-13,BTC,,0.0,-0.08636363636363636,-0.01772727272727273
2024-05-13,CAKE,,0.0,0.08636363636363636,0.02072727272727273
2024-05-13,CHZ,,0.0,0.08636363636363636,0.02072727272727273
2024-05-13,DASH,,0.05,0.0,0.027999999999999997
2024-05-13,DEXE,,0.0,0.0,-0.002999999999999999
2024-05-13,DOGE,,-0.08636363636363636,0.0,-0.04618181818181818
2024-05-13,DOT,,0.0,0.0,0.0
2024-05-13,ENA,,0.0,0.0,-0.002999999999999999
2024-05-13,ETC,,0.05,0.0,0.027999999999999997
2024-05-13,ETH,,0.0,-0.08636363636363636,-0.02072727272727273
2024-05-13,FET,,0.0,0.0,-0.002999999999999999
2024-05-13,FIL,,0.0,0.08636363636363636,0.02072727272727273
2024-05-13,HBAR,,0.0,0.0,0.0
2024-05-13,ICP,,0.0,0.0,-0.002999999999999999
2024-05-13,JST,,0.05,-0.08636363636363636,0.00727272727272727
2024-05-13,JUP,,-0.08636363636363636,0.08636363636363636,-0.022454545454545453
2024-05-13,LINK,,-0.08636363636363636,0.0,-0.04318181818181818
2024-05-13,LTC,,0.05,0.0,0.027999999999999997
2024-05-13,LUNC,,0.0,0.0,0.0
2024-05-13,NEAR,,-0.08636363636363636,0.0,-0.04318181818181818
2024-05-13,NEXO,,0.0,-0.08636363636363636,-0.02072727272727273
2024-05-13,PEPE,,-0.08636363636363636,0.08636363636363636,-0.022454545454545453
2024-05-13,QNT,,0.05,-0.08636363636363636,0.00727272727272727
2024-05-13,SHIB,,-0.08636363636363636,0.0,-0.04618181818181818
2024-05-13,SOL,,-0.08636363636363636,0.0,-0.04318181818181818
2024-05-13,STX,,0.05,-0.08636363636363636,0.004272727272727272
2024-05-13,SUI,,0.0,0.08636363636363636,0.01772727272727273
2024-05-13,TAO,,-0.08636363636363636,0.0,-0.04618181818181818
2024-05-13,TRX,,0.0,-0.08636363636363636,-0.02072727272727273
2024-05-13,UNI,,0.0,0.08636363636363636,0.02072727272727273
2024-05-13,VET,,0.05,-0.08636363636363636,0.00727272727272727
2024-05-13,WLD,,-0.05,0.08636363636363636,-0.00727272727272727
2024-05-13,XLM,,0.05,-0.08636363636363636,0.00727272727272727
2024-05-13,XRP,,0.0,-0.08636363636363636,-0.02072727272727273
2024-05-13,ZEC,,0.05,0.0,0.027999999999999997
2024-05-20,AAVE,,-0.08636363636363636,0.0,-0.025258076705082178
2024-05-20,ADA,,0.05,0.0,0.01745701870394861
2024-05-20,ALGO,,0.0,0.0,0.0
2024-05-20,APT,,0.0,0.1,0.02276770348487711
2024-05-20,ARB,,-0.08636363636363636,0.0,-0.011805506414990632
2024-05-20,ATOM,,0.0,0.0,-0.0011296051388626487
2024-05-20,AVAX,,0.0,0.1,0.005378630438143
2024-05-20,BCH,,0.0,0.0,-0.015129862769008812
2024-05-20,BNB,,0.05,-0.08636363636363636,0.00727272727272727
2024-05-20,BONK,,-0.08636363636363636,0.05,-0.03554210535355443
2024-05-20,BTC,,0.0,-0.08636363636363636,-0.01959766758841008
2024-05-20,CAKE,,0.0,0.1,0.02276770348487711
2024-05-20,CHZ,,-0.08636363636363636,0.0,-0.02234848771104202
2024-05-20,DASH,,0.05,0.0,0.027999999999999997
2024-05-20,DEXE,,0.0,0.0,-0.0011296051388626487
2024-05-20,DOGE,,0.0,0.0,-0.017389073046734108
2024-05-20,DOT,,0.0,0.0,0.0
2024-05-20,ENA,,-0.08636363636363636,0.0,-0.03128263744568297
2024-05-20,ETC,,0.0,0.0,0.010542981296051388
2024-05-20,ETH,,-0.08636363636363636,-0.05,-0.04543915634714803
2024-05-20,FET,,0.0,0.0,-0.0011296051388626487
2024-05-20,FIL,,0.0,0.1,0.02276770348487711
2024-05-20,HBAR,,0.05,0.0,0.01745701870394861
2024-05-20,ICP,,0.0,0.0,-0.0011296051388626487
2024-05-20,JST,,0.05,-0.08636363636363636,0.00727272727272727
2024-05-20,JUP,,0.0,0.1,0.006508235577005653
2024-05-20,LINK,,-0.08636363636363636,0.0,-0.04641250021469179
2024-05-20,LTC,,0.05,-0.08636363636363636,0.015077271868505573
2024-05-20,LUNC,,0.0,0.1,0.01496315888909881
2024-05-20,NEAR,,0.0,0.0,-0.01625946790787146
2024-05-20,NEXO,,0.0,-0.08636363636363636,-0.02072727272727273
2024-05-20,PEPE,,-0.05,0.05,-0.018430362571492363
2024-05-20,QNT,,0.05,-0.08636363636363636,0.00727272727272727
2024-05-20,SHIB,,0.0,0.1,-0.002425914157635302
2024-05-20,SOL,,-0.08636363636363636,0.0,-0.04641250021469179
2024-05-20,STX,,0.05,-0.08636363636363636,0.006143122133864622
2024-05-20,SUI,,0.0,0.1,0.02163809834601446
2024-05-20,TAO,,-0.08636363636363636,0.0,-0.04754210535355443
2024-05-20,TRX,,0.05,-0.08636363636363636,-0.0032702540233241206
2024-05-20,UNI,,-0.08636363636363636,0.05,-0.014866908266492621
2024-05-20,VET,,0.05,-0.08636363636363636,0.00727272727272727
2024-05-20,WLD,,-0.08636363636363636,0.05,-0.02540988956254401
2024-05-20,XLM,,0.05,-0.08636363636363636,0.00727272727272727
2024-05-20,XRP,,0.05,-0.08636363636363636,-0.0032702540233241206
2024-05-20,ZEC,,0.0,0.0,0.010542981296051388
2024-05-27,AAVE,,-0.09000000000000001,0.0,-0.05054577543782107
2024-05-27,ADA,,0.0,0.0,0.00576053396712853
2024-05-27,ALGO,,0.0,0.0,0.0
2024-05-27,APT,,0.0,0.1,0.027613459065247654
2024-05-27,ARB,,-0.09000000000000001,0.0,-0.04610664471249694
2024-05-27,ATOM,,0.05,0.0,0.02307781436504483
2024-05-27,AVAX,,0.0,0.1,0.021875346066609833
2024-05-27,BCH,,0.0,0.0,-0.004992610128736056
2024-05-27,BNB,,0.05,-0.08636363636363636,0.008490938483116658
2024-05-27,BONK,,-0.09000000000000001,0.05,-0.04388909615743689
2024-05-27,BTC,,0.0,-0.08636363636363636,-0.0238264232419316
2024-05-27,CAKE,,-0.09000000000000001,0.1,-0.014597559374744627
2024-05-27,CHZ,,0.0,0.0,-0.007374639665379549
2024-05-27,DASH,,0.05,0.0,0.03269011315999914
2024-05-27,DEXE,,0.0,0.0,-0.0003727514349508819
2024-05-27,DOGE,,-0.09000000000000001,0.0,-0.0479491314386301
2024-05-27,DOT,,0.0,0.0,0.0
2024-05-27,ENA,,-0.09000000000000001,0.0,-0.05253378309089245
2024-05-27,ETC,,0.0,0.0,0.003479013392874898
2024-05-27,ETH,,-0.09000000000000001,-0.05,-0.06725544796385026
2024-05-27,FET,,0.05,0.0,0.02307781436504483
2024-05-27,FIL,,0.05,0.1,0.05106402486524337
2024-05-27,HBAR,,0.05,0.0,0.029211099767124243
2024-05-27,ICP,,0.0,0.0,-0.0003727514349508819
2024-05-27,JST,,0.05,-0.08636363636363636,0.008490938483116658
2024-05-27,JUP,,0.0,0.1,0.022248097501560718
2024-05-27,LINK,,-0.09000000000000001,0.0,-0.057526393219628505
2024-05-27,LTC,,0.05,-0.08636363636363636,0.011066312033686387
2024-05-27,LUNC,,0.0,0.1,0.025038085514677923
2024-05-27,NEAR,,0.0,0.0,-0.005365361563686938
2024-05-27,NEXO,,0.0,-0.08636363636363636,-0.024199174676882484
2024-05-27,PEPE,,-0.05,0.05,-0.019482045022902485
2024-05-27,QNT,,0.05,-0.08636363636363636,0.008490938483116658
2024-05-27,SHIB,,-0.09000000000000001,0.1,-0.02291104592395218
2024-05-27,SOL,,0.0,0.0,-0.01531537477963622
2024-05-27,STX,,0.0,-0.08636363636363636,-0.015332378751829936
2024-05-27,SUI,,0.05,0.1,0.05069127343029249
2024-05-27,TAO,,-0.09000000000000001,0.0,-0.05789914465457938
2024-05-27,TRX,,0.05,-0.08636363636363636,0.005011925090241759
2024-05-27,UNI,,-0.05,0.05,-0.0183061627080363
2024-05-27,VET,,0.0,-0.08636363636363636,-0.014959627316879054
2024-05-27,WLD,,0.0,0.05,0.0016653896990845123
2024-05-27,XLM,,0.05,-0.08636363636363636,0.008490938483116658
2024-05-27,XRP,,0.0,-0.08636363636363636,-0.018438640709753953
2024-05-27,ZEC,,0.0,0.0,0.003479013392874898
2024-06-03,AAVE,,-0.08636363636363636,0.0,-0.04836363636363636
2024-06-03,ADA,,0.0,0.0,0.0
2024-06-03,ALGO,,0.0,0.0,0.0
2024-06-03,APT,,0.0,0.1,0.024
2024-06-03,ARB,,-0.08636363636363636,0.0,-0.04836363636363636
2024-06-03,ATOM,,0.05,0.0,0.027999999999999997
2024-06-03,AVAX,,0.0,0.1,0.024
2024-06-03,BCH,,0.0,0.0,0.0
2024-06-03,BNB,,0.0,-0.08636363636363636,-0.02072727272727273
2024-06-03,BONK,,-0.08636363636363636,0.05,-0.03636363636363636
2024-06-03,BTC,,0.05,-0.08636363636363636,0.00727272727272727
2024-06-03,CAKE,,0.0,0.1,0.024
2024-06-03,CHZ,,-0.08636363636363636,0.0,-0.04836363636363636
2024-06-03,DASH,,0.05,0.0,0.027999999999999997
2024-06-03,DEXE,,0.0,0.0,0.0
2024-06-03,DOGE,,0.0,0.0,0.0
2024-06-03,DOT,,0.0,0.0,0.0
2024-06-03,ENA,,-0.08636363636363636,0.0,-0.04836363636363636
2024-06-03,ETC,,0.0,0.0,0.0
2024-06-03,ETH,,-0.08636363636363636,-0.05,-0.060363636363636355
2024-06-03,FET,,0.0,0.0,0.0
2024-06-03,FIL,,0.05,0.1,0.052000000000000005
2024-06-03,HBAR,,0.05,0.0,0.027999999999999997
2024-06-03,ICP,,0.0,0.0,0.0
2024-06-03,JST,,0.05,-0.08636363636363636,0.00727272727272727
2024-06-03,JUP,,0.0,0.1,0.024
2024-06-03,LINK,,-0.08636363636363636,0.0,-0.04836363636363636
2024-06-03,LTC,,0.05,-0.08636363636363636,0.00727272727272727
2024-06-03,LUNC,,0.0,0.1,0.024
2024-06-03,NEAR,,0.0,0.0,0.0
2024-06-03,NEXO,,0.0,-0.08636363636363636,-0.02072727272727273
2024-06-03,PEPE,,-0.05,0.05,-0.015999999999999997
2024-06-03,QNT,,0.05,-0.08636363636363636,0.00727272727272727
2024-06-03,SHIB,,0.0,0.1,0.024
2024-06-03,SOL,,-0.08636363636363636,0.0,-0.04836363636363636
2024-06-03,STX,,-0.08636363636363636,-0.08636363636363636,-0.06909090909090909
2024-06-03,SUI,,0.0,0.1,0.024
2024-06-03,TAO,,-0.08636363636363636,0.0,-0.04836363636363636
2024-06-03,TRX,,0.05,-0.08636363636363636,0.00727272727272727
2024-06-03,UNI,,-0.08636363636363636,0.05,-0.03636363636363636
2024-06-03,VET,,0.05,-0.08636363636363636,0.00727272727272727
2024-06-03,WLD,,0.0,0.05,0.012
2024-06-03,XLM,,0.05,-0.08636363636363636,0.00727272727272727
2024-06-03,XRP,,0.05,-0.08636363636363636,0.00727272727272727
2024-06-03,ZEC,,0.0,0.0,0.0
2024-06-10,AAVE,,-0.08636363636363636,0.0,-0.04836363636363636
2024-06-10,ADA,,0.05,0.0,0.027999999999999997
2024-06-10,ALGO,,0.0,0.0,0.0
2024-06-10,APT,,0.0,0.1,0.024
2024-06-10,ARB,,-0.08636363636363636,0.0,-0.04836363636363636
2024-06-10,ATOM,,0.05,0.0,0.027999999999999997
2024-06-10,AVAX,,0.0,0.1,0.024
2024-06-10,BCH,,0.0,0.0,0.0
2024-06-10,BNB,,0.0,-0.08636363636363636,-0.02072727272727273
2024-06-10,BONK,,-0.08636363636363636,0.05,-0.03636363636363636
2024-06-10,BTC,,0.05,-0.08636363636363636,0.00727272727272727
2024-06-10,CAKE,,-0.08636363636363636,0.1,-0.02436363636363636
2024-06-10,CHZ,,-0.08636363636363636,0.0,-0.04836363636363636
2024-06-10,DASH,,0.05,0.0,0.027999999999999997
2024-06-10,DEXE,,0.0,0.0,0.0
2024-06-10,DOGE,,0.0,0.0,0.0
2024-06-10,DOT,,0.0,0.0,0.0
2024-06-10,ENA,,-0.08636363636363636,0.0,-0.04836363636363636
2024-06-10,ETC,,-0.08636363636363636,0.0,-0.04836363636363636
2024-06-10,ETH,,-0.08636363636363636,-0.05,-0.060363636363636355
2024-06-10,FET,,0.0,0.0,0.0
2024-06-10,FIL,,0.0,0.1,0.024
2024-06-10,HBAR,,0.05,0.0,0.027999999999999997
2024-06-10,ICP,,0.0,0.0,0.0
2024-06-10,JST,,0.05,-0.08636363636363636,0.00727272727272727
2024-06-10,JUP,,0.05,0.1,0.052000000000000005
2024-06-10,LINK,,0.0,0.0,0.0
2024-06-10,LTC,,0.05,-0.08636363636363636,0.00727272727272727
2024-06-10,LUNC,,0.0,0.1,0.024
2024-06-10,NEAR,,0.0,0.0,0.0
2024-06-10,NEXO,,0.0,-0.08636363636363636,-0.02072727272727273
2024-06-10,PEPE,,-0.05,0.05,-0.015999999999999997
2024-06-10,QNT,,0.05,-0.08636363636363636,0.00727272727272727
2024-06-10,SHIB,,0.0,0.1,0.024
2024-06-10,SOL,,0.05,0.0,0.027999999999999997
2024-06-10,STX,,-0.08636363636363636,-0.08636363636363636,-0.06909090909090909
2024-06-10,SUI,,0.0,0.1,0.024
2024-06-10,TAO,,-0.08636363636363636,0.0,-0.04836363636363636
2024-06-10,TRX,,0.05,-0.08636363636363636,0.00727272727272727
2024-06-10,UNI,,-0.08636363636363636,0.05,-0.03636363636363636
2024-06-10,VET,,0.0,-0.08636363636363636,-0.02072727272727273
2024-06-10,WLD,,0.0,0.05,0.012
2024-06-10,XLM,,0.05,-0.08636363636363636,0.00727272727272727
2024-06-10,XRP,,0.0,-0.08636363636363636,-0.02072727272727273
2024-06-10,ZEC,,0.0,0.0,0.0
2024-06-17,AAVE,,0.05,-0.08636363636363636,-0.024950843491191022
2024-06-17,ADA,,0.0,-0.08636363636363636,0.007494678137858327
2024-06-17,ALGO,,0.0,0.0,0.0
2024-06-17,APT,,0.0,0.0,0.013900363858945148
2024-06-17,ARB,,0.05,0.0,-0.016228430460280018
2024-06-17,ATOM,,0.0,-0.08636363636363636,0.007494678137858327
2024-06-17,AVAX,,0.0,0.0,0.013900363858945148
2024-06-17,BCH,,0.0,0.0,0.0
2024-06-17,BNB,,-0.09000000000000001,-0.05,-0.03826391366310434
2024-06-17,BONK,,0.0,0.09444444444444446,-0.011522612117708518
2024-06-17,BTC,,0.0,-0.08636363636363636,-0.0045101815585033905
2024-06-17,CAKE,,-0.09000000000000001,0.0,-0.035320211328780715
2024-06-17,CHZ,,-0.09000000000000001,0.05,-0.044170757117198436
2024-06-17,DASH,,0.0,-0.08636363636363636,0.007494678137858327
2024-06-17,DEXE,,-0.09000000000000001,0.0,-0.02120923589621519
2024-06-17,DOGE,,0.05,0.0,0.011782908831230659
2024-06-17,DOT,,0.0,0.0,0.0
2024-06-17,ENA,,-0.09000000000000001,0.09444444444444446,-0.03968202994339628
2024-06-17,ETC,,0.05,0.0,-0.016228430460280018
2024-06-17,ETH,,0.05,-0.08636363636363636,-0.0319010254206636
2024-06-17,FET,,0.0,0.09444444444444446,0.009538545244329583
2024-06-17,FIL,,-0.09000000000000001,0.09444444444444446,0.0022296732070595446
2024-06-17,HBAR,,0.05,0.0,0.027999999999999997
2024-06-17,ICP,,0.0,0.0,0.0
2024-06-17,JST,,0.05,-0.08636363636363636,0.00727272727272727
2024-06-17,JUP,,0.0,0.09444444444444446,0.03965600027204407
2024-06-17,LINK,,-0.09000000000000001,0.0,-0.02120923589621519
2024-06-17,LTC,,0.05,-0.08636363636363636,0.00727272727272727
2024-06-17,LUNC,,-0.09000000000000001,0.05,-0.002259053966742617
2024-06-17,NEAR,,0.05,0.0,0.011782908831230659
2024-06-17,NEXO,,0.0,0.0,-0.01200485969636172
2024-06-17,PEPE,,0.0,0.09444444444444446,0.0002716360050328201
2024-06-17,QNT,,0.0,0.0,0.004212231472407619
2024-06-17,SHIB,,0.0,0.09444444444444446,0.02343890910327473
2024-06-17,SOL,,0.0,0.0,0.016217091168769338
2024-06-17,STX,,-0.05,0.0,-0.05179910781910306
2024-06-17,SUI,,-0.09000000000000001,0.0,-0.007308872037270035
2024-06-17,TAO,,0.05,0.09444444444444446,-0.006689885215950431
2024-06-17,TRX,,0.05,-0.08636363636363636,0.00727272727272727
2024-06-17,UNI,,-0.05,0.05,-0.027794248122741335
2024-06-17,VET,,0.0,0.0,-0.01200485969636172
2024-06-17,WLD,,-0.09000000000000001,0.09444444444444446,-0.00472050872241303
2024-06-17,XLM,,0.0,-0.08636363636363636,-0.0045101815585033905
2024-06-17,XRP,,0.05,-0.08636363636363636,-0.008944363896042069
2024-06-17,ZEC,,0.0,0.0,0.0
2024-06-24,AAVE,,-0.05,-0.08636363636363636,-0.033822442378295105
2024-06-24,ADA,,0.0,-0.08636363636363636,-0.010134444091028063
2024-06-24,ALGO,,-0.05,0.0,-0.016068117831402287
2024-06-24,APT,,0.0,0.0,0.0032645217453786506
2024-06-24,ARB,,0.0,0.0,-0.003811271752922998
2024-06-24,ATOM,,0.05,-0.08636363636363636,0.005933673740374222
2024-06-24,AVAX,,-0.05,0.0,-0.012803596086023638
2024-06-24,BCH,,0.0,0.0,0.0
2024-06-24,BNB,,-0.05,-0.05,-0.03194079278275692
2024-06-24,BONK,,-0.05,0.09444444444444446,-0.00576669697926684
2024-06-24,BTC,,0.05,-0.08636363636363636,0.0031143140511835704
2024-06-24,CAKE,,0.0,0.0,-0.008295005735405547
2024-06-24,CHZ,,0.0,0.05,-0.0034872337579595625
2024-06-24,DASH,,0.0,-0.08636363636363636,-0.010134444091028063
2024-06-24,DEXE,,0.0,0.0,-0.004981021539339343
2024-06-24,DOGE,,0.05,0.0,0.018835352019924145
2024-06-24,DOT,,0.0,0.0,0.0
2024-06-24,ENA,,0.0,0.09444444444444446,0.003688138440106778
2024-06-24,ETC,,0.0,0.0,-0.003811271752922998
2024-06-24,ETH,,0.05,-0.08636363636363636,-0.0033184675881798575
2024-06-24,FET,,0.0,0.09444444444444446,0.015247665920890975
2024-06-24,FIL,,-0.05,0.09444444444444446,-0.0025369517044720033
2024-06-24,HBAR,,0.05,0.0,0.0226439607228659
2024-06-24,ICP,,0.0,0.0,0.0
2024-06-24,JST,,0.0,-0.08636363636363636,-0.010186569591696858
2024-06-24,JUP,,-0.05,0.09444444444444446,0.0062526785378090935
2024-06-24,LINK,,0.0,0.0,-0.004981021539339343
2024-06-24,LTC,,0.05,-0.08636363636363636,0.005881548239705428
2024-06-24,LUNC,,-0.05,0.05,-0.009712323902538348
2024-06-24,NEAR,,0.0,0.0,0.0027672341885218565
2024-06-24,NEXO,,0.0,0.0,-0.002819359689190653
2024-06-24,PEPE,,-0.05,0.09444444444444446,-0.002996799740763744
2024-06-24,QNT,,0.0,0.0,0.0009892490137511055
2024-06-24,SHIB,,0.05,0.09444444444444446,0.03458030549767191
2024-06-24,SOL,,-0.05,0.0,-0.012259509128460532
2024-06-24,STX,,-0.05,0.0,-0.028233217650559653
2024-06-24,SUI,,0.0,0.0,-0.0017164997939606913
2024-06-24,TAO,,0.05,0.09444444444444446,0.027504511999370262
2024-06-24,TRX,,0.05,-0.08636363636363636,0.005881548239705428
2024-06-24,UNI,,-0.05,0.05,-0.01570930336585504
2024-06-24,VET,,0.0,0.0,-0.002819359689190653
2024-06-24,WLD,,0.05,0.09444444444444446,0.027967023085643243
2024-06-24,XLM,,0.05,-0.08636363636363636,0.0031143140511835704
2024-06-24,XRP,,0.05,-0.08636363636363636,0.0020729395367636693
2024-06-24,ZEC,,0.0,0.0,0.0
2024-07-01,AAVE,,-0.05,-0.08636363636363636,-0.04872727272727273
2024-07-01,ADA,,0.0,-0.08636363636363636,-0.02072727272727273
2024-07-01,ALGO,,-0.05,0.0,-0.027999999999999997
2024-07-01,APT,,0.0,0.0,0.0
2024-07-01,ARB,,0.0,0.0,0.0
2024-07-01,ATOM,,0.05,-0.08636363636363636,0.00727272727272727
2024-07-01,AVAX,,-0.05,0.0,-0.027999999999999997
2024-07-01,BCH,,0.0,0.0,0.0
2024-07-01,BNB,,0.05,-0.05,0.015999999999999997
2024-07-01,BONK,,-0.05,0.09444444444444446,-0.005333333333333329
2024-07-01,BTC,,0.05,-0.08636363636363636,0.00727272727272727
2024-07-01,CAKE,,0.0,0.0,0.0
2024-07-01,CHZ,,0.0,0.05,0.012
2024-07-01,DASH,,0.0,-0.08636363636363636,-0.02072727272727273
2024-07-01,DEXE,,-0.05,0.0,-0.027999999999999997
2024-07-01,DOGE,,0.0,0.0,0.0
2024-07-01,DOT,,0.0,0.0,0.0
2024-07-01,ENA,,0.0,0.09444444444444446,0.02266666666666667
2024-07-01,ETC,,0.0,0.0,0.0
2024-07-01,ETH,,0.05,-0.08636363636363636,0.00727272727272727
2024-07-01,FET,,0.0,0.09444444444444446,0.02266666666666667
2024-07-01,FIL,,0.0,0.09444444444444446,0.02266666666666667
2024-07-01,HBAR,,0.05,0.0,0.027999999999999997
2024-07-01,ICP,,0.0,0.0,0.0
2024-07-01,JST,,0.0,-0.08636363636363636,-0.02072727272727273
2024-07-01,JUP,,-0.05,0.09444444444444446,-0.005333333333333329
2024-07-01,LINK,,0.0,0.0,0.0
2024-07-01,LTC,,0.0,-0.08636363636363636,-0.02072727272727273
2024-07-01,LUNC,,-0.05,0.05,-0.015999999999999997
2024-07-01,NEAR,,0.0,0.0,0.0
2024-07-01,NEXO,,0.05,0.0,0.027999999999999997
2024-07-01,PEPE,,-0.05,0.09444444444444446,-0.005333333333333329
2024-07-01,QNT,,0.0,0.0,0.0
2024-07-01,SHIB,,0.05,0.09444444444444446,0.050666666666666665
2024-07-01,SOL,,-0.05,0.0,-0.027999999999999997
2024-07-01,STX,,-0.05,0.0,-0.027999999999999997
2024-07-01,SUI,,0.05,0.0,0.027999999999999997
2024-07-01,TAO,,0.0,0.09444444444444446,0.02266666666666667
2024-07-01,TRX,,0.05,-0.08636363636363636,0.00727272727272727
2024-07-01,UNI,,-0.05,0.05,-0.015999999999999997
2024-07-01,VET,,-0.05,0.0,-0.027999999999999997
2024-07-01,WLD,,0.05,0.09444444444444446,0.050666666666666665
2024-07-01,XLM,,0.05,-0.08636363636363636,0.00727272727272727
2024-07-01,XRP,,0.05,-0.08636363636363636,0.00727272727272727
2024-07-01,ZEC,,0.0,0.0,0.0
2024-07-08,AAVE,,-0.05,-0.08636363636363636,-0.04872727272727273
2024-07-08,ADA,,-0.05,-0.08636363636363636,-0.04572727272727273
2024-07-08,ALGO,,0.0,0.0,-0.0030000000000000027
2024-07-08,APT,,0.0,0.0,0.0
2024-07-08,ARB,,0.0,0.0,0.0
2024-07-08,ATOM,,0.05,-0.08636363636363636,0.00727272727272727
2024-07-08,AVAX,,0.0,0.0,-0.0030000000000000027
2024-07-08,BCH,,-0.05,0.0,-0.024999999999999994
2024-07-08,BNB,,0.05,-0.05,0.015999999999999997
2024-07-08,BONK,,0.0,0.09444444444444446,0.019666666666666666
2024-07-08,BTC,,0.05,-0.08636363636363636,0.00727272727272727
2024-07-08,CAKE,,0.0,0.0,0.0
2024-07-08,CHZ,,0.0,0.05,0.012
2024-07-08,DASH,,0.0,-0.08636363636363636,-0.02072727272727273
2024-07-08,DEXE,,0.0,0.0,-0.0030000000000000027
2024-07-08,DOGE,,0.0,0.0,0.0
2024-07-08,DOT,,0.05,0.0,0.024999999999999994
2024-07-08,ENA,,0.0,0.09444444444444446,0.02266666666666667
2024-07-08,ETC,,0.0,0.0,0.0
2024-07-08,ETH,,0.05,-0.08636363636363636,0.00727272727272727
2024-07-08,FET,,0.0,0.09444444444444446,0.02266666666666667
2024-07-08,FIL,,0.0,0.09444444444444446,0.02266666666666667
2024-07-08,HBAR,,0.05,0.0,0.027999999999999997
2024-07-08,ICP,,-0.05,0.0,-0.024999999999999994
2024-07-08,JST,,0.05,-0.08636363636363636,0.004272727272727268
2024-07-08,JUP,,-0.05,0.09444444444444446,-0.005333333333333329
2024-07-08,LINK,,0.05,0.0,0.024999999999999994
2024-07-08,LTC,,0.0,-0.08636363636363636,-0.02072727272727273
2024-07-08,LUNC,,0.0,0.05,0.008999999999999998
2024-07-08,NEAR,,-0.05,0.0,-0.024999999999999994
2024-07-08,NEXO,,0.0,0.0,0.0030000000000000027
2024-07-08,PEPE,,-0.05,0.09444444444444446,-0.005333333333333329
2024-07-08,QNT,,0.05,0.0,0.024999999999999994
2024-07-08,SHIB,,0.0,0.09444444444444446,0.02566666666666667
2024-07-08,SOL,,0.0,0.0,-0.0030000000000000027
2024-07-08,STX,,-0.05,0.0,-0.027999999999999997
2024-07-08,SUI,,-0.05,0.0,-0.021999999999999992
2024-07-08,TAO,,-0.05,0.09444444444444446,-0.002333333333333326
2024-07-08,TRX,,0.05,-0.08636363636363636,0.00727272727272727
2024-07-08,UNI,,0.05,0.05,0.03399999999999999
2024-07-08,VET,,-0.05,0.0,-0.027999999999999997
2024-07-08,WLD,,0.05,0.09444444444444446,0.050666666666666665
2024-07-08,XLM,,0.0,-0.08636363636363636,-0.017727272727272727
2024-07-08,XRP,,0.0,-0.08636363636363636,-0.017727272727272727
2024-07-08,ZEC,,-0.05,0.0,-0.024999999999999994
2024-07-15,AAVE,,-0.05,0.0,-0.027999999999999997
2024-07-15,ADA,,0.0,-0.08636363636363636,-0.02072727272727273
2024-07-15,ALGO,,0.0,0.0,0.0
2024-07-15,APT,,0.0,0.05,0.012
2024-07-15,ARB,,0.0,0.0,0.0
2024-07-15,ATOM,,0.05,-0.08636363636363636,0.00727272727272727
2024-07-15,AVAX,,0.0,0.0,0.0
2024-07-15,BCH,,0.0,0.0,0.0
2024-07-15,BNB,,0.05,0.0,0.027999999999999997
2024-07-15,BONK,,-0.05,0.05,-0.015999999999999997
2024-07-15,BTC,,0.05,-0.08636363636363636,0.00727272727272727
2024-07-15,CAKE,,0.0,0.0,0.0
2024-07-15,CHZ,,0.05,0.05,0.04
2024-07-15,DASH,,0.0,-0.08636363636363636,-0.02072727272727273
2024-07-15,DEXE,,0.0,0.05,0.012
2024-07-15,DOGE,,0.0,0.0,0.0
2024-07-15,DOT,,0.05,-0.08636363636363636,0.00727272727272727
2024-07-15,ENA,,-0.05,0.05,-0.015999999999999997
2024-07-15,ETC,,0.0,0.0,0.0
2024-07-15,ETH,,0.05,-0.08636363636363636,0.00727272727272727
2024-07-15,FET,,0.0,0.05,0.012
2024-07-15,FIL,,0.0,0.0,0.0
2024-07-15,HBAR,,0.05,0.0,0.027999999999999997
2024-07-15,ICP,,-0.05,0.0,-0.027999999999999997
2024-07-15,JST,,0.05,-0.08636363636363636,0.00727272727272727
2024-07-15,JUP,,-0.05,0.05,-0.015999999999999997
2024-07-15,LINK,,0.05,-0.08636363636363636,0.00727272727272727
2024-07-15,LTC,,0.0,0.0,0.0
2024-07-15,LUNC,,0.0,0.05,0.012
2024-07-15,NEAR,,0.0,0.0,0.0
2024-07-15,NEXO,,0.0,0.0,0.0
2024-07-15,PEPE,,-0.05,0.05,-0.015999999999999997
2024-07-15,QNT,,0.05,-0.08636363636363636,0.00727272727272727
2024-07-15,SHIB,,0.0,0.05,0.012
2024-07-15,SOL,,0.0,0.0,0.0
2024-07-15,STX,,-0.05,0.0,-0.027999999999999997
2024-07-15,SUI,,-0.05,0.0,-0.027999999999999997
2024-07-15,TAO,,-0.05,0.05,-0.015999999999999997
2024-07-15,TRX,,0.05,-0.08636363636363636,0.00727272727272727
2024-07-15,UNI,,0.05,0.0,0.027999999999999997
2024-07-15,VET,,-0.05,0.0,-0.027999999999999997
2024-07-15,WLD,,-0.05,0.05,-0.015999999999999997
2024-07-15,XLM,,0.0,-0.08636363636363636,-0.02072727272727273
2024-07-15,XRP,,0.0,-0.05,-0.012
2024-07-15,ZEC,,-0.05,0.0,-0.027999999999999997
2024-07-22,AAVE,,-0.05,0.0,-0.027999999999999997
2024-07-22,ADA,,0.0,-0.08636363636363636,-0.02072727272727273
2024-07-22,ALGO,,0.0,0.0,0.0
2024-07-22,APT,,0.0,0.05,0.012
2024-07-22,ARB,,0.0,0.0,0.0
2024-07-22,ATOM,,0.05,-0.08636363636363636,0.00727272727272727
2024-07-22,AVAX,,0.0,0.0,0.0
2024-07-22,BCH,,0.0,0.0,0.0
2024-07-22,BNB,,0.05,0.0,0.027999999999999997
2024-07-22,BONK,,-0.05,0.05,-0.015999999999999997
2024-07-22,BTC,,0.05,-0.08636363636363636,0.00727272727272727
2024-07-22,CAKE,,0.0,0.0,0.0
2024-07-22,CHZ,,0.05,0.05,0.04
2024-07-22,DASH,,0.0,-0.08636363636363636,-0.02072727272727273
2024-07-22,DEXE,,0.0,0.05,0.012
2024-07-22,DOGE,,0.0,0.0,0.0
2024-07-22,DOT,,0.05,-0.08636363636363636,0.00727272727272727
2024-07-22,ENA,,-0.05,0.05,-0.015999999999999997
2024-07-22,ETC,,0.0,0.0,0.0
2024-07-22,ETH,,0.05,-0.08636363636363636,0.00727272727272727
2024-07-22,FET,,0.0,0.05,0.012
2024-07-22,FIL,,0.0,0.0,0.0
2024-07-22,HBAR,,0.05,0.0,0.027999999999999997
2024-07-22,ICP,,-0.05,0.0,-0.027999999999999997
2024-07-22,JST,,0.05,-0.08636363636363636,0.00727272727272727
2024-07-22,JUP,,-0.05,0.05,-0.015999999999999997
2024-07-22,LINK,,0.05,-0.08636363636363636,0.00727272727272727
2024-07-22,LTC,,0.0,0.0,0.0
2024-07-22,LUNC,,0.0,0.05,0.012
2024-07-22,NEAR,,0.0,0.0,0.0
2024-07-22,NEXO,,0.0,0.0,0.0
2024-07-22,PEPE,,-0.05,0.05,-0.015999999999999997
2024-07-22,QNT,,0.05,-0.08636363636363636,0.00727272727272727
2024-07-22,SHIB,,0.0,0.05,0.012
2024-07-22,SOL,,0.0,0.0,0.0
2024-07-22,STX,,-0.05,0.0,-0.027999999999999997
2024-07-22,SUI,,-0.05,0.0,-0.027999999999999997
2024-07-22,TAO,,-0.05,0.05,-0.015999999999999997
2024-07-22,TRX,,0.05,-0.08636363636363636,0.00727272727272727
2024-07-22,UNI,,0.05,0.0,0.027999999999999997
2024-07-22,VET,,-0.05,0.0,-0.027999999999999997
2024-07-22,WLD,,-0.05,0.05,-0.015999999999999997
2024-07-22,XLM,,0.0,-0.08636363636363636,-0.02072727272727273
2024-07-22,XRP,,0.0,-0.05,-0.012
2024-07-22,ZEC,,-0.05,0.0,-0.027999999999999997
2024-07-29,AAVE,,0.0,0.0,0.0
2024-07-29,ADA,,0.0,-0.08636363636363636,-0.015545454545454545
2024-07-29,ALGO,,0.0,0.0,0.0
2024-07-29,APT,,0.0,0.05,0.009
2024-07-29,ARB,,0.0,0.0,0.0
2024-07-29,ATOM,,0.05,-0.08636363636363636,0.005454545454545452
2024-07-29,AVAX,,0.0,0.0,0.0
2024-07-29,BCH,,0.0,0.0,0.0
2024-07-29,BNB,,0.05,0.0,0.020999999999999998
2024-07-29,BONK,,-0.05,0.05,-0.011999999999999999
2024-07-29,BTC,,0.05,-0.08636363636363636,0.005454545454545452
2024-07-29,CAKE,,0.0,0.0,0.0
2024-07-29,CHZ,,0.0,0.05,0.009
2024-07-29,DASH,,0.0,-0.08636363636363636,-0.015545454545454545
2024-07-29,DEXE,,0.0,0.05,0.009
2024-07-29,DOGE,,0.0,0.0,0.0
2024-07-29,DOT,,0.05,-0.08636363636363636,0.005454545454545452
2024-07-29,ENA,,-0.05,0.05,-0.011999999999999999
2024-07-29,ETC,,0.0,0.0,0.0
2024-07-29,ETH,,0.05,-0.08636363636363636,0.005454545454545452
2024-07-29,FET,,0.0,0.05,0.009
2024-07-29,FIL,,0.0,0.0,0.0
2024-07-29,HBAR,,0.05,0.0,0.020999999999999998
2024-07-29,ICP,,-0.05,0.0,-0.020999999999999998
2024-07-29,JST,,0.05,-0.08636363636363636,0.005454545454545452
2024-07-29,JUP,,-0.05,0.05,-0.011999999999999999
2024-07-29,LINK,,0.05,-0.08636363636363636,0.005454545454545452
2024-07-29,LTC,,0.05,0.0,0.020999999999999998
2024-07-29,LUNC,,0.0,0.05,0.009
2024-07-29,NEAR,,-0.05,0.0,-0.020999999999999998
2024-07-29,NEXO,,0.0,0.0,0.0
2024-07-29,PEPE,,-0.05,0.05,-0.011999999999999999
2024-07-29,QNT,,0.05,-0.08636363636363636,0.005454545454545452
2024-07-29,RENDER,,0.0,0.0,0.0
2024-07-29,SHIB,,0.0,0.05,0.009
2024-07-29,SOL,,0.0,0.0,0.0
2024-07-29,STX,,-0.05,0.0,-0.020999999999999998
2024-07-29,SUI,,-0.05,0.0,-0.020999999999999998
2024-07-29,TAO,,-0.05,0.05,-0.011999999999999999
2024-07-29,TRX,,0.05,-0.08636363636363636,0.005454545454545452
2024-07-29,UNI,,0.05,0.0,0.020999999999999998
2024-07-29,VET,,-0.05,0.0,-0.020999999999999998
2024-07-29,WLD,,-0.05,0.05,-0.011999999999999999
2024-07-29,XLM,,0.0,-0.08636363636363636,-0.015545454545454545
2024-07-29,XRP,,0.0,-0.05,-0.009
2024-07-29,ZEC,,-0.05,0.0,-0.020999999999999998
2024-08-05,AAVE,,0.05,0.0,0.020999999999999998
2024-08-05,ADA,,0.05,-0.08636363636363636,0.005454545454545452
2024-08-05,ALGO,,0.0,0.0,0.0
2024-08-05,APT,,0.0,0.05,0.009
2024-08-05,ARB,,0.0,0.0,0.0
2024-08-05,ATOM,,0.05,-0.08636363636363636,0.005454545454545452
2024-08-05,AVAX,,-0.05,0.0,-0.020999999999999998
2024-08-05,BCH,,0.0,0.0,0.0
2024-08-05,BNB,,0.0,0.0,0.0
2024-08-05,BONK,,-0.05,0.05,-0.011999999999999999
2024-08-05,BTC,,0.0,-0.08636363636363636,-0.015545454545454545
2024-08-05,CAKE,,0.0,0.0,0.0
2024-08-05,CHZ,,0.0,0.05,0.009
2024-08-05,DASH,,0.0,-0.08636363636363636,-0.015545454545454545
2024-08-05,DEXE,,0.05,0.05,0.029999999999999995
2024-08-05,DOGE,,0.0,0.0,0.0
2024-08-05,DOT,,0.05,-0.08636363636363636,0.005454545454545452
2024-08-05,ENA,,-0.05,0.05,-0.011999999999999999
2024-08-05,ETC,,0.05,0.0,0.020999999999999998
2024-08-05,ETH,,0.0,-0.08636363636363636,-0.015545454545454545
2024-08-05,FET,,0.0,0.05,0.009
2024-08-05,FIL,,0.0,0.0,0.0
2024-08-05,HBAR,,0.05,0.0,0.020999999999999998
2024-08-05,ICP,,-0.05,0.0,-0.020999999999999998
2024-08-05,JST,,0.05,-0.08636363636363636,0.005454545454545452
2024-08-05,JUP,,-0.05,0.05,-0.011999999999999999
2024-08-05,LINK,,0.0,-0.08636363636363636,-0.015545454545454545
2024-08-05,LTC,,0.05,0.0,0.020999999999999998
2024-08-05,LUNC,,-0.05,0.05,-0.011999999999999999
2024-08-05,NEAR,,0.0,0.0,0.0
2024-08-05,NEXO,,0.0,0.0,0.0
2024-08-05,PEPE,,-0.05,0.05,-0.011999999999999999
2024-08-05,QNT,,0.0,-0.08636363636363636,-0.015545454545454545
2024-08-05,RENDER,,0.0,0.0,0.0
2024-08-05,SHIB,,0.0,0.05,0.009
2024-08-05,SOL,,-0.05,0.0,-0.020999999999999998
2024-08-05,STX,,0.0,0.0,0.0
2024-08-05,SUI,,-0.05,0.0,-0.020999999999999998
2024-08-05,TAO,,-0.05,0.05,-0.011999999999999999
2024-08-05,TRX,,0.05,-0.08636363636363636,0.005454545454545452
2024-08-05,UNI,,0.05,0.0,0.020999999999999998
2024-08-05,VET,,0.05,0.0,0.020999999999999998
2024-08-05,WLD,,-0.05,0.05,-0.011999999999999999
2024-08-05,XLM,,0.0,-0.08636363636363636,-0.015545454545454545
2024-08-05,XRP,,0.0,-0.05,-0.009
2024-08-05,ZEC,,-0.05,0.0,-0.020999999999999998
2024-08-12,AAVE,,-0.08181818181818182,-0.08636363636363636,-0.03742696629213482
2024-08-12,ADA,,0.05,-0.08636363636363636,0.005454545454545452
2024-08-12,ALGO,,0.0,0.0,0.0
2024-08-12,APT,,-0.08181818181818182,0.08636363636363636,-0.013921348314606738
2024-08-12,ARB,,0.05,0.0,0.017303370786516854
2024-08-12,ATOM,,0.05,0.0,0.018263534218590397
2024-08-12,AVAX,,0.0,0.08636363636363636,0.009112359550561798
2024-08-12,BCH,,0.0,0.0,0.0
2024-08-12,BNB,,0.0,0.0,0.0
2024-08-12,BONK,,0.0,0.08636363636363636,0.010696629213483145
2024-08-12,BTC,,0.05,-0.08636363636363636,0.001757916241062309
2024-08-12,CAKE,,0.0,0.0,0.0
2024-08-12,CHZ,,0.0,0.0,0.0015842696629213482
2024-08-12,DASH,,-0.08181818181818182,-0.08636363636363636,-0.043860061287027574
2024-08-12,DEXE,,0.0,0.08636363636363636,0.018089887640449435
2024-08-12,DOGE,,0.05,0.0,0.017303370786516854
2024-08-12,DOT,,0.05,0.0,0.018263534218590397
2024-08-12,ENA,,-0.08181818181818182,0.08636363636363636,-0.017617977528089884
2024-08-12,ETC,,0.05,-0.08636363636363636,0.008191011235955054
2024-08-12,ETH,,0.05,0.0,0.014566905005107251
2024-08-12,FET,,0.0,0.08636363636363636,0.014393258426966291
2024-08-12,FIL,,0.0,0.0,0.0
2024-08-12,HBAR,,0.05,0.0,0.020999999999999998
2024-08-12,ICP,,0.0,0.0,-0.0036966292134831442
2024-08-12,JST,,0.05,-0.08636363636363636,0.005454545454545452
2024-08-12,JUP,,-0.08181818181818182,0.08636363636363636,-0.017617977528089884
2024-08-12,LINK,,0.05,0.0,0.014566905005107251
2024-08-12,LTC,,0.0,0.0,0.0036966292134831442
2024-08-12,LUNC,,-0.08181818181818182,0.0,-0.03042696629213483
2024-08-12,NEAR,,0.0,0.0,0.0
2024-08-12,NEXO,,0.0,-0.08636363636363636,-0.012808988764044944
2024-08-12,PEPE,,0.0,0.08636363636363636,0.010696629213483145
2024-08-12,QNT,,0.0,-0.08636363636363636,-0.015545454545454545
2024-08-12,RENDER,,-0.08181818181818182,0.0,-0.02831460674157303
2024-08-12,SHIB,,0.0,0.0,0.0015842696629213482
2024-08-12,SOL,,-0.08181818181818182,0.08636363636363636,-0.019202247191011233
2024-08-12,STX,,-0.08181818181818182,0.08636363636363636,-0.015505617977528087
2024-08-12,SUI,,-0.05,0.0,-0.020999999999999998
2024-08-12,TAO,,-0.05,0.05,-0.011999999999999999
2024-08-12,TON,,-0.08181818181818182,0.0,-0.02831460674157303
2024-08-12,TRX,,0.05,-0.08636363636363636,0.005454545454545452
2024-08-12,UNI,,0.0,0.0,0.0036966292134831442
2024-08-12,VET,,0.0,0.0,0.0036966292134831442
2024-08-12,WLD,,0.0,0.08636363636363636,0.010696629213483145
2024-08-12,XLM,,0.0,-0.08636363636363636,-0.015545454545454545
2024-08-12,XRP,,0.0,-0.08636363636363636,-0.014393258426966291
2024-08-12,ZEC,,-0.08181818181818182,-0.05,-0.03942696629213483
2024-08-19,AAVE,,0.0,-0.08636363636363636,-0.019364368623808033
2024-08-19,ADA,,0.0,-0.08636363636363636,-0.011880388046674347
2024-08-19,ALGO,,0.0,0.0,0.0
2024-08-19,APT,,-0.08636363636363636,0.08636363636363636,-0.019539455319744513
2024-08-19,ARB,,0.0,0.0,0.0030199049802683287
2024-08-19,ATOM,,0.0,0.0,0.0031874794006610217
2024-08-19,AVAX,,-0.08636363636363636,0.08636363636363636,-0.015519451936919792
2024-08-19,BCH,,0.05,0.0,0.0173349335012198
2024-08-19,BNB,,0.05,0.0,0.0173349335012198
2024-08-19,BONK,,0.0,0.08636363636363636,0.014699203722471441
2024-08-19,BTC,,0.05,-0.08636363636363636,0.004809383936033583
2024-08-19,CAKE,,0.0,0.0,0.0
2024-08-19,CHZ,,0.0,0.0,0.00027649779364794435
2024-08-19,DASH,,0.05,-0.08636363636363636,-0.003152183739219279
2024-08-19,DEXE,,0.0,0.08636363636363636,0.015989526759495182
2024-08-19,DOGE,,0.0,0.0,0.0030199049802683287
2024-08-19,DOT,,0.05,0.0,0.02052241290188082
2024-08-19,ENA,,-0.08636363636363636,0.08636363636363636,-0.020184616838256383
2024-08-19,ETC,,0.05,-0.08636363636363636,0.005932132552664629
2024-08-19,ETH,,0.05,0.0,0.019877251383368953
2024-08-19,FET,,-0.05,0.08636363636363636,-0.0019905682602364867
2024-08-19,FIL,,0.0,0.0,0.0
2024-08-19,HBAR,,0.0,0.0,0.0036650664987801992
2024-08-19,ICP,,0.0,0.0,-0.0006451615185118697
2024-08-19,JST,,0.0,-0.08636363636363636,-0.011880388046674347
2024-08-19,JUP,,0.0,0.08636363636363636,0.009757541027486903
2024-08-19,LINK,,0.0,0.0,0.002542317882149151
2024-08-19,LTC,,0.05,0.0,0.01798009501973167
2024-08-19,LUNC,,0.0,0.0,-0.005310326419848462
2024-08-19,NEAR,,-0.08636363636363636,0.0,-0.02994215786574329
2024-08-19,NEXO,,0.05,-0.08636363636363636,0.0022670660538844315
2024-08-19,PEPE,,-0.08636363636363636,0.08636363636363636,-0.015242954143271844
2024-08-19,QNT,,0.0,-0.08636363636363636,-0.015545454545454545
2024-08-19,RENDER,,-0.08636363636363636,0.0,-0.03488382056072783
2024-08-19,SHIB,,0.0,0.0,0.00027649779364794435
2024-08-19,SOL,,0.0,0.08636363636363636,0.00948104323383896
2024-08-19,STX,,-0.08636363636363636,0.08636363636363636,-0.01981595311339246
2024-08-19,SUI,,-0.08636363636363636,0.0,-0.033607224364523486
2024-08-19,TAO,,-0.08636363636363636,0.05,-0.024607224364523485
2024-08-19,TON,,0.0,0.0,-0.004941662694984538
2024-08-19,TRX,,0.0,-0.08636363636363636,-0.011880388046674347
2024-08-19,UNI,,0.05,0.0,0.01798009501973167
2024-08-19,VET,,0.0,0.0,0.0006451615185118697
2024-08-19,WLD,,-0.08636363636363636,0.08636363636363636,-0.015242954143271844
2024-08-19,XLM,,0.05,-0.08636363636363636,0.001789478955765254
2024-08-19,XRP,,0.05,-0.08636363636363636,0.0019905682602364867
2024-08-19,ZEC,,-0.08636363636363636,-0.05,-0.044252484285591746
2024-08-26,AAVE,,0.0,-0.08636363636363636,-0.02072727272727273
2024-08-26,ADA,,0.0,-0.08636363636363636,-0.02072727272727273
2024-08-26,ALGO,,0.0,0.0,0.0
2024-08-26,APT,,-0.08636363636363636,0.08636363636363636,-0.027636363636363633
2024-08-26,ARB,,0.0,0.0,0.0
2024-08-26,ATOM,,0.05,0.0,0.027999999999999997
2024-08-26,AVAX,,-0.08636363636363636,0.08636363636363636,-0.027636363636363633
2024-08-26,BCH,,0.05,0.0,0.027999999999999997
2024-08-26,BNB,,0.05,0.0,0.027999999999999997
2024-08-26,BONK,,0.0,0.08636363636363636,0.02072727272727273
2024-08-26,BTC,,0.05,-0.08636363636363636,0.00727272727272727
2024-08-26,CAKE,,0.0,0.0,0.0
2024-08-26,CHZ,,0.0,0.0,0.0
2024-08-26,DASH,,0.05,-0.08636363636363636,0.00727272727272727
2024-08-26,DEXE,,0.0,0.08636363636363636,0.02072727272727273
2024-08-26,DOGE,,0.0,0.0,0.0
2024-08-26,DOT,,0.0,0.0,0.0
2024-08-26,ENA,,-0.08636363636363636,0.08636363636363636,-0.027636363636363633
2024-08-26,ETC,,0.05,-0.08636363636363636,0.00727272727272727
2024-08-26,ETH,,0.05,0.0,0.027999999999999997
2024-08-26,FET,,-0.05,0.08636363636363636,-0.00727272727272727
2024-08-26,FIL,,0.0,0.0,0.0
2024-08-26,HBAR,,0.0,0.0,0.0
2024-08-26,ICP,,0.0,0.0,0.0
2024-08-26,JST,,0.0,-0.08636363636363636,-0.02072727272727273
2024-08-26,JUP,,0.0,0.08636363636363636,0.02072727272727273
2024-08-26,LINK,,0.0,0.0,0.0
2024-08-26,LTC,,0.05,0.0,0.027999999999999997
2024-08-26,LUNC,,0.0,0.0,0.0
2024-08-26,NEAR,,-0.08636363636363636,0.0,-0.04836363636363636
2024-08-26,NEXO,,0.05,-0.08636363636363636,0.00727272727272727
2024-08-26,PEPE,,-0.08636363636363636,0.08636363636363636,-0.027636363636363633
2024-08-26,QNT,,0.05,-0.08636363636363636,0.00727272727272727
2024-08-26,RENDER,,-0.08636363636363636,0.0,-0.04836363636363636
2024-08-26,SHIB,,0.0,0.0,0.0
2024-08-26,SOL,,0.0,0.08636363636363636,0.02072727272727273
2024-08-26,STX,,-0.08636363636363636,0.08636363636363636,-0.027636363636363633
2024-08-26,SUI,,-0.08636363636363636,0.0,-0.04836363636363636
2024-08-26,TAO,,-0.08636363636363636,0.05,-0.03636363636363636
2024-08-26,TON,,0.0,0.0,0.0
2024-08-26,TRX,,0.0,-0.08636363636363636,-0.02072727272727273
2024-08-26,UNI,,0.05,0.0,0.027999999999999997
2024-08-26,VET,,0.0,0.0,0.0
2024-08-26,WLD,,-0.08636363636363636,0.08636363636363636,-0.027636363636363633
2024-08-26,XLM,,0.0,-0.08636363636363636,-0.02072727272727273
2024-08-26,XRP,,0.05,-0.08636363636363636,0.00727272727272727
2024-08-26,ZEC,,-0.08636363636363636,-0.05,-0.060363636363636355
2024-09-02,AAVE,,0.0,-0.08636363636363636,-0.02072727272727273
2024-09-02,ADA,,0.0,-0.08636363636363636,-0.02072727272727273
2024-09-02,ALGO,,0.0,0.0,0.0
2024-09-02,APT,,-0.08636363636363636,0.08636363636363636,-0.027636363636363633
2024-09-02,ARB,,0.0,0.0,0.0
2024-09-02,ATOM,,0.0,0.0,0.0
2024-09-02,AVAX,,-0.08636363636363636,0.08636363636363636,-0.027636363636363633
2024-09-02,BCH,,0.05,0.0,0.027999999999999997
2024-09-02,BNB,,0.05,0.0,0.027999999999999997
2024-09-02,BONK,,0.0,0.08636363636363636,0.02072727272727273
2024-09-02,BTC,,0.05,-0.08636363636363636,0.00727272727272727
2024-09-02,CAKE,,0.0,0.0,0.0
2024-09-02,CHZ,,0.0,0.0,0.0
2024-09-02,DASH,,0.05,-0.08636363636363636,0.00727272727272727
2024-09-02,DEXE,,0.0,0.08636363636363636,0.02072727272727273
2024-09-02,DOGE,,0.0,0.0,0.0
2024-09-02,DOT,,0.05,0.0,0.027999999999999997
2024-09-02,ENA,,-0.08636363636363636,0.08636363636363636,-0.027636363636363633
2024-09-02,ETC,,0.05,-0.08636363636363636,0.00727272727272727
2024-09-02,ETH,,0.05,0.0,0.027999999999999997
2024-09-02,FET,,-0.05,0.08636363636363636,-0.00727272727272727
2024-09-02,FIL,,0.0,0.0,0.0
2024-09-02,HBAR,,0.0,0.0,0.0
2024-09-02,ICP,,0.0,0.0,0.0
2024-09-02,JST,,0.0,-0.08636363636363636,-0.02072727272727273
2024-09-02,JUP,,0.0,0.08636363636363636,0.02072727272727273
2024-09-02,LINK,,0.0,0.0,0.0
2024-09-02,LTC,,0.05,0.0,0.027999999999999997
2024-09-02,LUNC,,-0.08636363636363636,0.0,-0.04836363636363636
2024-09-02,NEAR,,-0.08636363636363636,0.0,-0.04836363636363636
2024-09-02,NEXO,,0.05,-0.08636363636363636,0.00727272727272727
2024-09-02,PEPE,,-0.08636363636363636,0.08636363636363636,-0.027636363636363633
2024-09-02,QNT,,0.0,-0.08636363636363636,-0.02072727272727273
2024-09-02,RENDER,,-0.08636363636363636,0.0,-0.04836363636363636
2024-09-02,SHIB,,0.0,0.0,0.0
2024-09-02,SOL,,0.0,0.08636363636363636,0.02072727272727273
2024-09-02,STX,,-0.08636363636363636,0.08636363636363636,-0.027636363636363633
2024-09-02,SUI,,-0.08636363636363636,0.0,-0.04836363636363636
2024-09-02,TAO,,-0.08636363636363636,0.05,-0.03636363636363636
2024-09-02,TON,,0.0,0.0,0.0
2024-09-02,TRX,,0.0,-0.08636363636363636,-0.02072727272727273
2024-09-02,UNI,,0.0,0.0,0.0
2024-09-02,VET,,0.0,0.0,0.0
2024-09-02,WLD,,-0.08636363636363636,0.08636363636363636,-0.027636363636363633
2024-09-02,XLM,,0.05,-0.08636363636363636,0.00727272727272727
2024-09-02,XRP,,0.05,-0.08636363636363636,0.00727272727272727
2024-09-02,ZEC,,0.05,-0.05,0.015999999999999997
2024-09-09,AAVE,,0.0,-0.05,-0.012
2024-09-09,ADA,,0.0,-0.05,-0.012
2024-09-09,ALGO,,0.0,0.0,0.0
2024-09-09,APT,,-0.08636363636363636,0.08636363636363636,-0.027636363636363633
2024-09-09,ARB,,0.0,0.0,0.0
2024-09-09,ATOM,,0.0,0.0,0.0
2024-09-09,AVAX,,-0.08636363636363636,0.0,-0.04836363636363636
2024-09-09,BCH,,0.05,0.0,0.027999999999999997
2024-09-09,BNB,,0.05,-0.05,0.015999999999999997
2024-09-09,BONK,,0.0,0.08636363636363636,0.02072727272727273
2024-09-09,BTC,,0.05,-0.05,0.015999999999999997
2024-09-09,CAKE,,0.0,0.0,0.0
2024-09-09,CHZ,,0.0,0.0,0.0
2024-09-09,DASH,,0.05,-0.05,0.015999999999999997
2024-09-09,DEXE,,0.0,0.0,0.0
2024-09-09,DOGE,,0.0,0.0,0.0
2024-09-09,DOT,,0.05,0.0,0.027999999999999997
2024-09-09,ENA,,-0.08636363636363636,0.08636363636363636,-0.027636363636363633
2024-09-09,ETC,,0.05,-0.05,0.015999999999999997
2024-09-09,ETH,,0.05,0.0,0.027999999999999997
2024-09-09,FET,,-0.05,0.05,-0.015999999999999997
2024-09-09,FIL,,0.0,0.0,0.0
2024-09-09,HBAR,,0.0,0.0,0.0
2024-09-09,ICP,,0.0,0.0,0.0
2024-09-09,JST,,0.0,-0.05,-0.012
2024-09-09,JUP,,0.0,0.08636363636363636,0.02072727272727273
2024-09-09,LINK,,0.0,0.0,0.0
2024-09-09,LTC,,0.05,-0.05,0.015999999999999997
2024-09-09,LUNC,,-0.08636363636363636,0.0,-0.04836363636363636
2024-09-09,NEAR,,-0.08636363636363636,0.0,-0.04836363636363636
2024-09-09,NEXO,,0.05,0.0,0.027999999999999997
2024-09-09,PEPE,,-0.08636363636363636,0.08636363636363636,-0.027636363636363633
2024-09-09,QNT,,0.0,-0.05,-0.012
2024-09-09,RENDER,,-0.08636363636363636,0.08636363636363636,-0.027636363636363633
2024-09-09,SHIB,,0.0,0.0,0.0
2024-09-09,SOL,,0.0,0.08636363636363636,0.02072727272727273
2024-09-09,STX,,-0.08636363636363636,0.08636363636363636,-0.027636363636363633
2024-09-09,SUI,,-0.08636363636363636,0.08636363636363636,-0.027636363636363633
2024-09-09,TAO,,-0.08636363636363636,0.08636363636363636,-0.027636363636363633
2024-09-09,TON,,0.0,0.0,0.0
2024-09-09,TRX,,0.0,-0.05,-0.012
2024-09-09,UNI,,0.0,0.0,0.0
2024-09-09,VET,,0.0,0.0,0.0
2024-09-09,WLD,,-0.08636363636363636,0.08636363636363636,-0.027636363636363633
2024-09-09,XLM,,0.05,-0.05,0.015999999999999997
2024-09-09,XRP,,0.05,-0.05,0.015999999999999997
2024-09-09,ZEC,,0.05,0.0,0.027999999999999997
2024-09-16,AAVE,,0.0,-0.05,-0.009184300341296928
2024-09-16,ADA,,0.05,-0.05,0.010525597269624577
2024-09-16,ALGO,,0.0,0.0,0.0
2024-09-16,APT,,-0.08636363636363636,0.08636363636363636,-0.021151721998138376
2024-09-16,ARB,,-0.08636363636363636,0.0,-0.03404436860068259
2024-09-16,ATOM,,0.0,0.0,0.0
2024-09-16,AVAX,,-0.08636363636363636,0.0,-0.03701551349674216
2024-09-16,BCH,,0.0,0.0,0.0017201365187713286
2024-09-16,BNB,,0.0,-0.05,-0.007464163822525596
2024-09-16,BONK,,0.0,0.08636363636363636,0.015863791498603785
2024-09-16,BTC,,0.0,-0.05,-0.007464163822525596
2024-09-16,CAKE,,0.0,0.0,0.0
2024-09-16,CHZ,,0.0,0.0,0.0
2024-09-16,DASH,,0.05,-0.05,0.012245733788395902
2024-09-16,DEXE,,-0.08636363636363636,0.0,-0.03404436860068259
2024-09-16,DOGE,,0.05,0.0,0.0197098976109215
2024-09-16,DOT,,0.05,0.0,0.02143003412969283
2024-09-16,ENA,,-0.08636363636363636,0.08636363636363636,-0.021151721998138376
2024-09-16,ETC,,0.05,-0.05,0.012245733788395902
2024-09-16,ETH,,0.0,0.0,0.0017201365187713286
2024-09-16,FET,,-0.08636363636363636,0.05,-0.026580204778156993
2024-09-16,FIL,,0.0,0.0,0.0
2024-09-16,HBAR,,0.0,0.0,0.0
2024-09-16,ICP,,0.0,0.0,0.0
2024-09-16,JST,,0.05,-0.05,0.010525597269624577
2024-09-16,JUP,,-0.08636363636363636,0.08636363636363636,-0.01818057710207881
2024-09-16,LINK,,0.05,0.0,0.0197098976109215
2024-09-16,LTC,,0.05,-0.05,0.012245733788395902
2024-09-16,LUNC,,0.0,0.0,-0.0029711448960595688
2024-09-16,NEAR,,-0.08636363636363636,0.0,-0.03701551349674216
2024-09-16,NEXO,,0.05,0.0,0.02143003412969283
2024-09-16,PEPE,,0.0,0.08636363636363636,0.012892646602544217
2024-09-16,POL,,0.0,0.0,0.0
2024-09-16,QNT,,0.0,-0.05,-0.009184300341296928
2024-09-16,RENDER,,-0.08636363636363636,0.08636363636363636,-0.021151721998138376
2024-09-16,SHIB,,0.0,0.0,0.0
2024-09-16,SOL,,0.0,0.08636363636363636,0.015863791498603785
2024-09-16,STX,,-0.08636363636363636,0.08636363636363636,-0.021151721998138376
2024-09-16,SUI,,-0.08636363636363636,0.08636363636363636,-0.021151721998138376
2024-09-16,TAO,,-0.05,0.08636363636363636,-0.006817251008377285
2024-09-16,TON,,0.0,0.0,0.0
2024-09-16,TRX,,0.05,-0.05,0.010525597269624577
2024-09-16,UNI,,0.0,0.0,0.0
2024-09-16,VET,,0.0,0.0,0.0
2024-09-16,WLD,,0.0,0.08636363636363636,0.012892646602544217
2024-09-16,XLM,,0.05,-0.05,0.012245733788395902
2024-09-16,XRP,,0.05,-0.05,0.012245733788395902
2024-09-16,ZEC,,0.0,0.0,0.0017201365187713286
2024-09-23,AAVE,,0.0,-0.05,-0.011604278830377025
2024-09-23,ADA,,0.0,-0.05,-0.008834230643016201
2024-09-23,ALGO,,0.05,0.0,0.024064852756864378
2024-09-23,APT,,-0.08636363636363636,0.08636363636363636,-0.026725005791171326
2024-09-23,ARB,,0.0,0.0,-0.004784628687259606
2024-09-23,ATOM,,0.0,0.0,0.0
2024-09-23,AVAX,,0.0,0.0,-0.005202196281784081
2024-09-23,BCH,,0.05,0.0,0.02430660241685223
2024-09-23,BNB,,0.0,-0.05,-0.011362529170389171
2024-09-23,BONK,,-0.08636363636363636,0.08636363636363636,-0.021522809509387245
2024-09-23,BTC,,0.05,-0.05,0.012702323586475207
2024-09-23,CAKE,,0.0,0.0,0.0
2024-09-23,CHZ,,-0.08636363636363636,0.0,-0.04156656385276574
2024-09-23,DASH,,0.05,-0.05,0.01547237177383603
2024-09-23,DEXE,,0.0,0.0,-0.004784628687259606
2024-09-23,DOGE,,0.0,0.0,0.0027700481873608254
2024-09-23,DOT,,0.0,0.0,0.0030117978473486774
2024-09-23,ENA,,-0.08636363636363636,0.08636363636363636,-0.026725005791171326
2024-09-23,ETC,,0.05,-0.05,0.01547237177383603
2024-09-23,ETH,,0.0,0.0,0.0002417496599878533
2024-09-23,FET,,-0.08636363636363636,0.05,-0.03498866336963618
2024-09-23,FIL,,0.0,0.0,0.0
2024-09-23,HBAR,,0.0,0.0,0.0
2024-09-23,ICP,,0.0,0.0,0.0
2024-09-23,JST,,0.05,-0.05,0.015230622113848177
2024-09-23,JUP,,0.0,0.08636363636363636,0.015259125656118897
2024-09-23,LINK,,0.0,0.0,0.0027700481873608254
2024-09-23,LTC,,0.05,-0.05,0.01547237177383603
2024-09-23,LUNC,,0.0,0.0,-0.0004175675945244741
2024-09-23,NEAR,,-0.08636363636363636,0.0,-0.04676876013454982
2024-09-23,NEXO,,0.05,0.0,0.027076650604213055
2024-09-23,PEPE,,-0.08636363636363636,0.08636363636363636,-0.021940377103911723
2024-09-23,POL,,0.0,0.0,0.0
2024-09-23,QNT,,0.0,-0.05,-0.011604278830377025
2024-09-23,RENDER,,-0.08636363636363636,0.08636363636363636,-0.026725005791171326
2024-09-23,SHIB,,-0.08636363636363636,0.0,-0.04156656385276574
2024-09-23,SOL,,0.0,0.08636363636363636,0.0200437543433785
2024-09-23,STX,,0.0,0.08636363636363636,0.014841558061594422
2024-09-23,SUI,,-0.08636363636363636,0.08636363636363636,-0.026725005791171326
2024-09-23,TAO,,-0.05,0.08636363636363636,-0.007208714195371179
2024-09-23,TON,,0.0,0.0,0.0
2024-09-23,TRX,,0.05,-0.05,0.015230622113848177
2024-09-23,UNI,,0.0,0.0,0.0
2024-09-23,VET,,0.0,0.0,0.0
2024-09-23,WLD,,-0.08636363636363636,0.08636363636363636,-0.021940377103911723
2024-09-23,XLM,,0.05,-0.05,0.01547237177383603
2024-09-23,XRP,,0.05,-0.05,0.01547237177383603
2024-09-23,ZEC,,0.05,0.0,0.02430660241685223
2024-09-30,AAVE,,0.0,-0.05,-0.012
2024-09-30,ADA,,0.0,-0.05,-0.012
2024-09-30,ALGO,,0.08636363636363636,0.0,0.04836363636363636
2024-09-30,APT,,-0.08636363636363636,0.08636363636363636,-0.027636363636363633
2024-09-30,ARB,,0.0,0.0,0.0
2024-09-30,ATOM,,0.0,0.0,0.0
2024-09-30,AVAX,,0.0,0.0,0.0
2024-09-30,BCH,,0.08636363636363636,0.0,0.04836363636363636
2024-09-30,BNB,,0.0,-0.05,-0.012
2024-09-30,BONK,,-0.08636363636363636,0.08636363636363636,-0.027636363636363633
2024-09-30,BTC,,0.08636363636363636,-0.05,0.03636363636363636
2024-09-30,CAKE,,0.0,0.0,0.0
2024-09-30,CHZ,,-0.08636363636363636,0.0,-0.04836363636363636
2024-09-30,DASH,,0.08636363636363636,-0.05,0.03636363636363636
2024-09-30,DEXE,,0.0,0.0,0.0
2024-09-30,DOGE,,0.0,0.0,0.0
2024-09-30,DOT,,0.0,0.0,0.0
2024-09-30,ENA,,-0.05,0.08636363636363636,-0.00727272727272727
2024-09-30,ETC,,0.08636363636363636,-0.05,0.03636363636363636
2024-09-30,ETH,,0.0,0.0,0.0
2024-09-30,FET,,-0.08636363636363636,0.05,-0.03636363636363636
2024-09-30,FIL,,0.0,0.0,0.0
2024-09-30,HBAR,,0.0,0.0,0.0
2024-09-30,ICP,,0.0,0.0,0.0
2024-09-30,JST,,0.08636363636363636,-0.05,0.03636363636363636
2024-09-30,JUP,,0.0,0.08636363636363636,0.02072727272727273
2024-09-30,LINK,,0.0,0.0,0.0
2024-09-30,LTC,,0.08636363636363636,-0.05,0.03636363636363636
2024-09-30,LUNC,,0.0,0.0,0.0
2024-09-30,NEAR,,-0.08636363636363636,0.0,-0.04836363636363636
2024-09-30,NEXO,,0.0,0.0,0.0
2024-09-30,PEPE,,-0.08636363636363636,0.08636363636363636,-0.027636363636363633
2024-09-30,POL,,0.0,0.0,0.0
2024-09-30,QNT,,0.08636363636363636,-0.05,0.03636363636363636
2024-09-30,RENDER,,-0.08636363636363636,0.08636363636363636,-0.027636363636363633
2024-09-30,SHIB,,-0.08636363636363636,0.0,-0.04836363636363636
2024-09-30,SOL,,0.0,0.08636363636363636,0.02072727272727273
2024-09-30,STX,,0.0,0.08636363636363636,0.02072727272727273
2024-09-30,SUI,,-0.08636363636363636,0.08636363636363636,-0.027636363636363633
2024-09-30,TAO,,-0.08636363636363636,0.08636363636363636,-0.027636363636363633
2024-09-30,TON,,0.0,0.0,0.0
2024-09-30,TRX,,0.08636363636363636,-0.05,0.03636363636363636
2024-09-30,UNI,,0.0,0.0,0.0
2024-09-30,VET,,0.0,0.0,0.0
2024-09-30,WLD,,-0.08636363636363636,0.08636363636363636,-0.027636363636363633
2024-09-30,XLM,,0.08636363636363636,-0.05,0.03636363636363636
2024-09-30,XRP,,0.05,-0.05,0.015999999999999997
2024-09-30,ZEC,,0.08636363636363636,0.0,0.04836363636363636
2024-10-07,AAVE,,0.0,-0.05,-0.012
2024-10-07,ADA,,0.0,0.0,0.0
2024-10-07,ALGO,,0.05,0.0,0.027999999999999997
2024-10-07,APT,,-0.08636363636363636,0.0,-0.04836363636363636
2024-10-07,ARB,,0.0,0.0,0.0
2024-10-07,ATOM,,0.0,0.0,0.0
2024-10-07,AVAX,,0.0,0.0,0.0
2024-10-07,BCH,,0.05,0.0,0.027999999999999997
2024-10-07,BNB,,0.05,-0.05,0.015999999999999997
2024-10-07,BONK,,-0.08636363636363636,0.08636363636363636,-0.027636363636363633
2024-10-07,BTC,,0.05,-0.05,0.015999999999999997
2024-10-07,CAKE,,0.0,0.0,0.0
2024-10-07,CHZ,,-0.08636363636363636,0.0,-0.04836363636363636
2024-10-07,DASH,,0.05,-0.05,0.015999999999999997
2024-10-07,DEXE,,0.0,0.0,0.0
2024-10-07,DOGE,,0.0,0.0,0.0
2024-10-07,DOT,,0.0,0.0,0.0
2024-10-07,ENA,,-0.05,0.05,-0.015999999999999997
2024-10-07,ETC,,0.05,-0.05,0.015999999999999997
2024-10-07,ETH,,0.0,-0.05,-0.012
2024-10-07,FET,,-0.08636363636363636,0.0,-0.04836363636363636
2024-10-07,FIL,,0.0,0.0,0.0
2024-10-07,HBAR,,0.0,0.0,0.0
2024-10-07,ICP,,0.0,0.0,0.0
2024-10-07,JST,,0.05,-0.05,0.015999999999999997
2024-10-07,JUP,,0.0,0.08636363636363636,0.02072727272727273
2024-10-07,LINK,,0.0,0.0,0.0
2024-10-07,LTC,,0.0,-0.05,-0.012
2024-10-07,LUNC,,0.0,0.08636363636363636,0.02072727272727273
2024-10-07,NEAR,,-0.08636363636363636,0.08636363636363636,-0.027636363636363633
2024-10-07,NEXO,,0.0,-0.05,-0.012
2024-10-07,PEPE,,-0.08636363636363636,0.08636363636363636,-0.027636363636363633
2024-10-07,POL,,0.05,0.0,0.027999999999999997
2024-10-07,QNT,,0.05,-0.05,0.015999999999999997
2024-10-07,RENDER,,0.0,0.08636363636363636,0.02072727272727273
2024-10-07,SHIB,,-0.08636363636363636,0.0,-0.04836363636363636
2024-10-07,SOL,,0.0,0.0,0.0
2024-10-07,STX,,0.0,0.08636363636363636,0.02072727272727273
2024-10-07,SUI,,-0.08636363636363636,0.08636363636363636,-0.027636363636363633
2024-10-07,TAO,,-0.08636363636363636,0.08636363636363636,-0.027636363636363633
2024-10-07,TON,,0.05,0.0,0.027999999999999997
2024-10-07,TRX,,0.05,-0.05,0.015999999999999997
2024-10-07,UNI,,0.0,0.0,0.0
2024-10-07,VET,,0.0,0.0,0.0
2024-10-07,WLD,,-0.08636363636363636,0.08636363636363636,-0.027636363636363633
2024-10-07,XLM,,0.05,-0.05,0.015999999999999997
2024-10-07,XRP,,0.0,0.0,0.0
2024-10-07,ZEC,,-0.08636363636363636,0.08636363636363636,-0.027636363636363633
2024-10-14,AAVE,,0.05,-0.05,0.015999999999999997
2024-10-14,ADA,,0.0,0.0,0.0
2024-10-14,ALGO,,0.0,0.0,0.0
2024-10-14,APT,,0.0,0.0,0.0
2024-10-14,ARB,,0.0,0.0,0.0
2024-10-14,ATOM,,0.0,0.0,0.0
2024-10-14,AVAX,,0.0,0.0,0.0
2024-10-14,BCH,,0.0,0.0,0.0
2024-10-14,BNB,,0.05,-0.05,0.015999999999999997
2024-10-14,BONK,,-0.08636363636363636,0.08636363636363636,-0.027636363636363633
2024-10-14,BTC,,0.0,-0.05,-0.012
2024-10-14,CAKE,,0.0,0.0,0.0
2024-10-14,CHZ,,-0.08636363636363636,0.0,-0.04836363636363636
2024-10-14,DASH,,0.05,-0.05,0.015999999999999997
2024-10-14,DEXE,,0.05,0.0,0.027999999999999997
2024-10-14,DOGE,,-0.08636363636363636,0.0,-0.04836363636363636
2024-10-14,DOT,,0.0,0.0,0.0
2024-10-14,ENA,,-0.05,0.05,-0.015999999999999997
2024-10-14,ETC,,0.0,-0.05,-0.012
2024-10-14,ETH,,0.0,-0.05,-0.012
2024-10-14,FET,,0.05,0.0,0.027999999999999997
2024-10-14,FIL,,0.0,0.0,0.0
2024-10-14,HBAR,,0.0,0.0,0.0
2024-10-14,ICP,,0.0,0.0,0.0
2024-10-14,JST,,0.05,-0.05,0.015999999999999997
2024-10-14,JUP,,-0.08636363636363636,0.08636363636363636,-0.027636363636363633
2024-10-14,LINK,,0.0,0.0,0.0
2024-10-14,LTC,,0.0,-0.05,-0.012
2024-10-14,LUNC,,0.0,0.08636363636363636,0.02072727272727273
2024-10-14,NEAR,,-0.08636363636363636,0.08636363636363636,-0.027636363636363633
2024-10-14,NEXO,,0.05,-0.05,0.015999999999999997
2024-10-14,PEPE,,-0.08636363636363636,0.08636363636363636,-0.027636363636363633
2024-10-14,POL,,0.05,0.0,0.027999999999999997
2024-10-14,QNT,,0.05,-0.05,0.015999999999999997
2024-10-14,RENDER,,0.0,0.08636363636363636,0.02072727272727273
2024-10-14,SHIB,,-0.08636363636363636,0.0,-0.04836363636363636
2024-10-14,SOL,,0.0,0.0,0.0
2024-10-14,STX,,0.0,0.08636363636363636,0.02072727272727273
2024-10-14,SUI,,-0.08636363636363636,0.08636363636363636,-0.027636363636363633
2024-10-14,TAO,,-0.08636363636363636,0.08636363636363636,-0.027636363636363633
2024-10-14,TON,,0.05,0.0,0.027999999999999997
2024-10-14,TRX,,0.05,-0.05,0.015999999999999997
2024-10-14,UNI,,0.0,0.0,0.0
2024-10-14,VET,,0.0,0.0,0.0
2024-10-14,WLD,,-0.08636363636363636,0.08636363636363636,-0.027636363636363633
2024-10-14,XLM,,0.05,-0.05,0.015999999999999997
2024-10-14,XRP,,0.0,0.0,0.0
2024-10-14,ZEC,,-0.08636363636363636,0.08636363636363636,-0.027636363636363633
2024-10-21,AAVE,,0.05,-0.05,0.015999999999999997
2024-10-21,ADA,,0.05,0.0,0.027999999999999997
2024-10-21,ALGO,,0.0,0.0,0.0
2024-10-21,APT,,-0.05,0.0,-0.027999999999999997
2024-10-21,ARB,,-0.05,0.0,-0.027999999999999997
2024-10-21,ATOM,,0.05,0.0,0.027999999999999997
2024-10-21,AVAX,,0.0,0.0,0.0
2024-10-21,BCH,,-0.05,0.0,-0.027999999999999997
2024-10-21,BNB,,0.05,-0.05,0.015999999999999997
2024-10-21,BONK,,-0.05,0.08636363636363636,-0.00727272727272727
2024-10-21,BTC,,0.0,-0.05,-0.012
2024-10-21,CAKE,,0.0,0.0,0.0
2024-10-21,CHZ,,-0.05,0.0,-0.027999999999999997
2024-10-21,DASH,,0.05,-0.05,0.015999999999999997
2024-10-21,DEXE,,0.0,0.0,0.0
2024-10-21,DOGE,,-0.05,0.0,-0.027999999999999997
2024-10-21,DOT,,0.0,0.0,0.0
2024-10-21,ENA,,-0.05,0.05,-0.015999999999999997
2024-10-21,ETC,,0.0,-0.05,-0.012
2024-10-21,ETH,,0.0,-0.05,-0.012
2024-10-21,FET,,0.05,0.0,0.027999999999999997
2024-10-21,FIL,,0.0,0.0,0.0
2024-10-21,HBAR,,0.0,0.0,0.0
2024-10-21,ICP,,0.0,0.0,0.0
2024-10-21,JST,,0.05,-0.05,0.015999999999999997
2024-10-21,JUP,,-0.05,0.08636363636363636,-0.00727272727272727
2024-10-21,LINK,,0.0,0.0,0.0
2024-10-21,LTC,,0.0,-0.05,-0.012
2024-10-21,LUNC,,0.0,0.08636363636363636,0.02072727272727273
2024-10-21,NEAR,,0.0,0.08636363636363636,0.02072727272727273
2024-10-21,NEXO,,0.05,-0.05,0.015999999999999997
2024-10-21,PEPE,,-0.05,0.08636363636363636,-0.00727272727272727
2024-10-21,POL,,0.0,0.0,0.0
2024-10-21,QNT,,0.05,-0.05,0.015999999999999997
2024-10-21,RENDER,,0.0,0.08636363636363636,0.02072727272727273
2024-10-21,SHIB,,0.0,0.0,0.0
2024-10-21,SOL,,0.0,0.0,0.0
2024-10-21,STX,,0.0,0.08636363636363636,0.02072727272727273
2024-10-21,SUI,,-0.05,0.08636363636363636,-0.00727272727272727
2024-10-21,TAO,,0.0,0.08636363636363636,0.02072727272727273
2024-10-21,TON,,0.05,0.0,0.027999999999999997
2024-10-21,TRX,,0.05,-0.05,0.015999999999999997
2024-10-21,UNI,,0.0,0.0,0.0
2024-10-21,VET,,0.0,0.0,0.0
2024-10-21,WLD,,-0.05,0.08636363636363636,-0.00727272727272727
2024-10-21,XLM,,0.0,-0.05,-0.012
2024-10-21,XRP,,0.05,0.0,0.027999999999999997
2024-10-21,ZEC,,-0.05,0.08636363636363636,-0.00727272727272727
2024-10-28,AAVE,,0.05,-0.05,0.011999999999999999
2024-10-28,ADA,,0.05,0.0,0.020999999999999998
2024-10-28,ALGO,,0.0,0.0,0.0
2024-10-28,APT,,-0.05,0.0,-0.020999999999999998
2024-10-28,ARB,,-0.05,0.0,-0.020999999999999998
2024-10-28,ATOM,,0.0,0.0,0.0
2024-10-28,AVAX,,0.0,0.0,0.0
2024-10-28,BCH,,0.0,0.0,0.0
2024-10-28,BNB,,0.05,-0.05,0.011999999999999999
2024-10-28,BONK,,-0.05,0.08636363636363636,-0.005454545454545452
2024-10-28,BTC,,0.0,-0.05,-0.009
2024-10-28,CAKE,,0.0,0.0,0.0
2024-10-28,CHZ,,-0.05,0.0,-0.020999999999999998
2024-10-28,DASH,,0.05,-0.05,0.011999999999999999
2024-10-28,DEXE,,0.0,0.0,0.0
2024-10-28,DOGE,,-0.05,0.0,-0.020999999999999998
2024-10-28,DOT,,0.0,0.0,0.0
2024-10-28,ENA,,-0.05,0.05,-0.011999999999999999
2024-10-28,ETC,,0.0,-0.05,-0.009
2024-10-28,ETH,,0.0,-0.05,-0.009
2024-10-28,FET,,0.0,0.0,0.0
2024-10-28,FIL,,0.0,0.0,0.0
2024-10-28,HBAR,,0.0,0.0,0.0
2024-10-28,ICP,,0.0,0.0,0.0
2024-10-28,JST,,0.05,-0.05,0.011999999999999999
2024-10-28,JUP,,-0.05,0.08636363636363636,-0.005454545454545452
2024-10-28,LINK,,0.0,0.0,0.0
2024-10-28,LTC,,-0.05,-0.05,-0.029999999999999995
2024-10-28,LUNC,,0.0,0.08636363636363636,0.015545454545454545
2024-10-28,NEAR,,0.0,0.08636363636363636,0.015545454545454545
2024-10-28,NEXO,,0.05,-0.05,0.011999999999999999
2024-10-28,PEPE,,0.0,0.08636363636363636,0.015545454545454545
2024-10-28,POL,,0.0,0.0,0.0
2024-10-28,QNT,,0.05,-0.05,0.011999999999999999
2024-10-28,RENDER,,0.05,0.08636363636363636,0.03654545454545454
2024-10-28,SHIB,,0.0,0.0,0.0
2024-10-28,SOL,,0.0,0.0,0.0
2024-10-28,STX,,-0.05,0.08636363636363636,-0.005454545454545452
2024-10-28,SUI,,-0.05,0.08636363636363636,-0.005454545454545452
2024-10-28,TAO,,0.0,0.08636363636363636,0.015545454545454545
2024-10-28,TON,,0.05,0.0,0.020999999999999998
2024-10-28,TRX,,0.05,-0.05,0.011999999999999999
2024-10-28,UNI,,0.0,0.0,0.0
2024-10-28,VET,,0.0,0.0,0.0
2024-10-28,WLD,,-0.05,0.08636363636363636,-0.005454545454545452
2024-10-28,XLM,,0.05,-0.05,0.011999999999999999
2024-10-28,XRP,,0.05,0.0,0.020999999999999998
2024-10-28,ZEC,,-0.05,0.08636363636363636,-0.005454545454545452
2024-11-04,AAVE,,-0.05,-0.05,-0.029999999999999995
2024-11-04,ADA,,-0.05,0.0,-0.020999999999999998
2024-11-04,ALGO,,0.0,0.0,0.0
2024-11-04,APT,,0.0,0.0,0.0
2024-11-04,ARB,,0.0,0.08636363636363636,0.015545454545454545
2024-11-04,ATOM,,0.0,0.0,0.0
2024-11-04,AVAX,,-0.05,0.0,-0.020999999999999998
2024-11-04,BCH,,0.0,-0.05,-0.009
2024-11-04,BNB,,0.05,-0.09444444444444446,0.003999999999999997
2024-11-04,BONK,,-0.05,0.08636363636363636,-0.005454545454545452
2024-11-04,BTC,,0.05,-0.09444444444444446,0.003999999999999997
2024-11-04,CAKE,,0.0,0.0,0.0
2024-11-04,CHZ,,0.0,0.08636363636363636,0.015545454545454545
2024-11-04,DASH,,0.05,0.0,0.020999999999999998
2024-11-04,DEXE,,0.0,0.0,0.0
2024-11-04,DOGE,,-0.05,0.0,-0.020999999999999998
2024-11-04,DOT,,-0.05,0.0,-0.020999999999999998
2024-11-04,ENA,,-0.05,0.05,-0.011999999999999999
2024-11-04,ETC,,0.0,-0.05,-0.009
2024-11-04,ETH,,0.0,0.0,0.0
2024-11-04,FET,,0.0,0.0,0.0
2024-11-04,FIL,,0.0,0.0,0.0
2024-11-04,HBAR,,0.0,0.0,0.0
2024-11-04,ICP,,0.0,0.0,0.0
2024-11-04,JST,,0.05,-0.09444444444444446,0.003999999999999997
2024-11-04,JUP,,-0.05,0.08636363636363636,-0.005454545454545452
2024-11-04,LINK,,0.0,0.0,0.0
2024-11-04,LTC,,0.05,-0.09444444444444446,0.003999999999999997
2024-11-04,LUNC,,0.0,0.0,0.0
2024-11-04,NEAR,,0.0,0.0,0.0
2024-11-04,NEXO,,0.05,-0.09444444444444446,0.003999999999999997
2024-11-04,PEPE,,-0.05,0.0,-0.020999999999999998
2024-11-04,POL,,-0.05,0.08636363636363636,-0.005454545454545452
2024-11-04,QNT,,0.05,-0.09444444444444446,0.003999999999999997
2024-11-04,RENDER,,0.0,0.08636363636363636,0.015545454545454545
2024-11-04,SHIB,,-0.05,0.0,-0.020999999999999998
2024-11-04,SOL,,0.0,0.0,0.0
2024-11-04,STX,,0.0,0.08636363636363636,0.015545454545454545
2024-11-04,SUI,,-0.05,0.08636363636363636,-0.005454545454545452
2024-11-04,TAO,,0.0,0.08636363636363636,0.015545454545454545
2024-11-04,TON,,0.05,-0.09444444444444446,0.003999999999999997
2024-11-04,TRX,,0.05,-0.09444444444444446,0.003999999999999997
2024-11-04,UNI,,0.0,0.0,0.0
2024-11-04,VET,,0.0,0.0,0.0
2024-11-04,WLD,,0.0,0.08636363636363636,0.015545454545454545
2024-11-04,XLM,,0.05,0.0,0.020999999999999998
2024-11-04,XRP,,0.05,0.08636363636363636,0.03654545454545454
2024-11-04,ZEC,,0.05,-0.09444444444444446,0.003999999999999997
2024-11-11,AAVE,,-0.05,-0.05,-0.04
2024-11-11,ADA,,-0.05,0.0,-0.027999999999999997
2024-11-11,ALGO,,0.0,0.0,0.0
2024-11-11,APT,,0.0,0.0,0.0
2024-11-11,ARB,,0.0,0.08636363636363636,0.02072727272727273
2024-11-11,ATOM,,0.0,0.0,0.0
2024-11-11,AVAX,,0.0,0.0,0.0
2024-11-11,BCH,,0.0,-0.05,-0.012
2024-11-11,BNB,,0.05,-0.09444444444444446,0.005333333333333329
2024-11-11,BONK,,-0.05,0.08636363636363636,-0.00727272727272727
2024-11-11,BTC,,0.05,-0.09444444444444446,0.005333333333333329
2024-11-11,CAKE,,0.0,0.0,0.0
2024-11-11,CHZ,,0.05,0.08636363636363636,0.04872727272727273
2024-11-11,DASH,,0.05,0.0,0.027999999999999997
2024-11-11,DEXE,,0.05,0.0,0.027999999999999997
2024-11-11,DOGE,,-0.05,0.0,-0.027999999999999997
2024-11-11,DOT,,0.0,0.0,0.0
2024-11-11,ENA,,-0.05,0.05,-0.015999999999999997
2024-11-11,ETC,,0.0,-0.05,-0.012
2024-11-11,ETH,,0.0,0.0,0.0
2024-11-11,FET,,0.0,0.0,0.0
2024-11-11,FIL,,0.0,0.0,0.0
2024-11-11,HBAR,,-0.05,0.0,-0.027999999999999997
2024-11-11,ICP,,0.0,0.0,0.0
2024-11-11,JST,,0.05,-0.09444444444444446,0.005333333333333329
2024-11-11,JUP,,-0.05,0.08636363636363636,-0.00727272727272727
2024-11-11,LINK,,0.0,0.0,0.0
2024-11-11,LTC,,0.05,-0.09444444444444446,0.005333333333333329
2024-11-11,LUNC,,0.0,0.0,0.0
2024-11-11,NEAR,,0.0,0.0,0.0
2024-11-11,NEXO,,0.05,-0.09444444444444446,0.005333333333333329
2024-11-11,PEPE,,-0.05,0.0,-0.027999999999999997
2024-11-11,POL,,0.0,0.08636363636363636,0.02072727272727273
2024-11-11,QNT,,0.05,-0.09444444444444446,0.005333333333333329
2024-11-11,RENDER,,0.0,0.08636363636363636,0.02072727272727273
2024-11-11,SHIB,,-0.05,0.0,-0.027999999999999997
2024-11-11,SOL,,0.0,0.0,0.0
2024-11-11,STX,,0.0,0.08636363636363636,0.02072727272727273
2024-11-11,SUI,,-0.05,0.08636363636363636,-0.00727272727272727
2024-11-11,TAO,,0.0,0.08636363636363636,0.02072727272727273
2024-11-11,TON,,0.05,-0.09444444444444446,0.005333333333333329
2024-11-11,TRX,,0.05,-0.09444444444444446,0.005333333333333329
2024-11-11,UNI,,0.0,0.0,0.0
2024-11-11,VET,,0.0,0.0,0.0
2024-11-11,WLD,,0.0,0.08636363636363636,0.02072727272727273
2024-11-11,XLM,,-0.05,0.0,-0.027999999999999997
2024-11-11,XRP,,-0.05,0.08636363636363636,-0.00727272727272727
2024-11-11,ZEC,,0.05,-0.09444444444444446,0.005333333333333329
2024-11-18,AAVE,,0.0,-0.05,-0.026578091106290676
2024-11-18,ADA,,-0.08636363636363636,0.0,-0.04542407809110628
2024-11-18,ALGO,,0.0,0.0,0.0
2024-11-18,APT,,0.05,0.0,0.018790672451193053
2024-11-18,ARB,,0.05,0.08636363636363636,0.04229994084007099
2024-11-18,ATOM,,-0.08636363636363636,0.0,-0.03245661605206073
2024-11-18,AVAX,,0.0,0.0,0.0
2024-11-18,BCH,,0.0,-0.05,-0.013610629067245118
2024-11-18,BNB,,0.09444444444444446,-0.09444444444444446,0.022751988430947216
2024-11-18,BONK,,-0.08636363636363636,0.08636363636363636,-0.02191480970222835
2024-11-18,BTC,,0.09444444444444446,-0.09444444444444446,0.022751988430947216
2024-11-18,CAKE,,0.0,0.0,0.0
2024-11-18,CHZ,,0.0,0.08636363636363636,0.03647673042792349
2024-11-18,DASH,,0.09444444444444446,0.0,0.048460954446854665
2024-11-18,DEXE,,0.0,0.0,0.012967462039045554
2024-11-18,DOGE,,-0.08636363636363636,0.0,-0.04542407809110628
2024-11-18,DOT,,-0.08636363636363636,0.0,-0.03245661605206073
2024-11-18,ENA,,-0.08636363636363636,0.05,-0.031813449023861164
2024-11-18,ETC,,0.0,-0.05,-0.013610629067245118
2024-11-18,ETH,,0.0,0.0,0.0
2024-11-18,FET,,0.0,0.0,0.0
2024-11-18,FIL,,0.05,0.0,0.018790672451193053
2024-11-18,HBAR,,-0.08636363636363636,0.0,-0.04542407809110628
2024-11-18,ICP,,0.0,0.0,0.0
2024-11-18,JST,,0.09444444444444446,-0.09444444444444446,0.022751988430947216
2024-11-18,JUP,,0.0,0.08636363636363636,0.010541806349832379
2024-11-18,LINK,,0.0,0.0,0.0
2024-11-18,LTC,,0.09444444444444446,-0.09444444444444446,0.022751988430947216
2024-11-18,LUNC,,0.0,0.0,0.0
2024-11-18,NEAR,,0.0,0.0,0.0
2024-11-18,NEXO,,0.09444444444444446,-0.09444444444444446,0.022751988430947216
2024-11-18,PEPE,,-0.08636363636363636,0.0,-0.04542407809110628
2024-11-18,POL,,0.0,0.08636363636363636,0.023509268388877933
2024-11-18,QNT,,0.09444444444444446,-0.09444444444444446,0.022751988430947216
2024-11-18,RENDER,,0.0,0.08636363636363636,0.023509268388877933
2024-11-18,SHIB,,-0.08636363636363636,0.0,-0.04542407809110628
2024-11-18,SOL,,0.0,0.0,0.0
2024-11-18,STX,,0.09444444444444446,0.08636363636363636,0.05900276079668704
2024-11-18,SUI,,0.0,0.08636363636363636,0.010541806349832379
2024-11-18,TAO,,0.0,0.08636363636363636,0.023509268388877933
2024-11-18,TON,,0.09444444444444446,-0.09444444444444446,0.022751988430947216
2024-11-18,TRX,,0.0,-0.09444444444444446,-0.012741503976861895
2024-11-18,UNI,,0.0,0.0,0.0
2024-11-18,VET,,-0.08636363636363636,0.0,-0.03245661605206073
2024-11-18,WLD,,0.0,0.08636363636363636,0.023509268388877933
2024-11-18,XLM,,-0.05,0.0,-0.03175813449023861
2024-11-18,XRP,,-0.08636363636363636,0.08636363636363636,-0.02191480970222835
2024-11-18,ZEC,,0.0,-0.09444444444444446,-0.012741503976861895
2024-11-25,AAVE,,0.0,-0.05,-0.01711077537170285
2024-11-25,ADA,,-0.09000000000000001,0.0,-0.05979577378000518
2024-11-25,ALGO,,-0.09000000000000001,0.0,-0.05151461374794082
2024-11-25,APT,,0.05,0.0,0.03204491447961601
2024-11-25,ARB,,0.09000000000000001,0.08636363636363636,0.08041188310872767
2024-11-25,ATOM,,-0.09000000000000001,0.0,-0.05743170536369799
2024-11-25,AVAX,,0.0,0.0,0.0
2024-11-25,BCH,,0.0,-0.05,-0.014746706955395657
2024-11-25,BNB,,0.09000000000000001,-0.09444444444444446,0.032494528863393005
2024-11-25,BONK,,-0.05,0.08636363636363636,-0.011428805150893524
2024-11-25,BTC,,0.09000000000000001,-0.09444444444444446,0.032494528863393005
2024-11-25,CAKE,,0.0,0.0,0.0
2024-11-25,CHZ,,0.0,0.08636363636363636,0.02783565315744515
2024-11-25,DASH,,0.0,0.0,0.008834806031199537
2024-11-25,DEXE,,0.0,0.0,0.0023640684163071923
2024-11-25,DOGE,,-0.09000000000000001,0.0,-0.05979577378000518
2024-11-25,DOT,,-0.09000000000000001,0.0,-0.05743170536369799
2024-11-25,ENA,,0.0,0.05,0.006465546923331303
2024-11-25,ETC,,0.0,-0.05,-0.014746706955395657
2024-11-25,ETH,,0.0,0.0,0.0
2024-11-25,FET,,0.0,0.0,0.0
2024-11-25,FIL,,0.05,0.0,0.03204491447961601
2024-11-25,HBAR,,-0.09000000000000001,0.0,-0.05979577378000518
2024-11-25,ICP,,0.0,0.0,0.0
2024-11-25,JST,,0.09000000000000001,-0.09444444444444446,0.032494528863393005
2024-11-25,JUP,,0.0,0.08636363636363636,0.02310751632483076
2024-11-25,LINK,,0.0,0.0,0.0
2024-11-25,LTC,,0.09000000000000001,-0.09444444444444446,0.032494528863393005
2024-11-25,LUNC,,0.09000000000000001,0.0,0.05151461374794082
2024-11-25,NEAR,,0.0,0.0,0.0
2024-11-25,NEXO,,0.09000000000000001,-0.09444444444444446,0.032494528863393005
2024-11-25,PEPE,,-0.09000000000000001,0.0,-0.05979577378000518
2024-11-25,POL,,0.0,0.08636363636363636,0.025471584741137955
2024-11-25,QNT,,0.09000000000000001,-0.09444444444444446,0.032494528863393005
2024-11-25,RENDER,,0.0,0.08636363636363636,0.025471584741137955
2024-11-25,SHIB,,-0.09000000000000001,0.0,-0.05979577378000518
2024-11-25,SOL,,0.0,0.0,0.0
2024-11-25,STX,,0.09000000000000001,0.08636363636363636,0.08345693610397112
2024-11-25,SUI,,0.0,0.08636363636363636,0.02310751632483076
2024-11-25,TAO,,0.0,0.08636363636363636,0.025471584741137955
2024-11-25,TON,,0.09000000000000001,-0.09444444444444446,0.032494528863393005
2024-11-25,TRX,,0.0,-0.09444444444444446,-0.025490822499440166
2024-11-25,UNI,,0.0,0.0,0.0
2024-11-25,VET,,-0.09000000000000001,0.0,-0.05743170536369799
2024-11-25,WLD,,0.0,0.08636363636363636,0.025471584741137955
2024-11-25,XLM,,-0.05,0.0,-0.0344089828959232
2024-11-25,XRP,,-0.09000000000000001,0.08636363636363636,-0.03432418903886723
2024-11-25,ZEC,,0.0,-0.09444444444444446,-0.025490822499440166
2024-12-02,AAVE,,-0.09000000000000001,0.0,-0.04011951904407735
2024-12-02,ADA,,0.0,0.0,-0.029814320775740612
2024-12-02,ALGO,,-0.09000000000000001,0.0,-0.057273357993292216
2024-12-02,APT,,0.05,0.0,0.03352658704696058
2024-12-02,ARB,,0.0,0.09444444444444446,0.05429982712353789
2024-12-02,ATOM,,-0.09000000000000001,0.0,-0.06022363451518614
2024-12-02,AVAX,,0.05,0.0,0.0175489133899317
2024-12-02,BCH,,0.0,-0.09000000000000001,-0.02089047776628749
2024-12-02,BNB,,0.05,-0.09000000000000001,0.020213032704796827
2024-12-02,BONK,,-0.05,0.05,-0.0157263810381849
2024-12-02,BTC,,0.05,-0.09000000000000001,0.020213032704796827
2024-12-02,CAKE,,-0.09000000000000001,0.0,-0.031588044101877065
2024-12-02,CHZ,,0.0,0.0,0.013878925545668467
2024-12-02,DASH,,0.0,0.0,0.00440505614953191
2024-12-02,DEXE,,0.0,0.0,0.0011787303624315373
2024-12-02,DOGE,,0.0,-0.05,-0.03733528365713991
2024-12-02,DOT,,-0.09000000000000001,0.0,-0.06022363451518614
2024-12-02,ENA,,0.0,0.09444444444444446,0.017430000915864195
2024-12-02,ETC,,0.05,-0.09000000000000001,-0.0033415643763557903
2024-12-02,ETH,,0.05,-0.09000000000000001,0.004011180203412957
2024-12-02,FET,,0.0,0.0,0.0
2024-12-02,FIL,,0.0,0.0,0.015977673657028874
2024-12-02,HBAR,,0.0,0.09444444444444446,-0.015608057555319708
2024-12-02,ICP,,0.0,0.0,0.0
2024-12-02,JST,,0.0,-0.09000000000000001,0.0026641193148651265
2024-12-02,JUP,,0.05,0.09444444444444446,0.04327664143115799
2024-12-02,LINK,,0.0,0.0,0.0
2024-12-02,LTC,,0.05,-0.09000000000000001,0.020213032704796827
2024-12-02,LUNC,,0.0,0.0,0.02568531389141515
2024-12-02,NEAR,,0.0,0.0,0.0
2024-12-02,NEXO,,0.05,-0.09000000000000001,0.020213032704796827
2024-12-02,PEPE,,-0.09000000000000001,0.05,-0.053881401996218374
2024-12-02,POL,,-0.09000000000000001,0.09444444444444446,-0.004681585698219234
2024-12-02,QNT,,0.0,0.0,0.01620185250138387
2024-12-02,RENDER,,0.05,0.09444444444444446,0.044455371793589535
2024-12-02,SHIB,,0.0,0.0,-0.029814320775740612
2024-12-02,SOL,,0.0,0.0,0.0
2024-12-02,STX,,0.05,0.0,0.05916074825168415
2024-12-02,SUI,,0.0,0.09444444444444446,0.025727728041226295
2024-12-02,TAO,,0.0,0.09444444444444446,0.026906458403657834
2024-12-02,TON,,0.05,-0.09000000000000001,0.020213032704796827
2024-12-02,TRX,,-0.09000000000000001,-0.05,-0.05181879416040802
2024-12-02,UNI,,0.0,0.0,0.0
2024-12-02,VET,,-0.09000000000000001,0.0,-0.06022363451518614
2024-12-02,WLD,,0.0,0.09444444444444446,0.026906458403657834
2024-12-02,XLM,,-0.05,0.05,-0.027184354527992814
2024-12-02,XRP,,-0.09000000000000001,0.0,-0.04870216969438075
2024-12-02,ZEC,,0.0,-0.09000000000000001,-0.0262475203636504
2024-12-09,AAVE,,0.0,0.0,-0.01342686916522184
2024-12-09,ADA,,-0.08636363636363636,0.0,-0.05020012820933056
2024-12-09,ALGO,,-0.08636363636363636,0.0,-0.059389891918062016
2024-12-09,APT,,0.09444444444444446,0.0,0.055205991811457925
2024-12-09,ARB,,0.0,0.09444444444444446,0.03702358493923067
2024-12-09,ATOM,,-0.08636363636363636,0.0,-0.06037726608915252
2024-12-09,AVAX,,0.05,0.0,0.029159614514647766
2024-12-09,BCH,,0.0,-0.09000000000000001,-0.024955315575843583
2024-12-09,BNB,,0.09444444444444446,-0.09000000000000001,0.032786458366472974
2024-12-09,BONK,,0.0,0.05,0.004716748656253742
2024-12-09,BTC,,0.09444444444444446,-0.09000000000000001,0.032786458366472974
2024-12-09,CAKE,,0.0,0.0,-0.010571625618821391
2024-12-09,CHZ,,0.0,0.0,0.004644884133601189
2024-12-09,DASH,,0.0,0.0,0.0014742477974434322
2024-12-09,DEXE,,0.0,0.0,0.00039448773899943316
2024-12-09,DOGE,,0.0,-0.05,-0.02247498819971041
2024-12-09,DOT,,-0.08636363636363636,0.0,-0.06037726608915252
2024-12-09,ENA,,0.09444444444444446,0.09444444444444446,0.06866988677951984
2024-12-09,ETC,,0.09444444444444446,-0.09000000000000001,0.024903400424011395
2024-12-09,ETH,,0.09444444444444446,-0.09000000000000001,0.027364156231412414
2024-12-09,FET,,0.0,0.0,0.0
2024-12-09,FIL,,0.0,0.0,0.00534727581160294
2024-12-09,HBAR,,-0.08636363636363636,0.09444444444444446,-0.026594725983187125
2024-12-09,ICP,,0.0,0.0,0.0
2024-12-09,JST,,0.0,-0.09000000000000001,-0.017072257633382007
2024-12-09,JUP,,0.0,0.09444444444444446,0.03333443622553542
2024-12-09,LINK,,0.0,0.0,0.0
2024-12-09,LTC,,0.05,-0.09000000000000001,0.012087356881265759
2024-12-09,LUNC,,0.05,0.0,0.031882637811343824
2024-12-09,NEAR,,0.0,0.0,0.0
2024-12-09,NEXO,,0.09444444444444446,-0.09000000000000001,0.032786458366472974
2024-12-09,PEPE,,-0.08636363636363636,0.05,-0.048274776179017195
2024-12-09,POL,,0.0,0.09444444444444446,0.017284173001923798
2024-12-09,QNT,,0.0,0.0,0.005422302135060562
2024-12-09,RENDER,,0.0,0.09444444444444446,0.03372892396453485
2024-12-09,SHIB,,-0.08636363636363636,0.0,-0.05020012820933056
2024-12-09,SOL,,0.09444444444444446,0.0,0.04398559065606532
2024-12-09,STX,,0.09444444444444446,0.0,0.06378502109338645
2024-12-09,SUI,,0.0,0.09444444444444446,0.027461310881745755
2024-12-09,TAO,,0.0,0.09444444444444446,0.027855798620745192
2024-12-09,TON,,0.0,-0.09000000000000001,-0.011199132289592347
2024-12-09,TRX,,-0.08636363636363636,-0.05,-0.0675443274905802
2024-12-09,UNI,,0.0,0.0,0.0
2024-12-09,VET,,-0.08636363636363636,0.0,-0.06037726608915252
2024-12-09,WLD,,-0.08636363636363636,0.09444444444444446,-0.012366319038009718
2024-12-09,XLM,,-0.05,0.05,-0.022404400416115383
2024-12-09,XRP,,-0.08636363636363636,0.0,-0.0565213574335502
2024-12-09,ZEC,,0.0,-0.09000000000000001,-0.026748166332311724
2024-12-16,AAVE,,0.0,0.0,-0.005877502187043761
2024-12-16,ADA,,-0.1,0.0,-0.061332768025007936
2024-12-16,ALGO,,-0.05,0.0,-0.04567647575366852
2024-12-16,APT,,0.09444444444444446,0.0,0.06133748430764879
2024-12-16,ARB,,0.05,0.09444444444444446,0.051816456105733225
2024-12-16,ATOM,,0.0,0.0,-0.02642965453226369
2024-12-16,AVAX,,0.0,0.0,0.012764382818826966
2024-12-16,BCH,,0.0,-0.09000000000000001,-0.026104956112485134
2024-12-16,BNB,,0.09444444444444446,-0.09000000000000001,0.0363425460881355
2024-12-16,BONK,,-0.1,0.05,-0.028859481573009358
2024-12-16,BTC,,0.09444444444444446,-0.09000000000000001,0.0363425460881355
2024-12-16,CAKE,,0.0,0.0,-0.004627642671619343
2024-12-16,CHZ,,0.05,0.0,0.02171229623992705
2024-12-16,DASH,,0.0,0.0,0.000645339918568802
2024-12-16,DEXE,,0.0,0.0,0.0001726837820641569
2024-12-16,DOGE,,-0.1,-0.05,-0.05763018734456646
2024-12-16,DOT,,0.0,0.0,-0.02642965453226369
2024-12-16,ENA,,0.0,0.09444444444444446,0.045990329776841296
2024-12-16,ETC,,0.0,-0.09000000000000001,-0.004279710872784486
2024-12-16,ETH,,0.09444444444444446,-0.09000000000000001,0.0339689776660808
2024-12-16,FET,,0.0,0.0,0.0
2024-12-16,FIL,,0.05,0.0,0.022019762453592835
2024-12-16,HBAR,,-0.05,0.09444444444444446,-0.01539001168292471
2024-12-16,ICP,,0.09444444444444446,0.0,0.03717151280550503
2024-12-16,JST,,0.0,-0.09000000000000001,-0.022654211957070174
2024-12-16,JUP,,0.0,0.09444444444444446,0.03052252523092661
2024-12-16,LINK,,0.0,0.0,0.0
2024-12-16,LTC,,0.0,-0.09000000000000001,-0.009889829138243208
2024-12-16,LUNC,,0.09444444444444446,0.0,0.05112787680659875
2024-12-16,NEAR,,0.09444444444444446,0.0,0.03717151280550503
2024-12-16,NEXO,,0.09444444444444446,-0.09000000000000001,0.0363425460881355
2024-12-16,PEPE,,-0.1,0.05,-0.05205608826378013
2024-12-16,POL,,0.0,0.09444444444444446,0.023496653746027343
2024-12-16,QNT,,0.0,0.0,0.0023735684220546997
2024-12-16,RENDER,,0.0,0.09444444444444446,0.030695209012990766
2024-12-16,SHIB,,-0.1,0.0,-0.061332768025007936
2024-12-16,SOL,,0.09444444444444446,0.0,0.056425845449861595
2024-12-16,STX,,0.0,0.0,0.027921371420529306
2024-12-16,SUI,,0.0,0.09444444444444446,0.027951612635582528
2024-12-16,TAO,,0.0,0.09444444444444446,0.028124296417646688
2024-12-16,TON,,0.0,-0.09000000000000001,-0.020083299361726096
2024-12-16,TRX,,-0.05,-0.05,-0.05767988590096561
2024-12-16,UNI,,0.0,0.0,0.0
2024-12-16,VET,,-0.1,0.0,-0.06578772691456312
2024-12-16,WLD,,-0.1,0.09444444444444446,-0.028840679077941366
2024-12-16,XLM,,-0.1,0.05,-0.04073154281278653
2024-12-16,XRP,,-0.05,0.0,-0.04442079823876439
2024-12-16,ZEC,,0.0,-0.09000000000000001,-0.026889761871185656
2024-12-23,AAVE,,0.0,0.0,-0.0006894251423620575
2024-12-23,ADA,,-0.08181818181818182,0.0,-0.04763802730082713
2024-12-23,ALGO,,-0.08181818181818182,0.0,-0.04580155983819923
2024-12-23,APT,,0.07916666666666666,0.0,0.04632790327701715
2024-12-23,ARB,,0.07916666666666666,0.09444444444444446,0.06521898545032603
2024-12-23,ATOM,,0.0,0.0,-0.003100172106894738
2024-12-23,AVAX,,0.0,0.0,0.0014972493692018193
2024-12-23,BCH,,-0.08181818181818182,-0.09000000000000001,-0.06257218166247423
2024-12-23,BNB,,0.07916666666666666,-0.09000000000000001,0.02432968041111029
2024-12-23,BONK,,-0.08181818181818182,0.05,-0.0332365312268822
2024-12-23,BTC,,0.07916666666666666,-0.09000000000000001,0.02432968041111029
2024-12-23,CAKE,,0.05,0.0,0.02417281006829644
2024-12-23,CHZ,,0.07916666666666666,0.0,0.04167990825203308
2024-12-23,DASH,,0.0,0.0,7.56977285711561e-05
2024-12-23,DEXE,,0.0,0.0,2.0255635343809276e-05
2024-12-23,DOGE,,-0.08181818181818182,-0.05,-0.057796130253995034
2024-12-23,DOT,,-0.08181818181818182,0.0,-0.04354392691211806
2024-12-23,ENA,,0.0,0.09444444444444446,0.02540250907870065
2024-12-23,ETC,,0.0,-0.09000000000000001,-0.0195683473664025
2024-12-23,ETH,,0.0,-0.09000000000000001,-0.015081814362774226
2024-12-23,FET,,0.0,0.0,0.0
2024-12-23,FIL,,0.07916666666666666,0.0,0.041715973732126876
2024-12-23,HBAR,,-0.05,0.09444444444444446,-0.006512971669860049
2024-12-23,ICP,,0.07916666666666666,0.0,0.04349325893100411
2024-12-23,JST,,0.0,-0.09000000000000001,-0.021723658010742226
2024-12-23,JUP,,0.0,0.09444444444444446,0.023588151038204642
2024-12-23,LINK,,0.0,0.0,0.0
2024-12-23,LTC,,0.07916666666666666,-0.09000000000000001,0.018906668924624753
2024-12-23,LUNC,,0.07916666666666666,0.0,0.045130326503606794
2024-12-23,NEAR,,0.07916666666666666,0.0,0.04349325893100411
2024-12-23,NEXO,,0.07916666666666666,-0.09000000000000001,0.02432968041111029
2024-12-23,PENGU,,0.0,0.0,0.0
2024-12-23,PEPE,,-0.08181818181818182,0.05,-0.0359574700476885
2024-12-23,POL,,0.0,0.09444444444444446,0.022764023322970138
2024-12-23,QNT,,0.0,0.0,0.0002784172077193582
2024-12-23,RENDER,,0.0,0.09444444444444446,0.02360840667354845
2024-12-23,SHIB,,-0.08181818181818182,0.0,-0.04763802730082713
2024-12-23,SOL,,0.0,0.0,0.006618695373337959
2024-12-23,STX,,0.07916666666666666,0.0,0.042408226575718216
2024-12-23,SUI,,0.0,0.09444444444444446,0.023286585555855246
2024-12-23,TAO,,0.0,0.09444444444444446,0.023306841191199055
2024-12-23,TON,,0.0,-0.09000000000000001,-0.021422092528392826
2024-12-23,TRX,,-0.05,-0.05,-0.042073832976376804
2024-12-23,UNI,,0.0,0.0,0.0
2024-12-23,VET,,0.0,0.0,-0.007716834728488914
2024-12-23,WLD,,-0.08181818181818182,0.09444444444444446,-0.023818848403818073
2024-12-23,XLM,,-0.08181818181818182,0.05,-0.03462911216516021
2024-12-23,XRP,,-0.08181818181818182,0.0,-0.04565427011853193
2024-12-23,ZEC,,0.0,-0.09000000000000001,-0.022220483789719844
2024-12-30,AAVE,,-0.05,-0.05,-0.013265472152425458
2024-12-30,ADA,,-0.05,0.0,-0.036208668265132284
2024-12-30,ALGO,,-0.05,0.0,-0.03516015877516905
2024-12-30,APT,,0.0,0.05,0.03031192717695993
2024-12-30,ARB,,-0.05,0.05,0.03208727118646731
2024-12-30,ATOM,,0.0,0.05,0.002091549105850841
2024-12-30,AVAX,,-0.05,0.05,-0.004293904280908123
2024-12-30,BCH,,0.05,-0.085,-0.033279198831633355
2024-12-30,BNB,,0.05,-0.085,0.016336396834431204
2024-12-30,BONK,,0.0,0.0,-0.01897600644390307
2024-12-30,BTC,,0.05,-0.085,0.016336396834431204
2024-12-30,CAKE,,0.0,0.05,0.01766273738564021
2024-12-30,CHZ,,0.0,0.0,0.023796653211877964
2024-12-30,DASH,,0.0,0.0,4.3218727470370596e-05
2024-12-30,DEXE,,-0.05,0.0,-0.008998732368733066
2024-12-30,DOGE,,-0.05,0.0,-0.042008317626291786
2024-12-30,DOT,,0.0,0.0,-0.02486089273386271
2024-12-30,ENA,,-0.05,0.0,0.005492966587876208
2024-12-30,ETC,,0.05,0.0,-0.0021620206028210923
2024-12-30,ETH,,0.05,0.0,0.0003995126271801857
2024-12-30,FET,,-0.05,0.05,-0.005148741191660218
2024-12-30,FIL,,-0.05,0.05,0.018668503181731883
2024-12-30,HBAR,,0.05,-0.085,-0.0012728524774277402
2024-12-30,ICP,,0.0,0.0,0.024831964446203728
2024-12-30,JST,,0.05,-0.085,-0.009957214875249625
2024-12-30,JUP,,0.0,0.05,0.01732893319149089
2024-12-30,LINK,,0.0,0.0,0.0
2024-12-30,LTC,,0.0,-0.085,0.004229895147816501
2024-12-30,LUNC,,0.05,0.0,0.03477692600049591
2024-12-30,NEAR,,0.0,0.05,0.028693520339948896
2024-12-30,NEXO,,0.05,-0.085,0.016336396834431204
2024-12-30,PENGU,,0.0,0.0,0.0
2024-12-30,PEPE,,0.0,0.05,-0.016667938555408143
2024-12-30,POL,,0.0,0.05,0.016858407169141113
2024-12-30,QNT,,0.0,0.0,0.00015895902889838495
2024-12-30,RENDER,,0.0,0.0,0.013478942014418042
2024-12-30,SHIB,,0.0,0.0,-0.027198371179726902
2024-12-30,SOL,,0.0,0.0,0.003778866248024954
2024-12-30,STX,,0.0,0.05,0.028074033883158385
2024-12-30,SUI,,-0.05,-0.05,0.00042334905465872194
2024-12-30,TAO,,-0.05,0.0,0.004296469665076196
2024-12-30,TON,,0.05,-0.085,-0.009785039611313162
2024-12-30,TRX,,0.05,-0.085,-0.021575907832296258
2024-12-30,UNI,,0.0,0.0,0.0
2024-12-30,VET,,0.0,0.0,-0.004405835992171833
2024-12-30,WLD,,0.0,0.05,-0.009737535350518878
2024-12-30,XLM,,-0.05,-0.05,-0.032642937124695556
2024-12-30,XRP,,0.05,-0.085,-0.023620116291287695
2024-12-30,ZEC,,0.05,0.0,-0.0036762266887520705
2025-01-06,AAVE,,0.07916666666666666,-0.05,0.010883201181918323
2025-01-06,ADA,,-0.05,0.0,-0.026418863133722367
2025-01-06,ALGO,,-0.05,0.0,-0.02604527819377428
2025-01-06,APT,,0.0,0.05,0.016593460155388533
2025-01-06,ARB,,-0.05,0.05,0.003708337136031959
2025-01-06,ATOM,,0.0,0.05,0.006538512300431809
2025-01-06,AVAX,,-0.05,0.05,-0.009254310681964268
2025-01-06,BCH,,0.07916666666666666,-0.085,-0.00030301282659389583
2025-01-06,BNB,,0.07916666666666666,-0.085,0.01737507163980919
2025-01-06,BONK,,0.0,0.0,-0.006761169351026677
2025-01-06,BTC,,0.07916666666666666,-0.085,0.01737507163980919
2025-01-06,CAKE,,0.0,0.05,0.012086541664123537
2025-01-06,CHZ,,0.0,0.0,0.008478770431955366
2025-01-06,DASH,,0.0,0.0,1.539887417444097e-05
2025-01-06,DEXE,,-0.05,0.0,-0.01672393679766791
2025-01-06,DOGE,,-0.05,0.0,-0.02848528378041075
2025-01-06,DOT,,0.0,0.0,-0.008857959997445129
2025-01-06,ENA,,-0.05,0.0,-0.011560530518302272
2025-01-06,ETC,,0.05,0.0,0.012747349777173043
2025-01-06,ETH,,0.07916666666666666,0.0,0.021545339746643015
2025-01-06,FET,,-0.05,0.05,-0.009558889895624915
2025-01-06,FIL,,-0.05,0.05,-0.0010727828130132067
2025-01-06,HBAR,,0.07916666666666666,-0.085,0.0111008791697607
2025-01-06,ICP,,0.0,0.0,0.008847652820722997
2025-01-06,JST,,0.07916666666666666,-0.085,0.008006632492993403
2025-01-06,JUP,,0.0,0.05,0.011967606908625934
2025-01-06,LINK,,0.0,0.0,0.0
2025-01-06,LTC,,0.0,-0.085,-0.008341479570923778
2025-01-06,LUNC,,0.0,0.0,0.012391052189646735
2025-01-06,NEAR,,0.0,0.05,0.016016820242441686
2025-01-06,NEXO,,0.07916666666666666,-0.085,0.01737507163980919
2025-01-06,PENGU,,0.0,0.0,0.0
2025-01-06,PEPE,,0.0,0.05,-0.00014551120004604665
2025-01-06,POL,,0.0,0.05,0.011799958034213059
2025-01-06,QNT,,0.0,0.0,5.663725491630182e-05
2025-01-06,RENDER,,-0.05,0.0,-0.008715119791255692
2025-01-06,SHIB,,0.0,0.0,-0.009690805816378767
2025-01-06,SOL,,0.0,0.0,0.0013464136794696588
2025-01-06,STX,,0.0,0.05,0.015796096621936498
2025-01-06,SUI,,-0.05,-0.05,-0.019160131464329527
2025-01-06,TAO,,-0.05,0.0,-0.01198684352293515
2025-01-06,TON,,0.07916666666666666,-0.085,0.008067978705167893
2025-01-06,TRX,,0.07916666666666666,-0.085,0.003866881015125785
2025-01-06,UNI,,0.0,0.0,0.0
2025-01-06,VET,,0.0,0.0,-0.0015698036024589033
2025-01-06,WLD,,0.0,0.05,0.002323798128957135
2025-01-06,XLM,,-0.05,-0.05,-0.030941681040054847
2025-01-06,XRP,,0.07916666666666666,-0.085,0.003138527574642891
2025-01-06,ZEC,,0.07916666666666666,0.0,0.02009314990748381
2025-01-13,AAVE,,0.05,-0.05,0.015999999999999997
2025-01-13,ADA,,-0.05,0.0,-0.027999999999999997
2025-01-13,ALGO,,-0.05,0.0,-0.027999999999999997
2025-01-13,APT,,0.0,0.05,0.012
2025-01-13,ARB,,-0.05,0.05,-0.015999999999999997
2025-01-13,ATOM,,0.0,0.05,0.012
2025-01-13,AVAX,,0.0,0.05,0.012
2025-01-13,BCH,,0.05,-0.085,0.007599999999999996
2025-01-13,BNB,,0.05,-0.085,0.007599999999999996
2025-01-13,BONK,,0.0,0.0,0.0
2025-01-13,BTC,,0.05,-0.085,0.007599999999999996
2025-01-13,CAKE,,0.0,0.05,0.012
2025-01-13,CHZ,,0.05,0.0,0.027999999999999997
2025-01-13,DASH,,0.0,0.0,0.0
2025-01-13,DEXE,,-0.05,0.0,-0.027999999999999997
2025-01-13,DOGE,,0.0,0.0,0.0
2025-01-13,DOT,,0.0,0.0,0.0
2025-01-13,ENA,,-0.05,0.0,-0.027999999999999997
2025-01-13,ETC,,0.05,0.0,0.027999999999999997
2025-01-13,ETH,,0.05,0.0,0.027999999999999997
2025-01-13,FET,,-0.05,0.05,-0.015999999999999997
2025-01-13,FIL,,0.0,0.05,0.012
2025-01-13,HBAR,,0.0,-0.085,-0.0204
2025-01-13,ICP,,0.0,0.0,0.0
2025-01-13,JST,,0.05,-0.085,0.007599999999999996
2025-01-13,JUP,,-0.05,0.05,-0.015999999999999997
2025-01-13,LINK,,-0.05,0.0,-0.027999999999999997
2025-01-13,LTC,,0.0,-0.085,-0.0204
2025-01-13,LUNC,,0.0,0.0,0.0
2025-01-13,NEAR,,0.0,0.05,0.012
2025-01-13,NEXO,,0.05,-0.085,0.007599999999999996
2025-01-13,PENGU,,-0.05,0.0,-0.027999999999999997
2025-01-13,PEPE,,0.0,0.05,0.012
2025-01-13,POL,,0.0,0.05,0.012
2025-01-13,QNT,,0.05,0.0,0.027999999999999997
2025-01-13,RENDER,,0.0,0.0,0.0
2025-01-13,SHIB,,0.0,0.0,0.0
2025-01-13,SOL,,-0.05,0.0,-0.027999999999999997
2025-01-13,STX,,0.0,0.05,0.012
2025-01-13,SUI,,-0.05,-0.05,-0.04
2025-01-13,TAO,,-0.05,0.0,-0.027999999999999997
2025-01-13,TON,,0.05,-0.085,0.007599999999999996
2025-01-13,TRX,,0.05,-0.085,0.007599999999999996
2025-01-13,UNI,,0.0,0.0,0.0
2025-01-13,VET,,0.0,0.0,0.0
2025-01-13,WLD,,0.0,0.05,0.012
2025-01-13,XLM,,-0.05,-0.05,-0.04
2025-01-13,XRP,,0.0,-0.085,-0.0204
2025-01-13,ZEC,,0.05,0.0,0.027999999999999997
2025-01-20,AAVE,,0.05,-0.05,0.015999999999999997
2025-01-20,ADA,,-0.05,0.0,-0.027999999999999997
2025-01-20,ALGO,,-0.05,0.0,-0.027999999999999997
2025-01-20,APT,,0.0,0.05,0.012
2025-01-20,ARB,,-0.05,0.05,-0.015999999999999997
2025-01-20,ATOM,,0.0,0.05,0.012
2025-01-20,AVAX,,0.0,0.05,0.012
2025-01-20,BCH,,0.05,-0.085,0.007599999999999996
2025-01-20,BNB,,0.05,-0.085,0.007599999999999996
2025-01-20,BONK,,-0.05,0.0,-0.027999999999999997
2025-01-20,BTC,,0.05,-0.085,0.007599999999999996
2025-01-20,CAKE,,0.0,0.05,0.012
2025-01-20,CHZ,,0.05,0.0,0.027999999999999997
2025-01-20,DASH,,0.0,0.0,0.0
2025-01-20,DEXE,,-0.05,0.0,-0.027999999999999997
2025-01-20,DOGE,,0.0,0.0,0.0
2025-01-20,DOT,,0.0,0.0,0.0
2025-01-20,ENA,,-0.05,0.0,-0.027999999999999997
2025-01-20,ETC,,0.05,0.0,0.027999999999999997
2025-01-20,ETH,,0.05,0.0,0.027999999999999997
2025-01-20,FET,,-0.05,0.05,-0.015999999999999997
2025-01-20,FIL,,0.0,0.05,0.012
2025-01-20,HBAR,,0.0,-0.085,-0.0204
2025-01-20,ICP,,0.0,0.0,0.0
2025-01-20,JST,,0.05,-0.085,0.007599999999999996
2025-01-20,JUP,,0.0,0.05,0.012
2025-01-20,LINK,,-0.05,0.0,-0.027999999999999997
2025-01-20,LTC,,0.0,-0.085,-0.0204
2025-01-20,LUNC,,0.0,0.0,0.0
2025-01-20,NEAR,,0.0,0.05,0.012
2025-01-20,NEXO,,0.05,-0.085,0.007599999999999996
2025-01-20,PENGU,,-0.05,0.0,-0.027999999999999997
2025-01-20,PEPE,,0.0,0.05,0.012
2025-01-20,POL,,0.0,0.05,0.012
2025-01-20,QNT,,0.05,0.0,0.027999999999999997
2025-01-20,RENDER,,0.0,0.0,0.0
2025-01-20,SHIB,,0.0,0.0,0.0
2025-01-20,SOL,,-0.05,0.0,-0.027999999999999997
2025-01-20,STX,,0.0,0.05,0.012
2025-01-20,SUI,,-0.05,-0.05,-0.04
2025-01-20,TAO,,-0.05,0.0,-0.027999999999999997
2025-01-20,TON,,0.05,-0.085,0.007599999999999996
2025-01-20,TRUMP,,0.0,0.0,0.0
2025-01-20,TRX,,0.05,-0.085,0.007599999999999996
2025-01-20,UNI,,0.0,0.0,0.0
2025-01-20,VET,,0.0,0.0,0.0
2025-01-20,WLD,,0.0,0.05,0.012
2025-01-20,XLM,,-0.05,-0.05,-0.04
2025-01-20,XRP,,0.0,-0.085,-0.0204
2025-01-20,ZEC,,0.05,0.0,0.027999999999999997
2025-01-27,AAVE,,-0.05,-0.05,-0.014977604934960441
2025-01-27,ADA,,0.0,0.0,-0.012511197532519778
2025-01-27,ALGO,,-0.05,0.0,-0.027999999999999997
2025-01-27,APT,,0.05,0.08181818181818182,0.031713021322247556
2025-01-27,ARB,,0.0,0.08181818181818182,0.0037130213222475554
2025-01-27,ATOM,,0.0,0.0,0.005361941799651334
2025-01-27,AVAX,,0.0,0.08181818181818182,0.016224218854767332
2025-01-27,BCH,,0.05,-0.085,0.007599999999999996
2025-01-27,BNB,,0.05,-0.085,0.007599999999999996
2025-01-27,BONK,,-0.05,0.05,-0.02136194179965133
2025-01-27,BTC,,0.0,-0.085,-0.007888802467480223
2025-01-27,CAKE,,0.05,0.08181818181818182,0.031713021322247556
2025-01-27,CHZ,,0.05,0.0,0.027999999999999997
2025-01-27,DASH,,0.0,0.0,0.0
2025-01-27,DEXE,,0.0,0.0,-0.012511197532519778
2025-01-27,DOGE,,-0.05,0.0,-0.015488802467480219
2025-01-27,DOT,,0.0,0.0,0.0
2025-01-27,ENA,,0.0,0.08181818181818182,-0.0016489204774037813
2025-01-27,ETC,,0.0,0.0,0.012511197532519778
2025-01-27,ETH,,0.05,-0.085,0.016715301059407266
2025-01-27,FET,,0.0,0.08181818181818182,0.0037130213222475554
2025-01-27,FIL,,0.0,0.0,0.005361941799651334
2025-01-27,HBAR,,-0.05,0.0,-0.024604103526887487
2025-01-27,ICP,,0.05,0.0,0.015488802467480219
2025-01-27,JST,,0.0,-0.085,-0.007888802467480223
2025-01-27,JUP,,-0.05,0.0,-0.010126860667828884
2025-01-27,LINK,,-0.05,0.0,-0.027999999999999997
2025-01-27,LTC,,-0.05,-0.085,-0.03588880246748022
2025-01-27,LUNC,,0.05,0.0,0.015488802467480219
2025-01-27,NEAR,,0.0,0.0,0.005361941799651334
2025-01-27,NEXO,,0.0,-0.085,-0.007888802467480223
2025-01-27,PENGU,,-0.05,0.05,-0.02136194179965133
2025-01-27,PEPE,,0.05,0.08181818181818182,0.031713021322247556
2025-01-27,POL,,0.0,0.08181818181818182,0.016224218854767332
2025-01-27,QNT,,0.0,0.0,0.012511197532519778
2025-01-27,RENDER,,-0.05,0.08181818181818182,-0.004626525412364221
2025-01-27,SHIB,,0.05,0.0,0.015488802467480219
2025-01-27,SOL,,-0.05,-0.05,-0.03463805820034867
2025-01-27,STX,,0.05,0.08181818181818182,0.031713021322247556
2025-01-27,SUI,,0.05,-0.085,-0.013669035805283627
2025-01-27,TAO,,0.0,0.0,-0.012511197532519778
2025-01-27,TON,,0.0,-0.085,-0.007888802467480223
2025-01-27,TRUMP,,0.0,0.0,0.0
2025-01-27,TRX,,0.0,-0.085,-0.007888802467480223
2025-01-27,UNI,,0.05,0.0,0.015488802467480219
2025-01-27,VET,,0.0,0.0,0.0
2025-01-27,WLD,,-0.05,0.08181818181818182,0.000735416387287113
2025-01-27,XLM,,0.0,0.0,-0.017873139332171113
2025-01-27,XRP,,-0.05,-0.05,-0.031242161727236158
2025-01-27,ZEC,,0.0,0.0,0.012511197532519778
2025-02-03,AAVE,,-0.05,-0.05,-0.029999999999999995
2025-02-03,ADA,,0.0,0.0,0.0
2025-02-03,ALGO,,-0.05,0.0,-0.020999999999999998
2025-02-03,APT,,0.05,0.08181818181818182,0.035727272727272726
2025-02-03,ARB,,0.0,0.08181818181818182,0.014727272727272726
2025-02-03,ATOM,,0.0,0.0,0.0
2025-02-03,AVAX,,0.0,0.08181818181818182,0.014727272727272726
2025-02-03,BCH,,0.05,-0.085,0.005699999999999997
2025-02-03,BNB,,0.05,-0.085,0.005699999999999997
2025-02-03,BONK,,-0.05,0.05,-0.011999999999999999
2025-02-03,BTC,,0.05,-0.085,0.005699999999999997
2025-02-03,CAKE,,0.0,0.08181818181818182,0.014727272727272726
2025-02-03,CHZ,,0.0,0.0,0.0
2025-02-03,DASH,,0.0,0.0,0.0
2025-02-03,DEXE,,0.0,0.0,0.0
2025-02-03,DOGE,,0.0,0.0,0.0
2025-02-03,DOT,,0.05,0.0,0.020999999999999998
2025-02-03,ENA,,0.0,0.08181818181818182,0.014727272727272726
2025-02-03,ETC,,0.0,0.0,0.0
2025-02-03,ETH,,0.05,-0.085,0.005699999999999997
2025-02-03,FET,,-0.05,0.08181818181818182,-0.006272727272727271
2025-02-03,FIL,,0.0,0.0,0.0
2025-02-03,HBAR,,-0.05,0.0,-0.020999999999999998
2025-02-03,ICP,,0.05,0.0,0.020999999999999998
2025-02-03,JST,,0.05,-0.085,0.005699999999999997
2025-02-03,JUP,,-0.05,0.0,-0.020999999999999998
2025-02-03,LINK,,-0.05,0.0,-0.020999999999999998
2025-02-03,LTC,,0.0,-0.085,-0.015300000000000001
2025-02-03,LUNC,,-0.05,0.0,-0.020999999999999998
2025-02-03,NEAR,,0.0,0.0,0.0
2025-02-03,NEXO,,0.0,-0.085,-0.015300000000000001
2025-02-03,PENGU,,-0.05,0.05,-0.011999999999999999
2025-02-03,PEPE,,0.05,0.08181818181818182,0.035727272727272726
2025-02-03,POL,,0.0,0.08181818181818182,0.014727272727272726
2025-02-03,QNT,,0.05,0.0,0.020999999999999998
2025-02-03,RENDER,,-0.05,0.08181818181818182,-0.006272727272727271
2025-02-03,SHIB,,0.0,0.0,0.0
2025-02-03,SOL,,-0.05,-0.05,-0.029999999999999995
2025-02-03,STX,,0.05,0.08181818181818182,0.035727272727272726
2025-02-03,SUI,,0.05,-0.085,0.005699999999999997
2025-02-03,TAO,,0.0,0.0,0.0
2025-02-03,TON,,0.0,-0.085,-0.015300000000000001
2025-02-03,TRUMP,,0.0,0.0,0.0
2025-02-03,TRX,,0.0,-0.085,-0.015300000000000001
2025-02-03,UNI,,0.0,0.0,0.0
2025-02-03,VET,,0.0,0.0,0.0
2025-02-03,WLD,,-0.05,0.08181818181818182,-0.006272727272727271
2025-02-03,XLM,,0.05,0.0,0.020999999999999998
2025-02-03,XRP,,-0.05,-0.05,-0.029999999999999995
2025-02-03,ZEC,,0.0,0.0,0.0
2025-02-10,AAVE,,0.0,-0.05,-0.010645161290322575
2025-02-10,ADA,,-0.08181818181818182,0.0,-0.03167155425219941
2025-02-10,ALGO,,0.0,0.0,-0.0016451612903225776
2025-02-10,APT,,0.05,0.08181818181818182,0.035727272727272726
2025-02-10,ARB,,-0.08181818181818182,0.08181818181818182,-0.016944281524926684
2025-02-10,ATOM,,0.0,0.0,0.0
2025-02-10,AVAX,,0.0,0.08181818181818182,0.014727272727272726
2025-02-10,BCH,,0.05,-0.085,0.005699999999999997
2025-02-10,BNB,,0.05,-0.085,0.005699999999999997
2025-02-10,BONK,,0.0,0.05,0.007354838709677422
2025-02-10,BTC,,0.05,-0.085,0.005699999999999997
2025-02-10,CAKE,,-0.05,0.08181818181818182,-0.004627565982404694
2025-02-10,CHZ,,0.0,0.0,0.0
2025-02-10,DASH,,0.0,0.0,0.0
2025-02-10,DEXE,,0.0,0.0,0.0
2025-02-10,DOGE,,0.0,0.0,0.0
2025-02-10,DOT,,0.05,0.0,0.020999999999999998
2025-02-10,ENA,,0.05,0.08181818181818182,0.03408211143695015
2025-02-10,ETC,,0.0,0.0,0.0
2025-02-10,ETH,,0.05,-0.085,0.005699999999999997
2025-02-10,FET,,-0.08181818181818182,0.08181818181818182,-0.018589442815249265
2025-02-10,FIL,,0.0,0.0,0.0
2025-02-10,HBAR,,0.0,0.0,-0.0016451612903225776
2025-02-10,ICP,,0.05,0.0,0.020999999999999998
2025-02-10,JST,,0.05,-0.085,0.005699999999999997
2025-02-10,JUP,,0.0,0.0,-0.0016451612903225776
2025-02-10,LINK,,0.0,0.0,-0.0016451612903225776
2025-02-10,LTC,,0.0,-0.085,-0.015300000000000001
2025-02-10,LUNC,,-0.08181818181818182,0.0,-0.033316715542521996
2025-02-10,NEAR,,-0.08181818181818182,0.0,-0.03167155425219941
2025-02-10,NEXO,,0.05,-0.085,0.004054838709677419
2025-02-10,PENGU,,-0.08181818181818182,0.05,-0.024316715542521992
2025-02-10,PEPE,,0.0,0.08181818181818182,0.016372434017595305
2025-02-10,POL,,-0.08181818181818182,0.08181818181818182,-0.016944281524926684
2025-02-10,QNT,,0.0,0.0,0.0016451612903225776
2025-02-10,RENDER,,-0.08181818181818182,0.08181818181818182,-0.018589442815249265
2025-02-10,SHIB,,0.0,0.0,0.0
2025-02-10,SOL,,0.05,-0.05,0.008709677419354845
2025-02-10,STX,,0.0,0.08181818181818182,0.016372434017595305
2025-02-10,SUI,,0.0,-0.085,-0.013654838709677423
2025-02-10,TAO,,0.0,0.0,0.0
2025-02-10,TON,,0.05,-0.085,0.004054838709677419
2025-02-10,TRUMP,,-0.05,0.0,-0.01935483870967742
2025-02-10,TRX,,0.05,-0.085,0.004054838709677419
2025-02-10,UNI,,0.0,0.0,0.0
2025-02-10,VET,,0.0,0.0,0.0
2025-02-10,WLD,,-0.08181818181818182,0.08181818181818182,-0.018589442815249265
2025-02-10,XLM,,0.0,0.0,0.0016451612903225776
2025-02-10,XRP,,-0.08181818181818182,-0.05,-0.04231671554252199
2025-02-10,ZEC,,-0.08181818181818182,0.0,-0.03167155425219941
2025-02-17,AAVE,,0.0,-0.05,-0.009
2025-02-17,ADA,,-0.07916666666666666,0.0,-0.033249999999999995
2025-02-17,ALGO,,0.0,0.0,0.0
2025-02-17,APT,,0.0,0.08181818181818182,0.014727272727272726
2025-02-17,ARB,,-0.07916666666666666,0.08181818181818182,-0.01852272727272727
2025-02-17,ATOM,,0.0,0.0,0.0
2025-02-17,AVAX,,0.0,0.08181818181818182,0.014727272727272726
2025-02-17,BCH,,0.05,-0.085,0.005699999999999997
2025-02-17,BNB,,0.05,-0.085,0.005699999999999997
2025-02-17,BONK,,0.0,0.05,0.009
2025-02-17,BTC,,0.05,-0.085,0.005699999999999997
2025-02-17,CAKE,,-0.05,0.08181818181818182,-0.006272727272727271
2025-02-17,CHZ,,0.0,0.0,0.0
2025-02-17,DASH,,0.0,0.0,0.0
2025-02-17,DEXE,,0.05,0.0,0.020999999999999998
2025-02-17,DOGE,,0.0,0.0,0.0
2025-02-17,DOT,,0.0,0.0,0.0
2025-02-17,ENA,,0.0,0.08181818181818182,0.014727272727272726
2025-02-17,ETC,,0.05,0.0,0.020999999999999998
2025-02-17,ETH,,0.0,-0.085,-0.015300000000000001
2025-02-17,FET,,-0.07916666666666666,0.08181818181818182,-0.01852272727272727
2025-02-17,FIL,,0.0,0.0,0.0
2025-02-17,HBAR,,0.05,0.0,0.020999999999999998
2025-02-17,ICP,,0.05,0.0,0.020999999999999998
2025-02-17,JST,,0.05,-0.085,0.005699999999999997
2025-02-17,JUP,,0.0,0.0,0.0
2025-02-17,LINK,,0.05,0.0,0.020999999999999998
2025-02-17,LTC,,0.0,-0.085,-0.015300000000000001
2025-02-17,LUNC,,-0.07916666666666666,0.0,-0.033249999999999995
2025-02-17,NEAR,,-0.07916666666666666,0.0,-0.033249999999999995
2025-02-17,NEXO,,0.05,-0.085,0.005699999999999997
2025-02-17,PENGU,,-0.07916666666666666,0.05,-0.024249999999999997
2025-02-17,PEPE,,0.0,0.08181818181818182,0.014727272727272726
2025-02-17,POL,,0.0,0.08181818181818182,0.014727272727272726
2025-02-17,QNT,,0.0,0.0,0.0
2025-02-17,RENDER,,-0.07916666666666666,0.08181818181818182,-0.01852272727272727
2025-02-17,SHIB,,0.0,0.0,0.0
2025-02-17,SOL,,0.05,-0.05,0.011999999999999999
2025-02-17,STX,,0.0,0.08181818181818182,0.014727272727272726
2025-02-17,SUI,,0.0,-0.085,-0.015300000000000001
2025-02-17,TAO,,-0.07916666666666666,0.0,-0.033249999999999995
2025-02-17,TON,,0.05,-0.085,0.005699999999999997
2025-02-17,TRUMP,,-0.07916666666666666,0.0,-0.033249999999999995
2025-02-17,TRX,,0.05,-0.085,0.005699999999999997
2025-02-17,UNI,,0.0,0.0,0.0
2025-02-17,VET,,0.0,0.0,0.0
2025-02-17,WLD,,-0.07916666666666666,0.08181818181818182,-0.01852272727272727
2025-02-17,XLM,,0.0,0.0,0.0
2025-02-17,XRP,,-0.07916666666666666,-0.05,-0.04224999999999999
2025-02-17,ZEC,,-0.07916666666666666,0.0,-0.033249999999999995
2025-02-24,AAVE,,0.0,-0.07916666666666666,-0.012774797642521759
2025-02-24,ADA,,-0.05,0.0,-0.02444213883411589
2025-02-24,ALGO,,-0.08181818181818182,0.0,-0.024707766387415158
2025-02-24,APT,,0.0,0.08181818181818182,0.014727272727272726
2025-02-24,ARB,,0.0,0.08181818181818182,0.005384324463243877
2025-02-24,ATOM,,0.05,0.0,0.015099190570087042
2025-02-24,AVAX,,0.05,0.08181818181818182,0.029826463297359766
2025-02-24,BCH,,0.05,-0.07916666666666666,0.006454959528504351
2025-02-24,BNB,,0.0,-0.07916666666666666,-0.008644231041582691
2025-02-24,BONK,,0.0,0.08181818181818182,0.013117961064569193
2025-02-24,BTC,,0.05,-0.07916666666666666,0.006454959528504351
2025-02-24,CAKE,,-0.05,0.0,-0.016861770010190912
2025-02-24,CHZ,,0.0,0.0,0.0
2025-02-24,DASH,,0.05,0.0,0.015099190570087042
2025-02-24,DEXE,,0.0,-0.07916666666666666,-0.004345069885503251
2025-02-24,DOGE,,0.0,0.0,0.0
2025-02-24,DOT,,0.0,0.0,0.0
2025-02-24,ENA,,-0.08181818181818182,0.08181818181818182,-0.009980493660142432
2025-02-24,ETC,,0.0,-0.07916666666666666,-0.004345069885503251
2025-02-24,ETH,,0.0,0.0,-0.00429916115607944
2025-02-24,FET,,0.05,0.08181818181818182,0.02048351503333092
2025-02-24,FIL,,0.0,0.08181818181818182,0.01058904273746364
2025-02-24,HBAR,,-0.08181818181818182,0.0,-0.018806956957502202
2025-02-24,ICP,,0.05,0.0,0.020999999999999998
2025-02-24,JST,,0.05,-0.07916666666666666,0.006454959528504351
2025-02-24,JUP,,-0.08181818181818182,0.0,-0.024707766387415158
2025-02-24,LINK,,0.0,0.0,0.005900809429912956
2025-02-24,LTC,,-0.08181818181818182,-0.07916666666666666,-0.039252806858910805
2025-02-24,LUNC,,0.0,0.0,-0.009342948264028848
2025-02-24,NEAR,,-0.08181818181818182,0.0,-0.034050714651444006
2025-02-24,NEXO,,0.05,-0.07916666666666666,0.006454959528504351
2025-02-24,PENGU,,-0.08181818181818182,0.05,-0.025050714651444005
2025-02-24,PEPE,,0.05,0.0,0.019237420559896128
2025-02-24,POL,,0.0,0.08181818181818182,0.014727272727272726
2025-02-24,QNT,,0.0,-0.07916666666666666,-0.010245879315416206
2025-02-24,RENDER,,0.0,0.08181818181818182,0.005384324463243877
2025-02-24,SHIB,,0.05,0.0,0.015099190570087042
2025-02-24,SOL,,0.0,0.0,0.0033718911028074033
2025-02-24,STX,,0.0,0.0,0.004138229989809086
2025-02-24,SUI,,0.0,-0.07916666666666666,-0.014545040471495647
2025-02-24,TAO,,-0.08181818181818182,0.0,-0.034050714651444006
2025-02-24,TON,,0.05,0.0,0.016700838843920558
2025-02-24,TRUMP,,-0.08181818181818182,0.05,-0.027579632978549557
2025-02-24,TRX,,0.05,0.0,0.016700838843920558
2025-02-24,UNI,,0.0,0.0,0.0
2025-02-24,VET,,0.0,0.0,0.0
2025-02-24,WLD,,0.0,0.08181818181818182,0.005384324463243877
2025-02-24,XLM,,-0.08181818181818182,-0.07916666666666666,-0.03495364570283136
2025-02-24,XRP,,-0.08181818181818182,-0.05,-0.04305071465144401
2025-02-24,ZEC,,0.0,0.08181818181818182,0.0012460944734347945
2025-03-03,AAVE,,0.0,-0.07916666666666666,-0.018299102705272855
2025-03-03,ADA,,-0.05,0.0,-0.027599419404706206
2025-03-03,ALGO,,-0.08181818181818182,0.0,-0.04344135417205461
2025-03-03,APT,,0.0,0.08181818181818182,0.01908364770197829
2025-03-03,ARB,,0.0,0.08181818181818182,0.01803172251352768
2025-03-03,ATOM,,0.0,0.0,0.0017000221383053418
2025-03-03,AVAX,,0.0,0.08181818181818182,0.020783669840283632
2025-03-03,BCH,,0.05,-0.07916666666666666,0.008713453173245117
2025-03-03,BNB,,0.05,-0.07916666666666666,0.007013431034939777
2025-03-03,BONK,,0.0,0.08181818181818182,0.01890245484655139
2025-03-03,BTC,,0.05,-0.07916666666666666,0.008713453173245117
2025-03-03,CAKE,,-0.05,0.0,-0.026745943534104106
2025-03-03,CHZ,,0.05,0.0,0.024847472077950253
2025-03-03,DASH,,0.05,0.0,0.026547494216255595
2025-03-03,DEXE,,0.05,-0.07916666666666666,0.007497474805865921
2025-03-03,DOGE,,0.0,0.0,0.0
2025-03-03,DOT,,0.0,0.0,0.0
2025-03-03,ENA,,0.05,0.08181818181818182,0.04114926537179253
2025-03-03,ETC,,0.05,-0.07916666666666666,0.007497474805865921
2025-03-03,ETH,,0.0,0.0,-0.00048404377092614624
2025-03-03,FET,,0.0,0.08181818181818182,0.01973174465183302
2025-03-03,FIL,,0.0,0.08181818181818182,0.018617723216594835
2025-03-03,HBAR,,-0.08181818181818182,0.0,-0.042776980368822645
2025-03-03,ICP,,0.0,0.0,0.0023643959415373082
2025-03-03,JST,,0.05,-0.07916666666666666,0.008713453173245117
2025-03-03,JUP,,-0.08181818181818182,0.0,-0.04344135417205461
2025-03-03,LINK,,0.05,0.0,0.02551184588118222
2025-03-03,LTC,,-0.08181818181818182,-0.07916666666666666,-0.061939769018297064
2025-03-03,LUNC,,0.0,0.0,-0.0010519251884506114
2025-03-03,NEAR,,0.0,0.0,-0.0038337795965866263
2025-03-03,NEXO,,0.05,-0.07916666666666666,0.008713453173245117
2025-03-03,PENGU,,-0.08181818181818182,0.05,-0.03283105020929627
2025-03-03,PEPE,,0.0,0.0,0.0021659466236888004
2025-03-03,POL,,0.0,0.08181818181818182,0.01908364770197829
2025-03-03,QNT,,0.0,-0.07916666666666666,-0.0180143710753163
2025-03-03,RENDER,,0.0,0.08181818181818182,0.01803172251352768
2025-03-03,SHIB,,0.0,0.0,0.0017000221383053418
2025-03-03,SOL,,0.0,0.0,0.0003796421732754087
2025-03-03,STX,,0.0,0.0,0.000465924485383456
2025-03-03,SUI,,-0.08181818181818182,-0.07916666666666666,-0.05915791461016105
2025-03-03,TAO,,-0.08181818181818182,0.0,-0.04449327936050522
2025-03-03,TON,,0.05,0.0,0.026727824248561415
2025-03-03,TRUMP,,-0.08181818181818182,0.05,-0.033115781839252824
2025-03-03,TRX,,0.05,0.0,0.026727824248561415
2025-03-03,UNI,,0.0,0.0,0.0
2025-03-03,VET,,0.0,0.0,0.0
2025-03-03,WLD,,0.0,0.08181818181818182,0.01803172251352768
2025-03-03,XLM,,-0.08181818181818182,-0.07916666666666666,-0.06145572524737091
2025-03-03,XRP,,-0.08181818181818182,-0.05,-0.056155508511714185
2025-03-03,ZEC,,-0.08181818181818182,0.08181818181818182,-0.023093701735774377
2025-03-10,AAVE,,0.08181818181818182,-0.07916666666666666,0.02527901600584959
2025-03-10,ADA,,-0.05,0.0,-0.027986334284878348
2025-03-10,ALGO,,-0.07916666666666666,0.0,-0.0443029036688521
2025-03-10,APT,,0.0,0.08181818181818182,0.0196175078590463
2025-03-10,ARB,,0.0,0.08181818181818182,0.019581621672537165
2025-03-10,ATOM,,-0.07916666666666666,0.0,-0.04276291597073587
2025-03-10,AVAX,,0.0,0.08181818181818182,0.019675503724336622
2025-03-10,BCH,,0.08181818181818182,-0.07916666666666666,0.026200543153395775
2025-03-10,BNB,,0.08181818181818182,-0.07916666666666666,0.026142547288105455
2025-03-10,BONK,,0.0,0.08181818181818182,0.01961132650634616
2025-03-10,BTC,,0.08181818181818182,-0.07916666666666666,0.026200543153395775
2025-03-10,CAKE,,-0.07916666666666666,0.0,-0.04373334356459932
2025-03-10,CHZ,,0.05,0.0,0.02789245223307889
2025-03-10,DASH,,0.05,0.0,0.027950448098369215
2025-03-10,DEXE,,0.08181818181818182,-0.07916666666666666,0.026159060330318673
2025-03-10,DOGE,,0.0,0.0,0.0
2025-03-10,DOT,,0.0,0.0,0.0
2025-03-10,ENA,,0.0,0.08181818181818182,0.020370271344351275
2025-03-10,ETC,,0.08181818181818182,-0.07916666666666666,0.026159060330318673
2025-03-10,ETH,,0.0,0.0,-1.6513042213225167e-05
2025-03-10,FET,,0.0,0.08181818181818182,0.01963961753782749
2025-03-10,FIL,,0.0,0.08181818181818182,0.019601612952103088
2025-03-10,HBAR,,-0.07916666666666666,0.0,-0.0442802387089516
2025-03-10,ICP,,0.0,0.0,8.066082519082949e-05
2025-03-10,JST,,0.08181818181818182,-0.07916666666666666,0.026200543153395775
2025-03-10,JUP,,-0.07916666666666666,0.0,-0.0443029036688521
2025-03-10,LINK,,0.08181818181818182,0.0,0.045125435825640645
2025-03-10,LTC,,0.0,-0.07916666666666666,-0.0204648803703611
2025-03-10,LUNC,,0.0,0.0,-3.588618650913317e-05
2025-03-10,NEAR,,0.0,0.0,-0.00013078851152966385
2025-03-10,NEXO,,0.08181818181818182,-0.07916666666666666,0.026200543153395775
2025-03-10,PENGU,,-0.07916666666666666,0.05,-0.03235031283038849
2025-03-10,PEPE,,-0.07916666666666666,0.0,-0.04274702106379266
2025-03-10,POL,,0.0,0.08181818181818182,0.0196175078590463
2025-03-10,QNT,,0.0,-0.07916666666666666,-0.018966375495321968
2025-03-10,RENDER,,0.0,0.08181818181818182,0.019581621672537165
2025-03-10,SHIB,,0.0,0.0,5.799586529032434e-05
2025-03-10,SOL,,0.0,0.0,1.2951405657431506e-05
2025-03-10,STX,,0.0,0.0,1.5894906943211362e-05
2025-03-10,SUI,,0.0,-0.07916666666666666,-0.020369978045340575
2025-03-10,TAO,,-0.07916666666666666,0.0,-0.04433878985536124
2025-03-10,TON,,-0.07916666666666666,0.0,-0.041909098242723083
2025-03-10,TRUMP,,-0.07916666666666666,0.05,-0.03236002638463157
2025-03-10,TRX,,0.08181818181818182,0.0,0.04516691864871774
2025-03-10,UNI,,0.08181818181818182,0.0,0.04425510505541463
2025-03-10,VET,,0.0,0.0,0.0
2025-03-10,WLD,,0.0,0.08181818181818182,0.019581621672537165
2025-03-10,XLM,,0.0,-0.07916666666666666,-0.020448367328147872
2025-03-10,XRP,,-0.07916666666666666,-0.05,-0.056327266880333966
2025-03-10,ZEC,,-0.07916666666666666,0.08181818181818182,-0.024642274578237616
2025-03-17,AAVE,,0.0,-0.07916666666666666,-0.008704526149289838
2025-03-17,ADA,,-0.05,0.0,-0.02198010368088544
2025-03-17,ALGO,,-0.07916666666666666,0.0,-0.034800597370320756
2025-03-17,APT,,0.0,0.08181818181818182,0.015413317405011766
2025-03-17,ARB,,0.0,0.08181818181818182,0.015408282978937041
2025-03-17,ATOM,,-0.07916666666666666,0.0,-0.03458455451438285
2025-03-17,AVAX,,0.0,0.08181818181818182,0.015421453568946867
2025-03-17,BCH,,0.05,-0.07916666666666666,0.009478691208081275
2025-03-17,BNB,,0.05,-0.07916666666666666,0.009470555044146175
2025-03-17,BONK,,-0.07916666666666666,0.08181818181818182,-0.013172950844643847
2025-03-17,BTC,,0.05,-0.07916666666666666,0.009478691208081275
2025-03-17,CAKE,,-0.07916666666666666,0.0,-0.03472069452973211
2025-03-17,CHZ,,0.05,0.0,0.021966933090875614
2025-03-17,DASH,,0.05,0.0,0.021975069254810714
2025-03-17,DEXE,,0.05,-0.07916666666666666,0.009472871637197101
2025-03-17,DOGE,,0.0,0.0,0.0
2025-03-17,DOT,,0.0,0.0,0.0
2025-03-17,ENA,,0.0,0.08181818181818182,0.015518921607831044
2025-03-17,ETC,,0.05,-0.07916666666666666,0.009472871637197101
2025-03-17,ETH,,0.05,0.0,0.018051620928498303
2025-03-17,FET,,0.0,0.08181818181818182,0.015416419142872142
2025-03-17,FIL,,0.0,0.08181818181818182,0.015411087529347774
2025-03-17,HBAR,,-0.07916666666666666,0.0,-0.03479741773279988
2025-03-17,ICP,,0.0,0.0,1.131580145597996e-05
2025-03-17,JST,,0.05,-0.07916666666666666,0.009478691208081275
2025-03-17,JUP,,-0.07916666666666666,0.0,-0.034800597370320756
2025-03-17,LINK,,0.0,0.0,0.0063305882528408575
2025-03-17,LTC,,0.05,-0.07916666666666666,0.0029320600993025143
2025-03-17,LUNC,,0.0,0.0,-5.034426074725875e-06
2025-03-17,NEAR,,0.0,0.0,-1.8348148877617544e-05
2025-03-17,NEXO,,0.05,-0.07916666666666666,0.009478691208081275
2025-03-17,PENGU,,-0.07916666666666666,0.05,-0.025386382271110515
2025-03-17,PEPE,,-0.07916666666666666,0.0,-0.03458232463871886
2025-03-17,POL,,0.0,0.08181818181818182,0.015413317405011766
2025-03-17,QNT,,0.05,-0.07916666666666666,0.003142283384356244
2025-03-17,RENDER,,-0.07916666666666666,0.08181818181818182,-0.013177118096849239
2025-03-17,SHIB,,0.0,0.0,8.136163935100464e-06
2025-03-17,SOL,,0.0,0.0,1.8169357262168554e-06
2025-03-17,STX,,0.0,0.0,2.2298756639934087e-06
2025-03-17,SUI,,0.0,-0.07916666666666666,-0.015108563699443824
2025-03-17,TAO,,0.0,0.0,-0.0062202307206092045
2025-03-17,TON,,-0.07916666666666666,0.0,-0.034464773544290735
2025-03-17,TRUMP,,0.0,0.05,0.0031976561028811065
2025-03-17,TRX,,0.05,0.0,0.024390345345274258
2025-03-17,UNI,,0.0,0.0,0.00620849068969781
2025-03-17,VET,,0.0,0.0,0.0
2025-03-17,WLD,,0.0,0.08181818181818182,0.015408282978937041
2025-03-17,XLM,,0.0,-0.07916666666666666,-0.015119560829195787
2025-03-17,XRP,,-0.07916666666666666,-0.05,-0.04422488132168045
2025-03-17,ZEC,,-0.07916666666666666,0.08181818181818182,-0.01938123054424482
2025-03-24,AAVE,,0.0,-0.05,-0.011724564178850112
2025-03-24,ADA,,0.0,0.07916666666666666,0.015574881483062013
2025-03-24,ALGO,,0.0,0.07916666666666666,0.01450334416646773
2025-03-24,APT,,0.0,0.0,0.0012882456145656973
2025-03-24,ARB,,0.0,0.0,0.0012878248370560806
2025-03-24,ATOM,,-0.07916666666666666,0.0,-0.0435185300543974
2025-03-24,AVAX,,0.0,0.0,0.0012889256354355321
2025-03-24,BCH,,0.05,-0.07916666666666666,0.00904000902812404
2025-03-24,BNB,,0.05,-0.07916666666666666,0.009039329007254205
2025-03-24,BONK,,-0.07916666666666666,0.05,-0.030731907886373443
2025-03-24,BTC,,0.05,-0.07916666666666666,0.00904000902812404
2025-03-24,CAKE,,-0.05,0.0,-0.028561715886804992
2025-03-24,CHZ,,0.05,-0.07916666666666666,0.010083776726952738
2025-03-24,DASH,,0.05,-0.07916666666666666,0.010084456747822572
2025-03-24,DEXE,,0.05,-0.07916666666666666,0.009039522628183442
2025-03-24,DOGE,,0.0,0.07916666666666666,0.01741197932712464
2025-03-24,DOT,,0.0,0.0,0.0
2025-03-24,ENA,,0.05,0.0,0.026956831025971458
2025-03-24,ETC,,0.05,-0.07916666666666666,0.009039522628183442
2025-03-24,ETH,,0.0,-0.07916666666666666,-0.015903224210631756
2025-03-24,FET,,0.0,0.0,0.0012885048579259137
2025-03-24,FIL,,0.0,0.0,0.0012880592414787322
2025-03-24,HBAR,,0.0,0.0,-0.002908369406440306
2025-03-24,ICP,,0.0,0.0,9.457750864341713e-07
2025-03-24,JST,,0.05,-0.07916666666666666,0.00904000902812404
2025-03-24,JUP,,-0.07916666666666666,0.07916666666666666,-0.026124607596823092
2025-03-24,LINK,,0.0,0.0,0.000529110790367009
2025-03-24,LTC,,0.05,0.0,0.02590482069533133
2025-03-24,LUNC,,0.05,-0.07916666666666666,0.008247358903759949
2025-03-24,NEAR,,0.0,0.0,-1.533538932981657e-06
2025-03-24,NEXO,,0.05,-0.07916666666666666,0.00904000902812404
2025-03-24,PENGU,,-0.07916666666666666,0.07916666666666666,-0.02533776716543145
2025-03-24,PEPE,,-0.07916666666666666,0.07916666666666666,-0.02610636435418579
2025-03-24,POL,,0.0,0.07916666666666666,0.018700224941690338
2025-03-24,QNT,,0.05,0.0,0.02592239116494107
2025-03-24,RENDER,,-0.07916666666666666,0.07916666666666666,-0.024317316433361796
2025-03-24,SHIB,,-0.07916666666666666,0.0,-0.040627271742421
2025-03-24,SOL,,0.0,0.0,1.5185955234306147e-07
2025-03-24,STX,,0.0,0.0,1.863730869664841e-07
2025-03-24,SUI,,0.0,0.0,-0.0012627742890616318
2025-03-24,TAO,,0.0,0.07916666666666666,0.01689209222320981
2025-03-24,TON,,-0.07916666666666666,0.0,-0.04350851875667512
2025-03-24,TRUMP,,-0.07916666666666666,0.07916666666666666,-0.022948712225844017
2025-03-24,TRX,,0.0,-0.07916666666666666,-0.015373433399394915
2025-03-24,UNI,,0.0,0.0,0.0005189058717154898
2025-03-24,VET,,0.0,0.0,0.0
2025-03-24,WLD,,0.0,0.07916666666666666,0.01869980416418072
2025-03-24,XLM,,-0.07916666666666666,0.07916666666666666,-0.024479665865721947
2025-03-24,XRP,,-0.07916666666666666,0.0,-0.044324268910358615
2025-03-24,ZEC,,-0.07916666666666666,0.0,-0.04224783569855526
2025-03-31,AAVE,,-0.08181818181818182,-0.05,-0.039896795509792936
2025-03-31,ADA,,0.05,0.07916666666666666,0.03309410540611456
2025-03-31,ALGO,,0.05,0.07916666666666666,0.03297669205960773
2025-03-31,APT,,-0.08181818181818182,0.0,-0.03045709320596854
2025-03-31,ARB,,0.0,0.0,0.00014111297991371342
2025-03-31,ATOM,,-0.08181818181818182,0.0,-0.03536678080713826
2025-03-31,AVAX,,0.0,0.0,0.00014123359953148971
2025-03-31,BCH,,0.05,-0.07916666666666666,0.007000926980665009
2025-03-31,BNB,,0.0,-0.07916666666666666,-0.011698079488886721
2025-03-31,BONK,,-0.05,0.05,-0.014052542601490636
2025-03-31,BTC,,0.05,-0.07916666666666666,0.007000926980665009
2025-03-31,CAKE,,-0.05,0.0,-0.02182857251339178
2025-03-31,CHZ,,0.05,-0.07916666666666666,0.007115297480504176
2025-03-31,DASH,,0.05,-0.07916666666666666,0.007115371993565723
2025-03-31,DEXE,,0.0,-0.07916666666666666,-0.01169805827293754
2025-03-31,DOGE,,0.05,0.07916666666666666,0.03329540479381805
2025-03-31,DOT,,0.0,0.0,0.0
2025-03-31,ENA,,-0.08181818181818182,0.0,-0.027644466462526256
2025-03-31,ETC,,0.05,-0.07916666666666666,0.007000873683552644
2025-03-31,ETH,,0.0,-0.07916666666666666,-0.014431151495230544
2025-03-31,FET,,0.0,0.0,0.00014118749297526074
2025-03-31,FIL,,0.0,0.0,0.0001411386647006763
2025-03-31,HBAR,,0.05,0.0,0.018380248342210116
2025-03-31,ICP,,0.0,0.0,1.0363299179720971e-07
2025-03-31,JST,,0.05,-0.07916666666666666,0.007000926980665009
2025-03-31,JUP,,-0.08181818181818182,0.07916666666666666,-0.02077228654530983
2025-03-31,LINK,,0.0,0.0,5.7977139580464067e-05
2025-03-31,LTC,,0.0,0.0,0.002838512146422792
2025-03-31,LUNC,,0.0,-0.07916666666666666,-0.011784859350627949
2025-03-31,NEAR,,-0.08181818181818182,0.0,-0.030598420329459065
2025-03-31,NEXO,,0.0,-0.07916666666666666,-0.011698004975825176
2025-03-31,PENGU,,-0.08181818181818182,0.07916666666666666,-0.020686068765689982
2025-03-31,PEPE,,-0.08181818181818182,0.07916666666666666,-0.02077028754804113
2025-03-31,POL,,0.05,0.07916666666666666,0.03343656388028799
2025-03-31,QNT,,0.05,0.0,0.021539369381300043
2025-03-31,RENDER,,-0.08181818181818182,0.07916666666666666,-0.020574253214759426
2025-03-31,SHIB,,0.0,0.0,-0.004451719842927346
2025-03-31,SOL,,0.0,0.0,1.6639960142777365e-08
2025-03-31,STX,,0.05,0.0,0.01869895237825945
2025-03-31,SUI,,0.0,0.0,-0.00013836807441550223
2025-03-31,TAO,,0.0,0.07916666666666666,0.014539506380134945
2025-03-31,TON,,-0.08181818181818182,0.0,-0.0353656838225067
2025-03-31,TRUMP,,0.0,0.07916666666666666,0.010173963430352023
2025-03-31,TRX,,0.0,-0.07916666666666666,-0.014373099842588532
2025-03-31,UNI,,0.0,0.0,5.685893899971985e-05
2025-03-31,VET,,0.0,0.0,0.0
2025-03-31,WLD,,0.0,0.07916666666666666,0.014737585817241577
2025-03-31,XLM,,0.0,0.07916666666666666,0.010006209692408296
2025-03-31,XRP,,0.0,0.0,-0.004856817082931515
2025-03-31,ZEC,,-0.08181818181818182,0.0,-0.03522754489402889
2025-04-07,AAVE,,0.0,-0.05,-0.01725184269955821
2025-04-07,ADA,,0.0,0.07916666666666666,0.019282838877283097
2025-04-07,ALGO,,0.0,0.07916666666666666,0.019251480399802935
2025-04-07,APT,,0.0,0.0,-0.008134408053475178
2025-04-07,ARB,,0.0,0.0,3.7688119233750405e-05
2025-04-07,ATOM,,0.05,0.0,0.0059456941722789425
2025-04-07,AVAX,,-0.07916666666666666,0.0,-0.024331948704997483
2025-04-07,BCH,,-0.07916666666666666,-0.07916666666666666,-0.03294402197690663
2025-04-07,BNB,,0.05,-0.07916666666666666,0.0018229307832914599
2025-04-07,BONK,,-0.07916666666666666,0.05,-0.021526487318522265
2025-04-07,BTC,,0.05,-0.07916666666666666,0.006817016981514035
2025-04-07,CAKE,,-0.05,0.0,-0.021221293177265566
2025-04-07,CHZ,,0.05,-0.07916666666666666,0.006847562782739393
2025-04-07,DASH,,0.05,-0.07916666666666666,0.006847582683510745
2025-04-07,DEXE,,0.05,-0.07916666666666666,0.0018229364495967355
2025-04-07,DOGE,,0.0,0.07916666666666666,0.019336601439239404
2025-04-07,DOT,,0.05,0.0,0.015391369919388647
2025-04-07,ENA,,0.0,0.0,-0.0073832183887703046
2025-04-07,ETC,,0.0,-0.07916666666666666,-0.00857436717234069
2025-04-07,ETH,,0.05,-0.07916666666666666,0.0010929884086601834
2025-04-07,FET,,-0.07916666666666666,0.0,-0.024331961019026918
2025-04-07,FIL,,0.0,0.0,3.769497906559679e-05
2025-04-07,HBAR,,-0.07916666666666666,0.0,-0.019460716003735522
2025-04-07,ICP,,0.0,0.0,2.767805310178951e-08
2025-04-07,JST,,0.05,-0.07916666666666666,0.006817016981514035
2025-04-07,JUP,,-0.07916666666666666,0.07916666666666666,-0.01947333807759464
2025-04-07,LINK,,0.0,0.0,1.5484396620894936e-05
2025-04-07,LTC,,0.0,0.0,0.0007581030766003602
2025-04-07,LUNC,,0.05,-0.07916666666666666,0.001799753824103214
2025-04-07,NEAR,,0.0,0.0,-0.00817215336566638
2025-04-07,NEXO,,0.0,-0.07916666666666666,-0.013568419235325835
2025-04-07,PENGU,,-0.07916666666666666,0.07916666666666666,-0.01945031123796324
2025-04-07,PEPE,,0.0,0.07916666666666666,0.004896864848876064
2025-04-07,POL,,0.0,0.07916666666666666,0.019374301872502595
2025-04-07,QNT,,0.05,0.0,0.021144053492215244
2025-04-07,RENDER,,-0.07916666666666666,0.07916666666666666,-0.01942044780641899
2025-04-07,SHIB,,0.05,0.0,0.014202415165984042
2025-04-07,SOL,,-0.07916666666666666,0.0,-0.024369664594871027
2025-04-07,STX,,0.0,0.0,0.004994071751648815
2025-04-07,SUI,,0.0,0.0,-3.6955016398240744e-05
2025-04-07,TAO,,-0.07916666666666666,0.07916666666666666,-0.01004234836321518
2025-04-07,TON,,0.0,0.0,-0.009445382767061965
2025-04-07,TRUMP,,0.0,0.07916666666666666,0.01316138184218097
2025-04-07,TRX,,0.05,-0.07916666666666666,0.0011084927060524326
2025-04-07,UNI,,0.0,0.0,1.5185750267879742e-05
2025-04-07,VET,,0.0,0.0,0.0
2025-04-07,WLD,,-0.07916666666666666,0.07916666666666666,-0.009989445778010093
2025-04-07,XLM,,0.0,0.07916666666666666,0.013116578572620677
2025-04-07,XRP,,0.0,0.0,-0.0012971471613027032
2025-04-07,ZEC,,-0.07916666666666666,0.0,-0.03377815798944808
2025-04-14,AAVE,,0.0,-0.05,-0.012130007653587994
2025-04-14,ADA,,0.0,0.07916666666666666,0.01900700158418342
2025-04-14,ALGO,,0.0,0.07916666666666666,0.019006225315298286
2025-04-14,APT,,0.0,0.0,-0.00020136461902192128
2025-04-14,ARB,,0.0,0.0,9.329571028729867e-07
2025-04-14,ATOM,,0.07916666666666666,0.0,0.04338305984274857
2025-04-14,AVAX,,-0.05,0.0,-0.027909198586213595
2025-04-14,BCH,,-0.05,-0.07916666666666666,-0.04665204884719405
2025-04-14,BNB,,0.07916666666666666,-0.07916666666666666,0.024751340984115168
2025-04-14,BONK,,-0.05,0.05,-0.016136806391578582
2025-04-14,BTC,,0.07916666666666666,-0.07916666666666666,0.024874967959557848
2025-04-14,CAKE,,-0.05,0.0,-0.027832195322898993
2025-04-14,CHZ,,0.07916666666666666,-0.07916666666666666,0.02487572411090728
2025-04-14,DASH,,0.07916666666666666,-0.07916666666666666,0.024875724603544386
2025-04-14,DEXE,,0.07916666666666666,-0.07916666666666666,0.02475134112438271
2025-04-14,DOGE,,0.0,0.07916666666666666,0.019008332458874583
2025-04-14,DOT,,0.0,0.0,0.0003810083437748215
2025-04-14,ENA,,0.0,0.0,-0.00018276916380844874
2025-04-14,ETC,,0.0,-0.07916666666666666,-0.018741916858780256
2025-04-14,ETH,,0.07916666666666666,-0.07916666666666666,0.024733271498639478
2025-04-14,FET,,-0.05,0.0,-0.027909198891043378
2025-04-14,FIL,,0.05,0.0,0.02730780225672233
2025-04-14,HBAR,,-0.05,0.0,-0.027788612809030007
2025-04-14,ICP,,0.0,0.0,6.851611797037019e-10
2025-04-14,JST,,0.07916666666666666,-0.07916666666666666,0.024874967959557848
2025-04-14,JUP,,0.0,0.07916666666666666,0.01804760506067965
2025-04-14,LINK,,0.0,0.0,3.833111894379025e-07
2025-04-14,LTC,,0.0,0.0,1.8766594470726147e-05
2025-04-14,LUNC,,0.07916666666666666,-0.07916666666666666,0.024750767246047647
2025-04-14,NEAR,,0.0,0.0,-0.00020229899191780663
2025-04-14,NEXO,,0.07916666666666666,-0.07916666666666666,0.02437033313297745
2025-04-14,ONDO,,0.0,0.0,0.0
2025-04-14,PENGU,,-0.05,0.07916666666666666,-0.009258694047220063
2025-04-14,PEPE,,0.0,0.07916666666666666,0.01865088148786592
2025-04-14,POL,,0.0,0.07916666666666666,0.01900926572080724
2025-04-14,QNT,,0.07916666666666666,0.0,0.04375929027206786
2025-04-14,RENDER,,-0.05,0.07916666666666666,-0.009257954787709589
2025-04-14,SHIB,,0.0,0.0,0.0003515761565302516
2025-04-14,SOL,,-0.05,0.0,-0.027910132230769602
2025-04-14,STX,,0.0,0.0,0.00012362661782245807
2025-04-14,SUI,,-0.05,0.0,-0.027307783939187775
2025-04-14,TAO,,-0.05,0.07916666666666666,-0.009025802993858573
2025-04-14,TON,,0.0,0.0,-0.00023381737059442048
2025-04-14,TRUMP,,0.0,0.07916666666666666,0.018855466911269415
2025-04-14,TRX,,0.0,-0.07916666666666666,-0.01850222081972769
2025-04-14,UNI,,0.07916666666666666,0.0,0.043236252040490065
2025-04-14,VET,,0.0,0.0,0.0
2025-04-14,VIRTUAL,,0.0,0.0,0.0
2025-04-14,WLD,,-0.05,0.07916666666666666,-0.009024493407611477
2025-04-14,XLM,,0.0,0.07916666666666666,0.018854357820940207
2025-04-14,XRP,,0.0,0.0,-3.211045502438201e-05
2025-04-14,ZEC,,-0.05,0.0,-0.028143036416976474
2025-04-21,AAVE,,0.0,-0.05,-0.009879539892439467
2025-04-21,ADA,,0.0,0.08181818181818182,0.015929887121573758
2025-04-21,ALGO,,0.0,0.08181818181818182,0.015929668988097005
2025-04-21,APT,,0.0,0.0,-5.6583956001715234e-05
2025-04-21,ARB,,0.0,0.0,2.621632534894616e-07
2025-04-21,ATOM,,0.05,0.0,0.027289695178217808
2025-04-21,AVAX,,0.0,0.08181818181818182,0.0027463188308582513
2025-04-21,BCH,,-0.085,-0.05,-0.04524853055427181
2025-04-21,BNB,,0.05,-0.085,0.011053473938246777
2025-04-21,BONK,,-0.085,0.08181818181818182,-0.0196138215439264
2025-04-21,BTC,,0.05,-0.085,0.011088213424125932
2025-04-21,CAKE,,0.0,0.0,-0.007820915726067135
2025-04-21,CHZ,,0.05,-0.085,0.011088425904525393
2025-04-21,DASH,,0.05,-0.085,0.011088426042957638
2025-04-21,DEXE,,0.05,-0.085,0.011053473977662301
2025-04-21,DOGE,,0.0,0.0,0.005341388436276609
2025-04-21,DOT,,0.05,0.0,0.015206012345452961
2025-04-21,ENA,,-0.085,0.0,-0.025719570286480944
2025-04-21,ETC,,0.0,-0.085,-0.016267187150576748
2025-04-21,ETH,,0.0,0.0,0.006950110466551914
2025-04-21,FET,,-0.085,0.0,-0.03351076561856517
2025-04-21,FIL,,0.05,0.0,0.022772508035898007
2025-04-21,HBAR,,0.0,0.0,-0.0078086689318726775
2025-04-21,ICP,,0.0,0.0,1.9253198617884819e-10
2025-04-21,JST,,0.0,-0.05,0.0005189497832013244
2025-04-21,JUP,,-0.085,0.08181818181818182,-0.010007917373896724
2025-04-21,LINK,,0.0,-0.085,-0.0110005544454884
2025-04-21,LTC,,0.0,0.0,5.27345946369059e-06
2025-04-21,LUNC,,0.05,-0.085,0.011053312716430716
2025-04-21,NEAR,,0.0,0.0,-5.684651709654301e-05
2025-04-21,NEXO,,0.05,-0.085,0.010946409789689786
2025-04-21,ONDO,,0.0,0.0,0.0
2025-04-21,PENGU,,-0.05,0.05,-0.011229686246904905
2025-04-21,PEPE,,0.0,0.08181818181818182,0.015829816493678782
2025-04-21,POL,,-0.085,0.08181818181818182,-0.009737688349823158
2025-04-21,QNT,,0.0,0.0,0.012296468800963585
2025-04-21,RENDER,,-0.085,0.08181818181818182,-0.01768084722904302
2025-04-21,SHIB,,0.05,0.0,0.015197741828039475
2025-04-21,SOL,,0.0,0.08181818181818182,0.0027460564744287326
2025-04-21,STX,,-0.085,0.0,-0.02563347231400135
2025-04-21,SUI,,-0.05,0.0,-0.02277250288862549
2025-04-21,TAO,,-0.085,0.08181818181818182,-0.01761561200076513
2025-04-21,TON,,0.0,0.0,-6.570325946243384e-05
2025-04-21,TRUMP,,-0.05,0.05,-0.003329537479821211
2025-04-21,TRX,,0.0,-0.085,-0.016199831970737235
2025-04-21,UNI,,0.05,0.0,0.027248441822667797
2025-04-21,VET,,0.0,0.0,0.0
2025-04-21,VIRTUAL,,0.0,0.0,0.0
2025-04-21,WLD,,-0.085,0.08181818181818182,-0.01761524400379056
2025-04-21,XLM,,0.0,0.0,0.005298121182175181
2025-04-21,XRP,,0.0,0.0,-9.023117284059172e-06
2025-04-21,ZEC,,0.05,0.0,0.0071906852161244365
2025-04-28,AAVE,,0.0,-0.05,-0.013170468373664507
2025-04-28,ADA,,0.0,0.08181818181818182,0.02146712706126188
2025-04-28,ALGO,,0.0,0.08181818181818182,0.021467049122544248
2025-04-28,APT,,0.0,0.0,-2.0217350564934605e-05
2025-04-28,ARB,,0.0,0.0,9.367048145024702e-08
2025-04-28,ATOM,,0.0,0.0,0.009750561346603452
2025-04-28,AVAX,,0.0,0.08181818181818182,0.016756660691217493
2025-04-28,BCH,,0.0,-0.05,-0.02580774815870617
2025-04-28,BNB,,0.05,-0.085,0.010055053577414636
2025-04-28,BONK,,-0.05,0.08181818181818182,-0.01372713911368135
2025-04-28,BTC,,0.05,-0.085,0.010067465936219017
2025-04-28,CAKE,,0.0,0.0,-0.0027943997936078603
2025-04-28,CHZ,,0.05,-0.085,0.010067541855101817
2025-04-28,DASH,,0.05,-0.085,0.01006754190456342
2025-04-28,DEXE,,0.0,-0.085,-0.012439506354942531
2025-04-28,DOGE,,-0.0888888888888889,0.0,-0.038081859853882044
2025-04-28,DOT,,0.0,0.0,0.005433082166850034
2025-04-28,ENA,,0.0,0.0,-0.009189558412025813
2025-04-28,ETC,,0.05,-0.085,0.0002934281639887966
2025-04-28,ETH,,0.0,0.0,0.0024832625658595146
2025-04-28,FET,,-0.0888888888888889,0.0,-0.051963667953438944
2025-04-28,FIL,,0.05,0.0,0.03063113806392969
2025-04-28,HBAR,,0.0,0.0,-0.0027900240350179446
2025-04-28,ICP,,0.05,0.0,0.02249456001523162
2025-04-28,JST,,-0.0888888888888889,-0.05,-0.04944543461629937
2025-04-28,JUP,,0.0,0.08181818181818182,0.012199593940145935
2025-04-28,LINK,,0.0,-0.085,-0.020319372937377206
2025-04-28,LTC,,0.05,0.0,0.0224964441444745
2025-04-28,LUNC,,0.05,-0.085,0.010054995973135892
2025-04-28,NEAR,,0.05,0.0,0.022474248783245856
2025-04-28,NEXO,,0.05,-0.085,0.010016799740509928
2025-04-28,ONDO,,0.0,0.0,0.0
2025-04-28,PENGU,,-0.05,0.05,-0.01686638191742168
2025-04-28,PEPE,,0.0,0.08181818181818182,0.02143137199731152
2025-04-28,POL,,-0.0888888888888889,0.08181818181818182,-0.02769418248606041
2025-04-28,QNT,,0.0,0.0,0.004393507241740502
2025-04-28,RENDER,,-0.0888888888888889,0.08181818181818182,-0.030532259548917112
2025-04-28,SHIB,,0.0,0.0,0.005430127125143569
2025-04-28,SOL,,0.0,0.08181818181818182,0.016756566951714576
2025-04-28,STX,,-0.0888888888888889,0.0,-0.04914912454759522
2025-04-28,SUI,,-0.05,0.0,-0.030631136224818035
2025-04-28,TAO,,-0.0888888888888889,0.08181818181818182,-0.03050895111358541
2025-04-28,TON,,0.05,0.0,0.02247108428436795
2025-04-28,TRUMP,,-0.05,0.05,-0.014043672293965423
2025-04-28,TRX,,0.0,-0.085,-0.022177065892057767
2025-04-28,UNI,,0.05,0.0,0.03223038153976261
2025-04-28,VET,,0.0,0.0,0.0
2025-04-28,VIRTUAL,,0.0,0.0,0.0
2025-04-28,WLD,,-0.0888888888888889,0.08181818181818182,-0.03050881962889669
2025-04-28,XLM,,-0.0888888888888889,0.0,-0.038097319169666265
2025-04-28,XRP,,0.0,0.0,-3.2239443512011612e-06
2025-04-28,ZEC,,0.0,0.0,0.0025692195118360668
2025-05-05,AAVE,,0.0,-0.05,-0.01257109236583925
2025-05-05,ADA,,0.0,0.08181818181818182,0.020529625717716368
2025-05-05,ALGO,,0.0,0.08181818181818182,0.02052958769002793
2025-05-05,APT,,0.07916666666666666,0.0,0.02269244600706126
2025-05-05,ARB,,-0.08181818181818182,0.0,-0.023462629172557467
2025-05-05,ATOM,,0.0,0.0,0.004757472540892934
2025-05-05,AVAX,,0.0,0.08181818181818182,0.018231305281212255
2025-05-05,BCH,,0.07916666666666666,-0.05,0.003965264166469432
2025-05-05,BNB,,0.07916666666666666,-0.085,0.017161873464859905
2025-05-05,BONK,,-0.08181818181818182,0.08181818181818182,-0.020104958443590358
2025-05-05,BTC,,0.07916666666666666,-0.085,0.017167929675787712
2025-05-05,CAKE,,0.0,0.0,-0.0013634374282458373
2025-05-05,CHZ,,0.0,-0.085,-0.005534343694515087
2025-05-05,DASH,,0.07916666666666666,-0.085,0.01716796674209596
2025-05-05,DEXE,,0.07916666666666666,-0.085,0.006186377040242419
2025-05-05,DOGE,,-0.08181818181818182,0.0,-0.04204349254601145
2025-05-05,DOT,,0.0,0.0,0.0026508975537298703
2025-05-05,ENA,,-0.08181818181818182,0.0,-0.027946424093566534
2025-05-05,ETC,,0.0,-0.085,-0.010303307843767264
2025-05-05,ETH,,-0.08181818181818182,0.0,-0.02225104684265645
2025-05-05,FET,,0.0,0.0,-0.02535399908013296
2025-05-05,FIL,,0.0,0.0,0.01494547780946057
2025-05-05,HBAR,,0.0,0.0,-0.0013613024176964855
2025-05-05,ICP,,0.0,0.0,0.010975496465053407
2025-05-05,JST,,0.0,-0.05,-0.030270294461651883
2025-05-05,JUP,,0.0,0.08181818181818182,0.01600783125088976
2025-05-05,LINK,,0.0,-0.085,-0.02036066062015861
2025-05-05,LTC,,0.07916666666666666,0.0,0.033678726177745665
2025-05-05,LUNC,,0.07916666666666666,-0.085,0.017161845358706358
2025-05-05,NEAR,,0.0,0.0,0.010965586253219538
2025-05-05,NEXO,,0.07916666666666666,-0.085,0.017143208736523894
2025-05-05,ONDO,,0.0,0.0,0.0
2025-05-05,PENGU,,-0.05,0.05,-0.016422723167984127
2025-05-05,PEPE,,-0.08181818181818182,0.08181818181818182,-0.0029504946908451186
2025-05-05,POL,,0.0,0.08181818181818182,-0.0034570527853828754
2025-05-05,QNT,,0.0,0.0,0.002143670432684963
2025-05-05,RENDER,,0.0,0.08181818181818182,-0.004841801131198087
2025-05-05,SHIB,,0.0,0.0,0.00264945573625127
2025-05-05,SOL,,0.0,0.08181818181818182,0.018231259544039258
2025-05-05,STX,,-0.08181818181818182,0.0,-0.04744340810076824
2025-05-05,SUI,,-0.08181818181818182,0.0,-0.0384081517881789
2025-05-05,TAO,,0.0,0.08181818181818182,-0.004830428530470807
2025-05-05,TON,,0.07916666666666666,0.0,0.033666352650334366
2025-05-05,TRUMP,,-0.05,0.05,-0.015045472869550257
2025-05-05,TRX,,0.07916666666666666,-0.085,0.0014352483137641953
2025-05-05,UNI,,-0.08181818181818182,0.0,-0.007736897691816312
2025-05-05,VET,,0.0,0.0,0.0
2025-05-05,VIRTUAL,,-0.08181818181818182,0.0,-0.023462674876053663
2025-05-05,WLD,,-0.08181818181818182,0.08181818181818182,-0.02829303925280307
2025-05-05,XLM,,0.05,0.0,-0.004250059232319199
2025-05-05,XRP,,0.07916666666666666,0.0,0.022700737392609662
2025-05-05,ZEC,,0.0,0.0,0.0012535679582534231
2025-05-12,AAVE,,0.0,-0.05,-0.014023774497543303
2025-05-12,ADA,,0.0,0.08181818181818182,0.022931414365415598
2025-05-12,ALGO,,0.0,0.08181818181818182,0.02293139908134356
2025-05-12,APT,,0.05,0.0,0.030053353239214042
2025-05-12,ARB,,-0.08181818181818182,0.0,-0.04368378731398198
2025-05-12,ATOM,,0.0,0.0,0.0019121212994424523
2025-05-12,AVAX,,0.0,0.08181818181818182,0.022007674412781304
2025-05-12,BCH,,0.085,-0.05,0.028208296561177924
2025-05-12,BNB,,0.085,-0.085,0.027232427488797332
2025-05-12,BONK,,-0.08181818181818182,0.08181818181818182,-0.027654117647000678
2025-05-12,BTC,,0.085,-0.085,0.02723486159846574
2025-05-12,CAKE,,0.0,0.0,-0.0005479921795863029
2025-05-12,CHZ,,0.0,-0.085,-0.0174754120804868
2025-05-12,DASH,,0.085,-0.085,0.02723487649614027
2025-05-12,DEXE,,0.085,-0.085,0.022821160727912022
2025-05-12,DOGE,,0.0,0.0,-0.016898102282076354
2025-05-12,DOT,,0.0,0.0,0.0010654475946119497
2025-05-12,ENA,,-0.08181818181818182,0.0,-0.04548591222318517
2025-05-12,ETC,,0.0,-0.085,-0.01939215208217497
2025-05-12,ETH,,-0.08181818181818182,0.0,-0.04319682866963487
2025-05-12,FET,,0.0,0.0,-0.01019026830958174
2025-05-12,FIL,,0.0,0.0,0.006006879956568354
2025-05-12,HBAR,,0.05,0.0,0.0203856811088822
2025-05-12,ICP,,0.0,0.0,0.004411266777137298
2025-05-12,JST,,0.0,-0.05,-0.0211374301244842
2025-05-12,JUP,,0.0,0.08181818181818182,0.021114016695244837
2025-05-12,LINK,,0.0,-0.085,-0.023434398946333458
2025-05-12,LTC,,0.085,0.0,0.04912192482880807
2025-05-12,LUNC,,0.0,-0.085,-0.008353369623738966
2025-05-12,NEAR,,-0.08181818181818182,0.0,-0.029846413907920127
2025-05-12,NEXO,,0.085,-0.085,0.027224925769282857
2025-05-12,ONDO,,0.0,0.0,0.0
2025-05-12,PENGU,,-0.05,0.05,-0.01856222244780088
2025-05-12,PEPE,,-0.08181818181818182,0.08181818181818182,-0.020759403018551944
2025-05-12,POL,,0.0,0.08181818181818182,0.01329069894889615
2025-05-12,QNT,,0.0,0.0,0.0008615830901995282
2025-05-12,RENDER,,0.0,0.08181818181818182,0.012734141494566836
2025-05-12,SHIB,,0.0,0.0,0.001064868099956533
2025-05-12,SOL,,0.0,0.08181818181818182,0.022007656030116576
2025-05-12,STX,,-0.08181818181818182,0.0,-0.053322131575921985
2025-05-12,SUI,,-0.08181818181818182,0.0,-0.04969068527902307
2025-05-12,TAO,,0.0,0.08181818181818182,0.012738712365316752
2025-05-12,TON,,0.085,0.0,0.049116951666039604
2025-05-12,TRUMP,,-0.05,0.05,-0.01800867860542179
2025-05-12,TRX,,0.085,-0.085,0.02091158913160665
2025-05-12,UNI,,-0.08181818181818182,0.0,-0.037363308140392446
2025-05-12,VET,,0.0,0.0,0.0
2025-05-12,VIRTUAL,,-0.08181818181818182,0.0,-0.04368380568311134
2025-05-12,WLD,,-0.08181818181818182,0.08181818181818182,-0.03094506753315872
2025-05-12,XLM,,0.05,0.0,0.01922463322333563
2025-05-12,XRP,,0.085,0.0,0.044709656339464554
2025-05-12,ZEC,,0.0,0.0,0.0005038334898776036
2025-05-19,AAVE,,0.0,0.0,-0.0037385295250157574
2025-05-19,ADA,,0.0,0.0,0.006113173715856235
2025-05-19,ALGO,,0.0,0.0,0.006113169641350148
2025-05-19,APT,,0.0,0.085,0.0229734402750508
2025-05-19,ARB,,-0.07916666666666666,0.05,-0.03535919540323621
2025-05-19,ATOM,,0.0,-0.05,-0.008291235555543373
2025-05-19,AVAX,,0.0,0.0,0.005866918395153173
2025-05-19,BCH,,0.05,-0.0888888888888889,0.012409344530725334
2025-05-19,BNB,,0.05,-0.0888888888888889,0.012149192362685003
2025-05-19,BONK,,-0.07916666666666666,0.0,-0.03988690271592829
2025-05-19,BTC,,0.05,-0.0888888888888889,0.01214984126008877
2025-05-19,CAKE,,0.0,0.085,0.01481557711392879
2025-05-19,CHZ,,0.0,-0.05,-0.013459663354406747
2025-05-19,DASH,,0.05,-0.0888888888888889,0.012149845231587034
2025-05-19,DEXE,,0.05,0.0,0.026619398541569264
2025-05-19,DOGE,,-0.07916666666666666,0.0,-0.037019509132243875
2025-05-19,DOT,,0.0,-0.05,-0.008516946161779792
2025-05-19,ENA,,-0.07916666666666666,0.05,-0.0358396150778397
2025-05-19,ETC,,0.0,0.0,-0.005169659076128701
2025-05-19,ETH,,-0.07916666666666666,0.0,-0.04403035810784756
2025-05-19,FET,,0.0,0.0,-0.002716573840364985
2025-05-19,FIL,,0.0,0.0,0.0016013447788104538
2025-05-19,HBAR,,0.0,0.0,0.005434519125108797
2025-05-19,ICP,,0.0,0.0,0.0011759780572582592
2025-05-19,JST,,0.05,-0.0888888888888889,-0.000745491649792495
2025-05-19,JUP,,0.0,0.085,0.020590346222195362
2025-05-19,LINK,,0.0,0.0,-0.0062472619177678206
2025-05-19,LTC,,0.05,0.0,0.0336307907412156
2025-05-19,LUNC,,0.0,0.0,-0.002226883994547166
2025-05-19,NEAR,,-0.07916666666666666,0.0,-0.04047133626486084
2025-05-19,NEXO,,0.05,-0.0888888888888889,0.012147192515932036
2025-05-19,ONDO,,0.0,0.0,0.0
2025-05-19,PENGU,,-0.07916666666666666,0.085,-0.02250147512488779
2025-05-19,PEPE,,-0.05,0.0,-0.026069764627303045
2025-05-19,POL,,0.05,0.085,0.03904038297212978
2025-05-19,QNT,,0.0,-0.0888888888888889,-0.0154164990053733
2025-05-19,RENDER,,0.0,0.085,0.018356396235394718
2025-05-19,SHIB,,0.0,0.0,0.00028387798396446924
2025-05-19,SOL,,0.0,0.0,0.005866913494608397
2025-05-19,STX,,-0.07916666666666666,0.0,-0.04672961313876049
2025-05-19,SUI,,0.0,0.085,0.0017148666651678676
2025-05-19,TAO,,-0.07916666666666666,0.085,-0.01415711184523484
2025-05-19,TON,,0.05,0.085,0.04859112864171966
2025-05-19,TRUMP,,0.0,0.085,0.010160818030241076
2025-05-19,TRX,,0.05,-0.0888888888888889,0.010464150947811347
2025-05-19,UNI,,-0.07916666666666666,0.0,-0.04247522837175698
2025-05-19,VET,,0.0,0.0,0.0
2025-05-19,VIRTUAL,,-0.07916666666666666,-0.05,-0.052961157560958885
2025-05-19,WLD,,-0.07916666666666666,0.05,-0.031963242336545586
2025-05-19,XLM,,0.05,0.0,0.02566061784627603
2025-05-19,XRP,,0.05,-0.0888888888888889,0.01680836141058454
2025-05-19,ZEC,,0.0,0.0,0.00013431450840350572
2025-05-26,AAVE,,0.0,0.0,0.0
2025-05-26,ADA,,0.0,0.0,0.0
2025-05-26,ALGO,,0.0,0.0,0.0
2025-05-26,APT,,0.05,0.085,0.0484
2025-05-26,ARB,,-0.07916666666666666,0.05,-0.03233333333333333
2025-05-26,ATOM,,0.0,-0.05,-0.012
2025-05-26,AVAX,,0.0,0.0,0.0
2025-05-26,BCH,,0.07916666666666666,-0.0888888888888889,0.022999999999999993
2025-05-26,BNB,,0.07916666666666666,-0.0888888888888889,0.022999999999999993
2025-05-26,BONK,,-0.07916666666666666,0.0,-0.044333333333333336
2025-05-26,BTC,,0.07916666666666666,-0.0888888888888889,0.022999999999999993
2025-05-26,CAKE,,0.0,0.085,0.0204
2025-05-26,CHZ,,0.0,-0.05,-0.012
2025-05-26,DASH,,0.07916666666666666,-0.0888888888888889,0.022999999999999993
2025-05-26,DEXE,,0.07916666666666666,0.0,0.044333333333333336
2025-05-26,DOGE,,-0.07916666666666666,0.0,-0.044333333333333336
2025-05-26,DOT,,-0.07916666666666666,-0.05,-0.056333333333333326
2025-05-26,ENA,,-0.07916666666666666,0.05,-0.03233333333333333
2025-05-26,ETC,,0.0,0.0,0.0
2025-05-26,ETH,,-0.07916666666666666,0.0,-0.044333333333333336
2025-05-26,FET,,0.0,0.0,0.0
2025-05-26,FIL,,0.0,0.0,0.0
2025-05-26,HBAR,,0.0,0.0,0.0
2025-05-26,ICP,,0.0,0.0,0.0
2025-05-26,JST,,0.07916666666666666,-0.0888888888888889,0.022999999999999993
2025-05-26,JUP,,0.0,0.085,0.0204
2025-05-26,LINK,,0.0,0.0,0.0
2025-05-26,LTC,,0.0,0.0,0.0
2025-05-26,LUNC,,0.0,0.0,0.0
2025-05-26,NEAR,,-0.07916666666666666,0.0,-0.044333333333333336
2025-05-26,NEXO,,0.07916666666666666,-0.0888888888888889,0.022999999999999993
2025-05-26,ONDO,,0.0,0.0,0.0
2025-05-26,PENGU,,-0.07916666666666666,0.085,-0.02393333333333333
2025-05-26,PEPE,,-0.05,0.0,-0.027999999999999997
2025-05-26,POL,,0.07916666666666666,0.085,0.06473333333333334
2025-05-26,QNT,,0.07916666666666666,-0.0888888888888889,0.022999999999999993
2025-05-26,RENDER,,0.0,0.085,0.0204
2025-05-26,SHIB,,0.0,0.0,0.0
2025-05-26,SOL,,0.0,0.0,0.0
2025-05-26,STX,,-0.07916666666666666,0.0,-0.044333333333333336
2025-05-26,SUI,,0.0,0.085,0.0204
2025-05-26,TAO,,0.0,0.085,0.0204
2025-05-26,TON,,0.07916666666666666,0.085,0.06473333333333334
2025-05-26,TRUMP,,0.0,0.085,0.0204
2025-05-26,TRX,,0.07916666666666666,-0.0888888888888889,0.022999999999999993
2025-05-26,UNI,,-0.07916666666666666,0.0,-0.044333333333333336
2025-05-26,VET,,0.0,0.0,0.0
2025-05-26,VIRTUAL,,0.0,-0.05,-0.012
2025-05-26,WLD,,-0.07916666666666666,0.05,-0.03233333333333333
2025-05-26,XLM,,0.0,0.0,0.0
2025-05-26,XRP,,0.07916666666666666,-0.0888888888888889,0.022999999999999993
2025-05-26,ZEC,,-0.07916666666666666,0.0,-0.044333333333333336
2025-06-02,AAVE,,-0.085,0.0,-0.018658536585365856
2025-06-02,ADA,,0.0,0.0,0.0
2025-06-02,ALGO,,0.0,0.0,0.0
2025-06-02,APT,,0.0,0.085,0.03742439024390244
2025-06-02,ARB,,0.0,0.05,-0.014955284552845526
2025-06-02,ATOM,,0.05,-0.05,-0.00102439024390244
2025-06-02,AVAX,,0.0,0.0,0.0
2025-06-02,BCH,,0.0,-0.0888888888888889,0.005621951219512186
2025-06-02,BNB,,0.05,-0.0888888888888889,0.01659756097560975
2025-06-02,BONK,,-0.085,0.0,-0.045613821138211386
2025-06-02,BTC,,0.0,-0.0888888888888889,0.005621951219512186
2025-06-02,CAKE,,0.0,0.085,0.0204
2025-06-02,CHZ,,0.05,-0.05,-0.00102439024390244
2025-06-02,DASH,,0.05,-0.0888888888888889,0.01659756097560975
2025-06-02,DEXE,,-0.05,0.0,0.01597967479674797
2025-06-02,DOGE,,0.0,0.0,-0.02695528455284553
2025-06-02,DOT,,0.0,-0.05,-0.038955284552845526
2025-06-02,ENA,,-0.085,0.05,-0.03361382113821138
2025-06-02,ETC,,0.05,0.0,0.01097560975609756
2025-06-02,ETH,,0.05,0.0,-0.01597967479674797
2025-06-02,FET,,-0.085,0.0,-0.018658536585365856
2025-06-02,FIL,,0.05,0.0,0.01097560975609756
2025-06-02,HBAR,,0.0,0.0,0.0
2025-06-02,ICP,,-0.085,0.0,-0.018658536585365856
2025-06-02,JST,,0.0,-0.0888888888888889,0.005621951219512186
2025-06-02,JUP,,-0.085,0.085,0.0017414634146341451
2025-06-02,LINK,,0.05,0.0,0.01097560975609756
2025-06-02,LTC,,0.0,0.0,0.0
2025-06-02,LUNC,,0.0,0.0,0.0
2025-06-02,NEAR,,0.0,0.0,-0.02695528455284553
2025-06-02,NEXO,,0.05,-0.0888888888888889,0.01659756097560975
2025-06-02,ONDO,,0.0,0.0,0.0
2025-06-02,PENGU,,0.0,0.085,-0.006555284552845524
2025-06-02,PEPE,,0.0,0.0,-0.017024390243902437
2025-06-02,POL,,0.05,0.085,0.05833089430894309
2025-06-02,QNT,,-0.085,-0.0888888888888889,-0.013036585365853663
2025-06-02,RENDER,,-0.085,0.085,0.0017414634146341451
2025-06-02,SHIB,,0.05,0.0,0.01097560975609756
2025-06-02,SOL,,0.0,0.0,0.0
2025-06-02,STX,,0.0,0.0,-0.02695528455284553
2025-06-02,SUI,,0.05,0.085,0.03137560975609756
2025-06-02,TAO,,0.0,0.085,0.0204
2025-06-02,TON,,-0.085,0.085,0.028696747967479674
2025-06-02,TRUMP,,0.05,0.085,0.03137560975609756
2025-06-02,TRX,,0.0,-0.0888888888888889,0.005621951219512186
2025-06-02,UNI,,0.0,0.0,-0.02695528455284553
2025-06-02,VET,,0.0,0.0,0.0
2025-06-02,VIRTUAL,,-0.085,-0.05,-0.030658536585365857
2025-06-02,WLD,,-0.05,0.05,-0.02593089430894309
2025-06-02,XLM,,0.0,0.0,0.0
2025-06-02,XRP,,0.0,-0.0888888888888889,0.005621951219512186
2025-06-02,ZEC,,-0.05,0.0,-0.037930894308943086
2025-06-09,AAVE,,-0.085,0.0,-0.031532473021289954
2025-06-09,ADA,,0.0,0.0,0.0
2025-06-09,ALGO,,0.0,0.0,0.0
2025-06-09,APT,,0.0,0.085,0.02071056780075552
2025-06-09,ARB,,0.0,0.05,0.0031416830099856227
2025-06-09,ATOM,,0.05,-0.05,0.008814857010689618
2025-06-09,AVAX,,0.0,0.0,0.0
2025-06-09,BCH,,-0.085,-0.0888888888888889,-0.037681792034686794
2025-06-09,BNB,,0.05,-0.0888888888888889,0.007836208785425248
2025-06-09,BONK,,-0.085,0.0,-0.03812444654254998
2025-06-09,BTC,,0.05,-0.0888888888888889,0.005152099524770433
2025-06-09,CAKE,,0.0,0.085,0.016547216103117605
2025-06-09,CHZ,,0.05,-0.05,0.008814857010689618
2025-06-09,DASH,,0.05,-0.0888888888888889,0.007836208785425248
2025-06-09,DEXE,,-0.05,0.0,-0.011956540020675234
2025-06-09,DOGE,,0.0,0.0,-0.006591973521260029
2025-06-09,DOT,,0.0,-0.05,-0.016325630052505678
2025-06-09,ENA,,-0.085,0.05,-0.028390790011304335
2025-06-09,ETC,,0.05,0.0,0.018548513541935267
2025-06-09,ETH,,0.05,0.0,0.011956540020675234
2025-06-09,FET,,-0.085,0.0,-0.031532473021289954
2025-06-09,FIL,,0.05,0.0,0.018548513541935267
2025-06-09,HBAR,,0.0,0.0,0.0
2025-06-09,ICP,,-0.085,0.0,-0.031532473021289954
2025-06-09,JST,,0.0,-0.0888888888888889,-0.01071230475651002
2025-06-09,JUP,,-0.085,0.085,-0.014985256918172353
2025-06-09,LINK,,0.0,0.0,0.002684109260654814
2025-06-09,LTC,,0.05,0.0,0.015864404281280452
2025-06-09,LUNC,,0.0,0.0,0.0
2025-06-09,NEAR,,0.0,0.0,-0.006591973521260029
2025-06-09,NEXO,,0.05,-0.0888888888888889,0.007836208785425248
2025-06-09,ONDO,,0.0,0.0,0.0
2025-06-09,PENGU,,0.0,0.085,0.009955242581857576
2025-06-09,PEPE,,0.0,0.0,-0.004163351697637912
2025-06-09,POL,,0.05,0.085,0.0416877031663129
2025-06-09,QNT,,-0.085,-0.0888888888888889,-0.042244777777799974
2025-06-09,RENDER,,-0.085,0.085,-0.014985256918172353
2025-06-09,SHIB,,0.05,0.0,0.018548513541935267
2025-06-09,SOL,,0.0,0.0,0.0
2025-06-09,STX,,0.0,0.0,-0.006591973521260029
2025-06-09,SUI,,0.05,0.085,0.03509572964505287
2025-06-09,TAO,,0.0,0.085,0.016547216103117605
2025-06-09,TON,,0.0,0.085,0.01857620388126445
2025-06-09,TRUMP,,0.0,0.085,0.01923132536377242
2025-06-09,TRX,,0.0,-0.0888888888888889,-0.01071230475651002
2025-06-09,UNI,,-0.085,0.0,-0.033561460799436796
2025-06-09,VET,,0.0,0.0,0.0
2025-06-09,VIRTUAL,,0.0,-0.05,-0.014296642274358833
2025-06-09,WLD,,-0.05,0.05,-0.015406830531949647
2025-06-09,XLM,,0.0,0.0,0.0
2025-06-09,XRP,,0.0,-0.0888888888888889,-0.01071230475651002
2025-06-09,ZEC,,-0.05,0.0,-0.025140487063195296
2025-06-16,AAVE,,-0.07916666666666666,-0.05,-0.04063269731162117
2025-06-16,ADA,,0.0,0.0,0.0
2025-06-16,ALGO,,0.05,0.0,0.017831045396627204
2025-06-16,APT,,0.0,0.0,0.003125278531936601
2025-06-16,ARB,,-0.07916666666666666,0.08181818181818182,-0.015253511430119653
2025-06-16,ATOM,,0.05,-0.07916666666666666,0.007061592291872926
2025-06-16,AVAX,,0.0,0.08181818181818182,0.012504888979452844
2025-06-16,BCH,,-0.07916666666666666,-0.07916666666666666,-0.046018406889116625
2025-06-16,BNB,,0.05,-0.07916666666666666,0.006913911730037968
2025-06-16,BONK,,0.0,0.08181818181818182,0.006751810866497898
2025-06-16,BTC,,0.05,-0.07916666666666666,0.006508872663489985
2025-06-16,CAKE,,0.0,0.0,0.0024970179353799513
2025-06-16,CHZ,,0.05,0.0,0.019161230239584243
2025-06-16,DASH,,0.05,-0.07916666666666666,0.006913911730037968
2025-06-16,DEXE,,-0.05,0.05,-0.011993441776116965
2025-06-16,DOGE,,0.0,0.0,-0.0009947459445480257
2025-06-16,DOT,,0.0,0.0,-0.0024635800241832907
2025-06-16,ENA,,-0.07916666666666666,0.0,-0.032516732577979414
2025-06-16,ETC,,0.05,-0.07916666666666666,0.008530426371508191
2025-06-16,ETH,,0.0,0.0,0.0018042729780442784
2025-06-16,FET,,0.0,0.0,-0.004758332168406917
2025-06-16,FIL,,0.0,0.0,0.002799018922592305
2025-06-16,HBAR,,0.0,0.0,0.0
2025-06-16,ICP,,-0.07916666666666666,0.0,-0.03299082071306665
2025-06-16,JST,,0.0,-0.07916666666666666,-0.01371615258918154
2025-06-16,JUP,,0.0,0.08181818181818182,0.010243574746425878
2025-06-16,LINK,,0.0,0.0,0.00040503906654798224
2025-06-16,LTC,,0.05,-0.07916666666666666,0.008125387304960208
2025-06-16,LUNC,,-0.07916666666666666,0.0,-0.028232488544659737
2025-06-16,NEAR,,0.0,0.0,-0.0009947459445480257
2025-06-16,NEXO,,0.0,-0.07916666666666666,-0.010917133666589236
2025-06-16,ONDO,,0.0,0.08181818181818182,0.012504888979452844
2025-06-16,PENGU,,0.0,0.08181818181818182,0.01400716097028477
2025-06-16,PEPE,,-0.07916666666666666,0.08181818181818182,-0.01635586016176354
2025-06-16,POL,,0.05,0.0,0.024121828199147485
2025-06-16,QNT,,-0.07916666666666666,0.0,-0.03460733535453688
2025-06-16,RENDER,,-0.07916666666666666,0.08181818181818182,-0.01798891379823386
2025-06-16,SHIB,,0.05,0.0,0.02063006431921951
2025-06-16,SOL,,0.0,0.08181818181818182,0.012504888979452844
2025-06-16,STX,,0.05,0.0,0.016836299452079175
2025-06-16,SUI,,0.0,0.08181818181818182,0.0178009258374251
2025-06-16,TAO,,0.0,0.0,0.0024970179353799513
2025-06-16,TON,,-0.07916666666666666,-0.07916666666666666,-0.03752892902557465
2025-06-16,TRUMP,,0.05,0.08181818181818182,0.03323799137800798
2025-06-16,TRX,,0.0,-0.07916666666666666,-0.01371615258918154
2025-06-16,UNI,,-0.07916666666666666,0.0,-0.03329700024448311
2025-06-16,VET,,0.0,0.0,0.0
2025-06-16,VIRTUAL,,-0.07916666666666666,0.05,-0.022748012438872055
2025-06-16,WLD,,0.0,0.0,-0.0023249307875050657
2025-06-16,XLM,,0.0,0.0,0.0
2025-06-16,XRP,,0.0,-0.07916666666666666,-0.01371615258918154
2025-06-16,ZEC,,0.05,0.0,0.014037280529486867
2025-06-23,AAVE,,-0.07916666666666666,-0.05,-0.041934059356221375
2025-06-23,ADA,,0.05,0.0,0.01689764268183988
2025-06-23,ALGO,,0.0,0.0,0.003483300932061853
2025-06-23,APT,,-0.07916666666666666,0.0,-0.02614407666259034
2025-06-23,ARB,,-0.07916666666666666,0.08181818181818182,-0.017884084818605064
2025-06-23,ATOM,,0.0,-0.07916666666666666,-0.01008677301903763
2025-06-23,AVAX,,0.0,0.08181818181818182,0.014293129287671345
2025-06-23,BCH,,0.05,-0.07916666666666666,-0.0035583266747246864
2025-06-23,BNB,,0.05,-0.07916666666666666,0.006782020213583502
2025-06-23,BONK,,-0.07916666666666666,0.08181818181818182,-0.013585337439462157
2025-06-23,BTC,,0.05,-0.07916666666666666,0.006702895690783794
2025-06-23,CAKE,,0.0,0.0,0.0004877933238468103
2025-06-23,CHZ,,0.0,0.0,0.0037431530046813984
2025-06-23,DASH,,0.0,-0.07916666666666666,-0.010115622468256378
2025-06-23,DEXE,,0.0,0.05,0.004898923833160868
2025-06-23,DOGE,,0.0,0.0,-0.0001943239669203187
2025-06-23,DOT,,0.0,0.0,-0.00048126121624197157
2025-06-23,ENA,,-0.07916666666666666,0.0,-0.03310675595357645
2025-06-23,ETC,,0.0,-0.07916666666666666,-0.00979983576971598
2025-06-23,ETH,,0.0,0.0,0.0003524653550208807
2025-06-23,FET,,-0.07916666666666666,0.0,-0.027684142760213182
2025-06-23,FIL,,0.0,0.0,0.0005467893219411996
2025-06-23,HBAR,,0.0,0.0,0.0
2025-06-23,ICP,,0.0,0.0,-0.0064447683230646376
2025-06-23,JST,,0.05,-0.07916666666666666,0.00275192995958045
2025-06-23,JUP,,-0.07916666666666666,0.08181818181818182,-0.012903220148695028
2025-06-23,LINK,,0.0,0.0,7.912452279970752e-05
2025-06-23,LTC,,0.05,-0.07916666666666666,0.007018682389324192
2025-06-23,LUNC,,0.0,0.0,-0.005515226475764599
2025-06-23,NEAR,,0.0,0.0,-0.0001943239669203187
2025-06-23,NEXO,,0.0,-0.07916666666666666,-0.013598923400318229
2025-06-23,ONDO,,0.0,0.08181818181818182,0.014293129287671345
2025-06-23,PENGU,,-0.05,0.08181818181818182,-0.002311044037242041
2025-06-23,PEPE,,0.0,0.08181818181818182,0.008655171885430756
2025-06-23,POL,,0.05,0.0,0.02160985022661006
2025-06-23,QNT,,-0.07916666666666666,0.0,-0.033515155934518176
2025-06-23,RENDER,,-0.07916666666666666,0.08181818181818182,-0.018418446624459628
2025-06-23,SHIB,,0.0,0.0,0.004030090254003051
2025-06-23,SOL,,0.0,0.08181818181818182,0.014293129287671345
2025-06-23,STX,,-0.07916666666666666,0.0,-0.023465623947771606
2025-06-23,SUI,,-0.07916666666666666,0.08181818181818182,-0.011426888979453789
2025-06-23,TAO,,0.0,0.0,0.0004877933238468103
2025-06-23,TON,,0.05,-0.07916666666666666,-0.0018999042156361279
2025-06-23,TRUMP,,0.05,0.08181818181818182,0.0352409907482196
2025-06-23,TRX,,0.05,-0.07916666666666666,0.00275192995958045
2025-06-23,UNI,,0.0,0.0,-0.006504580601225454
2025-06-23,VET,,0.0,0.0,0.0
2025-06-23,VIRTUAL,,-0.07916666666666666,0.05,-0.0239565862065153
2025-06-23,WLD,,0.0,0.0,-0.00045417603953986545
2025-06-23,XLM,,0.05,0.0,0.01689764268183988
2025-06-23,XRP,,0.05,-0.07916666666666666,0.00275192995958045
2025-06-23,ZEC,,0.05,0.0,0.019639830325040214
2025-06-30,AAVE,,-0.08181818181818182,-0.05,-0.05781818181818182
2025-06-30,ADA,,0.05,0.0,0.027999999999999997
2025-06-30,ALGO,,0.0,0.0,0.0
2025-06-30,APT,,-0.08181818181818182,0.0,-0.04581818181818181
2025-06-30,ARB,,-0.08181818181818182,0.08181818181818182,-0.02618181818181818
2025-06-30,ATOM,,0.0,-0.07916666666666666,-0.019
2025-06-30,AVAX,,0.0,0.08181818181818182,0.019636363636363636
2025-06-30,BCH,,0.0,-0.07916666666666666,-0.019
2025-06-30,BNB,,0.05,-0.07916666666666666,0.009
2025-06-30,BONK,,-0.05,0.08181818181818182,-0.008363636363636363
2025-06-30,BTC,,0.05,-0.07916666666666666,0.009
2025-06-30,CAKE,,0.0,0.0,0.0
2025-06-30,CHZ,,0.0,0.0,0.0
2025-06-30,DASH,,0.0,-0.07916666666666666,-0.019
2025-06-30,DEXE,,0.05,0.05,0.04
2025-06-30,DOGE,,0.0,0.0,0.0
2025-06-30,DOT,,0.0,0.0,0.0
2025-06-30,ENA,,-0.08181818181818182,0.0,-0.04581818181818181
2025-06-30,ETC,,0.0,-0.07916666666666666,-0.019
2025-06-30,ETH,,0.0,0.0,0.0
2025-06-30,FET,,-0.08181818181818182,0.0,-0.04581818181818181
2025-06-30,FIL,,0.0,0.0,0.0
2025-06-30,HBAR,,0.0,0.0,0.0
2025-06-30,ICP,,0.0,0.0,0.0
2025-06-30,JST,,0.05,-0.07916666666666666,0.009
2025-06-30,JUP,,-0.08181818181818182,0.08181818181818182,-0.02618181818181818
2025-06-30,LINK,,0.0,0.0,0.0
2025-06-30,LTC,,0.05,-0.07916666666666666,0.009
2025-06-30,LUNC,,0.0,0.0,0.0
2025-06-30,NEAR,,0.0,0.0,0.0
2025-06-30,NEXO,,0.0,-0.07916666666666666,-0.019
2025-06-30,ONDO,,0.0,0.08181818181818182,0.019636363636363636
2025-06-30,PENGU,,-0.05,0.08181818181818182,-0.008363636363636363
2025-06-30,PEPE,,0.0,0.08181818181818182,0.019636363636363636
2025-06-30,POL,,0.05,0.0,0.027999999999999997
2025-06-30,QNT,,-0.08181818181818182,0.0,-0.04581818181818181
2025-06-30,RENDER,,-0.08181818181818182,0.08181818181818182,-0.02618181818181818
2025-06-30,SHIB,,0.0,0.0,0.0
2025-06-30,SOL,,0.0,0.08181818181818182,0.019636363636363636
2025-06-30,STX,,-0.08181818181818182,0.0,-0.04581818181818181
2025-06-30,SUI,,-0.08181818181818182,0.08181818181818182,-0.02618181818181818
2025-06-30,TAO,,0.0,0.0,0.0
2025-06-30,TON,,0.05,-0.07916666666666666,0.009
2025-06-30,TRUMP,,0.05,0.08181818181818182,0.047636363636363636
2025-06-30,TRX,,0.05,-0.07916666666666666,0.009
2025-06-30,UNI,,0.0,0.0,0.0
2025-06-30,VET,,0.0,0.0,0.0
2025-06-30,VIRTUAL,,-0.08181818181818182,0.05,-0.03381818181818182
2025-06-30,WLD,,0.0,0.0,0.0
2025-06-30,XLM,,0.05,0.0,0.027999999999999997
2025-06-30,XRP,,0.05,-0.07916666666666666,0.009
2025-06-30,ZEC,,0.05,0.0,0.027999999999999997
2025-07-07,AAVE,,0.0,-0.05,-0.026513833992094865
2025-07-07,ADA,,0.0,0.0,0.008869565217391306
2025-07-07,ALGO,,-0.08181818181818182,0.0,-0.03130434782608695
2025-07-07,APT,,-0.08181818181818182,0.0,-0.04581818181818181
2025-07-07,ARB,,-0.08181818181818182,0.08181818181818182,-0.02618181818181818
2025-07-07,ATOM,,0.0,-0.07916666666666666,-0.019
2025-07-07,AVAX,,0.0,0.08181818181818182,0.019636363636363636
2025-07-07,BCH,,0.07916666666666666,-0.07916666666666666,0.011289855072463769
2025-07-07,BNB,,0.07916666666666666,-0.07916666666666666,0.020159420289855068
2025-07-07,BONK,,-0.08181818181818182,0.08181818181818182,-0.020537549407114622
2025-07-07,BTC,,0.07916666666666666,-0.07916666666666666,0.020159420289855068
2025-07-07,CAKE,,0.0,0.0,0.0
2025-07-07,CHZ,,0.0,0.0,0.0
2025-07-07,DASH,,0.07916666666666666,-0.07916666666666666,0.011289855072463769
2025-07-07,DEXE,,0.07916666666666666,0.05,0.05115942028985507
2025-07-07,DOGE,,0.0,0.0,0.0
2025-07-07,DOT,,0.0,0.0,0.0
2025-07-07,ENA,,-0.08181818181818182,0.0,-0.04581818181818181
2025-07-07,ETC,,0.07916666666666666,-0.07916666666666666,0.011289855072463769
2025-07-07,ETH,,0.0,0.0,0.0
2025-07-07,FET,,0.0,0.0,-0.014513833992094861
2025-07-07,FIL,,0.0,0.0,0.0
2025-07-07,HBAR,,-0.08181818181818182,0.0,-0.03130434782608695
2025-07-07,ICP,,0.0,0.0,0.0
2025-07-07,JST,,0.07916666666666666,-0.07916666666666666,0.020159420289855068
2025-07-07,JUP,,-0.08181818181818182,0.08181818181818182,-0.02618181818181818
2025-07-07,LINK,,0.0,0.0,0.0
2025-07-07,LTC,,0.07916666666666666,-0.07916666666666666,0.020159420289855068
2025-07-07,LUNC,,0.0,0.0,0.0
2025-07-07,NEAR,,0.0,0.0,0.0
2025-07-07,NEXO,,0.07916666666666666,-0.07916666666666666,0.011289855072463769
2025-07-07,ONDO,,0.0,0.08181818181818182,0.019636363636363636
2025-07-07,PENGU,,-0.05,0.08181818181818182,-0.008363636363636363
2025-07-07,PEPE,,-0.08181818181818182,0.08181818181818182,-0.011667984189723316
2025-07-07,POL,,-0.08181818181818182,0.0,-0.02243478260869565
2025-07-07,QNT,,0.0,0.0,-0.014513833992094861
2025-07-07,RENDER,,-0.08181818181818182,0.08181818181818182,-0.02618181818181818
2025-07-07,SHIB,,0.0,0.0,0.0
2025-07-07,SOL,,0.0,0.08181818181818182,0.019636363636363636
2025-07-07,STX,,0.0,0.0,-0.014513833992094861
2025-07-07,SUI,,0.0,0.08181818181818182,0.005122529644268771
2025-07-07,TAO,,0.0,0.0,0.0
2025-07-07,TON,,0.07916666666666666,-0.07916666666666666,0.020159420289855068
2025-07-07,TRUMP,,0.05,0.08181818181818182,0.047636363636363636
2025-07-07,TRX,,0.07916666666666666,-0.07916666666666666,0.020159420289855068
2025-07-07,UNI,,0.0,0.0,0.0
2025-07-07,VET,,0.0,0.0,0.0
2025-07-07,VIRTUAL,,-0.08181818181818182,0.05,-0.03381818181818182
2025-07-07,WLD,,0.0,0.0,0.0
2025-07-07,XLM,,-0.05,0.0,-0.010260869565217386
2025-07-07,XRP,,0.0,-0.07916666666666666,-0.010130434782608692
2025-07-07,ZEC,,0.07916666666666666,0.0,0.03915942028985507
2025-07-14,AAVE,,0.0,0.0,-0.010926843289244792
2025-07-14,ADA,,-0.08181818181818182,0.0,-0.030014260426838437
2025-07-14,ALGO,,-0.08181818181818182,0.0,-0.04657067592950451
2025-07-14,APT,,-0.08181818181818182,0.0,-0.052552096406264626
2025-07-14,ARB,,-0.08181818181818182,0.05,-0.035641364865077366
2025-07-14,ATOM,,0.0,-0.085,-0.022821229309904136
2025-07-14,AVAX,,0.0,0.0,0.0080925100567931
2025-07-14,BCH,,0.05,-0.085,0.010237632508866975
2025-07-14,BNB,,0.05,-0.085,0.0138929450224426
2025-07-14,BONK,,-0.08181818181818182,0.085,-0.027142501862816963
2025-07-14,BTC,,0.05,-0.085,0.0138929450224426
2025-07-14,CAKE,,0.05,0.0,0.020575850130253037
2025-07-14,CHZ,,0.0,-0.085,-0.014990976523470072
2025-07-14,DASH,,0.05,-0.085,0.010237632508866975
2025-07-14,DEXE,,0.05,0.0,0.04165959714483141
2025-07-14,DOGE,,-0.08181818181818182,0.0,-0.03366957294041406
2025-07-14,DOT,,0.0,0.0,0.0
2025-07-14,ENA,,-0.08181818181818182,0.05,-0.04373387492187047
2025-07-14,ETC,,-0.08181818181818182,-0.05,-0.037835035522724214
2025-07-14,ETH,,0.0,0.0,0.0
2025-07-14,FET,,0.0,0.0,-0.005981420476760117
2025-07-14,FIL,,0.0,0.0,0.0
2025-07-14,HBAR,,-0.08181818181818182,0.0,-0.04657067592950451
2025-07-14,ICP,,0.05,0.0,0.020575850130253037
2025-07-14,JST,,0.05,-0.085,0.0138929450224426
2025-07-14,JUP,,-0.08181818181818182,0.085,-0.029468609826001455
2025-07-14,LINK,,0.0,0.0,0.0
2025-07-14,LTC,,0.0,-0.05,-0.0005101500687345259
2025-07-14,LUNC,,0.05,0.0,0.020575850130253037
2025-07-14,NEAR,,0.0,0.0,0.0
2025-07-14,NEXO,,0.05,-0.085,0.010237632508866975
2025-07-14,ONDO,,0.0,0.085,0.02308348658026317
2025-07-14,PENGU,,-0.05,0.05,-0.015204438484863346
2025-07-14,PEPE,,0.0,0.085,0.010182383591172729
2025-07-14,POL,,-0.08181818181818182,0.0,-0.04291536341592889
2025-07-14,QNT,,0.0,0.0,-0.005981420476760117
2025-07-14,RENDER,,0.0,0.085,0.004200963114412606
2025-07-14,SHIB,,0.0,0.0,0.0
2025-07-14,SOL,,0.0,0.0,0.0080925100567931
2025-07-14,STX,,0.0,0.0,-0.005981420476760117
2025-07-14,SUI,,0.0,0.085,0.017102066103503052
2025-07-14,TAO,,0.0,0.085,0.014990976523470072
2025-07-14,TON,,0.05,0.0,0.028883921545912673
2025-07-14,TRUMP,,0.0,0.085,0.03462280647606074
2025-07-14,TRX,,0.05,-0.085,0.0138929450224426
2025-07-14,UNI,,0.0,0.0,0.0
2025-07-14,VET,,0.0,0.0,0.0
2025-07-14,VIRTUAL,,0.0,0.085,0.001053875870104179
2025-07-14,WLD,,0.0,0.085,0.014990976523470072
2025-07-14,XLM,,-0.05,0.0,-0.02480454499889935
2025-07-14,XRP,,0.0,-0.05,-0.012993161757252595
2025-07-14,ZEC,,0.05,-0.085,0.021723197808876663
2025-07-21,AAVE,,0.05,0.0,0.02429807075878166
2025-07-21,ADA,,-0.08181818181818182,0.0,-0.050920925961856135
2025-07-21,ALGO,,-0.08181818181818182,0.0,-0.05477892216860253
2025-07-21,APT,,0.0,0.0,-0.012245753832361345
2025-07-21,ARB,,-0.08181818181818182,0.05,-0.0407274790872034
2025-07-21,ATOM,,0.0,-0.085,-0.02487578957477426
2025-07-21,AVAX,,0.0,0.0,0.0018857265992833633
2025-07-21,BCH,,0.05,-0.085,0.009671884030134621
2025-07-21,BNB,,0.05,-0.085,0.010523649426429279
2025-07-21,BONK,,-0.08181818181818182,0.085,-0.030693786479960967
2025-07-21,BTC,,0.05,-0.085,0.010523649426429279
2025-07-21,CAKE,,0.0,0.0,0.0047946097837612105
2025-07-21,CHZ,,0.0,-0.085,-0.02305117448565286
2025-07-21,DASH,,0.0,-0.085,-0.01717237312719632
2025-07-21,DEXE,,0.05,0.0,0.036551827478543374
2025-07-21,DOGE,,-0.08181818181818182,0.0,-0.051772691358150796
2025-07-21,DOT,,0.0,0.0,0.0
2025-07-21,ENA,,-0.08181818181818182,0.05,-0.042613205686486764
2025-07-21,ETC,,-0.08181818181818182,-0.05,-0.06424801418678068
2025-07-21,ETH,,0.0,0.0,0.0
2025-07-21,FET,,0.05,0.0,0.0254504592361215
2025-07-21,FIL,,0.0,0.0,0.0
2025-07-21,HBAR,,-0.08181818181818182,0.0,-0.05477892216860253
2025-07-21,ICP,,0.0,0.0,0.0047946097837612105
2025-07-21,JST,,0.05,-0.085,0.010523649426429279
2025-07-21,JUP,,0.0,0.085,0.012691147252574878
2025-07-21,LINK,,0.0,0.0,0.0
2025-07-21,LTC,,0.0,-0.05,-0.011623557432335225
2025-07-21,LUNC,,0.0,0.0,0.0047946097837612105
2025-07-21,NEAR,,0.0,0.0,0.0
2025-07-21,NEXO,,0.05,-0.085,0.009671884030134621
2025-07-21,ONDO,,0.0,0.085,0.02493690108493622
2025-07-21,PENGU,,-0.05,0.05,-0.018882532385609857
2025-07-21,PEPE,,-0.08181818181818182,0.085,-0.02199629598296615
2025-07-21,POL,,-0.08181818181818182,0.0,-0.053927156772307874
2025-07-21,QNT,,0.05,0.0,0.0254504592361215
2025-07-21,RENDER,,0.0,0.085,0.02053687235327504
2025-07-21,SHIB,,0.0,0.0,0.0
2025-07-21,SOL,,0.05,0.0,0.0287299837566143
2025-07-21,STX,,0.0,0.0,-0.0013937979212094416
2025-07-21,SUI,,0.0,0.085,0.023543103163726778
2025-07-21,TAO,,0.0,0.085,0.02305117448565286
2025-07-21,TON,,0.05,0.0,0.033574823912082136
2025-07-21,TRUMP,,0.0,0.085,0.027625807532062497
2025-07-21,TRX,,0.05,-0.085,0.010523649426429279
2025-07-21,UNI,,0.0,0.0,0.0
2025-07-21,VET,,0.0,0.0,0.0
2025-07-21,VIRTUAL,,0.0,0.085,0.01980353423133151
2025-07-21,WLD,,0.0,0.085,0.02305117448565286
2025-07-21,XLM,,-0.05,0.0,-0.03262424259562911
2025-07-21,XRP,,-0.08181818181818182,-0.05,-0.05845933035360258
2025-07-21,ZEC,,0.05,-0.085,0.01234826451555068
2025-07-28,AAVE,,0.08181818181818182,0.0,0.056217269227613796
2025-07-28,ADA,0.0,-0.08181818181818182,0.0,-0.057069417807117336
2025-07-28,ALGO,1.0,-0.08181818181818182,0.0,-0.05719290516270831
2025-07-28,APT,2.0,0.05,0.0,0.03348775040435289
2025-07-28,ARB,1.0,0.0,0.05,0.013216265994716078
2025-07-28,ATOM,1.0,0.0,-0.085,-0.02548002017352722
2025-07-28,AVAX,3.0,0.0,0.0,6.035863661707475e-05
2025-07-28,BCH,4.0,0.08181818181818182,-0.085,0.031065319970567162
2025-07-28,BNB,3.0,0.08181818181818182,-0.085,0.03109258341271063
2025-07-28,BONK,0.0,-0.08181818181818182,0.085,-0.03173819236439714
2025-07-28,BTC,6.0,0.08181818181818182,-0.085,0.03109258341271063
2025-07-28,CAKE,5.0,0.0,0.0,0.00015346663178463643
2025-07-28,CHZ,1.0,0.0,-0.085,-0.02542161760383755
2025-07-28,DASH,6.0,0.0,-0.085,-0.025233447995860504
2025-07-28,DEXE,0.0,0.08181818181818182,0.0,0.05660948941972606
2025-07-28,DOGE,0.0,-0.08181818181818182,0.0,-0.0570966812492608
2025-07-28,DOT,7.0,0.0,0.0,0.0
2025-07-28,ENA,,-0.08181818181818182,0.05,-0.04228362535989424
2025-07-28,ETC,7.0,-0.08181818181818182,-0.05,-0.07201587098120812
2025-07-28,ETH,0.0,0.0,0.0,0.0
2025-07-28,FET,2.0,0.05,0.0,0.03469433678188241
2025-07-28,FIL,6.0,0.0,0.0,0.0
2025-07-28,HBAR,1.0,-0.08181818181818182,0.0,-0.05719290516270831
2025-07-28,ICP,7.0,0.0,0.0,0.00015346663178463643
2025-07-28,JST,5.0,0.08181818181818182,-0.085,0.03109258341271063
2025-07-28,JUP,3.0,0.0,0.085,0.025090012206033865
2025-07-28,LINK,5.0,0.0,0.0,0.0
2025-07-28,LTC,1.0,0.0,-0.05,-0.014891926289803861
2025-07-28,LUNC,7.0,0.08181818181818182,0.0,0.05559299934977788
2025-07-28,NEAR,2.0,0.0,0.0,0.0
2025-07-28,NEXO,1.0,0.08181818181818182,-0.085,0.031065319970567162
2025-07-28,ONDO,1.0,0.0,0.085,0.025481976240454625
2025-07-28,PENGU,0.0,-0.05,0.05,-0.01996423191904173
2025-07-28,PEPE,6.0,-0.08181818181818182,0.085,-0.031459801706606096
2025-07-28,POL,,-0.08181818181818182,0.0,-0.05716564172056485
2025-07-28,QNT,3.0,0.0,0.0,0.0008146223431087611
2025-07-28,RENDER,5.0,0.0,0.085,0.025341139421681452
2025-07-28,SHIB,2.0,0.0,0.0,0.0
2025-07-28,SOL,0.0,0.0,0.0,0.0009195938850515006
2025-07-28,STX,3.0,0.0,0.0,-4.461290532566391e-05
2025-07-28,SUI,0.0,0.0,0.085,0.02543736333512896
2025-07-28,TAO,0.0,0.0,0.085,0.02542161760383755
2025-07-28,TON,2.0,0.08181818181818182,0.0,0.05651420101654818
2025-07-28,TRUMP,3.0,0.0,0.085,0.025568043185260455
2025-07-28,TRX,0.0,0.08181818181818182,-0.085,0.03109258341271063
2025-07-28,UNI,7.0,-0.08181818181818182,0.0,-0.05543953271799325
2025-07-28,VET,2.0,0.0,0.0,0.0
2025-07-28,VIRTUAL,6.0,0.0,0.085,0.025317666618552587
2025-07-28,WLD,5.0,0.0,0.085,0.02542161760383755
2025-07-28,XLM,7.0,-0.05,0.0,-0.034923956379511616
2025-07-28,XRP,7.0,-0.08181818181818182,-0.05,-0.07183058586929916
2025-07-28,ZEC,6.0,0.08181818181818182,-0.085,0.0311509859824003
2025-08-04,AAVE,,0.0,0.0,0.016370904048806444
2025-08-04,ADA,0.0,0.0,0.0,-0.01661905631272905
2025-08-04,ALGO,0.0,0.0,0.0,-0.016655016786750576
2025-08-04,APT,1.0,0.05,0.0,0.02959807540543664
2025-08-04,ARB,6.0,-0.05,0.05,-0.007491997141885979
2025-08-04,ATOM,6.0,0.0,-0.085,-0.021879341205459424
2025-08-04,AVAX,3.0,0.0,0.0,1.757690229623499e-05
2025-08-04,BCH,4.0,0.08181818181818182,-0.085,0.02706267216986976
2025-08-04,BNB,6.0,0.08181818181818182,-0.085,0.027070611495303085
2025-08-04,BONK,0.0,-0.05,0.085,-0.014629228501107521
2025-08-04,BTC,7.0,0.08181818181818182,-0.085,0.027070611495303085
2025-08-04,CAKE,3.0,0.0,0.0,4.469067135700915e-05
2025-08-04,CHZ,6.0,0.0,-0.085,-0.021862333924996865
2025-08-04,DASH,8.0,0.0,-0.085,-0.021807537478292536
2025-08-04,DEXE,6.0,0.08181818181818182,0.0,0.04896069414105465
2025-08-04,DOGE,5.0,-0.05,0.0,-0.0364731788543791
2025-08-04,DOT,2.0,0.0,0.0,0.0
2025-08-04,ENA,,-0.05,0.05,-0.023653995199934903
2025-08-04,ETC,1.0,-0.05,-0.05,-0.049323269505500526
2025-08-04,ETH,6.0,-0.05,0.0,-0.019846183216216725
2025-08-04,FET,1.0,0.0,0.0,0.010103259484083651
2025-08-04,FIL,8.0,0.0,0.0,0.0
2025-08-04,HBAR,0.0,0.0,0.0,-0.016655016786750576
2025-08-04,ICP,2.0,0.08181818181818182,0.0,0.032520263206984375
2025-08-04,JST,4.0,0.08181818181818182,-0.085,0.027070611495303085
2025-08-04,JUP,5.0,0.0,0.085,0.021765767865775262
2025-08-04,LINK,3.0,-0.05,0.0,-0.019846183216216725
2025-08-04,LTC,0.0,0.0,-0.05,-0.012842151325688101
2025-08-04,LUNC,2.0,0.08181818181818182,0.0,0.04866468436273706
2025-08-04,NEAR,1.0,0.0,0.0,0.0
2025-08-04,NEXO,6.0,0.08181818181818182,-0.085,0.02706267216986976
2025-08-04,ONDO,6.0,0.0,0.085,0.021879910827293098
2025-08-04,PENGU,5.0,-0.05,0.05,-0.01715441502701042
2025-08-04,PEPE,8.0,-0.05,0.085,-0.01454815898618091
2025-08-04,POL,,-0.05,0.0,-0.03649326067753397
2025-08-04,QNT,6.0,0.05,0.0,0.02008340754956262
2025-08-04,RENDER,3.0,0.0,0.085,0.021838898055268553
2025-08-04,SHIB,1.0,0.0,0.0,0.0
2025-08-04,SOL,5.0,0.0,0.0,0.00026779285907847837
2025-08-04,STX,5.0,0.0,0.0,-1.2991623436347595e-05
2025-08-04,SUI,0.0,0.0,0.085,0.02186691920385675
2025-08-04,TAO,6.0,0.0,0.085,0.021862333924996865
2025-08-04,TON,5.0,0.08181818181818182,0.0,0.048932945420299946
2025-08-04,TRUMP,5.0,0.0,0.085,0.02190497418797477
2025-08-04,TRX,2.0,0.08181818181818182,-0.085,0.027070611495303085
2025-08-04,UNI,2.0,-0.05,0.0,-0.03599060437196941
2025-08-04,VET,1.0,0.0,0.0,0.0
2025-08-04,VIRTUAL,8.0,-0.05,0.085,0.001985879377047736
2025-08-04,WLD,4.0,0.0,0.085,0.021862333924996865
2025-08-04,XLM,2.0,0.0,0.0,-0.010170126488692026
2025-08-04,XRP,1.0,-0.05,-0.05,-0.049269313046383795
2025-08-04,ZEC,8.0,0.08181818181818182,-0.085,0.027087618775765647
2025-08-11,AAVE,,0.0,0.0,0.006718118087953974
2025-08-11,ADA,0.0,-0.08181818181818182,0.0,-0.040589704673373306
2025-08-11,ALGO,1.0,0.0,0.0,-0.006834709262033927
2025-08-11,APT,2.0,0.0,0.0,0.01214614447418905
2025-08-11,ARB,0.0,-0.08181818181818182,0.08181818181818182,-0.022371487801818333
2025-08-11,ATOM,0.0,0.0,-0.07916666666666666,-0.022982338871052787
2025-08-11,AVAX,3.0,0.0,0.0,7.213022866330047e-06
2025-08-11,BCH,2.0,0.08181818181818182,-0.07916666666666666,0.030871718329891856
2025-08-11,BNB,5.0,0.08181818181818182,-0.07916666666666666,0.030874976386114087
2025-08-11,BONK,1.0,0.0,0.08181818181818182,0.008469363330188991
2025-08-11,BTC,7.0,0.08181818181818182,-0.07916666666666666,0.030874976386114087
2025-08-11,CAKE,6.0,0.0,0.0,1.833968403401761e-05
2025-08-11,CHZ,0.0,0.0,0.0,-0.008971632876751201
2025-08-11,DASH,0.0,0.0,-0.07916666666666666,-0.022952872818547423
2025-08-11,DEXE,5.0,0.08181818181818182,-0.07916666666666666,0.03985799648877926
2025-08-11,DOGE,1.0,-0.08181818181818182,0.0,-0.048737229047706096
2025-08-11,DOT,7.0,-0.08181818181818182,0.0,-0.03376975248952242
2025-08-11,ENA,,-0.05,0.05,-0.02149948782136863
2025-08-11,ETC,6.0,0.0,0.0,-0.020240760561179287
2025-08-11,ETH,5.0,-0.08181818181818182,-0.05,-0.05075847779298409
2025-08-11,FET,2.0,0.0,0.0,0.004146068542394486
2025-08-11,FIL,7.0,0.08181818181818182,0.0,0.03376975248952242
2025-08-11,HBAR,1.0,0.0,0.0,-0.006834709262033927
2025-08-11,ICP,6.0,0.08181818181818182,0.0,0.04711507342137372
2025-08-11,JST,1.0,0.0,-0.07916666666666666,-0.0028947761034083357
2025-08-11,JUP,5.0,0.0,0.08181818181818182,0.023404756187811945
2025-08-11,LINK,3.0,-0.08181818181818182,0.0,-0.041914018807632986
2025-08-11,LTC,2.0,0.08181818181818182,-0.07916666666666666,0.014495999815943118
2025-08-11,LUNC,7.0,0.08181818181818182,0.0,0.05374024986017378
2025-08-11,NEAR,2.0,0.0,0.0,0.0
2025-08-11,NEXO,0.0,0.08181818181818182,-0.07916666666666666,0.030871718329891856
2025-08-11,ONDO,1.0,0.0,0.0,0.00897884589961753
2025-08-11,PENGU,1.0,-0.05,0.05,-0.01883225899920627
2025-08-11,PEPE,7.0,-0.08181818181818182,0.08181818181818182,-0.02526712071105553
2025-08-11,POL,,-0.08181818181818182,0.08181818181818182,-0.0342727189465065
2025-08-11,QNT,5.0,0.0,0.0,0.008241615925682788
2025-08-11,RENDER,2.0,0.05,0.08181818181818182,0.04407183754568687
2025-08-11,SHIB,6.0,0.0,0.0,0.0
2025-08-11,SOL,3.0,0.0,0.0,0.00010989399516584425
2025-08-11,STX,3.0,0.05,0.0,0.02063173960109197
2025-08-11,SUI,0.0,0.0,0.08181818181818182,0.023446265601828425
2025-08-11,TAO,5.0,0.0,0.08181818181818182,0.023444383943689383
2025-08-11,TON,4.0,0.08181818181818182,0.0,0.05385033598967121
2025-08-11,TRUMP,1.0,0.0,0.08181818181818182,0.02346188220286511
2025-08-11,TRX,1.0,0.0,-0.07916666666666666,-0.0028947761034083357
2025-08-11,UNI,6.0,-0.08181818181818182,0.0,-0.04853919524643304
2025-08-11,VET,1.0,0.0,0.0,0.0
2025-08-11,VIRTUAL,7.0,-0.08181818181818182,0.08181818181818182,-0.018482057292213392
2025-08-11,WLD,2.0,0.0,0.08181818181818182,0.023444383943689383
2025-08-11,XLM,7.0,-0.08181818181818182,0.0,-0.037943261204543145
2025-08-11,XRP,6.0,0.0,-0.07916666666666666,-0.034222345208178656
2025-08-11,ZEC,0.0,0.08181818181818182,-0.07916666666666666,0.03088195565360975
2025-08-18,AAVE,,-0.075,0.0,-0.03551837573096542
2025-08-18,ADA,0.0,-0.075,0.0,-0.04181236950903837
2025-08-18,ALGO,0.0,0.0,0.0,-0.0009093129858714346
2025-08-18,APT,0.0,0.0,0.0,0.0016159644068552397
2025-08-18,ARB,2.0,-0.075,0.08181818181818182,-0.022364680945698732
2025-08-18,ATOM,2.0,0.0,-0.07916666666666666,-0.019529823919461245
2025-08-18,AVAX,3.0,0.0,0.0,9.596451155831114e-07
2025-08-18,BCH,4.0,0.05,-0.07916666666666666,0.011909887858898398
2025-08-18,BFUSD,,0.0,0.0,0.0
2025-08-18,BNB,6.0,0.05,-0.07916666666666666,0.011910321321788767
2025-08-18,BONK,7.0,0.0,0.08181818181818182,0.018150667902670774
2025-08-18,BTC,0.0,0.05,-0.07916666666666666,0.011910321321788767
2025-08-18,CAKE,8.0,0.0,0.0,2.4399739929754533e-06
2025-08-18,CHZ,2.0,0.0,0.0,-0.0011936165777552375
2025-08-18,DASH,0.0,0.0,-0.07916666666666666,-0.019525903655532195
2025-08-18,DEXE,3.0,0.05,-0.07916666666666666,0.013105452894842221
2025-08-18,DOGE,3.0,-0.075,0.0,-0.04289634388633033
2025-08-18,DOT,1.0,0.0,0.0,-0.004492842824926371
2025-08-18,ENA,,-0.05,0.05,-0.016731670580252905
2025-08-18,ETC,1.0,-0.075,0.0,-0.03910507671565279
2025-08-18,ETH,3.0,-0.075,-0.05,-0.05356873685129468
2025-08-18,FET,0.0,0.0,0.0,0.0005516070722795352
2025-08-18,FIL,1.0,0.0,0.0,0.004492842824926371
2025-08-18,HBAR,7.0,0.05,0.0,0.02336547170089908
2025-08-18,ICP,8.0,0.05,0.0,0.03054313443652883
2025-08-18,JST,2.0,0.05,-0.07916666666666666,0.007417478496862397
2025-08-18,JUP,3.0,0.0,0.08181818181818182,0.020137723409182035
2025-08-18,LINK,3.0,-0.05,0.0,-0.029851168426098477
2025-08-18,LTC,7.0,0.05,-0.07916666666666666,0.009731206524137774
2025-08-18,LUNC,8.0,0.05,0.0,0.0314245704623383
2025-08-18,NEAR,7.0,0.0,0.0,0.0
2025-08-18,NEXO,7.0,0.05,-0.07916666666666666,0.011909887858898398
2025-08-18,ONDO,7.0,0.0,0.0,0.001194576222870821
2025-08-18,PENGU,7.0,-0.075,0.05,-0.028514205721773656
2025-08-18,PEPE,1.0,-0.075,0.08181818181818182,-0.02274992580480522
2025-08-18,POL,,-0.075,0.08181818181818182,-0.023948061249501447
2025-08-18,QNT,8.0,0.05,0.0,0.025371277324345853
2025-08-18,RENDER,7.0,0.0,0.08181818181818182,0.022887342264686153
2025-08-18,SHIB,1.0,0.0,0.0,0.0
2025-08-18,SOL,3.0,0.0,0.0,1.4620671200848921e-05
2025-08-18,STX,3.0,0.0,0.0,0.002744916867876819
2025-08-18,SUI,6.0,0.0,0.08181818181818182,0.020143245962922655
2025-08-18,TAO,6.0,0.0,0.08181818181818182,0.02014299562071859
2025-08-18,TON,5.0,0.05,0.0,0.031439216695744655
2025-08-18,TRUMP,6.0,0.05,0.08181818181818182,0.04442010833545469
2025-08-18,TRX,0.0,0.05,-0.07916666666666666,0.007417478496862397
2025-08-18,UNI,8.0,-0.075,0.0,-0.04286999679529321
2025-08-18,VET,0.0,0.0,0.0,0.0
2025-08-18,VIRTUAL,1.0,-0.075,0.08181818181818182,-0.021847217870908653
2025-08-18,WLD,6.0,0.0,0.08181818181818182,0.02014299562071859
2025-08-18,XLM,8.0,-0.075,0.0,-0.04146027766133543
2025-08-18,XRP,8.0,0.0,-0.07916666666666666,-0.02102523262402759
2025-08-18,ZEC,2.0,0.0,-0.07916666666666666,-0.012363534819476388
2025-08-25,AAVE,,-0.075,0.0,-0.042
2025-08-25,ADA,0.0,-0.075,0.0,-0.042
2025-08-25,ALGO,0.0,0.0,0.0,0.0
2025-08-25,APT,1.0,0.0,0.0,0.0
2025-08-25,ARB,2.0,-0.075,0.08181818181818182,-0.022363636363636363
2025-08-25,ATOM,2.0,0.0,-0.07916666666666666,-0.019
2025-08-25,AVAX,0.0,0.0,0.0,0.0
2025-08-25,BCH,3.0,0.075,-0.07916666666666666,0.023000000000000003
2025-08-25,BFUSD,,0.0,0.0,0.0
2025-08-25,BNB,3.0,0.075,-0.07916666666666666,0.023000000000000003
2025-08-25,BONK,4.0,0.0,0.08181818181818182,0.019636363636363636
2025-08-25,BTC,0.0,0.075,-0.07916666666666666,0.023000000000000003
2025-08-25,CAKE,5.0,0.0,0.0,0.0
2025-08-25,CHZ,2.0,0.0,0.0,0.0
2025-08-25,DASH,6.0,0.075,-0.07916666666666666,0.023000000000000003
2025-08-25,DEXE,6.0,0.05,-0.07916666666666666,0.009
2025-08-25,DOGE,2.0,-0.075,0.0,-0.042
2025-08-25,DOT,2.0,0.0,0.0,0.0
2025-08-25,ENA,,-0.05,0.05,-0.015999999999999997
2025-08-25,ETC,2.0,-0.075,0.0,-0.042
2025-08-25,ETH,3.0,-0.075,-0.05,-0.054000000000000006
2025-08-25,FET,1.0,0.0,0.0,0.0
2025-08-25,FIL,5.0,0.0,0.0,0.0
2025-08-25,HBAR,4.0,0.075,0.0,0.042
2025-08-25,ICP,5.0,0.0,0.0,0.0
2025-08-25,JST,2.0,0.075,-0.07916666666666666,0.023000000000000003
2025-08-25,JUP,1.0,0.0,0.08181818181818182,0.019636363636363636
2025-08-25,LINK,3.0,-0.05,0.0,-0.027999999999999997
2025-08-25,LTC,4.0,0.0,-0.07916666666666666,-0.019
2025-08-25,LUNC,5.0,0.075,0.0,0.042
2025-08-25,NEAR,4.0,0.0,0.0,0.0
2025-08-25,NEXO,4.0,0.075,-0.07916666666666666,0.023000000000000003
2025-08-25,ONDO,4.0,0.0,0.0,0.0
2025-08-25,PENGU,4.0,-0.075,0.05,-0.03
2025-08-25,PEPE,5.0,-0.075,0.08181818181818182,-0.022363636363636363
2025-08-25,POL,,-0.075,0.08181818181818182,-0.022363636363636363
2025-08-25,QNT,1.0,0.075,0.0,0.042
2025-08-25,RENDER,4.0,0.0,0.08181818181818182,0.019636363636363636
2025-08-25,SHIB,2.0,0.0,0.0,0.0
2025-08-25,SOL,1.0,0.075,0.0,0.042
2025-08-25,STX,0.0,0.05,0.0,0.027999999999999997
2025-08-25,SUI,4.0,0.0,0.08181818181818182,0.019636363636363636
2025-08-25,TAO,4.0,0.0,0.08181818181818182,0.019636363636363636
2025-08-25,TON,3.0,0.075,0.0,0.042
2025-08-25,TRUMP,0.0,0.075,0.08181818181818182,0.061636363636363635
2025-08-25,TRX,0.0,0.0,-0.07916666666666666,-0.019
2025-08-25,UNI,5.0,-0.075,0.0,-0.042
2025-08-25,VET,0.0,0.0,0.0,0.0
2025-08-25,VIRTUAL,5.0,-0.075,0.08181818181818182,-0.022363636363636363
2025-08-25,WLD,4.0,0.0,0.08181818181818182,0.019636363636363636
2025-08-25,XLM,5.0,-0.075,0.0,-0.042
2025-08-25,XRP,5.0,0.0,-0.07916666666666666,-0.019
2025-08-25,ZEC,2.0,0.0,-0.07916666666666666,-0.019
2025-09-01,AAVE,,0.0,0.0,-0.022000000000000006
2025-09-01,ADA,5.0,-0.05,0.0,-0.035333333333333335
2025-09-01,ALGO,1.0,-0.075,0.0,-0.019999999999999997
2025-09-01,APT,6.0,0.0,0.0,0.0
2025-09-01,ARB,3.0,0.0,0.08181818181818182,-0.00236363636363637
2025-09-01,ATOM,3.0,0.0,-0.07916666666666666,-0.019
2025-09-01,AVAX,5.0,0.05,0.0,0.013333333333333329
2025-09-01,BCH,7.0,0.0,-0.07916666666666666,0.003000000000000006
2025-09-01,BFUSD,,0.0,0.0,0.0
2025-09-01,BNB,2.0,0.05,-0.07916666666666666,0.016333333333333335
2025-09-01,BONK,0.0,-0.075,0.08181818181818182,-0.00036363636363635765
2025-09-01,BTC,1.0,0.05,-0.07916666666666666,0.016333333333333335
2025-09-01,CAKE,0.0,0.0,0.0,0.0
2025-09-01,CHZ,5.0,0.0,0.0,0.0
2025-09-01,DASH,1.0,0.05,-0.07916666666666666,0.016333333333333335
2025-09-01,DEXE,4.0,0.0,-0.07916666666666666,-0.00433333333333333
2025-09-01,DOGE,5.0,-0.075,0.0,-0.042
2025-09-01,DOT,3.0,-0.075,0.0,-0.019999999999999997
2025-09-01,ENA,,0.0,0.05,-0.002666666666666668
2025-09-01,ETC,1.0,0.0,0.0,-0.022000000000000006
2025-09-01,ETH,2.0,0.0,-0.05,-0.034
2025-09-01,FET,6.0,0.05,0.0,0.013333333333333329
2025-09-01,FIL,3.0,0.05,0.0,0.013333333333333329
2025-09-01,HBAR,0.0,-0.075,0.0,0.0020000000000000087
2025-09-01,ICP,5.0,0.0,0.0,0.0
2025-09-01,JST,4.0,0.0,-0.07916666666666666,0.003000000000000006
2025-09-01,JUP,6.0,0.05,0.08181818181818182,0.03296969696969697
2025-09-01,LINK,2.0,0.0,0.0,-0.014666666666666668
2025-09-01,LTC,0.0,0.05,-0.07916666666666666,-0.0056666666666666705
2025-09-01,LUNC,3.0,0.05,0.0,0.035333333333333335
2025-09-01,NEAR,0.0,0.0,0.0,0.0
2025-09-01,NEXO,0.0,0.05,-0.07916666666666666,0.016333333333333335
2025-09-01,ONDO,0.0,0.0,0.0,0.0
2025-09-01,PENGU,6.0,-0.05,0.05,-0.02333333333333333
2025-09-01,PEPE,5.0,-0.075,0.08181818181818182,-0.022363636363636363
2025-09-01,POL,,0.0,0.08181818181818182,-0.00236363636363637
2025-09-01,QNT,6.0,0.0,0.0,0.022000000000000006
2025-09-01,RENDER,7.0,0.05,0.08181818181818182,0.03296969696969697
2025-09-01,SHIB,3.0,-0.075,0.0,-0.019999999999999997
2025-09-01,SOL,6.0,0.05,0.0,0.035333333333333335
2025-09-01,STX,1.0,0.05,0.0,0.027999999999999997
2025-09-01,SUI,7.0,0.0,0.08181818181818182,0.019636363636363636
2025-09-01,TAO,7.0,0.0,0.08181818181818182,0.019636363636363636
2025-09-01,TON,2.0,0.05,0.0,0.035333333333333335
2025-09-01,TRUMP,7.0,-0.075,0.08181818181818182,0.021636363636363648
2025-09-01,TRX,2.0,-0.075,-0.07916666666666666,-0.03899999999999999
2025-09-01,UNI,0.0,0.0,0.0,-0.022000000000000006
2025-09-01,VET,1.0,-0.075,0.0,-0.019999999999999997
2025-09-01,VIRTUAL,5.0,0.0,0.08181818181818182,-0.00236363636363637
2025-09-01,WLD,7.0,0.0,0.08181818181818182,0.019636363636363636
2025-09-01,XLM,5.0,-0.075,0.0,-0.042
2025-09-01,XRP,1.0,-0.075,-0.07916666666666666,-0.03899999999999999
2025-09-01,ZEC,3.0,0.0,-0.07916666666666666,-0.019
2025-09-08,AAVE,,0.0,0.0,-0.007110903105707651
2025-09-08,ADA,0.0,-0.07727272727272727,0.0,-0.04070653358995123
2025-09-08,ALGO,1.0,-0.07727272727272727,0.0,-0.03575044960718529
2025-09-08,APT,2.0,0.0,0.0,0.0
2025-09-08,ARB,3.0,0.0,0.075,0.011418007042650767
2025-09-08,ATOM,4.0,0.0,0.0,-0.006141234500383879
2025-09-08,AVAX,4.0,0.05,0.075,0.035441386297585614
2025-09-08,BCH,5.0,0.0,-0.07307692307692307,-0.01089996108662957
2025-09-08,BFUSD,,0.0,0.0,0.0
2025-09-08,BNB,6.0,0.07727272727272727,-0.07307692307692307,0.022695669397614013
2025-09-08,BONK,7.0,-0.07727272727272727,0.075,-0.017221539458826873
2025-09-08,BTC,1.0,0.07727272727272727,-0.07307692307692307,0.022695669397614013
2025-09-08,CAKE,6.0,0.0,0.0,0.0
2025-09-08,CHZ,8.0,0.0,0.0,0.0
2025-09-08,DASH,0.0,0.0,-0.07307692307692307,-0.0065903228407461455
2025-09-08,DEXE,2.0,0.0,-0.07307692307692307,-0.013270262121865453
2025-09-08,DOGE,4.0,-0.05,0.0,-0.032525120158177594
2025-09-08,DOT,4.0,-0.07727272727272727,0.0,-0.03575044960718529
2025-09-08,ENA,,0.0,0.0,-0.0008619276491766852
2025-09-08,ETC,1.0,0.0,0.0,-0.007110903105707651
2025-09-08,ETH,6.0,0.0,-0.07307692307692307,-0.022859207218956075
2025-09-08,FET,2.0,0.07727272727272727,0.0,0.03359563048424358
2025-09-08,FIL,8.0,0.07727272727272727,0.0,0.03359563048424358
2025-09-08,HBAR,7.0,-0.07727272727272727,0.0,-0.02863954650147764
2025-09-08,ICP,8.0,0.0,0.0,0.0
2025-09-08,JST,8.0,0.0,-0.07307692307692307,-0.01089996108662957
2025-09-08,JUP,5.0,0.07727272727272727,0.075,0.052124540632602
2025-09-08,LINK,6.0,0.0,0.0,-0.004740602070471767
2025-09-08,LTC,7.0,0.07727272727272727,-0.07307692307692307,0.01558476629190636
2025-09-08,LUNC,8.0,0.07727272727272727,-0.07307692307692307,0.028836903897997892
2025-09-08,NEAR,7.0,0.0,0.0,0.0
2025-09-08,NEXO,7.0,0.07727272727272727,-0.07307692307692307,0.022695669397614013
2025-09-08,ONDO,4.0,0.0,0.0,0.0
2025-09-08,PENGU,5.0,-0.05,0.05,-0.018370301035235882
2025-09-08,PEPE,8.0,-0.05,0.075,-0.013996210009819174
2025-09-08,POL,,0.0,0.075,0.011418007042650767
2025-09-08,QNT,5.0,0.0,0.0,0.007110903105707651
2025-09-08,RENDER,4.0,0.05,0.075,0.04178830807788665
2025-09-08,SHIB,4.0,-0.07727272727272727,0.0,-0.03575044960718529
2025-09-08,SOL,2.0,0.07727272727272727,0.0,0.04070653358995123
2025-09-08,STX,1.0,0.07727272727272727,0.075,0.05051822092277272
2025-09-08,SUI,7.0,0.0,0.075,0.01852891014835842
2025-09-08,TAO,7.0,0.0,0.075,0.01852891014835842
2025-09-08,TON,0.0,0.07727272727272727,-0.07307692307692307,0.028836903897997892
2025-09-08,TRUMP,7.0,-0.07727272727272727,0.075,-0.01011063635311922
2025-09-08,TRX,0.0,-0.07727272727272727,-0.07307692307692307,-0.053761313799522516
2025-09-08,UNI,6.0,0.0,0.0,-0.007110903105707651
2025-09-08,VET,0.0,-0.07727272727272727,0.0,-0.03575044960718529
2025-09-08,VIRTUAL,8.0,0.0,0.075,0.011418007042650767
2025-09-08,WLD,7.0,0.0,0.05,0.01446824735900596
2025-09-08,WLFI,,0.0,0.0,0.0
2025-09-08,XLM,8.0,-0.07727272727272727,0.0,-0.042861352712892944
2025-09-08,XRP,1.0,-0.07727272727272727,-0.07307692307692307,-0.053761313799522516
2025-09-08,ZEC,3.0,0.05,-0.05,0.004687199604556009
2025-09-15,AAVE,,0.0,0.0,-0.0004348648412296546
2025-09-15,ADA,0.0,-0.07727272727272727,0.0,-0.04311579257795844
2025-09-15,ALGO,0.0,-0.07727272727272727,0.0,-0.04281270496134383
2025-09-15,APT,1.0,0.05,0.0,0.02628766960069292
2025-09-15,ARB,2.0,0.0,0.075,0.017597480477539493
2025-09-15,ATOM,2.0,0.0,0.0,-0.00037556509015288387
2025-09-15,AVAX,3.0,0.0,0.075,0.01906662199869335
2025-09-15,BCH,5.0,0.0,-0.07307692307692307,-0.017132486319551336
2025-09-15,BFUSD,,0.05,0.0,0.02628766960069292
2025-09-15,BNB,6.0,0.05,-0.07307692307692307,0.011209712544072223
2025-09-15,BONK,6.0,-0.07727272727272727,0.075,-0.024780359642574686
2025-09-15,BTC,7.0,0.05,-0.07307692307692307,0.011209712544072223
2025-09-15,CAKE,6.0,0.0,0.0,0.0
2025-09-15,CHZ,2.0,0.0,0.0,0.0
2025-09-15,DASH,0.0,0.05,-0.07307692307692307,0.00941873773037168
2025-09-15,DEXE,3.0,-0.05,-0.07307692307692307,-0.0435651108673208
2025-09-15,DOGE,8.0,-0.05,0.0,-0.028276732171691597
2025-09-15,DOT,3.0,-0.07727272727272727,0.0,-0.04281270496134383
2025-09-15,ENA,,0.0,0.0,-5.2710889846018785e-05
2025-09-15,ETC,0.0,0.0,0.0,-0.0004348648412296546
2025-09-15,ETH,4.0,0.0,-0.07307692307692307,-0.017863849916164846
2025-09-15,FET,1.0,0.05,0.0,0.028342198863623557
2025-09-15,FIL,7.0,0.05,0.0,0.028342198863623557
2025-09-15,HBAR,6.0,-0.07727272727272727,0.0,-0.042377840120114176
2025-09-15,ICP,2.0,0.05,0.0,0.02628766960069292
2025-09-15,JST,3.0,0.0,-0.07307692307692307,-0.017132486319551336
2025-09-15,JUP,4.0,0.05,0.075,0.04637454418239271
2025-09-15,LINK,4.0,0.0,0.0,-0.0002899098941531028
2025-09-15,LTC,8.0,0.05,-0.07307692307692307,0.01077484770284257
2025-09-15,LUNC,7.0,0.05,-0.07307692307692307,0.011585277634225108
2025-09-15,NEAR,6.0,0.0,0.0,0.0
2025-09-15,NEXO,8.0,0.05,-0.07307692307692307,0.011209712544072223
2025-09-15,ONDO,8.0,0.0,0.0,0.0
2025-09-15,PENGU,6.0,-0.07727272727272727,0.05,-0.03048368382018178
2025-09-15,PEPE,2.0,-0.07727272727272727,0.075,-0.024583115726027678
2025-09-15,POL,,0.0,0.075,0.017597480477539493
2025-09-15,PUMP,0.0,0.0,0.0,0.0
2025-09-15,QNT,5.0,0.05,0.0,0.026722534441922574
2025-09-15,RENDER,4.0,0.0,0.075,0.019454765823923123
2025-09-15,SHIB,8.0,-0.07727272727272727,0.0,-0.04281270496134383
2025-09-15,SOL,4.0,0.0,0.0,0.0024893941041602904
2025-09-15,STX,0.0,0.0,0.075,0.019988640650623116
2025-09-15,SUI,5.0,0.0,0.075,0.018032345318769148
2025-09-15,TAO,5.0,0.0,0.075,0.018032345318769148
2025-09-15,TON,4.0,0.05,-0.07307692307692307,0.011585277634225108
2025-09-15,TRUMP,5.0,0.0,0.075,0.016280903672453117
2025-09-15,TRX,8.0,-0.07727272727272727,-0.07307692307692307,-0.060380056122124826
2025-09-15,UNI,4.0,0.0,0.0,-0.0004348648412296546
2025-09-15,VET,0.0,0.0,0.0,-0.0021863064875456834
2025-09-15,VIRTUAL,3.0,0.0,0.075,0.017597480477539493
2025-09-15,WLD,5.0,-0.05,0.05,-0.014136724779770227
2025-09-15,WLFI,,0.0,0.0,0.0
2025-09-15,XLM,7.0,-0.07727272727272727,0.0,-0.043247569802573486
2025-09-15,XRP,7.0,-0.07727272727272727,-0.07307692307692307,-0.060380056122124826
2025-09-15,ZEC,2.0,0.0,-0.05,-0.010979500029921919
2025-09-22,AAVE,,0.05,0.0,0.027999999999999997
2025-09-22,ADA,0.0,0.0,0.0,0.0
2025-09-22,ALGO,0.0,0.0,0.0,0.0
2025-09-22,APT,1.0,0.05,0.0,0.027999999999999997
2025-09-22,ARB,2.0,0.0,0.075,0.018
2025-09-22,ATOM,3.0,0.0,0.0,0.0
2025-09-22,AVAX,1.0,0.0,0.075,0.018
2025-09-22,BCH,6.0,0.0,-0.07307692307692307,-0.017538461538461537
2025-09-22,BFUSD,,0.05,0.0,0.027999999999999997
2025-09-22,BNB,1.0,0.0,-0.07307692307692307,-0.017538461538461537
2025-09-22,BONK,6.0,-0.075,0.075,-0.024
2025-09-22,BTC,6.0,0.05,-0.07307692307692307,0.010461538461538461
2025-09-22,CAKE,1.0,-0.075,0.0,-0.042
2025-09-22,CHZ,3.0,0.05,0.0,0.027999999999999997
2025-09-22,DASH,8.0,0.05,-0.07307692307692307,0.010461538461538461
2025-09-22,DEXE,7.0,-0.05,-0.07307692307692307,-0.045538461538461535
2025-09-22,DOGE,4.0,-0.075,0.0,-0.042
2025-09-22,DOT,1.0,-0.075,0.0,-0.042
2025-09-22,ENA,,-0.075,0.0,-0.042
2025-09-22,ETC,0.0,0.0,0.0,0.0
2025-09-22,ETH,4.0,0.0,-0.07307692307692307,-0.017538461538461537
2025-09-22,FET,1.0,0.05,0.0,0.027999999999999997
2025-09-22,FIL,3.0,0.05,0.0,0.027999999999999997
2025-09-22,HBAR,4.0,0.0,0.0,0.0
2025-09-22,ICP,3.0,0.05,0.0,0.027999999999999997
2025-09-22,JST,8.0,0.0,-0.07307692307692307,-0.017538461538461537
2025-09-22,JUP,4.0,0.0,0.075,0.018
2025-09-22,LINK,2.0,0.0,0.0,0.0
2025-09-22,LTC,0.0,0.05,-0.07307692307692307,0.010461538461538461
2025-09-22,LUNC,3.0,0.05,-0.07307692307692307,0.010461538461538461
2025-09-22,NEAR,1.0,0.0,0.0,0.0
2025-09-22,NEXO,0.0,0.05,-0.07307692307692307,0.010461538461538461
2025-09-22,ONDO,4.0,-0.075,0.0,-0.042
2025-09-22,PENGU,4.0,-0.075,0.05,-0.03
2025-09-22,PEPE,3.0,-0.075,0.075,-0.024
2025-09-22,POL,,0.0,0.075,0.018
2025-09-22,PUMP,8.0,0.0,0.0,0.0
2025-09-22,QNT,6.0,0.05,0.0,0.027999999999999997
2025-09-22,RENDER,4.0,0.0,0.075,0.018
2025-09-22,SHIB,4.0,-0.075,0.0,-0.042
2025-09-22,SKY,,0.0,0.0,0.0
2025-09-22,SOL,4.0,0.0,0.0,0.0
2025-09-22,STX,0.0,0.0,0.075,0.018
2025-09-22,SUI,6.0,0.0,0.075,0.018
2025-09-22,TAO,6.0,0.0,0.075,0.018
2025-09-22,TON,5.0,0.05,-0.07307692307692307,0.010461538461538461
2025-09-22,TRUMP,6.0,0.0,0.075,0.018
2025-09-22,TRX,4.0,-0.075,-0.07307692307692307,-0.05953846153846154
2025-09-22,UNI,4.0,0.0,0.0,0.0
2025-09-22,VET,8.0,0.0,0.0,0.0
2025-09-22,VIRTUAL,1.0,-0.075,0.075,-0.024
2025-09-22,WLD,6.0,-0.05,0.05,-0.015999999999999997
2025-09-22,WLFI,,0.0,0.0,0.0
2025-09-22,XLM,3.0,-0.075,0.0,-0.042
2025-09-22,XRP,3.0,0.0,-0.07307692307692307,-0.017538461538461537
2025-09-22,ZEC,2.0,0.0,-0.05,-0.012
2025-09-29,AAVE,,0.05,0.0,0.0239630314232902
2025-09-29,ADA,0.0,0.0,0.0,0.0
2025-09-29,ALGO,3.0,0.0,0.0,0.0
2025-09-29,APT,0.0,-0.08000000000000002,0.0,-0.007525323475046218
2025-09-29,ARB,3.0,0.0,0.075,0.015404805914972272
2025-09-29,ATOM,3.0,0.05,0.0,0.012110905730129391
2025-09-29,AVAX,7.0,-0.08000000000000002,0.075,-0.0039726432532347575
2025-09-29,BCH,1.0,0.05,-0.07307692307692307,-0.0028989051613820555
2025-09-29,BFUSD,,0.05,0.0,0.0239630314232902
2025-09-29,BNB,8.0,0.0,-0.07307692307692307,-0.015009810891511443
2025-09-29,BONK,5.0,-0.08000000000000002,0.075,-0.02175083179297597
2025-09-29,BTC,1.0,0.0,-0.07307692307692307,-0.003157685198350635
2025-09-29,CAKE,8.0,-0.08000000000000002,0.0,-0.03715563770794825
2025-09-29,CHZ,6.0,0.0,0.0,0.011852125693160808
2025-09-29,DASH,0.0,-0.05,-0.07307692307692307,-0.015268590928480022
2025-09-29,DEXE,2.0,-0.05,-0.07307692307692307,-0.038972842314801644
2025-09-29,DOGE,4.0,-0.08000000000000002,0.0,-0.03715563770794825
2025-09-29,DOT,7.0,0.0,0.0,-0.017778188539741217
2025-09-29,ENA,,0.05,0.0,-0.005667282809611825
2025-09-29,ETC,3.0,0.05,0.0,0.012110905730129391
2025-09-29,ETH,5.0,0.0,-0.07307692307692307,-0.015009810891511443
2025-09-29,FET,0.0,0.0,0.0,0.011852125693160808
2025-09-29,FIL,3.0,0.0,0.0,0.011852125693160808
2025-09-29,HBAR,8.0,0.0,0.0,0.0
2025-09-29,ICP,6.0,0.0,0.0,0.011852125693160808
2025-09-29,JST,5.0,0.05,-0.07307692307692307,-0.0028989051613820555
2025-09-29,JUP,5.0,0.0,0.075,0.015404805914972272
2025-09-29,LINK,3.0,0.0,0.0,0.0
2025-09-29,LTC,6.0,0.0,-0.07307692307692307,-0.003157685198350635
2025-09-29,LUNC,7.0,0.05,-0.07307692307692307,0.008953220531778756
2025-09-29,NEAR,8.0,-0.08000000000000002,0.0,-0.01937744916820703
2025-09-29,NEXO,7.0,0.05,-0.07307692307692307,0.008953220531778756
2025-09-29,ONDO,4.0,0.0,0.0,-0.017778188539741217
2025-09-29,PENGU,8.0,-0.08000000000000002,0.05,-0.02688576709796673
2025-09-29,PEPE,4.0,-0.08000000000000002,0.075,-0.02175083179297597
2025-09-29,POL,,0.05,0.075,0.02751571164510166
2025-09-29,PUMP,1.0,0.0,0.0,0.0
2025-09-29,QNT,4.0,0.05,0.0,0.0239630314232902
2025-09-29,RENDER,4.0,0.0,0.075,0.015404805914972272
2025-09-29,SHIB,4.0,0.0,0.0,-0.017778188539741217
2025-09-29,SKY,,0.0,0.0,0.0
2025-09-29,SOL,4.0,-0.08000000000000002,0.0,-0.01937744916820703
2025-09-29,STX,3.0,0.0,0.075,0.015404805914972272
2025-09-29,SUI,4.0,0.0,0.075,0.015404805914972272
2025-09-29,TAO,4.0,0.0,0.075,0.015404805914972272
2025-09-29,TON,1.0,0.0,-0.07307692307692307,-0.003157685198350635
2025-09-29,TRUMP,4.0,0.05,0.075,0.02751571164510166
2025-09-29,TRX,5.0,0.05,-0.07307692307692307,-0.02067709370112327
2025-09-29,UNI,5.0,0.0,0.0,0.0
2025-09-29,VET,0.0,0.0,0.0,0.0
2025-09-29,VIRTUAL,7.0,0.0,0.075,-0.002373382624768945
2025-09-29,WLD,4.0,-0.05,0.05,-0.013693160813308685
2025-09-29,WLFI,,-0.08000000000000002,0.0,-0.01937744916820703
2025-09-29,XLM,7.0,0.0,0.0,-0.017778188539741217
2025-09-29,XRP,7.0,0.05,-0.07307692307692307,-0.0028989051613820555
2025-09-29,ZEC,6.0,-0.05,-0.05,-0.022380776340110903
2025-10-06,AAVE,,0.07272727272727274,-0.07272727272727274,0.02606524175723056
2025-10-06,ADA,4.0,0.0,0.0,0.0
2025-10-06,ALGO,3.0,0.0,0.0,0.0
2025-10-06,APT,4.0,-0.05,0.05,-0.012639406845037806
2025-10-06,ARB,3.0,0.07272727272727274,0.07083333333333333,0.038671633273869306
2025-10-06,ATOM,3.0,0.0,0.0,0.0071459528140280235
2025-10-06,AVAX,1.0,0.0,0.0,-0.0023440295769091963
2025-10-06,BCH,6.0,0.0,-0.07272727272727274,-0.010654998710522657
2025-10-06,BFUSD,,0.07272727272727274,0.0,0.035009762328695224
2025-10-06,BNB,1.0,0.0,-0.07272727272727274,-0.01780095152455068
2025-10-06,BONK,0.0,0.0,0.07083333333333333,-0.004122331500534225
2025-10-06,BTC,3.0,0.07272727272727274,-0.07272727272727274,0.010062857990116521
2025-10-06,CAKE,1.0,-0.07272727272727274,-0.05,-0.048943322667285495
2025-10-06,CHZ,3.0,0.0,0.0,0.006993261514582977
2025-10-06,DASH,4.0,-0.05,-0.05,-0.029506981895470914
2025-10-06,DEXE,1.0,-0.05,0.05,-0.031194789138872955
2025-10-06,DOGE,7.0,-0.07272727272727274,0.0,-0.04279396477440353
2025-10-06,DOT,1.0,0.0,0.0,-0.010489892271874468
2025-10-06,ENA,,0.0,0.07083333333333333,0.005367650890402996
2025-10-06,ETC,3.0,0.0,-0.07272727272727274,-0.0017985677574366438
2025-10-06,ETH,2.0,0.0,-0.07272727272727274,-0.01780095152455068
2025-10-06,FET,4.0,0.05,0.07083333333333333,0.030053353612890316
2025-10-06,FIL,7.0,0.0,0.0,0.006993261514582977
2025-10-06,HBAR,2.0,0.0,0.0,0.0
2025-10-06,ICP,3.0,0.0,0.0,0.006993261514582977
2025-10-06,JST,0.0,0.0,-0.07272727272727274,-0.010654998710522657
2025-10-06,JUP,2.0,0.07272727272727274,0.07083333333333333,0.038671633273869306
2025-10-06,LINK,3.0,0.07272727272727274,0.0,0.020870548000084223
2025-10-06,LTC,3.0,0.0,-0.05,-0.008012527331384993
2025-10-06,LUNC,7.0,0.05,0.0,0.01963128512558289
2025-10-06,MORPHO,3.0,0.0,0.0,0.0
2025-10-06,NEAR,1.0,0.0,0.0,-0.01143352450244484
2025-10-06,NEXO,3.0,0.07272727272727274,-0.07272727272727274,0.017208810804144544
2025-10-06,ONDO,7.0,0.07272727272727274,0.0,0.010380655728209755
2025-10-06,PENGU,2.0,-0.07272727272727274,0.07083333333333333,-0.02802271114246366
2025-10-06,PEPE,7.0,0.0,0.07083333333333333,-0.004122331500534225
2025-10-06,POL,,0.0,0.0,0.016235447739563667
2025-10-06,PUMP,4.0,-0.07272727272727274,0.05,-0.014721190107202265
2025-10-06,QNT,0.0,0.07272727272727274,-0.07272727272727274,0.02606524175723056
2025-10-06,RENDER,2.0,0.05,0.07083333333333333,0.03214958702384299
2025-10-06,SHIB,7.0,0.0,0.0,-0.010489892271874468
2025-10-06,SKY,,0.0,0.0,0.0
2025-10-06,SOL,2.0,0.0,0.0,-0.01143352450244484
2025-10-06,STX,7.0,0.05,0.0,0.023437996675593546
2025-10-06,SUI,6.0,-0.07272727272727274,0.07083333333333333,-0.0030694627262991374
2025-10-06,TAO,6.0,-0.07272727272727274,0.0,-0.011781053074548582
2025-10-06,TON,4.0,0.07272727272727274,0.0,0.01900737856158119
2025-10-06,TRUMP,6.0,0.0,0.07083333333333333,0.02494703808781311
2025-10-06,TRX,2.0,-0.07272727272727274,-0.07272727272727274,-0.04201543898248135
2025-10-06,UNI,2.0,0.0,0.0,0.0
2025-10-06,VET,4.0,0.0,0.0,0.0
2025-10-06,VIRTUAL,1.0,-0.07272727272727274,0.07083333333333333,-0.013559354998173607
2025-10-06,WLD,6.0,0.07272727272727274,0.07083333333333333,0.02150258730341309
2025-10-06,WLFI,,-0.05,0.0,-0.02578202625250274
2025-10-06,XLM,1.0,-0.07272727272727274,0.0,-0.031360440271958695
2025-10-06,XRP,7.0,-0.07272727272727274,-0.07272727272727274,-0.03152554671060688
2025-10-06,ZEC,5.0,-0.07272727272727274,-0.05,-0.04022552199068463
2025-10-13,AAVE,,0.06923076923076922,-0.07272727272727274,0.023212373595073423
2025-10-13,ADA,0.0,0.0,0.0,0.0
2025-10-13,ALGO,1.0,0.0,0.0,0.0
2025-10-13,APT,2.0,-0.05,0.05,-0.01465755552587279
2025-10-13,ARB,3.0,0.0,0.07083333333333333,0.025657092064494333
2025-10-13,ASTER,,-0.07272727272727274,0.0,-0.024458090562728897
2025-10-13,ATOM,3.0,0.06923076923076922,0.0,0.026136789772299596
2025-10-13,AVAX,4.0,0.0,0.0,-0.000936361352776691
2025-10-13,BCH,5.0,0.0,-0.07272727272727274,-0.014738354135877563
2025-10-13,BFUSD,,0.06923076923076922,0.0,0.037267448970324094
2025-10-13,BNB,2.0,-0.07272727272727274,-0.07272727272727274,-0.0420510136467699
2025-10-13,BONK,1.0,0.0,0.07083333333333333,0.00856233560682408
2025-10-13,BTC,4.0,0.0,-0.07272727272727274,-0.0064622638860165095
2025-10-13,CAKE,6.0,-0.07272727272727274,-0.05,-0.051215711340883985
2025-10-13,CHZ,1.0,0.0,0.0,0.0027935738851684946
2025-10-13,DASH,1.0,-0.05,-0.05,-0.03580839050673473
2025-10-13,DEXE,6.0,-0.05,0.05,-0.02206980963610205
2025-10-13,DOGE,6.0,0.0,0.0,-0.01709475645767025
2025-10-13,DOT,8.0,0.0,0.0,-0.004190360827752744
2025-10-13,ENA,,-0.07272727272727274,0.07083333333333333,-0.012104824654964683
2025-10-13,ETC,3.0,0.0,-0.07272727272727274,-0.011200506427087227
2025-10-13,ETH,5.0,0.0,-0.07272727272727274,-0.017592923084041003
2025-10-13,FET,2.0,0.0,0.07083333333333333,0.022214377825110508
2025-10-13,FIL,8.0,0.0,0.0,0.0027935738851684946
2025-10-13,HBAR,6.0,0.06923076923076922,0.0,0.023282220824136158
2025-10-13,ICP,8.0,0.0,0.0,0.0027935738851684946
2025-10-13,JST,5.0,0.06923076923076922,-0.07272727272727274,0.00854386668825859
2025-10-13,JUP,5.0,0.06923076923076922,0.07083333333333333,0.04893931288863049
2025-10-13,LINK,3.0,0.06923076923076922,0.0,0.031619306136992154
2025-10-13,LTC,4.0,0.0,-0.05,-0.010407138144106674
2025-10-13,LUNC,1.0,0.0,0.0,0.007842041277130101
2025-10-13,MORPHO,3.0,-0.07272727272727274,0.0,-0.024458090562728897
2025-10-13,NEAR,4.0,0.0,0.0,-0.004567310317061507
2025-10-13,NEXO,4.0,0.06923076923076922,-0.07272727272727274,0.019674525886283087
2025-10-13,ONDO,6.0,0.06923076923076922,0.0,0.027428945309239415
2025-10-13,PENGU,6.0,-0.07272727272727274,0.07083333333333333,-0.025443156590189087
2025-10-13,PEPE,6.0,0.0,0.07083333333333333,0.00856233560682408
2025-10-13,POL,,0.0,0.0,0.006485517912448259
2025-10-13,PUMP,0.0,-0.07272727272727274,0.05,-0.023132311555100062
2025-10-13,QNT,6.0,0.06923076923076922,-0.07272727272727274,0.023212373595073423
2025-10-13,RENDER,5.0,0.05,0.07083333333333333,0.03986669016610295
2025-10-13,SHIB,6.0,0.0,0.0,-0.004190360827752744
2025-10-13,SKY,,0.06923076923076922,0.0,0.023282220824136158
2025-10-13,SOL,5.0,0.0,0.0,-0.004567310317061507
2025-10-13,STX,1.0,0.0,0.0,0.009362695116873316
2025-10-13,SUI,8.0,-0.07272727272727274,0.07083333333333333,-0.015475169123946565
2025-10-13,TAO,1.0,-0.07272727272727274,0.0,-0.029164226911300082
2025-10-13,TON,0.0,0.0,0.0,0.0075928114892341615
2025-10-13,TRUMP,1.0,0.0,0.07083333333333333,0.020174575699801772
2025-10-13,TRX,3.0,0.06923076923076922,-0.07272727272727274,-0.003983579452350151
2025-10-13,UNI,5.0,0.0,0.0,0.0
2025-10-13,VET,5.0,0.0,0.0,0.0
2025-10-13,VIRTUAL,6.0,-0.07272727272727274,0.07083333333333333,-0.01966552995169931
2025-10-13,WLD,8.0,0.06923076923076922,0.07083333333333333,0.042080853733870285
2025-10-13,WLFI,,0.05,0.0,0.006515880792226106
2025-10-13,XLM,8.0,-0.07272727272727274,0.0,-0.036985536703337644
2025-10-13,XRP,8.0,0.0,-0.07272727272727274,-0.023075439448733564
2025-10-13,ZEC,5.0,-0.05,-0.05,-0.040090088486236936
2025-10-20,AAVE,,0.0,-0.07272727272727274,-0.0019022782713771572
2025-10-20,ADA,0.0,0.0,0.0,0.0
2025-10-20,ALGO,9.0,0.06923076923076922,0.0,0.020115448146689332
2025-10-20,APT,2.0,-0.07272727272727274,0.05,-0.019422611828476967
2025-10-20,ARB,1.0,0.0,0.07083333333333333,0.016727951231366143
2025-10-20,ASTER,,0.0,0.0,-0.007537955953573171
2025-10-20,ATOM,1.0,0.06923076923076922,0.0,0.028170777305198014
2025-10-20,AVAX,4.0,0.0,0.0,-0.0002885855138918648
2025-10-20,BCH,0.0,-0.07272727272727274,-0.07272727272727274,-0.03473002966879905
2025-10-20,BFUSD,,0.06923076923076922,0.0,0.03160123392869256
2025-10-20,BNB,4.0,-0.07272727272727274,-0.07272727272727274,-0.04314776055584491
2025-10-20,BONK,6.0,0.0,0.07083333333333333,0.011459366552423755
2025-10-20,BTC,0.0,0.0,-0.07272727272727274,-0.011047968107507593
2025-10-20,CAKE,4.0,-0.07272727272727274,-0.05,-0.04314221454048418
2025-10-20,CHZ,5.0,0.0,0.0,0.0008609763237830972
2025-10-20,DASH,5.0,-0.05,-0.05,-0.03179013940964138
2025-10-20,DEXE,4.0,-0.05,0.05,-0.01510350398380955
2025-10-20,DOGE,8.0,0.0,0.0,-0.005268584678942388
2025-10-20,DOT,9.0,0.0,0.0,-0.0012914644856746463
2025-10-20,ENA,,-0.07272727272727274,0.07083333333333333,-0.016041608825054475
2025-10-20,ETC,1.0,0.0,-0.07272727272727274,-0.012508289119907697
2025-10-20,ETH,5.0,0.06923076923076922,-0.07272727272727274,0.005637023415687194
2025-10-20,FET,2.0,0.0,0.07083333333333333,0.015666910581824983
2025-10-20,FIL,6.0,-0.07272727272727274,0.0,-0.020270403547486514
2025-10-20,HBAR,8.0,0.06923076923076922,0.0,0.02729100237172533
2025-10-20,ICP,9.0,0.0,0.0,0.0008609763237830972
2025-10-20,JST,2.0,0.06923076923076922,-0.07272727272727274,0.01369235257419588
2025-10-20,JUP,9.0,-0.07272727272727274,0.07083333333333333,0.002772125585132533
2025-10-20,LINK,1.0,0.0,0.0,0.009745034524747443
2025-10-20,LTC,0.0,0.0,-0.05,-0.009433678390537667
2025-10-20,LUNC,9.0,-0.07272727272727274,0.0,-0.01871447158558396
2025-10-20,MORPHO,1.0,0.0,0.0,-0.007537955953573171
2025-10-20,NEAR,4.0,0.0,0.0,-0.0014076398935562958
2025-10-20,NEXO,4.0,0.06923076923076922,-0.07272727272727274,0.017122809197690422
2025-10-20,ONDO,9.0,0.06923076923076922,0.0,0.02856901818576213
2025-10-20,PENGU,9.0,0.0,0.07083333333333333,0.0009789121725843272
2025-10-20,PEPE,8.0,0.0,0.07083333333333333,0.011459366552423755
2025-10-20,POL,,0.05,0.0,0.01652665297463497
2025-10-20,PUMP,3.0,-0.07272727272727274,0.05,-0.02203452208785521
2025-10-20,QNT,8.0,0.06923076923076922,-0.07272727272727274,0.018213169875312178
2025-10-20,RENDER,9.0,0.0,0.07083333333333333,0.02110733335578787
2025-10-20,SHIB,8.0,0.06923076923076922,0.0,0.01882398366101469
2025-10-20,SKY,,0.06923076923076922,0.0,0.02729100237172533
2025-10-20,SOL,5.0,0.0,0.0,-0.0014076398935562958
2025-10-20,STX,6.0,0.0,0.0,0.00288557208571605
2025-10-20,SUI,6.0,0.0,0.07083333333333333,0.004051034678370081
2025-10-20,TAO,5.0,-0.07272727272727274,0.0,-0.030119761744889794
2025-10-20,TON,5.0,0.05,0.0,0.016867919607370642
2025-10-20,TRUMP,6.0,0.0,0.07083333333333333,0.015038245865127382
2025-10-20,TRX,5.0,0.06923076923076922,-0.07272727272727274,0.009831407788809789
2025-10-20,UNI,9.0,0.0,0.0,0.0
2025-10-20,VET,5.0,0.06923076923076922,0.0,0.020115448146689332
2025-10-20,VIRTUAL,8.0,-0.05,0.07083333333333333,-0.011768253468802418
2025-10-20,WLD,6.0,0.0,0.07083333333333333,0.021789736072591548
2025-10-20,WLFI,,-0.07272727272727274,0.0,-0.019123192752795965
2025-10-20,XLM,6.0,0.0,0.0,-0.011398900738959262
2025-10-20,XRP,6.0,0.0,-0.07272727272727274,-0.0161681300972409
2025-10-20,ZEC,2.0,-0.05,-0.05,-0.03310975390257217
2025-10-27,AAVE,,0.0,-0.07272727272727274,-0.014334920282134322
2025-10-27,ADA,0.0,0.0,0.0,0.0
2025-10-27,ALGO,1.0,0.06785714285714284,0.0,0.034412542460737605
2025-10-27,APT,2.0,-0.07272727272727274,0.05,-0.02686085325165776
2025-10-27,ARB,3.0,0.0,0.07083333333333333,0.016945429809251723
2025-10-27,ASTER,,0.0,0.0,-0.0015120365966155326
2025-10-27,ATOM,3.0,0.06785714285714284,0.0,0.036028358812075625
2025-10-27,AVAX,4.0,0.0,0.0,-5.7887292118065316e-05
2025-10-27,BCH,2.0,-0.07272727272727274,-0.07272727272727274,-0.053477630109325686
2025-10-27,BFUSD,,0.06785714285714284,0.0,0.036716473201410464
2025-10-27,BNB,4.0,0.0,-0.07272727272727274,-0.022608340695212024
2025-10-27,BONK,8.0,0.0,0.07083333333333333,0.01588860579807498
2025-10-27,BTC,4.0,0.06785714285714284,-0.07272727272727274,0.014208138228160768
2025-10-27,CAKE,4.0,0.0,-0.05,-0.018246808601016507
2025-10-27,CHZ,1.0,0.05,0.0,0.02255619039861811
2025-10-27,DASH,7.0,-0.05,-0.05,-0.03835318622950437
2025-10-27,DEXE,8.0,-0.05,0.05,-0.015820172100560304
2025-10-27,DOGE,6.0,0.0,0.0,-0.0010568240111767406
2025-10-27,DOT,1.0,0.0,0.0,-0.00025905452056186086
2025-10-27,ENA,,-0.07272727272727274,0.07083333333333333,-0.02218560743219598
2025-10-27,ETC,3.0,0.0,-0.07272727272727274,-0.016462377200939713
2025-10-27,ETH,5.0,0.06785714285714284,-0.07272727272727274,0.017554976277185406
2025-10-27,FET,2.0,0.0,0.07083333333333333,0.01673259594520633
2025-10-27,FIL,2.0,-0.07272727272727274,0.0,-0.03662383473393306
2025-10-27,HBAR,7.0,0.0,0.0,0.0054742949678300255
2025-10-27,ICP,7.0,-0.07272727272727274,0.0,-0.032385096818888764
2025-10-27,JST,8.0,0.06785714285714284,-0.07272727272727274,0.019170792628523427
2025-10-27,JUP,6.0,-0.07272727272727274,0.07083333333333333,-0.018411765408918684
2025-10-27,LINK,3.0,0.0,0.0,0.001954753905097485
2025-10-27,LTC,2.0,0.0,-0.05,-0.011485222225217046
2025-10-27,LUNC,6.0,-0.07272727272727274,0.0,-0.03631173075206709
2025-10-27,MORPHO,3.0,0.06785714285714284,0.0,0.0288655534257626
2025-10-27,NEAR,4.0,0.0,0.0,-0.00028235811498794963
2025-10-27,NEXO,4.0,0.06785714285714284,-0.07272727272727274,0.019858907017858266
2025-10-27,ONDO,1.0,0.06785714285714284,0.0,0.036108241845273226
2025-10-27,PENGU,1.0,0.0,0.07083333333333333,0.013786334218209226
2025-10-27,PEPE,1.0,0.0,0.07083333333333333,0.01588860579807498
2025-10-27,POL,,0.0,0.0,0.0033150769613303054
2025-10-27,PUMP,7.0,-0.07272727272727274,0.05,-0.02738477564170349
2025-10-27,QNT,1.0,0.06785714285714284,-0.07272727272727274,0.02007762217860328
2025-10-27,RENDER,6.0,0.0,0.07083333333333333,0.017823888914541487
2025-10-27,SHIB,1.0,0.0,0.0,0.0037758979177976125
2025-10-27,SKY,,0.06785714285714284,0.0,0.03585188499020816
2025-10-27,SOL,5.0,0.0,0.0,-0.00028235811498794963
2025-10-27,STX,6.0,0.0,0.0,0.0005788161436133983
2025-10-27,SUI,6.0,0.0,0.07083333333333333,0.014402570461382332
2025-10-27,TAO,7.0,-0.07272727272727274,0.0,-0.03859951489701354
2025-10-27,TON,7.0,0.0,0.0,0.0033835315451827743
2025-10-27,TRUMP,7.0,-0.07272727272727274,0.07083333333333333,-0.015951307577104407
2025-10-27,TRX,5.0,0.06785714285714284,-0.07272727272727274,0.01839632673233464
2025-10-27,UNI,6.0,0.0,0.0,0.0
2025-10-27,VET,5.0,0.06785714285714284,0.0,0.034412542460737605
2025-10-27,VIRTUAL,7.0,-0.05,0.07083333333333333,-0.011154103760682687
2025-10-27,WLD,6.0,0.0,0.07083333333333333,0.017960771895523607
2025-10-27,WLFI,,-0.07272727272727274,0.0,-0.03639371602319925
2025-10-27,XLM,6.0,0.06785714285714284,0.0,0.028091087529573806
2025-10-27,XRP,6.0,0.0,-0.07272727272727274,-0.017196503737311658
2025-10-27,ZEC,2.0,-0.05,-0.05,-0.03861788735259726
2025-11-03,AAVE,,0.0,-0.07083333333333333,-0.016266369847879488
2025-11-03,ADA,5.0,0.0,0.0,0.0
2025-11-03,ALGO,1.0,0.0,0.0,0.009472916922928922
2025-11-03,APT,2.0,-0.07500000000000001,0.07500000000000001,-0.024787521736081113
2025-11-03,ARB,3.0,0.05,0.07500000000000001,0.03800199956273541
2025-11-03,ASTER,,0.0,0.0,-0.00041622606293938223
2025-11-03,ATOM,3.0,0.05,0.0,0.03021000747448483
2025-11-03,AVAX,3.0,0.05,0.07500000000000001,0.03332140932447377
2025-11-03,BCH,6.0,-0.07500000000000001,-0.05,-0.05385620456311698
2025-11-03,BFUSD,,0.05,-0.07083333333333333,0.018079105371700797
2025-11-03,BNB,3.0,0.0,-0.07083333333333333,-0.01854383668518069
2025-11-03,BONK,0.0,0.0,0.07500000000000001,0.017418785697418046
2025-11-03,BTC,5.0,0.05,-0.07083333333333333,0.011883120651353
2025-11-03,CAKE,4.0,0.0,0.0,-0.005022892516100056
2025-11-03,CHZ,1.0,0.0,0.0,0.006209158128541732
2025-11-03,DASH,2.0,-0.05,-0.05,-0.039546673133691326
2025-11-03,DEXE,4.0,0.0,0.07500000000000001,0.008690147901937402
2025-11-03,DOGE,8.0,0.0,0.0,-0.0002909173616409158
2025-11-03,DOT,1.0,0.0,0.0,-7.131126549546698e-05
2025-11-03,ENA,,-0.07500000000000001,0.05,-0.027848892110124725
2025-11-03,ETC,3.0,0.05,0.0,0.015760613564052155
2025-11-03,ETH,3.0,0.05,-0.07083333333333333,0.012804421913213567
2025-11-03,FET,2.0,-0.05,0.05,-0.0069895305639066825
2025-11-03,FIL,2.0,-0.05,0.05,-0.021677228681654816
2025-11-03,HBAR,6.0,0.0,0.0,0.0015069372308374965
2025-11-03,ICP,2.0,-0.05,0.0,-0.029207108074380934
2025-11-03,JST,6.0,0.05,-0.07083333333333333,0.013249215961093025
2025-11-03,JUP,5.0,-0.07500000000000001,0.0,-0.03550674577750795
2025-11-03,LINK,3.0,0.0,0.0,0.0005380951253132855
2025-11-03,LTC,2.0,0.0,-0.07083333333333333,-0.015481918859423498
2025-11-03,LUNC,5.0,-0.07500000000000001,0.0,-0.040434160972488496
2025-11-03,MORPHO,3.0,0.0,0.0,0.007945968823680878
2025-11-03,NEAR,1.0,-0.07500000000000001,0.0,-0.030516170920875683
2025-11-03,NEXO,4.0,0.05,-0.07083333333333333,0.013438636735541121
2025-11-03,ONDO,8.0,0.0,0.0,0.009939700782746742
2025-11-03,PENGU,3.0,0.0,0.07500000000000001,0.016840082625762587
2025-11-03,PEPE,8.0,0.0,0.07500000000000001,0.017418785697418046
2025-11-03,POL,,0.05,0.0,0.02120485472815599
2025-11-03,PUMP,7.0,-0.07500000000000001,0.05,-0.02928009378821027
2025-11-03,QNT,2.0,0.05,-0.07083333333333333,0.013498843578725883
2025-11-03,RENDER,1.0,0.0,0.07500000000000001,0.017951520998959646
2025-11-03,SHIB,8.0,0.05,0.0,0.021331707274489645
2025-11-03,SKY,,0.05,-0.07083333333333333,0.01784110574390208
2025-11-03,SOL,3.0,0.0,0.0,-7.772616536099808e-05
2025-11-03,STX,5.0,0.0,0.0,0.00015933368620919656
2025-11-03,SUI,5.0,0.0,0.0,0.003964669382187246
2025-11-03,TAO,6.0,-0.07500000000000001,0.0,-0.04106393103866126
2025-11-03,TON,6.0,0.05,0.0,0.021223698572273818
2025-11-03,TRUMP,6.0,-0.07500000000000001,0.0,-0.03482944294062111
2025-11-03,TRX,3.0,0.05,-0.07083333333333333,0.013036024764813109
2025-11-03,UNI,1.0,0.0,0.0,0.0
2025-11-03,VET,1.0,0.0,0.0,0.009472916922928922
2025-11-03,VIRTUAL,6.0,-0.05,0.05,-0.014666045307621169
2025-11-03,WLD,5.0,0.0,0.07500000000000001,0.0179892014786419
2025-11-03,WLFI,,0.0,0.07500000000000001,0.003026763029641319
2025-11-03,XLM,5.0,0.0,0.0,0.007732777627400961
2025-11-03,XRP,5.0,0.0,-0.07083333333333333,-0.01705409259082563
2025-11-03,ZEC,2.0,-0.07500000000000001,-0.05,-0.04976568702024183
2025-11-10,AAVE,,0.0,-0.07083333333333333,-0.019445581732290832
2025-11-10,ADA,0.0,0.0,0.0,0.0
2025-11-10,ALGO,1.0,0.06785714285714284,0.0,0.03373156990436679
2025-11-10,APT,2.0,0.0,0.07500000000000001,0.005378651615234136
2025-11-10,ARB,3.0,0.0,0.07500000000000001,0.02811279435736564
2025-11-10,ASTER,4.0,-0.07777777777777778,0.0,-0.03488249838432469
2025-11-10,ATOM,6.0,0.06785714285714284,0.0,0.04123982871736183
2025-11-10,AVAX,0.0,0.06785714285714284,0.07500000000000001,0.056719817276050105
2025-11-10,BCH,7.0,-0.07777777777777778,-0.05,-0.06380042513628378
2025-11-10,BFUSD,,0.06785714285714284,-0.07083333333333333,0.023291571890210104
2025-11-10,BNB,2.0,0.06785714285714284,-0.07083333333333333,0.01003153780911499
2025-11-10,BONK,8.0,0.0,0.07500000000000001,0.020660249530992436
2025-11-10,BTC,2.0,0.0,-0.07083333333333333,-0.009253522262968397
2025-11-10,CAKE,1.0,0.06785714285714284,0.0,0.02848308585586946
2025-11-10,CHZ,1.0,0.0,0.0,0.0022481440259904395
2025-11-10,DASH,6.0,-0.05,-0.05,-0.046215173803000484
2025-11-10,DEXE,7.0,0.0,0.07500000000000001,0.017499879878826265
2025-11-10,DOGE,6.0,0.0,0.0,-0.00010533217468299967
2025-11-10,DOT,1.0,0.0,0.0,-2.5819602624149012e-05
2025-11-10,ENA,,0.0,0.05,-0.0005142579434210225
2025-11-10,ETC,6.0,0.06785714285714284,0.0,0.03600815029551577
2025-11-10,ETH,6.0,0.0,-0.07083333333333333,-0.008919947584225957
2025-11-10,FET,4.0,-0.05,0.05,-0.015289311605121925
2025-11-10,FIL,4.0,-0.05,0.05,-0.020607272606498694
2025-11-10,HBAR,7.0,0.0,0.0,0.0005456153415512302
2025-11-10,ICP,4.0,-0.05,0.0,-0.03290257308540355
2025-11-10,JST,8.0,0.06785714285714284,-0.07083333333333333,0.021542818387744144
2025-11-10,JUP,0.0,-0.07777777777777778,0.0,-0.04758768975359888
2025-11-10,LINK,6.0,0.0,0.0,0.000194827594392696
2025-11-10,LTC,6.0,0.0,-0.07083333333333333,-0.01916155630293785
2025-11-10,LUNC,0.0,-0.07777777777777778,0.0,-0.04937175432480858
2025-11-10,MORPHO,5.0,0.0,0.0,0.0028769894359027817
2025-11-10,NEAR,1.0,-0.05,0.0,-0.03337654423528701
2025-11-10,NEXO,0.0,0.06785714285714284,-0.07083333333333333,0.021611401788852336
2025-11-10,ONDO,3.0,0.0,0.0,0.003598858085470064
2025-11-10,PENGU,0.0,0.05,0.07500000000000001,0.04277830207416139
2025-11-10,PEPE,3.0,0.0,0.07500000000000001,0.020660249530992436
2025-11-10,POL,,0.0,0.0,0.007677621747136119
2025-11-10,PUMP,7.0,-0.07777777777777778,0.05,-0.03576424759121153
2025-11-10,QNT,4.0,0.06785714285714284,-0.07083333333333333,0.021633200823766165
2025-11-10,RENDER,1.0,0.0,0.07500000000000001,0.02085313649904848
2025-11-10,SHIB,3.0,0.06785714285714284,0.0,0.03802527093958196
2025-11-10,SKY,,0.06785714285714284,-0.07083333333333333,0.02320539958949769
2025-11-10,SOL,0.0,0.0,0.0,-2.8142239366758053e-05
2025-11-10,STX,3.0,0.0,0.0,5.7689797453164195e-05
2025-11-10,SUI,0.0,0.0,0.0,0.001435484103009112
2025-11-10,TAO,7.0,-0.07777777777777778,0.0,-0.04959977457855374
2025-11-10,TON,7.0,0.0,0.0,0.007684444519998911
2025-11-10,TRUMP,3.0,-0.07777777777777778,0.0,-0.04734245935440286
2025-11-10,TRX,5.0,0.06785714285714284,-0.07083333333333333,0.0214656284524279
2025-11-10,UNI,5.0,0.0,0.0,0.0
2025-11-10,VET,1.0,0.0,0.0,0.003429850093701517
2025-11-10,VIRTUAL,7.0,-0.05,0.05,-0.018068740056489518
2025-11-10,WLD,3.0,0.0,0.07500000000000001,0.020866779434779933
2025-11-10,WLFI,,-0.07777777777777778,0.07500000000000001,-0.019282452345524795
2025-11-10,XLM,0.0,0.06785714285714284,0.0,0.03310151931125181
2025-11-10,XRP,6.0,0.0,-0.07083333333333333,-0.01973079176270555
2025-11-10,ZEC,6.0,-0.07777777777777778,-0.05,-0.062319375308457346
2025-11-17,AAVE,,0.0,-0.07083333333333333,-0.018090082393731485
2025-11-17,ADA,0.0,0.0,0.0,0.0
2025-11-17,ALGO,1.0,0.0,0.0,0.015035355384025423
2025-11-17,APT,2.0,0.0,0.07500000000000001,0.012374218012130431
2025-11-17,ARB,3.0,0.0,0.07500000000000001,0.02250763061190566
2025-11-17,ASTER,4.0,-0.07777777777777778,0.0,-0.039689666798965406
2025-11-17,ATOM,3.0,0.05,0.0,0.033901460576947234
2025-11-17,AVAX,2.0,0.05,0.07500000000000001,0.05077820222581349
2025-11-17,BCH,5.0,0.0,-0.05,-0.035089284109092234
2025-11-17,BFUSD,,0.05,-0.07083333333333333,0.016478788924487064
2025-11-17,BNB,2.0,0.05,-0.07083333333333333,0.010568322101306558
2025-11-17,BONK,8.0,0.0,0.07500000000000001,0.019185767434544466
2025-11-17,BTC,2.0,0.05,-0.07083333333333333,0.0019722878044114243
2025-11-17,CAKE,8.0,0.0,0.0,0.012695920157017797
2025-11-17,CHZ,1.0,0.0,0.0,0.0010020774153433067
2025-11-17,DASH,9.0,-0.05,-0.05,-0.04277032308803094
2025-11-17,DEXE,2.0,-0.07777777777777778,0.07500000000000001,-0.006364223079622169
2025-11-17,DOGE,3.0,0.05,0.0,0.01547245803766347
2025-11-17,DOT,1.0,-0.07777777777777778,0.0,-0.024152810540109818
2025-11-17,ENA,,0.05,0.05,0.0219413603331711
2025-11-17,ETC,8.0,0.0,0.0,0.01605010789445623
2025-11-17,ETH,6.0,0.05,-0.07083333333333333,0.002120973853006969
2025-11-17,FET,4.0,-0.05,0.05,-0.015683221011812108
2025-11-17,FIL,4.0,-0.05,0.05,-0.01805362457739701
2025-11-17,HBAR,6.0,0.0,0.0,0.00024320008189530348
2025-11-17,ICP,4.0,-0.05,0.0,-0.030185250459560074
2025-11-17,JST,5.0,0.05,-0.07083333333333333,0.015699307552491062
2025-11-17,JUP,3.0,0.0,0.0,-0.021211518745751532
2025-11-17,LINK,6.0,0.05,0.0,0.015606249877558114
2025-11-17,LTC,8.0,-0.07777777777777778,-0.07083333333333333,-0.042104784029246625
2025-11-17,LUNC,3.0,0.05,0.0,-0.006487331193215644
2025-11-17,MORPHO,9.0,0.0,0.0,0.0012823760864828673
2025-11-17,NEAR,1.0,-0.05,0.0,-0.03039651618779262
2025-11-17,NEXO,2.0,0.0,-0.07083333333333333,0.00021046928490675923
2025-11-17,ONDO,3.0,0.0,0.0,0.001604138510159019
2025-11-17,PENGU,0.0,0.05,0.07500000000000001,0.04456397513094431
2025-11-17,PEPE,3.0,0.05,0.07500000000000001,0.0347051757530345
2025-11-17,POL,,0.0,0.0,0.0034221879325388215
2025-11-17,PUMP,2.0,0.0,0.05,-0.009290216827159165
2025-11-17,QNT,4.0,0.0,-0.07083333333333333,0.0002201858868285632
2025-11-17,RENDER,8.0,0.0,0.07500000000000001,0.019271743987722748
2025-11-17,SHIB,8.0,0.0,0.0,0.01694921000627532
2025-11-17,SKY,,0.0,-0.07083333333333333,0.0009209705595881676
2025-11-17,SOL,0.0,0.0,0.0,-1.2543992804993664e-05
2025-11-17,STX,3.0,0.0,0.0,2.5714385935784122e-05
2025-11-17,SUI,0.0,0.0,0.0,0.0006398461055341181
2025-11-17,TAO,5.0,-0.07777777777777778,0.0,-0.04624967804340039
2025-11-17,TON,6.0,0.0,0.0,0.003425229084047257
2025-11-17,TRUMP,6.0,-0.07777777777777778,0.0,-0.04524351270021885
2025-11-17,TRX,9.0,0.0,-0.07083333333333333,0.00014549294597944462
2025-11-17,UNI,9.0,-0.07777777777777778,0.0,-0.02414130182876229
2025-11-17,VET,1.0,0.0,0.0,0.0015288056624384752
2025-11-17,VIRTUAL,5.0,-0.07777777777777778,0.05,-0.025544004222423297
2025-11-17,WLD,3.0,0.0,0.07500000000000001,0.019277825127372795
2025-11-17,WLFI,,-0.07777777777777778,0.07500000000000001,-0.022759411279114006
2025-11-17,XLM,0.0,0.05,0.0,0.030273927838538276
2025-11-17,XRP,0.0,0.05,-0.07083333333333333,-0.00269780228713706
2025-11-17,ZEC,9.0,-0.05,-0.05,-0.04994853606468684
2025-11-24,AAVE,,0.0,-0.07083333333333333,-0.017540996260638146
2025-11-24,ADA,6.0,0.0,0.0,0.0
2025-11-24,ALGO,1.0,0.06923076923076922,0.0,0.026990361660176373
2025-11-24,APT,2.0,0.06923076923076922,0.07500000000000001,0.03473645964047309
2025-11-24,ARB,5.0,0.0,0.07500000000000001,0.020237088975477664
2025-11-24,ASTER,4.0,-0.07500000000000001,0.0,-0.040853406283987974
2025-11-24,ATOM,8.0,0.06923076923076922,0.0,0.036353408362764204
2025-11-24,AVAX,6.0,0.0,0.07500000000000001,0.03426747201549074
2025-11-24,BCH,5.0,0.0,-0.05,-0.023458965336621698
2025-11-24,BFUSD,,0.06923076923076922,-0.07083333333333333,0.019143640931629062
2025-11-24,BNB,10.0,0.06923076923076922,-0.07083333333333333,0.016210339313004703
2025-11-24,BONK,1.0,0.0,0.07500000000000001,0.018588483725417423
2025-11-24,BTC,10.0,0.0,-0.07083333333333333,-0.007584256000317006
2025-11-24,CAKE,8.0,0.0,0.0,0.0063008497062277844
2025-11-24,CHZ,0.0,0.0,0.0,0.0004973203288926859
2025-11-24,DASH,8.0,-0.07500000000000001,-0.05,-0.048426831171216704
2025-11-24,DEXE,2.0,0.06923076923076922,0.07500000000000001,0.025436771269097134
2025-11-24,DOGE,1.0,0.06923076923076922,0.0,0.027207291043214774
2025-11-24,DOT,0.0,0.0,0.0,-0.011986782156321728
2025-11-24,ENA,,-0.07500000000000001,0.05,-0.004222057090093767
2025-11-24,ETC,1.0,0.06923076923076922,0.0,0.02749397250351549
2025-11-24,ETH,6.0,0.0,-0.07083333333333333,-0.007510464700905316
2025-11-24,FET,0.0,-0.05,0.05,-0.015842785968249843
2025-11-24,FIL,0.0,-0.05,0.05,-0.017019191965226846
2025-11-24,HBAR,9.0,0.05,0.0,0.014224596370579696
2025-11-24,ICP,0.0,-0.05,0.0,-0.029084516486073072
2025-11-24,JST,5.0,0.0,-0.07083333333333333,-0.0007716825690591463
2025-11-24,JUP,3.0,0.0,0.0,-0.010527050422882265
2025-11-24,LINK,3.0,0.0,0.0,0.007745215292802159
2025-11-24,LTC,2.0,-0.07500000000000001,-0.07083333333333333,-0.050615084588639864
2025-11-24,LUNC,3.0,0.0,0.0,-0.003219593250228553
2025-11-24,MORPHO,8.0,0.0,0.0,0.0006364295685431494
2025-11-24,NEAR,0.0,-0.05,0.0,-0.02918936541275242
2025-11-24,NEXO,10.0,0.06923076923076922,-0.07083333333333333,0.01106984748033605
2025-11-24,ONDO,1.0,0.0,0.0,0.0007961168261519936
2025-11-24,PENGU,6.0,0.0,0.07500000000000001,0.031183417415202794
2025-11-24,PEPE,5.0,-0.07500000000000001,0.07500000000000001,0.005134752331684759
2025-11-24,POL,,0.06923076923076922,0.0,0.021226870568541993
2025-11-24,PUMP,9.0,-0.07500000000000001,0.05,-0.019721955588346544
2025-11-24,QNT,0.0,-0.07500000000000001,-0.07083333333333333,-0.02960965363416192
2025-11-24,RENDER,8.0,0.0,0.07500000000000001,0.018631152971374867
2025-11-24,SHIB,1.0,0.0,0.0,0.008411712075063828
2025-11-24,SKY,,-0.07500000000000001,-0.07083333333333333,-0.02926186167856699
2025-11-24,SOL,6.0,0.0,0.0,-6.225449782509763e-06
2025-11-24,STX,1.0,0.0,0.0,1.2761775362910872e-05
2025-11-24,SUI,6.0,-0.07500000000000001,0.0,-0.020838299352477888
2025-11-24,TAO,9.0,0.05,0.0,-0.00884932295582104
2025-11-24,TON,9.0,0.0,0.0,0.0016999046466161364
2025-11-24,TRUMP,2.0,0.06923076923076922,0.0,-0.0029253973839139524
2025-11-24,TRX,4.0,0.06923076923076922,-0.07083333333333333,0.011037600416635384
2025-11-24,UNI,8.0,-0.07500000000000001,0.0,-0.03313691865306396
2025-11-24,VET,0.0,0.0,0.0,0.0007587299376430172
2025-11-24,VIRTUAL,9.0,0.0,0.05,-0.006632688694463009
2025-11-24,WLD,5.0,0.0,0.07500000000000001,0.018634170976096355
2025-11-24,WLFI,,0.0,0.07500000000000001,-0.0022284609077400097
2025-11-24,XLM,6.0,0.06923076923076922,0.0,0.034553102571103916
2025-11-24,XRP,3.0,0.0,-0.07083333333333333,-0.00990197188207019
2025-11-24,ZEC,8.0,-0.05,-0.05,-0.04493735229627521
2025-12-01,AAVE,,0.0,-0.05,-0.014474267865096506
2025-12-01,ADA,0.0,0.0,0.0,0.0
2025-12-01,ALGO,1.0,0.06785714285714284,0.0,0.03308377319362731
2025-12-01,APT,2.0,0.06785714285714284,0.07083333333333333,0.045951550156994814
2025-12-01,ARB,2.0,0.0,0.07083333333333333,0.018445484683933016
2025-12-01,ASTER,3.0,-0.06923076923076922,0.0,-0.039699895266880295
2025-12-01,ATOM,3.0,0.06785714285714284,-0.07083333333333333,0.02785588712657177
2025-12-01,AVAX,2.0,0.0,0.0,0.015301743736650303
2025-12-01,BCH,0.0,0.0,-0.07083333333333333,-0.019884176350686577
2025-12-01,BFUSD,,0.06785714285714284,-0.07083333333333333,0.020171064304522424
2025-12-01,BNB,2.0,0.0,-0.07083333333333333,-0.002170306658598034
2025-12-01,BONK,2.0,0.0,0.07083333333333333,0.01770931905584366
2025-12-01,BTC,2.0,0.0,-0.07083333333333333,-0.012795508296966835
2025-12-01,CAKE,3.0,0.0,0.0,0.0028135716426429588
2025-12-01,CHZ,6.0,0.0,-0.07083333333333333,-0.00918677375355366
2025-12-01,DASH,3.0,-0.06923076923076922,0.05,-0.03644018201863
2025-12-01,DEXE,2.0,0.0,0.0,0.011358496339372859
2025-12-01,DOGE,1.0,0.06785714285714284,0.0,0.033180640503439454
2025-12-01,DOT,6.0,0.05,0.0,0.010144364395112099
2025-12-01,ENA,,-0.06923076923076922,0.07083333333333333,-0.013933743085188237
2025-12-01,ETC,1.0,0.06785714285714284,-0.07083333333333333,0.02389980839662544
2025-12-01,ETH,0.0,0.0,0.0,-0.0033537112438425465
2025-12-01,FET,6.0,0.0,0.0,-0.007074413042525297
2025-12-01,FIL,6.0,0.0,0.07083333333333333,0.0018091228514173358
2025-12-01,HBAR,8.0,0.0,0.0,0.006351829172618919
2025-12-01,ICP,6.0,0.0,0.07083333333333333,-0.003578508422755842
2025-12-01,JST,7.0,-0.06923076923076922,-0.05,-0.028443403241772535
2025-12-01,JUP,2.0,0.0,0.07083333333333333,0.004708113653484988
2025-12-01,LINK,0.0,0.0,0.0,0.0034585364085821186
2025-12-01,LTC,1.0,0.06785714285714284,-0.07083333333333333,-0.010978888654480413
2025-12-01,LUNC,0.0,-0.05,0.0,-0.016934595653757274
2025-12-01,MORPHO,3.0,0.0,0.0,0.00028419027116654167
2025-12-01,NEAR,6.0,0.0,0.07083333333333333,-0.003625327499645583
2025-12-01,NEXO,4.0,0.0,-0.07083333333333333,-0.00446573389840965
2025-12-01,ONDO,7.0,0.0,0.07083333333333333,0.009764343172068358
2025-12-01,PENGU,4.0,-0.06923076923076922,0.07083333333333333,0.001876162515949964
2025-12-01,PEPE,2.0,-0.06923076923076922,0.07083333333333333,-0.009755567937047543
2025-12-01,POL,,0.06785714285714284,0.0,0.030510152832230686
2025-12-01,PUMP,8.0,-0.06923076923076922,0.05,-0.023622351454328318
2025-12-01,QNT,3.0,-0.05,-0.05,-0.03536031086993468
2025-12-01,RENDER,3.0,0.06785714285714284,0.0,0.029351065127523144
2025-12-01,SHIB,1.0,0.0,0.0,0.003756152846668353
2025-12-01,SKY,,-0.06923076923076922,0.0,-0.03452382494036418
2025-12-01,SOL,0.0,0.0,0.0,-2.7799026778014737e-06
2025-12-01,STX,1.0,0.0,0.0,5.698623351605385e-06
2025-12-01,SUI,4.0,-0.06923076923076922,0.05,-0.024120841865089386
2025-12-01,TAO,8.0,0.06785714285714284,0.0,0.01707997608398205
2025-12-01,TON,8.0,-0.06923076923076922,0.0,-0.02069820588892577
2025-12-01,TRUMP,1.0,0.06785714285714284,0.0,0.01972523660904602
2025-12-01,TRX,4.0,0.06785714285714284,-0.07083333333333333,0.01655140556158198
2025-12-01,UNI,3.0,-0.06923076923076922,0.0,-0.036254186863819385
2025-12-01,VET,6.0,0.06785714285714284,0.0,0.02137034110178983
2025-12-01,VIRTUAL,8.0,-0.06923076923076922,0.07083333333333333,-0.015010182778109078
2025-12-01,WLD,7.0,0.0,0.0,0.008320873768927477
2025-12-01,WLFI,,0.0,-0.07083333333333333,-0.010403939873840223
2025-12-01,XLM,2.0,0.06785714285714284,0.0,0.0364608277751086
2025-12-01,XRP,7.0,0.0,-0.07083333333333333,-0.013830457547408175
2025-12-01,ZEC,3.0,-0.06923076923076922,0.0,-0.04152353417686714
2025-12-08,AAVE,,0.0,-0.05,-0.012647772666981003
2025-12-08,ADA,0.0,0.0,0.0,0.0
2025-12-08,ALGO,1.0,0.05,0.0,0.02933095101238525
2025-12-08,APT,1.0,0.05,0.07083333333333333,0.04524911942302524
2025-12-08,ARB,2.0,0.0,0.07083333333333333,0.017378433346688177
2025-12-08,ASTER,3.0,0.0,0.0,-0.010393582440553783
2025-12-08,ATOM,4.0,0.05,-0.07083333333333333,0.015412934877559941
2025-12-08,AVAX,2.0,0.0,0.0,0.004006054271477681
2025-12-08,BCH,1.0,-0.07272727272727274,-0.07083333333333333,-0.04781980724526672
2025-12-08,BFUSD,,0.05,-0.07083333333333333,0.013401019253977601
2025-12-08,BNB,2.0,0.0,-0.07083333333333333,-0.013117530303900345
2025-12-08,BONK,9.0,-0.07272727272727274,0.07083333333333333,-0.01287901658306359
2025-12-08,BTC,2.0,0.0,-0.07083333333333333,-0.015899248200975578
2025-12-08,CAKE,8.0,0.0,0.0,0.0007366036767510065
2025-12-08,CHZ,8.0,0.0,-0.07083333333333333,-0.014954467875211597
2025-12-08,DASH,4.0,-0.07272727272727274,0.05,-0.030746541494541056
2025-12-08,DEXE,1.0,0.0,0.0,0.002973697217848535
2025-12-08,DOGE,0.0,0.05,0.0,0.02935631123975006
2025-12-08,DOT,8.0,0.0,0.0,0.0026558328917199057
2025-12-08,ENA,,-0.07272727272727274,0.07083333333333333,-0.021163289698231072
2025-12-08,ETC,1.0,0.05,-0.07083333333333333,0.014377218532602197
2025-12-08,ETH,9.0,0.0,0.0,-0.0008780142632710984
2025-12-08,FET,8.0,0.05,0.0,0.018817386266113227
2025-12-08,FIL,8.0,0.0,0.07083333333333333,0.013022971019779074
2025-12-08,HBAR,7.0,0.0,0.0,0.0016629328543595707
2025-12-08,ICP,8.0,0.05,0.07083333333333333,0.03228196312013279
2025-12-08,JST,1.0,-0.07272727272727274,-0.05,-0.04636966402890025
2025-12-08,JUP,2.0,0.0,0.07083333333333333,0.013781937754908826
2025-12-08,LINK,0.0,0.0,0.0,0.0009054578870953231
2025-12-08,LTC,1.0,0.0,-0.07083333333333333,-0.015423650321173018
2025-12-08,LUNC,5.0,-0.07272727272727274,0.0,-0.034498260056517405
2025-12-08,MORPHO,4.0,0.0,0.0,7.440208575655767e-05
2025-12-08,NEAR,8.0,0.0,0.07083333333333333,0.011600211403836453
2025-12-08,NEXO,9.0,0.05,-0.07083333333333333,0.0069510124851415115
2025-12-08,ONDO,0.0,0.0,0.07083333333333333,0.015105677729195351
2025-12-08,PENGU,9.0,-0.07272727272727274,0.07083333333333333,-0.0170241967324144
2025-12-08,PEPE,2.0,-0.07272727272727274,0.07083333333333333,-0.020069427672617577
2025-12-08,POL,,0.05,0.0,0.028657167486835774
2025-12-08,PUMP,7.0,-0.05,0.05,-0.017995560383695236
2025-12-08,QNT,3.0,-0.05,-0.05,-0.038785311871789616
2025-12-08,RENDER,4.0,0.0,0.0,0.0076842196451705515
2025-12-08,SHIB,2.0,0.0,0.0,0.0009833749940327268
2025-12-08,SKY,,-0.05,0.0,-0.029707961995607154
2025-12-08,SOL,9.0,0.05,0.0,0.020668766516218677
2025-12-08,STX,0.0,0.05,0.0,0.020670986226338027
2025-12-08,SUI,9.0,-0.07272727272727274,0.05,-0.02752129173913759
2025-12-08,TAO,7.0,0.05,0.0,0.025141096517737223
2025-12-08,TON,7.0,-0.07272727272727274,0.0,-0.035483587423009715
2025-12-08,TRUMP,1.0,0.05,0.0,0.025833635708563042
2025-12-08,TRX,5.0,0.05,-0.07083333333333333,0.012453378931540571
2025-12-08,UNI,4.0,0.0,0.0,-0.009491482973727233
2025-12-08,VET,8.0,0.0,0.0,0.00559483596949201
2025-12-08,VIRTUAL,7.0,-0.07272727272727274,0.07083333333333333,-0.021445105673196397
2025-12-08,WLD,2.0,0.0,0.0,0.002178436162448477
2025-12-08,WLFI,,0.0,-0.07083333333333333,-0.015273126560077229
2025-12-08,XLM,2.0,0.0,0.0,0.009545582344333569
2025-12-08,XRP,0.0,0.0,-0.07083333333333333,-0.016170201821481104
2025-12-08,ZEC,4.0,-0.05,0.0,-0.03154051229631771
2025-12-15,AAVE,,0.0,-0.05,-0.012109262492919465
2025-12-15,ADA,0.0,0.0,0.0,0.0
2025-12-15,ALGO,1.0,0.05,0.0,0.02822449700794671
2025-12-15,APT,1.0,0.0,0.07083333333333333,0.02176489572387273
2025-12-15,ARB,2.0,0.0,0.07083333333333333,0.017063831916613145
2025-12-15,ASTER,3.0,-0.07272727272727274,0.0,-0.035610763820497465
2025-12-15,ATOM,3.0,0.05,-0.07083333333333333,0.011744347964017434
2025-12-15,AVAX,0.0,0.0,0.0,0.0006757177305926048
2025-12-15,BCH,4.0,-0.07272727272727274,-0.07083333333333333,-0.056056139577856795
2025-12-15,BFUSD,,0.05,-0.07083333333333333,0.011404989840741335
2025-12-15,BNB,0.0,0.05,-0.07083333333333333,0.006931996488295525
2025-12-15,BONK,0.0,0.0,0.07083333333333333,0.011960182785941315
2025-12-15,BTC,0.0,0.05,-0.07083333333333333,0.006462792634033418
2025-12-15,CAKE,3.0,-0.07272727272727274,0.0,-0.03373338932814333
2025-12-15,CHZ,4.0,0.0,-0.07083333333333333,-0.016654971642531827
2025-12-15,DASH,1.0,0.0,0.05,0.004789764178926251
2025-12-15,DEXE,1.0,0.0,0.0,0.0005015857997283128
2025-12-15,DOGE,3.0,0.05,0.0,0.028228774622307624
2025-12-15,DOT,8.0,0.05,0.0,0.023725094588933307
2025-12-15,ENA,,-0.07272727272727274,0.07083333333333333,-0.023294795113078325
2025-12-15,ETC,1.0,0.05,-0.07083333333333333,0.011569649407601131
2025-12-15,ETH,0.0,0.0,0.0,-0.00014809829453125273
2025-12-15,FET,8.0,0.0,0.0,0.0031740063118846154
2025-12-15,FIL,8.0,0.0,0.07083333333333333,0.016329178085242303
2025-12-15,HBAR,7.0,0.05,0.0,0.023557618036074986
2025-12-15,ICP,8.0,0.0,0.07083333333333333,0.019577671878301096
2025-12-15,JST,4.0,-0.07272727272727274,-0.05,-0.05165490859275604
2025-12-15,JUP,5.0,0.0,0.07083333333333333,0.0164571961411904
2025-12-15,LINK,5.0,0.0,0.0,0.0001527273239834428
2025-12-15,LTC,1.0,0.05,-0.07083333333333333,0.006543013694018282
2025-12-15,LUNC,5.0,-0.05,0.0,-0.02909608838039302
2025-12-15,MORPHO,4.0,-0.07272727272727274,0.0,-0.03384508560730944
2025-12-15,NEAR,8.0,0.05,0.07083333333333333,0.039366319619492426
2025-12-15,NEXO,6.0,0.05,-0.07083333333333333,0.010317040541807545
2025-12-15,ONDO,3.0,0.0,0.07083333333333333,0.016680476833538502
2025-12-15,PENGU,6.0,-0.07272727272727274,0.07083333333333333,-0.022596637196075915
2025-12-15,PEPE,5.0,-0.07272727272727274,0.07083333333333333,-0.023110288884395522
2025-12-15,POL,,0.0,0.0,0.004833722877217575
2025-12-15,PUMP,3.0,-0.05,0.05,-0.016336599417369764
2025-12-15,QNT,1.0,-0.05,-0.05,-0.03979511353322996
2025-12-15,RENDER,3.0,0.0,0.0,0.0012961290856637574
2025-12-15,SHIB,3.0,0.0,0.0,0.00016586992443420087
2025-12-15,SKY,,-0.07272727272727274,0.0,-0.038868600044451265
2025-12-15,SOL,0.0,0.05,0.0,0.026763410549034333
2025-12-15,STX,3.0,0.0,0.0,0.003486660677919362
2025-12-15,SUI,6.0,-0.07272727272727274,0.05,-0.02852385492980492
2025-12-15,TAO,7.0,0.0,0.0,0.004240652655289341
2025-12-15,TON,7.0,0.0,0.0,-0.0059851633407642935
2025-12-15,TRUMP,1.0,0.05,0.0,0.027634590381595932
2025-12-15,TRX,5.0,0.05,-0.07083333333333333,0.011245147431053011
2025-12-15,UNI,4.0,-0.07272727272727274,0.0,-0.035458602975140766
2025-12-15,VET,8.0,0.0,0.0,0.0009437041058728652
2025-12-15,VIRTUAL,7.0,0.0,0.07083333333333333,0.010515305136317373
2025-12-15,WLD,2.0,0.0,0.0,0.00036744583077941693
2025-12-15,WLFI,,0.0,-0.07083333333333333,-0.016708721119892654
2025-12-15,XLM,0.0,0.0,0.0,0.0016100928249578386
2025-12-15,XRP,3.0,0.0,-0.07083333333333333,-0.016860034511756165
2025-12-15,ZEC,1.0,-0.05,0.0,-0.028597192841603853
2025-12-22,AAVE,,0.0,-0.05,-0.012030930940569281
2025-12-22,ADA,0.0,0.0,0.0,0.0
2025-12-22,ALGO,1.0,-0.07083333333333333,0.0,-0.020447468086358358
2025-12-22,APT,7.0,-0.07083333333333333,0.07083333333333333,-0.010088608277361886
2025-12-22,ARB,5.0,0.0,0.07083333333333333,0.017018070072963094
2025-12-22,ASTER,4.0,-0.07083333333333333,0.0,-0.03851848775789783
2025-12-22,ATOM,4.0,0.0,-0.07083333333333333,-0.008862809507439513
2025-12-22,AVAX,5.0,0.0,0.0,0.0001912878281294019
2025-12-22,BCH,3.0,-0.07083333333333333,-0.07083333333333333,-0.05649383355078826
2025-12-22,BFUSD,,0.05,-0.07083333333333333,0.011114647912201358
2025-12-22,BNB,5.0,0.05,-0.07083333333333333,0.009848395533599091
2025-12-22,BONK,0.0,0.05,0.07083333333333333,0.03564681213688596
2025-12-22,BTC,5.0,0.05,-0.07083333333333333,0.00971556938124546
2025-12-22,CAKE,4.0,0.0,0.0,-0.009549530059489462
2025-12-22,CHZ,0.0,-0.07083333333333333,-0.07083333333333333,-0.045339821307391566
2025-12-22,DASH,7.0,-0.05,0.05,-0.010114659632178717
2025-12-22,DEXE,2.0,0.0,0.0,0.00014199310437870607
2025-12-22,DOGE,4.0,0.05,0.0,0.028064763433977038
2025-12-22,DOT,1.0,0.0,0.0,0.006716298256820297
2025-12-22,ENA,,0.0,0.07083333333333333,0.005593012299173861
2025-12-22,ETC,2.0,0.05,-0.07083333333333333,0.011161261119905284
2025-12-22,ETH,0.0,0.05,0.0,0.020031600852013023
2025-12-22,FET,1.0,0.0,0.0,0.0008985242600293339
2025-12-22,FIL,3.0,0.0,0.07083333333333333,0.016810098120374803
2025-12-22,HBAR,2.0,0.0,0.0,0.006668887593153424
2025-12-22,ICP,3.0,0.0,0.07083333333333333,0.017729708919726025
2025-12-22,JST,3.0,0.0,-0.05,-0.023225843271458588
2025-12-22,JUP,0.0,0.0,0.07083333333333333,0.01684633854263246
2025-12-22,LINK,6.0,0.0,0.0,4.323532856713235e-05
2025-12-22,LTC,7.0,0.05,-0.07083333333333333,0.00973827903002334
2025-12-22,LUNC,6.0,-0.05,0.0,-0.028310289868432745
2025-12-22,MORPHO,2.0,-0.07083333333333333,0.0,-0.038018644797909305
2025-12-22,NEAR,1.0,0.0,0.07083333333333333,0.023331644871163248
2025-12-22,NEXO,8.0,0.05,-0.07083333333333333,0.010806662123038425
2025-12-22,ONDO,4.0,0.0,0.07083333333333333,0.016909546708955163
2025-12-22,PENGU,8.0,-0.07083333333333333,0.07083333333333333,-0.02264684213827578
2025-12-22,PEPE,0.0,0.0,0.07083333333333333,0.0056452438659408445
2025-12-22,POL,,0.05,0.0,0.021441896466480852
2025-12-22,PUMP,2.0,0.0,0.05,0.003978238377187759
2025-12-22,QNT,1.0,0.0,-0.05,-0.019868473268740205
2025-12-22,RENDER,4.0,0.0,0.0,0.0003669190647913437
2025-12-22,SHIB,2.0,0.0,0.0,4.6955845851758305e-05
2025-12-22,SKY,,-0.07083333333333333,0.0,-0.03944074329074419
2025-12-22,SOL,0.0,0.05,0.0,0.02764993591309865
2025-12-22,STX,4.0,0.0,0.0,0.000987033073586011
2025-12-22,SUI,8.0,0.0,0.05,0.0005281681299748077
2025-12-22,TAO,2.0,-0.07083333333333333,0.0,-0.027237015390955403
2025-12-22,TON,5.0,-0.07083333333333333,0.0,-0.030131824930762087
2025-12-22,TRUMP,7.0,0.05,0.0,0.02789655678826008
2025-12-22,TRX,6.0,0.05,-0.07083333333333333,0.011069398385649147
2025-12-22,UNI,2.0,-0.07083333333333333,0.0,-0.038475412792839433
2025-12-22,VET,1.0,0.0,0.0,0.00026715165317758383
2025-12-22,VIRTUAL,2.0,0.05,0.07083333333333333,0.03523778408420057
2025-12-22,WLD,5.0,0.0,0.0,0.00010401963977377932
2025-12-22,WLFI,,-0.07083333333333333,-0.07083333333333333,-0.04535503715910294
2025-12-22,XLM,0.0,0.0,0.0,0.0004557985466842934
2025-12-22,XRP,4.0,0.05,-0.07083333333333333,0.0031131483575394213
2025-12-22,ZEC,7.0,-0.05,0.0,-0.028169058345627013
2025-12-29,AAVE,,0.0,-0.07272727272727274,-0.01258500511272148
2025-12-29,ADA,0.0,0.05,0.0,0.010977167417522707
2025-12-29,ALGO,1.0,0.0,-0.05,-0.014463621720134358
2025-12-29,APT,2.0,0.0,0.07083333333333333,0.0018496406104391294
2025-12-29,ARB,3.0,0.0,0.07083333333333333,0.014787054847218605
2025-12-29,ASTER,1.0,0.0,0.05,-0.01367951654142413
2025-12-29,ATOM,4.0,0.0,-0.05,-0.008934522031483745
2025-12-29,AVAX,3.0,0.0,0.07083333333333333,0.006756006211896247
2025-12-29,BCH,8.0,0.06923076923076922,-0.07272727272727274,-0.018607003988502596
2025-12-29,BFUSD,,0.06923076923076922,-0.07272727272727274,0.01366101938573857
2025-12-29,BNB,5.0,0.06923076923076922,0.0,0.019899574868623565
2025-12-29,BONK,0.0,-0.05,0.0,0.006036262589478609
2025-12-29,BTC,5.0,0.06923076923076922,-0.07272727272727274,0.012993270343571462
2025-12-29,CAKE,4.0,0.0,0.0,-0.0045577781441713
2025-12-29,CHZ,7.0,-0.07083333333333333,-0.05,-0.041895175033925106
2025-12-29,DASH,1.0,0.0,0.07083333333333333,0.0018372068786355177
2025-12-29,DEXE,9.0,0.0,0.0,6.77701482406664e-05
2025-12-29,DOGE,8.0,-0.07083333333333333,0.0,-0.0021563002526532454
2025-12-29,DOT,1.0,0.0,0.0,0.003205539666766377
2025-12-29,ENA,,-0.07083333333333333,0.0,-0.012881566893568785
2025-12-29,ETC,2.0,0.06923076923076922,-0.07272727272727274,0.013683266832259934
2025-12-29,ETH,0.0,0.06923076923076922,0.0,0.024759792109550004
2025-12-29,FET,1.0,-0.07083333333333333,0.0,-0.015122141544844389
2025-12-29,FIL,6.0,0.0,0.07083333333333333,0.014687794463283207
2025-12-29,HBAR,9.0,0.0,0.0,0.0031829116122636526
2025-12-29,ICP,6.0,0.05,0.07083333333333333,0.026103871646659983
2025-12-29,JST,6.0,0.06923076923076922,-0.07272727272727274,-0.0027289327063500547
2025-12-29,JUP,0.0,0.0,0.07083333333333333,0.014705091210188292
2025-12-29,LINK,5.0,0.06923076923076922,0.0,0.0152197901457948
2025-12-29,LTC,1.0,0.06923076923076922,0.0,0.019847018712437492
2025-12-29,LUNC,5.0,0.0,0.0,-0.013511871224414499
2025-12-29,MORPHO,9.0,0.0,-0.07272727272727274,-0.02498836250288549
2025-12-29,NEAR,1.0,0.0,0.07083333333333333,0.017800383570995178
2025-12-29,NEXO,7.0,0.06923076923076922,-0.07272727272727274,0.013514024623711795
2025-12-29,ONDO,8.0,0.0,0.07083333333333333,0.01473525906108819
2025-12-29,PENGU,7.0,-0.07083333333333333,0.0,-0.026359820854525273
2025-12-29,PEPE,0.0,-0.05,0.0,-0.008282818172018803
2025-12-29,POL,,0.0,0.07083333333333333,0.01689844871941731
2025-12-29,PUMP,8.0,-0.07083333333333333,0.05,-0.008947762223136051
2025-12-29,QNT,1.0,0.0,0.0,-0.00948278005914326
2025-12-29,RENDER,4.0,-0.05,0.0,-0.010802045114774
2025-12-29,SHIB,8.0,-0.07083333333333333,0.0,-0.01552857619474094
2025-12-29,SKY,,0.0,-0.07272727272727274,-0.02566709846047965
2025-12-29,SOL,0.0,0.06923076923076922,0.07083333333333333,0.035060562654687745
2025-12-29,STX,4.0,-0.07083333333333333,0.0,-0.015079898258160949
2025-12-29,SUI,7.0,0.0,0.0,0.000252082892482743
2025-12-29,TAO,8.0,-0.07083333333333333,0.0,-0.028550608380057324
2025-12-29,TON,3.0,0.0,0.0,-0.014381249365978278
2025-12-29,TRUMP,2.0,0.0,0.0,0.013314405634109582
2025-12-29,TRX,5.0,0.06923076923076922,0.0,0.02048233235285333
2025-12-29,UNI,9.0,0.0,0.0,-0.018363458141158796
2025-12-29,VET,1.0,0.0,0.0,0.0001275055378062362
2025-12-29,VIRTUAL,9.0,-0.07083333333333333,0.05,0.0059717231685632935
2025-12-29,WLD,3.0,-0.07083333333333333,0.0,-0.015501340916026587
2025-12-29,WLFI,,0.0,-0.05,-0.02635145004644903
2025-12-29,XLM,0.0,0.06923076923076922,-0.07272727272727274,0.008573787828004194
2025-12-29,XRP,8.0,0.0,-0.07272727272727274,-0.005357073140307016
2025-12-29,ZEC,1.0,-0.07083333333333333,0.07083333333333333,-0.02233074294772097
2026-01-05,AAVE,,0.05,-0.07272727272727274,-0.001190789188407487
2026-01-05,ADA,6.0,0.0,0.0,0.0061230100243952704
2026-01-05,ALGO,1.0,0.0,-0.05,-0.014700810832196782
2026-01-05,APT,0.0,0.0,0.07083333333333333,0.010428574899975429
2026-01-05,ARB,2.0,0.0,0.07083333333333333,0.017645000964053078
2026-01-05,ASTER,8.0,0.0,0.05,-0.0009972933452426017
2026-01-05,ATOM,1.0,0.0,-0.05,-0.01161670620558367
2026-01-05,AVAX,2.0,0.0,0.07083333333333333,0.0131653215139621
2026-01-05,BCH,0.0,0.06923076923076922,-0.07272727272727274,0.0014029279227292593
2026-01-05,BFUSD,,0.06923076923076922,-0.07272727272727274,0.019401872739085918
2026-01-05,BNB,5.0,0.06923076923076922,0.0,0.03252981557311246
2026-01-05,BONK,6.0,-0.05,0.0,-0.012110174451926237
2026-01-05,BTC,4.0,0.06923076923076922,-0.07272727272727274,0.01902940560585782
2026-01-05,CAKE,1.0,0.0,0.0,-0.0025423062438842334
2026-01-05,CHZ,5.0,0.0,-0.05,-0.030001996423750742
2026-01-05,DASH,2.0,-0.07777777777777778,0.07083333333333333,-0.01365396154355179
2026-01-05,DEXE,0.0,0.0,0.0,3.780185554699321e-05
2026-01-05,DOGE,4.0,0.0,0.0,-0.0012027736810796951
2026-01-05,DOT,1.0,0.0,0.0,0.0017880342684649228
2026-01-05,ENA,,-0.07777777777777778,0.0,-0.031260875659615134
2026-01-05,ETC,2.0,0.0,-0.07272727272727274,-0.0020156482774967427
2026-01-05,ETH,4.0,0.0,0.0,0.013810890325560071
2026-01-05,FET,1.0,-0.07777777777777778,0.0,-0.032510657185973825
2026-01-05,FIL,2.0,0.0,0.07083333333333333,0.017589634009833943
2026-01-05,HBAR,0.0,0.0,0.0,0.0017754124508973439
2026-01-05,ICP,2.0,0.0,0.07083333333333333,0.023957465744048407
2026-01-05,JST,2.0,0.06923076923076922,-0.07272727272727274,0.010259638031157517
2026-01-05,JUP,6.0,0.06923076923076922,0.07083333333333333,0.03902921258312019
2026-01-05,LINK,6.0,0.06923076923076922,0.0,0.02991945465940791
2026-01-05,LTC,2.0,0.06923076923076922,0.0,0.03250050000754521
2026-01-05,LUNC,6.0,-0.07777777777777778,0.0,-0.03161245631693729
2026-01-05,MORPHO,8.0,0.0,-0.07272727272727274,-0.023586493020268363
2026-01-05,NEAR,1.0,0.0,0.07083333333333333,0.019325820913380774
2026-01-05,NEXO,5.0,0.06923076923076922,-0.07272727272727274,0.019319879783418065
2026-01-05,ONDO,2.0,0.0,0.07083333333333333,0.017616109529165085
2026-01-05,PENGU,5.0,-0.05,0.0,-0.030180550545684224
2026-01-05,PEPE,6.0,-0.05,0.0,-0.020097287311553236
2026-01-05,POL,,-0.07777777777777778,0.07083333333333333,-0.00525287488218425
2026-01-05,PUMP,0.0,-0.05,0.05,-0.013835116098191906
2026-01-05,QNT,2.0,0.06923076923076922,0.0,0.01614048243095134
2026-01-05,RENDER,1.0,-0.05,0.0,-0.02150249971631201
2026-01-05,SHIB,6.0,0.0,0.0,-0.008661763466703349
2026-01-05,SKY,,0.0,-0.07272727272727274,-0.023965088600912652
2026-01-05,SOL,5.0,0.06923076923076922,0.07083333333333333,0.05038339449228975
2026-01-05,STX,1.0,-0.07777777777777778,0.0,-0.03248709408831958
2026-01-05,SUI,5.0,-0.07777777777777778,0.0,-0.02393499037080001
2026-01-05,TAO,0.0,0.0,0.0,-0.015925389006513527
2026-01-05,TON,2.0,0.0,0.0,-0.008021790201600609
2026-01-05,TRUMP,0.0,0.0,0.0,0.007426710012309894
2026-01-05,TRX,3.0,0.06923076923076922,0.0,0.03285487483312104
2026-01-05,UNI,8.0,0.0,0.0,-0.010243046680821533
2026-01-05,VET,1.0,0.05,0.0,0.015548294013733048
2026-01-05,VIRTUAL,0.0,-0.07777777777777778,0.05,-0.014111529404799431
2026-01-05,WLD,2.0,0.0,0.0,-0.008646571762118523
2026-01-05,WLFI,,0.0,-0.05,-0.021331783034927533
2026-01-05,XLM,4.0,-0.07777777777777778,-0.07272727272727274,-0.02894129151815652
2026-01-05,XRP,4.0,0.06923076923076922,-0.07272727272727274,0.008793674216398768
2026-01-05,ZEC,2.0,-0.05,0.07083333333333333,-0.018536296235382693
2026-01-12,AAVE,,0.05,-0.07272727272727274,0.010000940452177908
2026-01-12,ADA,0.0,0.0,0.0,0.00028408282301923497
2026-01-12,ALGO,4.0,0.0,-0.05,-0.01212530666495637
2026-01-12,APT,3.0,0.0,0.07083333333333333,0.01669511253676923
2026-01-12,ARB,5.0,0.0,0.07083333333333333,0.01702992542785138
2026-01-12,ASTER,1.0,0.0,0.05,0.011396978321052104
2026-01-12,ATOM,4.0,0.0,-0.05,-0.011982216723028426
2026-01-12,AVAX,5.0,0.0,0.07083333333333333,0.016822086476202956
2026-01-12,BCH,2.0,0.05,-0.07272727272727274,0.010121278402974877
2026-01-12,BFUSD,,0.05,-0.07272727272727274,0.010956356417615725
2026-01-12,BNB,8.0,0.05,0.0,0.028210165064345677
2026-01-12,BONK,0.0,-0.05,0.0,-0.027262776562345117
2026-01-12,BTC,8.0,0.05,-0.07272727272727274,0.010939075453797645
2026-01-12,CAKE,5.0,0.0,0.0,-0.00011795269513924884
2026-01-12,CHZ,0.0,0.0,-0.05,-0.012835219596843035
2026-01-12,DASH,5.0,-0.05,0.07083333333333333,-0.011123133048038924
2026-01-12,DEXE,9.0,0.0,0.0,1.7538527287019691e-06
2026-01-12,DOGE,8.0,-0.07272727272727274,0.0,-0.038893496329271075
2026-01-12,DOT,4.0,0.0,0.0,8.295753569190255e-05
2026-01-12,ENA,,-0.07272727272727274,0.0,-0.04028807031014672
2026-01-12,ETC,3.0,0.05,-0.07272727272727274,0.009962670337040428
2026-01-12,ETH,8.0,0.05,0.0,0.02734168287878272
2026-01-12,FET,4.0,-0.07272727272727274,0.0,-0.04034605510238955
2026-01-12,FIL,3.0,0.0,0.07083333333333333,0.01702735662580894
2026-01-12,HBAR,9.0,0.0,0.0,8.237193456566805e-05
2026-01-12,ICP,3.0,-0.07272727272727274,0.07083333333333333,-0.021514894327450542
2026-01-12,JST,7.0,0.05,-0.07272727272727274,0.010532193818798287
2026-01-12,JUP,2.0,0.05,0.07083333333333333,0.044722979688375984
2026-01-12,LINK,7.0,0.05,0.0,0.028089054908636356
2026-01-12,LTC,4.0,0.05,0.0,0.028208804941041686
2026-01-12,LUNC,7.0,0.0,0.0,-0.001466689715892592
2026-01-12,MORPHO,1.0,0.0,-0.07272727272727274,-0.017739042943221137
2026-01-12,NEAR,4.0,0.0,0.07083333333333333,0.017107908654122386
2026-01-12,NEXO,0.0,0.05,-0.07272727272727274,0.010952552277132366
2026-01-12,ONDO,5.0,0.0,0.07083333333333333,0.017028584982490134
2026-01-12,PENGU,0.0,-0.07272727272727274,0.0,-0.040237947607926525
2026-01-12,PEPE,7.0,-0.05,0.0,-0.02763334619393088
2026-01-12,POL,,-0.07272727272727274,0.07083333333333333,-0.022870135621094054
2026-01-12,PUMP,2.0,-0.07272727272727274,0.05,-0.028036337079743436
2026-01-12,QNT,5.0,0.0,0.0,0.000748852900061988
2026-01-12,RENDER,4.0,-0.05,0.0,-0.027698542348321455
2026-01-12,SHIB,9.0,-0.07272727272727274,0.0,-0.0392395631929099
2026-01-12,SKY,,0.0,-0.07272727272727274,-0.01775660824213516
2026-01-12,SOL,8.0,0.05,0.07083333333333333,0.045249767663077915
2026-01-12,STX,4.0,-0.07272727272727274,0.0,-0.040344961870257955
2026-01-12,SUI,0.0,0.0,0.0,-0.001110486444801568
2026-01-12,TAO,9.0,0.0,0.0,-0.0007388734378393682
2026-01-12,TON,5.0,0.0,0.0,-0.00037217851956135046
2026-01-12,TRUMP,3.0,0.0,0.0,0.0003445692131217081
2026-01-12,TRX,2.0,0.05,0.0,0.02822524649518833
2026-01-12,UNI,1.0,0.05,0.0,0.02622567779267727
2026-01-12,VET,4.0,0.0,0.0,0.0007213777601140867
2026-01-12,VIRTUAL,9.0,-0.07272727272727274,0.05,-0.028049161535713345
2026-01-12,WLD,9.0,0.0,0.0,-0.00040116584912232474
2026-01-12,WLFI,,0.0,-0.05,-0.01243295687215979
2026-01-12,XLM,6.0,0.0,-0.07272727272727274,-0.01798748386817773
2026-01-12,XRP,8.0,0.0,-0.07272727272727274,-0.016236734555389317
2026-01-12,ZEC,5.0,-0.07272727272727274,0.07083333333333333,-0.023486432478740188
2026-01-19,AAVE,,0.07083333333333333,-0.07272727272727274,0.02009309683602794
2026-01-19,ADA,0.0,0.0,0.0,0.00012269044450536506
2026-01-19,ALGO,1.0,0.0,-0.05,-0.013758469803472657
2026-01-19,APT,1.0,0.0,0.07083333333333333,0.019282823098572703
2026-01-19,ARB,2.0,0.0,0.07083333333333333,0.019427422979679254
2026-01-19,ASTER,3.0,0.0,0.05,0.013443917422903627
2026-01-19,ATOM,1.0,0.0,-0.05,-0.013696671739116623
2026-01-19,AVAX,2.0,0.05,0.07083333333333333,0.03922176793464131
2026-01-19,BCH,4.0,0.07083333333333333,-0.07272727272727274,0.020145068709994936
2026-01-19,BFUSD,,0.07083333333333333,-0.07272727272727274,0.020505724422030035
2026-01-19,BNB,5.0,0.07083333333333333,0.0,0.04035263262591144
2026-01-19,BONK,6.0,-0.05,0.0,-0.03165842738144386
2026-01-19,BTC,5.0,0.07083333333333333,-0.07272727272727274,0.020498261073455183
2026-01-19,CAKE,7.0,0.0,0.0,-5.09417234151478e-05
2026-01-19,CHZ,7.0,0.0,-0.05,-0.014065068886963827
2026-01-19,DASH,3.0,-0.08125,0.07083333333333333,-0.025043068591412598
2026-01-19,DEXE,8.0,0.0,0.0,7.574585770249908e-07
2026-01-19,DOGE,6.0,0.0,0.0,-0.01679742654726771
2026-01-19,DOT,7.0,0.0,0.0,3.5827920959586005e-05
2026-01-19,ENA,,0.0,0.0,-0.017399718863961793
2026-01-19,ETC,7.0,0.0,-0.07272727272727274,-0.00809258293739523
2026-01-19,ETH,5.0,0.0,0.0,0.011808398657371292
2026-01-19,FET,7.0,0.0,0.0,-0.017424761490119945
2026-01-19,FIL,7.0,0.0,0.07083333333333333,0.01942631355862703
2026-01-19,HBAR,9.0,0.0,0.0,3.557500998905651e-05
2026-01-19,ICP,7.0,-0.08125,0.07083333333333333,-0.029531090067031085
2026-01-19,JST,0.0,0.0,-0.07272727272727274,-0.007846615622685805
2026-01-19,JUP,9.0,0.07083333333333333,0.07083333333333333,0.05955672441750603
2026-01-19,LINK,9.0,0.0,0.0,0.012131175675633363
2026-01-19,LTC,7.0,0.07083333333333333,0.0,0.04035204521224463
2026-01-19,LUNC,9.0,-0.08125,0.0,-0.03294511171672271
2026-01-19,MORPHO,9.0,0.0,-0.07272727272727274,-0.020056472481274273
2026-01-19,NEAR,7.0,0.0,0.07083333333333333,0.019461102582667797
2026-01-19,NEXO,0.0,0.07083333333333333,-0.07272727272727274,0.020504081479729253
2026-01-19,ONDO,2.0,0.0,0.07083333333333333,0.019426844064574643
2026-01-19,PENGU,6.0,-0.05,0.0,-0.03726217873182992
2026-01-19,PEPE,9.0,-0.05,0.0,-0.03181846997865632
2026-01-19,POL,,-0.05,0.07083333333333333,-0.017688828407184193
2026-01-19,PUMP,0.0,-0.08125,0.05,-0.035898321484202404
2026-01-19,QNT,3.0,0.07083333333333333,0.0,0.028492568154824337
2026-01-19,RENDER,1.0,-0.05,0.0,-0.03184662706706176
2026-01-19,SHIB,6.0,0.0,0.0,-0.01694688682394748
2026-01-19,SKY,,0.0,-0.07272727272727274,-0.020064058629245932
2026-01-19,SOL,5.0,0.05,0.07083333333333333,0.05149919042715976
2026-01-19,STX,1.0,-0.05,0.0,-0.03730839633581708
2026-01-19,SUI,6.0,-0.08125,0.0,-0.03279127370145678
2026-01-19,TAO,6.0,0.0,0.0,-0.00031910662375944247
2026-01-19,TON,2.0,0.05,0.0,0.01972336954566851
2026-01-19,TRUMP,1.0,-0.08125,0.0,-0.03216286039736001
2026-01-19,TRX,7.0,0.07083333333333333,0.0,0.04035914603434
2026-01-19,U,,0.0,0.0,0.0
2026-01-19,UNI,9.0,0.07083333333333333,0.0,0.039495566989599634
2026-01-19,VET,7.0,0.07083333333333333,0.0,0.02848070211837332
2026-01-19,VIRTUAL,6.0,-0.05,0.05,-0.02347629327326591
2026-01-19,WLD,2.0,0.0,0.0,-0.00017325657294618493
2026-01-19,WLFI,,0.0,-0.05,-0.01389133859248564
2026-01-19,XLM,8.0,-0.08125,-0.07272727272727274,-0.052475443672887014
2026-01-19,XRP,6.0,0.0,-0.07272727272727274,-0.019407651542618844
2026-01-19,ZEC,3.0,-0.08125,0.07083333333333333,-0.03038256320282372
2026-01-26,AAVE,,0.0,-0.05,0.00684287551084687
2026-01-26,ADA,0.0,0.0,0.0,7.203545310684295e-05
2026-01-26,ALGO,0.0,0.0,-0.06923076923076922,-0.014937999275446999
2026-01-26,APT,1.0,0.0,0.07500000000000001,0.018753186146925796
2026-01-26,ARB,2.0,0.0,0.07500000000000001,0.018838085325477965
2026-01-26,ASTER,3.0,0.05,0.07500000000000001,0.026885290869393
2026-01-26,ATOM,1.0,-0.07083333333333333,0.0,-0.024418858580791854
2026-01-26,AVAX,4.0,0.05,0.0,0.03458865603666779
2026-01-26,BCH,0.0,0.0,-0.06923076923076922,0.004967843992046767
2026-01-26,BFUSD,,0.05,-0.06923076923076922,0.016739907925904962
2026-01-26,BNB,0.0,0.0,-0.06923076923076922,0.016832345981073967
2026-01-26,BONK,5.0,0.05,0.07500000000000001,0.0004042730748885365
2026-01-26,BTC,2.0,0.0,-0.06923076923076922,0.00517521443591718
2026-01-26,CAKE,6.0,0.0,0.0,-2.9909502268476794e-05
2026-01-26,CHZ,6.0,-0.07083333333333333,0.0,-0.024635156236044717
2026-01-26,DASH,3.0,-0.07083333333333333,0.05,-0.026126268986284118
2026-01-26,DEXE,2.0,-0.07083333333333333,0.0,-0.016376663260425115
2026-01-26,DOGE,6.0,0.05,0.0,0.001698009389705709
2026-01-26,DOT,4.0,0.0,0.0,2.1035709264930368e-05
2026-01-26,ENA,,0.05,0.07500000000000001,0.008776013294073303
2026-01-26,ETC,6.0,0.0,0.0,-0.004751412231410408
2026-01-26,ETH,2.0,-0.07083333333333333,0.0,-0.009444022439802956
2026-01-26,FET,1.0,-0.07083333333333333,0.0,-0.026607738371057493
2026-01-26,FIL,8.0,0.0,0.0,0.011405805114106599
2026-01-26,HBAR,8.0,0.0,0.0,2.0887217208917097e-05
2026-01-26,ICP,8.0,-0.05,0.05,-0.023944532338583735
2026-01-26,JST,0.0,0.0,-0.06923076923076922,-0.01146696209458535
2026-01-26,JUP,8.0,0.05,0.0,0.04652795424409288
2026-01-26,LINK,0.0,0.0,0.0,0.007122598178171469
2026-01-26,LTC,4.0,0.05,-0.06923076923076922,0.028392312613087833
2026-01-26,LUNC,8.0,0.0,0.0,-0.01934312048291506
2026-01-26,MORPHO,3.0,-0.07083333333333333,-0.05,-0.0331073186251779
2026-01-26,NEAR,4.0,0.0,0.0,0.011426230854024853
2026-01-26,NEXO,0.0,0.0,-0.06923076923076922,0.005178631781130238
2026-01-26,ONDO,4.0,0.05,0.0,0.022966428112199233
2026-01-26,PENGU,5.0,0.0,0.07500000000000001,-0.014446178678932345
2026-01-26,PEPE,8.0,0.0,0.07500000000000001,-0.011250004533525284
2026-01-26,POL,,-0.05,0.0,-0.021945983970101158
2026-01-26,PUMP,0.0,0.0,0.07500000000000001,-0.013645414811770677
2026-01-26,QNT,3.0,0.0,-0.06923076923076922,0.009868925793825645
2026-01-26,RENDER,1.0,-0.05,0.05,-0.025304057586498015
2026-01-26,RLUSD,,0.0,0.0,0.0
2026-01-26,SHIB,5.0,0.05,0.0,0.0016102565186854184
2026-01-26,SKY,,0.0,-0.06923076923076922,-0.018640210560125825
2026-01-26,SOL,6.0,0.0,0.0,0.030236808840429456
2026-01-26,STX,5.0,-0.07083333333333333,0.0,-0.038282051324240826
2026-01-26,SUI,5.0,-0.07083333333333333,0.05,-0.030675486067671263
2026-01-26,TAO,5.0,-0.07083333333333333,0.0,-0.01656446561289523
2026-01-26,TON,4.0,0.05,0.0,0.023140527631313676
2026-01-26,TRUMP,1.0,0.0,0.0,-0.01888383591139936
2026-01-26,TRX,8.0,0.0,-0.06923076923076922,0.016836170209841846
2026-01-26,U,,0.0,0.0,0.0
2026-01-26,UNI,3.0,0.05,0.0,0.03474941214985707
2026-01-26,VET,8.0,0.05,0.0,0.028282235467041013
2026-01-26,VIRTUAL,5.0,-0.07083333333333333,0.05,-0.025206365481049205
2026-01-26,WLD,2.0,0.05,0.0,0.011458587089569356
2026-01-26,WLFI,,0.0,0.07500000000000001,-0.0007244168439946626
2026-01-26,XLM,2.0,0.0,-0.06923076923076922,-0.037669963177388056
2026-01-26,XRP,6.0,0.05,-0.06923076923076922,-0.0066945016096439085
2026-01-26,ZEC,3.0,-0.07083333333333333,0.07500000000000001,-0.02678404609051398
2026-02-02,AAVE,,0.0,-0.05,-0.0005127559805530486
2026-02-02,ADA,0.0,0.0,0.0,3.85903725716092e-05
2026-02-02,ALGO,1.0,0.0,-0.06923076923076922,-0.013788212222109873
2026-02-02,APT,2.0,0.0,0.07500000000000001,0.01631420331037836
2026-02-02,ARB,5.0,-0.07272727272727274,0.07500000000000001,0.002177846108372187
2026-02-02,ASTER,4.0,-0.05,0.07500000000000001,0.010920668273786096
2026-02-02,ATOM,4.0,0.0,0.0,-0.013081514861973955
2026-02-02,AVAX,5.0,0.05,0.0,0.02827962796908738
2026-02-02,BCH,4.0,0.0,-0.06923076923076922,-0.003124381081833877
2026-02-02,BFUSD,,0.05,-0.06923076923076922,0.012932087983041431
2026-02-02,BNB,0.0,-0.07272727272727274,-0.06923076923076922,-0.010950244747725622
2026-02-02,BONK,7.0,0.05,0.07500000000000001,0.01623445507188864
2026-02-02,BTC,6.0,0.0,-0.06923076923076922,-0.0030132899129141806
2026-02-02,CAKE,8.0,-0.07272727272727274,0.0,-0.014197861774771923
2026-02-02,CHZ,8.0,-0.05,0.0,-0.02294740266708544
2026-02-02,DASH,2.0,-0.05,0.05,-0.019567634542659487
2026-02-02,DEXE,8.0,0.0,0.0,-0.008773201381300881
2026-02-02,DOGE,5.0,0.05,0.0,0.010659660946115423
2026-02-02,DOT,2.0,0.0,0.0,1.1269115731634101e-05
2026-02-02,ENA,,0.05,0.07500000000000001,0.020719310239689006
2026-02-02,ETC,8.0,0.0,0.0,-0.0025453961951134125
2026-02-02,ETH,6.0,-0.07272727272727274,0.0,-0.01924113019361319
2026-02-02,FET,2.0,0.05,0.0,-0.004504113346880313
2026-02-02,FIL,3.0,0.0,0.0,0.006110245023095817
2026-02-02,HBAR,1.0,0.0,0.0,1.1189566516375094e-05
2026-02-02,ICP,3.0,-0.05,0.05,-0.018398848528875203
2026-02-02,JST,0.0,-0.07272727272727274,-0.06923076923076922,-0.02611056921377248
2026-02-02,JUP,3.0,0.0,0.0,0.024925658295106425
2026-02-02,LINK,5.0,0.0,0.0,0.0038156727766510217
2026-02-02,LTC,4.0,0.05,-0.06923076923076922,0.019174439753448166
2026-02-02,LUNC,0.0,0.0,0.0,-0.010362372886390692
2026-02-02,MORPHO,3.0,-0.07272727272727274,-0.05,-0.0360964575153167
2026-02-02,NEAR,2.0,0.0,0.0,0.006121187369947264
2026-02-02,NEXO,0.0,0.0,-0.06923076923076922,-0.0030114591945763353
2026-02-02,ONDO,5.0,0.05,0.0,0.022053442301147207
2026-02-02,PENGU,7.0,0.05,0.07500000000000001,0.00827886596513788
2026-02-02,PEPE,5.0,0.05,0.07500000000000001,0.009991099952089594
2026-02-02,POL,,0.05,0.0,-0.002006748071709235
2026-02-02,PUMP,0.0,-0.07272727272727274,0.07500000000000001,-0.01522400698842278
2026-02-02,QNT,1.0,-0.07272727272727274,-0.06923076923076922,-0.01468064370835978
2026-02-02,RENDER,7.0,0.05,0.05,0.00037286370894011947
2026-02-02,RLUSD,,0.0,0.0,0.0
2026-02-02,SHIB,7.0,0.05,0.0,0.010612650538866666
2026-02-02,SKY,,-0.07272727272727274,-0.06923076923076922,-0.02995337603867513
2026-02-02,SOL,8.0,0.0,0.0,0.01619826999349929
2026-02-02,STX,4.0,-0.07272727272727274,0.0,-0.034690054728462386
2026-02-02,SUI,7.0,0.0,0.05,-0.012254697836636214
2026-02-02,TAO,7.0,0.05,0.0,0.0008762045502102474
2026-02-02,TON,5.0,0.0,0.0,0.012396695575323342
2026-02-02,TRUMP,2.0,0.0,0.0,-0.010116327890950813
2026-02-02,TRX,3.0,0.0,-0.06923076923076922,0.0032336427910332737
2026-02-02,U,,0.0,0.0,0.0
2026-02-02,UNI,5.0,0.05,0.0,0.02836574720667914
2026-02-02,VET,1.0,0.0,0.0,0.015151178437266103
2026-02-02,VIRTUAL,4.0,0.0,0.05,-0.009324815508225427
2026-02-02,WLD,5.0,0.0,0.0,0.006138521045669761
2026-02-02,WLFI,,-0.07272727272727274,0.07500000000000001,-0.008302052533108676
2026-02-02,XLM,0.0,0.0,-0.06923076923076922,-0.02596603464739763
2026-02-02,XRP,8.0,0.0,-0.06923076923076922,-0.009372058335429975
2026-02-02,ZEC,2.0,0.0,0.07500000000000001,-0.008080711722866025
2026-02-09,AAVE,,-0.06785714285714284,-0.05,-0.02451833712183406
2026-02-09,ADA,0.0,0.0,0.0,1.3544323735070833e-05
2026-02-09,ALGO,1.0,0.05,-0.06923076923076922,0.0007023180345513188
2026-02-09,APT,2.0,0.05,0.07500000000000001,0.028117208092838485
2026-02-09,ARB,3.0,0.0,0.07500000000000001,0.009526187168783158
2026-02-09,ASTER,1.0,-0.06785714285714284,0.07500000000000001,-0.0059024479647593366
2026-02-09,ATOM,1.0,-0.06785714285714284,0.0,-0.023088470120979324
2026-02-09,AVAX,2.0,0.0,0.0,0.009925492054007164
2026-02-09,BCH,5.0,0.0,-0.06923076923076922,-0.009184413264538813
2026-02-09,BFUSD,,0.05,-0.06923076923076922,0.01008052229016671
2026-02-09,BNB,7.0,0.05,-0.06923076923076922,0.0016983786491860837
2026-02-09,BONK,1.0,0.0,0.07500000000000001,0.014459730167516279
2026-02-09,BTC,3.0,0.05,-0.06923076923076922,0.004484065300794359
2026-02-09,CAKE,6.0,0.05,0.0,0.008646368695322856
2026-02-09,CHZ,6.0,0.05,0.0,0.00557548322618593
2026-02-09,DASH,2.0,0.0,0.05,-0.0010265756665856773
2026-02-09,DEXE,6.0,-0.06785714285714284,0.0,-0.021576352236495972
2026-02-09,DOGE,6.0,0.0,0.0,0.003741293207065252
2026-02-09,DOT,2.0,0.0,0.0,3.955197669937063e-06
2026-02-09,ENA,,0.0,0.07500000000000001,0.016033810080449875
2026-02-09,ETC,6.0,0.0,0.0,-0.0008933748964630936
2026-02-09,ETH,3.0,0.05,0.0,0.00687629871165292
2026-02-09,FET,1.0,-0.06785714285714284,0.0,-0.02007800157184733
2026-02-09,FIL,9.0,0.0,0.0,0.0021445539697717434
2026-02-09,HBAR,4.0,-0.06785714285714284,0.0,-0.01849323520797071
2026-02-09,ICP,9.0,0.0,0.05,-0.0006163589443101414
2026-02-09,JST,8.0,0.0,-0.06923076923076922,-0.017252030982312948
2026-02-09,JUP,9.0,0.05,0.0,0.02237781480921241
2026-02-09,LINK,2.0,0.0,0.0,0.0013392124488603506
2026-02-09,LTC,2.0,0.05,-0.06923076923076922,0.01227144265740834
2026-02-09,LUNC,8.0,0.05,0.0,0.009992536138772753
2026-02-09,MORPHO,9.0,-0.06785714285714284,-0.05,-0.03700738921337955
2026-02-09,NEAR,2.0,0.0,0.0,0.002148394479160514
2026-02-09,NEXO,0.0,0.0,-0.06923076923076922,-0.009144780306993425
2026-02-09,ONDO,5.0,0.0,0.0,0.007740245612948421
2026-02-09,PENGU,5.0,-0.06785714285714284,0.07500000000000001,-0.006829659166102162
2026-02-09,PEPE,2.0,-0.06785714285714284,0.07500000000000001,-0.0062287048377543015
2026-02-09,POL,,-0.06785714285714284,0.0,-0.019201484411799842
2026-02-09,PUMP,0.0,-0.06785714285714284,0.07500000000000001,-0.015078621245868671
2026-02-09,QNT,4.0,0.0,-0.06923076923076922,-0.013240392819820933
2026-02-09,RENDER,5.0,-0.06785714285714284,0.05,-0.012525086785120884
2026-02-09,RLUSD,,0.0,0.0,0.0
2026-02-09,SHIB,5.0,0.0,0.0,0.003724793646883158
2026-02-09,SKY,,0.0,-0.06923076923076922,-0.01860076685137561
2026-02-09,SOL,6.0,0.05,0.0,0.019314704384473958
2026-02-09,STX,1.0,0.0,0.0,-0.012175402835454579
2026-02-09,SUI,5.0,0.0,0.05,0.00154009512718975
2026-02-09,TAO,5.0,-0.06785714285714284,0.0,-0.01818963505606504
2026-02-09,TON,5.0,0.0,0.0,0.004350951984351313
2026-02-09,TRUMP,5.0,0.0,0.0,-0.003550595934540637
2026-02-09,TRX,9.0,0.05,-0.06923076923076922,0.006676593469224465
2026-02-09,U,,0.05,0.0,0.013629488147369112
2026-02-09,UNI,9.0,0.05,0.0,0.02358520605191959
2026-02-09,VET,4.0,0.0,0.0,0.005317711440628349
2026-02-09,VIRTUAL,1.0,-0.06785714285714284,0.05,-0.015928746766698546
2026-02-09,WLD,5.0,0.0,0.0,0.0021544781964158623
2026-02-09,WLFI,,0.0,0.07500000000000001,0.005847986352049585
2026-02-09,XLM,0.0,0.0,-0.06923076923076922,-0.017201302709237677
2026-02-09,XRP,6.0,0.0,-0.06923076923076922,-0.011377202752588453
2026-02-09,ZEC,3.0,-0.05,0.07500000000000001,-0.007703816316016462
2026-02-16,AAVE,,-0.06785714285714284,-0.05,-0.03749999999999999
2026-02-16,ADA,0.0,0.0,0.0,0.0
2026-02-16,ALGO,1.0,0.06923076923076922,-0.06923076923076922,0.01661538461538461
2026-02-16,APT,2.0,0.06923076923076922,0.07500000000000001,0.04257692307692307
2026-02-16,ARB,3.0,0.0,0.07500000000000001,0.013500000000000002
2026-02-16,ASTER,4.0,-0.06785714285714284,0.07500000000000001,-0.014999999999999989
2026-02-16,ATOM,5.0,-0.06785714285714284,0.0,-0.02849999999999999
2026-02-16,AVAX,2.0,0.0,0.0,0.0
2026-02-16,BCH,6.0,0.0,-0.06923076923076922,-0.01246153846153846
2026-02-16,BFUSD,,0.06923076923076922,-0.06923076923076922,0.01661538461538461
2026-02-16,BNB,3.0,0.05,-0.06923076923076922,0.008538461538461538
2026-02-16,BONK,0.0,0.0,0.07500000000000001,0.013500000000000002
2026-02-16,BTC,3.0,0.06923076923076922,-0.06923076923076922,0.01661538461538461
2026-02-16,CAKE,3.0,0.05,0.0,0.020999999999999998
2026-02-16,CHZ,3.0,0.06923076923076922,0.0,0.02907692307692307
2026-02-16,DASH,8.0,0.0,0.05,0.009
2026-02-16,DEXE,9.0,-0.06785714285714284,0.0,-0.02849999999999999
2026-02-16,DOGE,0.0,0.0,0.0,0.0
2026-02-16,DOT,2.0,0.0,0.0,0.0
2026-02-16,ENA,,0.0,0.07500000000000001,0.013500000000000002
2026-02-16,ETC,7.0,0.0,0.0,0.0
2026-02-16,ETH,3.0,0.0,0.0,0.0
2026-02-16,FET,5.0,0.0,0.0,0.0
2026-02-16,FIL,9.0,0.0,0.0,0.0
2026-02-16,HBAR,1.0,-0.06785714285714284,0.0,-0.02849999999999999
2026-02-16,ICP,0.0,0.0,0.05,0.009
2026-02-16,JST,6.0,0.06923076923076922,-0.06923076923076922,0.01661538461538461
2026-02-16,JUP,9.0,0.06923076923076922,0.0,0.02907692307692307
2026-02-16,LINK,0.0,0.0,0.0,0.0
2026-02-16,LTC,5.0,0.06923076923076922,-0.06923076923076922,0.01661538461538461
2026-02-16,LUNC,6.0,0.06923076923076922,0.0,0.02907692307692307
2026-02-16,MORPHO,9.0,-0.06785714285714284,-0.05,-0.03749999999999999
2026-02-16,NEAR,2.0,0.0,0.0,0.0
2026-02-16,NEXO,7.0,0.0,-0.06923076923076922,-0.01246153846153846
2026-02-16,ONDO,4.0,0.0,0.0,0.0
2026-02-16,PENGU,0.0,-0.06785714285714284,0.07500000000000001,-0.014999999999999989
2026-02-16,PEPE,1.0,-0.06785714285714284,0.07500000000000001,-0.014999999999999989
2026-02-16,POL,,-0.06785714285714284,0.0,-0.02849999999999999
2026-02-16,PUMP,7.0,-0.06785714285714284,0.07500000000000001,-0.014999999999999989
2026-02-16,QNT,1.0,0.0,-0.06923076923076922,-0.01246153846153846
2026-02-16,RENDER,5.0,-0.06785714285714284,0.05,-0.019499999999999993
2026-02-16,RLUSD,,0.06923076923076922,0.0,0.02907692307692307
2026-02-16,SHIB,0.0,0.0,0.0,0.0
2026-02-16,SKY,,0.0,-0.06923076923076922,-0.01246153846153846
2026-02-16,SOL,3.0,0.06923076923076922,0.0,0.02907692307692307
2026-02-16,STX,5.0,0.0,0.0,0.0
2026-02-16,SUI,0.0,0.0,0.05,0.009
2026-02-16,TAO,0.0,-0.06785714285714284,0.0,-0.02849999999999999
2026-02-16,TON,4.0,0.0,0.0,0.0
2026-02-16,TRUMP,7.0,0.0,0.0,0.0
2026-02-16,TRX,9.0,0.06923076923076922,-0.06923076923076922,0.01661538461538461
2026-02-16,U,,0.06923076923076922,0.0,0.02907692307692307
2026-02-16,UNI,9.0,0.0,0.0,0.0
2026-02-16,VET,1.0,0.0,0.0,0.0
2026-02-16,VIRTUAL,5.0,-0.06785714285714284,0.05,-0.019499999999999993
2026-02-16,WLD,4.0,0.0,0.0,0.0
2026-02-16,WLFI,,-0.06785714285714284,0.07500000000000001,-0.014999999999999989
2026-02-16,XLM,7.0,0.0,-0.06923076923076922,-0.01246153846153846
2026-02-16,XRP,7.0,0.0,-0.06923076923076922,-0.01246153846153846
2026-02-16,ZEC,8.0,-0.05,0.07500000000000001,-0.007499999999999996
2026-02-23,AAVE,,-0.06923076923076922,-0.05,-0.03791270635317658
2026-02-23,ADA,8.0,0.0,0.0,0.0
2026-02-23,ALGO,1.0,0.05,-0.07272727272727274,0.010387270558356095
2026-02-23,APT,8.0,-0.06923076923076922,0.05,-0.002242986878054423
2026-02-23,ARB,9.0,0.0,0.0,0.003842671335667831
2026-02-23,ASTER,4.0,-0.06923076923076922,-0.05,-0.031508254127063526
2026-02-23,ATOM,5.0,-0.06923076923076922,0.05,-0.022474487243621805
2026-02-23,AVAX,8.0,0.0,0.07500000000000001,0.00965732866433217
2026-02-23,BCH,3.0,-0.06923076923076922,0.05,-0.017909262323469424
2026-02-23,BFUSD,,0.05,-0.07272727272727274,0.010387270558356095
2026-02-23,BNB,6.0,0.0,0.07500000000000001,0.0120877361757802
2026-02-23,BONK,5.0,0.0,0.0,0.003842671335667831
2026-02-23,BTC,9.0,0.05,-0.07272727272727274,0.010387270558356095
2026-02-23,CAKE,6.0,0.05,0.0,0.020999999999999998
2026-02-23,CHZ,5.0,0.05,0.0,0.023299034132450835
2026-02-23,DASH,9.0,0.0,0.07500000000000001,0.01221910955477739
2026-02-23,DEXE,2.0,-0.05,0.0,-0.023134817408704347
2026-02-23,DOGE,5.0,0.0,0.0,0.0
2026-02-23,DOT,8.0,-0.06923076923076922,0.0,-0.02080040020010005
2026-02-23,ENA,,0.0,-0.05,-0.0025955477738869477
2026-02-23,ETC,9.0,0.05,0.0,0.015022511255627816
2026-02-23,ETH,9.0,0.05,0.07500000000000001,0.024679839919959985
2026-02-23,FET,5.0,0.0,0.0,0.0
2026-02-23,FIL,7.0,0.0,0.0,0.0
2026-02-23,HBAR,3.0,0.0,0.0,-0.00811230615307653
2026-02-23,ICP,7.0,0.0,0.0,0.0025617808904452206
2026-02-23,JST,2.0,0.0,-0.07272727272727274,-0.004635240697271722
2026-02-23,JUP,7.0,0.0,0.0,0.008276522876823018
2026-02-23,LINK,8.0,0.05,0.0,0.015022511255627816
2026-02-23,LTC,8.0,0.05,0.0,0.019751952899526685
2026-02-23,LUNC,3.0,-0.06923076923076922,-0.05,-0.018962096432831817
2026-02-23,MORPHO,2.0,-0.06923076923076922,-0.07272727272727274,-0.04083916958479239
2026-02-23,NEAR,8.0,-0.06923076923076922,0.0,-0.02080040020010005
2026-02-23,NEXO,9.0,0.05,-0.07272727272727274,0.002110747681533076
2026-02-23,ONDO,4.0,0.0,0.0,0.0
2026-02-23,PENGU,4.0,0.0,0.0,-0.004269634817408698
2026-02-23,PEPE,3.0,-0.06923076923076922,0.0,-0.02507003501750875
2026-02-23,POL,,-0.06923076923076922,0.07500000000000001,-0.01925537768884441
2026-02-23,PUMP,8.0,0.0,0.0,-0.004269634817408698
2026-02-23,QNT,3.0,0.0,-0.07272727272727274,-0.01291176357409474
2026-02-23,RENDER,5.0,0.0,0.07500000000000001,0.004106803401700859
2026-02-23,RLUSD,,0.05,0.0,0.023299034132450835
2026-02-23,SHIB,5.0,0.0,-0.07272727272727274,-0.00936468234117059
2026-02-23,SKY,,0.0,-0.07272727272727274,-0.01291176357409474
2026-02-23,SOL,9.0,0.0,0.07500000000000001,0.01793385154115519
2026-02-23,STX,1.0,0.0,0.0,0.0
2026-02-23,SUI,5.0,0.05,0.07500000000000001,0.027241620810405202
2026-02-23,TAO,4.0,-0.06923076923076922,0.0,-0.02891270635317658
2026-02-23,TON,3.0,0.0,-0.07272727272727274,-0.00936468234117059
2026-02-23,TRUMP,8.0,0.0,0.0,0.0
2026-02-23,TRX,7.0,0.05,0.0,0.019751952899526685
2026-02-23,U,,0.05,-0.07272727272727274,0.013934351791280247
2026-02-23,UNI,2.0,0.0,0.07500000000000001,0.00965732866433217
2026-02-23,VET,3.0,0.0,0.0,0.0
2026-02-23,VIRTUAL,4.0,0.0,0.07500000000000001,0.004106803401700859
2026-02-23,WLD,4.0,0.05,0.0,0.015022511255627816
2026-02-23,WLFI,,-0.06923076923076922,0.05,-0.018631815907953972
2026-02-23,XLM,5.0,0.0,0.0,-0.003547081232924151
2026-02-23,XRP,9.0,0.0,0.0,-0.003547081232924151
2026-02-23,ZEC,0.0,-0.05,0.05,-0.010719109554777388
2026-03-02,AAVE,,-0.06923076923076922,-0.05,-0.049875871239761664
2026-03-02,ADA,0.0,0.0,0.0,0.0
2026-03-02,ALGO,1.0,0.05,-0.07272727272727274,0.010534462836676129
2026-03-02,APT,2.0,-0.06923076923076922,0.05,-0.025064979060665935
2026-03-02,ARB,3.0,0.0,0.0,0.00026701517029360713
2026-03-02,ASTER,0.0,-0.06923076923076922,-0.05,-0.04943084595593898
2026-03-02,ATOM,1.0,-0.06923076923076922,0.05,-0.026470802521357063
2026-03-02,AVAX,2.0,0.05,0.07500000000000001,0.04347466183601376
2026-03-02,BCH,5.0,-0.06923076923076922,0.05,-0.02615357937032449
2026-03-02,BFUSD,,0.05,-0.07272727272727274,0.010534462836676129
2026-03-02,BNB,4.0,0.05,0.07500000000000001,0.04364354322577211
2026-03-02,BONK,1.0,0.0,0.0,0.00026701517029360713
2026-03-02,BTC,6.0,0.05,-0.07272727272727274,0.010534462836676129
2026-03-02,CAKE,4.0,0.05,0.0,0.027513591970589276
2026-03-02,CHZ,1.0,0.0,0.0,0.0016189767542197885
2026-03-02,DASH,3.0,0.0,0.07500000000000001,0.017598304067185717
2026-03-02,DEXE,2.0,-0.06923076923076922,0.0,-0.037682844455847006
2026-03-02,DOGE,1.0,0.0,0.0,0.0
2026-03-02,DOT,0.0,-0.06923076923076922,0.0,-0.03752063313095277
2026-03-02,ENA,,0.0,-0.05,-0.011346514132144155
2026-03-02,ETC,4.0,0.0,0.0,0.0010438671566643277
2026-03-02,ETH,6.0,0.05,0.07500000000000001,0.044518528992678094
2026-03-02,FET,8.0,0.0,0.0,0.0
2026-03-02,FIL,3.0,0.0,0.0,0.0
2026-03-02,HBAR,0.0,0.0,0.0,-0.0005636986928420594
2026-03-02,ICP,3.0,-0.06923076923076922,0.0,-0.03589726849281155
2026-03-02,JST,5.0,0.0,-0.07272727272727274,-0.01656377220234531
2026-03-02,JUP,6.0,0.0,0.0,0.0005751095975554616
2026-03-02,LINK,3.0,0.05,0.0,0.027098235039021444
2026-03-02,LTC,2.0,0.05,0.0,0.027426869094767423
2026-03-02,LUNC,0.0,-0.06923076923076922,-0.05,-0.04855905283583507
2026-03-02,MORPHO,8.0,-0.06923076923076922,-0.07272727272727274,-0.05515474819541519
2026-03-02,NEAR,2.0,0.0,0.0,-0.0014453545246121448
2026-03-02,NEXO,4.0,0.05,-0.07272727272727274,0.009959353239120668
2026-03-02,ONDO,2.0,0.0,0.0,0.0
2026-03-02,PENGU,8.0,0.0,0.0,-0.00029668352254845227
2026-03-02,PEPE,0.0,-0.05,0.0,-0.027796405929517713
2026-03-02,POL,,-0.06923076923076922,0.07500000000000001,-0.02066403787013818
2026-03-02,PUMP,6.0,0.0,0.0,-0.00029668352254845227
2026-03-02,QNT,3.0,0.0,-0.07272727272727274,-0.017138881799900776
2026-03-02,RENDER,1.0,0.0,0.07500000000000001,0.017034605374343658
2026-03-02,RLUSD,,0.05,0.0,0.027673344636576905
2026-03-02,SHIB,0.0,0.0,-0.07272727272727274,-0.01689240625809129
2026-03-02,SKY,,0.0,-0.07272727272727274,-0.017138881799900776
2026-03-02,SOL,4.0,0.05,0.07500000000000001,0.044049771433569224
2026-03-02,STX,1.0,0.0,0.0,0.0
2026-03-02,SUI,1.0,0.05,0.07500000000000001,0.04469653910620716
2026-03-02,TAO,8.0,0.0,0.0,-0.002009053217454204
2026-03-02,TON,0.0,0.0,-0.07272727272727274,-0.01689240625809129
2026-03-02,TRUMP,8.0,0.0,0.0,0.0
2026-03-02,TRX,4.0,0.05,0.0,0.027426869094767423
2026-03-02,U,,0.05,-0.07272727272727274,0.010780938378485613
2026-03-02,UNI,8.0,0.0,0.07500000000000001,0.017420293953656647
2026-03-02,VET,0.0,0.0,0.0,0.0
2026-03-02,VIRTUAL,8.0,-0.06923076923076922,0.07500000000000001,-0.019040673231996964
2026-03-02,WLD,0.0,0.0,0.0,0.0010438671566643277
2026-03-02,WLFI,,-0.06923076923076922,0.05,-0.026203787351063455
2026-03-02,XLM,8.0,0.0,0.0,-0.00024647554180948347
2026-03-02,XRP,1.0,0.0,0.0,-0.00024647554180948347
2026-03-02,ZEC,3.0,-0.05,0.05,-0.015633047497857905
2026-03-09,AAVE,,0.0,-0.05,-0.031687083857345734
2026-03-09,ADA,0.0,0.0,0.0,0.0
2026-03-09,ALGO,1.0,-0.07272727272727274,-0.07272727272727274,-0.02246453584625428
2026-03-09,APT,2.0,0.0,0.05,-0.007265599101838258
2026-03-09,ARB,2.0,-0.07272727272727274,0.0,-0.01941930126431345
2026-03-09,ASTER,2.0,0.05,-0.05,-0.018009582064461238
2026-03-09,ATOM,1.0,0.0,0.05,-0.007996316665641667
2026-03-09,AVAX,2.0,0.0,0.07500000000000001,0.031241195182769445
2026-03-09,BCH,3.0,0.0,0.05,-0.007831430721861356
2026-03-09,BFUSD,,0.05,-0.07272727272727274,0.010539741285656865
2026-03-09,BNB,0.0,0.0,0.07500000000000001,0.03132897618881076
2026-03-09,BONK,1.0,0.0,0.0,0.0001387888879301928
2026-03-09,BTC,6.0,0.0,-0.07272727272727274,-0.0029064456940106377
2026-03-09,CAKE,0.0,0.0,0.0,0.014300988323488495
2026-03-09,CHZ,1.0,0.0,0.0,0.0008415101773278429
2026-03-09,DASH,6.0,0.0,0.07500000000000001,0.017791206875099747
2026-03-09,DEXE,7.0,-0.07272727272727274,0.0,-0.039144842733839016
2026-03-09,DOGE,1.0,0.0,0.0,0.0
2026-03-09,DOT,4.0,-0.07272727272727274,0.0,-0.03906052868768576
2026-03-09,ENA,,-0.07272727272727274,-0.05,-0.031218421897522084
2026-03-09,ETC,0.0,0.05,0.0,0.013988767244530314
2026-03-09,ETH,6.0,0.0,0.07500000000000001,0.03178377544763226
2026-03-09,FET,1.0,-0.05,0.0,-0.013446186979667502
2026-03-09,FIL,4.0,0.05,0.0,0.013446186979667502
2026-03-09,HBAR,4.0,0.05,0.0,0.013153188216259317
2026-03-09,ICP,6.0,0.0,0.0,-0.01865864762803758
2026-03-09,JST,7.0,0.0,-0.07272727272727274,-0.01699154019182994
2026-03-09,JUP,4.0,0.0,0.0,0.0002989299124650307
2026-03-09,LINK,0.0,0.0,0.0,0.014085094497819306
2026-03-09,LTC,2.0,0.05,0.0,0.02770209857032397
2026-03-09,LUNC,2.0,-0.07272727272727274,-0.05,-0.050560719408429364
2026-03-09,MORPHO,0.0,0.0,-0.07272727272727274,-0.037050320508804205
2026-03-09,NEAR,2.0,0.0,0.0,-0.00075126498211774
2026-03-09,NEXO,0.0,0.05,-0.07272727272727274,0.010240811373191834
2026-03-09,ONDO,2.0,0.0,0.0,0.0
2026-03-09,PENGU,7.0,-0.07272727272727274,0.0,-0.019712300027721633
2026-03-09,PEPE,3.0,0.0,0.0,-0.014447989090552225
2026-03-09,POL,,0.05,0.07500000000000001,0.011349430630630153
2026-03-09,PUMP,1.0,0.05,0.0,0.013291977104189508
2026-03-09,QNT,6.0,0.0,-0.07272727272727274,-0.017290470104294974
2026-03-09,RENDER,1.0,-0.05,0.07500000000000001,0.004052021132024061
2026-03-09,RLUSD,,0.05,0.0,0.02783021138995184
2026-03-09,SHIB,3.0,0.0,-0.07272727272727274,-0.017162357284667102
2026-03-09,SKY,,0.05,-0.07272727272727274,-0.003844283124627472
2026-03-09,SOL,0.0,0.0,0.07500000000000001,0.031540125095234475
2026-03-09,STX,4.0,0.05,0.0,0.013446186979667502
2026-03-09,SUI,1.0,-0.07272727272727274,0.07500000000000001,0.012318211220675411
2026-03-09,TAO,7.0,-0.05,0.0,-0.014490450725193426
2026-03-09,TON,3.0,0.0,-0.07272727272727274,-0.017162357284667102
2026-03-09,TRUMP,7.0,-0.05,0.0,-0.013446186979667502
2026-03-09,TRX,0.0,0.05,0.0,0.02770209857032397
2026-03-09,U,,0.05,-0.07272727272727274,0.010667854105284735
2026-03-09,UNI,7.0,0.0,0.07500000000000001,0.017698680949812952
2026-03-09,VET,3.0,0.0,0.0,0.0
2026-03-09,VIRTUAL,7.0,-0.07272727272727274,0.07500000000000001,-0.020811055593876457
2026-03-09,WLD,4.0,0.05,0.0,0.013988767244530314
2026-03-09,WLFI,,0.0,0.05,-0.007857527777711471
2026-03-09,XLM,1.0,-0.07272727272727274,0.0,-0.01968620297187151
2026-03-09,XRP,1.0,0.0,0.0,-0.00012811281962787026
2026-03-09,ZEC,6.0,-0.07272727272727274,0.05,-0.021921168954593312
2026-03-16,AAVE,,0.0,-0.05,-0.016062235378652846
2026-03-16,ADA,2.0,0.0,0.0,0.0
2026-03-16,ALGO,7.0,-0.06666666666666667,-0.07272727272727274,-0.04811827610800791
2026-03-16,APT,2.0,0.0,0.05,0.008024733839225834
2026-03-16,ARB,3.0,0.0,0.0,-0.0040069810844625305
2026-03-16,ASTER,4.0,0.05,-0.05,0.00898245852577589
2026-03-16,ATOM,7.0,0.0,0.05,0.007873957484485127
2026-03-16,AVAX,6.0,0.0,0.07500000000000001,0.020732189892462095
2026-03-16,BCH,7.0,0.0,0.05,0.007907980071025642
2026-03-16,BFUSD,,0.05,-0.07272727272727274,0.010544275670703679
2026-03-16,BNB,5.0,0.0,0.07500000000000001,0.02075030263637575
2026-03-16,BONK,7.0,0.0,0.0,2.8637716728348712e-05
2026-03-16,BTC,5.0,0.0,-0.07272727272727274,-0.014452688705844471
2026-03-16,CAKE,5.0,-0.06666666666666667,0.0,-0.026679100857515473
2026-03-16,CHZ,4.0,0.0,0.0,0.000173637316659374
2026-03-16,DASH,5.0,0.0,0.07500000000000001,0.017956917600141536
2026-03-16,DEXE,0.0,-0.06666666666666667,0.0,-0.03770712041265999
2026-03-16,DOGE,7.0,0.0,0.0,0.0
2026-03-16,DOT,2.0,-0.06666666666666667,0.0,-0.03768972304168911
2026-03-16,ENA,,0.0,-0.05,-0.0159655316104554
2026-03-16,ETC,3.0,0.05,0.0,0.025108920457177233
2026-03-16,ETH,5.0,0.0,0.07500000000000001,0.02084414597309118
2026-03-16,FET,0.0,-0.05,0.0,-0.02499696437654815
2026-03-16,FIL,2.0,0.05,0.0,0.02499696437654815
2026-03-16,HBAR,2.0,0.05,0.0,0.024936506974566078
2026-03-16,ICP,3.0,-0.06666666666666667,0.0,-0.03347999631770573
2026-03-16,JST,0.0,0.05,-0.07272727272727274,0.004863467560783076
2026-03-16,JUP,2.0,0.0,0.0,6.168123603028956e-05
2026-03-16,LINK,3.0,0.0,0.0,0.002906320184101875
2026-03-16,LTC,0.0,0.05,0.0,0.02793853098123876
2026-03-16,LUNC,4.0,-0.06666666666666667,-0.05,-0.04958659233165169
2026-03-16,MORPHO,1.0,0.0,-0.07272727272727274,-0.02149794016319506
2026-03-16,NEAR,3.0,0.0,0.0,-0.00015501611164027082
2026-03-16,NEXO,1.0,0.05,-0.07272727272727274,0.010482594434673389
2026-03-16,NIGHT,6.0,0.0,0.0,0.0
2026-03-16,ONDO,6.0,0.0,0.0,0.0
2026-03-16,PENGU,6.0,-0.06666666666666667,0.0,-0.033697407087417156
2026-03-16,PEPE,7.0,0.0,0.0,-0.0029811999003667815
2026-03-16,POL,,0.05,0.07500000000000001,0.03885019712402971
2026-03-16,PUMP,5.0,0.05,0.0,0.024965144691294426
2026-03-16,QNT,5.0,0.05,-0.07272727272727274,0.004801786324752786
2026-03-16,RENDER,7.0,-0.05,0.07500000000000001,-0.007100504178388681
2026-03-16,RLUSD,,0.05,0.0,0.027964965796680313
2026-03-16,SHIB,7.0,0.0,-0.07272727272727274,-0.01739425531053508
2026-03-16,SKY,,0.05,-0.07272727272727274,0.007576274250571514
2026-03-16,SOL,3.0,0.0,0.07500000000000001,0.020793871128492382
2026-03-16,STX,4.0,0.05,0.0,0.02499696437654815
2026-03-16,SUI,7.0,-0.06666666666666667,0.07500000000000001,-0.012802349617920029
2026-03-16,TAO,0.0,-0.05,0.0,-0.02521243789017049
2026-03-16,TON,8.0,0.0,-0.07272727272727274,-0.01739425531053508
2026-03-16,TRUMP,7.0,-0.05,0.0,-0.02499696437654815
2026-03-16,TRX,3.0,0.05,0.0,0.02793853098123876
2026-03-16,U,,0.05,-0.07272727272727274,0.01057071048614523
2026-03-16,UNI,5.0,-0.06666666666666667,0.07500000000000001,-0.011692142811983254
2026-03-16,VET,7.0,0.0,0.0,0.0
2026-03-16,VIRTUAL,6.0,-0.06666666666666667,0.07500000000000001,-0.019638246731889374
2026-03-16,WLD,4.0,0.0,0.0,0.002886444006447813
2026-03-16,WLFI,,0.0,0.05,0.007902595201213475
2026-03-16,XLM,0.0,-0.06666666666666667,0.0,-0.03369202221760499
2026-03-16,XRP,0.0,0.0,0.0,-2.643481544155266e-05
2026-03-16,ZEC,5.0,-0.06666666666666667,0.05,-0.024629266902899308
2026-03-23,AAVE,,0.0,-0.05,-0.013350453538502042
2026-03-23,ADA,0.0,0.0,0.0,0.0
2026-03-23,ALGO,1.0,-0.06818181818181818,0.0,-0.04148510406158658
2026-03-23,APT,2.0,0.05,0.06818181818181818,0.03228309574374611
2026-03-23,ARB,2.0,0.0,0.06818181818181818,0.009591608194412071
2026-03-23,ASTER,3.0,0.05,-0.06538461538461537,0.011202248307392958
2026-03-23,ATOM,4.0,0.0,0.06818181818181818,0.013541319138163838
2026-03-23,AVAX,2.0,0.0,0.0,0.006892229669482271
2026-03-23,BCH,3.0,0.05,0.06818181818181818,0.03224428200581552
2026-03-23,BFUSD,,0.05,-0.06538461538461537,0.011721460340487985
2026-03-23,BNB,5.0,0.0,0.0,0.006898251087945296
2026-03-23,BONK,6.0,0.0,0.06818181818181818,0.010933213291633428
2026-03-23,BTC,5.0,0.0,-0.05,-0.012815374254051742
2026-03-23,CAKE,5.0,-0.06818181818181818,0.0,-0.03435784348192159
2026-03-23,CHZ,6.0,-0.06818181818181818,0.0,-0.025430892700992386
2026-03-23,DASH,6.0,0.0,0.0,0.00596961540956859
2026-03-23,DEXE,1.0,-0.05,0.05,-0.023216336533824412
2026-03-23,DOGE,6.0,0.0,-0.06538461538461537,-0.010475541435555845
2026-03-23,DOT,0.0,0.05,0.0,0.00616204363955708
2026-03-23,ENA,,-0.06818181818181818,0.05,-0.02278550579107161
2026-03-23,ETC,4.0,0.0,-0.06538461538461537,-0.002128307137525997
2026-03-23,ETH,5.0,0.0,0.0,0.006929448459421643
2026-03-23,FET,6.0,-0.05,0.0,-0.02700166787349404
2026-03-23,FIL,0.0,0.05,0.0,0.02700166787349404
2026-03-23,HBAR,0.0,0.05,-0.06538461538461537,0.016506027919554852
2026-03-23,ICP,2.0,-0.06818181818181818,0.0,-0.03661873988085015
2026-03-23,JST,5.0,0.0,-0.06538461538461537,-0.008858725479650428
2026-03-23,JUP,0.0,0.05,0.0,0.018712157736385765
2026-03-23,LINK,2.0,0.0,0.0,0.0009661799503951625
2026-03-23,LTC,1.0,0.05,-0.06538461538461537,0.01750402374318033
2026-03-23,LUNC,3.0,0.0,0.0,-0.01648461569421527
2026-03-23,MORPHO,7.0,0.0,0.0,-0.00714679644524187
2026-03-23,NEAR,2.0,0.0,0.0,-5.1533709146823264e-05
2026-03-23,NEXO,4.0,0.05,-0.06538461538461537,0.011700954969505786
2026-03-23,NIGHT,1.0,0.0,0.0,0.0
2026-03-23,ONDO,6.0,0.0,0.0,0.0
2026-03-23,PENGU,1.0,-0.06818181818181818,0.05,-0.028680307975105016
2026-03-23,PEPE,6.0,0.0,0.06818181818181818,0.009932619903647471
2026-03-23,POL,,0.05,0.0,0.03160705024051311
2026-03-23,PUMP,7.0,0.05,0.06818181818181818,0.037914782646744125
2026-03-23,QNT,3.0,0.0,-0.06538461538461537,-0.008879230850632627
2026-03-23,RENDER,4.0,-0.05,0.06818181818181818,-0.01012845804148853
2026-03-23,RLUSD,,0.05,-0.06538461538461537,0.017512811759315558
2026-03-23,SHIB,6.0,0.0,0.0,-0.005782563402692344
2026-03-23,SKY,,0.0,-0.06538461538461537,-0.007956877346292943
2026-03-23,SOL,2.0,0.0,0.0,0.006912735040464468
2026-03-23,STX,7.0,0.05,0.0,0.02700166787349404
2026-03-23,SUI,2.0,-0.06818181818181818,0.0,-0.029744642604172613
2026-03-23,TAO,6.0,-0.05,0.0,-0.027073300101024208
2026-03-23,TON,3.0,0.0,0.0,-0.005782563402692344
2026-03-23,TRUMP,7.0,-0.05,0.06818181818181818,-0.016077974932673773
2026-03-23,TRX,4.0,0.05,-0.06538461538461537,0.01750402374318033
2026-03-23,U,,0.05,-0.06538461538461537,0.01173024835662321
2026-03-23,UNI,2.0,-0.06818181818181818,0.0,-0.029375564357888524
2026-03-23,VET,3.0,0.0,0.0,0.0
2026-03-23,VIRTUAL,1.0,-0.06818181818181818,0.05,-0.02400646683082684
2026-03-23,WLD,7.0,0.0,0.06818181818181818,0.01188326523509932
2026-03-23,WLFI,,0.0,0.06818181818181818,0.013550839488977
2026-03-23,XLM,6.0,-0.06818181818181818,-0.05,-0.04469993413687312
2026-03-23,XRP,1.0,0.0,0.0,-8.788016135227497e-06
2026-03-23,ZEC,6.0,-0.06818181818181818,0.05,-0.025665686502364105
2026-03-30,AAVE,,0.0,-0.05,-0.012
2026-03-30,ADA,0.0,0.0,0.0,0.0
2026-03-30,ALGO,1.0,-0.05,0.0,-0.027999999999999997
2026-03-30,APT,1.0,0.05,0.06818181818181818,0.04436363636363636
2026-03-30,ARB,1.0,0.0,0.06818181818181818,0.01636363636363636
2026-03-30,ASTER,2.0,0.05,-0.06538461538461537,0.01230769230769231
2026-03-30,ATOM,3.0,0.0,0.06818181818181818,0.01636363636363636
2026-03-30,AVAX,4.0,0.0,0.0,0.0
2026-03-30,BCH,2.0,0.05,0.06818181818181818,0.04436363636363636
2026-03-30,BFUSD,,0.05,-0.06538461538461537,0.01230769230769231
2026-03-30,BNB,5.0,0.0,0.0,0.0
2026-03-30,BONK,6.0,0.0,0.06818181818181818,0.01636363636363636
2026-03-30,BTC,5.0,0.0,-0.05,-0.012
2026-03-30,CAKE,5.0,-0.06818181818181818,0.0,-0.03818181818181818
2026-03-30,CHZ,6.0,-0.06818181818181818,0.0,-0.03818181818181818
2026-03-30,DASH,8.0,0.0,0.0,0.0
2026-03-30,DEXE,8.0,-0.06818181818181818,0.05,-0.02618181818181818
2026-03-30,DOGE,6.0,0.0,-0.06538461538461537,-0.01569230769230769
2026-03-30,DOT,0.0,0.05,0.0,0.027999999999999997
2026-03-30,ENA,,-0.06818181818181818,0.05,-0.02618181818181818
2026-03-30,ETC,3.0,0.0,-0.06538461538461537,-0.01569230769230769
2026-03-30,ETH,5.0,0.0,0.0,0.0
2026-03-30,FET,8.0,-0.05,0.0,-0.027999999999999997
2026-03-30,FIL,0.0,0.0,0.0,0.0
2026-03-30,HBAR,0.0,0.05,-0.06538461538461537,0.01230769230769231
2026-03-30,ICP,1.0,0.0,0.0,0.0
2026-03-30,JST,5.0,0.0,-0.06538461538461537,-0.01569230769230769
2026-03-30,JUP,0.0,-0.06818181818181818,0.0,-0.03818181818181818
2026-03-30,LINK,4.0,0.0,0.0,0.0
2026-03-30,LTC,8.0,0.05,-0.06538461538461537,0.01230769230769231
2026-03-30,LUNC,7.0,0.0,0.0,0.0
2026-03-30,MORPHO,7.0,0.0,0.0,0.0
2026-03-30,NEAR,1.0,0.0,0.0,0.0
2026-03-30,NEXO,3.0,0.05,-0.06538461538461537,0.01230769230769231
2026-03-30,NIGHT,8.0,0.0,0.0,0.0
2026-03-30,ONDO,8.0,0.0,0.0,0.0
2026-03-30,PENGU,0.0,-0.06818181818181818,0.05,-0.02618181818181818
2026-03-30,PEPE,6.0,0.0,0.06818181818181818,0.01636363636363636
2026-03-30,POL,,0.05,0.0,0.027999999999999997
2026-03-30,PUMP,3.0,0.05,0.06818181818181818,0.04436363636363636
2026-03-30,QNT,0.0,0.0,-0.06538461538461537,-0.01569230769230769
2026-03-30,RENDER,3.0,-0.05,0.06818181818181818,-0.011636363636363637
2026-03-30,RLUSD,,0.05,-0.06538461538461537,0.01230769230769231
2026-03-30,SHIB,6.0,0.0,0.0,0.0
2026-03-30,SKY,,0.05,-0.06538461538461537,0.01230769230769231
2026-03-30,SOL,0.0,0.0,0.0,0.0
2026-03-30,STX,7.0,0.05,0.0,0.027999999999999997
2026-03-30,SUI,4.0,-0.06818181818181818,0.0,-0.03818181818181818
2026-03-30,TAO,8.0,-0.05,0.0,-0.027999999999999997
2026-03-30,TON,2.0,0.05,0.0,0.027999999999999997
2026-03-30,TRUMP,4.0,-0.05,0.06818181818181818,-0.011636363636363637
2026-03-30,TRX,3.0,0.05,-0.06538461538461537,0.01230769230769231
2026-03-30,U,,0.05,-0.06538461538461537,0.01230769230769231
2026-03-30,UNI,4.0,0.0,0.0,0.0
2026-03-30,VET,1.0,-0.06818181818181818,0.0,-0.03818181818181818
2026-03-30,VIRTUAL,8.0,-0.06818181818181818,0.05,-0.02618181818181818
2026-03-30,WLD,7.0,0.0,0.06818181818181818,0.01636363636363636
2026-03-30,WLFI,,0.0,0.06818181818181818,0.01636363636363636
2026-03-30,XLM,8.0,-0.06818181818181818,-0.05,-0.050181818181818175
2026-03-30,XRP,0.0,0.0,0.0,0.0
2026-03-30,ZEC,6.0,-0.06818181818181818,0.05,-0.02618181818181818
2026-04-06,AAVE,,0.05,-0.05,0.0074029850746268645
2026-04-06,ADA,0.0,0.0,0.0,0.0
2026-04-06,ALGO,1.0,-0.05,0.0,-0.027999999999999997
2026-04-06,APT,5.0,0.05,0.06818181818181818,0.04436363636363636
2026-04-06,ARB,5.0,-0.06538461538461537,0.06818181818181818,-0.009009497964721842
2026-04-06,ASTER,10.0,0.05,-0.06538461538461537,0.01230769230769231
2026-04-06,ATOM,6.0,0.0,0.06818181818181818,0.01636363636363636
2026-04-06,AVAX,5.0,0.0,0.0,0.0
2026-04-06,BCH,4.0,0.05,0.06818181818181818,0.04436363636363636
2026-04-06,BFUSD,,0.05,-0.06538461538461537,0.01230769230769231
2026-04-06,BNB,6.0,0.05,0.0,0.019402985074626865
2026-04-06,BONK,7.0,0.05,0.06818181818181818,0.03576662143826323
2026-04-06,BTC,9.0,0.0,-0.05,-0.012
2026-04-06,CAKE,9.0,0.0,0.0,-0.011723202170963364
2026-04-06,CHZ,7.0,-0.06538461538461537,0.0,-0.037096336499321564
2026-04-06,DASH,7.0,-0.05,0.0,-0.019402985074626865
2026-04-06,DEXE,1.0,-0.06538461538461537,0.05,-0.025096336499321567
2026-04-06,DOGE,7.0,0.0,-0.06538461538461537,-0.01569230769230769
2026-04-06,DOT,2.0,0.05,0.0,0.027999999999999997
2026-04-06,ENA,,-0.06538461538461537,0.05,-0.025096336499321567
2026-04-06,ETC,0.0,0.0,-0.06538461538461537,-0.01569230769230769
2026-04-06,ETH,9.0,0.0,0.0,0.0
2026-04-06,FET,1.0,0.0,0.0,-0.008597014925373132
2026-04-06,FIL,2.0,0.0,0.0,0.0
2026-04-06,HBAR,2.0,0.0,-0.06538461538461537,-0.007095292766934555
2026-04-06,ICP,5.0,0.0,0.0,0.0
2026-04-06,JST,9.0,-0.06538461538461537,-0.06538461538461537,-0.04106544202066591
2026-04-06,JUP,2.0,-0.06538461538461537,0.0,-0.037096336499321564
2026-04-06,LINK,5.0,0.0,0.0,0.0
2026-04-06,LTC,3.0,0.05,-0.06538461538461537,0.01230769230769231
2026-04-06,LUNC,10.0,-0.06538461538461537,0.0,-0.025373134328358204
2026-04-06,MORPHO,10.0,-0.06538461538461537,0.0,-0.025373134328358204
2026-04-06,NEAR,5.0,0.0,0.0,0.0
2026-04-06,NEXO,6.0,0.05,-0.06538461538461537,0.01230769230769231
2026-04-06,NIGHT,2.0,-0.06538461538461537,0.0,-0.025373134328358204
2026-04-06,ONDO,7.0,0.0,0.0,0.0
2026-04-06,PENGU,0.0,0.0,0.05,0.00027679782903663325
2026-04-06,PEPE,7.0,0.0,0.06818181818181818,0.01636363636363636
2026-04-06,POL,,0.0,0.0,0.008597014925373132
2026-04-06,PUMP,8.0,0.0,0.06818181818181818,0.024960651289009494
2026-04-06,QNT,3.0,0.0,-0.06538461538461537,-0.01569230769230769
2026-04-06,RENDER,6.0,-0.06538461538461537,0.06818181818181818,-0.017606512890094978
2026-04-06,RLUSD,,0.05,-0.06538461538461537,0.01230769230769231
2026-04-06,SHIB,7.0,0.0,0.0,0.0
2026-04-06,SKY,,0.0,-0.06538461538461537,-0.007095292766934555
2026-04-06,SOL,3.0,0.05,0.0,0.019402985074626865
2026-04-06,STX,10.0,0.0,0.0,0.008597014925373132
2026-04-06,SUI,5.0,0.0,0.0,-0.011723202170963364
2026-04-06,TAO,1.0,-0.06538461538461537,0.0,-0.03397014925373133
2026-04-06,TON,10.0,0.0,0.0,0.008597014925373132
2026-04-06,TRUMP,6.0,0.0,0.06818181818181818,0.007766621438263227
2026-04-06,TRX,1.0,0.05,-0.06538461538461537,0.01230769230769231
2026-04-06,U,,0.05,-0.06538461538461537,0.01230769230769231
2026-04-06,UNI,6.0,0.05,0.0,0.019402985074626865
2026-04-06,VET,1.0,-0.06538461538461537,0.0,-0.037096336499321564
2026-04-06,VIRTUAL,0.0,0.0,0.05,0.00027679782903663325
2026-04-06,WLD,10.0,-0.06538461538461537,0.06818181818181818,-0.009009497964721842
2026-04-06,WLFI,,0.0,0.06818181818181818,0.01636363636363636
2026-04-06,XLM,1.0,0.0,-0.05,-0.02372320217096336
2026-04-06,XRP,3.0,0.05,0.0,0.019402985074626865
2026-04-06,ZEC,7.0,-0.05,0.05,-0.019126187245590228
2026-04-13,AAVE,,0.05,-0.05,0.015999999999999997
2026-04-13,ADA,0.0,0.0,0.0,0.0
2026-04-13,ALGO,1.0,-0.05,0.0,-0.027999999999999997
2026-04-13,APT,1.0,0.0,0.06818181818181818,0.01636363636363636
2026-04-13,ARB,2.0,-0.06666666666666667,0.06818181818181818,-0.02096969696969697
2026-04-13,ASTER,3.0,0.05,-0.06538461538461537,0.01230769230769231
2026-04-13,ATOM,4.0,0.0,0.06818181818181818,0.01636363636363636
2026-04-13,AVAX,0.0,0.0,0.0,0.0
2026-04-13,BCH,4.0,0.05,0.06818181818181818,0.04436363636363636
2026-04-13,BFUSD,,0.05,-0.06538461538461537,0.01230769230769231
2026-04-13,BNB,4.0,0.05,0.0,0.027999999999999997
2026-04-13,BONK,1.0,0.0,0.06818181818181818,0.01636363636363636
2026-04-13,BTC,2.0,0.05,-0.05,0.015999999999999997
2026-04-13,CAKE,2.0,0.0,0.0,0.0
2026-04-13,CHZ,1.0,-0.06666666666666667,0.0,-0.03733333333333333
2026-04-13,DASH,6.0,-0.05,0.0,-0.027999999999999997
2026-04-13,DEXE,1.0,-0.05,0.05,-0.015999999999999997
2026-04-13,DOGE,1.0,0.05,-0.06538461538461537,0.01230769230769231
2026-04-13,DOT,7.0,0.0,0.0,0.0
2026-04-13,ENA,,-0.06666666666666667,0.05,-0.025333333333333333
2026-04-13,ETC,0.0,0.0,-0.06538461538461537,-0.01569230769230769
2026-04-13,ETH,2.0,0.0,0.0,0.0
2026-04-13,FET,6.0,0.0,0.0,0.0
2026-04-13,FIL,7.0,0.0,0.0,0.0
2026-04-13,HBAR,7.0,0.05,-0.06538461538461537,0.01230769230769231
2026-04-13,ICP,0.0,0.0,0.0,0.0
2026-04-13,JST,2.0,-0.06666666666666667,-0.06538461538461537,-0.05302564102564103
2026-04-13,JUP,7.0,-0.06666666666666667,0.0,-0.03733333333333333
2026-04-13,LINK,2.0,0.0,0.0,0.0
2026-04-13,LTC,5.0,0.05,-0.06538461538461537,0.01230769230769231
2026-04-13,LUNC,3.0,0.0,0.0,0.0
2026-04-13,MORPHO,3.0,-0.06666666666666667,0.0,-0.03733333333333333
2026-04-13,NEAR,0.0,0.0,0.0,0.0
2026-04-13,NEXO,4.0,0.05,-0.06538461538461537,0.01230769230769231
2026-04-13,NIGHT,7.0,-0.06666666666666667,0.0,-0.03733333333333333
2026-04-13,ONDO,1.0,0.0,0.0,0.0
2026-04-13,PENGU,5.0,0.0,0.05,0.012
2026-04-13,PEPE,1.0,0.0,0.06818181818181818,0.01636363636363636
2026-04-13,POL,,0.0,0.0,0.0
2026-04-13,PUMP,4.0,0.0,0.06818181818181818,0.01636363636363636
2026-04-13,QNT,6.0,0.0,-0.06538461538461537,-0.01569230769230769
2026-04-13,RENDER,2.0,-0.06666666666666667,0.06818181818181818,-0.02096969696969697
2026-04-13,RLUSD,,0.05,-0.06538461538461537,0.01230769230769231
2026-04-13,SHIB,1.0,0.05,0.0,0.027999999999999997
2026-04-13,SKY,,0.05,-0.06538461538461537,0.01230769230769231
2026-04-13,SOL,5.0,0.05,0.0,0.027999999999999997
2026-04-13,STX,3.0,0.0,0.0,0.0
2026-04-13,SUI,0.0,0.0,0.0,0.0
2026-04-13,TAO,6.0,-0.06666666666666667,0.0,-0.03733333333333333
2026-04-13,TON,0.0,-0.06666666666666667,0.0,-0.03733333333333333
2026-04-13,TRUMP,5.0,0.0,0.06818181818181818,0.01636363636363636
2026-04-13,TRX,6.0,0.05,-0.06538461538461537,0.01230769230769231
2026-04-13,U,,0.05,-0.06538461538461537,0.01230769230769231
2026-04-13,UNI,5.0,0.0,0.0,0.0
2026-04-13,VET,1.0,-0.06666666666666667,0.0,-0.03733333333333333
2026-04-13,VIRTUAL,5.0,0.0,0.05,0.012
2026-04-13,WLD,0.0,-0.06666666666666667,0.06818181818181818,-0.02096969696969697
2026-04-13,WLFI,,0.0,0.06818181818181818,0.01636363636363636
2026-04-13,XLM,1.0,0.0,-0.05,-0.012
2026-04-13,XRP,5.0,0.0,0.0,0.0
2026-04-13,ZEC,6.0,-0.05,0.05,-0.015999999999999997
2026-04-20,AAVE,,0.0,-0.06538461538461537,-0.004384623073386242
2026-04-20,ADA,7.0,0.0,0.0,0.0
2026-04-20,ALGO,0.0,-0.05,0.06818181818181818,-0.01747484157287648
2026-04-20,APT,2.0,-0.06818181818181818,0.0,-0.018720225060108706
2026-04-20,ARB,8.0,0.0,0.06818181818181818,0.0030432570714441012
2026-04-20,ASTER,1.0,0.05,0.0,0.022401049363446657
2026-04-20,ATOM,8.0,0.0,0.0,0.005838477936512839
2026-04-20,AVAX,7.0,0.0,0.0,0.0
2026-04-20,BCH,1.0,0.0,-0.06538461538461537,0.005735405349902682
2026-04-20,BFUSD,,0.05,-0.06538461538461537,0.01230769230769231
2026-04-20,BNB,6.0,0.05,0.0,0.027999999999999997
2026-04-20,BONK,0.0,0.0,0.0,0.005838477936512839
2026-04-20,BTC,6.0,0.05,-0.06538461538461537,0.013625092457469564
2026-04-20,CAKE,8.0,0.05,0.0,0.018009715530855803
2026-04-20,CHZ,0.0,-0.06818181818181818,0.0,-0.03787908228881381
2026-04-20,DASH,3.0,-0.05,0.05,-0.02028155048677608
2026-04-20,DEXE,0.0,-0.05,0.0,-0.023718449513223914
2026-04-20,DOGE,0.0,0.0,0.0,0.004391333832590855
2026-04-20,DOT,4.0,0.05,0.0,0.018009715530855803
2026-04-20,ENA,,-0.06818181818181818,0.05,-0.02587908228881381
2026-04-20,ETC,0.0,0.0,-0.06538461538461537,-0.01569230769230769
2026-04-20,ETH,8.0,0.05,0.0,0.018009715530855803
2026-04-20,FET,3.0,0.0,0.0,0.0
2026-04-20,FIL,4.0,0.05,0.0,0.018009715530855803
2026-04-20,HBAR,5.0,0.0,-0.06538461538461537,-0.005702023223163493
2026-04-20,ICP,7.0,0.05,0.06818181818181818,0.028534873957979327
2026-04-20,JST,6.0,-0.06818181818181818,-0.05,-0.05119648243859107
2026-04-20,JUP,4.0,-0.06818181818181818,0.0,-0.03787908228881381
2026-04-20,LINK,8.0,0.0,0.0,0.0
2026-04-20,LTC,5.0,0.05,-0.06538461538461537,0.01230769230769231
2026-04-20,LUNC,2.0,-0.05,0.0,-0.018009715530855803
2026-04-20,MORPHO,7.0,0.0,0.0,-0.013320379292192257
2026-04-20,NEAR,7.0,0.0,0.0,0.0
2026-04-20,NEXO,8.0,0.0,-0.06538461538461537,-0.005702023223163493
2026-04-20,NIGHT,4.0,0.0,0.06818181818181818,-0.00279522086506874
2026-04-20,ONDO,0.0,0.0,0.0,0.0
2026-04-20,PENGU,5.0,-0.06818181818181818,0.05,-0.01255870299662155
2026-04-20,PEPE,0.0,0.0,0.06818181818181818,0.01636363636363636
2026-04-20,POL,,0.0,0.0,0.0
2026-04-20,PUMP,8.0,0.0,0.0,0.005838477936512839
2026-04-20,QNT,5.0,0.0,-0.06538461538461537,-0.01569230769230769
2026-04-20,RENDER,7.0,-0.06818181818181818,0.05,-0.024322154839077056
2026-04-20,RLUSD,,0.05,-0.06538461538461537,0.01230769230769231
2026-04-20,SHIB,0.0,0.0,0.0,0.009990284469144194
2026-04-20,SKY,,-0.06818181818181818,-0.05,-0.027885818677254613
2026-04-20,SOL,5.0,0.05,0.0,0.027999999999999997
2026-04-20,STX,1.0,0.0,0.0,0.0
2026-04-20,SUI,8.0,0.05,0.06818181818181818,0.028534873957979327
2026-04-20,TAO,3.0,0.0,0.06818181818181818,-0.00279522086506874
2026-04-20,TON,1.0,-0.06818181818181818,0.0,-0.03787908228881381
2026-04-20,TRUMP,7.0,0.05,0.06818181818181818,0.03437335189449217
2026-04-20,TRX,5.0,0.05,-0.06538461538461537,0.01230769230769231
2026-04-20,U,,0.05,-0.06538461538461537,0.01230769230769231
2026-04-20,UNI,7.0,0.0,0.0,0.0
2026-04-20,VET,0.0,-0.06818181818181818,0.0,-0.03787908228881381
2026-04-20,VIRTUAL,7.0,0.0,0.06818181818181818,0.014806708913899605
2026-04-20,WLD,1.0,-0.06818181818181818,0.05,-0.024322154839077056
2026-04-20,WLFI,,0.0,0.06818181818181818,0.01636363636363636
2026-04-20,XLM,0.0,0.0,-0.05,-0.012
2026-04-20,XRP,5.0,0.0,-0.06538461538461537,-0.010093357055754352
2026-04-20,ZEC,3.0,-0.05,0.06818181818181818,-0.013193291086100394
2026-04-27,AAVE,,0.0,-0.06538461538461537,-0.014387616539546535
2026-04-27,ADA,3.0,0.0,0.0,0.0
2026-04-27,ALGO,1.0,-0.06818181818181818,0.06818181818181818,-0.02131704318702482
2026-04-27,APT,2.0,0.0,0.0,-0.0021599569528806956
2026-04-27,ARB,3.0,-0.06818181818181818,0.06818181818181818,-0.018949645910315217
2026-04-27,ASTER,5.0,0.05,0.0,0.02735398787581729
2026-04-27,ATOM,6.0,-0.06818181818181818,0.0,-0.033102715534101185
2026-04-27,AVAX,3.0,0.0,0.0,0.0
2026-04-27,BCH,7.0,0.0,-0.06538461538461537,-0.013219958261612014
2026-04-27,BFUSD,,0.05,-0.06538461538461537,0.01230769230769231
2026-04-27,BNB,3.0,0.0,0.0,0.003230666003558629
2026-04-27,BONK,8.0,0.0,0.0,0.0006736490065006847
2026-04-27,BTC,3.0,0.0,-0.06538461538461537,-0.012309638836000187
2026-04-27,CAKE,6.0,0.05,0.0,0.026847311699987712
2026-04-27,CHZ,7.0,-0.05,0.0,-0.02913985768917246
2026-04-27,DASH,0.0,-0.05,0.05,-0.01649400927143383
2026-04-27,DEXE,7.0,-0.05,0.0,-0.02750599072856616
2026-04-27,DOGE,1.0,0.0,0.0,0.0005066761758295746
2026-04-27,DOT,4.0,0.05,0.0,0.026847311699987712
2026-04-27,ENA,,-0.06818181818181818,0.05,-0.02614688823333296
2026-04-27,ETC,1.0,0.0,-0.06538461538461537,-0.01569230769230769
2026-04-27,ETH,6.0,0.05,0.0,0.026847311699987712
2026-04-27,FET,0.0,0.05,0.0,0.024769333996441368
2026-04-27,FIL,4.0,0.0,0.0,0.0020779777035463444
2026-04-27,HBAR,8.0,0.0,-0.06538461538461537,-0.014539619392295406
2026-04-27,ICP,3.0,0.0,0.06818181818181818,0.017767965060682026
2026-04-27,JST,2.0,-0.06818181818181818,-0.05,-0.05029889108608183
2026-04-27,JUP,6.0,0.0,0.0,-0.004370523692731089
2026-04-27,LINK,3.0,0.0,0.0,0.0
2026-04-27,LTC,2.0,0.05,-0.06538461538461537,0.01230769230769231
2026-04-27,LUNC,2.0,-0.05,0.0,-0.026847311699987712
2026-04-27,MORPHO,5.0,0.0,0.0,-0.0015369177333497096
2026-04-27,NEAR,3.0,0.0,0.0,0.0
2026-04-27,NEXO,6.0,0.05,-0.06538461538461537,0.010229714604145965
2026-04-27,NIGHT,5.0,0.0,0.06818181818181818,0.014153069623785968
2026-04-27,ONDO,1.0,0.0,0.0,0.0
2026-04-27,PENGU,8.0,-0.06818181818181818,0.05,-0.02460997049998325
2026-04-27,PEPE,8.0,0.0,0.06818181818181818,0.01636363636363636
2026-04-27,POL,,0.0,0.0,0.0
2026-04-27,PUMP,6.0,0.05,0.0,0.02544298300294205
2026-04-27,QNT,2.0,0.05,-0.06538461538461537,0.009077026304133679
2026-04-27,RENDER,0.0,0.0,0.05,0.007809116042335758
2026-04-27,RLUSD,,0.05,-0.06538461538461537,0.01230769230769231
2026-04-27,SHIB,1.0,0.0,0.0,0.001152688300012283
2026-04-27,SKY,,-0.06818181818181818,-0.05,-0.04760928505271983
2026-04-27,SOL,2.0,0.05,0.0,0.027999999999999997
2026-04-27,STX,8.0,0.0,0.0,0.0
2026-04-27,SUI,6.0,0.05,0.06818181818181818,0.0425372990571234
2026-04-27,TAO,0.0,-0.06818181818181818,0.06818181818181818,-0.019623294916815904
2026-04-27,TON,0.0,-0.06818181818181818,0.0,-0.038146888233332954
2026-04-27,TRUMP,5.0,0.05,0.06818181818181818,0.04321094806362408
2026-04-27,TRX,2.0,0.05,-0.06538461538461537,0.01230769230769231
2026-04-27,U,,0.05,-0.06538461538461537,0.01230769230769231
2026-04-27,UNI,5.0,0.0,0.0,0.0
2026-04-27,VET,1.0,0.0,0.0,-0.004370523692731089
2026-04-27,VIRTUAL,3.0,0.0,0.06818181818181818,0.01618399662856951
2026-04-27,WLD,3.0,-0.06818181818181818,0.05,-0.02596724849826611
2026-04-27,WLFI,,0.0,0.06818181818181818,0.01636363636363636
2026-04-27,XLM,7.0,-0.06818181818181818,-0.05,-0.04577636454060187
2026-04-27,XRP,2.0,0.0,-0.06538461538461537,-0.015046295568124982
2026-04-27,ZEC,0.0,-0.05,0.06818181818181818,-0.011816003371430486
2026-05-04,AAVE,,0.0,-0.06538461538461537,-0.015242605469550443
2026-05-04,ADA,0.0,0.0,0.0,0.0
2026-05-04,ALGO,1.0,-0.06666666666666667,0.06818181818181818,-0.021089420603652854
2026-05-04,APT,1.0,0.0,0.0,-0.0007444960753468352
2026-05-04,ARB,0.0,-0.06666666666666667,0.06818181818181818,-0.02027342379457458
2026-05-04,ASTER,2.0,0.05,0.0,0.027777331909120195
2026-05-04,ATOM,3.0,0.0,0.0,-0.011409876370727049
2026-05-04,AVAX,0.0,0.0,0.0,0.0
2026-05-04,BCH,4.0,0.05,-0.06538461538461537,0.0035087967388127868
2026-05-04,BFUSD,,0.05,-0.06538461538461537,0.01230769230769231
2026-05-04,BNB,3.0,0.05,0.0,0.019462481729225413
2026-05-04,BONK,6.0,0.0,0.0,0.00023219399851102316
2026-05-04,BTC,3.0,0.05,-0.06538461538461537,0.0038225665288894387
2026-05-04,CAKE,3.0,0.05,0.0,0.02760269026921447
2026-05-04,CHZ,4.0,-0.06666666666666667,0.0,-0.03450919813360531
2026-05-04,DASH,6.0,-0.06666666666666667,0.05,-0.02228658646922279
2026-05-04,DEXE,4.0,-0.05,0.0,-0.027829724401091913
2026-05-04,DOGE,1.0,0.05,0.0,0.018523574250849845
2026-05-04,DOT,8.0,0.0,0.0,0.00925375765827035
2026-05-04,ENA,,-0.06666666666666667,0.05,-0.0256137502320688
2026-05-04,ETC,1.0,0.0,-0.06538461538461537,-0.01569230769230769
2026-05-04,ETH,3.0,0.05,0.0,0.02760269026921447
2026-05-04,FET,6.0,0.0,0.0,0.008537518270774584
2026-05-04,FIL,8.0,0.0,0.0,0.0007162393874957625
2026-05-04,HBAR,7.0,0.0,-0.06538461538461537,-0.015294997961522162
2026-05-04,ICP,5.0,-0.06666666666666667,0.06818181818181818,-0.007617561728637725
2026-05-04,JST,9.0,0.0,-0.05,-0.02520089924278169
2026-05-04,JUP,8.0,-0.05,0.0,-0.019855368992516016
2026-05-04,LINK,0.0,0.0,0.0,0.0
2026-05-04,LTC,7.0,0.0,-0.06538461538461537,-0.006041240303251811
2026-05-04,LUNC,2.0,-0.06666666666666667,0.0,-0.03371900113952917
2026-05-04,MORPHO,2.0,0.0,0.0,-0.0005297463077140378
2026-05-04,NEAR,5.0,-0.06666666666666667,0.0,-0.024465243481258826
2026-05-04,NEXO,3.0,0.05,-0.06538461538461537,0.011591452920196546
2026-05-04,NIGHT,2.0,0.0,0.06818181818181818,0.015601696057411301
2026-05-04,ONDO,6.0,-0.06666666666666667,0.0,-0.024465243481258826
2026-05-04,PENGU,1.0,0.0,0.05,-0.0006187604430959309
2026-05-04,PEPE,3.0,0.05,0.06818181818181818,0.034712568974580485
2026-05-04,POL,,0.05,0.0,0.01834893261094412
2026-05-04,PUMP,3.0,0.0,0.0,0.00876971226928561
2026-05-04,QNT,9.0,0.0,-0.06538461538461537,-0.007154789421533105
2026-05-04,RENDER,6.0,0.0,0.05,0.010555482018031043
2026-05-04,RLUSD,,0.05,-0.06538461538461537,0.01230769230769231
2026-05-04,SHIB,1.0,0.05,0.0,0.018746242341729648
2026-05-04,SKY,,0.0,-0.05,-0.024273843204282115
2026-05-04,SOL,7.0,0.0,0.0,0.009651067389055877
2026-05-04,STX,1.0,0.0,0.0,0.0
2026-05-04,SUI,3.0,-0.06666666666666667,0.06818181818181818,0.0009199565421368627
2026-05-04,TAO,6.0,0.0,0.06818181818181818,0.003959625688173228
2026-05-04,TON,6.0,-0.05,0.0,-0.03149743936175409
2026-05-04,TRUMP,2.0,0.0,0.06818181818181818,0.02561739402190671
2026-05-04,TRX,9.0,0.05,-0.06538461538461537,0.01230769230769231
2026-05-04,U,,0.05,-0.06538461538461537,0.01230769230769231
2026-05-04,UNI,2.0,0.0,0.0,0.0
2026-05-04,VET,1.0,0.0,0.0,-0.001506436381571896
2026-05-04,VIRTUAL,0.0,0.0,0.06818181818181818,0.016301717964033423
2026-05-04,WLD,5.0,-0.06666666666666667,0.05,-0.025551831832465857
2026-05-04,WLFI,,-0.06666666666666667,0.06818181818181818,-0.008101607117622464
2026-05-04,XLM,4.0,0.0,-0.05,-0.023642070369238072
2026-05-04,XRP,7.0,0.05,-0.06538461538461537,0.002879293009516233
2026-05-04,ZEC,6.0,-0.05,0.06818181818181818,-0.011698282035966576
2026-05-11,AAVE,,0.0,-0.06538461538461537,-0.015578280995833686
2026-05-11,ADA,,0.0,0.0,0.0
2026-05-11,ALGO,,0.0,0.06818181818181818,0.006867022509588379
2026-05-11,APT,,0.0,0.0,-0.00018877475741427676
2026-05-11,ARB,,-0.06666666666666667,0.06818181818181818,-0.020793149632403668
2026-05-11,ASTER,,0.06538461538461537,0.0,0.034374404023428624
2026-05-11,ATOM,,0.0,0.0,-0.002893093349091814
2026-05-11,AVAX,,0.0,0.0,0.0
2026-05-11,BCH,,0.05,-0.06538461538461537,0.010076640416982235
2026-05-11,BFUSD,,0.06538461538461537,-0.06538461538461537,0.018738556151705152
2026-05-11,BNB,,0.06538461538461537,0.0,0.0322660868977615
2026-05-11,BONK,,-0.06666666666666667,0.0,-0.02780820144341081
2026-05-11,BTC,,0.06538461538461537,-0.06538461538461537,0.016587063869120688
2026-05-11,CAKE,,0.05,0.0,0.027899257967192868
2026-05-11,CHZ,,-0.06666666666666667,0.0,-0.03661724435061383
2026-05-11,DASH,,0.0,0.05,0.003306277819831536
2026-05-11,DEXE,,-0.06666666666666667,0.0,-0.034923594007429906
2026-05-11,DOGE,,0.06538461538461537,0.0,0.03202801709815614
2026-05-11,DOT,,0.0,0.0,0.0023463869252724817
2026-05-11,ENA,,-0.06666666666666667,0.05,-0.025404435967432498
2026-05-11,ETC,,0.0,-0.06538461538461537,-0.01569230769230769
2026-05-11,ETH,,0.06538461538461537,0.0,0.03433012181120571
2026-05-11,FET,,0.0,0.0,0.002164776946251337
2026-05-11,FIL,,-0.06666666666666667,0.0,-0.02768546667836786
2026-05-11,HBAR,,0.0,-0.06538461538461537,-0.01559156565950056
2026-05-11,ICP,,-0.05,0.06818181818181818,-0.010617354429533953
2026-05-11,JST,,0.06538461538461537,-0.05,0.01198394542851574
2026-05-11,JUP,,-0.05,0.0,-0.02593484372372236
2026-05-11,LINK,,0.0,0.0,0.0
2026-05-11,LTC,,0.05,-0.06538461538461537,0.007655128758813674
2026-05-11,LUNC,,-0.05,0.0,-0.029450112483485745
2026-05-11,MORPHO,,0.0,0.0,-0.0001343227104095054
2026-05-11,NEAR,,0.0,0.0,-0.006203418065171513
2026-05-11,NEXO,,0.06538461538461537,-0.06538461538461537,0.018556946172684007
2026-05-11,NIGHT,,0.0,0.06818181818181818,0.016170438439248664
2026-05-11,ONDO,,-0.06666666666666667,0.0,-0.03407049472256052
2026-05-11,PENGU,,-0.06666666666666667,0.05,-0.01906669519185148
2026-05-11,PEPE,,0.0,0.06818181818181818,0.021016199912514997
2026-05-11,POL,,0.0,0.0,0.0046525635488786354
2026-05-11,PUMP,,-0.06666666666666667,0.0,-0.025643424497159468
2026-05-11,QNT,,0.06538461538461537,-0.06538461538461537,0.013803640590998242
2026-05-11,RENDER,,0.0,0.05,0.011633727375258878
2026-05-11,RLUSD,,0.06538461538461537,-0.06538461538461537,0.018738556151705152
2026-05-11,SHIB,,0.0,0.0,0.004753305581685763
2026-05-11,SKY,,0.0,-0.05,-0.015112161165322218
2026-05-11,SOL,,0.0,0.0,0.0024471289580796102
2026-05-11,STX,,0.0,0.0,0.0
2026-05-11,SUI,,-0.06666666666666667,0.06818181818181818,-0.015419346647629867
2026-05-11,TAO,,0.0,0.06818181818181818,0.013218469876178657
2026-05-11,TON,,-0.05,0.0,-0.028886812286792365
2026-05-11,TRUMP,,0.0,0.06818181818181818,0.018710023288908844
2026-05-11,TRX,,0.06538461538461537,-0.06538461538461537,0.018738556151705152
2026-05-11,U,,0.06538461538461537,-0.06538461538461537,0.018738556151705152
2026-05-11,UNI,,0.0,0.0,0.0
2026-05-11,VET,,0.0,0.0,-0.0003819726818019744
2026-05-11,VIRTUAL,,-0.06666666666666667,0.06818181818181818,-0.011519140350813493
2026-05-11,WLD,,0.0,0.05,0.0024783407470173567
2026-05-11,WLFI,,0.0,0.06818181818181818,0.010160218298464849
2026-05-11,XLM,,0.0,-0.05,-0.014951968563070005
2026-05-11,XRP,,0.06538461538461537,-0.06538461538461537,0.016347887014209757
2026-05-11,ZEC,,-0.06666666666666667,0.06818181818181818,-0.01861883285777174
2026-05-18,AAVE,,0.0,-0.05,-0.012882131145836861
2026-05-18,ADA,,0.0,0.0,0.0
2026-05-18,ALGO,,0.0,0.0,0.0016928839411784044
2026-05-18,APT,,0.0,0.06818181818181818,0.012283074382736564
2026-05-18,ARB,,0.0,0.06818181818181818,0.007203607219903544
2026-05-18,ASTER,,0.05,0.0,0.02957144179894237
2026-05-18,ATOM,,0.06666666666666667,-0.06538461538461537,0.015592783336396944
2026-05-18,AVAX,,0.0,0.0,0.0
2026-05-18,BCH,,0.05,0.0,0.023581466702972023
2026-05-18,BFUSD,,0.06666666666666667,-0.06538461538461537,0.020925498062461544
2026-05-18,BNB,,0.06666666666666667,-0.06538461538461537,0.024260355277771387
2026-05-18,BONK,,-0.06666666666666667,0.06818181818181818,-0.02265555053855629
2026-05-18,BTC,,0.06666666666666667,-0.06538461538461537,0.020395104179279873
2026-05-18,CAKE,,0.05,0.0,0.027975164699212397
2026-05-18,CHZ,,0.0,0.0,-0.009027019329673862
2026-05-18,DASH,,-0.06666666666666667,0.0,-0.027314705172312277
2026-05-18,DEXE,,-0.06666666666666667,0.06818181818181818,-0.024409663589735175
2026-05-18,DOGE,,0.0,-0.06538461538461537,-0.003928115658162701
2026-05-18,DOT,,0.0,0.0,0.000578440035697925
2026-05-18,ENA,,-0.06666666666666667,0.06818181818181818,-0.022062965329033412
2026-05-18,ETC,,0.0,0.0,-0.0038685260832107566
2026-05-18,ETH,,0.06666666666666667,0.0,0.036592970453981626
2026-05-18,FET,,0.0,0.0,0.0005336688679009128
2026-05-18,FIL,,-0.06666666666666667,0.0,-0.03495490534594631
2026-05-18,HBAR,,0.0,-0.05,-0.012885406130556106
2026-05-18,ICP,,-0.05,0.05,-0.014673050185204175
2026-05-18,JST,,0.06666666666666667,-0.06538461538461537,0.019260326293149225
2026-05-18,JUP,,-0.05,0.05,-0.01844917464221546
2026-05-18,LINK,,0.0,0.0,0.0
2026-05-18,LTC,,0.0,-0.05,-0.007154544521860902
2026-05-18,LUNC,,-0.06666666666666667,0.0,-0.03538993239605146
2026-05-18,MORPHO,,-0.06666666666666667,0.0,-0.02816289481746375
2026-05-18,NEAR,,-0.05,0.0,-0.022626625516586188
2026-05-18,NEXO,,0.06666666666666667,-0.06538461538461537,0.020880726894664532
2026-05-18,NIGHT,,0.0,0.0,0.0039863966540658585
2026-05-18,ONDO,,-0.06666666666666667,0.05,-0.027487250869886348
2026-05-18,PENGU,,0.0,0.06818181818181818,0.007629219192706323
2026-05-18,PEPE,,0.0,0.06818181818181818,0.017510603641843342
2026-05-18,POL,,0.0,0.0,0.00114696727820698
2026-05-18,PUMP,,0.0,0.06818181818181818,0.006007899412424914
2026-05-18,QNT,,0.0,-0.06538461538461537,-0.008420856767410341
2026-05-18,RENDER,,0.0,0.0,0.0028679897615194894
2026-05-18,RLUSD,,0.06666666666666667,-0.06538461538461537,0.020925498062461544
2026-05-18,SHIB,,0.05,0.0,0.022269138391304795
2026-05-18,SKY,,0.06666666666666667,-0.06538461538461537,0.012580493271323859
2026-05-18,SOL,,0.0,0.0,0.0006032753364855264
2026-05-18,STX,,0.0,0.0,0.0
2026-05-18,SUI,,-0.06666666666666667,0.05,-0.022889300445739096
2026-05-18,TAO,,0.0,0.06818181818181818,0.015588278218018635
2026-05-18,TON,,-0.05,0.05,-0.019176904916625798
2026-05-18,TRUMP,,0.0,0.0,0.004612464560971174
2026-05-18,TRX,,0.06666666666666667,-0.06538461538461537,0.020925498062461544
2026-05-18,U,,0.06666666666666667,-0.06538461538461537,0.020925498062461544
2026-05-18,UNI,,0.0,0.0,0.0
2026-05-18,VET,,0.0,0.0,-9.41653268339398e-05
2026-05-18,VIRTUAL,,-0.06666666666666667,0.06818181818181818,-0.018639910586593342
2026-05-18,WLD,,-0.06666666666666667,0.0,-0.02751881130024711
2026-05-18,WLFI,,0.0,0.06818181818181818,0.014834346659360387
2026-05-18,XLM,,0.0,0.0,-0.003686014926277386
2026-05-18,XRP,,0.06666666666666667,-0.06538461538461537,0.020336141411032804
2026-05-18,ZEC,,-0.06666666666666667,0.0,-0.032719765039648956
2026-05-25,AAVE,,0.0,-0.05,-0.012
2026-05-25,ADA,,0.0,0.0,0.0
2026-05-25,ALGO,,0.0,0.0,0.0
2026-05-25,APT,,0.0,0.06818181818181818,0.01636363636363636
2026-05-25,ARB,,0.0,0.06818181818181818,0.01636363636363636
2026-05-25,ASTER,,0.05,0.0,0.027999999999999997
2026-05-25,ATOM,,0.06538461538461537,-0.06538461538461537,0.02092307692307692
2026-05-25,AVAX,,0.0,0.0,0.0
2026-05-25,BCH,,0.05,0.0,0.027999999999999997
2026-05-25,BFUSD,,0.06538461538461537,-0.06538461538461537,0.02092307692307692
2026-05-25,BNB,,0.06538461538461537,-0.06538461538461537,0.02092307692307692
2026-05-25,BONK,,-0.06818181818181818,0.06818181818181818,-0.02181818181818182
2026-05-25,BTC,,0.06538461538461537,-0.06538461538461537,0.02092307692307692
2026-05-25,CAKE,,0.05,0.0,0.027999999999999997
2026-05-25,CHZ,,0.0,0.0,0.0
2026-05-25,DASH,,-0.06818181818181818,0.0,-0.03818181818181818
2026-05-25,DEXE,,0.0,0.06818181818181818,0.01636363636363636
2026-05-25,DOGE,,0.06538461538461537,-0.06538461538461537,0.02092307692307692
2026-05-25,DOT,,0.0,0.0,0.0
2026-05-25,ENA,,-0.06818181818181818,0.06818181818181818,-0.02181818181818182
2026-05-25,ETC,,0.0,0.0,0.0
2026-05-25,ETH,,0.06538461538461537,0.0,0.036615384615384605
2026-05-25,FET,,0.0,0.0,0.0
2026-05-25,FIL,,-0.06818181818181818,0.0,-0.03818181818181818
2026-05-25,HBAR,,0.0,-0.05,-0.012
2026-05-25,ICP,,-0.06818181818181818,0.05,-0.02618181818181818
2026-05-25,JST,,0.06538461538461537,-0.06538461538461537,0.02092307692307692
2026-05-25,JUP,,-0.05,0.05,-0.015999999999999997
2026-05-25,LINK,,0.0,0.0,0.0
2026-05-25,LTC,,0.0,-0.05,-0.012
2026-05-25,LUNC,,-0.06818181818181818,0.0,-0.03818181818181818
2026-05-25,MORPHO,,-0.06818181818181818,0.0,-0.03818181818181818
2026-05-25,NEAR,,-0.06818181818181818,0.0,-0.03818181818181818
2026-05-25,NEXO,,0.06538461538461537,-0.06538461538461537,0.02092307692307692
2026-05-25,NIGHT,,0.0,0.0,0.0
2026-05-25,ONDO,,-0.05,0.05,-0.015999999999999997
2026-05-25,PENGU,,0.0,0.06818181818181818,0.01636363636363636
2026-05-25,PEPE,,0.0,0.06818181818181818,0.01636363636363636
2026-05-25,POL,,0.0,0.0,0.0
2026-05-25,PUMP,,0.0,0.06818181818181818,0.01636363636363636
2026-05-25,QNT,,0.0,-0.06538461538461537,-0.01569230769230769
2026-05-25,RENDER,,0.0,0.0,0.0
2026-05-25,RLUSD,,0.06538461538461537,-0.06538461538461537,0.02092307692307692
2026-05-25,SHIB,,0.0,0.0,0.0
2026-05-25,SKY,,0.06538461538461537,-0.06538461538461537,0.02092307692307692
2026-05-25,SOL,,0.0,0.0,0.0
2026-05-25,STX,,0.0,0.0,0.0
2026-05-25,SUI,,-0.05,0.05,-0.015999999999999997
2026-05-25,TAO,,0.0,0.06818181818181818,0.01636363636363636
2026-05-25,TON,,-0.05,0.05,-0.015999999999999997
2026-05-25,TRUMP,,0.0,0.0,0.0
2026-05-25,TRX,,0.06538461538461537,-0.06538461538461537,0.02092307692307692
2026-05-25,U,,0.06538461538461537,-0.06538461538461537,0.02092307692307692
2026-05-25,UNI,,0.0,0.0,0.0
2026-05-25,VET,,0.0,0.0,0.0
2026-05-25,VIRTUAL,,-0.06818181818181818,0.06818181818181818,-0.02181818181818182
2026-05-25,WLD,,-0.06818181818181818,0.0,-0.03818181818181818
2026-05-25,WLFI,,0.0,0.06818181818181818,0.01636363636363636
2026-05-25,XLM,,-0.06818181818181818,0.0,-0.03818181818181818
2026-05-25,XRP,,0.06538461538461537,-0.06538461538461537,0.02092307692307692
2026-05-25,ZEC,,-0.05,0.0,-0.027999999999999997
