week,symbol,cluster_id,w_fast,w_slow,w
2018-06-18,ADA,,-0.05,0.05,-0.015999999999999997
2018-06-18,BNB,,-0.05,-0.05,-0.04
2018-06-18,BTC,,0.05,-0.05,0.015999999999999997
2018-06-18,ETC,,0.0,0.05,0.012
2018-06-18,ETH,,0.05,0.0,0.027999999999999997
2018-06-18,LTC,,0.05,-0.05,0.015999999999999997
2018-06-18,TRX,,0.0,0.05,0.012
2018-06-18,XLM,,0.0,0.0,0.0
2018-06-18,XRP,,-0.05,0.0,-0.027999999999999997
2018-06-25,ADA,,-0.05,0.05,-0.015999999999999997
2018-06-25,BNB,,-0.05,-0.05,-0.04
2018-06-25,BTC,,0.0,-0.05,-0.012
2018-06-25,ETC,,0.0,0.05,0.012
2018-06-25,ETH,,0.05,0.0,0.027999999999999997
2018-06-25,LTC,,0.05,-0.05,0.015999999999999997
2018-06-25,TRX,,0.0,0.05,0.012
2018-06-25,XLM,,-0.05,0.0,-0.027999999999999997
2018-06-25,XRP,,0.05,0.0,0.027999999999999997
2018-07-02,ADA,,-0.05,0.05,-0.015999999999999997
2018-07-02,BNB,,-0.05,-0.05,-0.04
2018-07-02,BTC,,0.05,-0.05,0.015999999999999997
2018-07-02,ETC,,-0.05,0.05,-0.015999999999999997
2018-07-02,ETH,,0.0,0.0,0.0
2018-07-02,LTC,,0.05,-0.05,0.015999999999999997
2018-07-02,TRX,,-0.05,0.05,-0.015999999999999997
2018-07-02,XLM,,0.0,0.0,0.0
2018-07-02,XRP,,0.05,0.0,0.027999999999999997
2018-07-09,ADA,,-0.05,0.05,-0.015999999999999997
2018-07-09,BNB,,0.0,-0.05,-0.012
2018-07-09,BTC,,0.05,-0.05,0.015999999999999997
2018-07-09,ETC,,-0.05,0.05,-0.015999999999999997
2018-07-09,ETH,,0.0,0.0,0.0
2018-07-09,LTC,,0.0,-0.05,-0.012
2018-07-09,TRX,,0.05,0.05,0.04
2018-07-09,XLM,,-0.05,0.0,-0.027999999999999997
2018-07-09,XRP,,0.05,0.0,0.027999999999999997
2018-07-16,ADA,,-0.05,0.05,-0.015999999999999997
2018-07-16,BNB,,0.05,-0.05,0.015999999999999997
2018-07-16,BTC,,0.0,-0.05,-0.012
2018-07-16,ETC,,-0.05,0.05,-0.015999999999999997
2018-07-16,ETH,,0.0,0.0,0.0
2018-07-16,LTC,,0.05,-0.05,0.015999999999999997
2018-07-16,TRX,,0.0,0.05,0.012
2018-07-16,XLM,,-0.05,0.0,-0.027999999999999997
2018-07-16,XRP,,0.05,0.0,0.027999999999999997
2018-07-23,ADA,,-0.05,0.05,-0.015999999999999997
2018-07-23,BNB,,-0.05,-0.05,-0.04
2018-07-23,BTC,,0.0,-0.05,-0.012
2018-07-23,ETC,,0.0,-0.05,-0.012
2018-07-23,ETH,,0.05,0.0,0.027999999999999997
2018-07-23,LTC,,0.05,0.0,0.027999999999999997
2018-07-23,TRX,,0.0,0.0,0.0
2018-07-23,XLM,,-0.05,0.05,-0.015999999999999997
2018-07-23,XRP,,0.05,0.05,0.04
2018-07-30,ADA,,-0.05,0.05,-0.015999999999999997
2018-07-30,BNB,,-0.05,-0.05,-0.04
2018-07-30,BTC,,0.0,-0.05,-0.012
2018-07-30,ETC,,0.0,-0.05,-0.012
2018-07-30,ETH,,0.05,0.0,0.027999999999999997
2018-07-30,LTC,,0.05,0.0,0.027999999999999997
2018-07-30,TRX,,0.0,0.0,0.0
2018-07-30,VET,,0.0,0.0,0.0
2018-07-30,XLM,,-0.05,0.05,-0.015999999999999997
2018-07-30,XRP,,0.05,0.05,0.04
2018-08-06,ADA,,-0.05,0.05,-0.015999999999999997
2018-08-06,BNB,,0.0,-0.05,-0.012
2018-08-06,BTC,,0.0,-0.05,-0.012
2018-08-06,ETC,,0.05,-0.05,0.015999999999999997
2018-08-06,ETH,,0.05,0.0,0.027999999999999997
2018-08-06,LTC,,0.05,0.0,0.027999999999999997
2018-08-06,TRX,,-0.05,0.0,-0.027999999999999997
2018-08-06,VET,,0.0,0.0,0.0
2018-08-06,XLM,,-0.05,0.05,-0.015999999999999997
2018-08-06,XRP,,0.0,0.05,0.012
2018-08-13,ADA,,0.05,0.05,0.04
2018-08-13,BNB,,-0.05,-0.05,-0.04
2018-08-13,BTC,,0.0,-0.05,-0.012
2018-08-13,ETC,,0.0,-0.05,-0.012
2018-08-13,ETH,,0.05,0.0,0.027999999999999997
2018-08-13,LTC,,0.05,0.0,0.027999999999999997
2018-08-13,TRX,,-0.05,0.0,-0.027999999999999997
2018-08-13,VET,,0.0,0.0,0.0
2018-08-13,XLM,,0.0,0.05,0.012
2018-08-13,XRP,,-0.05,0.05,-0.015999999999999997
2018-08-20,ADA,,0.05,0.0,0.027999999999999997
2018-08-20,BNB,,-0.05,-0.05,-0.04
2018-08-20,BTC,,0.05,-0.05,0.015999999999999997
2018-08-20,ETC,,0.0,0.05,0.012
2018-08-20,ETH,,0.05,0.0,0.027999999999999997
2018-08-20,LTC,,0.0,-0.05,-0.012
2018-08-20,TRX,,0.0,0.05,0.012
2018-08-20,VET,,-0.05,0.0,-0.027999999999999997
2018-08-20,XLM,,0.0,0.0,0.0
2018-08-20,XRP,,-0.05,0.05,-0.015999999999999997
2018-08-27,ADA,,0.0,0.0,0.0
2018-08-27,BNB,,-0.05,-0.05,-0.04
2018-08-27,BTC,,0.05,-0.05,0.015999999999999997
2018-08-27,ETC,,0.0,0.05,0.012
2018-08-27,ETH,,0.05,0.0,0.027999999999999997
2018-08-27,LTC,,0.0,-0.05,-0.012
2018-08-27,TRX,,0.0,0.05,0.012
2018-08-27,VET,,-0.05,0.0,-0.027999999999999997
2018-08-27,XLM,,0.05,0.0,0.027999999999999997
2018-08-27,XRP,,-0.05,0.05,-0.015999999999999997
2018-09-03,ADA,,-0.05,0.0,-0.027999999999999997
2018-09-03,BNB,,0.0,-0.05,-0.012
2018-09-03,BTC,,0.05,-0.05,0.015999999999999997
2018-09-03,ETC,,0.05,0.05,0.04
2018-09-03,ETH,,0.0,0.0,0.0
2018-09-03,LTC,,0.0,-0.05,-0.012
2018-09-03,TRX,,0.0,0.05,0.012
2018-09-03,VET,,-0.05,0.0,-0.027999999999999997
2018-09-03,XLM,,0.05,0.0,0.027999999999999997
2018-09-03,XRP,,-0.05,0.05,-0.015999999999999997
2018-09-10,ADA,,0.0,0.0,0.0
2018-09-10,BNB,,0.0,-0.05,-0.012
2018-09-10,BTC,,0.05,-0.05,0.015999999999999997
2018-09-10,ETC,,0.05,0.05,0.04
2018-09-10,ETH,,-0.05,0.0,-0.027999999999999997
2018-09-10,LTC,,-0.05,-0.05,-0.04
2018-09-10,TRX,,0.0,0.05,0.012
2018-09-10,VET,,-0.05,0.0,-0.027999999999999997
2018-09-10,XLM,,0.0,0.0,0.0
2018-09-10,XRP,,0.05,0.05,0.04
2018-09-17,ADA,,-0.05,0.05,-0.015999999999999997
2018-09-17,BNB,,0.05,-0.05,0.015999999999999997
2018-09-17,BTC,,0.05,-0.05,0.015999999999999997
2018-09-17,ETC,,0.05,0.0,0.027999999999999997
2018-09-17,ETH,,0.0,0.0,0.0
2018-09-17,LTC,,0.0,-0.05,-0.012
2018-09-17,TRX,,0.0,0.0,0.0
2018-09-17,VET,,0.0,0.05,0.012
2018-09-17,XLM,,-0.05,0.0,-0.027999999999999997
2018-09-17,XRP,,-0.05,0.05,-0.015999999999999997
2018-09-24,ADA,,-0.05,0.05,-0.015999999999999997
2018-09-24,BNB,,0.0,-0.05,-0.012
2018-09-24,BTC,,0.05,-0.05,0.015999999999999997
2018-09-24,ETC,,0.05,0.0,0.027999999999999997
2018-09-24,ETH,,0.0,0.0,0.0
2018-09-24,LTC,,0.0,-0.05,-0.012
2018-09-24,TRX,,0.0,0.0,0.0
2018-09-24,VET,,0.05,0.05,0.04
2018-09-24,XLM,,-0.05,0.0,-0.027999999999999997
2018-09-24,XRP,,-0.05,0.05,-0.015999999999999997
2018-10-01,ADA,,-0.05,0.05,-0.015999999999999997
2018-10-01,BNB,,0.0,-0.05,-0.012
2018-10-01,BTC,,0.05,-0.05,0.015999999999999997
2018-10-01,ETC,,0.05,0.0,0.027999999999999997
2018-10-01,ETH,,0.0,0.0,0.0
2018-10-01,LTC,,0.0,-0.05,-0.012
2018-10-01,TRX,,0.0,0.0,0.0
2018-10-01,VET,,0.05,0.05,0.04
2018-10-01,XLM,,-0.05,0.0,-0.027999999999999997
2018-10-01,XRP,,-0.05,0.05,-0.015999999999999997
2018-10-08,ADA,,-0.05,0.05,-0.015999999999999997
2018-10-08,BNB,,0.0,-0.05,-0.012
2018-10-08,BTC,,0.05,-0.05,0.015999999999999997
2018-10-08,ETC,,0.05,0.0,0.027999999999999997
2018-10-08,ETH,,0.0,0.0,0.0
2018-10-08,LTC,,0.0,-0.05,-0.012
2018-10-08,TRX,,0.0,0.0,0.0
2018-10-08,VET,,0.05,0.05,0.04
2018-10-08,XLM,,-0.05,0.0,-0.027999999999999997
2018-10-08,XRP,,-0.05,0.05,-0.015999999999999997
2018-10-15,ADA,,0.0,0.05,0.012
2018-10-15,BNB,,0.0,-0.05,-0.012
2018-10-15,BTC,,0.05,-0.05,0.015999999999999997
2018-10-15,ETC,,0.0,-0.05,-0.012
2018-10-15,ETH,,0.0,0.05,0.012
2018-10-15,LTC,,0.05,0.0,0.027999999999999997
2018-10-15,TRX,,-0.05,0.0,-0.027999999999999997
2018-10-15,VET,,0.05,0.0,0.027999999999999997
2018-10-15,XLM,,-0.05,0.0,-0.027999999999999997
2018-10-15,XRP,,-0.05,0.05,-0.015999999999999997
2018-10-22,ADA,,0.0,0.05,0.012
2018-10-22,BNB,,0.0,-0.05,-0.012
2018-10-22,BTC,,0.05,-0.05,0.015999999999999997
2018-10-22,ETC,,0.0,-0.05,-0.012
2018-10-22,ETH,,0.0,0.05,0.012
2018-10-22,LTC,,0.05,0.0,0.027999999999999997
2018-10-22,TRX,,-0.05,0.0,-0.027999999999999997
2018-10-22,VET,,0.05,0.0,0.027999999999999997
2018-10-22,XLM,,-0.05,0.0,-0.027999999999999997
2018-10-22,XRP,,-0.05,0.05,-0.015999999999999997
2018-10-29,ADA,,-0.05,0.05,-0.015999999999999997
2018-10-29,BNB,,0.05,-0.05,0.015999999999999997
2018-10-29,BTC,,0.05,-0.05,0.015999999999999997
2018-10-29,ETC,,0.0,-0.05,-0.012
2018-10-29,ETH,,0.0,0.05,0.012
2018-10-29,LTC,,0.0,0.0,0.0
2018-10-29,TRX,,0.0,0.0,0.0
2018-10-29,VET,,0.05,0.0,0.027999999999999997
2018-10-29,XLM,,-0.05,0.0,-0.027999999999999997
2018-10-29,XRP,,-0.05,0.05,-0.015999999999999997
2018-11-05,ADA,,-0.05,0.05,-0.015999999999999997
2018-11-05,BNB,,0.0,-0.05,-0.012
2018-11-05,BTC,,0.05,-0.05,0.015999999999999997
2018-11-05,ETC,,0.05,-0.05,0.015999999999999997
2018-11-05,ETH,,0.0,0.05,0.012
2018-11-05,LTC,,0.0,0.0,0.0
2018-11-05,TRX,,0.0,0.0,0.0
2018-11-05,VET,,0.05,0.0,0.027999999999999997
2018-11-05,XLM,,-0.05,0.0,-0.027999999999999997
2018-11-05,XRP,,-0.05,0.05,-0.015999999999999997
2018-11-12,ADA,,-0.05,0.05,-0.015999999999999997
2018-11-12,BNB,,0.0,-0.05,-0.012
2018-11-12,BTC,,0.05,-0.05,0.015999999999999997
2018-11-12,ETC,,0.05,0.0,0.027999999999999997
2018-11-12,ETH,,0.0,-0.05,-0.012
2018-11-12,LTC,,-0.05,0.0,-0.027999999999999997
2018-11-12,TRX,,0.05,0.0,0.027999999999999997
2018-11-12,VET,,0.0,0.05,0.012
2018-11-12,XLM,,-0.05,0.0,-0.027999999999999997
2018-11-12,XRP,,0.0,0.05,0.012
2018-11-19,ADA,,-0.05,0.05,-0.015999999999999997
2018-11-19,BNB,,0.0,-0.05,-0.012
2018-11-19,BTC,,0.05,-0.05,0.015999999999999997
2018-11-19,ETC,,0.0,0.0,0.0
2018-11-19,ETH,,0.0,-0.05,-0.012
2018-11-19,LTC,,0.05,0.0,0.027999999999999997
2018-11-19,TRX,,0.0,0.0,0.0
2018-11-19,VET,,-0.05,0.05,-0.015999999999999997
2018-11-19,XLM,,-0.05,0.0,-0.027999999999999997
2018-11-19,XRP,,0.05,0.05,0.04
2018-11-26,ADA,,-0.05,0.05,-0.015999999999999997
2018-11-26,BNB,,0.0,-0.05,-0.012
2018-11-26,BTC,,0.05,-0.05,0.015999999999999997
2018-11-26,ETC,,0.0,0.0,0.0
2018-11-26,ETH,,0.05,-0.05,0.015999999999999997
2018-11-26,LTC,,0.05,0.0,0.027999999999999997
2018-11-26,TRX,,-0.05,0.0,-0.027999999999999997
2018-11-26,VET,,0.0,0.05,0.012
2018-11-26,XLM,,-0.05,0.0,-0.027999999999999997
2018-11-26,XRP,,0.0,0.05,0.012
2018-12-03,ADA,,-0.05,0.05,-0.015999999999999997
2018-12-03,BNB,,0.0,-0.05,-0.012
2018-12-03,BTC,,0.05,-0.05,0.015999999999999997
2018-12-03,ETC,,-0.05,0.0,-0.027999999999999997
2018-12-03,ETH,,0.05,-0.05,0.015999999999999997
2018-12-03,LTC,,0.0,0.0,0.0
2018-12-03,TRX,,-0.05,0.0,-0.027999999999999997
2018-12-03,VET,,0.0,0.05,0.012
2018-12-03,XLM,,0.05,0.0,0.027999999999999997
2018-12-03,XRP,,0.0,0.05,0.012
2018-12-10,ADA,,-0.05,0.05,-0.015999999999999997
2018-12-10,BNB,,0.0,-0.05,-0.012
2018-12-10,BTC,,0.05,-0.05,0.015999999999999997
2018-12-10,ETC,,0.0,0.0,0.0
2018-12-10,ETH,,0.05,0.0,0.027999999999999997
2018-12-10,LTC,,-0.05,-0.05,-0.04
2018-12-10,TRX,,-0.05,0.0,-0.027999999999999997
2018-12-10,VET,,0.0,0.05,0.012
2018-12-10,XLM,,0.0,0.05,0.012
2018-12-10,XRP,,0.05,0.0,0.027999999999999997
2018-12-17,ADA,,-0.05,0.05,-0.015999999999999997
2018-12-17,BNB,,0.05,-0.05,0.015999999999999997
2018-12-17,BTC,,0.05,-0.05,0.015999999999999997
2018-12-17,ETC,,0.0,0.0,0.0
2018-12-17,ETH,,-0.05,0.0,-0.027999999999999997
2018-12-17,LTC,,0.05,-0.05,0.015999999999999997
2018-12-17,TRX,,-0.05,0.0,-0.027999999999999997
2018-12-17,VET,,0.0,0.05,0.012
2018-12-17,XLM,,0.0,0.05,0.012
2018-12-17,XRP,,0.0,0.0,0.0
2018-12-24,ADA,,-0.05,0.05,-0.015999999999999997
2018-12-24,BNB,,0.05,-0.05,0.015999999999999997
2018-12-24,BTC,,0.05,-0.05,0.015999999999999997
2018-12-24,ETC,,0.0,0.0,0.0
2018-12-24,ETH,,-0.05,0.0,-0.027999999999999997
2018-12-24,LTC,,0.05,-0.05,0.015999999999999997
2018-12-24,TRX,,-0.05,0.0,-0.027999999999999997
2018-12-24,VET,,0.0,0.05,0.012
2018-12-24,XLM,,0.0,0.05,0.012
2018-12-24,XRP,,0.0,0.0,0.0
2018-12-31,ADA,,-0.05,0.05,-0.015999999999999997
2018-12-31,BNB,,0.05,-0.05,0.015999999999999997
2018-12-31,BTC,,0.05,-0.05,0.015999999999999997
2018-12-31,ETC,,0.0,0.0,0.0
2018-12-31,ETH,,-0.05,0.0,-0.027999999999999997
2018-12-31,LTC,,0.05,-0.05,0.015999999999999997
2018-12-31,TRX,,-0.05,0.0,-0.027999999999999997
2018-12-31,VET,,0.0,0.05,0.012
2018-12-31,XLM,,0.0,0.05,0.012
2018-12-31,XRP,,0.0,0.0,0.0
2019-01-07,ADA,,-0.05,0.05,-0.015999999999999997
2019-01-07,BNB,,0.05,-0.05,0.015999999999999997
2019-01-07,BTC,,0.05,-0.05,0.015999999999999997
2019-01-07,ETC,,0.0,0.0,0.0
2019-01-07,ETH,,-0.05,0.0,-0.027999999999999997
2019-01-07,LTC,,0.0,-0.05,-0.012
2019-01-07,TRX,,-0.05,0.05,-0.015999999999999997
2019-01-07,VET,,0.0,0.05,0.012
2019-01-07,XLM,,0.05,0.0,0.027999999999999997
2019-01-07,XRP,,0.0,0.0,0.0
2019-01-14,ADA,,-0.05,0.05,-0.015999999999999997
2019-01-14,BNB,,0.0,-0.05,-0.012
2019-01-14,BTC,,0.05,-0.05,0.015999999999999997
2019-01-14,ETC,,0.0,0.0,0.0
2019-01-14,ETH,,-0.05,0.0,-0.027999999999999997
2019-01-14,LTC,,-0.05,-0.05,-0.04
2019-01-14,TRX,,0.0,0.05,0.012
2019-01-14,VET,,0.0,0.05,0.012
2019-01-14,XLM,,0.05,0.0,0.027999999999999997
2019-01-14,XRP,,0.05,0.0,0.027999999999999997
2019-01-21,ADA,,0.0,0.05,0.012
2019-01-21,BNB,,0.0,-0.05,-0.012
2019-01-21,BTC,,0.05,-0.05,0.015999999999999997
2019-01-21,ETC,,0.0,0.0,0.0
2019-01-21,ETH,,-0.05,0.0,-0.027999999999999997
2019-01-21,LINK,,0.0,0.0,0.0
2019-01-21,LTC,,-0.05,-0.05,-0.04
2019-01-21,TRX,,-0.05,0.05,-0.015999999999999997
2019-01-21,VET,,0.05,0.05,0.04
2019-01-21,XLM,,0.05,0.0,0.027999999999999997
2019-01-21,XRP,,0.0,0.0,0.0
2019-01-28,ADA,,0.0,0.05,0.012
2019-01-28,BNB,,-0.05,-0.05,-0.04
2019-01-28,BTC,,0.05,-0.05,0.015999999999999997
2019-01-28,ETC,,0.05,0.0,0.027999999999999997
2019-01-28,ETH,,0.0,0.0,0.0
2019-01-28,LINK,,0.0,0.0,0.0
2019-01-28,LTC,,-0.05,-0.05,-0.04
2019-01-28,TRX,,-0.05,0.05,-0.015999999999999997
2019-01-28,VET,,0.0,0.05,0.012
2019-01-28,XLM,,0.05,0.0,0.027999999999999997
2019-01-28,XRP,,0.0,0.0,0.0
2019-02-04,ADA,,0.0,0.05,0.012
2019-02-04,BNB,,0.0,-0.05,-0.012
2019-02-04,BTC,,0.05,-0.05,0.015999999999999997
2019-02-04,ETC,,0.05,0.05,0.04
2019-02-04,ETH,,0.0,0.05,0.012
2019-02-04,LINK,,-0.05,0.0,-0.027999999999999997
2019-02-04,LTC,,0.0,0.0,0.0
2019-02-04,TRX,,-0.05,0.0,-0.027999999999999997
2019-02-04,VET,,0.0,-0.05,-0.012
2019-02-04,XLM,,0.05,0.0,0.027999999999999997
2019-02-04,XRP,,-0.05,0.0,-0.027999999999999997
2019-02-11,ADA,,0.0,0.05,0.012
2019-02-11,BNB,,0.0,-0.05,-0.012
2019-02-11,BTC,,0.05,-0.05,0.015999999999999997
2019-02-11,ETC,,0.05,0.05,0.04
2019-02-11,ETH,,0.0,0.05,0.012
2019-02-11,LINK,,-0.05,0.0,-0.027999999999999997
2019-02-11,LTC,,0.05,0.0,0.027999999999999997
2019-02-11,TRX,,-0.05,0.0,-0.027999999999999997
2019-02-11,VET,,0.0,-0.05,-0.012
2019-02-11,XLM,,0.0,0.0,0.0
2019-02-11,XRP,,-0.05,0.0,-0.027999999999999997
2019-02-18,ADA,,0.0,0.05,0.012
2019-02-18,BNB,,0.0,-0.05,-0.012
2019-02-18,BTC,,0.05,-0.05,0.015999999999999997
2019-02-18,ETC,,0.05,0.05,0.04
2019-02-18,ETH,,0.0,0.05,0.012
2019-02-18,LINK,,-0.05,0.0,-0.027999999999999997
2019-02-18,LTC,,0.05,0.0,0.027999999999999997
2019-02-18,TRX,,-0.05,0.0,-0.027999999999999997
2019-02-18,VET,,0.0,-0.05,-0.012
2019-02-18,XLM,,0.0,0.0,0.0
2019-02-18,XRP,,-0.05,0.0,-0.027999999999999997
2019-02-25,ADA,,0.0,0.05,0.012
2019-02-25,BNB,,0.0,-0.05,-0.012
2019-02-25,BTC,,0.05,-0.05,0.015999999999999997
2019-02-25,ETC,,0.05,0.05,0.04
2019-02-25,ETH,,0.0,0.05,0.012
2019-02-25,LINK,,-0.05,0.0,-0.027999999999999997
2019-02-25,LTC,,0.05,0.0,0.027999999999999997
2019-02-25,TRX,,-0.05,0.0,-0.027999999999999997
2019-02-25,VET,,0.0,-0.05,-0.012
2019-02-25,XLM,,0.0,0.0,0.0
2019-02-25,XRP,,-0.05,0.0,-0.027999999999999997
2019-03-04,ADA,,0.0,0.0,0.0
2019-03-04,BNB,,0.0,-0.05,-0.012
2019-03-04,BTC,,0.05,-0.05,0.015999999999999997
2019-03-04,ETC,,0.05,0.0,0.027999999999999997
2019-03-04,ETH,,0.0,0.0,0.0
2019-03-04,FET,,-0.05,0.0,-0.027999999999999997
2019-03-04,LINK,,-0.05,0.05,-0.015999999999999997
2019-03-04,LTC,,0.05,-0.05,0.015999999999999997
2019-03-04,TRX,,-0.05,0.05,-0.015999999999999997
2019-03-04,VET,,0.0,0.0,0.0
2019-03-04,XLM,,0.0,0.05,0.012
2019-03-04,XRP,,-0.05,0.0,-0.027999999999999997
2019-03-11,ADA,,0.0,0.0,0.0
2019-03-11,BNB,,0.0,-0.05,-0.012
2019-03-11,BTC,,0.05,-0.05,0.015999999999999997
2019-03-11,ETC,,0.05,0.0,0.027999999999999997
2019-03-11,ETH,,0.0,0.0,0.0
2019-03-11,FET,,-0.05,0.0,-0.027999999999999997
2019-03-11,LINK,,-0.05,0.05,-0.015999999999999997
2019-03-11,LTC,,0.05,-0.05,0.015999999999999997
2019-03-11,TRX,,-0.05,0.05,-0.015999999999999997
2019-03-11,VET,,0.0,0.0,0.0
2019-03-11,XLM,,0.0,0.05,0.012
2019-03-11,XRP,,-0.05,0.0,-0.027999999999999997
2019-03-18,ADA,,0.0,0.0,0.0
2019-03-18,BNB,,0.05,-0.05,0.015999999999999997
2019-03-18,BTC,,0.05,-0.05,0.015999999999999997
2019-03-18,ETC,,0.05,0.0,0.027999999999999997
2019-03-18,ETH,,0.0,0.0,0.0
2019-03-18,FET,,-0.05,0.0,-0.027999999999999997
2019-03-18,LINK,,-0.05,0.05,-0.015999999999999997
2019-03-18,LTC,,0.0,-0.05,-0.012
2019-03-18,TRX,,-0.05,0.05,-0.015999999999999997
2019-03-18,VET,,0.0,0.0,0.0
2019-03-18,XLM,,0.0,0.05,0.012
2019-03-18,XRP,,-0.05,0.0,-0.027999999999999997
2019-03-25,ADA,,0.0,0.0,0.0
2019-03-25,BNB,,0.05,-0.05,0.015999999999999997
2019-03-25,BTC,,0.05,-0.05,0.015999999999999997
2019-03-25,ETC,,0.05,0.0,0.027999999999999997
2019-03-25,ETH,,0.0,0.0,0.0
2019-03-25,FET,,-0.05,0.0,-0.027999999999999997
2019-03-25,LINK,,-0.05,0.05,-0.015999999999999997
2019-03-25,LTC,,0.0,-0.05,-0.012
2019-03-25,TRX,,-0.05,0.05,-0.015999999999999997
2019-03-25,VET,,0.0,0.0,0.0
2019-03-25,XLM,,0.05,0.05,0.04
2019-03-25,XRP,,-0.05,0.0,-0.027999999999999997
2019-03-25,ZEC,,-0.05,0.0,-0.027999999999999997
2019-04-01,ADA,,0.0,0.05,0.012
2019-04-01,BNB,,0.05,-0.05,0.015999999999999997
2019-04-01,BTC,,0.05,-0.05,0.015999999999999997
2019-04-01,DASH,,0.0,0.0,0.0
2019-04-01,ETC,,-0.05,0.0,-0.027999999999999997
2019-04-01,ETH,,0.0,0.0,0.0
2019-04-01,FET,,0.0,0.0,0.0
2019-04-01,LINK,,0.0,0.05,0.012
2019-04-01,LTC,,-0.05,0.05,-0.015999999999999997
2019-04-01,TRX,,-0.05,0.05,-0.015999999999999997
2019-04-01,VET,,0.05,-0.05,0.015999999999999997
2019-04-01,XLM,,0.05,0.0,0.027999999999999997
2019-04-01,XRP,,-0.05,-0.05,-0.04
2019-04-01,ZEC,,0.0,0.0,0.0
2019-04-08,ADA,,0.0,0.05,0.012
2019-04-08,BNB,,0.05,-0.05,0.015999999999999997
2019-04-08,BTC,,0.05,-0.05,0.015999999999999997
2019-04-08,DASH,,0.0,0.0,0.0
2019-04-08,ETC,,-0.05,0.0,-0.027999999999999997
2019-04-08,ETH,,0.0,0.0,0.0
2019-04-08,FET,,0.0,0.0,0.0
2019-04-08,LINK,,0.0,0.05,0.012
2019-04-08,LTC,,-0.05,0.05,-0.015999999999999997
2019-04-08,TRX,,-0.05,0.05,-0.015999999999999997
2019-04-08,VET,,0.05,-0.05,0.015999999999999997
2019-04-08,XLM,,0.05,0.0,0.027999999999999997
2019-04-08,XRP,,-0.05,-0.05,-0.04
2019-04-08,ZEC,,0.0,0.0,0.0
2019-04-15,ADA,,0.0,0.05,0.012
2019-04-15,BNB,,0.05,-0.05,0.015999999999999997
2019-04-15,BTC,,0.05,-0.05,0.015999999999999997
2019-04-15,DASH,,0.0,0.0,0.0
2019-04-15,ETC,,-0.05,0.0,-0.027999999999999997
2019-04-15,ETH,,0.0,0.0,0.0
2019-04-15,FET,,0.0,0.0,0.0
2019-04-15,LINK,,0.0,0.05,0.012
2019-04-15,LTC,,-0.05,0.05,-0.015999999999999997
2019-04-15,TRX,,-0.05,0.05,-0.015999999999999997
2019-04-15,VET,,0.05,-0.05,0.015999999999999997
2019-04-15,XLM,,0.05,0.0,0.027999999999999997
2019-04-15,XRP,,-0.05,-0.05,-0.04
2019-04-15,ZEC,,0.0,0.0,0.0
2019-04-22,ADA,,0.0,0.05,0.012
2019-04-22,BNB,,0.05,-0.05,0.015999999999999997
2019-04-22,BTC,,0.05,-0.05,0.015999999999999997
2019-04-22,DASH,,0.0,0.0,0.0
2019-04-22,ETC,,-0.05,0.0,-0.027999999999999997
2019-04-22,ETH,,0.05,0.0,0.027999999999999997
2019-04-22,FET,,-0.05,0.0,-0.027999999999999997
2019-04-22,LINK,,0.05,0.05,0.04
2019-04-22,LTC,,-0.05,0.05,-0.015999999999999997
2019-04-22,TRX,,0.0,0.05,0.012
2019-04-22,VET,,0.0,-0.05,-0.012
2019-04-22,XLM,,0.0,0.0,0.0
2019-04-22,XRP,,-0.05,-0.05,-0.04
2019-04-22,ZEC,,0.0,0.0,0.0
2019-04-29,ADA,,0.05,0.05,0.04
2019-04-29,BNB,,-0.05,-0.05,-0.04
2019-04-29,BTC,,0.05,-0.05,0.015999999999999997
2019-04-29,DASH,,0.0,0.05,0.012
2019-04-29,ETC,,0.0,0.05,0.012
2019-04-29,ETH,,0.0,-0.05,-0.012
2019-04-29,FET,,-0.05,0.05,-0.015999999999999997
2019-04-29,LINK,,-0.05,0.0,-0.027999999999999997
2019-04-29,LTC,,0.0,0.0,0.0
2019-04-29,TRX,,0.05,0.0,0.027999999999999997
2019-04-29,VET,,0.0,0.0,0.0
2019-04-29,XLM,,0.05,0.0,0.027999999999999997
2019-04-29,XRP,,-0.05,-0.05,-0.04
2019-04-29,ZEC,,0.0,0.0,0.0
2019-05-06,ADA,,0.0,0.05,0.012
2019-05-06,ATOM,,0.0,0.0,0.0
2019-05-06,BNB,,-0.05,-0.05,-0.04
2019-05-06,BTC,,0.0,-0.05,-0.012
2019-05-06,DASH,,0.0,0.05,0.012
2019-05-06,ETC,,0.05,0.05,0.04
2019-05-06,ETH,,0.0,-0.05,-0.012
2019-05-06,FET,,-0.05,0.05,-0.015999999999999997
2019-05-06,LINK,,-0.05,0.0,-0.027999999999999997
2019-05-06,LTC,,-0.05,0.0,-0.027999999999999997
2019-05-06,TRX,,0.05,0.0,0.027999999999999997
2019-05-06,VET,,0.0,0.0,0.0
2019-05-06,XLM,,0.05,0.0,0.027999999999999997
2019-05-06,XRP,,0.0,-0.05,-0.012
2019-05-06,ZEC,,0.05,0.0,0.027999999999999997
2019-05-13,ADA,,0.05,0.05,0.04
2019-05-13,ATOM,,0.0,0.0,0.0
2019-05-13,BNB,,0.0,-0.05,-0.012
2019-05-13,BTC,,0.05,-0.05,0.015999999999999997
2019-05-13,DASH,,0.0,0.05,0.012
2019-05-13,ETC,,0.0,0.05,0.012
2019-05-13,ETH,,0.0,-0.05,-0.012
2019-05-13,FET,,-0.05,0.05,-0.015999999999999997
2019-05-13,LINK,,-0.05,0.0,-0.027999999999999997
2019-05-13,LTC,,0.05,0.0,0.027999999999999997
2019-05-13,TRX,,0.05,0.0,0.027999999999999997
2019-05-13,VET,,0.0,0.0,0.0
2019-05-13,XLM,,-0.05,0.0,-0.027999999999999997
2019-05-13,XRP,,-0.05,-0.05,-0.04
2019-05-13,ZEC,,0.0,0.0,0.0
2019-05-20,ADA,,0.05,0.05,0.04
2019-05-20,ATOM,,0.0,0.0,0.0
2019-05-20,BNB,,0.0,-0.05,-0.012
2019-05-20,BTC,,0.05,-0.05,0.015999999999999997
2019-05-20,DASH,,0.0,0.05,0.012
2019-05-20,ETC,,0.0,0.05,0.012
2019-05-20,ETH,,0.0,-0.05,-0.012
2019-05-20,FET,,-0.05,0.05,-0.015999999999999997
2019-05-20,LINK,,-0.05,0.0,-0.027999999999999997
2019-05-20,LTC,,0.05,0.0,0.027999999999999997
2019-05-20,TRX,,0.05,0.0,0.027999999999999997
2019-05-20,VET,,0.0,0.0,0.0
2019-05-20,XLM,,-0.05,0.0,-0.027999999999999997
2019-05-20,XRP,,-0.05,-0.05,-0.04
2019-05-20,ZEC,,0.0,0.0,0.0
2019-05-27,ADA,,0.05,0.0,0.027999999999999997
2019-05-27,ATOM,,-0.05,0.05,-0.015999999999999997
2019-05-27,BNB,,0.0,-0.05,-0.012
2019-05-27,BTC,,0.05,-0.05,0.015999999999999997
2019-05-27,DASH,,0.0,0.0,0.0
2019-05-27,ETC,,0.0,0.05,0.012
2019-05-27,ETH,,0.0,-0.05,-0.012
2019-05-27,FET,,-0.05,0.05,-0.015999999999999997
2019-05-27,LINK,,-0.05,0.0,-0.027999999999999997
2019-05-27,LTC,,0.05,0.0,0.027999999999999997
2019-05-27,TRX,,0.05,0.0,0.027999999999999997
2019-05-27,VET,,0.0,0.0,0.0
2019-05-27,XLM,,-0.05,0.0,-0.027999999999999997
2019-05-27,XRP,,0.0,-0.05,-0.012
2019-05-27,ZEC,,0.0,0.05,0.012
2019-06-03,ADA,,0.05,0.0,0.027999999999999997
2019-06-03,ATOM,,-0.05,0.05,-0.015999999999999997
2019-06-03,BNB,,0.0,-0.05,-0.012
2019-06-03,BTC,,0.05,-0.05,0.015999999999999997
2019-06-03,DASH,,0.0,0.0,0.0
2019-06-03,ETC,,0.0,0.05,0.012
2019-06-03,ETH,,0.0,-0.05,-0.012
2019-06-03,FET,,-0.05,0.05,-0.015999999999999997
2019-06-03,LINK,,-0.05,0.0,-0.027999999999999997
2019-06-03,LTC,,0.05,0.0,0.027999999999999997
2019-06-03,TRX,,0.0,0.0,0.0
2019-06-03,VET,,0.05,0.0,0.027999999999999997
2019-06-03,XLM,,-0.05,0.0,-0.027999999999999997
2019-06-03,XRP,,0.0,-0.05,-0.012
2019-06-03,ZEC,,0.0,0.05,0.012
2019-06-10,ADA,,0.0,0.0,0.0
2019-06-10,ATOM,,-0.05,0.05,-0.015999999999999997
2019-06-10,BNB,,0.05,-0.05,0.015999999999999997
2019-06-10,BTC,,0.0,-0.05,-0.012
2019-06-10,DASH,,0.05,0.0,0.027999999999999997
2019-06-10,ETC,,-0.05,0.05,-0.015999999999999997
2019-06-10,ETH,,0.0,-0.05,-0.012
2019-06-10,FET,,0.0,0.05,0.012
2019-06-10,LINK,,-0.05,0.0,-0.027999999999999997
2019-06-10,LTC,,0.05,0.0,0.027999999999999997
2019-06-10,TRX,,-0.05,0.0,-0.027999999999999997
2019-06-10,VET,,0.05,0.0,0.027999999999999997
2019-06-10,XLM,,0.0,0.0,0.0
2019-06-10,XRP,,0.0,-0.05,-0.012
2019-06-10,ZEC,,0.0,0.05,0.012
2019-06-17,ADA,,0.0,0.0,0.0
2019-06-17,ATOM,,-0.05,0.05,-0.015999999999999997
2019-06-17,BNB,,0.05,-0.05,0.015999999999999997
2019-06-17,BTC,,0.0,-0.05,-0.012
2019-06-17,DASH,,0.0,0.0,0.0
2019-06-17,ETC,,-0.05,0.05,-0.015999999999999997
2019-06-17,ETH,,0.0,-0.05,-0.012
2019-06-17,FET,,0.0,0.05,0.012
2019-06-17,LINK,,-0.05,0.0,-0.027999999999999997
2019-06-17,LTC,,0.05,0.0,0.027999999999999997
2019-06-17,TRX,,-0.05,0.0,-0.027999999999999997
2019-06-17,VET,,0.05,0.0,0.027999999999999997
2019-06-17,XLM,,0.05,0.0,0.027999999999999997
2019-06-17,XRP,,0.0,-0.05,-0.012
2019-06-17,ZEC,,0.0,0.05,0.012
2019-06-24,ADA,,0.0,0.0,0.0
2019-06-24,ALGO,,0.0,0.0,0.0
2019-06-24,ATOM,,0.0,0.05,0.012
2019-06-24,BNB,,0.0,0.0,0.0
2019-06-24,BTC,,-0.05,-0.05,-0.04
2019-06-24,DASH,,0.0,0.0,0.0
2019-06-24,ETC,,0.05,0.05,0.04
2019-06-24,ETH,,0.0,0.0,0.0
2019-06-24,FET,,0.05,0.05,0.04
2019-06-24,LINK,,-0.05,-0.05,-0.04
2019-06-24,LTC,,0.0,-0.05,-0.012
2019-06-24,TRX,,-0.05,0.05,-0.015999999999999997
2019-06-24,VET,,0.05,-0.05,0.015999999999999997
2019-06-24,XLM,,0.05,0.0,0.027999999999999997
2019-06-24,XRP,,0.0,0.0,0.0
2019-06-24,ZEC,,-0.05,0.0,-0.027999999999999997
2019-07-01,ADA,,0.05,0.0,0.027999999999999997
2019-07-01,ALGO,,0.0,0.0,0.0
2019-07-01,ATOM,,0.0,0.05,0.012
2019-07-01,BNB,,0.05,0.0,0.027999999999999997
2019-07-01,BTC,,0.05,-0.05,0.015999999999999997
2019-07-01,DASH,,0.0,0.0,0.0
2019-07-01,ETC,,-0.05,0.05,-0.015999999999999997
2019-07-01,ETH,,0.0,0.0,0.0
2019-07-01,FET,,0.0,0.05,0.012
2019-07-01,LINK,,-0.05,-0.05,-0.04
2019-07-01,LTC,,0.0,-0.05,-0.012
2019-07-01,TRX,,0.0,0.05,0.012
2019-07-01,VET,,0.05,-0.05,0.015999999999999997
2019-07-01,XLM,,0.0,0.0,0.0
2019-07-01,XRP,,-0.05,0.0,-0.027999999999999997
2019-07-01,ZEC,,-0.05,0.0,-0.027999999999999997
2019-07-08,ADA,,0.05,0.0,0.027999999999999997
2019-07-08,ALGO,,0.0,0.0,0.0
2019-07-08,ATOM,,0.0,0.05,0.012
2019-07-08,BNB,,0.05,0.0,0.027999999999999997
2019-07-08,BTC,,0.05,-0.05,0.015999999999999997
2019-07-08,DASH,,0.0,0.0,0.0
2019-07-08,DOGE,,0.0,0.0,0.0
2019-07-08,ETC,,-0.05,0.05,-0.015999999999999997
2019-07-08,ETH,,0.0,0.0,0.0
2019-07-08,FET,,0.0,0.05,0.012
2019-07-08,LINK,,-0.05,-0.05,-0.04
2019-07-08,LTC,,0.0,-0.05,-0.012
2019-07-08,TRX,,-0.05,0.05,-0.015999999999999997
2019-07-08,VET,,0.05,-0.05,0.015999999999999997
2019-07-08,XLM,,0.05,0.0,0.027999999999999997
2019-07-08,XRP,,-0.05,0.0,-0.027999999999999997
2019-07-08,ZEC,,-0.05,0.0,-0.027999999999999997
2019-07-15,ADA,,0.05,0.0,0.027999999999999997
2019-07-15,ALGO,,-0.11874999999999998,0.0,-0.06649999999999999
2019-07-15,ATOM,,-0.11874999999999998,0.05,-0.054499999999999986
2019-07-15,BNB,,0.05,0.0,0.027999999999999997
2019-07-15,BTC,,0.05,-0.05,0.015999999999999997
2019-07-15,DASH,,-0.11874999999999998,0.0,-0.06649999999999999
2019-07-15,DOGE,,-0.11874999999999998,0.0,-0.06649999999999999
2019-07-15,ETC,,-0.11874999999999998,0.05,-0.054499999999999986
2019-07-15,ETH,,0.05,0.0,0.027999999999999997
2019-07-15,FET,,-0.11874999999999998,0.05,-0.054499999999999986
2019-07-15,LINK,,-0.05,-0.05,-0.04
2019-07-15,LTC,,0.0,-0.05,-0.012
2019-07-15,TRX,,0.0,0.05,0.012
2019-07-15,VET,,0.05,-0.05,0.015999999999999997
2019-07-15,XLM,,0.0,0.0,0.0
2019-07-15,XRP,,-0.11874999999999998,0.0,-0.06649999999999999
2019-07-15,ZEC,,-0.11874999999999998,0.0,-0.06649999999999999
2019-07-22,ADA,,0.05,0.0,0.027999999999999997
2019-07-22,ALGO,,-0.05,0.0,-0.027999999999999997
2019-07-22,ATOM,,-0.05,0.05,-0.015999999999999997
2019-07-22,BNB,,0.05,-0.05,0.015999999999999997
2019-07-22,BTC,,0.05,-0.05,0.015999999999999997
2019-07-22,DASH,,-0.05,0.0,-0.027999999999999997
2019-07-22,DOGE,,-0.05,0.05,-0.015999999999999997
2019-07-22,ETC,,-0.05,0.05,-0.015999999999999997
2019-07-22,ETH,,0.05,0.0,0.027999999999999997
2019-07-22,FET,,-0.05,0.05,-0.015999999999999997
2019-07-22,LINK,,-0.05,-0.05,-0.04
2019-07-22,LTC,,0.0,0.0,0.0
2019-07-22,TRX,,0.0,0.05,0.012
2019-07-22,VET,,0.05,-0.05,0.015999999999999997
2019-07-22,XLM,,0.0,-0.05,-0.012
2019-07-22,XRP,,-0.05,0.0,-0.027999999999999997
2019-07-22,ZEC,,-0.05,0.0,-0.027999999999999997
2019-07-29,ADA,,0.0,0.0,0.0
2019-07-29,ALGO,,-0.05,0.0,-0.027999999999999997
2019-07-29,ATOM,,-0.05,0.05,-0.015999999999999997
2019-07-29,BNB,,0.05,-0.05,0.015999999999999997
2019-07-29,BTC,,0.05,-0.05,0.015999999999999997
2019-07-29,DASH,,0.05,0.0,0.027999999999999997
2019-07-29,DOGE,,0.0,0.05,0.012
2019-07-29,ETC,,-0.05,0.05,-0.015999999999999997
2019-07-29,ETH,,0.0,0.0,0.0
2019-07-29,FET,,0.0,0.05,0.012
2019-07-29,LINK,,0.0,-0.05,-0.012
2019-07-29,LTC,,0.0,0.0,0.0
2019-07-29,TRX,,-0.05,0.05,-0.015999999999999997
2019-07-29,VET,,0.0,-0.05,-0.012
2019-07-29,XLM,,0.05,-0.05,0.015999999999999997
2019-07-29,XRP,,-0.05,0.0,-0.027999999999999997
2019-07-29,ZEC,,0.05,0.0,0.027999999999999997
2019-08-05,ADA,,0.05,0.0,0.026086956521739126
2019-08-05,ALGO,,-0.05,0.0,-0.027999999999999997
2019-08-05,ATOM,,-0.10555555555555557,0.05,-0.044985507246376816
2019-08-05,BNB,,0.05,-0.05,0.015999999999999997
2019-08-05,BTC,,0.05,-0.05,0.015999999999999997
2019-08-05,DASH,,-0.10555555555555557,0.0,-0.05315942028985507
2019-08-05,DOGE,,-0.10555555555555557,0.05,-0.04307246376811594
2019-08-05,ETC,,-0.10555555555555557,0.05,-0.044985507246376816
2019-08-05,ETH,,0.05,0.0,0.026086956521739126
2019-08-05,FET,,-0.10555555555555557,0.05,-0.04307246376811594
2019-08-05,LINK,,-0.10555555555555557,-0.05,-0.06707246376811594
2019-08-05,LTC,,0.0,0.0,0.0
2019-08-05,TRX,,0.05,0.05,0.03617391304347825
2019-08-05,VET,,-0.10555555555555557,-0.05,-0.06707246376811594
2019-08-05,XLM,,0.0,-0.05,-0.010086956521739129
2019-08-05,XRP,,-0.10555555555555557,0.0,-0.05698550724637681
2019-08-05,ZEC,,-0.10555555555555557,0.0,-0.05315942028985507
2019-08-12,ADA,,0.05,0.0,0.027975909011721957
2019-08-12,ALGO,,-0.05,0.0,-0.027999999999999997
2019-08-12,ATOM,,-0.05,0.05,-0.01636501497390972
2019-08-12,BNB,,0.0,-0.05,-0.01164739553520321
2019-08-12,BTC,,0.0,-0.05,-0.01164739553520321
2019-08-12,DASH,,0.0,0.0,-0.0006694374621504309
2019-08-12,DOGE,,0.0,0.05,0.011306471549571526
2019-08-12,ETC,,0.0,0.05,0.011282380561293485
2019-08-12,ETH,,0.05,0.0,0.027975909011721957
2019-08-12,FET,,0.0,0.05,0.011306471549571526
2019-08-12,LINK,,-0.05,-0.05,-0.04034092398563168
2019-08-12,LTC,,0.0,0.0,0.0
2019-08-12,TRX,,-0.05,0.05,-0.0153429730469625
2019-08-12,VET,,0.05,-0.05,0.014953867084774738
2019-08-12,XLM,,0.05,-0.05,0.015671486523481246
2019-08-12,XRP,,-0.05,0.0,-0.02836501497390972
2019-08-12,ZEC,,0.05,0.0,0.02697795807305277
2019-08-19,ADA,,0.05,0.0,0.027999999999999997
2019-08-19,ALGO,,-0.05,0.05,-0.015999999999999997
2019-08-19,ATOM,,0.0,0.05,0.012
2019-08-19,BNB,,-0.05,-0.05,-0.04
2019-08-19,BTC,,-0.05,-0.05,-0.04
2019-08-19,DASH,,0.0,0.0,0.0
2019-08-19,DOGE,,0.0,-0.05,-0.012
2019-08-19,ETC,,-0.05,0.05,-0.015999999999999997
2019-08-19,ETH,,0.0,0.0,0.0
2019-08-19,FET,,0.05,0.05,0.04
2019-08-19,LINK,,-0.05,-0.05,-0.04
2019-08-19,LTC,,0.0,0.0,0.0
2019-08-19,TRX,,0.0,0.05,0.012
2019-08-19,VET,,0.05,-0.05,0.015999999999999997
2019-08-19,XLM,,0.05,0.0,0.027999999999999997
2019-08-19,XRP,,0.0,0.0,0.0
2019-08-19,ZEC,,0.05,0.0,0.027999999999999997
2019-08-26,ADA,,0.05,0.0,0.027999999999999997
2019-08-26,ALGO,,-0.05,0.05,-0.015999999999999997
2019-08-26,ATOM,,0.0,0.05,0.012
2019-08-26,BNB,,-0.05,-0.05,-0.04
2019-08-26,BTC,,0.0,-0.05,-0.012
2019-08-26,DASH,,0.0,0.0,0.0
2019-08-26,DOGE,,0.05,-0.05,0.015999999999999997
2019-08-26,ETC,,-0.05,0.05,-0.015999999999999997
2019-08-26,ETH,,0.05,0.0,0.027999999999999997
2019-08-26,FET,,-0.05,0.05,-0.015999999999999997
2019-08-26,LINK,,-0.05,-0.05,-0.04
2019-08-26,LTC,,0.0,0.0,0.0
2019-08-26,TRX,,0.0,0.05,0.012
2019-08-26,VET,,0.0,-0.05,-0.012
2019-08-26,XLM,,0.0,0.0,0.0
2019-08-26,XRP,,0.05,0.0,0.027999999999999997
2019-08-26,ZEC,,0.05,0.0,0.027999999999999997
2019-09-02,ADA,,0.0,0.0,0.0
2019-09-02,ALGO,,0.0,0.05,0.012
2019-09-02,ATOM,,-0.05,0.05,-0.015999999999999997
2019-09-02,BNB,,0.0,-0.05,-0.012
2019-09-02,BTC,,0.0,-0.05,-0.012
2019-09-02,DASH,,-0.05,0.0,-0.027999999999999997
2019-09-02,DOGE,,0.05,-0.05,0.015999999999999997
2019-09-02,ETC,,-0.05,0.05,-0.015999999999999997
2019-09-02,ETH,,0.0,0.0,0.0
2019-09-02,FET,,-0.05,0.05,-0.015999999999999997
2019-09-02,LINK,,-0.05,-0.05,-0.04
2019-09-02,LTC,,0.0,0.0,0.0
2019-09-02,TRX,,0.05,0.05,0.04
2019-09-02,VET,,0.05,-0.05,0.015999999999999997
2019-09-02,XLM,,0.05,0.0,0.027999999999999997
2019-09-02,XRP,,0.05,0.0,0.027999999999999997
2019-09-02,ZEC,,0.0,0.0,0.0
2019-09-09,ADA,,0.0,0.0,0.0
2019-09-09,ALGO,,-0.05,0.05,-0.015999999999999997
2019-09-09,ATOM,,-0.05,0.05,-0.015999999999999997
2019-09-09,BNB,,0.0,-0.05,-0.012
2019-09-09,BTC,,0.05,-0.05,0.015999999999999997
2019-09-09,CHZ,,0.0,0.0,0.0
2019-09-09,DASH,,-0.05,0.0,-0.027999999999999997
2019-09-09,DOGE,,0.05,-0.05,0.015999999999999997
2019-09-09,ETC,,-0.05,0.05,-0.015999999999999997
2019-09-09,ETH,,0.0,0.0,0.0
2019-09-09,FET,,-0.05,0.05,-0.015999999999999997
2019-09-09,LINK,,0.0,-0.05,-0.012
2019-09-09,LTC,,0.0,0.0,0.0
2019-09-09,TRX,,0.0,0.05,0.012
2019-09-09,VET,,0.05,-0.05,0.015999999999999997
2019-09-09,XLM,,0.05,0.0,0.027999999999999997
2019-09-09,XRP,,0.05,0.0,0.027999999999999997
2019-09-09,ZEC,,0.0,0.0,0.0
2019-09-16,ADA,,0.05,-0.05,0.015999999999999997
2019-09-16,ALGO,,0.0,0.05,0.012
2019-09-16,ATOM,,-0.05,0.05,-0.015999999999999997
2019-09-16,BNB,,0.0,0.0,0.0
2019-09-16,BTC,,0.05,-0.05,0.015999999999999997
2019-09-16,CHZ,,0.0,0.0,0.0
2019-09-16,DASH,,-0.05,0.0,-0.027999999999999997
2019-09-16,DOGE,,0.05,0.0,0.027999999999999997
2019-09-16,ETC,,0.0,0.05,0.012
2019-09-16,ETH,,0.0,-0.05,-0.012
2019-09-16,FET,,-0.05,0.05,-0.015999999999999997
2019-09-16,LINK,,-0.05,0.05,-0.015999999999999997
2019-09-16,LTC,,0.05,0.0,0.027999999999999997
2019-09-16,TRX,,0.0,0.0,0.0
2019-09-16,VET,,0.0,-0.05,-0.012
2019-09-16,XLM,,-0.05,0.0,-0.027999999999999997
2019-09-16,XRP,,0.05,-0.05,0.015999999999999997
2019-09-16,ZEC,,0.0,0.0,0.0
2019-09-23,ADA,,0.0,-0.05,-0.012
2019-09-23,ALGO,,0.05,0.05,0.04
2019-09-23,ATOM,,-0.05,0.05,-0.015999999999999997
2019-09-23,BNB,,0.0,0.0,0.0
2019-09-23,BTC,,0.05,-0.05,0.015999999999999997
2019-09-23,CHZ,,0.0,0.0,0.0
2019-09-23,DASH,,-0.05,0.0,-0.027999999999999997
2019-09-23,DOGE,,0.05,0.0,0.027999999999999997
2019-09-23,ETC,,0.0,0.05,0.012
2019-09-23,ETH,,0.0,-0.05,-0.012
2019-09-23,FET,,-0.05,0.05,-0.015999999999999997
2019-09-23,LINK,,0.0,0.05,0.012
2019-09-23,LTC,,-0.05,0.0,-0.027999999999999997
2019-09-23,TRX,,0.0,0.0,0.0
2019-09-23,VET,,0.05,-0.05,0.015999999999999997
2019-09-23,XLM,,-0.05,0.0,-0.027999999999999997
2019-09-23,XRP,,0.05,-0.05,0.015999999999999997
2019-09-23,ZEC,,0.0,0.0,0.0
2019-09-30,ADA,,0.0,-0.05,-0.012
2019-09-30,ALGO,,0.05,0.05,0.04
2019-09-30,ATOM,,-0.05,0.05,-0.015999999999999997
2019-09-30,BNB,,0.0,0.0,0.0
2019-09-30,BTC,,0.05,-0.05,0.015999999999999997
2019-09-30,CHZ,,-0.05,0.0,-0.027999999999999997
2019-09-30,DASH,,0.0,0.0,0.0
2019-09-30,DOGE,,0.05,0.0,0.027999999999999997
2019-09-30,ETC,,0.0,0.05,0.012
2019-09-30,ETH,,0.0,-0.05,-0.012
2019-09-30,FET,,-0.05,0.05,-0.015999999999999997
2019-09-30,HBAR,,0.0,0.0,0.0
2019-09-30,LINK,,-0.05,0.05,-0.015999999999999997
2019-09-30,LTC,,0.0,0.0,0.0
2019-09-30,TRX,,-0.05,0.0,-0.027999999999999997
2019-09-30,VET,,0.0,-0.05,-0.012
2019-09-30,XLM,,0.0,0.0,0.0
2019-09-30,XRP,,0.05,-0.05,0.015999999999999997
2019-09-30,ZEC,,0.05,0.0,0.027999999999999997
2019-10-07,ADA,,0.0,-0.05,-0.012
2019-10-07,ALGO,,-0.05,0.05,-0.015999999999999997
2019-10-07,ATOM,,-0.05,0.05,-0.015999999999999997
2019-10-07,BNB,,-0.05,0.0,-0.027999999999999997
2019-10-07,BTC,,0.05,-0.05,0.015999999999999997
2019-10-07,CHZ,,-0.05,0.0,-0.027999999999999997
2019-10-07,DASH,,0.0,0.0,0.0
2019-10-07,DOGE,,0.05,0.0,0.027999999999999997
2019-10-07,ETC,,0.0,0.05,0.012
2019-10-07,ETH,,0.0,-0.05,-0.012
2019-10-07,FET,,-0.05,0.05,-0.015999999999999997
2019-10-07,HBAR,,0.0,0.0,0.0
2019-10-07,LINK,,0.0,0.05,0.012
2019-10-07,LTC,,0.0,0.0,0.0
2019-10-07,TRX,,0.0,0.0,0.0
2019-10-07,VET,,0.05,-0.05,0.015999999999999997
2019-10-07,XLM,,0.0,0.0,0.0
2019-10-07,XRP,,0.05,-0.05,0.015999999999999997
2019-10-07,ZEC,,0.05,0.0,0.027999999999999997
2019-10-14,ADA,,0.0,0.0,0.0
2019-10-14,ALGO,,-0.05,0.05,-0.015999999999999997
2019-10-14,ATOM,,-0.05,0.05,-0.015999999999999997
2019-10-14,BNB,,-0.05,0.0,-0.027999999999999997
2019-10-14,BTC,,0.05,-0.05,0.015999999999999997
2019-10-14,CHZ,,-0.05,0.05,-0.015999999999999997
2019-10-14,DASH,,0.0,0.05,0.012
2019-10-14,DOGE,,0.0,-0.05,-0.012
2019-10-14,ETC,,0.0,0.0,0.0
2019-10-14,ETH,,0.0,0.0,0.0
2019-10-14,FET,,-0.05,0.05,-0.015999999999999997
2019-10-14,HBAR,,0.0,0.0,0.0
2019-10-14,LINK,,0.0,0.0,0.0
2019-10-14,LTC,,0.0,0.0,0.0
2019-10-14,TRX,,0.0,0.0,0.0
2019-10-14,VET,,0.05,-0.05,0.015999999999999997
2019-10-14,XLM,,0.05,-0.05,0.015999999999999997
2019-10-14,XRP,,0.05,-0.05,0.015999999999999997
2019-10-14,ZEC,,0.05,0.0,0.027999999999999997
2019-10-21,ADA,,0.05,0.0,0.027999999999999997
2019-10-21,ALGO,,-0.05,0.05,-0.015999999999999997
2019-10-21,ATOM,,0.0,0.05,0.012
2019-10-21,BNB,,0.0,0.0,0.0
2019-10-21,BTC,,0.0,-0.05,-0.012
2019-10-21,CHZ,,-0.05,0.05,-0.015999999999999997
2019-10-21,DASH,,0.05,0.05,0.04
2019-10-21,DOGE,,0.0,-0.05,-0.012
2019-10-21,ETC,,0.0,0.0,0.0
2019-10-21,ETH,,0.05,0.0,0.027999999999999997
2019-10-21,FET,,-0.05,0.05,-0.015999999999999997
2019-10-21,HBAR,,0.0,0.0,0.0
2019-10-21,LINK,,-0.05,0.0,-0.027999999999999997
2019-10-21,LTC,,0.0,0.0,0.0
2019-10-21,TRX,,-0.05,0.0,-0.027999999999999997
2019-10-21,VET,,0.0,-0.05,-0.012
2019-10-21,XLM,,0.05,-0.05,0.015999999999999997
2019-10-21,XRP,,0.05,-0.05,0.015999999999999997
2019-10-21,ZEC,,0.0,0.0,0.0
2019-10-28,ADA,,0.05,0.0,0.027999999999999997
2019-10-28,ALGO,,-0.05,0.05,-0.015999999999999997
2019-10-28,ATOM,,0.05,0.05,0.04
2019-10-28,BNB,,0.05,0.0,0.027999999999999997
2019-10-28,BTC,,0.05,-0.05,0.015999999999999997
2019-10-28,CHZ,,-0.05,0.05,-0.015999999999999997
2019-10-28,DASH,,0.0,0.05,0.012
2019-10-28,DOGE,,0.0,-0.05,-0.012
2019-10-28,ETC,,0.0,0.0,0.0
2019-10-28,ETH,,0.0,0.0,0.0
2019-10-28,FET,,-0.05,0.05,-0.015999999999999997
2019-10-28,HBAR,,-0.05,0.0,-0.027999999999999997
2019-10-28,LINK,,-0.05,0.0,-0.027999999999999997
2019-10-28,LTC,,0.0,0.0,0.0
2019-10-28,STX,,0.0,0.0,0.0
2019-10-28,TRX,,0.0,0.0,0.0
2019-10-28,VET,,0.05,-0.05,0.015999999999999997
2019-10-28,XLM,,0.0,-0.05,-0.012
2019-10-28,XRP,,0.0,-0.05,-0.012
2019-10-28,ZEC,,0.0,0.0,0.0
2019-11-04,ADA,,0.05,0.0,0.027999999999999997
2019-11-04,ALGO,,-0.23749999999999996,0.05,-0.12099999999999995
2019-11-04,ATOM,,0.0,0.05,0.012
2019-11-04,BNB,,0.05,0.0,0.027999999999999997
2019-11-04,BTC,,0.05,-0.05,0.015999999999999997
2019-11-04,CHZ,,-0.05,0.05,-0.015999999999999997
2019-11-04,DASH,,0.0,0.05,0.012
2019-11-04,DOGE,,0.0,-0.05,-0.012
2019-11-04,ETC,,0.0,0.0,0.0
2019-11-04,ETH,,0.0,0.0,0.0
2019-11-04,FET,,-0.23749999999999996,0.05,-0.12099999999999995
2019-11-04,HBAR,,0.0,0.0,0.0
2019-11-04,LINK,,-0.23749999999999996,0.0,-0.13299999999999998
2019-11-04,LTC,,0.0,0.0,0.0
2019-11-04,STX,,0.0,0.0,0.0
2019-11-04,TRX,,0.0,0.0,0.0
2019-11-04,VET,,-0.23749999999999996,-0.05,-0.145
2019-11-04,XLM,,0.0,-0.05,-0.012
2019-11-04,XRP,,0.05,-0.05,0.015999999999999997
2019-11-04,ZEC,,0.05,0.0,0.027999999999999997
2019-11-11,ADA,,0.05,0.0,0.027999999999999997
2019-11-11,ALGO,,0.0,0.05,-0.01077900552486187
2019-11-11,ATOM,,0.05,0.05,0.035204419889502764
2019-11-11,BNB,,0.05,0.0,0.027999999999999997
2019-11-11,BTC,,0.05,0.0,0.025944751381215467
2019-11-11,CHZ,,0.0,0.05,0.007204419889502763
2019-11-11,DASH,,-0.05,0.0,-0.021149171270718223
2019-11-11,DOGE,,0.0,-0.05,-0.012
2019-11-11,ETC,,-0.05,0.0,-0.02320441988950276
2019-11-11,ETH,,0.0,0.0,0.0
2019-11-11,FET,,-0.05,0.05,-0.03398342541436464
2019-11-11,HBAR,,0.0,0.0,0.0
2019-11-11,LINK,,-0.05,-0.05,-0.05592817679558011
2019-11-11,LTC,,0.0,0.0,0.0
2019-11-11,STX,,0.0,0.0,0.0
2019-11-11,TRX,,0.0,0.05,0.00994475138121547
2019-11-11,VET,,0.05,-0.05,-0.011574585635359125
2019-11-11,XLM,,0.0,-0.05,-0.012
2019-11-11,XRP,,0.0,-0.05,-0.007204419889502763
2019-11-11,ZEC,,-0.05,0.0,-0.018408839779005523
2019-11-18,ADA,,0.05,0.0,0.027999999999999997
2019-11-18,ALGO,,0.0,0.05,0.012
2019-11-18,ATOM,,0.05,0.05,0.04
2019-11-18,BNB,,0.05,0.0,0.027999999999999997
2019-11-18,BTC,,0.05,0.0,0.027999999999999997
2019-11-18,CHZ,,0.0,0.05,0.012
2019-11-18,DASH,,0.0,0.0,0.0
2019-11-18,DOGE,,0.0,-0.05,-0.012
2019-11-18,ETC,,-0.05,0.0,-0.027999999999999997
2019-11-18,ETH,,-0.05,0.0,-0.027999999999999997
2019-11-18,FET,,-0.05,0.05,-0.015999999999999997
2019-11-18,HBAR,,0.0,0.0,0.0
2019-11-18,LINK,,-0.05,-0.05,-0.04
2019-11-18,LTC,,0.0,0.0,0.0
2019-11-18,STX,,0.0,0.0,0.0
2019-11-18,TRX,,0.0,0.05,0.012
2019-11-18,VET,,0.05,-0.05,0.015999999999999997
2019-11-18,XLM,,-0.05,-0.05,-0.04
2019-11-18,XRP,,0.0,-0.05,-0.012
2019-11-18,ZEC,,0.0,0.0,0.0
2019-11-25,ADA,,0.05,0.0,0.027999999999999997
2019-11-25,ALGO,,0.0,0.05,0.012
2019-11-25,ATOM,,0.05,0.05,0.04
2019-11-25,BNB,,0.05,0.0,0.027999999999999997
2019-11-25,BTC,,0.05,0.0,0.027999999999999997
2019-11-25,CHZ,,0.0,0.05,0.012
2019-11-25,DASH,,0.0,0.0,0.0
2019-11-25,DOGE,,0.0,-0.05,-0.012
2019-11-25,ETC,,-0.05,0.0,-0.027999999999999997
2019-11-25,ETH,,-0.05,0.0,-0.027999999999999997
2019-11-25,FET,,-0.05,0.05,-0.015999999999999997
2019-11-25,HBAR,,0.0,0.0,0.0
2019-11-25,LINK,,-0.05,-0.05,-0.04
2019-11-25,LTC,,0.0,0.0,0.0
2019-11-25,STX,,0.0,0.0,0.0
2019-11-25,TRX,,0.0,0.05,0.012
2019-11-25,VET,,0.05,-0.05,0.015999999999999997
2019-11-25,XLM,,-0.05,-0.05,-0.04
2019-11-25,XRP,,0.0,-0.05,-0.012
2019-11-25,ZEC,,0.0,0.0,0.0
2019-12-02,ADA,,0.0,0.0,0.0
2019-12-02,ALGO,,0.0,0.05,0.012
2019-12-02,ATOM,,0.05,0.05,0.04
2019-12-02,BCH,,0.0,0.0,0.0
2019-12-02,BNB,,0.05,0.0,0.027999999999999997
2019-12-02,BTC,,0.05,0.0,0.027999999999999997
2019-12-02,CHZ,,0.0,0.05,0.012
2019-12-02,DASH,,0.05,0.0,0.027999999999999997
2019-12-02,DOGE,,0.0,-0.05,-0.012
2019-12-02,ETC,,-0.05,0.0,-0.027999999999999997
2019-12-02,ETH,,-0.05,0.0,-0.027999999999999997
2019-12-02,FET,,-0.05,0.05,-0.015999999999999997
2019-12-02,HBAR,,0.0,0.0,0.0
2019-12-02,LINK,,-0.05,-0.05,-0.04
2019-12-02,LTC,,0.0,0.0,0.0
2019-12-02,STX,,0.0,0.0,0.0
2019-12-02,TRX,,0.0,0.05,0.012
2019-12-02,VET,,0.05,-0.05,0.015999999999999997
2019-12-02,XLM,,-0.05,-0.05,-0.04
2019-12-02,XRP,,-0.05,-0.05,-0.04
2019-12-02,ZEC,,0.05,0.0,0.027999999999999997
2019-12-09,ADA,,0.0,0.0,0.0
2019-12-09,ALGO,,0.0,0.05,0.012
2019-12-09,ATOM,,0.05,0.0,0.027999999999999997
2019-12-09,BCH,,0.0,0.0,0.0
2019-12-09,BNB,,0.05,0.0,0.027999999999999997
2019-12-09,BTC,,0.05,-0.05,0.015999999999999997
2019-12-09,CHZ,,0.0,0.05,0.012
2019-12-09,DASH,,0.05,0.0,0.027999999999999997
2019-12-09,DOGE,,0.0,-0.05,-0.012
2019-12-09,ETC,,-0.05,-0.05,-0.04
2019-12-09,ETH,,-0.05,0.0,-0.027999999999999997
2019-12-09,FET,,-0.05,0.05,-0.015999999999999997
2019-12-09,HBAR,,0.0,0.0,0.0
2019-12-09,LINK,,-0.05,-0.05,-0.04
2019-12-09,LTC,,0.0,0.0,0.0
2019-12-09,STX,,0.0,0.05,0.012
2019-12-09,TRX,,0.0,0.05,0.012
2019-12-09,VET,,0.05,0.05,0.04
2019-12-09,XLM,,-0.05,-0.05,-0.04
2019-12-09,XRP,,-0.05,-0.05,-0.04
2019-12-09,ZEC,,0.05,0.0,0.027999999999999997
2019-12-16,ADA,,0.05,0.0,0.02727272727272727
2019-12-16,ALGO,,0.0,0.05,0.012
2019-12-16,ATOM,,0.05,0.0,0.027999999999999997
2019-12-16,BCH,,0.0,0.0,0.0
2019-12-16,BNB,,0.05,0.0,0.027999999999999997
2019-12-16,BTC,,0.05,-0.05,0.015999999999999997
2019-12-16,CHZ,,0.0,0.05,0.012
2019-12-16,DASH,,0.0,0.0,0.0007272727272727257
2019-12-16,DOGE,,0.0,-0.05,-0.012
2019-12-16,ETC,,-0.19,-0.05,-0.11636363636363634
2019-12-16,ETH,,0.05,0.0,0.026545454545454546
2019-12-16,FET,,-0.05,0.05,-0.015999999999999997
2019-12-16,HBAR,,0.0,0.0,0.0
2019-12-16,LINK,,-0.19,-0.05,-0.11636363636363634
2019-12-16,LTC,,-0.19,0.0,-0.10363636363636364
2019-12-16,STX,,0.0,0.05,0.012
2019-12-16,TRX,,0.05,0.05,0.03927272727272728
2019-12-16,VET,,0.0,0.05,0.012727272727272726
2019-12-16,XLM,,-0.19,-0.05,-0.11636363636363634
2019-12-16,XRP,,-0.19,-0.05,-0.11636363636363634
2019-12-16,ZEC,,0.0,0.0,0.0007272727272727257
2019-12-23,ADA,,0.05,0.0,0.027878176314099622
2019-12-23,ALGO,,0.0,0.05,0.012
2019-12-23,ATOM,,0.0,0.0,0.004690211907164479
2019-12-23,BCH,,0.0,0.0,0.0
2019-12-23,BNB,,0.05,0.0,0.027999999999999997
2019-12-23,BTC,,0.05,-0.05,0.015999999999999997
2019-12-23,CHZ,,0.05,0.05,0.035309788092835526
2019-12-23,DASH,,0.0,0.0,0.00012182368590037585
2019-12-23,DOGE,,0.05,-0.05,0.011309788092835518
2019-12-23,ETC,,-0.05,-0.05,-0.05279148701953949
2019-12-23,ETH,,0.05,0.0,0.027756352628199244
2019-12-23,FET,,-0.05,0.05,-0.015999999999999997
2019-12-23,HBAR,,-0.05,0.0,-0.02330978809283552
2019-12-23,LINK,,0.0,-0.05,-0.029481698926703964
2019-12-23,LTC,,0.0,0.0,-0.017359875240803596
2019-12-23,STX,,-0.05,0.05,-0.011309788092835518
2019-12-23,TRX,,0.0,0.05,0.016568388221264104
2019-12-23,VET,,-0.05,0.05,-0.01118796440693514
2019-12-23,XLM,,0.0,-0.05,-0.029481698926703964
2019-12-23,XRP,,0.0,-0.05,-0.029481698926703964
2019-12-23,ZEC,,-0.05,0.0,-0.02318796440693514
2019-12-30,ADA,,0.05,0.0,0.027999999999999997
2019-12-30,ALGO,,0.05,0.05,0.04
2019-12-30,ATOM,,0.0,0.0,0.0
2019-12-30,BCH,,0.0,0.0,0.0
2019-12-30,BNB,,0.05,0.0,0.027999999999999997
2019-12-30,BTC,,0.05,-0.05,0.015999999999999997
2019-12-30,CHZ,,-0.05,0.05,-0.015999999999999997
2019-12-30,DASH,,-0.05,0.0,-0.027999999999999997
2019-12-30,DOGE,,0.05,-0.05,0.015999999999999997
2019-12-30,ETC,,0.0,-0.05,-0.012
2019-12-30,ETH,,0.05,0.0,0.027999999999999997
2019-12-30,FET,,-0.05,0.05,-0.015999999999999997
2019-12-30,HBAR,,0.0,0.0,0.0
2019-12-30,LINK,,0.0,-0.05,-0.012
2019-12-30,LTC,,0.0,0.0,0.0
2019-12-30,STX,,-0.05,0.05,-0.015999999999999997
2019-12-30,TRX,,0.0,0.05,0.012
2019-12-30,VET,,-0.05,0.05,-0.015999999999999997
2019-12-30,XLM,,0.0,-0.05,-0.012
2019-12-30,XRP,,0.0,-0.05,-0.012
2019-12-30,ZEC,,-0.05,0.0,-0.027999999999999997
2020-01-06,ADA,,0.05,0.0,0.027999999999999997
2020-01-06,ALGO,,0.05,0.05,0.04
2020-01-06,ATOM,,0.05,0.0,0.027999999999999997
2020-01-06,BCH,,-0.05,-0.05,-0.04
2020-01-06,BNB,,0.0,0.0,0.0
2020-01-06,BTC,,0.05,-0.05,0.015999999999999997
2020-01-06,CHZ,,0.0,0.05,0.012
2020-01-06,DASH,,-0.05,0.0,-0.027999999999999997
2020-01-06,DOGE,,0.05,-0.05,0.015999999999999997
2020-01-06,ETC,,0.0,-0.05,-0.012
2020-01-06,ETH,,0.0,-0.05,-0.012
2020-01-06,FET,,-0.05,0.05,-0.015999999999999997
2020-01-06,HBAR,,0.0,0.05,0.012
2020-01-06,LINK,,-0.05,0.0,-0.027999999999999997
2020-01-06,LTC,,0.0,0.0,0.0
2020-01-06,STX,,-0.05,0.05,-0.015999999999999997
2020-01-06,TRX,,0.0,0.0,0.0
2020-01-06,VET,,0.05,0.05,0.04
2020-01-06,XLM,,0.0,0.0,0.0
2020-01-06,XRP,,0.0,-0.05,-0.012
2020-01-06,ZEC,,-0.05,0.0,-0.027999999999999997
2020-01-13,ADA,,0.05,0.0,0.027999999999999997
2020-01-13,ALGO,,0.05,0.05,0.04
2020-01-13,ATOM,,0.05,0.0,0.027999999999999997
2020-01-13,BCH,,0.0,-0.05,-0.012
2020-01-13,BNB,,0.0,0.0,0.0
2020-01-13,BTC,,0.05,-0.05,0.015999999999999997
2020-01-13,CHZ,,0.0,0.05,0.012
2020-01-13,DASH,,-0.05,0.0,-0.027999999999999997
2020-01-13,DOGE,,0.05,-0.05,0.015999999999999997
2020-01-13,ETC,,-0.05,-0.05,-0.04
2020-01-13,ETH,,0.0,-0.05,-0.012
2020-01-13,FET,,0.0,0.05,0.012
2020-01-13,HBAR,,0.0,0.05,0.012
2020-01-13,LINK,,-0.05,0.0,-0.027999999999999997
2020-01-13,LTC,,0.0,0.0,0.0
2020-01-13,STX,,-0.05,0.05,-0.015999999999999997
2020-01-13,TRX,,0.0,0.0,0.0
2020-01-13,VET,,0.05,0.05,0.04
2020-01-13,XLM,,-0.05,0.0,-0.027999999999999997
2020-01-13,XRP,,0.0,-0.05,-0.012
2020-01-13,ZEC,,-0.05,0.0,-0.027999999999999997
2020-01-20,ADA,,0.05,0.0,0.027999999999999997
2020-01-20,ALGO,,0.05,0.05,0.04
2020-01-20,ATOM,,0.05,0.0,0.027999999999999997
2020-01-20,BCH,,-0.05,-0.05,-0.04
2020-01-20,BNB,,0.0,0.0,0.0
2020-01-20,BTC,,0.05,-0.05,0.015999999999999997
2020-01-20,CHZ,,0.0,0.05,0.012
2020-01-20,DASH,,-0.05,0.0,-0.027999999999999997
2020-01-20,DOGE,,0.05,-0.05,0.015999999999999997
2020-01-20,ETC,,-0.05,-0.05,-0.04
2020-01-20,ETH,,0.0,-0.05,-0.012
2020-01-20,FET,,0.0,0.05,0.012
2020-01-20,HBAR,,0.0,0.05,0.012
2020-01-20,LINK,,-0.05,0.0,-0.027999999999999997
2020-01-20,LTC,,0.0,0.0,0.0
2020-01-20,STX,,0.0,0.05,0.012
2020-01-20,TRX,,0.0,0.0,0.0
2020-01-20,VET,,0.05,0.05,0.04
2020-01-20,XLM,,-0.05,0.0,-0.027999999999999997
2020-01-20,XRP,,0.0,-0.05,-0.012
2020-01-20,ZEC,,-0.05,0.0,-0.027999999999999997
2020-01-27,ADA,,0.0,0.0,0.0
2020-01-27,ALGO,,0.05,0.05,0.04
2020-01-27,ATOM,,0.05,0.0,0.027999999999999997
2020-01-27,BCH,,-0.05,-0.05,-0.04
2020-01-27,BNB,,0.0,0.0,0.0
2020-01-27,BTC,,0.05,-0.05,0.015999999999999997
2020-01-27,CHZ,,0.0,0.05,0.012
2020-01-27,DASH,,-0.05,0.0,-0.027999999999999997
2020-01-27,DOGE,,0.0,-0.05,-0.012
2020-01-27,ETC,,-0.05,-0.05,-0.04
2020-01-27,ETH,,0.0,-0.05,-0.012
2020-01-27,FET,,0.05,0.05,0.04
2020-01-27,HBAR,,0.0,0.05,0.012
2020-01-27,LINK,,-0.05,0.0,-0.027999999999999997
2020-01-27,LTC,,-0.05,0.0,-0.027999999999999997
2020-01-27,STX,,0.0,0.05,0.012
2020-01-27,TRX,,0.05,0.0,0.027999999999999997
2020-01-27,VET,,0.05,0.05,0.04
2020-01-27,XLM,,0.0,0.0,0.0
2020-01-27,XRP,,0.0,-0.05,-0.012
2020-01-27,ZEC,,-0.05,0.0,-0.027999999999999997
2020-02-03,ADA,,0.05,0.0,0.027999999999999997
2020-02-03,ALGO,,0.0,0.05,0.012
2020-02-03,ATOM,,0.05,0.0,0.027999999999999997
2020-02-03,BCH,,0.0,0.0,0.0
2020-02-03,BNB,,0.0,0.0,0.0
2020-02-03,BTC,,0.05,-0.05,0.015999999999999997
2020-02-03,CHZ,,-0.05,0.05,-0.015999999999999997
2020-02-03,DASH,,-0.05,0.05,-0.015999999999999997
2020-02-03,DOGE,,0.0,0.0,0.0
2020-02-03,ETC,,-0.05,-0.05,-0.04
2020-02-03,ETH,,0.0,-0.05,-0.012
2020-02-03,FET,,0.0,0.05,0.012
2020-02-03,HBAR,,-0.05,0.05,-0.015999999999999997
2020-02-03,LINK,,0.0,0.0,0.0
2020-02-03,LTC,,0.0,-0.05,-0.012
2020-02-03,STX,,-0.05,0.05,-0.015999999999999997
2020-02-03,TRX,,0.05,0.0,0.027999999999999997
2020-02-03,VET,,0.05,-0.05,0.015999999999999997
2020-02-03,XLM,,0.0,0.0,0.0
2020-02-03,XRP,,0.05,-0.05,0.015999999999999997
2020-02-03,ZEC,,-0.05,0.0,-0.027999999999999997
2020-02-10,ADA,,0.0,0.0,0.0
2020-02-10,ALGO,,-0.05,0.05,-0.015999999999999997
2020-02-10,ATOM,,0.05,0.0,0.027999999999999997
2020-02-10,BCH,,0.0,0.0,0.0
2020-02-10,BNB,,0.0,0.0,0.0
2020-02-10,BTC,,0.05,-0.05,0.015999999999999997
2020-02-10,CHZ,,-0.05,0.05,-0.015999999999999997
2020-02-10,DASH,,0.0,0.05,0.012
2020-02-10,DOGE,,-0.05,0.0,-0.027999999999999997
2020-02-10,ETC,,-0.05,-0.05,-0.04
2020-02-10,ETH,,0.0,-0.05,-0.012
2020-02-10,FET,,0.0,0.05,0.012
2020-02-10,HBAR,,-0.05,0.05,-0.015999999999999997
2020-02-10,LINK,,0.0,0.0,0.0
2020-02-10,LTC,,0.0,-0.05,-0.012
2020-02-10,STX,,-0.05,0.05,-0.015999999999999997
2020-02-10,TRX,,0.05,0.0,0.027999999999999997
2020-02-10,VET,,0.05,-0.05,0.015999999999999997
2020-02-10,XLM,,0.05,0.0,0.027999999999999997
2020-02-10,XRP,,0.05,-0.05,0.015999999999999997
2020-02-10,ZEC,,0.0,0.0,0.0
2020-02-17,ADA,,0.05,0.0,0.024999999999999998
2020-02-17,ALGO,,0.0,0.05,0.009000000000000001
2020-02-17,ATOM,,0.05,0.0,0.027999999999999997
2020-02-17,BCH,,0.0,0.0,0.0
2020-02-17,BNB,,0.0,0.0,0.0
2020-02-17,BTC,,0.05,-0.05,0.015999999999999997
2020-02-17,CHZ,,0.0,0.05,0.009000000000000001
2020-02-17,DASH,,-0.19,0.05,-0.08299999999999999
2020-02-17,DOGE,,0.0,0.0,-0.002999999999999999
2020-02-17,ETC,,-0.19,-0.05,-0.10999999999999999
2020-02-17,ETH,,0.05,-0.05,0.012999999999999998
2020-02-17,FET,,-0.19,0.05,-0.08299999999999999
2020-02-17,HBAR,,-0.05,0.05,-0.015999999999999997
2020-02-17,LINK,,-0.19,0.0,-0.095
2020-02-17,LTC,,0.0,-0.05,-0.012
2020-02-17,STX,,-0.19,0.05,-0.086
2020-02-17,TRX,,0.05,0.0,0.027999999999999997
2020-02-17,VET,,0.05,-0.05,0.015999999999999997
2020-02-17,XLM,,0.0,0.0,0.002999999999999999
2020-02-17,XRP,,0.0,-0.05,-0.009000000000000001
2020-02-17,ZEC,,0.0,0.0,0.0
2020-02-24,ADA,,0.05,0.0,0.027999999999999997
2020-02-24,ALGO,,-0.05,0.05,-0.015999999999999997
2020-02-24,ATOM,,0.05,0.0,0.027999999999999997
2020-02-24,BCH,,0.0,0.0,0.0
2020-02-24,BNB,,0.0,0.0,0.0
2020-02-24,BTC,,0.05,-0.05,0.015999999999999997
2020-02-24,CHZ,,0.0,0.05,0.012
2020-02-24,DASH,,0.0,0.05,0.012
2020-02-24,DOGE,,-0.05,0.0,-0.027999999999999997
2020-02-24,ETC,,0.0,-0.05,-0.012
2020-02-24,ETH,,0.0,-0.05,-0.012
2020-02-24,FET,,-0.05,0.05,-0.015999999999999997
2020-02-24,HBAR,,-0.05,0.05,-0.015999999999999997
2020-02-24,LINK,,-0.05,0.0,-0.027999999999999997
2020-02-24,LTC,,0.0,-0.05,-0.012
2020-02-24,STX,,-0.05,0.05,-0.015999999999999997
2020-02-24,TRX,,0.05,0.0,0.027999999999999997
2020-02-24,VET,,0.05,-0.05,0.015999999999999997
2020-02-24,XLM,,0.0,0.0,0.0
2020-02-24,XRP,,0.05,-0.05,0.015999999999999997
2020-02-24,ZEC,,0.0,0.0,0.0
2020-03-02,ADA,,0.05,0.0,0.027999999999999997
2020-03-02,ALGO,,0.0,0.19,0.0456
2020-03-02,ATOM,,0.05,0.19,0.0736
2020-03-02,BCH,,0.0,0.19,0.0456
2020-03-02,BNB,,0.0,-0.05,-0.012
2020-03-02,BTC,,0.05,-0.05,0.015999999999999997
2020-03-02,CHZ,,-0.05,0.0,-0.027999999999999997
2020-03-02,DASH,,-0.05,0.0,-0.027999999999999997
2020-03-02,DOGE,,0.0,-0.05,-0.012
2020-03-02,ETC,,-0.05,0.0,-0.027999999999999997
2020-03-02,ETH,,0.05,-0.05,0.015999999999999997
2020-03-02,FET,,-0.05,0.19,0.0176
2020-03-02,HBAR,,0.0,0.05,0.012
2020-03-02,LINK,,-0.05,-0.05,-0.04
2020-03-02,LTC,,0.0,0.0,0.0
2020-03-02,STX,,0.0,0.19,0.0456
2020-03-02,TRX,,0.05,0.0,0.027999999999999997
2020-03-02,VET,,0.0,0.0,0.0
2020-03-02,XLM,,-0.05,0.0,-0.027999999999999997
2020-03-02,XRP,,0.05,-0.05,0.015999999999999997
2020-03-02,ZEC,,0.0,0.0,0.0
2020-03-09,ADA,,0.05,0.0,0.027999999999999997
2020-03-09,ALGO,,0.0,0.19,0.0456
2020-03-09,ATOM,,0.0,0.19,0.0456
2020-03-09,BCH,,0.0,0.19,0.0456
2020-03-09,BNB,,0.05,-0.05,0.015999999999999997
2020-03-09,BTC,,0.05,-0.05,0.015999999999999997
2020-03-09,CHZ,,-0.05,0.0,-0.027999999999999997
2020-03-09,DASH,,-0.05,0.0,-0.027999999999999997
2020-03-09,DOGE,,0.0,-0.05,-0.012
2020-03-09,ETC,,-0.05,0.0,-0.027999999999999997
2020-03-09,ETH,,0.05,-0.05,0.015999999999999997
2020-03-09,FET,,-0.05,0.19,0.0176
2020-03-09,HBAR,,0.0,0.05,0.012
2020-03-09,LINK,,-0.05,-0.05,-0.04
2020-03-09,LTC,,0.0,0.0,0.0
2020-03-09,STX,,0.0,0.19,0.0456
2020-03-09,TRX,,0.05,0.0,0.027999999999999997
2020-03-09,VET,,0.05,0.0,0.027999999999999997
2020-03-09,XLM,,-0.05,0.0,-0.027999999999999997
2020-03-09,XRP,,0.0,-0.05,-0.012
2020-03-09,ZEC,,0.0,0.0,0.0
2020-03-16,ADA,,0.05,0.0,0.027999999999999997
2020-03-16,ALGO,,0.0,0.19,0.0456
2020-03-16,ATOM,,0.05,0.19,0.0736
2020-03-16,BCH,,0.0,0.19,0.0456
2020-03-16,BNB,,0.0,-0.05,-0.012
2020-03-16,BTC,,0.05,-0.05,0.015999999999999997
2020-03-16,CHZ,,-0.05,0.0,-0.027999999999999997
2020-03-16,DASH,,-0.05,0.0,-0.027999999999999997
2020-03-16,DOGE,,0.0,-0.05,-0.012
2020-03-16,ETC,,0.0,0.0,0.0
2020-03-16,ETH,,0.05,-0.05,0.015999999999999997
2020-03-16,FET,,-0.05,0.19,0.0176
2020-03-16,HBAR,,-0.05,0.05,-0.015999999999999997
2020-03-16,LINK,,-0.05,-0.05,-0.04
2020-03-16,LTC,,0.0,0.0,0.0
2020-03-16,STX,,-0.05,0.19,0.0176
2020-03-16,TRX,,0.05,0.0,0.027999999999999997
2020-03-16,VET,,0.0,0.0,0.0
2020-03-16,XLM,,0.0,0.0,0.0
2020-03-16,XRP,,0.05,-0.05,0.015999999999999997
2020-03-16,ZEC,,0.0,0.0,0.0
2020-03-23,ADA,,0.05,0.0,0.027999999999999997
2020-03-23,ALGO,,0.0,0.19,0.0456
2020-03-23,ATOM,,0.05,0.19,0.0736
2020-03-23,BCH,,0.0,0.19,0.0456
2020-03-23,BNB,,0.0,-0.05,-0.012
2020-03-23,BTC,,0.0,-0.05,-0.012
2020-03-23,CHZ,,-0.05,0.0,-0.027999999999999997
2020-03-23,DASH,,-0.05,0.0,-0.027999999999999997
2020-03-23,DOGE,,0.05,-0.05,0.015999999999999997
2020-03-23,ETC,,0.0,0.0,0.0
2020-03-23,ETH,,0.05,-0.05,0.015999999999999997
2020-03-23,FET,,-0.05,0.19,0.0176
2020-03-23,HBAR,,-0.05,0.05,-0.015999999999999997
2020-03-23,LINK,,0.0,-0.05,-0.012
2020-03-23,LTC,,0.0,0.0,0.0
2020-03-23,STX,,-0.05,0.19,0.0176
2020-03-23,TRX,,0.05,0.0,0.027999999999999997
2020-03-23,VET,,0.0,0.0,0.0
2020-03-23,XLM,,0.05,0.0,0.027999999999999997
2020-03-23,XRP,,0.0,-0.05,-0.012
2020-03-23,ZEC,,-0.05,0.0,-0.027999999999999997
2020-03-30,ADA,,0.05,0.0,0.027999999999999997
2020-03-30,ALGO,,-0.05,0.05,-0.015999999999999997
2020-03-30,ATOM,,0.05,0.0,0.027999999999999997
2020-03-30,BCH,,0.0,0.0,0.0
2020-03-30,BNB,,-0.05,0.0,-0.027999999999999997
2020-03-30,BTC,,0.0,-0.05,-0.012
2020-03-30,CHZ,,-0.05,0.05,-0.015999999999999997
2020-03-30,DASH,,-0.05,0.0,-0.027999999999999997
2020-03-30,DOGE,,0.05,-0.05,0.015999999999999997
2020-03-30,ETC,,0.05,-0.05,0.015999999999999997
2020-03-30,ETH,,0.0,0.0,0.0
2020-03-30,FET,,-0.05,0.05,-0.015999999999999997
2020-03-30,HBAR,,0.0,0.0,0.0
2020-03-30,LINK,,0.0,0.05,0.012
2020-03-30,LTC,,0.05,-0.05,0.015999999999999997
2020-03-30,STX,,-0.05,0.05,-0.015999999999999997
2020-03-30,TRX,,0.0,0.0,0.0
2020-03-30,VET,,0.0,0.05,0.012
2020-03-30,XLM,,0.0,-0.05,-0.012
2020-03-30,XRP,,0.05,-0.05,0.015999999999999997
2020-03-30,ZEC,,0.0,0.0,0.0
2020-04-06,ADA,,0.05,0.0,0.027999999999999997
2020-04-06,ALGO,,0.0,0.05,0.012
2020-04-06,ATOM,,0.0,0.0,0.0
2020-04-06,BCH,,0.0,0.0,0.0
2020-04-06,BNB,,-0.05,0.0,-0.027999999999999997
2020-04-06,BTC,,0.05,-0.05,0.015999999999999997
2020-04-06,CHZ,,-0.05,0.05,-0.015999999999999997
2020-04-06,DASH,,-0.05,0.0,-0.027999999999999997
2020-04-06,DOGE,,0.05,-0.05,0.015999999999999997
2020-04-06,ETC,,0.05,-0.05,0.015999999999999997
2020-04-06,ETH,,0.0,0.0,0.0
2020-04-06,FET,,0.0,0.05,0.012
2020-04-06,HBAR,,-0.05,0.0,-0.027999999999999997
2020-04-06,LINK,,-0.05,0.05,-0.015999999999999997
2020-04-06,LTC,,0.05,-0.05,0.015999999999999997
2020-04-06,STX,,-0.05,0.05,-0.015999999999999997
2020-04-06,TRX,,0.0,0.0,0.0
2020-04-06,VET,,0.0,0.05,0.012
2020-04-06,XLM,,0.0,-0.05,-0.012
2020-04-06,XRP,,0.05,-0.05,0.015999999999999997
2020-04-06,ZEC,,0.0,0.0,0.0
2020-04-13,ADA,,0.05,0.0,0.027999999999999997
2020-04-13,ALGO,,0.0,0.05,0.012
2020-04-13,ATOM,,0.05,0.0,0.027999999999999997
2020-04-13,BCH,,0.0,0.0,0.0
2020-04-13,BNB,,0.0,0.0,0.0
2020-04-13,BTC,,0.05,-0.05,0.015999999999999997
2020-04-13,CHZ,,-0.05,0.05,-0.015999999999999997
2020-04-13,DASH,,0.0,0.0,0.0
2020-04-13,DOGE,,0.0,-0.05,-0.012
2020-04-13,ETC,,0.0,-0.05,-0.012
2020-04-13,ETH,,0.05,0.0,0.027999999999999997
2020-04-13,FET,,-0.05,0.05,-0.015999999999999997
2020-04-13,HBAR,,-0.05,0.0,-0.027999999999999997
2020-04-13,LINK,,-0.05,0.05,-0.015999999999999997
2020-04-13,LTC,,0.05,-0.05,0.015999999999999997
2020-04-13,STX,,0.0,0.05,0.012
2020-04-13,TRX,,0.0,0.0,0.0
2020-04-13,VET,,0.0,0.05,0.012
2020-04-13,XLM,,-0.05,-0.05,-0.04
2020-04-13,XRP,,0.05,-0.05,0.015999999999999997
2020-04-13,ZEC,,-0.05,0.0,-0.027999999999999997
2020-04-20,ADA,,0.0,0.0,0.0
2020-04-20,ALGO,,0.0,0.05,0.012
2020-04-20,ATOM,,0.0,0.0,0.0
2020-04-20,BCH,,0.0,0.0,0.0
2020-04-20,BNB,,0.0,0.0,0.0
2020-04-20,BTC,,0.05,-0.05,0.015999999999999997
2020-04-20,CHZ,,0.0,0.05,0.012
2020-04-20,DASH,,0.0,0.0,0.0
2020-04-20,DOGE,,0.0,-0.05,-0.012
2020-04-20,ETC,,0.0,-0.05,-0.012
2020-04-20,ETH,,0.05,0.0,0.027999999999999997
2020-04-20,FET,,-0.05,0.05,-0.015999999999999997
2020-04-20,HBAR,,-0.05,0.0,-0.027999999999999997
2020-04-20,LINK,,-0.05,0.05,-0.015999999999999997
2020-04-20,LTC,,0.05,-0.05,0.015999999999999997
2020-04-20,STX,,-0.05,0.05,-0.015999999999999997
2020-04-20,TRX,,0.05,0.0,0.027999999999999997
2020-04-20,VET,,0.05,0.05,0.04
2020-04-20,XLM,,-0.05,-0.05,-0.04
2020-04-20,XRP,,0.05,-0.05,0.015999999999999997
2020-04-20,ZEC,,-0.05,0.0,-0.027999999999999997
2020-04-27,ADA,,-0.05,0.0,-0.027999999999999997
2020-04-27,ALGO,,0.0,0.05,0.012
2020-04-27,ATOM,,0.0,0.0,0.0
2020-04-27,BCH,,0.05,0.0,0.027999999999999997
2020-04-27,BNB,,0.05,0.0,0.027999999999999997
2020-04-27,BTC,,0.0,-0.05,-0.012
2020-04-27,CHZ,,0.0,0.05,0.012
2020-04-27,DASH,,0.0,0.0,0.0
2020-04-27,DOGE,,0.0,-0.05,-0.012
2020-04-27,ETC,,0.0,-0.05,-0.012
2020-04-27,ETH,,0.05,0.0,0.027999999999999997
2020-04-27,FET,,0.0,0.05,0.012
2020-04-27,HBAR,,-0.05,0.0,-0.027999999999999997
2020-04-27,LINK,,-0.05,0.05,-0.015999999999999997
2020-04-27,LTC,,0.05,-0.05,0.015999999999999997
2020-04-27,STX,,-0.05,0.05,-0.015999999999999997
2020-04-27,TRX,,0.05,0.0,0.027999999999999997
2020-04-27,VET,,0.0,0.05,0.012
2020-04-27,XLM,,-0.05,-0.05,-0.04
2020-04-27,XRP,,0.05,-0.05,0.015999999999999997
2020-04-27,ZEC,,-0.05,0.0,-0.027999999999999997
2020-05-04,ADA,,-0.05,0.0,-0.027999999999999997
2020-05-04,ALGO,,0.0,0.05,0.012
2020-05-04,ATOM,,0.0,0.0,0.0
2020-05-04,BCH,,0.05,0.0,0.027999999999999997
2020-05-04,BNB,,0.0,0.0,0.0
2020-05-04,BTC,,0.05,-0.05,0.015999999999999997
2020-05-04,CHZ,,0.0,0.05,0.012
2020-05-04,DASH,,0.0,0.0,0.0
2020-05-04,DOGE,,0.0,-0.05,-0.012
2020-05-04,ETC,,0.0,-0.05,-0.012
2020-05-04,ETH,,0.0,0.0,0.0
2020-05-04,FET,,-0.05,0.05,-0.015999999999999997
2020-05-04,HBAR,,-0.05,0.0,-0.027999999999999997
2020-05-04,LINK,,0.05,0.05,0.04
2020-05-04,LTC,,0.05,-0.05,0.015999999999999997
2020-05-04,STX,,-0.05,0.05,-0.015999999999999997
2020-05-04,TRX,,0.05,0.0,0.027999999999999997
2020-05-04,VET,,0.0,0.05,0.012
2020-05-04,XLM,,-0.05,-0.05,-0.04
2020-05-04,XRP,,0.05,-0.05,0.015999999999999997
2020-05-04,ZEC,,-0.05,0.0,-0.027999999999999997
2020-05-11,ADA,,0.0,0.0,0.0
2020-05-11,ALGO,,0.0,0.05,0.012
2020-05-11,ATOM,,0.0,0.0,0.0
2020-05-11,BCH,,0.0,0.0,0.0
2020-05-11,BNB,,0.05,0.0,0.027999999999999997
2020-05-11,BTC,,0.05,-0.05,0.015999999999999997
2020-05-11,CHZ,,-0.05,0.05,-0.015999999999999997
2020-05-11,DASH,,-0.05,0.0,-0.027999999999999997
2020-05-11,DOGE,,0.0,-0.05,-0.012
2020-05-11,ETC,,-0.05,-0.05,-0.04
2020-05-11,ETH,,0.05,0.0,0.027999999999999997
2020-05-11,FET,,0.0,0.05,0.012
2020-05-11,HBAR,,-0.05,0.0,-0.027999999999999997
2020-05-11,LINK,,-0.05,0.05,-0.015999999999999997
2020-05-11,LTC,,0.05,-0.05,0.015999999999999997
2020-05-11,STX,,-0.05,0.05,-0.015999999999999997
2020-05-11,TRX,,0.05,0.0,0.027999999999999997
2020-05-11,VET,,0.0,0.05,0.012
2020-05-11,XLM,,0.0,-0.05,-0.012
2020-05-11,XRP,,0.05,-0.05,0.015999999999999997
2020-05-11,ZEC,,0.0,0.0,0.0
2020-05-18,ADA,,0.05,0.0,0.027999999999999997
2020-05-18,ALGO,,0.0,0.05,0.012
2020-05-18,ATOM,,0.0,0.0,0.0
2020-05-18,BCH,,0.0,0.0,0.0
2020-05-18,BNB,,0.0,0.0,0.0
2020-05-18,BTC,,0.05,-0.05,0.015999999999999997
2020-05-18,CHZ,,-0.05,0.05,-0.015999999999999997
2020-05-18,DASH,,-0.05,0.0,-0.027999999999999997
2020-05-18,DOGE,,0.0,-0.05,-0.012
2020-05-18,ETC,,-0.05,-0.05,-0.04
2020-05-18,ETH,,0.05,0.0,0.027999999999999997
2020-05-18,FET,,0.0,0.05,0.012
2020-05-18,HBAR,,-0.05,0.0,-0.027999999999999997
2020-05-18,LINK,,-0.05,0.05,-0.015999999999999997
2020-05-18,LTC,,0.05,-0.05,0.015999999999999997
2020-05-18,STX,,-0.05,0.05,-0.015999999999999997
2020-05-18,TRX,,0.05,0.0,0.027999999999999997
2020-05-18,VET,,0.0,0.05,0.012
2020-05-18,XLM,,0.0,-0.05,-0.012
2020-05-18,XRP,,0.05,-0.05,0.015999999999999997
2020-05-18,ZEC,,0.0,0.0,0.0
2020-05-25,ADA,,0.0,-0.05,-0.012
2020-05-25,ALGO,,0.0,0.05,0.012
2020-05-25,ATOM,,0.0,0.0,0.0
2020-05-25,BCH,,0.05,0.0,0.027999999999999997
2020-05-25,BNB,,0.0,0.0,0.0
2020-05-25,BTC,,0.05,-0.05,0.015999999999999997
2020-05-25,CHZ,,-0.05,0.0,-0.027999999999999997
2020-05-25,DASH,,-0.05,0.05,-0.015999999999999997
2020-05-25,DOGE,,0.0,-0.05,-0.012
2020-05-25,ETC,,-0.05,0.05,-0.015999999999999997
2020-05-25,ETH,,0.05,0.0,0.027999999999999997
2020-05-25,FET,,0.0,0.05,0.012
2020-05-25,HBAR,,-0.05,0.05,-0.015999999999999997
2020-05-25,LINK,,-0.05,-0.05,-0.04
2020-05-25,LTC,,0.05,0.0,0.027999999999999997
2020-05-25,STX,,-0.05,0.05,-0.015999999999999997
2020-05-25,TRX,,0.05,0.0,0.027999999999999997
2020-05-25,VET,,0.0,-0.05,-0.012
2020-05-25,XLM,,0.0,0.0,0.0
2020-05-25,XRP,,0.05,-0.05,0.015999999999999997
2020-05-25,ZEC,,0.0,0.0,0.0
2020-06-01,ADA,,0.0,-0.05,-0.012
2020-06-01,ALGO,,0.0,0.05,0.012
2020-06-01,ATOM,,0.0,0.0,0.0
2020-06-01,BCH,,0.05,0.0,0.027999999999999997
2020-06-01,BNB,,0.0,0.0,0.0
2020-06-01,BTC,,0.05,-0.05,0.015999999999999997
2020-06-01,CHZ,,-0.05,0.0,-0.027999999999999997
2020-06-01,DASH,,-0.05,0.05,-0.015999999999999997
2020-06-01,DOGE,,0.0,-0.05,-0.012
2020-06-01,ETC,,-0.05,0.05,-0.015999999999999997
2020-06-01,ETH,,0.05,0.0,0.027999999999999997
2020-06-01,FET,,0.0,0.05,0.012
2020-06-01,HBAR,,-0.05,0.05,-0.015999999999999997
2020-06-01,LINK,,-0.05,-0.05,-0.04
2020-06-01,LTC,,0.05,0.0,0.027999999999999997
2020-06-01,STX,,-0.05,0.05,-0.015999999999999997
2020-06-01,TRX,,0.05,0.0,0.027999999999999997
2020-06-01,VET,,0.0,-0.05,-0.012
2020-06-01,XLM,,0.0,0.0,0.0
2020-06-01,XRP,,0.05,-0.05,0.015999999999999997
2020-06-01,ZEC,,0.0,0.0,0.0
2020-06-08,ADA,,0.0,-0.05,-0.012
2020-06-08,ALGO,,0.0,0.05,0.012
2020-06-08,ATOM,,0.0,0.0,0.0
2020-06-08,BCH,,0.05,0.0,0.027999999999999997
2020-06-08,BNB,,0.0,0.0,0.0
2020-06-08,BTC,,0.05,-0.05,0.015999999999999997
2020-06-08,CHZ,,-0.05,0.0,-0.027999999999999997
2020-06-08,DASH,,-0.05,0.05,-0.015999999999999997
2020-06-08,DOGE,,0.0,-0.05,-0.012
2020-06-08,ETC,,-0.05,0.05,-0.015999999999999997
2020-06-08,ETH,,0.05,0.0,0.027999999999999997
2020-06-08,FET,,0.0,0.05,0.012
2020-06-08,HBAR,,-0.05,0.05,-0.015999999999999997
2020-06-08,LINK,,-0.05,-0.05,-0.04
2020-06-08,LTC,,0.05,0.0,0.027999999999999997
2020-06-08,STX,,-0.05,0.05,-0.015999999999999997
2020-06-08,TRX,,0.05,0.0,0.027999999999999997
2020-06-08,VET,,0.0,-0.05,-0.012
2020-06-08,XLM,,0.0,0.0,0.0
2020-06-08,XRP,,0.05,-0.05,0.015999999999999997
2020-06-08,ZEC,,0.0,0.0,0.0
2020-06-15,ADA,,-0.05,-0.05,-0.04
2020-06-15,ALGO,,0.0,0.05,0.012
2020-06-15,ATOM,,0.0,0.0,0.0
2020-06-15,BCH,,0.0,0.0,0.0
2020-06-15,BNB,,0.05,0.0,0.027999999999999997
2020-06-15,BTC,,0.05,-0.05,0.015999999999999997
2020-06-15,CHZ,,-0.05,0.0,-0.027999999999999997
2020-06-15,DASH,,0.0,0.05,0.012
2020-06-15,DOGE,,0.05,-0.05,0.015999999999999997
2020-06-15,ETC,,0.0,0.05,0.012
2020-06-15,ETH,,0.0,0.0,0.0
2020-06-15,FET,,-0.05,0.05,-0.015999999999999997
2020-06-15,HBAR,,-0.05,0.05,-0.015999999999999997
2020-06-15,LINK,,0.0,-0.05,-0.012
2020-06-15,LTC,,0.05,0.0,0.027999999999999997
2020-06-15,STX,,0.05,0.05,0.04
2020-06-15,TRX,,-0.05,0.0,-0.027999999999999997
2020-06-15,VET,,-0.05,-0.05,-0.04
2020-06-15,XLM,,0.0,0.0,0.0
2020-06-15,XRP,,0.05,-0.05,0.015999999999999997
2020-06-15,ZEC,,0.0,0.0,0.0
2020-06-22,ADA,,-0.05,0.05,-0.015999999999999997
2020-06-22,ALGO,,0.0,0.05,0.012
2020-06-22,ATOM,,0.0,-0.05,-0.012
2020-06-22,BCH,,0.0,-0.05,-0.012
2020-06-22,BNB,,0.05,0.0,0.027999999999999997
2020-06-22,BTC,,0.05,-0.05,0.015999999999999997
2020-06-22,CHZ,,-0.05,0.05,-0.015999999999999997
2020-06-22,DASH,,0.0,0.0,0.0
2020-06-22,DOGE,,0.0,-0.05,-0.012
2020-06-22,ETC,,0.05,0.0,0.027999999999999997
2020-06-22,ETH,,0.0,0.0,0.0
2020-06-22,FET,,-0.05,0.05,-0.015999999999999997
2020-06-22,HBAR,,-0.05,0.05,-0.015999999999999997
2020-06-22,LINK,,0.0,0.0,0.0
2020-06-22,LTC,,0.05,0.0,0.027999999999999997
2020-06-22,STX,,0.0,0.05,0.012
2020-06-22,TRX,,-0.05,0.0,-0.027999999999999997
2020-06-22,VET,,-0.05,-0.05,-0.04
2020-06-22,XLM,,0.0,0.0,0.0
2020-06-22,XRP,,0.05,-0.05,0.015999999999999997
2020-06-22,ZEC,,0.05,0.0,0.027999999999999997
2020-06-29,ADA,,-0.05,0.05,-0.015999999999999997
2020-06-29,ALGO,,0.0,0.05,0.012
2020-06-29,ATOM,,-0.05,-0.05,-0.04
2020-06-29,BCH,,0.05,-0.05,0.015999999999999997
2020-06-29,BNB,,0.05,0.0,0.027999999999999997
2020-06-29,BTC,,0.05,-0.05,0.015999999999999997
2020-06-29,CHZ,,-0.05,0.05,-0.015999999999999997
2020-06-29,DASH,,0.0,0.0,0.0
2020-06-29,DOGE,,0.0,-0.05,-0.012
2020-06-29,ETC,,0.0,0.0,0.0
2020-06-29,ETH,,0.05,0.0,0.027999999999999997
2020-06-29,FET,,0.0,0.05,0.012
2020-06-29,HBAR,,-0.05,0.05,-0.015999999999999997
2020-06-29,LINK,,-0.05,0.0,-0.027999999999999997
2020-06-29,LTC,,0.05,0.0,0.027999999999999997
2020-06-29,STX,,0.0,0.05,0.012
2020-06-29,TRX,,0.0,0.0,0.0
2020-06-29,VET,,-0.05,-0.05,-0.04
2020-06-29,XLM,,0.0,0.0,0.0
2020-06-29,XRP,,0.05,-0.05,0.015999999999999997
2020-06-29,ZEC,,0.0,0.0,0.0
2020-07-06,ADA,,0.0,0.05,0.012
2020-07-06,ALGO,,0.0,0.05,0.012
2020-07-06,ATOM,,-0.05,-0.05,-0.04
2020-07-06,BCH,,0.05,-0.05,0.015999999999999997
2020-07-06,BNB,,0.0,0.0,0.0
2020-07-06,BTC,,0.05,-0.05,0.015999999999999997
2020-07-06,CHZ,,0.0,0.05,0.012
2020-07-06,DASH,,0.0,0.0,0.0
2020-07-06,DOGE,,-0.05,-0.05,-0.04
2020-07-06,ETC,,0.0,0.0,0.0
2020-07-06,ETH,,0.05,0.0,0.027999999999999997
2020-07-06,FET,,-0.05,0.05,-0.015999999999999997
2020-07-06,HBAR,,0.0,0.05,0.012
2020-07-06,LINK,,-0.05,0.0,-0.027999999999999997
2020-07-06,LTC,,0.05,0.0,0.027999999999999997
2020-07-06,STX,,0.0,0.05,0.012
2020-07-06,TRX,,0.05,0.0,0.027999999999999997
2020-07-06,VET,,-0.05,-0.05,-0.04
2020-07-06,XLM,,-0.05,0.0,-0.027999999999999997
2020-07-06,XRP,,0.05,-0.05,0.015999999999999997
2020-07-06,ZEC,,0.0,0.0,0.0
2020-07-13,ADA,,0.0,0.05,0.012
2020-07-13,ALGO,,0.0,0.05,0.012
2020-07-13,ATOM,,0.0,-0.05,-0.012
2020-07-13,BCH,,0.05,-0.05,0.015999999999999997
2020-07-13,BNB,,0.0,0.0,0.0
2020-07-13,BTC,,0.05,-0.05,0.015999999999999997
2020-07-13,CHZ,,-0.05,0.05,-0.015999999999999997
2020-07-13,DASH,,-0.05,0.0,-0.027999999999999997
2020-07-13,DOGE,,-0.05,-0.05,-0.04
2020-07-13,ETC,,-0.05,0.0,-0.027999999999999997
2020-07-13,ETH,,0.05,0.0,0.027999999999999997
2020-07-13,FET,,0.0,0.05,0.012
2020-07-13,HBAR,,-0.05,0.05,-0.015999999999999997
2020-07-13,LINK,,0.0,0.0,0.0
2020-07-13,LTC,,0.05,0.0,0.027999999999999997
2020-07-13,STX,,-0.05,0.05,-0.015999999999999997
2020-07-13,TRX,,0.05,0.0,0.027999999999999997
2020-07-13,VET,,0.0,-0.05,-0.012
2020-07-13,XLM,,0.0,0.0,0.0
2020-07-13,XRP,,0.05,-0.05,0.015999999999999997
2020-07-13,ZEC,,0.0,0.0,0.0
2020-07-20,ADA,,0.0,0.05,0.012
2020-07-20,ALGO,,0.0,0.05,0.012
2020-07-20,ATOM,,0.0,0.0,0.0
2020-07-20,BCH,,0.05,0.0,0.027999999999999997
2020-07-20,BNB,,0.0,0.0,0.0
2020-07-20,BTC,,0.05,-0.05,0.015999999999999997
2020-07-20,CHZ,,-0.19,0.05,-0.09439999999999998
2020-07-20,DASH,,-0.19,0.0,-0.1064
2020-07-20,DOGE,,-0.05,0.0,-0.027999999999999997
2020-07-20,ETC,,-0.19,-0.05,-0.11839999999999998
2020-07-20,ETH,,0.05,-0.05,0.015999999999999997
2020-07-20,FET,,0.0,0.05,0.012
2020-07-20,HBAR,,-0.19,0.05,-0.09439999999999998
2020-07-20,LINK,,0.0,0.0,0.0
2020-07-20,LTC,,0.05,-0.05,0.015999999999999997
2020-07-20,STX,,-0.19,0.05,-0.09439999999999998
2020-07-20,TRX,,0.05,0.0,0.027999999999999997
2020-07-20,VET,,0.0,0.0,0.0
2020-07-20,XLM,,0.0,0.0,0.0
2020-07-20,XRP,,0.05,-0.05,0.015999999999999997
2020-07-20,ZEC,,0.0,-0.05,-0.012
2020-07-27,ADA,,0.0,0.05,0.012
2020-07-27,ALGO,,0.0,0.05,0.012
2020-07-27,ATOM,,0.0,0.0,0.0
2020-07-27,BCH,,0.05,0.0,0.027999999999999997
2020-07-27,BNB,,0.05,0.0,0.027999999999999997
2020-07-27,BTC,,0.05,-0.05,0.015999999999999997
2020-07-27,CHZ,,-0.19,0.05,-0.09439999999999998
2020-07-27,DASH,,-0.19,0.0,-0.1064
2020-07-27,DOGE,,-0.05,0.0,-0.027999999999999997
2020-07-27,ETC,,-0.19,-0.05,-0.11839999999999998
2020-07-27,ETH,,0.05,-0.05,0.015999999999999997
2020-07-27,FET,,0.0,0.05,0.012
2020-07-27,HBAR,,-0.19,0.05,-0.09439999999999998
2020-07-27,LINK,,0.0,0.0,0.0
2020-07-27,LTC,,0.05,-0.05,0.015999999999999997
2020-07-27,STX,,-0.19,0.05,-0.09439999999999998
2020-07-27,TRX,,0.05,0.0,0.027999999999999997
2020-07-27,VET,,0.0,0.0,0.0
2020-07-27,XLM,,0.0,0.0,0.0
2020-07-27,XRP,,0.0,-0.05,-0.012
2020-07-27,ZEC,,0.0,-0.05,-0.012
2020-08-03,ADA,,0.0,0.05,0.012
2020-08-03,ALGO,,0.0,0.05,0.012
2020-08-03,ATOM,,0.0,0.0,0.0
2020-08-03,BCH,,0.05,0.0,0.027999999999999997
2020-08-03,BNB,,0.05,0.0,0.027999999999999997
2020-08-03,BTC,,0.05,-0.05,0.015999999999999997
2020-08-03,CHZ,,-0.05,0.05,-0.015999999999999997
2020-08-03,DASH,,-0.05,0.0,-0.027999999999999997
2020-08-03,DOGE,,-0.05,0.0,-0.027999999999999997
2020-08-03,ETC,,-0.05,-0.05,-0.04
2020-08-03,ETH,,0.05,-0.05,0.015999999999999997
2020-08-03,FET,,0.0,0.05,0.012
2020-08-03,HBAR,,-0.05,0.05,-0.015999999999999997
2020-08-03,LINK,,0.0,0.0,0.0
2020-08-03,LTC,,0.05,-0.05,0.015999999999999997
2020-08-03,STX,,-0.05,0.05,-0.015999999999999997
2020-08-03,TRX,,0.05,0.0,0.027999999999999997
2020-08-03,VET,,0.0,0.0,0.0
2020-08-03,XLM,,0.0,0.0,0.0
2020-08-03,XRP,,0.0,-0.05,-0.012
2020-08-03,ZEC,,0.0,-0.05,-0.012
2020-08-10,ADA,,0.0,0.05,0.012
2020-08-10,ALGO,,0.0,0.05,0.012
2020-08-10,ATOM,,0.0,0.0,0.0
2020-08-10,BCH,,0.05,0.0,0.027999999999999997
2020-08-10,BNB,,0.05,0.0,0.027999999999999997
2020-08-10,BTC,,0.05,-0.05,0.015999999999999997
2020-08-10,CHZ,,-0.05,0.05,-0.015999999999999997
2020-08-10,DASH,,-0.05,0.0,-0.027999999999999997
2020-08-10,DOGE,,-0.05,0.0,-0.027999999999999997
2020-08-10,ETC,,-0.05,-0.05,-0.04
2020-08-10,ETH,,0.05,-0.05,0.015999999999999997
2020-08-10,FET,,0.0,0.05,0.012
2020-08-10,HBAR,,-0.05,0.05,-0.015999999999999997
2020-08-10,LINK,,0.0,0.0,0.0
2020-08-10,LTC,,0.05,-0.05,0.015999999999999997
2020-08-10,STX,,-0.05,0.05,-0.015999999999999997
2020-08-10,TRX,,0.05,0.0,0.027999999999999997
2020-08-10,VET,,0.0,0.0,0.0
2020-08-10,XLM,,0.0,0.0,0.0
2020-08-10,XRP,,0.0,-0.05,-0.012
2020-08-10,ZEC,,0.0,-0.05,-0.012
2020-08-17,ADA,,0.0,0.05,0.012
2020-08-17,ALGO,,0.0,0.05,0.012
2020-08-17,ATOM,,0.0,0.0,0.0
2020-08-17,BCH,,0.05,0.0,0.027999999999999997
2020-08-17,BNB,,0.05,-0.05,0.015999999999999997
2020-08-17,BTC,,0.05,-0.05,0.015999999999999997
2020-08-17,CHZ,,-0.05,0.05,-0.015999999999999997
2020-08-17,DASH,,-0.05,-0.05,-0.04
2020-08-17,DOGE,,-0.05,0.0,-0.027999999999999997
2020-08-17,ETC,,-0.05,-0.05,-0.04
2020-08-17,ETH,,0.05,0.0,0.027999999999999997
2020-08-17,FET,,0.0,0.05,0.012
2020-08-17,HBAR,,-0.05,0.0,-0.027999999999999997
2020-08-17,JST,,0.0,0.0,0.0
2020-08-17,LINK,,0.0,0.05,0.012
2020-08-17,LTC,,0.05,-0.05,0.015999999999999997
2020-08-17,SOL,,0.0,0.0,0.0
2020-08-17,STX,,-0.05,0.0,-0.027999999999999997
2020-08-17,TRX,,0.05,0.05,0.04
2020-08-17,VET,,0.0,0.0,0.0
2020-08-17,XLM,,0.0,0.0,0.0
2020-08-17,XRP,,0.0,-0.05,-0.012
2020-08-17,ZEC,,0.0,0.0,0.0
2020-08-24,ADA,,0.0,0.05,0.012
2020-08-24,ALGO,,-0.05,0.05,-0.015999999999999997
2020-08-24,ATOM,,0.0,0.0,0.0
2020-08-24,BCH,,0.05,0.0,0.027999999999999997
2020-08-24,BNB,,0.05,-0.05,0.015999999999999997
2020-08-24,BTC,,0.05,-0.05,0.015999999999999997
2020-08-24,CHZ,,-0.05,0.05,-0.015999999999999997
2020-08-24,DASH,,0.0,-0.05,-0.012
2020-08-24,DOGE,,-0.05,0.0,-0.027999999999999997
2020-08-24,DOT,,0.0,0.0,0.0
2020-08-24,ETC,,0.0,-0.05,-0.012
2020-08-24,ETH,,0.05,0.0,0.027999999999999997
2020-08-24,FET,,0.0,0.05,0.012
2020-08-24,HBAR,,-0.05,0.0,-0.027999999999999997
2020-08-24,JST,,0.0,0.0,0.0
2020-08-24,LINK,,-0.05,0.05,-0.015999999999999997
2020-08-24,LTC,,0.05,-0.05,0.015999999999999997
2020-08-24,SOL,,0.0,0.0,0.0
2020-08-24,STX,,-0.05,0.0,-0.027999999999999997
2020-08-24,TRX,,0.0,0.05,0.012
2020-08-24,VET,,0.0,0.0,0.0
2020-08-24,XLM,,0.0,0.0,0.0
2020-08-24,XRP,,0.0,-0.05,-0.012
2020-08-24,ZEC,,0.05,0.0,0.027999999999999997
2020-08-31,ADA,,0.05,0.05,0.04
2020-08-31,ALGO,,-0.05,0.05,-0.015999999999999997
2020-08-31,ATOM,,-0.05,0.0,-0.027999999999999997
2020-08-31,BCH,,0.05,0.0,0.027999999999999997
2020-08-31,BNB,,0.05,-0.05,0.015999999999999997
2020-08-31,BTC,,0.05,-0.05,0.015999999999999997
2020-08-31,CHZ,,-0.05,0.05,-0.015999999999999997
2020-08-31,DASH,,0.0,-0.05,-0.012
2020-08-31,DOGE,,0.0,0.0,0.0
2020-08-31,DOT,,0.0,0.0,0.0
2020-08-31,ETC,,0.0,-0.05,-0.012
2020-08-31,ETH,,0.0,0.0,0.0
2020-08-31,FET,,-0.05,0.05,-0.015999999999999997
2020-08-31,HBAR,,-0.05,0.0,-0.027999999999999997
2020-08-31,JST,,0.0,0.0,0.0
2020-08-31,LINK,,-0.05,0.05,-0.015999999999999997
2020-08-31,LTC,,0.0,-0.05,-0.012
2020-08-31,SOL,,0.0,0.0,0.0
2020-08-31,STX,,0.0,0.0,0.0
2020-08-31,TRX,,0.0,0.05,0.012
2020-08-31,VET,,0.05,0.0,0.027999999999999997
2020-08-31,XLM,,0.0,0.0,0.0
2020-08-31,XRP,,0.0,-0.05,-0.012
2020-08-31,ZEC,,0.05,0.0,0.027999999999999997
2020-09-07,ADA,,0.05,0.05,0.04
2020-09-07,ALGO,,0.0,0.05,0.012
2020-09-07,ATOM,,-0.05,0.0,-0.027999999999999997
2020-09-07,BCH,,0.05,0.0,0.027999999999999997
2020-09-07,BNB,,-0.05,-0.05,-0.04
2020-09-07,BTC,,0.05,-0.05,0.015999999999999997
2020-09-07,CHZ,,-0.05,0.05,-0.015999999999999997
2020-09-07,DASH,,0.0,-0.05,-0.012
2020-09-07,DOGE,,0.05,0.0,0.027999999999999997
2020-09-07,DOT,,0.0,0.0,0.0
2020-09-07,ETC,,0.05,-0.05,0.015999999999999997
2020-09-07,ETH,,0.0,0.0,0.0
2020-09-07,FET,,0.0,0.05,0.012
2020-09-07,HBAR,,0.0,0.0,0.0
2020-09-07,JST,,-0.05,0.0,-0.027999999999999997
2020-09-07,LINK,,0.0,0.05,0.012
2020-09-07,LTC,,0.0,-0.05,-0.012
2020-09-07,SOL,,-0.05,0.0,-0.027999999999999997
2020-09-07,STX,,0.0,0.0,0.0
2020-09-07,TRX,,-0.05,0.05,-0.015999999999999997
2020-09-07,VET,,0.0,0.0,0.0
2020-09-07,XLM,,0.0,0.0,0.0
2020-09-07,XRP,,0.05,-0.05,0.015999999999999997
2020-09-07,ZEC,,0.0,0.0,0.0
2020-09-14,ADA,,0.05,0.0,0.027999999999999997
2020-09-14,ALGO,,0.05,0.05,0.04
2020-09-14,ATOM,,0.0,0.05,0.012
2020-09-14,BCH,,0.05,0.0,0.027999999999999997
2020-09-14,BNB,,-0.05,-0.05,-0.04
2020-09-14,BTC,,0.05,-0.05,0.015999999999999997
2020-09-14,CHZ,,-0.05,0.05,-0.015999999999999997
2020-09-14,DASH,,0.0,0.0,0.0
2020-09-14,DOGE,,0.05,-0.05,0.015999999999999997
2020-09-14,DOT,,-0.05,0.0,-0.027999999999999997
2020-09-14,ETC,,0.0,0.0,0.0
2020-09-14,ETH,,0.0,-0.05,-0.012
2020-09-14,FET,,0.0,0.05,0.012
2020-09-14,HBAR,,0.0,0.0,0.0
2020-09-14,JST,,-0.05,0.0,-0.027999999999999997
2020-09-14,LINK,,0.0,0.05,0.012
2020-09-14,LTC,,0.0,0.0,0.0
2020-09-14,SOL,,-0.05,0.0,-0.027999999999999997
2020-09-14,STX,,0.0,0.0,0.0
2020-09-14,TRX,,0.0,-0.05,-0.012
2020-09-14,VET,,-0.05,0.05,-0.015999999999999997
2020-09-14,XLM,,0.0,0.0,0.0
2020-09-14,XRP,,0.05,-0.05,0.015999999999999997
2020-09-14,ZEC,,0.0,0.0,0.0
2020-09-21,ADA,,-0.05,0.0,-0.027999999999999997
2020-09-21,ALGO,,0.0,0.05,0.012
2020-09-21,ATOM,,0.0,0.05,0.012
2020-09-21,BCH,,0.05,0.0,0.027999999999999997
2020-09-21,BNB,,-0.05,-0.05,-0.04
2020-09-21,BTC,,0.05,-0.05,0.015999999999999997
2020-09-21,CHZ,,-0.05,0.05,-0.015999999999999997
2020-09-21,DASH,,0.0,0.0,0.0
2020-09-21,DOGE,,0.05,-0.05,0.015999999999999997
2020-09-21,DOT,,0.0,0.0,0.0
2020-09-21,ETC,,0.0,0.0,0.0
2020-09-21,ETH,,0.05,-0.05,0.015999999999999997
2020-09-21,FET,,0.05,0.05,0.04
2020-09-21,HBAR,,0.0,0.0,0.0
2020-09-21,JST,,-0.05,0.0,-0.027999999999999997
2020-09-21,LINK,,-0.05,0.05,-0.015999999999999997
2020-09-21,LTC,,0.05,0.0,0.027999999999999997
2020-09-21,SOL,,-0.05,0.0,-0.027999999999999997
2020-09-21,STX,,0.0,0.0,0.0
2020-09-21,TRX,,0.0,-0.05,-0.012
2020-09-21,UNI,,0.0,0.0,0.0
2020-09-21,VET,,-0.05,0.05,-0.015999999999999997
2020-09-21,XLM,,0.0,0.0,0.0
2020-09-21,XRP,,0.05,-0.05,0.015999999999999997
2020-09-21,ZEC,,0.0,0.0,0.0
2020-09-28,ADA,,0.0,0.0,0.0
2020-09-28,ALGO,,0.0,0.05,0.012
2020-09-28,ATOM,,-0.05,0.05,-0.015999999999999997
2020-09-28,AVAX,,0.0,0.0,0.0
2020-09-28,BCH,,0.05,0.0,0.027999999999999997
2020-09-28,BNB,,-0.05,-0.05,-0.04
2020-09-28,BTC,,0.05,-0.05,0.015999999999999997
2020-09-28,CHZ,,0.0,0.05,0.012
2020-09-28,DASH,,0.0,0.0,0.0
2020-09-28,DOGE,,0.05,-0.05,0.015999999999999997
2020-09-28,DOT,,-0.05,0.0,-0.027999999999999997
2020-09-28,ETC,,0.0,0.0,0.0
2020-09-28,ETH,,0.05,-0.05,0.015999999999999997
2020-09-28,FET,,0.05,0.05,0.04
2020-09-28,HBAR,,0.0,0.0,0.0
2020-09-28,JST,,0.0,0.0,0.0
2020-09-28,LINK,,-0.05,0.05,-0.015999999999999997
2020-09-28,LTC,,0.05,0.0,0.027999999999999997
2020-09-28,SOL,,-0.05,0.0,-0.027999999999999997
2020-09-28,STX,,0.0,0.0,0.0
2020-09-28,TRX,,0.0,-0.05,-0.012
2020-09-28,UNI,,0.0,0.0,0.0
2020-09-28,VET,,-0.05,0.05,-0.015999999999999997
2020-09-28,XLM,,0.0,0.0,0.0
2020-09-28,XRP,,0.05,-0.05,0.015999999999999997
2020-09-28,ZEC,,-0.05,0.0,-0.027999999999999997
2020-10-05,ADA,,-0.05,0.0,-0.027999999999999997
2020-10-05,ALGO,,0.0,0.05,0.012
2020-10-05,ATOM,,-0.05,0.05,-0.015999999999999997
2020-10-05,AVAX,,0.0,0.0,0.0
2020-10-05,BCH,,0.0,0.0,0.0
2020-10-05,BNB,,0.0,-0.05,-0.012
2020-10-05,BTC,,0.05,-0.05,0.015999999999999997
2020-10-05,CHZ,,0.05,0.05,0.04
2020-10-05,DASH,,0.0,0.0,0.0
2020-10-05,DOGE,,0.05,-0.05,0.015999999999999997
2020-10-05,DOT,,0.05,0.0,0.027999999999999997
2020-10-05,ETC,,0.0,0.0,0.0
2020-10-05,ETH,,0.05,-0.05,0.015999999999999997
2020-10-05,FET,,0.0,0.05,0.012
2020-10-05,HBAR,,-0.05,0.0,-0.027999999999999997
2020-10-05,JST,,0.0,0.0,0.0
2020-10-05,LINK,,-0.05,0.05,-0.015999999999999997
2020-10-05,LTC,,0.0,0.0,0.0
2020-10-05,SOL,,-0.05,0.0,-0.027999999999999997
2020-10-05,STX,,0.0,0.0,0.0
2020-10-05,TRX,,0.05,-0.05,0.015999999999999997
2020-10-05,UNI,,0.0,0.0,0.0
2020-10-05,VET,,-0.05,0.05,-0.015999999999999997
2020-10-05,XLM,,0.0,0.0,0.0
2020-10-05,XRP,,0.05,-0.05,0.015999999999999997
2020-10-05,ZEC,,-0.05,0.0,-0.027999999999999997
2020-10-12,ADA,,-0.05,0.0,-0.027999999999999997
2020-10-12,ALGO,,0.0,0.05,0.012
2020-10-12,ATOM,,-0.05,0.05,-0.015999999999999997
2020-10-12,AVAX,,0.0,0.0,0.0
2020-10-12,BCH,,0.0,-0.05,-0.012
2020-10-12,BNB,,0.0,-0.05,-0.012
2020-10-12,BTC,,0.05,-0.05,0.015999999999999997
2020-10-12,CHZ,,0.05,0.05,0.04
2020-10-12,DASH,,0.0,0.0,0.0
2020-10-12,DOGE,,0.05,-0.05,0.015999999999999997
2020-10-12,DOT,,0.05,0.0,0.027999999999999997
2020-10-12,ETC,,0.0,0.0,0.0
2020-10-12,ETH,,0.0,-0.05,-0.012
2020-10-12,FET,,0.0,0.05,0.012
2020-10-12,HBAR,,-0.05,0.0,-0.027999999999999997
2020-10-12,JST,,0.05,0.05,0.04
2020-10-12,LINK,,-0.05,0.05,-0.015999999999999997
2020-10-12,LTC,,0.0,0.0,0.0
2020-10-12,SOL,,-0.05,0.05,-0.015999999999999997
2020-10-12,STX,,-0.05,0.0,-0.027999999999999997
2020-10-12,TRX,,0.05,-0.05,0.015999999999999997
2020-10-12,UNI,,0.0,0.0,0.0
2020-10-12,VET,,0.0,0.0,0.0
2020-10-12,XLM,,0.0,0.0,0.0
2020-10-12,XRP,,0.05,-0.05,0.015999999999999997
2020-10-12,ZEC,,-0.05,0.0,-0.027999999999999997
2020-10-19,AAVE,,0.0,0.0,0.0
2020-10-19,ADA,,0.0,0.0,0.0
2020-10-19,ALGO,,0.0,0.05,0.012
2020-10-19,ATOM,,-0.05,0.05,-0.015999999999999997
2020-10-19,AVAX,,0.0,0.0,0.0
2020-10-19,BCH,,0.0,-0.05,-0.012
2020-10-19,BNB,,0.0,-0.05,-0.012
2020-10-19,BTC,,0.0,-0.05,-0.012
2020-10-19,CHZ,,0.05,0.05,0.04
2020-10-19,DASH,,-0.05,0.0,-0.027999999999999997
2020-10-19,DOGE,,0.05,-0.05,0.015999999999999997
2020-10-19,DOT,,0.05,0.0,0.027999999999999997
2020-10-19,ETC,,0.0,0.0,0.0
2020-10-19,ETH,,0.05,-0.05,0.015999999999999997
2020-10-19,FET,,-0.05,0.05,-0.015999999999999997
2020-10-19,FIL,,0.0,0.0,0.0
2020-10-19,HBAR,,-0.05,0.0,-0.027999999999999997
2020-10-19,JST,,0.0,0.05,0.012
2020-10-19,LINK,,-0.05,0.05,-0.015999999999999997
2020-10-19,LTC,,-0.05,0.0,-0.027999999999999997
2020-10-19,NEAR,,0.0,0.0,0.0
2020-10-19,SOL,,0.0,0.05,0.012
2020-10-19,STX,,-0.05,0.0,-0.027999999999999997
2020-10-19,TRX,,0.05,-0.05,0.015999999999999997
2020-10-19,UNI,,0.0,0.0,0.0
2020-10-19,VET,,0.05,0.0,0.027999999999999997
2020-10-19,XLM,,0.05,0.0,0.027999999999999997
2020-10-19,XRP,,0.05,-0.05,0.015999999999999997
2020-10-19,ZEC,,-0.05,0.0,-0.027999999999999997
2020-10-26,AAVE,,0.0,0.0,0.0
2020-10-26,ADA,,0.0,0.0,0.0
2020-10-26,ALGO,,-0.05,0.05,-0.015999999999999997
2020-10-26,ATOM,,-0.05,0.05,-0.015999999999999997
2020-10-26,AVAX,,0.0,0.0,0.0
2020-10-26,BCH,,0.05,-0.05,0.015999999999999997
2020-10-26,BNB,,0.0,-0.05,-0.012
2020-10-26,BTC,,0.05,-0.05,0.015999999999999997
2020-10-26,CHZ,,0.05,0.05,0.04
2020-10-26,DASH,,0.0,0.0,0.0
2020-10-26,DOGE,,0.05,-0.05,0.015999999999999997
2020-10-26,DOT,,0.05,0.0,0.027999999999999997
2020-10-26,ETC,,0.0,0.0,0.0
2020-10-26,ETH,,0.05,-0.05,0.015999999999999997
2020-10-26,FET,,-0.05,0.05,-0.015999999999999997
2020-10-26,FIL,,0.0,0.0,0.0
2020-10-26,HBAR,,-0.05,0.0,-0.027999999999999997
2020-10-26,JST,,0.0,0.05,0.012
2020-10-26,LINK,,-0.05,0.05,-0.015999999999999997
2020-10-26,LTC,,-0.05,0.0,-0.027999999999999997
2020-10-26,NEAR,,0.0,0.0,0.0
2020-10-26,SOL,,0.0,0.05,0.012
2020-10-26,STX,,-0.05,0.0,-0.027999999999999997
2020-10-26,TRX,,0.05,-0.05,0.015999999999999997
2020-10-26,UNI,,0.05,0.0,0.027999999999999997
2020-10-26,VET,,0.0,0.0,0.0
2020-10-26,XLM,,0.0,0.0,0.0
2020-10-26,XRP,,0.0,-0.05,-0.012
2020-10-26,ZEC,,-0.05,0.0,-0.027999999999999997
2020-11-02,AAVE,,-0.11874999999999998,0.0,-0.050892857142857136
2020-11-02,ADA,,0.0,0.0,0.0
2020-11-02,ALGO,,0.0,0.05,0.0054285714285714284
2020-11-02,ATOM,,0.05,0.05,0.026857142857142854
2020-11-02,AVAX,,0.05,0.0,0.021428571428571425
2020-11-02,BCH,,0.05,-0.05,0.015999999999999997
2020-11-02,BNB,,0.05,-0.05,0.009428571428571425
2020-11-02,BTC,,0.05,-0.05,0.015999999999999997
2020-11-02,CHZ,,0.0,0.05,0.018571428571428572
2020-11-02,DASH,,0.0,0.0,0.0
2020-11-02,DOGE,,0.0,-0.05,-0.0054285714285714284
2020-11-02,DOT,,0.05,0.0,0.027999999999999997
2020-11-02,ETC,,0.0,0.0,0.0
2020-11-02,ETH,,0.0,-0.05,-0.0054285714285714284
2020-11-02,FET,,0.0,0.05,0.0054285714285714284
2020-11-02,FIL,,-0.11874999999999998,0.0,-0.050892857142857136
2020-11-02,HBAR,,-0.11874999999999998,0.0,-0.057464285714285704
2020-11-02,JST,,0.0,0.05,0.012
2020-11-02,LINK,,-0.11874999999999998,0.05,-0.04546428571428571
2020-11-02,LTC,,-0.11874999999999998,0.0,-0.057464285714285704
2020-11-02,NEAR,,-0.11874999999999998,0.0,-0.050892857142857136
2020-11-02,SOL,,-0.05,0.05,-0.009428571428571425
2020-11-02,STX,,-0.11874999999999998,0.0,-0.057464285714285704
2020-11-02,TRX,,0.05,-0.05,0.015999999999999997
2020-11-02,UNI,,-0.11874999999999998,0.0,-0.04432142857142857
2020-11-02,VET,,0.0,0.0,0.0
2020-11-02,XLM,,0.05,0.0,0.021428571428571425
2020-11-02,XRP,,0.0,-0.05,-0.012
2020-11-02,ZEC,,0.0,0.0,-0.006571428571428572
2020-11-09,AAVE,,-0.05,0.0,-0.027999999999999997
2020-11-09,ADA,,0.0,0.0,0.0
2020-11-09,ALGO,,0.0,0.05,0.012
2020-11-09,ATOM,,0.0,0.0,0.0
2020-11-09,AVAX,,0.0,0.05,0.012
2020-11-09,BCH,,0.05,0.0,0.027999999999999997
2020-11-09,BNB,,0.05,-0.05,0.015999999999999997
2020-11-09,BTC,,0.05,-0.05,0.015999999999999997
2020-11-09,CHZ,,0.0,0.0,0.0
2020-11-09,DASH,,0.0,-0.05,-0.012
2020-11-09,DOGE,,0.0,0.0,0.0
2020-11-09,DOT,,0.05,0.0,0.027999999999999997
2020-11-09,ETC,,0.0,-0.05,-0.012
2020-11-09,ETH,,0.05,-0.05,0.015999999999999997
2020-11-09,FET,,0.0,0.05,0.012
2020-11-09,FIL,,-0.13571428571428573,0.0,-0.07600000000000001
2020-11-09,HBAR,,-0.13571428571428573,0.0,-0.07600000000000001
2020-11-09,JST,,-0.13571428571428573,0.05,-0.064
2020-11-09,LINK,,0.0,0.05,0.012
2020-11-09,LTC,,0.0,-0.05,-0.012
2020-11-09,NEAR,,-0.13571428571428573,0.0,-0.07600000000000001
2020-11-09,SOL,,-0.13571428571428573,0.05,-0.064
2020-11-09,STX,,-0.13571428571428573,0.05,-0.064
2020-11-09,TRX,,0.05,-0.05,0.015999999999999997
2020-11-09,UNI,,-0.13571428571428573,0.05,-0.064
2020-11-09,VET,,0.0,0.0,0.0
2020-11-09,XLM,,0.0,0.0,0.0
2020-11-09,XRP,,0.05,-0.05,0.015999999999999997
2020-11-09,ZEC,,0.05,0.0,0.027999999999999997
2020-11-16,AAVE,,-0.05,0.0,-0.027999999999999997
2020-11-16,ADA,,-0.05,0.0,-0.023076923076923075
2020-11-16,ALGO,,0.0,0.05,0.012
2020-11-16,ATOM,,0.05,0.0,0.023076923076923075
2020-11-16,AVAX,,0.05,0.05,0.035076923076923075
2020-11-16,BCH,,0.0,0.0,0.004923076923076922
2020-11-16,BNB,,0.05,-0.05,0.015999999999999997
2020-11-16,BTC,,0.05,-0.05,0.015999999999999997
2020-11-16,CHZ,,0.05,0.0,0.023076923076923075
2020-11-16,DASH,,0.0,-0.05,-0.012
2020-11-16,DOGE,,0.0,0.0,0.0
2020-11-16,DOT,,0.0,0.0,0.004923076923076922
2020-11-16,ETC,,0.0,-0.05,-0.012
2020-11-16,ETH,,0.0,-0.05,-0.007076923076923078
2020-11-16,FET,,-0.05,0.05,-0.011076923076923074
2020-11-16,FIL,,0.05,0.0,0.009714285714285703
2020-11-16,HBAR,,0.0,0.0,-0.013362637362637361
2020-11-16,JST,,0.0,0.05,-0.0013626373626373645
2020-11-16,LINK,,0.0,0.05,0.012
2020-11-16,LTC,,0.0,-0.05,-0.012
2020-11-16,NEAR,,-0.05,0.0,-0.03643956043956044
2020-11-16,SOL,,-0.05,0.05,-0.024439560439560443
2020-11-16,STX,,-0.05,0.05,-0.024439560439560443
2020-11-16,TRX,,0.05,-0.05,0.015999999999999997
2020-11-16,UNI,,-0.05,0.05,-0.024439560439560443
2020-11-16,VET,,0.0,0.0,0.0
2020-11-16,XLM,,0.0,0.0,0.0
2020-11-16,XRP,,-0.05,-0.05,-0.030153846153846153
2020-11-16,ZEC,,0.05,0.0,0.027999999999999997
2020-11-23,AAVE,,-0.05,0.0,-0.027999999999999997
2020-11-23,ADA,,-0.05,0.0,-0.027999999999999997
2020-11-23,ALGO,,0.0,0.05,0.012
2020-11-23,ATOM,,0.05,0.0,0.027999999999999997
2020-11-23,AVAX,,0.0,0.05,0.012
2020-11-23,BCH,,0.0,0.0,0.0
2020-11-23,BNB,,0.05,-0.05,0.015999999999999997
2020-11-23,BTC,,0.05,-0.05,0.015999999999999997
2020-11-23,CHZ,,0.05,0.0,0.027999999999999997
2020-11-23,DASH,,0.0,-0.05,-0.012
2020-11-23,DOGE,,0.0,0.0,0.0
2020-11-23,DOT,,0.0,0.0,0.0
2020-11-23,ETC,,0.0,-0.05,-0.012
2020-11-23,ETH,,0.0,-0.05,-0.012
2020-11-23,FET,,0.0,0.05,0.012
2020-11-23,FIL,,0.05,0.0,0.027999999999999997
2020-11-23,HBAR,,0.05,0.0,0.027999999999999997
2020-11-23,JST,,0.0,0.05,0.012
2020-11-23,LINK,,0.0,0.05,0.012
2020-11-23,LTC,,0.0,-0.05,-0.012
2020-11-23,NEAR,,-0.05,0.0,-0.027999999999999997
2020-11-23,SOL,,-0.05,0.05,-0.015999999999999997
2020-11-23,STX,,-0.05,0.05,-0.015999999999999997
2020-11-23,TRX,,0.05,-0.05,0.015999999999999997
2020-11-23,UNI,,-0.05,0.05,-0.015999999999999997
2020-11-23,VET,,0.0,0.0,0.0
2020-11-23,XLM,,-0.05,0.0,-0.027999999999999997
2020-11-23,XRP,,-0.05,-0.05,-0.04
2020-11-23,ZEC,,0.05,0.0,0.027999999999999997
2020-11-30,AAVE,,0.0,0.0,0.0
2020-11-30,ADA,,-0.05,0.0,-0.027999999999999997
2020-11-30,ALGO,,0.0,0.05,0.012
2020-11-30,ATOM,,0.05,0.0,0.027999999999999997
2020-11-30,AVAX,,0.05,0.05,0.04
2020-11-30,BCH,,0.0,0.0,0.0
2020-11-30,BNB,,0.05,-0.05,0.015999999999999997
2020-11-30,BTC,,0.05,-0.05,0.015999999999999997
2020-11-30,CHZ,,0.05,0.0,0.027999999999999997
2020-11-30,DASH,,0.0,-0.05,-0.012
2020-11-30,DOGE,,0.0,0.0,0.0
2020-11-30,DOT,,0.0,0.0,0.0
2020-11-30,ETC,,0.0,-0.05,-0.012
2020-11-30,ETH,,0.0,-0.05,-0.012
2020-11-30,FET,,0.0,0.05,0.012
2020-11-30,FIL,,0.05,0.0,0.027999999999999997
2020-11-30,HBAR,,0.0,0.0,0.0
2020-11-30,JST,,-0.05,0.05,-0.015999999999999997
2020-11-30,LINK,,0.0,0.05,0.012
2020-11-30,LTC,,-0.05,-0.05,-0.04
2020-11-30,NEAR,,-0.05,0.0,-0.027999999999999997
2020-11-30,SOL,,0.0,0.05,0.012
2020-11-30,STX,,-0.05,0.05,-0.015999999999999997
2020-11-30,TRX,,0.05,-0.05,0.015999999999999997
2020-11-30,UNI,,-0.05,0.05,-0.015999999999999997
2020-11-30,VET,,0.0,0.0,0.0
2020-11-30,XLM,,-0.05,0.0,-0.027999999999999997
2020-11-30,XRP,,-0.05,-0.05,-0.04
2020-11-30,ZEC,,0.05,0.0,0.027999999999999997
2020-12-07,AAVE,,0.0,0.13571428571428573,0.03257142857142858
2020-12-07,ADA,,-0.05,0.0,-0.027999999999999997
2020-12-07,ALGO,,0.0,0.13571428571428573,0.03257142857142858
2020-12-07,ATOM,,0.05,0.0,0.027999999999999997
2020-12-07,AVAX,,0.05,0.0,0.027999999999999997
2020-12-07,BCH,,0.0,0.0,0.0
2020-12-07,BNB,,0.05,-0.05,0.015999999999999997
2020-12-07,BTC,,0.05,-0.05,0.015999999999999997
2020-12-07,CHZ,,0.05,0.0,0.027999999999999997
2020-12-07,DASH,,0.0,-0.05,-0.012
2020-12-07,DOGE,,0.0,-0.05,-0.012
2020-12-07,DOT,,-0.05,0.0,-0.027999999999999997
2020-12-07,ETC,,0.0,-0.05,-0.012
2020-12-07,ETH,,0.0,-0.05,-0.012
2020-12-07,FET,,0.0,0.13571428571428573,0.03257142857142858
2020-12-07,FIL,,0.05,0.13571428571428573,0.06057142857142857
2020-12-07,HBAR,,0.0,0.0,0.0
2020-12-07,JST,,-0.05,0.13571428571428573,0.004571428571428576
2020-12-07,LINK,,0.0,0.0,0.0
2020-12-07,LTC,,-0.05,-0.05,-0.04
2020-12-07,NEAR,,-0.05,0.13571428571428573,0.004571428571428576
2020-12-07,SOL,,0.0,0.13571428571428573,0.03257142857142858
2020-12-07,STX,,-0.05,0.0,-0.027999999999999997
2020-12-07,TRX,,0.05,-0.05,0.015999999999999997
2020-12-07,UNI,,0.05,0.0,0.027999999999999997
2020-12-07,VET,,0.0,0.0,0.0
2020-12-07,XLM,,-0.05,0.0,-0.027999999999999997
2020-12-07,XRP,,-0.05,0.05,-0.015999999999999997
2020-12-07,ZEC,,0.0,0.0,0.0
2020-12-14,AAVE,,-0.05,0.13571428571428573,0.004571428571428576
2020-12-14,ADA,,0.0,0.0,0.0
2020-12-14,ALGO,,0.0,0.13571428571428573,0.03257142857142858
2020-12-14,ATOM,,0.05,0.0,0.027999999999999997
2020-12-14,AVAX,,0.05,0.0,0.027999999999999997
2020-12-14,BCH,,0.0,0.0,0.0
2020-12-14,BNB,,0.0,-0.05,-0.012
2020-12-14,BTC,,0.0,-0.05,-0.012
2020-12-14,CHZ,,0.0,0.0,0.0
2020-12-14,DASH,,-0.05,-0.05,-0.04
2020-12-14,DOGE,,-0.05,-0.05,-0.04
2020-12-14,DOT,,0.05,0.0,0.027999999999999997
2020-12-14,ETC,,0.05,-0.05,0.015999999999999997
2020-12-14,ETH,,0.05,-0.05,0.015999999999999997
2020-12-14,FET,,0.0,0.13571428571428573,0.03257142857142858
2020-12-14,FIL,,0.05,0.13571428571428573,0.06057142857142857
2020-12-14,HBAR,,0.0,0.0,0.0
2020-12-14,JST,,-0.05,0.13571428571428573,0.004571428571428576
2020-12-14,LINK,,0.05,0.0,0.027999999999999997
2020-12-14,LTC,,-0.05,-0.05,-0.04
2020-12-14,NEAR,,0.0,0.13571428571428573,0.03257142857142858
2020-12-14,SOL,,0.0,0.13571428571428573,0.03257142857142858
2020-12-14,STX,,-0.05,0.0,-0.027999999999999997
2020-12-14,TRX,,0.05,-0.05,0.015999999999999997
2020-12-14,UNI,,0.0,0.0,0.0
2020-12-14,VET,,0.0,0.0,0.0
2020-12-14,XLM,,-0.05,0.0,-0.027999999999999997
2020-12-14,XRP,,-0.05,0.05,-0.015999999999999997
2020-12-14,ZEC,,0.0,0.0,0.0
2020-12-21,AAVE,,-0.05,0.13571428571428573,0.004571428571428576
2020-12-21,ADA,,0.05,0.0,0.027999999999999997
2020-12-21,ALGO,,0.0,0.13571428571428573,0.03257142857142858
2020-12-21,ATOM,,0.05,0.0,0.027999999999999997
2020-12-21,AVAX,,0.05,0.0,0.027999999999999997
2020-12-21,BCH,,0.0,0.0,0.0
2020-12-21,BNB,,0.0,-0.05,-0.012
2020-12-21,BTC,,0.05,-0.05,0.015999999999999997
2020-12-21,CHZ,,-0.05,0.0,-0.027999999999999997
2020-12-21,DASH,,0.0,-0.05,-0.012
2020-12-21,DOGE,,-0.05,-0.05,-0.04
2020-12-21,DOT,,0.0,0.0,0.0
2020-12-21,ETC,,0.0,-0.05,-0.012
2020-12-21,ETH,,0.05,-0.05,0.015999999999999997
2020-12-21,FET,,0.05,0.13571428571428573,0.06057142857142857
2020-12-21,FIL,,0.0,0.13571428571428573,0.03257142857142858
2020-12-21,HBAR,,-0.05,0.0,-0.027999999999999997
2020-12-21,JST,,-0.05,0.13571428571428573,0.004571428571428576
2020-12-21,LINK,,0.05,0.0,0.027999999999999997
2020-12-21,LTC,,-0.05,-0.05,-0.04
2020-12-21,NEAR,,0.0,0.13571428571428573,0.03257142857142858
2020-12-21,SOL,,0.0,0.13571428571428573,0.03257142857142858
2020-12-21,STX,,-0.05,0.0,-0.027999999999999997
2020-12-21,TRX,,0.05,-0.05,0.015999999999999997
2020-12-21,UNI,,0.0,0.0,0.0
2020-12-21,VET,,0.0,0.0,0.0
2020-12-21,XLM,,0.0,0.0,0.0
2020-12-21,XRP,,-0.05,0.05,-0.015999999999999997
2020-12-21,ZEC,,0.0,0.0,0.0
2020-12-28,AAVE,,0.0,0.13571428571428573,0.03257142857142858
2020-12-28,ADA,,0.0,0.0,0.0
2020-12-28,ALGO,,0.0,0.13571428571428573,0.03257142857142858
2020-12-28,ATOM,,0.05,0.0,0.027999999999999997
2020-12-28,AVAX,,0.0,0.0,0.0
2020-12-28,BCH,,0.0,0.0,0.0
2020-12-28,BNB,,0.05,-0.05,0.015999999999999997
2020-12-28,BTC,,0.05,-0.05,0.015999999999999997
2020-12-28,CHZ,,-0.05,0.0,-0.027999999999999997
2020-12-28,DASH,,0.0,-0.05,-0.012
2020-12-28,DOGE,,-0.05,-0.05,-0.04
2020-12-28,DOT,,-0.05,0.0,-0.027999999999999997
2020-12-28,ETC,,0.0,-0.05,-0.012
2020-12-28,ETH,,0.0,-0.05,-0.012
2020-12-28,FET,,0.05,0.13571428571428573,0.06057142857142857
2020-12-28,FIL,,0.05,0.13571428571428573,0.06057142857142857
2020-12-28,HBAR,,-0.05,0.0,-0.027999999999999997
2020-12-28,JST,,0.0,0.13571428571428573,0.03257142857142858
2020-12-28,LINK,,0.05,0.0,0.027999999999999997
2020-12-28,LTC,,0.0,-0.05,-0.012
2020-12-28,NEAR,,0.0,0.13571428571428573,0.03257142857142858
2020-12-28,SOL,,-0.05,0.13571428571428573,0.004571428571428576
2020-12-28,STX,,-0.05,0.0,-0.027999999999999997
2020-12-28,TRX,,0.05,-0.05,0.015999999999999997
2020-12-28,UNI,,-0.05,0.0,-0.027999999999999997
2020-12-28,VET,,-0.05,0.0,-0.027999999999999997
2020-12-28,XLM,,0.0,0.0,0.0
2020-12-28,XRP,,0.0,0.05,0.012
2020-12-28,ZEC,,0.05,0.0,0.027999999999999997
2021-01-04,AAVE,,0.0,0.05,0.012
2021-01-04,ADA,,0.0,0.0,0.0
2021-01-04,ALGO,,0.0,0.0,0.0
2021-01-04,ATOM,,0.05,-0.05,0.015999999999999997
2021-01-04,AVAX,,-0.05,0.05,-0.015999999999999997
2021-01-04,BCH,,0.0,0.0,0.0
2021-01-04,BNB,,0.05,-0.05,0.015999999999999997
2021-01-04,BTC,,0.05,-0.05,0.015999999999999997
2021-01-04,CHZ,,0.0,0.0,0.0
2021-01-04,DASH,,-0.05,0.0,-0.027999999999999997
2021-01-04,DOGE,,-0.05,0.0,-0.027999999999999997
2021-01-04,DOT,,-0.05,0.05,-0.015999999999999997
2021-01-04,ETC,,0.0,0.0,0.0
2021-01-04,ETH,,0.0,-0.05,-0.012
2021-01-04,FET,,0.05,0.0,0.027999999999999997
2021-01-04,FIL,,0.05,0.05,0.04
2021-01-04,HBAR,,-0.05,0.05,-0.015999999999999997
2021-01-04,JST,,0.05,0.0,0.027999999999999997
2021-01-04,LINK,,0.0,0.0,0.0
2021-01-04,LTC,,0.0,-0.05,-0.012
2021-01-04,NEAR,,0.05,0.0,0.027999999999999997
2021-01-04,SOL,,-0.05,0.05,-0.015999999999999997
2021-01-04,STX,,0.0,-0.05,-0.012
2021-01-04,TRX,,0.05,-0.05,0.015999999999999997
2021-01-04,UNI,,0.0,0.0,0.0
2021-01-04,VET,,0.0,-0.05,-0.012
2021-01-04,XLM,,-0.05,0.05,-0.015999999999999997
2021-01-04,XRP,,0.0,0.05,0.012
2021-01-04,ZEC,,-0.05,0.0,-0.027999999999999997
2021-01-11,AAVE,,0.0,0.05,0.012
2021-01-11,ADA,,0.0,0.0,0.0
2021-01-11,ALGO,,0.0,0.0,0.0
2021-01-11,ATOM,,0.05,-0.05,0.015999999999999997
2021-01-11,AVAX,,-0.05,0.05,-0.015999999999999997
2021-01-11,BCH,,0.0,0.0,0.0
2021-01-11,BNB,,0.05,-0.05,0.015999999999999997
2021-01-11,BTC,,0.05,-0.05,0.015999999999999997
2021-01-11,CHZ,,0.0,0.0,0.0
2021-01-11,DASH,,-0.05,0.0,-0.027999999999999997
2021-01-11,DOGE,,-0.05,0.0,-0.027999999999999997
2021-01-11,DOT,,-0.05,0.05,-0.015999999999999997
2021-01-11,ETC,,0.0,0.0,0.0
2021-01-11,ETH,,0.0,-0.05,-0.012
2021-01-11,FET,,0.05,0.0,0.027999999999999997
2021-01-11,FIL,,0.05,0.05,0.04
2021-01-11,HBAR,,-0.05,0.05,-0.015999999999999997
2021-01-11,JST,,0.05,0.0,0.027999999999999997
2021-01-11,LINK,,0.0,0.0,0.0
2021-01-11,LTC,,0.05,-0.05,0.015999999999999997
2021-01-11,NEAR,,0.0,0.0,0.0
2021-01-11,SOL,,-0.05,0.05,-0.015999999999999997
2021-01-11,STX,,0.0,-0.05,-0.012
2021-01-11,TRX,,0.05,-0.05,0.015999999999999997
2021-01-11,UNI,,0.0,0.0,0.0
2021-01-11,VET,,0.0,-0.05,-0.012
2021-01-11,XLM,,-0.05,0.05,-0.015999999999999997
2021-01-11,XRP,,0.0,0.05,0.012
2021-01-11,ZEC,,-0.05,0.0,-0.027999999999999997
2021-01-18,AAVE,,0.0,0.05,0.012
2021-01-18,ADA,,0.0,0.0,0.0
2021-01-18,ALGO,,0.0,0.0,0.0
2021-01-18,ATOM,,0.05,-0.05,0.015999999999999997
2021-01-18,AVAX,,-0.05,0.05,-0.015999999999999997
2021-01-18,BCH,,0.0,0.0,0.0
2021-01-18,BNB,,0.05,-0.05,0.015999999999999997
2021-01-18,BTC,,0.05,-0.05,0.015999999999999997
2021-01-18,CHZ,,0.05,0.0,0.027999999999999997
2021-01-18,DASH,,-0.05,0.0,-0.027999999999999997
2021-01-18,DOGE,,-0.05,0.0,-0.027999999999999997
2021-01-18,DOT,,-0.05,0.05,-0.015999999999999997
2021-01-18,ETC,,0.0,0.0,0.0
2021-01-18,ETH,,0.0,-0.05,-0.012
2021-01-18,FET,,0.0,0.0,0.0
2021-01-18,FIL,,0.05,0.05,0.04
2021-01-18,HBAR,,-0.05,0.05,-0.015999999999999997
2021-01-18,JST,,0.05,0.0,0.027999999999999997
2021-01-18,LINK,,0.0,0.0,0.0
2021-01-18,LTC,,0.0,-0.05,-0.012
2021-01-18,NEAR,,0.0,0.0,0.0
2021-01-18,SOL,,-0.05,0.05,-0.015999999999999997
2021-01-18,STX,,0.05,-0.05,0.015999999999999997
2021-01-18,TRX,,0.05,-0.05,0.015999999999999997
2021-01-18,UNI,,0.0,0.0,0.0
2021-01-18,VET,,0.0,-0.05,-0.012
2021-01-18,XLM,,-0.05,0.05,-0.015999999999999997
2021-01-18,XRP,,0.0,0.05,0.012
2021-01-18,ZEC,,-0.05,0.0,-0.027999999999999997
2021-01-25,AAVE,,0.0,0.05,0.012
2021-01-25,ADA,,0.0,0.0,0.0
2021-01-25,ALGO,,0.05,0.0,0.02727272727272727
2021-01-25,ATOM,,0.0,-0.05,-0.011272727272727275
2021-01-25,AVAX,,-0.13571428571428573,0.05,-0.06275324675324676
2021-01-25,BCH,,0.0,0.0,0.0
2021-01-25,BNB,,0.05,-0.05,0.015999999999999997
2021-01-25,BTC,,0.05,-0.05,0.015999999999999997
2021-01-25,CHZ,,0.05,0.0,0.027999999999999997
2021-01-25,DASH,,-0.13571428571428573,0.0,-0.07475324675324677
2021-01-25,DOGE,,-0.05,0.0,-0.027999999999999997
2021-01-25,DOT,,-0.13571428571428573,0.05,-0.06275324675324676
2021-01-25,ETC,,0.0,0.0,0.0
2021-01-25,ETH,,0.05,-0.05,0.015272727272727271
2021-01-25,FET,,0.05,0.0,0.02727272727272727
2021-01-25,FIL,,0.0,0.05,0.01272727272727273
2021-01-25,HBAR,,-0.13571428571428573,0.05,-0.06275324675324676
2021-01-25,JST,,0.0,0.0,0.0007272727272727257
2021-01-25,LINK,,0.0,0.0,0.0
2021-01-25,LTC,,0.05,-0.05,0.015272727272727271
2021-01-25,NEAR,,0.0,0.0,0.0
2021-01-25,SOL,,0.0,0.05,0.011272727272727275
2021-01-25,STX,,0.0,-0.05,-0.011272727272727275
2021-01-25,TRX,,0.05,-0.05,0.015999999999999997
2021-01-25,UNI,,0.0,0.0,0.0
2021-01-25,VET,,0.0,-0.05,-0.012
2021-01-25,XLM,,-0.13571428571428573,0.05,-0.06275324675324676
2021-01-25,XRP,,-0.13571428571428573,0.05,-0.062025974025974026
2021-01-25,ZEC,,-0.13571428571428573,0.0,-0.07475324675324677
2021-02-01,AAVE,,0.0,0.0,0.0009842632331902735
2021-02-01,ADA,,-0.13571428571428573,0.0,-0.06976633285646161
2021-02-01,ALGO,,0.05,0.0,0.02794034768283695
2021-02-01,ATOM,,0.0,-0.05,-0.011940347682836954
2021-02-01,AVAX,,-0.13571428571428573,0.05,-0.06389773888486334
2021-02-01,BCH,,0.0,0.15000000000000002,0.03304721030042918
2021-02-01,BNB,,0.0,0.0,0.0013123509775870325
2021-02-01,BTC,,0.05,-0.13571428571428573,-0.0028841201716738214
2021-02-01,CHZ,,0.05,0.0,0.027999999999999997
2021-02-01,DASH,,0.0,0.0,-0.006131406028401745
2021-02-01,DOGE,,-0.05,0.05,-0.016984263233190272
2021-02-01,DOT,,-0.13571428571428573,0.0,-0.07491347565167308
2021-02-01,ETC,,0.05,-0.13571428571428573,-0.004196471149260852
2021-02-01,ETH,,0.05,-0.13571428571428573,-0.0029437724888368676
2021-02-01,FET,,0.0,0.0,0.002236961893614258
2021-02-01,FIL,,0.0,0.15000000000000002,0.0340911258507825
2021-02-01,HBAR,,-0.13571428571428573,0.0,-0.07491347565167308
2021-02-01,JST,,0.0,0.0,5.965231716304679e-05
2021-02-01,LINK,,0.0,-0.13571428571428573,-0.029899856938483547
2021-02-01,LTC,,0.05,0.0,0.026956084449646676
2021-02-01,NEAR,,-0.13571428571428573,0.15000000000000002,-0.03671912255603242
2021-02-01,SOL,,0.0,0.15000000000000002,0.03397182121645641
2021-02-01,STX,,0.05,-0.13571428571428573,-0.0051210820652880795
2021-02-01,TRX,,0.05,-0.13571428571428573,-0.0028841201716738214
2021-02-01,UNI,,0.0,-0.13571428571428573,-0.029899856938483547
2021-02-01,VET,,0.0,0.0,-0.0009842632331902735
2021-02-01,XLM,,-0.13571428571428573,0.15000000000000002,-0.041866265351243895
2021-02-01,XRP,,-0.13571428571428573,0.15000000000000002,-0.04180661303408085
2021-02-01,ZEC,,0.0,0.0,-0.006131406028401745
2021-02-08,AAVE,,0.0,0.0,0.00024332454301367738
2021-02-08,ADA,,-0.13571428571428573,0.0,-0.07445894456091338
2021-02-08,ALGO,,0.0,0.0,0.006907270435708015
2021-02-08,ATOM,,0.0,-0.05,-0.011985253057999171
2021-02-08,AVAX,,-0.13571428571428573,0.05,-0.06397471952799857
2021-02-08,BCH,,0.0,0.15000000000000002,0.035270026370958975
2021-02-08,BNB,,-0.13571428571428573,0.0,-0.056887234393629194
2021-02-08,BTC,,0.05,-0.13571428571428573,-0.004154300783405129
2021-02-08,CHZ,,0.05,0.0,0.027999999999999997
2021-02-08,DASH,,-0.13571428571428573,0.0,-0.05872744208473263
2021-02-08,DOGE,,-0.05,0.05,-0.016243324543013676
2021-02-08,DOT,,0.05,0.0,0.002558254754953665
2021-02-08,ETC,,-0.13571428571428573,-0.13571428571428573,-0.08276838324736195
2021-02-08,ETH,,0.05,-0.13571428571428573,-0.004169047725405958
2021-02-08,FET,,0.0,0.0,0.000553010325031085
2021-02-08,FIL,,-0.13571428571428573,0.15000000000000002,-0.021683569261673953
2021-02-08,HBAR,,0.0,0.0,-0.018519727867337486
2021-02-08,JST,,0.05,0.0,0.021092729564291982
2021-02-08,LINK,,0.05,-0.13571428571428573,-0.0108329936181003
2021-02-08,LTC,,0.05,0.0,0.02774192851498549
2021-02-08,NEAR,,0.0,0.15000000000000002,0.01802274892769301
2021-02-08,SOL,,0.0,0.15000000000000002,0.03549860397197182
2021-02-08,STX,,0.05,-0.13571428571428573,-0.0047073111084362145
2021-02-08,TRX,,0.0,-0.13571428571428573,-0.025232283405696283
2021-02-08,UNI,,0.0,-0.13571428571428573,-0.03191097624039145
2021-02-08,VET,,0.0,0.0,-0.00024332454301367738
2021-02-08,XLM,,0.0,0.15000000000000002,0.01675029850362149
2021-02-08,XRP,,-0.13571428571428573,0.15000000000000002,-0.040446621672025104
2021-02-08,ZEC,,0.0,0.0,-0.001515774967085202
2021-02-15,AAVE,,0.0,0.0,0.0
2021-02-15,ADA,,-0.13571428571428573,0.0,-0.07600000000000001
2021-02-15,ALGO,,0.0,0.0,0.0
2021-02-15,ATOM,,0.0,-0.05,-0.012
2021-02-15,AVAX,,-0.13571428571428573,0.05,-0.064
2021-02-15,BCH,,0.0,0.15000000000000002,0.036000000000000004
2021-02-15,BNB,,-0.13571428571428573,0.0,-0.07600000000000001
2021-02-15,BTC,,0.05,-0.13571428571428573,-0.004571428571428576
2021-02-15,CHZ,,0.0,0.0,0.0
2021-02-15,DASH,,-0.13571428571428573,0.0,-0.07600000000000001
2021-02-15,DOGE,,-0.05,0.05,-0.015999999999999997
2021-02-15,DOT,,0.0,0.0,0.0
2021-02-15,ETC,,-0.13571428571428573,-0.13571428571428573,-0.1085714285714286
2021-02-15,ETH,,0.05,-0.13571428571428573,-0.004571428571428576
2021-02-15,FET,,0.0,0.0,0.0
2021-02-15,FIL,,-0.13571428571428573,0.15000000000000002,-0.04
2021-02-15,HBAR,,0.05,0.0,0.027999999999999997
2021-02-15,JST,,0.05,0.0,0.027999999999999997
2021-02-15,LINK,,0.05,-0.13571428571428573,-0.004571428571428576
2021-02-15,LTC,,0.05,0.0,0.027999999999999997
2021-02-15,NEAR,,0.0,0.15000000000000002,0.036000000000000004
2021-02-15,SOL,,0.05,0.15000000000000002,0.064
2021-02-15,STX,,0.05,-0.13571428571428573,-0.004571428571428576
2021-02-15,TRX,,0.0,-0.13571428571428573,-0.03257142857142858
2021-02-15,UNI,,0.0,-0.13571428571428573,-0.03257142857142858
2021-02-15,VET,,0.0,0.0,0.0
2021-02-15,XLM,,0.0,0.15000000000000002,0.036000000000000004
2021-02-15,XRP,,-0.13571428571428573,0.15000000000000002,-0.04
2021-02-15,ZEC,,0.0,0.0,0.0
2021-02-22,AAVE,,0.0,0.0,0.0
2021-02-22,ADA,,0.0,0.0,0.0
2021-02-22,ALGO,,0.0,0.0,0.0
2021-02-22,ATOM,,0.0,-0.05,-0.012
2021-02-22,AVAX,,-0.05,0.05,-0.015999999999999997
2021-02-22,BCH,,0.0,0.15000000000000002,0.036000000000000004
2021-02-22,BNB,,-0.05,0.0,-0.027999999999999997
2021-02-22,BTC,,0.05,-0.13571428571428573,-0.004571428571428576
2021-02-22,CAKE,,0.0,0.0,0.0
2021-02-22,CHZ,,0.0,0.0,0.0
2021-02-22,DASH,,-0.05,0.0,-0.027999999999999997
2021-02-22,DOGE,,-0.05,0.05,-0.015999999999999997
2021-02-22,DOT,,0.0,0.0,0.0
2021-02-22,ETC,,-0.05,-0.13571428571428573,-0.06057142857142857
2021-02-22,ETH,,0.05,-0.13571428571428573,-0.004571428571428576
2021-02-22,FET,,-0.05,0.0,-0.027999999999999997
2021-02-22,FIL,,-0.05,0.15000000000000002,0.008000000000000007
2021-02-22,HBAR,,0.05,0.0,0.027999999999999997
2021-02-22,JST,,0.05,0.0,0.027999999999999997
2021-02-22,LINK,,0.05,-0.13571428571428573,-0.004571428571428576
2021-02-22,LTC,,0.0,0.0,0.0
2021-02-22,NEAR,,0.0,0.15000000000000002,0.036000000000000004
2021-02-22,SOL,,0.05,0.15000000000000002,0.064
2021-02-22,STX,,0.05,-0.13571428571428573,-0.004571428571428576
2021-02-22,TRX,,0.0,-0.13571428571428573,-0.03257142857142858
2021-02-22,UNI,,0.05,-0.13571428571428573,-0.004571428571428576
2021-02-22,VET,,-0.05,0.0,-0.027999999999999997
2021-02-22,XLM,,0.0,0.15000000000000002,0.036000000000000004
2021-02-22,XRP,,0.0,0.15000000000000002,0.036000000000000004
2021-02-22,ZEC,,0.0,0.0,0.0
2021-03-01,AAVE,,0.05,-0.13571428571428573,-0.004571428571428576
2021-03-01,ADA,,0.0,-0.13571428571428573,-0.03257142857142858
2021-03-01,ALGO,,0.0,0.0,0.0
2021-03-01,ATOM,,0.0,0.0,0.0
2021-03-01,AVAX,,-0.05,0.05,-0.015999999999999997
2021-03-01,BCH,,0.0,0.05,0.012
2021-03-01,BNB,,-0.05,0.05,-0.015999999999999997
2021-03-01,BTC,,0.05,-0.13571428571428573,-0.004571428571428576
2021-03-01,CAKE,,0.0,0.0,0.0
2021-03-01,CHZ,,-0.05,-0.05,-0.04
2021-03-01,DASH,,-0.05,0.05,-0.015999999999999997
2021-03-01,DOGE,,0.0,0.0,0.0
2021-03-01,DOT,,0.0,0.0,0.0
2021-03-01,ETC,,-0.05,0.05,-0.015999999999999997
2021-03-01,ETH,,0.05,-0.13571428571428573,-0.004571428571428576
2021-03-01,FET,,0.0,0.0,0.0
2021-03-01,FIL,,-0.05,0.0,-0.027999999999999997
2021-03-01,HBAR,,0.0,0.0,0.0
2021-03-01,JST,,0.05,0.05,0.04
2021-03-01,LINK,,0.05,0.0,0.027999999999999997
2021-03-01,LTC,,0.0,0.0,0.0
2021-03-01,NEAR,,0.05,0.0,0.027999999999999997
2021-03-01,SOL,,0.05,-0.13571428571428573,-0.004571428571428576
2021-03-01,STX,,0.05,-0.13571428571428573,-0.004571428571428576
2021-03-01,TRX,,0.0,0.0,0.0
2021-03-01,UNI,,0.0,0.0,0.0
2021-03-01,VET,,-0.05,0.05,-0.015999999999999997
2021-03-01,XLM,,0.0,-0.13571428571428573,-0.03257142857142858
2021-03-01,XRP,,0.0,0.0,0.0
2021-03-01,ZEC,,-0.05,0.05,-0.015999999999999997
2021-03-08,AAVE,,0.0,-0.13571428571428573,-0.027648351648351648
2021-03-08,ADA,,0.0,-0.13571428571428573,-0.03257142857142858
2021-03-08,ALGO,,0.05,0.0,0.023076923076923068
2021-03-08,ATOM,,0.05,0.0,0.023076923076923068
2021-03-08,AVAX,,0.0,0.05,0.007076923076923071
2021-03-08,BCH,,0.0,0.05,0.012
2021-03-08,BNB,,-0.13571428571428573,0.05,-0.055560439560439545
2021-03-08,BTC,,0.05,-0.13571428571428573,-0.004571428571428576
2021-03-08,CAKE,,0.0,0.0,0.0
2021-03-08,CHZ,,-0.05,-0.05,-0.04
2021-03-08,DASH,,-0.13571428571428573,0.05,-0.055560439560439545
2021-03-08,DOGE,,-0.13571428571428573,0.0,-0.06263736263736262
2021-03-08,DOT,,0.0,0.0,0.0
2021-03-08,ETC,,-0.13571428571428573,0.05,-0.055560439560439545
2021-03-08,ETH,,0.05,-0.13571428571428573,-0.004571428571428576
2021-03-08,FET,,-0.13571428571428573,0.0,-0.06263736263736262
2021-03-08,FIL,,0.0,0.0,-0.004923076923076929
2021-03-08,HBAR,,-0.13571428571428573,0.0,-0.06263736263736262
2021-03-08,JST,,0.05,0.05,0.04
2021-03-08,LINK,,0.0,0.0,0.004923076923076929
2021-03-08,LTC,,0.05,0.0,0.023076923076923068
2021-03-08,NEAR,,0.0,0.0,0.004923076923076929
2021-03-08,SOL,,0.05,-0.13571428571428573,-0.004571428571428576
2021-03-08,STX,,0.05,-0.13571428571428573,-0.004571428571428576
2021-03-08,TRX,,0.0,0.0,0.0
2021-03-08,UNI,,-0.13571428571428573,0.0,-0.06263736263736262
2021-03-08,VET,,0.0,0.05,0.007076923076923071
2021-03-08,XLM,,0.0,-0.13571428571428573,-0.03257142857142858
2021-03-08,XRP,,0.0,0.0,0.0
2021-03-08,ZEC,,0.0,0.05,0.007076923076923071
2021-03-15,AAVE,,0.0,-0.13571428571428573,-0.03257142857142858
2021-03-15,ADA,,0.0,-0.13571428571428573,-0.03257142857142858
2021-03-15,ALGO,,0.05,0.0,0.027999999999999997
2021-03-15,ATOM,,0.05,0.0,0.027999999999999997
2021-03-15,AVAX,,0.0,0.05,0.012
2021-03-15,BCH,,0.0,0.05,0.012
2021-03-15,BNB,,-0.15000000000000002,0.05,-0.07200000000000001
2021-03-15,BTC,,0.05,-0.13571428571428573,-0.004571428571428576
2021-03-15,CAKE,,0.0,0.0,0.0
2021-03-15,CHZ,,-0.05,-0.05,-0.04
2021-03-15,DASH,,0.0,0.05,0.012
2021-03-15,DOGE,,-0.15000000000000002,0.0,-0.08400000000000002
2021-03-15,DOT,,0.0,0.0,0.0
2021-03-15,ETC,,-0.15000000000000002,0.05,-0.07200000000000001
2021-03-15,ETH,,0.05,-0.13571428571428573,-0.004571428571428576
2021-03-15,FET,,-0.15000000000000002,0.0,-0.08400000000000002
2021-03-15,FIL,,-0.15000000000000002,0.0,-0.08400000000000002
2021-03-15,HBAR,,-0.05,0.0,-0.027999999999999997
2021-03-15,JST,,0.0,0.05,0.012
2021-03-15,LINK,,0.05,0.0,0.027999999999999997
2021-03-15,LTC,,0.05,0.0,0.027999999999999997
2021-03-15,NEAR,,-0.15000000000000002,0.0,-0.08400000000000002
2021-03-15,SOL,,0.05,-0.13571428571428573,-0.004571428571428576
2021-03-15,STX,,0.05,-0.13571428571428573,-0.004571428571428576
2021-03-15,TRX,,0.0,0.0,0.0
2021-03-15,UNI,,0.0,0.0,0.0
2021-03-15,VET,,0.0,0.05,0.012
2021-03-15,XLM,,0.0,-0.13571428571428573,-0.03257142857142858
2021-03-15,XRP,,0.0,0.0,0.0
2021-03-15,ZEC,,0.0,0.05,0.012
2021-03-22,AAVE,,0.0,-0.13571428571428573,-0.03257142857142858
2021-03-22,ADA,,0.0,-0.13571428571428573,-0.03257142857142858
2021-03-22,ALGO,,0.05,0.0,0.027999999999999997
2021-03-22,ATOM,,0.05,0.0,0.027999999999999997
2021-03-22,AVAX,,0.0,0.05,0.012
2021-03-22,BCH,,0.0,0.05,0.012
2021-03-22,BNB,,-0.15000000000000002,0.05,-0.07200000000000001
2021-03-22,BTC,,0.05,-0.13571428571428573,-0.004571428571428576
2021-03-22,CAKE,,-0.15000000000000002,0.0,-0.08400000000000002
2021-03-22,CHZ,,-0.05,-0.05,-0.04
2021-03-22,DASH,,0.0,0.05,0.012
2021-03-22,DOGE,,-0.15000000000000002,0.0,-0.08400000000000002
2021-03-22,DOT,,0.0,0.0,0.0
2021-03-22,ETC,,-0.15000000000000002,0.05,-0.07200000000000001
2021-03-22,ETH,,0.05,-0.13571428571428573,-0.004571428571428576
2021-03-22,FET,,-0.15000000000000002,0.0,-0.08400000000000002
2021-03-22,FIL,,0.0,0.0,0.0
2021-03-22,HBAR,,-0.05,0.0,-0.027999999999999997
2021-03-22,JST,,0.0,0.05,0.012
2021-03-22,LINK,,0.05,0.0,0.027999999999999997
2021-03-22,LTC,,0.05,0.0,0.027999999999999997
2021-03-22,NEAR,,-0.15000000000000002,0.0,-0.08400000000000002
2021-03-22,SOL,,0.05,-0.13571428571428573,-0.004571428571428576
2021-03-22,STX,,0.05,-0.13571428571428573,-0.004571428571428576
2021-03-22,TRX,,0.0,0.0,0.0
2021-03-22,UNI,,0.0,0.0,0.0
2021-03-22,VET,,0.0,0.05,0.012
2021-03-22,XLM,,0.0,-0.13571428571428573,-0.03257142857142858
2021-03-22,XRP,,0.0,0.0,0.0
2021-03-22,ZEC,,0.0,0.05,0.012
2021-03-29,AAVE,,0.0,-0.13571428571428573,-0.03257142857142858
2021-03-29,ADA,,0.0,-0.13571428571428573,-0.03257142857142858
2021-03-29,ALGO,,0.05,0.0,0.027999999999999997
2021-03-29,ATOM,,0.05,0.0,0.027999999999999997
2021-03-29,AVAX,,0.0,0.13571428571428573,0.032074349442379184
2021-03-29,BCH,,0.0,0.13571428571428573,0.032074349442379184
2021-03-29,BNB,,0.0,0.13571428571428573,0.03004460966542749
2021-03-29,BTC,,0.05,-0.13571428571428573,-0.004571428571428576
2021-03-29,CAKE,,-0.13571428571428573,0.13571428571428573,-0.04440892193308551
2021-03-29,CHZ,,-0.05,0.05,-0.016579925650557624
2021-03-29,DASH,,0.0,0.13571428571428573,0.032074349442379184
2021-03-29,DOGE,,-0.13571428571428573,0.0,-0.07619330855018588
2021-03-29,DOT,,0.0,0.0,0.0
2021-03-29,ETC,,0.0,0.13571428571428573,0.03004460966542749
2021-03-29,ETH,,0.05,-0.13571428571428573,-0.004571428571428576
2021-03-29,FET,,-0.13571428571428573,0.0,-0.07619330855018588
2021-03-29,FIL,,0.0,0.0,0.0
2021-03-29,HBAR,,-0.13571428571428573,0.0,-0.07484014869888475
2021-03-29,JST,,-0.13571428571428573,0.13571428571428573,-0.04208921933085501
2021-03-29,LINK,,0.05,0.0,0.027999999999999997
2021-03-29,LTC,,0.05,0.0,0.027999999999999997
2021-03-29,NEAR,,-0.13571428571428573,-0.05,-0.08790334572490707
2021-03-29,SOL,,0.0,-0.13571428571428573,-0.03189484864577801
2021-03-29,STX,,0.05,-0.13571428571428573,-0.004571428571428576
2021-03-29,TRX,,-0.13571428571428573,0.0,-0.0741635687732342
2021-03-29,UNI,,0.05,0.0,0.027323420074349434
2021-03-29,VET,,0.0,0.0,0.00028996282527881355
2021-03-29,XLM,,0.0,-0.13571428571428573,-0.03257142857142858
2021-03-29,XRP,,0.0,0.0,0.0
2021-03-29,ZEC,,0.0,0.0,0.00028996282527881355
2021-04-05,AAVE,,0.0,-0.13571428571428573,-0.03257142857142858
2021-04-05,ADA,,0.05,-0.13571428571428573,-0.011168489544068023
2021-04-05,ALGO,,0.05,0.0,0.027999999999999997
2021-04-05,ATOM,,0.05,0.0,0.027999999999999997
2021-04-05,AVAX,,0.0,0.13571428571428573,0.03245431209562267
2021-04-05,BCH,,0.0,0.13571428571428573,0.03245431209562267
2021-04-05,BNB,,-0.05,0.13571428571428573,0.010573147458721337
2021-04-05,BTC,,0.05,-0.13571428571428573,-0.004571428571428576
2021-04-05,CAKE,,-0.05,0.13571428571428573,-0.006968798526411808
2021-04-05,CHZ,,0.0,0.05,0.00526630313892033
2021-04-05,DASH,,0.0,0.13571428571428573,0.03245431209562267
2021-04-05,DOGE,,0.0,0.0,-0.017951853650453813
2021-04-05,DOT,,0.0,0.0,0.0
2021-04-05,ETC,,0.0,0.13571428571428573,0.03197608648608189
2021-04-05,ETH,,0.0,-0.13571428571428573,-0.02597436759878913
2021-04-05,FET,,0.0,0.0,-0.017951853650453813
2021-04-05,FIL,,-0.05,0.0,-0.02140293902736055
2021-04-05,HBAR,,0.05,0.0,0.003769902449933929
2021-04-05,JST,,-0.05,0.13571428571428573,-0.0064222549726509134
2021-04-05,LINK,,0.05,0.0,0.027999999999999997
2021-04-05,LTC,,0.0,0.0,0.0065970609726394465
2021-04-05,NEAR,,0.05,-0.05,-0.008480596678873145
2021-04-05,SOL,,0.0,-0.13571428571428573,-0.03241202003491498
2021-04-05,STX,,-0.05,-0.13571428571428573,-0.047377306626149675
2021-04-05,TRX,,-0.05,0.0,-0.03887656706827358
2021-04-05,UNI,,0.05,0.0,0.027840591463486403
2021-04-05,VET,,-0.05,0.0,-0.021334621083140444
2021-04-05,XLM,,0.0,-0.13571428571428573,-0.03257142857142858
2021-04-05,XRP,,-0.05,0.0,-0.02140293902736055
2021-04-05,ZEC,,0.0,0.0,6.831794422011185e-05
2021-04-12,AAVE,,0.0,-0.13571428571428573,-0.03257142857142858
2021-04-12,ADA,,0.05,-0.13571428571428573,-0.004709259149391408
2021-04-12,ALGO,,0.0,0.0,0.0005849962883418998
2021-04-12,ATOM,,0.05,0.0,0.027999999999999997
2021-04-12,AVAX,,0.0,0.13571428571428573,0.03256898168915536
2021-04-12,BCH,,0.0,0.13571428571428573,0.03256898168915536
2021-04-12,BNB,,0.0,0.13571428571428573,0.03211182454282731
2021-04-12,BTC,,0.05,-0.13571428571428573,-0.004571428571428576
2021-04-12,CAKE,,-0.13571428571428573,0.13571428571428573,-0.04266682743494457
2021-04-12,CHZ,,-0.13571428571428573,0.05,-0.06255283820559167
2021-04-12,DASH,,0.0,0.13571428571428573,0.03256898168915536
2021-04-12,DOGE,,-0.05,0.0,-0.027790066845742825
2021-04-12,DOT,,0.0,0.0,0.0
2021-04-12,ETC,,-0.13571428571428573,0.13571428571428573,-0.041853162678437035
2021-04-12,ETH,,0.05,-0.13571428571428573,-0.005018594281807648
2021-04-12,FET,,0.0,0.0,-0.0003750631340847313
2021-04-12,FIL,,0.0,0.0,-0.0004471657103790709
2021-04-12,HBAR,,0.0,0.0,7.87635335936566e-05
2021-04-12,JST,,-0.13571428571428573,0.13571428571428573,-0.04265540865100288
2021-04-12,LINK,,0.0,0.0,0.0005849962883418998
2021-04-12,LTC,,0.05,0.0,0.027552834289620926
2021-04-12,NEAR,,0.05,-0.05,0.015488533635945146
2021-04-12,SOL,,0.05,-0.13571428571428573,-0.005153094381120819
2021-04-12,STX,,0.0,-0.13571428571428573,-0.032880763703844816
2021-04-12,TRX,,-0.13571428571428573,0.0,-0.07522439034015824
2021-04-12,UNI,,0.05,0.0,0.027996669521350336
2021-04-12,VET,,-0.13571428571428573,0.0,-0.07485789129402978
2021-04-12,XLM,,0.0,-0.13571428571428573,-0.03257142857142858
2021-04-12,XRP,,-0.13571428571428573,0.0,-0.07485931864202248
2021-04-12,ZEC,,0.0,0.0,1.4273479927112378e-06
2021-04-19,AAVE,,0.05,-0.13571428571428573,-0.004571428571428576
2021-04-19,ADA,,0.0,-0.13571428571428573,-0.03257142857142858
2021-04-19,ALGO,,0.0,0.0,0.0
2021-04-19,ATOM,,0.05,0.0,0.027999999999999997
2021-04-19,AVAX,,0.0,0.13571428571428573,0.03257142857142858
2021-04-19,BCH,,0.0,0.13571428571428573,0.03257142857142858
2021-04-19,BNB,,-0.13571428571428573,0.13571428571428573,-0.04342857142857143
2021-04-19,BTC,,0.05,-0.13571428571428573,-0.004571428571428576
2021-04-19,CAKE,,0.0,0.13571428571428573,0.03257142857142858
2021-04-19,CHZ,,-0.13571428571428573,0.05,-0.064
2021-04-19,DASH,,0.0,0.13571428571428573,0.03257142857142858
2021-04-19,DOGE,,-0.05,0.0,-0.027999999999999997
2021-04-19,DOT,,0.0,0.0,0.0
2021-04-19,ETC,,-0.13571428571428573,0.13571428571428573,-0.04342857142857143
2021-04-19,ETH,,0.05,-0.13571428571428573,-0.004571428571428576
2021-04-19,FET,,0.05,0.0,0.027999999999999997
2021-04-19,FIL,,0.0,0.0,0.0
2021-04-19,HBAR,,0.0,0.0,0.0
2021-04-19,JST,,-0.13571428571428573,0.13571428571428573,-0.04342857142857143
2021-04-19,LINK,,0.0,0.0,0.0
2021-04-19,LTC,,0.05,0.0,0.027999999999999997
2021-04-19,NEAR,,0.05,-0.05,0.015999999999999997
2021-04-19,SOL,,0.0,-0.13571428571428573,-0.03257142857142858
2021-04-19,STX,,0.0,-0.13571428571428573,-0.03257142857142858
2021-04-19,TRX,,-0.13571428571428573,0.0,-0.07600000000000001
2021-04-19,UNI,,0.05,0.0,0.027999999999999997
2021-04-19,VET,,-0.13571428571428573,0.0,-0.07600000000000001
2021-04-19,XLM,,0.0,-0.13571428571428573,-0.03257142857142858
2021-04-19,XRP,,-0.13571428571428573,0.0,-0.07600000000000001
2021-04-19,ZEC,,0.0,0.0,0.0
2021-04-26,AAVE,,0.0,-0.05,-0.009064516129032259
2021-04-26,ADA,,0.05,-0.05,-0.0031935483870967896
2021-04-26,ALGO,,0.0,0.13571428571428573,0.019700460829493085
2021-04-26,ATOM,,0.05,-0.05,0.020741935483870967
2021-04-26,AVAX,,-0.13571428571428573,0.13571428571428573,-0.013396313364055286
2021-04-26,BCH,,0.0,0.0,0.012870967741935493
2021-04-26,BNB,,0.0,-0.05,-0.024419354838709682
2021-04-26,BTC,,0.05,-0.05,0.007870967741935478
2021-04-26,CAKE,,-0.13571428571428573,0.0,-0.033096774193548374
2021-04-26,CHZ,,0.0,0.13571428571428573,-0.0055898617511520865
2021-04-26,DASH,,0.0,0.13571428571428573,0.03257142857142858
2021-04-26,DOGE,,-0.05,0.05,-0.020741935483870967
2021-04-26,DOT,,0.05,0.0,0.016935483870967733
2021-04-26,ETC,,-0.13571428571428573,0.0,-0.06312903225806452
2021-04-26,ETH,,0.05,-0.05,0.007870967741935478
2021-04-26,FET,,-0.13571428571428573,0.13571428571428573,-0.015202764976958515
2021-04-26,FIL,,0.05,0.0,0.016935483870967733
2021-04-26,HBAR,,0.0,0.0,0.0
2021-04-26,JST,,0.0,0.13571428571428573,0.002539170506912436
2021-04-26,LINK,,0.0,0.0,0.0
2021-04-26,LTC,,0.0,0.0,0.011064516129032264
2021-04-26,NEAR,,0.05,0.0,0.023258064516129027
2021-04-26,SOL,,0.0,-0.05,-0.020129032258064523
2021-04-26,STX,,-0.13571428571428573,-0.05,-0.06609677419354838
2021-04-26,TRX,,0.0,0.0,-0.03003225806451615
2021-04-26,UNI,,0.05,0.0,0.027999999999999997
2021-04-26,VET,,-0.13571428571428573,0.13571428571428573,-0.056299539170506924
2021-04-26,XLM,,0.0,0.0,-0.012870967741935493
2021-04-26,XRP,,-0.13571428571428573,0.0,-0.07600000000000001
2021-04-26,ZEC,,0.0,0.0,0.0
2021-05-03,AAVE,,0.0,-0.05,-0.011816532258064515
2021-05-03,ADA,,0.0,-0.05,-0.011449596774193547
2021-05-03,ALGO,,0.0,0.13571428571428573,0.03176699308755761
2021-05-03,ATOM,,0.0,-0.05,-0.009953629032258056
2021-05-03,AVAX,,-0.13571428571428573,0.13571428571428573,-0.04155155529953916
2021-05-03,BCH,,-0.13571428571428573,0.0,-0.07044556451612902
2021-05-03,BNB,,0.05,-0.05,0.013473790322580628
2021-05-03,BTC,,0.05,-0.05,0.015491935483870962
2021-05-03,CAKE,,0.0,0.0,-0.002068548387096785
2021-05-03,CHZ,,0.0,0.13571428571428573,0.030186347926267273
2021-05-03,DASH,,0.0,0.13571428571428573,0.03257142857142858
2021-05-03,DOGE,,-0.05,0.05,-0.016296370967741933
2021-05-03,DOT,,0.05,0.0,0.027308467741935478
2021-05-03,ETC,,-0.13571428571428573,0.0,-0.07519556451612903
2021-05-03,ETH,,0.05,-0.05,0.015491935483870962
2021-05-03,FET,,-0.13571428571428573,0.13571428571428573,-0.041664458525345616
2021-05-03,FIL,,0.05,0.0,0.027308467741935478
2021-05-03,HBAR,,0.0,0.0,0.0
2021-05-03,JST,,0.0,0.13571428571428573,0.030694412442396308
2021-05-03,LINK,,0.0,0.0,0.0
2021-05-03,LTC,,-0.13571428571428573,0.0,-0.07055846774193547
2021-05-03,NEAR,,0.05,0.0,0.027703629032258058
2021-05-03,SOL,,0.0,-0.05,-0.012508064516129035
2021-05-03,STX,,0.05,-0.05,0.010868951612903202
2021-05-03,TRX,,0.0,0.0,-0.0018770161290322697
2021-05-03,UNI,,0.05,0.0,0.027999999999999997
2021-05-03,VET,,-0.13571428571428573,0.13571428571428573,-0.0442330069124424
2021-05-03,XLM,,0.0,0.0,-0.000804435483870972
2021-05-03,XRP,,-0.13571428571428573,0.0,-0.07600000000000001
2021-05-03,ZEC,,0.0,0.0,0.0
2021-05-10,AAVE,,0.0,-0.05,-0.012
2021-05-10,ADA,,0.0,-0.05,-0.012
2021-05-10,ALGO,,0.0,0.13571428571428573,0.03257142857142858
2021-05-10,ATOM,,0.0,-0.05,-0.012
2021-05-10,AVAX,,-0.05,0.13571428571428573,0.004571428571428576
2021-05-10,BCH,,-0.05,0.0,-0.027999999999999997
2021-05-10,BNB,,0.05,-0.05,0.015999999999999997
2021-05-10,BTC,,0.05,-0.05,0.015999999999999997
2021-05-10,CAKE,,-0.05,0.0,-0.027999999999999997
2021-05-10,CHZ,,0.0,0.13571428571428573,0.03257142857142858
2021-05-10,DASH,,0.0,0.13571428571428573,0.03257142857142858
2021-05-10,DOGE,,-0.05,0.05,-0.015999999999999997
2021-05-10,DOT,,0.05,0.0,0.027999999999999997
2021-05-10,ETC,,-0.05,0.0,-0.027999999999999997
2021-05-10,ETH,,0.05,-0.05,0.015999999999999997
2021-05-10,FET,,-0.05,0.13571428571428573,0.004571428571428576
2021-05-10,FIL,,0.05,0.0,0.027999999999999997
2021-05-10,HBAR,,0.0,0.0,0.0
2021-05-10,JST,,0.0,0.13571428571428573,0.03257142857142858
2021-05-10,LINK,,0.0,0.0,0.0
2021-05-10,LTC,,-0.05,0.0,-0.027999999999999997
2021-05-10,NEAR,,0.05,0.0,0.027999999999999997
2021-05-10,SOL,,0.0,-0.05,-0.012
2021-05-10,STX,,0.05,-0.05,0.015999999999999997
2021-05-10,TRX,,0.0,0.0,0.0
2021-05-10,UNI,,0.05,0.0,0.027999999999999997
2021-05-10,VET,,0.0,0.13571428571428573,0.03257142857142858
2021-05-10,XLM,,0.0,0.0,0.0
2021-05-10,XRP,,-0.05,0.0,-0.027999999999999997
2021-05-10,ZEC,,0.0,0.0,0.0
2021-05-17,AAVE,,0.0,-0.05,-0.012
2021-05-17,ADA,,0.0,-0.05,-0.012
2021-05-17,ALGO,,0.05,0.13571428571428573,0.06057142857142857
2021-05-17,ATOM,,0.0,-0.05,-0.012
2021-05-17,AVAX,,-0.05,0.13571428571428573,0.004571428571428576
2021-05-17,BCH,,-0.05,0.0,-0.027999999999999997
2021-05-17,BNB,,0.0,-0.05,-0.012
2021-05-17,BTC,,0.05,-0.05,0.015999999999999997
2021-05-17,CAKE,,0.0,0.0,0.0
2021-05-17,CHZ,,0.0,0.13571428571428573,0.03257142857142858
2021-05-17,DASH,,0.0,0.13571428571428573,0.03257142857142858
2021-05-17,DOGE,,-0.05,0.05,-0.015999999999999997
2021-05-17,DOT,,0.0,0.0,0.0
2021-05-17,ETC,,-0.05,0.0,-0.027999999999999997
2021-05-17,ETH,,0.0,-0.05,-0.012
2021-05-17,FET,,-0.05,0.13571428571428573,0.004571428571428576
2021-05-17,FIL,,0.05,0.0,0.027999999999999997
2021-05-17,HBAR,,0.05,0.0,0.027999999999999997
2021-05-17,ICP,,0.0,0.0,0.0
2021-05-17,JST,,0.05,0.13571428571428573,0.06057142857142857
2021-05-17,LINK,,-0.05,0.0,-0.027999999999999997
2021-05-17,LTC,,-0.05,0.0,-0.027999999999999997
2021-05-17,NEAR,,0.05,0.0,0.027999999999999997
2021-05-17,SHIB,,0.0,0.0,0.0
2021-05-17,SOL,,0.05,-0.05,0.015999999999999997
2021-05-17,STX,,0.05,-0.05,0.015999999999999997
2021-05-17,TRX,,0.0,0.0,0.0
2021-05-17,UNI,,0.0,0.0,0.0
2021-05-17,VET,,0.0,0.13571428571428573,0.03257142857142858
2021-05-17,XLM,,0.0,0.0,0.0
2021-05-17,XRP,,-0.05,0.0,-0.027999999999999997
2021-05-17,ZEC,,0.0,0.0,0.0
2021-05-24,AAVE,,0.05,-0.05,0.015999999999999997
2021-05-24,ADA,,0.0,-0.05,-0.012
2021-05-24,ALGO,,0.05,-0.05,0.015999999999999997
2021-05-24,ATOM,,0.0,0.0,0.0
2021-05-24,AVAX,,0.0,0.05,0.012
2021-05-24,BCH,,-0.05,0.0,-0.027999999999999997
2021-05-24,BNB,,0.0,0.05,0.012
2021-05-24,BTC,,0.05,-0.05,0.015999999999999997
2021-05-24,CAKE,,0.0,0.05,0.012
2021-05-24,CHZ,,0.0,0.05,0.012
2021-05-24,DASH,,0.0,0.05,0.012
2021-05-24,DOGE,,-0.05,0.0,-0.027999999999999997
2021-05-24,DOT,,0.0,0.05,0.012
2021-05-24,ETC,,-0.05,0.0,-0.027999999999999997
2021-05-24,ETH,,0.0,-0.05,-0.012
2021-05-24,FET,,-0.05,0.05,-0.015999999999999997
2021-05-24,FIL,,0.05,-0.05,0.015999999999999997
2021-05-24,HBAR,,0.05,-0.05,0.015999999999999997
2021-05-24,ICP,,0.0,0.0,0.0
2021-05-24,JST,,0.05,0.0,0.027999999999999997
2021-05-24,LINK,,-0.05,0.0,-0.027999999999999997
2021-05-24,LTC,,-0.05,0.0,-0.027999999999999997
2021-05-24,NEAR,,0.0,0.0,0.0
2021-05-24,SHIB,,0.0,0.0,0.0
2021-05-24,SOL,,0.0,0.0,0.0
2021-05-24,STX,,0.05,-0.05,0.015999999999999997
2021-05-24,TRX,,0.0,0.0,0.0
2021-05-24,UNI,,-0.05,0.0,-0.027999999999999997
2021-05-24,VET,,0.0,0.0,0.0
2021-05-24,XLM,,0.0,0.0,0.0
2021-05-24,XRP,,0.05,0.0,0.027999999999999997
2021-05-24,ZEC,,-0.05,0.05,-0.015999999999999997
2021-05-31,AAVE,,0.0,-0.05,-0.012
2021-05-31,ADA,,0.0,-0.05,-0.012
2021-05-31,ALGO,,0.0,-0.05,-0.012
2021-05-31,ATOM,,0.0,0.0,0.0
2021-05-31,AVAX,,0.05,0.05,0.04
2021-05-31,BCH,,0.0,0.0,0.0
2021-05-31,BNB,,-0.05,0.05,-0.015999999999999997
2021-05-31,BTC,,0.05,-0.05,0.015999999999999997
2021-05-31,CAKE,,-0.05,0.05,-0.015999999999999997
2021-05-31,CHZ,,0.0,0.05,0.012
2021-05-31,DASH,,0.0,0.05,0.012
2021-05-31,DOGE,,0.0,0.0,0.0
2021-05-31,DOT,,0.0,0.05,0.012
2021-05-31,ETC,,0.0,0.0,0.0
2021-05-31,ETH,,0.05,-0.05,0.015999999999999997
2021-05-31,FET,,-0.05,0.05,-0.015999999999999997
2021-05-31,FIL,,0.0,-0.05,-0.012
2021-05-31,HBAR,,0.05,-0.05,0.015999999999999997
2021-05-31,ICP,,0.0,0.0,0.0
2021-05-31,JST,,0.05,0.0,0.027999999999999997
2021-05-31,LINK,,-0.05,0.0,-0.027999999999999997
2021-05-31,LTC,,0.0,0.0,0.0
2021-05-31,NEAR,,0.0,0.0,0.0
2021-05-31,SHIB,,0.0,0.0,0.0
2021-05-31,SOL,,-0.05,0.0,-0.027999999999999997
2021-05-31,STX,,0.05,-0.05,0.015999999999999997
2021-05-31,TRX,,0.0,0.0,0.0
2021-05-31,UNI,,-0.05,0.0,-0.027999999999999997
2021-05-31,VET,,-0.05,0.0,-0.027999999999999997
2021-05-31,XLM,,0.05,0.0,0.027999999999999997
2021-05-31,XRP,,0.05,0.0,0.027999999999999997
2021-05-31,ZEC,,-0.05,0.05,-0.015999999999999997
2021-06-07,AAVE,,0.0,-0.05,-0.012
2021-06-07,ADA,,0.0,-0.05,-0.012
2021-06-07,ALGO,,0.0,-0.05,-0.012
2021-06-07,ATOM,,0.0,0.0,0.0
2021-06-07,AVAX,,0.05,0.05,0.04
2021-06-07,BCH,,0.0,0.0,0.0
2021-06-07,BNB,,-0.05,0.05,-0.015999999999999997
2021-06-07,BTC,,0.05,-0.05,0.015999999999999997
2021-06-07,CAKE,,-0.05,0.05,-0.015999999999999997
2021-06-07,CHZ,,0.0,0.05,0.012
2021-06-07,DASH,,0.0,0.05,0.012
2021-06-07,DOGE,,0.0,0.0,0.0
2021-06-07,DOT,,0.0,0.05,0.012
2021-06-07,ETC,,0.0,0.0,0.0
2021-06-07,ETH,,0.0,-0.05,-0.012
2021-06-07,FET,,-0.05,0.05,-0.015999999999999997
2021-06-07,FIL,,0.0,-0.05,-0.012
2021-06-07,HBAR,,0.05,-0.05,0.015999999999999997
2021-06-07,ICP,,0.05,0.0,0.027999999999999997
2021-06-07,JST,,0.05,0.0,0.027999999999999997
2021-06-07,LINK,,-0.05,0.0,-0.027999999999999997
2021-06-07,LTC,,0.0,0.0,0.0
2021-06-07,NEAR,,0.0,0.0,0.0
2021-06-07,SHIB,,0.05,0.0,0.027999999999999997
2021-06-07,SOL,,-0.05,0.0,-0.027999999999999997
2021-06-07,STX,,0.05,-0.05,0.015999999999999997
2021-06-07,TRX,,0.0,0.0,0.0
2021-06-07,UNI,,-0.05,0.0,-0.027999999999999997
2021-06-07,VET,,-0.05,0.0,-0.027999999999999997
2021-06-07,XLM,,0.05,0.0,0.027999999999999997
2021-06-07,XRP,,0.0,0.0,0.0
2021-06-07,ZEC,,-0.05,0.05,-0.015999999999999997
2021-06-14,AAVE,,0.05,-0.05,0.015999999999999997
2021-06-14,ADA,,0.0,-0.05,-0.012
2021-06-14,ALGO,,0.0,-0.05,-0.012
2021-06-14,ATOM,,0.0,0.0,0.0
2021-06-14,AVAX,,0.05,0.05,0.04
2021-06-14,BCH,,0.0,0.0,0.0
2021-06-14,BNB,,0.0,0.05,0.012
2021-06-14,BTC,,0.05,-0.05,0.015999999999999997
2021-06-14,CAKE,,0.0,0.05,0.012
2021-06-14,CHZ,,-0.05,0.05,-0.015999999999999997
2021-06-14,DASH,,0.0,0.05,0.012
2021-06-14,DOGE,,0.0,0.0,0.0
2021-06-14,DOT,,0.0,0.05,0.012
2021-06-14,ETC,,-0.05,0.0,-0.027999999999999997
2021-06-14,ETH,,0.0,-0.05,-0.012
2021-06-14,FET,,-0.05,0.05,-0.015999999999999997
2021-06-14,FIL,,-0.05,-0.05,-0.04
2021-06-14,HBAR,,0.05,-0.05,0.015999999999999997
2021-06-14,ICP,,0.05,0.0,0.027999999999999997
2021-06-14,JST,,0.05,0.0,0.027999999999999997
2021-06-14,LINK,,-0.05,0.0,-0.027999999999999997
2021-06-14,LTC,,0.0,0.0,0.0
2021-06-14,NEAR,,0.0,0.0,0.0
2021-06-14,SHIB,,0.0,0.0,0.0
2021-06-14,SOL,,-0.05,0.0,-0.027999999999999997
2021-06-14,STX,,0.05,-0.05,0.015999999999999997
2021-06-14,TRX,,0.0,0.0,0.0
2021-06-14,UNI,,-0.05,0.0,-0.027999999999999997
2021-06-14,VET,,0.0,0.0,0.0
2021-06-14,XLM,,0.05,0.0,0.027999999999999997
2021-06-14,XRP,,0.0,0.0,0.0
2021-06-14,ZEC,,-0.05,0.05,-0.015999999999999997
2021-06-21,AAVE,,0.0,-0.05,-0.009301204819277108
2021-06-21,ADA,,0.0,-0.05,-0.012
2021-06-21,ALGO,,-0.05,-0.05,-0.03730120481927711
2021-06-21,ATOM,,-0.05,0.0,-0.025301204819277105
2021-06-21,AVAX,,0.0,0.05,0.014698795180722892
2021-06-21,BCH,,0.05,0.0,0.025301204819277105
2021-06-21,BNB,,-0.05,0.0,-0.02414457831325301
2021-06-21,BTC,,0.0,-0.05,-0.009301204819277108
2021-06-21,CAKE,,0.0,0.05,0.012
2021-06-21,CHZ,,0.0,0.05,0.009301204819277108
2021-06-21,DASH,,0.05,0.05,0.03730120481927711
2021-06-21,DOGE,,-0.05,0.0,-0.025301204819277105
2021-06-21,DOT,,-0.05,0.05,-0.013301204819277105
2021-06-21,ETC,,0.05,0.0,0.022602409638554213
2021-06-21,ETH,,0.0,-0.05,-0.012
2021-06-21,FET,,0.0,0.05,0.009301204819277108
2021-06-21,FIL,,-0.05,0.0,-0.029156626506024096
2021-06-21,HBAR,,0.0,-0.05,-0.009301204819277108
2021-06-21,ICP,,0.05,0.0,0.027999999999999997
2021-06-21,JST,,0.0,0.0,0.002698795180722892
2021-06-21,LINK,,0.0,0.0,-0.002698795180722892
2021-06-21,LTC,,0.0,0.0,0.0
2021-06-21,NEAR,,0.0,0.0,0.0
2021-06-21,SHIB,,0.0,0.05,0.010843373493975903
2021-06-21,SOL,,-0.05,0.0,-0.027999999999999997
2021-06-21,STX,,0.05,-0.05,0.015999999999999997
2021-06-21,TRX,,0.0,0.0,0.0
2021-06-21,UNI,,0.05,0.0,0.022602409638554213
2021-06-21,VET,,-0.05,0.0,-0.025301204819277105
2021-06-21,XLM,,0.05,0.0,0.027999999999999997
2021-06-21,XRP,,0.0,-0.05,-0.010843373493975903
2021-06-21,ZEC,,0.05,0.05,0.03460240963855421
2021-06-28,AAVE,,-0.05,-0.05,-0.03338741606202982
2021-06-28,ADA,,0.0,-0.05,-0.012
2021-06-28,ALGO,,0.05,-0.05,0.004518810305502323
2021-06-28,ATOM,,-0.05,0.0,-0.027418673939519102
2021-06-28,AVAX,,0.0,0.05,0.012581326060480895
2021-06-28,BCH,,0.0,0.0,0.00544993181700839
2021-06-28,BNB,,0.0,0.0,-0.005200792076802293
2021-06-28,BTC,,0.05,-0.05,0.010550068182991607
2021-06-28,CAKE,,0.0,0.05,0.012
2021-06-28,CHZ,,0.0,0.05,0.011418673939519106
2021-06-28,DASH,,0.0,0.05,0.01744993181700839
2021-06-28,DOGE,,0.05,0.0,0.01651881030550232
2021-06-28,DOT,,0.0,0.05,0.006550068182991611
2021-06-28,ETC,,-0.05,0.0,-0.017100136365983218
2021-06-28,ETH,,0.0,-0.05,-0.012
2021-06-28,FET,,-0.05,0.05,-0.010550068182991607
2021-06-28,FIL,,0.05,0.0,0.01568834450481533
2021-06-28,HBAR,,0.0,-0.05,-0.011418673939519106
2021-06-28,ICP,,0.0,0.0,0.006031257877489284
2021-06-28,JST,,-0.05,0.0,-0.021387416062029818
2021-06-28,LINK,,0.05,0.0,0.021387416062029818
2021-06-28,LTC,,0.0,0.0,0.0
2021-06-28,NEAR,,-0.05,0.0,-0.021968742122510713
2021-06-28,SHIB,,0.0,0.05,0.011750860259793902
2021-06-28,SOL,,0.05,0.0,0.01593748424502143
2021-06-28,STX,,-0.05,-0.05,-0.02793748424502143
2021-06-28,TRX,,0.05,0.0,0.021968742122510713
2021-06-28,UNI,,-0.05,0.0,-0.017100136365983218
2021-06-28,VET,,0.0,0.0,-0.00544993181700839
2021-06-28,XLM,,0.05,0.0,0.027999999999999997
2021-06-28,XRP,,0.0,-0.05,-0.011750860259793902
2021-06-28,ZEC,,0.0,0.05,0.016868605756527495
2021-07-05,AAVE,,-0.15000000000000002,-0.05,-0.07871713138204856
2021-07-05,ADA,,0.0,-0.05,-0.012
2021-07-05,ALGO,,0.05,-0.05,0.012830862414744567
2021-07-05,ATOM,,0.0,0.0,-0.007568340253208863
2021-07-05,AVAX,,0.0,0.05,0.012160462662544579
2021-07-05,BCH,,0.05,0.0,0.02177553454560198
2021-07-05,BNB,,0.0,0.0,-0.0014355677488363202
2021-07-05,BTC,,0.05,-0.05,0.014495662538644573
2021-07-05,CAKE,,0.0,0.05,0.012
2021-07-05,CHZ,,-0.15000000000000002,0.05,-0.048974053915284255
2021-07-05,DASH,,0.0,0.05,0.013504337461355424
2021-07-05,DOGE,,-0.15000000000000002,0.0,-0.05625392592224166
2021-07-05,DOT,,0.0,0.05,0.010495662538644576
2021-07-05,ETC,,-0.15000000000000002,0.0,-0.06553371924578227
2021-07-05,ETH,,0.05,-0.05,0.008271197084246555
2021-07-05,FET,,-0.05,0.05,-0.014495662538644573
2021-07-05,FIL,,0.0,0.0,0.004330432955434329
2021-07-05,HBAR,,-0.15000000000000002,-0.05,-0.0726531285901951
2021-07-05,ICP,,0.0,0.0,0.001664800123900004
2021-07-05,JST,,0.0,0.0,-0.005903540129308861
2021-07-05,LINK,,0.05,0.0,0.026174737213555413
2021-07-05,LTC,,0.05,0.0,0.020271197084246555
2021-07-05,NEAR,,0.05,0.0,0.014207194292393113
2021-07-05,SHIB,,0.0,0.05,0.011931230287480894
2021-07-05,SOL,,0.05,0.0,0.02467039975219999
2021-07-05,STX,,-0.05,-0.05,-0.03667039975219999
2021-07-05,TRX,,0.0,0.0,0.006064002791853439
2021-07-05,UNI,,0.0,0.0,-0.004720127993042594
2021-07-05,VET,,0.0,0.0,-0.001504337461355425
2021-07-05,XLM,,-0.15000000000000002,0.0,-0.05308478833698624
2021-07-05,XRP,,0.0,-0.05,-0.011931230287480894
2021-07-05,ZEC,,0.0,0.05,0.013343874798810846
2021-07-12,AAVE,,-0.05,-0.05,-0.040751179426619905
2021-07-12,ADA,,0.0,-0.05,-0.012
2021-07-12,ALGO,,0.05,-0.05,0.01593851324028423
2021-07-12,ATOM,,-0.05,0.0,-0.027603590402862237
2021-07-12,AVAX,,0.0,0.05,0.012003113253656494
2021-07-12,BCH,,0.0,0.0,0.00042248309651090124
2021-07-12,BNB,,0.0,0.0,-2.785250146256687e-05
2021-07-12,BTC,,0.05,-0.05,0.01597081324697036
2021-07-12,CAKE,,0.0,0.05,0.012
2021-07-12,CHZ,,0.0,0.05,0.010816997715899702
2021-07-12,DASH,,0.0,0.05,0.012029186753029636
2021-07-12,DOGE,,0.05,0.0,0.026365327866359166
2021-07-12,DOT,,0.0,0.05,0.011970813246970365
2021-07-12,ETC,,-0.05,0.0,-0.028728219180903257
2021-07-12,ETH,,0.0,-0.05,-0.011606703656518735
2021-07-12,FET,,-0.05,0.05,-0.01597081324697036
2021-07-12,FIL,,0.05,0.0,0.0275407693915794
2021-07-12,HBAR,,0.0,-0.05,-0.013176775776787296
2021-07-12,ICP,,0.0,0.0,3.2300006686130246e-05
2021-07-12,JST,,-0.05,0.0,-0.027571290396176108
2021-07-12,LINK,,0.05,0.0,0.027964586739657373
2021-07-12,LTC,,0.05,0.0,0.027850047833207863
2021-07-12,NEAR,,-0.05,0.0,-0.02718110730635134
2021-07-12,SHIB,,0.0,0.05,0.01199866574843293
2021-07-12,SOL,,0.0,0.0,0.00047864849690113995
2021-07-12,STX,,-0.05,-0.05,-0.03993539998662774
2021-07-12,TRX,,0.05,0.0,0.0275744036498326
2021-07-12,UNI,,-0.05,0.0,-0.02754833015045946
2021-07-12,VET,,0.0,0.0,-2.918675302963588e-05
2021-07-12,XLM,,0.05,0.0,0.026426814626074935
2021-07-12,XRP,,0.0,-0.05,-0.01199866574843293
2021-07-12,ZEC,,0.0,0.05,0.012026073499373142
2021-07-19,AAVE,,-0.05,0.0,-0.027999999999999997
2021-07-19,ADA,,0.0,-0.05,-0.012
2021-07-19,ALGO,,0.0,-0.05,-0.012
2021-07-19,ATOM,,-0.05,0.0,-0.027999999999999997
2021-07-19,AVAX,,0.0,0.13571428571428573,0.03257142857142858
2021-07-19,BCH,,0.05,0.0,0.027999999999999997
2021-07-19,BNB,,0.05,0.0,0.027999999999999997
2021-07-19,BTC,,0.05,-0.05,0.015999999999999997
2021-07-19,CAKE,,0.0,0.0,0.0
2021-07-19,CHZ,,0.0,0.13571428571428573,0.03257142857142858
2021-07-19,DASH,,-0.05,0.0,-0.027999999999999997
2021-07-19,DOGE,,0.0,0.13571428571428573,0.03257142857142858
2021-07-19,DOT,,0.0,0.13571428571428573,0.03257142857142858
2021-07-19,ETC,,-0.05,0.0,-0.027999999999999997
2021-07-19,ETH,,0.0,-0.05,-0.012
2021-07-19,FET,,-0.05,0.05,-0.015999999999999997
2021-07-19,FIL,,0.05,0.0,0.027999999999999997
2021-07-19,HBAR,,0.0,-0.05,-0.012
2021-07-19,ICP,,-0.05,0.13571428571428573,0.004571428571428576
2021-07-19,JST,,0.0,0.0,0.0
2021-07-19,LINK,,0.05,0.0,0.027999999999999997
2021-07-19,LTC,,0.05,-0.05,0.015999999999999997
2021-07-19,NEAR,,0.0,0.13571428571428573,0.03257142857142858
2021-07-19,SHIB,,0.0,0.13571428571428573,0.03257142857142858
2021-07-19,SOL,,0.05,0.0,0.027999999999999997
2021-07-19,STX,,-0.05,0.0,-0.027999999999999997
2021-07-19,TRX,,0.05,-0.05,0.015999999999999997
2021-07-19,UNI,,-0.05,0.0,-0.027999999999999997
2021-07-19,VET,,0.0,0.0,0.0
2021-07-19,XLM,,0.0,-0.05,-0.012
2021-07-19,XRP,,0.0,0.0,0.0
2021-07-19,ZEC,,0.0,0.0,0.0
2021-07-26,AAVE,,0.05,0.0,0.010709677419354843
2021-07-26,ADA,,0.05,-0.05,0.00735483870967742
2021-07-26,ALGO,,0.0,-0.05,-0.012
2021-07-26,ATOM,,0.05,0.0,0.010709677419354843
2021-07-26,AVAX,,0.0,0.13571428571428573,0.03257142857142858
2021-07-26,BCH,,0.05,0.0,0.027999999999999997
2021-07-26,BNB,,0.0,0.0,0.008645161290322577
2021-07-26,BTC,,0.05,-0.05,0.015999999999999997
2021-07-26,CAKE,,0.0,0.0,0.0
2021-07-26,CHZ,,-0.11874999999999998,0.13571428571428573,-0.013396313364055293
2021-07-26,DASH,,0.0,0.0,-0.008645161290322577
2021-07-26,DEXE,,0.0,0.0,0.0
2021-07-26,DOGE,,-0.11874999999999998,0.13571428571428573,-0.013396313364055293
2021-07-26,DOT,,-0.11874999999999998,0.13571428571428573,-0.013396313364055293
2021-07-26,ETC,,-0.11874999999999998,0.0,-0.05461290322580645
2021-07-26,ETH,,0.05,-0.05,0.00735483870967742
2021-07-26,FET,,-0.11874999999999998,0.05,-0.04261290322580645
2021-07-26,FIL,,0.0,0.0,0.008645161290322577
2021-07-26,HBAR,,-0.11874999999999998,-0.05,-0.057967741935483874
2021-07-26,ICP,,-0.11874999999999998,0.13571428571428573,-0.02204147465437787
2021-07-26,JST,,0.0,0.0,0.0
2021-07-26,LINK,,-0.11874999999999998,0.0,-0.037322580645161293
2021-07-26,LTC,,0.05,-0.05,0.015999999999999997
2021-07-26,NEAR,,0.05,0.13571428571428573,0.051926267281106
2021-07-26,SHIB,,0.05,0.13571428571428573,0.051926267281106
2021-07-26,SOL,,0.0,0.0,0.008645161290322577
2021-07-26,STX,,-0.05,0.0,-0.027999999999999997
2021-07-26,TRX,,0.0,-0.05,-0.0033548387096774233
2021-07-26,UNI,,0.0,0.0,-0.008645161290322577
2021-07-26,VET,,0.0,0.0,0.0
2021-07-26,XLM,,0.0,-0.05,-0.012
2021-07-26,XRP,,0.0,0.0,0.0
2021-07-26,ZEC,,0.0,0.0,0.0
2021-08-02,AAVE,,0.05,0.0,0.027999999999999997
2021-08-02,ADA,,0.05,-0.05,0.015999999999999997
2021-08-02,ALGO,,0.05,-0.05,0.015999999999999997
2021-08-02,ATOM,,0.05,0.0,0.027999999999999997
2021-08-02,AVAX,,0.0,0.13571428571428573,0.03257142857142858
2021-08-02,BCH,,0.05,0.0,0.027999999999999997
2021-08-02,BNB,,0.0,0.0,0.0
2021-08-02,BTC,,0.05,-0.05,0.015999999999999997
2021-08-02,CAKE,,0.0,0.0,0.0
2021-08-02,CHZ,,-0.05,0.13571428571428573,0.004571428571428576
2021-08-02,DASH,,0.0,0.0,0.0
2021-08-02,DEXE,,0.0,0.0,0.0
2021-08-02,DOGE,,-0.05,0.13571428571428573,0.004571428571428576
2021-08-02,DOT,,-0.05,0.13571428571428573,0.004571428571428576
2021-08-02,ETC,,-0.05,0.0,-0.027999999999999997
2021-08-02,ETH,,0.05,-0.05,0.015999999999999997
2021-08-02,FET,,-0.05,0.05,-0.015999999999999997
2021-08-02,FIL,,0.0,0.0,0.0
2021-08-02,HBAR,,-0.05,-0.05,-0.04
2021-08-02,ICP,,-0.05,0.13571428571428573,0.004571428571428576
2021-08-02,JST,,-0.05,0.0,-0.027999999999999997
2021-08-02,LINK,,-0.05,0.0,-0.027999999999999997
2021-08-02,LTC,,0.05,-0.05,0.015999999999999997
2021-08-02,NEAR,,0.05,0.13571428571428573,0.06057142857142857
2021-08-02,QNT,,0.0,0.0,0.0
2021-08-02,SHIB,,0.0,0.13571428571428573,0.03257142857142858
2021-08-02,SOL,,0.0,0.0,0.0
2021-08-02,STX,,0.0,0.0,0.0
2021-08-02,TRX,,0.0,-0.05,-0.012
2021-08-02,UNI,,0.0,0.0,0.0
2021-08-02,VET,,0.0,0.0,0.0
2021-08-02,XLM,,0.0,-0.05,-0.012
2021-08-02,XRP,,0.0,0.0,0.0
2021-08-02,ZEC,,0.0,0.0,0.0
2021-08-09,AAVE,,0.05,0.0,0.027999999999999997
2021-08-09,ADA,,-0.05,-0.05,-0.04
2021-08-09,ALGO,,0.0,-0.05,-0.012
2021-08-09,ATOM,,0.05,0.0,0.027999999999999997
2021-08-09,AVAX,,0.0,0.13571428571428573,0.03257142857142858
2021-08-09,BCH,,0.0,0.0,0.0
2021-08-09,BNB,,0.0,0.0,0.0
2021-08-09,BTC,,0.05,-0.05,0.015999999999999997
2021-08-09,CAKE,,0.05,0.0,0.027999999999999997
2021-08-09,CHZ,,-0.05,0.13571428571428573,0.004571428571428576
2021-08-09,DASH,,0.0,0.0,0.0
2021-08-09,DEXE,,0.0,0.0,0.0
2021-08-09,DOGE,,-0.05,0.13571428571428573,0.004571428571428576
2021-08-09,DOT,,0.0,0.13571428571428573,0.03257142857142858
2021-08-09,ETC,,0.0,0.0,0.0
2021-08-09,ETH,,0.05,-0.05,0.015999999999999997
2021-08-09,FET,,-0.05,0.05,-0.015999999999999997
2021-08-09,FIL,,0.05,0.0,0.027999999999999997
2021-08-09,HBAR,,0.0,-0.05,-0.012
2021-08-09,ICP,,-0.05,0.13571428571428573,0.004571428571428576
2021-08-09,JST,,0.0,0.0,0.0
2021-08-09,LINK,,0.0,0.0,0.0
2021-08-09,LTC,,0.05,-0.05,0.015999999999999997
2021-08-09,NEAR,,0.0,0.13571428571428573,0.03257142857142858
2021-08-09,QNT,,0.0,0.0,0.0
2021-08-09,SHIB,,0.0,0.13571428571428573,0.03257142857142858
2021-08-09,SOL,,-0.05,0.0,-0.027999999999999997
2021-08-09,STX,,0.05,0.0,0.027999999999999997
2021-08-09,TRX,,0.0,-0.05,-0.012
2021-08-09,UNI,,0.05,0.0,0.027999999999999997
2021-08-09,VET,,-0.05,0.0,-0.027999999999999997
2021-08-09,XLM,,-0.05,-0.05,-0.04
2021-08-09,XRP,,-0.05,0.0,-0.027999999999999997
2021-08-09,ZEC,,0.0,0.0,0.0
2021-08-16,AAVE,,0.05,0.0,0.027999999999999997
2021-08-16,ADA,,-0.11874999999999998,-0.11874999999999998,-0.07470552884615383
2021-08-16,ALGO,,0.0,-0.11874999999999998,-0.022411658653846152
2021-08-16,ATOM,,0.0,0.05,0.017903846153846152
2021-08-16,AVAX,,-0.05,0.0,-0.0056497252747252785
2021-08-16,BCH,,0.0,0.0,0.0
2021-08-16,BNB,,0.0,-0.11874999999999998,-0.01798377403846154
2021-08-16,BTC,,0.05,-0.11874999999999998,0.005588341346153847
2021-08-16,CAKE,,0.05,0.0,0.027999999999999997
2021-08-16,CHZ,,-0.11874999999999998,0.05,-0.03270321085164835
2021-08-16,DASH,,0.0,0.0,0.0
2021-08-16,DEXE,,0.0,0.0,0.0
2021-08-16,DOGE,,-0.11874999999999998,0.05,-0.03270321085164835
2021-08-16,DOT,,0.0,0.0,0.012018543956043952
2021-08-16,ETC,,-0.11874999999999998,0.05,-0.03439002403846154
2021-08-16,ETH,,0.05,-0.11874999999999998,0.005588341346153847
2021-08-16,FET,,0.0,0.05,0.001668269230769237
2021-08-16,FIL,,0.0,0.0,0.010331730769230763
2021-08-16,HBAR,,-0.11874999999999998,0.0,-0.04639002403846154
2021-08-16,ICP,,0.0,0.05,0.009258928571428574
2021-08-16,JST,,0.0,0.05,0.007572115384615386
2021-08-16,LINK,,0.05,0.0,0.017668269230769234
2021-08-16,LTC,,0.05,-0.11874999999999998,0.005588341346153847
2021-08-16,NEAR,,-0.11874999999999998,0.0,-0.029943595467032964
2021-08-16,QNT,,0.0,0.0,0.0
2021-08-16,SHIB,,0.0,0.0,0.012018543956043952
2021-08-16,SOL,,0.0,0.0,-0.010331730769230763
2021-08-16,STX,,0.05,0.05,0.03557211538461538
2021-08-16,TRX,,0.0,-0.11874999999999998,-0.022411658653846152
2021-08-16,UNI,,0.05,0.05,0.03557211538461538
2021-08-16,VET,,0.0,0.0,-0.010331730769230763
2021-08-16,XLM,,-0.11874999999999998,-0.11874999999999998,-0.07470552884615383
2021-08-16,XRP,,-0.11874999999999998,-0.05,-0.059865985576923075
2021-08-16,ZEC,,0.05,0.0,0.017668269230769234
2021-08-23,AAVE,,0.05,0.0,0.027999999999999997
2021-08-23,ADA,,-0.11874999999999998,-0.11874999999999998,-0.09499999999999997
2021-08-23,ALGO,,0.0,-0.11874999999999998,-0.028499999999999994
2021-08-23,ATOM,,0.0,0.05,0.012
2021-08-23,AVAX,,-0.05,0.0,-0.027999999999999997
2021-08-23,BCH,,0.0,0.0,0.0
2021-08-23,BNB,,0.0,-0.11874999999999998,-0.028499999999999994
2021-08-23,BTC,,0.05,-0.11874999999999998,-0.0004999999999999949
2021-08-23,CAKE,,0.05,0.0,0.027999999999999997
2021-08-23,CHZ,,-0.11874999999999998,0.05,-0.054499999999999986
2021-08-23,DASH,,0.0,0.0,0.0
2021-08-23,DEXE,,0.0,0.0,0.0
2021-08-23,DOGE,,-0.11874999999999998,0.05,-0.054499999999999986
2021-08-23,DOT,,0.0,0.0,0.0
2021-08-23,ETC,,-0.11874999999999998,0.05,-0.054499999999999986
2021-08-23,ETH,,0.05,-0.11874999999999998,-0.0004999999999999949
2021-08-23,FET,,0.0,0.05,0.012
2021-08-23,FIL,,0.0,0.0,0.0
2021-08-23,HBAR,,-0.11874999999999998,0.0,-0.06649999999999999
2021-08-23,ICP,,0.0,0.05,0.012
2021-08-23,JST,,0.0,0.05,0.012
2021-08-23,LINK,,0.05,0.0,0.027999999999999997
2021-08-23,LTC,,0.05,-0.11874999999999998,-0.0004999999999999949
2021-08-23,NEAR,,-0.11874999999999998,0.0,-0.06649999999999999
2021-08-23,QNT,,0.05,0.0,0.027999999999999997
2021-08-23,SHIB,,0.0,0.0,0.0
2021-08-23,SOL,,0.0,0.0,0.0
2021-08-23,STX,,0.05,0.05,0.04
2021-08-23,TRX,,0.0,-0.11874999999999998,-0.028499999999999994
2021-08-23,UNI,,0.05,0.05,0.04
2021-08-23,VET,,0.0,0.0,0.0
2021-08-23,XLM,,-0.11874999999999998,-0.11874999999999998,-0.09499999999999997
2021-08-23,XRP,,-0.11874999999999998,-0.05,-0.07849999999999999
2021-08-23,ZEC,,0.0,0.0,0.0
2021-08-30,AAVE,,0.05,0.0,0.027999999999999997
2021-08-30,ADA,,-0.11874999999999998,-0.11874999999999998,-0.09499999999999997
2021-08-30,ALGO,,0.0,-0.11874999999999998,-0.028499999999999994
2021-08-30,ATOM,,0.0,0.05,0.012
2021-08-30,AVAX,,-0.05,0.0,-0.027999999999999997
2021-08-30,BCH,,0.0,0.0,0.0
2021-08-30,BNB,,0.05,-0.11874999999999998,-0.0004999999999999949
2021-08-30,BTC,,0.05,-0.11874999999999998,-0.0004999999999999949
2021-08-30,CAKE,,0.05,0.0,0.027999999999999997
2021-08-30,CHZ,,-0.11874999999999998,0.05,-0.054499999999999986
2021-08-30,DASH,,0.0,0.0,0.0
2021-08-30,DEXE,,0.0,0.0,0.0
2021-08-30,DOGE,,-0.11874999999999998,0.05,-0.054499999999999986
2021-08-30,DOT,,0.0,0.0,0.0
2021-08-30,ETC,,0.0,0.05,0.012
2021-08-30,ETH,,0.05,-0.11874999999999998,-0.0004999999999999949
2021-08-30,FET,,0.0,0.05,0.012
2021-08-30,FIL,,-0.11874999999999998,0.0,-0.06649999999999999
2021-08-30,HBAR,,0.0,0.0,0.0
2021-08-30,ICP,,0.05,0.05,0.04
2021-08-30,JST,,0.0,0.05,0.012
2021-08-30,LINK,,0.0,0.0,0.0
2021-08-30,LTC,,0.0,-0.11874999999999998,-0.028499999999999994
2021-08-30,NEAR,,-0.11874999999999998,0.0,-0.06649999999999999
2021-08-30,QNT,,-0.11874999999999998,0.0,-0.06649999999999999
2021-08-30,SHIB,,0.05,0.0,0.027999999999999997
2021-08-30,SOL,,0.0,0.0,0.0
2021-08-30,STX,,0.05,0.05,0.04
2021-08-30,TRX,,0.0,-0.11874999999999998,-0.028499999999999994
2021-08-30,UNI,,0.05,0.05,0.04
2021-08-30,VET,,0.0,0.0,0.0
2021-08-30,XLM,,-0.11874999999999998,-0.11874999999999998,-0.09499999999999997
2021-08-30,XRP,,-0.11874999999999998,-0.05,-0.07849999999999999
2021-08-30,ZEC,,0.0,0.0,0.0
2021-09-06,AAVE,,0.0,0.0,0.010222222222222223
2021-09-06,ADA,,0.0,-0.11874999999999998,-0.05277777777777777
2021-09-06,ALGO,,-0.05,-0.11874999999999998,-0.04627777777777777
2021-09-06,ATOM,,0.05,0.05,0.029777777777777778
2021-09-06,AVAX,,-0.05,0.0,-0.027999999999999997
2021-09-06,BCH,,0.05,0.0,0.017777777777777774
2021-09-06,BNB,,-0.1285714285714286,-0.11874999999999998,-0.06399206349206349
2021-09-06,BTC,,0.05,-0.11874999999999998,-0.0004999999999999949
2021-09-06,CAKE,,0.05,0.0,0.027999999999999997
2021-09-06,CHZ,,-0.1285714285714286,0.05,-0.0579920634920635
2021-09-06,DASH,,0.0,0.0,0.0
2021-09-06,DEXE,,0.0,0.0,0.0
2021-09-06,DOGE,,-0.1285714285714286,0.05,-0.0579920634920635
2021-09-06,DOT,,0.0,0.0,0.0
2021-09-06,ETC,,-0.1285714285714286,0.05,-0.03371428571428571
2021-09-06,ETH,,0.05,-0.11874999999999998,-0.0004999999999999949
2021-09-06,FET,,0.0,0.05,0.012
2021-09-06,FIL,,0.0,0.0,-0.024277777777777773
2021-09-06,HBAR,,-0.1285714285714286,0.0,-0.045714285714285714
2021-09-06,ICP,,0.0,0.05,0.022222222222222223
2021-09-06,JST,,0.0,0.05,0.012
2021-09-06,LINK,,0.05,0.0,0.017777777777777774
2021-09-06,LTC,,0.05,-0.11874999999999998,-0.010722222222222216
2021-09-06,NEAR,,0.0,0.0,-0.024277777777777773
2021-09-06,QNT,,0.0,0.0,-0.024277777777777773
2021-09-06,SHIB,,0.0,0.0,0.010222222222222223
2021-09-06,SOL,,0.0,0.0,0.0
2021-09-06,STX,,0.0,0.05,0.022222222222222223
2021-09-06,TRX,,-0.1285714285714286,-0.11874999999999998,-0.0742142857142857
2021-09-06,UNI,,0.05,0.05,0.04
2021-09-06,VET,,0.0,0.0,0.0
2021-09-06,XLM,,-0.1285714285714286,-0.11874999999999998,-0.09849206349206348
2021-09-06,XRP,,0.0,-0.05,-0.03627777777777777
2021-09-06,ZEC,,0.05,0.0,0.017777777777777774
2021-09-13,AAVE,,0.05,-0.05,0.014561582444753514
2021-09-13,ADA,,0.05,-0.05,-0.0011227012826456467
2021-09-13,ALGO,,-0.05,0.0,-0.03255037861227012
2021-09-13,ATOM,,0.0,-0.05,-0.0015991346005254231
2021-09-13,AVAX,,0.0,-0.05,-0.015983310152990263
2021-09-13,BCH,,0.05,0.0,0.02545510740225622
2021-09-13,BNB,,0.0,0.0,-0.015931264763670877
2021-09-13,BTC,,0.05,-0.05,0.011892211404728788
2021-09-13,CAKE,,0.05,0.0,0.027999999999999997
2021-09-13,CHZ,,-0.05,0.0,-0.03546673068856657
2021-09-13,DASH,,0.0,0.05,0.009012517385257303
2021-09-13,DEXE,,0.0,0.05,0.009012517385257303
2021-09-13,DOGE,,-0.05,0.05,-0.02645421330330927
2021-09-13,DOT,,-0.05,0.0,-0.021029207232267037
2021-09-13,ETC,,0.0,0.05,0.000619113848599244
2021-09-13,ETH,,0.05,-0.05,0.011892211404728788
2021-09-13,FET,,0.0,0.0,0.0029874826147426974
2021-09-13,FIL,,-0.05,0.05,-0.01806080976665121
2021-09-13,HBAR,,-0.05,-0.05,-0.041422610768925096
2021-09-13,ICP,,0.0,0.05,0.01454489259774378
2021-09-13,JST,,0.0,0.0,0.0029874826147426974
2021-09-13,LINK,,0.0,0.0,0.004425900169989181
2021-09-13,LTC,,0.0,0.0,-0.0026693710400247234
2021-09-13,NEAR,,-0.05,-0.05,-0.03608584453716582
2021-09-13,QNT,,-0.05,0.0,-0.02707332715190851
2021-09-13,SHIB,,0.0,0.0,0.00254489259774378
2021-09-13,SOL,,-0.05,0.0,-0.021029207232267037
2021-09-13,STX,,0.05,0.0,0.026561582444753512
2021-09-13,TRX,,0.0,-0.05,-0.027488674746671958
2021-09-13,UNI,,0.05,0.05,0.04
2021-09-13,VET,,0.0,0.05,0.009012517385257303
2021-09-13,XLM,,0.0,0.0,-0.02452027728105613
2021-09-13,XRP,,0.0,0.0,-0.009031602534384172
2021-09-13,ZEC,,0.05,0.05,0.03446762478751352
2021-09-20,AAVE,,0.0,-0.05,-0.012
2021-09-20,ADA,,0.05,-0.05,0.015999999999999997
2021-09-20,ALGO,,-0.05,0.0,-0.027999999999999997
2021-09-20,ATOM,,0.0,-0.05,-0.012
2021-09-20,AVAX,,0.0,-0.05,-0.012
2021-09-20,BCH,,0.05,0.0,0.027999999999999997
2021-09-20,BNB,,0.05,0.0,0.027999999999999997
2021-09-20,BTC,,0.05,-0.05,0.015999999999999997
2021-09-20,CAKE,,0.05,0.0,0.027999999999999997
2021-09-20,CHZ,,-0.05,0.0,-0.027999999999999997
2021-09-20,DASH,,0.0,0.05,0.012
2021-09-20,DEXE,,0.05,0.05,0.04
2021-09-20,DOGE,,0.0,0.05,0.012
2021-09-20,DOT,,-0.05,0.0,-0.027999999999999997
2021-09-20,ETC,,0.0,0.05,0.012
2021-09-20,ETH,,0.05,-0.05,0.015999999999999997
2021-09-20,FET,,0.0,0.0,0.0
2021-09-20,FIL,,-0.05,0.05,-0.015999999999999997
2021-09-20,HBAR,,-0.05,-0.05,-0.04
2021-09-20,ICP,,0.0,0.05,0.012
2021-09-20,JST,,0.0,0.0,0.0
2021-09-20,LINK,,0.0,0.0,0.0
2021-09-20,LTC,,-0.05,0.0,-0.027999999999999997
2021-09-20,NEAR,,-0.05,-0.05,-0.04
2021-09-20,QNT,,-0.05,0.0,-0.027999999999999997
2021-09-20,SHIB,,0.0,0.0,0.0
2021-09-20,SOL,,-0.05,0.0,-0.027999999999999997
2021-09-20,STX,,0.05,0.0,0.027999999999999997
2021-09-20,TRX,,0.0,-0.05,-0.012
2021-09-20,UNI,,0.05,0.05,0.04
2021-09-20,VET,,0.0,0.05,0.012
2021-09-20,XLM,,0.0,0.0,0.0
2021-09-20,XRP,,0.0,0.0,0.0
2021-09-20,ZEC,,0.0,0.05,0.012
2021-09-27,AAVE,,0.05,-0.05,0.012000000000000004
2021-09-27,ADA,,0.05,-0.05,0.015999999999999997
2021-09-27,ALGO,,-0.05,0.0,-0.027999999999999997
2021-09-27,ATOM,,-0.11874999999999998,-0.05,-0.069
2021-09-27,AVAX,,0.0,-0.05,-0.012
2021-09-27,BCH,,0.0,0.0,0.003999999999999993
2021-09-27,BNB,,-0.11874999999999998,0.0,-0.053000000000000005
2021-09-27,BTC,,0.05,-0.05,0.015999999999999997
2021-09-27,CAKE,,0.0,0.0,0.003999999999999993
2021-09-27,CHZ,,-0.11874999999999998,0.0,-0.061
2021-09-27,DASH,,0.0,0.05,0.012
2021-09-27,DEXE,,0.05,0.05,0.04
2021-09-27,DOGE,,-0.11874999999999998,0.05,-0.045
2021-09-27,DOT,,0.0,0.0,-0.003999999999999993
2021-09-27,ETC,,-0.11874999999999998,0.05,-0.045
2021-09-27,ETH,,0.05,-0.05,0.015999999999999997
2021-09-27,FET,,0.0,0.0,0.0
2021-09-27,FIL,,-0.11874999999999998,0.05,-0.049
2021-09-27,HBAR,,-0.11874999999999998,-0.05,-0.073
2021-09-27,ICP,,0.0,0.05,0.012
2021-09-27,JST,,0.0,0.0,0.0
2021-09-27,LINK,,0.05,0.0,0.024000000000000004
2021-09-27,LTC,,0.05,0.0,0.02000000000000001
2021-09-27,NEAR,,-0.11874999999999998,-0.05,-0.073
2021-09-27,QNT,,0.0,0.0,-0.003999999999999993
2021-09-27,SHIB,,0.0,0.0,0.0
2021-09-27,SOL,,0.0,0.0,-0.003999999999999993
2021-09-27,STX,,0.05,0.0,0.027999999999999997
2021-09-27,TRX,,0.0,-0.05,-0.012
2021-09-27,UNI,,0.05,0.05,0.04
2021-09-27,VET,,0.0,0.05,0.012
2021-09-27,XLM,,0.0,0.0,0.0
2021-09-27,XRP,,0.0,0.0,0.0
2021-09-27,ZEC,,0.0,0.05,0.012
2021-10-04,AAVE,,0.0,-0.05,-0.012
2021-10-04,ADA,,0.0,-0.05,-0.012
2021-10-04,ALGO,,0.0,0.0,0.0
2021-10-04,ATOM,,0.0,-0.05,-0.012
2021-10-04,AVAX,,-0.11874999999999998,-0.05,-0.07849999999999999
2021-10-04,BCH,,0.0,0.0,0.0
2021-10-04,BNB,,-0.11874999999999998,0.0,-0.06649999999999999
2021-10-04,BTC,,0.05,-0.05,0.015999999999999997
2021-10-04,CAKE,,0.05,0.0,0.027999999999999997
2021-10-04,CHZ,,-0.11874999999999998,0.0,-0.06649999999999999
2021-10-04,DASH,,0.0,0.05,0.012
2021-10-04,DEXE,,0.05,0.05,0.04
2021-10-04,DOGE,,-0.11874999999999998,0.05,-0.054499999999999986
2021-10-04,DOT,,0.0,0.0,0.0
2021-10-04,ETC,,-0.11874999999999998,0.05,-0.054499999999999986
2021-10-04,ETH,,0.05,-0.05,0.015999999999999997
2021-10-04,FET,,0.05,0.0,0.027999999999999997
2021-10-04,FIL,,-0.11874999999999998,0.05,-0.054499999999999986
2021-10-04,HBAR,,-0.11874999999999998,-0.05,-0.07849999999999999
2021-10-04,ICP,,0.0,0.05,0.012
2021-10-04,JST,,0.0,0.0,0.0
2021-10-04,LINK,,0.05,0.0,0.027999999999999997
2021-10-04,LTC,,0.05,0.0,0.027999999999999997
2021-10-04,NEAR,,0.0,-0.05,-0.012
2021-10-04,QNT,,0.0,0.0,0.0
2021-10-04,SHIB,,-0.05,0.0,-0.027999999999999997
2021-10-04,SOL,,0.0,0.0,0.0
2021-10-04,STX,,-0.11874999999999998,0.0,-0.06649999999999999
2021-10-04,TRX,,0.0,-0.05,-0.012
2021-10-04,UNI,,0.05,0.05,0.04
2021-10-04,VET,,0.0,0.05,0.012
2021-10-04,XLM,,0.0,0.0,0.0
2021-10-04,XRP,,0.0,0.0,0.0
2021-10-04,ZEC,,0.05,0.05,0.04
2021-10-11,AAVE,,0.0,-0.11874999999999998,-0.028499999999999994
2021-10-11,ADA,,0.0,-0.11874999999999998,-0.028499999999999994
2021-10-11,ALGO,,0.0,-0.11874999999999998,-0.028499999999999994
2021-10-11,ATOM,,0.05,0.0,0.027999999999999997
2021-10-11,AVAX,,0.0,0.05,0.012
2021-10-11,BCH,,0.05,0.0,0.027999999999999997
2021-10-11,BNB,,-0.11874999999999998,0.0,-0.06649999999999999
2021-10-11,BTC,,0.05,-0.11874999999999998,-0.0004999999999999949
2021-10-11,CAKE,,0.05,0.0,0.027999999999999997
2021-10-11,CHZ,,-0.11874999999999998,0.0,-0.06649999999999999
2021-10-11,DASH,,0.0,0.05,0.012
2021-10-11,DEXE,,0.0,-0.11874999999999998,-0.028499999999999994
2021-10-11,DOGE,,-0.11874999999999998,0.0,-0.06649999999999999
2021-10-11,DOT,,0.0,0.0,0.0
2021-10-11,ETC,,-0.11874999999999998,0.05,-0.054499999999999986
2021-10-11,ETH,,0.05,-0.11874999999999998,-0.0004999999999999949
2021-10-11,FET,,0.05,0.0,0.027999999999999997
2021-10-11,FIL,,-0.11874999999999998,0.05,-0.054499999999999986
2021-10-11,HBAR,,-0.11874999999999998,-0.11874999999999998,-0.09499999999999997
2021-10-11,ICP,,0.0,0.05,0.012
2021-10-11,JST,,0.0,0.05,0.012
2021-10-11,LINK,,0.05,0.0,0.027999999999999997
2021-10-11,LTC,,0.05,0.0,0.027999999999999997
2021-10-11,NEAR,,0.0,0.05,0.012
2021-10-11,QNT,,0.0,0.0,0.0
2021-10-11,SHIB,,-0.05,0.0,-0.027999999999999997
2021-10-11,SOL,,0.0,0.0,0.0
2021-10-11,STX,,-0.11874999999999998,-0.05,-0.07849999999999999
2021-10-11,TRX,,0.0,-0.11874999999999998,-0.028499999999999994
2021-10-11,UNI,,0.05,0.0,0.027999999999999997
2021-10-11,VET,,0.0,0.05,0.012
2021-10-11,XLM,,-0.11874999999999998,0.0,-0.06649999999999999
2021-10-11,XRP,,0.0,0.0,0.0
2021-10-11,ZEC,,0.0,0.05,0.012
2021-10-18,AAVE,,0.0,-0.11874999999999998,-0.028499999999999994
2021-10-18,ADA,,0.0,-0.11874999999999998,-0.028499999999999994
2021-10-18,ALGO,,0.0,-0.11874999999999998,-0.028499999999999994
2021-10-18,ATOM,,0.05,0.0,0.027999999999999997
2021-10-18,AVAX,,-0.1285714285714286,0.05,-0.06000000000000001
2021-10-18,BCH,,0.05,0.0,0.027999999999999997
2021-10-18,BNB,,-0.1285714285714286,0.0,-0.07200000000000001
2021-10-18,BTC,,0.05,-0.11874999999999998,-0.0004999999999999949
2021-10-18,CAKE,,0.05,0.0,0.027999999999999997
2021-10-18,CHZ,,-0.1285714285714286,0.0,-0.07200000000000001
2021-10-18,DASH,,0.0,0.05,0.012
2021-10-18,DEXE,,0.0,-0.11874999999999998,-0.028499999999999994
2021-10-18,DOGE,,-0.1285714285714286,0.0,-0.07200000000000001
2021-10-18,DOT,,0.0,0.0,0.0
2021-10-18,ETC,,-0.1285714285714286,0.05,-0.06000000000000001
2021-10-18,ETH,,0.05,-0.11874999999999998,-0.0004999999999999949
2021-10-18,FET,,0.05,0.0,0.027999999999999997
2021-10-18,FIL,,0.0,0.05,0.012
2021-10-18,HBAR,,-0.1285714285714286,-0.11874999999999998,-0.10049999999999999
2021-10-18,ICP,,0.0,0.05,0.012
2021-10-18,JST,,0.0,0.05,0.012
2021-10-18,LINK,,0.05,0.0,0.027999999999999997
2021-10-18,LTC,,0.05,0.0,0.027999999999999997
2021-10-18,NEAR,,0.0,0.05,0.012
2021-10-18,QNT,,0.0,0.0,0.0
2021-10-18,SHIB,,-0.05,0.0,-0.027999999999999997
2021-10-18,SOL,,0.0,0.0,0.0
2021-10-18,STX,,-0.05,-0.05,-0.04
2021-10-18,TRX,,0.0,-0.11874999999999998,-0.028499999999999994
2021-10-18,UNI,,0.05,0.0,0.027999999999999997
2021-10-18,VET,,0.0,0.05,0.012
2021-10-18,XLM,,-0.1285714285714286,0.0,-0.07200000000000001
2021-10-18,XRP,,0.0,0.0,0.0
2021-10-18,ZEC,,0.0,0.05,0.012
2021-10-25,AAVE,,0.0,-0.11874999999999998,-0.028499999999999994
2021-10-25,ADA,,0.0,-0.11874999999999998,-0.028499999999999994
2021-10-25,ALGO,,0.0,-0.11874999999999998,-0.028499999999999994
2021-10-25,ATOM,,0.11874999999999998,0.0,0.055499999999999994
2021-10-25,AVAX,,-0.05,0.05,-0.028571428571428567
2021-10-25,BCH,,0.11874999999999998,0.0,0.055499999999999994
2021-10-25,BNB,,-0.05,0.0,-0.040571428571428564
2021-10-25,BTC,,0.11874999999999998,-0.11874999999999998,0.027
2021-10-25,CAKE,,0.11874999999999998,0.0,0.055499999999999994
2021-10-25,CHZ,,-0.05,0.0,-0.040571428571428564
2021-10-25,DASH,,0.0,0.05,0.012
2021-10-25,DEXE,,0.0,-0.11874999999999998,-0.028499999999999994
2021-10-25,DOGE,,-0.05,0.0,-0.040571428571428564
2021-10-25,DOT,,0.0,0.0,0.0
2021-10-25,ETC,,-0.05,0.05,-0.028571428571428567
2021-10-25,ETH,,0.11874999999999998,-0.11874999999999998,0.027
2021-10-25,FET,,0.0,0.0,0.007999999999999997
2021-10-25,FIL,,-0.05,0.05,-0.008
2021-10-25,HBAR,,-0.05,-0.11874999999999998,-0.06907142857142856
2021-10-25,ICP,,0.0,0.05,0.012
2021-10-25,JST,,0.0,0.05,0.012
2021-10-25,LINK,,0.11874999999999998,0.0,0.055499999999999994
2021-10-25,LTC,,0.11874999999999998,0.0,0.055499999999999994
2021-10-25,NEAR,,0.11874999999999998,0.05,0.0595
2021-10-25,QNT,,0.0,0.0,0.0
2021-10-25,SHIB,,0.0,0.0,-0.007999999999999997
2021-10-25,SOL,,0.05,0.0,0.02
2021-10-25,STX,,0.0,-0.05,-0.019999999999999997
2021-10-25,TRX,,-0.05,-0.11874999999999998,-0.0485
2021-10-25,UNI,,0.0,0.0,0.007999999999999997
2021-10-25,VET,,0.0,0.05,0.012
2021-10-25,XLM,,-0.05,0.0,-0.040571428571428564
2021-10-25,XRP,,0.0,0.0,0.0
2021-10-25,ZEC,,0.0,0.05,0.012
2021-11-01,AAVE,,0.0,-0.11874999999999998,-0.028499999999999994
2021-11-01,ADA,,0.0,-0.11874999999999998,-0.028499999999999994
2021-11-01,ALGO,,0.0,-0.11874999999999998,-0.028499999999999994
2021-11-01,ATOM,,0.05,0.0,0.027999999999999997
2021-11-01,AVAX,,-0.05,0.05,-0.015999999999999997
2021-11-01,BCH,,0.05,0.0,0.027999999999999997
2021-11-01,BNB,,-0.11874999999999998,0.0,-0.06649999999999999
2021-11-01,BTC,,0.05,-0.11874999999999998,-0.0004999999999999949
2021-11-01,CAKE,,0.05,0.0,0.027999999999999997
2021-11-01,CHZ,,-0.11874999999999998,0.0,-0.06649999999999999
2021-11-01,DASH,,0.0,0.05,0.012
2021-11-01,DEXE,,0.0,-0.11874999999999998,-0.028499999999999994
2021-11-01,DOGE,,-0.11874999999999998,0.0,-0.06649999999999999
2021-11-01,DOT,,0.0,0.0,0.0
2021-11-01,ETC,,-0.11874999999999998,0.05,-0.054499999999999986
2021-11-01,ETH,,0.05,-0.11874999999999998,-0.0004999999999999949
2021-11-01,FET,,0.0,0.0,0.0
2021-11-01,FIL,,-0.11874999999999998,0.05,-0.054499999999999986
2021-11-01,HBAR,,-0.11874999999999998,-0.11874999999999998,-0.09499999999999997
2021-11-01,ICP,,0.0,0.05,0.012
2021-11-01,JST,,0.0,0.05,0.012
2021-11-01,LINK,,0.05,0.0,0.027999999999999997
2021-11-01,LTC,,0.05,0.0,0.027999999999999997
2021-11-01,NEAR,,0.05,0.05,0.04
2021-11-01,QNT,,0.0,0.0,0.0
2021-11-01,SHIB,,0.0,0.0,0.0
2021-11-01,SOL,,0.05,0.0,0.027999999999999997
2021-11-01,STX,,0.0,-0.05,-0.012
2021-11-01,TRX,,-0.11874999999999998,-0.11874999999999998,-0.09499999999999997
2021-11-01,UNI,,0.0,0.0,0.0
2021-11-01,VET,,0.0,0.05,0.012
2021-11-01,XLM,,-0.11874999999999998,0.0,-0.06649999999999999
2021-11-01,XRP,,0.0,0.0,0.0
2021-11-01,ZEC,,0.0,0.05,0.012
2021-11-08,AAVE,,0.0,-0.05,-0.01607841907151819
2021-11-08,ADA,,0.0,-0.05,-0.01607841907151819
2021-11-08,ALGO,,0.0,-0.05,-0.01607841907151819
2021-11-08,ATOM,,0.0,0.0,0.006920953575909657
2021-11-08,AVAX,,-0.11874999999999998,0.05,-0.044983688833124216
2021-11-08,BCH,,0.11874999999999998,0.0,0.05698368883312421
2021-11-08,BNB,,-0.11874999999999998,0.0,-0.06649999999999999
2021-11-08,BTC,,0.11874999999999998,-0.05,0.04090526976160602
2021-11-08,CAKE,,0.11874999999999998,0.05,0.06601756587202007
2021-11-08,CHZ,,-0.11874999999999998,0.0,-0.06649999999999999
2021-11-08,DASH,,0.0,0.0,0.002966122961104139
2021-11-08,DEXE,,0.0,-0.05,-0.01607841907151819
2021-11-08,DOGE,,-0.11874999999999998,0.0,-0.06649999999999999
2021-11-08,DOT,,0.0,0.05,0.009033877038895861
2021-11-08,ETC,,-0.11874999999999998,0.0,-0.06353387703889585
2021-11-08,ETH,,0.11874999999999998,-0.05,0.04090526976160602
2021-11-08,FET,,0.0,-0.05,-0.009033877038895861
2021-11-08,FIL,,0.0,0.05,-0.004437264742785427
2021-11-08,HBAR,,-0.11874999999999998,0.0,-0.07354454203262231
2021-11-08,ICP,,0.11874999999999998,0.05,0.06206273525721456
2021-11-08,JST,,0.0,0.05,0.012
2021-11-08,LINK,,0.11874999999999998,0.0,0.05698368883312421
2021-11-08,LTC,,0.05,0.0,0.027999999999999997
2021-11-08,NEAR,,0.11874999999999998,0.05,0.06898368883312421
2021-11-08,QNT,,0.0,0.05,0.009033877038895861
2021-11-08,SHIB,,-0.05,0.0,-0.02107904642409034
2021-11-08,SOL,,0.11874999999999998,0.05,0.06601756587202007
2021-11-08,STX,,0.0,0.0,-0.002966122961104139
2021-11-08,TRX,,-0.11874999999999998,0.0,-0.07354454203262231
2021-11-08,UNI,,0.0,0.0,0.0
2021-11-08,VET,,0.0,0.0,0.002966122961104139
2021-11-08,XLM,,-0.11874999999999998,-0.05,-0.07553387703889584
2021-11-08,XRP,,0.0,-0.05,-0.009033877038895861
2021-11-08,ZEC,,0.0,0.0,0.002966122961104139
2021-11-15,AAVE,,0.0,-0.05,-0.012
2021-11-15,ADA,,0.0,-0.05,-0.012
2021-11-15,ALGO,,0.0,-0.05,-0.012
2021-11-15,ATOM,,0.0,0.0,0.0
2021-11-15,AVAX,,-0.11874999999999998,0.05,-0.054499999999999986
2021-11-15,BCH,,0.05,0.0,0.027999999999999997
2021-11-15,BNB,,-0.11874999999999998,0.0,-0.06649999999999999
2021-11-15,BTC,,0.05,-0.05,0.015999999999999997
2021-11-15,CAKE,,0.05,0.05,0.04
2021-11-15,CHZ,,-0.11874999999999998,0.0,-0.06649999999999999
2021-11-15,DASH,,0.0,0.0,0.0
2021-11-15,DEXE,,0.0,-0.05,-0.012
2021-11-15,DOGE,,-0.11874999999999998,0.0,-0.06649999999999999
2021-11-15,DOT,,0.0,0.05,0.012
2021-11-15,ETC,,-0.11874999999999998,0.0,-0.06649999999999999
2021-11-15,ETH,,0.05,-0.05,0.015999999999999997
2021-11-15,FET,,0.0,-0.05,-0.012
2021-11-15,FIL,,0.0,0.05,0.012
2021-11-15,HBAR,,-0.11874999999999998,0.0,-0.06649999999999999
2021-11-15,ICP,,0.05,0.05,0.04
2021-11-15,JST,,0.0,0.05,0.012
2021-11-15,LINK,,0.05,0.0,0.027999999999999997
2021-11-15,LTC,,0.05,0.0,0.027999999999999997
2021-11-15,NEAR,,0.05,0.05,0.04
2021-11-15,QNT,,0.0,0.05,0.012
2021-11-15,SHIB,,-0.05,0.0,-0.027999999999999997
2021-11-15,SOL,,0.05,0.05,0.04
2021-11-15,STX,,0.0,0.0,0.0
2021-11-15,TRX,,-0.11874999999999998,0.0,-0.06649999999999999
2021-11-15,UNI,,0.0,0.0,0.0
2021-11-15,VET,,0.0,0.0,0.0
2021-11-15,XLM,,-0.11874999999999998,-0.05,-0.07849999999999999
2021-11-15,XRP,,0.0,-0.05,-0.012
2021-11-15,ZEC,,0.0,0.0,0.0
2021-11-22,AAVE,,0.05,-0.05,0.004216216216216217
2021-11-22,ADA,,0.0,-0.05,-0.012
2021-11-22,ALGO,,0.0,-0.05,-0.012
2021-11-22,ATOM,,0.05,0.0,0.016216216216216217
2021-11-22,AVAX,,-0.05,0.05,-0.03220270270270269
2021-11-22,BCH,,0.0,0.0,0.01178378378378378
2021-11-22,BNB,,-0.05,0.0,-0.0442027027027027
2021-11-22,BTC,,0.05,-0.05,0.015999999999999997
2021-11-22,CAKE,,0.0,0.05,0.023783783783783784
2021-11-22,CHZ,,-0.05,0.0,-0.0442027027027027
2021-11-22,DASH,,-0.05,0.0,-0.016216216216216217
2021-11-22,DEXE,,0.0,-0.05,-0.012
2021-11-22,DOGE,,0.05,0.0,-0.011770270270270264
2021-11-22,DOT,,-0.05,0.05,-0.004216216216216217
2021-11-22,ETC,,0.0,0.0,-0.02798648648648648
2021-11-22,ETH,,0.05,-0.05,0.015999999999999997
2021-11-22,FET,,0.0,-0.05,-0.012
2021-11-22,FIL,,0.0,0.05,0.012
2021-11-22,HBAR,,0.0,0.0,-0.02798648648648648
2021-11-22,ICP,,0.0,0.05,0.023783783783783784
2021-11-22,JST,,0.05,0.05,0.028216216216216217
2021-11-22,LINK,,0.0,0.0,0.01178378378378378
2021-11-22,LTC,,-0.05,0.0,-0.004432432432432437
2021-11-22,NEAR,,0.0,0.05,0.023783783783783784
2021-11-22,QNT,,0.0,0.05,0.012
2021-11-22,SHIB,,0.05,0.0,0.004432432432432437
2021-11-22,SOL,,-0.05,0.05,0.007567567567567567
2021-11-22,STX,,-0.05,0.0,-0.016216216216216217
2021-11-22,TRX,,0.0,0.0,-0.02798648648648648
2021-11-22,UNI,,0.05,0.0,0.016216216216216217
2021-11-22,VET,,-0.05,0.0,-0.016216216216216217
2021-11-22,XLM,,0.05,-0.05,-0.02377027027027026
2021-11-22,XRP,,0.0,-0.05,-0.012
2021-11-22,ZEC,,0.0,0.0,0.0
2021-11-29,AAVE,,0.05,-0.05,0.015999999999999997
2021-11-29,ADA,,0.0,-0.05,-0.012
2021-11-29,ALGO,,0.0,-0.05,-0.012
2021-11-29,ATOM,,0.05,0.0,0.027999999999999997
2021-11-29,AVAX,,-0.05,0.05,-0.015999999999999997
2021-11-29,BCH,,-0.05,0.0,-0.027999999999999997
2021-11-29,BNB,,0.0,0.0,0.0
2021-11-29,BTC,,0.05,-0.05,0.015999999999999997
2021-11-29,CAKE,,0.05,0.05,0.04
2021-11-29,CHZ,,-0.05,0.0,-0.027999999999999997
2021-11-29,DASH,,-0.05,0.0,-0.027999999999999997
2021-11-29,DEXE,,0.0,-0.05,-0.012
2021-11-29,DOGE,,0.0,0.0,0.0
2021-11-29,DOT,,0.05,0.05,0.04
2021-11-29,ETC,,0.0,0.0,0.0
2021-11-29,ETH,,0.05,-0.05,0.015999999999999997
2021-11-29,FET,,0.0,-0.05,-0.012
2021-11-29,FIL,,-0.05,0.05,-0.015999999999999997
2021-11-29,HBAR,,-0.05,0.0,-0.027999999999999997
2021-11-29,ICP,,0.0,0.05,0.012
2021-11-29,JST,,0.0,0.05,0.012
2021-11-29,LINK,,0.0,0.0,0.0
2021-11-29,LTC,,-0.05,0.0,-0.027999999999999997
2021-11-29,NEAR,,-0.05,0.05,-0.015999999999999997
2021-11-29,QNT,,0.0,0.05,0.012
2021-11-29,SHIB,,0.0,0.0,0.0
2021-11-29,SOL,,0.05,0.05,0.04
2021-11-29,STX,,0.0,0.0,0.0
2021-11-29,TRX,,0.0,0.0,0.0
2021-11-29,UNI,,0.05,0.0,0.027999999999999997
2021-11-29,VET,,0.0,0.0,0.0
2021-11-29,XLM,,0.0,-0.05,-0.012
2021-11-29,XRP,,0.05,-0.05,0.015999999999999997
2021-11-29,ZEC,,-0.05,0.0,-0.027999999999999997
2021-12-06,AAVE,,0.05,0.0,0.027999999999999997
2021-12-06,ADA,,0.05,-0.05,0.015999999999999997
2021-12-06,ALGO,,0.0,-0.05,-0.012
2021-12-06,ATOM,,0.05,-0.05,0.015999999999999997
2021-12-06,AVAX,,-0.05,0.05,-0.015999999999999997
2021-12-06,BCH,,0.0,0.0,0.0
2021-12-06,BNB,,0.0,-0.05,-0.012
2021-12-06,BTC,,0.0,-0.05,-0.012
2021-12-06,CAKE,,0.0,0.0,0.0
2021-12-06,CHZ,,-0.05,0.05,-0.015999999999999997
2021-12-06,DASH,,0.0,0.05,0.012
2021-12-06,DEXE,,-0.05,-0.05,-0.04
2021-12-06,DOGE,,0.0,0.0,0.0
2021-12-06,DOT,,0.0,0.05,0.012
2021-12-06,ETC,,0.05,0.0,0.027999999999999997
2021-12-06,ETH,,0.05,-0.05,0.015999999999999997
2021-12-06,FET,,-0.05,0.0,-0.027999999999999997
2021-12-06,FIL,,-0.05,0.05,-0.015999999999999997
2021-12-06,HBAR,,0.05,0.0,0.027999999999999997
2021-12-06,ICP,,0.0,0.05,0.012
2021-12-06,JST,,-0.05,0.0,-0.027999999999999997
2021-12-06,LINK,,0.0,0.0,0.0
2021-12-06,LTC,,0.0,0.0,0.0
2021-12-06,NEAR,,-0.05,0.05,-0.015999999999999997
2021-12-06,QNT,,-0.05,0.0,-0.027999999999999997
2021-12-06,SHIB,,0.0,0.0,0.0
2021-12-06,SOL,,0.05,0.0,0.027999999999999997
2021-12-06,STX,,0.0,0.0,0.0
2021-12-06,TRX,,0.0,-0.05,-0.012
2021-12-06,UNI,,0.05,0.0,0.027999999999999997
2021-12-06,VET,,0.0,0.05,0.012
2021-12-06,XLM,,0.05,-0.05,0.015999999999999997
2021-12-06,XRP,,0.0,0.0,0.0
2021-12-06,ZEC,,-0.05,0.05,-0.015999999999999997
2021-12-13,AAVE,,0.0,0.0,0.0
2021-12-13,ADA,,0.05,-0.05,0.015999999999999997
2021-12-13,ALGO,,0.0,-0.05,-0.012
2021-12-13,ATOM,,0.05,-0.05,0.015999999999999997
2021-12-13,AVAX,,-0.05,0.05,-0.015999999999999997
2021-12-13,BCH,,0.0,0.0,0.0
2021-12-13,BNB,,0.0,-0.05,-0.012
2021-12-13,BTC,,0.05,-0.05,0.015999999999999997
2021-12-13,CAKE,,-0.05,0.0,-0.027999999999999997
2021-12-13,CHZ,,0.0,0.05,0.012
2021-12-13,DASH,,0.0,0.05,0.012
2021-12-13,DEXE,,-0.05,-0.05,-0.04
2021-12-13,DOGE,,0.0,0.0,0.0
2021-12-13,DOT,,0.0,0.05,0.012
2021-12-13,ETC,,0.05,0.0,0.027999999999999997
2021-12-13,ETH,,0.05,-0.05,0.015999999999999997
2021-12-13,FET,,0.05,0.0,0.027999999999999997
2021-12-13,FIL,,-0.05,0.05,-0.015999999999999997
2021-12-13,HBAR,,-0.05,0.0,-0.027999999999999997
2021-12-13,ICP,,0.0,0.05,0.012
2021-12-13,JST,,-0.05,0.0,-0.027999999999999997
2021-12-13,LINK,,0.0,0.0,0.0
2021-12-13,LTC,,0.0,0.0,0.0
2021-12-13,NEAR,,-0.05,0.05,-0.015999999999999997
2021-12-13,QNT,,-0.05,0.0,-0.027999999999999997
2021-12-13,SHIB,,0.0,0.0,0.0
2021-12-13,SOL,,0.0,0.0,0.0
2021-12-13,STX,,0.0,0.0,0.0
2021-12-13,TRX,,0.0,-0.05,-0.012
2021-12-13,UNI,,0.05,0.0,0.027999999999999997
2021-12-13,VET,,0.05,0.05,0.04
2021-12-13,XLM,,0.05,-0.05,0.015999999999999997
2021-12-13,XRP,,0.0,0.0,0.0
2021-12-13,ZEC,,-0.05,0.05,-0.015999999999999997
2021-12-20,AAVE,,-0.05,0.0,-0.023076923076923075
2021-12-20,ADA,,0.0,-0.05,-0.007076923076923078
2021-12-20,ALGO,,0.0,-0.05,-0.012
2021-12-20,ATOM,,-0.05,-0.05,-0.030153846153846153
2021-12-20,AVAX,,-0.05,0.05,-0.015999999999999997
2021-12-20,BCH,,0.05,0.0,0.023076923076923075
2021-12-20,BNB,,0.05,-0.05,0.011076923076923074
2021-12-20,BTC,,0.05,-0.05,0.015999999999999997
2021-12-20,CAKE,,0.05,0.0,0.018153846153846152
2021-12-20,CHZ,,-0.05,0.05,-0.011076923076923074
2021-12-20,DASH,,0.0,0.05,0.012
2021-12-20,DEXE,,0.0,-0.05,-0.016923076923076926
2021-12-20,DOGE,,0.0,0.0,0.0
2021-12-20,DOT,,-0.05,0.05,-0.011076923076923074
2021-12-20,ETC,,0.0,0.0,0.004923076923076922
2021-12-20,ETH,,0.05,-0.05,0.015999999999999997
2021-12-20,FET,,0.0,0.0,0.004923076923076922
2021-12-20,FIL,,0.0,0.05,0.007076923076923078
2021-12-20,HBAR,,-0.05,0.0,-0.027999999999999997
2021-12-20,ICP,,0.0,0.05,0.012
2021-12-20,JST,,0.0,0.0,-0.004923076923076922
2021-12-20,LINK,,0.0,0.0,0.0
2021-12-20,LTC,,0.05,0.0,0.023076923076923075
2021-12-20,NEAR,,-0.05,0.05,-0.015999999999999997
2021-12-20,QNT,,0.0,0.0,-0.004923076923076922
2021-12-20,SHIB,,-0.05,0.0,-0.023076923076923075
2021-12-20,SOL,,0.05,0.0,0.023076923076923075
2021-12-20,STX,,0.05,0.0,0.023076923076923075
2021-12-20,TRX,,0.05,-0.05,0.011076923076923074
2021-12-20,UNI,,-0.05,0.0,-0.018153846153846152
2021-12-20,VET,,0.0,0.05,0.016923076923076926
2021-12-20,XLM,,0.0,-0.05,-0.007076923076923078
2021-12-20,XRP,,0.0,0.0,0.0
2021-12-20,ZEC,,0.0,0.05,0.007076923076923078
2021-12-27,AAVE,,-0.11874999999999998,0.0,-0.06440195968014416
2021-12-27,ADA,,0.0,-0.05,-0.011762135375605363
2021-12-27,ALGO,,0.0,-0.05,-0.012
2021-12-27,ATOM,,-0.11874999999999998,-0.05,-0.07616409505574952
2021-12-27,AVAX,,0.0,0.05,0.010647144948755495
2021-12-27,BCH,,0.05,0.0,0.02776213537560536
2021-12-27,BNB,,0.05,-0.05,0.01576213537560536
2021-12-27,BTC,,0.05,-0.05,0.015999999999999997
2021-12-27,CAKE,,0.05,0.0,0.027524270751210722
2021-12-27,CHZ,,-0.11874999999999998,0.05,-0.052401959680144154
2021-12-27,DASH,,0.0,0.05,0.012
2021-12-27,DEXE,,0.05,-0.05,0.014409280324360858
2021-12-27,DOGE,,0.0,0.0,0.0
2021-12-27,DOT,,-0.11874999999999998,0.05,-0.052401959680144154
2021-12-27,ETC,,0.0,0.0,0.00023786462439463838
2021-12-27,ETH,,0.05,-0.05,0.015999999999999997
2021-12-27,FET,,-0.11874999999999998,0.0,-0.06304910462889965
2021-12-27,FIL,,0.05,0.05,0.03840928032436086
2021-12-27,HBAR,,-0.11874999999999998,0.0,-0.0646398243045388
2021-12-27,ICP,,0.0,0.05,0.012
2021-12-27,JST,,0.0,0.0,-0.00023786462439463838
2021-12-27,LINK,,0.0,0.0,0.0
2021-12-27,LTC,,0.05,0.0,0.02776213537560536
2021-12-27,NEAR,,-0.05,0.05,-0.015999999999999997
2021-12-27,QNT,,0.0,0.0,-0.00023786462439463838
2021-12-27,SHIB,,-0.11874999999999998,0.0,-0.06440195968014416
2021-12-27,SOL,,0.0,0.0,0.0011149904268498642
2021-12-27,STX,,0.0,0.0,0.0011149904268498642
2021-12-27,TRX,,0.0,-0.05,-0.010885009573150136
2021-12-27,UNI,,-0.11874999999999998,0.0,-0.06416409505574952
2021-12-27,VET,,0.0,0.05,0.012237864624394638
2021-12-27,XLM,,0.0,-0.05,-0.011762135375605363
2021-12-27,XRP,,0.0,0.0,0.0
2021-12-27,ZEC,,0.05,0.05,0.03840928032436086
2022-01-03,AAVE,,-0.05,0.0,-0.028074558659526114
2022-01-03,ADA,,0.0,-0.05,-0.011999512804593507
2022-01-03,ALGO,,0.0,-0.05,-0.012
2022-01-03,ATOM,,-0.05,-0.05,-0.04007407146411962
2022-01-03,AVAX,,-0.05,0.11874999999999998,0.0005207834284759374
2022-01-03,BCH,,0.05,0.0,0.027999512804593504
2022-01-03,BNB,,0.0,0.0,3.228407742881384e-05
2022-01-03,BTC,,0.05,-0.05,0.015999999999999997
2022-01-03,CAKE,,0.05,0.0,0.02799902560918701
2022-01-03,CHZ,,-0.05,0.11874999999999998,0.00039164596536246654
2022-01-03,DASH,,0.0,0.11874999999999998,0.028466204624888584
2022-01-03,DEXE,,0.0,-0.05,-0.011945908391819141
2022-01-03,DOGE,,0.0,0.0,0.0
2022-01-03,DOT,,-0.05,0.11874999999999998,0.00039164596536246654
2022-01-03,ETC,,0.0,0.0,4.871954064940157e-07
2022-01-03,ETH,,0.05,0.0,0.027975421545373517
2022-01-03,FET,,0.0,0.0,-0.00012913746311346563
2022-01-03,FIL,,0.05,0.11874999999999998,0.05646294650560765
2022-01-03,HBAR,,-0.05,-0.05,-0.04005046740030613
2022-01-03,ICP,,-0.05,0.11874999999999998,0.0005235543523503718
2022-01-03,JST,,0.0,0.0,-4.871954064940157e-07
2022-01-03,LINK,,0.0,0.0,0.0
2022-01-03,LTC,,0.05,0.0,0.027999512804593504
2022-01-03,NEAR,,-0.05,0.05,-0.015999999999999997
2022-01-03,QNT,,0.05,0.0,0.027942163077131717
2022-01-03,SHIB,,-0.05,0.0,-0.028074558659526114
2022-01-03,SOL,,0.0,0.11874999999999998,0.028443909898730045
2022-01-03,STX,,0.0,-0.05,-0.01197313781690558
2022-01-03,TRX,,0.05,-0.05,0.01594493400100615
2022-01-03,UNI,,0.0,0.0,-0.00013142119158141008
2022-01-03,VET,,0.0,0.11874999999999998,0.028466691820295077
2022-01-03,XLM,,0.0,-0.05,-0.011999512804593507
2022-01-03,XRP,,0.0,0.0,0.0
2022-01-03,ZEC,,0.05,0.0,0.02802132033534555
2022-01-10,AAVE,,-0.05,0.0,-0.027999999999999997
2022-01-10,ADA,,0.0,-0.05,-0.012
2022-01-10,ALGO,,0.0,-0.05,-0.012
2022-01-10,ATOM,,-0.05,-0.05,-0.04
2022-01-10,AVAX,,0.0,0.11874999999999998,0.028499999999999994
2022-01-10,BCH,,0.05,0.0,0.027999999999999997
2022-01-10,BNB,,0.0,0.0,0.0
2022-01-10,BTC,,0.05,-0.05,0.015999999999999997
2022-01-10,CAKE,,0.0,0.0,0.0
2022-01-10,CHZ,,-0.05,0.11874999999999998,0.0004999999999999949
2022-01-10,DASH,,0.0,0.11874999999999998,0.028499999999999994
2022-01-10,DEXE,,0.05,-0.05,0.015999999999999997
2022-01-10,DOGE,,0.0,0.0,0.0
2022-01-10,DOT,,-0.05,0.11874999999999998,0.0004999999999999949
2022-01-10,ETC,,0.0,0.0,0.0
2022-01-10,ETH,,0.05,0.0,0.027999999999999997
2022-01-10,FET,,0.0,0.0,0.0
2022-01-10,FIL,,0.05,0.11874999999999998,0.056499999999999995
2022-01-10,HBAR,,0.05,-0.05,0.015999999999999997
2022-01-10,ICP,,-0.05,0.11874999999999998,0.0004999999999999949
2022-01-10,JST,,0.05,0.0,0.027999999999999997
2022-01-10,LINK,,-0.05,0.0,-0.027999999999999997
2022-01-10,LTC,,0.0,0.0,0.0
2022-01-10,NEAR,,-0.05,0.05,-0.015999999999999997
2022-01-10,QNT,,0.05,0.0,0.027999999999999997
2022-01-10,SHIB,,-0.05,0.0,-0.027999999999999997
2022-01-10,SOL,,0.0,0.11874999999999998,0.028499999999999994
2022-01-10,STX,,0.0,-0.05,-0.012
2022-01-10,TRX,,0.0,-0.05,-0.012
2022-01-10,UNI,,-0.05,0.0,-0.027999999999999997
2022-01-10,VET,,0.0,0.11874999999999998,0.028499999999999994
2022-01-10,XLM,,0.0,-0.05,-0.012
2022-01-10,XRP,,0.0,0.0,0.0
2022-01-10,ZEC,,0.05,0.0,0.027999999999999997
2022-01-17,AAVE,,-0.05,0.0,-0.027999999999999997
2022-01-17,ADA,,-0.05,-0.05,-0.04
2022-01-17,ALGO,,0.0,-0.05,-0.012
2022-01-17,ATOM,,-0.05,-0.05,-0.04
2022-01-17,AVAX,,0.0,0.11874999999999998,0.028499999999999994
2022-01-17,BCH,,0.05,0.0,0.027999999999999997
2022-01-17,BNB,,0.0,0.0,0.0
2022-01-17,BTC,,0.05,-0.05,0.015999999999999997
2022-01-17,CAKE,,0.0,0.0,0.0
2022-01-17,CHZ,,0.0,0.11874999999999998,0.028499999999999994
2022-01-17,DASH,,0.0,0.11874999999999998,0.028499999999999994
2022-01-17,DEXE,,0.05,-0.05,0.015999999999999997
2022-01-17,DOGE,,-0.05,0.0,-0.027999999999999997
2022-01-17,DOT,,-0.05,0.11874999999999998,0.0004999999999999949
2022-01-17,ETC,,0.0,0.0,0.0
2022-01-17,ETH,,0.0,0.0,0.0
2022-01-17,FET,,0.0,0.0,0.0
2022-01-17,FIL,,0.0,0.11874999999999998,0.028499999999999994
2022-01-17,HBAR,,0.05,-0.05,0.015999999999999997
2022-01-17,ICP,,-0.05,0.11874999999999998,0.0004999999999999949
2022-01-17,JST,,0.0,0.0,0.0
2022-01-17,LINK,,-0.05,0.0,-0.027999999999999997
2022-01-17,LTC,,0.0,0.0,0.0
2022-01-17,NEAR,,-0.05,0.05,-0.015999999999999997
2022-01-17,QNT,,0.05,0.0,0.027999999999999997
2022-01-17,SHIB,,0.0,0.0,0.0
2022-01-17,SOL,,0.0,0.11874999999999998,0.028499999999999994
2022-01-17,STX,,0.0,-0.05,-0.012
2022-01-17,TRX,,0.05,-0.05,0.015999999999999997
2022-01-17,UNI,,-0.05,0.0,-0.027999999999999997
2022-01-17,VET,,0.0,0.11874999999999998,0.028499999999999994
2022-01-17,XLM,,0.05,-0.05,0.015999999999999997
2022-01-17,XRP,,0.05,0.0,0.027999999999999997
2022-01-17,ZEC,,0.05,0.0,0.027999999999999997
2022-01-24,AAVE,,-0.05,0.0,-0.027999999999999997
2022-01-24,ADA,,-0.05,-0.05,-0.04
2022-01-24,ALGO,,0.0,-0.05,-0.012
2022-01-24,ATOM,,-0.05,-0.05,-0.04
2022-01-24,AVAX,,0.0,0.11874999999999998,0.028499999999999994
2022-01-24,BCH,,0.05,0.0,0.027999999999999997
2022-01-24,BNB,,0.0,0.0,0.0
2022-01-24,BTC,,0.05,-0.05,0.015999999999999997
2022-01-24,CAKE,,0.0,0.0,0.0
2022-01-24,CHZ,,0.0,0.11874999999999998,0.028499999999999994
2022-01-24,DASH,,0.0,0.11874999999999998,0.028499999999999994
2022-01-24,DEXE,,0.05,-0.05,0.015999999999999997
2022-01-24,DOGE,,-0.05,0.0,-0.027999999999999997
2022-01-24,DOT,,-0.05,0.11874999999999998,0.0004999999999999949
2022-01-24,ETC,,0.0,0.0,0.0
2022-01-24,ETH,,0.0,0.0,0.0
2022-01-24,FET,,0.05,0.0,0.027999999999999997
2022-01-24,FIL,,0.0,0.11874999999999998,0.028499999999999994
2022-01-24,HBAR,,0.05,-0.05,0.015999999999999997
2022-01-24,ICP,,-0.05,0.11874999999999998,0.0004999999999999949
2022-01-24,JST,,0.0,0.0,0.0
2022-01-24,LINK,,-0.05,0.0,-0.027999999999999997
2022-01-24,LTC,,0.0,0.0,0.0
2022-01-24,NEAR,,-0.05,0.05,-0.015999999999999997
2022-01-24,QNT,,0.05,0.0,0.027999999999999997
2022-01-24,SHIB,,0.0,0.0,0.0
2022-01-24,SOL,,0.0,0.11874999999999998,0.028499999999999994
2022-01-24,STX,,0.0,-0.05,-0.012
2022-01-24,TRX,,0.0,-0.05,-0.012
2022-01-24,UNI,,-0.05,0.0,-0.027999999999999997
2022-01-24,VET,,0.0,0.11874999999999998,0.028499999999999994
2022-01-24,XLM,,0.05,-0.05,0.015999999999999997
2022-01-24,XRP,,0.05,0.0,0.027999999999999997
2022-01-24,ZEC,,0.05,0.0,0.027999999999999997
2022-01-31,AAVE,,0.0,0.0,-0.0034385964912280673
2022-01-31,ADA,,0.0,-0.05,-0.015438596491228068
2022-01-31,ALGO,,0.05,0.0,0.023087719298245612
2022-01-31,ATOM,,-0.05,-0.05,-0.04
2022-01-31,AVAX,,0.0,0.0,0.003499999999999996
2022-01-31,BCH,,0.05,0.0,0.027999999999999997
2022-01-31,BNB,,0.05,0.0,0.02456140350877193
2022-01-31,BTC,,0.05,-0.05,0.015999999999999997
2022-01-31,CAKE,,0.0,0.0,0.0
2022-01-31,CHZ,,-0.05,0.05,-0.010535087719298248
2022-01-31,DASH,,0.0,0.0,0.003499999999999996
2022-01-31,DEXE,,0.0,0.0,0.0019649122807017527
2022-01-31,DOGE,,0.0,-0.05,-0.013964912280701753
2022-01-31,DOT,,-0.05,0.05,-0.013973684210526314
2022-01-31,ETC,,0.0,0.0,0.0
2022-01-31,ETH,,0.0,-0.05,-0.010526315789473686
2022-01-31,FET,,0.05,0.0,0.027999999999999997
2022-01-31,FIL,,0.0,0.05,0.014026315789473682
2022-01-31,HBAR,,0.0,-0.05,-0.008561403508771933
2022-01-31,ICP,,0.0,0.0,6.140350877192918e-05
2022-01-31,JST,,-0.05,0.0,-0.02456140350877193
2022-01-31,LINK,,0.05,0.0,0.021122807017543863
2022-01-31,LTC,,0.0,0.0,0.0
2022-01-31,NEAR,,-0.05,0.05,-0.015999999999999997
2022-01-31,QNT,,-0.05,0.05,-0.01059649122807018
2022-01-31,SHIB,,-0.05,0.05,-0.014035087719298244
2022-01-31,SOL,,-0.05,0.05,-0.010535087719298248
2022-01-31,STX,,0.0,0.0,-0.0014736842105263145
2022-01-31,TRX,,0.05,-0.05,0.01256140350877193
2022-01-31,UNI,,0.0,0.05,0.007087719298245615
2022-01-31,VET,,0.0,0.05,0.014026315789473682
2022-01-31,XLM,,0.05,-0.05,0.015999999999999997
2022-01-31,XRP,,0.05,-0.05,0.01747368421052631
2022-01-31,ZEC,,-0.05,0.0,-0.021122807017543863
2022-02-07,AAVE,,0.0,0.0,0.0
2022-02-07,ADA,,0.05,-0.05,0.015999999999999997
2022-02-07,ALGO,,0.05,0.0,0.027999999999999997
2022-02-07,ATOM,,0.0,-0.05,-0.012
2022-02-07,AVAX,,0.0,0.0,0.0
2022-02-07,BCH,,0.05,0.0,0.027999999999999997
2022-02-07,BNB,,0.05,0.0,0.027999999999999997
2022-02-07,BTC,,0.05,-0.05,0.015999999999999997
2022-02-07,CAKE,,0.0,0.0,0.0
2022-02-07,CHZ,,-0.05,0.05,-0.015999999999999997
2022-02-07,DASH,,0.0,0.0,0.0
2022-02-07,DEXE,,0.0,0.0,0.0
2022-02-07,DOGE,,0.05,-0.05,0.015999999999999997
2022-02-07,DOT,,-0.05,0.05,-0.015999999999999997
2022-02-07,ETC,,0.0,0.0,0.0
2022-02-07,ETH,,0.0,-0.05,-0.012
2022-02-07,FET,,0.0,0.0,0.0
2022-02-07,FIL,,0.0,0.05,0.012
2022-02-07,HBAR,,0.0,-0.05,-0.012
2022-02-07,ICP,,-0.05,0.0,-0.027999999999999997
2022-02-07,JST,,-0.05,0.0,-0.027999999999999997
2022-02-07,LINK,,0.05,0.0,0.027999999999999997
2022-02-07,LTC,,0.0,0.0,0.0
2022-02-07,NEAR,,-0.05,0.05,-0.015999999999999997
2022-02-07,QNT,,-0.05,0.05,-0.015999999999999997
2022-02-07,SHIB,,-0.05,0.05,-0.015999999999999997
2022-02-07,SOL,,-0.05,0.05,-0.015999999999999997
2022-02-07,STX,,0.0,0.0,0.0
2022-02-07,TRX,,0.05,-0.05,0.015999999999999997
2022-02-07,UNI,,0.05,0.05,0.04
2022-02-07,VET,,0.0,0.05,0.012
2022-02-07,XLM,,0.0,-0.05,-0.012
2022-02-07,XRP,,0.0,-0.05,-0.012
2022-02-07,ZEC,,-0.05,0.0,-0.027999999999999997
2022-02-14,AAVE,,0.0,0.0,0.0
2022-02-14,ADA,,0.05,-0.05,0.015999999999999997
2022-02-14,ALGO,,0.05,0.0,0.027999999999999997
2022-02-14,ATOM,,0.0,-0.05,-0.012
2022-02-14,AVAX,,0.0,0.0,0.0
2022-02-14,BCH,,0.0,0.0,0.0
2022-02-14,BNB,,0.05,0.0,0.027999999999999997
2022-02-14,BTC,,0.05,-0.05,0.015999999999999997
2022-02-14,CAKE,,0.0,0.0,0.0
2022-02-14,CHZ,,-0.05,0.05,-0.015999999999999997
2022-02-14,DASH,,0.0,0.0,0.0
2022-02-14,DEXE,,0.05,0.0,0.027999999999999997
2022-02-14,DOGE,,0.05,-0.05,0.015999999999999997
2022-02-14,DOT,,-0.05,0.05,-0.015999999999999997
2022-02-14,ETC,,0.0,0.0,0.0
2022-02-14,ETH,,0.0,-0.05,-0.012
2022-02-14,FET,,0.0,0.0,0.0
2022-02-14,FIL,,0.0,0.05,0.012
2022-02-14,HBAR,,0.0,-0.05,-0.012
2022-02-14,ICP,,-0.05,0.0,-0.027999999999999997
2022-02-14,JST,,-0.05,0.0,-0.027999999999999997
2022-02-14,LINK,,0.05,0.0,0.027999999999999997
2022-02-14,LTC,,0.0,0.0,0.0
2022-02-14,NEAR,,-0.05,0.05,-0.015999999999999997
2022-02-14,QNT,,-0.05,0.05,-0.015999999999999997
2022-02-14,SHIB,,-0.05,0.05,-0.015999999999999997
2022-02-14,SOL,,-0.05,0.05,-0.015999999999999997
2022-02-14,STX,,0.0,0.0,0.0
2022-02-14,TRX,,0.05,-0.05,0.015999999999999997
2022-02-14,UNI,,0.05,0.05,0.04
2022-02-14,VET,,0.0,0.05,0.012
2022-02-14,XLM,,0.0,-0.05,-0.012
2022-02-14,XRP,,0.0,-0.05,-0.012
2022-02-14,ZEC,,-0.05,0.0,-0.027999999999999997
2022-02-21,AAVE,,0.0,0.0,0.0
2022-02-21,ADA,,0.05,-0.05,0.015999999999999997
2022-02-21,ALGO,,0.05,0.0,0.027999999999999997
2022-02-21,ATOM,,0.0,-0.05,-0.012
2022-02-21,AVAX,,0.0,0.0,0.0
2022-02-21,BCH,,0.05,0.0,0.027999999999999997
2022-02-21,BNB,,0.05,0.0,0.027999999999999997
2022-02-21,BTC,,0.05,-0.05,0.015999999999999997
2022-02-21,CAKE,,0.0,0.0,0.0
2022-02-21,CHZ,,-0.05,0.05,-0.015999999999999997
2022-02-21,DASH,,0.0,0.0,0.0
2022-02-21,DEXE,,0.0,0.0,0.0
2022-02-21,DOGE,,0.05,-0.05,0.015999999999999997
2022-02-21,DOT,,-0.05,0.05,-0.015999999999999997
2022-02-21,ETC,,0.0,0.0,0.0
2022-02-21,ETH,,0.0,-0.05,-0.012
2022-02-21,FET,,0.0,0.0,0.0
2022-02-21,FIL,,0.0,0.05,0.012
2022-02-21,HBAR,,0.0,-0.05,-0.012
2022-02-21,ICP,,-0.05,0.0,-0.027999999999999997
2022-02-21,JST,,-0.05,0.0,-0.027999999999999997
2022-02-21,LINK,,0.05,0.0,0.027999999999999997
2022-02-21,LTC,,0.0,0.0,0.0
2022-02-21,NEAR,,-0.05,0.05,-0.015999999999999997
2022-02-21,QNT,,-0.05,0.05,-0.015999999999999997
2022-02-21,SHIB,,-0.05,0.05,-0.015999999999999997
2022-02-21,SOL,,-0.05,0.05,-0.015999999999999997
2022-02-21,STX,,0.0,0.0,0.0
2022-02-21,TRX,,0.05,-0.05,0.015999999999999997
2022-02-21,UNI,,0.05,0.05,0.04
2022-02-21,VET,,0.0,0.05,0.012
2022-02-21,XLM,,0.0,-0.05,-0.012
2022-02-21,XRP,,0.0,-0.05,-0.012
2022-02-21,ZEC,,-0.05,0.0,-0.027999999999999997
2022-02-28,AAVE,,0.05,0.0,0.025301204819277105
2022-02-28,ADA,,0.05,-0.05,0.015999999999999997
2022-02-28,ALGO,,0.05,0.0,0.027999999999999997
2022-02-28,ATOM,,-0.05,-0.05,-0.03730120481927711
2022-02-28,AVAX,,0.05,0.0,0.025301204819277105
2022-02-28,BCH,,0.0,0.0,0.002698795180722892
2022-02-28,BNB,,0.0,0.0,0.002698795180722892
2022-02-28,BTC,,0.0,-0.05,-0.009301204819277108
2022-02-28,CAKE,,0.0,0.0,0.0
2022-02-28,CHZ,,-0.05,0.05,-0.015999999999999997
2022-02-28,DASH,,0.05,0.0,0.025301204819277105
2022-02-28,DEXE,,-0.05,0.0,-0.025301204819277105
2022-02-28,DOGE,,0.05,-0.05,0.015999999999999997
2022-02-28,DOT,,0.0,0.05,0.009301204819277108
2022-02-28,ETC,,-0.05,-0.05,-0.03614457831325301
2022-02-28,ETH,,0.0,0.0,-0.0011566265060240968
2022-02-28,FET,,-0.05,0.0,-0.025301204819277105
2022-02-28,FIL,,0.0,0.05,0.012
2022-02-28,HBAR,,0.05,-0.05,0.013301204819277105
2022-02-28,ICP,,0.0,0.05,0.008144578313253013
2022-02-28,JST,,-0.05,0.0,-0.027999999999999997
2022-02-28,LINK,,0.0,0.0,0.002698795180722892
2022-02-28,LTC,,0.0,0.0,0.0
2022-02-28,NEAR,,-0.05,0.05,-0.015999999999999997
2022-02-28,QNT,,0.0,0.05,0.009301204819277108
2022-02-28,SHIB,,-0.05,0.05,-0.015999999999999997
2022-02-28,SOL,,0.0,0.05,0.009301204819277108
2022-02-28,STX,,0.05,0.0,0.025301204819277105
2022-02-28,TRX,,0.0,-0.05,-0.009301204819277108
2022-02-28,UNI,,0.0,0.05,0.014698795180722892
2022-02-28,VET,,0.0,0.0,0.0011566265060240968
2022-02-28,XLM,,0.05,-0.05,0.013301204819277105
2022-02-28,XRP,,-0.05,-0.05,-0.03730120481927711
2022-02-28,ZEC,,0.0,0.0,-0.002698795180722892
2022-03-07,AAVE,,0.0,0.0,0.006902746785283763
2022-03-07,ADA,,0.05,-0.05,0.015999999999999997
2022-03-07,ALGO,,0.05,0.0,0.027999999999999997
2022-03-07,ATOM,,0.0,-0.05,-0.018902746785283763
2022-03-07,AVAX,,0.05,0.0,0.02726370700956973
2022-03-07,BCH,,0.0,0.0,0.0007362929904302681
2022-03-07,BNB,,0.0,0.0,0.0007362929904302681
2022-03-07,BTC,,0.0,-0.05,-0.011263707009569732
2022-03-07,CAKE,,0.0,0.0,0.0
2022-03-07,CHZ,,-0.11874999999999998,0.05,-0.0439963203083932
2022-03-07,DASH,,-0.11874999999999998,0.0,-0.041454533747395404
2022-03-07,DEXE,,-0.11874999999999998,0.0,-0.05526002731796293
2022-03-07,DOGE,,0.05,-0.05,0.015999999999999997
2022-03-07,DOT,,0.0,0.05,0.011263707009569732
2022-03-07,ETC,,0.0,-0.05,-0.018587192646527934
2022-03-07,ETH,,0.05,0.0,0.02004540608553014
2022-03-07,FET,,-0.11874999999999998,0.0,-0.05526002731796293
2022-03-07,FIL,,0.0,0.05,0.012
2022-03-07,HBAR,,0.05,-0.05,0.015263707009569728
2022-03-07,ICP,,0.05,0.05,0.03130911309509987
2022-03-07,JST,,0.0,0.0,-0.0076390397757140314
2022-03-07,LINK,,0.05,0.0,0.021097253214716234
2022-03-07,LTC,,0.0,0.0,0.0
2022-03-07,NEAR,,-0.11874999999999998,0.05,-0.0439963203083932
2022-03-07,QNT,,0.0,0.05,0.011263707009569732
2022-03-07,SHIB,,0.0,0.05,0.004360960224285969
2022-03-07,SOL,,0.05,0.05,0.0316246672338557
2022-03-07,STX,,-0.11874999999999998,0.0,-0.041454533747395404
2022-03-07,TRX,,0.0,-0.05,-0.011263707009569732
2022-03-07,UNI,,-0.11874999999999998,0.05,-0.03562098754224889
2022-03-07,VET,,-0.11874999999999998,0.0,-0.04804172639392333
2022-03-07,XLM,,0.0,-0.05,-0.005097253214716237
2022-03-07,XRP,,0.0,-0.05,-0.018902746785283763
2022-03-07,ZEC,,-0.05,0.0,-0.021097253214716234
2022-03-14,AAVE,,-0.05,0.0,-0.020445240953752983
2022-03-14,ADA,,0.0,-0.05,-0.005939352263699019
2022-03-14,ALGO,,0.0,0.0,0.006060647736300981
2022-03-14,ATOM,,0.05,-0.05,0.008445240953752983
2022-03-14,AVAX,,-0.05,0.0,-0.016038076400458946
2022-03-14,BCH,,0.0,0.0,0.0001593718730609102
2022-03-14,BNB,,0.05,0.0,0.022098724136759926
2022-03-14,BTC,,0.05,-0.05,0.010098724136759926
2022-03-14,CAKE,,0.0,0.0,0.0
2022-03-14,CHZ,,-0.05,0.05,-0.0220598512607793
2022-03-14,DASH,,-0.05,0.0,-0.030912256767826322
2022-03-14,DEXE,,-0.05,0.0,-0.03390047938771839
2022-03-14,DOGE,,0.0,-0.05,-0.005939352263699019
2022-03-14,DOT,,0.05,0.05,0.033779980390638106
2022-03-14,ETC,,-0.05,-0.05,-0.03536516134233324
2022-03-14,ETH,,0.0,0.0,0.004338862321982221
2022-03-14,FET,,-0.05,0.0,-0.03390047938771839
2022-03-14,FIL,,0.05,0.05,0.03393935226369902
2022-03-14,HBAR,,0.05,-0.05,0.015840628126939087
2022-03-14,ICP,,0.05,0.05,0.03811884271262033
2022-03-14,JST,,0.0,0.0,-0.0016534831830069428
2022-03-14,LINK,,0.0,0.0,0.004566536426354947
2022-03-14,LTC,,0.0,0.0,0.0
2022-03-14,NEAR,,-0.05,0.05,-0.0220598512607793
2022-03-14,QNT,,0.05,0.05,0.033779980390638106
2022-03-14,SHIB,,0.0,0.05,0.010346516816993057
2022-03-14,SOL,,0.0,0.05,0.01624779268023313
2022-03-14,STX,,0.0,0.0,-0.008972904504127306
2022-03-14,TRX,,0.05,-0.05,0.010098724136759926
2022-03-14,UNI,,0.0,0.05,0.0016923560589875708
2022-03-14,VET,,0.0,0.0,-0.010398713582761523
2022-03-14,XLM,,0.0,-0.05,-0.010505888690053967
2022-03-14,XRP,,0.0,-0.05,-0.013494111309946034
2022-03-14,ZEC,,-0.05,0.0,-0.026505888690053964
2022-03-21,AAVE,,-0.05,0.0,-0.027999999999999997
2022-03-21,ADA,,-0.05,-0.05,-0.04
2022-03-21,ALGO,,-0.05,0.0,-0.027999999999999997
2022-03-21,ATOM,,0.05,-0.05,0.015999999999999997
2022-03-21,AVAX,,0.0,0.0,0.0
2022-03-21,BCH,,0.0,0.0,0.0
2022-03-21,BNB,,0.05,0.0,0.027999999999999997
2022-03-21,BTC,,0.05,-0.05,0.015999999999999997
2022-03-21,CAKE,,0.0,0.0,0.0
2022-03-21,CHZ,,-0.05,0.05,-0.015999999999999997
2022-03-21,DASH,,0.0,0.0,0.0
2022-03-21,DEXE,,0.0,0.0,0.0
2022-03-21,DOGE,,0.0,-0.05,-0.012
2022-03-21,DOT,,0.0,0.05,0.012
2022-03-21,ETC,,-0.05,-0.05,-0.04
2022-03-21,ETH,,0.05,0.0,0.027999999999999997
2022-03-21,FET,,-0.05,0.0,-0.027999999999999997
2022-03-21,FIL,,-0.05,0.05,-0.015999999999999997
2022-03-21,HBAR,,0.05,-0.05,0.015999999999999997
2022-03-21,ICP,,0.0,0.05,0.012
2022-03-21,JST,,0.0,0.0,0.0
2022-03-21,LINK,,0.0,0.0,0.0
2022-03-21,LTC,,0.05,0.0,0.027999999999999997
2022-03-21,NEAR,,0.0,0.05,0.012
2022-03-21,QNT,,0.0,0.05,0.012
2022-03-21,SHIB,,0.0,0.05,0.012
2022-03-21,SOL,,0.0,0.05,0.012
2022-03-21,STX,,0.0,0.0,0.0
2022-03-21,TRX,,0.05,-0.05,0.015999999999999997
2022-03-21,UNI,,0.0,0.05,0.012
2022-03-21,VET,,-0.05,0.0,-0.027999999999999997
2022-03-21,XLM,,0.05,-0.05,0.015999999999999997
2022-03-21,XRP,,0.05,-0.05,0.015999999999999997
2022-03-21,ZEC,,-0.05,0.0,-0.027999999999999997
2022-03-28,AAVE,,-0.05,0.0,-0.027999999999999997
2022-03-28,ADA,,-0.05,0.0,-0.027999999999999997
2022-03-28,ALGO,,-0.05,0.0,-0.027999999999999997
2022-03-28,ATOM,,0.05,0.0,0.027999999999999997
2022-03-28,AVAX,,0.0,-0.05,-0.012
2022-03-28,BCH,,0.0,-0.05,-0.012
2022-03-28,BNB,,0.05,-0.05,0.015999999999999997
2022-03-28,BTC,,0.05,-0.05,0.015999999999999997
2022-03-28,CAKE,,0.0,0.05,0.012
2022-03-28,CHZ,,0.0,0.05,0.012
2022-03-28,DASH,,0.0,0.0,0.0
2022-03-28,DEXE,,0.0,0.0,0.0
2022-03-28,DOGE,,-0.05,-0.05,-0.04
2022-03-28,DOT,,0.0,0.05,0.012
2022-03-28,ETC,,-0.05,0.0,-0.027999999999999997
2022-03-28,ETH,,0.05,-0.05,0.015999999999999997
2022-03-28,FET,,-0.05,0.0,-0.027999999999999997
2022-03-28,FIL,,-0.05,0.0,-0.027999999999999997
2022-03-28,HBAR,,0.0,0.0,0.0
2022-03-28,ICP,,0.0,0.05,0.012
2022-03-28,JST,,0.0,0.05,0.012
2022-03-28,LINK,,0.05,0.0,0.027999999999999997
2022-03-28,LTC,,0.05,0.0,0.027999999999999997
2022-03-28,NEAR,,0.0,0.05,0.012
2022-03-28,QNT,,0.0,0.0,0.0
2022-03-28,SHIB,,0.0,0.05,0.012
2022-03-28,SOL,,0.0,0.05,0.012
2022-03-28,STX,,0.0,0.0,0.0
2022-03-28,TRX,,0.05,-0.05,0.015999999999999997
2022-03-28,UNI,,0.0,0.05,0.012
2022-03-28,VET,,-0.05,0.0,-0.027999999999999997
2022-03-28,XLM,,0.05,-0.05,0.015999999999999997
2022-03-28,XRP,,0.05,-0.05,0.015999999999999997
2022-03-28,ZEC,,-0.05,0.0,-0.027999999999999997
2022-04-04,AAVE,,-0.05,0.0,-0.027999999999999997
2022-04-04,ADA,,0.0,0.0,0.0
2022-04-04,ALGO,,-0.05,0.0,-0.027999999999999997
2022-04-04,ATOM,,0.05,0.0,0.027999999999999997
2022-04-04,AVAX,,-0.05,-0.05,-0.04
2022-04-04,BCH,,0.0,-0.05,-0.012
2022-04-04,BNB,,0.05,-0.05,0.015999999999999997
2022-04-04,BTC,,0.05,-0.05,0.015999999999999997
2022-04-04,CAKE,,0.0,0.05,0.012
2022-04-04,CHZ,,0.0,0.05,0.012
2022-04-04,DASH,,0.0,0.0,0.0
2022-04-04,DEXE,,0.0,0.0,0.0
2022-04-04,DOGE,,-0.05,-0.05,-0.04
2022-04-04,DOT,,0.05,0.05,0.04
2022-04-04,ETC,,-0.05,0.0,-0.027999999999999997
2022-04-04,ETH,,0.05,-0.05,0.015999999999999997
2022-04-04,FET,,-0.05,0.0,-0.027999999999999997
2022-04-04,FIL,,0.0,0.0,0.0
2022-04-04,HBAR,,0.0,0.0,0.0
2022-04-04,ICP,,0.0,0.05,0.012
2022-04-04,JST,,0.0,0.05,0.012
2022-04-04,LINK,,0.05,0.0,0.027999999999999997
2022-04-04,LTC,,0.05,0.0,0.027999999999999997
2022-04-04,NEAR,,0.0,0.05,0.012
2022-04-04,QNT,,-0.05,0.0,-0.027999999999999997
2022-04-04,SHIB,,-0.05,0.05,-0.015999999999999997
2022-04-04,SOL,,0.0,0.05,0.012
2022-04-04,STX,,0.0,0.0,0.0
2022-04-04,TRX,,0.05,-0.05,0.015999999999999997
2022-04-04,UNI,,0.0,0.05,0.012
2022-04-04,VET,,-0.05,0.0,-0.027999999999999997
2022-04-04,XLM,,0.05,-0.05,0.015999999999999997
2022-04-04,XRP,,0.0,-0.05,-0.012
2022-04-04,ZEC,,0.0,0.0,0.0
2022-04-11,AAVE,,-0.05,0.0,-0.027999999999999997
2022-04-11,ADA,,-0.05,0.0,-0.027999999999999997
2022-04-11,ALGO,,-0.05,0.0,-0.027999999999999997
2022-04-11,ATOM,,0.05,0.0,0.027999999999999997
2022-04-11,AVAX,,0.0,-0.05,-0.012
2022-04-11,BCH,,0.0,-0.05,-0.012
2022-04-11,BNB,,0.05,-0.05,0.015999999999999997
2022-04-11,BTC,,0.05,-0.05,0.015999999999999997
2022-04-11,CAKE,,0.0,0.05,0.012
2022-04-11,CHZ,,0.0,0.05,0.012
2022-04-11,DASH,,0.05,0.0,0.027999999999999997
2022-04-11,DEXE,,0.05,0.0,0.027999999999999997
2022-04-11,DOGE,,0.0,-0.05,-0.012
2022-04-11,DOT,,0.0,0.05,0.012
2022-04-11,ETC,,-0.05,0.0,-0.027999999999999997
2022-04-11,ETH,,0.05,-0.05,0.015999999999999997
2022-04-11,FET,,-0.05,0.0,-0.027999999999999997
2022-04-11,FIL,,-0.05,0.0,-0.027999999999999997
2022-04-11,HBAR,,0.0,0.0,0.0
2022-04-11,ICP,,-0.05,0.05,-0.015999999999999997
2022-04-11,JST,,0.0,0.05,0.012
2022-04-11,LINK,,0.0,0.0,0.0
2022-04-11,LTC,,0.05,0.0,0.027999999999999997
2022-04-11,NEAR,,0.0,0.05,0.012
2022-04-11,QNT,,-0.05,0.0,-0.027999999999999997
2022-04-11,SHIB,,0.0,0.05,0.012
2022-04-11,SOL,,0.0,0.05,0.012
2022-04-11,STX,,0.0,0.0,0.0
2022-04-11,TRX,,0.05,-0.05,0.015999999999999997
2022-04-11,UNI,,0.0,0.05,0.012
2022-04-11,VET,,-0.05,0.0,-0.027999999999999997
2022-04-11,XLM,,0.0,-0.05,-0.012
2022-04-11,XRP,,0.05,-0.05,0.015999999999999997
2022-04-11,ZEC,,0.0,0.0,0.0
2022-04-18,AAVE,,-0.05,0.0,-0.027999999999999997
2022-04-18,ADA,,0.0,0.0,-0.007310344827586208
2022-04-18,ALGO,,0.0,0.0,-0.007310344827586208
2022-04-18,ATOM,,0.0,0.0,0.007310344827586208
2022-04-18,AVAX,,-0.11874999999999998,-0.05,-0.061137931034482756
2022-04-18,BCH,,0.05,-0.05,0.008689655172413789
2022-04-18,BNB,,0.05,-0.05,0.015999999999999997
2022-04-18,BTC,,0.05,-0.05,0.015999999999999997
2022-04-18,CAKE,,-0.11874999999999998,0.05,-0.03713793103448275
2022-04-18,CHZ,,0.0,0.05,0.012
2022-04-18,DASH,,0.05,0.0,0.027999999999999997
2022-04-18,DEXE,,0.0,0.0,0.007310344827586208
2022-04-18,DOGE,,0.0,-0.05,-0.012
2022-04-18,DOT,,0.05,0.05,0.03268965517241379
2022-04-18,ETC,,-0.11874999999999998,0.0,-0.05644827586206896
2022-04-18,ETH,,0.05,-0.05,0.015999999999999997
2022-04-18,FET,,0.0,0.0,-0.007310344827586208
2022-04-18,FIL,,0.0,0.0,-0.007310344827586208
2022-04-18,HBAR,,0.0,0.0,0.0
2022-04-18,ICP,,0.0,0.05,0.0046896551724137925
2022-04-18,JST,,-0.11874999999999998,0.05,-0.03713793103448275
2022-04-18,LINK,,0.0,0.0,0.0
2022-04-18,LTC,,0.05,0.0,0.027999999999999997
2022-04-18,NEAR,,-0.11874999999999998,0.05,-0.03713793103448275
2022-04-18,QNT,,-0.11874999999999998,0.0,-0.05644827586206896
2022-04-18,SHIB,,-0.11874999999999998,0.05,-0.03713793103448275
2022-04-18,SOL,,-0.11874999999999998,0.05,-0.03713793103448275
2022-04-18,STX,,0.0,0.0,0.0
2022-04-18,TRX,,0.05,-0.05,0.015999999999999997
2022-04-18,UNI,,0.0,0.05,0.012
2022-04-18,VET,,0.0,0.0,-0.007310344827586208
2022-04-18,XLM,,0.05,-0.05,0.008689655172413789
2022-04-18,XRP,,0.0,-0.05,-0.0046896551724137925
2022-04-18,ZEC,,0.0,0.0,0.0
2022-04-25,AAVE,,-0.05,0.05,-0.018195341848234403
2022-04-25,ADA,,0.05,0.0,0.02154014352703438
2022-04-25,ALGO,,-0.05,0.0,-0.024214927847871708
2022-04-25,ATOM,,0.0,0.0,0.0013373921604186625
2022-04-25,AVAX,,0.0,0.0,-0.011184888209539098
2022-04-25,BCH,,0.0,0.0,0.0015897303038938815
2022-04-25,BNB,,0.05,-0.05,0.015999999999999997
2022-04-25,BTC,,0.05,-0.05,0.015999999999999997
2022-04-25,CAKE,,-0.05,0.0,-0.029671740200523322
2022-04-25,CHZ,,0.05,0.05,0.03487753568745305
2022-04-25,DASH,,0.05,0.0,0.027999999999999997
2022-04-25,DEXE,,-0.05,0.0,-0.02154014352703438
2022-04-25,DOGE,,0.0,-0.05,-0.012
2022-04-25,DOT,,0.0,0.0,0.005980414000362699
2022-04-25,ETC,,0.0,0.0,-0.010326938521723353
2022-04-25,ETH,,0.05,-0.05,0.015999999999999997
2022-04-25,FET,,-0.05,0.05,-0.014410269696106115
2022-04-25,FIL,,0.0,0.05,0.00846726599134693
2022-04-25,HBAR,,0.0,0.0,0.0
2022-04-25,ICP,,-0.05,0.05,-0.012214927847871707
2022-04-25,JST,,0.0,-0.05,-0.016598862664835873
2022-04-25,LINK,,0.05,0.0,0.022877535687453043
2022-04-25,LTC,,0.0,-0.05,-0.004682193839218633
2022-04-25,NEAR,,0.0,0.05,0.003010453638695308
2022-04-25,QNT,,0.0,0.0,-0.010326938521723353
2022-04-25,SHIB,,-0.05,0.0,-0.029671740200523322
2022-04-25,SOL,,0.0,0.05,0.003010453638695308
2022-04-25,STX,,0.0,0.0,0.0
2022-04-25,TRX,,-0.05,-0.05,-0.02975507137490609
2022-04-25,UNI,,0.05,0.0,0.025072877535687453
2022-04-25,VET,,0.0,0.05,0.00846726599134693
2022-04-25,XLM,,0.05,-0.05,0.014662607839581334
2022-04-25,XRP,,0.0,-0.05,-0.010662607839581338
2022-04-25,ZEC,,-0.05,0.05,-0.013072877535687453
2022-05-02,AAVE,,0.0,0.05,0.012
2022-05-02,ADA,,0.0,0.0,0.0
2022-05-02,ALGO,,-0.05,0.0,-0.027999999999999997
2022-05-02,ATOM,,0.0,0.0,0.0
2022-05-02,AVAX,,0.0,0.0,0.0
2022-05-02,BCH,,0.0,0.0,0.0
2022-05-02,BNB,,0.05,-0.05,0.015999999999999997
2022-05-02,BTC,,0.05,-0.05,0.015999999999999997
2022-05-02,CAKE,,-0.05,0.0,-0.027999999999999997
2022-05-02,CHZ,,0.05,0.05,0.04
2022-05-02,DASH,,0.05,0.0,0.027999999999999997
2022-05-02,DEXE,,-0.05,0.0,-0.027999999999999997
2022-05-02,DOGE,,0.0,-0.05,-0.012
2022-05-02,DOT,,0.0,0.0,0.0
2022-05-02,ETC,,0.0,0.0,0.0
2022-05-02,ETH,,0.05,-0.05,0.015999999999999997
2022-05-02,FET,,-0.05,0.05,-0.015999999999999997
2022-05-02,FIL,,0.0,0.05,0.012
2022-05-02,HBAR,,0.0,0.0,0.0
2022-05-02,ICP,,0.0,0.05,0.012
2022-05-02,JST,,0.0,-0.05,-0.012
2022-05-02,LINK,,0.05,0.0,0.027999999999999997
2022-05-02,LTC,,0.05,-0.05,0.015999999999999997
2022-05-02,NEAR,,-0.05,0.05,-0.015999999999999997
2022-05-02,NEXO,,0.0,0.0,0.0
2022-05-02,QNT,,-0.05,0.0,-0.027999999999999997
2022-05-02,SHIB,,-0.05,0.0,-0.027999999999999997
2022-05-02,SOL,,0.0,0.05,0.012
2022-05-02,STX,,0.0,0.0,0.0
2022-05-02,TRX,,-0.05,-0.05,-0.04
2022-05-02,UNI,,0.0,0.0,0.0
2022-05-02,VET,,0.05,0.05,0.04
2022-05-02,XLM,,0.05,-0.05,0.015999999999999997
2022-05-02,XRP,,0.0,-0.05,-0.012
2022-05-02,ZEC,,-0.05,0.05,-0.015999999999999997
2022-05-09,AAVE,,0.0,0.05,0.012
2022-05-09,ADA,,0.0,0.0,0.0
2022-05-09,ALGO,,-0.05,0.0,-0.027999999999999997
2022-05-09,ATOM,,0.05,0.0,0.027999999999999997
2022-05-09,AVAX,,-0.05,0.0,-0.027999999999999997
2022-05-09,BCH,,0.05,0.0,0.027999999999999997
2022-05-09,BNB,,0.05,-0.05,0.015999999999999997
2022-05-09,BTC,,0.05,-0.05,0.015999999999999997
2022-05-09,CAKE,,-0.05,0.0,-0.027999999999999997
2022-05-09,CHZ,,0.05,0.05,0.04
2022-05-09,DASH,,0.05,0.0,0.027999999999999997
2022-05-09,DEXE,,-0.05,0.0,-0.027999999999999997
2022-05-09,DOGE,,0.0,-0.05,-0.012
2022-05-09,DOT,,0.0,0.0,0.0
2022-05-09,ETC,,0.0,0.0,0.0
2022-05-09,ETH,,0.05,-0.05,0.015999999999999997
2022-05-09,FET,,-0.05,0.05,-0.015999999999999997
2022-05-09,FIL,,0.0,0.05,0.012
2022-05-09,HBAR,,0.0,0.0,0.0
2022-05-09,ICP,,0.0,0.05,0.012
2022-05-09,JST,,-0.05,-0.05,-0.04
2022-05-09,LINK,,0.05,0.0,0.027999999999999997
2022-05-09,LTC,,0.0,-0.05,-0.012
2022-05-09,NEAR,,0.0,0.05,0.012
2022-05-09,NEXO,,0.0,0.0,0.0
2022-05-09,QNT,,0.0,0.0,0.0
2022-05-09,SHIB,,-0.05,0.0,-0.027999999999999997
2022-05-09,SOL,,0.0,0.05,0.012
2022-05-09,STX,,0.0,0.0,0.0
2022-05-09,TRX,,-0.05,-0.05,-0.04
2022-05-09,UNI,,0.0,0.0,0.0
2022-05-09,VET,,0.0,0.05,0.012
2022-05-09,XLM,,0.05,-0.05,0.015999999999999997
2022-05-09,XRP,,0.0,-0.05,-0.012
2022-05-09,ZEC,,-0.05,0.05,-0.015999999999999997
2022-05-16,AAVE,,-0.05,0.05,-0.015999999999999997
2022-05-16,ADA,,0.0,0.0,0.0
2022-05-16,ALGO,,-0.05,0.0,-0.027999999999999997
2022-05-16,ATOM,,0.05,0.0,0.027999999999999997
2022-05-16,AVAX,,-0.05,0.0,-0.027999999999999997
2022-05-16,BCH,,0.05,0.0,0.027999999999999997
2022-05-16,BNB,,0.0,-0.05,-0.012
2022-05-16,BTC,,0.05,-0.05,0.015999999999999997
2022-05-16,CAKE,,-0.05,0.0,-0.027999999999999997
2022-05-16,CHZ,,0.0,0.05,0.012
2022-05-16,DASH,,0.0,0.0,0.0
2022-05-16,DEXE,,0.0,0.0,0.0
2022-05-16,DOGE,,-0.05,-0.05,-0.04
2022-05-16,DOT,,0.05,0.0,0.027999999999999997
2022-05-16,ETC,,0.0,0.0,0.0
2022-05-16,ETH,,0.05,-0.05,0.015999999999999997
2022-05-16,FET,,0.0,0.05,0.012
2022-05-16,FIL,,0.0,0.05,0.012
2022-05-16,HBAR,,0.0,0.0,0.0
2022-05-16,ICP,,0.05,0.05,0.04
2022-05-16,JST,,-0.05,-0.05,-0.04
2022-05-16,LINK,,0.05,0.0,0.027999999999999997
2022-05-16,LTC,,0.0,-0.05,-0.012
2022-05-16,NEAR,,0.0,0.05,0.012
2022-05-16,NEXO,,0.0,0.0,0.0
2022-05-16,QNT,,0.0,0.0,0.0
2022-05-16,SHIB,,-0.05,0.0,-0.027999999999999997
2022-05-16,SOL,,0.05,0.05,0.04
2022-05-16,STX,,0.0,0.0,0.0
2022-05-16,TRX,,-0.05,-0.05,-0.04
2022-05-16,UNI,,-0.05,0.0,-0.027999999999999997
2022-05-16,VET,,0.0,0.05,0.012
2022-05-16,XLM,,0.05,-0.05,0.015999999999999997
2022-05-16,XRP,,0.0,-0.05,-0.012
2022-05-16,ZEC,,0.0,0.05,0.012
2022-05-23,AAVE,,-0.05,0.05,-0.015999999999999997
2022-05-23,ADA,,0.0,-0.11874999999999998,-0.028499999999999994
2022-05-23,ALGO,,-0.05,0.05,-0.015999999999999997
2022-05-23,ATOM,,0.0,0.0,0.0
2022-05-23,AVAX,,-0.05,0.05,-0.015999999999999997
2022-05-23,BCH,,0.05,-0.11874999999999998,-0.0004999999999999949
2022-05-23,BNB,,0.0,-0.11874999999999998,-0.028499999999999994
2022-05-23,BTC,,0.05,-0.11874999999999998,-0.0004999999999999949
2022-05-23,CAKE,,-0.05,0.05,-0.015999999999999997
2022-05-23,CHZ,,0.0,0.0,0.0
2022-05-23,DASH,,0.0,0.0,0.0
2022-05-23,DEXE,,0.0,0.0,0.0
2022-05-23,DOGE,,0.0,0.0,0.0
2022-05-23,DOT,,0.05,0.0,0.027999999999999997
2022-05-23,ETC,,-0.05,-0.11874999999999998,-0.056499999999999995
2022-05-23,ETH,,0.05,-0.11874999999999998,-0.0004999999999999949
2022-05-23,FET,,0.0,0.0,0.0
2022-05-23,FIL,,0.0,0.05,0.012
2022-05-23,HBAR,,0.0,0.0,0.0
2022-05-23,ICP,,0.05,0.0,0.027999999999999997
2022-05-23,JST,,-0.05,0.05,-0.015999999999999997
2022-05-23,LINK,,0.05,0.0,0.027999999999999997
2022-05-23,LTC,,0.0,0.0,0.0
2022-05-23,NEAR,,-0.05,0.05,-0.015999999999999997
2022-05-23,NEXO,,0.0,0.0,0.0
2022-05-23,QNT,,0.0,0.0,0.0
2022-05-23,SHIB,,-0.05,0.05,-0.015999999999999997
2022-05-23,SOL,,0.05,0.0,0.027999999999999997
2022-05-23,STX,,0.0,0.0,0.0
2022-05-23,TRX,,-0.05,-0.05,-0.04
2022-05-23,UNI,,0.0,0.0,0.0
2022-05-23,VET,,0.0,0.05,0.012
2022-05-23,XLM,,0.05,-0.11874999999999998,-0.0004999999999999949
2022-05-23,XRP,,0.0,-0.11874999999999998,-0.028499999999999994
2022-05-23,ZEC,,0.05,0.0,0.027999999999999997
2022-05-30,AAVE,,-0.05,0.05,-0.015999999999999997
2022-05-30,ADA,,-0.05,-0.11874999999999998,-0.056499999999999995
2022-05-30,ALGO,,-0.05,0.05,-0.015999999999999997
2022-05-30,ATOM,,0.05,0.0,0.027999999999999997
2022-05-30,AVAX,,-0.05,0.05,-0.015999999999999997
2022-05-30,BCH,,0.05,-0.11874999999999998,-0.0004999999999999949
2022-05-30,BNB,,0.05,-0.11874999999999998,-0.0004999999999999949
2022-05-30,BTC,,0.05,-0.11874999999999998,-0.0004999999999999949
2022-05-30,CAKE,,0.0,0.05,0.012
2022-05-30,CHZ,,0.0,0.0,0.0
2022-05-30,DASH,,0.0,0.0,0.0
2022-05-30,DEXE,,0.05,0.0,0.027999999999999997
2022-05-30,DOGE,,0.0,0.0,0.0
2022-05-30,DOT,,0.05,0.0,0.027999999999999997
2022-05-30,ETC,,-0.05,-0.11874999999999998,-0.056499999999999995
2022-05-30,ETH,,0.05,-0.11874999999999998,-0.0004999999999999949
2022-05-30,FET,,0.0,0.0,0.0
2022-05-30,FIL,,0.0,0.05,0.012
2022-05-30,HBAR,,0.0,0.0,0.0
2022-05-30,ICP,,0.0,0.0,0.0
2022-05-30,JST,,-0.05,0.05,-0.015999999999999997
2022-05-30,LINK,,0.0,0.0,0.0
2022-05-30,LTC,,0.0,0.0,0.0
2022-05-30,NEAR,,-0.05,0.05,-0.015999999999999997
2022-05-30,NEXO,,0.0,0.0,0.0
2022-05-30,QNT,,0.0,0.0,0.0
2022-05-30,SHIB,,-0.05,0.05,-0.015999999999999997
2022-05-30,SOL,,0.05,0.0,0.027999999999999997
2022-05-30,STX,,0.0,0.0,0.0
2022-05-30,TRX,,0.0,-0.05,-0.012
2022-05-30,UNI,,0.0,0.0,0.0
2022-05-30,VET,,0.0,0.05,0.012
2022-05-30,XLM,,0.0,-0.11874999999999998,-0.028499999999999994
2022-05-30,XRP,,-0.05,-0.11874999999999998,-0.056499999999999995
2022-05-30,ZEC,,0.05,0.0,0.027999999999999997
2022-06-06,AAVE,,-0.05,0.05,-0.015999999999999997
2022-06-06,ADA,,-0.05,-0.11874999999999998,-0.056499999999999995
2022-06-06,ALGO,,-0.05,0.05,-0.015999999999999997
2022-06-06,ATOM,,0.0,0.0,0.0
2022-06-06,AVAX,,-0.05,0.05,-0.015999999999999997
2022-06-06,BCH,,0.05,-0.11874999999999998,-0.0004999999999999949
2022-06-06,BNB,,0.05,-0.11874999999999998,-0.0004999999999999949
2022-06-06,BTC,,0.05,-0.11874999999999998,-0.0004999999999999949
2022-06-06,CAKE,,0.05,0.05,0.04
2022-06-06,CHZ,,0.0,0.0,0.0
2022-06-06,DASH,,0.0,0.0,0.0
2022-06-06,DEXE,,0.05,0.0,0.027999999999999997
2022-06-06,DOGE,,0.0,0.0,0.0
2022-06-06,DOT,,0.0,0.0,0.0
2022-06-06,ETC,,-0.05,-0.11874999999999998,-0.056499999999999995
2022-06-06,ETH,,0.05,-0.11874999999999998,-0.0004999999999999949
2022-06-06,FET,,0.0,0.0,0.0
2022-06-06,FIL,,0.0,0.05,0.012
2022-06-06,HBAR,,0.0,0.0,0.0
2022-06-06,ICP,,0.0,0.0,0.0
2022-06-06,JST,,0.0,0.05,0.012
2022-06-06,LINK,,0.0,0.0,0.0
2022-06-06,LTC,,0.0,0.0,0.0
2022-06-06,NEAR,,-0.05,0.05,-0.015999999999999997
2022-06-06,NEXO,,0.0,0.0,0.0
2022-06-06,QNT,,-0.05,0.0,-0.027999999999999997
2022-06-06,SHIB,,-0.05,0.05,-0.015999999999999997
2022-06-06,SOL,,0.05,0.0,0.027999999999999997
2022-06-06,STX,,0.0,0.0,0.0
2022-06-06,TRX,,0.05,-0.05,0.015999999999999997
2022-06-06,UNI,,0.0,0.0,0.0
2022-06-06,VET,,0.0,0.05,0.012
2022-06-06,XLM,,0.0,-0.11874999999999998,-0.028499999999999994
2022-06-06,XRP,,-0.05,-0.11874999999999998,-0.056499999999999995
2022-06-06,ZEC,,0.05,0.0,0.027999999999999997
2022-06-13,AAVE,,-0.05,0.05,-0.015999999999999997
2022-06-13,ADA,,-0.05,-0.11874999999999998,-0.056499999999999995
2022-06-13,ALGO,,-0.05,0.05,-0.015999999999999997
2022-06-13,ATOM,,0.0,0.0,0.0
2022-06-13,AVAX,,-0.05,0.05,-0.015999999999999997
2022-06-13,BCH,,0.05,-0.11874999999999998,-0.0004999999999999949
2022-06-13,BNB,,0.05,-0.11874999999999998,-0.0004999999999999949
2022-06-13,BTC,,0.05,-0.11874999999999998,-0.0004999999999999949
2022-06-13,CAKE,,0.05,0.05,0.04
2022-06-13,CHZ,,0.0,0.0,0.0
2022-06-13,DASH,,0.05,0.0,0.027999999999999997
2022-06-13,DEXE,,0.0,0.0,0.0
2022-06-13,DOGE,,0.0,0.0,0.0
2022-06-13,DOT,,0.0,0.0,0.0
2022-06-13,ETC,,-0.05,-0.11874999999999998,-0.056499999999999995
2022-06-13,ETH,,0.05,-0.11874999999999998,-0.0004999999999999949
2022-06-13,FET,,0.0,0.0,0.0
2022-06-13,FIL,,0.0,0.05,0.012
2022-06-13,HBAR,,0.0,0.0,0.0
2022-06-13,ICP,,0.0,0.0,0.0
2022-06-13,JST,,0.0,0.05,0.012
2022-06-13,LINK,,0.0,0.0,0.0
2022-06-13,LTC,,0.0,0.0,0.0
2022-06-13,NEAR,,-0.05,0.05,-0.015999999999999997
2022-06-13,NEXO,,0.0,0.0,0.0
2022-06-13,QNT,,-0.05,0.0,-0.027999999999999997
2022-06-13,SHIB,,-0.05,0.05,-0.015999999999999997
2022-06-13,SOL,,0.0,0.0,0.0
2022-06-13,STX,,0.0,0.0,0.0
2022-06-13,TRX,,0.0,-0.05,-0.012
2022-06-13,UNI,,0.05,0.0,0.027999999999999997
2022-06-13,VET,,0.05,0.05,0.04
2022-06-13,XLM,,0.0,-0.11874999999999998,-0.028499999999999994
2022-06-13,XRP,,-0.05,-0.11874999999999998,-0.056499999999999995
2022-06-13,ZEC,,0.05,0.0,0.027999999999999997
2022-06-20,AAVE,,0.0,0.05,0.012
2022-06-20,ADA,,-0.05,-0.05,-0.04
2022-06-20,ALGO,,-0.05,0.05,-0.015999999999999997
2022-06-20,ATOM,,0.0,0.0,0.0
2022-06-20,AVAX,,-0.05,0.05,-0.015999999999999997
2022-06-20,BCH,,0.05,-0.05,0.015999999999999997
2022-06-20,BNB,,0.05,-0.05,0.015999999999999997
2022-06-20,BTC,,0.05,-0.05,0.015999999999999997
2022-06-20,CAKE,,0.05,0.05,0.04
2022-06-20,CHZ,,0.0,0.0,0.0
2022-06-20,DASH,,0.05,0.0,0.027999999999999997
2022-06-20,DEXE,,0.05,0.0,0.027999999999999997
2022-06-20,DOGE,,0.0,0.0,0.0
2022-06-20,DOT,,0.0,0.0,0.0
2022-06-20,ETC,,-0.05,0.0,-0.027999999999999997
2022-06-20,ETH,,0.05,0.0,0.027999999999999997
2022-06-20,FET,,0.0,0.05,0.012
2022-06-20,FIL,,0.0,0.05,0.012
2022-06-20,HBAR,,0.0,0.0,0.0
2022-06-20,ICP,,0.0,0.0,0.0
2022-06-20,JST,,0.0,0.05,0.012
2022-06-20,LINK,,0.0,-0.05,-0.012
2022-06-20,LTC,,0.0,0.0,0.0
2022-06-20,NEAR,,-0.05,0.05,-0.015999999999999997
2022-06-20,NEXO,,0.0,0.0,0.0
2022-06-20,QNT,,-0.05,0.0,-0.027999999999999997
2022-06-20,SHIB,,-0.05,0.05,-0.015999999999999997
2022-06-20,SOL,,0.0,0.0,0.0
2022-06-20,STX,,-0.05,0.0,-0.027999999999999997
2022-06-20,TRX,,0.05,-0.05,0.015999999999999997
2022-06-20,UNI,,0.0,0.0,0.0
2022-06-20,VET,,0.0,0.0,0.0
2022-06-20,XLM,,0.0,-0.05,-0.012
2022-06-20,XRP,,-0.05,-0.05,-0.04
2022-06-20,ZEC,,0.05,-0.05,0.015999999999999997
2022-06-27,AAVE,,-0.05,0.05,-0.015999999999999997
2022-06-27,ADA,,-0.05,-0.05,-0.04
2022-06-27,ALGO,,-0.05,0.05,-0.015999999999999997
2022-06-27,ATOM,,0.0,0.0,0.0
2022-06-27,AVAX,,-0.05,0.05,-0.015999999999999997
2022-06-27,BCH,,0.05,-0.05,0.015999999999999997
2022-06-27,BNB,,0.05,-0.05,0.015999999999999997
2022-06-27,BTC,,0.05,-0.05,0.015999999999999997
2022-06-27,CAKE,,0.05,0.05,0.04
2022-06-27,CHZ,,0.0,0.0,0.0
2022-06-27,DASH,,0.0,0.0,0.0
2022-06-27,DEXE,,0.05,0.0,0.027999999999999997
2022-06-27,DOGE,,0.0,0.0,0.0
2022-06-27,DOT,,0.0,0.0,0.0
2022-06-27,ETC,,0.0,0.0,0.0
2022-06-27,ETH,,0.05,0.0,0.027999999999999997
2022-06-27,FET,,0.0,0.05,0.012
2022-06-27,FIL,,0.0,0.05,0.012
2022-06-27,HBAR,,0.0,0.0,0.0
2022-06-27,ICP,,0.0,0.0,0.0
2022-06-27,JST,,0.0,0.05,0.012
2022-06-27,LINK,,0.05,-0.05,0.015999999999999997
2022-06-27,LTC,,0.0,0.0,0.0
2022-06-27,NEAR,,-0.05,0.05,-0.015999999999999997
2022-06-27,NEXO,,0.0,0.0,0.0
2022-06-27,QNT,,-0.05,0.0,-0.027999999999999997
2022-06-27,SHIB,,-0.05,0.05,-0.015999999999999997
2022-06-27,SOL,,0.0,0.0,0.0
2022-06-27,STX,,-0.05,0.0,-0.027999999999999997
2022-06-27,TRX,,0.05,-0.05,0.015999999999999997
2022-06-27,UNI,,0.0,0.0,0.0
2022-06-27,VET,,0.0,0.0,0.0
2022-06-27,XLM,,0.0,-0.05,-0.012
2022-06-27,XRP,,-0.05,-0.05,-0.04
2022-06-27,ZEC,,0.05,-0.05,0.015999999999999997
2022-07-04,AAVE,,0.0,0.05,0.012
2022-07-04,ADA,,-0.11874999999999998,-0.05,-0.07849999999999999
2022-07-04,ALGO,,-0.11874999999999998,0.05,-0.054499999999999986
2022-07-04,ATOM,,0.0,0.0,0.0
2022-07-04,AVAX,,-0.11874999999999998,0.05,-0.054499999999999986
2022-07-04,BCH,,0.05,-0.05,0.015999999999999997
2022-07-04,BNB,,0.05,-0.05,0.015999999999999997
2022-07-04,BTC,,0.05,-0.05,0.015999999999999997
2022-07-04,CAKE,,0.05,0.05,0.04
2022-07-04,CHZ,,0.0,0.0,0.0
2022-07-04,DASH,,0.05,0.0,0.027999999999999997
2022-07-04,DEXE,,0.05,0.0,0.027999999999999997
2022-07-04,DOGE,,0.0,0.0,0.0
2022-07-04,DOT,,0.0,0.0,0.0
2022-07-04,ETC,,-0.11874999999999998,0.0,-0.06649999999999999
2022-07-04,ETH,,0.05,0.0,0.027999999999999997
2022-07-04,FET,,0.0,0.05,0.012
2022-07-04,FIL,,0.0,0.05,0.012
2022-07-04,HBAR,,0.0,0.0,0.0
2022-07-04,ICP,,0.0,0.0,0.0
2022-07-04,JST,,0.0,0.05,0.012
2022-07-04,LINK,,0.0,-0.05,-0.012
2022-07-04,LTC,,0.0,0.0,0.0
2022-07-04,NEAR,,-0.11874999999999998,0.05,-0.054499999999999986
2022-07-04,NEXO,,0.0,0.0,0.0
2022-07-04,QNT,,-0.05,0.0,-0.027999999999999997
2022-07-04,SHIB,,-0.11874999999999998,0.05,-0.054499999999999986
2022-07-04,SOL,,0.0,0.0,0.0
2022-07-04,STX,,0.0,0.0,0.0
2022-07-04,TRX,,0.05,-0.05,0.015999999999999997
2022-07-04,UNI,,0.05,0.0,0.027999999999999997
2022-07-04,VET,,0.0,0.0,0.0
2022-07-04,XLM,,-0.11874999999999998,-0.05,-0.07849999999999999
2022-07-04,XRP,,-0.11874999999999998,-0.05,-0.07849999999999999
2022-07-04,ZEC,,0.0,-0.05,-0.012
2022-07-11,AAVE,,0.0,0.05,0.012
2022-07-11,ADA,,-0.11874999999999998,-0.05,-0.07849999999999999
2022-07-11,ALGO,,-0.11874999999999998,0.05,-0.054499999999999986
2022-07-11,ATOM,,0.0,0.0,0.0
2022-07-11,AVAX,,-0.11874999999999998,0.05,-0.054499999999999986
2022-07-11,BCH,,0.11874999999999998,-0.05,0.054499999999999986
2022-07-11,BNB,,0.11874999999999998,-0.05,0.054499999999999986
2022-07-11,BTC,,0.11874999999999998,-0.05,0.054499999999999986
2022-07-11,CAKE,,0.11874999999999998,0.05,0.07849999999999999
2022-07-11,CHZ,,0.0,0.0,0.0
2022-07-11,DASH,,0.11874999999999998,0.0,0.06649999999999999
2022-07-11,DEXE,,0.11874999999999998,0.0,0.06649999999999999
2022-07-11,DOGE,,0.0,0.0,0.0
2022-07-11,DOT,,0.0,0.0,0.0
2022-07-11,ETC,,-0.11874999999999998,0.0,-0.06649999999999999
2022-07-11,ETH,,0.11874999999999998,0.0,0.06649999999999999
2022-07-11,FET,,0.0,0.05,0.012
2022-07-11,FIL,,0.0,0.05,0.012
2022-07-11,HBAR,,0.0,0.0,0.0
2022-07-11,ICP,,0.0,0.0,0.0
2022-07-11,JST,,0.0,0.05,0.012
2022-07-11,LINK,,0.0,-0.05,-0.012
2022-07-11,LTC,,0.0,0.0,0.0
2022-07-11,NEAR,,-0.11874999999999998,0.05,-0.054499999999999986
2022-07-11,NEXO,,0.0,0.0,0.0
2022-07-11,QNT,,-0.05,0.0,-0.027999999999999997
2022-07-11,SHIB,,-0.11874999999999998,0.05,-0.054499999999999986
2022-07-11,SOL,,0.0,0.0,0.0
2022-07-11,STX,,0.0,0.0,0.0
2022-07-11,TRX,,0.11874999999999998,-0.05,0.054499999999999986
2022-07-11,UNI,,0.05,0.0,0.027999999999999997
2022-07-11,VET,,0.0,0.0,0.0
2022-07-11,XLM,,-0.11874999999999998,-0.05,-0.07849999999999999
2022-07-11,XRP,,-0.11874999999999998,-0.05,-0.07849999999999999
2022-07-11,ZEC,,0.0,-0.05,-0.012
2022-07-18,AAVE,,0.0,0.05,0.012
2022-07-18,ADA,,-0.11874999999999998,-0.05,-0.07849999999999999
2022-07-18,ALGO,,-0.11874999999999998,-0.05,-0.07849999999999999
2022-07-18,ATOM,,0.0,0.0,0.0
2022-07-18,AVAX,,-0.11874999999999998,0.05,-0.054499999999999986
2022-07-18,BCH,,0.05,0.0,0.027999999999999997
2022-07-18,BNB,,0.05,-0.05,0.015999999999999997
2022-07-18,BTC,,0.05,-0.05,0.015999999999999997
2022-07-18,CAKE,,0.05,0.0,0.027999999999999997
2022-07-18,CHZ,,0.0,0.0,0.0
2022-07-18,DASH,,0.05,0.0,0.027999999999999997
2022-07-18,DEXE,,0.05,0.0,0.027999999999999997
2022-07-18,DOGE,,0.0,0.0,0.0
2022-07-18,DOT,,0.0,0.0,0.0
2022-07-18,ETC,,-0.11874999999999998,0.05,-0.054499999999999986
2022-07-18,ETH,,0.05,0.0,0.027999999999999997
2022-07-18,FET,,0.0,0.05,0.012
2022-07-18,FIL,,0.0,0.0,0.0
2022-07-18,HBAR,,0.0,0.0,0.0
2022-07-18,ICP,,0.0,0.05,0.012
2022-07-18,JST,,0.0,0.0,0.0
2022-07-18,LINK,,0.0,-0.05,-0.012
2022-07-18,LTC,,0.0,0.0,0.0
2022-07-18,NEAR,,-0.11874999999999998,0.05,-0.054499999999999986
2022-07-18,NEXO,,0.0,0.05,0.012
2022-07-18,QNT,,-0.05,0.05,-0.015999999999999997
2022-07-18,SHIB,,-0.11874999999999998,0.0,-0.06649999999999999
2022-07-18,SOL,,0.0,0.05,0.012
2022-07-18,STX,,0.0,0.0,0.0
2022-07-18,TRX,,0.05,-0.05,0.015999999999999997
2022-07-18,UNI,,0.05,0.0,0.027999999999999997
2022-07-18,VET,,0.0,0.0,0.0
2022-07-18,XLM,,-0.11874999999999998,-0.05,-0.07849999999999999
2022-07-18,XRP,,-0.11874999999999998,-0.05,-0.07849999999999999
2022-07-18,ZEC,,0.0,-0.05,-0.012
2022-07-25,AAVE,,0.0,0.05,0.012
2022-07-25,ADA,,-0.1285714285714286,-0.05,-0.08400000000000002
2022-07-25,ALGO,,-0.1285714285714286,-0.05,-0.08400000000000002
2022-07-25,ATOM,,0.0,0.0,0.0
2022-07-25,AVAX,,-0.1285714285714286,0.05,-0.06000000000000001
2022-07-25,BCH,,0.0,0.0,0.0
2022-07-25,BNB,,0.05,-0.05,0.015999999999999997
2022-07-25,BTC,,0.05,-0.05,0.015999999999999997
2022-07-25,CAKE,,0.05,0.0,0.027999999999999997
2022-07-25,CHZ,,0.0,0.0,0.0
2022-07-25,DASH,,0.05,0.0,0.027999999999999997
2022-07-25,DEXE,,0.05,0.0,0.027999999999999997
2022-07-25,DOGE,,0.0,0.0,0.0
2022-07-25,DOT,,0.0,0.0,0.0
2022-07-25,ETC,,-0.1285714285714286,0.05,-0.06000000000000001
2022-07-25,ETH,,0.05,0.0,0.027999999999999997
2022-07-25,FET,,0.0,0.05,0.012
2022-07-25,FIL,,-0.05,0.0,-0.027999999999999997
2022-07-25,HBAR,,0.0,0.0,0.0
2022-07-25,ICP,,0.0,0.05,0.012
2022-07-25,JST,,0.0,0.0,0.0
2022-07-25,LINK,,0.05,-0.05,0.015999999999999997
2022-07-25,LTC,,0.0,0.0,0.0
2022-07-25,NEAR,,-0.1285714285714286,0.05,-0.06000000000000001
2022-07-25,NEXO,,0.0,0.05,0.012
2022-07-25,QNT,,-0.05,0.05,-0.015999999999999997
2022-07-25,SHIB,,-0.1285714285714286,0.0,-0.07200000000000001
2022-07-25,SOL,,0.0,0.05,0.012
2022-07-25,STX,,0.0,0.0,0.0
2022-07-25,TRX,,0.05,-0.05,0.015999999999999997
2022-07-25,UNI,,0.05,0.0,0.027999999999999997
2022-07-25,VET,,0.0,0.0,0.0
2022-07-25,XLM,,0.0,-0.05,-0.012
2022-07-25,XRP,,-0.1285714285714286,-0.05,-0.08400000000000002
2022-07-25,ZEC,,0.0,-0.05,-0.012
2022-08-01,AAVE,,0.0,0.05,0.012
2022-08-01,ADA,,-0.11874999999999998,-0.05,-0.07849999999999999
2022-08-01,ALGO,,-0.11874999999999998,-0.05,-0.07849999999999999
2022-08-01,ATOM,,0.0,0.0,0.0
2022-08-01,AVAX,,-0.11874999999999998,0.05,-0.054499999999999986
2022-08-01,BCH,,0.0,0.0,0.0
2022-08-01,BNB,,0.05,-0.05,0.015999999999999997
2022-08-01,BTC,,0.05,-0.05,0.015999999999999997
2022-08-01,CAKE,,0.05,0.0,0.027999999999999997
2022-08-01,CHZ,,0.0,0.0,0.0
2022-08-01,DASH,,0.05,0.0,0.027999999999999997
2022-08-01,DEXE,,0.05,0.0,0.027999999999999997
2022-08-01,DOGE,,-0.11874999999999998,0.0,-0.06649999999999999
2022-08-01,DOT,,0.0,0.0,0.0
2022-08-01,ETC,,-0.11874999999999998,0.05,-0.054499999999999986
2022-08-01,ETH,,0.05,0.0,0.027999999999999997
2022-08-01,FET,,0.0,0.05,0.012
2022-08-01,FIL,,-0.05,0.0,-0.027999999999999997
2022-08-01,HBAR,,0.0,0.0,0.0
2022-08-01,ICP,,0.0,0.05,0.012
2022-08-01,JST,,0.0,0.0,0.0
2022-08-01,LINK,,0.05,-0.05,0.015999999999999997
2022-08-01,LTC,,0.0,0.0,0.0
2022-08-01,NEAR,,0.0,0.05,0.012
2022-08-01,NEXO,,0.0,0.05,0.012
2022-08-01,QNT,,-0.11874999999999998,0.05,-0.054499999999999986
2022-08-01,SHIB,,-0.11874999999999998,0.0,-0.06649999999999999
2022-08-01,SOL,,0.0,0.05,0.012
2022-08-01,STX,,0.0,0.0,0.0
2022-08-01,TRX,,0.05,-0.05,0.015999999999999997
2022-08-01,UNI,,0.05,0.0,0.027999999999999997
2022-08-01,VET,,0.0,0.0,0.0
2022-08-01,XLM,,0.0,-0.05,-0.012
2022-08-01,XRP,,-0.11874999999999998,-0.05,-0.07849999999999999
2022-08-01,ZEC,,0.0,-0.05,-0.012
2022-08-08,AAVE,,0.0,0.05,0.012
2022-08-08,ADA,,-0.11874999999999998,-0.05,-0.07849999999999999
2022-08-08,ALGO,,-0.11874999999999998,-0.05,-0.07849999999999999
2022-08-08,ATOM,,0.0,0.0,0.0
2022-08-08,AVAX,,-0.11874999999999998,0.05,-0.054499999999999986
2022-08-08,BCH,,0.05,0.0,0.027999999999999997
2022-08-08,BNB,,0.05,-0.05,0.015999999999999997
2022-08-08,BTC,,0.05,-0.05,0.015999999999999997
2022-08-08,CAKE,,0.05,0.0,0.027999999999999997
2022-08-08,CHZ,,0.0,0.0,0.0
2022-08-08,DASH,,0.05,0.0,0.027999999999999997
2022-08-08,DEXE,,0.05,0.0,0.027999999999999997
2022-08-08,DOGE,,0.0,0.0,0.0
2022-08-08,DOT,,0.0,0.0,0.0
2022-08-08,ETC,,-0.11874999999999998,0.05,-0.054499999999999986
2022-08-08,ETH,,0.05,0.0,0.027999999999999997
2022-08-08,FET,,0.0,0.05,0.012
2022-08-08,FIL,,-0.05,0.0,-0.027999999999999997
2022-08-08,HBAR,,0.0,0.0,0.0
2022-08-08,ICP,,0.0,0.05,0.012
2022-08-08,JST,,0.0,0.0,0.0
2022-08-08,LINK,,0.0,-0.05,-0.012
2022-08-08,LTC,,0.0,0.0,0.0
2022-08-08,NEAR,,-0.11874999999999998,0.05,-0.054499999999999986
2022-08-08,NEXO,,0.0,0.05,0.012
2022-08-08,QNT,,-0.11874999999999998,0.05,-0.054499999999999986
2022-08-08,SHIB,,-0.11874999999999998,0.0,-0.06649999999999999
2022-08-08,SOL,,0.0,0.05,0.012
2022-08-08,STX,,-0.11874999999999998,0.0,-0.06649999999999999
2022-08-08,TRX,,0.05,-0.05,0.015999999999999997
2022-08-08,UNI,,0.0,0.0,0.0
2022-08-08,VET,,0.0,0.0,0.0
2022-08-08,XLM,,0.0,-0.05,-0.012
2022-08-08,XRP,,0.05,-0.05,0.015999999999999997
2022-08-08,ZEC,,0.0,-0.05,-0.012
2022-08-15,AAVE,,0.0,0.11874999999999998,0.028499999999999994
2022-08-15,ADA,,-0.11874999999999998,0.0,-0.06649999999999999
2022-08-15,ALGO,,-0.11874999999999998,0.0,-0.06649999999999999
2022-08-15,ATOM,,0.0,-0.05,-0.012
2022-08-15,AVAX,,0.0,0.11874999999999998,0.028499999999999994
2022-08-15,BCH,,0.05,0.0,0.027999999999999997
2022-08-15,BNB,,0.0,-0.05,-0.012
2022-08-15,BTC,,0.05,-0.05,0.015999999999999997
2022-08-15,CAKE,,0.05,0.0,0.027999999999999997
2022-08-15,CHZ,,0.0,-0.05,-0.012
2022-08-15,DASH,,0.05,0.0,0.027999999999999997
2022-08-15,DEXE,,0.05,0.0,0.027999999999999997
2022-08-15,DOGE,,0.0,0.0,0.0
2022-08-15,DOT,,0.0,0.0,0.0
2022-08-15,ETC,,-0.11874999999999998,0.11874999999999998,-0.03799999999999999
2022-08-15,ETH,,0.05,0.0,0.027999999999999997
2022-08-15,FET,,0.0,0.0,0.0
2022-08-15,FIL,,-0.05,0.05,-0.015999999999999997
2022-08-15,HBAR,,0.0,0.0,0.0
2022-08-15,ICP,,-0.11874999999999998,0.11874999999999998,-0.03799999999999999
2022-08-15,JST,,0.0,-0.05,-0.012
2022-08-15,LINK,,0.05,0.0,0.027999999999999997
2022-08-15,LTC,,0.0,-0.05,-0.012
2022-08-15,NEAR,,-0.11874999999999998,0.11874999999999998,-0.03799999999999999
2022-08-15,NEXO,,-0.11874999999999998,0.0,-0.06649999999999999
2022-08-15,QNT,,-0.11874999999999998,0.0,-0.06649999999999999
2022-08-15,SHIB,,-0.11874999999999998,0.11874999999999998,-0.03799999999999999
2022-08-15,SOL,,0.0,0.11874999999999998,0.028499999999999994
2022-08-15,STX,,0.0,0.0,0.0
2022-08-15,TRX,,0.05,-0.05,0.015999999999999997
2022-08-15,UNI,,0.0,0.11874999999999998,0.028499999999999994
2022-08-15,VET,,0.0,0.0,0.0
2022-08-15,XLM,,0.0,-0.05,-0.012
2022-08-15,XRP,,0.05,-0.05,0.015999999999999997
2022-08-15,ZEC,,0.0,0.0,0.0
2022-08-22,AAVE,,0.0,0.11874999999999998,0.028499999999999994
2022-08-22,ADA,,-0.05,0.0,-0.027999999999999997
2022-08-22,ALGO,,-0.05,0.0,-0.027999999999999997
2022-08-22,ATOM,,0.0,-0.05,-0.012
2022-08-22,AVAX,,0.0,0.11874999999999998,0.028499999999999994
2022-08-22,BCH,,0.05,0.0,0.027999999999999997
2022-08-22,BNB,,0.0,-0.05,-0.012
2022-08-22,BTC,,0.05,-0.05,0.015999999999999997
2022-08-22,CAKE,,0.05,0.0,0.027999999999999997
2022-08-22,CHZ,,0.0,-0.05,-0.012
2022-08-22,DASH,,0.05,0.0,0.027999999999999997
2022-08-22,DEXE,,0.0,0.0,0.0
2022-08-22,DOGE,,0.0,0.0,0.0
2022-08-22,DOT,,0.0,0.0,0.0
2022-08-22,ETC,,-0.05,0.11874999999999998,0.0004999999999999949
2022-08-22,ETH,,0.0,0.0,0.0
2022-08-22,FET,,0.0,0.0,0.0
2022-08-22,FIL,,0.0,0.05,0.012
2022-08-22,HBAR,,0.0,0.0,0.0
2022-08-22,ICP,,0.05,0.11874999999999998,0.056499999999999995
2022-08-22,JST,,0.0,-0.05,-0.012
2022-08-22,LINK,,0.0,0.0,0.0
2022-08-22,LTC,,0.0,-0.05,-0.012
2022-08-22,NEAR,,-0.05,0.11874999999999998,0.0004999999999999949
2022-08-22,NEXO,,-0.05,0.0,-0.027999999999999997
2022-08-22,QNT,,-0.05,0.0,-0.027999999999999997
2022-08-22,SHIB,,-0.05,0.11874999999999998,0.0004999999999999949
2022-08-22,SOL,,0.0,0.11874999999999998,0.028499999999999994
2022-08-22,STX,,-0.05,0.0,-0.027999999999999997
2022-08-22,TRX,,0.05,-0.05,0.015999999999999997
2022-08-22,UNI,,0.05,0.11874999999999998,0.056499999999999995
2022-08-22,VET,,-0.05,0.0,-0.027999999999999997
2022-08-22,XLM,,0.05,-0.05,0.015999999999999997
2022-08-22,XRP,,0.05,-0.05,0.015999999999999997
2022-08-22,ZEC,,0.0,0.0,0.0
2022-08-29,AAVE,,0.0,0.11874999999999998,0.028499999999999994
2022-08-29,ADA,,-0.05,0.0,-0.027999999999999997
2022-08-29,ALGO,,-0.05,0.0,-0.027999999999999997
2022-08-29,ATOM,,-0.05,-0.05,-0.04
2022-08-29,AVAX,,0.05,0.11874999999999998,0.056499999999999995
2022-08-29,BCH,,0.05,0.0,0.027999999999999997
2022-08-29,BNB,,0.05,-0.05,0.015999999999999997
2022-08-29,BTC,,0.05,-0.05,0.015999999999999997
2022-08-29,CAKE,,0.05,0.0,0.027999999999999997
2022-08-29,CHZ,,0.0,-0.05,-0.012
2022-08-29,DASH,,0.0,0.0,0.0
2022-08-29,DEXE,,-0.05,0.0,-0.027999999999999997
2022-08-29,DOGE,,-0.05,0.0,-0.027999999999999997
2022-08-29,DOT,,0.0,0.0,0.0
2022-08-29,ETC,,0.0,0.11874999999999998,0.028499999999999994
2022-08-29,ETH,,0.0,0.0,0.0
2022-08-29,FET,,0.0,0.0,0.0
2022-08-29,FIL,,-0.05,0.05,-0.015999999999999997
2022-08-29,HBAR,,0.05,0.0,0.027999999999999997
2022-08-29,ICP,,0.0,0.11874999999999998,0.028499999999999994
2022-08-29,JST,,0.0,-0.05,-0.012
2022-08-29,LINK,,0.0,0.0,0.0
2022-08-29,LTC,,0.0,-0.05,-0.012
2022-08-29,NEAR,,-0.05,0.11874999999999998,0.0004999999999999949
2022-08-29,NEXO,,-0.05,0.0,-0.027999999999999997
2022-08-29,QNT,,0.0,0.0,0.0
2022-08-29,SHIB,,-0.05,0.11874999999999998,0.0004999999999999949
2022-08-29,SOL,,0.0,0.11874999999999998,0.028499999999999994
2022-08-29,STX,,0.0,0.0,0.0
2022-08-29,TRX,,0.05,-0.05,0.015999999999999997
2022-08-29,UNI,,0.0,0.11874999999999998,0.028499999999999994
2022-08-29,VET,,0.0,0.0,0.0
2022-08-29,XLM,,0.05,-0.05,0.015999999999999997
2022-08-29,XRP,,0.05,-0.05,0.015999999999999997
2022-08-29,ZEC,,0.0,0.0,0.0
2022-09-05,AAVE,,0.0,0.11874999999999998,0.028499999999999994
2022-09-05,ADA,,-0.05,0.0,-0.027999999999999997
2022-09-05,ALGO,,0.0,0.0,0.0
2022-09-05,ATOM,,-0.05,-0.05,-0.04
2022-09-05,AVAX,,0.0,0.11874999999999998,0.028499999999999994
2022-09-05,BCH,,0.0,0.0,0.0
2022-09-05,BNB,,0.05,-0.05,0.015999999999999997
2022-09-05,BTC,,0.0,-0.05,-0.012
2022-09-05,CAKE,,0.0,0.0,0.0
2022-09-05,CHZ,,0.0,-0.05,-0.012
2022-09-05,DASH,,0.05,0.0,0.027999999999999997
2022-09-05,DEXE,,-0.05,0.0,-0.027999999999999997
2022-09-05,DOGE,,0.05,0.0,0.027999999999999997
2022-09-05,DOT,,0.0,0.0,0.0
2022-09-05,ETC,,-0.05,0.11874999999999998,0.0004999999999999949
2022-09-05,ETH,,0.0,0.0,0.0
2022-09-05,FET,,0.0,0.0,0.0
2022-09-05,FIL,,-0.05,0.05,-0.015999999999999997
2022-09-05,HBAR,,0.05,0.0,0.027999999999999997
2022-09-05,ICP,,0.0,0.11874999999999998,0.028499999999999994
2022-09-05,JST,,0.05,-0.05,0.015999999999999997
2022-09-05,LINK,,-0.05,0.0,-0.027999999999999997
2022-09-05,LTC,,0.0,-0.05,-0.012
2022-09-05,NEAR,,-0.05,0.11874999999999998,0.0004999999999999949
2022-09-05,NEXO,,0.0,0.0,0.0
2022-09-05,QNT,,-0.05,0.0,-0.027999999999999997
2022-09-05,SHIB,,0.0,0.11874999999999998,0.028499999999999994
2022-09-05,SOL,,0.0,0.11874999999999998,0.028499999999999994
2022-09-05,STX,,0.0,0.0,0.0
2022-09-05,TRX,,0.05,-0.05,0.015999999999999997
2022-09-05,UNI,,-0.05,0.11874999999999998,0.0004999999999999949
2022-09-05,VET,,0.0,0.0,0.0
2022-09-05,XLM,,0.05,-0.05,0.015999999999999997
2022-09-05,XRP,,0.05,-0.05,0.015999999999999997
2022-09-05,ZEC,,0.05,0.0,0.027999999999999997
2022-09-12,AAVE,,0.0,0.05,0.012
2022-09-12,ADA,,-0.05,0.0,-0.027999999999999997
2022-09-12,ALGO,,0.0,0.0,0.0
2022-09-12,ATOM,,-0.05,-0.05,-0.04
2022-09-12,AVAX,,0.0,0.05,0.012
2022-09-12,BCH,,0.0,0.0,0.0
2022-09-12,BNB,,0.05,-0.05,0.015999999999999997
2022-09-12,BTC,,0.0,-0.05,-0.012
2022-09-12,CAKE,,0.0,0.0,0.0
2022-09-12,CHZ,,0.0,-0.05,-0.012
2022-09-12,DASH,,0.0,0.0,0.0
2022-09-12,DEXE,,-0.05,0.0,-0.027999999999999997
2022-09-12,DOGE,,0.05,0.0,0.027999999999999997
2022-09-12,DOT,,0.0,0.0,0.0
2022-09-12,ETC,,-0.05,0.05,-0.015999999999999997
2022-09-12,ETH,,-0.05,0.05,-0.015999999999999997
2022-09-12,FET,,0.0,0.0,0.0
2022-09-12,FIL,,-0.05,0.05,-0.015999999999999997
2022-09-12,HBAR,,0.05,0.0,0.027999999999999997
2022-09-12,ICP,,0.0,0.05,0.012
2022-09-12,JST,,0.05,-0.05,0.015999999999999997
2022-09-12,LINK,,0.0,0.0,0.0
2022-09-12,LTC,,0.0,-0.05,-0.012
2022-09-12,LUNC,,0.0,0.0,0.0
2022-09-12,NEAR,,-0.05,0.05,-0.015999999999999997
2022-09-12,NEXO,,0.0,0.0,0.0
2022-09-12,QNT,,-0.05,0.0,-0.027999999999999997
2022-09-12,SHIB,,-0.05,0.05,-0.015999999999999997
2022-09-12,SOL,,0.0,0.0,0.0
2022-09-12,STX,,0.0,0.0,0.0
2022-09-12,TRX,,0.05,-0.05,0.015999999999999997
2022-09-12,UNI,,0.0,0.05,0.012
2022-09-12,VET,,0.05,0.0,0.027999999999999997
2022-09-12,XLM,,0.05,-0.05,0.015999999999999997
2022-09-12,XRP,,0.05,-0.05,0.015999999999999997
2022-09-12,ZEC,,0.05,0.0,0.027999999999999997
2022-09-19,AAVE,,-0.05,0.05,-0.015999999999999997
2022-09-19,ADA,,-0.05,0.0,-0.027999999999999997
2022-09-19,ALGO,,-0.05,0.0,-0.027999999999999997
2022-09-19,ATOM,,-0.05,-0.05,-0.04
2022-09-19,AVAX,,0.0,0.05,0.012
2022-09-19,BCH,,0.0,0.0,0.0
2022-09-19,BNB,,0.05,-0.05,0.015999999999999997
2022-09-19,BTC,,0.0,-0.05,-0.012
2022-09-19,CAKE,,0.05,0.0,0.027999999999999997
2022-09-19,CHZ,,0.05,-0.05,0.015999999999999997
2022-09-19,DASH,,0.0,0.0,0.0
2022-09-19,DEXE,,0.0,0.0,0.0
2022-09-19,DOGE,,0.05,0.0,0.027999999999999997
2022-09-19,DOT,,0.0,0.0,0.0
2022-09-19,ETC,,-0.05,0.05,-0.015999999999999997
2022-09-19,ETH,,-0.05,0.05,-0.015999999999999997
2022-09-19,FET,,0.0,0.0,0.0
2022-09-19,FIL,,0.0,0.05,0.012
2022-09-19,HBAR,,0.05,0.0,0.027999999999999997
2022-09-19,ICP,,0.0,0.05,0.012
2022-09-19,JST,,0.05,-0.05,0.015999999999999997
2022-09-19,LINK,,0.0,0.0,0.0
2022-09-19,LTC,,0.0,-0.05,-0.012
2022-09-19,LUNC,,0.0,0.0,0.0
2022-09-19,NEAR,,-0.05,0.05,-0.015999999999999997
2022-09-19,NEXO,,0.0,0.0,0.0
2022-09-19,QNT,,0.0,0.0,0.0
2022-09-19,SHIB,,-0.05,0.05,-0.015999999999999997
2022-09-19,SOL,,0.0,0.0,0.0
2022-09-19,STX,,0.0,0.0,0.0
2022-09-19,TRX,,0.05,-0.05,0.015999999999999997
2022-09-19,UNI,,0.0,0.05,0.012
2022-09-19,VET,,0.05,0.0,0.027999999999999997
2022-09-19,XLM,,0.05,-0.05,0.015999999999999997
2022-09-19,XRP,,-0.05,-0.05,-0.04
2022-09-19,ZEC,,0.0,0.0,0.0
2022-09-26,AAVE,,0.0,0.05,0.012
2022-09-26,ADA,,0.05,0.0,0.027999999999999997
2022-09-26,ALGO,,-0.05,0.0,-0.027999999999999997
2022-09-26,ATOM,,-0.05,-0.05,-0.04
2022-09-26,AVAX,,0.0,0.05,0.012
2022-09-26,BCH,,0.0,0.0,0.0
2022-09-26,BNB,,0.05,-0.05,0.015999999999999997
2022-09-26,BTC,,0.0,-0.05,-0.012
2022-09-26,CAKE,,0.0,0.0,0.0
2022-09-26,CHZ,,-0.05,-0.05,-0.04
2022-09-26,DASH,,0.05,0.0,0.027999999999999997
2022-09-26,DEXE,,0.0,0.0,0.0
2022-09-26,DOGE,,0.05,0.0,0.027999999999999997
2022-09-26,DOT,,0.0,0.0,0.0
2022-09-26,ETC,,-0.05,0.05,-0.015999999999999997
2022-09-26,ETH,,-0.05,0.05,-0.015999999999999997
2022-09-26,FET,,-0.05,0.0,-0.027999999999999997
2022-09-26,FIL,,-0.05,0.05,-0.015999999999999997
2022-09-26,HBAR,,0.05,0.0,0.027999999999999997
2022-09-26,ICP,,0.0,0.05,0.012
2022-09-26,JST,,0.0,-0.05,-0.012
2022-09-26,LINK,,0.0,0.0,0.0
2022-09-26,LTC,,0.05,-0.05,0.015999999999999997
2022-09-26,LUNC,,0.0,0.0,0.0
2022-09-26,NEAR,,-0.05,0.05,-0.015999999999999997
2022-09-26,NEXO,,0.05,0.0,0.027999999999999997
2022-09-26,QNT,,0.0,0.0,0.0
2022-09-26,SHIB,,0.0,0.05,0.012
2022-09-26,SOL,,0.0,0.0,0.0
2022-09-26,STX,,0.0,0.0,0.0
2022-09-26,TRX,,0.05,-0.05,0.015999999999999997
2022-09-26,UNI,,0.0,0.05,0.012
2022-09-26,VET,,0.05,0.0,0.027999999999999997
2022-09-26,XLM,,0.0,-0.05,-0.012
2022-09-26,XRP,,-0.05,-0.05,-0.04
2022-09-26,ZEC,,0.0,0.0,0.0
2022-10-03,AAVE,,0.0,0.05,0.012
2022-10-03,ADA,,0.05,0.0,0.027999999999999997
2022-10-03,ALGO,,-0.11874999999999998,0.0,-0.056448275862068964
2022-10-03,ATOM,,-0.11874999999999998,-0.05,-0.06844827586206896
2022-10-03,AVAX,,0.0,0.05,0.012
2022-10-03,BCH,,0.05,0.0,0.020689655172413793
2022-10-03,BNB,,0.05,-0.05,0.015999999999999997
2022-10-03,BTC,,0.05,-0.05,0.008689655172413793
2022-10-03,CAKE,,0.05,0.0,0.020689655172413793
2022-10-03,CHZ,,-0.11874999999999998,-0.05,-0.06844827586206896
2022-10-03,DASH,,0.0,0.0,0.007310344827586204
2022-10-03,DEXE,,0.05,0.0,0.020689655172413793
2022-10-03,DOGE,,0.0,0.0,0.007310344827586204
2022-10-03,DOT,,0.0,0.0,0.0
2022-10-03,ETC,,0.0,0.05,0.004689655172413796
2022-10-03,ETH,,0.0,0.05,0.004689655172413796
2022-10-03,FET,,0.0,0.0,-0.007310344827586204
2022-10-03,FIL,,-0.11874999999999998,0.05,-0.04444827586206896
2022-10-03,HBAR,,0.0,0.0,0.007310344827586204
2022-10-03,ICP,,0.0,0.05,0.012
2022-10-03,JST,,0.0,-0.05,-0.012
2022-10-03,LINK,,0.0,0.0,0.0
2022-10-03,LTC,,0.0,-0.05,-0.004689655172413796
2022-10-03,LUNC,,-0.05,0.0,-0.020689655172413793
2022-10-03,NEAR,,0.0,0.05,0.004689655172413796
2022-10-03,NEXO,,0.05,0.0,0.027999999999999997
2022-10-03,QNT,,-0.11874999999999998,0.0,-0.04913793103448276
2022-10-03,SHIB,,-0.11874999999999998,0.05,-0.03713793103448276
2022-10-03,SOL,,0.05,0.0,0.020689655172413793
2022-10-03,STX,,0.0,0.0,0.0
2022-10-03,TRX,,0.05,-0.05,0.015999999999999997
2022-10-03,UNI,,-0.11874999999999998,0.05,-0.03713793103448276
2022-10-03,VET,,0.0,0.0,0.007310344827586204
2022-10-03,XLM,,0.0,-0.05,-0.012
2022-10-03,XRP,,-0.11874999999999998,-0.05,-0.06844827586206896
2022-10-03,ZEC,,0.0,0.0,0.0
2022-10-10,AAVE,,0.05,0.05,0.038881483116309866
2022-10-10,ADA,,0.0,0.0,0.001118516883690135
2022-10-10,ALGO,,-0.11874999999999998,-0.05,-0.07761909907990167
2022-10-10,ATOM,,-0.11874999999999998,0.0,-0.06657782783735035
2022-10-10,AVAX,,0.0,0.05,0.012
2022-10-10,BCH,,0.05,0.0,0.02770797342445528
2022-10-10,BNB,,0.05,-0.1285714285714286,-0.0021038559762903246
2022-10-10,BTC,,0.05,-0.1285714285714286,-0.002395882551835038
2022-10-10,CAKE,,0.0,-0.1285714285714286,-0.02879800128942056
2022-10-10,CHZ,,-0.11874999999999998,0.0,-0.06657782783735035
2022-10-10,DASH,,0.0,0.0,0.0002920265755447151
2022-10-10,DEXE,,0.05,0.0,0.02770797342445528
2022-10-10,DOGE,,0.0,0.0,0.0002920265755447151
2022-10-10,DOT,,0.0,0.0,0.0
2022-10-10,ETC,,0.0,0.05,0.011707973424455285
2022-10-10,ETH,,0.05,0.05,0.03858945654076515
2022-10-10,FET,,0.05,0.0,0.026589456540765145
2022-10-10,FIL,,-0.11874999999999998,0.05,-0.054098463458626005
2022-10-10,HBAR,,0.0,-0.1285714285714286,-0.029332465022021262
2022-10-10,ICP,,0.0,0.05,0.012
2022-10-10,JST,,0.0,-0.1285714285714286,-0.03010385597629032
2022-10-10,LINK,,0.0,0.0,0.0
2022-10-10,LTC,,0.0,0.0,-0.0001873378031796288
2022-10-10,LUNC,,-0.05,0.0,-0.02770797342445528
2022-10-10,NEAR,,0.0,0.05,0.011707973424455285
2022-10-10,NEXO,,0.0,0.0,0.001118516883690135
2022-10-10,QNT,,-0.11874999999999998,0.0,-0.0658064368830813
2022-10-10,SHIB,,0.0,0.05,0.010037085518154625
2022-10-10,SOL,,0.0,0.0,0.0008264903081454181
2022-10-10,STX,,0.0,0.0,0.0
2022-10-10,TRX,,0.05,-0.1285714285714286,-0.0021038559762903246
2022-10-10,UNI,,-0.11874999999999998,0.05,-0.05380643688308129
2022-10-10,VET,,0.05,0.0,0.02717350969185458
2022-10-10,XLM,,-0.11874999999999998,-0.1285714285714286,-0.09394737837752624
2022-10-10,XRP,,-0.11874999999999998,-0.05,-0.078098463458626
2022-10-10,ZEC,,0.0,0.0,0.0
2022-10-17,AAVE,,-0.11874999999999998,0.05,-0.054499999999999986
2022-10-17,ADA,,0.0,0.0,0.0
2022-10-17,ALGO,,0.05,-0.05,0.015999999999999997
2022-10-17,ATOM,,-0.11874999999999998,0.0,-0.06649999999999999
2022-10-17,AVAX,,0.0,0.05,0.012
2022-10-17,BCH,,0.05,0.0,0.027999999999999997
2022-10-17,BNB,,0.05,-0.1285714285714286,-0.0028571428571428636
2022-10-17,BTC,,0.05,-0.1285714285714286,-0.0028571428571428636
2022-10-17,CAKE,,0.05,-0.1285714285714286,-0.0028571428571428636
2022-10-17,CHZ,,-0.11874999999999998,0.0,-0.06649999999999999
2022-10-17,DASH,,0.0,0.0,0.0
2022-10-17,DEXE,,0.05,0.0,0.027999999999999997
2022-10-17,DOGE,,0.0,0.0,0.0
2022-10-17,DOT,,0.0,0.0,0.0
2022-10-17,ETC,,-0.11874999999999998,0.05,-0.054499999999999986
2022-10-17,ETH,,0.05,0.05,0.04
2022-10-17,FET,,0.0,0.0,0.0
2022-10-17,FIL,,0.0,0.05,0.012
2022-10-17,HBAR,,0.0,-0.1285714285714286,-0.03085714285714286
2022-10-17,ICP,,0.0,0.05,0.012
2022-10-17,JST,,0.0,-0.1285714285714286,-0.03085714285714286
2022-10-17,LINK,,0.0,0.0,0.0
2022-10-17,LTC,,0.0,0.0,0.0
2022-10-17,LUNC,,-0.05,0.0,-0.027999999999999997
2022-10-17,NEAR,,0.0,0.05,0.012
2022-10-17,NEXO,,0.0,0.0,0.0
2022-10-17,QNT,,-0.11874999999999998,0.0,-0.06649999999999999
2022-10-17,SHIB,,0.0,0.05,0.012
2022-10-17,SOL,,0.0,0.0,0.0
2022-10-17,STX,,0.0,0.0,0.0
2022-10-17,TRX,,0.05,-0.1285714285714286,-0.0028571428571428636
2022-10-17,UNI,,-0.11874999999999998,0.05,-0.054499999999999986
2022-10-17,VET,,0.05,0.0,0.027999999999999997
2022-10-17,XLM,,-0.11874999999999998,-0.1285714285714286,-0.09735714285714285
2022-10-17,XRP,,-0.11874999999999998,-0.05,-0.07849999999999999
2022-10-17,ZEC,,0.0,0.0,0.0
2022-10-24,AAVE,,-0.10555555555555557,0.05,-0.048384120171673824
2022-10-24,ADA,,-0.10555555555555557,0.0,-0.04892703862660945
2022-10-24,ALGO,,-0.10555555555555557,-0.05,-0.056103004291845504
2022-10-24,APT,,0.0,0.0,0.0
2022-10-24,ATOM,,-0.10555555555555557,0.0,-0.06038412017167382
2022-10-24,AVAX,,0.0,0.05,0.012
2022-10-24,BCH,,0.05,0.0,0.027999999999999997
2022-10-24,BNB,,0.0,-0.1285714285714286,-0.026033108522378917
2022-10-24,BTC,,0.05,-0.1285714285714286,-0.0028571428571428636
2022-10-24,CAKE,,0.05,-0.1285714285714286,-0.0028571428571428636
2022-10-24,CHZ,,-0.10555555555555557,0.0,-0.06038412017167382
2022-10-24,DASH,,0.05,0.0,0.023175965665236054
2022-10-24,DEXE,,0.05,0.0,0.027999999999999997
2022-10-24,DOGE,,-0.05,0.0,-0.023175965665236054
2022-10-24,DOT,,0.0,0.0,0.0
2022-10-24,ETC,,0.0,0.05,0.0005429184549356342
2022-10-24,ETH,,0.0,0.05,0.016824034334763947
2022-10-24,FET,,0.05,0.0,0.023175965665236054
2022-10-24,FIL,,0.0,0.05,0.012
2022-10-24,HBAR,,0.05,-0.1285714285714286,-0.007681177191906807
2022-10-24,ICP,,0.0,0.05,0.012
2022-10-24,JST,,0.0,-0.1285714285714286,-0.03085714285714286
2022-10-24,LINK,,0.0,0.0,0.0
2022-10-24,LTC,,0.0,0.0,0.0
2022-10-24,LUNC,,0.0,0.0,-0.004824034334763944
2022-10-24,NEAR,,0.0,0.05,0.012
2022-10-24,NEXO,,0.0,0.0,0.0
2022-10-24,QNT,,-0.10555555555555557,0.0,-0.06038412017167382
2022-10-24,SHIB,,-0.10555555555555557,0.05,-0.036927038626609454
2022-10-24,SOL,,-0.10555555555555557,0.0,-0.04892703862660945
2022-10-24,STX,,0.0,0.0,0.0
2022-10-24,TRX,,0.05,-0.1285714285714286,-0.0028571428571428636
2022-10-24,UNI,,0.0,0.05,0.0005429184549356342
2022-10-24,VET,,0.05,0.0,0.027999999999999997
2022-10-24,XLM,,0.0,-0.1285714285714286,-0.04231422440220723
2022-10-24,XRP,,-0.10555555555555557,-0.05,-0.07238412017167381
2022-10-24,ZEC,,0.05,0.0,0.023175965665236054
2022-10-31,AAVE,,-0.10555555555555557,0.05,-0.04711111111111112
2022-10-31,ADA,,-0.10555555555555557,0.0,-0.059111111111111114
2022-10-31,ALGO,,-0.10555555555555557,-0.05,-0.07111111111111111
2022-10-31,APT,,0.0,0.0,0.0
2022-10-31,ATOM,,-0.10555555555555557,0.0,-0.059111111111111114
2022-10-31,AVAX,,0.0,0.05,0.012
2022-10-31,BCH,,0.05,0.0,0.027999999999999997
2022-10-31,BNB,,0.0,-0.1285714285714286,-0.03085714285714286
2022-10-31,BTC,,0.05,-0.1285714285714286,-0.0028571428571428636
2022-10-31,CAKE,,0.05,-0.1285714285714286,-0.0028571428571428636
2022-10-31,CHZ,,-0.10555555555555557,0.0,-0.059111111111111114
2022-10-31,DASH,,0.05,0.0,0.027999999999999997
2022-10-31,DEXE,,0.05,0.0,0.027999999999999997
2022-10-31,DOGE,,-0.05,0.0,-0.027999999999999997
2022-10-31,DOT,,0.0,0.0,0.0
2022-10-31,ETC,,0.0,0.05,0.012
2022-10-31,ETH,,0.0,0.05,0.012
2022-10-31,FET,,0.05,0.0,0.027999999999999997
2022-10-31,FIL,,-0.10555555555555557,0.05,-0.04711111111111112
2022-10-31,HBAR,,0.05,-0.1285714285714286,-0.0028571428571428636
2022-10-31,ICP,,0.0,0.05,0.012
2022-10-31,JST,,0.0,-0.1285714285714286,-0.03085714285714286
2022-10-31,LINK,,0.0,0.0,0.0
2022-10-31,LTC,,-0.10555555555555557,0.0,-0.059111111111111114
2022-10-31,LUNC,,0.0,0.0,0.0
2022-10-31,NEAR,,0.0,0.05,0.012
2022-10-31,NEXO,,0.0,0.0,0.0
2022-10-31,QNT,,-0.10555555555555557,0.0,-0.059111111111111114
2022-10-31,SHIB,,-0.10555555555555557,0.05,-0.04711111111111112
2022-10-31,SOL,,0.0,0.0,0.0
2022-10-31,STX,,0.0,0.0,0.0
2022-10-31,TRX,,0.05,-0.1285714285714286,-0.0028571428571428636
2022-10-31,UNI,,0.0,0.05,0.012
2022-10-31,VET,,0.05,0.0,0.027999999999999997
2022-10-31,XLM,,0.05,-0.1285714285714286,-0.0028571428571428636
2022-10-31,XRP,,0.0,-0.05,-0.012
2022-10-31,ZEC,,0.0,0.0,0.0
2022-11-07,AAVE,,-0.10555555555555557,0.05,-0.04711111111111112
2022-11-07,ADA,,0.0,-0.05,-0.015519610083009679
2022-11-07,ALGO,,-0.10555555555555557,0.05,-0.0489041200213236
2022-11-07,APT,,0.0,0.05,0.01110349554489376
2022-11-07,ATOM,,-0.10555555555555557,0.0,-0.059111111111111114
2022-11-07,AVAX,,0.0,0.05,0.012
2022-11-07,BCH,,0.05,-0.05,0.016896504455106237
2022-11-07,BNB,,0.0,-0.05,-0.01340879271516695
2022-11-07,BTC,,0.05,-0.05,0.014591207284833048
2022-11-07,CAKE,,0.05,0.0,0.025694702829726808
2022-11-07,CHZ,,-0.10555555555555557,0.0,-0.059111111111111114
2022-11-07,DASH,,0.05,0.0,0.027999999999999997
2022-11-07,DEXE,,0.05,0.0,0.027999999999999997
2022-11-07,DOGE,,-0.05,0.0,-0.027999999999999997
2022-11-07,DOT,,0.0,-0.05,-0.01110349554489376
2022-11-07,ETC,,0.0,0.0,0.0008965044551062402
2022-11-07,ETH,,0.0,0.0,0.0008965044551062402
2022-11-07,FET,,0.0,0.0,0.002091843728581226
2022-11-07,FIL,,-0.10555555555555557,0.05,-0.04711111111111112
2022-11-07,HBAR,,0.05,0.0,0.025694702829726808
2022-11-07,ICP,,0.0,0.0,0.0008965044551062402
2022-11-07,JST,,0.0,-0.05,-0.01340879271516695
2022-11-07,LINK,,0.0,0.0,0.0
2022-11-07,LTC,,-0.10555555555555557,-0.05,-0.07021460665600487
2022-11-07,LUNC,,0.0,0.0,0.0
2022-11-07,NEAR,,-0.10555555555555557,0.05,-0.04269499657299519
2022-11-07,NEXO,,0.0,0.05,0.01110349554489376
2022-11-07,QNT,,0.05,0.05,0.03259553727819661
2022-11-07,SHIB,,-0.10555555555555557,0.0,-0.05821460665600488
2022-11-07,SOL,,-0.10555555555555557,0.05,-0.043591501028101436
2022-11-07,STX,,0.0,0.05,0.01110349554489376
2022-11-07,TRX,,0.05,-0.05,0.014591207284833048
2022-11-07,UNI,,0.0,0.0,0.0008965044551062402
2022-11-07,VET,,0.0,0.0,0.002091843728581226
2022-11-07,XLM,,0.05,-0.05,0.014591207284833048
2022-11-07,XRP,,0.0,0.0,-0.0008965044551062402
2022-11-07,ZEC,,0.05,-0.05,0.01480466072652501
2022-11-14,AAVE,,0.0,0.05,0.012
2022-11-14,ADA,,0.0,-0.05,-0.012
2022-11-14,ALGO,,-0.10555555555555557,0.05,-0.04711111111111112
2022-11-14,APT,,0.0,0.05,0.012
2022-11-14,ATOM,,-0.10555555555555557,0.0,-0.059111111111111114
2022-11-14,AVAX,,0.0,0.05,0.012
2022-11-14,BCH,,0.05,-0.05,0.015999999999999997
2022-11-14,BNB,,0.0,-0.05,-0.012
2022-11-14,BTC,,0.05,-0.05,0.015999999999999997
2022-11-14,CAKE,,0.05,0.0,0.027999999999999997
2022-11-14,CHZ,,-0.10555555555555557,0.0,-0.059111111111111114
2022-11-14,DASH,,0.05,0.0,0.027999999999999997
2022-11-14,DEXE,,0.05,0.0,0.027999999999999997
2022-11-14,DOGE,,-0.05,0.0,-0.027999999999999997
2022-11-14,DOT,,0.0,-0.05,-0.012
2022-11-14,ETC,,0.0,0.0,0.0
2022-11-14,ETH,,-0.10555555555555557,0.0,-0.059111111111111114
2022-11-14,FET,,0.0,0.0,0.0
2022-11-14,FIL,,-0.10555555555555557,0.05,-0.04711111111111112
2022-11-14,HBAR,,0.05,0.0,0.027999999999999997
2022-11-14,ICP,,0.0,0.0,0.0
2022-11-14,JST,,0.0,-0.05,-0.012
2022-11-14,LINK,,0.0,0.0,0.0
2022-11-14,LTC,,-0.10555555555555557,-0.05,-0.07111111111111111
2022-11-14,LUNC,,0.05,0.0,0.027999999999999997
2022-11-14,NEAR,,-0.10555555555555557,0.05,-0.04711111111111112
2022-11-14,NEXO,,0.0,0.05,0.012
2022-11-14,QNT,,0.0,0.05,0.012
2022-11-14,SHIB,,-0.10555555555555557,0.0,-0.059111111111111114
2022-11-14,SOL,,-0.10555555555555557,0.05,-0.04711111111111112
2022-11-14,STX,,0.0,0.05,0.012
2022-11-14,TRX,,0.05,-0.05,0.015999999999999997
2022-11-14,UNI,,0.0,0.0,0.0
2022-11-14,VET,,0.0,0.0,0.0
2022-11-14,XLM,,0.05,-0.05,0.015999999999999997
2022-11-14,XRP,,0.0,0.0,0.0
2022-11-14,ZEC,,0.05,-0.05,0.015999999999999997
2022-11-21,AAVE,,-0.05,0.05,-0.009428571428571425
2022-11-21,ADA,,0.05,-0.05,0.009428571428571425
2022-11-21,ALGO,,-0.05,0.05,-0.023301587301587302
2022-11-21,APT,,-0.05,0.05,-0.009428571428571425
2022-11-21,ATOM,,0.0,0.0,-0.013873015873015877
2022-11-21,AVAX,,0.0,0.05,0.012
2022-11-21,BCH,,0.05,-0.05,0.015999999999999997
2022-11-21,BNB,,0.0,-0.05,-0.012
2022-11-21,BTC,,0.05,-0.05,0.015999999999999997
2022-11-21,CAKE,,0.05,0.0,0.027999999999999997
2022-11-21,CHZ,,-0.05,0.0,-0.035301587301587306
2022-11-21,DASH,,-0.05,0.0,-0.014857142857142853
2022-11-21,DEXE,,0.05,0.0,0.027999999999999997
2022-11-21,DOGE,,-0.05,0.0,-0.027999999999999997
2022-11-21,DOT,,0.05,-0.05,0.009428571428571425
2022-11-21,ETC,,0.0,0.0,0.0
2022-11-21,ETH,,0.05,0.0,0.0075555555555555515
2022-11-21,FET,,0.0,0.0,0.0
2022-11-21,FIL,,0.0,0.05,-0.0018730158730158805
2022-11-21,HBAR,,0.0,0.0,0.006571428571428572
2022-11-21,ICP,,0.0,0.0,0.0
2022-11-21,JST,,0.0,-0.05,-0.012
2022-11-21,LINK,,-0.05,0.0,-0.021428571428571425
2022-11-21,LTC,,-0.05,-0.05,-0.0473015873015873
2022-11-21,LUNC,,0.05,0.0,0.027999999999999997
2022-11-21,NEAR,,0.0,0.05,-0.0018730158730158805
2022-11-21,NEXO,,0.0,0.05,0.012
2022-11-21,QNT,,-0.05,0.05,-0.009428571428571425
2022-11-21,SHIB,,0.0,0.0,-0.013873015873015877
2022-11-21,SOL,,-0.05,0.05,-0.023301587301587302
2022-11-21,STX,,0.0,0.05,0.012
2022-11-21,TRX,,0.0,-0.05,-0.0054285714285714284
2022-11-21,UNI,,0.05,0.0,0.021428571428571425
2022-11-21,VET,,0.0,0.0,0.0
2022-11-21,XLM,,0.05,-0.05,0.015999999999999997
2022-11-21,XRP,,0.0,0.0,0.0
2022-11-21,ZEC,,0.0,-0.05,-0.0054285714285714284
2022-11-28,AAVE,,-0.05,0.05,-0.015999999999999997
2022-11-28,ADA,,0.05,-0.05,0.015999999999999997
2022-11-28,ALGO,,0.05,0.05,0.04
2022-11-28,APT,,-0.05,0.05,-0.015999999999999997
2022-11-28,ATOM,,0.0,0.0,0.0
2022-11-28,AVAX,,0.0,0.05,0.012
2022-11-28,BCH,,0.05,-0.05,0.015999999999999997
2022-11-28,BNB,,0.0,-0.05,-0.012
2022-11-28,BTC,,0.05,-0.05,0.015999999999999997
2022-11-28,CAKE,,0.05,0.0,0.027999999999999997
2022-11-28,CHZ,,0.05,0.0,0.027999999999999997
2022-11-28,DASH,,-0.05,0.0,-0.027999999999999997
2022-11-28,DEXE,,0.0,0.0,0.0
2022-11-28,DOGE,,-0.05,0.0,-0.027999999999999997
2022-11-28,DOT,,0.05,-0.05,0.015999999999999997
2022-11-28,ETC,,0.0,0.0,0.0
2022-11-28,ETH,,0.0,0.0,0.0
2022-11-28,FET,,0.0,0.0,0.0
2022-11-28,FIL,,0.0,0.05,0.012
2022-11-28,HBAR,,0.0,0.0,0.0
2022-11-28,ICP,,0.0,0.0,0.0
2022-11-28,JST,,0.0,-0.05,-0.012
2022-11-28,LINK,,-0.05,0.0,-0.027999999999999997
2022-11-28,LTC,,-0.05,-0.05,-0.04
2022-11-28,LUNC,,0.0,0.0,0.0
2022-11-28,NEAR,,-0.05,0.05,-0.015999999999999997
2022-11-28,NEXO,,0.05,0.05,0.04
2022-11-28,QNT,,-0.05,0.05,-0.015999999999999997
2022-11-28,SHIB,,0.0,0.0,0.0
2022-11-28,SOL,,-0.05,0.05,-0.015999999999999997
2022-11-28,STX,,0.0,0.05,0.012
2022-11-28,TRX,,0.05,-0.05,0.015999999999999997
2022-11-28,UNI,,0.0,0.0,0.0
2022-11-28,VET,,0.0,0.0,0.0
2022-11-28,XLM,,0.05,-0.05,0.015999999999999997
2022-11-28,XRP,,0.0,0.0,0.0
2022-11-28,ZEC,,-0.05,-0.05,-0.04
2022-12-05,AAVE,,0.0,0.10555555555555557,0.019094339622641506
2022-12-05,ADA,,0.0,-0.05,-0.007773584905660377
2022-12-05,ALGO,,0.05,0.0,0.02981132075471698
2022-12-05,APT,,-0.10555555555555557,0.10555555555555557,-0.031094339622641513
2022-12-05,ATOM,,0.0,0.0,0.0
2022-12-05,AVAX,,0.0,0.10555555555555557,0.023320754716981133
2022-12-05,BCH,,0.05,-0.05,0.015999999999999997
2022-12-05,BNB,,-0.10555555555555557,-0.05,-0.06218867924528301
2022-12-05,BTC,,0.05,-0.05,0.015999999999999997
2022-12-05,CAKE,,0.05,-0.05,0.01781132075471698
2022-12-05,CHZ,,0.05,0.0,0.027999999999999997
2022-12-05,DASH,,0.0,0.0,-0.004226415094339624
2022-12-05,DEXE,,0.05,0.0,0.023773584905660373
2022-12-05,DOGE,,-0.10555555555555557,0.05,-0.044226415094339624
2022-12-05,DOT,,0.0,-0.05,-0.007773584905660377
2022-12-05,ETC,,0.0,0.0,0.0
2022-12-05,ETH,,0.0,0.0,0.0
2022-12-05,FET,,-0.05,0.0,-0.023773584905660373
2022-12-05,FIL,,0.0,0.0,0.0018113207547169816
2022-12-05,HBAR,,0.05,0.0,0.023773584905660373
2022-12-05,ICP,,-0.10555555555555557,0.0,-0.050188679245283016
2022-12-05,JST,,0.0,-0.05,-0.012
2022-12-05,LINK,,-0.10555555555555557,0.0,-0.05441509433962264
2022-12-05,LTC,,-0.10555555555555557,-0.05,-0.06641509433962264
2022-12-05,LUNC,,0.0,0.10555555555555557,0.02150943396226415
2022-12-05,NEAR,,-0.10555555555555557,0.10555555555555557,-0.031094339622641513
2022-12-05,NEXO,,0.05,0.10555555555555557,0.05132075471698114
2022-12-05,QNT,,0.0,0.10555555555555557,0.019094339622641506
2022-12-05,SHIB,,0.0,0.0,0.0
2022-12-05,SOL,,0.0,0.10555555555555557,0.019094339622641506
2022-12-05,STX,,0.0,0.10555555555555557,0.023320754716981133
2022-12-05,TRX,,0.05,-0.05,0.015999999999999997
2022-12-05,UNI,,-0.10555555555555557,0.0,-0.050188679245283016
2022-12-05,VET,,0.0,0.0,0.0
2022-12-05,XLM,,0.05,-0.05,0.015999999999999997
2022-12-05,XRP,,0.0,0.0,0.0
2022-12-05,ZEC,,-0.10555555555555557,0.0,-0.05622641509433962
2022-12-12,AAVE,,0.0,0.10555555555555557,0.025333333333333336
2022-12-12,ADA,,0.0,-0.05,-0.012
2022-12-12,ALGO,,0.05,0.0,0.027999999999999997
2022-12-12,APT,,-0.10555555555555557,0.10555555555555557,-0.03377777777777778
2022-12-12,ATOM,,0.0,0.0,0.0
2022-12-12,AVAX,,0.0,0.10555555555555557,0.025333333333333336
2022-12-12,BCH,,0.05,-0.05,0.015999999999999997
2022-12-12,BNB,,-0.10555555555555557,-0.05,-0.07111111111111111
2022-12-12,BTC,,0.05,-0.05,0.015999999999999997
2022-12-12,CAKE,,0.05,-0.05,0.015999999999999997
2022-12-12,CHZ,,0.05,0.0,0.027999999999999997
2022-12-12,DASH,,0.0,0.0,0.0
2022-12-12,DEXE,,0.05,0.0,0.027999999999999997
2022-12-12,DOGE,,-0.10555555555555557,0.05,-0.04711111111111112
2022-12-12,DOT,,0.0,-0.05,-0.012
2022-12-12,ETC,,-0.10555555555555557,0.0,-0.059111111111111114
2022-12-12,ETH,,0.0,0.0,0.0
2022-12-12,FET,,-0.05,0.0,-0.027999999999999997
2022-12-12,FIL,,-0.10555555555555557,0.0,-0.059111111111111114
2022-12-12,HBAR,,0.05,0.0,0.027999999999999997
2022-12-12,ICP,,-0.10555555555555557,0.0,-0.059111111111111114
2022-12-12,JST,,0.0,-0.05,-0.012
2022-12-12,LINK,,-0.10555555555555557,0.0,-0.059111111111111114
2022-12-12,LTC,,-0.10555555555555557,-0.05,-0.07111111111111111
2022-12-12,LUNC,,0.0,0.10555555555555557,0.025333333333333336
2022-12-12,NEAR,,0.0,0.10555555555555557,0.025333333333333336
2022-12-12,NEXO,,0.05,0.10555555555555557,0.05333333333333334
2022-12-12,QNT,,0.0,0.10555555555555557,0.025333333333333336
2022-12-12,SHIB,,0.0,0.0,0.0
2022-12-12,SOL,,0.0,0.10555555555555557,0.025333333333333336
2022-12-12,STX,,0.0,0.10555555555555557,0.025333333333333336
2022-12-12,TRX,,0.05,-0.05,0.015999999999999997
2022-12-12,UNI,,-0.10555555555555557,0.0,-0.059111111111111114
2022-12-12,VET,,0.0,0.0,0.0
2022-12-12,XLM,,0.05,-0.05,0.015999999999999997
2022-12-12,XRP,,0.0,0.0,0.0
2022-12-12,ZEC,,0.0,0.0,0.0
2022-12-19,AAVE,,0.0,0.10555555555555557,0.025333333333333336
2022-12-19,ADA,,0.0,-0.05,-0.012
2022-12-19,ALGO,,0.0,0.0,0.001786407766990291
2022-12-19,APT,,-0.10555555555555557,0.10555555555555557,-0.03377777777777778
2022-12-19,ATOM,,0.05,0.0,0.026213592233009706
2022-12-19,AVAX,,0.0,0.10555555555555557,0.025333333333333336
2022-12-19,BCH,,0.05,-0.05,0.015999999999999997
2022-12-19,BNB,,0.05,-0.05,0.010442286947141319
2022-12-19,BTC,,0.05,-0.05,0.015999999999999997
2022-12-19,CAKE,,0.05,-0.05,0.015999999999999997
2022-12-19,CHZ,,0.0,0.0,0.001786407766990291
2022-12-19,DASH,,0.0,0.0,0.0
2022-12-19,DEXE,,0.0,0.0,0.001786407766990291
2022-12-19,DOGE,,-0.10555555555555557,0.05,-0.04711111111111112
2022-12-19,DOT,,0.0,-0.05,-0.012
2022-12-19,ETC,,0.0,0.0,-0.003771305285868394
2022-12-19,ETH,,0.0,0.0,0.0
2022-12-19,FET,,-0.05,0.0,-0.027999999999999997
2022-12-19,FIL,,-0.10555555555555557,0.0,-0.059111111111111114
2022-12-19,HBAR,,0.05,0.0,0.027999999999999997
2022-12-19,ICP,,-0.10555555555555557,0.0,-0.059111111111111114
2022-12-19,JST,,0.0,-0.05,-0.012
2022-12-19,LINK,,0.0,0.0,-0.003771305285868394
2022-12-19,LTC,,0.0,-0.05,-0.01577130528586839
2022-12-19,LUNC,,-0.10555555555555557,0.10555555555555557,-0.030006472491909384
2022-12-19,NEAR,,0.0,0.10555555555555557,0.025333333333333336
2022-12-19,NEXO,,0.05,0.10555555555555557,0.05333333333333334
2022-12-19,QNT,,-0.10555555555555557,0.10555555555555557,-0.030006472491909384
2022-12-19,SHIB,,0.0,0.0,0.0
2022-12-19,SOL,,0.05,0.10555555555555557,0.05154692556634305
2022-12-19,STX,,-0.10555555555555557,0.10555555555555557,-0.030006472491909384
2022-12-19,TRX,,0.05,-0.05,0.015999999999999997
2022-12-19,UNI,,-0.10555555555555557,0.0,-0.059111111111111114
2022-12-19,VET,,0.0,0.0,0.0
2022-12-19,XLM,,0.05,-0.05,0.015999999999999997
2022-12-19,XRP,,0.0,0.0,0.0
2022-12-19,ZEC,,-0.10555555555555557,0.0,-0.05533980582524272
2022-12-26,AAVE,,0.05,0.10555555555555557,0.04970424897969404
2022-12-26,ADA,,0.0,-0.05,-0.012
2022-12-26,ALGO,,-0.10555555555555557,0.0,-0.0512181742205407
2022-12-26,APT,,0.0,0.10555555555555557,0.01767193303120592
2022-12-26,ATOM,,0.0,0.0,0.0033975477651962925
2022-12-26,AVAX,,0.05,0.10555555555555557,0.04970424897969404
2022-12-26,BCH,,0.05,-0.05,0.015999999999999997
2022-12-26,BNB,,0.0,-0.05,-0.009091251699294499
2022-12-26,BTC,,0.05,-0.05,0.015999999999999997
2022-12-26,CAKE,,0.05,-0.05,0.015999999999999997
2022-12-26,CHZ,,0.0,0.0,0.00023153658844300663
2022-12-26,DASH,,0.0,0.0,0.0
2022-12-26,DEXE,,0.05,0.0,0.024602452234803705
2022-12-26,DOGE,,-0.10555555555555557,0.05,-0.04711111111111112
2022-12-26,DOT,,0.05,-0.05,0.012370915646360697
2022-12-26,ETC,,-0.10555555555555557,0.0,-0.05193851027347449
2022-12-26,ETH,,0.0,0.0,0.0
2022-12-26,FET,,-0.05,0.0,-0.027999999999999997
2022-12-26,FIL,,-0.10555555555555557,0.0,-0.059111111111111114
2022-12-26,HBAR,,0.0,0.0,0.0036290843536392996
2022-12-26,ICP,,-0.10555555555555557,0.0,-0.059111111111111114
2022-12-26,JST,,-0.10555555555555557,-0.05,-0.0634497108089837
2022-12-26,LINK,,0.0,0.0,-0.000488799464490792
2022-12-26,LTC,,-0.10555555555555557,-0.05,-0.0639385102734745
2022-12-26,LUNC,,-0.10555555555555557,0.10555555555555557,-0.03328897831328699
2022-12-26,NEAR,,0.0,0.10555555555555557,0.025333333333333336
2022-12-26,NEXO,,0.0,0.10555555555555557,0.028962417686972636
2022-12-26,QNT,,0.0,0.10555555555555557,0.018160732495696715
2022-12-26,SHIB,,0.0,0.0,0.0
2022-12-26,SOL,,0.05,0.10555555555555557,0.05310179674489033
2022-12-26,STX,,-0.10555555555555557,0.10555555555555557,-0.03328897831328699
2022-12-26,TRX,,0.05,-0.05,0.015999999999999997
2022-12-26,UNI,,0.0,0.0,-0.007661400302127412
2022-12-26,VET,,0.0,0.0,0.0
2022-12-26,XLM,,0.05,-0.05,0.015999999999999997
2022-12-26,XRP,,0.0,0.0,0.0
2022-12-26,ZEC,,0.0,0.0,-0.007172600837636621
2023-01-02,AAVE,,0.0,0.0,0.0185906860148053
2023-01-02,ADA,,-0.10555555555555557,0.0,-0.041490326319994386
2023-01-02,ALGO,,-0.10555555555555557,0.10555555555555557,-0.04030094110680407
2023-01-02,APT,,-0.10555555555555557,0.10555555555555557,-0.014534243495766826
2023-01-02,ATOM,,0.0,0.0,0.0012707715138975733
2023-01-02,AVAX,,0.0,0.0,0.0185906860148053
2023-01-02,BCH,,0.05,-0.05,0.015999999999999997
2023-01-02,BNB,,0.0,0.0,-0.003400365346878028
2023-01-02,BTC,,0.05,-0.05,0.015999999999999997
2023-01-02,CAKE,,0.05,0.0,0.023511686892828756
2023-01-02,CHZ,,0.0,0.0,8.660072539153836e-05
2023-01-02,DASH,,0.0,0.0,0.0
2023-01-02,DEXE,,0.05,-0.05,0.019217541593273664
2023-01-02,DOGE,,-0.10555555555555557,0.10555555555555557,-0.03876479234130138
2023-01-02,DOT,,0.0,0.0,0.00462704523693921
2023-01-02,ETC,,-0.10555555555555557,0.10555555555555557,-0.04057036558579997
2023-01-02,ETH,,0.05,-0.05,0.010015582523771676
2023-01-02,FET,,-0.05,0.05,-0.020488313107171238
2023-01-02,FIL,,-0.10555555555555557,0.10555555555555557,-0.04325310544847263
2023-01-02,HBAR,,0.0,0.0,0.0013573722392891119
2023-01-02,ICP,,0.0,0.0,-0.022109097898287973
2023-01-02,JST,,0.0,-0.05,-0.03124353428201096
2023-01-02,LINK,,0.05,0.0,0.017344445662996075
2023-01-02,LTC,,0.0,0.0,-0.02391467114278656
2023-01-02,LUNC,,0.0,0.10555555555555557,0.003407059188649718
2023-01-02,NEAR,,-0.10555555555555557,0.10555555555555557,-0.011668679879489805
2023-01-02,NEXO,,0.05,-0.05,0.02084828243375563
2023-01-02,QNT,,0.0,0.0,0.00679258780802219
2023-01-02,SHIB,,0.0,0.0,0.0
2023-01-02,SOL,,-0.10555555555555557,0.10555555555555557,-0.001282550021481782
2023-01-02,STX,,0.05,0.10555555555555557,0.02093432860525015
2023-01-02,TRX,,0.05,-0.05,0.015999999999999997
2023-01-02,UNI,,0.0,0.0,-0.0028655636162770153
2023-01-02,VET,,0.0,0.0,0.0
2023-01-02,XLM,,0.05,-0.05,0.015999999999999997
2023-01-02,XRP,,0.0,-0.05,-0.007511686892828758
2023-01-02,ZEC,,-0.10555555555555557,-0.05,-0.04719643996832456
2023-01-09,AAVE,,0.0,0.0,0.0048742078095165235
2023-01-09,ADA,,-0.10555555555555557,0.0,-0.054491197312864406
2023-01-09,ALGO,,0.0,0.10555555555555557,0.008124980032476463
2023-01-09,APT,,0.0,0.10555555555555557,0.01488063383789005
2023-01-09,ATOM,,0.0,0.0,0.0003331778306738056
2023-01-09,AVAX,,0.0,0.0,0.0048742078095165235
2023-01-09,BCH,,0.0,-0.05,-0.00465880675098412
2023-01-09,BNB,,0.05,0.0,0.019767280353530953
2023-01-09,BTC,,0.05,-0.05,0.015999999999999997
2023-01-09,CAKE,,0.05,0.0,0.026823229504220177
2023-01-09,CHZ,,0.0,0.0,2.2705452164437125e-05
2023-01-09,DASH,,0.05,0.0,0.020658806750984117
2023-01-09,DEXE,,0.05,-0.05,0.016843592665106013
2023-01-09,DOGE,,-0.10555555555555557,0.10555555555555557,-0.03508530055086647
2023-01-09,DOT,,0.0,0.0,0.0012131440448681866
2023-01-09,ETC,,-0.10555555555555557,0.10555555555555557,-0.03555869562633493
2023-01-09,ETH,,0.05,-0.05,0.014430972672293568
2023-01-09,FET,,-0.05,0.05,-0.017176770495779817
2023-01-09,FIL,,-0.10555555555555557,0.10555555555555557,-0.0362620710466463
2023-01-09,HBAR,,0.0,0.0,0.0003558832828382428
2023-01-09,ICP,,0.0,0.0,-0.005796684294026532
2023-01-09,JST,,-0.10555555555555557,-0.05,-0.060658411615667825
2023-01-09,LINK,,0.05,0.0,0.025206268444166603
2023-01-09,LTC,,0.05,0.0,0.014388727381489129
2023-01-09,LUNC,,0.0,0.10555555555555557,0.01958458277165395
2023-01-09,NEAR,,0.0,0.10555555555555557,0.01563194299054856
2023-01-09,NEXO,,0.0,-0.05,-0.0033876575269837957
2023-01-09,QNT,,0.0,0.0,0.0017809178485571463
2023-01-09,SHIB,,-0.10555555555555557,0.0,-0.04361303647429981
2023-01-09,SOL,,0.0,0.10555555555555557,0.018355035361870373
2023-01-09,STX,,0.05,0.10555555555555557,0.0448387849481677
2023-01-09,TRX,,0.05,-0.05,0.015999999999999997
2023-01-09,UNI,,0.0,0.0,-0.0007513091526585129
2023-01-09,VET,,-0.10555555555555557,0.0,-0.04361303647429981
2023-01-09,XLM,,0.0,-0.05,-0.00465880675098412
2023-01-09,XRP,,-0.10555555555555557,-0.05,-0.054436265978519985
2023-01-09,ZEC,,-0.10555555555555557,-0.05,-0.06484103174161612
2023-01-16,AAVE,,-0.10555555555555557,0.0,-0.04062021281137218
2023-01-16,ADA,,0.0,0.0,-0.015747224593708406
2023-01-16,ALGO,,0.0,0.10555555555555557,0.02036035021533343
2023-01-16,APT,,-0.05,0.10555555555555557,0.0024042676435492173
2023-01-16,ATOM,,0.0,0.0,9.62839208531454e-05
2023-01-16,AVAX,,-0.10555555555555557,0.0,-0.04062021281137218
2023-01-16,BCH,,0.0,-0.05,-0.009878493691112619
2023-01-16,BNB,,0.05,0.0,0.025620854529115337
2023-01-16,BTC,,0.0,-0.05,-0.003908375841105965
2023-01-16,CAKE,,0.05,0.0,0.027659929122388363
2023-01-16,CHZ,,0.0,0.0,6.561570902584725e-06
2023-01-16,DASH,,0.05,0.0,0.025878493691112614
2023-01-16,DEXE,,0.05,-0.05,0.016243786956758485
2023-01-16,DOGE,,-0.10555555555555557,0.10555555555555557,-0.034155634308457375
2023-01-16,DOT,,0.0,0.0,0.00035058234505978034
2023-01-16,ETC,,-0.10555555555555557,0.10555555555555557,-0.03429243913093459
2023-01-16,ETH,,0.0,-0.05,-0.004361803677921477
2023-01-16,FET,,-0.10555555555555557,0.05,-0.03846048847884048
2023-01-16,FIL,,-0.10555555555555557,0.10555555555555557,-0.03449570518606901
2023-01-16,HBAR,,-0.10555555555555557,0.0,-0.041925947950579086
2023-01-16,ICP,,0.0,0.0,-0.001675163952679525
2023-01-16,JST,,0.0,-0.05,-0.02606162782009814
2023-01-16,LINK,,0.05,0.0,0.027192649080334065
2023-01-16,LTC,,0.05,0.0,0.024066524915955876
2023-01-16,LUNC,,0.0,0.10555555555555557,0.0236720215858926
2023-01-16,NEAR,,-0.10555555555555557,0.10555555555555557,-0.01949903169730643
2023-01-16,NEXO,,0.05,-0.05,0.010397227213224789
2023-01-16,QNT,,0.0,0.0,0.000514661353156807
2023-01-16,SHIB,,0.0,0.0,-0.012603582127791824
2023-01-16,SOL,,-0.10555555555555557,0.10555555555555557,-0.018712094553781873
2023-01-16,STX,,0.0,0.10555555555555557,0.030970147030359493
2023-01-16,TRX,,0.05,-0.05,0.015999999999999997
2023-01-16,UNI,,0.0,0.0,-0.00021711826037320821
2023-01-16,VET,,0.0,0.0,-0.012603582127791824
2023-01-16,XLM,,0.05,-0.05,0.010029882149993345
2023-01-16,XRP,,0.05,-0.05,-0.004355135409074222
2023-01-16,ZEC,,0.0,-0.05,-0.027270348893619553
2023-01-23,AAVE,,0.0,0.0,-0.007262088933842538
2023-01-23,ADA,,-0.10555555555555557,0.0,-0.05135850769987862
2023-01-23,ALGO,,0.0,0.10555555555555557,0.024444262519324647
2023-01-23,APT,,0.0,0.10555555555555557,0.021234070855749458
2023-01-23,ATOM,,0.05,0.0,0.023011368633334067
2023-01-23,AVAX,,0.0,0.0,-0.007262088933842538
2023-01-23,BCH,,0.0,-0.05,-0.011620716721490565
2023-01-23,BNB,,0.0,0.0,0.004580500969196984
2023-01-23,BTC,,0.05,-0.05,0.012440776995486399
2023-01-23,CAKE,,0.05,0.0,0.02793920206749054
2023-01-23,CHZ,,0.0,0.0,1.1730788231356402e-06
2023-01-23,DASH,,0.05,0.0,0.027620716721490562
2023-01-23,DEXE,,0.05,-0.05,0.016043584275865615
2023-01-23,DOGE,,-0.10555555555555557,0.10555555555555557,-0.03384533103612162
2023-01-23,DOT,,0.0,0.0,6.267717454563464e-05
2023-01-23,ETC,,-0.10555555555555557,0.10555555555555557,-0.03386978902682742
2023-01-23,ETH,,0.05,-0.05,0.012359713085473793
2023-01-23,FET,,-0.05,0.05,-0.020015490159746786
2023-01-23,FIL,,-0.10555555555555557,0.10555555555555557,-0.03390612896863108
2023-01-23,HBAR,,0.0,0.0,-0.007495528496283953
2023-01-23,ICP,,0.0,0.0,-0.0002994861119910257
2023-01-23,JST,,-0.10555555555555557,-0.05,-0.0630571564062899
2023-01-23,LINK,,0.05,0.0,0.027855661657740203
2023-01-23,LTC,,0.05,0.0,0.02729677261879374
2023-01-23,LUNC,,0.0,0.10555555555555557,0.025036323721080042
2023-01-23,NEAR,,0.0,0.10555555555555557,0.017318195070053517
2023-01-23,NEXO,,0.0,-0.05,-0.007995819700669307
2023-01-23,QNT,,-0.10555555555555557,0.0,-0.048451204812851964
2023-01-23,SHIB,,-0.10555555555555557,0.0,-0.050796486735840266
2023-01-23,SOL,,0.0,0.10555555555555557,0.017458883833752444
2023-01-23,STX,,0.05,0.10555555555555557,0.04933523887404438
2023-01-23,TRX,,0.05,-0.05,0.015999999999999997
2023-01-23,UNI,,0.0,0.0,-3.8816441541389255e-05
2023-01-23,VET,,-0.10555555555555557,0.0,-0.050796486735840266
2023-01-23,XLM,,0.0,-0.05,-0.008061493716976967
2023-01-23,XRP,,0.0,-0.05,-0.010633249736915613
2023-01-23,ZEC,,-0.10555555555555557,-0.05,-0.06327325177666336
2023-01-30,AAVE,,-0.10555555555555557,0.0,-0.038611771019252186
2023-01-30,ADA,,0.0,0.0,-0.020305407348872588
2023-01-30,ALGO,,0.0,0.12142857142857144,0.02728519261810937
2023-01-30,APT,,-0.05,0.05,-0.001278914636677328
2023-01-30,ATOM,,0.0,-0.05,0.00184230449404333
2023-01-30,AVAX,,-0.10555555555555557,0.0,-0.038611771019252186
2023-01-30,BCH,,0.0,-0.05,-0.01185004429031009
2023-01-30,BNB,,0.05,0.0,0.018740726531505002
2023-01-30,BTC,,0.0,-0.05,-0.0023369479558013224
2023-01-30,CAKE,,0.05,0.0,0.027975962565096556
2023-01-30,CHZ,,0.0,0.12142857142857144,0.017621226311793144
2023-01-30,DASH,,0.05,0.0,0.02785004429031009
2023-01-30,DEXE,,0.05,-0.05,0.016017231740467004
2023-01-30,DOGE,,-0.10555555555555557,0.12142857142857144,-0.03150111838958939
2023-01-30,DOT,,0.0,0.0,2.4780423295447647e-05
2023-01-30,ETC,,0.0,0.0,-0.013390962740370493
2023-01-30,ETH,,0.0,-0.05,-0.002368997869005912
2023-01-30,FET,,-0.10555555555555557,0.05,-0.036398424052460465
2023-01-30,FIL,,-0.10555555555555557,0.12142857142857144,-0.031525155824492834
2023-01-30,HBAR,,-0.10555555555555557,0.0,-0.0387040650834492
2023-01-30,ICP,,-0.10555555555555557,0.0,-0.03585899464708281
2023-01-30,JST,,0.05,-0.05,-0.015256511074153392
2023-01-30,LINK,,0.05,0.0,0.027942933528116255
2023-01-30,LTC,,0.05,0.0,0.02772196780876661
2023-01-30,LUNC,,0.0,0.12142857142857144,0.027519273482517637
2023-01-30,NEAR,,-0.10555555555555557,0.12142857142857144,-0.011272800131950093
2023-01-30,NEXO,,0.0,0.0,-0.0031612751885042503
2023-01-30,QNT,,0.0,0.0,-0.01915595865864577
2023-01-30,SHIB,,0.0,0.0,-0.020083203372851847
2023-01-30,SOL,,-0.10555555555555557,0.05,-0.021582331000679737
2023-01-30,STX,,0.0,0.12142857142857144,0.03712623817860829
2023-01-30,TRX,,0.05,-0.05,0.015999999999999997
2023-01-30,UNI,,0.0,0.0,-1.5346700919300104e-05
2023-01-30,VET,,0.0,0.0,-0.020083203372851847
2023-01-30,XLM,,0.05,-0.05,0.0064869036654912286
2023-01-30,XRP,,0.0,-0.05,-0.011459633426300414
2023-01-30,ZEC,,0.05,-0.05,-0.01534194783464652
2023-02-06,AAVE,,0.0,0.0,0.0
2023-02-06,ADA,,0.0,0.0,0.0
2023-02-06,ALGO,,0.05,0.12142857142857144,0.05714285714285714
2023-02-06,APT,,-0.05,0.05,-0.015999999999999997
2023-02-06,ATOM,,0.0,-0.05,-0.012
2023-02-06,AVAX,,-0.1125,0.0,-0.063
2023-02-06,BCH,,0.0,-0.05,-0.012
2023-02-06,BNB,,0.05,0.0,0.027999999999999997
2023-02-06,BTC,,0.0,-0.05,-0.012
2023-02-06,CAKE,,0.0,0.0,0.0
2023-02-06,CHZ,,0.0,0.12142857142857144,0.029142857142857144
2023-02-06,DASH,,0.05,0.0,0.027999999999999997
2023-02-06,DEXE,,0.05,-0.05,0.015999999999999997
2023-02-06,DOGE,,-0.1125,0.12142857142857144,-0.033857142857142856
2023-02-06,DOT,,0.0,0.0,0.0
2023-02-06,ETC,,0.0,0.0,0.0
2023-02-06,ETH,,0.05,-0.05,0.015999999999999997
2023-02-06,FET,,-0.05,0.05,-0.015999999999999997
2023-02-06,FIL,,-0.1125,0.12142857142857144,-0.033857142857142856
2023-02-06,HBAR,,-0.1125,0.0,-0.063
2023-02-06,ICP,,-0.1125,0.0,-0.063
2023-02-06,JST,,0.0,-0.05,-0.012
2023-02-06,LINK,,0.05,0.0,0.027999999999999997
2023-02-06,LTC,,0.05,0.0,0.027999999999999997
2023-02-06,LUNC,,0.0,0.12142857142857144,0.029142857142857144
2023-02-06,NEAR,,0.0,0.12142857142857144,0.029142857142857144
2023-02-06,NEXO,,-0.1125,0.0,-0.063
2023-02-06,QNT,,0.0,0.0,0.0
2023-02-06,SHIB,,-0.1125,0.0,-0.063
2023-02-06,SOL,,0.0,0.05,0.012
2023-02-06,STX,,0.05,0.12142857142857144,0.05714285714285714
2023-02-06,TRX,,0.05,-0.05,0.015999999999999997
2023-02-06,UNI,,0.0,0.0,0.0
2023-02-06,VET,,-0.1125,0.0,-0.063
2023-02-06,XLM,,0.05,-0.05,0.015999999999999997
2023-02-06,XRP,,0.0,-0.05,-0.012
2023-02-06,ZEC,,0.0,-0.05,-0.012
2023-02-13,AAVE,,0.0,0.0,0.0
2023-02-13,ADA,,0.0,0.0,0.0
2023-02-13,ALGO,,0.0,0.12142857142857144,0.029142857142857144
2023-02-13,APT,,-0.1125,0.05,-0.051000000000000004
2023-02-13,ATOM,,0.05,-0.05,0.015999999999999997
2023-02-13,AVAX,,-0.1125,0.0,-0.063
2023-02-13,BCH,,0.0,-0.05,-0.012
2023-02-13,BNB,,0.05,0.0,0.027999999999999997
2023-02-13,BTC,,0.0,-0.05,-0.012
2023-02-13,CAKE,,0.05,0.0,0.027999999999999997
2023-02-13,CHZ,,0.0,0.12142857142857144,0.029142857142857144
2023-02-13,DASH,,0.05,0.0,0.027999999999999997
2023-02-13,DEXE,,0.05,-0.05,0.015999999999999997
2023-02-13,DOGE,,-0.1125,0.12142857142857144,-0.033857142857142856
2023-02-13,DOT,,0.0,0.0,0.0
2023-02-13,ETC,,0.0,0.0,0.0
2023-02-13,ETH,,0.0,-0.05,-0.012
2023-02-13,FET,,-0.1125,0.05,-0.051000000000000004
2023-02-13,FIL,,-0.05,0.12142857142857144,0.0011428571428571455
2023-02-13,HBAR,,-0.1125,0.0,-0.063
2023-02-13,ICP,,-0.1125,0.0,-0.063
2023-02-13,JST,,0.05,-0.05,0.015999999999999997
2023-02-13,LINK,,0.0,0.0,0.0
2023-02-13,LTC,,0.05,0.0,0.027999999999999997
2023-02-13,LUNC,,0.0,0.12142857142857144,0.029142857142857144
2023-02-13,NEAR,,0.0,0.12142857142857144,0.029142857142857144
2023-02-13,NEXO,,0.05,0.0,0.027999999999999997
2023-02-13,QNT,,0.0,0.0,0.0
2023-02-13,SHIB,,-0.1125,0.0,-0.063
2023-02-13,SOL,,0.0,0.05,0.012
2023-02-13,STX,,-0.05,0.12142857142857144,0.0011428571428571455
2023-02-13,TRX,,0.05,-0.05,0.015999999999999997
2023-02-13,UNI,,0.0,0.0,0.0
2023-02-13,VET,,-0.1125,0.0,-0.063
2023-02-13,XLM,,0.05,-0.05,0.015999999999999997
2023-02-13,XRP,,0.0,-0.05,-0.012
2023-02-13,ZEC,,0.0,-0.05,-0.012
2023-02-20,AAVE,,0.0,0.0,0.0
2023-02-20,ADA,,0.0,0.0,0.0
2023-02-20,ALGO,,0.0,0.12142857142857144,0.029142857142857144
2023-02-20,APT,,0.0,0.05,0.012
2023-02-20,ATOM,,0.05,-0.05,0.015999999999999997
2023-02-20,AVAX,,0.0,0.0,0.0
2023-02-20,BCH,,0.0,-0.05,-0.012
2023-02-20,BNB,,0.05,0.0,0.027999999999999997
2023-02-20,BTC,,0.0,-0.05,-0.012
2023-02-20,CAKE,,0.05,0.0,0.027999999999999997
2023-02-20,CHZ,,0.0,0.12142857142857144,0.029142857142857144
2023-02-20,DASH,,0.05,0.0,0.027999999999999997
2023-02-20,DEXE,,0.05,-0.05,0.015999999999999997
2023-02-20,DOGE,,-0.12142857142857144,0.12142857142857144,-0.03885714285714287
2023-02-20,DOT,,-0.12142857142857144,0.0,-0.068
2023-02-20,ETC,,-0.12142857142857144,0.0,-0.068
2023-02-20,ETH,,0.0,-0.05,-0.012
2023-02-20,FET,,-0.05,0.05,-0.015999999999999997
2023-02-20,FIL,,-0.05,0.12142857142857144,0.0011428571428571455
2023-02-20,HBAR,,-0.12142857142857144,0.0,-0.068
2023-02-20,ICP,,-0.12142857142857144,0.0,-0.068
2023-02-20,JST,,0.05,-0.05,0.015999999999999997
2023-02-20,LINK,,0.0,0.0,0.0
2023-02-20,LTC,,0.05,0.0,0.027999999999999997
2023-02-20,LUNC,,0.0,0.12142857142857144,0.029142857142857144
2023-02-20,NEAR,,0.0,0.12142857142857144,0.029142857142857144
2023-02-20,NEXO,,0.05,0.0,0.027999999999999997
2023-02-20,QNT,,0.0,0.0,0.0
2023-02-20,SHIB,,-0.12142857142857144,0.0,-0.068
2023-02-20,SOL,,0.0,0.05,0.012
2023-02-20,STX,,-0.05,0.12142857142857144,0.0011428571428571455
2023-02-20,TRX,,0.05,-0.05,0.015999999999999997
2023-02-20,UNI,,0.0,0.0,0.0
2023-02-20,VET,,-0.12142857142857144,0.0,-0.068
2023-02-20,XLM,,0.05,-0.05,0.015999999999999997
2023-02-20,XRP,,0.0,-0.05,-0.012
2023-02-20,ZEC,,0.0,-0.05,-0.012
2023-02-27,AAVE,,0.0,0.0,0.0
2023-02-27,ADA,,0.0,0.0,0.0
2023-02-27,ALGO,,0.0,0.0,0.003018782014797952
2023-02-27,APT,,0.0,0.10555555555555557,0.02395219123505976
2023-02-27,ATOM,,0.05,0.0,0.026756972111553784
2023-02-27,AVAX,,0.0,0.10555555555555557,0.022709163346613548
2023-02-27,BCH,,0.0,0.0,-0.0012430278884462149
2023-02-27,BNB,,0.05,-0.05,0.017243027888446213
2023-02-27,BTC,,0.0,-0.05,-0.012
2023-02-27,CAKE,,0.05,-0.05,0.017243027888446213
2023-02-27,CHZ,,0.0,0.0,0.003018782014797952
2023-02-27,DASH,,0.0,0.0,0.002900398406374502
2023-02-27,DEXE,,0.05,0.0,0.026756972111553784
2023-02-27,DOGE,,-0.1125,0.0,-0.06049914627205464
2023-02-27,DOT,,-0.1125,0.0,-0.06351792828685258
2023-02-27,ETC,,0.0,0.0,-0.007043824701195224
2023-02-27,ETH,,0.05,-0.05,0.013099601593625495
2023-02-27,FET,,-0.1125,0.10555555555555557,-0.03542231075697211
2023-02-27,FIL,,-0.05,0.05,-0.014224245873648263
2023-02-27,HBAR,,-0.1125,0.10555555555555557,-0.04080876494023905
2023-02-27,ICP,,-0.1125,0.10555555555555557,-0.04080876494023905
2023-02-27,JST,,0.05,-0.05,0.015999999999999997
2023-02-27,LINK,,0.0,-0.05,-0.010756972111553785
2023-02-27,LTC,,0.05,-0.05,0.017243027888446213
2023-02-27,LUNC,,0.0,0.0,0.003018782014797952
2023-02-27,NEAR,,0.0,0.10555555555555557,0.0257279453614115
2023-02-27,NEXO,,0.05,0.0,0.027999999999999997
2023-02-27,QNT,,0.0,0.0,0.0
2023-02-27,SHIB,,0.0,0.10555555555555557,0.01566533864541833
2023-02-27,SOL,,-0.1125,0.10555555555555557,-0.03252191235059761
2023-02-27,STX,,-0.05,0.0,-0.024981217985202045
2023-02-27,TRX,,0.05,-0.05,0.015999999999999997
2023-02-27,UNI,,0.0,0.0,0.0
2023-02-27,VET,,-0.1125,0.0,-0.06351792828685258
2023-02-27,XLM,,0.05,-0.05,0.015999999999999997
2023-02-27,XRP,,0.0,-0.05,-0.012
2023-02-27,ZEC,,-0.1125,0.10555555555555557,-0.03500796812749004
2023-03-06,AAVE,,-0.1125,0.0,-0.063
2023-03-06,ADA,,0.0,0.0,0.0
2023-03-06,ALGO,,0.0,0.0,0.0
2023-03-06,APT,,0.0,0.10555555555555557,0.025333333333333336
2023-03-06,ATOM,,0.05,0.0,0.027999999999999997
2023-03-06,AVAX,,0.0,0.10555555555555557,0.025333333333333336
2023-03-06,BCH,,0.0,0.0,0.0
2023-03-06,BNB,,0.05,-0.05,0.015999999999999997
2023-03-06,BTC,,0.0,-0.05,-0.012
2023-03-06,CAKE,,0.05,-0.05,0.015999999999999997
2023-03-06,CHZ,,0.0,0.0,0.0
2023-03-06,DASH,,0.0,0.0,0.0
2023-03-06,DEXE,,0.05,0.0,0.027999999999999997
2023-03-06,DOGE,,-0.1125,0.0,-0.063
2023-03-06,DOT,,-0.1125,0.0,-0.063
2023-03-06,ETC,,0.0,0.0,0.0
2023-03-06,ETH,,0.0,-0.05,-0.012
2023-03-06,FET,,0.0,0.10555555555555557,0.025333333333333336
2023-03-06,FIL,,-0.05,0.05,-0.015999999999999997
2023-03-06,HBAR,,0.0,0.10555555555555557,0.025333333333333336
2023-03-06,ICP,,-0.1125,0.10555555555555557,-0.03766666666666667
2023-03-06,JST,,0.0,-0.05,-0.012
2023-03-06,LINK,,0.0,-0.05,-0.012
2023-03-06,LTC,,0.05,-0.05,0.015999999999999997
2023-03-06,LUNC,,-0.1125,0.0,-0.063
2023-03-06,NEAR,,-0.1125,0.10555555555555557,-0.03766666666666667
2023-03-06,NEXO,,0.05,0.0,0.027999999999999997
2023-03-06,QNT,,0.05,0.0,0.027999999999999997
2023-03-06,SHIB,,0.0,0.10555555555555557,0.025333333333333336
2023-03-06,SOL,,-0.1125,0.10555555555555557,-0.03766666666666667
2023-03-06,STX,,-0.05,0.0,-0.027999999999999997
2023-03-06,TRX,,0.05,-0.05,0.015999999999999997
2023-03-06,UNI,,0.0,0.0,0.0
2023-03-06,VET,,-0.1125,0.0,-0.063
2023-03-06,XLM,,0.05,-0.05,0.015999999999999997
2023-03-06,XRP,,0.05,-0.05,0.015999999999999997
2023-03-06,ZEC,,0.0,0.10555555555555557,0.025333333333333336
2023-03-13,AAVE,,0.0,0.0,-0.013609756097560967
2023-03-13,ADA,,0.0,0.0,0.0
2023-03-13,ALGO,,0.0,0.0,0.0
2023-03-13,APT,,-0.10555555555555557,0.10555555555555557,-0.021008130081300817
2023-03-13,ATOM,,0.05,0.0,0.027999999999999997
2023-03-13,AVAX,,0.0,0.10555555555555557,0.025333333333333336
2023-03-13,BCH,,0.0,0.0,0.0
2023-03-13,BNB,,-0.10555555555555557,-0.05,-0.05229268292682927
2023-03-13,BTC,,-0.10555555555555557,-0.05,-0.058341463414634157
2023-03-13,CAKE,,0.05,-0.05,0.015999999999999997
2023-03-13,CHZ,,0.05,0.0,0.021951219512195124
2023-03-13,DASH,,0.0,0.0,0.0
2023-03-13,DEXE,,0.05,0.0,0.027999999999999997
2023-03-13,DOGE,,-0.10555555555555557,0.0,-0.05995121951219513
2023-03-13,DOT,,0.0,0.0,-0.013609756097560967
2023-03-13,ETC,,-0.10555555555555557,0.0,-0.04634146341463415
2023-03-13,ETH,,0.0,-0.05,-0.012
2023-03-13,FET,,-0.10555555555555557,0.10555555555555557,-0.021008130081300817
2023-03-13,FIL,,-0.10555555555555557,0.05,-0.04039024390243903
2023-03-13,HBAR,,0.0,0.10555555555555557,0.025333333333333336
2023-03-13,ICP,,0.0,0.10555555555555557,0.011723577235772366
2023-03-13,JST,,0.0,-0.05,-0.012
2023-03-13,LINK,,0.0,-0.05,-0.012
2023-03-13,LTC,,0.0,-0.05,-0.005951219512195127
2023-03-13,LUNC,,-0.10555555555555557,0.0,-0.05995121951219513
2023-03-13,NEAR,,0.0,0.10555555555555557,0.011723577235772366
2023-03-13,NEXO,,0.05,0.0,0.027999999999999997
2023-03-13,QNT,,0.05,0.0,0.027999999999999997
2023-03-13,SHIB,,0.05,0.10555555555555557,0.04728455284552846
2023-03-13,SOL,,0.0,0.10555555555555557,0.011723577235772366
2023-03-13,STX,,-0.05,0.0,-0.027999999999999997
2023-03-13,TRX,,0.05,-0.05,0.015999999999999997
2023-03-13,UNI,,0.0,0.0,0.0
2023-03-13,VET,,-0.10555555555555557,0.0,-0.05995121951219513
2023-03-13,XLM,,0.05,-0.05,0.015999999999999997
2023-03-13,XRP,,0.05,-0.05,0.015999999999999997
2023-03-13,ZEC,,0.0,0.10555555555555557,0.025333333333333336
2023-03-20,AAVE,,0.0,0.0,-0.00014498649830455013
2023-03-20,ADA,,0.05,0.0,0.027701712365495297
2023-03-20,ALGO,,0.0,0.0,0.0
2023-03-20,APT,,0.0,0.10555555555555557,0.024839651708282003
2023-03-20,ATOM,,0.05,0.0,0.027999999999999997
2023-03-20,AVAX,,0.0,0.10555555555555557,0.025333333333333336
2023-03-20,BCH,,0.0,0.0,0.0
2023-03-20,BNB,,-0.10555555555555557,-0.05,-0.07091063595296161
2023-03-20,BTC,,-0.10555555555555557,-0.05,-0.07097507439665252
2023-03-20,CAKE,,0.05,-0.05,0.015999999999999997
2023-03-20,CHZ,,0.05,0.0,0.027935561556309087
2023-03-20,DASH,,0.0,0.0,0.0
2023-03-20,DEXE,,0.05,0.0,0.027999999999999997
2023-03-20,DOGE,,-0.10555555555555557,0.0,-0.059120060894957076
2023-03-20,DOT,,0.0,0.0,-0.00014498649830455013
2023-03-20,ETC,,-0.10555555555555557,0.0,-0.058975074396652526
2023-03-20,ETH,,0.0,-0.05,-0.012
2023-03-20,FET,,-0.10555555555555557,0.10555555555555557,-0.03364174106331919
2023-03-20,FIL,,-0.10555555555555557,0.05,-0.04703951284034344
2023-03-20,HBAR,,0.0,0.10555555555555557,0.025333333333333336
2023-03-20,ICP,,0.0,0.10555555555555557,0.025188346835028786
2023-03-20,JST,,0.0,-0.05,-0.012
2023-03-20,LINK,,0.05,-0.05,0.015701712365495297
2023-03-20,LTC,,-0.10555555555555557,-0.05,-0.07041695432791027
2023-03-20,LUNC,,0.0,0.0,-0.000638668123355883
2023-03-20,NEAR,,0.0,0.10555555555555557,0.025188346835028786
2023-03-20,NEXO,,-0.10555555555555557,0.0,-0.058183105137096486
2023-03-20,QNT,,0.05,0.0,0.027999999999999997
2023-03-20,SHIB,,0.05,0.10555555555555557,0.053268894889642426
2023-03-20,SOL,,0.0,0.10555555555555557,0.025188346835028786
2023-03-20,STX,,-0.05,0.0,-0.027999999999999997
2023-03-20,TRX,,0.05,-0.05,0.015999999999999997
2023-03-20,UNI,,0.0,0.0,0.0
2023-03-20,VET,,0.0,0.0,-0.000638668123355883
2023-03-20,XLM,,0.05,-0.05,0.015999999999999997
2023-03-20,XRP,,-0.10555555555555557,-0.05,-0.07018310513709648
2023-03-20,ZEC,,0.0,0.10555555555555557,0.025333333333333336
2023-03-27,AAVE,,0.0,0.0,0.0
2023-03-27,ADA,,0.05,0.0,0.027999999999999997
2023-03-27,ALGO,,0.0,0.0,0.0
2023-03-27,APT,,0.0,0.10555555555555557,0.025333333333333336
2023-03-27,ARB,,0.0,0.10555555555555557,0.025333333333333336
2023-03-27,ATOM,,0.05,0.0,0.027999999999999997
2023-03-27,AVAX,,0.05,0.10555555555555557,0.05333333333333334
2023-03-27,BCH,,0.0,0.0,0.0
2023-03-27,BNB,,-0.10555555555555557,-0.05,-0.07111111111111111
2023-03-27,BTC,,-0.10555555555555557,-0.05,-0.07111111111111111
2023-03-27,CAKE,,0.05,-0.05,0.015999999999999997
2023-03-27,CHZ,,0.05,0.0,0.027999999999999997
2023-03-27,DASH,,0.0,0.10555555555555557,0.025333333333333336
2023-03-27,DEXE,,0.05,0.0,0.027999999999999997
2023-03-27,DOGE,,-0.10555555555555557,0.0,-0.059111111111111114
2023-03-27,DOT,,0.0,0.0,0.0
2023-03-27,ETC,,0.0,-0.05,-0.012
2023-03-27,ETH,,0.0,-0.05,-0.012
2023-03-27,FET,,-0.10555555555555557,0.10555555555555557,-0.03377777777777778
2023-03-27,FIL,,-0.10555555555555557,0.10555555555555557,-0.03377777777777778
2023-03-27,HBAR,,-0.10555555555555557,0.0,-0.059111111111111114
2023-03-27,ICP,,0.05,0.10555555555555557,0.05333333333333334
2023-03-27,JST,,0.0,-0.05,-0.012
2023-03-27,LINK,,0.0,-0.05,-0.012
2023-03-27,LTC,,-0.10555555555555557,0.0,-0.059111111111111114
2023-03-27,LUNC,,0.0,0.0,0.0
2023-03-27,NEAR,,0.0,0.10555555555555557,0.025333333333333336
2023-03-27,NEXO,,-0.10555555555555557,0.0,-0.059111111111111114
2023-03-27,QNT,,0.05,0.0,0.027999999999999997
2023-03-27,SHIB,,0.05,0.0,0.027999999999999997
2023-03-27,SOL,,0.0,0.10555555555555557,0.025333333333333336
2023-03-27,STX,,-0.05,0.05,-0.015999999999999997
2023-03-27,TRX,,0.05,-0.05,0.015999999999999997
2023-03-27,UNI,,0.0,0.0,0.0
2023-03-27,VET,,0.0,0.0,0.0
2023-03-27,XLM,,0.0,-0.05,-0.012
2023-03-27,XRP,,-0.10555555555555557,-0.05,-0.07111111111111111
2023-03-27,ZEC,,0.0,0.0,0.0
2023-04-03,AAVE,,0.0,0.0,0.0
2023-04-03,ADA,,0.05,0.0,0.027999999999999997
2023-04-03,ALGO,,0.0,0.0,0.0
2023-04-03,APT,,-0.10555555555555557,0.10555555555555557,-0.03377777777777778
2023-04-03,ARB,,0.0,0.10555555555555557,0.025333333333333336
2023-04-03,ATOM,,0.05,0.0,0.027999999999999997
2023-04-03,AVAX,,0.0,0.10555555555555557,0.025333333333333336
2023-04-03,BCH,,-0.10555555555555557,0.0,-0.059111111111111114
2023-04-03,BNB,,-0.10555555555555557,-0.05,-0.07111111111111111
2023-04-03,BTC,,-0.10555555555555557,-0.05,-0.07111111111111111
2023-04-03,CAKE,,0.05,-0.05,0.015999999999999997
2023-04-03,CHZ,,0.0,0.0,0.0
2023-04-03,DASH,,0.05,0.10555555555555557,0.05333333333333334
2023-04-03,DEXE,,0.05,0.0,0.027999999999999997
2023-04-03,DOGE,,0.0,0.0,0.0
2023-04-03,DOT,,0.0,0.0,0.0
2023-04-03,ETC,,0.0,-0.05,-0.012
2023-04-03,ETH,,0.0,-0.05,-0.012
2023-04-03,FET,,-0.10555555555555557,0.10555555555555557,-0.03377777777777778
2023-04-03,FIL,,-0.10555555555555557,0.10555555555555557,-0.03377777777777778
2023-04-03,HBAR,,-0.10555555555555557,0.0,-0.059111111111111114
2023-04-03,ICP,,0.05,0.10555555555555557,0.05333333333333334
2023-04-03,JST,,0.0,-0.05,-0.012
2023-04-03,LINK,,0.05,-0.05,0.015999999999999997
2023-04-03,LTC,,0.0,0.0,0.0
2023-04-03,LUNC,,0.0,0.0,0.0
2023-04-03,NEAR,,0.0,0.10555555555555557,0.025333333333333336
2023-04-03,NEXO,,-0.10555555555555557,0.0,-0.059111111111111114
2023-04-03,QNT,,0.0,0.0,0.0
2023-04-03,SHIB,,0.05,0.0,0.027999999999999997
2023-04-03,SOL,,0.0,0.10555555555555557,0.025333333333333336
2023-04-03,STX,,-0.05,0.05,-0.015999999999999997
2023-04-03,TRX,,0.05,-0.05,0.015999999999999997
2023-04-03,UNI,,0.0,0.0,0.0
2023-04-03,VET,,0.0,0.0,0.0
2023-04-03,XLM,,0.0,-0.05,-0.012
2023-04-03,XRP,,-0.10555555555555557,-0.05,-0.07111111111111111
2023-04-03,ZEC,,0.05,0.0,0.027999999999999997
2023-04-10,AAVE,,0.0,0.0,0.0
2023-04-10,ADA,,0.0,0.0,0.006571428571428572
2023-04-10,ALGO,,0.05,0.0,0.021428571428571425
2023-04-10,APT,,-0.05,0.10555555555555557,-0.009968253968253966
2023-04-10,ARB,,0.0,0.10555555555555557,0.025333333333333336
2023-04-10,ATOM,,-0.05,0.0,-0.014857142857142853
2023-04-10,AVAX,,0.0,0.10555555555555557,0.025333333333333336
2023-04-10,BCH,,0.0,0.0,-0.013873015873015877
2023-04-10,BNB,,0.0,-0.05,-0.025873015873015874
2023-04-10,BTC,,0.05,-0.05,-0.004444444444444445
2023-04-10,CAKE,,0.05,-0.05,0.015999999999999997
2023-04-10,CHZ,,0.0,0.0,0.0
2023-04-10,DASH,,0.0,0.10555555555555557,0.03190476190476191
2023-04-10,DEXE,,0.05,0.0,0.027999999999999997
2023-04-10,DOGE,,0.0,0.0,0.0
2023-04-10,DOT,,0.0,0.0,0.0
2023-04-10,ETC,,0.0,-0.05,-0.012
2023-04-10,ETH,,0.0,-0.05,-0.012
2023-04-10,FET,,-0.05,0.10555555555555557,-0.009968253968253966
2023-04-10,FIL,,-0.05,0.10555555555555557,-0.009968253968253966
2023-04-10,HBAR,,-0.05,0.0,-0.035301587301587306
2023-04-10,ICP,,-0.05,0.10555555555555557,0.01047619047619048
2023-04-10,JST,,0.05,-0.05,0.009428571428571425
2023-04-10,LINK,,0.0,-0.05,-0.0054285714285714284
2023-04-10,LTC,,0.0,0.0,0.0
2023-04-10,LUNC,,0.05,0.0,0.021428571428571425
2023-04-10,NEAR,,-0.05,0.10555555555555557,0.003904761904761911
2023-04-10,NEXO,,-0.05,0.0,-0.035301587301587306
2023-04-10,QNT,,0.05,0.0,0.021428571428571425
2023-04-10,SHIB,,0.05,0.0,0.027999999999999997
2023-04-10,SOL,,-0.05,0.10555555555555557,0.003904761904761911
2023-04-10,STX,,0.0,0.05,0.0054285714285714284
2023-04-10,TRX,,0.05,-0.05,0.015999999999999997
2023-04-10,UNI,,0.0,0.0,0.0
2023-04-10,VET,,0.0,0.0,0.0
2023-04-10,XLM,,0.0,-0.05,-0.012
2023-04-10,XRP,,-0.05,-0.05,-0.0473015873015873
2023-04-10,ZEC,,0.05,0.0,0.027999999999999997
2023-04-17,AAVE,,0.0,0.0,0.0
2023-04-17,ADA,,-0.05,0.0,-0.027999999999999997
2023-04-17,ALGO,,0.0,0.0,0.0
2023-04-17,APT,,-0.05,0.10555555555555557,-0.002666666666666662
2023-04-17,ARB,,-0.05,0.10555555555555557,-0.002666666666666662
2023-04-17,ATOM,,0.0,0.0,0.0
2023-04-17,AVAX,,-0.05,0.10555555555555557,-0.002666666666666662
2023-04-17,BCH,,0.05,0.0,0.027999999999999997
2023-04-17,BNB,,0.05,-0.05,0.015999999999999997
2023-04-17,BTC,,0.05,-0.05,0.015999999999999997
2023-04-17,CAKE,,0.05,-0.05,0.015999999999999997
2023-04-17,CHZ,,0.0,0.0,0.0
2023-04-17,DASH,,0.0,0.10555555555555557,0.025333333333333336
2023-04-17,DEXE,,0.05,0.0,0.027999999999999997
2023-04-17,DOGE,,0.0,0.0,0.0
2023-04-17,DOT,,0.0,0.0,0.0
2023-04-17,ETC,,0.0,-0.05,-0.012
2023-04-17,ETH,,0.0,-0.05,-0.012
2023-04-17,FET,,-0.05,0.10555555555555557,-0.002666666666666662
2023-04-17,FIL,,-0.05,0.10555555555555557,-0.002666666666666662
2023-04-17,HBAR,,-0.05,0.0,-0.027999999999999997
2023-04-17,ICP,,-0.05,0.10555555555555557,-0.002666666666666662
2023-04-17,JST,,0.05,-0.05,0.015999999999999997
2023-04-17,LINK,,0.0,-0.05,-0.012
2023-04-17,LTC,,0.0,0.0,0.0
2023-04-17,LUNC,,0.05,0.0,0.027999999999999997
2023-04-17,NEAR,,-0.05,0.10555555555555557,-0.002666666666666662
2023-04-17,NEXO,,0.0,0.0,0.0
2023-04-17,QNT,,0.05,0.0,0.027999999999999997
2023-04-17,SHIB,,0.05,0.0,0.027999999999999997
2023-04-17,SOL,,-0.05,0.10555555555555557,-0.002666666666666662
2023-04-17,STX,,0.0,0.05,0.012
2023-04-17,TRX,,0.05,-0.05,0.015999999999999997
2023-04-17,UNI,,0.0,0.0,0.0
2023-04-17,VET,,0.0,0.0,0.0
2023-04-17,XLM,,0.0,-0.05,-0.012
2023-04-17,XRP,,0.0,-0.05,-0.012
2023-04-17,ZEC,,0.0,0.0,0.0
2023-04-24,AAVE,,0.0,0.0,0.0
2023-04-24,ADA,,-0.05,0.0,-0.027999999999999997
2023-04-24,ALGO,,0.0,0.10555555555555557,0.025333333333333336
2023-04-24,APT,,-0.05,0.10555555555555557,-0.002666666666666662
2023-04-24,ARB,,-0.05,0.05,-0.015999999999999997
2023-04-24,ATOM,,-0.05,0.0,-0.027999999999999997
2023-04-24,AVAX,,-0.05,0.10555555555555557,-0.002666666666666662
2023-04-24,BCH,,0.0,-0.05,-0.012
2023-04-24,BNB,,0.0,-0.05,-0.012
2023-04-24,BTC,,0.05,-0.05,0.015999999999999997
2023-04-24,CAKE,,0.05,0.10555555555555557,0.05333333333333334
2023-04-24,CHZ,,0.0,0.0,0.0
2023-04-24,DASH,,0.0,0.0,0.0
2023-04-24,DEXE,,0.05,-0.05,0.015999999999999997
2023-04-24,DOGE,,0.0,0.0,0.0
2023-04-24,DOT,,0.0,0.0,0.0
2023-04-24,ETC,,0.0,-0.05,-0.012
2023-04-24,ETH,,0.0,0.0,0.0
2023-04-24,FET,,-0.05,0.10555555555555557,-0.002666666666666662
2023-04-24,FIL,,-0.05,0.10555555555555557,-0.002666666666666662
2023-04-24,HBAR,,0.0,0.0,0.0
2023-04-24,ICP,,-0.05,0.0,-0.027999999999999997
2023-04-24,JST,,0.05,-0.05,0.015999999999999997
2023-04-24,LINK,,0.0,0.0,0.0
2023-04-24,LTC,,0.0,0.0,0.0
2023-04-24,LUNC,,0.0,0.0,0.0
2023-04-24,NEAR,,-0.05,0.10555555555555557,-0.002666666666666662
2023-04-24,NEXO,,0.05,0.0,0.027999999999999997
2023-04-24,QNT,,0.05,-0.05,0.015999999999999997
2023-04-24,SHIB,,0.05,0.0,0.027999999999999997
2023-04-24,SOL,,-0.05,0.10555555555555557,-0.002666666666666662
2023-04-24,STX,,0.0,0.10555555555555557,0.025333333333333336
2023-04-24,TRX,,0.05,-0.05,0.015999999999999997
2023-04-24,UNI,,0.0,0.0,0.0
2023-04-24,VET,,0.0,0.0,0.0
2023-04-24,XLM,,0.05,-0.05,0.015999999999999997
2023-04-24,XRP,,0.05,-0.05,0.015999999999999997
2023-04-24,ZEC,,0.0,0.0,0.0
2023-05-01,AAVE,,0.0,0.0,0.0
2023-05-01,ADA,,-0.05,0.0,-0.027999999999999997
2023-05-01,ALGO,,0.0,0.10555555555555557,0.025333333333333336
2023-05-01,APT,,-0.05,0.10555555555555557,-0.002666666666666662
2023-05-01,ARB,,-0.05,0.05,-0.015999999999999997
2023-05-01,ATOM,,-0.05,0.0,-0.027999999999999997
2023-05-01,AVAX,,-0.05,0.10555555555555557,-0.002666666666666662
2023-05-01,BCH,,0.05,-0.05,0.015999999999999997
2023-05-01,BNB,,0.0,-0.05,-0.012
2023-05-01,BTC,,0.05,-0.05,0.015999999999999997
2023-05-01,CAKE,,0.0,0.10555555555555557,0.025333333333333336
2023-05-01,CHZ,,0.0,0.0,0.0
2023-05-01,DASH,,0.0,0.0,0.0
2023-05-01,DEXE,,0.05,-0.05,0.015999999999999997
2023-05-01,DOGE,,0.0,0.0,0.0
2023-05-01,DOT,,0.0,0.0,0.0
2023-05-01,ETC,,0.0,-0.05,-0.012
2023-05-01,ETH,,0.0,0.0,0.0
2023-05-01,FET,,-0.05,0.10555555555555557,-0.002666666666666662
2023-05-01,FIL,,-0.05,0.10555555555555557,-0.002666666666666662
2023-05-01,HBAR,,0.0,0.0,0.0
2023-05-01,ICP,,-0.05,0.0,-0.027999999999999997
2023-05-01,JST,,0.05,-0.05,0.015999999999999997
2023-05-01,LINK,,0.0,0.0,0.0
2023-05-01,LTC,,0.0,0.0,0.0
2023-05-01,LUNC,,0.0,0.0,0.0
2023-05-01,NEAR,,-0.05,0.10555555555555557,-0.002666666666666662
2023-05-01,NEXO,,0.05,0.0,0.027999999999999997
2023-05-01,QNT,,0.05,-0.05,0.015999999999999997
2023-05-01,SHIB,,0.05,0.0,0.027999999999999997
2023-05-01,SOL,,-0.05,0.10555555555555557,-0.002666666666666662
2023-05-01,STX,,0.0,0.10555555555555557,0.025333333333333336
2023-05-01,TRX,,0.05,-0.05,0.015999999999999997
2023-05-01,UNI,,0.0,0.0,0.0
2023-05-01,VET,,0.0,0.0,0.0
2023-05-01,XLM,,0.05,-0.05,0.015999999999999997
2023-05-01,XRP,,0.05,-0.05,0.015999999999999997
2023-05-01,ZEC,,0.0,0.0,0.0
2023-05-08,AAVE,,0.0,0.0,0.0
2023-05-08,ADA,,0.0,0.0,0.0
2023-05-08,ALGO,,0.0,0.10555555555555557,0.025333333333333336
2023-05-08,APT,,-0.05,0.10555555555555557,-0.002666666666666662
2023-05-08,ARB,,-0.05,0.05,-0.015999999999999997
2023-05-08,ATOM,,-0.05,0.0,-0.027999999999999997
2023-05-08,AVAX,,0.0,0.10555555555555557,0.025333333333333336
2023-05-08,BCH,,0.05,-0.05,0.015999999999999997
2023-05-08,BNB,,0.05,-0.05,0.015999999999999997
2023-05-08,BTC,,0.0,-0.05,-0.012
2023-05-08,CAKE,,0.05,0.10555555555555557,0.05333333333333334
2023-05-08,CHZ,,-0.05,0.0,-0.027999999999999997
2023-05-08,DASH,,0.0,0.0,0.0
2023-05-08,DEXE,,0.05,-0.05,0.015999999999999997
2023-05-08,DOGE,,0.0,0.0,0.0
2023-05-08,DOT,,0.0,0.0,0.0
2023-05-08,ETC,,0.05,-0.05,0.015999999999999997
2023-05-08,ETH,,0.0,0.0,0.0
2023-05-08,FET,,0.0,0.10555555555555557,0.025333333333333336
2023-05-08,FIL,,-0.05,0.10555555555555557,-0.002666666666666662
2023-05-08,HBAR,,-0.05,0.0,-0.027999999999999997
2023-05-08,ICP,,-0.05,0.0,-0.027999999999999997
2023-05-08,JST,,0.05,-0.05,0.015999999999999997
2023-05-08,LINK,,0.05,0.0,0.027999999999999997
2023-05-08,LTC,,0.0,0.0,0.0
2023-05-08,LUNC,,0.0,0.0,0.0
2023-05-08,NEAR,,-0.05,0.10555555555555557,-0.002666666666666662
2023-05-08,NEXO,,0.0,0.0,0.0
2023-05-08,PEPE,,0.0,0.0,0.0
2023-05-08,QNT,,0.0,-0.05,-0.012
2023-05-08,SHIB,,0.05,0.0,0.027999999999999997
2023-05-08,SOL,,-0.05,0.10555555555555557,-0.002666666666666662
2023-05-08,STX,,-0.05,0.10555555555555557,-0.002666666666666662
2023-05-08,SUI,,0.0,0.0,0.0
2023-05-08,TRX,,0.05,-0.05,0.015999999999999997
2023-05-08,UNI,,0.0,0.0,0.0
2023-05-08,VET,,0.0,0.0,0.0
2023-05-08,XLM,,0.05,-0.05,0.015999999999999997
2023-05-08,XRP,,0.0,-0.05,-0.012
2023-05-08,ZEC,,0.0,0.0,0.0
2023-05-15,AAVE,,0.0,0.0,0.0
2023-05-15,ADA,,0.0,0.0,0.0
2023-05-15,ALGO,,0.05,0.10555555555555557,0.05333333333333334
2023-05-15,APT,,0.0,0.10555555555555557,0.025333333333333336
2023-05-15,ARB,,0.0,0.05,0.012
2023-05-15,ATOM,,0.0,0.0,0.0
2023-05-15,AVAX,,0.0,0.10555555555555557,0.025333333333333336
2023-05-15,BCH,,0.05,-0.05,0.015999999999999997
2023-05-15,BNB,,0.0,-0.05,-0.012
2023-05-15,BTC,,0.0,-0.05,-0.012
2023-05-15,CAKE,,-0.05,0.10555555555555557,-0.002666666666666662
2023-05-15,CHZ,,-0.05,0.0,-0.027999999999999997
2023-05-15,DASH,,-0.05,0.0,-0.027999999999999997
2023-05-15,DEXE,,0.05,-0.05,0.015999999999999997
2023-05-15,DOGE,,0.0,0.0,0.0
2023-05-15,DOT,,0.05,0.0,0.027999999999999997
2023-05-15,ETC,,0.05,-0.05,0.015999999999999997
2023-05-15,ETH,,0.05,0.0,0.027999999999999997
2023-05-15,FET,,-0.05,0.10555555555555557,-0.002666666666666662
2023-05-15,FIL,,-0.05,0.10555555555555557,-0.002666666666666662
2023-05-15,HBAR,,-0.05,0.0,-0.027999999999999997
2023-05-15,ICP,,-0.05,0.0,-0.027999999999999997
2023-05-15,JST,,0.0,-0.05,-0.012
2023-05-15,LINK,,0.05,0.0,0.027999999999999997
2023-05-15,LTC,,-0.05,0.0,-0.027999999999999997
2023-05-15,LUNC,,0.0,0.0,0.0
2023-05-15,NEAR,,0.0,0.10555555555555557,0.025333333333333336
2023-05-15,NEXO,,0.0,0.0,0.0
2023-05-15,PEPE,,0.0,0.0,0.0
2023-05-15,QNT,,0.0,-0.05,-0.012
2023-05-15,SHIB,,0.05,0.0,0.027999999999999997
2023-05-15,SOL,,0.0,0.10555555555555557,0.025333333333333336
2023-05-15,STX,,-0.05,0.10555555555555557,-0.002666666666666662
2023-05-15,SUI,,0.0,0.0,0.0
2023-05-15,TRX,,0.0,-0.05,-0.012
2023-05-15,UNI,,0.05,0.0,0.027999999999999997
2023-05-15,VET,,0.0,0.0,0.0
2023-05-15,XLM,,0.05,-0.05,0.015999999999999997
2023-05-15,XRP,,-0.05,-0.05,-0.04
2023-05-15,ZEC,,0.0,0.0,0.0
2023-05-22,AAVE,,-0.05,0.0,-0.027999999999999997
2023-05-22,ADA,,0.0,0.0,0.0
2023-05-22,ALGO,,0.05,0.05,0.04
2023-05-22,APT,,0.0,0.05,0.012
2023-05-22,ARB,,-0.05,0.05,-0.015999999999999997
2023-05-22,ATOM,,0.0,0.0,0.0
2023-05-22,AVAX,,0.0,0.05,0.012
2023-05-22,BCH,,0.05,0.0,0.027999999999999997
2023-05-22,BNB,,0.05,-0.05,0.015999999999999997
2023-05-22,BTC,,0.0,-0.05,-0.012
2023-05-22,CAKE,,-0.05,0.05,-0.015999999999999997
2023-05-22,CHZ,,0.0,0.0,0.0
2023-05-22,DASH,,-0.05,0.0,-0.027999999999999997
2023-05-22,DEXE,,0.0,-0.05,-0.012
2023-05-22,DOGE,,0.0,0.0,0.0
2023-05-22,DOT,,0.0,0.0,0.0
2023-05-22,ETC,,0.05,-0.05,0.015999999999999997
2023-05-22,ETH,,0.0,0.0,0.0
2023-05-22,FET,,-0.05,0.05,-0.015999999999999997
2023-05-22,FIL,,-0.05,0.05,-0.015999999999999997
2023-05-22,HBAR,,0.0,0.0,0.0
2023-05-22,ICP,,0.0,0.0,0.0
2023-05-22,JST,,0.05,-0.05,0.015999999999999997
2023-05-22,LINK,,0.05,0.0,0.027999999999999997
2023-05-22,LTC,,-0.05,0.0,-0.027999999999999997
2023-05-22,LUNC,,0.0,0.0,0.0
2023-05-22,NEAR,,0.0,0.05,0.012
2023-05-22,NEXO,,0.05,-0.05,0.015999999999999997
2023-05-22,PEPE,,0.0,0.0,0.0
2023-05-22,QNT,,0.0,-0.05,-0.012
2023-05-22,SHIB,,0.0,0.0,0.0
2023-05-22,SOL,,0.0,0.05,0.012
2023-05-22,STX,,-0.05,0.05,-0.015999999999999997
2023-05-22,SUI,,0.0,0.0,0.0
2023-05-22,TRX,,0.05,-0.05,0.015999999999999997
2023-05-22,UNI,,0.05,0.0,0.027999999999999997
2023-05-22,VET,,-0.05,0.0,-0.027999999999999997
2023-05-22,XLM,,0.05,-0.05,0.015999999999999997
2023-05-22,XRP,,-0.05,-0.05,-0.04
2023-05-22,ZEC,,0.0,0.0,0.0
2023-05-29,AAVE,,-0.05,0.0,-0.027999999999999997
2023-05-29,ADA,,0.0,0.0,0.0
2023-05-29,ALGO,,0.05,0.05,0.04
2023-05-29,APT,,-0.05,0.05,-0.015999999999999997
2023-05-29,ARB,,-0.05,0.05,-0.015999999999999997
2023-05-29,ATOM,,0.0,0.0,0.0
2023-05-29,AVAX,,0.0,0.05,0.012
2023-05-29,BCH,,0.05,0.0,0.027999999999999997
2023-05-29,BNB,,0.05,-0.05,0.015999999999999997
2023-05-29,BTC,,0.0,-0.05,-0.012
2023-05-29,CAKE,,0.0,0.05,0.012
2023-05-29,CHZ,,0.0,0.0,0.0
2023-05-29,DASH,,-0.05,0.0,-0.027999999999999997
2023-05-29,DEXE,,0.0,-0.05,-0.012
2023-05-29,DOGE,,0.0,0.0,0.0
2023-05-29,DOT,,0.0,0.0,0.0
2023-05-29,ETC,,0.05,-0.05,0.015999999999999997
2023-05-29,ETH,,0.0,0.0,0.0
2023-05-29,FET,,-0.05,0.05,-0.015999999999999997
2023-05-29,FIL,,-0.05,0.05,-0.015999999999999997
2023-05-29,HBAR,,0.0,0.0,0.0
2023-05-29,ICP,,0.05,0.0,0.027999999999999997
2023-05-29,JST,,0.0,-0.05,-0.012
2023-05-29,LINK,,0.05,0.0,0.027999999999999997
2023-05-29,LTC,,0.0,0.0,0.0
2023-05-29,LUNC,,-0.05,0.0,-0.027999999999999997
2023-05-29,NEAR,,0.0,0.05,0.012
2023-05-29,NEXO,,0.05,-0.05,0.015999999999999997
2023-05-29,PEPE,,-0.05,0.0,-0.027999999999999997
2023-05-29,QNT,,0.0,-0.05,-0.012
2023-05-29,SHIB,,0.0,0.0,0.0
2023-05-29,SOL,,0.0,0.05,0.012
2023-05-29,STX,,-0.05,0.05,-0.015999999999999997
2023-05-29,SUI,,0.05,0.0,0.027999999999999997
2023-05-29,TRX,,0.0,-0.05,-0.012
2023-05-29,UNI,,0.05,0.0,0.027999999999999997
2023-05-29,VET,,0.0,0.0,0.0
2023-05-29,XLM,,0.05,-0.05,0.015999999999999997
2023-05-29,XRP,,-0.05,-0.05,-0.04
2023-05-29,ZEC,,0.0,0.0,0.0
2023-06-05,AAVE,,0.0,0.0,-0.002999999999999999
2023-06-05,ADA,,-0.05,0.0,-0.024999999999999998
2023-06-05,ALGO,,0.0,0.05,0.015
2023-06-05,APT,,-0.05,0.05,-0.015999999999999997
2023-06-05,ARB,,0.0,0.05,0.009000000000000001
2023-06-05,ATOM,,0.0,0.0,0.0
2023-06-05,AVAX,,0.0,0.05,0.012
2023-06-05,BCH,,0.05,0.0,0.027999999999999997
2023-06-05,BNB,,0.0,-0.05,-0.009000000000000001
2023-06-05,BTC,,0.05,-0.05,0.012999999999999998
2023-06-05,CAKE,,0.0,0.05,0.012
2023-06-05,CHZ,,-0.05,0.0,-0.024999999999999998
2023-06-05,DASH,,-0.05,0.0,-0.027999999999999997
2023-06-05,DEXE,,0.0,-0.05,-0.012
2023-06-05,DOGE,,0.0,0.0,0.0
2023-06-05,DOT,,0.05,0.0,0.024999999999999998
2023-06-05,ETC,,0.0,-0.05,-0.009000000000000001
2023-06-05,ETH,,0.05,0.0,0.024999999999999998
2023-06-05,FET,,-0.05,0.05,-0.015999999999999997
2023-06-05,FIL,,-0.05,0.05,-0.015999999999999997
2023-06-05,HBAR,,0.05,0.0,0.024999999999999998
2023-06-05,ICP,,0.0,0.0,0.002999999999999999
2023-06-05,JST,,0.0,-0.05,-0.012
2023-06-05,LINK,,0.0,0.0,0.002999999999999999
2023-06-05,LTC,,0.0,0.0,0.0
2023-06-05,LUNC,,-0.05,0.0,-0.027999999999999997
2023-06-05,NEAR,,-0.05,0.05,-0.012999999999999998
2023-06-05,NEXO,,0.05,-0.05,0.015999999999999997
2023-06-05,PEPE,,0.05,0.0,0.022
2023-06-05,QNT,,0.0,-0.05,-0.012
2023-06-05,SHIB,,0.0,0.0,0.0
2023-06-05,SOL,,-0.05,0.05,-0.012999999999999998
2023-06-05,STX,,0.05,0.05,0.034
2023-06-05,SUI,,-0.05,0.0,-0.022
2023-06-05,TRX,,0.0,-0.05,-0.012
2023-06-05,UNI,,0.0,0.0,0.002999999999999999
2023-06-05,VET,,0.0,0.0,0.0
2023-06-05,XLM,,0.05,-0.05,0.015999999999999997
2023-06-05,XRP,,0.05,-0.05,0.009999999999999995
2023-06-05,ZEC,,0.0,0.0,0.0
2023-06-12,AAVE,,0.0,0.0,0.0
2023-06-12,ADA,,-0.05,0.0,-0.027999999999999997
2023-06-12,ALGO,,0.0,0.05,0.012
2023-06-12,APT,,-0.05,0.05,-0.015999999999999997
2023-06-12,ARB,,0.0,0.05,0.012
2023-06-12,ATOM,,0.0,0.0,0.0
2023-06-12,AVAX,,0.0,0.05,0.012
2023-06-12,BCH,,0.05,0.0,0.027999999999999997
2023-06-12,BNB,,0.0,-0.05,-0.012
2023-06-12,BTC,,0.05,-0.05,0.015999999999999997
2023-06-12,CAKE,,0.0,0.05,0.012
2023-06-12,CHZ,,0.0,0.0,0.0
2023-06-12,DASH,,-0.05,0.0,-0.027999999999999997
2023-06-12,DEXE,,0.0,-0.05,-0.012
2023-06-12,DOGE,,0.05,0.0,0.027999999999999997
2023-06-12,DOT,,0.05,0.0,0.027999999999999997
2023-06-12,ETC,,0.0,-0.05,-0.012
2023-06-12,ETH,,0.05,0.0,0.027999999999999997
2023-06-12,FET,,-0.05,0.05,-0.015999999999999997
2023-06-12,FIL,,-0.05,0.05,-0.015999999999999997
2023-06-12,HBAR,,0.05,0.0,0.027999999999999997
2023-06-12,ICP,,-0.05,0.0,-0.027999999999999997
2023-06-12,JST,,0.0,-0.05,-0.012
2023-06-12,LINK,,0.0,0.0,0.0
2023-06-12,LTC,,0.0,0.0,0.0
2023-06-12,LUNC,,-0.05,0.0,-0.027999999999999997
2023-06-12,NEAR,,0.0,0.05,0.012
2023-06-12,NEXO,,0.05,-0.05,0.015999999999999997
2023-06-12,PEPE,,0.0,0.0,0.0
2023-06-12,QNT,,0.0,-0.05,-0.012
2023-06-12,SHIB,,-0.05,0.0,-0.027999999999999997
2023-06-12,SOL,,-0.05,0.05,-0.015999999999999997
2023-06-12,STX,,0.05,0.05,0.04
2023-06-12,SUI,,-0.05,0.0,-0.027999999999999997
2023-06-12,TRX,,0.05,-0.05,0.015999999999999997
2023-06-12,UNI,,0.0,0.0,0.0
2023-06-12,VET,,0.0,0.0,0.0
2023-06-12,XLM,,0.05,-0.05,0.015999999999999997
2023-06-12,XRP,,0.0,-0.05,-0.012
2023-06-12,ZEC,,0.0,0.0,0.0
2023-06-19,AAVE,,-0.05,0.0,-0.021724137931034483
2023-06-19,ADA,,0.0,0.0,-0.006275862068965514
2023-06-19,ALGO,,0.0,0.0,0.0026896551724137924
2023-06-19,APT,,0.0,0.10555555555555557,0.01606896551724139
2023-06-19,ARB,,0.05,0.10555555555555557,0.04406896551724139
2023-06-19,ATOM,,0.0,0.0,0.0
2023-06-19,AVAX,,0.0,0.0,0.0026896551724137924
2023-06-19,BCH,,-0.05,0.0,-0.01544827586206897
2023-06-19,BNB,,0.05,0.0,0.01903448275862069
2023-06-19,BTC,,0.05,-0.05,0.015999999999999997
2023-06-19,CAKE,,0.0,0.0,0.0026896551724137924
2023-06-19,CHZ,,-0.05,0.10555555555555557,-0.002068965517241376
2023-06-19,DASH,,-0.05,0.10555555555555557,-0.008344827586206888
2023-06-19,DEXE,,0.0,0.0,-0.0026896551724137924
2023-06-19,DOGE,,0.05,0.0,0.027999999999999997
2023-06-19,DOT,,0.0,0.0,0.006275862068965514
2023-06-19,ETC,,0.0,0.0,-0.0026896551724137924
2023-06-19,ETH,,0.05,-0.05,0.01868965517241379
2023-06-19,FET,,-0.05,0.10555555555555557,-0.005655172413793097
2023-06-19,FIL,,0.0,0.10555555555555557,0.01606896551724139
2023-06-19,HBAR,,0.0,-0.05,-0.003034482758620692
2023-06-19,ICP,,0.0,0.0,-0.006275862068965514
2023-06-19,JST,,0.0,-0.05,-0.012
2023-06-19,LINK,,0.0,0.0,0.0
2023-06-19,LTC,,0.0,-0.05,-0.009310344827586208
2023-06-19,LUNC,,-0.05,0.0,-0.027999999999999997
2023-06-19,NEAR,,0.0,0.10555555555555557,0.0223448275862069
2023-06-19,NEXO,,0.05,-0.05,0.015999999999999997
2023-06-19,PEPE,,-0.05,0.05,-0.012413793103448275
2023-06-19,QNT,,0.05,-0.05,0.009724137931034483
2023-06-19,SHIB,,0.0,0.0,-0.006275862068965514
2023-06-19,SOL,,0.0,0.10555555555555557,0.01606896551724139
2023-06-19,STX,,-0.05,0.0,-0.012758620689655185
2023-06-19,SUI,,-0.05,0.10555555555555557,-0.008344827586206888
2023-06-19,TRX,,0.05,-0.05,0.015999999999999997
2023-06-19,UNI,,0.0,0.0,0.0
2023-06-19,VET,,-0.05,0.0,-0.021724137931034483
2023-06-19,XLM,,0.05,-0.05,0.015999999999999997
2023-06-19,XRP,,0.05,-0.05,0.009724137931034483
2023-06-19,ZEC,,0.0,0.0,0.0
2023-06-26,AAVE,,-0.05,0.0,-0.027999999999999997
2023-06-26,ADA,,0.0,0.0,0.0
2023-06-26,ALGO,,0.0,0.0,0.0
2023-06-26,APT,,0.0,0.10555555555555557,0.025333333333333336
2023-06-26,ARB,,0.0,0.10555555555555557,0.025333333333333336
2023-06-26,ATOM,,0.0,0.0,0.0
2023-06-26,AVAX,,0.0,0.0,0.0
2023-06-26,BCH,,-0.05,0.0,-0.027999999999999997
2023-06-26,BNB,,0.05,0.0,0.027999999999999997
2023-06-26,BTC,,0.05,-0.05,0.015999999999999997
2023-06-26,CAKE,,0.0,0.0,0.0
2023-06-26,CHZ,,-0.05,0.10555555555555557,-0.002666666666666662
2023-06-26,DASH,,-0.05,0.10555555555555557,-0.002666666666666662
2023-06-26,DEXE,,0.0,0.0,0.0
2023-06-26,DOGE,,0.05,0.0,0.027999999999999997
2023-06-26,DOT,,0.0,0.0,0.0
2023-06-26,ETC,,0.0,0.0,0.0
2023-06-26,ETH,,0.05,-0.05,0.015999999999999997
2023-06-26,FET,,-0.05,0.10555555555555557,-0.002666666666666662
2023-06-26,FIL,,0.0,0.10555555555555557,0.025333333333333336
2023-06-26,HBAR,,0.0,-0.05,-0.012
2023-06-26,ICP,,0.0,0.0,0.0
2023-06-26,JST,,0.05,-0.05,0.015999999999999997
2023-06-26,LINK,,0.0,0.0,0.0
2023-06-26,LTC,,-0.05,-0.05,-0.04
2023-06-26,LUNC,,0.05,0.0,0.027999999999999997
2023-06-26,NEAR,,0.0,0.10555555555555557,0.025333333333333336
2023-06-26,NEXO,,0.05,-0.05,0.015999999999999997
2023-06-26,PEPE,,-0.05,0.05,-0.015999999999999997
2023-06-26,QNT,,0.05,-0.05,0.015999999999999997
2023-06-26,SHIB,,0.0,0.0,0.0
2023-06-26,SOL,,0.0,0.10555555555555557,0.025333333333333336
2023-06-26,STX,,-0.05,0.0,-0.027999999999999997
2023-06-26,SUI,,-0.05,0.10555555555555557,-0.002666666666666662
2023-06-26,TRX,,0.05,-0.05,0.015999999999999997
2023-06-26,UNI,,0.0,0.0,0.0
2023-06-26,VET,,-0.05,0.0,-0.027999999999999997
2023-06-26,XLM,,0.0,-0.05,-0.012
2023-06-26,XRP,,0.05,-0.05,0.015999999999999997
2023-06-26,ZEC,,0.0,0.0,0.0
2023-07-03,AAVE,,-0.1125,0.0,-0.06209090909090909
2023-07-03,ADA,,0.0,0.0,0.0
2023-07-03,ALGO,,-0.1125,0.0,-0.06136363636363636
2023-07-03,APT,,0.0,0.10555555555555557,0.025333333333333336
2023-07-03,ARB,,0.0,0.10555555555555557,0.025333333333333336
2023-07-03,ATOM,,0.05,0.0,0.02727272727272727
2023-07-03,AVAX,,0.0,0.0,0.0
2023-07-03,BCH,,-0.05,0.0,-0.027999999999999997
2023-07-03,BNB,,0.05,0.0,0.027999999999999997
2023-07-03,BTC,,0.0,-0.05,-0.011272727272727275
2023-07-03,CAKE,,0.0,0.0,0.0
2023-07-03,CHZ,,0.0,0.10555555555555557,0.02460606060606061
2023-07-03,DASH,,0.0,0.10555555555555557,0.02460606060606061
2023-07-03,DEXE,,0.0,0.0,0.0
2023-07-03,DOGE,,0.05,0.0,0.027999999999999997
2023-07-03,DOT,,0.0,0.0,0.0
2023-07-03,ETC,,-0.1125,0.0,-0.06136363636363636
2023-07-03,ETH,,0.0,-0.05,-0.011272727272727275
2023-07-03,FET,,-0.1125,0.10555555555555557,-0.03675757575757576
2023-07-03,FIL,,0.05,0.10555555555555557,0.05260606060606061
2023-07-03,HBAR,,0.0,-0.05,-0.012
2023-07-03,ICP,,0.0,0.0,0.0
2023-07-03,JST,,0.0,-0.05,-0.011272727272727275
2023-07-03,LINK,,0.0,0.0,0.0
2023-07-03,LTC,,-0.1125,-0.05,-0.0740909090909091
2023-07-03,LUNC,,0.05,0.0,0.027999999999999997
2023-07-03,NEAR,,0.0,0.10555555555555557,0.025333333333333336
2023-07-03,NEXO,,0.05,-0.05,0.015999999999999997
2023-07-03,PEPE,,-0.05,0.05,-0.015999999999999997
2023-07-03,QNT,,0.05,-0.05,0.015999999999999997
2023-07-03,SHIB,,0.05,0.0,0.02727272727272727
2023-07-03,SOL,,0.0,0.10555555555555557,0.025333333333333336
2023-07-03,STX,,-0.1125,0.0,-0.06209090909090909
2023-07-03,SUI,,0.0,0.10555555555555557,0.02460606060606061
2023-07-03,TRX,,0.05,-0.05,0.015999999999999997
2023-07-03,UNI,,-0.1125,0.0,-0.06136363636363636
2023-07-03,VET,,-0.1125,0.0,-0.06209090909090909
2023-07-03,XLM,,0.0,-0.05,-0.012
2023-07-03,XRP,,0.05,-0.05,0.015999999999999997
2023-07-03,ZEC,,0.0,0.0,0.0
2023-07-10,AAVE,,-0.1125,0.0,-0.063
2023-07-10,ADA,,0.0,0.0,0.0
2023-07-10,ALGO,,0.0,0.0,0.0
2023-07-10,APT,,0.0,0.10555555555555557,0.025333333333333336
2023-07-10,ARB,,0.0,0.10555555555555557,0.025333333333333336
2023-07-10,ATOM,,0.05,0.0,0.027999999999999997
2023-07-10,AVAX,,0.0,0.0,0.0
2023-07-10,BCH,,-0.05,0.0,-0.027999999999999997
2023-07-10,BNB,,0.05,0.0,0.027999999999999997
2023-07-10,BTC,,0.0,-0.05,-0.012
2023-07-10,CAKE,,0.0,0.0,0.0
2023-07-10,CHZ,,0.0,0.10555555555555557,0.025333333333333336
2023-07-10,DASH,,0.0,0.10555555555555557,0.025333333333333336
2023-07-10,DEXE,,0.0,0.0,0.0
2023-07-10,DOGE,,0.05,0.0,0.027999999999999997
2023-07-10,DOT,,0.0,0.0,0.0
2023-07-10,ETC,,0.0,0.0,0.0
2023-07-10,ETH,,0.0,-0.05,-0.012
2023-07-10,FET,,-0.1125,0.10555555555555557,-0.03766666666666667
2023-07-10,FIL,,0.0,0.10555555555555557,0.025333333333333336
2023-07-10,HBAR,,0.0,-0.05,-0.012
2023-07-10,ICP,,0.05,0.0,0.027999999999999997
2023-07-10,JST,,0.05,-0.05,0.015999999999999997
2023-07-10,LINK,,0.0,0.0,0.0
2023-07-10,LTC,,-0.1125,-0.05,-0.07500000000000001
2023-07-10,LUNC,,0.0,0.0,0.0
2023-07-10,NEAR,,0.0,0.10555555555555557,0.025333333333333336
2023-07-10,NEXO,,0.05,-0.05,0.015999999999999997
2023-07-10,PEPE,,-0.05,0.05,-0.015999999999999997
2023-07-10,QNT,,0.05,-0.05,0.015999999999999997
2023-07-10,SHIB,,0.05,0.0,0.027999999999999997
2023-07-10,SOL,,-0.1125,0.10555555555555557,-0.03766666666666667
2023-07-10,STX,,-0.1125,0.0,-0.063
2023-07-10,SUI,,0.05,0.10555555555555557,0.05333333333333334
2023-07-10,TRX,,0.05,-0.05,0.015999999999999997
2023-07-10,UNI,,0.0,0.0,0.0
2023-07-10,VET,,-0.1125,0.0,-0.063
2023-07-10,XLM,,-0.1125,-0.05,-0.07500000000000001
2023-07-10,XRP,,-0.1125,-0.05,-0.07500000000000001
2023-07-10,ZEC,,0.0,0.0,0.0
2023-07-17,AAVE,,0.0,0.0,-0.01792845786963434
2023-07-17,ADA,,0.0,0.0,0.0
2023-07-17,ALGO,,0.0,0.0,0.0
2023-07-17,APT,,0.0,0.10555555555555557,0.025333333333333336
2023-07-17,ARB,,-0.1125,0.10555555555555557,-0.019738208797032326
2023-07-17,ATOM,,0.05,0.0,0.027999999999999997
2023-07-17,AVAX,,0.0,0.0,0.0
2023-07-17,BCH,,-0.05,0.0,-0.027999999999999997
2023-07-17,BNB,,0.0,0.0,0.007968203497615258
2023-07-17,BTC,,0.05,-0.1125,-0.0026995230524642314
2023-07-17,CAKE,,0.0,0.0,0.0
2023-07-17,CHZ,,0.0,0.10555555555555557,0.025333333333333336
2023-07-17,DASH,,0.0,0.10555555555555557,0.025333333333333336
2023-07-17,DEXE,,0.0,0.0,0.0
2023-07-17,DOGE,,0.0,-0.1125,-0.011348171701112887
2023-07-17,DOT,,0.0,0.0,0.0
2023-07-17,ETC,,-0.1125,0.0,-0.04507154213036566
2023-07-17,ETH,,0.05,-0.1125,-0.0026995230524642314
2023-07-17,FET,,0.0,0.10555555555555557,0.007404875463698994
2023-07-17,FIL,,0.0,0.10555555555555557,0.025333333333333336
2023-07-17,HBAR,,0.0,-0.1125,-0.022731319554848972
2023-07-17,ICP,,0.05,0.0,0.027999999999999997
2023-07-17,JST,,0.0,-0.1125,-0.014763116057233707
2023-07-17,LINK,,-0.1125,0.0,-0.04507154213036566
2023-07-17,LTC,,-0.1125,0.0,-0.06641494435612083
2023-07-17,LUNC,,-0.1125,0.0,-0.04507154213036566
2023-07-17,NEAR,,0.0,0.10555555555555557,0.025333333333333336
2023-07-17,NEXO,,0.05,-0.1125,0.005268680445151028
2023-07-17,PEPE,,0.05,0.10555555555555557,0.03360254372019078
2023-07-17,QNT,,0.0,-0.1125,-0.014763116057233707
2023-07-17,SHIB,,0.05,0.0,0.027999999999999997
2023-07-17,SOL,,-0.1125,0.05,-0.04720561738208798
2023-07-17,STX,,0.05,0.0,0.002103338632750404
2023-07-17,SUI,,0.05,0.10555555555555557,0.05333333333333334
2023-07-17,TRX,,0.05,-0.1125,0.005268680445151028
2023-07-17,UNI,,0.0,0.0,0.0
2023-07-17,VET,,-0.1125,0.0,-0.063
2023-07-17,XLM,,-0.1125,-0.05,-0.07500000000000001
2023-07-17,XRP,,-0.05,-0.05,-0.04996025437201908
2023-07-17,ZEC,,0.0,0.0,0.0
2023-07-24,AAVE,,0.0,0.0,-0.00249612507997558
2023-07-24,ADA,,0.0,0.0,0.0
2023-07-24,ALGO,,0.0,0.0,0.0
2023-07-24,APT,,0.0,0.10555555555555557,0.025333333333333336
2023-07-24,ARB,,-0.10555555555555557,0.10555555555555557,-0.03182309096089091
2023-07-24,ATOM,,0.05,0.0,0.027999999999999997
2023-07-24,AVAX,,0.0,0.0,0.0
2023-07-24,BCH,,0.0,0.0,-0.003898355494238708
2023-07-24,BNB,,0.05,0.0,0.02521103343019488
2023-07-24,BTC,,0.05,-0.1125,0.00048492657079868577
2023-07-24,CAKE,,0.0,0.0,0.0
2023-07-24,CHZ,,0.0,0.10555555555555557,0.025333333333333336
2023-07-24,DASH,,0.0,0.10555555555555557,0.025333333333333336
2023-07-24,DEXE,,0.0,0.0,0.0
2023-07-24,DOGE,,-0.10555555555555557,-0.1125,-0.07570209269631104
2023-07-24,DOT,,0.0,0.0,0.0
2023-07-24,ETC,,0.05,0.0,0.01782646972369977
2023-07-24,ETH,,0.05,-0.1125,0.00048492657079868577
2023-07-24,FET,,-0.10555555555555557,0.10555555555555557,-0.028044041258804976
2023-07-24,FIL,,0.0,0.10555555555555557,0.025333333333333336
2023-07-24,HBAR,,0.0,-0.1125,-0.026405684504767723
2023-07-24,ICP,,0.05,0.0,0.027999999999999997
2023-07-24,JST,,0.05,-0.1125,-0.0011946510745728424
2023-07-24,LINK,,-0.10555555555555557,0.0,-0.057156424294224246
2023-07-24,LTC,,0.0,0.0,-0.00924675225822292
2023-07-24,LUNC,,-0.10555555555555557,0.0,-0.057156424294224246
2023-07-24,NEAR,,-0.10555555555555557,0.10555555555555557,-0.025547916178829396
2023-07-24,NEXO,,0.05,-0.1125,0.0015943154952322764
2023-07-24,PEPE,,0.0,0.10555555555555557,0.02648463053849839
2023-07-24,QNT,,0.0,-0.1125,-0.02529629558033413
2023-07-24,SHIB,,0.0,0.0,0.003898355494238708
2023-07-24,SOL,,-0.10555555555555557,0.05,-0.04712426893399335
2023-07-24,STX,,0.05,0.0,0.02439448599559083
2023-07-24,SUI,,0.0,0.10555555555555557,0.029231688827572044
2023-07-24,TRX,,0.05,-0.1125,0.0015943154952322764
2023-07-24,UNI,,0.0,0.0,0.0
2023-07-24,VET,,0.0,0.0,-0.00877129986203709
2023-07-24,XLM,,-0.10555555555555557,-0.05,-0.07165254937419982
2023-07-24,XRP,,-0.05,-0.05,-0.04138673615554199
2023-07-24,ZEC,,-0.10555555555555557,0.0,-0.05088124951216273
2023-07-31,AAVE,,0.0,0.0,0.0
2023-07-31,ADA,,-0.10625000000000001,0.0,-0.0595
2023-07-31,ALGO,,0.0,0.0,0.0
2023-07-31,APT,,0.0,0.10555555555555557,0.025333333333333336
2023-07-31,ARB,,-0.10625000000000001,0.10555555555555557,-0.034166666666666665
2023-07-31,ATOM,,0.05,0.0,0.027999999999999997
2023-07-31,AVAX,,0.0,0.0,0.0
2023-07-31,BCH,,0.0,0.0,0.0
2023-07-31,BNB,,0.05,0.0,0.027999999999999997
2023-07-31,BTC,,0.05,-0.1125,0.0009999999999999955
2023-07-31,CAKE,,0.05,0.0,0.027999999999999997
2023-07-31,CHZ,,0.0,0.10555555555555557,0.025333333333333336
2023-07-31,DASH,,0.05,0.10555555555555557,0.05333333333333334
2023-07-31,DEXE,,0.05,0.0,0.027999999999999997
2023-07-31,DOGE,,-0.10625000000000001,-0.1125,-0.08650000000000001
2023-07-31,DOT,,0.0,0.0,0.0
2023-07-31,ETC,,0.05,0.0,0.027999999999999997
2023-07-31,ETH,,0.05,-0.1125,0.0009999999999999955
2023-07-31,FET,,-0.10625000000000001,0.10555555555555557,-0.034166666666666665
2023-07-31,FIL,,0.0,0.10555555555555557,0.025333333333333336
2023-07-31,HBAR,,0.0,-0.1125,-0.027000000000000003
2023-07-31,ICP,,0.05,0.0,0.027999999999999997
2023-07-31,JST,,0.0,-0.1125,-0.027000000000000003
2023-07-31,LINK,,-0.10625000000000001,0.0,-0.0595
2023-07-31,LTC,,0.0,0.0,0.0
2023-07-31,LUNC,,-0.10625000000000001,0.0,-0.0595
2023-07-31,NEAR,,0.0,0.10555555555555557,0.025333333333333336
2023-07-31,NEXO,,0.05,-0.1125,0.0009999999999999955
2023-07-31,PEPE,,0.0,0.10555555555555557,0.025333333333333336
2023-07-31,QNT,,0.0,-0.1125,-0.027000000000000003
2023-07-31,SHIB,,-0.10625000000000001,0.0,-0.0595
2023-07-31,SOL,,-0.05,0.05,-0.015999999999999997
2023-07-31,STX,,0.05,0.0,0.027999999999999997
2023-07-31,SUI,,0.0,0.10555555555555557,0.025333333333333336
2023-07-31,TRX,,0.0,-0.1125,-0.027000000000000003
2023-07-31,UNI,,-0.10625000000000001,0.0,-0.0595
2023-07-31,VET,,0.0,0.0,0.0
2023-07-31,WLD,,0.0,0.0,0.0
2023-07-31,XLM,,-0.05,-0.05,-0.04
2023-07-31,XRP,,-0.05,-0.05,-0.04
2023-07-31,ZEC,,0.0,0.0,0.0
2023-08-07,AAVE,,0.05,0.0,0.02068965517241379
2023-08-07,ADA,,0.0,0.0,-0.01553448275862069
2023-08-07,ALGO,,0.0,0.0,0.0
2023-08-07,APT,,-0.095,0.10555555555555557,-0.013977011494252869
2023-08-07,ARB,,0.0,0.10555555555555557,0.009798850574712643
2023-08-07,ATOM,,0.05,0.0,0.027999999999999997
2023-08-07,AVAX,,0.05,0.0,0.02068965517241379
2023-08-07,BCH,,-0.095,0.0,-0.039310344827586205
2023-08-07,BNB,,0.05,0.0,0.027999999999999997
2023-08-07,BTC,,0.05,-0.1125,0.0009999999999999955
2023-08-07,CAKE,,0.05,0.0,0.027999999999999997
2023-08-07,CHZ,,0.05,0.10555555555555557,0.046022988505747126
2023-08-07,DASH,,0.0,0.10555555555555557,0.032643678160919544
2023-08-07,DEXE,,0.05,0.0,0.027999999999999997
2023-08-07,DOGE,,-0.095,-0.1125,-0.0818448275862069
2023-08-07,DOT,,0.0,0.0,0.0
2023-08-07,ETC,,0.0,0.0,0.007310344827586208
2023-08-07,ETH,,0.05,-0.1125,0.0009999999999999955
2023-08-07,FET,,-0.095,0.10555555555555557,-0.029511494252873555
2023-08-07,FIL,,0.0,0.10555555555555557,0.025333333333333336
2023-08-07,HBAR,,-0.095,-0.1125,-0.0663103448275862
2023-08-07,ICP,,0.0,0.0,0.007310344827586208
2023-08-07,JST,,0.0,-0.1125,-0.027000000000000003
2023-08-07,LINK,,-0.095,0.0,-0.054844827586206894
2023-08-07,LTC,,0.0,0.0,0.0
2023-08-07,LUNC,,0.05,0.0,0.0051551724137930965
2023-08-07,NEAR,,0.05,0.10555555555555557,0.046022988505747126
2023-08-07,NEXO,,0.0,-0.1125,-0.019689655172413795
2023-08-07,PEPE,,-0.05,0.10555555555555557,0.004643678160919547
2023-08-07,QNT,,-0.095,-0.1125,-0.0663103448275862
2023-08-07,SHIB,,-0.095,0.0,-0.054844827586206894
2023-08-07,SOL,,0.0,0.05,0.0046896551724137925
2023-08-07,STX,,0.0,0.0,0.007310344827586208
2023-08-07,SUI,,0.0,0.10555555555555557,0.025333333333333336
2023-08-07,TRX,,0.0,-0.1125,-0.027000000000000003
2023-08-07,UNI,,-0.095,0.0,-0.054844827586206894
2023-08-07,VET,,0.0,0.0,0.0
2023-08-07,WLD,,0.0,0.0,0.0
2023-08-07,XLM,,-0.095,-0.05,-0.058620689655172406
2023-08-07,XRP,,0.0,-0.05,-0.019310344827586208
2023-08-07,ZEC,,0.0,0.0,0.0
2023-08-14,AAVE,,0.0,0.0,0.007490948645653413
2023-08-14,ADA,,0.05,-0.05,0.004582545772583248
2023-08-14,ALGO,,-0.05,0.095,-0.003317274907059108
2023-08-14,APT,,-0.05,0.095,-0.008377826881011637
2023-08-14,ARB,,0.05,0.095,0.03595502060338317
2023-08-14,ATOM,,0.05,-0.05,0.020344750214478978
2023-08-14,AVAX,,0.05,0.0,0.025353198145202458
2023-08-14,BCH,,-0.05,0.095,-0.017550077333800592
2023-08-14,BNB,,0.05,-0.05,0.020344750214478978
2023-08-14,BTC,,0.0,-0.05,-0.007293187267647773
2023-08-14,CAKE,,0.05,0.0,0.027999999999999997
2023-08-14,CHZ,,0.0,0.0,0.016663199098442372
2023-08-14,DASH,,0.0,0.095,0.026364026900076436
2023-08-14,DEXE,,0.05,-0.05,0.020344750214478978
2023-08-14,DOGE,,-0.05,0.0,-0.04749519385031301
2023-08-14,DOT,,0.05,0.0,0.017862249499549045
2023-08-14,ETC,,0.0,0.0,0.00264680185479754
2023-08-14,ETH,,0.05,-0.05,0.010569062231901271
2023-08-14,FET,,-0.05,0.0,-0.02854725541494634
2023-08-14,FIL,,0.0,0.0,0.009172250452788959
2023-08-14,HBAR,,-0.05,-0.05,-0.04952598969438926
2023-08-14,ICP,,0.0,0.0,0.00264680185479754
2023-08-14,JST,,0.0,-0.05,-0.017430937768098727
2023-08-14,LINK,,0.0,0.0,-0.019857256368186263
2023-08-14,LTC,,-0.05,0.095,-0.003317274907059108
2023-08-14,LUNC,,0.0,0.0,0.00186649470420864
2023-08-14,NEAR,,0.0,0.0,0.016663199098442372
2023-08-14,NEXO,,0.05,-0.05,0.003078113586247856
2023-08-14,PEPE,,-0.05,0.05,-0.008525697906892477
2023-08-14,QNT,,0.0,-0.05,-0.03166374019484021
2023-08-14,SHIB,,-0.05,0.095,-0.023174531275245373
2023-08-14,SOL,,0.0,0.0,0.0016979483596814404
2023-08-14,STX,,-0.05,0.095,-0.0006704730522615679
2023-08-14,SUI,,0.0,0.0,0.009172250452788959
2023-08-14,TRX,,0.05,-0.05,0.0004313117314503137
2023-08-14,UNI,,-0.05,0.095,-0.023174531275245373
2023-08-14,VET,,0.0,0.0,0.0
2023-08-14,WLD,,0.0,0.0,0.0
2023-08-14,XLM,,0.0,0.0,-0.021224354496018005
2023-08-14,XRP,,0.0,0.0,-0.006991552069276522
2023-08-14,ZEC,,0.0,0.095,0.014544974592489938
2023-08-21,AAVE,,0.0,0.0,0.00041433816304180075
2023-08-21,ADA,,0.05,-0.05,0.015368479583163785
2023-08-21,ALGO,,-0.095,0.095,-0.028902004606360984
2023-08-21,APT,,-0.095,0.095,-0.029181913054282554
2023-08-21,ARB,,0.0,0.095,0.023527628412557004
2023-08-21,ATOM,,0.05,-0.05,0.01624031613456424
2023-08-21,AVAX,,0.05,0.0,0.027853600515725226
2023-08-21,BCH,,-0.095,0.095,-0.029689247116140405
2023-08-21,BNB,,0.0,-0.05,-0.010210952307664084
2023-08-21,BTC,,0.0,-0.05,-0.011739657520888735
2023-08-21,CAKE,,0.05,0.0,0.027999999999999997
2023-08-21,CHZ,,0.0,0.0,0.0009216722248996494
2023-08-21,DASH,,0.0,0.095,0.022997132890460556
2023-08-21,DEXE,,0.05,-0.05,0.01624031613456424
2023-08-21,DOGE,,-0.095,0.0,-0.05288445666732178
2023-08-21,DOT,,0.0,0.0,0.0009879939104551032
2023-08-21,ETC,,0.0,0.0,0.00014639948427476977
2023-08-21,ETH,,0.05,-0.05,0.01569960483179469
2023-08-21,FET,,-0.095,0.0,-0.05183641130269438
2023-08-21,FIL,,0.0,0.0,0.0005073340618578503
2023-08-21,HBAR,,-0.095,-0.05,-0.06433304162867365
2023-08-21,ICP,,0.05,0.0,0.02659766792650309
2023-08-21,JST,,0.05,-0.05,0.014150873274023017
2023-08-21,LINK,,0.0,0.0,-0.0010983414138633074
2023-08-21,LTC,,-0.095,0.095,-0.028902004606360984
2023-08-21,LUNC,,0.0,0.0,0.0001032392589579152
2023-08-21,NEAR,,0.0,0.0,0.0009216722248996494
2023-08-21,NEXO,,0.05,-0.05,0.01528526666875289
2023-08-21,PEPE,,-0.05,0.05,-0.015586582588431621
2023-08-21,QNT,,0.0,-0.05,-0.013087637677984727
2023-08-21,SHIB,,-0.095,0.095,-0.03000034602022429
2023-08-21,SOL,,0.0,0.0,9.391665028947492e-05
2023-08-21,STX,,-0.095,0.095,-0.028755605122086213
2023-08-21,SUI,,-0.095,0.0,-0.04975007597837597
2023-08-21,TRX,,0.05,-0.05,0.01513886718447812
2023-08-21,UNI,,0.0,0.095,0.020257064020009527
2023-08-21,VET,,0.0,0.0,0.0
2023-08-21,WLD,,0.05,0.0,0.026451268442228323
2023-08-21,XLM,,0.0,0.0,-0.0011739581286184346
2023-08-21,XRP,,0.0,0.0,-0.00038671561883901404
2023-08-21,ZEC,,0.0,0.095,0.022343399344327934
2023-08-28,AAVE,,0.0,0.0,0.0
2023-08-28,ADA,,0.05,-0.05,0.015999999999999997
2023-08-28,ALGO,,-0.05,0.095,-0.0052
2023-08-28,APT,,-0.05,0.095,-0.0052
2023-08-28,ARB,,0.0,0.095,0.0228
2023-08-28,ATOM,,0.05,-0.05,0.015999999999999997
2023-08-28,AVAX,,0.0,0.0,0.0
2023-08-28,BCH,,-0.05,0.095,-0.0052
2023-08-28,BNB,,0.0,-0.05,-0.012
2023-08-28,BTC,,0.0,-0.05,-0.012
2023-08-28,CAKE,,0.05,0.0,0.027999999999999997
2023-08-28,CHZ,,0.0,0.0,0.0
2023-08-28,DASH,,0.0,0.095,0.0228
2023-08-28,DEXE,,0.05,-0.05,0.015999999999999997
2023-08-28,DOGE,,-0.05,0.0,-0.027999999999999997
2023-08-28,DOT,,0.0,0.0,0.0
2023-08-28,ETC,,0.0,0.0,0.0
2023-08-28,ETH,,0.05,-0.05,0.015999999999999997
2023-08-28,FET,,-0.05,0.0,-0.027999999999999997
2023-08-28,FIL,,0.0,0.0,0.0
2023-08-28,HBAR,,-0.05,-0.05,-0.04
2023-08-28,ICP,,0.0,0.0,0.0
2023-08-28,JST,,0.05,-0.05,0.015999999999999997
2023-08-28,LINK,,0.0,0.0,0.0
2023-08-28,LTC,,-0.05,0.095,-0.0052
2023-08-28,LUNC,,0.0,0.0,0.0
2023-08-28,NEAR,,0.0,0.0,0.0
2023-08-28,NEXO,,0.05,-0.05,0.015999999999999997
2023-08-28,PEPE,,-0.05,0.05,-0.015999999999999997
2023-08-28,QNT,,0.05,-0.05,0.015999999999999997
2023-08-28,SHIB,,-0.05,0.095,-0.0052
2023-08-28,SOL,,0.0,0.0,0.0
2023-08-28,STX,,-0.05,0.095,-0.0052
2023-08-28,SUI,,-0.05,0.0,-0.027999999999999997
2023-08-28,TRX,,0.05,-0.05,0.015999999999999997
2023-08-28,UNI,,0.0,0.095,0.0228
2023-08-28,VET,,0.0,0.0,0.0
2023-08-28,WLD,,0.05,0.0,0.027999999999999997
2023-08-28,XLM,,0.05,0.0,0.027999999999999997
2023-08-28,XRP,,0.0,0.0,0.0
2023-08-28,ZEC,,0.0,0.095,0.0228
2023-09-04,AAVE,,0.0,0.0,0.0
2023-09-04,ADA,,0.05,-0.05,0.015999999999999997
2023-09-04,ALGO,,0.0,0.095,0.02088695652173913
2023-09-04,APT,,0.0,0.095,0.02088695652173913
2023-09-04,ARB,,0.05,0.095,0.04888695652173913
2023-09-04,ATOM,,0.05,-0.05,0.015999999999999997
2023-09-04,AVAX,,0.0,0.0,0.0
2023-09-04,BCH,,-0.095,0.095,-0.028678260869565212
2023-09-04,BNB,,0.0,-0.05,-0.012
2023-09-04,BTC,,0.0,-0.05,-0.012
2023-09-04,CAKE,,0.0,0.0,0.0019130434782608716
2023-09-04,CHZ,,0.0,0.0,0.0
2023-09-04,DASH,,0.0,0.095,0.0228
2023-09-04,DEXE,,0.05,-0.05,0.015999999999999997
2023-09-04,DOGE,,-0.095,0.0,-0.05147826086956521
2023-09-04,DOT,,0.0,0.0,0.0
2023-09-04,ETC,,0.0,0.0,0.0
2023-09-04,ETH,,0.05,-0.05,0.015999999999999997
2023-09-04,FET,,-0.05,0.0,-0.027999999999999997
2023-09-04,FIL,,0.0,0.0,0.0
2023-09-04,HBAR,,-0.095,-0.05,-0.0634782608695652
2023-09-04,ICP,,0.0,0.0,0.0
2023-09-04,JST,,0.05,-0.05,0.015999999999999997
2023-09-04,LINK,,0.0,0.0,0.0
2023-09-04,LTC,,-0.095,0.095,-0.028678260869565212
2023-09-04,LUNC,,-0.095,0.0,-0.049565217391304345
2023-09-04,NEAR,,-0.095,0.0,-0.049565217391304345
2023-09-04,NEXO,,0.05,-0.05,0.015999999999999997
2023-09-04,PEPE,,0.05,0.05,0.03617391304347825
2023-09-04,QNT,,0.05,-0.05,0.015999999999999997
2023-09-04,SHIB,,0.0,0.095,0.02088695652173913
2023-09-04,SOL,,0.05,0.0,0.026086956521739126
2023-09-04,STX,,-0.095,0.095,-0.028678260869565212
2023-09-04,SUI,,-0.095,0.0,-0.05147826086956521
2023-09-04,TRX,,0.05,-0.05,0.015999999999999997
2023-09-04,UNI,,0.0,0.095,0.0228
2023-09-04,VET,,0.0,0.0,0.0
2023-09-04,WLD,,0.0,0.0,0.0019130434782608716
2023-09-04,XLM,,-0.095,0.0,-0.04765217391304348
2023-09-04,XRP,,-0.095,0.0,-0.049565217391304345
2023-09-04,ZEC,,0.0,0.095,0.0228
2023-09-11,AAVE,,0.0,0.0,0.0
2023-09-11,ADA,,0.05,-0.05,0.015999999999999997
2023-09-11,ALGO,,0.0,0.095,0.022632434147889558
2023-09-11,APT,,0.0,0.095,0.022632434147889558
2023-09-11,ARB,,0.05,0.0,0.029829514439860365
2023-09-11,ATOM,,0.0,-0.05,-0.009547445255474445
2023-09-11,AVAX,,0.0,0.0,0.0
2023-09-11,BCH,,-0.10000000000000003,0.095,-0.03280393525864807
2023-09-11,BNB,,0.05,-0.05,0.013547445255474442
2023-09-11,BTC,,0.0,-0.05,-0.012
2023-09-11,CAKE,,0.05,0.0,0.02571501110758488
2023-09-11,CHZ,,0.0,0.0,0.0
2023-09-11,DASH,,0.05,0.095,0.04834744525547445
2023-09-11,DEXE,,0.05,-0.05,0.015999999999999997
2023-09-11,DOGE,,-0.10000000000000003,0.0,-0.05560393525864807
2023-09-11,DOT,,0.0,-0.05,-0.010948905109489048
2023-09-11,ETC,,0.0,0.0,0.0
2023-09-11,ETH,,0.05,-0.05,0.015999999999999997
2023-09-11,FET,,-0.05,0.0,-0.027999999999999997
2023-09-11,FIL,,-0.10000000000000003,0.0,-0.051094890510948905
2023-09-11,HBAR,,-0.10000000000000003,0.0,-0.05665503014915902
2023-09-11,ICP,,0.0,0.0,0.0
2023-09-11,JST,,0.0,-0.05,-0.009547445255474445
2023-09-11,LINK,,0.0,0.0,0.0
2023-09-11,LTC,,0.0,0.095,0.018290955252300834
2023-09-11,LUNC,,-0.10000000000000003,0.0,-0.05543636940653762
2023-09-11,NEAR,,0.0,0.0,-0.004341478895588717
2023-09-11,NEXO,,0.05,-0.05,0.015999999999999997
2023-09-11,PEPE,,0.0,0.095,0.023971437638844816
2023-09-11,QNT,,0.0,-0.05,-0.009547445255474445
2023-09-11,SHIB,,0.05,0.095,0.048179879403364004
2023-09-11,SOL,,0.0,0.0,0.0022849888924151157
2023-09-11,STX,,-0.10000000000000003,0.0,-0.053606854966677255
2023-09-11,SUI,,-0.10000000000000003,0.095,-0.034801015550618875
2023-09-11,TRX,,0.05,-0.05,0.015999999999999997
2023-09-11,UNI,,0.0,0.095,0.0228
2023-09-11,VET,,-0.10000000000000003,0.0,-0.051094890510948905
2023-09-11,WLD,,-0.05,0.05,-0.014430974293874951
2023-09-11,XLM,,-0.10000000000000003,0.0,-0.05526880355442718
2023-09-11,XRP,,0.0,0.0,-0.004341478895588717
2023-09-11,ZEC,,0.05,0.095,0.04834744525547445
2023-09-18,AAVE,,0.0,0.0,0.0
2023-09-18,ADA,,0.05,-0.05,0.015999999999999997
2023-09-18,ALGO,,0.0,0.095,0.0228
2023-09-18,APT,,-0.10000000000000003,0.095,-0.03320000000000002
2023-09-18,ARB,,0.0,0.0,0.0
2023-09-18,ATOM,,0.0,-0.05,-0.012
2023-09-18,AVAX,,0.0,0.0,0.0
2023-09-18,BCH,,-0.10000000000000003,0.095,-0.03320000000000002
2023-09-18,BNB,,0.05,-0.05,0.015999999999999997
2023-09-18,BTC,,0.0,-0.05,-0.012
2023-09-18,CAKE,,0.05,0.0,0.027999999999999997
2023-09-18,CHZ,,0.0,0.0,0.0
2023-09-18,DASH,,0.05,0.095,0.050800000000000005
2023-09-18,DEXE,,0.05,-0.05,0.015999999999999997
2023-09-18,DOGE,,-0.10000000000000003,0.0,-0.05600000000000002
2023-09-18,DOT,,0.0,-0.05,-0.012
2023-09-18,ETC,,0.0,0.0,0.0
2023-09-18,ETH,,0.05,-0.05,0.015999999999999997
2023-09-18,FET,,-0.05,0.0,-0.027999999999999997
2023-09-18,FIL,,-0.10000000000000003,0.0,-0.05600000000000002
2023-09-18,HBAR,,-0.10000000000000003,0.0,-0.05600000000000002
2023-09-18,ICP,,0.0,0.0,0.0
2023-09-18,JST,,0.05,-0.05,0.015999999999999997
2023-09-18,LINK,,0.0,0.0,0.0
2023-09-18,LTC,,0.0,0.095,0.0228
2023-09-18,LUNC,,-0.10000000000000003,0.0,-0.05600000000000002
2023-09-18,NEAR,,0.0,0.0,0.0
2023-09-18,NEXO,,0.05,-0.05,0.015999999999999997
2023-09-18,PEPE,,-0.10000000000000003,0.095,-0.03320000000000002
2023-09-18,QNT,,0.05,-0.05,0.015999999999999997
2023-09-18,SHIB,,0.0,0.095,0.0228
2023-09-18,SOL,,0.0,0.0,0.0
2023-09-18,STX,,-0.10000000000000003,0.0,-0.05600000000000002
2023-09-18,SUI,,0.0,0.095,0.0228
2023-09-18,TRX,,0.05,-0.05,0.015999999999999997
2023-09-18,UNI,,0.0,0.095,0.0228
2023-09-18,VET,,0.0,0.0,0.0
2023-09-18,WLD,,-0.05,0.05,-0.015999999999999997
2023-09-18,XLM,,-0.10000000000000003,0.0,-0.05600000000000002
2023-09-18,XRP,,0.0,0.0,0.0
2023-09-18,ZEC,,0.05,0.095,0.050800000000000005
2023-09-25,AAVE,,0.0,0.0,0.0
2023-09-25,ADA,,0.05,-0.05,0.015999999999999997
2023-09-25,ALGO,,0.05,0.095,0.050800000000000005
2023-09-25,APT,,-0.095,0.095,-0.030399999999999996
2023-09-25,ARB,,-0.05,0.0,-0.027999999999999997
2023-09-25,ATOM,,0.05,-0.05,0.015999999999999997
2023-09-25,AVAX,,-0.095,0.0,-0.0532
2023-09-25,BCH,,-0.095,0.095,-0.030399999999999996
2023-09-25,BNB,,0.0,-0.05,-0.012
2023-09-25,BTC,,-0.095,-0.05,-0.0652
2023-09-25,CAKE,,0.05,0.0,0.027999999999999997
2023-09-25,CHZ,,0.0,0.0,0.0
2023-09-25,DASH,,0.05,0.095,0.050800000000000005
2023-09-25,DEXE,,0.05,-0.05,0.015999999999999997
2023-09-25,DOGE,,-0.095,0.0,-0.0532
2023-09-25,DOT,,0.0,-0.05,-0.012
2023-09-25,ETC,,0.0,0.0,0.0
2023-09-25,ETH,,0.0,-0.05,-0.012
2023-09-25,FET,,-0.095,0.0,-0.0532
2023-09-25,FIL,,-0.095,0.0,-0.0532
2023-09-25,HBAR,,0.0,0.0,0.0
2023-09-25,ICP,,0.0,0.0,0.0
2023-09-25,JST,,0.05,-0.05,0.015999999999999997
2023-09-25,LINK,,0.0,0.0,0.0
2023-09-25,LTC,,0.0,0.095,0.0228
2023-09-25,LUNC,,0.0,0.0,0.0
2023-09-25,NEAR,,0.0,0.0,0.0
2023-09-25,NEXO,,0.05,-0.05,0.015999999999999997
2023-09-25,PEPE,,0.0,0.095,0.0228
2023-09-25,QNT,,0.05,-0.05,0.015999999999999997
2023-09-25,SHIB,,0.0,0.095,0.0228
2023-09-25,SOL,,0.0,0.0,0.0
2023-09-25,STX,,-0.095,0.0,-0.0532
2023-09-25,SUI,,0.0,0.095,0.0228
2023-09-25,TRX,,0.05,-0.05,0.015999999999999997
2023-09-25,UNI,,0.0,0.095,0.0228
2023-09-25,VET,,0.0,0.0,0.0
2023-09-25,WLD,,0.0,0.05,0.012
2023-09-25,XLM,,-0.095,0.0,-0.0532
2023-09-25,XRP,,-0.095,0.0,-0.0532
2023-09-25,ZEC,,0.05,0.095,0.050800000000000005
2023-10-02,AAVE,,-0.05,0.0,-0.019354838709677417
2023-10-02,ADA,,0.0,-0.05,-0.00335483870967742
2023-10-02,ALGO,,0.05,0.095,0.050800000000000005
2023-10-02,APT,,-0.05,0.095,-0.01298064516129032
2023-10-02,ARB,,-0.05,0.0,-0.027999999999999997
2023-10-02,ATOM,,0.0,-0.05,-0.00335483870967742
2023-10-02,AVAX,,0.0,0.0,-0.0164258064516129
2023-10-02,BCH,,-0.05,0.095,-0.01298064516129032
2023-10-02,BNB,,0.05,-0.05,0.0073548387096774165
2023-10-02,BTC,,0.05,-0.05,-0.009070967741935484
2023-10-02,CAKE,,0.05,0.0,0.027999999999999997
2023-10-02,CHZ,,0.0,0.0,0.0
2023-10-02,DASH,,0.05,0.095,0.050800000000000005
2023-10-02,DEXE,,0.05,-0.05,0.015999999999999997
2023-10-02,DOGE,,0.0,0.0,-0.0164258064516129
2023-10-02,DOT,,0.0,-0.05,-0.012
2023-10-02,ETC,,0.0,0.0,0.0
2023-10-02,ETH,,0.0,-0.05,-0.012
2023-10-02,FET,,0.0,0.0,-0.0164258064516129
2023-10-02,FIL,,0.0,0.0,-0.0164258064516129
2023-10-02,HBAR,,0.05,0.0,0.019354838709677417
2023-10-02,ICP,,-0.05,0.0,-0.019354838709677417
2023-10-02,JST,,0.0,-0.05,-0.00335483870967742
2023-10-02,LINK,,-0.05,0.0,-0.019354838709677417
2023-10-02,LTC,,0.0,0.095,0.0228
2023-10-02,LUNC,,0.0,0.0,0.0
2023-10-02,NEAR,,0.0,0.0,0.0
2023-10-02,NEXO,,0.05,-0.05,0.015999999999999997
2023-10-02,PEPE,,-0.05,0.095,0.0034451612903225806
2023-10-02,QNT,,0.05,-0.05,0.015999999999999997
2023-10-02,SHIB,,0.05,0.095,0.04215483870967743
2023-10-02,SOL,,-0.05,0.0,-0.019354838709677417
2023-10-02,STX,,-0.05,0.0,-0.03578064516129032
2023-10-02,SUI,,-0.05,0.095,0.0034451612903225806
2023-10-02,TRX,,0.05,-0.05,0.015999999999999997
2023-10-02,UNI,,0.0,0.095,0.0228
2023-10-02,VET,,0.0,0.0,0.0
2023-10-02,WLD,,-0.05,0.05,-0.0073548387096774165
2023-10-02,XLM,,0.0,0.0,-0.0164258064516129
2023-10-02,XRP,,0.0,0.0,-0.0164258064516129
2023-10-02,ZEC,,0.0,0.095,0.031445161290322585
2023-10-09,AAVE,,-0.05,0.0,-0.027798797708165065
2023-10-09,ADA,,0.0,-0.05,-0.011798797708165068
2023-10-09,ALGO,,0.0,0.0,0.0011822886909763144
2023-10-09,APT,,0.0,0.095,0.021967262753345866
2023-10-09,ARB,,-0.05,0.095,-0.005730633506973622
2023-10-09,ATOM,,0.0,0.0,-7.807850130907854e-05
2023-10-09,AVAX,,-0.05,0.095,-0.0054612626774573
2023-10-09,BCH,,-0.05,0.095,-0.005381082062651439
2023-10-09,BNB,,0.05,-0.05,0.015798797708165065
2023-10-09,BTC,,0.0,-0.05,-0.011931831462318613
2023-10-09,CAKE,,0.05,-0.05,0.01627928079314401
2023-10-09,CHZ,,-0.05,0.0,-0.027348344815997305
2023-10-09,DASH,,0.05,0.0,0.02853063350697362
2023-10-09,DEXE,,0.05,-0.05,0.015999999999999997
2023-10-09,DOGE,,0.0,-0.05,-0.01210300356134236
2023-10-09,DOT,,0.0,0.0,-0.00027928079314401034
2023-10-09,ETC,,0.0,0.0,0.0
2023-10-09,ETH,,0.0,-0.05,-0.012
2023-10-09,FET,,0.0,0.095,0.021887082138540008
2023-10-09,FIL,,0.0,0.0,-0.0003822843544863709
2023-10-09,HBAR,,0.05,0.095,0.05006816420119145
2023-10-09,ICP,,0.0,0.0,-0.0004504528921677603
2023-10-09,JST,,0.0,-0.05,-0.011798797708165068
2023-10-09,LINK,,-0.05,0.0,-0.027798797708165065
2023-10-09,LTC,,0.0,0.0,0.0005306335069736219
2023-10-09,LUNC,,0.0,0.0,0.0
2023-10-09,NEAR,,0.0,0.0,0.0
2023-10-09,NEXO,,0.05,-0.05,0.015999999999999997
2023-10-09,PEPE,,-0.05,0.095,-0.0049987977081650675
2023-10-09,QNT,,0.05,0.0,0.02772071920685599
2023-10-09,SHIB,,0.05,0.0,0.028329431215138687
2023-10-09,SOL,,-0.05,0.095,-0.005529431215138688
2023-10-09,STX,,-0.05,0.0,-0.028181082062651436
2023-10-09,SUI,,-0.05,0.095,-0.0049987977081650675
2023-10-09,TRX,,0.05,-0.05,0.015999999999999997
2023-10-09,UNI,,0.0,0.0,0.0005306335069736219
2023-10-09,VET,,0.05,0.0,0.027348344815997305
2023-10-09,WLD,,-0.05,0.05,-0.015798797708165065
2023-10-09,XLM,,0.05,0.095,0.04923542695453732
2023-10-09,XRP,,0.0,-0.05,-0.01210300356134236
2023-10-09,ZEC,,0.0,0.0,0.0007318357988085541
2023-10-16,AAVE,,-0.05,0.0,-0.027999999999999997
2023-10-16,ADA,,0.0,-0.05,-0.012
2023-10-16,ALGO,,0.05,0.0,0.027999999999999997
2023-10-16,APT,,-0.05,0.095,-0.0052
2023-10-16,ARB,,-0.05,0.095,-0.0052
2023-10-16,ATOM,,0.0,0.0,0.0
2023-10-16,AVAX,,-0.05,0.095,-0.0052
2023-10-16,BCH,,-0.05,0.095,-0.0052
2023-10-16,BNB,,0.05,-0.05,0.015999999999999997
2023-10-16,BTC,,0.0,-0.05,-0.012
2023-10-16,CAKE,,0.05,-0.05,0.015999999999999997
2023-10-16,CHZ,,-0.05,0.0,-0.027999999999999997
2023-10-16,DASH,,0.05,0.0,0.027999999999999997
2023-10-16,DEXE,,0.05,-0.05,0.015999999999999997
2023-10-16,DOGE,,0.05,-0.05,0.015999999999999997
2023-10-16,DOT,,0.0,0.0,0.0
2023-10-16,ETC,,0.0,0.0,0.0
2023-10-16,ETH,,0.0,-0.05,-0.012
2023-10-16,FET,,0.0,0.095,0.0228
2023-10-16,FIL,,0.0,0.0,0.0
2023-10-16,HBAR,,0.0,0.095,0.0228
2023-10-16,ICP,,0.0,0.0,0.0
2023-10-16,JST,,0.0,-0.05,-0.012
2023-10-16,LINK,,-0.05,0.0,-0.027999999999999997
2023-10-16,LTC,,0.0,0.0,0.0
2023-10-16,LUNC,,0.0,0.0,0.0
2023-10-16,NEAR,,0.0,0.0,0.0
2023-10-16,NEXO,,0.05,-0.05,0.015999999999999997
2023-10-16,PEPE,,-0.05,0.095,-0.0052
2023-10-16,QNT,,0.0,0.0,0.0
2023-10-16,SHIB,,0.05,0.0,0.027999999999999997
2023-10-16,SOL,,-0.05,0.095,-0.0052
2023-10-16,STX,,-0.05,0.0,-0.027999999999999997
2023-10-16,SUI,,-0.05,0.095,-0.0052
2023-10-16,TRX,,0.05,-0.05,0.015999999999999997
2023-10-16,UNI,,0.0,0.0,0.0
2023-10-16,VET,,0.05,0.0,0.027999999999999997
2023-10-16,WLD,,0.0,0.05,0.012
2023-10-16,XLM,,0.05,0.095,0.050800000000000005
2023-10-16,XRP,,0.0,-0.05,-0.012
2023-10-16,ZEC,,0.0,0.0,0.0
2023-10-23,AAVE,,-0.10000000000000003,0.0,-0.05022222222222224
2023-10-23,ADA,,0.0,-0.05,-0.012
2023-10-23,ALGO,,0.0,0.0,0.005777777777777781
2023-10-23,APT,,-0.10000000000000003,0.095,-0.027422222222222233
2023-10-23,ARB,,0.0,0.095,0.01702222222222222
2023-10-23,ATOM,,0.05,0.0,0.022222222222222216
2023-10-23,AVAX,,0.0,0.095,0.01702222222222222
2023-10-23,BCH,,-0.10000000000000003,0.095,-0.027422222222222233
2023-10-23,BNB,,0.05,-0.05,0.015999999999999997
2023-10-23,BTC,,0.0,-0.05,-0.012
2023-10-23,CAKE,,0.0,-0.05,-0.006222222222222219
2023-10-23,CHZ,,0.0,0.0,-0.005777777777777781
2023-10-23,DASH,,0.05,0.0,0.027999999999999997
2023-10-23,DEXE,,0.05,-0.05,0.015999999999999997
2023-10-23,DOGE,,0.0,-0.05,-0.006222222222222219
2023-10-23,DOT,,0.0,0.0,0.0
2023-10-23,ETC,,0.05,0.0,0.022222222222222216
2023-10-23,ETH,,0.0,-0.05,-0.012
2023-10-23,FET,,-0.05,0.095,0.0005777777777777812
2023-10-23,FIL,,0.0,0.0,0.0
2023-10-23,HBAR,,0.05,0.095,0.04502222222222222
2023-10-23,ICP,,-0.10000000000000003,0.0,-0.04444444444444445
2023-10-23,JST,,-0.10000000000000003,-0.05,-0.05644444444444445
2023-10-23,LINK,,-0.10000000000000003,0.0,-0.05022222222222224
2023-10-23,LTC,,0.05,0.0,0.022222222222222216
2023-10-23,LUNC,,0.0,0.0,0.0
2023-10-23,NEAR,,-0.10000000000000003,0.0,-0.04444444444444445
2023-10-23,NEXO,,0.0,-0.05,-0.006222222222222219
2023-10-23,PEPE,,-0.05,0.095,-0.0052
2023-10-23,QNT,,0.0,0.0,0.0
2023-10-23,SHIB,,0.0,0.0,0.005777777777777781
2023-10-23,SOL,,-0.10000000000000003,0.095,-0.027422222222222233
2023-10-23,STX,,-0.10000000000000003,0.0,-0.05022222222222224
2023-10-23,SUI,,0.0,0.095,0.01702222222222222
2023-10-23,TRX,,0.05,-0.05,0.015999999999999997
2023-10-23,UNI,,0.05,0.0,0.022222222222222216
2023-10-23,VET,,0.05,0.0,0.027999999999999997
2023-10-23,WLD,,0.0,0.05,0.012
2023-10-23,XLM,,0.05,0.095,0.050800000000000005
2023-10-23,XRP,,0.0,-0.05,-0.012
2023-10-23,ZEC,,0.0,0.0,0.0
2023-10-30,AAVE,,-0.095,0.0,-0.0532
2023-10-30,ADA,,0.0,-0.05,-0.012
2023-10-30,ALGO,,0.0,0.0,0.0
2023-10-30,APT,,-0.095,0.095,-0.030399999999999996
2023-10-30,ARB,,0.0,0.095,0.0228
2023-10-30,ATOM,,0.0,0.0,0.0
2023-10-30,AVAX,,0.0,0.095,0.0228
2023-10-30,BCH,,0.0,0.095,0.0228
2023-10-30,BNB,,0.05,-0.05,0.015999999999999997
2023-10-30,BTC,,0.0,-0.05,-0.012
2023-10-30,CAKE,,-0.05,-0.05,-0.04
2023-10-30,CHZ,,0.0,0.0,0.0
2023-10-30,DASH,,0.05,0.0,0.027999999999999997
2023-10-30,DEXE,,0.0,-0.05,-0.012
2023-10-30,DOGE,,0.0,-0.05,-0.012
2023-10-30,DOT,,0.0,0.0,0.0
2023-10-30,ETC,,0.05,0.0,0.027999999999999997
2023-10-30,ETH,,0.05,-0.05,0.015999999999999997
2023-10-30,FET,,-0.095,0.095,-0.030399999999999996
2023-10-30,FIL,,0.0,0.0,0.0
2023-10-30,HBAR,,0.05,0.095,0.050800000000000005
2023-10-30,ICP,,-0.095,0.0,-0.0532
2023-10-30,JST,,-0.095,-0.05,-0.0652
2023-10-30,LINK,,-0.095,0.0,-0.0532
2023-10-30,LTC,,0.05,0.0,0.027999999999999997
2023-10-30,LUNC,,0.05,0.0,0.027999999999999997
2023-10-30,NEAR,,-0.095,0.0,-0.0532
2023-10-30,NEXO,,0.0,-0.05,-0.012
2023-10-30,PEPE,,-0.095,0.095,-0.030399999999999996
2023-10-30,QNT,,0.0,0.0,0.0
2023-10-30,SHIB,,0.0,0.0,0.0
2023-10-30,SOL,,-0.095,0.095,-0.030399999999999996
2023-10-30,STX,,-0.095,0.0,-0.0532
2023-10-30,SUI,,0.0,0.095,0.0228
2023-10-30,TRX,,0.05,-0.05,0.015999999999999997
2023-10-30,UNI,,0.0,0.0,0.0
2023-10-30,VET,,0.05,0.0,0.027999999999999997
2023-10-30,WLD,,0.0,0.05,0.012
2023-10-30,XLM,,0.05,0.095,0.050800000000000005
2023-10-30,XRP,,0.0,-0.05,-0.012
2023-10-30,ZEC,,0.05,0.0,0.027999999999999997
2023-11-06,AAVE,,0.0,0.11428571428571431,0.018158732299393132
2023-11-06,ADA,,0.0,-0.10000000000000003,-0.022620364126770067
2023-11-06,ALGO,,0.0,0.0,0.0
2023-11-06,APT,,0.0,0.11428571428571431,0.020780040458530012
2023-11-06,ARB,,0.0,0.11428571428571431,0.026896426163182746
2023-11-06,ATOM,,0.0,0.0,0.0
2023-11-06,AVAX,,-0.095,0.05,-0.03384194200944032
2023-11-06,BCH,,0.0,0.0,0.002621308159136887
2023-11-06,BNB,,0.05,-0.10000000000000003,0.00537963587322993
2023-11-06,BTC,,0.0,-0.10000000000000003,-0.022620364126770067
2023-11-06,CAKE,,-0.05,0.05,-0.018759271746459878
2023-11-06,CHZ,,0.0,0.0,0.0
2023-11-06,DASH,,0.05,0.0,0.027999999999999997
2023-11-06,DEXE,,-0.095,0.0,-0.04846325016857721
2023-11-06,DOGE,,0.0,-0.10000000000000003,-0.022620364126770067
2023-11-06,DOT,,0.0,0.0,0.0
2023-11-06,ETC,,0.05,0.0,0.027999999999999997
2023-11-06,ETH,,0.05,0.0,0.026620364126770057
2023-11-06,FET,,-0.095,0.05,-0.03995832771409305
2023-11-06,FIL,,0.0,0.0,0.0
2023-11-06,HBAR,,0.05,-0.10000000000000003,0.009380579905596757
2023-11-06,ICP,,-0.095,0.0,-0.0532
2023-11-06,JST,,-0.095,-0.05,-0.0652
2023-11-06,LINK,,-0.095,0.0,-0.0532
2023-11-06,LTC,,0.05,0.0,0.027999999999999997
2023-11-06,LUNC,,-0.095,0.11428571428571431,-0.019589345920431545
2023-11-06,NEAR,,-0.095,0.0,-0.0532
2023-11-06,NEXO,,0.0,-0.10000000000000003,-0.022620364126770067
2023-11-06,PEPE,,-0.095,0.05,-0.03995832771409305
2023-11-06,QNT,,0.0,-0.10000000000000003,-0.021240728253540127
2023-11-06,SHIB,,0.0,0.0,0.0
2023-11-06,SOL,,-0.095,0.11428571428571431,-0.026303573836817248
2023-11-06,STX,,0.0,-0.05,-0.016736749831422787
2023-11-06,SUI,,0.0,0.11428571428571431,0.026896426163182746
2023-11-06,TRX,,0.05,-0.10000000000000003,0.00537963587322993
2023-11-06,UNI,,0.0,0.0,0.0
2023-11-06,VET,,0.05,0.0,0.027999999999999997
2023-11-06,WLD,,0.05,0.11428571428571431,0.05043560350640593
2023-11-06,XLM,,0.05,-0.10000000000000003,0.009380579905596757
2023-11-06,XRP,,0.0,0.0,-0.0013796358732299403
2023-11-06,ZEC,,0.05,0.0,0.027999999999999997
2023-11-13,AAVE,,0.0,0.11428571428571431,0.027428571428571438
2023-11-13,ADA,,0.0,-0.10000000000000003,-0.024000000000000007
2023-11-13,ALGO,,0.0,0.0,0.0
2023-11-13,APT,,0.0,0.11428571428571431,0.027428571428571438
2023-11-13,ARB,,0.0,0.11428571428571431,0.027428571428571438
2023-11-13,ATOM,,0.0,0.0,0.0
2023-11-13,AVAX,,-0.095,0.05,-0.041199999999999994
2023-11-13,BCH,,0.05,0.0,0.027999999999999997
2023-11-13,BNB,,0.05,-0.10000000000000003,0.00399999999999999
2023-11-13,BTC,,0.0,-0.10000000000000003,-0.024000000000000007
2023-11-13,CAKE,,-0.05,0.05,-0.015999999999999997
2023-11-13,CHZ,,0.0,0.0,0.0
2023-11-13,DASH,,0.0,0.0,0.0
2023-11-13,DEXE,,-0.095,0.0,-0.0532
2023-11-13,DOGE,,0.05,-0.10000000000000003,0.00399999999999999
2023-11-13,DOT,,0.0,0.0,0.0
2023-11-13,ETC,,0.0,0.0,0.0
2023-11-13,ETH,,0.05,0.0,0.027999999999999997
2023-11-13,FET,,-0.095,0.05,-0.041199999999999994
2023-11-13,FIL,,-0.095,0.0,-0.0532
2023-11-13,HBAR,,0.05,-0.10000000000000003,0.00399999999999999
2023-11-13,ICP,,0.0,0.0,0.0
2023-11-13,JST,,-0.095,-0.05,-0.0652
2023-11-13,LINK,,-0.095,0.0,-0.0532
2023-11-13,LTC,,0.05,0.0,0.027999999999999997
2023-11-13,LUNC,,-0.095,0.11428571428571431,-0.025771428571428556
2023-11-13,NEAR,,0.0,0.0,0.0
2023-11-13,NEXO,,0.0,-0.10000000000000003,-0.024000000000000007
2023-11-13,PEPE,,-0.095,0.05,-0.041199999999999994
2023-11-13,QNT,,0.0,-0.10000000000000003,-0.024000000000000007
2023-11-13,SHIB,,0.0,0.0,0.0
2023-11-13,SOL,,-0.095,0.11428571428571431,-0.025771428571428556
2023-11-13,STX,,0.05,-0.05,0.015999999999999997
2023-11-13,SUI,,-0.095,0.11428571428571431,-0.025771428571428556
2023-11-13,TRX,,0.05,-0.10000000000000003,0.00399999999999999
2023-11-13,UNI,,0.0,0.0,0.0
2023-11-13,VET,,0.05,0.0,0.027999999999999997
2023-11-13,WLD,,0.0,0.11428571428571431,0.027428571428571438
2023-11-13,XLM,,0.05,-0.10000000000000003,0.00399999999999999
2023-11-13,XRP,,0.0,0.0,0.0
2023-11-13,ZEC,,0.05,0.0,0.027999999999999997
2023-11-20,AAVE,,0.0,0.11428571428571431,0.027428571428571438
2023-11-20,ADA,,0.0,-0.10000000000000003,-0.024000000000000007
2023-11-20,ALGO,,0.0,0.0,0.0
2023-11-20,APT,,0.0,0.11428571428571431,0.027428571428571438
2023-11-20,ARB,,0.0,0.11428571428571431,0.027428571428571438
2023-11-20,ATOM,,0.0,0.0,0.0
2023-11-20,AVAX,,-0.095,0.05,-0.041199999999999994
2023-11-20,BCH,,0.05,0.0,0.027999999999999997
2023-11-20,BNB,,0.05,-0.10000000000000003,0.00399999999999999
2023-11-20,BTC,,0.05,-0.10000000000000003,0.00399999999999999
2023-11-20,CAKE,,-0.05,0.05,-0.015999999999999997
2023-11-20,CHZ,,0.0,0.0,0.0
2023-11-20,DASH,,0.0,0.0,0.0
2023-11-20,DEXE,,-0.095,0.0,-0.0532
2023-11-20,DOGE,,0.05,-0.10000000000000003,0.00399999999999999
2023-11-20,DOT,,0.0,0.0,0.0
2023-11-20,ETC,,0.0,0.0,0.0
2023-11-20,ETH,,0.05,0.0,0.027999999999999997
2023-11-20,FET,,0.0,0.05,0.012
2023-11-20,FIL,,-0.095,0.0,-0.0532
2023-11-20,HBAR,,0.0,-0.10000000000000003,-0.024000000000000007
2023-11-20,ICP,,0.0,0.0,0.0
2023-11-20,JST,,0.05,-0.05,0.015999999999999997
2023-11-20,LINK,,-0.095,0.0,-0.0532
2023-11-20,LTC,,0.05,0.0,0.027999999999999997
2023-11-20,LUNC,,-0.095,0.11428571428571431,-0.025771428571428556
2023-11-20,NEAR,,-0.095,0.0,-0.0532
2023-11-20,NEXO,,0.05,-0.10000000000000003,0.00399999999999999
2023-11-20,PEPE,,0.0,0.05,0.012
2023-11-20,QNT,,0.05,-0.10000000000000003,0.00399999999999999
2023-11-20,SHIB,,0.0,0.0,0.0
2023-11-20,SOL,,-0.095,0.11428571428571431,-0.025771428571428556
2023-11-20,STX,,0.0,-0.05,-0.012
2023-11-20,SUI,,-0.095,0.11428571428571431,-0.025771428571428556
2023-11-20,TRX,,0.0,-0.10000000000000003,-0.024000000000000007
2023-11-20,UNI,,0.0,0.0,0.0
2023-11-20,VET,,0.05,0.0,0.027999999999999997
2023-11-20,WLD,,-0.095,0.11428571428571431,-0.025771428571428556
2023-11-20,XLM,,0.05,-0.10000000000000003,0.00399999999999999
2023-11-20,XRP,,-0.095,0.0,-0.0532
2023-11-20,ZEC,,0.0,0.0,0.0
2023-11-27,AAVE,,0.0,0.11428571428571431,0.027428571428571438
2023-11-27,ADA,,0.0,-0.10000000000000003,-0.024000000000000007
2023-11-27,ALGO,,0.0,0.0,0.0
2023-11-27,APT,,-0.095,0.11428571428571431,-0.025771428571428556
2023-11-27,ARB,,0.0,0.11428571428571431,0.027428571428571438
2023-11-27,ATOM,,0.0,0.0,0.0
2023-11-27,AVAX,,-0.095,0.05,-0.041199999999999994
2023-11-27,BCH,,0.0,0.0,0.0
2023-11-27,BNB,,0.05,-0.10000000000000003,0.00399999999999999
2023-11-27,BTC,,0.0,-0.10000000000000003,-0.024000000000000007
2023-11-27,CAKE,,-0.095,0.05,-0.041199999999999994
2023-11-27,CHZ,,0.05,0.0,0.027999999999999997
2023-11-27,DASH,,0.05,0.0,0.027999999999999997
2023-11-27,DEXE,,-0.095,0.0,-0.0532
2023-11-27,DOGE,,0.05,-0.10000000000000003,0.00399999999999999
2023-11-27,DOT,,0.0,0.0,0.0
2023-11-27,ETC,,0.0,0.0,0.0
2023-11-27,ETH,,0.05,0.0,0.027999999999999997
2023-11-27,FET,,0.0,0.05,0.012
2023-11-27,FIL,,-0.095,0.0,-0.0532
2023-11-27,HBAR,,0.0,-0.10000000000000003,-0.024000000000000007
2023-11-27,ICP,,0.0,0.0,0.0
2023-11-27,JST,,0.05,-0.05,0.015999999999999997
2023-11-27,LINK,,-0.095,0.0,-0.0532
2023-11-27,LTC,,0.05,0.0,0.027999999999999997
2023-11-27,LUNC,,-0.05,0.11428571428571431,-0.0005714285714285616
2023-11-27,NEAR,,0.0,0.0,0.0
2023-11-27,NEXO,,0.05,-0.10000000000000003,0.00399999999999999
2023-11-27,PEPE,,0.0,0.05,0.012
2023-11-27,QNT,,0.05,-0.10000000000000003,0.00399999999999999
2023-11-27,SHIB,,0.0,0.0,0.0
2023-11-27,SOL,,-0.095,0.11428571428571431,-0.025771428571428556
2023-11-27,STX,,-0.095,-0.05,-0.0652
2023-11-27,SUI,,-0.095,0.11428571428571431,-0.025771428571428556
2023-11-27,TRX,,0.0,-0.10000000000000003,-0.024000000000000007
2023-11-27,UNI,,0.0,0.0,0.0
2023-11-27,VET,,0.0,0.0,0.0
2023-11-27,WLD,,-0.095,0.11428571428571431,-0.025771428571428556
2023-11-27,XLM,,0.05,-0.10000000000000003,0.00399999999999999
2023-11-27,XRP,,0.0,0.0,0.0
2023-11-27,ZEC,,0.05,0.0,0.027999999999999997
2023-12-04,AAVE,,0.0,0.10000000000000003,0.024903318903318913
2023-12-04,ADA,,-0.10000000000000003,-0.05,-0.05640740740740741
2023-12-04,ALGO,,-0.10000000000000003,0.0,-0.04124579124579125
2023-12-04,APT,,0.0,0.10000000000000003,0.01088682058682059
2023-12-04,ARB,,0.0,0.10000000000000003,0.024903318903318913
2023-12-04,ATOM,,0.05,0.0,0.020622895622895616
2023-12-04,AVAX,,-0.05,0.05,-0.02263939393939394
2023-12-04,BCH,,0.0,0.0,0.0
2023-12-04,BNB,,0.05,0.0,0.02167676767676767
2023-12-04,BTC,,0.0,-0.10000000000000003,-0.024000000000000007
2023-12-04,CAKE,,-0.10000000000000003,0.10000000000000003,-0.03442390572390573
2023-12-04,CHZ,,0.0,0.0,0.007377104377104381
2023-12-04,DASH,,0.05,0.0,0.027999999999999997
2023-12-04,DEXE,,-0.10000000000000003,-0.05,-0.06410067340067341
2023-12-04,DOGE,,0.0,-0.10000000000000003,-0.016622895622895626
2023-12-04,DOT,,-0.10000000000000003,0.0,-0.04124579124579125
2023-12-04,ETC,,0.0,-0.10000000000000003,-0.01767676767676768
2023-12-04,ETH,,0.05,-0.10000000000000003,0.010323232323232318
2023-12-04,FET,,0.0,0.0,0.003161616161616164
2023-12-04,FIL,,0.0,0.0,-0.014016498316498323
2023-12-04,HBAR,,0.0,-0.10000000000000003,-0.024000000000000007
2023-12-04,ICP,,0.0,0.0,0.0
2023-12-04,JST,,0.05,-0.10000000000000003,0.007161616161616155
2023-12-04,LINK,,0.05,0.0,0.0066063973063972894
2023-12-04,LTC,,0.05,0.0,0.027999999999999997
2023-12-04,LUNC,,-0.05,0.05,-0.011935064935064927
2023-12-04,NEAR,,-0.10000000000000003,0.10000000000000003,-0.02356902356902357
2023-12-04,NEXO,,0.05,-0.10000000000000003,0.00399999999999999
2023-12-04,PEPE,,-0.10000000000000003,0.10000000000000003,-0.020407407407407405
2023-12-04,QNT,,0.0,0.0,0.0010538720538720518
2023-12-04,SHIB,,0.0,0.0,0.0
2023-12-04,SOL,,0.0,0.10000000000000003,0.01088682058682059
2023-12-04,STX,,-0.10000000000000003,0.0,-0.05842390572390574
2023-12-04,SUI,,0.0,0.10000000000000003,0.01088682058682059
2023-12-04,TRX,,0.05,-0.10000000000000003,-0.0033771043771043917
2023-12-04,UNI,,0.0,0.0,0.0
2023-12-04,VET,,0.0,0.0,0.0
2023-12-04,WLD,,-0.10000000000000003,0.10000000000000003,-0.03035897065897066
2023-12-04,XLM,,0.05,-0.10000000000000003,0.00399999999999999
2023-12-04,XRP,,0.0,0.0,0.0
2023-12-04,ZEC,,0.05,0.0,0.027999999999999997
2023-12-11,AAVE,,0.0,0.10000000000000003,0.02429912461099247
2023-12-11,ADA,,0.0,-0.05,-0.026705048701095278
2023-12-11,ALGO,,0.0,0.0,-0.013658112562621665
2023-12-11,APT,,-0.125,0.10000000000000003,-0.027162524091867396
2023-12-11,ARB,,0.0,0.10000000000000003,0.02429912461099247
2023-12-11,ATOM,,0.05,0.0,0.025557149010228236
2023-12-11,AVAX,,-0.05,0.05,-0.01819856589079458
2023-12-11,BCH,,-0.125,0.0,-0.04682023182229352
2023-12-11,BNB,,0.05,0.0,0.02590612772305277
2023-12-11,BTC,,0.0,-0.10000000000000003,-0.024000000000000007
2023-12-11,CAKE,,-0.125,0.10000000000000003,-0.042166697403955136
2023-12-11,CHZ,,0.05,0.0,0.02117094371868917
2023-12-11,DASH,,0.05,0.0,0.027999999999999997
2023-12-11,DEXE,,-0.05,-0.05,-0.04798068603363181
2023-12-11,DOGE,,0.05,-0.10000000000000003,-0.002829056281310839
2023-12-11,DOT,,0.0,0.0,-0.013658112562621665
2023-12-11,ETC,,0.0,-0.10000000000000003,-0.021906127723052782
2023-12-11,ETH,,0.0,-0.10000000000000003,-0.012634220451970192
2023-12-11,FET,,0.0,0.0,0.0010469361384736124
2023-12-11,FIL,,-0.125,0.0,-0.051461648702859866
2023-12-11,HBAR,,0.0,-0.10000000000000003,-0.024000000000000007
2023-12-11,ICP,,-0.05,0.0,-0.018728092728917407
2023-12-11,JST,,0.0,-0.10000000000000003,-0.013681156590443803
2023-12-11,LINK,,0.0,0.0,0.002187639400744481
2023-12-11,LTC,,0.05,0.0,0.027999999999999997
2023-12-11,LUNC,,-0.05,0.05,-0.014653939250533923
2023-12-11,NEAR,,0.0,0.10000000000000003,0.00824801516043112
2023-12-11,NEXO,,0.0,-0.10000000000000003,-0.014728092728917418
2023-12-11,PEPE,,-0.05,0.10000000000000003,-0.009433141430012674
2023-12-11,QNT,,0.0,0.0,0.0003489787128245365
2023-12-11,SHIB,,0.05,0.0,0.018728092728917407
2023-12-11,SOL,,0.0,0.10000000000000003,0.019657707730426122
2023-12-11,STX,,-0.125,0.0,-0.06616669740395514
2023-12-11,SUI,,0.05,0.10000000000000003,0.03838580045934353
2023-12-11,TRX,,0.05,-0.10000000000000003,0.0015571490102282278
2023-12-11,UNI,,0.05,0.0,0.018728092728917407
2023-12-11,VET,,0.0,0.0,0.0
2023-12-11,WLD,,0.0,0.10000000000000003,0.005999595167804458
2023-12-11,XLM,,0.0,-0.10000000000000003,-0.014728092728917418
2023-12-11,XRP,,-0.125,0.0,-0.04682023182229352
2023-12-11,ZEC,,0.05,0.0,0.027999999999999997
2023-12-18,AAVE,,0.0,0.10000000000000003,0.024000000000000007
2023-12-18,ADA,,0.0,-0.05,-0.012
2023-12-18,ALGO,,0.0,0.0,0.0
2023-12-18,APT,,-0.125,0.10000000000000003,-0.045999999999999985
2023-12-18,ARB,,0.0,0.10000000000000003,0.024000000000000007
2023-12-18,ATOM,,0.05,0.0,0.027999999999999997
2023-12-18,AVAX,,-0.05,0.05,-0.015999999999999997
2023-12-18,BCH,,-0.125,0.0,-0.06999999999999999
2023-12-18,BNB,,0.05,0.0,0.027999999999999997
2023-12-18,BONK,,0.0,0.0,0.0
2023-12-18,BTC,,0.0,-0.10000000000000003,-0.024000000000000007
2023-12-18,CAKE,,-0.125,0.10000000000000003,-0.045999999999999985
2023-12-18,CHZ,,0.05,0.0,0.027999999999999997
2023-12-18,DASH,,0.05,0.0,0.027999999999999997
2023-12-18,DEXE,,-0.05,-0.05,-0.04
2023-12-18,DOGE,,0.05,-0.10000000000000003,0.00399999999999999
2023-12-18,DOT,,0.0,0.0,0.0
2023-12-18,ETC,,0.0,-0.10000000000000003,-0.024000000000000007
2023-12-18,ETH,,0.0,-0.10000000000000003,-0.024000000000000007
2023-12-18,FET,,0.0,0.0,0.0
2023-12-18,FIL,,-0.125,0.0,-0.06999999999999999
2023-12-18,HBAR,,0.0,-0.10000000000000003,-0.024000000000000007
2023-12-18,ICP,,-0.05,0.0,-0.027999999999999997
2023-12-18,JST,,0.0,-0.10000000000000003,-0.024000000000000007
2023-12-18,LINK,,0.0,0.0,0.0
2023-12-18,LTC,,0.05,0.0,0.027999999999999997
2023-12-18,LUNC,,-0.05,0.05,-0.015999999999999997
2023-12-18,NEAR,,-0.05,0.10000000000000003,-0.00399999999999999
2023-12-18,NEXO,,0.0,-0.10000000000000003,-0.024000000000000007
2023-12-18,PEPE,,0.0,0.10000000000000003,0.024000000000000007
2023-12-18,QNT,,0.0,0.0,0.0
2023-12-18,SHIB,,0.05,0.0,0.027999999999999997
2023-12-18,SOL,,0.0,0.10000000000000003,0.024000000000000007
2023-12-18,STX,,-0.125,0.0,-0.06999999999999999
2023-12-18,SUI,,0.05,0.10000000000000003,0.052000000000000005
2023-12-18,TRX,,0.05,-0.10000000000000003,0.00399999999999999
2023-12-18,UNI,,0.05,0.0,0.027999999999999997
2023-12-18,VET,,0.0,0.0,0.0
2023-12-18,WLD,,0.0,0.10000000000000003,0.024000000000000007
2023-12-18,XLM,,0.0,-0.10000000000000003,-0.024000000000000007
2023-12-18,XRP,,-0.125,0.0,-0.06999999999999999
2023-12-18,ZEC,,0.05,0.0,0.027999999999999997
2023-12-25,AAVE,,0.05,0.10000000000000003,0.046222222222222234
2023-12-25,ADA,,-0.05,-0.05,-0.03422222222222222
2023-12-25,ALGO,,0.0,0.0,0.0
2023-12-25,APT,,0.0,0.10000000000000003,0.009555555555555567
2023-12-25,ARB,,0.0,0.10000000000000003,0.024000000000000007
2023-12-25,ATOM,,0.05,0.0,0.027999999999999997
2023-12-25,AVAX,,-0.05,0.05,-0.015999999999999997
2023-12-25,BCH,,0.0,0.0,-0.01444444444444444
2023-12-25,BNB,,0.0,0.0,0.005777777777777774
2023-12-25,BONK,,0.0,0.0,0.0
2023-12-25,BTC,,0.0,-0.10000000000000003,-0.024000000000000007
2023-12-25,CAKE,,-0.05,0.10000000000000003,-0.012666666666666652
2023-12-25,CHZ,,0.0,0.0,0.005777777777777774
2023-12-25,DASH,,0.05,0.0,0.027999999999999997
2023-12-25,DEXE,,-0.05,-0.05,-0.04
2023-12-25,DOGE,,0.0,-0.10000000000000003,-0.018222222222222233
2023-12-25,DOT,,-0.05,0.0,-0.022222222222222223
2023-12-25,ETC,,0.0,-0.10000000000000003,-0.024000000000000007
2023-12-25,ETH,,0.05,-0.10000000000000003,-0.0017777777777777844
2023-12-25,FET,,0.0,0.0,0.0
2023-12-25,FIL,,0.0,0.0,-0.01444444444444444
2023-12-25,HBAR,,0.0,-0.10000000000000003,-0.024000000000000007
2023-12-25,ICP,,-0.05,0.0,-0.027999999999999997
2023-12-25,JST,,0.05,-0.10000000000000003,-0.0017777777777777844
2023-12-25,LINK,,0.0,0.0,0.0
2023-12-25,LTC,,0.05,0.0,0.027999999999999997
2023-12-25,LUNC,,0.0,0.05,0.006222222222222226
2023-12-25,NEAR,,-0.05,0.10000000000000003,-0.00399999999999999
2023-12-25,NEXO,,0.05,-0.10000000000000003,-0.0017777777777777844
2023-12-25,PEPE,,-0.05,0.10000000000000003,0.0017777777777777844
2023-12-25,QNT,,0.0,0.0,0.0
2023-12-25,SHIB,,0.05,0.0,0.027999999999999997
2023-12-25,SOL,,-0.05,0.10000000000000003,0.0017777777777777844
2023-12-25,STX,,-0.05,0.0,-0.03666666666666666
2023-12-25,SUI,,0.0,0.10000000000000003,0.02977777777777778
2023-12-25,TRX,,0.05,-0.10000000000000003,0.00399999999999999
2023-12-25,UNI,,0.05,0.0,0.027999999999999997
2023-12-25,VET,,0.0,0.0,0.0
2023-12-25,WLD,,-0.05,0.10000000000000003,0.0017777777777777844
2023-12-25,XLM,,0.0,-0.10000000000000003,-0.024000000000000007
2023-12-25,XRP,,0.0,0.0,-0.01444444444444444
2023-12-25,ZEC,,0.05,0.0,0.027999999999999997
2024-01-01,AAVE,,0.0,0.0,0.01794085891547821
2024-01-01,ADA,,0.0,0.0,-0.01328313592780598
2024-01-01,ALGO,,-0.095,0.10000000000000003,-0.017866207396664238
2024-01-01,APT,,0.0,0.0,0.003708927564257518
2024-01-01,ARB,,0.0,0.0,0.009315445975344455
2024-01-01,ATOM,,0.05,0.0,0.027999999999999997
2024-01-01,AVAX,,-0.095,0.10000000000000003,-0.02407650471356054
2024-01-01,BCH,,0.0,-0.095,-0.019556844734509707
2024-01-01,BNB,,0.0,-0.095,-0.011707718958987996
2024-01-01,BONK,,0.0,0.0,0.0
2024-01-01,BTC,,0.05,-0.095,-0.006133792603335755
2024-01-01,CAKE,,-0.095,0.10000000000000003,-0.022782692772540473
2024-01-01,CHZ,,0.0,0.0,0.0022426073644347742
2024-01-01,DASH,,0.0,0.0,0.010868020304568526
2024-01-01,DEXE,,0.0,0.10000000000000003,-0.0008411892675852101
2024-01-01,DOGE,,0.05,0.0,0.01005914108452179
2024-01-01,DOT,,-0.095,0.10000000000000003,-0.026491620336797993
2024-01-01,ETC,,0.0,0.0,-0.009315445975344455
2024-01-01,ETH,,0.05,-0.095,0.002491620336797999
2024-01-01,FET,,0.0,-0.05,-0.007342277012327774
2024-01-01,FIL,,-0.095,0.10000000000000003,-0.02347272580775118
2024-01-01,HBAR,,0.0,0.0,-0.009315445975344455
2024-01-01,ICP,,-0.05,0.0,-0.027999999999999997
2024-01-01,JST,,0.05,-0.095,0.002491620336797999
2024-01-01,LINK,,0.0,0.0,0.0
2024-01-01,LTC,,0.05,-0.095,0.014049673676577229
2024-01-01,LUNC,,0.05,0.10000000000000003,0.03423164934332447
2024-01-01,NEAR,,-0.095,0.0,-0.03410333575054386
2024-01-01,NEXO,,0.0,-0.095,-0.014640359358633474
2024-01-01,PEPE,,0.0,0.10000000000000003,0.015374587059866255
2024-01-01,QNT,,-0.095,0.0,-0.032550761421319796
2024-01-01,SHIB,,0.05,0.0,0.027999999999999997
2024-01-01,SOL,,-0.095,0.05,-0.02451845137378132
2024-01-01,STX,,0.0,-0.095,-0.02818225767464346
2024-01-01,SUI,,0.0,0.0,0.011558053339779231
2024-01-01,TRX,,0.05,-0.095,0.004734227701232773
2024-01-01,UNI,,0.0,0.10000000000000003,0.02555257432922408
2024-01-01,VET,,-0.095,0.0,-0.032550761421319796
2024-01-01,WLD,,-0.095,0.05,-0.02451845137378132
2024-01-01,XLM,,0.05,-0.095,-0.006133792603335755
2024-01-01,XRP,,0.05,0.0,0.011525461284344531
2024-01-01,ZEC,,0.0,0.0,0.010868020304568526
2024-01-08,AAVE,,0.0,0.0,0.0010482923482959573
2024-01-08,ADA,,0.0,0.0,-0.0007761395271037377
2024-01-08,ALGO,,0.0,0.10000000000000003,0.021553738922263595
2024-01-08,APT,,0.0,0.0,0.00021671428354195273
2024-01-08,ARB,,0.0,0.0,0.0005443056423844392
2024-01-08,ATOM,,0.05,0.0,0.027999999999999997
2024-01-08,AVAX,,0.0,0.10000000000000003,0.021190868494007305
2024-01-08,BCH,,0.0,-0.095,-0.022610500998577268
2024-01-08,BNB,,0.0,-0.095,-0.02215187309619779
2024-01-08,BONK,,-0.05,0.0,-0.026363947574050445
2024-01-08,BTC,,0.05,-0.095,0.004537761468432265
2024-01-08,CAKE,,-0.05,0.10000000000000003,-0.005097481074156418
2024-01-08,CHZ,,0.0,0.0,0.00013103654353699467
2024-01-08,DASH,,0.0,0.0,0.0006350232494485124
2024-01-08,DEXE,,0.05,0.10000000000000003,0.04891246586102528
2024-01-08,DOGE,,0.05,0.0,0.02695170765170404
2024-01-08,DOT,,-0.05,0.10000000000000003,-0.005314195357698372
2024-01-08,ETC,,-0.05,0.0,-0.026908253216434884
2024-01-08,ETH,,0.05,-0.095,0.005041748174343783
2024-01-08,FET,,0.0,-0.05,-0.01172784717880778
2024-01-08,FIL,,-0.05,0.10000000000000003,-0.005137800010629339
2024-01-08,HBAR,,0.0,0.0,-0.0005443056423844392
2024-01-08,ICP,,-0.05,0.0,-0.027999999999999997
2024-01-08,JST,,0.05,-0.095,0.005041748174343783
2024-01-08,LINK,,0.0,0.0,0.0
2024-01-08,LTC,,0.0,-0.095,-0.02064685721378523
2024-01-08,LUNC,,0.0,0.10000000000000003,0.024597839811771834
2024-01-08,NEAR,,-0.05,0.0,-0.028356620616466495
2024-01-08,NEXO,,0.05,-0.095,0.004040718997842739
2024-01-08,PEPE,,0.0,0.10000000000000003,0.02349601329408849
2024-01-08,QNT,,-0.05,0.0,-0.028265903009402422
2024-01-08,SHIB,,0.05,0.0,0.027999999999999997
2024-01-08,SOL,,-0.05,0.05,-0.01649773689412172
2024-01-08,STX,,-0.05,-0.095,-0.049478435278539235
2024-01-08,SUI,,-0.05,0.0,-0.02568860538812901
2024-01-08,TRX,,0.05,-0.095,0.005172784717880778
2024-01-08,UNI,,0.0,0.10000000000000003,0.02409071760706408
2024-01-08,VET,,0.0,0.0,-0.001901955435351977
2024-01-08,WLD,,0.0,0.05,0.009866210679928728
2024-01-08,XLM,,0.05,-0.095,0.004537761468432265
2024-01-08,XRP,,0.05,0.0,0.027037385391709
2024-01-08,ZEC,,0.0,0.0,0.0006350232494485124
2024-01-15,AAVE,,0.0,0.0,0.00017004111665340764
2024-01-15,ADA,,0.0,0.0,-0.00012589582675300373
2024-01-15,ALGO,,0.0,0.10000000000000003,0.02360319755652111
2024-01-15,APT,,0.0,0.0,3.5152730846617916e-05
2024-01-15,ARB,,-0.10000000000000003,0.0,-0.046828076836149805
2024-01-15,ATOM,,0.05,0.0,0.027999999999999997
2024-01-15,AVAX,,0.0,0.10000000000000003,0.023544337169987238
2024-01-15,BCH,,-0.10000000000000003,-0.095,-0.06968562921409403
2024-01-15,BNB,,0.0,-0.095,-0.022694868809607558
2024-01-15,BONK,,-0.05,0.0,-0.02773461965847199
2024-01-15,BTC,,0.05,-0.095,0.005092579794575684
2024-01-15,CAKE,,-0.10000000000000003,0.10000000000000003,-0.027636203615932175
2024-01-15,CHZ,,-0.10000000000000003,0.0,-0.04689511227636894
2024-01-15,DASH,,0.05,0.0,0.02356118938440957
2024-01-15,DEXE,,0.0,0.10000000000000003,0.028040994404361214
2024-01-15,DOGE,,0.0,0.0,0.004371775175371295
2024-01-15,DOT,,0.0,0.10000000000000003,0.019245011069171813
2024-01-15,ETC,,-0.10000000000000003,0.0,-0.051281093946248114
2024-01-15,ETH,,0.0,-0.095,-0.01828385337654701
2024-01-15,FET,,0.05,-0.05,0.011502328997875698
2024-01-15,FIL,,-0.10000000000000003,0.10000000000000003,-0.02764274365888038
2024-01-15,HBAR,,0.05,0.0,0.023369893128174488
2024-01-15,ICP,,-0.10000000000000003,0.0,-0.051458183707975315
2024-01-15,JST,,0.05,-0.095,0.005174330331428284
2024-01-15,LINK,,0.0,0.0,0.0
2024-01-15,LTC,,0.0,-0.095,-0.022450743607661226
2024-01-15,LUNC,,0.0,0.10000000000000003,0.02409697423561166
2024-01-15,NEAR,,0.0,0.0,-0.004599662910808253
2024-01-15,NEXO,,0.05,-0.095,0.005011955666334551
2024-01-15,PEPE,,0.0,0.10000000000000003,0.02391824946314741
2024-01-15,QNT,,0.0,0.0,-0.0045849478141747856
2024-01-15,SHIB,,0.05,0.0,0.027999999999999997
2024-01-15,SOL,,0.0,0.05,0.007377446938873017
2024-01-15,STX,,-0.10000000000000003,-0.095,-0.07404381570144333
2024-01-15,SUI,,-0.05,0.0,-0.027625073939089508
2024-01-15,TRX,,0.05,-0.095,0.005195585471009959
2024-01-15,UNI,,0.0,0.10000000000000003,0.024014715096633475
2024-01-15,VET,,0.05,0.0,0.0231496718442972
2024-01-15,WLD,,-0.10000000000000003,0.05,-0.0352624845265809
2024-01-15,XLM,,0.05,-0.095,0.005092579794575684
2024-01-15,XRP,,0.0,0.0,0.004385672766636237
2024-01-15,ZEC,,0.0,0.0,0.00010300567643427576
2024-01-22,AAVE,,0.0,0.0,0.0
2024-01-22,ADA,,0.0,0.0,0.0
2024-01-22,ALGO,,0.0,0.10000000000000003,0.024000000000000007
2024-01-22,APT,,-0.10000000000000003,0.0,-0.05600000000000002
2024-01-22,ARB,,-0.10000000000000003,0.0,-0.05600000000000002
2024-01-22,ATOM,,0.05,0.0,0.027999999999999997
2024-01-22,AVAX,,-0.10000000000000003,0.10000000000000003,-0.03200000000000001
2024-01-22,BCH,,0.0,-0.095,-0.0228
2024-01-22,BNB,,0.05,-0.095,0.0052
2024-01-22,BONK,,-0.05,0.0,-0.027999999999999997
2024-01-22,BTC,,0.05,-0.095,0.0052
2024-01-22,CAKE,,0.0,0.10000000000000003,0.024000000000000007
2024-01-22,CHZ,,-0.10000000000000003,0.0,-0.05600000000000002
2024-01-22,DASH,,0.05,0.0,0.027999999999999997
2024-01-22,DEXE,,0.05,0.10000000000000003,0.052000000000000005
2024-01-22,DOGE,,0.0,0.0,0.0
2024-01-22,DOT,,0.0,0.10000000000000003,0.024000000000000007
2024-01-22,ETC,,-0.10000000000000003,0.0,-0.05600000000000002
2024-01-22,ETH,,0.0,-0.095,-0.0228
2024-01-22,FET,,0.0,-0.05,-0.012
2024-01-22,FIL,,0.0,0.10000000000000003,0.024000000000000007
2024-01-22,HBAR,,0.05,0.0,0.027999999999999997
2024-01-22,ICP,,-0.10000000000000003,0.0,-0.05600000000000002
2024-01-22,JST,,0.05,-0.095,0.0052
2024-01-22,LINK,,-0.10000000000000003,0.0,-0.05600000000000002
2024-01-22,LTC,,0.0,-0.095,-0.0228
2024-01-22,LUNC,,-0.10000000000000003,0.10000000000000003,-0.03200000000000001
2024-01-22,NEAR,,0.0,0.0,0.0
2024-01-22,NEXO,,0.05,-0.095,0.0052
2024-01-22,PEPE,,0.0,0.10000000000000003,0.024000000000000007
2024-01-22,QNT,,0.0,0.0,0.0
2024-01-22,SHIB,,0.05,0.0,0.027999999999999997
2024-01-22,SOL,,0.0,0.05,0.012
2024-01-22,STX,,-0.10000000000000003,-0.095,-0.07880000000000002
2024-01-22,SUI,,-0.05,0.0,-0.027999999999999997
2024-01-22,TRX,,0.05,-0.095,0.0052
2024-01-22,UNI,,0.0,0.10000000000000003,0.024000000000000007
2024-01-22,VET,,0.0,0.0,0.0
2024-01-22,WLD,,0.0,0.05,0.012
2024-01-22,XLM,,0.05,-0.095,0.0052
2024-01-22,XRP,,0.0,0.0,0.0
2024-01-22,ZEC,,0.0,0.0,0.0
2024-01-29,AAVE,,0.0,0.0,0.0
2024-01-29,ADA,,0.0,0.0,0.0
2024-01-29,ALGO,,0.0,0.10000000000000003,0.024000000000000007
2024-01-29,APT,,-0.10000000000000003,0.0,-0.05600000000000002
2024-01-29,ARB,,-0.10000000000000003,0.0,-0.05600000000000002
2024-01-29,ATOM,,0.0,0.0,0.0
2024-01-29,AVAX,,-0.10000000000000003,0.10000000000000003,-0.03200000000000001
2024-01-29,BCH,,0.0,-0.05,-0.012
2024-01-29,BNB,,0.0,-0.05,-0.012
2024-01-29,BONK,,-0.05,0.05,-0.015999999999999997
2024-01-29,BTC,,0.05,-0.05,0.015999999999999997
2024-01-29,CAKE,,0.0,0.10000000000000003,0.024000000000000007
2024-01-29,CHZ,,-0.10000000000000003,0.0,-0.05600000000000002
2024-01-29,DASH,,0.05,0.0,0.027999999999999997
2024-01-29,DEXE,,0.05,0.10000000000000003,0.052000000000000005
2024-01-29,DOGE,,0.0,0.0,0.0
2024-01-29,DOT,,0.0,0.0,0.0
2024-01-29,ETC,,-0.10000000000000003,0.0,-0.05600000000000002
2024-01-29,ETH,,0.0,-0.05,-0.012
2024-01-29,FET,,0.0,0.0,0.0
2024-01-29,FIL,,0.0,0.10000000000000003,0.024000000000000007
2024-01-29,HBAR,,0.05,0.0,0.027999999999999997
2024-01-29,ICP,,-0.10000000000000003,0.0,-0.05600000000000002
2024-01-29,JST,,0.0,-0.05,-0.012
2024-01-29,LINK,,-0.10000000000000003,0.0,-0.05600000000000002
2024-01-29,LTC,,0.0,-0.05,-0.012
2024-01-29,LUNC,,-0.10000000000000003,0.10000000000000003,-0.03200000000000001
2024-01-29,NEAR,,0.0,0.0,0.0
2024-01-29,NEXO,,0.05,-0.05,0.015999999999999997
2024-01-29,PEPE,,-0.10000000000000003,0.10000000000000003,-0.03200000000000001
2024-01-29,QNT,,0.05,0.0,0.027999999999999997
2024-01-29,SHIB,,0.05,0.0,0.027999999999999997
2024-01-29,SOL,,0.0,0.10000000000000003,0.024000000000000007
2024-01-29,STX,,0.0,-0.05,-0.012
2024-01-29,SUI,,-0.05,0.05,-0.015999999999999997
2024-01-29,TRX,,0.05,-0.05,0.015999999999999997
2024-01-29,UNI,,0.0,0.0,0.0
2024-01-29,VET,,0.05,0.0,0.027999999999999997
2024-01-29,WLD,,0.0,0.10000000000000003,0.024000000000000007
2024-01-29,XLM,,0.05,-0.05,0.015999999999999997
2024-01-29,XRP,,0.0,-0.05,-0.012
2024-01-29,ZEC,,0.05,0.0,0.027999999999999997
2024-02-05,AAVE,,0.05,0.0,0.020689655172413786
2024-02-05,ADA,,0.0,0.0,0.0
2024-02-05,ALGO,,0.0,0.10000000000000003,0.024000000000000007
2024-02-05,APT,,0.0,0.0,-0.01462068965517243
2024-02-05,ARB,,0.0,0.0,-0.01462068965517243
2024-02-05,ATOM,,0.0,0.0,0.0
2024-02-05,AVAX,,-0.05,0.10000000000000003,-0.011310344827586208
2024-02-05,BCH,,-0.05,-0.05,-0.03268965517241379
2024-02-05,BNB,,0.05,-0.05,0.008689655172413786
2024-02-05,BONK,,-0.05,0.05,-0.015999999999999997
2024-02-05,BTC,,0.0,-0.05,-0.004689655172413789
2024-02-05,CAKE,,0.0,0.10000000000000003,0.024000000000000007
2024-02-05,CHZ,,0.0,0.0,-0.01462068965517243
2024-02-05,DASH,,0.05,0.0,0.027999999999999997
2024-02-05,DEXE,,0.0,0.10000000000000003,0.03131034482758622
2024-02-05,DOGE,,0.0,0.0,0.0
2024-02-05,DOT,,0.0,0.0,0.0
2024-02-05,ETC,,0.0,0.0,-0.01462068965517243
2024-02-05,ETH,,0.0,-0.05,-0.012
2024-02-05,FET,,-0.05,0.0,-0.020689655172413786
2024-02-05,FIL,,0.0,0.10000000000000003,0.024000000000000007
2024-02-05,HBAR,,0.0,0.0,0.007310344827586211
2024-02-05,ICP,,-0.05,0.0,-0.035310344827586215
2024-02-05,JST,,0.05,-0.05,0.008689655172413786
2024-02-05,JUP,,0.0,0.0,0.0
2024-02-05,LINK,,-0.05,0.0,-0.035310344827586215
2024-02-05,LTC,,0.05,-0.05,0.008689655172413786
2024-02-05,LUNC,,0.0,0.10000000000000003,0.009379310344827578
2024-02-05,NEAR,,-0.05,0.0,-0.020689655172413786
2024-02-05,NEXO,,0.0,-0.05,-0.004689655172413789
2024-02-05,PEPE,,-0.05,0.10000000000000003,-0.011310344827586208
2024-02-05,QNT,,0.05,0.0,0.027999999999999997
2024-02-05,SHIB,,0.05,0.0,0.027999999999999997
2024-02-05,SOL,,0.0,0.10000000000000003,0.024000000000000007
2024-02-05,STX,,-0.05,-0.05,-0.03268965517241379
2024-02-05,SUI,,-0.05,0.05,-0.015999999999999997
2024-02-05,TRX,,0.05,-0.05,0.015999999999999997
2024-02-05,UNI,,0.0,0.0,0.0
2024-02-05,VET,,0.0,0.0,0.007310344827586211
2024-02-05,WLD,,-0.05,0.10000000000000003,0.0033103448275862216
2024-02-05,XLM,,0.05,-0.05,0.015999999999999997
2024-02-05,XRP,,0.05,-0.05,0.008689655172413786
2024-02-05,ZEC,,0.05,0.0,0.027999999999999997
2024-02-12,AAVE,,0.0,0.0,0.004218205684858891
2024-02-12,ADA,,0.0,0.0,0.0
2024-02-12,ALGO,,0.0,0.10000000000000003,0.024000000000000007
2024-02-12,APT,,0.05,0.0,0.019310496289190675
2024-02-12,ARB,,0.0,0.0,-0.0029808653506336203
2024-02-12,ATOM,,0.0,0.0,0.0
2024-02-12,AVAX,,0.0,0.10000000000000003,0.016800928964507498
2024-02-12,BCH,,-0.095,-0.05,-0.05857179280052506
2024-02-12,BNB,,0.05,-0.05,0.014509567324683188
2024-02-12,BONK,,-0.095,0.05,-0.03606222547584186
2024-02-12,BTC,,0.0,-0.05,-0.010509567324683191
2024-02-12,CAKE,,0.0,0.10000000000000003,0.024000000000000007
2024-02-12,CHZ,,0.0,0.0,-0.0029808653506336203
2024-02-12,DASH,,0.05,0.0,0.027999999999999997
2024-02-12,DEXE,,0.0,0.10000000000000003,0.025490432675316817
2024-02-12,DOGE,,0.05,0.0,0.022291361639824297
2024-02-12,DOT,,0.0,0.0,0.0
2024-02-12,ETC,,0.05,0.0,0.019310496289190675
2024-02-12,ETH,,0.0,-0.05,-0.012
2024-02-12,FET,,-0.095,0.0,-0.04657179280052506
2024-02-12,FIL,,0.0,0.10000000000000003,0.024000000000000007
2024-02-12,HBAR,,0.0,0.0,0.0014904326753168093
2024-02-12,ICP,,0.0,0.0,-0.00719907103549251
2024-02-12,JST,,0.05,-0.05,0.014509567324683188
2024-02-12,JUP,,0.0,0.0,0.0
2024-02-12,LINK,,-0.095,0.0,-0.049552658151158675
2024-02-12,LTC,,0.05,-0.05,0.014509567324683188
2024-02-12,LUNC,,-0.095,0.10000000000000003,-0.021334452466299773
2024-02-12,NEAR,,0.0,0.0,-0.004218205684858891
2024-02-12,NEXO,,-0.095,-0.05,-0.05286315444034935
2024-02-12,PEPE,,-0.095,0.10000000000000003,-0.025552658151158664
2024-02-12,QNT,,0.05,0.0,0.027999999999999997
2024-02-12,SHIB,,0.05,0.0,0.027999999999999997
2024-02-12,SOL,,0.0,0.10000000000000003,0.024000000000000007
2024-02-12,STX,,-0.095,-0.05,-0.05857179280052506
2024-02-12,SUI,,0.0,0.05,0.0062913616398243
2024-02-12,TRX,,0.05,-0.05,0.015999999999999997
2024-02-12,UNI,,0.0,0.0,0.0
2024-02-12,VET,,-0.095,0.0,-0.04086315444034936
2024-02-12,WLD,,-0.05,0.10000000000000003,-0.0025095673246831804
2024-02-12,XLM,,0.05,-0.05,0.015999999999999997
2024-02-12,XRP,,0.0,-0.05,-0.007781794315141109
2024-02-12,ZEC,,-0.095,0.0,-0.03664494875549047
2024-02-19,AAVE,,0.0,0.0,0.0007848465151496513
2024-02-19,ADA,,0.0,0.0,0.0
2024-02-19,ALGO,,0.0,0.10000000000000003,0.024000000000000007
2024-02-19,APT,,0.05,0.0,0.02638321617879171
2024-02-19,ARB,,0.0,0.0,-0.0005546248707057545
2024-02-19,ATOM,,0.05,0.0,0.022790272436673416
2024-02-19,AVAX,,0.0,0.10000000000000003,0.022660528614144602
2024-02-19,BCH,,-0.11428571428571431,-0.05,-0.07275727816334032
2024-02-19,BNB,,0.05,-0.05,0.01572268756464712
2024-02-19,BONK,,0.0,0.05,0.0030574606851317757
2024-02-19,BTC,,0.0,-0.05,-0.011722687564647123
2024-02-19,CAKE,,-0.11428571428571431,0.10000000000000003,-0.028092051283824963
2024-02-19,CHZ,,0.05,0.0,0.02223564756596766
2024-02-19,DASH,,0.05,0.0,0.027999999999999997
2024-02-19,DEXE,,0.0,0.10000000000000003,0.024277312435352884
2024-02-19,DOGE,,0.05,0.0,0.02693784104949747
2024-02-19,DOT,,0.0,0.0,0.0
2024-02-19,ETC,,0.0,0.0,0.0035929437421182986
2024-02-19,ETH,,0.05,-0.05,0.010790272436673416
2024-02-19,FET,,-0.05,0.0,-0.03145549931618877
2024-02-19,FIL,,0.0,0.10000000000000003,0.024000000000000007
2024-02-19,HBAR,,0.0,0.0,0.00027731243535287706
2024-02-19,ICP,,-0.11428571428571431,0.0,-0.053431522669680376
2024-02-19,JST,,0.0,-0.05,-0.007067584872026297
2024-02-19,JUP,,0.0,0.0,0.0
2024-02-19,LINK,,0.0,0.0,-0.009219851750221102
2024-02-19,LTC,,0.05,-0.05,0.01572268756464712
2024-02-19,LUNC,,-0.11428571428571431,0.10000000000000003,-0.036527056518896414
2024-02-19,NEAR,,0.0,0.0,-0.0007848465151496513
2024-02-19,NEXO,,0.0,-0.05,-0.01960306792901282
2024-02-19,PEPE,,-0.11428571428571431,0.10000000000000003,-0.037311903034046065
2024-02-19,QNT,,0.05,0.0,0.027999999999999997
2024-02-19,SHIB,,0.05,0.0,0.027999999999999997
2024-02-19,SOL,,0.0,0.10000000000000003,0.024000000000000007
2024-02-19,STX,,-0.05,-0.05,-0.04345549931618877
2024-02-19,SUI,,0.0,0.05,0.010937841049497472
2024-02-19,TRX,,0.05,-0.05,0.015999999999999997
2024-02-19,UNI,,-0.11428571428571431,0.0,-0.05209205128382497
2024-02-19,VET,,-0.05,0.0,-0.03039334036568624
2024-02-19,WLD,,-0.05,0.10000000000000003,-0.0037226875646471126
2024-02-19,XLM,,0.0,-0.05,-0.00679027243667342
2024-02-19,XRP,,-0.11428571428571431,-0.05,-0.06330720476867531
2024-02-19,ZEC,,0.0,0.0,-0.006818221413863172
2024-02-26,AAVE,,0.0,0.0,0.0003447466062705695
2024-02-26,ADA,,0.0,-0.095,-0.012785019400296084
2024-02-26,ALGO,,0.05,0.0,0.02624298585970107
2024-02-26,APT,,0.05,0.11428571428571431,0.04267029645760423
2024-02-26,ARB,,0.0,0.11428571428571431,0.01513685353142374
2024-02-26,ATOM,,0.05,0.0,0.02571160875103252
2024-02-26,AVAX,,-0.125,0.0,-0.029298535244343504
2024-02-26,BCH,,-0.05,0.0,-0.0476597926535704
2024-02-26,BNB,,0.05,-0.095,0.009822127711258183
2024-02-26,BONK,,0.0,0.05,0.00807195799339935
2024-02-26,BTC,,0.0,-0.095,-0.017934251353643946
2024-02-26,CAKE,,-0.125,0.0,-0.051591785378689484
2024-02-26,CHZ,,0.05,-0.095,0.012682968415638568
2024-02-26,DASH,,0.05,-0.095,0.015214980599703916
2024-02-26,DEXE,,-0.05,0.05,0.001691951870538267
2024-02-26,DOGE,,-0.05,0.0,-0.003868359109634442
2024-02-26,DOT,,0.0,0.0,0.0
2024-02-26,ETC,,0.0,0.0,0.0015782132400501032
2024-02-26,ETH,,0.05,0.0,0.020440566330135725
2024-02-26,FET,,0.0,0.11428571428571431,0.0015635351943448436
2024-02-26,FIL,,0.05,0.0,0.02624298585970107
2024-02-26,HBAR,,0.05,0.0,0.015822711485456404
2024-02-26,ICP,,-0.125,0.0,-0.06272223776185153
2024-02-26,JST,,0.0,-0.095,-0.01588948103977434
2024-02-26,JUP,,0.0,0.11428571428571431,0.01538047446652161
2024-02-26,LINK,,0.0,0.0,-0.004049852474149585
2024-02-26,LTC,,0.0,-0.095,-0.00587877330664929
2024-02-26,LUNC,,-0.125,0.11428571428571431,-0.0399164167800469
2024-02-26,NEAR,,0.0,0.11428571428571431,0.01503572786025104
2024-02-26,NEXO,,0.0,0.0,-0.00861071688612901
2024-02-26,PEPE,,-0.125,0.05,-0.04891268027373587
2024-02-26,QNT,,0.0,0.0,0.012299098982092527
2024-02-26,SHIB,,-0.05,0.0,-0.0034018020358149437
2024-02-26,SOL,,0.0,0.0,0.0105420848417936
2024-02-26,STX,,0.0,0.0,-0.019087981693073568
2024-02-26,SUI,,0.0,0.11428571428571431,0.020184959813598906
2024-02-26,TRX,,0.05,-0.095,0.009943938178807118
2024-02-26,UNI,,0.0,0.0,-0.02288161767571441
2024-02-26,VET,,0.0,-0.05,-0.020079339777460466
2024-02-26,WLD,,-0.05,0.05,-0.01060714711155426
2024-02-26,XLM,,0.0,-0.095,-0.015767670572225403
2024-02-26,XRP,,-0.125,-0.095,-0.07984518543540539
2024-02-26,ZEC,,0.05,0.0,0.012705973158945824
2024-03-04,AAVE,,0.0,0.0,0.0
2024-03-04,ADA,,0.0,-0.095,-0.0228
2024-03-04,ALGO,,0.05,0.0,0.027999999999999997
2024-03-04,APT,,0.05,0.11428571428571431,0.05542857142857143
2024-03-04,ARB,,0.0,0.11428571428571431,0.027428571428571438
2024-03-04,ATOM,,0.05,0.0,0.027999999999999997
2024-03-04,AVAX,,-0.125,0.0,-0.06999999999999999
2024-03-04,BCH,,-0.05,0.0,-0.027999999999999997
2024-03-04,BNB,,0.05,-0.095,0.0052
2024-03-04,BONK,,0.0,0.05,0.012
2024-03-04,BTC,,0.0,-0.095,-0.0228
2024-03-04,CAKE,,-0.125,0.0,-0.06999999999999999
2024-03-04,CHZ,,0.05,-0.095,0.0052
2024-03-04,DASH,,0.05,-0.095,0.0052
2024-03-04,DEXE,,-0.125,0.05,-0.057999999999999996
2024-03-04,DOGE,,-0.05,0.0,-0.027999999999999997
2024-03-04,DOT,,0.0,0.0,0.0
2024-03-04,ETC,,0.0,0.0,0.0
2024-03-04,ETH,,0.05,0.0,0.027999999999999997
2024-03-04,FET,,0.0,0.11428571428571431,0.027428571428571438
2024-03-04,FIL,,0.05,0.0,0.027999999999999997
2024-03-04,HBAR,,0.05,0.0,0.027999999999999997
2024-03-04,ICP,,-0.125,0.0,-0.06999999999999999
2024-03-04,JST,,0.0,-0.095,-0.0228
2024-03-04,JUP,,0.0,0.11428571428571431,0.027428571428571438
2024-03-04,LINK,,0.0,0.0,0.0
2024-03-04,LTC,,0.0,-0.095,-0.0228
2024-03-04,LUNC,,-0.125,0.11428571428571431,-0.042571428571428566
2024-03-04,NEAR,,0.0,0.11428571428571431,0.027428571428571438
2024-03-04,NEXO,,0.0,0.0,0.0
2024-03-04,PEPE,,-0.05,0.05,-0.015999999999999997
2024-03-04,QNT,,0.0,0.0,0.0
2024-03-04,SHIB,,-0.05,0.0,-0.027999999999999997
2024-03-04,SOL,,0.0,0.0,0.0
2024-03-04,STX,,0.0,0.0,0.0
2024-03-04,SUI,,0.0,0.11428571428571431,0.027428571428571438
2024-03-04,TRX,,0.05,-0.095,0.0052
2024-03-04,UNI,,0.0,0.0,0.0
2024-03-04,VET,,0.0,-0.05,-0.012
2024-03-04,WLD,,-0.05,0.05,-0.015999999999999997
2024-03-04,XLM,,0.0,-0.095,-0.0228
2024-03-04,XRP,,-0.125,-0.095,-0.0928
2024-03-04,ZEC,,0.05,0.0,0.027999999999999997
2024-03-11,AAVE,,0.05,0.0,0.025806451612903226
2024-03-11,ADA,,0.0,-0.095,-0.0228
2024-03-11,ALGO,,0.05,0.0,0.027999999999999997
2024-03-11,APT,,0.05,0.11428571428571431,0.05542857142857143
2024-03-11,ARB,,0.0,0.11428571428571431,0.027428571428571438
2024-03-11,ATOM,,0.05,0.0,0.027999999999999997
2024-03-11,AVAX,,-0.10625000000000001,0.0,-0.060322580645161286
2024-03-11,BCH,,-0.10625000000000001,0.0,-0.05703225806451613
2024-03-11,BNB,,0.0,-0.095,-0.02060645161290323
2024-03-11,BONK,,-0.05,0.05,-0.013806451612903226
2024-03-11,BTC,,0.0,-0.095,-0.0228
2024-03-11,CAKE,,0.0,0.0,-0.00548387096774193
2024-03-11,CHZ,,0.05,-0.095,0.0052
2024-03-11,DASH,,0.05,-0.095,0.0052
2024-03-11,DEXE,,-0.10625000000000001,0.05,-0.04832258064516129
2024-03-11,DOGE,,-0.10625000000000001,0.0,-0.05703225806451613
2024-03-11,DOT,,0.0,0.0,0.0
2024-03-11,ETC,,0.0,0.0,0.0
2024-03-11,ETH,,0.05,0.0,0.027999999999999997
2024-03-11,FET,,-0.10625000000000001,0.11428571428571431,-0.02741013824884792
2024-03-11,FIL,,0.0,0.0,0.0021935483870967713
2024-03-11,HBAR,,0.0,0.0,0.0021935483870967713
2024-03-11,ICP,,0.0,0.0,-0.00548387096774193
2024-03-11,JST,,0.0,-0.095,-0.0228
2024-03-11,JUP,,-0.10625000000000001,0.11428571428571431,-0.02741013824884792
2024-03-11,LINK,,0.0,0.0,0.0
2024-03-11,LTC,,0.0,-0.095,-0.0228
2024-03-11,LUNC,,-0.10625000000000001,0.11428571428571431,-0.03289400921658985
2024-03-11,NEAR,,0.0,0.11428571428571431,0.027428571428571438
2024-03-11,NEXO,,0.0,0.0,0.0
2024-03-11,PEPE,,-0.05,0.05,-0.015999999999999997
2024-03-11,QNT,,0.05,0.0,0.025806451612903226
2024-03-11,SHIB,,-0.05,0.0,-0.027999999999999997
2024-03-11,SOL,,0.0,0.0,0.0
2024-03-11,STX,,0.0,0.0,0.0
2024-03-11,SUI,,0.05,0.11428571428571431,0.05323502304147466
2024-03-11,TRX,,0.05,-0.095,0.0052
2024-03-11,UNI,,0.0,0.0,0.0
2024-03-11,VET,,0.0,-0.05,-0.012
2024-03-11,WLD,,-0.10625000000000001,0.05,-0.045032258064516134
2024-03-11,XLM,,0.0,-0.095,-0.0228
2024-03-11,XRP,,0.0,-0.095,-0.02828387096774193
2024-03-11,ZEC,,0.05,0.0,0.027999999999999997
2024-03-18,AAVE,,0.05,0.0,0.027999999999999997
2024-03-18,ADA,,0.0,-0.095,-0.0228
2024-03-18,ALGO,,0.0,0.0,0.0
2024-03-18,APT,,0.05,0.11428571428571431,0.05542857142857143
2024-03-18,ARB,,0.0,0.11428571428571431,0.027428571428571438
2024-03-18,ATOM,,0.05,0.0,0.027999999999999997
2024-03-18,AVAX,,-0.10625000000000001,0.0,-0.0595
2024-03-18,BCH,,-0.10625000000000001,0.0,-0.0595
2024-03-18,BNB,,0.0,-0.095,-0.0228
2024-03-18,BONK,,-0.05,0.05,-0.015999999999999997
2024-03-18,BTC,,0.0,-0.095,-0.0228
2024-03-18,CAKE,,0.0,0.0,0.0
2024-03-18,CHZ,,0.05,-0.095,0.0052
2024-03-18,DASH,,0.05,-0.095,0.0052
2024-03-18,DEXE,,-0.10625000000000001,0.05,-0.0475
2024-03-18,DOGE,,-0.10625000000000001,0.0,-0.0595
2024-03-18,DOT,,0.0,0.0,0.0
2024-03-18,ETC,,0.0,0.0,0.0
2024-03-18,ETH,,0.05,0.0,0.027999999999999997
2024-03-18,FET,,-0.10625000000000001,0.11428571428571431,-0.03207142857142856
2024-03-18,FIL,,0.0,0.0,0.0
2024-03-18,HBAR,,0.05,0.0,0.027999999999999997
2024-03-18,ICP,,0.0,0.0,0.0
2024-03-18,JST,,0.0,-0.095,-0.0228
2024-03-18,JUP,,-0.10625000000000001,0.11428571428571431,-0.03207142857142856
2024-03-18,LINK,,0.0,0.0,0.0
2024-03-18,LTC,,0.0,-0.095,-0.0228
2024-03-18,LUNC,,-0.10625000000000001,0.11428571428571431,-0.03207142857142856
2024-03-18,NEAR,,-0.10625000000000001,0.11428571428571431,-0.03207142857142856
2024-03-18,NEXO,,0.0,0.0,0.0
2024-03-18,PEPE,,-0.05,0.05,-0.015999999999999997
2024-03-18,QNT,,0.05,0.0,0.027999999999999997
2024-03-18,SHIB,,-0.05,0.0,-0.027999999999999997
2024-03-18,SOL,,0.0,0.0,0.0
2024-03-18,STX,,0.0,0.0,0.0
2024-03-18,SUI,,0.05,0.11428571428571431,0.05542857142857143
2024-03-18,TRX,,0.05,-0.095,0.0052
2024-03-18,UNI,,0.0,0.0,0.0
2024-03-18,VET,,0.0,-0.05,-0.012
2024-03-18,WLD,,0.0,0.05,0.012
2024-03-18,XLM,,0.0,-0.095,-0.0228
2024-03-18,XRP,,0.0,-0.095,-0.0228
2024-03-18,ZEC,,0.05,0.0,0.027999999999999997
2024-03-25,AAVE,,0.0,-0.095,-0.007736299075438831
2024-03-25,ADA,,0.05,0.0,0.012936299075438827
2024-03-25,ALGO,,0.05,0.0,0.01969717271874581
2024-03-25,APT,,0.05,0.0,0.036133381826534715
2024-03-25,ARB,,0.05,0.10000000000000003,0.04471384544706265
2024-03-25,ATOM,,0.0,0.0,0.008302827281254189
2024-03-25,AVAX,,-0.05,0.0,-0.03734068069141096
2024-03-25,BCH,,-0.05,0.0,-0.03734068069141096
2024-03-25,BNB,,0.0,-0.095,-0.0228
2024-03-25,BONK,,0.0,0.10000000000000003,0.01213881816963688
2024-03-25,BTC,,0.0,-0.095,-0.0228
2024-03-25,CAKE,,0.0,-0.095,-0.016039126356693016
2024-03-25,CHZ,,0.05,0.0,0.021239126356693016
2024-03-25,DASH,,0.05,0.0,0.021239126356693016
2024-03-25,DEXE,,-0.05,-0.05,-0.04222397159319309
2024-03-25,DOGE,,-0.05,0.0,-0.03734068069141096
2024-03-25,DOT,,0.05,0.0,0.01969717271874581
2024-03-25,ETC,,0.0,0.0,0.0
2024-03-25,ETH,,0.0,0.0,0.008302827281254189
2024-03-25,FET,,-0.05,0.0,-0.029207298864876243
2024-03-25,FIL,,0.0,0.10000000000000003,0.016883290901782127
2024-03-25,HBAR,,0.0,0.0,0.008302827281254189
2024-03-25,ICP,,0.0,0.0,0.0
2024-03-25,JST,,0.0,-0.095,-0.0228
2024-03-25,JUP,,-0.05,0.05,-0.02076565341398518
2024-03-25,LINK,,0.0,0.0,0.0
2024-03-25,LTC,,0.0,-0.095,-0.0228
2024-03-25,LUNC,,0.0,0.10000000000000003,0.0073731647556516955
2024-03-25,NEAR,,-0.05,0.05,-0.02076565341398518
2024-03-25,NEXO,,0.05,-0.095,0.0036580463620527934
2024-03-25,PEPE,,-0.05,0.10000000000000003,-0.00755835454910893
2024-03-25,QNT,,0.05,0.0,0.027999999999999997
2024-03-25,SHIB,,-0.05,0.10000000000000003,-0.01111670909821787
2024-03-25,SOL,,-0.05,0.0,-0.01969717271874581
2024-03-25,STX,,-0.05,0.0,-0.01969717271874581
2024-03-25,SUI,,0.0,0.0,0.016436209107788903
2024-03-25,TRX,,0.05,-0.095,0.0052
2024-03-25,UNI,,0.0,0.10000000000000003,0.016883290901782127
2024-03-25,VET,,0.0,0.0,-0.0035583545491089386
2024-03-25,WLD,,0.0,0.10000000000000003,0.02044164545089107
2024-03-25,XLM,,0.05,-0.095,-0.003102827281254189
2024-03-25,XRP,,0.0,-0.095,-0.0228
2024-03-25,ZEC,,0.0,0.10000000000000003,0.025186118183036316
2024-04-01,AAVE,,0.05,-0.095,0.004026013191475301
2024-04-01,ADA,,0.05,0.0,0.0266329485682213
2024-04-01,ALGO,,0.0,0.0,0.0017875453251497836
2024-04-01,APT,,0.0,0.0,0.003279153749025307
2024-04-01,ARB,,0.05,0.10000000000000003,0.05133877152343663
2024-04-01,ATOM,,0.05,0.0,0.026212454674850214
2024-04-01,AVAX,,-0.095,0.0,-0.051760745113274755
2024-04-01,BCH,,-0.095,0.0,-0.051760745113274755
2024-04-01,BNB,,0.0,-0.095,-0.0228
2024-04-01,BONK,,0.0,0.10000000000000003,0.02292358154978056
2024-04-01,BTC,,0.05,-0.095,0.002658961759696602
2024-04-01,CAKE,,0.0,-0.095,-0.022186441483374914
2024-04-01,CHZ,,0.05,0.0,0.027386441483374914
2024-04-01,DASH,,0.0,0.0,0.001927479723678311
2024-04-01,DEXE,,-0.095,-0.05,-0.06311489404314308
2024-04-01,DOGE,,-0.095,0.0,-0.051760745113274755
2024-04-01,DOT,,0.0,0.0,0.0017875453251497836
2024-04-01,ETC,,0.0,0.0,0.0
2024-04-01,ETH,,0.05,0.0,0.026212454674850214
2024-04-01,FET,,0.0,0.0,-0.002650602261129304
2024-04-01,FIL,,0.0,0.10000000000000003,0.02335414892986834
2024-04-01,HBAR,,0.05,0.0,0.026212454674850214
2024-04-01,ICP,,-0.095,0.0,-0.048372027343423545
2024-04-01,JST,,0.0,-0.095,-0.0228
2024-04-01,JUP,,-0.05,0.05,-0.01643248955589174
2024-04-01,LINK,,0.0,0.0,0.0
2024-04-01,LTC,,0.0,-0.095,-0.0228
2024-04-01,LUNC,,0.0,0.10000000000000003,0.022491091993888816
2024-04-01,NEAR,,-0.095,0.05,-0.03934555513961868
2024-04-01,NEXO,,0.05,-0.095,0.0050600656014714715
2024-04-01,PEPE,,-0.095,0.10000000000000003,-0.02723599111879276
2024-04-01,QNT,,0.0,0.0,0.0025410382403033976
2024-04-01,SHIB,,-0.095,0.10000000000000003,-0.027558916653858595
2024-04-01,SOL,,-0.095,0.0,-0.05015957266857332
2024-04-01,STX,,-0.095,0.0,-0.05015957266857332
2024-04-01,SUI,,0.0,0.0,0.0014916084238755217
2024-04-01,TRX,,0.05,-0.095,0.0052
2024-04-01,UNI,,0.0,0.10000000000000003,0.02335414892986834
2024-04-01,VET,,0.0,0.0,-0.00032292553506583447
2024-04-01,WLD,,0.0,0.10000000000000003,0.023677074464934174
2024-04-01,XLM,,0.0,-0.095,-0.021012454674850217
2024-04-01,XRP,,0.0,-0.095,-0.0228
2024-04-01,ZEC,,0.05,0.10000000000000003,0.049566603604718554
2024-04-08,AAVE,,0.0,-0.095,-0.01938555672215917
2024-04-08,ADA,,0.05,0.0,0.02782600025063796
2024-04-08,ALGO,,0.0,0.0,0.00022752065600389047
2024-04-08,APT,,-0.05,0.0,-0.024018756291044836
2024-04-08,ARB,,0.05,0.10000000000000003,0.05191583814147843
2024-04-08,ATOM,,0.0,0.0,0.003336348902142905
2024-04-08,AVAX,,0.05,0.0,0.017847968162703363
2024-04-08,BCH,,-0.05,0.0,-0.03102429272100304
2024-04-08,BNB,,0.05,-0.095,0.0016361304418532029
2024-04-08,BONK,,-0.05,0.10000000000000003,-0.000573138118516215
2024-04-08,BTC,,0.05,-0.095,0.004876573970331993
2024-04-08,CAKE,,-0.05,-0.095,-0.04715803606615528
2024-04-08,CHZ,,0.0,0.0,0.003485775182448872
2024-04-08,DASH,,0.0,0.0,0.00024533165397008327
2024-04-08,DEXE,,-0.05,-0.05,-0.04294208811500523
2024-04-08,DOGE,,-0.05,0.0,-0.03102429272100304
2024-04-08,DOT,,0.05,0.0,0.024663651097857092
2024-04-08,ENA,,0.0,0.0,0.0
2024-04-08,ETC,,0.0,0.0,0.0
2024-04-08,ETH,,0.05,0.0,0.027772479343996105
2024-04-08,FET,,-0.05,0.0,-0.02477350189575298
2024-04-08,FIL,,0.0,0.10000000000000003,0.023917795394002194
2024-04-08,HBAR,,0.0,0.0,0.003336348902142905
2024-04-08,ICP,,-0.05,0.0,-0.0305929731459629
2024-04-08,JST,,0.0,-0.095,-0.0228
2024-04-08,JUP,,-0.05,0.05,-0.016055047727230674
2024-04-08,LINK,,0.0,0.0,0.0
2024-04-08,LTC,,0.0,-0.095,-0.0228
2024-04-08,LUNC,,0.0,0.10000000000000003,0.023807944596106304
2024-04-08,NEAR,,0.0,0.05,0.005464683538991613
2024-04-08,NEXO,,0.05,-0.095,0.0051821890020338065
2024-04-08,PEPE,,-0.05,0.10000000000000003,-0.006957501478629807
2024-04-08,QNT,,0.05,0.0,0.024759556471521206
2024-04-08,SHIB,,0.0,0.10000000000000003,0.017437526660224488
2024-04-08,SOL,,0.0,0.0,-0.006384363360113589
2024-04-08,STX,,-0.05,0.0,-0.030820493801966792
2024-04-08,SUI,,0.0,0.0,0.00018985349480447476
2024-04-08,TRX,,0.05,-0.095,0.0052
2024-04-08,UNI,,0.0,0.10000000000000003,0.023917795394002194
2024-04-08,VET,,0.0,0.0,-4.110230299890689e-05
2024-04-08,WLD,,0.0,0.10000000000000003,0.0239588976970011
2024-04-08,XLM,,0.0,-0.095,-0.02257247934399611
2024-04-08,XRP,,0.0,-0.095,-0.0228
2024-04-08,ZEC,,0.05,0.10000000000000003,0.0516902747379983
2024-04-15,AAVE,,0.0,-0.095,-0.0228
2024-04-15,ADA,,0.0,0.0,0.0
2024-04-15,ALGO,,0.0,0.0,0.0
2024-04-15,APT,,0.0,0.0,0.0
2024-04-15,ARB,,0.05,0.10000000000000003,0.052000000000000005
2024-04-15,ATOM,,0.0,0.0,0.0
2024-04-15,AVAX,,0.05,0.0,0.027999999999999997
2024-04-15,BCH,,-0.05,0.0,-0.027999999999999997
2024-04-15,BNB,,0.05,-0.095,0.0052
2024-04-15,BONK,,-0.05,0.10000000000000003,-0.00399999999999999
2024-04-15,BTC,,0.05,-0.095,0.0052
2024-04-15,CAKE,,-0.05,-0.095,-0.050800000000000005
2024-04-15,CHZ,,0.0,0.0,0.0
2024-04-15,DASH,,0.0,0.0,0.0
2024-04-15,DEXE,,-0.05,-0.05,-0.04
2024-04-15,DOGE,,-0.05,0.0,-0.027999999999999997
2024-04-15,DOT,,0.0,0.0,0.0
2024-04-15,ENA,,0.0,0.0,0.0
2024-04-15,ETC,,0.0,0.0,0.0
2024-04-15,ETH,,0.05,0.0,0.027999999999999997
2024-04-15,FET,,-0.05,0.0,-0.027999999999999997
2024-04-15,FIL,,0.0,0.10000000000000003,0.024000000000000007
2024-04-15,HBAR,,0.0,0.0,0.0
2024-04-15,ICP,,-0.05,0.0,-0.027999999999999997
2024-04-15,JST,,0.05,-0.095,0.0052
2024-04-15,JUP,,-0.05,0.05,-0.015999999999999997
2024-04-15,LINK,,0.0,0.0,0.0
2024-04-15,LTC,,-0.05,-0.095,-0.050800000000000005
2024-04-15,LUNC,,0.0,0.10000000000000003,0.024000000000000007
2024-04-15,NEAR,,0.0,0.05,0.012
2024-04-15,NEXO,,0.05,-0.095,0.0052
2024-04-15,PEPE,,-0.05,0.10000000000000003,-0.00399999999999999
2024-04-15,QNT,,0.05,0.0,0.027999999999999997
2024-04-15,SHIB,,-0.05,0.10000000000000003,-0.00399999999999999
2024-04-15,SOL,,0.0,0.0,0.0
2024-04-15,STX,,0.05,0.0,0.027999999999999997
2024-04-15,SUI,,-0.05,0.0,-0.027999999999999997
2024-04-15,TAO,,0.0,0.0,0.0
2024-04-15,TRX,,0.05,-0.095,0.0052
2024-04-15,UNI,,0.0,0.10000000000000003,0.024000000000000007
2024-04-15,VET,,0.0,0.0,0.0
2024-04-15,WLD,,0.0,0.10000000000000003,0.024000000000000007
2024-04-15,XLM,,0.05,-0.095,0.0052
2024-04-15,XRP,,0.0,-0.095,-0.0228
2024-04-15,ZEC,,0.05,0.10000000000000003,0.052000000000000005
2024-04-22,AAVE,,-0.08636363636363636,0.0,-0.03942855791216589
2024-04-22,ADA,,0.0,0.0,0.0
2024-04-22,ALGO,,0.0,0.0,0.0
2024-04-22,APT,,-0.08636363636363636,0.08636363636363636,-0.017976819364503665
2024-04-22,ARB,,0.0,0.0,0.018175195143104943
2024-04-22,ATOM,,0.0,0.0,0.0
2024-04-22,AVAX,,0.0,0.08636363636363636,0.02326925806197272
2024-04-22,BCH,,0.0,0.0,-0.009786643538594968
2024-04-22,BNB,,0.05,-0.08636363636363636,0.006548261452337773
2024-04-22,BONK,,-0.05,0.05,-0.011805724197745008
2024-04-22,BTC,,0.05,-0.08636363636363636,0.006548261452337773
2024-04-22,CAKE,,0.0,0.08636363636363636,-0.004273153039501695
2024-04-22,CHZ,,-0.08636363636363636,0.0,-0.031459433887881416
2024-04-22,DASH,,0.0,0.0,0.0
2024-04-22,DEXE,,0.0,0.0,-0.013980919340849957
2024-04-22,DOGE,,0.05,0.0,0.00842671292281006
2024-04-22,DOT,,0.0,0.0,0.0
2024-04-22,ENA,,0.0,0.0,0.0
2024-04-22,ETC,,0.0,0.0,0.0
2024-04-22,ETH,,0.05,-0.08636363636363636,0.014517385476622248
2024-04-22,FET,,0.0,0.0,-0.009786643538594968
2024-04-22,FIL,,-0.08636363636363636,0.08636363636363636,-0.00958826775999369
2024-04-22,HBAR,,-0.08636363636363636,0.0,-0.031459433887881416
2024-04-22,ICP,,-0.08636363636363636,0.0,-0.04124607742647638
2024-04-22,JST,,0.05,-0.08636363636363636,0.006548261452337773
2024-04-22,JUP,,0.0,0.08636363636363636,0.007890246787037772
2024-04-22,LINK,,0.0,0.0,0.0
2024-04-22,LTC,,0.0,-0.05,-0.02556149176062446
2024-04-22,LUNC,,0.0,0.08636363636363636,0.02187116612788773
2024-04-22,NEAR,,0.0,0.0,0.004194275802254986
2024-04-22,NEXO,,0.05,-0.08636363636363636,0.006548261452337773
2024-04-22,PEPE,,-0.08636363636363636,0.08636363636363636,-0.019374911298588655
2024-04-22,QNT,,0.05,-0.08636363636363636,0.014517385476622248
2024-04-22,SHIB,,-0.08636363636363636,0.08636363636363636,-0.019374911298588655
2024-04-22,SOL,,0.05,0.0,0.01821335646140503
2024-04-22,STX,,0.05,-0.08636363636363636,0.014517385476622248
2024-04-22,SUI,,-0.08636363636363636,0.08636363636363636,-0.027763462903098633
2024-04-22,TAO,,0.0,0.0,0.0
2024-04-22,TRX,,0.05,-0.08636363636363636,0.006548261452337773
2024-04-22,UNI,,-0.08636363636363636,0.08636363636363636,-0.00958826775999369
2024-04-22,VET,,0.05,-0.08636363636363636,0.004730741938027279
2024-04-22,WLD,,-0.08636363636363636,0.08636363636363636,-0.00958826775999369
2024-04-22,XLM,,0.05,-0.08636363636363636,0.006548261452337773
2024-04-22,XRP,,0.0,-0.08636363636363636,-0.021451738547662226
2024-04-22,ZEC,,0.0,0.0,0.018175195143104943
2024-04-29,AAVE,,0.0,0.0,-0.00231963306328372
2024-04-29,ADA,,0.0,0.0,0.0
2024-04-29,ALGO,,0.0,0.0,0.0
2024-04-29,APT,,0.0,0.08636363636363636,0.018450260925307726
2024-04-29,ARB,,0.05,0.0,0.02742199402176633
2024-04-29,ATOM,,-0.05,0.0,-0.02635272378166528
2024-04-29,AVAX,,-0.05,0.08636363636363636,-0.005475902769063734
2024-04-29,BCH,,0.0,0.0,-0.0005757608985159507
2024-04-29,BNB,,0.05,-0.08636363636363636,0.007230106011408556
2024-04-29,BONK,,-0.05,0.05,-0.015753245329207445
2024-04-29,BTC,,0.05,-0.08636363636363636,0.007230106011408556
2024-04-29,CAKE,,0.0,0.08636363636363636,0.0192564653410638
2024-04-29,CHZ,,0.0,0.0,-0.001850799188777872
2024-04-29,DASH,,0.05,0.0,0.02635272378166528
2024-04-29,DEXE,,0.0,0.0,-0.0008225155693085025
2024-04-29,DOGE,,-0.05,0.0,-0.025856969360362463
2024-04-29,DOT,,0.0,0.0,0.0
2024-04-29,ENA,,0.05,0.0,0.02635272378166528
2024-04-29,ETC,,0.0,0.0,0.0
2024-04-29,ETH,,0.05,-0.08636363636363636,0.007698939885914403
2024-04-29,FET,,0.0,0.0,-0.0005757608985159507
2024-04-29,FIL,,0.0,0.08636363636363636,0.018943770266892826
2024-04-29,HBAR,,-0.05,0.0,-0.02820352297044315
2024-04-29,ICP,,-0.05,0.0,-0.028779283868959102
2024-04-29,JST,,0.05,-0.08636363636363636,0.007230106011408556
2024-04-29,JUP,,0.0,0.08636363636363636,0.019972053886362195
2024-04-29,LINK,,0.0,0.0,0.0
2024-04-29,LTC,,0.0,-0.05,-0.012797840102229247
2024-04-29,LUNC,,-0.05,0.08636363636363636,-0.005558154325994585
2024-04-29,NEAR,,-0.05,0.0,-0.02610596911087273
2024-04-29,NEXO,,0.05,-0.08636363636363636,0.007230106011408556
2024-04-29,PEPE,,-0.05,0.08636363636363636,-0.007984714413288406
2024-04-29,QNT,,0.05,-0.08636363636363636,0.007698939885914403
2024-04-29,SHIB,,-0.05,0.08636363636363636,-0.007984714413288406
2024-04-29,SOL,,0.0,0.0,0.0010715153198187673
2024-04-29,STX,,0.05,-0.08636363636363636,0.007698939885914403
2024-04-29,SUI,,-0.05,0.08636363636363636,-0.008478223754873507
2024-04-29,TAO,,0.0,0.0,0.0
2024-04-29,TRX,,0.0,-0.08636363636363636,-0.019122617770256728
2024-04-29,UNI,,0.0,0.08636363636363636,0.018943770266892826
2024-04-29,VET,,0.05,-0.08636363636363636,0.007123178987398452
2024-04-29,WLD,,-0.05,0.08636363636363636,-0.007408953514772455
2024-04-29,XLM,,0.05,-0.08636363636363636,0.007230106011408556
2024-04-29,XRP,,0.0,-0.08636363636363636,-0.020769893988591442
2024-04-29,ZEC,,0.0,0.0,0.0010692702401010508
2024-05-06,AAVE,,0.0,0.0,0.0
2024-05-06,ADA,,0.0,0.0,0.0
2024-05-06,ALGO,,0.0,0.0,0.0
2024-05-06,APT,,0.0,0.08636363636363636,0.02072727272727273
2024-05-06,ARB,,0.05,0.0,0.027999999999999997
2024-05-06,ATOM,,-0.05,0.0,-0.027999999999999997
2024-05-06,AVAX,,-0.05,0.08636363636363636,-0.00727272727272727
2024-05-06,BCH,,0.05,0.0,0.027999999999999997
2024-05-06,BNB,,0.05,-0.08636363636363636,0.00727272727272727
2024-05-06,BONK,,-0.05,0.05,-0.015999999999999997
2024-05-06,BTC,,0.05,-0.08636363636363636,0.00727272727272727
2024-05-06,CAKE,,0.0,0.08636363636363636,0.02072727272727273
2024-05-06,CHZ,,0.0,0.0,0.0
2024-05-06,DASH,,0.05,0.0,0.027999999999999997
2024-05-06,DEXE,,-0.05,0.0,-0.027999999999999997
2024-05-06,DOGE,,-0.05,0.0,-0.027999999999999997
2024-05-06,DOT,,0.0,0.0,0.0
2024-05-06,ENA,,-0.05,0.0,-0.027999999999999997
2024-05-06,ETC,,0.05,0.0,0.027999999999999997
2024-05-06,ETH,,0.0,-0.08636363636363636,-0.02072727272727273
2024-05-06,FET,,-0.05,0.0,-0.027999999999999997
2024-05-06,FIL,,0.0,0.08636363636363636,0.02072727272727273
2024-05-06,HBAR,,0.0,0.0,0.0
2024-05-06,ICP,,-0.05,0.0,-0.027999999999999997
2024-05-06,JST,,0.05,-0.08636363636363636,0.00727272727272727
2024-05-06,JUP,,0.0,0.08636363636363636,0.02072727272727273
2024-05-06,LINK,,0.0,0.0,0.0
2024-05-06,LTC,,0.05,-0.05,0.015999999999999997
2024-05-06,LUNC,,0.0,0.08636363636363636,0.02072727272727273
2024-05-06,NEAR,,0.0,0.0,0.0
2024-05-06,NEXO,,0.0,-0.08636363636363636,-0.02072727272727273
2024-05-06,PEPE,,0.0,0.08636363636363636,0.02072727272727273
2024-05-06,QNT,,0.05,-0.08636363636363636,0.00727272727272727
2024-05-06,SHIB,,-0.05,0.08636363636363636,-0.00727272727272727
2024-05-06,SOL,,0.0,0.0,0.0
2024-05-06,STX,,0.0,-0.08636363636363636,-0.02072727272727273
2024-05-06,SUI,,-0.05,0.08636363636363636,-0.00727272727272727
2024-05-06,TAO,,-0.05,0.0,-0.027999999999999997
2024-05-06,TRX,,0.0,-0.08636363636363636,-0.02072727272727273
2024-05-06,UNI,,0.0,0.08636363636363636,0.02072727272727273
2024-05-06,VET,,0.05,-0.08636363636363636,0.00727272727272727
2024-05-06,WLD,,-0.05,0.08636363636363636,-0.00727272727272727
2024-05-06,XLM,,0.05,-0.08636363636363636,0.00727272727272727
2024-05-06,XRP,,0.0,-0.08636363636363636,-0.02072727272727273
2024-05-06,ZEC,,0.05,0.0,0.027999999999999997
2024-05-13,AAVE,,0.05,0.0,0.024999999999999998
2024-05-13,ADA,,0.0,0.0,0.0
2024-05-13,ALGO,,0.0,0.0,0.0
2024-05-13,APT,,0.0,0.08636363636363636,0.02072727272727273
2024-05-13,ARB,,0.05,0.0,0.027999999999999997
2024-05-13,ATOM,,0.0,0.0,-0.002999999999999999
2024-05-13,AVAX,,-0.08636363636363636,0.08636363636363636,-0.025454545454545452
2024-05-13,BCH,,-0.08636363636363636,0.0,-0.04018181818181818
2024-05-13,BNB,,0.05,-0.08636363636363636,0.00727272727272727
2024-05-13,BONK,,-0.08636363636363636,0.05,-0.03418181818181818
2024-05-13,BTC,,0.0,-0.08636363636363636,-0.01772727272727273
2024-05-13,CAKE,,0.0,0.08636363636363636,0.02072727272727273
2024-05-13,CHZ,,0.0,0.0,0.0
2024-05-13,DASH,,0.05,0.0,0.027999999999999997
2024-05-13,DEXE,,0.0,0.0,-0.002999999999999999
2024-05-13,DOGE,,-0.08636363636363636,0.0,-0.04618181818181818
2024-05-13,DOT,,0.0,0.0,0.0
2024-05-13,ENA,,0.0,0.0,-0.002999999999999999
2024-05-13,ETC,,0.05,0.0,0.027999999999999997
2024-05-13,ETH,,0.0,-0.08636363636363636,-0.02072727272727273
2024-05-13,FET,,0.0,0.0,-0.002999999999999999
2024-05-13,FIL,,0.0,0.08636363636363636,0.02072727272727273
2024-05-13,HBAR,,0.0,0.0,0.0
2024-05-13,ICP,,0.0,0.0,-0.002999999999999999
2024-05-13,JST,,0.05,-0.08636363636363636,0.00727272727272727
2024-05-13,JUP,,-0.08636363636363636,0.08636363636363636,-0.022454545454545453
2024-05-13,LINK,,-0.08636363636363636,0.0,-0.04318181818181818
2024-05-13,LTC,,0.05,-0.05,0.015999999999999997
2024-05-13,LUNC,,0.0,0.08636363636363636,0.02072727272727273
2024-05-13,NEAR,,-0.08636363636363636,0.0,-0.04318181818181818
2024-05-13,NEXO,,0.0,-0.08636363636363636,-0.02072727272727273
2024-05-13,PEPE,,-0.08636363636363636,0.08636363636363636,-0.022454545454545453
2024-05-13,QNT,,0.05,-0.08636363636363636,0.00727272727272727
2024-05-13,SHIB,,-0.08636363636363636,0.08636363636363636,-0.025454545454545452
2024-05-13,SOL,,-0.08636363636363636,0.0,-0.04318181818181818
2024-05-13,STX,,0.05,-0.08636363636363636,0.004272727272727272
2024-05-13,SUI,,0.0,0.08636363636363636,0.01772727272727273
2024-05-13,TAO,,-0.08636363636363636,0.0,-0.04618181818181818
2024-05-13,TRX,,0.0,-0.08636363636363636,-0.02072727272727273
2024-05-13,UNI,,0.0,0.08636363636363636,0.02072727272727273
2024-05-13,VET,,0.05,-0.08636363636363636,0.00727272727272727
2024-05-13,WLD,,-0.05,0.08636363636363636,-0.00727272727272727
2024-05-13,XLM,,0.05,-0.08636363636363636,0.00727272727272727
2024-05-13,XRP,,0.0,-0.08636363636363636,-0.02072727272727273
2024-05-13,ZEC,,0.05,0.0,0.027999999999999997
2024-05-20,AAVE,,-0.08636363636363636,0.0,-0.025051684928674805
2024-05-20,ADA,,0.05,0.0,0.0191027496382055
2024-05-20,ALGO,,0.0,0.0,0.0
2024-05-20,APT,,0.0,0.1,0.022960061646024023
2024-05-20,ARB,,-0.08636363636363636,0.0,-0.024098408104196826
2024-05-20,ATOM,,0.0,0.0,-0.0009532768244779814
2024-05-20,AVAX,,0.0,0.1,0.00828537598436297
2024-05-20,BCH,,0.0,0.0,-0.012768132012705088
2024-05-20,BNB,,0.05,-0.08636363636363636,0.00727272727272727
2024-05-20,BONK,,-0.08636363636363636,0.05,-0.035670344127652374
2024-05-20,BTC,,0.0,-0.08636363636363636,-0.019773995902794748
2024-05-20,CAKE,,0.0,0.1,0.022960061646024023
2024-05-20,CHZ,,-0.08636363636363636,0.0,-0.03299565846599132
2024-05-20,DASH,,0.05,0.0,0.027999999999999997
2024-05-20,DEXE,,0.0,0.0,-0.0009532768244779814
2024-05-20,DOGE,,0.0,0.0,-0.014674685661661052
2024-05-20,DOT,,0.0,0.0,0.0
2024-05-20,ENA,,-0.08636363636363636,0.0,-0.0339489352904693
2024-05-20,ETC,,0.0,0.0,0.008897250361794496
2024-05-20,ETH,,-0.08636363636363636,-0.05,-0.04776882740992726
2024-05-20,FET,,0.0,0.0,-0.0009532768244779814
2024-05-20,FIL,,0.0,0.1,0.022960061646024023
2024-05-20,HBAR,,0.05,0.0,0.0191027496382055
2024-05-20,ICP,,0.0,0.0,-0.0009532768244779814
2024-05-20,JST,,0.05,-0.08636363636363636,0.00727272727272727
2024-05-20,JUP,,0.0,0.1,0.009238652808840949
2024-05-20,LINK,,-0.08636363636363636,0.0,-0.04671706730317439
2024-05-20,LTC,,0.05,-0.08636363636363636,0.010045896216663217
2024-05-20,LUNC,,0.0,0.1,0.022960061646024023
2024-05-20,NEAR,,0.0,0.0,-0.01372140883718307
2024-05-20,NEXO,,0.0,-0.08636363636363636,-0.02072727272727273
2024-05-20,PEPE,,-0.05,0.05,-0.018050989531452625
2024-05-20,QNT,,0.05,-0.08636363636363636,0.00727272727272727
2024-05-20,SHIB,,0.0,0.1,0.00828537598436297
2024-05-20,SOL,,-0.08636363636363636,0.0,-0.04671706730317439
2024-05-20,STX,,0.05,-0.08636363636363636,0.006319450448249289
2024-05-20,SUI,,0.0,0.1,0.02200678482154604
2024-05-20,TAO,,-0.08636363636363636,0.0,-0.04767034412765237
2024-05-20,TRX,,0.05,-0.08636363636363636,-0.001624523089067225
2024-05-20,UNI,,-0.08636363636363636,0.05,-0.018222489522055376
2024-05-20,VET,,0.05,-0.08636363636363636,0.00727272727272727
2024-05-20,WLD,,-0.08636363636363636,0.05,-0.027119739883849872
2024-05-20,XLM,,0.05,-0.08636363636363636,0.00727272727272727
2024-05-20,XRP,,0.05,-0.08636363636363636,-0.001624523089067225
2024-05-20,ZEC,,0.0,0.0,0.008897250361794496
2024-05-27,AAVE,,-0.09000000000000001,0.0,-0.0504
2024-05-27,ADA,,0.0,0.0,0.0
2024-05-27,ALGO,,0.0,0.0,0.0
2024-05-27,APT,,0.0,0.1,0.024
2024-05-27,ARB,,-0.09000000000000001,0.0,-0.0504
2024-05-27,ATOM,,0.05,0.0,0.027999999999999997
2024-05-27,AVAX,,0.0,0.1,0.024
2024-05-27,BCH,,0.0,0.0,0.0
2024-05-27,BNB,,0.05,-0.08636363636363636,0.00727272727272727
2024-05-27,BONK,,-0.09000000000000001,0.05,-0.038400000000000004
2024-05-27,BTC,,0.0,-0.08636363636363636,-0.02072727272727273
2024-05-27,CAKE,,-0.09000000000000001,0.1,-0.026400000000000003
2024-05-27,CHZ,,0.0,0.0,0.0
2024-05-27,DASH,,0.05,0.0,0.027999999999999997
2024-05-27,DEXE,,0.0,0.0,0.0
2024-05-27,DOGE,,-0.09000000000000001,0.0,-0.0504
2024-05-27,DOT,,0.0,0.0,0.0
2024-05-27,ENA,,-0.09000000000000001,0.0,-0.0504
2024-05-27,ETC,,0.0,0.0,0.0
2024-05-27,ETH,,-0.09000000000000001,-0.05,-0.062400000000000004
2024-05-27,FET,,0.05,0.0,0.027999999999999997
2024-05-27,FIL,,0.05,0.1,0.052000000000000005
2024-05-27,HBAR,,0.05,0.0,0.027999999999999997
2024-05-27,ICP,,0.0,0.0,0.0
2024-05-27,JST,,0.05,-0.08636363636363636,0.00727272727272727
2024-05-27,JUP,,0.0,0.1,0.024
2024-05-27,LINK,,-0.09000000000000001,0.0,-0.0504
2024-05-27,LTC,,0.05,-0.08636363636363636,0.00727272727272727
2024-05-27,LUNC,,0.0,0.1,0.024
2024-05-27,NEAR,,0.0,0.0,0.0
2024-05-27,NEXO,,0.0,-0.08636363636363636,-0.02072727272727273
2024-05-27,PEPE,,-0.05,0.05,-0.015999999999999997
2024-05-27,QNT,,0.05,-0.08636363636363636,0.00727272727272727
2024-05-27,SHIB,,0.0,0.1,0.024
2024-05-27,SOL,,-0.09000000000000001,0.0,-0.0504
2024-05-27,STX,,0.0,-0.08636363636363636,-0.02072727272727273
2024-05-27,SUI,,0.05,0.1,0.052000000000000005
2024-05-27,TAO,,-0.09000000000000001,0.0,-0.0504
2024-05-27,TRX,,0.05,-0.08636363636363636,0.00727272727272727
2024-05-27,UNI,,-0.05,0.05,-0.015999999999999997
2024-05-27,VET,,0.0,-0.08636363636363636,-0.02072727272727273
2024-05-27,WLD,,0.0,0.05,0.012
2024-05-27,XLM,,0.05,-0.08636363636363636,0.00727272727272727
2024-05-27,XRP,,0.0,-0.08636363636363636,-0.02072727272727273
2024-05-27,ZEC,,0.0,0.0,0.0
2024-06-03,AAVE,,-0.08636363636363636,0.0,-0.04836363636363636
2024-06-03,ADA,,0.0,0.0,0.0
2024-06-03,ALGO,,0.0,0.0,0.0
2024-06-03,APT,,0.0,0.1,0.024
2024-06-03,ARB,,-0.08636363636363636,0.0,-0.04836363636363636
2024-06-03,ATOM,,0.05,0.0,0.027999999999999997
2024-06-03,AVAX,,0.0,0.1,0.024
2024-06-03,BCH,,0.0,0.0,0.0
2024-06-03,BNB,,0.0,-0.08636363636363636,-0.02072727272727273
2024-06-03,BONK,,-0.08636363636363636,0.05,-0.03636363636363636
2024-06-03,BTC,,0.05,-0.08636363636363636,0.00727272727272727
2024-06-03,CAKE,,0.0,0.1,0.024
2024-06-03,CHZ,,-0.08636363636363636,0.0,-0.04836363636363636
2024-06-03,DASH,,0.05,0.0,0.027999999999999997
2024-06-03,DEXE,,0.0,0.0,0.0
2024-06-03,DOGE,,0.0,0.0,0.0
2024-06-03,DOT,,0.0,0.0,0.0
2024-06-03,ENA,,-0.08636363636363636,0.0,-0.04836363636363636
2024-06-03,ETC,,0.0,0.0,0.0
2024-06-03,ETH,,-0.08636363636363636,-0.05,-0.060363636363636355
2024-06-03,FET,,0.0,0.0,0.0
2024-06-03,FIL,,0.05,0.1,0.052000000000000005
2024-06-03,HBAR,,0.05,0.0,0.027999999999999997
2024-06-03,ICP,,0.0,0.0,0.0
2024-06-03,JST,,0.05,-0.08636363636363636,0.00727272727272727
2024-06-03,JUP,,0.0,0.1,0.024
2024-06-03,LINK,,-0.08636363636363636,0.0,-0.04836363636363636
2024-06-03,LTC,,0.05,-0.08636363636363636,0.00727272727272727
2024-06-03,LUNC,,0.0,0.1,0.024
2024-06-03,NEAR,,0.0,0.0,0.0
2024-06-03,NEXO,,0.0,-0.08636363636363636,-0.02072727272727273
2024-06-03,PEPE,,-0.05,0.05,-0.015999999999999997
2024-06-03,QNT,,0.05,-0.08636363636363636,0.00727272727272727
2024-06-03,SHIB,,0.0,0.1,0.024
2024-06-03,SOL,,-0.08636363636363636,0.0,-0.04836363636363636
2024-06-03,STX,,-0.08636363636363636,-0.08636363636363636,-0.06909090909090909
2024-06-03,SUI,,0.0,0.1,0.024
2024-06-03,TAO,,-0.08636363636363636,0.0,-0.04836363636363636
2024-06-03,TRX,,0.05,-0.08636363636363636,0.00727272727272727
2024-06-03,UNI,,-0.08636363636363636,0.05,-0.03636363636363636
2024-06-03,VET,,0.05,-0.08636363636363636,0.00727272727272727
2024-06-03,WLD,,0.0,0.05,0.012
2024-06-03,XLM,,0.05,-0.08636363636363636,0.00727272727272727
2024-06-03,XRP,,0.05,-0.08636363636363636,0.00727272727272727
2024-06-03,ZEC,,0.0,0.0,0.0
2024-06-10,AAVE,,-0.08636363636363636,0.0,-0.04836363636363636
2024-06-10,ADA,,0.05,0.0,0.027999999999999997
2024-06-10,ALGO,,0.0,0.0,0.0
2024-06-10,APT,,0.0,0.1,0.024
2024-06-10,ARB,,-0.08636363636363636,0.0,-0.04836363636363636
2024-06-10,ATOM,,0.05,0.0,0.027999999999999997
2024-06-10,AVAX,,0.0,0.1,0.024
2024-06-10,BCH,,0.0,0.0,0.0
2024-06-10,BNB,,0.0,-0.08636363636363636,-0.02072727272727273
2024-06-10,BONK,,-0.08636363636363636,0.05,-0.03636363636363636
2024-06-10,BTC,,0.05,-0.08636363636363636,0.00727272727272727
2024-06-10,CAKE,,-0.08636363636363636,0.1,-0.02436363636363636
2024-06-10,CHZ,,-0.08636363636363636,0.0,-0.04836363636363636
2024-06-10,DASH,,0.05,0.0,0.027999999999999997
2024-06-10,DEXE,,0.0,0.0,0.0
2024-06-10,DOGE,,0.0,0.0,0.0
2024-06-10,DOT,,0.0,0.0,0.0
2024-06-10,ENA,,-0.08636363636363636,0.0,-0.04836363636363636
2024-06-10,ETC,,-0.08636363636363636,0.0,-0.04836363636363636
2024-06-10,ETH,,-0.08636363636363636,-0.05,-0.060363636363636355
2024-06-10,FET,,0.0,0.0,0.0
2024-06-10,FIL,,0.0,0.1,0.024
2024-06-10,HBAR,,0.05,0.0,0.027999999999999997
2024-06-10,ICP,,0.0,0.0,0.0
2024-06-10,JST,,0.05,-0.08636363636363636,0.00727272727272727
2024-06-10,JUP,,0.05,0.1,0.052000000000000005
2024-06-10,LINK,,0.0,0.0,0.0
2024-06-10,LTC,,0.05,-0.08636363636363636,0.00727272727272727
2024-06-10,LUNC,,0.0,0.1,0.024
2024-06-10,NEAR,,0.0,0.0,0.0
2024-06-10,NEXO,,0.0,-0.08636363636363636,-0.02072727272727273
2024-06-10,PEPE,,-0.05,0.05,-0.015999999999999997
2024-06-10,QNT,,0.05,-0.08636363636363636,0.00727272727272727
2024-06-10,SHIB,,0.0,0.1,0.024
2024-06-10,SOL,,0.05,0.0,0.027999999999999997
2024-06-10,STX,,-0.08636363636363636,-0.08636363636363636,-0.06909090909090909
2024-06-10,SUI,,0.0,0.1,0.024
2024-06-10,TAO,,-0.08636363636363636,0.0,-0.04836363636363636
2024-06-10,TRX,,0.05,-0.08636363636363636,0.00727272727272727
2024-06-10,UNI,,-0.08636363636363636,0.05,-0.03636363636363636
2024-06-10,VET,,0.0,-0.08636363636363636,-0.02072727272727273
2024-06-10,WLD,,0.0,0.05,0.012
2024-06-10,XLM,,0.05,-0.08636363636363636,0.00727272727272727
2024-06-10,XRP,,0.0,-0.08636363636363636,-0.02072727272727273
2024-06-10,ZEC,,0.0,0.0,0.0
2024-06-17,AAVE,,0.05,-0.08636363636363636,-0.024950843491191022
2024-06-17,ADA,,0.0,-0.08636363636363636,0.007494678137858327
2024-06-17,ALGO,,0.0,0.0,0.0
2024-06-17,APT,,0.0,0.0,0.013900363858945148
2024-06-17,ARB,,0.05,0.0,-0.016228430460280018
2024-06-17,ATOM,,0.0,-0.08636363636363636,0.007494678137858327
2024-06-17,AVAX,,0.0,0.0,0.013900363858945148
2024-06-17,BCH,,0.0,0.0,0.0
2024-06-17,BNB,,-0.09000000000000001,-0.05,-0.03826391366310434
2024-06-17,BONK,,0.0,0.09444444444444446,-0.011522612117708518
2024-06-17,BTC,,0.0,-0.08636363636363636,-0.0045101815585033905
2024-06-17,CAKE,,-0.09000000000000001,0.0,-0.035320211328780715
2024-06-17,CHZ,,-0.09000000000000001,0.05,-0.044170757117198436
2024-06-17,DASH,,0.0,-0.08636363636363636,0.007494678137858327
2024-06-17,DEXE,,-0.09000000000000001,0.0,-0.02120923589621519
2024-06-17,DOGE,,0.05,0.0,0.011782908831230659
2024-06-17,DOT,,0.0,0.0,0.0
2024-06-17,ENA,,-0.09000000000000001,0.09444444444444446,-0.03968202994339628
2024-06-17,ETC,,0.05,0.0,-0.016228430460280018
2024-06-17,ETH,,0.05,-0.08636363636363636,-0.0319010254206636
2024-06-17,FET,,0.0,0.09444444444444446,0.009538545244329583
2024-06-17,FIL,,-0.09000000000000001,0.09444444444444446,0.0022296732070595446
2024-06-17,HBAR,,0.05,0.0,0.027999999999999997
2024-06-17,ICP,,0.0,0.0,0.0
2024-06-17,JST,,0.05,-0.08636363636363636,0.00727272727272727
2024-06-17,JUP,,0.0,0.09444444444444446,0.03965600027204407
2024-06-17,LINK,,-0.09000000000000001,0.0,-0.02120923589621519
2024-06-17,LTC,,0.05,-0.08636363636363636,0.00727272727272727
2024-06-17,LUNC,,-0.09000000000000001,0.05,-0.002259053966742617
2024-06-17,NEAR,,0.05,0.0,0.011782908831230659
2024-06-17,NEXO,,0.0,0.0,-0.01200485969636172
2024-06-17,PEPE,,0.0,0.09444444444444446,0.0002716360050328201
2024-06-17,QNT,,0.0,0.0,0.004212231472407619
2024-06-17,SHIB,,0.0,0.09444444444444446,0.02343890910327473
2024-06-17,SOL,,0.0,0.0,0.016217091168769338
2024-06-17,STX,,-0.05,0.0,-0.05179910781910306
2024-06-17,SUI,,-0.09000000000000001,0.0,-0.007308872037270035
2024-06-17,TAO,,0.05,0.09444444444444446,-0.006689885215950431
2024-06-17,TRX,,0.05,-0.08636363636363636,0.00727272727272727
2024-06-17,UNI,,-0.05,0.05,-0.027794248122741335
2024-06-17,VET,,0.0,0.0,-0.01200485969636172
2024-06-17,WLD,,-0.09000000000000001,0.09444444444444446,-0.00472050872241303
2024-06-17,XLM,,0.0,-0.08636363636363636,-0.0045101815585033905
2024-06-17,XRP,,0.05,-0.08636363636363636,-0.008944363896042069
2024-06-17,ZEC,,0.0,0.0,0.0
2024-06-24,AAVE,,-0.05,-0.08636363636363636,-0.037650784561538975
2024-06-24,ADA,,0.0,-0.08636363636363636,-0.007579793698034812
2024-06-24,ALGO,,-0.05,0.0,-0.014955919008650282
2024-06-24,APT,,0.0,0.0,0.006475623999475393
2024-06-24,ARB,,0.0,0.0,-0.0075601771887992605
2024-06-24,ATOM,,0.08636363636363636,-0.08636363636363636,0.018253157316906583
2024-06-24,AVAX,,-0.05,0.0,-0.00848029500917489
2024-06-24,BCH,,0.0,0.0,0.0
2024-06-24,BNB,,-0.05,-0.05,-0.03919122675762705
2024-06-24,BONK,,-0.05,0.09444444444444446,-0.008216670966955917
2024-06-24,BTC,,0.08636363636363636,-0.08636363636363636,0.012660572953723293
2024-06-24,CAKE,,0.0,0.0,-0.016454274900150122
2024-06-24,CHZ,,0.0,0.05,-0.014167710899363216
2024-06-24,DASH,,0.0,-0.08636363636363636,-0.007579793698034812
2024-06-24,DEXE,,0.0,0.0,-0.009880535385531165
2024-06-24,DOGE,,0.0,0.0,0.005489186325295091
2024-06-24,DOT,,0.0,0.0,0.0
2024-06-24,ENA,,0.05,0.09444444444444446,0.008576819665075786
2024-06-24,ETC,,0.0,0.0,-0.0075601771887992605
2024-06-24,ETH,,0.08636363636363636,-0.08636363636363636,-9.972653768499512e-05
2024-06-24,FET,,0.0,0.09444444444444446,0.01655079955605102
2024-06-24,FIL,,-0.05,0.09444444444444446,-0.0018100308386550332
2024-06-24,HBAR,,0.08636363636363636,0.0,0.03887703200629111
2024-06-24,ICP,,0.0,0.0,0.0
2024-06-24,JST,,0.0,-0.08636363636363636,-0.007683191735923013
2024-06-24,JUP,,-0.05,0.09444444444444446,0.015625399212930758
2024-06-24,LINK,,0.0,0.0,-0.009880535385531165
2024-06-24,LTC,,0.08636363636363636,-0.08636363636363636,0.018149759279018383
2024-06-24,LUNC,,-0.05,0.05,-0.009598642394443751
2024-06-24,NEAR,,0.0,0.0,0.005489186325295091
2024-06-24,NEXO,,0.0,0.0,-0.0055925843631832945
2024-06-24,PEPE,,-0.05,0.09444444444444446,-0.0027222021189161902
2024-06-24,QNT,,0.0,0.0,0.0019623103028713305
2024-06-24,SHIB,,0.08636363636363636,0.09444444444444446,0.04885937457046781
2024-06-24,SOL,,-0.05,0.0,-0.007401024342595656
2024-06-24,STX,,-0.05,0.0,-0.03908705321122302
2024-06-24,SUI,,0.0,0.0,-0.0034049113860557694
2024-06-24,TAO,,0.08636363636363636,0.09444444444444446,0.034823573382193156
2024-06-24,TRX,,0.08636363636363636,-0.08636363636363636,0.018149759279018383
2024-06-24,UNI,,-0.05,0.05,-0.021494468848039724
2024-06-24,VET,,0.0,0.0,-0.0055925843631832945
2024-06-24,WLD,,0.08636363636363636,0.09444444444444446,0.03574102718519895
2024-06-24,XLM,,0.08636363636363636,-0.08636363636363636,0.012660572953723293
2024-06-24,XRP,,0.08636363636363636,-0.08636363636363636,0.01059486461296376
2024-06-24,ZEC,,0.0,0.0,0.0
2024-07-01,AAVE,,-0.05,-0.08636363636363636,-0.04872727272727273
2024-07-01,ADA,,0.0,-0.08636363636363636,-0.02072727272727273
2024-07-01,ALGO,,-0.05,0.0,-0.027999999999999997
2024-07-01,APT,,0.0,0.0,0.0
2024-07-01,ARB,,0.0,0.0,0.0
2024-07-01,ATOM,,0.05,-0.08636363636363636,0.00727272727272727
2024-07-01,AVAX,,-0.05,0.0,-0.027999999999999997
2024-07-01,BCH,,0.0,0.0,0.0
2024-07-01,BNB,,0.05,-0.05,0.015999999999999997
2024-07-01,BONK,,-0.05,0.09444444444444446,-0.005333333333333329
2024-07-01,BTC,,0.05,-0.08636363636363636,0.00727272727272727
2024-07-01,CAKE,,0.0,0.0,0.0
2024-07-01,CHZ,,0.0,0.05,0.012
2024-07-01,DASH,,0.0,-0.08636363636363636,-0.02072727272727273
2024-07-01,DEXE,,-0.05,0.0,-0.027999999999999997
2024-07-01,DOGE,,0.0,0.0,0.0
2024-07-01,DOT,,0.0,0.0,0.0
2024-07-01,ENA,,0.0,0.09444444444444446,0.02266666666666667
2024-07-01,ETC,,0.0,0.0,0.0
2024-07-01,ETH,,0.05,-0.08636363636363636,0.00727272727272727
2024-07-01,FET,,0.0,0.09444444444444446,0.02266666666666667
2024-07-01,FIL,,0.0,0.09444444444444446,0.02266666666666667
2024-07-01,HBAR,,0.05,0.0,0.027999999999999997
2024-07-01,ICP,,0.0,0.0,0.0
2024-07-01,JST,,0.0,-0.08636363636363636,-0.02072727272727273
2024-07-01,JUP,,-0.05,0.09444444444444446,-0.005333333333333329
2024-07-01,LINK,,0.0,0.0,0.0
2024-07-01,LTC,,0.0,-0.08636363636363636,-0.02072727272727273
2024-07-01,LUNC,,-0.05,0.05,-0.015999999999999997
2024-07-01,NEAR,,0.0,0.0,0.0
2024-07-01,NEXO,,0.05,0.0,0.027999999999999997
2024-07-01,PEPE,,-0.05,0.09444444444444446,-0.005333333333333329
2024-07-01,QNT,,0.0,0.0,0.0
2024-07-01,SHIB,,0.05,0.09444444444444446,0.050666666666666665
2024-07-01,SOL,,-0.05,0.0,-0.027999999999999997
2024-07-01,STX,,-0.05,0.0,-0.027999999999999997
2024-07-01,SUI,,0.05,0.0,0.027999999999999997
2024-07-01,TAO,,0.0,0.09444444444444446,0.02266666666666667
2024-07-01,TRX,,0.05,-0.08636363636363636,0.00727272727272727
2024-07-01,UNI,,-0.05,0.05,-0.015999999999999997
2024-07-01,VET,,-0.05,0.0,-0.027999999999999997
2024-07-01,WLD,,0.05,0.09444444444444446,0.050666666666666665
2024-07-01,XLM,,0.05,-0.08636363636363636,0.00727272727272727
2024-07-01,XRP,,0.05,-0.08636363636363636,0.00727272727272727
2024-07-01,ZEC,,0.0,0.0,0.0
2024-07-08,AAVE,,-0.05,-0.08636363636363636,-0.04872727272727273
2024-07-08,ADA,,-0.05,-0.08636363636363636,-0.04572727272727273
2024-07-08,ALGO,,0.0,0.0,-0.0030000000000000027
2024-07-08,APT,,0.0,0.0,0.0
2024-07-08,ARB,,0.0,0.0,0.0
2024-07-08,ATOM,,0.05,-0.08636363636363636,0.00727272727272727
2024-07-08,AVAX,,0.0,0.0,-0.0030000000000000027
2024-07-08,BCH,,-0.05,0.0,-0.024999999999999994
2024-07-08,BNB,,0.05,-0.05,0.015999999999999997
2024-07-08,BONK,,0.0,0.09444444444444446,0.019666666666666666
2024-07-08,BTC,,0.05,-0.08636363636363636,0.00727272727272727
2024-07-08,CAKE,,0.0,0.0,0.0
2024-07-08,CHZ,,0.0,0.05,0.012
2024-07-08,DASH,,0.0,-0.08636363636363636,-0.02072727272727273
2024-07-08,DEXE,,0.0,0.0,-0.0030000000000000027
2024-07-08,DOGE,,0.0,0.0,0.0
2024-07-08,DOT,,0.05,0.0,0.024999999999999994
2024-07-08,ENA,,0.0,0.09444444444444446,0.02266666666666667
2024-07-08,ETC,,0.0,0.0,0.0
2024-07-08,ETH,,0.05,-0.08636363636363636,0.00727272727272727
2024-07-08,FET,,0.0,0.09444444444444446,0.02266666666666667
2024-07-08,FIL,,0.0,0.09444444444444446,0.02266666666666667
2024-07-08,HBAR,,0.05,0.0,0.027999999999999997
2024-07-08,ICP,,-0.05,0.0,-0.024999999999999994
2024-07-08,JST,,0.05,-0.08636363636363636,0.004272727272727268
2024-07-08,JUP,,-0.05,0.09444444444444446,-0.005333333333333329
2024-07-08,LINK,,0.05,0.0,0.024999999999999994
2024-07-08,LTC,,0.0,-0.08636363636363636,-0.02072727272727273
2024-07-08,LUNC,,0.0,0.05,0.008999999999999998
2024-07-08,NEAR,,-0.05,0.0,-0.024999999999999994
2024-07-08,NEXO,,0.0,0.0,0.0030000000000000027
2024-07-08,PEPE,,-0.05,0.09444444444444446,-0.005333333333333329
2024-07-08,QNT,,0.05,0.0,0.024999999999999994
2024-07-08,SHIB,,0.0,0.09444444444444446,0.02566666666666667
2024-07-08,SOL,,0.0,0.0,-0.0030000000000000027
2024-07-08,STX,,-0.05,0.0,-0.027999999999999997
2024-07-08,SUI,,-0.05,0.0,-0.021999999999999992
2024-07-08,TAO,,-0.05,0.09444444444444446,-0.002333333333333326
2024-07-08,TRX,,0.05,-0.08636363636363636,0.00727272727272727
2024-07-08,UNI,,0.05,0.05,0.03399999999999999
2024-07-08,VET,,-0.05,0.0,-0.027999999999999997
2024-07-08,WLD,,0.05,0.09444444444444446,0.050666666666666665
2024-07-08,XLM,,0.0,-0.08636363636363636,-0.017727272727272727
2024-07-08,XRP,,0.0,-0.08636363636363636,-0.017727272727272727
2024-07-08,ZEC,,-0.05,0.0,-0.024999999999999994
2024-07-15,AAVE,,-0.05,0.0,-0.027999999999999997
2024-07-15,ADA,,0.0,-0.08636363636363636,-0.02072727272727273
2024-07-15,ALGO,,0.0,0.0,0.0
2024-07-15,APT,,0.0,0.05,0.012
2024-07-15,ARB,,0.0,0.0,0.0
2024-07-15,ATOM,,0.05,-0.08636363636363636,0.00727272727272727
2024-07-15,AVAX,,0.0,0.0,0.0
2024-07-15,BCH,,0.0,0.0,0.0
2024-07-15,BNB,,0.05,0.0,0.027999999999999997
2024-07-15,BONK,,-0.05,0.05,-0.015999999999999997
2024-07-15,BTC,,0.05,-0.08636363636363636,0.00727272727272727
2024-07-15,CAKE,,0.0,0.0,0.0
2024-07-15,CHZ,,0.05,0.05,0.04
2024-07-15,DASH,,0.0,-0.08636363636363636,-0.02072727272727273
2024-07-15,DEXE,,0.0,0.05,0.012
2024-07-15,DOGE,,0.0,0.0,0.0
2024-07-15,DOT,,0.05,-0.08636363636363636,0.00727272727272727
2024-07-15,ENA,,-0.05,0.05,-0.015999999999999997
2024-07-15,ETC,,0.0,0.0,0.0
2024-07-15,ETH,,0.05,-0.08636363636363636,0.00727272727272727
2024-07-15,FET,,0.0,0.05,0.012
2024-07-15,FIL,,0.0,0.0,0.0
2024-07-15,HBAR,,0.05,0.0,0.027999999999999997
2024-07-15,ICP,,-0.05,0.0,-0.027999999999999997
2024-07-15,JST,,0.05,-0.08636363636363636,0.00727272727272727
2024-07-15,JUP,,-0.05,0.05,-0.015999999999999997
2024-07-15,LINK,,0.05,-0.08636363636363636,0.00727272727272727
2024-07-15,LTC,,0.0,0.0,0.0
2024-07-15,LUNC,,0.0,0.05,0.012
2024-07-15,NEAR,,0.0,0.0,0.0
2024-07-15,NEXO,,0.0,0.0,0.0
2024-07-15,PEPE,,-0.05,0.05,-0.015999999999999997
2024-07-15,QNT,,0.05,-0.08636363636363636,0.00727272727272727
2024-07-15,SHIB,,0.0,0.05,0.012
2024-07-15,SOL,,0.0,0.0,0.0
2024-07-15,STX,,-0.05,0.0,-0.027999999999999997
2024-07-15,SUI,,-0.05,0.0,-0.027999999999999997
2024-07-15,TAO,,-0.05,0.05,-0.015999999999999997
2024-07-15,TRX,,0.05,-0.08636363636363636,0.00727272727272727
2024-07-15,UNI,,0.05,0.0,0.027999999999999997
2024-07-15,VET,,-0.05,0.0,-0.027999999999999997
2024-07-15,WLD,,-0.05,0.05,-0.015999999999999997
2024-07-15,XLM,,0.0,-0.08636363636363636,-0.02072727272727273
2024-07-15,XRP,,0.0,-0.05,-0.012
2024-07-15,ZEC,,-0.05,0.0,-0.027999999999999997
2024-07-22,AAVE,,-0.05,0.0,-0.027999999999999997
2024-07-22,ADA,,0.0,-0.08636363636363636,-0.02072727272727273
2024-07-22,ALGO,,0.0,0.0,0.0
2024-07-22,APT,,0.0,0.05,0.012
2024-07-22,ARB,,0.0,0.0,0.0
2024-07-22,ATOM,,0.05,-0.08636363636363636,0.00727272727272727
2024-07-22,AVAX,,0.0,0.0,0.0
2024-07-22,BCH,,0.0,0.0,0.0
2024-07-22,BNB,,0.05,0.0,0.027999999999999997
2024-07-22,BONK,,-0.05,0.05,-0.015999999999999997
2024-07-22,BTC,,0.05,-0.08636363636363636,0.00727272727272727
2024-07-22,CAKE,,0.0,0.0,0.0
2024-07-22,CHZ,,0.05,0.05,0.04
2024-07-22,DASH,,0.0,-0.08636363636363636,-0.02072727272727273
2024-07-22,DEXE,,0.0,0.05,0.012
2024-07-22,DOGE,,0.0,0.0,0.0
2024-07-22,DOT,,0.05,-0.08636363636363636,0.00727272727272727
2024-07-22,ENA,,-0.05,0.05,-0.015999999999999997
2024-07-22,ETC,,0.0,0.0,0.0
2024-07-22,ETH,,0.05,-0.08636363636363636,0.00727272727272727
2024-07-22,FET,,0.0,0.05,0.012
2024-07-22,FIL,,0.0,0.0,0.0
2024-07-22,HBAR,,0.05,0.0,0.027999999999999997
2024-07-22,ICP,,-0.05,0.0,-0.027999999999999997
2024-07-22,JST,,0.05,-0.08636363636363636,0.00727272727272727
2024-07-22,JUP,,-0.05,0.05,-0.015999999999999997
2024-07-22,LINK,,0.05,-0.08636363636363636,0.00727272727272727
2024-07-22,LTC,,0.0,0.0,0.0
2024-07-22,LUNC,,0.0,0.05,0.012
2024-07-22,NEAR,,0.0,0.0,0.0
2024-07-22,NEXO,,0.0,0.0,0.0
2024-07-22,PEPE,,-0.05,0.05,-0.015999999999999997
2024-07-22,QNT,,0.05,-0.08636363636363636,0.00727272727272727
2024-07-22,SHIB,,0.0,0.05,0.012
2024-07-22,SOL,,0.0,0.0,0.0
2024-07-22,STX,,-0.05,0.0,-0.027999999999999997
2024-07-22,SUI,,-0.05,0.0,-0.027999999999999997
2024-07-22,TAO,,-0.05,0.05,-0.015999999999999997
2024-07-22,TRX,,0.05,-0.08636363636363636,0.00727272727272727
2024-07-22,UNI,,0.05,0.0,0.027999999999999997
2024-07-22,VET,,-0.05,0.0,-0.027999999999999997
2024-07-22,WLD,,-0.05,0.05,-0.015999999999999997
2024-07-22,XLM,,0.0,-0.08636363636363636,-0.02072727272727273
2024-07-22,XRP,,0.0,-0.05,-0.012
2024-07-22,ZEC,,-0.05,0.0,-0.027999999999999997
2024-07-29,AAVE,,0.0,0.0,0.0
2024-07-29,ADA,,0.0,-0.08636363636363636,-0.02072727272727273
2024-07-29,ALGO,,0.0,0.0,0.0
2024-07-29,APT,,0.0,0.05,0.012
2024-07-29,ARB,,0.0,0.0,0.0
2024-07-29,ATOM,,0.05,-0.08636363636363636,0.00727272727272727
2024-07-29,AVAX,,0.0,0.0,0.0
2024-07-29,BCH,,0.0,0.0,0.0
2024-07-29,BNB,,0.05,0.0,0.027999999999999997
2024-07-29,BONK,,-0.05,0.05,-0.015999999999999997
2024-07-29,BTC,,0.05,-0.08636363636363636,0.00727272727272727
2024-07-29,CAKE,,0.0,0.0,0.0
2024-07-29,CHZ,,0.05,0.05,0.04
2024-07-29,DASH,,0.0,-0.08636363636363636,-0.02072727272727273
2024-07-29,DEXE,,0.0,0.05,0.012
2024-07-29,DOGE,,0.0,0.0,0.0
2024-07-29,DOT,,0.05,-0.08636363636363636,0.00727272727272727
2024-07-29,ENA,,-0.05,0.05,-0.015999999999999997
2024-07-29,ETC,,0.0,0.0,0.0
2024-07-29,ETH,,0.05,-0.08636363636363636,0.00727272727272727
2024-07-29,FET,,0.0,0.05,0.012
2024-07-29,FIL,,0.0,0.0,0.0
2024-07-29,HBAR,,0.05,0.0,0.027999999999999997
2024-07-29,ICP,,-0.05,0.0,-0.027999999999999997
2024-07-29,JST,,0.05,-0.08636363636363636,0.00727272727272727
2024-07-29,JUP,,-0.05,0.05,-0.015999999999999997
2024-07-29,LINK,,0.0,-0.08636363636363636,-0.02072727272727273
2024-07-29,LTC,,0.05,0.0,0.027999999999999997
2024-07-29,LUNC,,0.0,0.05,0.012
2024-07-29,NEAR,,-0.05,0.0,-0.027999999999999997
2024-07-29,NEXO,,0.0,0.0,0.0
2024-07-29,PEPE,,-0.05,0.05,-0.015999999999999997
2024-07-29,QNT,,0.05,-0.08636363636363636,0.00727272727272727
2024-07-29,RENDER,,0.0,0.0,0.0
2024-07-29,SHIB,,0.0,0.05,0.012
2024-07-29,SOL,,0.0,0.0,0.0
2024-07-29,STX,,-0.05,0.0,-0.027999999999999997
2024-07-29,SUI,,-0.05,0.0,-0.027999999999999997
2024-07-29,TAO,,-0.05,0.05,-0.015999999999999997
2024-07-29,TRX,,0.05,-0.08636363636363636,0.00727272727272727
2024-07-29,UNI,,0.05,0.0,0.027999999999999997
2024-07-29,VET,,-0.05,0.0,-0.027999999999999997
2024-07-29,WLD,,-0.05,0.05,-0.015999999999999997
2024-07-29,XLM,,0.0,-0.08636363636363636,-0.02072727272727273
2024-07-29,XRP,,0.0,-0.05,-0.012
2024-07-29,ZEC,,-0.05,0.0,-0.027999999999999997
2024-08-05,AAVE,,0.05,0.0,0.027999999999999997
2024-08-05,ADA,,0.05,-0.08636363636363636,0.00727272727272727
2024-08-05,ALGO,,0.05,0.0,0.027999999999999997
2024-08-05,APT,,0.0,0.05,0.012
2024-08-05,ARB,,0.0,0.0,0.0
2024-08-05,ATOM,,0.05,-0.08636363636363636,0.00727272727272727
2024-08-05,AVAX,,-0.05,0.0,-0.027999999999999997
2024-08-05,BCH,,0.0,0.0,0.0
2024-08-05,BNB,,0.0,0.0,0.0
2024-08-05,BONK,,-0.05,0.05,-0.015999999999999997
2024-08-05,BTC,,0.0,-0.08636363636363636,-0.02072727272727273
2024-08-05,CAKE,,0.0,0.0,0.0
2024-08-05,CHZ,,0.0,0.05,0.012
2024-08-05,DASH,,0.0,-0.08636363636363636,-0.02072727272727273
2024-08-05,DEXE,,0.05,0.05,0.04
2024-08-05,DOGE,,0.0,0.0,0.0
2024-08-05,DOT,,0.05,-0.08636363636363636,0.00727272727272727
2024-08-05,ENA,,-0.05,0.05,-0.015999999999999997
2024-08-05,ETC,,0.0,0.0,0.0
2024-08-05,ETH,,0.0,-0.08636363636363636,-0.02072727272727273
2024-08-05,FET,,0.0,0.05,0.012
2024-08-05,FIL,,0.0,0.0,0.0
2024-08-05,HBAR,,0.05,0.0,0.027999999999999997
2024-08-05,ICP,,-0.05,0.0,-0.027999999999999997
2024-08-05,JST,,0.05,-0.08636363636363636,0.00727272727272727
2024-08-05,JUP,,-0.05,0.05,-0.015999999999999997
2024-08-05,LINK,,0.0,-0.08636363636363636,-0.02072727272727273
2024-08-05,LTC,,0.05,0.0,0.027999999999999997
2024-08-05,LUNC,,-0.05,0.05,-0.015999999999999997
2024-08-05,NEAR,,0.0,0.0,0.0
2024-08-05,NEXO,,0.0,0.0,0.0
2024-08-05,PEPE,,-0.05,0.05,-0.015999999999999997
2024-08-05,QNT,,0.0,-0.08636363636363636,-0.02072727272727273
2024-08-05,RENDER,,0.0,0.0,0.0
2024-08-05,SHIB,,0.0,0.05,0.012
2024-08-05,SOL,,-0.05,0.0,-0.027999999999999997
2024-08-05,STX,,0.0,0.0,0.0
2024-08-05,SUI,,-0.05,0.0,-0.027999999999999997
2024-08-05,TAO,,-0.05,0.05,-0.015999999999999997
2024-08-05,TRX,,0.05,-0.08636363636363636,0.00727272727272727
2024-08-05,UNI,,0.05,0.0,0.027999999999999997
2024-08-05,VET,,0.05,0.0,0.027999999999999997
2024-08-05,WLD,,-0.05,0.05,-0.015999999999999997
2024-08-05,XLM,,0.0,-0.08636363636363636,-0.02072727272727273
2024-08-05,XRP,,0.0,-0.05,-0.012
2024-08-05,ZEC,,-0.05,0.0,-0.027999999999999997
2024-08-12,AAVE,,-0.09000000000000001,0.0,-0.01917724288840262
2024-08-12,ADA,,0.05,-0.08636363636363636,0.00727272727272727
2024-08-12,ALGO,,0.0,0.0,0.01115098468271335
2024-08-12,APT,,0.0,0.08636363636363636,0.01725164113785558
2024-08-12,ARB,,0.05,0.0,0.016849015317286647
2024-08-12,ATOM,,0.05,0.0,0.019745374975134268
2024-08-12,AVAX,,0.0,0.0,-0.01115098468271335
2024-08-12,BCH,,0.0,0.0,0.0
2024-08-12,BNB,,0.0,-0.08636363636363636,-0.012472647702407002
2024-08-12,BONK,,0.0,0.08636363636363636,0.006100656455142232
2024-08-12,BTC,,0.05,-0.08636363636363636,-0.0038782574099860793
2024-08-12,CAKE,,-0.09000000000000001,0.0,-0.03032822757111597
2024-08-12,CHZ,,0.05,0.0,0.021628008752735225
2024-08-12,DASH,,-0.09000000000000001,-0.08636363636363636,-0.0510555002983887
2024-08-12,DEXE,,0.0,0.08636363636363636,0.028402625820568933
2024-08-12,DOGE,,0.0,0.0,0.0
2024-08-12,DOT,,0.05,0.0,0.019745374975134268
2024-08-12,ENA,,-0.09000000000000001,0.08636363636363636,-0.02422757111597374
2024-08-12,ETC,,0.05,-0.08636363636363636,0.004376367614879648
2024-08-12,ETH,,0.05,0.0,0.008594390292420921
2024-08-12,FET,,0.0,0.08636363636363636,0.01725164113785558
2024-08-12,FIL,,0.0,0.0,0.0
2024-08-12,HBAR,,0.05,0.0,0.027999999999999997
2024-08-12,ICP,,0.0,0.0,-0.01115098468271335
2024-08-12,JST,,0.05,-0.08636363636363636,0.00727272727272727
2024-08-12,JUP,,-0.09000000000000001,0.08636363636363636,-0.02422757111597374
2024-08-12,LINK,,0.05,0.0,0.008594390292420921
2024-08-12,LTC,,0.0,-0.08636363636363636,-0.0013216630196936537
2024-08-12,LUNC,,-0.09000000000000001,0.0,-0.03670021881838074
2024-08-12,NEAR,,0.0,0.0,0.0
2024-08-12,NEXO,,0.0,0.0,0.0
2024-08-12,PEPE,,-0.09000000000000001,0.08636363636363636,-0.02422757111597374
2024-08-12,QNT,,0.0,0.0,-0.008254625024865727
2024-08-12,RENDER,,0.0,0.0,0.0
2024-08-12,SHIB,,-0.09000000000000001,0.08636363636363636,-0.013076586433260394
2024-08-12,SOL,,0.0,0.08636363636363636,0.0013216630196936537
2024-08-12,STX,,-0.09000000000000001,0.08636363636363636,-0.01785557986870897
2024-08-12,SUI,,-0.05,0.0,-0.027999999999999997
2024-08-12,TAO,,-0.05,0.05,-0.015999999999999997
2024-08-12,TON,,0.0,0.0,0.0
2024-08-12,TRX,,0.05,-0.08636363636363636,0.00727272727272727
2024-08-12,UNI,,0.0,0.0,0.01115098468271335
2024-08-12,VET,,0.0,-0.08636363636363636,-0.0013216630196936537
2024-08-12,WLD,,0.0,0.08636363636363636,0.006100656455142232
2024-08-12,XLM,,0.0,-0.08636363636363636,-0.02072727272727273
2024-08-12,XRP,,0.0,-0.08636363636363636,-0.01725164113785558
2024-08-12,ZEC,,-0.09000000000000001,-0.05,-0.04870021881838074
2024-08-19,AAVE,,0.0,0.0,-0.00713864103989623
2024-08-19,ADA,,0.0,-0.08636363636363636,-0.010304400665826791
2024-08-19,ALGO,,0.0,0.0,0.004150903096680877
2024-08-19,APT,,-0.08636363636363636,0.08636363636363636,-0.010927008962961445
2024-08-19,ARB,,0.0,0.0,0.006271968964765059
2024-08-19,ATOM,,0.05,0.0,0.02492725355180766
2024-08-19,AVAX,,-0.08636363636363636,0.0,-0.034511396808728806
2024-08-19,BCH,,0.0,0.0,0.0
2024-08-19,BNB,,0.05,-0.08636363636363636,-7.739834052632871e-05
2024-08-19,BONK,,0.0,0.08636363636363636,0.015282581652405605
2024-08-19,BTC,,0.05,-0.08636363636363636,0.003121824176046394
2024-08-19,CAKE,,0.0,0.0,-0.011289544136577106
2024-08-19,CHZ,,0.0,0.0,0.008050927434771149
2024-08-19,DASH,,0.05,-0.08636363636363636,-0.01443968892529577
2024-08-19,DEXE,,0.0,0.08636363636363636,0.02358438784576736
2024-08-19,DOGE,,0.0,0.0,0.0
2024-08-19,DOT,,0.05,0.0,0.02492725355180766
2024-08-19,ENA,,-0.08636363636363636,0.08636363636363636,-0.02636745619621943
2024-08-19,ETC,,0.05,-0.08636363636363636,0.006194570624238731
2024-08-19,ETH,,0.05,0.0,0.020776350455126782
2024-08-19,FET,,-0.05,0.08636363636363636,0.0018563568105324172
2024-08-19,FIL,,0.0,0.0,0.0
2024-08-19,HBAR,,0.0,0.0,0.010422872061445935
2024-08-19,ICP,,0.0,0.0,-0.004150903096680877
2024-08-19,JST,,0.0,-0.08636363636363636,-0.010304400665826791
2024-08-19,JUP,,0.0,0.08636363636363636,0.003993037515828496
2024-08-19,LINK,,0.0,0.0,0.003199222516572721
2024-08-19,LTC,,0.05,-0.08636363636363636,0.004073504756154548
2024-08-19,LUNC,,0.0,0.0,-0.013661488763251892
2024-08-19,NEAR,,-0.08636363636363636,0.0,-0.030360493712047923
2024-08-19,NEXO,,0.05,0.0,0.017577127938554062
2024-08-19,PEPE,,-0.08636363636363636,0.08636363636363636,-0.02636745619621943
2024-08-19,QNT,,0.0,0.0,-0.0030727464481923377
2024-08-19,RENDER,,-0.08636363636363636,0.0,-0.030360493712047923
2024-08-19,SHIB,,0.0,0.08636363636363636,0.008143940612509372
2024-08-19,SOL,,0.0,0.08636363636363636,0.013503623182399515
2024-08-19,STX,,-0.08636363636363636,0.08636363636363636,-0.023995511569544645
2024-08-19,SUI,,-0.08636363636363636,0.0,-0.04078336577349386
2024-08-19,TAO,,-0.08636363636363636,0.05,-0.028783365773493864
2024-08-19,TON,,0.0,0.0,0.0
2024-08-19,TRX,,0.0,-0.08636363636363636,-0.010304400665826791
2024-08-19,UNI,,0.05,0.0,0.02172803103523494
2024-08-19,VET,,0.0,-0.08636363636363636,-0.013503623182399515
2024-08-19,WLD,,-0.08636363636363636,0.08636363636363636,-0.015077912059642321
2024-08-19,XLM,,0.05,-0.08636363636363636,-0.0031501447887186673
2024-08-19,XRP,,0.05,-0.08636363636363636,-0.0018563568105324172
2024-08-19,ZEC,,-0.08636363636363636,-0.05,-0.05602198247529982
2024-08-26,AAVE,,0.0,0.0,0.0
2024-08-26,ADA,,0.0,-0.08636363636363636,-0.02072727272727273
2024-08-26,ALGO,,0.0,0.0,0.0
2024-08-26,APT,,-0.08636363636363636,0.08636363636363636,-0.027636363636363633
2024-08-26,ARB,,0.0,0.0,0.0
2024-08-26,ATOM,,0.05,0.0,0.027999999999999997
2024-08-26,AVAX,,-0.08636363636363636,0.0,-0.04836363636363636
2024-08-26,BCH,,0.05,0.0,0.027999999999999997
2024-08-26,BNB,,0.05,-0.08636363636363636,0.00727272727272727
2024-08-26,BONK,,0.0,0.08636363636363636,0.02072727272727273
2024-08-26,BTC,,0.05,-0.08636363636363636,0.00727272727272727
2024-08-26,CAKE,,0.0,0.0,0.0
2024-08-26,CHZ,,0.0,0.0,0.0
2024-08-26,DASH,,0.05,-0.08636363636363636,0.00727272727272727
2024-08-26,DEXE,,0.0,0.08636363636363636,0.02072727272727273
2024-08-26,DOGE,,0.0,0.0,0.0
2024-08-26,DOT,,0.0,0.0,0.0
2024-08-26,ENA,,-0.08636363636363636,0.08636363636363636,-0.027636363636363633
2024-08-26,ETC,,0.05,-0.08636363636363636,0.00727272727272727
2024-08-26,ETH,,0.05,0.0,0.027999999999999997
2024-08-26,FET,,-0.05,0.08636363636363636,-0.00727272727272727
2024-08-26,FIL,,0.0,0.0,0.0
2024-08-26,HBAR,,0.0,0.0,0.0
2024-08-26,ICP,,0.0,0.0,0.0
2024-08-26,JST,,0.0,-0.08636363636363636,-0.02072727272727273
2024-08-26,JUP,,0.0,0.08636363636363636,0.02072727272727273
2024-08-26,LINK,,0.0,0.0,0.0
2024-08-26,LTC,,0.05,-0.08636363636363636,0.00727272727272727
2024-08-26,LUNC,,0.0,0.0,0.0
2024-08-26,NEAR,,-0.08636363636363636,0.0,-0.04836363636363636
2024-08-26,NEXO,,0.05,0.0,0.027999999999999997
2024-08-26,PEPE,,-0.08636363636363636,0.08636363636363636,-0.027636363636363633
2024-08-26,QNT,,0.05,0.0,0.027999999999999997
2024-08-26,RENDER,,-0.08636363636363636,0.0,-0.04836363636363636
2024-08-26,SHIB,,0.0,0.08636363636363636,0.02072727272727273
2024-08-26,SOL,,0.0,0.08636363636363636,0.02072727272727273
2024-08-26,STX,,-0.08636363636363636,0.08636363636363636,-0.027636363636363633
2024-08-26,SUI,,-0.08636363636363636,0.0,-0.04836363636363636
2024-08-26,TAO,,-0.08636363636363636,0.05,-0.03636363636363636
2024-08-26,TON,,0.0,0.0,0.0
2024-08-26,TRX,,0.0,-0.08636363636363636,-0.02072727272727273
2024-08-26,UNI,,0.05,0.0,0.027999999999999997
2024-08-26,VET,,0.0,-0.08636363636363636,-0.02072727272727273
2024-08-26,WLD,,-0.08636363636363636,0.08636363636363636,-0.027636363636363633
2024-08-26,XLM,,0.0,-0.08636363636363636,-0.02072727272727273
2024-08-26,XRP,,0.05,-0.08636363636363636,0.00727272727272727
2024-08-26,ZEC,,-0.08636363636363636,-0.05,-0.060363636363636355
2024-09-02,AAVE,,0.0,0.0,0.0
2024-09-02,ADA,,0.0,-0.08636363636363636,-0.02072727272727273
2024-09-02,ALGO,,0.0,0.0,0.0
2024-09-02,APT,,-0.08636363636363636,0.08636363636363636,-0.027636363636363633
2024-09-02,ARB,,0.0,0.0,0.0
2024-09-02,ATOM,,0.0,0.0,0.0
2024-09-02,AVAX,,-0.08636363636363636,0.0,-0.04836363636363636
2024-09-02,BCH,,0.05,0.0,0.027999999999999997
2024-09-02,BNB,,0.05,-0.08636363636363636,0.00727272727272727
2024-09-02,BONK,,0.0,0.08636363636363636,0.02072727272727273
2024-09-02,BTC,,0.05,-0.08636363636363636,0.00727272727272727
2024-09-02,CAKE,,0.0,0.0,0.0
2024-09-02,CHZ,,0.0,0.0,0.0
2024-09-02,DASH,,0.05,-0.08636363636363636,0.00727272727272727
2024-09-02,DEXE,,0.0,0.08636363636363636,0.02072727272727273
2024-09-02,DOGE,,0.0,0.0,0.0
2024-09-02,DOT,,0.05,0.0,0.027999999999999997
2024-09-02,ENA,,-0.08636363636363636,0.08636363636363636,-0.027636363636363633
2024-09-02,ETC,,0.05,-0.08636363636363636,0.00727272727272727
2024-09-02,ETH,,0.05,0.0,0.027999999999999997
2024-09-02,FET,,-0.05,0.08636363636363636,-0.00727272727272727
2024-09-02,FIL,,0.0,0.0,0.0
2024-09-02,HBAR,,0.0,0.0,0.0
2024-09-02,ICP,,0.0,0.0,0.0
2024-09-02,JST,,0.0,-0.08636363636363636,-0.02072727272727273
2024-09-02,JUP,,0.0,0.08636363636363636,0.02072727272727273
2024-09-02,LINK,,0.0,0.0,0.0
2024-09-02,LTC,,0.05,-0.08636363636363636,0.00727272727272727
2024-09-02,LUNC,,-0.08636363636363636,0.0,-0.04836363636363636
2024-09-02,NEAR,,-0.08636363636363636,0.0,-0.04836363636363636
2024-09-02,NEXO,,0.05,0.0,0.027999999999999997
2024-09-02,PEPE,,-0.08636363636363636,0.08636363636363636,-0.027636363636363633
2024-09-02,QNT,,0.0,0.0,0.0
2024-09-02,RENDER,,-0.08636363636363636,0.0,-0.04836363636363636
2024-09-02,SHIB,,0.0,0.08636363636363636,0.02072727272727273
2024-09-02,SOL,,0.0,0.08636363636363636,0.02072727272727273
2024-09-02,STX,,-0.08636363636363636,0.08636363636363636,-0.027636363636363633
2024-09-02,SUI,,-0.08636363636363636,0.0,-0.04836363636363636
2024-09-02,TAO,,-0.08636363636363636,0.05,-0.03636363636363636
2024-09-02,TON,,0.0,0.0,0.0
2024-09-02,TRX,,0.0,-0.08636363636363636,-0.02072727272727273
2024-09-02,UNI,,0.0,0.0,0.0
2024-09-02,VET,,0.0,-0.08636363636363636,-0.02072727272727273
2024-09-02,WLD,,-0.08636363636363636,0.08636363636363636,-0.027636363636363633
2024-09-02,XLM,,0.05,-0.08636363636363636,0.00727272727272727
2024-09-02,XRP,,0.05,-0.08636363636363636,0.00727272727272727
2024-09-02,ZEC,,0.05,-0.05,0.015999999999999997
2024-09-09,AAVE,,0.0,-0.05,-0.012
2024-09-09,ADA,,0.0,-0.05,-0.012
2024-09-09,ALGO,,0.0,0.0,0.0
2024-09-09,APT,,-0.08636363636363636,0.08636363636363636,-0.027636363636363633
2024-09-09,ARB,,0.0,0.0,0.0
2024-09-09,ATOM,,0.0,0.0,0.0
2024-09-09,AVAX,,-0.08636363636363636,0.0,-0.04836363636363636
2024-09-09,BCH,,0.05,0.0,0.027999999999999997
2024-09-09,BNB,,0.05,-0.05,0.015999999999999997
2024-09-09,BONK,,0.0,0.08636363636363636,0.02072727272727273
2024-09-09,BTC,,0.05,-0.05,0.015999999999999997
2024-09-09,CAKE,,0.0,0.0,0.0
2024-09-09,CHZ,,0.0,0.0,0.0
2024-09-09,DASH,,0.05,-0.05,0.015999999999999997
2024-09-09,DEXE,,0.0,0.0,0.0
2024-09-09,DOGE,,0.0,0.0,0.0
2024-09-09,DOT,,0.05,0.0,0.027999999999999997
2024-09-09,ENA,,-0.08636363636363636,0.08636363636363636,-0.027636363636363633
2024-09-09,ETC,,0.05,-0.05,0.015999999999999997
2024-09-09,ETH,,0.05,0.0,0.027999999999999997
2024-09-09,FET,,-0.05,0.05,-0.015999999999999997
2024-09-09,FIL,,0.0,0.0,0.0
2024-09-09,HBAR,,0.0,0.0,0.0
2024-09-09,ICP,,0.0,0.0,0.0
2024-09-09,JST,,0.0,-0.05,-0.012
2024-09-09,JUP,,0.0,0.08636363636363636,0.02072727272727273
2024-09-09,LINK,,0.0,0.0,0.0
2024-09-09,LTC,,0.05,-0.05,0.015999999999999997
2024-09-09,LUNC,,-0.08636363636363636,0.0,-0.04836363636363636
2024-09-09,NEAR,,-0.08636363636363636,0.0,-0.04836363636363636
2024-09-09,NEXO,,0.05,0.0,0.027999999999999997
2024-09-09,PEPE,,-0.08636363636363636,0.08636363636363636,-0.027636363636363633
2024-09-09,QNT,,0.0,-0.05,-0.012
2024-09-09,RENDER,,-0.08636363636363636,0.08636363636363636,-0.027636363636363633
2024-09-09,SHIB,,0.0,0.0,0.0
2024-09-09,SOL,,0.0,0.08636363636363636,0.02072727272727273
2024-09-09,STX,,-0.08636363636363636,0.08636363636363636,-0.027636363636363633
2024-09-09,SUI,,-0.08636363636363636,0.08636363636363636,-0.027636363636363633
2024-09-09,TAO,,-0.08636363636363636,0.08636363636363636,-0.027636363636363633
2024-09-09,TON,,0.0,0.0,0.0
2024-09-09,TRX,,0.0,-0.05,-0.012
2024-09-09,UNI,,0.0,0.0,0.0
2024-09-09,VET,,0.0,0.0,0.0
2024-09-09,WLD,,-0.08636363636363636,0.08636363636363636,-0.027636363636363633
2024-09-09,XLM,,0.05,-0.05,0.015999999999999997
2024-09-09,XRP,,0.05,-0.05,0.015999999999999997
2024-09-09,ZEC,,0.05,0.0,0.027999999999999997
2024-09-16,AAVE,,0.0,-0.05,-0.012
2024-09-16,ADA,,0.05,-0.05,0.013781249999999995
2024-09-16,ALGO,,0.05,0.0,0.025781249999999995
2024-09-16,APT,,-0.09000000000000001,0.08636363636363636,-0.029511363636363638
2024-09-16,ARB,,-0.09000000000000001,0.0,-0.046406249999999996
2024-09-16,ATOM,,0.0,0.0,0.0
2024-09-16,AVAX,,-0.09000000000000001,0.0,-0.05023863636363636
2024-09-16,BCH,,0.0,0.0,0.002218750000000002
2024-09-16,BNB,,0.0,-0.05,-0.009781249999999998
2024-09-16,BONK,,0.0,0.08636363636363636,0.02072727272727273
2024-09-16,BTC,,0.0,-0.05,-0.009781249999999998
2024-09-16,CAKE,,0.0,0.0,0.0
2024-09-16,CHZ,,0.0,0.0,0.0
2024-09-16,DASH,,0.05,-0.05,0.015999999999999997
2024-09-16,DEXE,,-0.09000000000000001,0.0,-0.046406249999999996
2024-09-16,DOGE,,0.0,0.0,0.0
2024-09-16,DOT,,0.05,0.0,0.027999999999999997
2024-09-16,ENA,,-0.09000000000000001,0.08636363636363636,-0.029511363636363638
2024-09-16,ETC,,0.05,-0.05,0.015999999999999997
2024-09-16,ETH,,0.0,0.0,0.002218750000000002
2024-09-16,FET,,-0.09000000000000001,0.05,-0.036625000000000005
2024-09-16,FIL,,0.0,0.0,0.0
2024-09-16,HBAR,,0.0,0.0,0.0
2024-09-16,ICP,,0.0,0.0,0.0
2024-09-16,JST,,0.05,-0.05,0.013781249999999995
2024-09-16,JUP,,-0.09000000000000001,0.08636363636363636,-0.025678977272727267
2024-09-16,LINK,,0.05,0.0,0.025781249999999995
2024-09-16,LTC,,0.05,-0.05,0.015999999999999997
2024-09-16,LUNC,,0.0,0.0,-0.003832386363636364
2024-09-16,NEAR,,-0.09000000000000001,0.0,-0.05023863636363636
2024-09-16,NEXO,,0.05,0.0,0.027999999999999997
2024-09-16,PEPE,,-0.09000000000000001,0.08636363636363636,-0.029511363636363638
2024-09-16,POL,,0.0,0.0,0.0
2024-09-16,QNT,,0.0,-0.05,-0.012
2024-09-16,RENDER,,-0.09000000000000001,0.08636363636363636,-0.029511363636363638
2024-09-16,SHIB,,0.0,0.0,0.0
2024-09-16,SOL,,0.0,0.08636363636363636,0.02072727272727273
2024-09-16,STX,,0.0,0.08636363636363636,0.016894886363636362
2024-09-16,SUI,,-0.05,0.08636363636363636,-0.008886363636363637
2024-09-16,TAO,,-0.05,0.08636363636363636,-0.008886363636363637
2024-09-16,TON,,0.0,0.0,0.0
2024-09-16,TRX,,0.05,-0.05,0.013781249999999995
2024-09-16,UNI,,0.0,0.0,0.0
2024-09-16,VET,,0.0,0.0,0.0
2024-09-16,WLD,,0.0,0.08636363636363636,0.016894886363636362
2024-09-16,XLM,,0.05,-0.05,0.015999999999999997
2024-09-16,XRP,,0.05,-0.05,0.015999999999999997
2024-09-16,ZEC,,0.0,0.0,0.002218750000000002
2024-09-23,AAVE,,0.0,-0.05,-0.012
2024-09-23,ADA,,0.0,-0.05,-0.012
2024-09-23,ALGO,,0.05,0.0,0.027999999999999997
2024-09-23,APT,,-0.08636363636363636,0.08636363636363636,-0.027636363636363633
2024-09-23,ARB,,0.0,0.0,0.0
2024-09-23,ATOM,,0.0,0.0,0.0
2024-09-23,AVAX,,0.0,0.0,0.0
2024-09-23,BCH,,0.05,0.0,0.027999999999999997
2024-09-23,BNB,,0.0,-0.05,-0.012
2024-09-23,BONK,,-0.08636363636363636,0.08636363636363636,-0.027636363636363633
2024-09-23,BTC,,0.05,-0.05,0.015999999999999997
2024-09-23,CAKE,,0.0,0.0,0.0
2024-09-23,CHZ,,-0.08636363636363636,0.0,-0.04836363636363636
2024-09-23,DASH,,0.05,-0.05,0.015999999999999997
2024-09-23,DEXE,,0.0,0.0,0.0
2024-09-23,DOGE,,0.0,0.0,0.0
2024-09-23,DOT,,0.0,0.0,0.0
2024-09-23,ENA,,-0.08636363636363636,0.08636363636363636,-0.027636363636363633
2024-09-23,ETC,,0.05,-0.05,0.015999999999999997
2024-09-23,ETH,,0.0,0.0,0.0
2024-09-23,FET,,-0.08636363636363636,0.05,-0.03636363636363636
2024-09-23,FIL,,0.0,0.0,0.0
2024-09-23,HBAR,,0.0,0.0,0.0
2024-09-23,ICP,,0.0,0.0,0.0
2024-09-23,JST,,0.05,-0.05,0.015999999999999997
2024-09-23,JUP,,0.0,0.08636363636363636,0.02072727272727273
2024-09-23,LINK,,0.0,0.0,0.0
2024-09-23,LTC,,0.05,-0.05,0.015999999999999997
2024-09-23,LUNC,,0.0,0.0,0.0
2024-09-23,NEAR,,-0.08636363636363636,0.0,-0.04836363636363636
2024-09-23,NEXO,,0.05,0.0,0.027999999999999997
2024-09-23,PEPE,,-0.08636363636363636,0.08636363636363636,-0.027636363636363633
2024-09-23,POL,,0.0,0.0,0.0
2024-09-23,QNT,,0.0,-0.05,-0.012
2024-09-23,RENDER,,-0.08636363636363636,0.08636363636363636,-0.027636363636363633
2024-09-23,SHIB,,-0.08636363636363636,0.0,-0.04836363636363636
2024-09-23,SOL,,0.0,0.08636363636363636,0.02072727272727273
2024-09-23,STX,,0.0,0.08636363636363636,0.02072727272727273
2024-09-23,SUI,,-0.08636363636363636,0.08636363636363636,-0.027636363636363633
2024-09-23,TAO,,-0.05,0.08636363636363636,-0.00727272727272727
2024-09-23,TON,,0.0,0.0,0.0
2024-09-23,TRX,,0.05,-0.05,0.015999999999999997
2024-09-23,UNI,,0.0,0.0,0.0
2024-09-23,VET,,0.0,0.0,0.0
2024-09-23,WLD,,-0.08636363636363636,0.08636363636363636,-0.027636363636363633
2024-09-23,XLM,,0.05,-0.05,0.015999999999999997
2024-09-23,XRP,,0.05,-0.05,0.015999999999999997
2024-09-23,ZEC,,0.05,0.0,0.027999999999999997
2024-09-30,AAVE,,0.0,-0.05,-0.012
2024-09-30,ADA,,0.0,-0.05,-0.012
2024-09-30,ALGO,,0.08636363636363636,0.0,0.04836363636363636
2024-09-30,APT,,-0.08636363636363636,0.08636363636363636,-0.027636363636363633
2024-09-30,ARB,,0.0,0.0,0.0
2024-09-30,ATOM,,0.0,0.0,0.0
2024-09-30,AVAX,,0.0,0.0,0.0
2024-09-30,BCH,,0.08636363636363636,0.0,0.04836363636363636
2024-09-30,BNB,,0.0,-0.05,-0.012
2024-09-30,BONK,,-0.08636363636363636,0.08636363636363636,-0.027636363636363633
2024-09-30,BTC,,0.08636363636363636,-0.05,0.03636363636363636
2024-09-30,CAKE,,0.0,0.0,0.0
2024-09-30,CHZ,,-0.08636363636363636,0.0,-0.04836363636363636
2024-09-30,DASH,,0.08636363636363636,-0.05,0.03636363636363636
2024-09-30,DEXE,,0.0,0.0,0.0
2024-09-30,DOGE,,0.0,0.0,0.0
2024-09-30,DOT,,0.0,0.0,0.0
2024-09-30,ENA,,-0.05,0.08636363636363636,-0.00727272727272727
2024-09-30,ETC,,0.08636363636363636,-0.05,0.03636363636363636
2024-09-30,ETH,,0.0,0.0,0.0
2024-09-30,FET,,-0.08636363636363636,0.05,-0.03636363636363636
2024-09-30,FIL,,0.0,0.0,0.0
2024-09-30,HBAR,,0.0,0.0,0.0
2024-09-30,ICP,,0.0,0.0,0.0
2024-09-30,JST,,0.08636363636363636,-0.05,0.03636363636363636
2024-09-30,JUP,,0.0,0.08636363636363636,0.02072727272727273
2024-09-30,LINK,,0.0,0.0,0.0
2024-09-30,LTC,,0.08636363636363636,-0.05,0.03636363636363636
2024-09-30,LUNC,,0.0,0.0,0.0
2024-09-30,NEAR,,-0.08636363636363636,0.0,-0.04836363636363636
2024-09-30,NEXO,,0.0,0.0,0.0
2024-09-30,PEPE,,-0.08636363636363636,0.08636363636363636,-0.027636363636363633
2024-09-30,POL,,0.0,0.0,0.0
2024-09-30,QNT,,0.08636363636363636,-0.05,0.03636363636363636
2024-09-30,RENDER,,-0.08636363636363636,0.08636363636363636,-0.027636363636363633
2024-09-30,SHIB,,-0.08636363636363636,0.0,-0.04836363636363636
2024-09-30,SOL,,0.0,0.08636363636363636,0.02072727272727273
2024-09-30,STX,,0.0,0.08636363636363636,0.02072727272727273
2024-09-30,SUI,,-0.08636363636363636,0.08636363636363636,-0.027636363636363633
2024-09-30,TAO,,-0.08636363636363636,0.08636363636363636,-0.027636363636363633
2024-09-30,TON,,0.0,0.0,0.0
2024-09-30,TRX,,0.08636363636363636,-0.05,0.03636363636363636
2024-09-30,UNI,,0.0,0.0,0.0
2024-09-30,VET,,0.0,0.0,0.0
2024-09-30,WLD,,-0.08636363636363636,0.08636363636363636,-0.027636363636363633
2024-09-30,XLM,,0.08636363636363636,-0.05,0.03636363636363636
2024-09-30,XRP,,0.05,-0.05,0.015999999999999997
2024-09-30,ZEC,,0.08636363636363636,0.0,0.04836363636363636
2024-10-07,AAVE,,0.0,-0.05,-0.012
2024-10-07,ADA,,0.0,0.0,0.0
2024-10-07,ALGO,,0.05,0.0,0.027999999999999997
2024-10-07,APT,,-0.08636363636363636,0.0,-0.04836363636363636
2024-10-07,ARB,,0.0,0.0,0.0
2024-10-07,ATOM,,0.0,0.0,0.0
2024-10-07,AVAX,,0.0,0.0,0.0
2024-10-07,BCH,,0.05,0.0,0.027999999999999997
2024-10-07,BNB,,0.05,-0.05,0.015999999999999997
2024-10-07,BONK,,-0.08636363636363636,0.08636363636363636,-0.027636363636363633
2024-10-07,BTC,,0.05,-0.05,0.015999999999999997
2024-10-07,CAKE,,0.0,0.0,0.0
2024-10-07,CHZ,,-0.08636363636363636,0.0,-0.04836363636363636
2024-10-07,DASH,,0.05,-0.05,0.015999999999999997
2024-10-07,DEXE,,0.0,0.0,0.0
2024-10-07,DOGE,,0.0,0.0,0.0
2024-10-07,DOT,,0.0,0.0,0.0
2024-10-07,ENA,,-0.05,0.05,-0.015999999999999997
2024-10-07,ETC,,0.05,-0.05,0.015999999999999997
2024-10-07,ETH,,0.0,-0.05,-0.012
2024-10-07,FET,,-0.08636363636363636,0.0,-0.04836363636363636
2024-10-07,FIL,,0.0,0.0,0.0
2024-10-07,HBAR,,0.0,0.0,0.0
2024-10-07,ICP,,0.0,0.0,0.0
2024-10-07,JST,,0.05,-0.05,0.015999999999999997
2024-10-07,JUP,,0.0,0.08636363636363636,0.02072727272727273
2024-10-07,LINK,,0.0,0.0,0.0
2024-10-07,LTC,,0.0,-0.05,-0.012
2024-10-07,LUNC,,0.0,0.08636363636363636,0.02072727272727273
2024-10-07,NEAR,,-0.08636363636363636,0.08636363636363636,-0.027636363636363633
2024-10-07,NEXO,,0.0,-0.05,-0.012
2024-10-07,PEPE,,-0.08636363636363636,0.08636363636363636,-0.027636363636363633
2024-10-07,POL,,0.05,0.0,0.027999999999999997
2024-10-07,QNT,,0.05,-0.05,0.015999999999999997
2024-10-07,RENDER,,0.0,0.08636363636363636,0.02072727272727273
2024-10-07,SHIB,,-0.08636363636363636,0.0,-0.04836363636363636
2024-10-07,SOL,,0.0,0.0,0.0
2024-10-07,STX,,0.0,0.08636363636363636,0.02072727272727273
2024-10-07,SUI,,-0.08636363636363636,0.08636363636363636,-0.027636363636363633
2024-10-07,TAO,,-0.08636363636363636,0.08636363636363636,-0.027636363636363633
2024-10-07,TON,,0.05,0.0,0.027999999999999997
2024-10-07,TRX,,0.05,-0.05,0.015999999999999997
2024-10-07,UNI,,0.0,0.0,0.0
2024-10-07,VET,,0.0,0.0,0.0
2024-10-07,WLD,,-0.08636363636363636,0.08636363636363636,-0.027636363636363633
2024-10-07,XLM,,0.05,-0.05,0.015999999999999997
2024-10-07,XRP,,0.0,0.0,0.0
2024-10-07,ZEC,,-0.08636363636363636,0.08636363636363636,-0.027636363636363633
2024-10-14,AAVE,,0.05,-0.05,0.015999999999999997
2024-10-14,ADA,,0.0,0.0,0.0
2024-10-14,ALGO,,0.0,0.0,0.0
2024-10-14,APT,,0.0,0.0,0.0
2024-10-14,ARB,,0.0,0.0,0.0
2024-10-14,ATOM,,0.0,0.0,0.0
2024-10-14,AVAX,,0.0,0.0,0.0
2024-10-14,BCH,,0.0,0.0,0.0
2024-10-14,BNB,,0.05,-0.05,0.015999999999999997
2024-10-14,BONK,,-0.08636363636363636,0.08636363636363636,-0.027636363636363633
2024-10-14,BTC,,0.0,-0.05,-0.012
2024-10-14,CAKE,,0.0,0.0,0.0
2024-10-14,CHZ,,-0.08636363636363636,0.0,-0.04836363636363636
2024-10-14,DASH,,0.05,-0.05,0.015999999999999997
2024-10-14,DEXE,,0.05,0.0,0.027999999999999997
2024-10-14,DOGE,,-0.08636363636363636,0.0,-0.04836363636363636
2024-10-14,DOT,,0.0,0.0,0.0
2024-10-14,ENA,,-0.05,0.05,-0.015999999999999997
2024-10-14,ETC,,0.0,-0.05,-0.012
2024-10-14,ETH,,0.0,-0.05,-0.012
2024-10-14,FET,,0.05,0.0,0.027999999999999997
2024-10-14,FIL,,0.0,0.0,0.0
2024-10-14,HBAR,,0.0,0.0,0.0
2024-10-14,ICP,,0.0,0.0,0.0
2024-10-14,JST,,0.05,-0.05,0.015999999999999997
2024-10-14,JUP,,-0.08636363636363636,0.08636363636363636,-0.027636363636363633
2024-10-14,LINK,,0.0,0.0,0.0
2024-10-14,LTC,,0.0,-0.05,-0.012
2024-10-14,LUNC,,0.0,0.08636363636363636,0.02072727272727273
2024-10-14,NEAR,,-0.08636363636363636,0.08636363636363636,-0.027636363636363633
2024-10-14,NEXO,,0.05,-0.05,0.015999999999999997
2024-10-14,PEPE,,-0.08636363636363636,0.08636363636363636,-0.027636363636363633
2024-10-14,POL,,0.05,0.0,0.027999999999999997
2024-10-14,QNT,,0.05,-0.05,0.015999999999999997
2024-10-14,RENDER,,0.0,0.08636363636363636,0.02072727272727273
2024-10-14,SHIB,,-0.08636363636363636,0.0,-0.04836363636363636
2024-10-14,SOL,,0.0,0.0,0.0
2024-10-14,STX,,0.0,0.08636363636363636,0.02072727272727273
2024-10-14,SUI,,-0.08636363636363636,0.08636363636363636,-0.027636363636363633
2024-10-14,TAO,,-0.08636363636363636,0.08636363636363636,-0.027636363636363633
2024-10-14,TON,,0.05,0.0,0.027999999999999997
2024-10-14,TRX,,0.05,-0.05,0.015999999999999997
2024-10-14,UNI,,0.0,0.0,0.0
2024-10-14,VET,,0.0,0.0,0.0
2024-10-14,WLD,,-0.08636363636363636,0.08636363636363636,-0.027636363636363633
2024-10-14,XLM,,0.05,-0.05,0.015999999999999997
2024-10-14,XRP,,0.0,0.0,0.0
2024-10-14,ZEC,,-0.08636363636363636,0.08636363636363636,-0.027636363636363633
2024-10-21,AAVE,,0.05,-0.05,0.015999999999999997
2024-10-21,ADA,,0.05,0.0,0.027999999999999997
2024-10-21,ALGO,,0.0,0.0,0.0
2024-10-21,APT,,-0.05,0.0,-0.027999999999999997
2024-10-21,ARB,,-0.05,0.0,-0.027999999999999997
2024-10-21,ATOM,,0.05,0.0,0.027999999999999997
2024-10-21,AVAX,,0.0,0.0,0.0
2024-10-21,BCH,,-0.05,0.0,-0.027999999999999997
2024-10-21,BNB,,0.05,-0.05,0.015999999999999997
2024-10-21,BONK,,-0.05,0.08636363636363636,-0.00727272727272727
2024-10-21,BTC,,0.0,-0.05,-0.012
2024-10-21,CAKE,,0.0,0.0,0.0
2024-10-21,CHZ,,-0.05,0.0,-0.027999999999999997
2024-10-21,DASH,,0.05,-0.05,0.015999999999999997
2024-10-21,DEXE,,0.0,0.0,0.0
2024-10-21,DOGE,,-0.05,0.0,-0.027999999999999997
2024-10-21,DOT,,0.0,0.0,0.0
2024-10-21,ENA,,-0.05,0.05,-0.015999999999999997
2024-10-21,ETC,,0.0,-0.05,-0.012
2024-10-21,ETH,,0.0,-0.05,-0.012
2024-10-21,FET,,0.05,0.0,0.027999999999999997
2024-10-21,FIL,,0.0,0.0,0.0
2024-10-21,HBAR,,0.0,0.0,0.0
2024-10-21,ICP,,0.0,0.0,0.0
2024-10-21,JST,,0.05,-0.05,0.015999999999999997
2024-10-21,JUP,,-0.05,0.08636363636363636,-0.00727272727272727
2024-10-21,LINK,,0.0,0.0,0.0
2024-10-21,LTC,,0.0,-0.05,-0.012
2024-10-21,LUNC,,0.0,0.08636363636363636,0.02072727272727273
2024-10-21,NEAR,,0.0,0.08636363636363636,0.02072727272727273
2024-10-21,NEXO,,0.05,-0.05,0.015999999999999997
2024-10-21,PEPE,,-0.05,0.08636363636363636,-0.00727272727272727
2024-10-21,POL,,0.0,0.0,0.0
2024-10-21,QNT,,0.05,-0.05,0.015999999999999997
2024-10-21,RENDER,,0.0,0.08636363636363636,0.02072727272727273
2024-10-21,SHIB,,0.0,0.0,0.0
2024-10-21,SOL,,0.0,0.0,0.0
2024-10-21,STX,,0.0,0.08636363636363636,0.02072727272727273
2024-10-21,SUI,,-0.05,0.08636363636363636,-0.00727272727272727
2024-10-21,TAO,,0.0,0.08636363636363636,0.02072727272727273
2024-10-21,TON,,0.05,0.0,0.027999999999999997
2024-10-21,TRX,,0.05,-0.05,0.015999999999999997
2024-10-21,UNI,,0.0,0.0,0.0
2024-10-21,VET,,0.0,0.0,0.0
2024-10-21,WLD,,-0.05,0.08636363636363636,-0.00727272727272727
2024-10-21,XLM,,0.0,-0.05,-0.012
2024-10-21,XRP,,0.05,0.0,0.027999999999999997
2024-10-21,ZEC,,-0.05,0.08636363636363636,-0.00727272727272727
2024-10-28,AAVE,,0.05,-0.05,0.015999999999999997
2024-10-28,ADA,,0.05,0.0,0.027999999999999997
2024-10-28,ALGO,,0.0,0.0,0.0
2024-10-28,APT,,-0.05,0.0,-0.027999999999999997
2024-10-28,ARB,,-0.05,0.0,-0.027999999999999997
2024-10-28,ATOM,,0.0,0.0,0.0
2024-10-28,AVAX,,0.0,0.0,0.0
2024-10-28,BCH,,-0.05,0.0,-0.027999999999999997
2024-10-28,BNB,,0.05,-0.05,0.015999999999999997
2024-10-28,BONK,,-0.05,0.08636363636363636,-0.00727272727272727
2024-10-28,BTC,,0.0,-0.05,-0.012
2024-10-28,CAKE,,0.0,0.0,0.0
2024-10-28,CHZ,,-0.05,0.0,-0.027999999999999997
2024-10-28,DASH,,0.05,-0.05,0.015999999999999997
2024-10-28,DEXE,,0.0,0.0,0.0
2024-10-28,DOGE,,-0.05,0.0,-0.027999999999999997
2024-10-28,DOT,,0.0,0.0,0.0
2024-10-28,ENA,,-0.05,0.05,-0.015999999999999997
2024-10-28,ETC,,0.0,-0.05,-0.012
2024-10-28,ETH,,0.0,-0.05,-0.012
2024-10-28,FET,,0.0,0.0,0.0
2024-10-28,FIL,,0.0,0.0,0.0
2024-10-28,HBAR,,0.0,0.0,0.0
2024-10-28,ICP,,0.0,0.0,0.0
2024-10-28,JST,,0.05,-0.05,0.015999999999999997
2024-10-28,JUP,,-0.05,0.08636363636363636,-0.00727272727272727
2024-10-28,LINK,,0.0,0.0,0.0
2024-10-28,LTC,,0.0,-0.05,-0.012
2024-10-28,LUNC,,0.0,0.08636363636363636,0.02072727272727273
2024-10-28,NEAR,,0.0,0.08636363636363636,0.02072727272727273
2024-10-28,NEXO,,0.05,-0.05,0.015999999999999997
2024-10-28,PEPE,,-0.05,0.08636363636363636,-0.00727272727272727
2024-10-28,POL,,0.0,0.0,0.0
2024-10-28,QNT,,0.05,-0.05,0.015999999999999997
2024-10-28,RENDER,,0.05,0.08636363636363636,0.04872727272727273
2024-10-28,SHIB,,0.0,0.0,0.0
2024-10-28,SOL,,0.0,0.0,0.0
2024-10-28,STX,,0.0,0.08636363636363636,0.02072727272727273
2024-10-28,SUI,,-0.05,0.08636363636363636,-0.00727272727272727
2024-10-28,TAO,,0.05,0.08636363636363636,0.04872727272727273
2024-10-28,TON,,0.05,0.0,0.027999999999999997
2024-10-28,TRX,,0.05,-0.05,0.015999999999999997
2024-10-28,UNI,,0.0,0.0,0.0
2024-10-28,VET,,0.0,0.0,0.0
2024-10-28,WLD,,-0.05,0.08636363636363636,-0.00727272727272727
2024-10-28,XLM,,0.0,-0.05,-0.012
2024-10-28,XRP,,0.05,0.0,0.027999999999999997
2024-10-28,ZEC,,-0.05,0.08636363636363636,-0.00727272727272727
2024-11-04,AAVE,,-0.05,0.0,-0.01907246376811594
2024-11-04,ADA,,-0.05,0.0,-0.01663768115942029
2024-11-04,ALGO,,0.0,0.0,0.0
2024-11-04,APT,,0.0,0.0,-0.005681159420289853
2024-11-04,ARB,,0.0,0.05,0.0038840579710144874
2024-11-04,ATOM,,0.0,0.0,0.0
2024-11-04,AVAX,,-0.05,0.0,-0.022318840579710144
2024-11-04,BCH,,0.0,0.0,-0.005681159420289853
2024-11-04,BNB,,0.08636363636363636,-0.08636363636363636,0.025275362318840575
2024-11-04,BONK,,-0.05,0.05,-0.014229249011857703
2024-11-04,BTC,,0.08636363636363636,-0.08636363636363636,0.01959420289855072
2024-11-04,CAKE,,0.0,0.0,0.0
2024-11-04,CHZ,,0.05,0.0,0.01663768115942029
2024-11-04,DASH,,0.08636363636363636,-0.08636363636363636,0.025275362318840575
2024-11-04,DEXE,,0.0,0.0,0.0
2024-11-04,DOGE,,-0.05,0.0,-0.027999999999999997
2024-11-04,DOT,,-0.05,0.0,-0.022318840579710144
2024-11-04,ENA,,-0.05,0.05,-0.015999999999999997
2024-11-04,ETC,,0.0,-0.05,-0.012
2024-11-04,ETH,,0.0,0.0,-0.002434782608695653
2024-11-04,FET,,0.0,0.0,0.0
2024-11-04,FIL,,0.0,0.0,0.0
2024-11-04,HBAR,,0.0,0.0,0.0
2024-11-04,ICP,,0.0,0.0,0.0
2024-11-04,JST,,0.08636363636363636,-0.08636363636363636,0.025275362318840575
2024-11-04,JUP,,-0.05,0.05,-0.014229249011857703
2024-11-04,LINK,,0.0,0.0,0.0
2024-11-04,LTC,,0.08636363636363636,-0.08636363636363636,0.01959420289855072
2024-11-04,LUNC,,0.0,0.0,0.0042055335968379445
2024-11-04,NEAR,,0.0,0.05,0.013770750988142294
2024-11-04,NEXO,,0.08636363636363636,-0.08636363636363636,0.025275362318840575
2024-11-04,PEPE,,-0.05,0.05,-0.014229249011857703
2024-11-04,POL,,-0.05,0.05,-0.012753623188405795
2024-11-04,QNT,,0.08636363636363636,-0.08636363636363636,0.025275362318840575
2024-11-04,RENDER,,0.0,0.05,0.019451910408432145
2024-11-04,SHIB,,-0.05,0.0,-0.022318840579710144
2024-11-04,SOL,,0.0,0.0,0.0
2024-11-04,STX,,0.0,0.05,0.013770750988142294
2024-11-04,SUI,,-0.05,0.05,-0.014229249011857703
2024-11-04,TAO,,0.0,0.05,0.019451910408432145
2024-11-04,TON,,0.08636363636363636,-0.08636363636363636,0.027710144927536227
2024-11-04,TRX,,0.08636363636363636,-0.08636363636363636,0.025275362318840575
2024-11-04,UNI,,0.0,0.0,0.0
2024-11-04,VET,,0.0,0.0,0.0
2024-11-04,WLD,,0.0,0.05,0.008089591567852439
2024-11-04,XLM,,0.08636363636363636,-0.08636363636363636,0.01959420289855072
2024-11-04,XRP,,0.08636363636363636,0.0,0.04423188405797101
2024-11-04,ZEC,,0.0,-0.08636363636363636,-0.017997364953886694
2024-11-11,AAVE,,-0.05,0.0,-0.027999999999999997
2024-11-11,ADA,,-0.05,0.0,-0.027999999999999997
2024-11-11,ALGO,,0.0,0.0,0.0
2024-11-11,APT,,0.0,0.0,0.0
2024-11-11,ARB,,0.0,0.05,0.012
2024-11-11,ATOM,,0.0,0.0,0.0
2024-11-11,AVAX,,0.0,0.0,0.0
2024-11-11,BCH,,0.0,0.0,0.0
2024-11-11,BNB,,0.05,-0.08636363636363636,0.00727272727272727
2024-11-11,BONK,,-0.05,0.05,-0.015999999999999997
2024-11-11,BTC,,0.05,-0.08636363636363636,0.00727272727272727
2024-11-11,CAKE,,0.0,0.0,0.0
2024-11-11,CHZ,,0.05,0.0,0.027999999999999997
2024-11-11,DASH,,0.05,-0.08636363636363636,0.00727272727272727
2024-11-11,DEXE,,0.05,0.0,0.027999999999999997
2024-11-11,DOGE,,-0.05,0.0,-0.027999999999999997
2024-11-11,DOT,,0.0,0.0,0.0
2024-11-11,ENA,,-0.05,0.05,-0.015999999999999997
2024-11-11,ETC,,0.0,-0.05,-0.012
2024-11-11,ETH,,0.0,0.0,0.0
2024-11-11,FET,,0.0,0.0,0.0
2024-11-11,FIL,,0.0,0.0,0.0
2024-11-11,HBAR,,-0.05,0.0,-0.027999999999999997
2024-11-11,ICP,,0.0,0.0,0.0
2024-11-11,JST,,0.05,-0.08636363636363636,0.00727272727272727
2024-11-11,JUP,,-0.05,0.05,-0.015999999999999997
2024-11-11,LINK,,0.0,0.0,0.0
2024-11-11,LTC,,0.05,-0.08636363636363636,0.00727272727272727
2024-11-11,LUNC,,0.0,0.0,0.0
2024-11-11,NEAR,,0.0,0.05,0.012
2024-11-11,NEXO,,0.05,-0.08636363636363636,0.00727272727272727
2024-11-11,PEPE,,-0.05,0.05,-0.015999999999999997
2024-11-11,POL,,0.0,0.05,0.012
2024-11-11,QNT,,0.05,-0.08636363636363636,0.00727272727272727
2024-11-11,RENDER,,0.0,0.05,0.012
2024-11-11,SHIB,,-0.05,0.0,-0.027999999999999997
2024-11-11,SOL,,0.0,0.0,0.0
2024-11-11,STX,,0.0,0.05,0.012
2024-11-11,SUI,,-0.05,0.05,-0.015999999999999997
2024-11-11,TAO,,0.0,0.05,0.012
2024-11-11,TON,,0.05,-0.08636363636363636,0.00727272727272727
2024-11-11,TRX,,0.05,-0.08636363636363636,0.00727272727272727
2024-11-11,UNI,,0.0,0.0,0.0
2024-11-11,VET,,0.0,0.0,0.0
2024-11-11,WLD,,0.0,0.05,0.012
2024-11-11,XLM,,-0.05,-0.08636363636363636,-0.04872727272727273
2024-11-11,XRP,,-0.05,0.0,-0.027999999999999997
2024-11-11,ZEC,,0.05,-0.08636363636363636,0.00727272727272727
2024-11-18,AAVE,,0.0,0.0,0.0
2024-11-18,ADA,,-0.08636363636363636,0.0,-0.04836363636363636
2024-11-18,ALGO,,0.0,0.0,0.0
2024-11-18,APT,,0.0,0.0,0.0
2024-11-18,ARB,,0.0,0.05,0.012
2024-11-18,ATOM,,-0.08636363636363636,0.0,-0.04836363636363636
2024-11-18,AVAX,,0.0,0.0,0.0
2024-11-18,BCH,,0.0,0.0,0.0
2024-11-18,BNB,,0.05,-0.08636363636363636,0.00727272727272727
2024-11-18,BONK,,-0.08636363636363636,0.05,-0.03636363636363636
2024-11-18,BTC,,0.05,-0.08636363636363636,0.00727272727272727
2024-11-18,CAKE,,0.0,0.0,0.0
2024-11-18,CHZ,,0.0,0.0,0.0
2024-11-18,DASH,,0.05,-0.08636363636363636,0.00727272727272727
2024-11-18,DEXE,,0.05,0.0,0.027999999999999997
2024-11-18,DOGE,,-0.08636363636363636,0.0,-0.04836363636363636
2024-11-18,DOT,,-0.08636363636363636,0.0,-0.04836363636363636
2024-11-18,ENA,,-0.08636363636363636,0.05,-0.03636363636363636
2024-11-18,ETC,,0.0,-0.05,-0.012
2024-11-18,ETH,,0.0,0.0,0.0
2024-11-18,FET,,0.0,0.0,0.0
2024-11-18,FIL,,0.0,0.0,0.0
2024-11-18,HBAR,,-0.08636363636363636,0.0,-0.04836363636363636
2024-11-18,ICP,,0.0,0.0,0.0
2024-11-18,JST,,0.05,-0.08636363636363636,0.00727272727272727
2024-11-18,JUP,,0.0,0.05,0.012
2024-11-18,LINK,,0.0,0.0,0.0
2024-11-18,LTC,,0.05,-0.08636363636363636,0.00727272727272727
2024-11-18,LUNC,,0.0,0.0,0.0
2024-11-18,NEAR,,0.0,0.05,0.012
2024-11-18,NEXO,,0.05,-0.08636363636363636,0.00727272727272727
2024-11-18,PEPE,,-0.08636363636363636,0.05,-0.03636363636363636
2024-11-18,POL,,0.0,0.05,0.012
2024-11-18,QNT,,0.05,-0.08636363636363636,0.00727272727272727
2024-11-18,RENDER,,0.0,0.05,0.012
2024-11-18,SHIB,,-0.08636363636363636,0.0,-0.04836363636363636
2024-11-18,SOL,,0.0,0.0,0.0
2024-11-18,STX,,0.05,0.05,0.04
2024-11-18,SUI,,0.0,0.05,0.012
2024-11-18,TAO,,0.0,0.05,0.012
2024-11-18,TON,,0.05,-0.08636363636363636,0.00727272727272727
2024-11-18,TRX,,0.05,-0.08636363636363636,0.00727272727272727
2024-11-18,UNI,,0.0,0.0,0.0
2024-11-18,VET,,-0.08636363636363636,0.0,-0.04836363636363636
2024-11-18,WLD,,0.0,0.05,0.012
2024-11-18,XLM,,-0.05,-0.08636363636363636,-0.04872727272727273
2024-11-18,XRP,,-0.08636363636363636,0.0,-0.04836363636363636
2024-11-18,ZEC,,0.05,-0.08636363636363636,0.00727272727272727
2024-11-25,AAVE,,0.0,0.0,0.0
2024-11-25,ADA,,-0.08636363636363636,0.0,-0.04836363636363636
2024-11-25,ALGO,,-0.08636363636363636,0.0,-0.04836363636363636
2024-11-25,APT,,0.0,0.0,0.0
2024-11-25,ARB,,0.05,0.05,0.04
2024-11-25,ATOM,,0.0,0.0,0.0
2024-11-25,AVAX,,0.0,0.0,0.0
2024-11-25,BCH,,0.0,0.0,0.0
2024-11-25,BNB,,0.08636363636363636,-0.08636363636363636,0.027636363636363633
2024-11-25,BONK,,-0.08636363636363636,0.05,-0.03636363636363636
2024-11-25,BTC,,0.08636363636363636,-0.08636363636363636,0.027636363636363633
2024-11-25,CAKE,,0.0,0.0,0.0
2024-11-25,CHZ,,0.0,0.0,0.0
2024-11-25,DASH,,0.0,-0.08636363636363636,-0.02072727272727273
2024-11-25,DEXE,,0.08636363636363636,0.0,0.04836363636363636
2024-11-25,DOGE,,-0.08636363636363636,0.0,-0.04836363636363636
2024-11-25,DOT,,-0.08636363636363636,0.0,-0.04836363636363636
2024-11-25,ENA,,-0.08636363636363636,0.05,-0.03636363636363636
2024-11-25,ETC,,0.08636363636363636,-0.05,0.03636363636363636
2024-11-25,ETH,,0.0,0.0,0.0
2024-11-25,FET,,0.0,0.0,0.0
2024-11-25,FIL,,0.0,0.0,0.0
2024-11-25,HBAR,,0.0,0.0,0.0
2024-11-25,ICP,,0.0,0.0,0.0
2024-11-25,JST,,0.08636363636363636,-0.08636363636363636,0.027636363636363633
2024-11-25,JUP,,0.0,0.05,0.012
2024-11-25,LINK,,0.0,0.0,0.0
2024-11-25,LTC,,0.08636363636363636,-0.08636363636363636,0.027636363636363633
2024-11-25,LUNC,,0.08636363636363636,0.0,0.04836363636363636
2024-11-25,NEAR,,0.0,0.05,0.012
2024-11-25,NEXO,,0.08636363636363636,-0.08636363636363636,0.027636363636363633
2024-11-25,PEPE,,-0.08636363636363636,0.05,-0.03636363636363636
2024-11-25,POL,,0.0,0.05,0.012
2024-11-25,QNT,,0.08636363636363636,-0.08636363636363636,0.027636363636363633
2024-11-25,RENDER,,0.0,0.05,0.012
2024-11-25,SHIB,,-0.08636363636363636,0.0,-0.04836363636363636
2024-11-25,SOL,,0.0,0.0,0.0
2024-11-25,STX,,0.08636363636363636,0.05,0.060363636363636355
2024-11-25,SUI,,-0.08636363636363636,0.05,-0.03636363636363636
2024-11-25,TAO,,0.0,0.05,0.012
2024-11-25,TON,,0.08636363636363636,-0.08636363636363636,0.027636363636363633
2024-11-25,TRX,,0.0,-0.08636363636363636,-0.02072727272727273
2024-11-25,UNI,,0.0,0.0,0.0
2024-11-25,VET,,-0.08636363636363636,0.0,-0.04836363636363636
2024-11-25,WLD,,0.0,0.05,0.012
2024-11-25,XLM,,-0.05,-0.08636363636363636,-0.04872727272727273
2024-11-25,XRP,,-0.08636363636363636,0.0,-0.04836363636363636
2024-11-25,ZEC,,0.0,-0.08636363636363636,-0.02072727272727273
2024-12-02,AAVE,,-0.09000000000000001,0.0,-0.02674987133299022
2024-12-02,ADA,,0.0,0.0,-0.022694567912787157
2024-12-02,ALGO,,-0.09000000000000001,0.0,-0.04944443924577738
2024-12-02,APT,,0.05,0.0,0.01486103962943901
2024-12-02,ARB,,0.0,0.09000000000000001,0.030234173957797223
2024-12-02,ATOM,,-0.09000000000000001,0.0,-0.02674987133299022
2024-12-02,AVAX,,0.05,0.0,0.01486103962943901
2024-12-02,BCH,,0.0,-0.09000000000000001,-0.011464230571281526
2024-12-02,BNB,,0.05,-0.09000000000000001,0.016365133579750148
2024-12-02,BONK,,-0.05,0.05,-0.02555560754222617
2024-12-02,BTC,,0.05,-0.09000000000000001,0.016365133579750148
2024-12-02,CAKE,,-0.09000000000000001,0.0,-0.02674987133299022
2024-12-02,CHZ,,0.0,0.09000000000000001,0.011464230571281526
2024-12-02,DASH,,0.0,0.0,-0.0097262433911945
2024-12-02,DEXE,,0.0,0.0,0.022694567912787157
2024-12-02,DOGE,,0.0,-0.09000000000000001,-0.034158798484068685
2024-12-02,DOT,,-0.09000000000000001,0.0,-0.04944443924577738
2024-12-02,ENA,,0.0,0.09000000000000001,-0.005599354325550924
2024-12-02,ETC,,0.05,0.0,0.03192462452627146
2024-12-02,ETH,,0.05,-0.09000000000000001,0.003396809058157486
2024-12-02,FET,,0.0,0.0,0.0
2024-12-02,FIL,,0.0,0.0,0.0
2024-12-02,HBAR,,0.0,0.09000000000000001,0.011464230571281526
2024-12-02,ICP,,0.0,0.0,0.0
2024-12-02,JST,,0.0,-0.09000000000000001,0.0015040939503111368
2024-12-02,JUP,,0.05,0.09000000000000001,0.03195625321667525
2024-12-02,LINK,,0.0,0.0,0.0
2024-12-02,LTC,,0.05,-0.09000000000000001,0.016365133579750148
2024-12-02,LUNC,,0.0,0.0,0.022694567912787157
2024-12-02,NEAR,,0.0,0.0,0.005630983015954709
2024-12-02,NEXO,,0.05,-0.09000000000000001,0.016365133579750148
2024-12-02,PEPE,,-0.09000000000000001,0.05,-0.03744443924577738
2024-12-02,POL,,-0.09000000000000001,0.09000000000000001,-0.00965465774575399
2024-12-02,QNT,,0.0,0.0,0.012968324521592661
2024-12-02,RENDER,,0.05,0.09000000000000001,0.03195625321667525
2024-12-02,SHIB,,0.0,0.0,-0.022694567912787157
2024-12-02,SOL,,0.0,0.0,0.0
2024-12-02,STX,,0.05,0.0,0.04318659055818087
2024-12-02,SUI,,0.0,0.09000000000000001,-0.005599354325550924
2024-12-02,TAO,,0.0,0.09000000000000001,0.017095213587236237
2024-12-02,TON,,0.05,-0.09000000000000001,0.016365133579750148
2024-12-02,TRX,,-0.09000000000000001,-0.05,-0.04284513170823001
2024-12-02,UNI,,0.0,0.0,0.0
2024-12-02,VET,,-0.09000000000000001,0.0,-0.04944443924577738
2024-12-02,WLD,,0.0,0.09000000000000001,0.017095213587236237
2024-12-02,XLM,,-0.05,0.0,-0.0377262433911945
2024-12-02,XRP,,-0.09000000000000001,-0.05,-0.05581345622982267
2024-12-02,ZEC,,0.0,-0.09000000000000001,-0.021190473962476024
2024-12-09,AAVE,,0.0,0.0,-0.009996829325160439
2024-12-09,ADA,,-0.08636363636363636,0.0,-0.038770719334442
2024-12-09,ALGO,,-0.08636363636363636,0.0,-0.048767548659602436
2024-12-09,APT,,0.09000000000000001,0.0,0.03711855588404341
2024-12-09,ARB,,0.0,0.09000000000000001,0.024826720695041014
2024-12-09,ATOM,,-0.08636363636363636,0.0,-0.0402862472279729
2024-12-09,AVAX,,0.05,0.0,0.02308977285537237
2024-12-09,BCH,,0.0,-0.09000000000000001,-0.017812110488430122
2024-12-09,BNB,,0.09000000000000001,-0.09000000000000001,0.024152903356544454
2024-12-09,BONK,,0.09000000000000001,0.05,0.029529666313346716
2024-12-09,BTC,,0.09000000000000001,-0.09000000000000001,0.024152903356544454
2024-12-09,CAKE,,0.0,0.0,-0.009996829325160439
2024-12-09,CHZ,,0.0,0.09000000000000001,0.017812110488430122
2024-12-09,DASH,,0.0,0.0,-0.003634843470698374
2024-12-09,DEXE,,0.0,0.0,0.008481301431629536
2024-12-09,DOGE,,0.0,-0.09000000000000001,-0.026293411920059656
2024-12-09,DOT,,-0.08636363636363636,0.0,-0.048767548659602436
2024-12-09,ENA,,0.09000000000000001,0.09000000000000001,0.04299995393329367
2024-12-09,ETC,,0.09000000000000001,0.0,0.04349547425368968
2024-12-09,ETH,,0.09000000000000001,-0.09000000000000001,0.01930644539561329
2024-12-09,FET,,0.0,0.0,0.0
2024-12-09,FIL,,0.0,0.0,0.0
2024-12-09,HBAR,,-0.08636363636363636,0.09000000000000001,-0.012477307414382343
2024-12-09,ICP,,0.0,0.0,0.0
2024-12-09,JST,,0.0,-0.09000000000000001,-0.012965652527498957
2024-12-09,JUP,,0.0,0.09000000000000001,0.02547028761994697
2024-12-09,LINK,,0.0,0.0,0.0
2024-12-09,LTC,,0.0,-0.09000000000000001,-0.007411858457965378
2024-12-09,LUNC,,0.0,0.0,0.008481301431629536
2024-12-09,NEAR,,0.0,0.0,0.0021043830619832684
2024-12-09,NEXO,,0.09000000000000001,-0.09000000000000001,0.024152903356544454
2024-12-09,PEPE,,0.0,0.05,-0.00647813075678998
2024-12-09,POL,,-0.08636363636363636,0.09000000000000001,-0.020369753677559516
2024-12-09,QNT,,-0.08636363636363636,0.0,-0.025442959941881296
2024-12-09,RENDER,,0.0,0.09000000000000001,0.02547028761994697
2024-12-09,SHIB,,0.0,0.0,-0.008481301431629536
2024-12-09,SOL,,0.09000000000000001,0.0,0.03156476181450983
2024-12-09,STX,,0.05,0.0,0.03367545734898517
2024-12-09,SUI,,0.0,0.09000000000000001,0.011435192118783855
2024-12-09,TAO,,0.0,0.09000000000000001,0.01991649355041339
2024-12-09,TON,,0.09000000000000001,-0.09000000000000001,0.024152903356544454
2024-12-09,TRX,,-0.08636363636363636,-0.05,-0.053816707636688006
2024-12-09,UNI,,0.0,0.0,0.0
2024-12-09,VET,,-0.08636363636363636,0.0,-0.048767548659602436
2024-12-09,WLD,,-0.08636363636363636,0.09000000000000001,-0.010372924352399074
2024-12-09,XLM,,-0.05,0.0,-0.03163484347069837
2024-12-09,XRP,,-0.08636363636363636,-0.05,-0.058663165597619166
2024-12-09,ZEC,,0.0,-0.09000000000000001,-0.021446953959128493
2024-12-16,AAVE,,0.0,0.0,-0.0025828073583223903
2024-12-16,ADA,,-0.08636363636363636,0.0,-0.04588518485817548
2024-12-16,ALGO,,-0.05,0.0,-0.03336555899352404
2024-12-16,APT,,0.08636363636363636,0.0,0.04545832752391042
2024-12-16,ARB,,0.0,0.09000000000000001,0.022433664123226327
2024-12-16,ATOM,,0.0,0.0,-0.010408461762743307
2024-12-16,AVAX,,0.0,0.0,0.005965535000457881
2024-12-16,BCH,,0.0,-0.09000000000000001,-0.020621350811864756
2024-12-16,BNB,,0.08636363636363636,-0.09000000000000001,0.02608912045444093
2024-12-16,BONK,,0.0,0.05,0.01652901111646431
2024-12-16,BTC,,0.08636363636363636,-0.09000000000000001,0.02608912045444093
2024-12-16,CAKE,,0.0,0.0,-0.0025828073583223903
2024-12-16,CHZ,,0.0,0.09000000000000001,0.020621350811864756
2024-12-16,DASH,,-0.08636363636363636,0.0,-0.036807386711359295
2024-12-16,DEXE,,0.0,0.0,0.0021912515491917164
2024-12-16,DOGE,,0.0,-0.09000000000000001,-0.022812602361056474
2024-12-16,DOT,,0.0,0.0,-0.012599713311935025
2024-12-16,ENA,,0.0,0.09000000000000001,0.02712894889858331
2024-12-16,ETC,,0.0,0.0,0.011237606175130817
2024-12-16,ETH,,0.08636363636363636,-0.09000000000000001,0.024836976712045662
2024-12-16,FET,,0.0,0.0,0.0
2024-12-16,FIL,,0.0,0.0,0.0
2024-12-16,HBAR,,-0.08636363636363636,0.09000000000000001,-0.023072582497119007
2024-12-16,ICP,,0.08636363636363636,0.0,0.035868278904562845
2024-12-16,JST,,0.0,-0.09000000000000001,-0.019369207069469492
2024-12-16,JUP,,0.0,0.09000000000000001,0.022599937782119002
2024-12-16,LINK,,0.0,0.0,0.0
2024-12-16,LTC,,0.08636363636363636,-0.09000000000000001,0.017933964811939127
2024-12-16,LUNC,,0.05,0.0,0.02295709723078073
2024-12-16,NEAR,,0.08636363636363636,0.0,0.036411972897971316
2024-12-16,NEXO,,0.08636363636363636,-0.09000000000000001,0.02608912045444093
2024-12-16,PEPE,,-0.08636363636363636,0.05,-0.028642337812076955
2024-12-16,POL,,0.0,0.09000000000000001,0.010756583042529917
2024-12-16,QNT,,-0.08636363636363636,0.0,-0.04244178956658849
2024-12-16,RENDER,,0.0,0.09000000000000001,0.022599937782119002
2024-12-16,SHIB,,-0.08636363636363636,0.0,-0.03805953045375456
2024-12-16,SOL,,0.08636363636363636,0.0,0.044023434547064644
2024-12-16,STX,,0.0,0.0,0.00870048054305807
2024-12-16,SUI,,0.08636363636363636,0.09000000000000001,0.05484207216064436
2024-12-16,TAO,,0.0,0.09000000000000001,0.021165044805273227
2024-12-16,TON,,0.08636363636363636,-0.09000000000000001,0.02608912045444093
2024-12-16,TRX,,-0.08636363636363636,-0.05,-0.05867215448069413
2024-12-16,UNI,,0.0,0.0,0.0
2024-12-16,VET,,-0.08636363636363636,0.0,-0.04846799221649787
2024-12-16,WLD,,-0.08636363636363636,0.09000000000000001,-0.022528888503710535
2024-12-16,XLM,,-0.08636363636363636,0.0,-0.04404154102977027
2024-12-16,XRP,,-0.08636363636363636,-0.05,-0.059924298223089395
2024-12-16,ZEC,,0.0,-0.09000000000000001,-0.021560458618661207
2024-12-23,AAVE,,0.0,0.0,-0.0007532478440238465
2024-12-23,ADA,,-0.08181818181818182,0.0,-0.04583772253044425
2024-12-23,ALGO,,-0.08181818181818182,0.0,-0.042186508993303326
2024-12-23,APT,,0.07916666666666666,0.0,0.04466142572700762
2024-12-23,ARB,,0.07916666666666666,0.09000000000000001,0.05324712507134893
2024-12-23,ATOM,,0.0,0.0,-0.0030355153500427733
2024-12-23,AVAX,,0.0,0.0,0.0017397837911002287
2024-12-23,BCH,,-0.08181818181818182,-0.09000000000000001,-0.05377039196305601
2024-12-23,BNB,,0.07916666666666666,-0.09000000000000001,0.023712012368698604
2024-12-23,BONK,,-0.08181818181818182,0.05,-0.019134967288660137
2024-12-23,BTC,,0.07916666666666666,-0.09000000000000001,0.023712012368698604
2024-12-23,CAKE,,0.05,0.0,0.019080854856393235
2024-12-23,CHZ,,0.07916666666666666,0.09000000000000001,0.05271858348651874
2024-12-23,DASH,,0.0,0.0,-0.010734476419678327
2024-12-23,DEXE,,0.0,0.0,0.0006390548252946974
2024-12-23,DOGE,,-0.08181818181818182,-0.09000000000000001,-0.054409446788350704
2024-12-23,DOT,,-0.08181818181818182,0.0,-0.03613037459420178
2024-12-23,ENA,,0.0,0.09000000000000001,0.023212458174302626
2024-12-23,ETC,,0.0,0.0,0.0032773263542598963
2024-12-23,ETH,,0.0,-0.09000000000000001,-0.008057157759511123
2024-12-23,FET,,0.0,0.0,0.0
2024-12-23,FIL,,0.07916666666666666,0.0,0.03140399594232705
2024-12-23,HBAR,,-0.05,0.09000000000000001,-0.011262378442510624
2024-12-23,ICP,,0.07916666666666666,0.0,0.04186459172259336
2024-12-23,JST,,0.0,-0.09000000000000001,-0.02094941335830901
2024-12-23,JUP,,0.0,0.09000000000000001,0.02189162104409845
2024-12-23,LINK,,0.0,0.0,0.0
2024-12-23,LTC,,0.07916666666666666,-0.09000000000000001,0.021333649388742035
2024-12-23,LUNC,,0.07916666666666666,0.0,0.038099185166723296
2024-12-23,NEAR,,0.07916666666666666,0.0,0.042023154198042416
2024-12-23,NEXO,,0.07916666666666666,-0.09000000000000001,0.023712012368698604
2024-12-23,PENGU,,0.0,0.0,0.0
2024-12-23,PEPE,,-0.08181818181818182,0.05,-0.03230870286844917
2024-12-23,POL,,0.0,0.09000000000000001,0.018437634669597983
2024-12-23,QNT,,0.0,0.0,-0.012377689100402555
2024-12-23,RENDER,,0.0,0.09000000000000001,0.02189162104409845
2024-12-23,SHIB,,-0.08181818181818182,0.0,-0.04355545502442532
2024-12-23,SOL,,0.0,0.0,0.012838958760222879
2024-12-23,STX,,0.07916666666666666,0.0,0.03394139703417104
2024-12-23,SUI,,0.0,0.09000000000000001,0.03129469097461237
2024-12-23,TAO,,0.0,0.09000000000000001,0.021473150019640758
2024-12-23,TON,,0.0,-0.09000000000000001,-0.007691983573628436
2024-12-23,TRX,,-0.05,-0.05,-0.04544553199468912
2024-12-23,UNI,,0.0,0.0,0.0
2024-12-23,VET,,0.0,0.0,-0.014135165955603782
2024-12-23,WLD,,-0.08181818181818182,0.09000000000000001,-0.023725517685508794
2024-12-23,XLM,,-0.08181818181818182,0.0,-0.04530004373902401
2024-12-23,XRP,,-0.08181818181818182,-0.05,-0.05843240789901903
2024-12-23,ZEC,,0.0,-0.09000000000000001,-0.021588468183603708
2024-12-30,AAVE,,-0.05,-0.05,-0.01803887997882754
2024-12-30,ADA,,-0.05,0.0,-0.037981370275904675
2024-12-30,ALGO,,-0.05,0.0,-0.03593827793559056
2024-12-30,APT,,0.0,0.05,0.030276199966885742
2024-12-30,ARB,,-0.05,0.05,0.02274828721544207
2024-12-30,ATOM,,0.0,0.05,0.003586647581175945
2024-12-30,AVAX,,0.0,0.05,0.006258739201875173
2024-12-30,BCH,,0.07916666666666666,-0.08181818181818182,-0.019210641824922103
2024-12-30,BNB,,0.07916666666666666,-0.08181818181818182,0.024145821769723925
2024-12-30,BONK,,0.0,0.0,-0.010707263407616416
2024-12-30,BTC,,0.07916666666666666,-0.08181818181818182,0.024145821769723925
2024-12-30,CAKE,,0.0,0.05,0.015962200559571017
2024-12-30,CHZ,,0.05,0.0,0.04183166119182041
2024-12-30,DASH,,0.0,0.0,-0.006006640347718677
2024-12-30,DEXE,,-0.05,0.0,-0.011974579149590478
2024-12-30,DOGE,,-0.05,0.0,-0.042777809595727856
2024-12-30,DOT,,0.0,0.0,-0.020217303325375007
2024-12-30,ENA,,-0.05,0.0,0.0006567137090827437
2024-12-30,ETC,,0.07916666666666666,0.0,0.021359817123018526
2024-12-30,ETH,,0.07916666666666666,-0.08181818181818182,0.006368897060492335
2024-12-30,FET,,-0.05,0.05,-0.007046955453987685
2024-12-30,FIL,,0.0,0.05,0.022857802502643514
2024-12-30,HBAR,,0.07916666666666666,0.0,0.013223903077308816
2024-12-30,ICP,,0.0,0.0,0.023425972162062297
2024-12-30,JST,,0.07916666666666666,-0.08181818181818182,-0.0008451616066710473
2024-12-30,JUP,,0.0,0.05,0.017535007740005392
2024-12-30,LINK,,0.0,0.0,0.0
2024-12-30,LTC,,0.0,-0.08181818181818182,0.0032890333426661006
2024-12-30,LUNC,,0.07916666666666666,0.0,0.040844920443202044
2024-12-30,NEAR,,0.0,0.0,0.023514698218688634
2024-12-30,NEXO,,0.07916666666666666,-0.08181818181818182,0.024145821769723925
2024-12-30,PENGU,,0.0,0.0,0.0
2024-12-30,PEPE,,-0.05,0.05,-0.02512578395430651
2024-12-30,POL,,0.0,0.05,0.0156022768729915
2024-12-30,QNT,,0.0,0.0,-0.006926125118287198
2024-12-30,RENDER,,-0.05,0.05,0.005202835695526941
2024-12-30,SHIB,,0.0,0.0,-0.024372120565969737
2024-12-30,SOL,,0.0,0.0,0.007184235606543154
2024-12-30,STX,,0.0,0.05,0.024277644065542236
2024-12-30,SUI,,-0.05,-0.05,-0.00010596598813208957
2024-12-30,TAO,,-0.05,0.0,-0.00031654275266289333
2024-12-30,TON,,0.07916666666666666,-0.08181818181818182,0.0065732358575711775
2024-12-30,TRX,,0.07916666666666666,-0.08181818181818182,-0.014552339191415648
2024-12-30,UNI,,0.0,0.0,0.0
2024-12-30,VET,,0.0,0.0,-0.007909548154112336
2024-12-30,WLD,,0.0,0.05,-0.007990759454231937
2024-12-30,XLM,,-0.05,0.0,-0.03768050389021521
2024-12-30,XRP,,0.0,-0.08181818181818182,-0.04134528316715233
2024-12-30,ZEC,,0.07916666666666666,-0.08181818181818182,-0.0012027545015590203
2025-01-06,AAVE,,0.07916666666666666,-0.05,0.01552113532333925
2025-01-06,ADA,,-0.05,0.0,-0.031331375821222175
2025-01-06,ALGO,,-0.05,0.0,-0.030649474615785755
2025-01-06,APT,,0.0,0.05,0.018099852925052052
2025-01-06,ARB,,-0.05,0.05,-0.003067396201610565
2025-01-06,ATOM,,0.0,0.05,0.009191964825595929
2025-01-06,AVAX,,-0.05,0.05,-0.008570937302363892
2025-01-06,BCH,,0.07916666666666666,-0.08181818181818182,0.010042393085905234
2025-01-06,BNB,,0.07916666666666666,-0.08181818181818182,0.024513018913861727
2025-01-06,BONK,,0.0,0.0,-0.0035736494530914827
2025-01-06,BTC,,0.07916666666666666,-0.08181818181818182,0.024513018913861727
2025-01-06,CAKE,,0.0,0.05,0.013322421549158641
2025-01-06,CHZ,,0.0,0.0,0.013961708743778455
2025-01-06,DASH,,0.0,0.0,-0.002004772477930533
2025-01-06,DEXE,,-0.05,0.0,-0.022651365687250263
2025-01-06,DOGE,,-0.05,0.0,-0.032932232370607134
2025-01-06,DOT,,0.0,0.0,-0.006747714352513043
2025-01-06,ENA,,-0.05,0.0,-0.018435553383228068
2025-01-06,ETC,,0.07916666666666666,0.0,0.03666570711409042
2025-01-06,ETH,,0.07916666666666666,-0.08181818181818182,0.018579803782570188
2025-01-06,FET,,-0.05,0.05,-0.013011837523059205
2025-01-06,FIL,,-0.05,0.05,-0.003030844448719698
2025-01-06,HBAR,,0.07916666666666666,0.0,0.03395026959537132
2025-01-06,ICP,,0.0,0.0,0.007818637631118725
2025-01-06,JST,,0.07916666666666666,-0.08181818181818182,0.01617204413110408
2025-01-06,JUP,,0.0,0.05,0.013847360677505806
2025-01-06,LINK,,0.0,0.0,0.0
2025-01-06,LTC,,0.0,-0.08181818181818182,-0.011984797661276365
2025-01-06,LUNC,,0.05,0.0,0.03228711251132574
2025-01-06,NEAR,,0.0,0.0,0.007848250783580459
2025-01-06,NEXO,,0.07916666666666666,-0.08181818181818182,0.024513018913861727
2025-01-06,PENGU,,0.0,0.0,0.0
2025-01-06,PEPE,,0.0,0.05,-0.0003910781376242588
2025-01-06,POL,,0.0,0.05,0.013202293647496616
2025-01-06,QNT,,0.0,0.0,-0.0023116591325663726
2025-01-06,RENDER,,-0.05,0.05,-0.008923354987847803
2025-01-06,SHIB,,0.0,0.0,-0.008134423523129382
2025-01-06,SOL,,0.0,0.0,0.002397805925643018
2025-01-06,STX,,0.0,0.05,0.01609777870682312
2025-01-06,SUI,,-0.05,-0.05,-0.02668499247653587
2025-01-06,TAO,,-0.05,0.0,-0.018760386843452926
2025-01-06,TON,,0.07916666666666666,-0.08181818181818182,0.018648003770057812
2025-01-06,TRX,,0.07916666666666666,-0.08181818181818182,0.011597145222359013
2025-01-06,UNI,,0.0,0.0,0.0
2025-01-06,VET,,0.0,0.0,-0.002639885782116636
2025-01-06,WLD,,0.0,0.05,0.005327896786429871
2025-01-06,XLM,,-0.05,0.0,-0.031230958846899127
2025-01-06,XRP,,0.0,-0.08181818181818182,-0.026881918868826196
2025-01-06,ZEC,,0.07916666666666666,-0.08181818181818182,0.016052694153000733
2025-01-13,AAVE,,0.05,-0.05,0.015999999999999997
2025-01-13,ADA,,-0.05,0.0,-0.027999999999999997
2025-01-13,ALGO,,-0.05,0.0,-0.027999999999999997
2025-01-13,APT,,0.0,0.05,0.012
2025-01-13,ARB,,-0.05,0.05,-0.015999999999999997
2025-01-13,ATOM,,0.0,0.05,0.012
2025-01-13,AVAX,,0.0,0.05,0.012
2025-01-13,BCH,,0.05,-0.08181818181818182,0.008363636363636363
2025-01-13,BNB,,0.05,-0.08181818181818182,0.008363636363636363
2025-01-13,BONK,,0.0,0.0,0.0
2025-01-13,BTC,,0.05,-0.08181818181818182,0.008363636363636363
2025-01-13,CAKE,,0.0,0.05,0.012
2025-01-13,CHZ,,0.05,0.0,0.027999999999999997
2025-01-13,DASH,,0.0,0.0,0.0
2025-01-13,DEXE,,-0.05,0.0,-0.027999999999999997
2025-01-13,DOGE,,0.0,0.0,0.0
2025-01-13,DOT,,0.0,0.0,0.0
2025-01-13,ENA,,-0.05,0.0,-0.027999999999999997
2025-01-13,ETC,,0.05,0.0,0.027999999999999997
2025-01-13,ETH,,0.05,-0.08181818181818182,0.008363636363636363
2025-01-13,FET,,-0.05,0.05,-0.015999999999999997
2025-01-13,FIL,,0.0,0.05,0.012
2025-01-13,HBAR,,0.0,0.0,0.0
2025-01-13,ICP,,0.0,0.0,0.0
2025-01-13,JST,,0.05,-0.08181818181818182,0.008363636363636363
2025-01-13,JUP,,-0.05,0.05,-0.015999999999999997
2025-01-13,LINK,,-0.05,0.0,-0.027999999999999997
2025-01-13,LTC,,0.0,-0.08181818181818182,-0.019636363636363636
2025-01-13,LUNC,,0.0,0.0,0.0
2025-01-13,NEAR,,0.0,0.0,0.0
2025-01-13,NEXO,,0.05,-0.08181818181818182,0.008363636363636363
2025-01-13,PENGU,,-0.05,0.0,-0.027999999999999997
2025-01-13,PEPE,,0.0,0.05,0.012
2025-01-13,POL,,0.0,0.05,0.012
2025-01-13,QNT,,0.05,0.0,0.027999999999999997
2025-01-13,RENDER,,0.0,0.05,0.012
2025-01-13,SHIB,,0.0,0.0,0.0
2025-01-13,SOL,,-0.05,0.0,-0.027999999999999997
2025-01-13,STX,,0.0,0.05,0.012
2025-01-13,SUI,,-0.05,-0.05,-0.04
2025-01-13,TAO,,-0.05,0.0,-0.027999999999999997
2025-01-13,TON,,0.05,-0.08181818181818182,0.008363636363636363
2025-01-13,TRX,,0.05,-0.08181818181818182,0.008363636363636363
2025-01-13,UNI,,0.0,0.0,0.0
2025-01-13,VET,,0.0,0.0,0.0
2025-01-13,WLD,,0.0,0.05,0.012
2025-01-13,XLM,,-0.05,0.0,-0.027999999999999997
2025-01-13,XRP,,0.0,-0.08181818181818182,-0.019636363636363636
2025-01-13,ZEC,,0.05,-0.08181818181818182,0.008363636363636363
2025-01-20,AAVE,,0.05,-0.05,0.015999999999999997
2025-01-20,ADA,,-0.05,0.0,-0.027999999999999997
2025-01-20,ALGO,,-0.05,0.0,-0.027999999999999997
2025-01-20,APT,,0.0,0.05,0.012
2025-01-20,ARB,,-0.05,0.05,-0.015999999999999997
2025-01-20,ATOM,,0.0,0.05,0.012
2025-01-20,AVAX,,0.0,0.05,0.012
2025-01-20,BCH,,0.05,-0.08181818181818182,0.008363636363636363
2025-01-20,BNB,,0.05,-0.08181818181818182,0.008363636363636363
2025-01-20,BONK,,-0.05,0.0,-0.027999999999999997
2025-01-20,BTC,,0.05,-0.08181818181818182,0.008363636363636363
2025-01-20,CAKE,,0.0,0.05,0.012
2025-01-20,CHZ,,0.05,0.0,0.027999999999999997
2025-01-20,DASH,,0.0,0.0,0.0
2025-01-20,DEXE,,-0.05,0.0,-0.027999999999999997
2025-01-20,DOGE,,0.0,0.0,0.0
2025-01-20,DOT,,0.0,0.0,0.0
2025-01-20,ENA,,-0.05,0.0,-0.027999999999999997
2025-01-20,ETC,,0.05,0.0,0.027999999999999997
2025-01-20,ETH,,0.05,-0.08181818181818182,0.008363636363636363
2025-01-20,FET,,-0.05,0.05,-0.015999999999999997
2025-01-20,FIL,,0.0,0.05,0.012
2025-01-20,HBAR,,0.0,0.0,0.0
2025-01-20,ICP,,0.0,0.0,0.0
2025-01-20,JST,,0.05,-0.08181818181818182,0.008363636363636363
2025-01-20,JUP,,0.0,0.05,0.012
2025-01-20,LINK,,-0.05,0.0,-0.027999999999999997
2025-01-20,LTC,,0.0,-0.08181818181818182,-0.019636363636363636
2025-01-20,LUNC,,0.0,0.0,0.0
2025-01-20,NEAR,,0.0,0.0,0.0
2025-01-20,NEXO,,0.05,-0.08181818181818182,0.008363636363636363
2025-01-20,PENGU,,-0.05,0.0,-0.027999999999999997
2025-01-20,PEPE,,0.0,0.05,0.012
2025-01-20,POL,,0.0,0.05,0.012
2025-01-20,QNT,,0.05,0.0,0.027999999999999997
2025-01-20,RENDER,,0.0,0.05,0.012
2025-01-20,SHIB,,0.0,0.0,0.0
2025-01-20,SOL,,-0.05,0.0,-0.027999999999999997
2025-01-20,STX,,0.0,0.05,0.012
2025-01-20,SUI,,-0.05,-0.05,-0.04
2025-01-20,TAO,,-0.05,0.0,-0.027999999999999997
2025-01-20,TON,,0.05,-0.08181818181818182,0.008363636363636363
2025-01-20,TRUMP,,0.0,0.0,0.0
2025-01-20,TRX,,0.05,-0.08181818181818182,0.008363636363636363
2025-01-20,UNI,,0.0,0.0,0.0
2025-01-20,VET,,0.0,0.0,0.0
2025-01-20,WLD,,0.0,0.05,0.012
2025-01-20,XLM,,-0.05,0.0,-0.027999999999999997
2025-01-20,XRP,,0.0,-0.08181818181818182,-0.019636363636363636
2025-01-20,ZEC,,0.05,-0.08181818181818182,0.008363636363636363
2025-01-27,AAVE,,-0.05,-0.05,-0.01567855183763028
2025-01-27,ADA,,0.0,0.0,-0.012160724081184859
2025-01-27,ALGO,,-0.05,0.0,-0.027999999999999997
2025-01-27,APT,,0.05,0.08181818181818182,0.032159078442128355
2025-01-27,ARB,,0.0,0.08181818181818182,0.004159078442128362
2025-01-27,ATOM,,0.0,0.0,0.005211738891936368
2025-01-27,AVAX,,0.0,0.08181818181818182,0.01631980252331322
2025-01-27,BCH,,0.05,-0.085,0.007931656111305039
2025-01-27,BNB,,0.05,-0.085,0.007931656111305039
2025-01-27,BONK,,-0.05,0.05,-0.021211738891936366
2025-01-27,BTC,,0.0,-0.085,-0.0079076198075101
2025-01-27,CAKE,,0.05,0.08181818181818182,0.032159078442128355
2025-01-27,CHZ,,0.05,0.0,0.027999999999999997
2025-01-27,DASH,,0.0,0.0,0.0
2025-01-27,DEXE,,0.0,0.0,-0.012160724081184859
2025-01-27,DOGE,,-0.05,0.0,-0.01583927591881514
2025-01-27,DOT,,0.0,0.0,0.0
2025-01-27,ENA,,0.0,0.08181818181818182,-0.0010526604498080072
2025-01-27,ETC,,0.0,0.0,0.012160724081184859
2025-01-27,ETH,,0.05,-0.085,0.007931656111305039
2025-01-27,FET,,0.0,0.08181818181818182,0.004159078442128362
2025-01-27,FIL,,0.0,0.0,0.005211738891936368
2025-01-27,HBAR,,-0.05,0.0,-0.01583927591881514
2025-01-27,ICP,,0.05,0.0,0.01583927591881514
2025-01-27,JST,,0.0,-0.085,-0.0079076198075101
2025-01-27,JUP,,-0.05,0.0,-0.01062753702687877
2025-01-27,LINK,,-0.05,0.0,-0.027999999999999997
2025-01-27,LTC,,-0.05,-0.085,-0.0359076198075101
2025-01-27,LUNC,,0.05,0.0,0.01583927591881514
2025-01-27,NEAR,,0.0,0.0,0.0
2025-01-27,NEXO,,0.0,-0.085,-0.0079076198075101
2025-01-27,PENGU,,-0.05,0.05,-0.021211738891936366
2025-01-27,PEPE,,0.05,0.08181818181818182,0.032159078442128355
2025-01-27,POL,,0.0,0.08181818181818182,0.01631980252331322
2025-01-27,QNT,,0.0,0.0,0.012160724081184859
2025-01-27,RENDER,,-0.05,0.08181818181818182,0.0004805266044980803
2025-01-27,SHIB,,0.05,0.0,0.01583927591881514
2025-01-27,SOL,,-0.05,-0.05,-0.03478826110806363
2025-01-27,STX,,0.05,0.08181818181818182,0.032159078442128355
2025-01-27,SUI,,0.05,-0.085,-0.013073230938014265
2025-01-27,TAO,,0.0,0.0,-0.012160724081184859
2025-01-27,TON,,0.0,-0.085,-0.0079076198075101
2025-01-27,TRUMP,,0.0,0.0,0.0
2025-01-27,TRX,,0.0,-0.085,-0.0079076198075101
2025-01-27,UNI,,0.05,0.0,0.01583927591881514
2025-01-27,VET,,0.0,0.0,0.0
2025-01-27,WLD,,-0.05,0.08181818181818182,0.0004805266044980803
2025-01-27,XLM,,0.0,0.0,-0.012160724081184859
2025-01-27,XRP,,-0.05,-0.05,-0.031155837031865558
2025-01-27,ZEC,,0.0,0.0,0.0036324240761980743
2025-02-03,AAVE,,-0.05,-0.05,-0.039272315980002484
2025-02-03,ADA,,0.0,0.0,-0.0003638420099987584
2025-02-03,ALGO,,-0.05,0.0,-0.027999999999999997
2025-02-03,APT,,0.05,0.08181818181818182,0.04717329198727431
2025-02-03,ARB,,0.0,0.08181818181818182,0.019173291987274306
2025-02-03,ATOM,,0.0,0.0,0.00015593228999946813
2025-02-03,AVAX,,0.0,0.08181818181818182,0.019537133997273064
2025-02-03,BCH,,0.05,-0.085,0.007609922963909053
2025-02-03,BNB,,0.05,-0.085,0.007609922963909053
2025-02-03,BONK,,-0.05,0.05,-0.016155932289999467
2025-02-03,BTC,,0.05,-0.085,0.007136020756379884
2025-02-03,CAKE,,0.0,0.08181818181818182,0.020011036204802234
2025-02-03,CHZ,,0.0,0.0,0.0008377442175279276
2025-02-03,DASH,,0.05,0.0,0.02716225578247207
2025-02-03,DEXE,,0.0,0.0,-0.0003638420099987584
2025-02-03,DOGE,,0.0,0.0,-0.0004739022075291692
2025-02-03,DOT,,0.05,0.0,0.02716225578247207
2025-02-03,ENA,,0.0,0.08181818181818182,0.01901735969727484
2025-02-03,ETC,,0.0,0.0,0.0003638420099987584
2025-02-03,ETH,,0.05,-0.085,0.007609922963909053
2025-02-03,FET,,-0.05,0.08181818181818182,-0.007988963795197764
2025-02-03,FIL,,0.0,0.0,0.00015593228999946813
2025-02-03,HBAR,,-0.05,0.0,-0.02763615799000124
2025-02-03,ICP,,0.05,0.0,0.02763615799000124
2025-02-03,JST,,0.05,-0.085,0.007136020756379884
2025-02-03,JUP,,-0.05,0.0,-0.02748022570000177
2025-02-03,LINK,,-0.05,0.0,-0.027999999999999997
2025-02-03,LTC,,0.0,-0.085,-0.020863979243620115
2025-02-03,LUNC,,-0.05,0.0,-0.026688353574942893
2025-02-03,NEAR,,0.0,0.0,0.0
2025-02-03,NEXO,,0.0,-0.085,-0.020026235026092187
2025-02-03,PENGU,,-0.05,0.05,-0.016155932289999467
2025-02-03,PEPE,,0.05,0.08181818181818182,0.04717329198727431
2025-02-03,POL,,0.0,0.08181818181818182,0.019537133997273064
2025-02-03,QNT,,0.0,0.0,0.0003638420099987584
2025-02-03,RENDER,,-0.05,0.08181818181818182,-0.008099023992728174
2025-02-03,SHIB,,0.0,0.0,0.0004739022075291692
2025-02-03,SOL,,-0.05,-0.05,-0.039844067710000534
2025-02-03,STX,,0.05,0.08181818181818182,0.04717329198727431
2025-02-03,SUI,,0.05,-0.085,0.006981468583002106
2025-02-03,TAO,,0.0,0.0,-0.0003638420099987584
2025-02-03,TON,,0.0,-0.085,-0.020026235026092187
2025-02-03,TRUMP,,0.0,0.0,0.0
2025-02-03,TRX,,0.0,-0.085,-0.020026235026092187
2025-02-03,UNI,,0.0,0.0,0.0004739022075291692
2025-02-03,VET,,0.0,0.0,0.0
2025-02-03,WLD,,-0.05,0.08181818181818182,-0.008099023992728174
2025-02-03,XLM,,0.05,0.0,0.02679841377247331
2025-02-03,XRP,,-0.05,-0.05,-0.03973538762909181
2025-02-03,ZEC,,0.0,0.0,0.00010868008090872015
2025-02-10,AAVE,,0.0,-0.05,-0.02161019830713843
2025-02-10,ADA,,-0.08181818181818182,0.0,-0.02980101555342457
2025-02-10,ALGO,,0.0,0.0,-0.009866619057845468
2025-02-10,APT,,0.05,0.08181818181818182,0.04747318679500461
2025-02-10,ARB,,-0.08181818181818182,0.08181818181818182,-0.01019961838306644
2025-02-10,ATOM,,0.0,0.0,5.49473037229371e-05
2025-02-10,AVAX,,0.0,0.08181818181818182,0.01960139717035813
2025-02-10,BCH,,0.05,-0.085,0.007603496646600546
2025-02-10,BNB,,0.0,-0.085,-0.010529884295553986
2025-02-10,BONK,,0.0,0.05,0.002078433638431597
2025-02-10,BTC,,0.05,-0.085,0.007436503341159034
2025-02-10,CAKE,,-0.05,0.08181818181818182,0.0016350095336451105
2025-02-10,CHZ,,0.0,0.0,0.00029520368079503174
2025-02-10,DASH,,0.0,0.0,0.009571415377050436
2025-02-10,DEXE,,0.0,0.0,-0.0001282103753535197
2025-02-10,DOGE,,0.0,0.0,-0.00016699330544151214
2025-02-10,DOT,,0.05,0.0,0.027704796319204965
2025-02-10,ENA,,0.05,0.08181818181818182,0.037551620433436204
2025-02-10,ETC,,0.0,0.0,0.0001282103753535197
2025-02-10,ETH,,0.05,-0.085,0.007603496646600546
2025-02-10,FET,,-0.08181818181818182,0.08181818181818182,-0.019771033760116876
2025-02-10,FIL,,0.0,0.0,5.49473037229371e-05
2025-02-10,HBAR,,0.05,0.0,0.008394972259662587
2025-02-10,ICP,,0.05,0.0,0.027871789624646478
2025-02-10,JST,,0.05,-0.085,0.007436503341159034
2025-02-10,JUP,,0.0,0.0,-0.00968346137876901
2025-02-10,LINK,,0.0,0.0,-0.009866619057845468
2025-02-10,LTC,,-0.08181818181818182,-0.085,-0.05023630183691202
2025-02-10,LUNC,,-0.08181818181818182,0.0,-0.03907722724967997
2025-02-10,NEAR,,0.0,0.0,0.0
2025-02-10,NEXO,,0.05,-0.085,-0.0021349120358914037
2025-02-10,PENGU,,-0.08181818181818182,0.05,-0.027594371539639458
2025-02-10,PEPE,,0.0,0.08181818181818182,0.02933980585285008
2025-02-10,POL,,-0.08181818181818182,0.08181818181818182,-0.010071408007712924
2025-02-10,QNT,,0.0,0.0,0.0001282103753535197
2025-02-10,RENDER,,-0.08181818181818182,0.08181818181818182,-0.019809816690204866
2025-02-10,SHIB,,0.0,0.0,0.00016699330544151214
2025-02-10,SOL,,0.05,-0.05,-0.0036782908119680074
2025-02-10,STX,,0.0,0.08181818181818182,0.02933980585285008
2025-02-10,SUI,,0.0,-0.085,-0.010751338580255516
2025-02-10,TAO,,0.0,0.0,-0.0001282103753535197
2025-02-10,TON,,0.05,-0.085,-0.0021349120358914037
2025-02-10,TRUMP,,-0.05,0.0,-0.01813338094215453
2025-02-10,TRX,,0.05,-0.085,-0.0021349120358914037
2025-02-10,UNI,,0.0,0.0,0.00016699330544151214
2025-02-10,VET,,0.0,0.0,0.0
2025-02-10,WLD,,-0.08181818181818182,0.08181818181818182,-0.019809816690204866
2025-02-10,XLM,,0.0,0.0,0.009443205001696917
2025-02-10,XRP,,-0.08181818181818182,-0.05,-0.0514461803265685
2025-02-10,ZEC,,-0.08181818181818182,0.0,-0.02963450857244597
2025-02-17,AAVE,,0.0,-0.05,-0.01270305800529722
2025-02-17,ADA,,-0.07916666666666666,0.0,-0.0432701854123275
2025-02-17,ALGO,,0.05,0.0,0.025229773121082894
2025-02-17,APT,,0.0,0.08181818181818182,0.0216728358025195
2025-02-17,ARB,,-0.07916666666666666,0.08181818181818182,-0.0236363798349192
2025-02-17,ATOM,,0.0,0.0,4.019806929812632e-06
2025-02-17,AVAX,,0.0,0.08181818181818182,0.0196338055774083
2025-02-17,BCH,,0.05,-0.085,0.007600255805895529
2025-02-17,BNB,,0.05,-0.085,0.00627366313558445
2025-02-17,BONK,,0.0,0.05,0.011274163088767174
2025-02-17,BTC,,0.05,-0.085,0.007588038994496904
2025-02-17,CAKE,,-0.05,0.08181818181818182,-0.00763216050689006
2025-02-17,CHZ,,0.0,0.0,2.159636090152148e-05
2025-02-17,DASH,,0.0,0.0,0.0007002207434014911
2025-02-17,DEXE,,0.0,0.0,-9.379549502896127e-06
2025-02-17,DOGE,,0.0,0.0,-1.2216811398625379e-05
2025-02-17,DOT,,0.0,0.0,0.0020268134137125735
2025-02-17,ENA,,0.0,0.08181818181818182,0.020946998891286674
2025-02-17,ETC,,0.05,0.0,0.0259609697748888
2025-02-17,ETH,,0.0,-0.085,-0.018351334419490373
2025-02-17,FET,,0.0,0.08181818181818182,0.016753417278540326
2025-02-17,FIL,,0.0,0.0,4.019806929812632e-06
2025-02-17,HBAR,,0.05,0.0,0.026565745340896868
2025-02-17,ICP,,0.05,0.0,0.027990620450497102
2025-02-17,JST,,0.05,-0.085,0.007588038994496904
2025-02-17,JUP,,0.0,0.0,-0.0007084177478703033
2025-02-17,LINK,,0.05,0.0,0.025229773121082894
2025-02-17,LTC,,-0.07916666666666666,-0.085,-0.06367276686832771
2025-02-17,LUNC,,-0.07916666666666666,0.0,-0.04394880979482747
2025-02-17,NEAR,,-0.07916666666666666,0.0,-0.04109001785686102
2025-02-17,NEXO,,0.05,-0.085,0.006887818251095412
2025-02-17,PENGU,,-0.07916666666666666,0.05,-0.03198664277405743
2025-02-17,PEPE,,0.0,0.08181818181818182,0.020346243132208418
2025-02-17,POL,,0.0,0.08181818181818182,0.017463017571444712
2025-02-17,QNT,,0.0,0.0,9.379549502896127e-06
2025-02-17,RENDER,,-0.07916666666666666,0.08181818181818182,-0.02433943784021642
2025-02-17,SHIB,,0.0,0.0,1.2216811398625379e-05
2025-02-17,SOL,,0.05,-0.05,0.014560385598323785
2025-02-17,STX,,0.0,0.08181818181818182,0.020346243132208418
2025-02-17,SUI,,0.0,-0.085,-0.019694128129851912
2025-02-17,TAO,,-0.07916666666666666,0.0,-0.04109939740636392
2025-02-17,TON,,0.05,-0.085,0.006887818251095412
2025-02-17,TRUMP,,-0.07916666666666666,0.0,-0.042416610527172105
2025-02-17,TRX,,0.05,-0.085,0.006887818251095412
2025-02-17,UNI,,0.0,0.0,1.2216811398625379e-05
2025-02-17,VET,,0.0,0.0,0.0
2025-02-17,WLD,,-0.07916666666666666,0.08181818181818182,-0.02433943784021642
2025-02-17,XLM,,0.0,0.0,0.0006908411938985944
2025-02-17,XRP,,-0.07916666666666666,-0.05,-0.05597580147658005
2025-02-17,ZEC,,-0.07916666666666666,0.0,-0.04325800417920686
2025-02-24,AAVE,,0.0,-0.07916666666666666,-0.016476786909991843
2025-02-24,ADA,,-0.05,0.0,-0.03411883224454809
2025-02-24,ALGO,,-0.08181818181818182,0.0,-0.01734894546951127
2025-02-24,APT,,0.0,0.0,0.00868440316593639
2025-02-24,ARB,,0.0,0.085,0.0027544237616430635
2025-02-24,ATOM,,0.05,0.0,0.0167818843257269
2025-02-24,AVAX,,0.05,0.085,0.03687325600619115
2025-02-24,BCH,,0.05,-0.07916666666666666,0.008439116181124355
2025-02-24,BNB,,0.0,-0.07916666666666666,-0.008872729062803873
2025-02-24,BONK,,0.0,0.085,0.016743235943562296
2025-02-24,BTC,,0.05,-0.07916666666666666,0.008434220849634069
2025-02-24,CAKE,,-0.05,0.0,-0.019838514747724644
2025-02-24,CHZ,,0.0,0.0,8.653759327797557e-06
2025-02-24,DASH,,0.05,0.0,0.017060855184543616
2025-02-24,DEXE,,0.0,-0.07916666666666666,-0.011390372636689246
2025-02-24,DOGE,,0.0,0.0,-4.895331490285928e-06
2025-02-24,DOT,,0.0,0.0,0.0008121532865930537
2025-02-24,ENA,,-0.08181818181818182,0.085,-0.00683944455410344
2025-02-24,ETC,,0.0,-0.07916666666666666,-0.0009839363978744672
2025-02-24,ETH,,0.0,-0.07916666666666666,-0.018740076772954792
2025-02-24,FET,,0.05,0.085,0.03571907140894951
2025-02-24,FIL,,0.0,0.085,0.012227238642186208
2025-02-24,HBAR,,-0.08181818181818182,0.05,-0.00962206955256805
2025-02-24,ICP,,0.05,0.0,0.027996241572162486
2025-02-24,JST,,0.05,-0.07916666666666666,0.008434220849634069
2025-02-24,JUP,,-0.08181818181818182,0.0,-0.027742495670026013
2025-02-24,LINK,,0.0,0.0,0.010109684010207735
2025-02-24,LTC,,-0.08181818181818182,-0.07916666666666666,-0.06435920887585612
2025-02-24,LUNC,,0.0,0.0,-0.01761048652788512
2025-02-24,NEAR,,-0.08181818181818182,0.0,-0.043923585169690284
2025-02-24,NEXO,,0.05,-0.07916666666666666,0.008153639236029847
2025-02-24,PENGU,,-0.08181818181818182,0.05,-0.03308427585320972
2025-02-24,PEPE,,0.05,0.085,0.037158732951285654
2025-02-24,POL,,0.0,0.085,0.019223137879451846
2025-02-24,QNT,,0.0,0.0,3.7584278375116396e-06
2025-02-24,RENDER,,0.0,0.085,0.002472705244386062
2025-02-24,SHIB,,0.05,0.0,0.01678516890242968
2025-02-24,SOL,,0.0,-0.07916666666666666,-0.005552201954750778
2025-02-24,STX,,0.0,0.0,0.008152831492947555
2025-02-24,SUI,,0.0,0.0,-0.00789152606699305
2025-02-24,TAO,,-0.08181818181818182,0.0,-0.0439273435975278
2025-02-24,TON,,0.05,0.0,0.01954025344488158
2025-02-24,TRUMP,,-0.08181818181818182,0.05,-0.03726361102656224
2025-02-24,TRX,,0.05,-0.07916666666666666,0.008153639236029847
2025-02-24,UNI,,0.0,0.0,4.895331490285928e-06
2025-02-24,VET,,0.0,0.0,0.0
2025-02-24,WLD,,0.0,0.085,0.002472705244386062
2025-02-24,XLM,,-0.08181818181818182,0.0,-0.027181806293952303
2025-02-24,XRP,,-0.08181818181818182,-0.05,-0.05707993169635857
2025-02-24,ZEC,,0.0,0.0,-0.017333677598495044
2025-03-03,AAVE,,0.0,-0.07916666666666666,-0.01891256633488763
2025-03-03,ADA,,-0.05,0.0,-0.028212028041336316
2025-03-03,ALGO,,-0.08181818181818182,0.0,-0.04483167390619783
2025-03-03,APT,,0.0,0.0,0.0003009294780207568
2025-03-03,ARB,,0.0,0.085,0.01978855049157409
2025-03-03,ATOM,,0.0,0.0,0.0005815211009726519
2025-03-03,AVAX,,0.0,0.085,0.020970826599885393
2025-03-03,BCH,,0.05,-0.07916666666666666,0.008980564412819227
2025-03-03,BNB,,0.05,-0.07916666666666666,0.008380679256258818
2025-03-03,BONK,,0.0,0.085,0.020273286847959204
2025-03-03,BTC,,0.05,-0.07916666666666666,0.008980394781179383
2025-03-03,CAKE,,-0.05,0.0,-0.027717190525369105
2025-03-03,CHZ,,0.05,0.0,0.027030051800641438
2025-03-03,DASH,,0.05,0.0,0.027620939853158714
2025-03-03,DEXE,,0.05,-0.07916666666666666,0.00829343858444117
2025-03-03,DOGE,,0.0,0.0,-1.696316398447029e-07
2025-03-03,DOT,,0.0,0.0,2.814250558586754e-05
2025-03-03,ENA,,0.05,0.085,0.0464858584178789
2025-03-03,ETC,,0.05,-0.07916666666666666,0.008654039464612897
2025-03-03,ETH,,0.0,-0.07916666666666666,-0.018990993213978482
2025-03-03,FET,,0.0,0.085,0.020930832122228037
2025-03-03,FIL,,0.0,0.085,0.020116799788954764
2025-03-03,HBAR,,-0.08181818181818182,0.05,-0.03297974499125248
2025-03-03,ICP,,0.0,0.0,0.000970117830998405
2025-03-03,JST,,0.05,-0.07916666666666666,0.008980394781179383
2025-03-03,JUP,,-0.08181818181818182,0.0,-0.04519182826302129
2025-03-03,LINK,,0.05,0.0,0.027380069839047585
2025-03-03,LTC,,-0.08181818181818182,-0.07916666666666666,-0.06480227761782163
2025-03-03,LUNC,,0.0,0.0,-0.0006102335897203402
2025-03-03,NEAR,,0.0,0.0,-0.0015220276287679635
2025-03-03,NEXO,,0.05,-0.07916666666666666,0.008970672146599802
2025-03-03,PENGU,,-0.08181818181818182,0.05,-0.03379275071661555
2025-03-03,PEPE,,0.0,0.085,0.02098071886610482
2025-03-03,POL,,0.0,0.085,0.020359219707230074
2025-03-03,QNT,,0.0,0.0,1.3023597657895136e-07
2025-03-03,RENDER,,0.0,0.085,0.019778788461331246
2025-03-03,SHIB,,0.0,0.0,0.0005816349171939642
2025-03-03,SOL,,0.0,-0.07916666666666666,-0.01853401071219739
2025-03-03,STX,,0.0,0.0,0.00028250960701446844
2025-03-03,SUI,,-0.08181818181818182,0.0,-0.044503958088559795
2025-03-03,TAO,,-0.08181818181818182,0.0,-0.04575266102787639
2025-03-03,TON,,0.05,0.0,0.02770685525920707
2025-03-03,TRUMP,,-0.08181818181818182,0.05,-0.03393757185494361
2025-03-03,TRX,,0.05,-0.07916666666666666,0.008970672146599802
2025-03-03,UNI,,0.0,0.0,1.696316398447029e-07
2025-03-03,VET,,0.0,0.0,0.0
2025-03-03,WLD,,0.0,0.085,0.019778788461331246
2025-03-03,XLM,,-0.08181818181818182,0.0,-0.0451723994136174
2025-03-03,XRP,,-0.08181818181818182,-0.05,-0.05779260018412314
2025-03-03,ZEC,,-0.08181818181818182,0.0,-0.04483114484825711
2025-03-10,AAVE,,0.08181818181818182,-0.07916666666666666,0.02588104973579948
2025-03-10,ADA,,-0.05,0.0,-0.028004344960183808
2025-03-10,ALGO,,-0.07916666666666666,0.0,-0.04434354552004895
2025-03-10,APT,,0.0,0.0,6.1667626220300825e-06
2025-03-10,ARB,,0.0,0.085,0.020387469941467284
2025-03-10,ATOM,,-0.07916666666666666,0.0,-0.04341292085888543
2025-03-10,AVAX,,0.0,0.085,0.020411697598264507
2025-03-10,BCH,,0.08181818181818182,-0.07916666666666666,0.026452646500721575
2025-03-10,BNB,,0.08181818181818182,-0.07916666666666666,0.02644035342333574
2025-03-10,BONK,,0.0,0.085,0.02039740334534568
2025-03-10,BTC,,0.08181818181818182,-0.07916666666666666,0.026452643024564758
2025-03-10,CAKE,,-0.07916666666666666,0.0,-0.04399282894318715
2025-03-10,CHZ,,0.05,0.0,0.027980123448389134
2025-03-10,DASH,,0.05,0.0,0.027992232153658002
2025-03-10,DEXE,,0.08181818181818182,-0.07916666666666666,0.02643856565393002
2025-03-10,DOGE,,0.0,0.0,-3.476156815836546e-09
2025-03-10,DOT,,0.0,0.0,5.76707050032603e-07
2025-03-10,ENA,,0.0,0.085,0.02093456144513649
2025-03-10,ETC,,0.08181818181818182,-0.07916666666666666,0.026445955225878705
2025-03-10,ETH,,0.0,-0.07916666666666666,-0.01899981542947621
2025-03-10,FET,,0.0,0.085,0.02041087801604369
2025-03-10,FIL,,0.0,0.085,0.020394196552336746
2025-03-10,HBAR,,-0.07916666666666666,0.05,-0.03234657984968234
2025-03-10,ICP,,0.0,0.0,1.988002776767933e-05
2025-03-10,JST,,0.08181818181818182,-0.07916666666666666,0.026452643024564758
2025-03-10,JUP,,-0.07916666666666666,0.0,-0.04435092594166942
2025-03-10,LINK,,0.08181818181818182,0.0,0.045440340934923815
2025-03-10,LTC,,0.0,-0.07916666666666666,-0.019938597891689253
2025-03-10,LUNC,,0.0,0.0,-1.2505141458873915e-05
2025-03-10,NEAR,,0.0,0.0,-3.118997564650677e-05
2025-03-10,NEXO,,0.08181818181818182,-0.07916666666666666,0.02645244378459695
2025-03-10,PENGU,,-0.07916666666666666,0.05,-0.03236324027574509
2025-03-10,PEPE,,-0.07916666666666666,0.085,-0.02301293729859093
2025-03-10,POL,,0.0,0.085,0.02039916431455362
2025-03-10,QNT,,0.0,0.0,2.6688457298798493e-09
2025-03-10,RENDER,,0.0,0.085,0.020387269894188393
2025-03-10,SHIB,,0.0,0.0,1.1919086460422798e-05
2025-03-10,SOL,,0.0,-0.07916666666666666,-0.018990450768262425
2025-03-10,STX,,0.0,0.0,5.7892955398044024e-06
2025-03-10,SUI,,0.0,0.0,-0.0009119922284715337
2025-03-10,TAO,,-0.07916666666666666,0.0,-0.04436241874242216
2025-03-10,TON,,-0.07916666666666666,0.0,-0.042857058077022836
2025-03-10,TRUMP,,-0.07916666666666666,0.05,-0.03236620800622
2025-03-10,TRX,,0.08181818181818182,-0.07916666666666666,0.02645244378459695
2025-03-10,UNI,,0.08181818181818182,0.0,0.04487926148765774
2025-03-10,VET,,0.0,0.0,0.0
2025-03-10,WLD,,0.0,0.085,0.020387269894188393
2025-03-10,XLM,,0.0,0.0,-0.0009256901852336824
2025-03-10,XRP,,-0.07916666666666666,-0.05,-0.056363237190975336
2025-03-10,ZEC,,-0.07916666666666666,0.0,-0.04434353467839012
2025-03-17,AAVE,,0.0,-0.07916666666666666,-0.01690564314486577
2025-03-17,ADA,,-0.05,0.0,-0.028000202755889173
2025-03-17,ALGO,,-0.08181818181818182,0.0,-0.045749368484759245
2025-03-17,APT,,0.0,0.0,2.877695964658396e-07
2025-03-17,ARB,,0.0,0.085,0.020399415289657045
2025-03-17,ATOM,,-0.08181818181818182,0.0,-0.04570594124430613
2025-03-17,AVAX,,0.0,0.085,0.020400545863905994
2025-03-17,BCH,,0.05,-0.07916666666666666,0.009814421009628586
2025-03-17,BNB,,0.05,-0.07916666666666666,0.009813847357919344
2025-03-17,BONK,,-0.08181818181818182,0.085,-0.023280215228182865
2025-03-17,BTC,,0.05,-0.07916666666666666,0.009814420847415076
2025-03-17,CAKE,,-0.05,0.0,-0.028746299187013803
2025-03-17,CHZ,,0.05,0.0,0.027999072468394393
2025-03-17,DASH,,0.05,0.0,0.027999637516449998
2025-03-17,DEXE,,0.05,-0.07916666666666666,0.009813763932350374
2025-03-17,DOGE,,0.0,0.0,-1.6221351549542085e-10
2025-03-17,DOT,,0.0,0.0,2.6911811794736047e-08
2025-03-17,ENA,,0.0,0.085,0.020424945103416758
2025-03-17,ETC,,0.05,-0.07916666666666666,0.009814108763871881
2025-03-17,ETH,,0.05,-0.07916666666666666,0.007693399425093186
2025-03-17,FET,,0.0,0.085,0.02040050761841814
2025-03-17,FIL,,0.0,0.085,0.020399729184355793
2025-03-17,HBAR,,-0.08181818181818182,0.05,-0.033749510080579886
2025-03-17,ICP,,0.0,0.0,9.276938191195478e-07
2025-03-17,JST,,0.05,-0.07916666666666666,0.009814420847415076
2025-03-17,JUP,,-0.08181818181818182,0.0,-0.04574971288928422
2025-03-17,LINK,,0.0,0.0,0.0021204559629714598
2025-03-17,LTC,,0.05,-0.07916666666666666,0.007649591504004228
2025-03-17,LUNC,,0.05,0.0,0.02669280726458364
2025-03-17,NEAR,,0.0,0.0,-1.4554681695563439e-06
2025-03-17,NEXO,,0.05,-0.07916666666666666,0.009814411549958914
2025-03-17,PENGU,,-0.08181818181818182,0.05,-0.03375028753292869
2025-03-17,PEPE,,-0.08181818181818182,0.085,-0.02530594201145864
2025-03-17,POL,,0.0,0.085,0.020399961003061344
2025-03-17,QNT,,0.05,0.0,0.026693390936721618
2025-03-17,RENDER,,0.0,0.085,0.020399405954528025
2025-03-17,SHIB,,0.0,0.0,5.561995671284946e-07
2025-03-17,SOL,,0.0,-0.07916666666666666,-0.018999554388788396
2025-03-17,STX,,0.0,0.0,2.70155240832435e-07
2025-03-17,SUI,,0.0,0.0,-4.2557765176445025e-05
2025-03-17,TAO,,0.0,0.0,-0.002070155140097292
2025-03-17,TON,,-0.08181818181818182,0.0,-0.04568000212223655
2025-03-17,TRUMP,,0.0,0.05,0.009929668035370813
2025-03-17,TRX,,0.0,-0.07916666666666666,-0.01687897926222206
2025-03-17,UNI,,0.0,0.0,0.0020942734072252334
2025-03-17,VET,,0.0,0.0,0.0
2025-03-17,WLD,,0.0,0.085,0.020399405954528025
2025-03-17,XLM,,-0.08181818181818182,0.0,-0.04372329103133542
2025-03-17,XRP,,-0.08181818181818182,-0.05,-0.0577502873889791
2025-03-17,ZEC,,-0.08181818181818182,0.0,-0.04574936797883743
2025-03-24,AAVE,,0.0,-0.05,-0.012139054530105681
2025-03-24,ADA,,0.0,0.07916666666666666,0.01766774020936846
2025-03-24,ALGO,,0.0,0.07916666666666666,0.017164625362382696
2025-03-24,APT,,0.0,0.0,8.15706826476751e-09
2025-03-24,ARB,,0.0,0.0,0.0005782383723738072
2025-03-24,ATOM,,-0.07916666666666666,0.0,-0.04437224104480832
2025-03-24,AVAX,,0.0,0.0,0.0005782704194400752
2025-03-24,BCH,,0.05,-0.07916666666666666,0.009023085440065207
2025-03-24,BNB,,0.05,-0.07916666666666666,0.009023069179430972
2025-03-24,BONK,,-0.07916666666666666,0.05,-0.03207671518013145
2025-03-24,BTC,,0.05,-0.07916666666666666,0.009023085435467131
2025-03-24,CAKE,,-0.05,0.0,-0.028021154470413742
2025-03-24,CHZ,,0.05,-0.07916666666666666,0.009538544491827006
2025-03-24,DASH,,0.05,-0.07916666666666666,0.009538560508583531
2025-03-24,DEXE,,0.05,-0.07916666666666666,0.009023066814663916
2025-03-24,DOGE,,0.0,0.07916666666666666,0.018461429211921048
2025-03-24,DOT,,0.0,0.0,7.628376612200469e-10
2025-03-24,ENA,,0.05,0.0,0.02778527877628613
2025-03-24,ETC,,0.05,-0.07916666666666666,0.009023076589199848
2025-03-24,ETH,,0.0,-0.07916666666666666,-0.018243353418834714
2025-03-24,FET,,0.0,0.0,0.0005782693353399496
2025-03-24,FIL,,0.0,0.0,0.0005782472699797994
2025-03-24,HBAR,,0.0,0.0,-0.0009566578992733499
2025-03-24,ICP,,0.0,0.0,2.629625194703061e-08
2025-03-24,JST,,0.05,-0.07916666666666666,0.009023085435467131
2025-03-24,JUP,,-0.07916666666666666,0.07916666666666666,-0.025912052571927618
2025-03-24,LINK,,0.0,0.0,6.0106085753380833e-05
2025-03-24,LTC,,0.05,0.0,0.027423150765902928
2025-03-24,LUNC,,0.05,-0.07916666666666666,0.00950151731949805
2025-03-24,NEAR,,0.0,0.0,-4.1256454337338853e-08
2025-03-24,NEXO,,0.05,-0.07916666666666666,0.009023085171923012
2025-03-24,PENGU,,-0.07916666666666666,0.07916666666666666,-0.025571918892164845
2025-03-24,PEPE,,-0.07916666666666666,0.07916666666666666,-0.025332556903560562
2025-03-24,POL,,0.0,0.07916666666666666,0.019039683057592707
2025-03-24,QNT,,0.05,0.0,0.027962963080688782
2025-03-24,RENDER,,-0.07916666666666666,0.07916666666666666,-0.024037000847597006
2025-03-24,SHIB,,-0.07916666666666666,0.0,-0.043076652405939185
2025-03-24,SOL,,0.0,0.0,-0.0005385581522609102
2025-03-24,STX,,0.0,0.0,7.657774721925733e-09
2025-03-24,SUI,,0.0,0.0,-1.2063352070670072e-06
2025-03-24,TAO,,0.0,0.07916666666666666,0.018402748949375484
2025-03-24,TON,,-0.07916666666666666,0.0,-0.04437150577884538
2025-03-24,TRUMP,,-0.07916666666666666,0.07916666666666666,-0.02433377426622648
2025-03-24,TRX,,0.0,-0.07916666666666666,-0.018939877905235564
2025-03-24,UNI,,0.0,0.0,5.936391946065583e-05
2025-03-24,VET,,0.0,0.0,0.0
2025-03-24,WLD,,0.0,0.07916666666666666,0.019039667324280946
2025-03-24,XLM,,-0.07916666666666666,0.07916666666666666,-0.02585461196099613
2025-03-24,XRP,,-0.07916666666666666,0.0,-0.044713648041632074
2025-03-24,ZEC,,-0.07916666666666666,0.0,-0.04437347201167361
2025-03-31,AAVE,,-0.085,-0.05,-0.0596
2025-03-31,ADA,,0.05,0.07916666666666666,0.047
2025-03-31,ALGO,,0.05,0.07916666666666666,0.047
2025-03-31,APT,,-0.085,0.0,-0.0476
2025-03-31,ARB,,0.0,0.0,0.0
2025-03-31,ATOM,,-0.085,0.0,-0.0476
2025-03-31,AVAX,,0.0,0.0,0.0
2025-03-31,BCH,,0.05,-0.07916666666666666,0.009
2025-03-31,BNB,,0.0,-0.07916666666666666,-0.019
2025-03-31,BONK,,-0.05,0.05,-0.015999999999999997
2025-03-31,BTC,,0.05,-0.07916666666666666,0.009
2025-03-31,CAKE,,-0.05,0.0,-0.027999999999999997
2025-03-31,CHZ,,0.05,-0.07916666666666666,0.009
2025-03-31,DASH,,0.05,-0.07916666666666666,0.009
2025-03-31,DEXE,,0.0,-0.07916666666666666,-0.019
2025-03-31,DOGE,,0.0,0.07916666666666666,0.019
2025-03-31,DOT,,0.0,0.0,0.0
2025-03-31,ENA,,0.0,0.0,0.0
2025-03-31,ETC,,0.05,-0.07916666666666666,0.009
2025-03-31,ETH,,0.0,-0.07916666666666666,-0.019
2025-03-31,FET,,0.0,0.0,0.0
2025-03-31,FIL,,0.0,0.0,0.0
2025-03-31,HBAR,,0.05,0.0,0.027999999999999997
2025-03-31,ICP,,0.0,0.0,0.0
2025-03-31,JST,,0.05,-0.07916666666666666,0.009
2025-03-31,JUP,,-0.085,0.07916666666666666,-0.028600000000000004
2025-03-31,LINK,,0.0,0.0,0.0
2025-03-31,LTC,,0.05,0.0,0.027999999999999997
2025-03-31,LUNC,,0.0,-0.07916666666666666,-0.019
2025-03-31,NEAR,,0.0,0.0,0.0
2025-03-31,NEXO,,0.0,-0.07916666666666666,-0.019
2025-03-31,PENGU,,-0.085,0.07916666666666666,-0.028600000000000004
2025-03-31,PEPE,,-0.085,0.07916666666666666,-0.028600000000000004
2025-03-31,POL,,0.05,0.07916666666666666,0.047
2025-03-31,QNT,,0.05,0.0,0.027999999999999997
2025-03-31,RENDER,,-0.085,0.07916666666666666,-0.028600000000000004
2025-03-31,SHIB,,-0.085,0.0,-0.0476
2025-03-31,SOL,,0.0,0.0,0.0
2025-03-31,STX,,0.05,0.0,0.027999999999999997
2025-03-31,SUI,,0.0,0.0,0.0
2025-03-31,TAO,,0.0,0.07916666666666666,0.019
2025-03-31,TON,,-0.05,0.0,-0.027999999999999997
2025-03-31,TRUMP,,0.0,0.07916666666666666,0.019
2025-03-31,TRX,,0.0,-0.07916666666666666,-0.019
2025-03-31,UNI,,0.0,0.0,0.0
2025-03-31,VET,,0.0,0.0,0.0
2025-03-31,WLD,,0.0,0.07916666666666666,0.019
2025-03-31,XLM,,-0.085,0.07916666666666666,-0.028600000000000004
2025-03-31,XRP,,0.0,0.0,0.0
2025-03-31,ZEC,,-0.085,0.0,-0.0476
2025-04-07,AAVE,,0.0,-0.05,-0.0336677966101695
2025-04-07,ADA,,0.0,0.07916666666666666,0.03174576271186441
2025-04-07,ALGO,,0.0,0.07916666666666666,0.03174576271186441
2025-04-07,APT,,0.0,0.0,-0.021667796610169498
2025-04-07,ARB,,0.0,0.0,0.0
2025-04-07,ATOM,,0.05,0.0,-0.006413559322033906
2025-04-07,AVAX,,-0.07916666666666666,0.0,-0.024152542372881353
2025-04-07,BCH,,-0.07916666666666666,-0.07916666666666666,-0.030406779661016944
2025-04-07,BNB,,0.05,-0.07916666666666666,-0.003745762711864411
2025-04-07,BONK,,-0.07916666666666666,0.05,-0.02489830508474576
2025-04-07,BTC,,0.05,-0.07916666666666666,0.009
2025-04-07,CAKE,,-0.05,0.0,-0.027999999999999997
2025-04-07,CHZ,,0.05,-0.07916666666666666,0.009
2025-04-07,DASH,,0.05,-0.07916666666666666,0.009
2025-04-07,DEXE,,0.05,-0.07916666666666666,-0.003745762711864411
2025-04-07,DOGE,,0.0,0.07916666666666666,0.019
2025-04-07,DOT,,0.05,0.0,0.015254237288135589
2025-04-07,ENA,,0.0,0.0,0.0
2025-04-07,ETC,,0.0,-0.07916666666666666,-0.006254237288135589
2025-04-07,ETH,,0.05,-0.07916666666666666,-0.003745762711864411
2025-04-07,FET,,-0.07916666666666666,0.0,-0.024152542372881353
2025-04-07,FIL,,0.0,0.0,0.0
2025-04-07,HBAR,,-0.07916666666666666,0.0,-0.011406779661016948
2025-04-07,ICP,,0.0,0.0,0.0
2025-04-07,JST,,0.05,-0.07916666666666666,0.009
2025-04-07,JUP,,-0.07916666666666666,0.07916666666666666,-0.026820338983050848
2025-04-07,LINK,,0.0,0.0,0.0
2025-04-07,LTC,,0.0,0.0,0.012745762711864408
2025-04-07,LUNC,,0.05,-0.07916666666666666,-0.003745762711864411
2025-04-07,NEAR,,0.0,0.0,0.0
2025-04-07,NEXO,,0.05,-0.07916666666666666,-0.003745762711864411
2025-04-07,PENGU,,-0.07916666666666666,0.07916666666666666,-0.026820338983050848
2025-04-07,PEPE,,0.0,0.07916666666666666,-0.0026677966101694983
2025-04-07,POL,,0.0,0.07916666666666666,0.03174576271186441
2025-04-07,QNT,,0.05,0.0,0.027999999999999997
2025-04-07,RENDER,,-0.07916666666666666,0.07916666666666666,-0.026820338983050848
2025-04-07,SHIB,,0.05,0.0,-0.006413559322033906
2025-04-07,SOL,,-0.07916666666666666,0.0,-0.024152542372881353
2025-04-07,STX,,0.0,0.0,0.012745762711864408
2025-04-07,SUI,,0.0,0.0,0.0
2025-04-07,TAO,,-0.07916666666666666,0.07916666666666666,-0.005152542372881354
2025-04-07,TON,,0.0,0.0,-0.012745762711864408
2025-04-07,TRUMP,,0.0,0.07916666666666666,0.019
2025-04-07,TRX,,0.0,-0.07916666666666666,-0.019
2025-04-07,UNI,,0.0,0.0,0.0
2025-04-07,VET,,0.0,0.0,0.0
2025-04-07,WLD,,-0.07916666666666666,0.07916666666666666,-0.005152542372881354
2025-04-07,XLM,,0.0,0.07916666666666666,-0.0026677966101694983
2025-04-07,XRP,,0.0,0.0,0.0
2025-04-07,ZEC,,-0.07916666666666666,0.0,-0.04582033898305085
2025-04-14,AAVE,,0.0,-0.05,-0.01601115096770368
2025-04-14,ADA,,0.0,0.07916666666666666,0.02135950056923746
2025-04-14,ALGO,,0.0,0.07916666666666666,0.02135950056923746
2025-04-14,APT,,0.0,0.0,-0.004011150967703679
2025-04-14,ARB,,0.0,0.0,0.0
2025-04-14,ATOM,,0.07916666666666666,0.0,0.034939048753100756
2025-04-14,AVAX,,-0.05,0.0,-0.027287757141998797
2025-04-14,BCH,,-0.05,-0.07916666666666666,-0.04392825657276134
2025-04-14,BNB,,0.07916666666666666,-0.07916666666666666,0.019950199720804432
2025-04-14,BONK,,-0.05,0.05,-0.017647257711236257
2025-04-14,BTC,,0.07916666666666666,-0.07916666666666666,0.022309700290041888
2025-04-14,CAKE,,-0.05,0.0,-0.027999999999999997
2025-04-14,CHZ,,0.07916666666666666,-0.07916666666666666,0.022309700290041888
2025-04-14,DASH,,0.07916666666666666,-0.07916666666666666,0.022309700290041888
2025-04-14,DEXE,,0.07916666666666666,-0.07916666666666666,0.019950199720804432
2025-04-14,DOGE,,0.0,0.07916666666666666,0.019
2025-04-14,DOT,,0.0,0.0,0.0028238703621192972
2025-04-14,ENA,,0.0,0.0,0.0
2025-04-14,ETC,,0.0,-0.07916666666666666,-0.01664049943076254
2025-04-14,ETH,,0.07916666666666666,-0.07916666666666666,0.019950199720804432
2025-04-14,FET,,-0.05,0.0,-0.027287757141998797
2025-04-14,FIL,,0.05,0.0,0.022816629068643242
2025-04-14,HBAR,,-0.05,0.0,-0.024928256572761338
2025-04-14,ICP,,0.0,0.0,0.0
2025-04-14,JST,,0.07916666666666666,-0.07916666666666666,0.022309700290041888
2025-04-14,JUP,,0.0,0.07916666666666666,0.010517720958940768
2025-04-14,LINK,,0.0,0.0,0.0
2025-04-14,LTC,,0.0,0.0,0.002359500569237458
2025-04-14,LUNC,,0.07916666666666666,-0.07916666666666666,0.019950199720804432
2025-04-14,NEAR,,0.0,0.0,0.0
2025-04-14,NEXO,,0.07916666666666666,-0.07916666666666666,0.019950199720804432
2025-04-14,ONDO,,0.0,0.0,0.0
2025-04-14,PENGU,,-0.05,0.07916666666666666,-0.012298908109702479
2025-04-14,PEPE,,0.0,0.07916666666666666,0.01498884903229632
2025-04-14,POL,,0.0,0.07916666666666666,0.02135950056923746
2025-04-14,QNT,,0.07916666666666666,0.0,0.04130970029004189
2025-04-14,RENDER,,-0.05,0.07916666666666666,-0.012298908109702479
2025-04-14,SHIB,,0.0,0.0,-0.0011872806055843819
2025-04-14,SOL,,-0.05,0.0,-0.027287757141998797
2025-04-14,STX,,0.0,0.0,0.002359500569237458
2025-04-14,SUI,,-0.05,0.0,-0.022816629068643242
2025-04-14,TAO,,-0.05,0.07916666666666666,-0.008287757141998798
2025-04-14,TON,,0.0,0.0,-0.002359500569237458
2025-04-14,TRUMP,,0.0,0.07916666666666666,0.019
2025-04-14,TRX,,0.0,-0.07916666666666666,-0.019
2025-04-14,UNI,,0.07916666666666666,0.0,0.036126329358685136
2025-04-14,VET,,0.0,0.0,0.0
2025-04-14,VIRTUAL,,0.0,0.0,0.0
2025-04-14,WLD,,-0.05,0.07916666666666666,-0.008287757141998798
2025-04-14,XLM,,0.0,0.07916666666666666,0.01498884903229632
2025-04-14,XRP,,0.0,0.0,0.0
2025-04-14,ZEC,,-0.05,0.0,-0.03129890810970248
2025-04-21,AAVE,,0.0,-0.05,-0.013712640669201498
2025-04-21,ADA,,0.0,0.085,0.020809677848136147
2025-04-21,ALGO,,0.0,0.085,0.020809677848136147
2025-04-21,APT,,0.0,0.0,-0.0017126406692014986
2025-04-21,ARB,,0.0,0.0,0.0
2025-04-21,ATOM,,0.0,0.0,0.014917921643829473
2025-04-21,AVAX,,0.0,0.0,-0.011651050541095775
2025-04-21,BCH,,0.0,-0.05,-0.025632404051477396
2025-04-21,BNB,,0.08181818181818182,-0.085,0.02308351812842412
2025-04-21,BONK,,-0.085,0.085,-0.023121266719236977
2025-04-21,BTC,,0.08181818181818182,-0.085,0.024090953816189708
2025-04-21,CAKE,,0.0,0.0,-0.011955156792588843
2025-04-21,CHZ,,0.08181818181818182,-0.085,0.024090953816189708
2025-04-21,DASH,,0.08181818181818182,-0.085,0.024090953816189708
2025-04-21,DEXE,,0.08181818181818182,-0.085,0.02308351812842412
2025-04-21,DOGE,,0.0,0.0,0.008112427823542429
2025-04-21,DOT,,0.0,0.0,0.0012057076050386013
2025-04-21,ENA,,0.0,0.0,0.0
2025-04-21,ETC,,0.08181818181818182,-0.085,0.007460391503158737
2025-04-21,ETH,,0.0,-0.085,-0.0031716798473395875
2025-04-21,FET,,-0.085,0.0,-0.038927283993694745
2025-04-21,FIL,,0.08181818181818182,0.0,0.035997211475548366
2025-04-21,HBAR,,-0.085,0.0,-0.03791984830592915
2025-04-21,ICP,,0.08181818181818182,0.0,0.026255197975763707
2025-04-21,JST,,-0.085,-0.05,-0.024627024649949612
2025-04-21,JUP,,0.0,0.085,0.016180564449857944
2025-04-21,LINK,,0.0,-0.085,-0.01168981433682813
2025-04-21,LTC,,0.05,0.0,0.017052278895176742
2025-04-21,LUNC,,0.08181818181818182,0.0,0.03477333246525225
2025-04-21,NEAR,,0.0,0.0,0.0
2025-04-21,NEXO,,0.08181818181818182,-0.085,0.02308351812842412
2025-04-21,ONDO,,0.0,0.085,0.01168981433682813
2025-04-21,PENGU,,-0.05,0.05,-0.014419745219561216
2025-04-21,PEPE,,0.0,0.085,0.01808960149116906
2025-04-21,POL,,-0.085,0.085,-0.0064665556044628154
2025-04-21,QNT,,0.0,0.0,0.01763799800079656
2025-04-21,RENDER,,-0.085,0.085,-0.020837682502525677
2025-04-21,SHIB,,0.0,0.0,-0.0005069330641628971
2025-04-21,SOL,,0.0,0.0,-0.011651050541095775
2025-04-21,STX,,-0.085,0.0,-0.02626879776483338
2025-04-21,SUI,,-0.05,0.05,-0.018910495332591027
2025-04-21,TAO,,-0.085,0.085,-0.019125041833324183
2025-04-21,TON,,0.05,0.0,0.015037407519645567
2025-04-21,TRUMP,,-0.05,0.05,-0.0010560540092639445
2025-04-21,TRX,,0.0,-0.085,-0.019802242160370558
2025-04-21,UNI,,0.0,0.0,0.015424854707992371
2025-04-21,VET,,0.0,0.0,0.0
2025-04-21,VIRTUAL,,0.0,0.0,0.0
2025-04-21,WLD,,-0.085,0.085,-0.019125041833324183
2025-04-21,XLM,,-0.085,0.0,-0.020876446298258033
2025-04-21,XRP,,0.0,0.0,0.0
2025-04-21,ZEC,,0.08181818181818182,0.0,0.012891506765466437
2025-04-28,AAVE,,0.0,-0.05,-0.012
2025-04-28,ADA,,0.0,0.085,0.0204
2025-04-28,ALGO,,0.0,0.085,0.0204
2025-04-28,APT,,0.0,0.0,0.0
2025-04-28,ARB,,0.0,0.0,0.0
2025-04-28,ATOM,,0.05,0.0,0.027999999999999997
2025-04-28,AVAX,,0.0,0.0,0.0
2025-04-28,BCH,,-0.0888888888888889,-0.05,-0.06177777777777778
2025-04-28,BNB,,0.05,-0.085,0.007599999999999996
2025-04-28,BONK,,-0.05,0.085,-0.007599999999999996
2025-04-28,BTC,,0.05,-0.085,0.007599999999999996
2025-04-28,CAKE,,0.0,0.0,0.0
2025-04-28,CHZ,,0.05,-0.085,0.007599999999999996
2025-04-28,DASH,,0.05,-0.085,0.007599999999999996
2025-04-28,DEXE,,0.0,-0.085,-0.0204
2025-04-28,DOGE,,0.0,0.0,0.0
2025-04-28,DOT,,0.0,0.0,0.0
2025-04-28,ENA,,0.0,0.0,0.0
2025-04-28,ETC,,0.05,-0.085,0.007599999999999996
2025-04-28,ETH,,0.0,-0.085,-0.0204
2025-04-28,FET,,-0.0888888888888889,0.0,-0.04977777777777778
2025-04-28,FIL,,0.05,0.0,0.027999999999999997
2025-04-28,HBAR,,0.0,0.0,0.0
2025-04-28,ICP,,0.05,0.0,0.027999999999999997
2025-04-28,JST,,-0.0888888888888889,-0.05,-0.06177777777777778
2025-04-28,JUP,,0.0,0.085,0.0204
2025-04-28,LINK,,0.0,-0.085,-0.0204
2025-04-28,LTC,,0.05,0.0,0.027999999999999997
2025-04-28,LUNC,,0.05,0.0,0.027999999999999997
2025-04-28,NEAR,,0.0,0.0,0.0
2025-04-28,NEXO,,0.05,-0.085,0.007599999999999996
2025-04-28,ONDO,,0.0,0.085,0.0204
2025-04-28,PENGU,,-0.05,0.05,-0.015999999999999997
2025-04-28,PEPE,,0.0,0.085,0.0204
2025-04-28,POL,,-0.0888888888888889,0.085,-0.02937777777777778
2025-04-28,QNT,,0.0,0.0,0.0
2025-04-28,RENDER,,-0.0888888888888889,0.085,-0.02937777777777778
2025-04-28,SHIB,,0.0,0.0,0.0
2025-04-28,SOL,,0.0,0.0,0.0
2025-04-28,STX,,-0.0888888888888889,0.0,-0.04977777777777778
2025-04-28,SUI,,-0.05,0.05,-0.015999999999999997
2025-04-28,TAO,,-0.0888888888888889,0.085,-0.02937777777777778
2025-04-28,TON,,0.05,0.0,0.027999999999999997
2025-04-28,TRUMP,,-0.05,0.05,-0.015999999999999997
2025-04-28,TRX,,0.0,-0.085,-0.0204
2025-04-28,UNI,,0.05,0.0,0.027999999999999997
2025-04-28,VET,,0.0,0.0,0.0
2025-04-28,VIRTUAL,,0.0,0.0,0.0
2025-04-28,WLD,,-0.0888888888888889,0.085,-0.02937777777777778
2025-04-28,XLM,,-0.0888888888888889,0.0,-0.04977777777777778
2025-04-28,XRP,,0.0,0.0,0.0
2025-04-28,ZEC,,0.0,0.0,0.0
2025-05-05,AAVE,,0.0,-0.05,-0.012
2025-05-05,ADA,,0.0,0.085,0.0204
2025-05-05,ALGO,,0.0,0.085,0.0204
2025-05-05,APT,,0.07916666666666666,0.0,0.021370143149284256
2025-05-05,ARB,,-0.08181818181818182,0.0,-0.022085889570552145
2025-05-05,ATOM,,0.0,0.0,0.014503067484662575
2025-05-05,AVAX,,0.0,0.0,0.0
2025-05-05,BCH,,0.07916666666666666,-0.05,-0.016413087934560325
2025-05-05,BNB,,0.07916666666666666,-0.085,0.015473210633946827
2025-05-05,BONK,,-0.08181818181818182,0.085,-0.01618895705521472
2025-05-05,BTC,,0.07916666666666666,-0.085,0.015473210633946827
2025-05-05,CAKE,,0.0,0.0,0.0
2025-05-05,CHZ,,0.0,-0.085,-0.005896932515337426
2025-05-05,DASH,,0.07916666666666666,-0.085,0.015473210633946827
2025-05-05,DEXE,,0.07916666666666666,-0.085,0.0009701431492842548
2025-05-05,DOGE,,-0.08181818181818182,0.0,-0.022085889570552145
2025-05-05,DOT,,0.0,0.0,0.0
2025-05-05,ENA,,-0.08181818181818182,0.0,-0.022085889570552145
2025-05-05,ETC,,0.0,-0.085,-0.005896932515337426
2025-05-05,ETH,,-0.08181818181818182,-0.085,-0.04248588957055215
2025-05-05,FET,,0.0,0.0,-0.02578323108384458
2025-05-05,FIL,,0.0,0.0,0.014503067484662575
2025-05-05,HBAR,,0.0,0.0,0.0
2025-05-05,ICP,,0.0,0.0,0.014503067484662575
2025-05-05,JST,,0.0,-0.05,-0.03778323108384458
2025-05-05,JUP,,0.0,0.085,0.0204
2025-05-05,LINK,,0.0,-0.085,-0.0204
2025-05-05,LTC,,0.07916666666666666,0.0,0.03587321063394683
2025-05-05,LUNC,,0.07916666666666666,0.0,0.03587321063394683
2025-05-05,NEAR,,0.0,0.0,0.0
2025-05-05,NEXO,,0.07916666666666666,-0.085,0.015473210633946827
2025-05-05,ONDO,,0.0,0.085,0.0204
2025-05-05,PENGU,,-0.05,0.05,-0.015999999999999997
2025-05-05,PEPE,,-0.08181818181818182,0.085,-0.0016858895705521432
2025-05-05,POL,,0.0,0.085,-0.005383231083844579
2025-05-05,QNT,,0.0,0.0,0.0
2025-05-05,RENDER,,0.0,0.085,-0.005383231083844579
2025-05-05,SHIB,,0.0,0.0,0.0
2025-05-05,SOL,,0.0,0.0,0.0
2025-05-05,STX,,-0.08181818181818182,0.0,-0.047869120654396725
2025-05-05,SUI,,-0.08181818181818182,0.05,-0.024588957055214723
2025-05-05,TAO,,0.0,0.085,-0.005383231083844579
2025-05-05,TON,,0.07916666666666666,0.0,0.03587321063394683
2025-05-05,TRUMP,,-0.05,0.05,-0.015999999999999997
2025-05-05,TRX,,0.07916666666666666,-0.085,0.0009701431492842548
2025-05-05,UNI,,-0.08181818181818182,0.0,-0.007582822085889569
2025-05-05,VET,,0.0,0.0,0.0
2025-05-05,VIRTUAL,,-0.08181818181818182,0.0,-0.022085889570552145
2025-05-05,WLD,,-0.08181818181818182,0.085,-0.027469120654396727
2025-05-05,XLM,,0.05,0.0,-0.012286298568507159
2025-05-05,XRP,,0.07916666666666666,0.0,0.021370143149284256
2025-05-05,ZEC,,0.0,0.0,0.0
2025-05-12,AAVE,,0.0,-0.05,-0.012
2025-05-12,ADA,,0.0,0.085,0.0204
2025-05-12,ALGO,,0.0,0.085,0.0204
2025-05-12,APT,,0.05,0.0,0.02649373361835048
2025-05-12,ARB,,-0.08181818181818182,0.0,-0.04042633780450196
2025-05-12,ATOM,,0.0,0.0,0.0032950157861376915
2025-05-12,AVAX,,0.0,0.0,0.0
2025-05-12,BCH,,0.08181818181818182,-0.05,0.0224059183802532
2025-05-12,BNB,,0.08181818181818182,-0.085,0.023158740008413448
2025-05-12,BONK,,-0.08181818181818182,0.085,-0.023321353590639644
2025-05-12,BTC,,0.08181818181818182,-0.085,0.023158740008413448
2025-05-12,CAKE,,0.0,0.0,0.0
2025-05-12,CHZ,,0.0,-0.085,-0.01710498421386231
2025-05-12,DASH,,0.08181818181818182,-0.085,0.023158740008413448
2025-05-12,DEXE,,0.08181818181818182,-0.085,0.01986372422227576
2025-05-12,DOGE,,0.0,0.0,-0.005017790537265518
2025-05-12,DOT,,0.0,0.0,0.0
2025-05-12,ENA,,-0.08181818181818182,0.0,-0.04042633780450196
2025-05-12,ETC,,0.0,-0.085,-0.01710498421386231
2025-05-12,ETH,,-0.08181818181818182,-0.085,-0.06082633780450197
2025-05-12,FET,,0.0,0.0,-0.0058578058420225634
2025-05-12,FIL,,0.0,0.0,0.0032950157861376915
2025-05-12,HBAR,,0.0,0.0,0.0
2025-05-12,ICP,,0.0,0.0,0.0032950157861376915
2025-05-12,JST,,0.0,-0.05,-0.01785780584202256
2025-05-12,JUP,,0.0,0.085,0.0204
2025-05-12,LINK,,0.0,-0.085,-0.0204
2025-05-12,LTC,,0.08181818181818182,0.0,0.04355874000841345
2025-05-12,LUNC,,0.0,0.0,0.008150192741177013
2025-05-12,NEAR,,-0.08181818181818182,0.0,-0.03540854726723644
2025-05-12,NEXO,,0.08181818181818182,-0.085,0.023158740008413448
2025-05-12,ONDO,,0.0,0.085,0.0204
2025-05-12,PENGU,,-0.05,0.05,-0.015999999999999997
2025-05-12,PEPE,,-0.08181818181818182,0.085,-0.020026337804501953
2025-05-12,POL,,0.0,0.085,0.014542194157977438
2025-05-12,QNT,,0.08181818181818182,0.0,0.03540854726723644
2025-05-12,RENDER,,0.0,0.085,0.014542194157977438
2025-05-12,SHIB,,0.0,0.0,0.0
2025-05-12,SOL,,0.08181818181818182,0.0,0.03540854726723644
2025-05-12,STX,,-0.08181818181818182,0.0,-0.046284143646524514
2025-05-12,SUI,,-0.08181818181818182,0.05,-0.03172135359063965
2025-05-12,TAO,,0.0,0.085,0.014542194157977438
2025-05-12,TON,,0.05,0.0,0.02978874940448817
2025-05-12,TRUMP,,-0.05,0.05,-0.015999999999999997
2025-05-12,TRX,,0.08181818181818182,-0.085,0.01986372422227576
2025-05-12,UNI,,-0.08181818181818182,0.0,-0.03713132201836426
2025-05-12,VET,,0.0,0.0,0.0
2025-05-12,VIRTUAL,,-0.08181818181818182,0.0,-0.04042633780450196
2025-05-12,WLD,,-0.08181818181818182,0.085,-0.025884143646524516
2025-05-12,XLM,,0.0,0.0,-0.002791378291471412
2025-05-12,XRP,,0.08181818181818182,0.0,0.04026372422227576
2025-05-12,ZEC,,0.0,0.0,0.0
2025-05-19,AAVE,,0.0,0.0,-0.0032677606966340506
2025-05-19,ADA,,0.0,0.0,0.0055551931842778846
2025-05-19,ALGO,,0.0,0.0,0.0055551931842778846
2025-05-19,APT,,0.0,0.085,0.022059405267816943
2025-05-19,ARB,,-0.07916666666666666,0.05,-0.03453716682738071
2025-05-19,ATOM,,0.0,-0.05,-0.007834962379971826
2025-05-19,AVAX,,0.0,0.0,0.0
2025-05-19,BCH,,0.05,-0.0888888888888889,0.010952675678674013
2025-05-19,BNB,,0.05,-0.0888888888888889,0.011157679089347188
2025-05-19,BONK,,-0.07916666666666666,0.0,-0.038611489869862896
2025-05-19,BTC,,0.05,-0.0888888888888889,0.011157679089347188
2025-05-19,CAKE,,0.0,0.085,0.014844806815722117
2025-05-19,CHZ,,0.0,-0.05,-0.01339015556424971
2025-05-19,DASH,,0.05,-0.0888888888888889,0.011157679089347188
2025-05-19,DEXE,,0.05,0.0,0.025784383149714755
2025-05-19,DOGE,,-0.07916666666666666,0.0,-0.03362718454034797
2025-05-19,DOT,,0.0,-0.05,-0.00873223930336595
2025-05-19,ENA,,-0.07916666666666666,0.05,-0.03453716682738071
2025-05-19,ETC,,0.0,0.0,-0.004657916260883761
2025-05-19,ETH,,-0.07916666666666666,0.0,-0.048824599315024544
2025-05-19,FET,,0.0,0.0,-0.0015951589749228882
2025-05-19,FIL,,0.0,0.0,0.0008972769233941244
2025-05-19,HBAR,,0.0,0.0,0.0
2025-05-19,ICP,,0.0,0.0,0.0008972769233941244
2025-05-19,JST,,0.05,-0.0888888888888889,-1.1675614131415046e-05
2025-05-19,JUP,,0.0,0.085,0.0204
2025-05-19,LINK,,0.0,0.0,-0.0055551931842778846
2025-05-19,LTC,,0.05,0.0,0.03223685325738676
2025-05-19,LUNC,,0.0,0.0,0.0022194066258008644
2025-05-19,NEAR,,-0.07916666666666666,0.0,-0.041902994572278446
2025-05-19,NEXO,,0.05,-0.0888888888888889,0.011157679089347188
2025-05-19,ONDO,,0.0,0.0,0.0055551931842778846
2025-05-19,PENGU,,-0.07916666666666666,0.085,-0.021772980428336374
2025-05-19,PEPE,,-0.05,0.0,-0.025828665005776224
2025-05-19,POL,,0.05,0.085,0.03918006606626433
2025-05-19,QNT,,0.0,-0.0888888888888889,-0.005881759393363009
2025-05-19,RENDER,,0.0,0.085,0.018804841025077113
2025-05-19,SHIB,,0.0,0.0,0.0
2025-05-19,SOL,,0.0,0.0,0.009642221590398688
2025-05-19,STX,,-0.07916666666666666,0.0,-0.044864565105669545
2025-05-19,SUI,,0.0,0.085,0.006206657440095145
2025-05-19,TAO,,-0.07916666666666666,0.085,-0.013455931956802645
2025-05-19,TON,,0.05,0.085,0.043331907232398284
2025-05-19,TRUMP,,0.0,0.085,0.010487792553543387
2025-05-19,TRX,,0.05,-0.0888888888888889,0.010260402165953064
2025-05-19,UNI,,-0.07916666666666666,0.0,-0.04237212920735253
2025-05-19,VET,,0.0,0.0,0.0
2025-05-19,VIRTUAL,,-0.07916666666666666,-0.05,-0.0520016454341126
2025-05-19,WLD,,-0.07916666666666666,0.05,-0.030577132618025707
2025-05-19,XLM,,0.05,0.0,0.019615095351994898
2025-05-19,XRP,,0.05,-0.0888888888888889,0.01581559535023095
2025-05-19,ZEC,,0.0,0.0,0.0
2025-05-26,AAVE,,0.0,0.0,0.0
2025-05-26,ADA,,0.0,0.0,0.0
2025-05-26,ALGO,,0.0,0.0,0.0
2025-05-26,APT,,0.05,0.085,0.0484
2025-05-26,ARB,,-0.07916666666666666,0.05,-0.03233333333333333
2025-05-26,ATOM,,0.0,-0.05,-0.012
2025-05-26,AVAX,,0.0,0.0,0.0
2025-05-26,BCH,,0.07916666666666666,-0.0888888888888889,0.022999999999999993
2025-05-26,BNB,,0.07916666666666666,-0.0888888888888889,0.022999999999999993
2025-05-26,BONK,,-0.07916666666666666,0.0,-0.044333333333333336
2025-05-26,BTC,,0.07916666666666666,-0.0888888888888889,0.022999999999999993
2025-05-26,CAKE,,0.0,0.085,0.0204
2025-05-26,CHZ,,0.0,-0.05,-0.012
2025-05-26,DASH,,0.07916666666666666,-0.0888888888888889,0.022999999999999993
2025-05-26,DEXE,,0.07916666666666666,0.0,0.044333333333333336
2025-05-26,DOGE,,-0.07916666666666666,0.0,-0.044333333333333336
2025-05-26,DOT,,-0.07916666666666666,-0.05,-0.056333333333333326
2025-05-26,ENA,,-0.07916666666666666,0.05,-0.03233333333333333
2025-05-26,ETC,,0.0,0.0,0.0
2025-05-26,ETH,,-0.07916666666666666,0.0,-0.044333333333333336
2025-05-26,FET,,0.0,0.0,0.0
2025-05-26,FIL,,0.0,0.0,0.0
2025-05-26,HBAR,,0.0,0.0,0.0
2025-05-26,ICP,,0.0,0.0,0.0
2025-05-26,JST,,0.07916666666666666,-0.0888888888888889,0.022999999999999993
2025-05-26,JUP,,0.0,0.085,0.0204
2025-05-26,LINK,,0.0,0.0,0.0
2025-05-26,LTC,,0.0,0.0,0.0
2025-05-26,LUNC,,0.0,0.0,0.0
2025-05-26,NEAR,,-0.07916666666666666,0.0,-0.044333333333333336
2025-05-26,NEXO,,0.07916666666666666,-0.0888888888888889,0.022999999999999993
2025-05-26,ONDO,,0.0,0.0,0.0
2025-05-26,PENGU,,-0.07916666666666666,0.085,-0.02393333333333333
2025-05-26,PEPE,,-0.05,0.0,-0.027999999999999997
2025-05-26,POL,,0.07916666666666666,0.085,0.06473333333333334
2025-05-26,QNT,,0.07916666666666666,-0.0888888888888889,0.022999999999999993
2025-05-26,RENDER,,0.0,0.085,0.0204
2025-05-26,SHIB,,0.0,0.0,0.0
2025-05-26,SOL,,0.0,0.0,0.0
2025-05-26,STX,,-0.07916666666666666,0.0,-0.044333333333333336
2025-05-26,SUI,,0.0,0.085,0.0204
2025-05-26,TAO,,0.0,0.085,0.0204
2025-05-26,TON,,0.07916666666666666,0.085,0.06473333333333334
2025-05-26,TRUMP,,0.0,0.085,0.0204
2025-05-26,TRX,,0.07916666666666666,-0.0888888888888889,0.022999999999999993
2025-05-26,UNI,,-0.07916666666666666,0.0,-0.044333333333333336
2025-05-26,VET,,0.0,0.0,0.0
2025-05-26,VIRTUAL,,0.0,-0.05,-0.012
2025-05-26,WLD,,-0.07916666666666666,0.05,-0.03233333333333333
2025-05-26,XLM,,0.0,0.0,0.0
2025-05-26,XRP,,0.07916666666666666,-0.0888888888888889,0.022999999999999993
2025-05-26,ZEC,,-0.07916666666666666,0.0,-0.044333333333333336
2025-06-02,AAVE,,-0.085,0.0,-0.018658536585365856
2025-06-02,ADA,,0.0,0.0,0.0
2025-06-02,ALGO,,0.0,0.0,0.0
2025-06-02,APT,,0.0,0.085,0.03742439024390244
2025-06-02,ARB,,0.0,0.05,-0.014955284552845526
2025-06-02,ATOM,,0.05,-0.05,-0.00102439024390244
2025-06-02,AVAX,,0.0,0.0,0.0
2025-06-02,BCH,,0.0,-0.0888888888888889,0.005621951219512186
2025-06-02,BNB,,0.05,-0.0888888888888889,0.01659756097560975
2025-06-02,BONK,,-0.085,0.0,-0.045613821138211386
2025-06-02,BTC,,0.0,-0.0888888888888889,0.005621951219512186
2025-06-02,CAKE,,0.0,0.085,0.0204
2025-06-02,CHZ,,0.05,-0.05,-0.00102439024390244
2025-06-02,DASH,,0.05,-0.0888888888888889,0.01659756097560975
2025-06-02,DEXE,,-0.05,0.0,0.01597967479674797
2025-06-02,DOGE,,0.0,0.0,-0.02695528455284553
2025-06-02,DOT,,0.0,-0.05,-0.038955284552845526
2025-06-02,ENA,,-0.085,0.05,-0.03361382113821138
2025-06-02,ETC,,0.05,0.0,0.01097560975609756
2025-06-02,ETH,,0.05,0.0,-0.01597967479674797
2025-06-02,FET,,-0.085,0.0,-0.018658536585365856
2025-06-02,FIL,,0.05,0.0,0.01097560975609756
2025-06-02,HBAR,,0.0,0.0,0.0
2025-06-02,ICP,,-0.085,0.0,-0.018658536585365856
2025-06-02,JST,,0.0,-0.0888888888888889,0.005621951219512186
2025-06-02,JUP,,-0.085,0.085,0.0017414634146341451
2025-06-02,LINK,,0.05,0.0,0.01097560975609756
2025-06-02,LTC,,0.0,0.0,0.0
2025-06-02,LUNC,,0.0,0.0,0.0
2025-06-02,NEAR,,0.0,0.0,-0.02695528455284553
2025-06-02,NEXO,,0.05,-0.0888888888888889,0.01659756097560975
2025-06-02,ONDO,,0.0,0.0,0.0
2025-06-02,PENGU,,0.0,0.085,-0.006555284552845524
2025-06-02,PEPE,,0.0,0.0,-0.017024390243902437
2025-06-02,POL,,0.05,0.085,0.05833089430894309
2025-06-02,QNT,,-0.085,-0.0888888888888889,-0.013036585365853663
2025-06-02,RENDER,,-0.085,0.085,0.0017414634146341451
2025-06-02,SHIB,,0.05,0.0,0.01097560975609756
2025-06-02,SOL,,0.0,0.0,0.0
2025-06-02,STX,,0.0,0.0,-0.02695528455284553
2025-06-02,SUI,,0.05,0.085,0.03137560975609756
2025-06-02,TAO,,0.0,0.085,0.0204
2025-06-02,TON,,-0.085,0.085,0.028696747967479674
2025-06-02,TRUMP,,0.05,0.085,0.03137560975609756
2025-06-02,TRX,,0.0,-0.0888888888888889,0.005621951219512186
2025-06-02,UNI,,0.0,0.0,-0.02695528455284553
2025-06-02,VET,,0.0,0.0,0.0
2025-06-02,VIRTUAL,,-0.085,-0.05,-0.030658536585365857
2025-06-02,WLD,,-0.05,0.05,-0.02593089430894309
2025-06-02,XLM,,0.0,0.0,0.0
2025-06-02,XRP,,0.0,-0.0888888888888889,0.005621951219512186
2025-06-02,ZEC,,-0.05,0.0,-0.037930894308943086
2025-06-09,AAVE,,-0.085,0.0,-0.036559122409920194
2025-06-09,ADA,,0.0,0.0,0.0
2025-06-09,ALGO,,0.0,0.0,0.0
2025-06-09,APT,,0.0,0.085,0.026894633876517533
2025-06-09,ARB,,0.0,0.05,0.00171682969551391
2025-06-09,ATOM,,0.05,-0.05,0.009505366123482467
2025-06-09,AVAX,,0.0,0.0,0.0
2025-06-09,BCH,,-0.085,-0.0888888888888889,-0.04049124114716871
2025-06-09,BNB,,0.0,-0.0888888888888889,-0.00686307815143623
2025-06-09,BONK,,-0.085,0.0,-0.04684229271440629
2025-06-09,BTC,,0.0,-0.0888888888888889,-0.01105016302884725
2025-06-09,CAKE,,0.0,0.085,0.0204
2025-06-09,CHZ,,0.05,-0.05,0.009505366123482467
2025-06-09,DASH,,0.05,-0.0888888888888889,0.010455203094635221
2025-06-09,DEXE,,-0.05,0.0,-0.011222195818996375
2025-06-09,DOGE,,0.0,0.0,-0.01028317030448609
2025-06-09,DOT,,0.0,-0.05,-0.02228317030448609
2025-06-09,ENA,,-0.085,0.05,-0.03484229271440629
2025-06-09,ETC,,0.05,0.0,0.021505366123482465
2025-06-09,ETH,,0.05,0.0,0.011222195818996375
2025-06-09,FET,,-0.085,0.0,-0.036559122409920194
2025-06-09,FIL,,0.05,0.0,0.021505366123482465
2025-06-09,HBAR,,0.0,0.0,0.0
2025-06-09,ICP,,-0.085,0.0,-0.036559122409920194
2025-06-09,JST,,0.0,-0.0888888888888889,-0.01105016302884725
2025-06-09,JUP,,-0.085,0.085,-0.016159122409920196
2025-06-09,LINK,,0.05,0.0,0.021505366123482465
2025-06-09,LTC,,0.05,0.0,0.01731828124607145
2025-06-09,LUNC,,0.0,0.0,0.0
2025-06-09,NEAR,,0.0,0.0,-0.01028317030448609
2025-06-09,NEXO,,0.05,-0.0888888888888889,0.010455203094635221
2025-06-09,ONDO,,0.0,0.0,0.0
2025-06-09,PENGU,,0.0,0.085,0.010116829695513911
2025-06-09,PEPE,,0.0,0.0,-0.00649463387651753
2025-06-09,POL,,0.05,0.085,0.05218853642796856
2025-06-09,QNT,,-0.085,-0.0888888888888889,-0.04760928543876744
2025-06-09,RENDER,,-0.085,0.085,-0.016159122409920196
2025-06-09,SHIB,,0.05,0.0,0.021505366123482465
2025-06-09,SOL,,0.0,0.0,0.0
2025-06-09,STX,,0.0,0.0,-0.01028317030448609
2025-06-09,SUI,,0.05,0.085,0.04190536612348247
2025-06-09,TAO,,0.0,0.085,0.0204
2025-06-09,TON,,0.0,0.085,0.023565126012887364
2025-06-09,TRUMP,,0.05,0.085,0.04190536612348247
2025-06-09,TRX,,0.0,-0.0888888888888889,-0.01105016302884725
2025-06-09,UNI,,-0.085,0.0,-0.03972424842280756
2025-06-09,VET,,0.0,0.0,0.0
2025-06-09,VIRTUAL,,0.0,-0.05,-0.01911804429159873
2025-06-09,WLD,,-0.05,0.05,-0.01978853642796856
2025-06-09,XLM,,0.0,0.0,0.0
2025-06-09,XRP,,0.0,-0.0888888888888889,-0.01105016302884725
2025-06-09,ZEC,,-0.05,0.0,-0.031788536427968556
2025-06-16,AAVE,,-0.07916666666666666,0.0,-0.04163450805670372
2025-06-16,ADA,,0.0,0.0,0.0
2025-06-16,ALGO,,0.05,0.0,0.018279771350421137
2025-06-16,APT,,0.0,0.0,0.00933649966880214
2025-06-16,ARB,,-0.07916666666666666,0.08181818181818182,-0.015527392211289414
2025-06-16,ATOM,,0.05,-0.05,0.013745381204462457
2025-06-16,AVAX,,0.0,0.0,0.0
2025-06-16,BCH,,-0.07916666666666666,-0.05,-0.050833734821289514
2025-06-16,BNB,,0.05,-0.05,0.008063059026244606
2025-06-16,BONK,,0.0,0.08181818181818182,-0.0034417699367171387
2025-06-16,BTC,,0.05,-0.05,0.006609508226829285
2025-06-16,CAKE,,0.0,0.0,0.0070818808732646
2025-06-16,CHZ,,0.05,-0.05,0.013745381204462457
2025-06-16,DASH,,0.05,-0.05,0.014075118080870606
2025-06-16,DEXE,,-0.05,0.05,-0.014341380389918959
2025-06-16,DOGE,,0.0,0.0,-0.0035698130929344386
2025-06-16,DOT,,0.0,0.0,-0.00773562537132538
2025-06-16,ENA,,-0.07916666666666666,0.08181818181818182,-0.02821892896315966
2025-06-16,ETC,,0.05,-0.05,0.0179111934828534
2025-06-16,ETH,,0.0,0.0,0.0038957967611068815
2025-06-16,FET,,0.0,0.0,-0.012691536751870246
2025-06-16,FIL,,0.0,0.0,0.00746560985404132
2025-06-16,HBAR,,0.0,0.0,0.0
2025-06-16,ICP,,-0.07916666666666666,0.0,-0.04163450805670372
2025-06-16,JST,,0.0,-0.05,-0.01167026312359185
2025-06-16,JUP,,0.0,0.08181818181818182,0.0072099240294819025
2025-06-16,LINK,,0.0,0.0,0.00746560985404132
2025-06-16,LTC,,0.05,-0.05,0.01645764268343808
2025-06-16,LUNC,,-0.07916666666666666,0.0,-0.02894297130483347
2025-06-16,NEAR,,0.0,0.0,-0.0035698130929344386
2025-06-16,NEXO,,0.0,-0.05,-0.00420465326955053
2025-06-16,ONDO,,0.0,0.0,0.0
2025-06-16,PENGU,,0.0,0.08181818181818182,0.016331647688417713
2025-06-16,PEPE,,-0.07916666666666666,0.08181818181818182,-0.018378010192283453
2025-06-16,POL,,0.0,0.0,0.018117303820240356
2025-06-16,QNT,,-0.07916666666666666,0.0,-0.04547058345868651
2025-06-16,RENDER,,-0.07916666666666666,0.08181818181818182,-0.021733047275351563
2025-06-16,SHIB,,0.05,0.0,0.02574538120446246
2025-06-16,SOL,,0.0,0.0,0.0
2025-06-16,STX,,0.05,0.0,0.014709958257486697
2025-06-16,SUI,,0.0,0.08181818181818182,0.02736707063539347
2025-06-16,TAO,,0.0,0.08181818181818182,0.019901460781352152
2025-06-16,TON,,-0.07916666666666666,-0.05,-0.028596501419249534
2025-06-16,TRUMP,,0.05,0.08181818181818182,0.04564684198581461
2025-06-16,TRX,,0.0,-0.05,-0.01167026312359185
2025-06-16,UNI,,-0.07916666666666666,0.0,-0.04273328479063211
2025-06-16,VET,,0.0,0.0,0.0
2025-06-16,VIRTUAL,,-0.07916666666666666,0.05,-0.027745632220621395
2025-06-16,WLD,,0.05,0.08181818181818182,0.024229740589923866
2025-06-16,XLM,,0.0,0.0,0.0
2025-06-16,XRP,,0.0,-0.05,-0.01167026312359185
2025-06-16,ZEC,,0.05,0.0,0.007244348403445379
2025-06-23,AAVE,,-0.07916666666666666,0.0,-0.043287654775607816
2025-06-23,ADA,,0.05,0.0,0.017151205945099536
2025-06-23,ALGO,,0.0,0.0,0.007082624098263879
2025-06-23,APT,,-0.07916666666666666,0.0,-0.023538584576152332
2025-06-23,ARB,,-0.07916666666666666,0.08181818181818182,-0.02114415335009122
2025-06-23,ATOM,,0.0,-0.05,-0.0020247736231386298
2025-06-23,AVAX,,0.0,0.0,0.0
2025-06-23,BCH,,0.05,-0.05,-0.009895193749857131
2025-06-23,BNB,,0.05,-0.05,0.012924777212493806
2025-06-23,BONK,,-0.07916666666666666,0.08181818181818182,-0.016461495240014352
2025-06-23,BTC,,0.05,-0.05,0.012361588881379778
2025-06-23,CAKE,,0.0,0.0,0.0027439238255495104
2025-06-23,CHZ,,0.0,-0.05,-0.0020247736231386298
2025-06-23,DASH,,0.0,-0.05,-0.0018970147851222648
2025-06-23,DEXE,,0.0,0.05,0.0017938496081419848
2025-06-23,DOGE,,0.0,0.0,-0.0013831488235618917
2025-06-23,DOT,,0.0,0.0,-0.0029972216621204266
2025-06-23,ENA,,0.0,0.08181818181818182,0.0010944988560339791
2025-06-23,ETC,,0.0,-0.05,-0.0004107007845800918
2025-06-23,ETH,,0.0,0.0,0.0015094534550356004
2025-06-23,FET,,-0.07916666666666666,0.0,-0.03207349995335668
2025-06-23,FIL,,0.0,0.0,0.0028926022785974916
2025-06-23,HBAR,,0.0,0.0,0.0
2025-06-23,ICP,,0.0,0.0,-0.016131578695866882
2025-06-23,JST,,0.05,-0.05,0.005278964783115897
2025-06-23,JUP,,-0.07916666666666666,0.08181818181818182,-0.01233442259090295
2025-06-23,LINK,,0.0,0.0,0.0028926022785974916
2025-06-23,LTC,,0.05,-0.05,0.016177316829405416
2025-06-23,LUNC,,0.0,0.0,-0.011214154822251143
2025-06-23,NEAR,,0.0,0.0,-0.0013831488235618917
2025-06-23,NEXO,,0.05,-0.05,0.008171567061713392
2025-06-23,ONDO,,0.0,0.0,0.0
2025-06-23,PENGU,,-0.05,0.08181818181818182,0.0012047225937922967
2025-06-23,PEPE,,-0.07916666666666666,0.08181818181818182,-0.02224864504312695
2025-06-23,POL,,0.05,0.0,0.02417088087280843
2025-06-23,QNT,,-0.07916666666666666,0.0,-0.04477396877614999
2025-06-23,RENDER,,-0.07916666666666666,0.08181818181818182,-0.02354857741315409
2025-06-23,SHIB,,0.0,0.0,0.009975226376861372
2025-06-23,SOL,,0.0,0.0,0.0
2025-06-23,STX,,-0.07916666666666666,0.0,-0.021456600805038948
2025-06-23,SUI,,-0.07916666666666666,0.08181818181818182,-0.00452439643868972
2025-06-23,TAO,,0.0,0.08181818181818182,0.019739077362453724
2025-06-23,TON,,0.05,-0.05,-0.0012792235523755129
2025-06-23,TRUMP,,0.05,0.08181818181818182,0.046865509684414636
2025-06-23,TRX,,0.05,-0.05,0.005278964783115897
2025-06-23,UNI,,0.0,0.0,-0.016557307356534927
2025-06-23,VET,,0.0,0.0,0.0
2025-06-23,VIRTUAL,,-0.07916666666666666,0.05,-0.030555796742002993
2025-06-23,WLD,,0.0,0.08181818181818182,0.021416099371567243
2025-06-23,XLM,,0.05,0.0,0.017151205945099536
2025-06-23,XRP,,0.0,-0.05,-0.011872241161983637
2025-06-23,ZEC,,0.05,0.0,0.019958078941204032
2025-06-30,AAVE,,-0.08181818181818182,0.0,-0.04581818181818181
2025-06-30,ADA,,0.05,0.0,0.027999999999999997
2025-06-30,ALGO,,0.0,0.0,0.0
2025-06-30,APT,,-0.08181818181818182,0.0,-0.04581818181818181
2025-06-30,ARB,,-0.08181818181818182,0.08181818181818182,-0.02618181818181818
2025-06-30,ATOM,,0.0,-0.05,-0.012
2025-06-30,AVAX,,0.0,0.0,0.0
2025-06-30,BCH,,0.0,-0.05,-0.012
2025-06-30,BNB,,0.05,-0.05,0.015999999999999997
2025-06-30,BONK,,-0.05,0.08181818181818182,-0.008363636363636363
2025-06-30,BTC,,0.05,-0.05,0.015999999999999997
2025-06-30,CAKE,,0.0,0.0,0.0
2025-06-30,CHZ,,0.0,-0.05,-0.012
2025-06-30,DASH,,0.0,-0.05,-0.012
2025-06-30,DEXE,,0.05,0.05,0.04
2025-06-30,DOGE,,0.0,0.0,0.0
2025-06-30,DOT,,0.0,0.0,0.0
2025-06-30,ENA,,-0.08181818181818182,0.08181818181818182,-0.02618181818181818
2025-06-30,ETC,,0.0,-0.05,-0.012
2025-06-30,ETH,,0.0,0.0,0.0
2025-06-30,FET,,-0.08181818181818182,0.0,-0.04581818181818181
2025-06-30,FIL,,0.0,0.0,0.0
2025-06-30,HBAR,,0.0,0.0,0.0
2025-06-30,ICP,,0.0,0.0,0.0
2025-06-30,JST,,0.05,-0.05,0.015999999999999997
2025-06-30,JUP,,-0.08181818181818182,0.08181818181818182,-0.02618181818181818
2025-06-30,LINK,,0.0,0.0,0.0
2025-06-30,LTC,,0.05,-0.05,0.015999999999999997
2025-06-30,LUNC,,0.0,0.0,0.0
2025-06-30,NEAR,,0.0,0.0,0.0
2025-06-30,NEXO,,0.0,-0.05,-0.012
2025-06-30,ONDO,,0.0,0.0,0.0
2025-06-30,PENGU,,-0.05,0.08181818181818182,-0.008363636363636363
2025-06-30,PEPE,,0.0,0.08181818181818182,0.019636363636363636
2025-06-30,POL,,0.05,0.0,0.027999999999999997
2025-06-30,QNT,,-0.08181818181818182,0.0,-0.04581818181818181
2025-06-30,RENDER,,-0.08181818181818182,0.08181818181818182,-0.02618181818181818
2025-06-30,SHIB,,0.0,0.0,0.0
2025-06-30,SOL,,0.0,0.0,0.0
2025-06-30,STX,,-0.08181818181818182,0.0,-0.04581818181818181
2025-06-30,SUI,,-0.08181818181818182,0.08181818181818182,-0.02618181818181818
2025-06-30,TAO,,0.0,0.08181818181818182,0.019636363636363636
2025-06-30,TON,,0.05,-0.05,0.015999999999999997
2025-06-30,TRUMP,,0.05,0.08181818181818182,0.047636363636363636
2025-06-30,TRX,,0.05,-0.05,0.015999999999999997
2025-06-30,UNI,,0.0,0.0,0.0
2025-06-30,VET,,0.0,0.0,0.0
2025-06-30,VIRTUAL,,-0.08181818181818182,0.05,-0.03381818181818182
2025-06-30,WLD,,0.0,0.08181818181818182,0.019636363636363636
2025-06-30,XLM,,0.05,0.0,0.027999999999999997
2025-06-30,XRP,,0.05,-0.05,0.015999999999999997
2025-06-30,ZEC,,0.05,0.0,0.027999999999999997
2025-07-07,AAVE,,0.0,0.0,-0.014513833992094861
2025-07-07,ADA,,0.0,0.0,0.008869565217391306
2025-07-07,ALGO,,-0.08181818181818182,0.0,-0.03130434782608695
2025-07-07,APT,,-0.08181818181818182,0.0,-0.04581818181818181
2025-07-07,ARB,,-0.08181818181818182,0.08181818181818182,-0.02618181818181818
2025-07-07,ATOM,,0.0,-0.05,-0.012
2025-07-07,AVAX,,0.0,0.0,0.0
2025-07-07,BCH,,0.07916666666666666,-0.05,0.01828985507246377
2025-07-07,BNB,,0.07916666666666666,-0.05,0.02715942028985507
2025-07-07,BONK,,-0.08181818181818182,0.08181818181818182,-0.020537549407114622
2025-07-07,BTC,,0.07916666666666666,-0.05,0.02715942028985507
2025-07-07,CAKE,,0.0,0.0,0.0
2025-07-07,CHZ,,0.0,-0.05,-0.012
2025-07-07,DASH,,0.07916666666666666,-0.05,0.01828985507246377
2025-07-07,DEXE,,0.07916666666666666,0.05,0.05115942028985507
2025-07-07,DOGE,,0.0,0.0,0.0
2025-07-07,DOT,,0.0,0.0,0.0
2025-07-07,ENA,,-0.08181818181818182,0.08181818181818182,-0.02618181818181818
2025-07-07,ETC,,0.07916666666666666,-0.05,0.01828985507246377
2025-07-07,ETH,,0.0,0.0,0.0
2025-07-07,FET,,0.0,0.0,-0.014513833992094861
2025-07-07,FIL,,0.0,0.0,0.0
2025-07-07,HBAR,,-0.08181818181818182,0.0,-0.03130434782608695
2025-07-07,ICP,,0.0,0.0,0.0
2025-07-07,JST,,0.07916666666666666,-0.05,0.02715942028985507
2025-07-07,JUP,,-0.08181818181818182,0.08181818181818182,-0.02618181818181818
2025-07-07,LINK,,0.0,0.0,0.0
2025-07-07,LTC,,0.07916666666666666,-0.05,0.02715942028985507
2025-07-07,LUNC,,0.0,0.0,0.0
2025-07-07,NEAR,,0.0,0.0,0.0
2025-07-07,NEXO,,0.07916666666666666,-0.05,0.01828985507246377
2025-07-07,ONDO,,0.0,0.0,0.0
2025-07-07,PENGU,,-0.05,0.08181818181818182,-0.008363636363636363
2025-07-07,PEPE,,-0.08181818181818182,0.08181818181818182,-0.011667984189723316
2025-07-07,POL,,-0.08181818181818182,0.0,-0.02243478260869565
2025-07-07,QNT,,0.0,0.0,-0.014513833992094861
2025-07-07,RENDER,,-0.08181818181818182,0.08181818181818182,-0.02618181818181818
2025-07-07,SHIB,,0.0,0.0,0.0
2025-07-07,SOL,,0.0,0.0,0.0
2025-07-07,STX,,0.0,0.0,-0.014513833992094861
2025-07-07,SUI,,0.0,0.08181818181818182,0.005122529644268771
2025-07-07,TAO,,0.0,0.08181818181818182,0.019636363636363636
2025-07-07,TON,,0.07916666666666666,-0.05,0.02715942028985507
2025-07-07,TRUMP,,0.05,0.08181818181818182,0.047636363636363636
2025-07-07,TRX,,0.07916666666666666,-0.05,0.02715942028985507
2025-07-07,UNI,,0.0,0.0,0.0
2025-07-07,VET,,0.0,0.0,0.0
2025-07-07,VIRTUAL,,-0.08181818181818182,0.05,-0.03381818181818182
2025-07-07,WLD,,0.0,0.08181818181818182,0.019636363636363636
2025-07-07,XLM,,-0.05,0.0,-0.010260869565217386
2025-07-07,XRP,,0.0,-0.05,-0.0031304347826086945
2025-07-07,ZEC,,0.07916666666666666,0.0,0.03915942028985507
2025-07-14,AAVE,,0.0,0.0,-0.0035993820529367886
2025-07-14,ADA,,0.0,0.0,0.0021996223656835937
2025-07-14,ALGO,,-0.08181818181818182,0.0,-0.04221879976524502
2025-07-14,APT,,-0.08181818181818182,0.0,-0.04581818181818181
2025-07-14,ARB,,-0.08181818181818182,0.05,-0.031924389300133374
2025-07-14,ATOM,,0.0,-0.085,-0.018316828230146714
2025-07-14,AVAX,,0.0,0.0,0.0
2025-07-14,BCH,,0.05,-0.085,0.010251048132235646
2025-07-14,BNB,,0.05,-0.085,0.01245067049791924
2025-07-14,BONK,,-0.08181818181818182,0.085,-0.02420780138273346
2025-07-14,BTC,,0.05,-0.085,0.01245067049791924
2025-07-14,CAKE,,0.05,0.0,0.02105609410048905
2025-07-14,CHZ,,0.0,0.0,-0.002975959671218978
2025-07-14,DASH,,0.05,-0.085,0.010251048132235646
2025-07-14,DEXE,,0.05,0.085,0.04908432695821267
2025-07-14,DOGE,,-0.08181818181818182,0.0,-0.03445542670989117
2025-07-14,DOT,,0.0,0.0,0.0
2025-07-14,ENA,,-0.08181818181818182,0.05,-0.031924389300133374
2025-07-14,ETC,,-0.08181818181818182,-0.05,-0.03894364444799786
2025-07-14,ETH,,0.0,0.0,0.0
2025-07-14,FET,,0.0,0.0,-0.0035993820529367886
2025-07-14,FIL,,0.0,0.0,0.0
2025-07-14,HBAR,,-0.08181818181818182,0.0,-0.04221879976524502
2025-07-14,ICP,,0.05,0.0,0.02105609410048905
2025-07-14,JST,,0.05,-0.085,0.01245067049791924
2025-07-14,JUP,,-0.08181818181818182,0.085,-0.025607561069986656
2025-07-14,LINK,,0.0,0.0,0.0
2025-07-14,LTC,,0.0,-0.05,-0.0022885953724230933
2025-07-14,LUNC,,0.05,0.0,0.02105609410048905
2025-07-14,NEAR,,0.0,0.0,0.0
2025-07-14,NEXO,,0.05,-0.085,0.010251048132235646
2025-07-14,ONDO,,0.0,0.0,0.0
2025-07-14,PENGU,,-0.05,0.05,-0.014106207481951558
2025-07-14,PEPE,,0.0,0.085,0.0124472476928413
2025-07-14,POL,,-0.08181818181818182,0.0,-0.04001917739956143
2025-07-14,QNT,,0.0,0.0,-0.0035993820529367886
2025-07-14,RENDER,,0.0,0.085,0.008847865639904515
2025-07-14,SHIB,,0.0,0.0,0.0
2025-07-14,SOL,,0.0,0.0,0.0
2025-07-14,STX,,-0.08181818181818182,0.0,-0.038054808762827956
2025-07-14,SUI,,0.0,0.085,0.016611238695258365
2025-07-14,TAO,,0.0,0.085,0.020210620748195157
2025-07-14,TON,,0.05,-0.085,0.01245067049791924
2025-07-14,TRUMP,,0.0,0.085,0.027154526647706106
2025-07-14,TRX,,0.05,-0.085,0.01245067049791924
2025-07-14,UNI,,0.0,0.0,0.0
2025-07-14,VET,,0.0,0.0,0.0
2025-07-14,VIRTUAL,,0.0,0.085,0.006954073121856072
2025-07-14,WLD,,0.0,0.085,0.020210620748195157
2025-07-14,XLM,,-0.05,0.0,-0.02360075526863281
2025-07-14,XRP,,0.0,-0.05,-0.009800377634316407
2025-07-14,ZEC,,0.05,-0.085,0.015426630169138218
2025-07-21,AAVE,,0.05,0.0,0.026800122462726745
2025-07-21,ADA,,-0.08181818181818182,0.0,-0.04399487133277784
2025-07-21,ALGO,,-0.08181818181818182,0.0,-0.04568150770012
2025-07-21,APT,,0.0,0.0,-0.0017397874132550895
2025-07-21,ARB,,-0.08181818181818182,0.05,-0.03374627157959374
2025-07-21,ATOM,,0.0,-0.085,-0.020320898737553116
2025-07-21,AVAX,,0.0,0.0,0.0
2025-07-21,BCH,,0.05,-0.085,0.007700664408524533
2025-07-21,BNB,,0.05,-0.085,0.0077841874806734174
2025-07-21,BONK,,-0.08181818181818182,0.085,-0.025372221796127692
2025-07-21,BTC,,0.05,-0.085,0.0077841874806734174
2025-07-21,CAKE,,0.0,0.0,0.0007995325443884947
2025-07-21,CHZ,,0.0,0.0,-0.00011300180349554934
2025-07-21,DASH,,0.0,-0.085,-0.01923613217226402
2025-07-21,DEXE,,0.05,0.085,0.04842598495577965
2025-07-21,DOGE,,-0.08181818181818182,0.0,-0.045386720386653354
2025-07-21,DOT,,0.0,0.0,0.0
2025-07-21,ENA,,-0.08181818181818182,0.05,-0.03374627157959374
2025-07-21,ETC,,-0.08181818181818182,-0.05,-0.057101486365752754
2025-07-21,ETH,,0.0,0.0,0.0
2025-07-21,FET,,0.05,0.0,0.026800122462726745
2025-07-21,FIL,,0.0,0.0,0.0
2025-07-21,HBAR,,-0.08181818181818182,0.0,-0.04568150770012
2025-07-21,ICP,,0.0,0.0,0.0007995325443884947
2025-07-21,JST,,0.05,-0.085,0.0077841874806734174
2025-07-21,JUP,,0.0,0.085,0.018653021562886105
2025-07-21,LINK,,0.0,0.0,0.0
2025-07-21,LTC,,0.0,-0.05,-0.011631242906950515
2025-07-21,LUNC,,0.0,0.0,0.0007995325443884947
2025-07-21,NEAR,,0.0,0.0,0.0
2025-07-21,NEXO,,0.05,-0.085,0.007700664408524533
2025-07-21,ONDO,,0.0,0.0,0.0
2025-07-21,PENGU,,-0.05,0.05,-0.01592808976141192
2025-07-21,PEPE,,-0.08181818181818182,0.085,-0.023980372742252183
2025-07-21,POL,,-0.08181818181818182,0.0,-0.04559798462797112
2025-07-21,QNT,,0.05,0.0,0.026800122462726745
2025-07-21,RENDER,,0.0,0.085,0.019961347544612734
2025-07-21,SHIB,,0.0,0.0,0.0
2025-07-21,SOL,,0.05,0.0,0.02693679658078855
2025-07-21,STX,,0.0,0.0,-0.0014450000997884432
2025-07-21,SUI,,0.0,0.085,0.020256134858079384
2025-07-21,TAO,,0.0,0.085,0.020392808976141194
2025-07-21,TON,,0.05,-0.085,0.0077841874806734174
2025-07-21,TRUMP,,0.0,0.085,0.02065647985096414
2025-07-21,TRX,,0.05,-0.085,0.0077841874806734174
2025-07-21,UNI,,0.0,0.0,0.0
2025-07-21,VET,,0.0,0.0,0.0
2025-07-21,VIRTUAL,,0.0,0.085,0.019889437306024653
2025-07-21,WLD,,0.0,0.085,0.020392808976141194
2025-07-21,XLM,,-0.05,0.0,-0.02783295385570223
2025-07-21,XRP,,-0.08181818181818182,-0.05,-0.055994871332777835
2025-07-21,ZEC,,0.05,-0.085,0.007897189284168967
2025-07-28,AAVE,,0.08181818181818182,0.0,0.04581818181818181
2025-07-28,ADA,0.0,0.0,0.0,0.0
2025-07-28,ALGO,1.0,-0.08181818181818182,0.0,-0.04581818181818181
2025-07-28,APT,2.0,0.05,0.0,0.027999999999999997
2025-07-28,ARB,1.0,-0.08181818181818182,0.05,-0.03381818181818182
2025-07-28,ATOM,1.0,0.0,-0.085,-0.0204
2025-07-28,AVAX,3.0,0.0,0.0,0.0
2025-07-28,BCH,4.0,0.08181818181818182,-0.085,0.025418181818181812
2025-07-28,BNB,3.0,0.08181818181818182,-0.085,0.025418181818181812
2025-07-28,BONK,0.0,-0.08181818181818182,0.085,-0.025418181818181812
2025-07-28,BTC,6.0,0.08181818181818182,-0.085,0.025418181818181812
2025-07-28,CAKE,5.0,0.0,0.0,0.0
2025-07-28,CHZ,1.0,0.0,0.0,0.0
2025-07-28,DASH,6.0,0.0,-0.085,-0.0204
2025-07-28,DEXE,0.0,0.08181818181818182,0.085,0.06621818181818183
2025-07-28,DOGE,0.0,-0.08181818181818182,0.0,-0.04581818181818181
2025-07-28,DOT,7.0,0.0,0.0,0.0
2025-07-28,ENA,,-0.08181818181818182,0.05,-0.03381818181818182
2025-07-28,ETC,7.0,-0.08181818181818182,-0.05,-0.05781818181818182
2025-07-28,ETH,0.0,0.0,0.0,0.0
2025-07-28,FET,2.0,0.05,0.0,0.027999999999999997
2025-07-28,FIL,6.0,0.0,0.0,0.0
2025-07-28,HBAR,1.0,-0.08181818181818182,0.0,-0.04581818181818181
2025-07-28,ICP,7.0,0.0,0.0,0.0
2025-07-28,JST,5.0,0.08181818181818182,-0.085,0.025418181818181812
2025-07-28,JUP,3.0,0.0,0.085,0.0204
2025-07-28,LINK,5.0,0.0,0.0,0.0
2025-07-28,LTC,1.0,0.0,-0.05,-0.012
2025-07-28,LUNC,7.0,0.08181818181818182,0.0,0.04581818181818181
2025-07-28,NEAR,2.0,0.0,0.0,0.0
2025-07-28,NEXO,1.0,0.08181818181818182,-0.085,0.025418181818181812
2025-07-28,ONDO,1.0,0.0,0.0,0.0
2025-07-28,PENGU,0.0,-0.05,0.05,-0.015999999999999997
2025-07-28,PEPE,6.0,-0.08181818181818182,0.085,-0.025418181818181812
2025-07-28,POL,,-0.08181818181818182,0.0,-0.04581818181818181
2025-07-28,QNT,3.0,0.0,0.0,0.0
2025-07-28,RENDER,5.0,0.0,0.085,0.0204
2025-07-28,SHIB,2.0,0.0,0.0,0.0
2025-07-28,SOL,0.0,0.0,0.0,0.0
2025-07-28,STX,3.0,0.0,0.0,0.0
2025-07-28,SUI,0.0,0.0,0.085,0.0204
2025-07-28,TAO,0.0,0.0,0.085,0.0204
2025-07-28,TON,2.0,0.08181818181818182,-0.085,0.025418181818181812
2025-07-28,TRUMP,3.0,0.0,0.085,0.0204
2025-07-28,TRX,0.0,0.08181818181818182,-0.085,0.025418181818181812
2025-07-28,UNI,7.0,-0.08181818181818182,0.0,-0.04581818181818181
2025-07-28,VET,2.0,0.0,0.0,0.0
2025-07-28,VIRTUAL,6.0,0.0,0.085,0.0204
2025-07-28,WLD,5.0,0.0,0.085,0.0204
2025-07-28,XLM,7.0,-0.05,0.0,-0.027999999999999997
2025-07-28,XRP,7.0,-0.08181818181818182,-0.05,-0.05781818181818182
2025-07-28,ZEC,6.0,0.08181818181818182,-0.085,0.025418181818181812
2025-08-04,AAVE,,0.0,0.0,0.0
2025-08-04,ADA,0.0,0.0,0.0,0.0
2025-08-04,ALGO,0.0,0.0,0.0,0.0
2025-08-04,APT,1.0,0.05,0.0,0.027999999999999997
2025-08-04,ARB,6.0,-0.05,0.05,-0.015999999999999997
2025-08-04,ATOM,6.0,0.0,-0.085,-0.0204
2025-08-04,AVAX,3.0,0.0,0.0,0.0
2025-08-04,BCH,4.0,0.08181818181818182,-0.085,0.025418181818181812
2025-08-04,BNB,6.0,0.08181818181818182,-0.085,0.025418181818181812
2025-08-04,BONK,0.0,-0.05,0.085,-0.007599999999999996
2025-08-04,BTC,7.0,0.08181818181818182,-0.085,0.025418181818181812
2025-08-04,CAKE,3.0,0.0,0.0,0.0
2025-08-04,CHZ,6.0,0.0,0.0,0.0
2025-08-04,DASH,8.0,0.0,-0.085,-0.0204
2025-08-04,DEXE,6.0,0.08181818181818182,0.085,0.06621818181818183
2025-08-04,DOGE,5.0,-0.05,0.0,-0.027999999999999997
2025-08-04,DOT,2.0,0.0,0.0,0.0
2025-08-04,ENA,,-0.05,0.05,-0.015999999999999997
2025-08-04,ETC,1.0,-0.05,-0.05,-0.04
2025-08-04,ETH,6.0,-0.05,0.0,-0.027999999999999997
2025-08-04,FET,1.0,0.0,0.0,0.0
2025-08-04,FIL,8.0,0.0,0.0,0.0
2025-08-04,HBAR,0.0,0.0,0.0,0.0
2025-08-04,ICP,2.0,0.08181818181818182,0.0,0.04581818181818181
2025-08-04,JST,4.0,0.08181818181818182,-0.085,0.025418181818181812
2025-08-04,JUP,5.0,0.0,0.085,0.0204
2025-08-04,LINK,3.0,-0.05,0.0,-0.027999999999999997
2025-08-04,LTC,0.0,0.0,-0.05,-0.012
2025-08-04,LUNC,2.0,0.08181818181818182,0.0,0.04581818181818181
2025-08-04,NEAR,1.0,0.0,0.0,0.0
2025-08-04,NEXO,6.0,0.08181818181818182,-0.085,0.025418181818181812
2025-08-04,ONDO,6.0,0.0,0.0,0.0
2025-08-04,PENGU,5.0,-0.05,0.05,-0.015999999999999997
2025-08-04,PEPE,8.0,-0.05,0.085,-0.007599999999999996
2025-08-04,POL,,-0.05,0.0,-0.027999999999999997
2025-08-04,QNT,6.0,0.05,0.0,0.027999999999999997
2025-08-04,RENDER,3.0,0.0,0.085,0.0204
2025-08-04,SHIB,1.0,0.0,0.0,0.0
2025-08-04,SOL,5.0,0.0,0.0,0.0
2025-08-04,STX,5.0,0.0,0.0,0.0
2025-08-04,SUI,0.0,0.0,0.085,0.0204
2025-08-04,TAO,6.0,0.0,0.085,0.0204
2025-08-04,TON,5.0,0.08181818181818182,-0.085,0.025418181818181812
2025-08-04,TRUMP,5.0,0.0,0.085,0.0204
2025-08-04,TRX,2.0,0.08181818181818182,-0.085,0.025418181818181812
2025-08-04,UNI,2.0,-0.05,0.0,-0.027999999999999997
2025-08-04,VET,1.0,0.0,0.0,0.0
2025-08-04,VIRTUAL,8.0,-0.05,0.085,-0.007599999999999996
2025-08-04,WLD,4.0,0.0,0.085,0.0204
2025-08-04,XLM,2.0,0.0,0.0,0.0
2025-08-04,XRP,1.0,-0.05,-0.05,-0.04
2025-08-04,ZEC,8.0,0.08181818181818182,-0.085,0.025418181818181812
2025-08-11,AAVE,,-0.08181818181818182,0.0,-0.03492400794567377
2025-08-11,ADA,0.0,-0.08181818181818182,0.0,-0.03492400794567377
2025-08-11,ALGO,1.0,0.0,0.0,0.0
2025-08-11,APT,2.0,0.0,0.0,0.006657550699866028
2025-08-11,ARB,0.0,-0.08181818181818182,0.07916666666666666,-0.024245946320506306
2025-08-11,ATOM,0.0,0.0,0.0,-0.004850501224188107
2025-08-11,AVAX,3.0,0.0,0.07916666666666666,0.014482376310805194
2025-08-11,BCH,2.0,0.05,-0.07916666666666666,0.012903745637648716
2025-08-11,BNB,5.0,0.05,-0.07916666666666666,0.012903745637648716
2025-08-11,BONK,1.0,0.0,0.07916666666666666,0.012675326835127274
2025-08-11,BTC,7.0,0.05,-0.07916666666666666,0.012903745637648716
2025-08-11,CAKE,6.0,0.0,0.0,0.0
2025-08-11,CHZ,0.0,0.0,0.0,0.0
2025-08-11,DASH,0.0,0.0,-0.07916666666666666,-0.0193328775349933
2025-08-11,DEXE,5.0,0.05,-0.07916666666666666,0.022604748086024938
2025-08-11,DOGE,1.0,-0.08181818181818182,0.0,-0.04158155864553979
2025-08-11,DOT,7.0,0.0,0.0,0.0
2025-08-11,ENA,,-0.05,0.0,-0.0251467639857717
2025-08-11,ETC,6.0,0.0,0.0,-0.009510786714094329
2025-08-11,ETH,5.0,-0.08181818181818182,-0.05,-0.050728322631311495
2025-08-11,FET,2.0,0.0,0.0,0.0
2025-08-11,FIL,7.0,0.0,0.0,0.0
2025-08-11,HBAR,1.0,0.0,0.0,0.0
2025-08-11,ICP,6.0,0.05,0.0,0.03223662317264202
2025-08-11,JST,1.0,0.05,-0.07916666666666666,0.012903745637648716
2025-08-11,JUP,5.0,0.0,0.07916666666666666,0.0193328775349933
2025-08-11,LINK,3.0,-0.08181818181818182,0.0,-0.04158155864553979
2025-08-11,LTC,2.0,0.05,-0.07916666666666666,0.004006836975100476
2025-08-11,LUNC,7.0,0.05,-0.07916666666666666,0.017754246861836825
2025-08-11,NEAR,2.0,0.0,0.0,0.0
2025-08-11,NEXO,0.0,0.05,-0.07916666666666666,0.012903745637648716
2025-08-11,ONDO,1.0,0.0,0.0,0.0
2025-08-11,PENGU,1.0,-0.05,0.05,-0.015999999999999997
2025-08-11,PEPE,7.0,-0.08181818181818182,0.07916666666666666,-0.0222486811105465
2025-08-11,POL,,-0.08181818181818182,0.0,-0.04158155864553979
2025-08-11,QNT,5.0,0.0,0.0,0.006657550699866028
2025-08-11,RENDER,2.0,0.0,0.07916666666666666,0.0193328775349933
2025-08-11,SHIB,6.0,0.0,0.0,0.0
2025-08-11,SOL,3.0,0.0,0.0,0.0
2025-08-11,STX,3.0,0.0,0.07916666666666666,0.014482376310805194
2025-08-11,SUI,0.0,0.0,0.07916666666666666,0.0193328775349933
2025-08-11,TAO,5.0,0.0,0.07916666666666666,0.0193328775349933
2025-08-11,TON,4.0,0.05,-0.07916666666666666,0.012903745637648716
2025-08-11,TRUMP,1.0,0.05,0.07916666666666666,0.04067532683512727
2025-08-11,TRX,1.0,0.05,-0.07916666666666666,0.012903745637648716
2025-08-11,UNI,6.0,-0.08181818181818182,0.0,-0.04158155864553979
2025-08-11,VET,1.0,0.0,0.0,0.0
2025-08-11,VIRTUAL,7.0,-0.08181818181818182,0.07916666666666666,-0.0222486811105465
2025-08-11,WLD,2.0,0.0,0.07916666666666666,0.0193328775349933
2025-08-11,XLM,7.0,-0.08181818181818182,0.0,-0.03492400794567377
2025-08-11,XRP,6.0,0.0,-0.07916666666666666,-0.02399316302489952
2025-08-11,ZEC,0.0,0.05,0.0,0.02738612194845391
2025-08-18,AAVE,,-0.075,0.0,-0.042
2025-08-18,ADA,0.0,-0.075,0.0,-0.042
2025-08-18,ALGO,0.0,0.0,0.0,0.0
2025-08-18,APT,0.0,0.0,0.0,0.0
2025-08-18,ARB,2.0,-0.075,0.07916666666666666,-0.023000000000000003
2025-08-18,ATOM,2.0,0.0,0.0,0.0
2025-08-18,AVAX,3.0,0.0,0.07916666666666666,0.019
2025-08-18,BCH,4.0,0.05,-0.07916666666666666,0.009
2025-08-18,BFUSD,,0.0,0.0,0.0
2025-08-18,BNB,6.0,0.05,-0.07916666666666666,0.009
2025-08-18,BONK,7.0,0.0,0.07916666666666666,0.019
2025-08-18,BTC,0.0,0.05,-0.07916666666666666,0.009
2025-08-18,CAKE,8.0,0.0,0.0,0.0
2025-08-18,CHZ,2.0,0.0,0.0,0.0
2025-08-18,DASH,0.0,0.0,-0.07916666666666666,-0.019
2025-08-18,DEXE,3.0,0.05,-0.07916666666666666,0.009
2025-08-18,DOGE,3.0,-0.075,0.0,-0.042
2025-08-18,DOT,1.0,0.0,0.0,0.0
2025-08-18,ENA,,-0.05,0.0,-0.027999999999999997
2025-08-18,ETC,1.0,-0.075,0.0,-0.042
2025-08-18,ETH,3.0,-0.075,-0.05,-0.054000000000000006
2025-08-18,FET,0.0,0.0,0.0,0.0
2025-08-18,FIL,1.0,0.0,0.0,0.0
2025-08-18,HBAR,7.0,0.05,0.0,0.027999999999999997
2025-08-18,ICP,8.0,0.05,0.0,0.027999999999999997
2025-08-18,JST,2.0,0.05,-0.07916666666666666,0.009
2025-08-18,JUP,3.0,0.0,0.07916666666666666,0.019
2025-08-18,LINK,3.0,-0.05,0.0,-0.027999999999999997
2025-08-18,LTC,7.0,0.05,-0.07916666666666666,0.009
2025-08-18,LUNC,8.0,0.05,-0.07916666666666666,0.009
2025-08-18,NEAR,7.0,0.0,0.0,0.0
2025-08-18,NEXO,7.0,0.05,-0.07916666666666666,0.009
2025-08-18,ONDO,7.0,0.0,0.0,0.0
2025-08-18,PENGU,7.0,-0.075,0.05,-0.03
2025-08-18,PEPE,1.0,-0.075,0.07916666666666666,-0.023000000000000003
2025-08-18,POL,,-0.075,0.0,-0.042
2025-08-18,QNT,8.0,0.05,0.0,0.027999999999999997
2025-08-18,RENDER,7.0,0.0,0.07916666666666666,0.019
2025-08-18,SHIB,1.0,0.0,0.0,0.0
2025-08-18,SOL,3.0,0.0,0.0,0.0
2025-08-18,STX,3.0,0.0,0.07916666666666666,0.019
2025-08-18,SUI,6.0,0.0,0.07916666666666666,0.019
2025-08-18,TAO,6.0,0.0,0.07916666666666666,0.019
2025-08-18,TON,5.0,0.05,-0.07916666666666666,0.009
2025-08-18,TRUMP,6.0,0.05,0.07916666666666666,0.047
2025-08-18,TRX,0.0,0.05,-0.07916666666666666,0.009
2025-08-18,UNI,8.0,-0.075,0.0,-0.042
2025-08-18,VET,0.0,0.0,0.0,0.0
2025-08-18,VIRTUAL,1.0,-0.075,0.07916666666666666,-0.023000000000000003
2025-08-18,WLD,6.0,0.0,0.07916666666666666,0.019
2025-08-18,XLM,8.0,-0.075,0.0,-0.042
2025-08-18,XRP,8.0,0.0,-0.07916666666666666,-0.019
2025-08-18,ZEC,2.0,0.0,0.0,0.0
2025-08-25,AAVE,,-0.075,0.0,-0.042
2025-08-25,ADA,0.0,-0.075,0.0,-0.042
2025-08-25,ALGO,0.0,0.0,0.0,0.0
2025-08-25,APT,1.0,0.0,0.0,0.0
2025-08-25,ARB,2.0,-0.075,0.07916666666666666,-0.023000000000000003
2025-08-25,ATOM,2.0,0.0,0.0,0.0
2025-08-25,AVAX,0.0,0.0,0.07916666666666666,0.019
2025-08-25,BCH,3.0,0.075,-0.07916666666666666,0.023000000000000003
2025-08-25,BFUSD,,0.0,0.0,0.0
2025-08-25,BNB,3.0,0.075,-0.07916666666666666,0.023000000000000003
2025-08-25,BONK,4.0,0.0,0.07916666666666666,0.019
2025-08-25,BTC,0.0,0.075,-0.07916666666666666,0.023000000000000003
2025-08-25,CAKE,5.0,0.0,0.0,0.0
2025-08-25,CHZ,2.0,0.0,0.0,0.0
2025-08-25,DASH,6.0,0.075,-0.07916666666666666,0.023000000000000003
2025-08-25,DEXE,6.0,0.05,-0.07916666666666666,0.009
2025-08-25,DOGE,2.0,-0.075,0.0,-0.042
2025-08-25,DOT,2.0,0.0,0.0,0.0
2025-08-25,ENA,,-0.05,0.0,-0.027999999999999997
2025-08-25,ETC,2.0,-0.075,0.0,-0.042
2025-08-25,ETH,3.0,-0.075,-0.05,-0.054000000000000006
2025-08-25,FET,1.0,0.0,0.0,0.0
2025-08-25,FIL,5.0,0.0,0.0,0.0
2025-08-25,HBAR,4.0,0.075,0.0,0.042
2025-08-25,ICP,5.0,0.0,0.0,0.0
2025-08-25,JST,2.0,0.075,-0.07916666666666666,0.023000000000000003
2025-08-25,JUP,1.0,0.0,0.07916666666666666,0.019
2025-08-25,LINK,3.0,-0.05,0.0,-0.027999999999999997
2025-08-25,LTC,4.0,0.0,-0.07916666666666666,-0.019
2025-08-25,LUNC,5.0,0.075,-0.07916666666666666,0.023000000000000003
2025-08-25,NEAR,4.0,0.0,0.0,0.0
2025-08-25,NEXO,4.0,0.075,-0.07916666666666666,0.023000000000000003
2025-08-25,ONDO,4.0,0.0,0.0,0.0
2025-08-25,PENGU,4.0,-0.075,0.05,-0.03
2025-08-25,PEPE,5.0,-0.075,0.07916666666666666,-0.023000000000000003
2025-08-25,POL,,-0.075,0.0,-0.042
2025-08-25,QNT,1.0,0.075,0.0,0.042
2025-08-25,RENDER,4.0,0.0,0.07916666666666666,0.019
2025-08-25,SHIB,2.0,0.0,0.0,0.0
2025-08-25,SOL,1.0,0.075,0.0,0.042
2025-08-25,STX,0.0,0.05,0.07916666666666666,0.047
2025-08-25,SUI,4.0,0.0,0.07916666666666666,0.019
2025-08-25,TAO,4.0,0.0,0.07916666666666666,0.019
2025-08-25,TON,3.0,0.075,-0.07916666666666666,0.023000000000000003
2025-08-25,TRUMP,0.0,0.075,0.07916666666666666,0.061
2025-08-25,TRX,0.0,0.0,-0.07916666666666666,-0.019
2025-08-25,UNI,5.0,-0.075,0.0,-0.042
2025-08-25,VET,0.0,0.0,0.0,0.0
2025-08-25,VIRTUAL,5.0,-0.075,0.07916666666666666,-0.023000000000000003
2025-08-25,WLD,4.0,0.0,0.07916666666666666,0.019
2025-08-25,XLM,5.0,-0.075,0.0,-0.042
2025-08-25,XRP,5.0,0.0,-0.07916666666666666,-0.019
2025-08-25,ZEC,2.0,0.0,0.0,0.0
2025-09-01,AAVE,,0.0,0.0,-0.022000000000000006
2025-09-01,ADA,5.0,-0.05,0.0,-0.035333333333333335
2025-09-01,ALGO,1.0,-0.075,0.0,-0.019999999999999997
2025-09-01,APT,6.0,0.0,0.0,0.0
2025-09-01,ARB,3.0,0.0,0.07916666666666666,-0.003000000000000006
2025-09-01,ATOM,3.0,0.0,0.0,0.0
2025-09-01,AVAX,5.0,0.05,0.07916666666666666,0.03233333333333333
2025-09-01,BCH,7.0,0.0,-0.07916666666666666,0.003000000000000006
2025-09-01,BFUSD,,0.0,0.0,0.0
2025-09-01,BNB,2.0,0.05,-0.07916666666666666,0.016333333333333335
2025-09-01,BONK,0.0,-0.075,0.07916666666666666,-0.0009999999999999974
2025-09-01,BTC,1.0,0.05,-0.07916666666666666,0.016333333333333335
2025-09-01,CAKE,0.0,0.0,0.0,0.0
2025-09-01,CHZ,5.0,0.0,0.0,0.0
2025-09-01,DASH,1.0,0.05,-0.07916666666666666,0.016333333333333335
2025-09-01,DEXE,4.0,0.0,-0.07916666666666666,-0.00433333333333333
2025-09-01,DOGE,5.0,-0.075,0.0,-0.042
2025-09-01,DOT,3.0,-0.075,0.0,-0.019999999999999997
2025-09-01,ENA,,0.0,0.0,-0.014666666666666668
2025-09-01,ETC,1.0,0.0,0.0,-0.022000000000000006
2025-09-01,ETH,2.0,0.0,-0.05,-0.034
2025-09-01,FET,6.0,0.05,0.0,0.013333333333333329
2025-09-01,FIL,3.0,0.05,0.0,0.013333333333333329
2025-09-01,HBAR,0.0,-0.075,0.0,0.0020000000000000087
2025-09-01,ICP,5.0,0.0,0.0,0.0
2025-09-01,JST,4.0,0.0,-0.07916666666666666,0.003000000000000006
2025-09-01,JUP,6.0,0.05,0.07916666666666666,0.03233333333333333
2025-09-01,LINK,2.0,0.0,0.0,-0.014666666666666668
2025-09-01,LTC,0.0,0.05,-0.07916666666666666,-0.0056666666666666705
2025-09-01,LUNC,3.0,0.05,-0.07916666666666666,0.016333333333333335
2025-09-01,NEAR,0.0,0.0,0.0,0.0
2025-09-01,NEXO,0.0,0.05,-0.07916666666666666,0.016333333333333335
2025-09-01,ONDO,0.0,0.0,0.0,0.0
2025-09-01,PENGU,6.0,-0.05,0.05,-0.02333333333333333
2025-09-01,PEPE,5.0,-0.075,0.07916666666666666,-0.023000000000000003
2025-09-01,POL,,0.0,0.0,-0.022000000000000006
2025-09-01,QNT,6.0,0.0,0.0,0.022000000000000006
2025-09-01,RENDER,7.0,0.05,0.07916666666666666,0.03233333333333333
2025-09-01,SHIB,3.0,-0.075,0.0,-0.019999999999999997
2025-09-01,SOL,6.0,0.05,0.0,0.035333333333333335
2025-09-01,STX,1.0,0.05,0.07916666666666666,0.047
2025-09-01,SUI,7.0,0.0,0.07916666666666666,0.019
2025-09-01,TAO,7.0,0.0,0.07916666666666666,0.019
2025-09-01,TON,2.0,0.05,-0.07916666666666666,0.016333333333333335
2025-09-01,TRUMP,7.0,-0.075,0.07916666666666666,0.021000000000000005
2025-09-01,TRX,2.0,-0.075,-0.07916666666666666,-0.03899999999999999
2025-09-01,UNI,0.0,0.0,0.0,-0.022000000000000006
2025-09-01,VET,1.0,-0.075,0.0,-0.019999999999999997
2025-09-01,VIRTUAL,5.0,0.0,0.07916666666666666,-0.003000000000000006
2025-09-01,WLD,7.0,0.0,0.07916666666666666,0.019
2025-09-01,XLM,5.0,-0.075,0.0,-0.042
2025-09-01,XRP,1.0,-0.075,-0.07916666666666666,-0.03899999999999999
2025-09-01,ZEC,3.0,0.0,0.0,0.0
2025-09-08,AAVE,,0.0,0.0,-0.006319220225403599
2025-09-08,ADA,0.0,-0.07727272727272727,0.0,-0.04099223732912432
2025-09-08,ALGO,1.0,-0.07727272727272727,0.0,-0.03658793232353999
2025-09-08,APT,2.0,0.0,0.0,0.0
2025-09-08,ARB,3.0,0.0,0.075,0.011968017057569292
2025-09-08,ATOM,4.0,0.0,0.0,0.0
2025-09-08,AVAX,4.0,0.05,0.075,0.04207442379937049
2025-09-08,BCH,5.0,0.0,-0.07307692307692307,-0.011639049649710626
2025-09-08,BFUSD,,0.0,0.0,0.0
2025-09-08,BNB,6.0,0.07727272727272727,-0.07307692307692307,0.023033967454010096
2025-09-08,BONK,7.0,-0.07727272727272727,0.075,-0.018300695040567104
2025-09-08,BTC,1.0,0.07727272727272727,-0.07307692307692307,0.023033967454010096
2025-09-08,CAKE,6.0,0.0,0.0,0.0
2025-09-08,CHZ,8.0,0.0,0.0,0.0
2025-09-08,DASH,0.0,0.0,-0.07307692307692307,-0.0078092192100720804
2025-09-08,DEXE,2.0,0.0,-0.07307692307692307,-0.013745456391511826
2025-09-08,DOGE,4.0,-0.05,0.0,-0.03202132196162047
2025-09-08,DOT,4.0,-0.07727272727272727,0.0,-0.03658793232353999
2025-09-08,ENA,,0.0,0.0,-0.004212813483602399
2025-09-08,ETC,1.0,0.0,0.0,-0.006319220225403599
2025-09-08,ETH,6.0,0.0,-0.07307692307692307,-0.022266829119707586
2025-09-08,FET,2.0,0.07727272727272727,0.0,0.03467301710372072
2025-09-08,FIL,8.0,0.07727272727272727,0.0,0.03467301710372072
2025-09-08,HBAR,7.0,-0.07727272727272727,0.0,-0.030268712098136398
2025-09-08,ICP,8.0,0.0,0.0,0.0
2025-09-08,JST,8.0,0.0,-0.07307692307692307,-0.011639049649710626
2025-09-08,JUP,5.0,0.07727272727272727,0.075,0.05296025438669361
2025-09-08,LINK,6.0,0.0,0.0,-0.004212813483602399
2025-09-08,LTC,7.0,0.07727272727272727,-0.07307692307692307,0.0167147472286065
2025-09-08,LUNC,8.0,0.07727272727272727,-0.07307692307692307,0.023033967454010096
2025-09-08,NEAR,7.0,0.0,0.0,0.0
2025-09-08,NEXO,7.0,0.07727272727272727,-0.07307692307692307,0.023033967454010096
2025-09-08,ONDO,4.0,0.0,0.0,0.0
2025-09-08,PENGU,5.0,-0.05,0.05,-0.018106406741801195
2025-09-08,PEPE,8.0,-0.05,0.075,-0.01373408467864758
2025-09-08,POL,,0.0,0.075,0.006510508681084371
2025-09-08,QNT,5.0,0.0,0.0,0.006319220225403599
2025-09-08,RENDER,4.0,0.05,0.075,0.04207442379937049
2025-09-08,SHIB,4.0,-0.07727272727272727,0.0,-0.03658793232353999
2025-09-08,SOL,2.0,0.07727272727272727,0.0,0.04099223732912432
2025-09-08,STX,1.0,0.07727272727272727,0.075,0.05717306787029601
2025-09-08,SUI,7.0,0.0,0.075,0.01828723728297289
2025-09-08,TAO,7.0,0.0,0.075,0.01828723728297289
2025-09-08,TON,0.0,0.07727272727272727,-0.07307692307692307,0.023033967454010096
2025-09-08,TRUMP,7.0,-0.07727272727272727,0.075,-0.011981474815163505
2025-09-08,TRX,0.0,-0.07727272727272727,-0.07307692307692307,-0.05454620219865422
2025-09-08,UNI,6.0,0.0,0.0,-0.006319220225403599
2025-09-08,VET,0.0,-0.07727272727272727,0.0,-0.03658793232353999
2025-09-08,VIRTUAL,8.0,0.0,0.075,0.011968017057569292
2025-09-08,WLD,7.0,0.0,0.05,0.014010660980810236
2025-09-08,WLFI,,0.0,0.0,0.0
2025-09-08,XLM,8.0,-0.07727272727272727,0.0,-0.04290715254894359
2025-09-08,XRP,1.0,-0.07727272727272727,-0.07307692307692307,-0.05454620219865422
2025-09-08,ZEC,3.0,0.05,-0.05,0.011404203472433747
2025-09-15,AAVE,,0.0,0.0,-0.0004448446790392526
2025-09-15,ADA,0.0,-0.07727272727272727,0.0,-0.04311219103869382
2025-09-15,ALGO,0.0,-0.07727272727272727,0.0,-0.04280214777754525
2025-09-15,APT,1.0,0.05,0.0,0.026028925948327186
2025-09-15,ARB,2.0,0.0,0.075,0.017575375533644348
2025-09-15,ATOM,2.0,0.0,0.0,0.0
2025-09-15,AVAX,3.0,0.0,0.075,0.019694731144996914
2025-09-15,BCH,5.0,0.0,-0.07307692307692307,-0.01712316947795986
2025-09-15,BFUSD,,0.05,0.0,0.026028925948327186
2025-09-15,BNB,6.0,0.05,-0.07307692307692307,0.011346580909879883
2025-09-15,BONK,6.0,-0.07727272727272727,0.075,-0.02478192756486165
2025-09-15,BTC,7.0,0.05,-0.07307692307692307,0.011346580909879883
2025-09-15,CAKE,6.0,0.0,0.0,0.0
2025-09-15,CHZ,2.0,0.0,0.0,0.0
2025-09-15,DASH,0.0,0.05,-0.07307692307692307,0.009175359306148694
2025-09-15,DEXE,3.0,-0.05,-0.07307692307692307,-0.043300376985966796
2025-09-15,DOGE,8.0,-0.05,0.0,-0.02828308297757043
2025-09-15,DOT,3.0,-0.07727272727272727,0.0,-0.04280214777754525
2025-09-15,ENA,,0.0,0.0,-0.00029656311935950114
2025-09-15,ETC,0.0,0.0,0.0,-0.0004448446790392526
2025-09-15,ETH,4.0,0.0,-0.07307692307692307,-0.017871317347253148
2025-09-15,FET,1.0,0.05,0.0,0.02846975038783974
2025-09-15,FIL,7.0,0.05,0.0,0.02846975038783974
2025-09-15,HBAR,6.0,-0.07727272727272727,0.0,-0.042357303098505994
2025-09-15,ICP,2.0,0.05,0.0,0.026028925948327186
2025-09-15,JST,3.0,0.0,-0.07307692307692307,-0.01712316947795986
2025-09-15,JUP,4.0,0.05,0.075,0.046489970600523345
2025-09-15,LINK,4.0,0.0,0.0,-0.00029656311935950114
2025-09-15,LTC,8.0,0.05,-0.07307692307692307,0.01090173623084063
2025-09-15,LUNC,7.0,0.05,-0.07307692307692307,0.011346580909879883
2025-09-15,NEAR,6.0,0.0,0.0,0.0
2025-09-15,NEXO,8.0,0.05,-0.07307692307692307,0.011346580909879883
2025-09-15,ONDO,8.0,0.0,0.0,0.0
2025-09-15,PENGU,6.0,-0.07727272727272727,0.05,-0.030345877531494578
2025-09-15,PEPE,2.0,-0.07727272727272727,0.075,-0.024460458736701655
2025-09-15,POL,,0.0,0.075,0.017191191492655904
2025-09-15,PUMP,0.0,0.0,0.0,0.0
2025-09-15,QNT,5.0,0.05,0.0,0.026473770627366437
2025-09-15,RENDER,4.0,0.0,0.075,0.019694731144996914
2025-09-15,SHIB,8.0,-0.07727272727272727,0.0,-0.04280214777754525
2025-09-15,SOL,4.0,0.0,0.0,0.0028856691185518077
2025-09-15,STX,0.0,0.0,0.075,0.020757607771555664
2025-09-15,SUI,5.0,0.0,0.075,0.0180202202126836
2025-09-15,TAO,5.0,0.0,0.075,0.0180202202126836
2025-09-15,TON,4.0,0.05,-0.07307692307692307,0.011346580909879883
2025-09-15,TRUMP,5.0,0.0,0.075,0.015889439034319615
2025-09-15,TRX,8.0,-0.07727272727272727,-0.07307692307692307,-0.060370161934544364
2025-09-15,UNI,4.0,0.0,0.0,-0.0004448446790392526
2025-09-15,VET,0.0,0.0,0.0,-0.0025756258574032367
2025-09-15,VIRTUAL,3.0,0.0,0.075,0.017575375533644348
2025-09-15,WLD,5.0,-0.05,0.05,-0.013887384459541966
2025-09-15,WLFI,,0.0,0.0,0.0
2025-09-15,XLM,7.0,-0.07727272727272727,0.0,-0.043246992456584504
2025-09-15,XRP,7.0,-0.07727272727272727,-0.07307692307692307,-0.060370161934544364
2025-09-15,ZEC,2.0,0.0,-0.05,-0.010352449351264826
2025-09-22,AAVE,,0.05,0.0,0.027999999999999997
2025-09-22,ADA,0.0,0.0,0.0,0.0
2025-09-22,ALGO,0.0,0.0,0.0,0.0
2025-09-22,APT,1.0,0.05,0.0,0.027999999999999997
2025-09-22,ARB,2.0,0.0,0.075,0.018
2025-09-22,ATOM,3.0,0.0,0.0,0.0
2025-09-22,AVAX,1.0,0.0,0.075,0.018
2025-09-22,BCH,6.0,0.0,-0.07307692307692307,-0.017538461538461537
2025-09-22,BFUSD,,0.05,0.0,0.027999999999999997
2025-09-22,BNB,1.0,0.0,-0.07307692307692307,-0.017538461538461537
2025-09-22,BONK,6.0,-0.075,0.075,-0.024
2025-09-22,BTC,6.0,0.05,-0.07307692307692307,0.010461538461538461
2025-09-22,CAKE,1.0,-0.075,0.0,-0.042
2025-09-22,CHZ,3.0,0.05,0.0,0.027999999999999997
2025-09-22,DASH,8.0,0.05,-0.07307692307692307,0.010461538461538461
2025-09-22,DEXE,7.0,-0.05,-0.07307692307692307,-0.045538461538461535
2025-09-22,DOGE,4.0,-0.075,0.0,-0.042
2025-09-22,DOT,1.0,-0.075,0.0,-0.042
2025-09-22,ENA,,-0.075,0.0,-0.042
2025-09-22,ETC,0.0,0.0,0.0,0.0
2025-09-22,ETH,4.0,0.0,-0.07307692307692307,-0.017538461538461537
2025-09-22,FET,1.0,0.05,0.0,0.027999999999999997
2025-09-22,FIL,3.0,0.05,0.0,0.027999999999999997
2025-09-22,HBAR,4.0,0.0,0.0,0.0
2025-09-22,ICP,3.0,0.05,0.0,0.027999999999999997
2025-09-22,JST,8.0,0.0,-0.07307692307692307,-0.017538461538461537
2025-09-22,JUP,4.0,0.0,0.075,0.018
2025-09-22,LINK,2.0,0.0,0.0,0.0
2025-09-22,LTC,0.0,0.05,-0.07307692307692307,0.010461538461538461
2025-09-22,LUNC,3.0,0.05,-0.07307692307692307,0.010461538461538461
2025-09-22,NEAR,1.0,0.0,0.0,0.0
2025-09-22,NEXO,0.0,0.05,-0.07307692307692307,0.010461538461538461
2025-09-22,ONDO,4.0,-0.075,0.0,-0.042
2025-09-22,PENGU,4.0,-0.075,0.05,-0.03
2025-09-22,PEPE,3.0,-0.075,0.075,-0.024
2025-09-22,POL,,0.0,0.075,0.018
2025-09-22,PUMP,8.0,0.0,0.0,0.0
2025-09-22,QNT,6.0,0.05,0.0,0.027999999999999997
2025-09-22,RENDER,4.0,0.0,0.075,0.018
2025-09-22,SHIB,4.0,-0.075,0.0,-0.042
2025-09-22,SKY,,0.0,0.0,0.0
2025-09-22,SOL,4.0,0.0,0.0,0.0
2025-09-22,STX,0.0,0.0,0.075,0.018
2025-09-22,SUI,6.0,0.0,0.075,0.018
2025-09-22,TAO,6.0,0.0,0.075,0.018
2025-09-22,TON,5.0,0.05,-0.07307692307692307,0.010461538461538461
2025-09-22,TRUMP,6.0,0.0,0.075,0.018
2025-09-22,TRX,4.0,-0.075,-0.07307692307692307,-0.05953846153846154
2025-09-22,UNI,4.0,0.0,0.0,0.0
2025-09-22,VET,8.0,0.0,0.0,0.0
2025-09-22,VIRTUAL,1.0,-0.075,0.075,-0.024
2025-09-22,WLD,6.0,-0.05,0.05,-0.015999999999999997
2025-09-22,WLFI,,0.0,0.0,0.0
2025-09-22,XLM,3.0,-0.075,0.0,-0.042
2025-09-22,XRP,3.0,0.0,-0.07307692307692307,-0.017538461538461537
2025-09-22,ZEC,2.0,0.0,-0.05,-0.012
2025-09-29,AAVE,,0.05,0.0,0.027999999999999997
2025-09-29,ADA,0.0,0.0,0.0,0.0
2025-09-29,ALGO,3.0,0.0,0.0,0.0
2025-09-29,APT,0.0,-0.07272727272727274,0.0,-0.034307692307692296
2025-09-29,ARB,3.0,0.05,0.075,0.04338461538461538
2025-09-29,ATOM,3.0,0.0,0.0,0.0
2025-09-29,AVAX,7.0,0.0,0.075,0.018
2025-09-29,BCH,1.0,0.05,-0.07307692307692307,0.007846153846153843
2025-09-29,BFUSD,,0.05,0.0,0.027999999999999997
2025-09-29,BNB,8.0,0.0,-0.07307692307692307,-0.017538461538461537
2025-09-29,BONK,5.0,-0.07272727272727274,0.075,-0.02284615384615385
2025-09-29,BTC,1.0,0.05,-0.07307692307692307,0.010461538461538461
2025-09-29,CAKE,8.0,-0.07272727272727274,0.0,-0.04084615384615385
2025-09-29,CHZ,6.0,0.0,0.0,0.0026153846153846166
2025-09-29,DASH,0.0,-0.05,-0.07307692307692307,-0.0403076923076923
2025-09-29,DEXE,2.0,-0.05,-0.07307692307692307,-0.045538461538461535
2025-09-29,DOGE,4.0,-0.07272727272727274,0.0,-0.04084615384615385
2025-09-29,DOT,7.0,0.0,0.0,-0.003923076923076925
2025-09-29,ENA,,0.05,0.0,0.021461538461538456
2025-09-29,ETC,3.0,0.0,0.0,0.0
2025-09-29,ETH,5.0,0.0,-0.07307692307692307,-0.017538461538461537
2025-09-29,FET,0.0,0.05,0.0,0.027999999999999997
2025-09-29,FIL,3.0,0.05,0.0,0.027999999999999997
2025-09-29,HBAR,8.0,0.0,0.0,0.0
2025-09-29,ICP,6.0,0.05,0.0,0.027999999999999997
2025-09-29,JST,5.0,0.05,-0.07307692307692307,0.007846153846153843
2025-09-29,JUP,5.0,0.0,0.075,0.018
2025-09-29,LINK,3.0,0.0,0.0,0.0
2025-09-29,LTC,6.0,0.0,-0.07307692307692307,-0.014923076923076919
2025-09-29,LUNC,7.0,0.05,-0.07307692307692307,0.010461538461538461
2025-09-29,NEAR,8.0,0.0,0.0,0.0
2025-09-29,NEXO,7.0,0.05,-0.07307692307692307,0.010461538461538461
2025-09-29,ONDO,4.0,-0.07272727272727274,0.0,-0.04084615384615385
2025-09-29,PENGU,8.0,-0.07272727272727274,0.05,-0.028846153846153848
2025-09-29,PEPE,4.0,-0.07272727272727274,0.075,-0.02284615384615385
2025-09-29,POL,,0.0,0.075,0.018
2025-09-29,PUMP,1.0,-0.07272727272727274,0.0,-0.03692307692307692
2025-09-29,QNT,4.0,0.05,0.0,0.027999999999999997
2025-09-29,RENDER,4.0,0.0,0.075,0.018
2025-09-29,SHIB,4.0,0.0,0.0,-0.003923076923076925
2025-09-29,SKY,,-0.07272727272727274,0.0,-0.03692307692307692
2025-09-29,SOL,4.0,0.0,0.0,0.0
2025-09-29,STX,3.0,0.0,0.075,0.018
2025-09-29,SUI,4.0,0.0,0.075,0.018
2025-09-29,TAO,4.0,0.0,0.075,0.018
2025-09-29,TON,1.0,0.05,-0.07307692307692307,0.010461538461538461
2025-09-29,TRUMP,4.0,0.0,0.075,0.018
2025-09-29,TRX,5.0,0.0,-0.07307692307692307,-0.021461538461538462
2025-09-29,UNI,5.0,0.0,0.0,0.0
2025-09-29,VET,0.0,0.0,0.0,0.0
2025-09-29,VIRTUAL,7.0,0.0,0.075,0.01407692307692307
2025-09-29,WLD,4.0,-0.05,0.05,-0.015999999999999997
2025-09-29,WLFI,,-0.07272727272727274,0.0,-0.03692307692307692
2025-09-29,XLM,7.0,-0.07272727272727274,0.0,-0.04084615384615385
2025-09-29,XRP,7.0,0.0,-0.07307692307692307,-0.017538461538461537
2025-09-29,ZEC,6.0,-0.05,-0.05,-0.03738461538461538
2025-10-06,AAVE,,0.06923076923076922,-0.07272727272727274,0.02406334158427166
2025-10-06,ADA,4.0,0.0,0.0,0.0
2025-10-06,ALGO,3.0,0.0,0.0,0.0
2025-10-06,APT,4.0,-0.05,0.05,-0.02352717794328145
2025-10-06,ARB,3.0,0.0,0.06923076923076922,0.02762151034757767
2025-10-06,ATOM,3.0,0.06923076923076922,0.0,0.022829324536399444
2025-10-06,AVAX,1.0,-0.06666666666666667,0.06923076923076922,-0.0047991270171714034
2025-10-06,BCH,6.0,0.06923076923076922,-0.07272727272727274,0.015777120487045854
2025-10-06,BFUSD,,0.06923076923076922,-0.07272727272727274,0.02406334158427166
2025-10-06,BNB,1.0,0.0,-0.07272727272727274,-0.01748904741608838
2025-10-06,BONK,0.0,0.0,0.06923076923076922,0.00039083719982415874
2025-10-06,BTC,3.0,0.06923076923076922,-0.07272727272727274,0.01685243162180035
2025-10-06,CAKE,1.0,-0.06666666666666667,-0.05,-0.04584384327839473
2025-10-06,CHZ,3.0,0.0,0.0,0.0010753111347544947
2025-10-06,DASH,4.0,-0.05,-0.05,-0.04012650719232406
2025-10-06,DEXE,1.0,-0.05,0.05,-0.028144690463109575
2025-10-06,DOGE,7.0,0.0,0.0,-0.016793829781018718
2025-10-06,DOT,1.0,0.0,0.0,-0.001612966702131742
2025-10-06,ENA,,0.0,0.06923076923076922,0.018607872894488526
2025-10-06,ETC,3.0,0.0,0.0,0.0
2025-10-06,ETH,2.0,0.0,-0.07272727272727274,-0.01748904741608838
2025-10-06,FET,4.0,0.0,0.06923076923076922,0.021296150731374763
2025-10-06,FIL,7.0,0.0,0.06923076923076922,0.021296150731374763
2025-10-06,HBAR,2.0,0.06923076923076922,0.0,0.022829324536399444
2025-10-06,ICP,3.0,0.0,0.0,0.011512154501489288
2025-10-06,JST,0.0,0.06923076923076922,-0.07272727272727274,0.015777120487045854
2025-10-06,JUP,2.0,0.05,0.06923076923076922,0.033672512479353586
2025-10-06,LINK,3.0,0.06923076923076922,0.0,0.022829324536399444
2025-10-06,LTC,3.0,0.0,-0.05,-0.01320181832707855
2025-10-06,LUNC,7.0,0.0,0.0,0.004301244539017976
2025-10-06,MORPHO,3.0,-0.06666666666666667,0.0,-0.021983793998014277
2025-10-06,NEAR,1.0,-0.06666666666666667,0.0,-0.021983793998014277
2025-10-06,NEXO,3.0,0.06923076923076922,-0.07272727272727274,0.01685243162180035
2025-10-06,ONDO,7.0,0.06923076923076922,0.0,0.006035494755380726
2025-10-06,PENGU,2.0,-0.06666666666666667,0.06923076923076922,-0.024059847048509254
2025-10-06,PEPE,7.0,0.0,0.06923076923076922,0.00039083719982415874
2025-10-06,POL,,0.0,0.0,0.0074006707509574
2025-10-06,PUMP,4.0,-0.06666666666666667,0.0,-0.03716465707690125
2025-10-06,QNT,0.0,0.06923076923076922,-0.07272727272727274,0.02406334158427166
2025-10-06,RENDER,2.0,0.0,0.0,0.0074006707509574
2025-10-06,SHIB,7.0,0.0,0.0,-0.001612966702131742
2025-10-06,SKY,,-0.06666666666666667,0.0,-0.03716465707690125
2025-10-06,SOL,2.0,0.0,0.0,0.0
2025-10-06,STX,7.0,0.0,0.0,0.0074006707509574
2025-10-06,SUI,6.0,-0.06666666666666667,0.06923076923076922,-0.0047991270171714034
2025-10-06,TAO,6.0,-0.06666666666666667,0.0,-0.014583123247056882
2025-10-06,TON,4.0,0.05,0.0,0.020789090037528685
2025-10-06,TRUMP,6.0,0.0,0.06923076923076922,0.017184666980842873
2025-10-06,TRX,2.0,0.06923076923076922,-0.07272727272727274,0.0037273104181793186
2025-10-06,UNI,2.0,0.0,0.0,0.0
2025-10-06,VET,4.0,0.0,0.0,0.0
2025-10-06,VIRTUAL,1.0,-0.06666666666666667,0.06923076923076922,-0.0064120937193031455
2025-10-06,WLD,6.0,0.06923076923076922,0.06923076923076922,0.026034946765433897
2025-10-06,WLFI,,-0.06666666666666667,0.0,-0.03716465707690125
2025-10-06,XLM,1.0,-0.06666666666666667,0.0,-0.038777623779032995
2025-10-06,XRP,7.0,0.0,-0.07272727272727274,-0.01748904741608838
2025-10-06,ZEC,5.0,-0.05,-0.05,-0.038924688865245506
2025-10-13,AAVE,,0.06923076923076922,-0.07272727272727274,0.022018718502987575
2025-10-13,ADA,0.0,0.0,0.0,0.0
2025-10-13,ALGO,1.0,0.0,0.0,0.0
2025-10-13,APT,2.0,-0.05,0.05,-0.017927990467547426
2025-10-13,ARB,3.0,0.0,0.06923076923076922,0.019434463114151444
2025-10-13,ASTER,,-0.07272727272727274,0.0,-0.030295502124922012
2025-10-13,ATOM,3.0,0.06923076923076922,0.0,0.034686427426189145
2025-10-13,AVAX,4.0,0.0,0.06923076923076922,0.01113033103941553
2025-10-13,BCH,5.0,0.0,-0.07272727272727274,-0.008942678771056731
2025-10-13,BFUSD,,0.06923076923076922,-0.07272727272727274,0.022018718502987575
2025-10-13,BNB,2.0,-0.07272727272727274,-0.07272727272727274,-0.04775888481614071
2025-10-13,BONK,1.0,0.0,0.06923076923076922,0.01245967406978868
2025-10-13,BTC,4.0,0.0,-0.07272727272727274,-0.008667251561407095
2025-10-13,CAKE,6.0,-0.07272727272727274,-0.05,-0.0509641702124295
2025-10-13,CHZ,1.0,0.0,0.0,0.0002754272096496331
2025-10-13,DASH,1.0,-0.05,-0.05,-0.04003240320113525
2025-10-13,DEXE,6.0,-0.05,0.05,-0.019110707308984086
2025-10-13,DOGE,6.0,0.0,0.0,-0.004301524950704561
2025-10-13,DOT,8.0,0.0,0.0,-0.0004131408144744497
2025-10-13,ENA,,-0.07272727272727274,0.06923076923076922,-0.013169767091657198
2025-10-13,ETC,3.0,0.0,0.0,0.0
2025-10-13,ETH,5.0,0.0,-0.07272727272727274,-0.017463382691218707
2025-10-13,FET,2.0,0.0,0.06923076923076922,0.017814303057388896
2025-10-13,FIL,8.0,0.0,0.06923076923076922,0.017814303057388896
2025-10-13,HBAR,6.0,0.06923076923076922,0.0,0.034686427426189145
2025-10-13,ICP,8.0,0.0,0.0,0.0029486913033078353
2025-10-13,JST,5.0,0.06923076923076922,-0.07272727272727274,0.01989630882862864
2025-10-13,JUP,5.0,0.06923076923076922,0.06923076923076922,0.049823337605986895
2025-10-13,LINK,3.0,0.06923076923076922,0.0,0.034686427426189145
2025-10-13,LTC,4.0,0.0,-0.05,-0.012307830410784884
2025-10-13,LUNC,1.0,0.0,0.0,0.0011017088385985316
2025-10-13,MORPHO,3.0,-0.07272727272727274,0.0,-0.03592637010599972
2025-10-13,NEAR,4.0,0.0,0.0,-0.00563086798107771
2025-10-13,NEXO,4.0,0.06923076923076922,-0.07272727272727274,0.020171736038278272
2025-10-13,ONDO,6.0,0.06923076923076922,0.0,0.030384902475484584
2025-10-13,PENGU,6.0,-0.07272727272727274,0.06923076923076922,-0.024098558458348435
2025-10-13,PEPE,6.0,0.0,0.06923076923076922,0.01245967406978868
2025-10-13,POL,,0.0,0.0,0.0018955872664121794
2025-10-13,PUMP,0.0,-0.07272727272727274,0.0,-0.039814754242229834
2025-10-13,QNT,6.0,0.06923076923076922,-0.07272727272727274,0.022018718502987575
2025-10-13,RENDER,5.0,0.05,0.0,0.02272374497729606
2025-10-13,SHIB,6.0,0.0,0.0,-0.0004131408144744497
2025-10-13,SKY,,0.06923076923076922,0.0,0.019319735482377545
2025-10-13,SOL,5.0,0.0,0.0,0.0
2025-10-13,STX,1.0,0.0,0.0,0.0018955872664121794
2025-10-13,SUI,8.0,-0.07272727272727274,0.06923076923076922,-0.01916517108550648
2025-10-13,TAO,1.0,-0.07272727272727274,0.0,-0.03403078283958755
2025-10-13,TON,0.0,0.0,0.0,0.005324859824406815
2025-10-13,TRUMP,1.0,0.0,0.06923076923076922,0.01676119902049324
2025-10-13,TRX,3.0,0.06923076923076922,-0.07272727272727274,0.01680990392049599
2025-10-13,UNI,5.0,0.0,0.0,0.0
2025-10-13,VET,5.0,0.0,0.0,0.0
2025-10-13,VIRTUAL,6.0,-0.07272727272727274,0.06923076923076922,-0.01957831189998093
2025-10-13,WLD,8.0,0.06923076923076922,0.06923076923076922,0.047867072721237164
2025-10-13,WLFI,,0.05,0.0,0.011308905593576057
2025-10-13,XLM,8.0,-0.07272727272727274,0.0,-0.04022789505670429
2025-10-13,XRP,8.0,0.0,-0.07272727272727274,-0.017463382691218707
2025-10-13,ZEC,5.0,-0.05,-0.05,-0.03972457279035037
2025-10-20,AAVE,,0.0,-0.07272727272727274,-0.009029255477513369
2025-10-20,ADA,0.0,0.0,0.0,0.0
2025-10-20,ALGO,9.0,0.07083333333333333,0.0,0.031200096244507272
2025-10-20,APT,2.0,-0.05,0.05,-0.01641151597647249
2025-10-20,ARB,1.0,0.0,0.06923076923076922,0.017217097051571286
2025-10-20,ASTER,,-0.06818181818181818,0.0,-0.036498539603655546
2025-10-20,ATOM,1.0,0.07083333333333333,0.0,0.03860366970241361
2025-10-20,AVAX,4.0,0.0,0.06923076923076922,0.015444638589243618
2025-10-20,BCH,0.0,-0.06818181818181818,-0.07272727272727274,-0.045669925707399625
2025-10-20,BFUSD,,0.07083333333333333,-0.07272727272727274,0.022170840766993907
2025-10-20,BNB,4.0,-0.06818181818181818,-0.07272727272727274,-0.05395497130408247
2025-10-20,BONK,6.0,0.0,0.06923076923076922,0.01572837748962667
2025-10-20,BTC,0.0,0.0,-0.07272727272727274,-0.015578959507491663
2025-10-20,CAKE,4.0,-0.06818181818181818,-0.05,-0.050348805708593555
2025-10-20,CHZ,5.0,0.0,0.0,5.878799663892799e-05
2025-10-20,DASH,5.0,-0.05,-0.05,-0.040006916234898694
2025-10-20,DEXE,4.0,-0.05,0.05,-0.016663958550274947
2025-10-20,DOGE,8.0,0.0,0.0,-0.0009181301828020808
2025-10-20,DOT,9.0,0.0,0.0,-8.818199495839199e-05
2025-10-20,ENA,,-0.06818181818181818,0.06923076923076922,-0.01977422428861645
2025-10-20,ETC,1.0,0.0,0.0,0.0
2025-10-20,ETH,5.0,0.0,-0.07272727272727274,-0.01745643170042692
2025-10-20,FET,2.0,0.0,0.06923076923076922,0.016871285306636417
2025-10-20,FIL,6.0,0.0,0.06923076923076922,0.016871285306636417
2025-10-20,HBAR,8.0,0.07083333333333333,0.0,0.03860366970241361
2025-10-20,ICP,9.0,0.0,0.0,0.0006293773757814641
2025-10-20,JST,2.0,0.07083333333333333,-0.07272727272727274,0.021717827381129224
2025-10-20,JUP,9.0,-0.06818181818181818,0.06923076923076922,-0.006328790077698883
2025-10-20,LINK,1.0,0.0,0.0,0.0074035734579063345
2025-10-20,LTC,0.0,0.0,-0.05,-0.012065704231537626
2025-10-20,LUNC,9.0,-0.06818181818181818,0.0,-0.02979702621671332
2025-10-20,MORPHO,1.0,-0.06818181818181818,0.0,-0.03770040868684068
2025-10-20,NEAR,4.0,0.0,0.0,-0.001201869083185132
2025-10-20,NEXO,4.0,0.07083333333333333,-0.07272727272727274,0.021776615377768153
2025-10-20,ONDO,9.0,0.07083333333333333,0.0,0.037685539519611524
2025-10-20,PENGU,9.0,0.0,0.06923076923076922,0.00792528042553043
2025-10-20,PEPE,8.0,0.0,0.06923076923076922,0.01572837748962667
2025-10-20,POL,,0.05,0.0,0.02242819709063775
2025-10-20,PUMP,3.0,-0.05,0.0,-0.030521776020479292
2025-10-20,QNT,8.0,0.07083333333333333,-0.07272727272727274,0.022170840766993907
2025-10-20,RENDER,9.0,0.05,0.0,0.026873820553403482
2025-10-20,SHIB,8.0,0.07083333333333333,0.0,0.031111914249548882
2025-10-20,SKY,,0.07083333333333333,0.0,0.035323757614231
2025-10-20,SOL,5.0,0.0,0.0,0.0
2025-10-20,STX,6.0,0.0,0.0,0.0004045997415737983
2025-10-20,SUI,6.0,0.0,0.06923076923076922,0.008978277188857103
2025-10-20,TAO,5.0,-0.06818181818181818,0.0,-0.03729580894526688
2025-10-20,TON,5.0,0.05,0.0,0.02316015114800852
2025-10-20,TRUMP,6.0,0.0,0.06923076923076922,0.01664650767242875
2025-10-20,TRX,5.0,0.07083333333333333,-0.07272727272727274,0.021059056007028298
2025-10-20,UNI,9.0,0.0,0.0,0.0
2025-10-20,VET,5.0,0.07083333333333333,0.0,0.031200096244507272
2025-10-20,VIRTUAL,8.0,-0.05,0.06923076923076922,-0.013133502155165244
2025-10-20,WLD,6.0,0.0,0.06923076923076922,0.023285837174029024
2025-10-20,WLFI,,-0.06818181818181818,0.0,-0.027618372011532125
2025-10-20,XLM,6.0,0.0,0.0,-0.008586360666373728
2025-10-20,XRP,6.0,0.0,-0.07272727272727274,-0.01745643170042692
2025-10-20,ZEC,2.0,-0.06818181818181818,-0.05,-0.04794979285756614
2025-10-27,AAVE,,0.0,-0.07272727272727274,-0.015640407291918026
2025-10-27,ADA,0.0,0.0,0.0,0.0
2025-10-27,ALGO,1.0,0.06785714285714284,0.0,0.036535840910085986
2025-10-27,APT,2.0,-0.07272727272727274,0.05,-0.026075437077203688
2025-10-27,ARB,3.0,0.0,0.06923076923076922,0.016744945674575396
2025-10-27,ASTER,,0.0,0.0,-0.007858886015278083
2025-10-27,ATOM,3.0,0.06785714285714284,0.0,0.03812998249885236
2025-10-27,AVAX,4.0,0.0,0.06923076923076922,0.01636329892449959
2025-10-27,BCH,2.0,-0.07272727272727274,-0.07272727272727274,-0.055487750477749745
2025-10-27,BFUSD,,0.06785714285714284,-0.07272727272727274,0.020895433618167956
2025-10-27,BNB,4.0,0.0,-0.07272727272727274,-0.025313837617344518
2025-10-27,BONK,8.0,0.0,0.06923076923076922,0.016424393743646473
2025-10-27,BTC,4.0,0.06785714285714284,-0.07272727272727274,0.012767125453559035
2025-10-27,CAKE,4.0,0.0,-0.05,-0.02025728635059407
2025-10-27,CHZ,1.0,0.05,0.0,0.021983682562434867
2025-10-27,DASH,7.0,-0.05,-0.05,-0.04000148920757691
2025-10-27,DEXE,8.0,-0.05,0.05,-0.01614296392738293
2025-10-27,DOGE,6.0,0.0,0.0,-0.0001976923058342123
2025-10-27,DOT,1.0,0.0,0.0,-1.8987396605545822e-05
2025-10-27,ENA,,-0.07272727272727274,0.06923076923076922,-0.023177899904966187
2025-10-27,ETC,3.0,0.0,0.0,0.0
2025-10-27,ETH,5.0,0.06785714285714284,-0.07272727272727274,0.01236286708811872
2025-10-27,FET,2.0,0.0,0.06923076923076922,0.016670485295730116
2025-10-27,FIL,2.0,-0.07272727272727274,0.06923076923076922,-0.015287368228678856
2025-10-27,HBAR,7.0,0.0,0.0,0.00831216380866721
2025-10-27,ICP,7.0,-0.07272727272727274,0.0,-0.031822335634910576
2025-10-27,JST,8.0,0.06785714285714284,-0.07272727272727274,0.020797890521880642
2025-10-27,JUP,6.0,-0.07272727272727274,0.06923076923076922,-0.020282821470678954
2025-10-27,LINK,3.0,0.0,0.0,0.0015941415887663797
2025-10-27,LTC,2.0,0.0,-0.05,-0.012014147471980603
2025-10-27,LUNC,6.0,-0.07272727272727274,0.0,-0.03837376591910515
2025-10-27,MORPHO,3.0,0.06785714285714284,0.0,0.02170014554992597
2025-10-27,NEAR,4.0,0.0,0.0,-0.0002587871249810969
2025-10-27,NEXO,4.0,0.06785714285714284,-0.07272727272727274,0.020810548786284338
2025-10-27,ONDO,1.0,0.06785714285714284,0.0,0.03793229019301815
2025-10-27,PENGU,1.0,0.0,0.06923076923076922,0.014744226507948599
2025-10-27,PEPE,1.0,0.0,0.06923076923076922,0.016424393743646473
2025-10-27,POL,,0.0,0.0,0.0048292519749436776
2025-10-27,PUMP,7.0,-0.07272727272727274,0.0,-0.038529819453280566
2025-10-27,QNT,1.0,0.06785714285714284,-0.07272727272727274,0.020895433618167956
2025-10-27,RENDER,6.0,0.0,0.0,0.005786486111983576
2025-10-27,SHIB,1.0,0.0,0.0,0.006699034823295286
2025-10-27,SKY,,0.06785714285714284,0.0,0.0374237499887007
2025-10-27,SOL,5.0,0.0,0.0,0.0
2025-10-27,STX,6.0,0.0,0.0,8.711864324897493e-05
2025-10-27,SUI,6.0,0.0,0.06923076923076922,0.014970958361532467
2025-10-27,TAO,7.0,-0.07272727272727274,0.0,-0.03998840802141918
2025-10-27,TON,7.0,0.0,0.0,0.004986856733045317
2025-10-27,TRUMP,7.0,-0.07272727272727274,0.06923076923076922,-0.015335767474928291
2025-10-27,TRX,5.0,0.06785714285714284,-0.07272727272727274,0.020656043500180386
2025-10-27,UNI,6.0,0.0,0.0,0.0
2025-10-27,VET,5.0,0.06785714285714284,0.0,0.036535840910085986
2025-10-27,VIRTUAL,7.0,-0.05,0.06923076923076922,-0.01176118666479895
2025-10-27,WLD,6.0,0.0,0.06923076923076922,0.018051670200999004
2025-10-27,WLFI,,-0.07272727272727274,0.0,-0.0379046568738898
2025-10-27,XLM,6.0,0.06785714285714284,0.0,0.027968998696402722
2025-10-27,XRP,6.0,0.0,-0.07272727272727274,-0.01745495160206643
2025-10-27,ZEC,2.0,-0.05,-0.05,-0.041711753856212556
2025-11-03,AAVE,,0.0,-0.07083333333333333,-0.016698026317218843
2025-11-03,ADA,5.0,0.0,0.0,0.0
2025-11-03,ALGO,1.0,0.0,0.0,0.008114829071633922
2025-11-03,APT,2.0,-0.07500000000000001,0.07500000000000001,-0.024460967004205185
2025-11-03,ARB,3.0,0.05,0.07500000000000001,0.03950227723192627
2025-11-03,ASTER,,0.0,0.0,-0.0017455056492166497
2025-11-03,ATOM,3.0,0.05,0.0,0.03024992977933997
2025-11-03,AVAX,3.0,0.05,0.07500000000000001,0.03941751120313193
2025-11-03,BCH,6.0,-0.07500000000000001,-0.05,-0.05433043829093443
2025-11-03,BFUSD,,0.05,-0.07083333333333333,0.01319783506827581
2025-11-03,BNB,3.0,0.0,-0.07083333333333333,-0.01884655312464552
2025-11-03,BONK,0.0,0.0,0.07500000000000001,0.017650048414487807
2025-11-03,BTC,5.0,0.05,-0.07083333333333333,0.011392489146179923
2025-11-03,CAKE,4.0,0.0,0.0,-0.004499264615114806
2025-11-03,CHZ,1.0,0.0,0.0,0.0048827075527902025
2025-11-03,DASH,2.0,-0.05,-0.05,-0.04000033076192139
2025-11-03,DEXE,4.0,0.0,0.07500000000000001,0.01041664323666382
2025-11-03,DOGE,8.0,0.0,0.0,-4.390864506361884e-05
2025-11-03,DOT,1.0,0.0,0.0,-4.21721449763571e-06
2025-11-03,ENA,,-0.07500000000000001,0.05,-0.028484770712763473
2025-11-03,ETC,3.0,0.05,0.0,0.02178103231386073
2025-11-03,ETH,3.0,0.05,-0.07083333333333333,0.011302700942196894
2025-11-03,FET,2.0,-0.05,0.05,-0.008743689559120225
2025-11-03,FIL,2.0,-0.05,0.05,-0.015841720215787055
2025-11-03,HBAR,6.0,0.0,0.0,0.0018461813617142026
2025-11-03,ICP,2.0,-0.05,0.0,-0.028848963635681693
2025-11-03,JST,6.0,0.05,-0.07083333333333333,0.01317617016242521
2025-11-03,JUP,5.0,-0.07500000000000001,0.0,-0.03717648458900125
2025-11-03,LINK,3.0,0.0,0.0,0.0003540683938453152
2025-11-03,LTC,2.0,0.0,-0.07083333333333333,-0.0158926122942997
2025-11-03,LUNC,5.0,-0.07500000000000001,0.0,-0.04119459169387636
2025-11-03,MORPHO,3.0,0.0,0.0,0.004819732284268158
2025-11-03,NEAR,1.0,-0.07500000000000001,0.0,-0.032729026641071336
2025-11-03,NEXO,4.0,0.05,-0.07083333333333333,0.013178981638756967
2025-11-03,ONDO,8.0,0.0,0.0,0.008424988820415619
2025-11-03,PENGU,3.0,0.0,0.07500000000000001,0.017276873209269412
2025-11-03,PEPE,8.0,0.0,0.07500000000000001,0.017650048414487807
2025-11-03,POL,,0.05,0.0,0.02285363809887498
2025-11-03,PUMP,7.0,-0.07500000000000001,0.05,-0.03189452398387693
2025-11-03,QNT,2.0,0.05,-0.07083333333333333,0.01319783506827581
2025-11-03,RENDER,1.0,0.0,0.07500000000000001,0.015287305421293312
2025-11-03,SHIB,8.0,0.05,0.0,0.02326892806723198
2025-11-03,SKY,,0.05,-0.07083333333333333,0.0168688731187983
2025-11-03,SOL,3.0,0.0,0.0,0.0
2025-11-03,STX,5.0,0.0,0.0,1.934957240091678e-05
2025-11-03,SUI,5.0,0.0,0.0,0.003325139510032389
2025-11-03,TAO,6.0,-0.07500000000000001,0.0,-0.0415532133745539
2025-11-03,TON,6.0,0.05,0.0,0.02288864305951126
2025-11-03,TRUMP,6.0,-0.07500000000000001,0.0,-0.03607771426967413
2025-11-03,TRX,3.0,0.05,-0.07083333333333333,0.01314466508941346
2025-11-03,UNI,1.0,0.0,0.0,0.0
2025-11-03,VET,1.0,0.0,0.0,0.008114829071633922
2025-11-03,VIRTUAL,6.0,-0.05,0.05,-0.015058534172886013
2025-11-03,WLD,5.0,0.0,0.07500000000000001,0.0180114762610839
2025-11-03,WLFI,,0.0,0.07500000000000001,0.005583240907020566
2025-11-03,XLM,5.0,0.0,0.0,0.006212082110949993
2025-11-03,XRP,5.0,0.0,-0.07083333333333333,-0.01710104747542887
2025-11-03,ZEC,2.0,-0.07500000000000001,-0.05,-0.05127070693973074
2025-11-10,AAVE,,0.0,-0.07083333333333333,-0.016999999999999998
2025-11-10,ADA,0.0,0.0,0.0,0.0
2025-11-10,ALGO,1.0,0.05,0.0,0.027999999999999997
2025-11-10,APT,2.0,0.0,0.07500000000000001,0.018000000000000002
2025-11-10,ARB,3.0,0.0,0.07500000000000001,0.018000000000000002
2025-11-10,ASTER,4.0,-0.07777777777777778,0.0,-0.043555555555555556
2025-11-10,ATOM,6.0,0.05,0.0,0.027999999999999997
2025-11-10,AVAX,0.0,0.05,0.07500000000000001,0.046
2025-11-10,BCH,7.0,-0.07777777777777778,-0.05,-0.05555555555555556
2025-11-10,BFUSD,,0.05,-0.07083333333333333,0.011
2025-11-10,BNB,2.0,0.05,-0.07083333333333333,0.011
2025-11-10,BONK,8.0,0.0,0.07500000000000001,0.018000000000000002
2025-11-10,BTC,2.0,0.0,-0.07083333333333333,-0.016999999999999998
2025-11-10,CAKE,1.0,0.05,0.0,0.027999999999999997
2025-11-10,CHZ,1.0,0.0,0.0,0.0
2025-11-10,DASH,6.0,-0.05,-0.05,-0.04
2025-11-10,DEXE,7.0,0.0,0.07500000000000001,0.018000000000000002
2025-11-10,DOGE,6.0,0.0,0.0,0.0
2025-11-10,DOT,1.0,0.0,0.0,0.0
2025-11-10,ENA,,0.0,0.05,0.012
2025-11-10,ETC,6.0,0.05,0.0,0.027999999999999997
2025-11-10,ETH,6.0,0.0,-0.07083333333333333,-0.016999999999999998
2025-11-10,FET,4.0,-0.05,0.05,-0.015999999999999997
2025-11-10,FIL,4.0,-0.05,0.05,-0.015999999999999997
2025-11-10,HBAR,7.0,0.0,0.0,0.0
2025-11-10,ICP,4.0,-0.05,0.0,-0.027999999999999997
2025-11-10,JST,8.0,0.05,-0.07083333333333333,0.011
2025-11-10,JUP,0.0,-0.07777777777777778,0.0,-0.043555555555555556
2025-11-10,LINK,6.0,0.0,0.0,0.0
2025-11-10,LTC,6.0,0.0,-0.07083333333333333,-0.016999999999999998
2025-11-10,LUNC,0.0,-0.07777777777777778,0.0,-0.043555555555555556
2025-11-10,MORPHO,5.0,0.05,0.0,0.027999999999999997
2025-11-10,NEAR,1.0,-0.05,0.0,-0.027999999999999997
2025-11-10,NEXO,0.0,0.05,-0.07083333333333333,0.011
2025-11-10,ONDO,3.0,0.0,0.0,0.0
2025-11-10,PENGU,0.0,0.0,0.07500000000000001,0.018000000000000002
2025-11-10,PEPE,3.0,0.0,0.07500000000000001,0.018000000000000002
2025-11-10,POL,,0.0,0.0,0.0
2025-11-10,PUMP,7.0,-0.07777777777777778,0.05,-0.03155555555555555
2025-11-10,QNT,4.0,0.05,-0.07083333333333333,0.011
2025-11-10,RENDER,1.0,0.0,0.07500000000000001,0.018000000000000002
2025-11-10,SHIB,3.0,0.05,0.0,0.027999999999999997
2025-11-10,SKY,,0.05,-0.07083333333333333,0.011
2025-11-10,SOL,0.0,0.0,0.0,0.0
2025-11-10,STX,3.0,0.0,0.0,0.0
2025-11-10,SUI,0.0,0.0,0.0,0.0
2025-11-10,TAO,7.0,-0.07777777777777778,0.0,-0.043555555555555556
2025-11-10,TON,7.0,0.0,0.0,0.0
2025-11-10,TRUMP,3.0,-0.07777777777777778,0.0,-0.043555555555555556
2025-11-10,TRX,5.0,0.05,-0.07083333333333333,0.011
2025-11-10,UNI,5.0,0.0,0.0,0.0
2025-11-10,VET,1.0,0.0,0.0,0.0
2025-11-10,VIRTUAL,7.0,-0.05,0.05,-0.015999999999999997
2025-11-10,WLD,3.0,0.0,0.07500000000000001,0.018000000000000002
2025-11-10,WLFI,,-0.07777777777777778,0.07500000000000001,-0.025555555555555554
2025-11-10,XLM,0.0,0.05,0.0,0.027999999999999997
2025-11-10,XRP,6.0,0.0,-0.07083333333333333,-0.016999999999999998
2025-11-10,ZEC,6.0,-0.07777777777777778,-0.05,-0.05555555555555556
2025-11-17,AAVE,,0.0,-0.07083333333333333,-0.016999999999999998
2025-11-17,ADA,0.0,0.0,0.0,0.0
2025-11-17,ALGO,1.0,0.0,0.0,0.008985915492957745
2025-11-17,APT,2.0,0.0,0.07500000000000001,0.018000000000000002
2025-11-17,ARB,3.0,0.0,0.07500000000000001,0.018000000000000002
2025-11-17,ASTER,4.0,-0.07777777777777778,0.0,-0.043555555555555556
2025-11-17,ATOM,3.0,0.05,0.0,0.027999999999999997
2025-11-17,AVAX,2.0,0.05,0.07500000000000001,0.046
2025-11-17,BCH,5.0,0.0,-0.05,-0.025978090766823163
2025-11-17,BFUSD,,0.05,-0.07083333333333333,0.011
2025-11-17,BNB,2.0,0.05,-0.07083333333333333,0.011
2025-11-17,BONK,8.0,0.0,0.07500000000000001,0.018000000000000002
2025-11-17,BTC,2.0,0.05,-0.07083333333333333,0.0020140845070422547
2025-11-17,CAKE,8.0,0.0,0.0,0.008985915492957745
2025-11-17,CHZ,1.0,0.0,0.0,0.0
2025-11-17,DASH,9.0,-0.05,-0.05,-0.04
2025-11-17,DEXE,2.0,-0.07777777777777778,0.07500000000000001,-0.011577464788732394
2025-11-17,DOGE,3.0,0.05,0.0,0.019014084507042252
2025-11-17,DOT,1.0,-0.07777777777777778,0.0,-0.029577464788732397
2025-11-17,ENA,,0.05,0.05,0.031014084507042256
2025-11-17,ETC,8.0,0.0,0.0,0.008985915492957745
2025-11-17,ETH,6.0,0.05,-0.07083333333333333,0.0020140845070422547
2025-11-17,FET,4.0,-0.05,0.05,-0.015999999999999997
2025-11-17,FIL,4.0,-0.05,0.05,-0.015999999999999997
2025-11-17,HBAR,6.0,0.0,0.0,0.0
2025-11-17,ICP,4.0,-0.05,0.0,-0.027999999999999997
2025-11-17,JST,5.0,0.05,-0.07083333333333333,0.011
2025-11-17,JUP,3.0,0.0,0.0,-0.013978090766823159
2025-11-17,LINK,6.0,0.05,0.0,0.019014084507042252
2025-11-17,LTC,8.0,-0.07777777777777778,-0.07083333333333333,-0.0465774647887324
2025-11-17,LUNC,3.0,0.05,0.0,0.005035993740219097
2025-11-17,MORPHO,9.0,0.0,0.0,0.008985915492957745
2025-11-17,NEAR,1.0,-0.05,0.0,-0.027999999999999997
2025-11-17,NEXO,2.0,0.0,-0.07083333333333333,-0.008014084507042253
2025-11-17,ONDO,3.0,0.0,0.0,0.0
2025-11-17,PENGU,0.0,0.05,0.07500000000000001,0.03701408450704226
2025-11-17,PEPE,3.0,0.05,0.07500000000000001,0.03701408450704226
2025-11-17,POL,,0.0,0.0,0.0
2025-11-17,PUMP,2.0,0.0,0.05,-0.0019780907668231554
2025-11-17,QNT,4.0,0.0,-0.07083333333333333,-0.008014084507042253
2025-11-17,RENDER,8.0,0.0,0.07500000000000001,0.018000000000000002
2025-11-17,SHIB,8.0,0.0,0.0,0.008985915492957745
2025-11-17,SKY,,0.0,-0.07083333333333333,-0.008014084507042253
2025-11-17,SOL,0.0,0.0,0.0,0.0
2025-11-17,STX,3.0,0.0,0.0,0.0
2025-11-17,SUI,0.0,0.0,0.0,0.0
2025-11-17,TAO,5.0,-0.07777777777777778,0.0,-0.043555555555555556
2025-11-17,TON,6.0,0.0,0.0,0.0
2025-11-17,TRUMP,6.0,-0.07777777777777778,0.0,-0.043555555555555556
2025-11-17,TRX,9.0,0.0,-0.07083333333333333,-0.008014084507042253
2025-11-17,UNI,9.0,-0.07777777777777778,0.0,-0.029577464788732397
2025-11-17,VET,1.0,0.0,0.0,0.0
2025-11-17,VIRTUAL,5.0,-0.07777777777777778,0.05,-0.02656338028169014
2025-11-17,WLD,3.0,0.0,0.07500000000000001,0.018000000000000002
2025-11-17,WLFI,,-0.07777777777777778,0.07500000000000001,-0.025555555555555554
2025-11-17,XLM,0.0,0.05,0.0,0.027999999999999997
2025-11-17,XRP,0.0,0.05,-0.07083333333333333,0.0020140845070422547
2025-11-17,ZEC,9.0,-0.05,-0.05,-0.04499217527386541
2025-11-24,AAVE,,0.0,-0.07083333333333333,-0.016999999999999998
2025-11-24,ADA,6.0,0.0,0.0,0.0
2025-11-24,ALGO,1.0,0.06923076923076922,0.0,0.024235138372852884
2025-11-24,APT,2.0,0.06923076923076922,0.07500000000000001,0.0378500615327089
2025-11-24,ARB,5.0,0.0,0.07500000000000001,0.018000000000000002
2025-11-24,ASTER,4.0,-0.07500000000000001,0.0,-0.04275910246936662
2025-11-24,ATOM,8.0,0.06923076923076922,0.0,0.033513905981308025
2025-11-24,AVAX,6.0,0.0,0.07500000000000001,0.03166384444859913
2025-11-24,BCH,5.0,0.0,-0.05,-0.01882123064022398
2025-11-24,BFUSD,,0.06923076923076922,-0.07083333333333333,0.016513905981308023
2025-11-24,BNB,10.0,0.06923076923076922,-0.07083333333333333,0.016513905981308023
2025-11-24,BONK,1.0,0.0,0.07500000000000001,0.018000000000000002
2025-11-24,BTC,10.0,0.0,-0.07083333333333333,-0.007721232391544857
2025-11-24,CAKE,8.0,0.0,0.0,0.004385076840143984
2025-11-24,CHZ,0.0,0.0,0.0,0.0
2025-11-24,DASH,8.0,-0.07500000000000001,-0.05,-0.04716807777570044
2025-11-24,DEXE,2.0,0.06923076923076922,0.07500000000000001,0.02341642303066757
2025-11-24,DOGE,1.0,0.06923076923076922,0.0,0.02912882914116404
2025-11-24,DOT,0.0,0.0,0.0,-0.01443363850204133
2025-11-24,ENA,,-0.07500000000000001,0.05,-0.0002254657186461749
2025-11-24,ETC,1.0,0.06923076923076922,0.0,0.024235138372852884
2025-11-24,ETH,6.0,0.0,-0.07083333333333333,-0.007721232391544857
2025-11-24,FET,0.0,-0.05,0.05,-0.015999999999999997
2025-11-24,FIL,0.0,-0.05,0.05,-0.015999999999999997
2025-11-24,HBAR,9.0,0.05,0.0,0.014336155551400873
2025-11-24,ICP,0.0,-0.05,0.0,-0.027999999999999997
2025-11-24,JST,5.0,0.0,-0.07083333333333333,-0.0033361555514008732
2025-11-24,JUP,3.0,0.0,0.0,-0.006821230640223976
2025-11-24,LINK,3.0,0.0,0.0,0.00927876760845514
2025-11-24,LTC,2.0,-0.07500000000000001,-0.07083333333333333,-0.05293787182914265
2025-11-24,LUNC,3.0,0.0,0.0,0.0024575369682311664
2025-11-24,MORPHO,8.0,0.0,0.0,0.004385076840143984
2025-11-24,NEAR,0.0,-0.05,0.0,-0.027999999999999997
2025-11-24,NEXO,10.0,0.06923076923076922,-0.07083333333333333,0.007235138372852884
2025-11-24,ONDO,1.0,0.0,0.0,0.0
2025-11-24,PENGU,6.0,0.0,0.07500000000000001,0.027278767608455143
2025-11-24,PEPE,5.0,-0.07500000000000001,0.07500000000000001,0.005774534281353827
2025-11-24,POL,,0.06923076923076922,0.0,0.0198500615327089
2025-11-24,PUMP,9.0,-0.07500000000000001,0.05,-0.016325463967325288
2025-11-24,QNT,0.0,-0.07500000000000001,-0.07083333333333333,-0.03411915648695733
2025-11-24,RENDER,8.0,0.0,0.07500000000000001,0.018000000000000002
2025-11-24,SHIB,1.0,0.0,0.0,0.004385076840143984
2025-11-24,SKY,,-0.07500000000000001,-0.07083333333333333,-0.03411915648695733
2025-11-24,SOL,6.0,0.0,0.0,0.0
2025-11-24,STX,1.0,0.0,0.0,0.0
2025-11-24,SUI,6.0,-0.07500000000000001,0.0,-0.021504233327101316
2025-11-24,TAO,9.0,0.05,0.0,-0.006918713590864434
2025-11-24,TON,9.0,0.0,0.0,0.0
2025-11-24,TRUMP,2.0,0.06923076923076922,0.0,-0.0014048076095564063
2025-11-24,TRX,4.0,0.06923076923076922,-0.07083333333333333,0.007235138372852884
2025-11-24,UNI,8.0,-0.07500000000000001,0.0,-0.03593787182914265
2025-11-24,VET,0.0,0.0,0.0,0.0
2025-11-24,VIRTUAL,9.0,0.0,0.05,-0.006818715342185318
2025-11-24,WLD,5.0,0.0,0.07500000000000001,0.018000000000000002
2025-11-24,WLFI,,0.0,0.07500000000000001,-0.003254869142265304
2025-11-24,XLM,6.0,0.06923076923076922,0.0,0.033513905981308025
2025-11-24,XRP,3.0,0.0,-0.07083333333333333,-0.007721232391544857
2025-11-24,ZEC,8.0,-0.05,-0.05,-0.04243615380007999
2025-12-01,AAVE,,0.0,-0.05,-0.014157086412204352
2025-12-01,ADA,0.0,0.0,0.0,0.0
2025-12-01,ALGO,1.0,0.06785714285714284,0.0,0.032061600803641566
2025-12-01,APT,2.0,0.06785714285714284,0.07083333333333333,0.04760122015241312
2025-12-01,ARB,2.0,0.0,0.07083333333333333,0.01743141728244087
2025-12-01,ASTER,3.0,-0.06923076923076922,0.0,-0.04049053037539111
2025-12-01,ATOM,3.0,0.06785714285714284,-0.07083333333333333,0.026398715311176456
2025-12-01,AVAX,2.0,0.0,0.0,0.013660329723645077
2025-12-01,BCH,0.0,0.0,-0.07083333333333333,-0.017785710373503474
2025-12-01,BFUSD,,0.06785714285714284,-0.07083333333333333,0.01906462150968166
2025-12-01,BNB,2.0,0.0,-0.07083333333333333,-0.0025415217575652585
2025-12-01,BONK,2.0,0.0,0.07083333333333333,0.01743141728244087
2025-12-01,BTC,2.0,0.0,-0.07083333333333333,-0.012996979293959907
2025-12-01,CAKE,3.0,0.0,0.0,0.0018917979336693165
2025-12-01,CHZ,6.0,0.0,-0.07083333333333333,-0.009665906198505202
2025-12-01,DASH,3.0,-0.06923076923076922,0.05,-0.035569645909688995
2025-12-01,DEXE,2.0,0.0,0.0,0.010102249588376414
2025-12-01,DOGE,1.0,0.06785714285714284,0.0,0.03417282357601234
2025-12-01,DOT,6.0,0.05,0.0,0.00969339499337104
2025-12-01,ENA,,-0.06923076923076922,0.07083333333333333,-0.012474878197562959
2025-12-01,ETC,1.0,0.06785714285714284,-0.07083333333333333,0.022395694605136365
2025-12-01,ETH,0.0,0.0,0.0,-0.0033310730954547053
2025-12-01,FET,6.0,0.0,0.0,-0.006902676519053925
2025-12-01,FIL,6.0,0.0,0.07083333333333333,0.0027632296794512755
2025-12-01,HBAR,8.0,0.0,0.0,0.006184865268634963
2025-12-01,ICP,6.0,0.0,0.07083333333333333,-0.0024137777098391655
2025-12-01,JST,7.0,-0.06923076923076922,-0.05,-0.0303057823609412
2025-12-01,JUP,2.0,0.0,0.07083333333333333,0.006723109412797376
2025-12-01,LINK,0.0,0.0,0.0,0.004003020706040091
2025-12-01,LTC,1.0,0.06785714285714284,-0.07083333333333333,-0.010898075733990119
2025-12-01,LUNC,0.0,-0.05,0.0,-0.014860092171323362
2025-12-01,MORPHO,3.0,0.0,0.0,0.0018917979336693165
2025-12-01,NEAR,6.0,0.0,0.07083333333333333,-0.0024137777098391655
2025-12-01,NEXO,4.0,0.0,-0.07083333333333333,-0.006544542463605351
2025-12-01,ONDO,7.0,0.0,0.07083333333333333,0.009665906198505202
2025-12-01,PENGU,4.0,-0.06923076923076922,0.07083333333333333,-0.0006090765999652893
2025-12-01,PEPE,2.0,-0.06923076923076922,0.07083333333333333,-0.009886374502917735
2025-12-01,POL,,0.06785714285714284,0.0,0.030169802869972253
2025-12-01,PUMP,8.0,-0.06923076923076922,0.05,-0.022263609277106522
2025-12-01,QNT,3.0,-0.05,-0.05,-0.037462902473143114
2025-12-01,RENDER,3.0,0.06785714285714284,0.0,0.029371654351182587
2025-12-01,SHIB,1.0,0.0,0.0,0.0018917979336693165
2025-12-01,SKY,,-0.06923076923076922,0.0,-0.03676310835922418
2025-12-01,SOL,0.0,0.0,0.0,0.0
2025-12-01,STX,1.0,0.0,0.0,0.0
2025-12-01,SUI,4.0,-0.06923076923076922,0.05,-0.024497819880689144
2025-12-01,TAO,8.0,0.06785714285714284,0.0,0.018621290651889468
2025-12-01,TON,8.0,-0.06923076923076922,0.0,-0.022043514588446254
2025-12-01,TRUMP,1.0,0.06785714285714284,0.0,0.021000084985979838
2025-12-01,TRX,4.0,0.06785714285714284,-0.07083333333333333,0.015061600803641568
2025-12-01,UNI,3.0,-0.06923076923076922,0.0,-0.03754773358968329
2025-12-01,VET,6.0,0.06785714285714284,0.0,0.02160614326724692
2025-12-01,VIRTUAL,8.0,-0.06923076923076922,0.07083333333333333,-0.015319320032604508
2025-12-01,WLD,7.0,0.0,0.0,0.007765511083935668
2025-12-01,WLFI,,0.0,-0.07083333333333333,-0.011070112998561947
2025-12-01,XLM,2.0,0.06785714285714284,0.0,0.03606462150968166
2025-12-01,XRP,7.0,0.0,-0.07083333333333333,-0.012996979293959907
2025-12-01,ZEC,3.0,-0.06923076923076922,0.0,-0.04035120473811958
2025-12-08,AAVE,,0.0,-0.05,-0.012525035327127761
2025-12-08,ADA,0.0,0.0,0.0,0.0
2025-12-08,ALGO,1.0,0.05,0.0,0.028988594566512108
2025-12-08,APT,1.0,0.05,0.07083333333333333,0.04563313758128859
2025-12-08,ARB,2.0,0.0,0.07083333333333333,0.01710500706542555
2025-12-08,ASTER,3.0,0.0,0.0,-0.00985540437366865
2025-12-08,ATOM,4.0,0.05,-0.07083333333333333,0.014748050836076037
2025-12-08,AVAX,2.0,0.0,0.0,0.0033249273856385524
2025-12-08,BCH,1.0,-0.07272727272727274,-0.07083333333333333,-0.048005487295888535
2025-12-08,BFUSD,,0.05,-0.07083333333333333,0.01296293072384165
2025-12-08,BNB,2.0,0.0,-0.07083333333333333,-0.013480803081954986
2025-12-08,BONK,9.0,-0.07272727272727274,0.07083333333333333,-0.013709238145469965
2025-12-08,BTC,2.0,0.0,-0.07083333333333333,-0.016025663842670457
2025-12-08,CAKE,8.0,0.0,0.0,0.00046046405064907223
2025-12-08,CHZ,8.0,0.0,-0.07083333333333333,-0.015214879887765613
2025-12-08,DASH,4.0,-0.07272727272727274,0.05,-0.030392707928122625
2025-12-08,DEXE,1.0,0.0,0.0,0.0024588898652137137
2025-12-08,DOGE,0.0,0.05,0.0,0.029502466673192576
2025-12-08,DOT,8.0,0.0,0.0,0.002359374563081256
2025-12-08,ENA,,-0.07272727272727274,0.07083333333333333,-0.020988437319728985
2025-12-08,ETC,1.0,0.05,-0.07083333333333333,0.013773714678746494
2025-12-08,ETH,9.0,0.0,0.0,-0.0008107839549048425
2025-12-08,FET,8.0,0.05,0.0,0.01950468053568183
2025-12-08,FIL,8.0,0.0,0.07083333333333333,0.01353476684095678
2025-12-08,HBAR,7.0,0.0,0.0,0.0015053976239368426
2025-12-08,ICP,8.0,0.05,0.07083333333333333,0.03345947563834082
2025-12-08,JST,1.0,-0.07272727272727274,-0.05,-0.04726987683317465
2025-12-08,JUP,2.0,0.0,0.07083333333333333,0.014498602475644834
2025-12-08,LINK,0.0,0.0,0.0,0.0009743361573295423
2025-12-08,LTC,1.0,0.0,-0.07083333333333333,-0.01551479023511191
2025-12-08,LUNC,5.0,-0.07272727272727274,0.0,-0.03443119505128063
2025-12-08,MORPHO,4.0,0.0,0.0,0.00046046405064907223
2025-12-08,NEAR,8.0,0.0,0.07083333333333333,0.012274682055850156
2025-12-08,NEXO,9.0,0.05,-0.07083333333333333,0.006729654343206135
2025-12-08,ONDO,0.0,0.0,0.07083333333333333,0.015214879887765613
2025-12-08,PENGU,9.0,-0.07272727272727274,0.07083333333333333,-0.018100298491270407
2025-12-08,PEPE,2.0,-0.07272727272727274,0.07083333333333333,-0.02035839492717567
2025-12-08,POL,,0.05,0.0,0.028528130515863035
2025-12-08,PUMP,7.0,-0.05,0.05,-0.017524563933646688
2025-12-08,QNT,3.0,-0.05,-0.05,-0.0393824698804685
2025-12-08,RENDER,4.0,0.0,0.0,0.007149067400965912
2025-12-08,SHIB,2.0,0.0,0.0,0.00046046405064907223
2025-12-08,SKY,,-0.05,0.0,-0.030132942583111225
2025-12-08,SOL,9.0,0.05,0.0,0.021184793582490664
2025-12-08,STX,0.0,0.05,0.0,0.021184793582490664
2025-12-08,SUI,9.0,-0.07272727272727274,0.05,-0.027697822935037388
2025-12-08,TAO,7.0,0.05,0.0,0.025717219995100078
2025-12-08,TON,7.0,-0.07272727272727274,0.0,-0.0361796417140255
2025-12-08,TRUMP,1.0,0.05,0.0,0.026296219081229637
2025-12-08,TRX,5.0,0.05,-0.07083333333333333,0.01198859456651211
2025-12-08,UNI,4.0,0.0,0.0,-0.00913912696154787
2025-12-08,VET,8.0,0.0,0.0,0.0052589402233059745
2025-12-08,VIRTUAL,7.0,-0.07272727272727274,0.07083333333333333,-0.021680775114314953
2025-12-08,WLD,2.0,0.0,0.0,0.0018901271776599372
2025-12-08,WLFI,,0.0,-0.07083333333333333,-0.015556664144739076
2025-12-08,XLM,2.0,0.0,0.0,0.008778137141350988
2025-12-08,XRP,0.0,0.0,-0.07083333333333333,-0.016025663842670457
2025-12-08,ZEC,4.0,-0.05,0.0,-0.031006286064114437
2025-12-15,AAVE,,0.0,-0.05,-0.012083994874412063
2025-12-15,ADA,0.0,0.0,0.0,0.0
2025-12-15,ALGO,1.0,0.05,0.0,0.028158154836766678
2025-12-15,APT,1.0,0.0,0.07083333333333333,0.02158071423178422
2025-12-15,ARB,2.0,0.0,0.07083333333333333,0.01701679897488241
2025-12-15,ASTER,3.0,-0.07272727272727274,0.0,-0.0357884075285969
2025-12-15,ATOM,3.0,0.05,-0.07083333333333333,0.011599611193761867
2025-12-15,AVAX,0.0,0.0,0.0,0.0005319201275726278
2025-12-15,BCH,4.0,-0.07272727272727274,-0.07083333333333333,-0.05617198662712156
2025-12-15,BFUSD,,0.05,-0.07083333333333333,0.011314028620760858
2025-12-15,BNB,0.0,0.05,-0.07083333333333333,0.007083574048961363
2025-12-15,BONK,0.0,0.0,0.07083333333333333,0.012087152296151728
2025-12-15,BTC,0.0,0.05,-0.07083333333333333,0.006676448568164021
2025-12-15,CAKE,3.0,-0.07272727272727274,0.0,-0.03413808034491565
2025-12-15,CHZ,4.0,0.0,-0.07083333333333333,-0.016714417426998987
2025-12-15,DASH,1.0,0.0,0.05,0.005218036969265871
2025-12-15,DEXE,1.0,0.0,0.0,0.0003933719023281263
2025-12-15,DOGE,3.0,0.05,0.0,0.02824036382506583
2025-12-15,DOT,8.0,0.05,0.0,0.023898026281007498
2025-12-15,ENA,,-0.07272727272727274,0.07083333333333333,-0.023289115284895592
2025-12-15,ETC,1.0,0.05,-0.07083333333333333,0.011443737409767687
2025-12-15,ETH,0.0,0.0,0.0,-0.00012970878900683055
2025-12-15,FET,8.0,0.0,0.0,0.0031203484935087462
2025-12-15,FIL,8.0,0.0,0.07083333333333333,0.01644563382888039
2025-12-15,HBAR,7.0,0.05,0.0,0.023761407501188176
2025-12-15,ICP,8.0,0.0,0.07083333333333333,0.019633178221918787
2025-12-15,JST,4.0,-0.07272727272727274,-0.05,-0.05185420141367306
2025-12-15,JUP,5.0,0.0,0.07083333333333333,0.016599827744806724
2025-12-15,LINK,5.0,0.0,0.0,0.000155873783994179
2025-12-15,LTC,1.0,0.05,-0.07083333333333333,0.006758177858156873
2025-12-15,LUNC,5.0,-0.05,0.0,-0.029028859188593874
2025-12-15,MORPHO,4.0,-0.07272727272727274,0.0,-0.03413808034491565
2025-12-15,NEAR,8.0,0.05,0.07083333333333333,0.039764620914461285
2025-12-15,NEXO,6.0,0.05,-0.07083333333333333,0.010316832356594526
2025-12-15,ONDO,3.0,0.0,0.07083333333333333,0.016714417426998987
2025-12-15,PENGU,6.0,-0.07272727272727274,0.07083333333333333,-0.022827072360073607
2025-12-15,PEPE,5.0,-0.07272727272727274,0.07083333333333333,-0.02318832143560112
2025-12-15,POL,,0.0,0.0,0.004563915256901811
2025-12-15,PUMP,3.0,-0.05,0.05,-0.01624389893312579
2025-12-15,QNT,1.0,-0.05,-0.05,-0.039901207857537
2025-12-15,RENDER,3.0,0.0,0.0,0.001143704028055574
2025-12-15,SHIB,3.0,0.0,0.0,7.366479569502677e-05
2025-12-15,SKY,,-0.07272727272727274,0.0,-0.03903239738468035
2025-12-15,SOL,0.0,0.05,0.0,0.026909706875797183
2025-12-15,STX,3.0,0.0,0.0,0.003389132091627344
2025-12-15,SUI,6.0,-0.07272727272727274,0.05,-0.028562581893066655
2025-12-15,TAO,7.0,0.0,0.0,0.004114227275967958
2025-12-15,TON,7.0,0.0,0.0,-0.005787999978339519
2025-12-15,TRUMP,1.0,0.05,0.0,0.027727430028221776
2025-12-15,TRX,5.0,0.05,-0.07083333333333333,0.011158154836766679
2025-12-15,UNI,4.0,-0.07272727272727274,0.0,-0.03567381784640464
2025-12-15,VET,8.0,0.0,0.0,0.0008413224801721523
2025-12-15,VIRTUAL,7.0,0.0,0.07083333333333333,0.01081187002089578
2025-12-15,WLD,2.0,0.0,0.0,0.000302381547883422
2025-12-15,WLFI,,0.0,-0.07083333333333333,-0.016769095891965444
2025-12-15,XLM,0.0,0.0,0.0,0.0014043217449636741
2025-12-15,XRP,3.0,0.0,-0.07083333333333333,-0.01684412621600582
2025-12-15,ZEC,1.0,-0.05,0.0,-0.028480944057199746
2025-12-22,AAVE,,0.0,-0.05,-0.012023619369618262
2025-12-22,ADA,0.0,0.0,0.0,0.0
2025-12-22,ALGO,1.0,-0.07083333333333333,0.0,-0.020594318031163083
2025-12-22,APT,7.0,-0.07083333333333333,0.07083333333333333,-0.010224297398353021
2025-12-22,ARB,5.0,0.0,0.07083333333333333,0.01700472387392365
2025-12-22,ASTER,4.0,-0.07083333333333333,0.0,-0.038576099692209535
2025-12-22,ATOM,4.0,0.0,-0.07083333333333333,-0.008957785609510736
2025-12-22,AVAX,5.0,0.0,0.0,0.00014957600911331785
2025-12-22,BCH,3.0,-0.07083333333333333,-0.07083333333333333,-0.056527562575154226
2025-12-22,BFUSD,,0.05,-0.07083333333333333,0.01108830488903497
2025-12-22,BNB,5.0,0.05,-0.07083333333333333,0.00989870051276786
2025-12-22,BONK,0.0,0.05,0.07083333333333333,0.035744902941421644
2025-12-22,BTC,5.0,0.05,-0.07083333333333333,0.009784216774572236
2025-12-22,CAKE,4.0,0.0,0.0,-0.009599632636734693
2025-12-22,CHZ,0.0,-0.07083333333333333,-0.07083333333333333,-0.04543208897989896
2025-12-22,DASH,7.0,-0.05,0.05,-0.010033485242296471
2025-12-22,DEXE,2.0,0.0,0.0,0.00011061623013978013
2025-12-22,DOGE,4.0,0.05,0.0,0.0280675903388966
2025-12-22,DOT,1.0,0.0,0.0,0.006720128101018734
2025-12-22,ENA,,0.0,0.07083333333333333,0.005670695537464441
2025-12-22,ETC,2.0,0.05,-0.07083333333333333,0.011124779017387848
2025-12-22,ETH,0.0,0.05,0.0,0.020089922226894916
2025-12-22,FET,1.0,0.0,0.0,0.000877442402549554
2025-12-22,FIL,3.0,0.0,0.07083333333333333,0.016844112160519474
2025-12-22,HBAR,2.0,0.0,0.0,0.006681710882349912
2025-12-22,ICP,3.0,0.0,0.07083333333333333,0.017740450058763638
2025-12-22,JST,3.0,0.0,-0.05,-0.02320700662533516
2025-12-22,JUP,0.0,0.0,0.07083333333333333,0.016887471509749338
2025-12-22,LINK,6.0,0.0,0.0,4.383172834921019e-05
2025-12-22,LTC,7.0,0.05,-0.07083333333333333,0.009807199061556904
2025-12-22,LUNC,6.0,-0.05,0.0,-0.02828931533775891
2025-12-22,MORPHO,2.0,-0.07083333333333333,0.0,-0.03811202747333574
2025-12-22,NEAR,1.0,0.0,0.07083333333333333,0.02340141436441088
2025-12-22,NEXO,8.0,0.05,-0.07083333333333333,0.010807893169746638
2025-12-22,ONDO,4.0,0.0,0.07083333333333333,0.01691969414329791
2025-12-22,PENGU,8.0,-0.07083333333333333,0.07083333333333333,-0.022711772768532663
2025-12-22,PEPE,0.0,0.0,0.07083333333333333,0.005699038781006353
2025-12-22,POL,,0.05,0.0,0.02140976991957216
2025-12-22,PUMP,2.0,0.0,0.05,0.004057811943504568
2025-12-22,QNT,1.0,0.0,-0.05,-0.019845823281431862
2025-12-22,RENDER,4.0,0.0,0.0,0.00032160972156486227
2025-12-22,SHIB,2.0,0.0,0.0,2.071455013836747e-05
2025-12-22,SKY,,-0.07083333333333333,0.0,-0.03948831006200946
2025-12-22,SOL,0.0,0.05,0.0,0.027693409431551012
2025-12-22,STX,4.0,0.0,0.0,0.0009530243853279898
2025-12-22,SUI,8.0,0.0,0.05,0.0005937966916496652
2025-12-22,TAO,2.0,-0.07083333333333333,0.0,-0.027355473591051036
2025-12-22,TON,5.0,-0.07083333333333333,0.0,-0.030139981183932463
2025-12-22,TRUMP,7.0,0.05,0.0,0.027923353288455605
2025-12-22,TRX,6.0,0.05,-0.07083333333333333,0.01104447316068576
2025-12-22,UNI,2.0,-0.07083333333333333,0.0,-0.03854387705866096
2025-12-22,VET,1.0,0.0,0.0,0.0002365799909391222
2025-12-22,VIRTUAL,2.0,0.05,0.07083333333333333,0.035386293399616534
2025-12-22,WLD,5.0,0.0,0.0,8.502973062574017e-05
2025-12-22,WLFI,,-0.07083333333333333,-0.07083333333333333,-0.045447464571365004
2025-12-22,XLM,0.0,0.0,0.0,0.0003948954574839556
2025-12-22,XRP,4.0,0.05,-0.07083333333333333,0.0031702280835970084
2025-12-22,ZEC,7.0,-0.05,0.0,-0.02813524153148892
2025-12-29,AAVE,,0.05,-0.05,0.0008494312819057569
2025-12-29,ADA,0.0,0.0,0.0,0.0
2025-12-29,ALGO,1.0,0.0,0.0,-0.011134023282934486
2025-12-29,APT,2.0,0.0,0.0,-0.005527620050960238
2025-12-29,ARB,3.0,0.0,0.07777777777777778,0.01776816108268444
2025-12-29,ASTER,1.0,0.0,0.07777777777777778,-0.012280815665833375
2025-12-29,ATOM,4.0,0.0,-0.05,-0.010355270332130883
2025-12-29,AVAX,3.0,0.0,0.0,8.086612848825895e-05
2025-12-29,BCH,8.0,0.06923076923076922,-0.07500000000000001,-0.02102017422540277
2025-12-29,BFUSD,,0.06923076923076922,-0.07500000000000001,0.015535376752440308
2025-12-29,BNB,5.0,0.06923076923076922,-0.07500000000000001,0.014892234172880428
2025-12-29,BONK,0.0,-0.05,0.05,0.011975141165207905
2025-12-29,BTC,5.0,0.06923076923076922,-0.07500000000000001,0.014830340178398132
2025-12-29,CAKE,4.0,0.0,0.0,-0.005189903988240273
2025-12-29,CHZ,7.0,-0.07083333333333333,-0.05,-0.04829603147405208
2025-12-29,DASH,1.0,0.0,0.07777777777777778,0.0031503403141933464
2025-12-29,DEXE,9.0,0.0,0.0,5.980308160644616e-05
2025-12-29,DOGE,8.0,-0.07083333333333333,0.0,-0.003047110077755516
2025-12-29,DOT,1.0,0.0,0.0,0.0036331410745344917
2025-12-29,ENA,,-0.07083333333333333,0.07777777777777778,-0.006580870187745887
2025-12-29,ETC,2.0,0.06923076923076922,-0.07500000000000001,0.01555509596789047
2025-12-29,ETH,0.0,0.06923076923076922,0.0,0.028670529957444825
2025-12-29,FET,1.0,-0.07083333333333333,0.0,-0.017747074394691132
2025-12-29,FIL,6.0,0.0,0.07777777777777778,0.017681328658622222
2025-12-29,HBAR,9.0,0.0,0.0,0.0036123713551159124
2025-12-29,ICP,6.0,0.0,0.07777777777777778,0.018165920914278648
2025-12-29,JST,6.0,0.06923076923076922,-0.07500000000000001,-0.003005892558768982
2025-12-29,JUP,0.0,0.0,0.07777777777777778,0.01770477027019332
2025-12-29,LINK,5.0,0.06923076923076922,0.0,0.017832898043395252
2025-12-29,LTC,1.0,0.06923076923076922,-0.07500000000000001,0.01484276522291746
2025-12-29,LUNC,5.0,0.0,0.0,-0.015294213440438695
2025-12-29,MORPHO,9.0,0.0,0.0,-0.020604722166854578
2025-12-29,NEAR,1.0,0.0,0.07777777777777778,0.02122644024235556
2025-12-29,NEXO,7.0,0.06923076923076922,-0.07500000000000001,0.015383776169860218
2025-12-29,ONDO,8.0,0.0,0.0,0.009147390471806268
2025-12-29,PENGU,7.0,-0.07083333333333333,0.05,-0.024987874198626955
2025-12-29,PEPE,0.0,-0.05,0.05,-0.0042687252552164896
2025-12-29,POL,,0.0,0.0,0.011574885675072014
2025-12-29,PUMP,8.0,-0.07083333333333333,0.05,-0.010515281369512686
2025-12-29,QNT,1.0,0.05,0.0,0.002132840446547886
2025-12-29,RENDER,4.0,-0.05,0.05,-0.0071759553105915615
2025-12-29,SHIB,8.0,-0.07083333333333333,0.0,-0.018210252045995273
2025-12-29,SKY,,0.0,-0.05,-0.02686116140266534
2025-12-29,SOL,0.0,0.06923076923076922,0.0,0.03278124648809337
2025-12-29,STX,4.0,-0.07083333333333333,0.0,-0.017706212077485385
2025-12-29,SUI,7.0,0.0,0.07777777777777778,0.008895828186519013
2025-12-29,TAO,8.0,-0.07083333333333333,0.0,-0.033010796336938396
2025-12-29,TON,3.0,0.0,0.0,-0.01629474944211878
2025-12-29,TRUMP,2.0,0.0,0.0,0.015096361296393539
2025-12-29,TRX,5.0,0.06923076923076922,-0.07500000000000001,0.015511679755859363
2025-12-29,UNI,9.0,0.0,0.0,-0.02083819546422043
2025-12-29,VET,1.0,0.0,0.0,0.00012790358599914532
2025-12-29,VIRTUAL,9.0,-0.07083333333333333,0.05,0.006422013734093741
2025-12-29,WLD,3.0,-0.07083333333333333,0.0,-0.018175480964189653
2025-12-29,WLFI,,0.0,-0.05,-0.030082892996465604
2025-12-29,XLM,0.0,0.06923076923076922,0.0,0.01802269562387669
2025-12-29,XRP,8.0,0.0,-0.07500000000000001,-0.0065546191900538175
2025-12-29,ZEC,1.0,-0.07083333333333333,0.0,-0.03343236671333949
2026-01-05,AAVE,,0.0,-0.05,-0.008975619915357419
2026-01-05,ADA,6.0,0.0,0.0,0.0
2026-01-05,ALGO,1.0,0.0,0.0,-0.0026206232431681287
2026-01-05,APT,0.0,0.0,0.0,-0.0013010399939751803
2026-01-05,ARB,2.0,0.0,0.07777777777777778,0.018455184746998938
2026-01-05,ASTER,8.0,0.0,0.07777777777777778,0.011382535004898716
2026-01-05,ATOM,1.0,0.0,-0.05,-0.011612878769262822
2026-01-05,AVAX,2.0,0.0,0.0,1.9033520095666464e-05
2026-01-05,BCH,0.0,0.05,-0.07500000000000001,0.002698758793973882
2026-01-05,BFUSD,,0.05,-0.07500000000000001,0.011302865694503408
2026-01-05,BNB,5.0,0.05,-0.07500000000000001,0.011151488752868206
2026-01-05,BONK,6.0,-0.05,0.05,-0.009415470463330019
2026-01-05,BTC,4.0,0.05,-0.07500000000000001,0.011136920717897288
2026-01-05,CAKE,1.0,0.0,0.0,-0.0012215515160849209
2026-01-05,CHZ,5.0,0.0,-0.05,-0.02054302360418573
2026-01-05,DASH,2.0,-0.07083333333333333,0.07777777777777778,-0.015315716650709663
2026-01-05,DEXE,0.0,0.0,0.0,1.40758952705933e-05
2026-01-05,DOGE,4.0,-0.07083333333333333,0.0,-0.031047494718418472
2026-01-05,DOT,1.0,0.0,0.0,0.0008551350849272284
2026-01-05,ENA,,-0.07083333333333333,0.07777777777777778,-0.017606158818603397
2026-01-05,ETC,2.0,0.05,-0.07500000000000001,0.01130750702073675
2026-01-05,ETH,4.0,0.05,0.0,0.02815782312889661
2026-01-05,FET,1.0,-0.07083333333333333,0.0,-0.03450743612358414
2026-01-05,FIL,2.0,0.0,0.07777777777777778,0.01843474693552904
2026-01-05,HBAR,0.0,0.0,0.0,0.0008502465008027606
2026-01-05,ICP,2.0,0.0,0.07777777777777778,0.01854880577089891
2026-01-05,JST,2.0,0.05,-0.07500000000000001,0.006938793509629308
2026-01-05,JUP,6.0,0.05,0.07777777777777778,0.03984988382598793
2026-01-05,LINK,6.0,0.05,0.0,0.02560696174005878
2026-01-05,LTC,2.0,0.05,-0.07500000000000001,0.011139845209757715
2026-01-05,LUNC,6.0,0.0,0.0,-0.003599810258114032
2026-01-05,MORPHO,8.0,0.0,0.0,-0.004849748600063028
2026-01-05,NEAR,1.0,0.05,0.07777777777777778,0.04067878187562298
2026-01-05,NEXO,5.0,0.05,-0.07500000000000001,0.011267183353961138
2026-01-05,ONDO,2.0,0.0,0.0,0.002153028018316857
2026-01-05,PENGU,5.0,-0.07083333333333333,0.05,-0.027036157314658343
2026-01-05,PEPE,6.0,-0.05,0.05,-0.013238801241300417
2026-01-05,POL,,-0.07083333333333333,0.0,-0.027605904831490717
2026-01-05,PUMP,0.0,-0.07083333333333333,0.05,-0.023629732503690177
2026-01-05,QNT,2.0,0.05,0.0,0.021911627644571538
2026-01-05,RENDER,1.0,-0.05,0.05,-0.013923078116132394
2026-01-05,SHIB,6.0,-0.07083333333333333,0.0,-0.034616454587788725
2026-01-05,SKY,,0.0,-0.05,-0.015497882481707312
2026-01-05,SOL,5.0,0.05,0.0,0.02912536549992835
2026-01-05,STX,1.0,-0.07083333333333333,0.0,-0.034497818329951246
2026-01-05,SUI,5.0,0.0,0.07777777777777778,0.016366897232417035
2026-01-05,TAO,0.0,-0.07083333333333333,0.0,-0.038100069575358816
2026-01-05,TON,2.0,0.0,0.0,-0.003835307152183602
2026-01-05,TRUMP,0.0,0.0,0.0,0.003553241653556676
2026-01-05,TRX,3.0,0.05,-0.07500000000000001,0.011297288115001802
2026-01-05,UNI,8.0,0.0,0.0,-0.004904701381657606
2026-01-05,VET,1.0,0.0,0.0,3.0104761040662383e-05
2026-01-05,VIRTUAL,0.0,-0.07083333333333333,0.05,-0.019643188906916752
2026-01-05,WLD,2.0,0.0,0.0,-0.004277976312796215
2026-01-05,WLFI,,0.0,-0.05,-0.016256183814784535
2026-01-05,XLM,4.0,0.0,0.0,0.004242015114955611
2026-01-05,XRP,4.0,0.0,-0.07500000000000001,-0.015306092306863743
2026-01-05,ZEC,2.0,-0.07083333333333333,0.0,-0.03819929490468978
2026-01-12,AAVE,,0.05,-0.05,0.015999999999999997
2026-01-12,ADA,0.0,0.0,0.0,0.0
2026-01-12,ALGO,4.0,0.0,0.0,0.0
2026-01-12,APT,3.0,0.0,0.0,0.0
2026-01-12,ARB,5.0,0.0,0.07777777777777778,0.018666666666666668
2026-01-12,ASTER,1.0,0.0,0.07777777777777778,0.018666666666666668
2026-01-12,ATOM,4.0,0.0,-0.05,-0.012
2026-01-12,AVAX,5.0,0.0,0.0,0.0
2026-01-12,BCH,2.0,0.05,-0.07500000000000001,0.009999999999999995
2026-01-12,BFUSD,,0.05,-0.07500000000000001,0.009999999999999995
2026-01-12,BNB,8.0,0.05,-0.07500000000000001,0.009999999999999995
2026-01-12,BONK,0.0,-0.05,0.05,-0.015999999999999997
2026-01-12,BTC,8.0,0.05,-0.07500000000000001,0.009999999999999995
2026-01-12,CAKE,5.0,0.0,0.0,0.0
2026-01-12,CHZ,0.0,0.0,-0.05,-0.012
2026-01-12,DASH,5.0,-0.05,0.07777777777777778,-0.00933333333333333
2026-01-12,DEXE,9.0,0.0,0.0,0.0
2026-01-12,DOGE,8.0,-0.07272727272727274,0.0,-0.04072727272727273
2026-01-12,DOT,4.0,0.0,0.0,0.0
2026-01-12,ENA,,-0.07272727272727274,0.07777777777777778,-0.022060606060606062
2026-01-12,ETC,3.0,0.05,-0.07500000000000001,0.009999999999999995
2026-01-12,ETH,8.0,0.05,0.0,0.027999999999999997
2026-01-12,FET,4.0,-0.07272727272727274,0.0,-0.04072727272727273
2026-01-12,FIL,3.0,0.0,0.07777777777777778,0.018666666666666668
2026-01-12,HBAR,9.0,0.0,0.0,0.0
2026-01-12,ICP,3.0,-0.07272727272727274,0.07777777777777778,-0.022060606060606062
2026-01-12,JST,7.0,0.05,-0.07500000000000001,0.009999999999999995
2026-01-12,JUP,2.0,0.05,0.07777777777777778,0.04666666666666667
2026-01-12,LINK,7.0,0.05,0.0,0.027999999999999997
2026-01-12,LTC,4.0,0.05,-0.07500000000000001,0.009999999999999995
2026-01-12,LUNC,7.0,0.0,0.0,0.0
2026-01-12,MORPHO,1.0,0.0,0.0,0.0
2026-01-12,NEAR,4.0,0.0,0.07777777777777778,0.018666666666666668
2026-01-12,NEXO,0.0,0.05,-0.07500000000000001,0.009999999999999995
2026-01-12,ONDO,5.0,0.0,0.0,0.0
2026-01-12,PENGU,0.0,-0.07272727272727274,0.05,-0.02872727272727273
2026-01-12,PEPE,7.0,-0.05,0.05,-0.015999999999999997
2026-01-12,POL,,-0.07272727272727274,0.0,-0.04072727272727273
2026-01-12,PUMP,2.0,-0.07272727272727274,0.05,-0.02872727272727273
2026-01-12,QNT,5.0,0.0,0.0,0.0
2026-01-12,RENDER,4.0,-0.05,0.05,-0.015999999999999997
2026-01-12,SHIB,9.0,-0.07272727272727274,0.0,-0.04072727272727273
2026-01-12,SKY,,0.0,-0.05,-0.012
2026-01-12,SOL,8.0,0.05,0.0,0.027999999999999997
2026-01-12,STX,4.0,-0.07272727272727274,0.0,-0.04072727272727273
2026-01-12,SUI,0.0,0.0,0.07777777777777778,0.018666666666666668
2026-01-12,TAO,9.0,0.0,0.0,0.0
2026-01-12,TON,5.0,0.0,0.0,0.0
2026-01-12,TRUMP,3.0,0.0,0.0,0.0
2026-01-12,TRX,2.0,0.05,-0.07500000000000001,0.009999999999999995
2026-01-12,UNI,1.0,0.05,0.0,0.027999999999999997
2026-01-12,VET,4.0,0.0,0.0,0.0
2026-01-12,VIRTUAL,9.0,-0.07272727272727274,0.05,-0.02872727272727273
2026-01-12,WLD,9.0,0.0,0.0,0.0
2026-01-12,WLFI,,0.0,-0.05,-0.012
2026-01-12,XLM,6.0,0.0,0.0,0.0
2026-01-12,XRP,8.0,0.0,-0.07500000000000001,-0.018000000000000002
2026-01-12,ZEC,5.0,-0.07272727272727274,0.0,-0.04072727272727273
2026-01-19,AAVE,,0.05,-0.05,0.015999999999999997
2026-01-19,ADA,0.0,0.0,0.0,0.0
2026-01-19,ALGO,1.0,0.0,0.0,0.0
2026-01-19,APT,1.0,0.0,0.0,0.0
2026-01-19,ARB,2.0,0.0,0.07777777777777778,0.018666666666666668
2026-01-19,ASTER,3.0,0.0,0.07777777777777778,0.018666666666666668
2026-01-19,ATOM,1.0,0.0,-0.05,-0.012
2026-01-19,AVAX,2.0,0.0,0.0,0.0
2026-01-19,BCH,4.0,0.07083333333333333,-0.07500000000000001,0.02166666666666666
2026-01-19,BFUSD,,0.07083333333333333,-0.07500000000000001,0.02166666666666666
2026-01-19,BNB,5.0,0.07083333333333333,-0.07500000000000001,0.02166666666666666
2026-01-19,BONK,6.0,-0.05,0.05,-0.015999999999999997
2026-01-19,BTC,5.0,0.07083333333333333,-0.07500000000000001,0.02166666666666666
2026-01-19,CAKE,7.0,0.0,0.0,0.0
2026-01-19,CHZ,7.0,-0.07272727272727274,-0.05,-0.052727272727272734
2026-01-19,DASH,3.0,-0.05,0.07777777777777778,-0.00933333333333333
2026-01-19,DEXE,8.0,0.0,0.0,0.0
2026-01-19,DOGE,6.0,0.0,0.0,0.0
2026-01-19,DOT,7.0,0.0,0.0,0.0
2026-01-19,ENA,,-0.07272727272727274,0.07777777777777778,-0.022060606060606062
2026-01-19,ETC,7.0,0.07083333333333333,-0.07500000000000001,0.02166666666666666
2026-01-19,ETH,5.0,0.0,0.0,0.0
2026-01-19,FET,7.0,-0.07272727272727274,0.0,-0.04072727272727273
2026-01-19,FIL,7.0,0.0,0.07777777777777778,0.018666666666666668
2026-01-19,HBAR,9.0,0.0,0.0,0.0
2026-01-19,ICP,7.0,-0.07272727272727274,0.07777777777777778,-0.022060606060606062
2026-01-19,JST,0.0,0.07083333333333333,-0.07500000000000001,0.02166666666666666
2026-01-19,JUP,9.0,0.05,0.07777777777777778,0.04666666666666667
2026-01-19,LINK,9.0,0.0,0.0,0.0
2026-01-19,LTC,7.0,0.07083333333333333,-0.07500000000000001,0.02166666666666666
2026-01-19,LUNC,9.0,0.0,0.0,0.0
2026-01-19,MORPHO,9.0,0.0,0.0,0.0
2026-01-19,NEAR,7.0,0.0,0.07777777777777778,0.018666666666666668
2026-01-19,NEXO,0.0,0.07083333333333333,-0.07500000000000001,0.02166666666666666
2026-01-19,ONDO,2.0,0.0,0.0,0.0
2026-01-19,PENGU,6.0,-0.07272727272727274,0.05,-0.02872727272727273
2026-01-19,PEPE,9.0,-0.05,0.05,-0.015999999999999997
2026-01-19,POL,,-0.07272727272727274,0.0,-0.04072727272727273
2026-01-19,PUMP,0.0,-0.07272727272727274,0.05,-0.02872727272727273
2026-01-19,QNT,3.0,0.07083333333333333,0.0,0.03966666666666666
2026-01-19,RENDER,1.0,-0.05,0.05,-0.015999999999999997
2026-01-19,SHIB,6.0,0.0,0.0,0.0
2026-01-19,SKY,,0.07083333333333333,-0.05,0.027666666666666662
2026-01-19,SOL,5.0,0.05,0.0,0.027999999999999997
2026-01-19,STX,1.0,-0.07272727272727274,0.0,-0.04072727272727273
2026-01-19,SUI,6.0,-0.07272727272727274,0.07777777777777778,-0.022060606060606062
2026-01-19,TAO,6.0,0.0,0.0,0.0
2026-01-19,TON,2.0,0.0,0.0,0.0
2026-01-19,TRUMP,1.0,0.0,0.0,0.0
2026-01-19,TRX,7.0,0.07083333333333333,-0.07500000000000001,0.02166666666666666
2026-01-19,U,,0.0,0.0,0.0
2026-01-19,UNI,9.0,0.07083333333333333,0.0,0.03966666666666666
2026-01-19,VET,7.0,0.0,0.0,0.0
2026-01-19,VIRTUAL,6.0,-0.07272727272727274,0.05,-0.02872727272727273
2026-01-19,WLD,2.0,-0.07272727272727274,0.0,-0.04072727272727273
2026-01-19,WLFI,,0.0,-0.05,-0.012
2026-01-19,XLM,8.0,0.0,0.0,0.0
2026-01-19,XRP,6.0,0.0,-0.07500000000000001,-0.018000000000000002
2026-01-19,ZEC,3.0,0.0,0.0,0.0
2026-01-26,AAVE,,0.0,-0.05,0.004068023787134282
2026-01-26,ADA,0.0,0.0,0.0,0.0
2026-01-26,ALGO,0.0,0.0,-0.06923076923076922,-0.007080513357085149
2026-01-26,APT,1.0,0.0,0.07500000000000001,0.007670556136842247
2026-01-26,ARB,2.0,0.0,0.07500000000000001,0.01838257199493177
2026-01-26,ASTER,3.0,0.05,0.07500000000000001,0.030314548207797484
2026-01-26,ATOM,1.0,-0.07083333333333333,0.0,-0.023789928876998268
2026-01-26,AVAX,4.0,0.05,0.0,0.011931976212865715
2026-01-26,BCH,0.0,0.0,-0.06923076923076922,0.005353076478197331
2026-01-26,BFUSD,,0.05,-0.06923076923076922,0.017285052691063042
2026-01-26,BNB,0.0,0.0,-0.06923076923076922,0.005353076478197331
2026-01-26,BONK,5.0,0.05,0.07500000000000001,0.010420804471345517
2026-01-26,BTC,2.0,0.0,-0.06923076923076922,0.005353076478197331
2026-01-26,CAKE,6.0,0.0,0.0,0.0
2026-01-26,CHZ,6.0,-0.07083333333333333,0.0,-0.04716159984010268
2026-01-26,DASH,3.0,-0.07083333333333333,0.05,-0.017145936806043025
2026-01-26,DEXE,2.0,-0.07083333333333333,0.0,-0.016903632968226428
2026-01-26,DOGE,6.0,0.05,0.0,0.011931976212865715
2026-01-26,DOT,4.0,0.0,0.0,0.0
2026-01-26,ENA,,0.05,0.07500000000000001,0.006942877244693068
2026-01-26,ETC,6.0,0.0,0.0,0.012433589835282479
2026-01-26,ETH,2.0,-0.07083333333333333,0.0,-0.016903632968226428
2026-01-26,FET,1.0,-0.07083333333333333,0.0,-0.040275303931330844
2026-01-26,FIL,8.0,0.0,0.0,0.010712015858089523
2026-01-26,HBAR,8.0,0.0,0.0,0.0
2026-01-26,ICP,8.0,-0.05,0.05,-0.019477927226652442
2026-01-26,JST,0.0,0.0,-0.06923076923076922,0.005353076478197331
2026-01-26,JUP,8.0,0.05,0.0,0.03871201585808952
2026-01-26,LINK,0.0,0.0,0.0,0.0
2026-01-26,LTC,4.0,0.05,-0.06923076923076922,0.017285052691063042
2026-01-26,LUNC,8.0,0.0,0.0,0.0
2026-01-26,MORPHO,3.0,-0.07083333333333333,-0.05,-0.022017337059454595
2026-01-26,NEAR,4.0,0.0,0.0,0.010712015858089523
2026-01-26,NEXO,0.0,0.0,-0.06923076923076922,0.005353076478197331
2026-01-26,ONDO,4.0,0.05,0.0,0.011931976212865715
2026-01-26,PENGU,5.0,0.0,0.07500000000000001,-0.008814818917490332
2026-01-26,PEPE,8.0,0.0,0.07500000000000001,-0.001511171741520198
2026-01-26,POL,,-0.05,0.0,-0.03530364717597013
2026-01-26,PUMP,0.0,0.0,0.07500000000000001,-0.008814818917490332
2026-01-26,QNT,3.0,0.0,-0.06923076923076922,0.015682520341355085
2026-01-26,RENDER,1.0,-0.05,0.05,-0.015999999999999997
2026-01-26,RLUSD,,0.0,0.0,0.0
2026-01-26,SHIB,5.0,0.05,0.0,0.011931976212865715
2026-01-26,SKY,,0.0,-0.06923076923076922,0.008796224432583249
2026-01-26,SOL,6.0,0.0,0.0,0.016068023787134282
2026-01-26,STX,5.0,-0.07083333333333333,0.0,-0.040275303931330844
2026-01-26,SUI,5.0,-0.07083333333333333,0.05,-0.024449583982013155
2026-01-26,TAO,5.0,-0.07083333333333333,0.0,-0.016903632968226428
2026-01-26,TON,4.0,0.05,0.0,0.011931976212865715
2026-01-26,TRUMP,1.0,0.0,0.0,0.0
2026-01-26,TRX,8.0,0.0,-0.06923076923076922,0.005353076478197331
2026-01-26,U,,0.0,0.0,0.0
2026-01-26,UNI,3.0,0.05,0.0,0.034695009911305946
2026-01-26,VET,8.0,0.05,0.0,0.011931976212865715
2026-01-26,VIRTUAL,5.0,-0.07083333333333333,0.05,-0.028275303931330844
2026-01-26,WLD,2.0,0.05,0.0,-0.011439694750238705
2026-01-26,WLFI,,0.0,0.07500000000000001,0.0007842602280704099
2026-01-26,XLM,2.0,0.0,-0.06923076923076922,-0.007080513357085149
2026-01-26,XRP,6.0,0.05,-0.06923076923076922,-0.005477981007377189
2026-01-26,ZEC,3.0,-0.07083333333333333,0.07500000000000001,-0.009233076831384182
2026-02-02,AAVE,,0.0,-0.05,-0.0033738616732266443
2026-02-02,ADA,0.0,0.0,0.0,0.0
2026-02-02,ALGO,1.0,0.0,-0.06923076923076922,-0.011496577256639983
2026-02-02,APT,2.0,0.0,0.07500000000000001,0.012454625361359986
2026-02-02,ARB,5.0,0.0,0.07500000000000001,0.018205384245875558
2026-02-02,ASTER,4.0,-0.05,0.07500000000000001,0.011642914774639909
2026-02-02,ATOM,4.0,0.0,0.0,-0.012771652568836963
2026-02-02,AVAX,5.0,0.05,0.0,0.01937386167322664
2026-02-02,BCH,4.0,0.0,-0.06923076923076922,-0.004821589265684411
2026-02-02,BFUSD,,0.05,-0.06923076923076922,0.014552272407542229
2026-02-02,BNB,0.0,0.0,-0.06923076923076922,-0.004821589265684411
2026-02-02,BONK,7.0,0.05,0.07500000000000001,0.026899265133573283
2026-02-02,BTC,6.0,0.0,-0.06923076923076922,-0.004821589265684411
2026-02-02,CAKE,8.0,-0.07272727272727274,0.0,-0.01886278628688167
2026-02-02,CHZ,8.0,-0.05,0.0,-0.038286928434556625
2026-02-02,DASH,2.0,-0.05,0.05,-0.016615197583325893
2026-02-02,DEXE,8.0,0.0,0.0,-0.009074736143076951
2026-02-02,DOGE,5.0,0.05,0.0,0.01937386167322664
2026-02-02,DOT,2.0,0.0,0.0,0.0
2026-02-02,ENA,,0.05,0.07500000000000001,0.025032135625613676
2026-02-02,ETC,8.0,0.0,0.0,0.006674987990955572
2026-02-02,ETH,6.0,-0.07272727272727274,0.0,-0.02793752242995862
2026-02-02,FET,2.0,0.05,0.0,-0.008653680864334323
2026-02-02,FIL,3.0,0.0,0.0,0.005750758884515572
2026-02-02,HBAR,1.0,-0.07272727272727274,0.0,-0.01886278628688167
2026-02-02,ICP,3.0,-0.05,0.05,-0.0178671295079596
2026-02-02,JST,0.0,-0.07272727272727274,-0.06923076923076922,-0.023684375552566084
2026-02-02,JUP,3.0,0.05,0.0,0.03375075888451557
2026-02-02,LINK,5.0,0.0,0.0,0.0
2026-02-02,LTC,4.0,0.05,-0.06923076923076922,0.014552272407542229
2026-02-02,LUNC,0.0,-0.07272727272727274,0.0,-0.01886278628688167
2026-02-02,MORPHO,3.0,0.0,-0.05,-0.017377819717316945
2026-02-02,NEAR,2.0,0.0,0.0,0.005750758884515572
2026-02-02,NEXO,0.0,0.0,-0.06923076923076922,-0.004821589265684411
2026-02-02,ONDO,5.0,0.05,0.0,0.01937386167322664
2026-02-02,PENGU,7.0,0.0,0.07500000000000001,0.003604431493631476
2026-02-02,PEPE,5.0,0.0,0.07500000000000001,0.007525403460346641
2026-02-02,POL,,0.05,0.0,-0.005984640822252873
2026-02-02,PUMP,0.0,-0.07272727272727274,0.07500000000000001,-0.015258354793250193
2026-02-02,QNT,1.0,0.0,-0.06923076923076922,0.000723785372955605
2026-02-02,RENDER,7.0,0.05,0.05,0.009936331144462292
2026-02-02,RLUSD,,0.0,0.0,0.0
2026-02-02,SHIB,7.0,0.05,0.0,0.01937386167322664
2026-02-02,SKY,,-0.07272727272727274,-0.06923076923076922,-0.021835917339686074
2026-02-02,SOL,8.0,0.0,0.0,0.008626138326773357
2026-02-02,STX,4.0,-0.07272727272727274,0.0,-0.04048463272344714
2026-02-02,SUI,7.0,0.0,0.05,-0.00756800397780991
2026-02-02,TAO,7.0,0.05,0.0,0.003893429429154195
2026-02-02,TON,5.0,0.0,0.0,0.006405696100995496
2026-02-02,TRUMP,2.0,0.0,0.0,0.0
2026-02-02,TRX,3.0,0.0,-0.06923076923076922,-0.004821589265684411
2026-02-02,U,,0.0,0.0,0.0
2026-02-02,UNI,5.0,0.05,0.0,0.03159422430282223
2026-02-02,VET,1.0,0.0,0.0,0.006405696100995496
2026-02-02,VIRTUAL,4.0,0.0,0.05,-0.009621846436565471
2026-02-02,WLD,5.0,0.0,0.0,-0.006141414192493028
2026-02-02,WLFI,,-0.07272727272727274,0.07500000000000001,-0.010105077351281695
2026-02-02,XLM,0.0,-0.07272727272727274,-0.06923076923076922,-0.030359363543521655
2026-02-02,XRP,8.0,0.05,-0.06923076923076922,0.002331909777946641
2026-02-02,ZEC,2.0,-0.07272727272727274,0.07500000000000001,-0.015482897068598634
2026-02-09,AAVE,,-0.06785714285714284,-0.05,-0.027733066646788863
2026-02-09,ADA,0.0,0.0,0.0,0.0
2026-02-09,ALGO,1.0,0.05,-0.06923076923076922,0.00045739709314774474
2026-02-09,APT,2.0,0.05,0.07500000000000001,0.029979959563621296
2026-02-09,ARB,3.0,0.0,0.07500000000000001,0.01809808398205014
2026-02-09,ASTER,1.0,-0.06785714285714284,0.07500000000000001,-0.004888504609791771
2026-02-09,ATOM,1.0,-0.06785714285714284,0.0,-0.025951866677777304
2026-02-09,AVAX,2.0,0.0,0.0,0.009252245674919113
2026-02-09,BCH,5.0,0.0,-0.06923076923076922,-0.010983100569197785
2026-02-09,BFUSD,,0.05,-0.06923076923076922,0.012897372184696373
2026-02-09,BNB,7.0,0.05,-0.06923076923076922,0.0036451265097772606
2026-02-09,BONK,1.0,0.0,0.07500000000000001,0.022249962590362028
2026-02-09,BTC,3.0,0.05,-0.06923076923076922,0.0036451265097772606
2026-02-09,CAKE,6.0,0.05,0.0,0.005620052261617721
2026-02-09,CHZ,6.0,0.05,0.0,-0.0036562055235401167
2026-02-09,DASH,2.0,0.0,0.05,-0.001665568720517709
2026-02-09,DEXE,6.0,-0.06785714285714284,0.0,-0.0241863550008748
2026-02-09,DOGE,6.0,0.0,0.0,0.009252245674919113
2026-02-09,DOT,2.0,0.0,0.0,0.0
2026-02-09,ENA,,0.0,0.07500000000000001,0.021358290026269853
2026-02-09,ETC,6.0,0.0,0.0,0.0031877294166295167
2026-02-09,ETH,3.0,0.05,0.0,0.0012862911536376184
2026-02-09,FET,1.0,-0.06785714285714284,0.0,-0.02398527444464104
2026-02-09,FIL,9.0,0.0,0.0,0.0027463514974038926
2026-02-09,HBAR,4.0,-0.06785714285714284,0.0,-0.02886076871025203
2026-02-09,ICP,9.0,0.0,0.05,-0.0022634454851171246
2026-02-09,JST,8.0,0.0,-0.06923076923076922,-0.01999127538655511
2026-02-09,JUP,9.0,0.05,0.0,0.03074635149740389
2026-02-09,LINK,2.0,0.0,0.0,0.0
2026-02-09,LTC,2.0,0.05,-0.06923076923076922,0.012897372184696373
2026-02-09,LUNC,8.0,0.05,0.0,0.005620052261617721
2026-02-09,MORPHO,9.0,-0.06785714285714284,-0.05,-0.0344208433239723
2026-02-09,NEAR,2.0,0.0,0.0,0.0027463514974038926
2026-02-09,NEXO,0.0,0.0,-0.06923076923076922,-0.010983100569197785
2026-02-09,ONDO,5.0,0.0,0.0,0.009252245674919113
2026-02-09,PENGU,5.0,-0.06785714285714284,0.07500000000000001,-0.008727389362045352
2026-02-09,PEPE,2.0,-0.06785714285714284,0.07500000000000001,-0.006854876977451791
2026-02-09,POL,,-0.06785714285714284,0.0,-0.022710638824646898
2026-02-09,PUMP,0.0,-0.06785714285714284,0.07500000000000001,-0.01773556417940268
2026-02-09,QNT,4.0,0.0,-0.06923076923076922,-0.008334833053844031
2026-02-09,RENDER,5.0,-0.06785714285714284,0.05,-0.008838126440053332
2026-02-09,RLUSD,,0.0,0.0,0.0
2026-02-09,SHIB,5.0,0.0,0.0,0.009252245674919113
2026-02-09,SKY,,0.0,-0.06923076923076922,-0.01910851954810386
2026-02-09,SOL,6.0,0.05,0.0,0.018747754325080884
2026-02-09,STX,1.0,0.0,0.0,-0.019333975556036827
2026-02-09,SUI,5.0,0.0,0.05,0.002655039081821889
2026-02-09,TAO,5.0,-0.06785714285714284,0.0,-0.017993234813941644
2026-02-09,TON,5.0,0.0,0.0,0.003059125487985953
2026-02-09,TRUMP,5.0,0.0,0.0,0.0
2026-02-09,TRX,9.0,0.05,-0.06923076923076922,0.0036451265097772606
2026-02-09,U,,0.05,0.0,0.014628227078975046
2026-02-09,UNI,9.0,0.05,0.0,0.02971646968587743
2026-02-09,VET,4.0,0.0,0.0,0.003059125487985953
2026-02-09,VIRTUAL,1.0,-0.06785714285714284,0.05,-0.018178394631574203
2026-02-09,WLD,5.0,0.0,0.0,-0.00293291414271345
2026-02-09,WLFI,,0.0,0.07500000000000001,0.00457804599038642
2026-02-09,XLM,0.0,0.0,-0.06923076923076922,-0.02317900480318463
2026-02-09,XRP,6.0,0.0,-0.06923076923076922,-0.007566851826261942
2026-02-09,ZEC,3.0,-0.05,0.07500000000000001,-0.012618430519666223
2026-02-16,AAVE,,-0.06785714285714284,-0.05,-0.04513672324796919
2026-02-16,ADA,0.0,0.0,0.0,0.0
2026-02-16,ALGO,1.0,0.06923076923076922,-0.06923076923076922,0.017415167744710903
2026-02-16,APT,2.0,0.06923076923076922,0.07500000000000001,0.0509182391759362
2026-02-16,ARB,3.0,0.05,0.07500000000000001,0.03990599785993239
2026-02-16,ASTER,4.0,-0.06785714285714284,0.07500000000000001,-0.016699528262205797
2026-02-16,ATOM,5.0,-0.06785714285714284,0.0,-0.035368591095958725
2026-02-16,AVAX,2.0,0.0,0.0,0.0020207646280318483
2026-02-16,BCH,6.0,0.0,-0.06923076923076922,-0.015385248627273602
2026-02-16,BFUSD,,0.06923076923076922,-0.06923076923076922,0.020132158032457288
2026-02-16,BNB,3.0,0.06923076923076922,-0.06923076923076922,0.01811139340442544
2026-02-16,BONK,0.0,0.0,0.07500000000000001,0.01892822590047981
2026-02-16,BTC,3.0,0.06923076923076922,-0.06923076923076922,0.01811139340442544
2026-02-16,CAKE,3.0,0.05,0.0,0.023112040000243545
2026-02-16,CHZ,3.0,0.06923076923076922,0.0,0.029503175370199267
2026-02-16,DASH,8.0,0.0,0.05,0.009015330238450239
2026-02-16,DEXE,9.0,-0.06785714285714284,0.0,-0.03498298919211683
2026-02-16,DOGE,0.0,0.0,0.0,0.0020207646280318483
2026-02-16,DOT,2.0,0.0,0.0,0.0
2026-02-16,ENA,,0.0,0.07500000000000001,0.01873347746419602
2026-02-16,ETC,7.0,0.0,0.0,0.0006962256597145364
2026-02-16,ETH,3.0,0.0,0.0,0.00028093629978582515
2026-02-16,FET,5.0,0.0,0.0,-0.005238576221852278
2026-02-16,FIL,9.0,0.0,0.0,0.0005998251837540628
2026-02-16,HBAR,1.0,-0.06785714285714284,0.0,-0.0360039186196938
2026-02-16,ICP,0.0,0.0,0.05,0.008884749160053272
2026-02-16,JST,6.0,0.06923076923076922,-0.06923076923076922,0.012949013743936047
2026-02-16,JUP,9.0,0.06923076923076922,0.0,0.03701696961911605
2026-02-16,LINK,0.0,0.0,0.0,0.0
2026-02-16,LTC,5.0,0.06923076923076922,-0.06923076923076922,0.020132158032457288
2026-02-16,LUNC,6.0,0.0,0.0,0.0012274644683023693
2026-02-16,MORPHO,9.0,-0.06785714285714284,-0.05,-0.04659738728827493
2026-02-16,NEAR,2.0,0.0,0.0,0.0005998251837540628
2026-02-16,NEXO,7.0,0.0,-0.06923076923076922,-0.015385248627273602
2026-02-16,ONDO,4.0,0.0,0.0,0.0020207646280318483
2026-02-16,PENGU,0.0,-0.06785714285714284,0.07500000000000001,-0.017537971467348278
2026-02-16,PEPE,1.0,-0.06785714285714284,0.07500000000000001,-0.017128999751152327
2026-02-16,POL,,-0.06785714285714284,0.0,-0.034660680948830604
2026-02-16,PUMP,7.0,-0.06785714285714284,0.07500000000000001,-0.019505429063441788
2026-02-16,QNT,1.0,0.0,-0.06923076923076922,-0.014806845771510757
2026-02-16,RENDER,5.0,-0.06785714285714284,0.05,-0.02225170923263465
2026-02-16,RLUSD,,0.06923076923076922,0.0,0.030301719967303162
2026-02-16,SHIB,0.0,0.0,0.0,0.0020207646280318483
2026-02-16,SKY,,0.0,-0.06923076923076922,-0.017159905271446164
2026-02-16,SOL,3.0,0.06923076923076922,0.0,0.03439637980733014
2026-02-16,STX,5.0,0.0,0.0,-0.004222695256437101
2026-02-16,SUI,0.0,0.0,0.05,0.009958985619568577
2026-02-16,TAO,0.0,-0.06785714285714284,0.0,-0.03363036209480254
2026-02-16,TON,4.0,0.0,0.0,0.0006681375307175602
2026-02-16,TRUMP,7.0,0.0,0.0,0.0
2026-02-16,TRX,9.0,0.06923076923076922,-0.06923076923076922,0.01811139340442544
2026-02-16,U,,0.06923076923076922,0.0,0.03349664203169904
2026-02-16,UNI,9.0,0.0,0.0,0.006490315207905113
2026-02-16,VET,1.0,0.0,0.0,0.0006681375307175602
2026-02-16,VIRTUAL,5.0,-0.06785714285714284,0.05,-0.024291698683943874
2026-02-16,WLD,4.0,0.0,0.0,-0.0006405719611094858
2026-02-16,WLFI,,-0.06785714285714284,0.07500000000000001,-0.01463195772047556
2026-02-16,XLM,7.0,0.0,-0.06923076923076922,-0.01804893188308165
2026-02-16,XRP,7.0,0.0,-0.06923076923076922,-0.014639112514719135
2026-02-16,ZEC,8.0,-0.05,0.07500000000000001,-0.010571886216709953
2026-02-23,AAVE,,0.0,-0.05,-0.024694247112018678
2026-02-23,ADA,8.0,0.0,0.0,0.0
2026-02-23,ALGO,1.0,0.05,-0.06923076923076922,0.013694841453383715
2026-02-23,APT,8.0,-0.06923076923076922,0.07272727272727274,0.006356807314385406
2026-02-23,ARB,9.0,0.0,0.07272727272727274,0.026055404469027963
2026-02-23,ASTER,4.0,-0.06923076923076922,0.0,-0.030314615168996882
2026-02-23,ATOM,5.0,-0.06923076923076922,0.0,-0.03746648999946876
2026-02-23,AVAX,8.0,0.05,0.0,0.018047693275970743
2026-02-23,BCH,3.0,-0.06923076923076922,0.0,-0.02981113175769895
2026-02-23,BFUSD,,0.05,-0.06923076923076922,0.014735685047227023
2026-02-23,BNB,6.0,0.0,0.0,0.006938238935041715
2026-02-23,BONK,5.0,0.0,0.07272727272727274,0.018019093240542582
2026-02-23,BTC,9.0,0.05,-0.06923076923076922,0.013961556436153962
2026-02-23,CAKE,6.0,0.05,0.0,0.026127486183644487
2026-02-23,CHZ,5.0,0.05,0.0,0.0285758469073486
2026-02-23,DASH,9.0,0.0,0.07272727272727274,0.014221592015457711
2026-02-23,DEXE,2.0,-0.05,0.05,-0.02327213592986383
2026-02-23,DOGE,5.0,0.0,0.0,0.0007741286110730607
2026-02-23,DOT,8.0,-0.06923076923076922,0.0,-0.023917243382166022
2026-02-23,ENA,,0.0,0.0,0.007176551236474824
2026-02-23,ETC,9.0,0.0,0.0,0.00026671498277024727
2026-02-23,ETH,9.0,0.05,0.0,0.017381187702502524
2026-02-23,FET,5.0,0.0,0.0,-0.0020068303247036804
2026-02-23,FIL,7.0,0.0,0.07272727272727274,0.01099772163040681
2026-02-23,HBAR,3.0,0.0,0.0,-0.013792632317301132
2026-02-23,ICP,7.0,0.0,0.07272727272727274,0.014171568104978676
2026-02-23,JST,2.0,0.0,-0.06923076923076922,-0.0052896486431539685
2026-02-23,JUP,7.0,0.0,0.0,0.014180718961460542
2026-02-23,LINK,8.0,0.05,0.0,0.017273564664897684
2026-02-23,LTC,8.0,0.05,-0.06923076923076922,0.014735685047227023
2026-02-23,LUNC,3.0,-0.06923076923076922,-0.05,-0.03084997401550142
2026-02-23,MORPHO,2.0,-0.06923076923076922,-0.06923076923076922,-0.052018342743537165
2026-02-23,NEAR,8.0,-0.06923076923076922,0.0,-0.02368745816624089
2026-02-23,NEXO,9.0,0.05,-0.06923076923076922,0.001129429125579319
2026-02-23,ONDO,4.0,0.0,0.0,0.0007741286110730607
2026-02-23,PENGU,4.0,-0.06923076923076922,0.07272727272727274,-0.01986787542673366
2026-02-23,PEPE,3.0,-0.06923076923076922,0.05,-0.023076183818128412
2026-02-23,POL,,-0.06923076923076922,0.0,-0.037195298841746174
2026-02-23,PUMP,8.0,0.0,0.07272727272727274,0.0032956605740376184
2026-02-23,QNT,3.0,0.0,-0.06923076923076922,-0.0159225569382477
2026-02-23,RENDER,5.0,0.0,0.07272727272727274,0.0022435964080761497
2026-02-23,RLUSD,,0.05,0.0,0.028881758942456825
2026-02-23,SHIB,5.0,0.0,0.0,0.0007741286110730607
2026-02-23,SKY,,0.0,-0.06923076923076922,-0.016823983387022887
2026-02-23,SOL,9.0,0.0,0.0,0.013176805134462347
2026-02-23,STX,1.0,0.0,0.0,-0.0016176595574291372
2026-02-23,SUI,5.0,0.05,0.07272727272727274,0.03185665876693351
2026-02-23,TAO,4.0,-0.06923076923076922,0.0,-0.03680059710737943
2026-02-23,TON,3.0,0.0,0.0,0.0002559547863641731
2026-02-23,TRUMP,8.0,0.0,0.0,0.0
2026-02-23,TRX,7.0,0.05,-0.06923076923076922,0.013961556436153962
2026-02-23,U,,0.05,-0.06923076923076922,0.019855444811686888
2026-02-23,UNI,2.0,0.0,0.0,0.0024863552279294756
2026-02-23,VET,3.0,0.0,0.0,0.0002559547863641731
2026-02-23,VIRTUAL,4.0,0.0,0.07272727272727274,0.001462103017584749
2026-02-23,WLD,4.0,0.05,0.0,0.01702816988924338
2026-02-23,WLFI,,-0.06923076923076922,0.05,-0.022119599537018163
2026-02-23,XLM,5.0,0.0,-0.06923076923076922,-0.017164557903483358
2026-02-23,XRP,9.0,0.0,-0.06923076923076922,-0.015858300512086216
2026-02-23,ZEC,0.0,-0.05,0.05,-0.013920560303998632
2026-03-02,AAVE,,-0.06923076923076922,-0.05,-0.05076923076923077
2026-03-02,ADA,0.0,0.0,0.0,0.0
2026-03-02,ALGO,1.0,0.05,-0.06923076923076922,0.011384615384615385
2026-03-02,APT,2.0,-0.06923076923076922,0.07272727272727274,-0.021314685314685305
2026-03-02,ARB,3.0,0.0,0.07272727272727274,0.017454545454545455
2026-03-02,ASTER,0.0,-0.06923076923076922,0.0,-0.038769230769230764
2026-03-02,ATOM,1.0,-0.06923076923076922,0.0,-0.038769230769230764
2026-03-02,AVAX,2.0,0.05,0.0,0.027999999999999997
2026-03-02,BCH,5.0,-0.06923076923076922,0.0,-0.038769230769230764
2026-03-02,BFUSD,,0.05,-0.06923076923076922,0.011384615384615385
2026-03-02,BNB,4.0,0.05,0.0,0.027999999999999997
2026-03-02,BONK,1.0,0.0,0.07272727272727274,0.017454545454545455
2026-03-02,BTC,6.0,0.05,-0.06923076923076922,0.011384615384615385
2026-03-02,CAKE,4.0,0.05,0.0,0.027999999999999997
2026-03-02,CHZ,1.0,0.0,0.0,0.0
2026-03-02,DASH,3.0,0.0,0.07272727272727274,0.017454545454545455
2026-03-02,DEXE,2.0,-0.06923076923076922,0.05,-0.026769230769230764
2026-03-02,DOGE,1.0,0.0,0.0,0.0
2026-03-02,DOT,0.0,-0.06923076923076922,0.0,-0.038769230769230764
2026-03-02,ENA,,0.0,0.0,0.0
2026-03-02,ETC,4.0,0.0,0.0,0.0
2026-03-02,ETH,6.0,0.05,0.0,0.027999999999999997
2026-03-02,FET,8.0,0.0,0.0,0.0
2026-03-02,FIL,3.0,0.0,0.07272727272727274,0.017454545454545455
2026-03-02,HBAR,0.0,0.0,0.0,0.0
2026-03-02,ICP,3.0,-0.06923076923076922,0.07272727272727274,-0.021314685314685305
2026-03-02,JST,5.0,0.0,-0.06923076923076922,-0.01661538461538461
2026-03-02,JUP,6.0,0.0,0.0,0.0
2026-03-02,LINK,3.0,0.05,0.0,0.027999999999999997
2026-03-02,LTC,2.0,0.05,-0.06923076923076922,0.011384615384615385
2026-03-02,LUNC,0.0,-0.06923076923076922,-0.05,-0.05076923076923077
2026-03-02,MORPHO,8.0,-0.06923076923076922,-0.06923076923076922,-0.05538461538461538
2026-03-02,NEAR,2.0,0.0,0.0,0.0
2026-03-02,NEXO,4.0,0.05,-0.06923076923076922,0.011384615384615385
2026-03-02,ONDO,2.0,0.0,0.0,0.0
2026-03-02,PENGU,8.0,0.0,0.07272727272727274,0.017454545454545455
2026-03-02,PEPE,0.0,-0.05,0.05,-0.015999999999999997
2026-03-02,POL,,-0.06923076923076922,0.0,-0.038769230769230764
2026-03-02,PUMP,6.0,0.0,0.07272727272727274,0.017454545454545455
2026-03-02,QNT,3.0,0.0,-0.06923076923076922,-0.01661538461538461
2026-03-02,RENDER,1.0,0.0,0.07272727272727274,0.017454545454545455
2026-03-02,RLUSD,,0.05,0.0,0.027999999999999997
2026-03-02,SHIB,0.0,0.0,0.0,0.0
2026-03-02,SKY,,0.0,-0.06923076923076922,-0.01661538461538461
2026-03-02,SOL,4.0,0.05,0.0,0.027999999999999997
2026-03-02,STX,1.0,0.0,0.0,0.0
2026-03-02,SUI,1.0,0.05,0.07272727272727274,0.045454545454545456
2026-03-02,TAO,8.0,0.0,0.0,0.0
2026-03-02,TON,0.0,0.0,0.0,0.0
2026-03-02,TRUMP,8.0,0.0,0.0,0.0
2026-03-02,TRX,4.0,0.05,-0.06923076923076922,0.011384615384615385
2026-03-02,U,,0.05,-0.06923076923076922,0.011384615384615385
2026-03-02,UNI,8.0,0.0,0.0,0.0
2026-03-02,VET,0.0,0.0,0.0,0.0
2026-03-02,VIRTUAL,8.0,-0.06923076923076922,0.07272727272727274,-0.021314685314685305
2026-03-02,WLD,0.0,0.0,0.0,0.0
2026-03-02,WLFI,,-0.06923076923076922,0.05,-0.026769230769230764
2026-03-02,XLM,8.0,0.0,-0.06923076923076922,-0.01661538461538461
2026-03-02,XRP,1.0,0.0,-0.06923076923076922,-0.01661538461538461
2026-03-02,ZEC,3.0,-0.05,0.05,-0.015999999999999997
2026-03-09,AAVE,,0.0,-0.05,-0.03227608008429926
2026-03-09,ADA,0.0,0.0,0.0,0.0
2026-03-09,ALGO,1.0,-0.07272727272727274,-0.06923076923076922,-0.021398697193217745
2026-03-09,APT,2.0,0.0,0.07272727272727274,-0.0028215346297537983
2026-03-09,ARB,2.0,-0.07272727272727274,0.07272727272727274,-0.001972602739726031
2026-03-09,ASTER,2.0,0.05,0.0,-0.0069199157007376125
2026-03-09,ATOM,1.0,0.0,0.0,-0.020276080084299257
2026-03-09,AVAX,2.0,0.0,0.0,0.014643835616438353
2026-03-09,BCH,3.0,0.0,0.0,-0.020276080084299257
2026-03-09,BFUSD,,0.05,-0.06923076923076922,0.011384615384615385
2026-03-09,BNB,0.0,0.0,0.0,0.014643835616438353
2026-03-09,BONK,1.0,0.0,0.07272727272727274,0.017454545454545455
2026-03-09,BTC,6.0,0.0,-0.06923076923076922,-0.001971548998946259
2026-03-09,CAKE,0.0,0.0,0.0,0.014643835616438353
2026-03-09,CHZ,1.0,0.0,0.0,0.0
2026-03-09,DASH,6.0,0.0,0.07272727272727274,0.017454545454545455
2026-03-09,DEXE,7.0,-0.07272727272727274,0.05,-0.027703228278570743
2026-03-09,DOGE,1.0,0.0,0.0,0.0
2026-03-09,DOT,4.0,-0.07272727272727274,0.0,-0.03970322827857074
2026-03-09,ENA,,-0.07272727272727274,0.0,-0.019427148194271486
2026-03-09,ETC,0.0,0.05,0.0,0.013356164383561644
2026-03-09,ETH,6.0,0.0,0.0,0.014643835616438353
2026-03-09,FET,1.0,-0.05,0.0,-0.013356164383561644
2026-03-09,FIL,4.0,0.05,0.07272727272727274,0.0308107098381071
2026-03-09,HBAR,4.0,0.05,0.0,0.013356164383561644
2026-03-09,ICP,6.0,0.0,0.07272727272727274,-0.0028215346297537983
2026-03-09,JST,7.0,0.0,-0.06923076923076922,-0.01661538461538461
2026-03-09,JUP,4.0,0.0,0.0,0.0
2026-03-09,LINK,0.0,0.0,0.0,0.014643835616438353
2026-03-09,LTC,2.0,0.05,-0.06923076923076922,0.011384615384615385
2026-03-09,LUNC,2.0,-0.07272727272727274,-0.05,-0.05170322827857075
2026-03-09,MORPHO,0.0,0.0,-0.06923076923076922,-0.03689146469968387
2026-03-09,NEAR,2.0,0.0,0.0,0.0
2026-03-09,NEXO,0.0,0.05,-0.06923076923076922,0.011384615384615385
2026-03-09,ONDO,2.0,0.0,0.0,0.0
2026-03-09,PENGU,7.0,-0.07272727272727274,0.07272727272727274,-0.001972602739726031
2026-03-09,PEPE,3.0,0.0,0.05,-0.0026438356164383524
2026-03-09,POL,,0.05,0.0,-0.0069199157007376125
2026-03-09,PUMP,1.0,0.05,0.07272727272727274,0.0308107098381071
2026-03-09,QNT,6.0,0.0,-0.06923076923076922,-0.01661538461538461
2026-03-09,RENDER,1.0,-0.05,0.07272727272727274,0.004098381070983811
2026-03-09,RLUSD,,0.05,0.0,0.027999999999999997
2026-03-09,SHIB,3.0,0.0,0.0,0.0
2026-03-09,SKY,,0.05,-0.06923076923076922,-0.0032592202318229672
2026-03-09,SOL,0.0,0.0,0.0,0.014643835616438353
2026-03-09,STX,4.0,0.05,0.0,0.013356164383561644
2026-03-09,SUI,1.0,-0.07272727272727274,0.07272727272727274,0.012671232876712325
2026-03-09,TAO,7.0,-0.05,0.0,-0.013356164383561644
2026-03-09,TON,3.0,0.0,0.0,0.0
2026-03-09,TRUMP,7.0,-0.05,0.0,-0.013356164383561644
2026-03-09,TRX,0.0,0.05,-0.06923076923076922,0.011384615384615385
2026-03-09,U,,0.05,-0.06923076923076922,0.011384615384615385
2026-03-09,UNI,7.0,0.0,0.0,0.0
2026-03-09,VET,3.0,0.0,0.0,0.0
2026-03-09,VIRTUAL,7.0,-0.07272727272727274,0.07272727272727274,-0.022248682824025284
2026-03-09,WLD,4.0,0.05,0.0,0.013356164383561644
2026-03-09,WLFI,,0.0,0.05,-0.008276080084299257
2026-03-09,XLM,1.0,-0.07272727272727274,-0.06923076923076922,-0.0360425328096561
2026-03-09,XRP,1.0,0.0,-0.06923076923076922,-0.01661538461538461
2026-03-09,ZEC,6.0,-0.07272727272727274,0.05,-0.02207098381070984
2026-03-16,AAVE,,0.0,-0.05,-0.016449283722000368
2026-03-16,ADA,2.0,0.0,0.0,0.0
2026-03-16,ALGO,7.0,-0.06666666666666667,-0.06923076923076922,-0.04680610079115575
2026-03-16,APT,2.0,0.0,0.07272727272727274,0.013005261732545091
2026-03-16,ARB,3.0,0.0,0.07272727272727274,0.013191547189284452
2026-03-16,ASTER,4.0,0.05,0.0,0.02033734470099937
2026-03-16,ATOM,7.0,0.0,0.0,-0.004449283722000364
2026-03-16,AVAX,6.0,0.0,0.0,0.003213371577000263
2026-03-16,BCH,7.0,0.0,0.0,-0.004449283722000364
2026-03-16,BFUSD,,0.05,-0.06923076923076922,0.011384615384615385
2026-03-16,BNB,5.0,0.0,0.0,0.003213371577000263
2026-03-16,BONK,7.0,0.0,0.07272727272727274,0.017454545454545455
2026-03-16,BTC,5.0,0.0,-0.06923076923076922,-0.013402013038384349
2026-03-16,CAKE,5.0,-0.06666666666666667,0.0,-0.02592771791051013
2026-03-16,CHZ,4.0,0.0,0.0,0.0
2026-03-16,DASH,5.0,0.0,0.07272727272727274,0.017454545454545455
2026-03-16,DEXE,0.0,-0.06666666666666667,0.05,-0.025853371474771764
2026-03-16,DOGE,7.0,0.0,0.0,0.0
2026-03-16,DOT,2.0,-0.06666666666666667,0.0,-0.03785337147477176
2026-03-16,ENA,,0.0,0.0,-0.004262998265261003
2026-03-16,ETC,3.0,0.05,0.0,0.024786628422999734
2026-03-16,ETH,5.0,0.0,0.0,0.003213371577000263
2026-03-16,FET,0.0,-0.05,0.0,-0.024786628422999734
2026-03-16,FIL,2.0,0.05,0.07272727272727274,0.04224117387754519
2026-03-16,HBAR,2.0,0.05,0.0,0.024786628422999734
2026-03-16,ICP,3.0,-0.06666666666666667,0.07272727272727274,-0.0161358277549653
2026-03-16,JST,0.0,0.05,-0.06923076923076922,0.005240432500248183
2026-03-16,JUP,2.0,0.0,0.0,0.0
2026-03-16,LINK,3.0,0.0,0.0,0.003213371577000263
2026-03-16,LTC,0.0,0.05,-0.06923076923076922,0.011384615384615385
2026-03-16,LUNC,4.0,-0.06666666666666667,-0.05,-0.049853371474771764
2026-03-16,MORPHO,1.0,0.0,-0.06923076923076922,-0.02106466833738498
2026-03-16,NEAR,3.0,0.0,0.0,0.0
2026-03-16,NEXO,1.0,0.05,-0.06923076923076922,0.011384615384615385
2026-03-16,NIGHT,6.0,0.0,0.0,0.0
2026-03-16,ONDO,6.0,0.0,0.0,0.0
2026-03-16,PENGU,6.0,-0.06666666666666667,0.07272727272727274,-0.01594954229822594
2026-03-16,PEPE,7.0,0.0,0.05,0.008786628422999737
2026-03-16,POL,,0.05,0.0,0.02033734470099937
2026-03-16,PUMP,5.0,0.05,0.07272727272727274,0.04224117387754519
2026-03-16,QNT,5.0,0.05,-0.06923076923076922,0.005240432500248183
2026-03-16,RENDER,7.0,-0.05,0.07272727272727274,-0.007332082968454279
2026-03-16,RLUSD,,0.05,0.0,0.027999999999999997
2026-03-16,SHIB,7.0,0.0,0.0,0.0
2026-03-16,SKY,,0.05,-0.06923076923076922,0.008171243807615122
2026-03-16,SOL,3.0,0.0,0.0,0.003213371577000263
2026-03-16,STX,4.0,0.05,0.0,0.024786628422999734
2026-03-16,SUI,7.0,-0.06666666666666667,0.07272727272727274,-0.012736170721225678
2026-03-16,TAO,0.0,-0.05,0.0,-0.024786628422999734
2026-03-16,TON,8.0,0.0,0.0,0.0
2026-03-16,TRUMP,7.0,-0.05,0.0,-0.024786628422999734
2026-03-16,TRX,3.0,0.05,-0.06923076923076922,0.011384615384615385
2026-03-16,U,,0.05,-0.06923076923076922,0.011384615384615385
2026-03-16,UNI,5.0,-0.06666666666666667,0.0,-0.02914108948751039
2026-03-16,VET,7.0,0.0,0.0,0.0
2026-03-16,VIRTUAL,6.0,-0.06666666666666667,0.07272727272727274,-0.020398826020226305
2026-03-16,WLD,4.0,0.0,0.0,0.0029308113073669394
2026-03-16,WLFI,,0.0,0.05,0.007550716277999636
2026-03-16,XLM,0.0,-0.06666666666666667,-0.06923076923076922,-0.05001947236815601
2026-03-16,XRP,0.0,0.0,-0.06923076923076922,-0.01661538461538461
2026-03-16,ZEC,5.0,-0.06666666666666667,0.05,-0.024617459329771663
2026-03-23,AAVE,,0.0,-0.05,-0.012816096762527292
2026-03-23,ADA,0.0,0.0,0.0,0.0
2026-03-23,ALGO,1.0,-0.06818181818181818,0.0,-0.03976370181890763
2026-03-23,APT,2.0,0.05,0.06818181818181818,0.03861181885467206
2026-03-23,ARB,2.0,0.0,0.06818181818181818,0.01578180524937499
2026-03-23,ASTER,3.0,0.05,-0.06538461538461537,0.013780507648731349
2026-03-23,ATOM,4.0,0.0,0.06818181818181818,0.012546087795843323
2026-03-23,AVAX,2.0,0.0,0.0,0.0005894032173808217
2026-03-23,BCH,3.0,0.05,0.06818181818181818,0.035410270262388605
2026-03-23,BFUSD,,0.05,-0.06538461538461537,0.012138379641754241
2026-03-23,BNB,5.0,0.0,0.0,0.0005894032173808217
2026-03-23,BONK,6.0,0.0,0.06818181818181818,0.01656373315065408
2026-03-23,BTC,5.0,0.0,-0.05,-0.012257160112309517
2026-03-23,CAKE,5.0,-0.06818181818181818,0.0,-0.035934145930743316
2026-03-23,CHZ,6.0,-0.06818181818181818,0.0,-0.031178430636198098
2026-03-23,DASH,6.0,0.0,0.0,0.0032015485922834656
2026-03-23,DEXE,1.0,-0.05,0.05,-0.017807325642277695
2026-03-23,DOGE,6.0,0.0,-0.06538461538461537,-0.012813992371360536
2026-03-23,DOT,0.0,0.05,0.0,0.01592103929081285
2026-03-23,ENA,,-0.06818181818181818,0.05,-0.02216142319467207
2026-03-23,ETC,4.0,0.0,-0.06538461538461537,-0.00826757805528663
2026-03-23,ETH,5.0,0.0,0.0,0.0005894032173808217
2026-03-23,FET,6.0,-0.05,0.0,-0.027410596782619177
2026-03-23,FIL,0.0,0.05,0.0,0.03061214537490264
2026-03-23,HBAR,0.0,0.05,-0.06538461538461537,0.01459660441125864
2026-03-23,ICP,2.0,-0.06818181818181818,0.0,-0.03413809731836796
2026-03-23,JST,5.0,0.0,-0.06538461538461537,-0.01185278147430123
2026-03-23,JUP,0.0,0.05,0.0,0.02286418246654527
2026-03-23,LINK,2.0,0.0,0.0,0.0005894032173808217
2026-03-23,LTC,1.0,0.05,-0.06538461538461537,0.012138379641754241
2026-03-23,LUNC,3.0,0.0,0.0,-0.009144207832927305
2026-03-23,MORPHO,7.0,0.0,0.0,-0.0038637247494125136
2026-03-23,NEAR,2.0,0.0,0.0,0.0
2026-03-23,NEXO,4.0,0.05,-0.06538461538461537,0.012138379641754241
2026-03-23,NIGHT,1.0,0.0,0.0,0.0
2026-03-23,ONDO,6.0,0.0,0.0,0.0
2026-03-23,PENGU,1.0,-0.06818181818181818,0.05,-0.024304993114314645
2026-03-23,PEPE,6.0,0.0,0.06818181818181818,0.014973845998184673
2026-03-23,POL,,0.05,0.0,0.026594500020091883
2026-03-23,PUMP,7.0,0.05,0.06818181818181818,0.04397432993327326
2026-03-23,QNT,3.0,0.0,-0.06538461538461537,-0.01185278147430123
2026-03-23,RENDER,4.0,-0.05,0.06818181818181818,-0.010846863631965098
2026-03-23,RLUSD,,0.05,-0.06538461538461537,0.015186007628639463
2026-03-23,SHIB,6.0,0.0,0.0,0.0
2026-03-23,SKY,,0.0,-0.06538461538461537,-0.011315206042171854
2026-03-23,SOL,2.0,0.0,0.0,0.0005894032173808217
2026-03-23,STX,7.0,0.05,0.0,0.027410596782619177
2026-03-23,SUI,2.0,-0.06818181818181818,0.0,-0.03351452523973894
2026-03-23,TAO,6.0,-0.05,0.0,-0.027410596782619177
2026-03-23,TON,3.0,0.0,0.0,0.0
2026-03-23,TRUMP,7.0,-0.05,0.06818181818181818,-0.014048412224248564
2026-03-23,TRX,4.0,0.05,-0.06538461538461537,0.012138379641754241
2026-03-23,U,,0.05,-0.06538461538461537,0.012138379641754241
2026-03-23,UNI,2.0,-0.06818181818181818,0.0,-0.03652354914812413
2026-03-23,VET,3.0,0.0,0.0,0.0
2026-03-23,VIRTUAL,1.0,-0.06818181818181818,0.05,-0.02512108987684194
2026-03-23,WLD,7.0,0.0,0.06818181818181818,0.013899759990499989
2026-03-23,WLFI,,0.0,0.06818181818181818,0.014747152453038204
2026-03-23,XLM,6.0,-0.06818181818181818,-0.05,-0.050152040379093564
2026-03-23,XRP,1.0,0.0,0.0,-0.00304762798688522
2026-03-23,ZEC,6.0,-0.06818181818181818,0.05,-0.025894880266784052
2026-03-30,AAVE,,0.0,-0.05,-0.012
2026-03-30,ADA,0.0,0.0,0.0,0.0
2026-03-30,ALGO,1.0,-0.05,0.0,-0.027999999999999997
2026-03-30,APT,1.0,0.05,0.06818181818181818,0.04436363636363636
2026-03-30,ARB,1.0,0.0,0.06818181818181818,0.01636363636363636
2026-03-30,ASTER,2.0,0.05,-0.06538461538461537,0.01230769230769231
2026-03-30,ATOM,3.0,0.0,0.06818181818181818,0.01636363636363636
2026-03-30,AVAX,4.0,0.0,0.0,0.0
2026-03-30,BCH,2.0,0.05,0.06818181818181818,0.04436363636363636
2026-03-30,BFUSD,,0.05,-0.06538461538461537,0.01230769230769231
2026-03-30,BNB,5.0,0.0,0.0,0.0
2026-03-30,BONK,6.0,0.0,0.06818181818181818,0.01636363636363636
2026-03-30,BTC,5.0,0.0,-0.05,-0.012
2026-03-30,CAKE,5.0,-0.06818181818181818,0.0,-0.03818181818181818
2026-03-30,CHZ,6.0,-0.06818181818181818,0.0,-0.03818181818181818
2026-03-30,DASH,8.0,0.0,0.0,0.0
2026-03-30,DEXE,8.0,-0.06818181818181818,0.05,-0.02618181818181818
2026-03-30,DOGE,6.0,0.0,-0.06538461538461537,-0.01569230769230769
2026-03-30,DOT,0.0,0.05,0.0,0.027999999999999997
2026-03-30,ENA,,-0.06818181818181818,0.05,-0.02618181818181818
2026-03-30,ETC,3.0,0.0,-0.06538461538461537,-0.01569230769230769
2026-03-30,ETH,5.0,0.0,0.0,0.0
2026-03-30,FET,8.0,-0.05,0.0,-0.027999999999999997
2026-03-30,FIL,0.0,0.0,0.0,0.0
2026-03-30,HBAR,0.0,0.05,-0.06538461538461537,0.01230769230769231
2026-03-30,ICP,1.0,0.0,0.0,0.0
2026-03-30,JST,5.0,0.0,-0.06538461538461537,-0.01569230769230769
2026-03-30,JUP,0.0,-0.06818181818181818,0.0,-0.03818181818181818
2026-03-30,LINK,4.0,0.0,0.0,0.0
2026-03-30,LTC,8.0,0.05,-0.06538461538461537,0.01230769230769231
2026-03-30,LUNC,7.0,0.0,0.0,0.0
2026-03-30,MORPHO,7.0,0.0,0.0,0.0
2026-03-30,NEAR,1.0,0.0,0.0,0.0
2026-03-30,NEXO,3.0,0.05,-0.06538461538461537,0.01230769230769231
2026-03-30,NIGHT,8.0,0.0,0.0,0.0
2026-03-30,ONDO,8.0,0.0,0.0,0.0
2026-03-30,PENGU,0.0,-0.06818181818181818,0.05,-0.02618181818181818
2026-03-30,PEPE,6.0,0.0,0.06818181818181818,0.01636363636363636
2026-03-30,POL,,0.05,0.0,0.027999999999999997
2026-03-30,PUMP,3.0,0.05,0.06818181818181818,0.04436363636363636
2026-03-30,QNT,0.0,0.0,-0.06538461538461537,-0.01569230769230769
2026-03-30,RENDER,3.0,-0.05,0.06818181818181818,-0.011636363636363637
2026-03-30,RLUSD,,0.05,-0.06538461538461537,0.01230769230769231
2026-03-30,SHIB,6.0,0.0,0.0,0.0
2026-03-30,SKY,,0.05,-0.06538461538461537,0.01230769230769231
2026-03-30,SOL,0.0,0.0,0.0,0.0
2026-03-30,STX,7.0,0.05,0.0,0.027999999999999997
2026-03-30,SUI,4.0,-0.06818181818181818,0.0,-0.03818181818181818
2026-03-30,TAO,8.0,-0.05,0.0,-0.027999999999999997
2026-03-30,TON,2.0,0.05,0.0,0.027999999999999997
2026-03-30,TRUMP,4.0,-0.05,0.06818181818181818,-0.011636363636363637
2026-03-30,TRX,3.0,0.05,-0.06538461538461537,0.01230769230769231
2026-03-30,U,,0.05,-0.06538461538461537,0.01230769230769231
2026-03-30,UNI,4.0,0.0,0.0,0.0
2026-03-30,VET,1.0,-0.06818181818181818,0.0,-0.03818181818181818
2026-03-30,VIRTUAL,8.0,-0.06818181818181818,0.05,-0.02618181818181818
2026-03-30,WLD,7.0,0.0,0.06818181818181818,0.01636363636363636
2026-03-30,WLFI,,0.0,0.06818181818181818,0.01636363636363636
2026-03-30,XLM,8.0,-0.06818181818181818,-0.05,-0.050181818181818175
2026-03-30,XRP,0.0,0.0,0.0,0.0
2026-03-30,ZEC,6.0,-0.06818181818181818,0.05,-0.02618181818181818
2026-04-06,AAVE,,0.05,-0.05,0.0074029850746268645
2026-04-06,ADA,0.0,0.0,0.0,0.0
2026-04-06,ALGO,1.0,-0.05,0.0,-0.027999999999999997
2026-04-06,APT,5.0,0.05,0.06818181818181818,0.04436363636363636
2026-04-06,ARB,5.0,-0.06538461538461537,0.06818181818181818,-0.009009497964721842
2026-04-06,ASTER,10.0,0.05,-0.06538461538461537,0.01230769230769231
2026-04-06,ATOM,6.0,0.0,0.06818181818181818,0.01636363636363636
2026-04-06,AVAX,5.0,0.0,0.0,0.0
2026-04-06,BCH,4.0,0.05,0.06818181818181818,0.04436363636363636
2026-04-06,BFUSD,,0.05,-0.06538461538461537,0.01230769230769231
2026-04-06,BNB,6.0,0.05,0.0,0.019402985074626865
2026-04-06,BONK,7.0,0.05,0.06818181818181818,0.03576662143826323
2026-04-06,BTC,9.0,0.0,-0.05,-0.012
2026-04-06,CAKE,9.0,0.0,0.0,-0.011723202170963364
2026-04-06,CHZ,7.0,-0.06538461538461537,0.0,-0.037096336499321564
2026-04-06,DASH,7.0,-0.05,0.0,-0.019402985074626865
2026-04-06,DEXE,1.0,-0.06538461538461537,0.05,-0.025096336499321567
2026-04-06,DOGE,7.0,0.0,-0.06538461538461537,-0.01569230769230769
2026-04-06,DOT,2.0,0.05,0.0,0.027999999999999997
2026-04-06,ENA,,-0.06538461538461537,0.05,-0.025096336499321567
2026-04-06,ETC,0.0,0.0,-0.06538461538461537,-0.01569230769230769
2026-04-06,ETH,9.0,0.0,0.0,0.0
2026-04-06,FET,1.0,0.0,0.0,-0.008597014925373132
2026-04-06,FIL,2.0,0.0,0.0,0.0
2026-04-06,HBAR,2.0,0.0,-0.06538461538461537,-0.007095292766934555
2026-04-06,ICP,5.0,0.0,0.0,0.0
2026-04-06,JST,9.0,-0.06538461538461537,-0.06538461538461537,-0.04106544202066591
2026-04-06,JUP,2.0,-0.06538461538461537,0.0,-0.037096336499321564
2026-04-06,LINK,5.0,0.0,0.0,0.0
2026-04-06,LTC,3.0,0.05,-0.06538461538461537,0.01230769230769231
2026-04-06,LUNC,10.0,-0.06538461538461537,0.0,-0.025373134328358204
2026-04-06,MORPHO,10.0,-0.06538461538461537,0.0,-0.025373134328358204
2026-04-06,NEAR,5.0,0.0,0.0,0.0
2026-04-06,NEXO,6.0,0.05,-0.06538461538461537,0.01230769230769231
2026-04-06,NIGHT,2.0,-0.06538461538461537,0.0,-0.025373134328358204
2026-04-06,ONDO,7.0,0.0,0.0,0.0
2026-04-06,PENGU,0.0,0.0,0.05,0.00027679782903663325
2026-04-06,PEPE,7.0,0.0,0.06818181818181818,0.01636363636363636
2026-04-06,POL,,0.0,0.0,0.008597014925373132
2026-04-06,PUMP,8.0,0.0,0.06818181818181818,0.024960651289009494
2026-04-06,QNT,3.0,0.0,-0.06538461538461537,-0.01569230769230769
2026-04-06,RENDER,6.0,-0.06538461538461537,0.06818181818181818,-0.017606512890094978
2026-04-06,RLUSD,,0.05,-0.06538461538461537,0.01230769230769231
2026-04-06,SHIB,7.0,0.0,0.0,0.0
2026-04-06,SKY,,0.0,-0.06538461538461537,-0.007095292766934555
2026-04-06,SOL,3.0,0.05,0.0,0.019402985074626865
2026-04-06,STX,10.0,0.0,0.0,0.008597014925373132
2026-04-06,SUI,5.0,0.0,0.0,-0.011723202170963364
2026-04-06,TAO,1.0,-0.06538461538461537,0.0,-0.03397014925373133
2026-04-06,TON,10.0,0.0,0.0,0.008597014925373132
2026-04-06,TRUMP,6.0,0.0,0.06818181818181818,0.007766621438263227
2026-04-06,TRX,1.0,0.05,-0.06538461538461537,0.01230769230769231
2026-04-06,U,,0.05,-0.06538461538461537,0.01230769230769231
2026-04-06,UNI,6.0,0.05,0.0,0.019402985074626865
2026-04-06,VET,1.0,-0.06538461538461537,0.0,-0.037096336499321564
2026-04-06,VIRTUAL,0.0,0.0,0.05,0.00027679782903663325
2026-04-06,WLD,10.0,-0.06538461538461537,0.06818181818181818,-0.009009497964721842
2026-04-06,WLFI,,0.0,0.06818181818181818,0.01636363636363636
2026-04-06,XLM,1.0,0.0,-0.05,-0.02372320217096336
2026-04-06,XRP,3.0,0.05,0.0,0.019402985074626865
2026-04-06,ZEC,7.0,-0.05,0.05,-0.019126187245590228
2026-04-13,AAVE,,0.05,-0.05,0.015999999999999997
2026-04-13,ADA,0.0,0.0,0.0,0.0
2026-04-13,ALGO,1.0,-0.05,0.0,-0.027999999999999997
2026-04-13,APT,1.0,0.0,0.06818181818181818,0.01636363636363636
2026-04-13,ARB,2.0,-0.06666666666666667,0.06818181818181818,-0.02096969696969697
2026-04-13,ASTER,3.0,0.05,-0.06538461538461537,0.01230769230769231
2026-04-13,ATOM,4.0,0.0,0.06818181818181818,0.01636363636363636
2026-04-13,AVAX,0.0,0.0,0.0,0.0
2026-04-13,BCH,4.0,0.05,0.06818181818181818,0.04436363636363636
2026-04-13,BFUSD,,0.05,-0.06538461538461537,0.01230769230769231
2026-04-13,BNB,4.0,0.05,0.0,0.027999999999999997
2026-04-13,BONK,1.0,0.0,0.06818181818181818,0.01636363636363636
2026-04-13,BTC,2.0,0.05,-0.05,0.015999999999999997
2026-04-13,CAKE,2.0,0.0,0.0,0.0
2026-04-13,CHZ,1.0,-0.06666666666666667,0.0,-0.03733333333333333
2026-04-13,DASH,6.0,-0.05,0.0,-0.027999999999999997
2026-04-13,DEXE,1.0,-0.05,0.05,-0.015999999999999997
2026-04-13,DOGE,1.0,0.05,-0.06538461538461537,0.01230769230769231
2026-04-13,DOT,7.0,0.0,0.0,0.0
2026-04-13,ENA,,-0.06666666666666667,0.05,-0.025333333333333333
2026-04-13,ETC,0.0,0.0,-0.06538461538461537,-0.01569230769230769
2026-04-13,ETH,2.0,0.0,0.0,0.0
2026-04-13,FET,6.0,0.0,0.0,0.0
2026-04-13,FIL,7.0,0.0,0.0,0.0
2026-04-13,HBAR,7.0,0.05,-0.06538461538461537,0.01230769230769231
2026-04-13,ICP,0.0,0.0,0.0,0.0
2026-04-13,JST,2.0,-0.06666666666666667,-0.06538461538461537,-0.05302564102564103
2026-04-13,JUP,7.0,-0.06666666666666667,0.0,-0.03733333333333333
2026-04-13,LINK,2.0,0.0,0.0,0.0
2026-04-13,LTC,5.0,0.05,-0.06538461538461537,0.01230769230769231
2026-04-13,LUNC,3.0,0.0,0.0,0.0
2026-04-13,MORPHO,3.0,-0.06666666666666667,0.0,-0.03733333333333333
2026-04-13,NEAR,0.0,0.0,0.0,0.0
2026-04-13,NEXO,4.0,0.05,-0.06538461538461537,0.01230769230769231
2026-04-13,NIGHT,7.0,-0.06666666666666667,0.0,-0.03733333333333333
2026-04-13,ONDO,1.0,0.0,0.0,0.0
2026-04-13,PENGU,5.0,0.0,0.05,0.012
2026-04-13,PEPE,1.0,0.0,0.06818181818181818,0.01636363636363636
2026-04-13,POL,,0.0,0.0,0.0
2026-04-13,PUMP,4.0,0.0,0.06818181818181818,0.01636363636363636
2026-04-13,QNT,6.0,0.0,-0.06538461538461537,-0.01569230769230769
2026-04-13,RENDER,2.0,-0.06666666666666667,0.06818181818181818,-0.02096969696969697
2026-04-13,RLUSD,,0.05,-0.06538461538461537,0.01230769230769231
2026-04-13,SHIB,1.0,0.05,0.0,0.027999999999999997
2026-04-13,SKY,,0.05,-0.06538461538461537,0.01230769230769231
2026-04-13,SOL,5.0,0.05,0.0,0.027999999999999997
2026-04-13,STX,3.0,0.0,0.0,0.0
2026-04-13,SUI,0.0,0.0,0.0,0.0
2026-04-13,TAO,6.0,-0.06666666666666667,0.0,-0.03733333333333333
2026-04-13,TON,0.0,-0.06666666666666667,0.0,-0.03733333333333333
2026-04-13,TRUMP,5.0,0.0,0.06818181818181818,0.01636363636363636
2026-04-13,TRX,6.0,0.05,-0.06538461538461537,0.01230769230769231
2026-04-13,U,,0.05,-0.06538461538461537,0.01230769230769231
2026-04-13,UNI,5.0,0.0,0.0,0.0
2026-04-13,VET,1.0,-0.06666666666666667,0.0,-0.03733333333333333
2026-04-13,VIRTUAL,5.0,0.0,0.05,0.012
2026-04-13,WLD,0.0,-0.06666666666666667,0.06818181818181818,-0.02096969696969697
2026-04-13,WLFI,,0.0,0.06818181818181818,0.01636363636363636
2026-04-13,XLM,1.0,0.0,-0.05,-0.012
2026-04-13,XRP,5.0,0.0,0.0,0.0
2026-04-13,ZEC,6.0,-0.05,0.05,-0.015999999999999997
2026-04-20,AAVE,,0.0,-0.06538461538461537,-0.004384623073386242
2026-04-20,ADA,7.0,0.0,0.0,0.0
2026-04-20,ALGO,0.0,-0.05,0.06818181818181818,-0.01747484157287648
2026-04-20,APT,2.0,-0.06818181818181818,0.0,-0.018720225060108706
2026-04-20,ARB,8.0,0.0,0.06818181818181818,0.0030432570714441012
2026-04-20,ASTER,1.0,0.05,0.0,0.022401049363446657
2026-04-20,ATOM,8.0,0.0,0.0,0.005838477936512839
2026-04-20,AVAX,7.0,0.0,0.0,0.0
2026-04-20,BCH,1.0,0.0,-0.06538461538461537,0.005735405349902682
2026-04-20,BFUSD,,0.05,-0.06538461538461537,0.01230769230769231
2026-04-20,BNB,6.0,0.05,0.0,0.027999999999999997
2026-04-20,BONK,0.0,0.0,0.0,0.005838477936512839
2026-04-20,BTC,6.0,0.05,-0.06538461538461537,0.013625092457469564
2026-04-20,CAKE,8.0,0.05,0.0,0.018009715530855803
2026-04-20,CHZ,0.0,-0.06818181818181818,0.0,-0.03787908228881381
2026-04-20,DASH,3.0,-0.05,0.05,-0.02028155048677608
2026-04-20,DEXE,0.0,-0.05,0.0,-0.023718449513223914
2026-04-20,DOGE,0.0,0.0,0.0,0.004391333832590855
2026-04-20,DOT,4.0,0.05,0.0,0.018009715530855803
2026-04-20,ENA,,-0.06818181818181818,0.05,-0.02587908228881381
2026-04-20,ETC,0.0,0.0,-0.06538461538461537,-0.01569230769230769
2026-04-20,ETH,8.0,0.05,0.0,0.018009715530855803
2026-04-20,FET,3.0,0.0,0.0,0.0
2026-04-20,FIL,4.0,0.05,0.0,0.018009715530855803
2026-04-20,HBAR,5.0,0.0,-0.06538461538461537,-0.005702023223163493
2026-04-20,ICP,7.0,0.05,0.06818181818181818,0.028534873957979327
2026-04-20,JST,6.0,-0.06818181818181818,-0.05,-0.05119648243859107
2026-04-20,JUP,4.0,-0.06818181818181818,0.0,-0.03787908228881381
2026-04-20,LINK,8.0,0.0,0.0,0.0
2026-04-20,LTC,5.0,0.05,-0.06538461538461537,0.01230769230769231
2026-04-20,LUNC,2.0,-0.05,0.0,-0.018009715530855803
2026-04-20,MORPHO,7.0,0.0,0.0,-0.013320379292192257
2026-04-20,NEAR,7.0,0.0,0.0,0.0
2026-04-20,NEXO,8.0,0.0,-0.06538461538461537,-0.005702023223163493
2026-04-20,NIGHT,4.0,0.0,0.06818181818181818,-0.00279522086506874
2026-04-20,ONDO,0.0,0.0,0.0,0.0
2026-04-20,PENGU,5.0,-0.06818181818181818,0.05,-0.01255870299662155
2026-04-20,PEPE,0.0,0.0,0.06818181818181818,0.01636363636363636
2026-04-20,POL,,0.0,0.0,0.0
2026-04-20,PUMP,8.0,0.0,0.0,0.005838477936512839
2026-04-20,QNT,5.0,0.0,-0.06538461538461537,-0.01569230769230769
2026-04-20,RENDER,7.0,-0.06818181818181818,0.05,-0.024322154839077056
2026-04-20,RLUSD,,0.05,-0.06538461538461537,0.01230769230769231
2026-04-20,SHIB,0.0,0.0,0.0,0.009990284469144194
2026-04-20,SKY,,-0.06818181818181818,-0.05,-0.027885818677254613
2026-04-20,SOL,5.0,0.05,0.0,0.027999999999999997
2026-04-20,STX,1.0,0.0,0.0,0.0
2026-04-20,SUI,8.0,0.05,0.06818181818181818,0.028534873957979327
2026-04-20,TAO,3.0,0.0,0.06818181818181818,-0.00279522086506874
2026-04-20,TON,1.0,-0.06818181818181818,0.0,-0.03787908228881381
2026-04-20,TRUMP,7.0,0.05,0.06818181818181818,0.03437335189449217
2026-04-20,TRX,5.0,0.05,-0.06538461538461537,0.01230769230769231
2026-04-20,U,,0.05,-0.06538461538461537,0.01230769230769231
2026-04-20,UNI,7.0,0.0,0.0,0.0
2026-04-20,VET,0.0,-0.06818181818181818,0.0,-0.03787908228881381
2026-04-20,VIRTUAL,7.0,0.0,0.06818181818181818,0.014806708913899605
2026-04-20,WLD,1.0,-0.06818181818181818,0.05,-0.024322154839077056
2026-04-20,WLFI,,0.0,0.06818181818181818,0.01636363636363636
2026-04-20,XLM,0.0,0.0,-0.05,-0.012
2026-04-20,XRP,5.0,0.0,-0.06538461538461537,-0.010093357055754352
2026-04-20,ZEC,3.0,-0.05,0.06818181818181818,-0.013193291086100394
2026-04-27,AAVE,,0.0,-0.06538461538461537,-0.014387616539546535
2026-04-27,ADA,3.0,0.0,0.0,0.0
2026-04-27,ALGO,1.0,-0.06818181818181818,0.06818181818181818,-0.02131704318702482
2026-04-27,APT,2.0,0.0,0.0,-0.0021599569528806956
2026-04-27,ARB,3.0,-0.06818181818181818,0.06818181818181818,-0.018949645910315217
2026-04-27,ASTER,5.0,0.05,0.0,0.02735398787581729
2026-04-27,ATOM,6.0,-0.06818181818181818,0.0,-0.033102715534101185
2026-04-27,AVAX,3.0,0.0,0.0,0.0
2026-04-27,BCH,7.0,0.0,-0.06538461538461537,-0.013219958261612014
2026-04-27,BFUSD,,0.05,-0.06538461538461537,0.01230769230769231
2026-04-27,BNB,3.0,0.0,0.0,0.003230666003558629
2026-04-27,BONK,8.0,0.0,0.0,0.0006736490065006847
2026-04-27,BTC,3.0,0.0,-0.06538461538461537,-0.012309638836000187
2026-04-27,CAKE,6.0,0.05,0.0,0.026847311699987712
2026-04-27,CHZ,7.0,-0.05,0.0,-0.02913985768917246
2026-04-27,DASH,0.0,-0.05,0.05,-0.01649400927143383
2026-04-27,DEXE,7.0,-0.05,0.0,-0.02750599072856616
2026-04-27,DOGE,1.0,0.0,0.0,0.0005066761758295746
2026-04-27,DOT,4.0,0.05,0.0,0.026847311699987712
2026-04-27,ENA,,-0.06818181818181818,0.05,-0.02614688823333296
2026-04-27,ETC,1.0,0.0,-0.06538461538461537,-0.01569230769230769
2026-04-27,ETH,6.0,0.05,0.0,0.026847311699987712
2026-04-27,FET,0.0,0.05,0.0,0.024769333996441368
2026-04-27,FIL,4.0,0.0,0.0,0.0020779777035463444
2026-04-27,HBAR,8.0,0.0,-0.06538461538461537,-0.014539619392295406
2026-04-27,ICP,3.0,0.0,0.06818181818181818,0.017767965060682026
2026-04-27,JST,2.0,-0.06818181818181818,-0.05,-0.05029889108608183
2026-04-27,JUP,6.0,0.0,0.0,-0.004370523692731089
2026-04-27,LINK,3.0,0.0,0.0,0.0
2026-04-27,LTC,2.0,0.05,-0.06538461538461537,0.01230769230769231
2026-04-27,LUNC,2.0,-0.05,0.0,-0.026847311699987712
2026-04-27,MORPHO,5.0,0.0,0.0,-0.0015369177333497096
2026-04-27,NEAR,3.0,0.0,0.0,0.0
2026-04-27,NEXO,6.0,0.05,-0.06538461538461537,0.010229714604145965
2026-04-27,NIGHT,5.0,0.0,0.06818181818181818,0.014153069623785968
2026-04-27,ONDO,1.0,0.0,0.0,0.0
2026-04-27,PENGU,8.0,-0.06818181818181818,0.05,-0.02460997049998325
2026-04-27,PEPE,8.0,0.0,0.06818181818181818,0.01636363636363636
2026-04-27,POL,,0.0,0.0,0.0
2026-04-27,PUMP,6.0,0.05,0.0,0.02544298300294205
2026-04-27,QNT,2.0,0.05,-0.06538461538461537,0.009077026304133679
2026-04-27,RENDER,0.0,0.0,0.05,0.007809116042335758
2026-04-27,RLUSD,,0.05,-0.06538461538461537,0.01230769230769231
2026-04-27,SHIB,1.0,0.0,0.0,0.001152688300012283
2026-04-27,SKY,,-0.06818181818181818,-0.05,-0.04760928505271983
2026-04-27,SOL,2.0,0.05,0.0,0.027999999999999997
2026-04-27,STX,8.0,0.0,0.0,0.0
2026-04-27,SUI,6.0,0.05,0.06818181818181818,0.0425372990571234
2026-04-27,TAO,0.0,-0.06818181818181818,0.06818181818181818,-0.019623294916815904
2026-04-27,TON,0.0,-0.06818181818181818,0.0,-0.038146888233332954
2026-04-27,TRUMP,5.0,0.05,0.06818181818181818,0.04321094806362408
2026-04-27,TRX,2.0,0.05,-0.06538461538461537,0.01230769230769231
2026-04-27,U,,0.05,-0.06538461538461537,0.01230769230769231
2026-04-27,UNI,5.0,0.0,0.0,0.0
2026-04-27,VET,1.0,0.0,0.0,-0.004370523692731089
2026-04-27,VIRTUAL,3.0,0.0,0.06818181818181818,0.01618399662856951
2026-04-27,WLD,3.0,-0.06818181818181818,0.05,-0.02596724849826611
2026-04-27,WLFI,,0.0,0.06818181818181818,0.01636363636363636
2026-04-27,XLM,7.0,-0.06818181818181818,-0.05,-0.04577636454060187
2026-04-27,XRP,2.0,0.0,-0.06538461538461537,-0.015046295568124982
2026-04-27,ZEC,0.0,-0.05,0.06818181818181818,-0.011816003371430486
2026-05-04,AAVE,,0.0,-0.06538461538461537,-0.015242605469550443
2026-05-04,ADA,0.0,0.0,0.0,0.0
2026-05-04,ALGO,1.0,-0.06666666666666667,0.06818181818181818,-0.021089420603652854
2026-05-04,APT,1.0,0.0,0.0,-0.0007444960753468352
2026-05-04,ARB,0.0,-0.06666666666666667,0.06818181818181818,-0.02027342379457458
2026-05-04,ASTER,2.0,0.05,0.0,0.027777331909120195
2026-05-04,ATOM,3.0,0.0,0.0,-0.011409876370727049
2026-05-04,AVAX,0.0,0.0,0.0,0.0
2026-05-04,BCH,4.0,0.05,-0.06538461538461537,0.0035087967388127868
2026-05-04,BFUSD,,0.05,-0.06538461538461537,0.01230769230769231
2026-05-04,BNB,3.0,0.05,0.0,0.019462481729225413
2026-05-04,BONK,6.0,0.0,0.0,0.00023219399851102316
2026-05-04,BTC,3.0,0.05,-0.06538461538461537,0.0038225665288894387
2026-05-04,CAKE,3.0,0.05,0.0,0.02760269026921447
2026-05-04,CHZ,4.0,-0.06666666666666667,0.0,-0.03450919813360531
2026-05-04,DASH,6.0,-0.06666666666666667,0.05,-0.02228658646922279
2026-05-04,DEXE,4.0,-0.05,0.0,-0.027829724401091913
2026-05-04,DOGE,1.0,0.05,0.0,0.018523574250849845
2026-05-04,DOT,8.0,0.0,0.0,0.00925375765827035
2026-05-04,ENA,,-0.06666666666666667,0.05,-0.0256137502320688
2026-05-04,ETC,1.0,0.0,-0.06538461538461537,-0.01569230769230769
2026-05-04,ETH,3.0,0.05,0.0,0.02760269026921447
2026-05-04,FET,6.0,0.0,0.0,0.008537518270774584
2026-05-04,FIL,8.0,0.0,0.0,0.0007162393874957625
2026-05-04,HBAR,7.0,0.0,-0.06538461538461537,-0.015294997961522162
2026-05-04,ICP,5.0,-0.06666666666666667,0.06818181818181818,-0.007617561728637725
2026-05-04,JST,9.0,0.0,-0.05,-0.02520089924278169
2026-05-04,JUP,8.0,-0.05,0.0,-0.019855368992516016
2026-05-04,LINK,0.0,0.0,0.0,0.0
2026-05-04,LTC,7.0,0.0,-0.06538461538461537,-0.006041240303251811
2026-05-04,LUNC,2.0,-0.06666666666666667,0.0,-0.03371900113952917
2026-05-04,MORPHO,2.0,0.0,0.0,-0.0005297463077140378
2026-05-04,NEAR,5.0,-0.06666666666666667,0.0,-0.024465243481258826
2026-05-04,NEXO,3.0,0.05,-0.06538461538461537,0.011591452920196546
2026-05-04,NIGHT,2.0,0.0,0.06818181818181818,0.015601696057411301
2026-05-04,ONDO,6.0,-0.06666666666666667,0.0,-0.024465243481258826
2026-05-04,PENGU,1.0,0.0,0.05,-0.0006187604430959309
2026-05-04,PEPE,3.0,0.05,0.06818181818181818,0.034712568974580485
2026-05-04,POL,,0.05,0.0,0.01834893261094412
2026-05-04,PUMP,3.0,0.0,0.0,0.00876971226928561
2026-05-04,QNT,9.0,0.0,-0.06538461538461537,-0.007154789421533105
2026-05-04,RENDER,6.0,0.0,0.05,0.010555482018031043
2026-05-04,RLUSD,,0.05,-0.06538461538461537,0.01230769230769231
2026-05-04,SHIB,1.0,0.05,0.0,0.018746242341729648
2026-05-04,SKY,,0.0,-0.05,-0.024273843204282115
2026-05-04,SOL,7.0,0.0,0.0,0.009651067389055877
2026-05-04,STX,1.0,0.0,0.0,0.0
2026-05-04,SUI,3.0,-0.06666666666666667,0.06818181818181818,0.0009199565421368627
2026-05-04,TAO,6.0,0.0,0.06818181818181818,0.003959625688173228
2026-05-04,TON,6.0,-0.05,0.0,-0.03149743936175409
2026-05-04,TRUMP,2.0,0.0,0.06818181818181818,0.02561739402190671
2026-05-04,TRX,9.0,0.05,-0.06538461538461537,0.01230769230769231
2026-05-04,U,,0.05,-0.06538461538461537,0.01230769230769231
2026-05-04,UNI,2.0,0.0,0.0,0.0
2026-05-04,VET,1.0,0.0,0.0,-0.001506436381571896
2026-05-04,VIRTUAL,0.0,0.0,0.06818181818181818,0.016301717964033423
2026-05-04,WLD,5.0,-0.06666666666666667,0.05,-0.025551831832465857
2026-05-04,WLFI,,-0.06666666666666667,0.06818181818181818,-0.008101607117622464
2026-05-04,XLM,4.0,0.0,-0.05,-0.023642070369238072
2026-05-04,XRP,7.0,0.05,-0.06538461538461537,0.002879293009516233
2026-05-04,ZEC,6.0,-0.05,0.06818181818181818,-0.011698282035966576
2026-05-11,AAVE,,0.0,-0.06538461538461537,-0.015578280995833686
2026-05-11,ADA,,0.0,0.0,0.0
2026-05-11,ALGO,,0.0,0.06818181818181818,0.006867022509588379
2026-05-11,APT,,0.0,0.0,-0.00018877475741427676
2026-05-11,ARB,,-0.06666666666666667,0.06818181818181818,-0.020793149632403668
2026-05-11,ASTER,,0.06538461538461537,0.0,0.034374404023428624
2026-05-11,ATOM,,0.0,0.0,-0.002893093349091814
2026-05-11,AVAX,,0.0,0.0,0.0
2026-05-11,BCH,,0.05,-0.06538461538461537,0.010076640416982235
2026-05-11,BFUSD,,0.06538461538461537,-0.06538461538461537,0.018738556151705152
2026-05-11,BNB,,0.06538461538461537,0.0,0.0322660868977615
2026-05-11,BONK,,-0.06666666666666667,0.0,-0.02780820144341081
2026-05-11,BTC,,0.06538461538461537,-0.06538461538461537,0.016587063869120688
2026-05-11,CAKE,,0.05,0.0,0.027899257967192868
2026-05-11,CHZ,,-0.06666666666666667,0.0,-0.03661724435061383
2026-05-11,DASH,,0.0,0.05,0.003306277819831536
2026-05-11,DEXE,,-0.06666666666666667,0.0,-0.034923594007429906
2026-05-11,DOGE,,0.06538461538461537,0.0,0.03202801709815614
2026-05-11,DOT,,0.0,0.0,0.0023463869252724817
2026-05-11,ENA,,-0.06666666666666667,0.05,-0.025404435967432498
2026-05-11,ETC,,0.0,-0.06538461538461537,-0.01569230769230769
2026-05-11,ETH,,0.06538461538461537,0.0,0.03433012181120571
2026-05-11,FET,,0.0,0.0,0.002164776946251337
2026-05-11,FIL,,-0.06666666666666667,0.0,-0.02768546667836786
2026-05-11,HBAR,,0.0,-0.06538461538461537,-0.01559156565950056
2026-05-11,ICP,,-0.05,0.06818181818181818,-0.010617354429533953
2026-05-11,JST,,0.06538461538461537,-0.05,0.01198394542851574
2026-05-11,JUP,,-0.05,0.0,-0.02593484372372236
2026-05-11,LINK,,0.0,0.0,0.0
2026-05-11,LTC,,0.05,-0.06538461538461537,0.007655128758813674
2026-05-11,LUNC,,-0.05,0.0,-0.029450112483485745
2026-05-11,MORPHO,,0.0,0.0,-0.0001343227104095054
2026-05-11,NEAR,,0.0,0.0,-0.006203418065171513
2026-05-11,NEXO,,0.06538461538461537,-0.06538461538461537,0.018556946172684007
2026-05-11,NIGHT,,0.0,0.06818181818181818,0.016170438439248664
2026-05-11,ONDO,,-0.06666666666666667,0.0,-0.03407049472256052
2026-05-11,PENGU,,-0.06666666666666667,0.05,-0.01906669519185148
2026-05-11,PEPE,,0.0,0.06818181818181818,0.021016199912514997
2026-05-11,POL,,0.0,0.0,0.0046525635488786354
2026-05-11,PUMP,,-0.06666666666666667,0.0,-0.025643424497159468
2026-05-11,QNT,,0.06538461538461537,-0.06538461538461537,0.013803640590998242
2026-05-11,RENDER,,0.0,0.05,0.011633727375258878
2026-05-11,RLUSD,,0.06538461538461537,-0.06538461538461537,0.018738556151705152
2026-05-11,SHIB,,0.0,0.0,0.004753305581685763
2026-05-11,SKY,,0.0,-0.05,-0.015112161165322218
2026-05-11,SOL,,0.0,0.0,0.0024471289580796102
2026-05-11,STX,,0.0,0.0,0.0
2026-05-11,SUI,,-0.06666666666666667,0.06818181818181818,-0.015419346647629867
2026-05-11,TAO,,0.0,0.06818181818181818,0.013218469876178657
2026-05-11,TON,,-0.05,0.0,-0.028886812286792365
2026-05-11,TRUMP,,0.0,0.06818181818181818,0.018710023288908844
2026-05-11,TRX,,0.06538461538461537,-0.06538461538461537,0.018738556151705152
2026-05-11,U,,0.06538461538461537,-0.06538461538461537,0.018738556151705152
2026-05-11,UNI,,0.0,0.0,0.0
2026-05-11,VET,,0.0,0.0,-0.0003819726818019744
2026-05-11,VIRTUAL,,-0.06666666666666667,0.06818181818181818,-0.011519140350813493
2026-05-11,WLD,,0.0,0.05,0.0024783407470173567
2026-05-11,WLFI,,0.0,0.06818181818181818,0.010160218298464849
2026-05-11,XLM,,0.0,-0.05,-0.014951968563070005
2026-05-11,XRP,,0.06538461538461537,-0.06538461538461537,0.016347887014209757
2026-05-11,ZEC,,-0.06666666666666667,0.06818181818181818,-0.01861883285777174
2026-05-18,AAVE,,0.0,-0.05,-0.012882131145836861
2026-05-18,ADA,,0.0,0.0,0.0
2026-05-18,ALGO,,0.0,0.0,0.0016928839411784044
2026-05-18,APT,,0.0,0.06818181818181818,0.012283074382736564
2026-05-18,ARB,,0.0,0.06818181818181818,0.007203607219903544
2026-05-18,ASTER,,0.05,0.0,0.02957144179894237
2026-05-18,ATOM,,0.06666666666666667,-0.06538461538461537,0.015592783336396944
2026-05-18,AVAX,,0.0,0.0,0.0
2026-05-18,BCH,,0.05,0.0,0.023581466702972023
2026-05-18,BFUSD,,0.06666666666666667,-0.06538461538461537,0.020925498062461544
2026-05-18,BNB,,0.06666666666666667,-0.06538461538461537,0.024260355277771387
2026-05-18,BONK,,-0.06666666666666667,0.06818181818181818,-0.02265555053855629
2026-05-18,BTC,,0.06666666666666667,-0.06538461538461537,0.020395104179279873
2026-05-18,CAKE,,0.05,0.0,0.027975164699212397
2026-05-18,CHZ,,0.0,0.0,-0.009027019329673862
2026-05-18,DASH,,-0.06666666666666667,0.0,-0.027314705172312277
2026-05-18,DEXE,,-0.06666666666666667,0.06818181818181818,-0.024409663589735175
2026-05-18,DOGE,,0.0,-0.06538461538461537,-0.003928115658162701
2026-05-18,DOT,,0.0,0.0,0.000578440035697925
2026-05-18,ENA,,-0.06666666666666667,0.06818181818181818,-0.022062965329033412
2026-05-18,ETC,,0.0,0.0,-0.0038685260832107566
2026-05-18,ETH,,0.06666666666666667,0.0,0.036592970453981626
2026-05-18,FET,,0.0,0.0,0.0005336688679009128
2026-05-18,FIL,,-0.06666666666666667,0.0,-0.03495490534594631
2026-05-18,HBAR,,0.0,-0.05,-0.012885406130556106
2026-05-18,ICP,,-0.05,0.05,-0.014673050185204175
2026-05-18,JST,,0.06666666666666667,-0.06538461538461537,0.019260326293149225
2026-05-18,JUP,,-0.05,0.05,-0.01844917464221546
2026-05-18,LINK,,0.0,0.0,0.0
2026-05-18,LTC,,0.0,-0.05,-0.007154544521860902
2026-05-18,LUNC,,-0.06666666666666667,0.0,-0.03538993239605146
2026-05-18,MORPHO,,-0.06666666666666667,0.0,-0.02816289481746375
2026-05-18,NEAR,,-0.05,0.0,-0.022626625516586188
2026-05-18,NEXO,,0.06666666666666667,-0.06538461538461537,0.020880726894664532
2026-05-18,NIGHT,,0.0,0.0,0.0039863966540658585
2026-05-18,ONDO,,-0.06666666666666667,0.05,-0.027487250869886348
2026-05-18,PENGU,,0.0,0.06818181818181818,0.007629219192706323
2026-05-18,PEPE,,0.0,0.06818181818181818,0.017510603641843342
2026-05-18,POL,,0.0,0.0,0.00114696727820698
2026-05-18,PUMP,,0.0,0.06818181818181818,0.006007899412424914
2026-05-18,QNT,,0.0,-0.06538461538461537,-0.008420856767410341
2026-05-18,RENDER,,0.0,0.0,0.0028679897615194894
2026-05-18,RLUSD,,0.06666666666666667,-0.06538461538461537,0.020925498062461544
2026-05-18,SHIB,,0.05,0.0,0.022269138391304795
2026-05-18,SKY,,0.06666666666666667,-0.06538461538461537,0.012580493271323859
2026-05-18,SOL,,0.0,0.0,0.0006032753364855264
2026-05-18,STX,,0.0,0.0,0.0
2026-05-18,SUI,,-0.06666666666666667,0.05,-0.022889300445739096
2026-05-18,TAO,,0.0,0.06818181818181818,0.015588278218018635
2026-05-18,TON,,-0.05,0.05,-0.019176904916625798
2026-05-18,TRUMP,,0.0,0.0,0.004612464560971174
2026-05-18,TRX,,0.06666666666666667,-0.06538461538461537,0.020925498062461544
2026-05-18,U,,0.06666666666666667,-0.06538461538461537,0.020925498062461544
2026-05-18,UNI,,0.0,0.0,0.0
2026-05-18,VET,,0.0,0.0,-9.41653268339398e-05
2026-05-18,VIRTUAL,,-0.06666666666666667,0.06818181818181818,-0.018639910586593342
2026-05-18,WLD,,-0.06666666666666667,0.0,-0.02751881130024711
2026-05-18,WLFI,,0.0,0.06818181818181818,0.014834346659360387
2026-05-18,XLM,,0.0,0.0,-0.003686014926277386
2026-05-18,XRP,,0.06666666666666667,-0.06538461538461537,0.020336141411032804
2026-05-18,ZEC,,-0.06666666666666667,0.0,-0.032719765039648956
2026-05-25,AAVE,,0.0,-0.05,-0.012
2026-05-25,ADA,,0.0,0.0,0.0
2026-05-25,ALGO,,0.0,0.0,0.0
2026-05-25,APT,,0.0,0.06818181818181818,0.01636363636363636
2026-05-25,ARB,,0.0,0.06818181818181818,0.01636363636363636
2026-05-25,ASTER,,0.05,0.0,0.027999999999999997
2026-05-25,ATOM,,0.06538461538461537,-0.06538461538461537,0.02092307692307692
2026-05-25,AVAX,,0.0,0.0,0.0
2026-05-25,BCH,,0.05,0.0,0.027999999999999997
2026-05-25,BFUSD,,0.06538461538461537,-0.06538461538461537,0.02092307692307692
2026-05-25,BNB,,0.06538461538461537,-0.06538461538461537,0.02092307692307692
2026-05-25,BONK,,-0.06818181818181818,0.06818181818181818,-0.02181818181818182
2026-05-25,BTC,,0.06538461538461537,-0.06538461538461537,0.02092307692307692
2026-05-25,CAKE,,0.05,0.0,0.027999999999999997
2026-05-25,CHZ,,0.0,0.0,0.0
2026-05-25,DASH,,-0.06818181818181818,0.0,-0.03818181818181818
2026-05-25,DEXE,,0.0,0.06818181818181818,0.01636363636363636
2026-05-25,DOGE,,0.06538461538461537,-0.06538461538461537,0.02092307692307692
2026-05-25,DOT,,0.0,0.0,0.0
2026-05-25,ENA,,-0.06818181818181818,0.06818181818181818,-0.02181818181818182
2026-05-25,ETC,,0.0,0.0,0.0
2026-05-25,ETH,,0.06538461538461537,0.0,0.036615384615384605
2026-05-25,FET,,0.0,0.0,0.0
2026-05-25,FIL,,-0.06818181818181818,0.0,-0.03818181818181818
2026-05-25,HBAR,,0.0,-0.05,-0.012
2026-05-25,ICP,,-0.06818181818181818,0.05,-0.02618181818181818
2026-05-25,JST,,0.06538461538461537,-0.06538461538461537,0.02092307692307692
2026-05-25,JUP,,-0.05,0.05,-0.015999999999999997
2026-05-25,LINK,,0.0,0.0,0.0
2026-05-25,LTC,,0.0,-0.05,-0.012
2026-05-25,LUNC,,-0.06818181818181818,0.0,-0.03818181818181818
2026-05-25,MORPHO,,-0.06818181818181818,0.0,-0.03818181818181818
2026-05-25,NEAR,,-0.06818181818181818,0.0,-0.03818181818181818
2026-05-25,NEXO,,0.06538461538461537,-0.06538461538461537,0.02092307692307692
2026-05-25,NIGHT,,0.0,0.0,0.0
2026-05-25,ONDO,,-0.05,0.05,-0.015999999999999997
2026-05-25,PENGU,,0.0,0.06818181818181818,0.01636363636363636
2026-05-25,PEPE,,0.0,0.06818181818181818,0.01636363636363636
2026-05-25,POL,,0.0,0.0,0.0
2026-05-25,PUMP,,0.0,0.06818181818181818,0.01636363636363636
2026-05-25,QNT,,0.0,-0.06538461538461537,-0.01569230769230769
2026-05-25,RENDER,,0.0,0.0,0.0
2026-05-25,RLUSD,,0.06538461538461537,-0.06538461538461537,0.02092307692307692
2026-05-25,SHIB,,0.0,0.0,0.0
2026-05-25,SKY,,0.06538461538461537,-0.06538461538461537,0.02092307692307692
2026-05-25,SOL,,0.0,0.0,0.0
2026-05-25,STX,,0.0,0.0,0.0
2026-05-25,SUI,,-0.05,0.05,-0.015999999999999997
2026-05-25,TAO,,0.0,0.06818181818181818,0.01636363636363636
2026-05-25,TON,,-0.05,0.05,-0.015999999999999997
2026-05-25,TRUMP,,0.0,0.0,0.0
2026-05-25,TRX,,0.06538461538461537,-0.06538461538461537,0.02092307692307692
2026-05-25,U,,0.06538461538461537,-0.06538461538461537,0.02092307692307692
2026-05-25,UNI,,0.0,0.0,0.0
2026-05-25,VET,,0.0,0.0,0.0
2026-05-25,VIRTUAL,,-0.06818181818181818,0.06818181818181818,-0.02181818181818182
2026-05-25,WLD,,-0.06818181818181818,0.0,-0.03818181818181818
2026-05-25,WLFI,,0.0,0.06818181818181818,0.01636363636363636
2026-05-25,XLM,,-0.06818181818181818,0.0,-0.03818181818181818
2026-05-25,XRP,,0.06538461538461537,-0.06538461538461537,0.02092307692307692
2026-05-25,ZEC,,-0.05,0.0,-0.027999999999999997
